2026-03-18 09:39:13.268  INFO 1 --- [o-12031-exec-10] order.service.OrderServiceImpl           : [create][Create Order][Ready to Create Order]
2026-03-18 09:39:13.280  INFO 1 --- [o-12031-exec-10] order.service.OrderServiceImpl           : [create][Order Create Success][Order Price][OrderId:0362ce1d-5d4b-457d-99d8-95647dcb60ce , Price: 0.0]
2026-03-18 09:39:13.561  INFO 1 --- [io-12031-exec-1] order.controller.OrderController         : [createNewOrder][Create Order][from shanghai to taiyuan at 1970-01-02 18:17:36]
2026-03-18 09:39:13.561  INFO 1 --- [io-12031-exec-1] order.service.OrderServiceImpl           : [create][Create Order][Ready to Create Order]
2026-03-18 09:39:13.572  INFO 1 --- [io-12031-exec-1] order.service.OrderServiceImpl           : [create][Order Create Success][Order Price][OrderId:43947551-3268-4600-b810-5385700645d7 , Price: 0.0]
2026-03-18 09:39:13.853  INFO 1 --- [io-12031-exec-3] order.controller.OrderController         : [createNewOrder][Create Order][from shanghai to taiyuan at 1970-01-02 18:17:36]
2026-03-18 09:39:13.853  INFO 1 --- [io-12031-exec-3] order.service.OrderServiceImpl           : [create][Create Order][Ready to Create Order]
2026-03-18 09:39:13.865  INFO 1 --- [io-12031-exec-3] order.service.OrderServiceImpl           : [create][Order Create Success][Order Price][OrderId:4f4d7604-b79b-4097-9661-cbb64f6879d8 , Price: 0.0]
2026-03-18 09:39:14.154  INFO 1 --- [io-12031-exec-2] order.controller.OrderController         : [createNewOrder][Create Order][from shanghai to taiyuan at 1970-01-02 18:17:36]
2026-03-18 09:39:14.154  INFO 1 --- [io-12031-exec-2] order.service.OrderServiceImpl           : [create][Create Order][Ready to Create Order]
2026-03-18 09:39:14.167  INFO 1 --- [io-12031-exec-2] order.service.OrderServiceImpl           : [create][Order Create Success][Order Price][OrderId:242c00f2-6666-486f-9b80-bda5bcff271c , Price: 0.0]
2026-03-18 09:39:14.457  INFO 1 --- [io-12031-exec-5] order.controller.OrderController         : [createNewOrder][Create Order][from shanghai to taiyuan at 1970-01-02 18:17:36]
2026-03-18 09:39:14.457  INFO 1 --- [io-12031-exec-5] order.service.OrderServiceImpl           : [create][Create Order][Ready to Create Order]
2026-03-18 09:39:14.469  INFO 1 --- [io-12031-exec-5] order.service.OrderServiceImpl           : [create][Order Create Success][Order Price][OrderId:0d2dea01-850c-4a94-a0bb-d946796a0fb7 , Price: 0.0]
2026-03-18 09:39:14.760  INFO 1 --- [io-12031-exec-4] order.controller.OrderController         : [createNewOrder][Create Order][from shanghai to taiyuan at 1970-01-02 18:17:36]
2026-03-18 09:39:14.760  INFO 1 --- [io-12031-exec-4] order.service.OrderServiceImpl           : [create][Create Order][Ready to Create Order]
2026-03-18 09:39:14.773  INFO 1 --- [io-12031-exec-4] order.service.OrderServiceImpl           : [create][Order Create Success][Order Price][OrderId:81503d34-0603-4d24-906f-9c38634880d2 , Price: 0.0]
2026-03-18 09:39:15.066  INFO 1 --- [io-12031-exec-6] order.controller.OrderController         : [createNewOrder][Create Order][from shanghai to taiyuan at 1970-01-02 18:17:36]
2026-03-18 09:39:15.066  INFO 1 --- [io-12031-exec-6] order.service.OrderServiceImpl           : [create][Create Order][Ready to Create Order]
2026-03-18 09:39:15.078  INFO 1 --- [io-12031-exec-6] order.service.OrderServiceImpl           : [create][Order Create Success][Order Price][OrderId:33d0602e-9b02-4ffa-bf48-88ef3c2bd856 , Price: 0.0]
2026-03-18 09:39:15.369  INFO 1 --- [io-12031-exec-7] order.controller.OrderController         : [createNewOrder][Create Order][from shanghai to taiyuan at 1970-01-02 18:17:36]
2026-03-18 09:39:15.369  INFO 1 --- [io-12031-exec-7] order.service.OrderServiceImpl           : [create][Create Order][Ready to Create Order]
2026-03-18 09:39:15.381  INFO 1 --- [io-12031-exec-7] order.service.OrderServiceImpl           : [create][Order Create Success][Order Price][OrderId:25ec8098-f221-4347-8aa3-1a5abe18398a , Price: 0.0]
2026-03-18 09:39:15.748  INFO 1 --- [io-12031-exec-8] order.controller.OrderController         : [createNewOrder][Create Order][from shanghai to taiyuan at 1970-01-02 18:17:36]
2026-03-18 09:39:15.749  INFO 1 --- [io-12031-exec-8] order.service.OrderServiceImpl           : [create][Create Order][Ready to Create Order]
2026-03-18 09:39:15.760  INFO 1 --- [io-12031-exec-8] order.service.OrderServiceImpl           : [create][Order Create Success][Order Price][OrderId:d5ecd434-2aa6-4ba3-bf28-f22f7e5de998 , Price: 0.0]
2026-03-18 09:39:16.054  INFO 1 --- [io-12031-exec-9] order.controller.OrderController         : [createNewOrder][Create Order][from shanghai to taiyuan at 1970-01-02 18:17:36]
2026-03-18 09:39:16.054  INFO 1 --- [io-12031-exec-9] order.service.OrderServiceImpl           : [create][Create Order][Ready to Create Order]
2026-03-18 09:39:16.065  INFO 1 --- [io-12031-exec-9] order.service.OrderServiceImpl           : [create][Order Create Success][Order Price][OrderId:eb211527-30c5-483b-9ad3-7e1b397b5379 , Price: 0.0]
2026-03-18 09:39:16.345  INFO 1 --- [o-12031-exec-10] order.controller.OrderController         : [createNewOrder][Create Order][from shanghai to taiyuan at 1970-01-02 18:17:36]
2026-03-18 09:39:16.345  INFO 1 --- [o-12031-exec-10] order.service.OrderServiceImpl           : [create][Create Order][Ready to Create Order]
2026-03-18 09:39:16.356  INFO 1 --- [o-12031-exec-10] order.service.OrderServiceImpl           : [create][Order Create Success][Order Price][OrderId:5a751e62-5bba-4f0c-a4e1-71eaba7c5456 , Price: 0.0]
2026-03-18 09:39:16.643  INFO 1 --- [io-12031-exec-1] order.controller.OrderController         : [createNewOrder][Create Order][from shanghai to taiyuan at 1970-01-02 18:17:36]
2026-03-18 09:39:16.643  INFO 1 --- [io-12031-exec-1] order.service.OrderServiceImpl           : [create][Create Order][Ready to Create Order]
2026-03-18 09:39:16.655  INFO 1 --- [io-12031-exec-1] order.service.OrderServiceImpl           : [create][Order Create Success][Order Price][OrderId:e51b67b7-63ed-494c-8086-c2ff3666b80d , Price: 0.0]
2026-03-18 09:39:17.042  INFO 1 --- [io-12031-exec-3] order.controller.OrderController         : [createNewOrder][Create Order][from shanghai to taiyuan at 1970-01-02 18:17:36]
2026-03-18 09:39:17.042  INFO 1 --- [io-12031-exec-3] order.service.OrderServiceImpl           : [create][Create Order][Ready to Create Order]
2026-03-18 09:39:17.052  INFO 1 --- [io-12031-exec-3] order.service.OrderServiceImpl           : [create][Order Create Success][Order Price][OrderId:0f986c5d-6a19-426c-988b-cc4a3a746dbc , Price: 0.0]
2026-03-18 09:39:17.344  INFO 1 --- [io-12031-exec-2] order.controller.OrderController         : [createNewOrder][Create Order][from shanghai to taiyuan at 1970-01-02 18:17:36]
2026-03-18 09:39:17.344  INFO 1 --- [io-12031-exec-2] order.service.OrderServiceImpl           : [create][Create Order][Ready to Create Order]
2026-03-18 09:39:17.356  INFO 1 --- [io-12031-exec-2] order.service.OrderServiceImpl           : [create][Order Create Success][Order Price][OrderId:faa05d61-49ac-4307-bd8e-7d025ac80d47 , Price: 0.0]
2026-03-18 09:39:17.660  INFO 1 --- [io-12031-exec-5] order.controller.OrderController         : [createNewOrder][Create Order][from shanghai to taiyuan at 1970-01-02 18:17:36]
2026-03-18 09:39:17.661  INFO 1 --- [io-12031-exec-5] order.service.OrderServiceImpl           : [create][Create Order][Ready to Create Order]
2026-03-18 09:39:17.671  INFO 1 --- [io-12031-exec-5] order.service.OrderServiceImpl           : [create][Order Create Success][Order Price][OrderId:cde4d9a0-df13-4b40-b5f0-172cef7cac07 , Price: 0.0]
2026-03-18 09:39:17.951  INFO 1 --- [io-12031-exec-4] order.controller.OrderController         : [createNewOrder][Create Order][from shanghai to taiyuan at 1970-01-02 18:17:36]
2026-03-18 09:39:17.951  INFO 1 --- [io-12031-exec-4] order.service.OrderServiceImpl           : [create][Create Order][Ready to Create Order]
2026-03-18 09:39:17.977  INFO 1 --- [io-12031-exec-4] order.service.OrderServiceImpl           : [create][Order Create Success][Order Price][OrderId:f95e1514-123a-4335-b49b-c2eb52ceb610 , Price: 0.0]
2026-03-18 09:39:18.264  INFO 1 --- [io-12031-exec-6] order.controller.OrderController         : [createNewOrder][Create Order][from shanghai to taiyuan at 1970-01-02 18:17:36]
2026-03-18 09:39:18.264  INFO 1 --- [io-12031-exec-6] order.service.OrderServiceImpl           : [create][Create Order][Ready to Create Order]
2026-03-18 09:39:18.276  INFO 1 --- [io-12031-exec-6] order.service.OrderServiceImpl           : [create][Order Create Success][Order Price][OrderId:c884b83f-b835-4caa-8252-7c0b228b9724 , Price: 0.0]
2026-03-18 09:39:18.563  INFO 1 --- [io-12031-exec-7] order.controller.OrderController         : [createNewOrder][Create Order][from shanghai to taiyuan at 1970-01-02 18:17:36]
2026-03-18 09:39:18.563  INFO 1 --- [io-12031-exec-7] order.service.OrderServiceImpl           : [create][Create Order][Ready to Create Order]
2026-03-18 09:39:18.576  INFO 1 --- [io-12031-exec-7] order.service.OrderServiceImpl           : [create][Order Create Success][Order Price][OrderId:ac15bba2-6f20-4cb0-9f58-b9fd4405a7ac , Price: 0.0]
2026-03-18 09:39:18.868  INFO 1 --- [io-12031-exec-8] order.controller.OrderController         : [createNewOrder][Create Order][from shanghai to taiyuan at 1970-01-02 18:17:36]
2026-03-18 09:39:18.868  INFO 1 --- [io-12031-exec-8] order.service.OrderServiceImpl           : [create][Create Order][Ready to Create Order]
2026-03-18 09:39:18.880  INFO 1 --- [io-12031-exec-8] order.service.OrderServiceImpl           : [create][Order Create Success][Order Price][OrderId:1def5d7e-0110-42e5-917d-47fde1ffa46b , Price: 0.0]
2026-03-18 09:39:19.237  INFO 1 --- [io-12031-exec-9] order.controller.OrderController         : [createNewOrder][Create Order][from shanghai to taiyuan at 1970-01-02 18:17:36]
2026-03-18 09:39:19.237  INFO 1 --- [io-12031-exec-9] order.service.OrderServiceImpl           : [create][Create Order][Ready to Create Order]
2026-03-18 09:39:19.248  INFO 1 --- [io-12031-exec-9] order.service.OrderServiceImpl           : [create][Order Create Success][Order Price][OrderId:e85d16dd-7bdd-4a23-9166-9e712abfd114 , Price: 0.0]
2026-03-18 09:39:19.539  INFO 1 --- [o-12031-exec-10] order.controller.OrderController         : [createNewOrder][Create Order][from shanghai to taiyuan at 1970-01-02 18:17:36]
2026-03-18 09:39:19.539  INFO 1 --- [o-12031-exec-10] order.service.OrderServiceImpl           : [create][Create Order][Ready to Create Order]
2026-03-18 09:39:19.550  INFO 1 --- [o-12031-exec-10] order.service.OrderServiceImpl           : [create][Order Create Success][Order Price][OrderId:581f3062-53c8-43ed-ba05-f37c2fafa45c , Price: 0.0]
2026-03-18 09:39:19.784  INFO 1 --- [io-12031-exec-1] order.controller.OrderController         : [createNewOrder][Create Order][from shanghai to taiyuan at 1970-01-02 18:17:36]
2026-03-18 09:39:19.784  INFO 1 --- [io-12031-exec-1] order.service.OrderServiceImpl           : [create][Create Order][Ready to Create Order]
2026-03-18 09:39:19.795  INFO 1 --- [io-12031-exec-1] order.service.OrderServiceImpl           : [create][Order Create Success][Order Price][OrderId:5ca7dedc-2698-4ccc-990d-6b811c291f8d , Price: 0.0]
2026-03-18 09:39:20.066  INFO 1 --- [io-12031-exec-3] order.controller.OrderController         : [createNewOrder][Create Order][from shanghai to taiyuan at 1970-01-02 18:17:36]
2026-03-18 09:39:20.066  INFO 1 --- [io-12031-exec-3] order.service.OrderServiceImpl           : [create][Create Order][Ready to Create Order]
2026-03-18 09:39:20.078  INFO 1 --- [io-12031-exec-3] order.service.OrderServiceImpl           : [create][Order Create Success][Order Price][OrderId:d66282b8-ded5-48f2-bda5-7b6dedf2c650 , Price: 0.0]
2026-03-18 09:39:20.364  INFO 1 --- [io-12031-exec-2] order.controller.OrderController         : [createNewOrder][Create Order][from shanghai to taiyuan at 1970-01-02 18:17:36]
2026-03-18 09:39:20.364  INFO 1 --- [io-12031-exec-2] order.service.OrderServiceImpl           : [create][Create Order][Ready to Create Order]
2026-03-18 09:39:20.375  INFO 1 --- [io-12031-exec-2] order.service.OrderServiceImpl           : [create][Order Create Success][Order Price][OrderId:e8c066ad-7309-4333-9d67-7529d828ab78 , Price: 0.0]
2026-03-18 09:39:20.656  INFO 1 --- [io-12031-exec-5] order.controller.OrderController         : [createNewOrder][Create Order][from shanghai to taiyuan at 1970-01-02 18:17:36]
2026-03-18 09:39:20.656  INFO 1 --- [io-12031-exec-5] order.service.OrderServiceImpl           : [create][Create Order][Ready to Create Order]
2026-03-18 09:39:20.667  INFO 1 --- [io-12031-exec-5] order.service.OrderServiceImpl           : [create][Order Create Success][Order Price][OrderId:b111bbe2-cbbf-4052-b4e4-07b3bcc7ed6d , Price: 0.0]
2026-03-18 09:39:20.947  INFO 1 --- [io-12031-exec-4] order.controller.OrderController         : [createNewOrder][Create Order][from shanghai to taiyuan at 1970-01-02 18:17:36]
2026-03-18 09:39:20.947  INFO 1 --- [io-12031-exec-4] order.service.OrderServiceImpl           : [create][Create Order][Ready to Create Order]
2026-03-18 09:39:20.958  INFO 1 --- [io-12031-exec-4] order.service.OrderServiceImpl           : [create][Order Create Success][Order Price][OrderId:ecaf158f-f333-4507-969c-7c4f5bacbb3a , Price: 0.0]
2026-03-18 09:39:21.248  INFO 1 --- [io-12031-exec-7] order.controller.OrderController         : [createNewOrder][Create Order][from shanghai to taiyuan at 1970-01-02 18:17:36]
2026-03-18 09:39:21.248  INFO 1 --- [io-12031-exec-7] order.service.OrderServiceImpl           : [create][Create Order][Ready to Create Order]
2026-03-18 09:39:21.265  INFO 1 --- [io-12031-exec-7] order.service.OrderServiceImpl           : [create][Order Create Success][Order Price][OrderId:4fc0f7d6-b4d2-4cf5-9f28-1e955cc2e141 , Price: 0.0]
2026-03-18 09:39:21.559  INFO 1 --- [io-12031-exec-8] order.controller.OrderController         : [createNewOrder][Create Order][from shanghai to taiyuan at 1970-01-02 18:17:36]
2026-03-18 09:39:21.559  INFO 1 --- [io-12031-exec-8] order.service.OrderServiceImpl           : [create][Create Order][Ready to Create Order]
2026-03-18 09:39:21.570  INFO 1 --- [io-12031-exec-8] order.service.OrderServiceImpl           : [create][Order Create Success][Order Price][OrderId:a9f9db19-6747-45a1-93a0-7ebb69c4d674 , Price: 0.0]
2026-03-18 09:39:21.859  INFO 1 --- [io-12031-exec-9] order.controller.OrderController         : [createNewOrder][Create Order][from shanghai to taiyuan at 1970-01-02 18:17:36]
2026-03-18 09:39:21.859  INFO 1 --- [io-12031-exec-9] order.service.OrderServiceImpl           : [create][Create Order][Ready to Create Order]
2026-03-18 09:39:21.870  INFO 1 --- [io-12031-exec-9] order.service.OrderServiceImpl           : [create][Order Create Success][Order Price][OrderId:4285d327-35d4-48f9-a76e-af88f052f640 , Price: 0.0]
2026-03-18 09:39:22.159  INFO 1 --- [o-12031-exec-10] order.controller.OrderController         : [createNewOrder][Create Order][from shanghai to taiyuan at 1970-01-02 18:17:36]
2026-03-18 09:39:22.159  INFO 1 --- [o-12031-exec-10] order.service.OrderServiceImpl           : [create][Create Order][Ready to Create Order]
2026-03-18 09:39:22.171  INFO 1 --- [o-12031-exec-10] order.service.OrderServiceImpl           : [create][Order Create Success][Order Price][OrderId:ac3e204d-9d13-4722-8fc1-25ef84615117 , Price: 0.0]
2026-03-18 09:39:22.457  INFO 1 --- [io-12031-exec-1] order.controller.OrderController         : [createNewOrder][Create Order][from shanghai to taiyuan at 1970-01-02 18:17:36]
2026-03-18 09:39:22.457  INFO 1 --- [io-12031-exec-1] order.service.OrderServiceImpl           : [create][Create Order][Ready to Create Order]
2026-03-18 09:39:22.470  INFO 1 --- [io-12031-exec-1] order.service.OrderServiceImpl           : [create][Order Create Success][Order Price][OrderId:59f47dda-a589-4ced-bb44-c9eb05133c08 , Price: 0.0]
2026-03-18 09:39:22.757  INFO 1 --- [io-12031-exec-3] order.controller.OrderController         : [createNewOrder][Create Order][from shanghai to taiyuan at 1970-01-02 18:17:36]
2026-03-18 09:39:22.757  INFO 1 --- [io-12031-exec-3] order.service.OrderServiceImpl           : [create][Create Order][Ready to Create Order]
2026-03-18 09:39:22.769  INFO 1 --- [io-12031-exec-3] order.service.OrderServiceImpl           : [create][Order Create Success][Order Price][OrderId:668d9956-0b92-45ea-80e7-a44ad6c85343 , Price: 0.0]
2026-03-18 09:39:23.053  INFO 1 --- [io-12031-exec-2] order.controller.OrderController         : [createNewOrder][Create Order][from shanghai to taiyuan at 1970-01-02 18:17:36]
2026-03-18 09:39:23.053  INFO 1 --- [io-12031-exec-2] order.service.OrderServiceImpl           : [create][Create Order][Ready to Create Order]
2026-03-18 09:39:23.065  INFO 1 --- [io-12031-exec-2] order.service.OrderServiceImpl           : [create][Order Create Success][Order Price][OrderId:e800cadc-885b-46c2-867a-c3acf6e519cc , Price: 0.0]
2026-03-18 09:39:23.357  INFO 1 --- [io-12031-exec-5] order.controller.OrderController         : [createNewOrder][Create Order][from shanghai to taiyuan at 1970-01-02 18:17:36]
2026-03-18 09:39:23.357  INFO 1 --- [io-12031-exec-5] order.service.OrderServiceImpl           : [create][Create Order][Ready to Create Order]
2026-03-18 09:39:23.368  INFO 1 --- [io-12031-exec-5] order.service.OrderServiceImpl           : [create][Order Create Success][Order Price][OrderId:70d10695-c264-4e9b-afc5-20551abfea6a , Price: 0.0]
2026-03-18 09:39:23.659  INFO 1 --- [io-12031-exec-4] order.controller.OrderController         : [createNewOrder][Create Order][from shanghai to taiyuan at 1970-01-02 18:17:36]
2026-03-18 09:39:23.659  INFO 1 --- [io-12031-exec-4] order.service.OrderServiceImpl           : [create][Create Order][Ready to Create Order]
2026-03-18 09:39:23.669  INFO 1 --- [io-12031-exec-4] order.service.OrderServiceImpl           : [create][Order Create Success][Order Price][OrderId:cc000ad9-4950-42a1-93f6-e840982a12f4 , Price: 0.0]
2026-03-18 09:39:23.959  INFO 1 --- [io-12031-exec-6] order.controller.OrderController         : [createNewOrder][Create Order][from shanghai to taiyuan at 1970-01-02 18:17:36]
2026-03-18 09:39:23.959  INFO 1 --- [io-12031-exec-6] order.service.OrderServiceImpl           : [create][Create Order][Ready to Create Order]
2026-03-18 09:39:23.971  INFO 1 --- [io-12031-exec-6] order.service.OrderServiceImpl           : [create][Order Create Success][Order Price][OrderId:2f84778b-61d5-4794-be9e-6461f23dce7b , Price: 0.0]
2026-03-18 09:39:24.258  INFO 1 --- [io-12031-exec-7] order.controller.OrderController         : [createNewOrder][Create Order][from shanghai to taiyuan at 1970-01-02 18:17:36]
2026-03-18 09:39:24.258  INFO 1 --- [io-12031-exec-7] order.service.OrderServiceImpl           : [create][Create Order][Ready to Create Order]
2026-03-18 09:39:24.270  INFO 1 --- [io-12031-exec-7] order.service.OrderServiceImpl           : [create][Order Create Success][Order Price][OrderId:5f40e2db-e0ef-4d3d-9ac9-debe15c6145f , Price: 0.0]
2026-03-18 09:39:24.556  INFO 1 --- [io-12031-exec-8] order.controller.OrderController         : [createNewOrder][Create Order][from shanghai to taiyuan at 1970-01-02 18:17:36]
2026-03-18 09:39:24.556  INFO 1 --- [io-12031-exec-8] order.service.OrderServiceImpl           : [create][Create Order][Ready to Create Order]
2026-03-18 09:39:24.566  INFO 1 --- [io-12031-exec-8] order.service.OrderServiceImpl           : [create][Order Create Success][Order Price][OrderId:483463f1-1ee9-482d-aa74-416ec3e834dd , Price: 0.0]
2026-03-18 09:39:24.846  INFO 1 --- [io-12031-exec-9] order.controller.OrderController         : [createNewOrder][Create Order][from shanghai to taiyuan at 1970-01-02 18:17:36]
2026-03-18 09:39:24.846  INFO 1 --- [io-12031-exec-9] order.service.OrderServiceImpl           : [create][Create Order][Ready to Create Order]
2026-03-18 09:39:24.873  INFO 1 --- [io-12031-exec-9] order.service.OrderServiceImpl           : [create][Order Create Success][Order Price][OrderId:7bcb5d34-c4a9-4016-b776-e5aed1d2124d , Price: 0.0]
2026-03-18 09:39:25.243  INFO 1 --- [o-12031-exec-10] order.controller.OrderController         : [createNewOrder][Create Order][from shanghai to taiyuan at 1970-01-02 18:17:36]
2026-03-18 09:39:25.243  INFO 1 --- [o-12031-exec-10] order.service.OrderServiceImpl           : [create][Create Order][Ready to Create Order]
2026-03-18 09:39:25.256  INFO 1 --- [o-12031-exec-10] order.service.OrderServiceImpl           : [create][Order Create Success][Order Price][OrderId:1031b3ad-5a56-4a8a-a915-ede04db71eed , Price: 0.0]
2026-03-18 09:39:25.545  INFO 1 --- [io-12031-exec-1] order.controller.OrderController         : [createNewOrder][Create Order][from shanghai to taiyuan at 1970-01-02 18:17:36]
2026-03-18 09:39:25.545  INFO 1 --- [io-12031-exec-1] order.service.OrderServiceImpl           : [create][Create Order][Ready to Create Order]
2026-03-18 09:39:25.559  INFO 1 --- [io-12031-exec-1] order.service.OrderServiceImpl           : [create][Order Create Success][Order Price][OrderId:d17e3f0b-d29c-4a36-a595-689bb0aadf6e , Price: 0.0]
2026-03-18 09:39:25.846  INFO 1 --- [io-12031-exec-3] order.controller.OrderController         : [createNewOrder][Create Order][from shanghai to taiyuan at 1970-01-02 18:17:36]
2026-03-18 09:39:25.846  INFO 1 --- [io-12031-exec-3] order.service.OrderServiceImpl           : [create][Create Order][Ready to Create Order]
2026-03-18 09:39:25.855  INFO 1 --- [io-12031-exec-3] order.service.OrderServiceImpl           : [create][Order Create Success][Order Price][OrderId:d0c265ab-f724-4b63-9eb1-5abe5295f34b , Price: 0.0]
2026-03-18 09:39:26.139  INFO 1 --- [io-12031-exec-2] order.controller.OrderController         : [createNewOrder][Create Order][from shanghai to taiyuan at 1970-01-02 18:17:36]
2026-03-18 09:39:26.139  INFO 1 --- [io-12031-exec-2] order.service.OrderServiceImpl           : [create][Create Order][Ready to Create Order]
2026-03-18 09:39:26.150  INFO 1 --- [io-12031-exec-2] order.service.OrderServiceImpl           : [create][Order Create Success][Order Price][OrderId:6bab2898-f3a5-46d0-8c7b-c01d9eb1882f , Price: 0.0]
2026-03-18 09:39:26.438  INFO 1 --- [io-12031-exec-5] order.controller.OrderController         : [createNewOrder][Create Order][from shanghai to taiyuan at 1970-01-02 18:17:36]
2026-03-18 09:39:26.438  INFO 1 --- [io-12031-exec-5] order.service.OrderServiceImpl           : [create][Create Order][Ready to Create Order]
2026-03-18 09:39:26.450  INFO 1 --- [io-12031-exec-5] order.service.OrderServiceImpl           : [create][Order Create Success][Order Price][OrderId:559ff847-45b5-4a0e-8708-3647cd338851 , Price: 0.0]
2026-03-18 09:39:26.837  INFO 1 --- [io-12031-exec-4] order.controller.OrderController         : [createNewOrder][Create Order][from shanghai to taiyuan at 1970-01-02 18:17:36]
2026-03-18 09:39:26.837  INFO 1 --- [io-12031-exec-4] order.service.OrderServiceImpl           : [create][Create Order][Ready to Create Order]
2026-03-18 09:39:26.851  INFO 1 --- [io-12031-exec-4] order.service.OrderServiceImpl           : [create][Order Create Success][Order Price][OrderId:9ddecc9d-c49c-442d-9731-162a9faff5a4 , Price: 0.0]
2026-03-18 09:39:27.146  INFO 1 --- [io-12031-exec-6] order.controller.OrderController         : [createNewOrder][Create Order][from shanghai to taiyuan at 1970-01-02 18:17:36]
2026-03-18 09:39:27.147  INFO 1 --- [io-12031-exec-6] order.service.OrderServiceImpl           : [create][Create Order][Ready to Create Order]
2026-03-18 09:39:27.159  INFO 1 --- [io-12031-exec-6] order.service.OrderServiceImpl           : [create][Order Create Success][Order Price][OrderId:e566f1f5-6b90-4ac9-82b9-4f3515a4e368 , Price: 0.0]
2026-03-18 09:39:27.444  INFO 1 --- [io-12031-exec-7] order.controller.OrderController         : [createNewOrder][Create Order][from shanghai to taiyuan at 1970-01-02 18:17:36]
2026-03-18 09:39:27.444  INFO 1 --- [io-12031-exec-7] order.service.OrderServiceImpl           : [create][Create Order][Ready to Create Order]
2026-03-18 09:39:27.455  INFO 1 --- [io-12031-exec-7] order.service.OrderServiceImpl           : [create][Order Create Success][Order Price][OrderId:bf88ef40-121f-47c6-91d4-0de4a29ae3c1 , Price: 0.0]
2026-03-18 09:39:27.740  INFO 1 --- [io-12031-exec-8] order.controller.OrderController         : [createNewOrder][Create Order][from shanghai to taiyuan at 1970-01-02 18:17:36]
2026-03-18 09:39:27.740  INFO 1 --- [io-12031-exec-8] order.service.OrderServiceImpl           : [create][Create Order][Ready to Create Order]
2026-03-18 09:39:27.751  INFO 1 --- [io-12031-exec-8] order.service.OrderServiceImpl           : [create][Order Create Success][Order Price][OrderId:3b809815-5e1a-4cc9-92f3-524158d4eeed , Price: 0.0]
2026-03-18 09:39:28.058  INFO 1 --- [io-12031-exec-9] order.controller.OrderController         : [createNewOrder][Create Order][from shanghai to taiyuan at 1970-01-02 18:17:36]
2026-03-18 09:39:28.058  INFO 1 --- [io-12031-exec-9] order.service.OrderServiceImpl           : [create][Create Order][Ready to Create Order]
2026-03-18 09:39:28.071  INFO 1 --- [io-12031-exec-9] order.service.OrderServiceImpl           : [create][Order Create Success][Order Price][OrderId:7df5e90b-8506-43fd-873e-39bbb93c8dc6 , Price: 0.0]
2026-03-18 09:39:28.356  INFO 1 --- [o-12031-exec-10] order.controller.OrderController         : [createNewOrder][Create Order][from shanghai to taiyuan at 1970-01-02 18:17:36]
2026-03-18 09:39:28.356  INFO 1 --- [o-12031-exec-10] order.service.OrderServiceImpl           : [create][Create Order][Ready to Create Order]
2026-03-18 09:39:28.367  INFO 1 --- [o-12031-exec-10] order.service.OrderServiceImpl           : [create][Order Create Success][Order Price][OrderId:21cddaba-271c-4f72-8d65-1c6ae125ca92 , Price: 0.0]
2026-03-18 09:39:28.780  INFO 1 --- [io-12031-exec-1] order.controller.OrderController         : [createNewOrder][Create Order][from shanghai to taiyuan at 1970-01-02 18:17:36]
2026-03-18 09:39:28.781  INFO 1 --- [io-12031-exec-1] order.service.OrderServiceImpl           : [create][Create Order][Ready to Create Order]
2026-03-18 09:39:28.866  INFO 1 --- [io-12031-exec-1] order.service.OrderServiceImpl           : [create][Order Create Success][Order Price][OrderId:de4d6598-c773-4090-b0fa-7bbdc25f8103 , Price: 0.0]
2026-03-18 09:39:29.180  INFO 1 --- [io-12031-exec-3] order.controller.OrderController         : [createNewOrder][Create Order][from shanghai to taiyuan at 1970-01-02 18:17:36]
2026-03-18 09:39:29.181  INFO 1 --- [io-12031-exec-3] order.service.OrderServiceImpl           : [create][Create Order][Ready to Create Order]
2026-03-18 09:39:29.193  INFO 1 --- [io-12031-exec-3] order.service.OrderServiceImpl           : [create][Order Create Success][Order Price][OrderId:99235001-0d7f-4ecd-8a5f-b9878cea63c9 , Price: 0.0]
2026-03-18 09:39:29.465  INFO 1 --- [io-12031-exec-2] order.controller.OrderController         : [createNewOrder][Create Order][from shanghai to taiyuan at 1970-01-02 18:17:36]
2026-03-18 09:39:29.465  INFO 1 --- [io-12031-exec-2] order.service.OrderServiceImpl           : [create][Create Order][Ready to Create Order]
2026-03-18 09:39:29.477  INFO 1 --- [io-12031-exec-2] order.service.OrderServiceImpl           : [create][Order Create Success][Order Price][OrderId:edc15a53-a1bd-428a-a631-c87f640a500d , Price: 0.0]
2026-03-18 09:39:29.766  INFO 1 --- [io-12031-exec-5] order.controller.OrderController         : [createNewOrder][Create Order][from shanghai to taiyuan at 1970-01-02 18:17:36]
2026-03-18 09:39:29.766  INFO 1 --- [io-12031-exec-5] order.service.OrderServiceImpl           : [create][Create Order][Ready to Create Order]
2026-03-18 09:39:29.777  INFO 1 --- [io-12031-exec-5] order.service.OrderServiceImpl           : [create][Order Create Success][Order Price][OrderId:68397ace-bf3a-4b3c-a23a-14767dab3575 , Price: 0.0]
2026-03-18 09:39:30.084  INFO 1 --- [io-12031-exec-4] order.controller.OrderController         : [createNewOrder][Create Order][from shanghai to taiyuan at 1970-01-02 18:17:36]
2026-03-18 09:39:30.084  INFO 1 --- [io-12031-exec-4] order.service.OrderServiceImpl           : [create][Create Order][Ready to Create Order]
2026-03-18 09:39:30.096  INFO 1 --- [io-12031-exec-4] order.service.OrderServiceImpl           : [create][Order Create Success][Order Price][OrderId:8f27f9d0-6932-41fe-9c63-7d4061da5257 , Price: 0.0]
2026-03-18 09:39:30.364  INFO 1 --- [io-12031-exec-6] order.controller.OrderController         : [createNewOrder][Create Order][from shanghai to taiyuan at 1970-01-02 18:17:36]
2026-03-18 09:39:30.364  INFO 1 --- [io-12031-exec-6] order.service.OrderServiceImpl           : [create][Create Order][Ready to Create Order]
2026-03-18 09:39:30.375  INFO 1 --- [io-12031-exec-6] order.service.OrderServiceImpl           : [create][Order Create Success][Order Price][OrderId:1db459cb-57ca-4c9f-8812-7ce4d3665349 , Price: 0.0]
2026-03-18 09:39:30.672  INFO 1 --- [io-12031-exec-7] order.controller.OrderController         : [createNewOrder][Create Order][from shanghai to taiyuan at 1970-01-02 18:17:36]
2026-03-18 09:39:30.673  INFO 1 --- [io-12031-exec-7] order.service.OrderServiceImpl           : [create][Create Order][Ready to Create Order]
2026-03-18 09:39:30.685  INFO 1 --- [io-12031-exec-7] order.service.OrderServiceImpl           : [create][Order Create Success][Order Price][OrderId:3f92ad3a-571e-4c9e-82f3-adc9d6c73c50 , Price: 0.0]
2026-03-18 09:39:30.965  INFO 1 --- [io-12031-exec-8] order.controller.OrderController         : [createNewOrder][Create Order][from shanghai to taiyuan at 1970-01-02 18:17:36]
2026-03-18 09:39:30.965  INFO 1 --- [io-12031-exec-8] order.service.OrderServiceImpl           : [create][Create Order][Ready to Create Order]
2026-03-18 09:39:30.975  INFO 1 --- [io-12031-exec-8] order.service.OrderServiceImpl           : [create][Order Create Success][Order Price][OrderId:1bac9fd1-90c0-470b-8193-c40b4d1be469 , Price: 0.0]
2026-03-18 09:39:31.275  INFO 1 --- [o-12031-exec-10] order.controller.OrderController         : [createNewOrder][Create Order][from shanghai to taiyuan at 1970-01-02 18:17:36]
2026-03-18 09:39:31.275  INFO 1 --- [o-12031-exec-10] order.service.OrderServiceImpl           : [create][Create Order][Ready to Create Order]
2026-03-18 09:39:31.287  INFO 1 --- [o-12031-exec-10] order.service.OrderServiceImpl           : [create][Order Create Success][Order Price][OrderId:9f4459d8-49f6-4a3b-8f88-848a85d1f8be , Price: 0.0]
2026-03-18 09:39:31.569  INFO 1 --- [io-12031-exec-1] order.controller.OrderController         : [createNewOrder][Create Order][from shanghai to taiyuan at 1970-01-02 18:17:36]
2026-03-18 09:39:31.569  INFO 1 --- [io-12031-exec-1] order.service.OrderServiceImpl           : [create][Create Order][Ready to Create Order]
2026-03-18 09:39:31.773  INFO 1 --- [io-12031-exec-1] order.service.OrderServiceImpl           : [create][Order Create Success][Order Price][OrderId:a8756306-822e-4e0e-82bd-38d298902855 , Price: 0.0]
2026-03-18 09:39:32.062  INFO 1 --- [io-12031-exec-3] order.controller.OrderController         : [createNewOrder][Create Order][from shanghai to taiyuan at 1970-01-02 18:17:36]
2026-03-18 09:39:32.062  INFO 1 --- [io-12031-exec-3] order.service.OrderServiceImpl           : [create][Create Order][Ready to Create Order]
2026-03-18 09:39:32.073  INFO 1 --- [io-12031-exec-3] order.service.OrderServiceImpl           : [create][Order Create Success][Order Price][OrderId:efc13c40-36b6-47b4-9b10-bf9b8fda629d , Price: 0.0]
2026-03-18 09:39:32.361  INFO 1 --- [io-12031-exec-2] order.controller.OrderController         : [createNewOrder][Create Order][from shanghai to taiyuan at 1970-01-02 18:17:36]
2026-03-18 09:39:32.361  INFO 1 --- [io-12031-exec-2] order.service.OrderServiceImpl           : [create][Create Order][Ready to Create Order]
2026-03-18 09:39:32.372  INFO 1 --- [io-12031-exec-2] order.service.OrderServiceImpl           : [create][Order Create Success][Order Price][OrderId:79f70800-e903-45a7-b6f7-3cc7d9297a8e , Price: 0.0]
2026-03-18 09:39:32.655  INFO 1 --- [io-12031-exec-5] order.controller.OrderController         : [createNewOrder][Create Order][from shanghai to taiyuan at 1970-01-02 18:17:36]
2026-03-18 09:39:32.655  INFO 1 --- [io-12031-exec-5] order.service.OrderServiceImpl           : [create][Create Order][Ready to Create Order]
2026-03-18 09:39:32.666  INFO 1 --- [io-12031-exec-5] order.service.OrderServiceImpl           : [create][Order Create Success][Order Price][OrderId:2008331e-c570-42be-a1d9-96a4b26a2f5a , Price: 0.0]
2026-03-18 09:39:32.954  INFO 1 --- [io-12031-exec-4] order.controller.OrderController         : [createNewOrder][Create Order][from shanghai to taiyuan at 1970-01-02 18:17:36]
2026-03-18 09:39:32.954  INFO 1 --- [io-12031-exec-4] order.service.OrderServiceImpl           : [create][Create Order][Ready to Create Order]
2026-03-18 09:39:32.964  INFO 1 --- [io-12031-exec-4] order.service.OrderServiceImpl           : [create][Order Create Success][Order Price][OrderId:6cacdf98-1be3-4461-bfb0-e072ff7df5c8 , Price: 0.0]
2026-03-18 09:39:33.246  INFO 1 --- [io-12031-exec-6] order.controller.OrderController         : [createNewOrder][Create Order][from shanghai to taiyuan at 1970-01-02 18:17:36]
2026-03-18 09:39:33.246  INFO 1 --- [io-12031-exec-6] order.service.OrderServiceImpl           : [create][Create Order][Ready to Create Order]
2026-03-18 09:39:33.257  INFO 1 --- [io-12031-exec-6] order.service.OrderServiceImpl           : [create][Order Create Success][Order Price][OrderId:f9cedcd8-bef2-4f9d-91c2-5302ddac1c8f , Price: 0.0]
2026-03-18 09:39:33.540  INFO 1 --- [io-12031-exec-7] order.controller.OrderController         : [createNewOrder][Create Order][from shanghai to taiyuan at 1970-01-02 18:17:36]
2026-03-18 09:39:33.540  INFO 1 --- [io-12031-exec-7] order.service.OrderServiceImpl           : [create][Create Order][Ready to Create Order]
2026-03-18 09:39:33.551  INFO 1 --- [io-12031-exec-7] order.service.OrderServiceImpl           : [create][Order Create Success][Order Price][OrderId:fda34a25-986b-4c0d-bf62-dac7d1f7da3f , Price: 0.0]
2026-03-18 09:39:33.841  INFO 1 --- [io-12031-exec-8] order.controller.OrderController         : [createNewOrder][Create Order][from shanghai to taiyuan at 1970-01-02 18:17:36]
2026-03-18 09:39:33.841  INFO 1 --- [io-12031-exec-8] order.service.OrderServiceImpl           : [create][Create Order][Ready to Create Order]
2026-03-18 09:39:33.851  INFO 1 --- [io-12031-exec-8] order.service.OrderServiceImpl           : [create][Order Create Success][Order Price][OrderId:a0fe02ae-4501-45d7-a4b0-5b3f405637c2 , Price: 0.0]
2026-03-18 09:39:34.145  INFO 1 --- [io-12031-exec-9] order.controller.OrderController         : [createNewOrder][Create Order][from shanghai to taiyuan at 1970-01-02 18:17:36]
2026-03-18 09:39:34.145  INFO 1 --- [io-12031-exec-9] order.service.OrderServiceImpl           : [create][Create Order][Ready to Create Order]
2026-03-18 09:39:34.159  INFO 1 --- [io-12031-exec-9] order.service.OrderServiceImpl           : [create][Order Create Success][Order Price][OrderId:fe236c94-36dc-4063-821c-7dd731005e5f , Price: 0.0]
2026-03-18 09:39:34.461  INFO 1 --- [o-12031-exec-10] order.controller.OrderController         : [createNewOrder][Create Order][from shanghai to taiyuan at 1970-01-02 18:17:36]
2026-03-18 09:39:34.461  INFO 1 --- [o-12031-exec-10] order.service.OrderServiceImpl           : [create][Create Order][Ready to Create Order]
2026-03-18 09:39:34.570  INFO 1 --- [o-12031-exec-10] order.service.OrderServiceImpl           : [create][Order Create Success][Order Price][OrderId:a42d87c1-6c7f-448e-b13b-3185143e110a , Price: 0.0]
2026-03-18 09:39:34.860  INFO 1 --- [io-12031-exec-1] order.controller.OrderController         : [createNewOrder][Create Order][from shanghai to taiyuan at 1970-01-02 18:17:36]
2026-03-18 09:39:34.860  INFO 1 --- [io-12031-exec-1] order.service.OrderServiceImpl           : [create][Create Order][Ready to Create Order]
2026-03-18 09:39:34.870  INFO 1 --- [io-12031-exec-1] order.service.OrderServiceImpl           : [create][Order Create Success][Order Price][OrderId:9ad5acc8-6826-4ee2-b127-136ec3d34f1e , Price: 0.0]
2026-03-18 09:39:35.157  INFO 1 --- [io-12031-exec-3] order.controller.OrderController         : [createNewOrder][Create Order][from shanghai to taiyuan at 1970-01-02 18:17:36]
2026-03-18 09:39:35.157  INFO 1 --- [io-12031-exec-3] order.service.OrderServiceImpl           : [create][Create Order][Ready to Create Order]
2026-03-18 09:39:35.171  INFO 1 --- [io-12031-exec-3] order.service.OrderServiceImpl           : [create][Order Create Success][Order Price][OrderId:657b481f-0b93-467e-818c-473662c5220f , Price: 0.0]
2026-03-18 09:39:35.464  INFO 1 --- [io-12031-exec-2] order.controller.OrderController         : [createNewOrder][Create Order][from shanghai to taiyuan at 1970-01-02 18:17:36]
2026-03-18 09:39:35.464  INFO 1 --- [io-12031-exec-2] order.service.OrderServiceImpl           : [create][Create Order][Ready to Create Order]
2026-03-18 09:39:35.477  INFO 1 --- [io-12031-exec-2] order.service.OrderServiceImpl           : [create][Order Create Success][Order Price][OrderId:2963238e-572e-4646-a90d-a5c340acb7ee , Price: 0.0]
2026-03-18 09:39:35.762  INFO 1 --- [io-12031-exec-5] order.controller.OrderController         : [createNewOrder][Create Order][from shanghai to taiyuan at 1970-01-02 18:17:36]
2026-03-18 09:39:35.762  INFO 1 --- [io-12031-exec-5] order.service.OrderServiceImpl           : [create][Create Order][Ready to Create Order]
2026-03-18 09:39:35.774  INFO 1 --- [io-12031-exec-5] order.service.OrderServiceImpl           : [create][Order Create Success][Order Price][OrderId:b01bc1d6-db79-464d-962d-6c67f471fb80 , Price: 0.0]
2026-03-18 09:39:36.064  INFO 1 --- [io-12031-exec-4] order.controller.OrderController         : [createNewOrder][Create Order][from shanghai to taiyuan at 1970-01-02 18:17:36]
2026-03-18 09:39:36.064  INFO 1 --- [io-12031-exec-4] order.service.OrderServiceImpl           : [create][Create Order][Ready to Create Order]
2026-03-18 09:39:36.076  INFO 1 --- [io-12031-exec-4] order.service.OrderServiceImpl           : [create][Order Create Success][Order Price][OrderId:4a55222d-b692-4138-8f50-3d759e8d390a , Price: 0.0]
2026-03-18 09:39:36.361  INFO 1 --- [io-12031-exec-6] order.controller.OrderController         : [createNewOrder][Create Order][from shanghai to taiyuan at 1970-01-02 18:17:36]
2026-03-18 09:39:36.361  INFO 1 --- [io-12031-exec-6] order.service.OrderServiceImpl           : [create][Create Order][Ready to Create Order]
2026-03-18 09:39:36.373  INFO 1 --- [io-12031-exec-6] order.service.OrderServiceImpl           : [create][Order Create Success][Order Price][OrderId:58c91a4e-d0ee-4be6-a741-f57ebfb87779 , Price: 0.0]
2026-03-18 09:39:36.652  INFO 1 --- [io-12031-exec-7] order.controller.OrderController         : [createNewOrder][Create Order][from shanghai to taiyuan at 1970-01-02 18:17:36]
2026-03-18 09:39:36.652  INFO 1 --- [io-12031-exec-7] order.service.OrderServiceImpl           : [create][Create Order][Ready to Create Order]
2026-03-18 09:39:36.663  INFO 1 --- [io-12031-exec-7] order.service.OrderServiceImpl           : [create][Order Create Success][Order Price][OrderId:ab4b92d2-d688-45b7-8e80-404dbac16977 , Price: 0.0]
2026-03-18 09:39:36.949  INFO 1 --- [io-12031-exec-8] order.controller.OrderController         : [createNewOrder][Create Order][from shanghai to taiyuan at 1970-01-02 18:17:36]
2026-03-18 09:39:36.949  INFO 1 --- [io-12031-exec-8] order.service.OrderServiceImpl           : [create][Create Order][Ready to Create Order]
2026-03-18 09:39:36.962  INFO 1 --- [io-12031-exec-8] order.service.OrderServiceImpl           : [create][Order Create Success][Order Price][OrderId:b94a782a-bb96-467b-bc9d-5156093af0ce , Price: 0.0]
2026-03-18 09:39:37.246  INFO 1 --- [io-12031-exec-9] order.controller.OrderController         : [createNewOrder][Create Order][from shanghai to taiyuan at 1970-01-02 18:17:36]
2026-03-18 09:39:37.246  INFO 1 --- [io-12031-exec-9] order.service.OrderServiceImpl           : [create][Create Order][Ready to Create Order]
2026-03-18 09:39:37.258  INFO 1 --- [io-12031-exec-9] order.service.OrderServiceImpl           : [create][Order Create Success][Order Price][OrderId:533bf2b6-8c58-4d96-a906-dd48d540da29 , Price: 0.0]
2026-03-18 09:39:37.536  INFO 1 --- [o-12031-exec-10] order.controller.OrderController         : [createNewOrder][Create Order][from shanghai to taiyuan at 1970-01-02 18:17:36]
2026-03-18 09:39:37.537  INFO 1 --- [o-12031-exec-10] order.service.OrderServiceImpl           : [create][Create Order][Ready to Create Order]
2026-03-18 09:39:37.549  INFO 1 --- [o-12031-exec-10] order.service.OrderServiceImpl           : [create][Order Create Success][Order Price][OrderId:6f6c11c1-9242-4bb5-b3f1-71e73e083982 , Price: 0.0]
2026-03-18 09:39:37.780  INFO 1 --- [io-12031-exec-1] order.controller.OrderController         : [createNewOrder][Create Order][from shanghai to taiyuan at 1970-01-02 18:17:36]
2026-03-18 09:39:37.780  INFO 1 --- [io-12031-exec-1] order.service.OrderServiceImpl           : [create][Create Order][Ready to Create Order]
2026-03-18 09:39:37.803  INFO 1 --- [io-12031-exec-1] order.service.OrderServiceImpl           : [create][Order Create Success][Order Price][OrderId:7f0e1c03-036c-403f-bac0-988e43773b50 , Price: 0.0]
2026-03-18 09:39:38.062  INFO 1 --- [io-12031-exec-3] order.controller.OrderController         : [createNewOrder][Create Order][from shanghai to taiyuan at 1970-01-02 18:17:36]
2026-03-18 09:39:38.062  INFO 1 --- [io-12031-exec-3] order.service.OrderServiceImpl           : [create][Create Order][Ready to Create Order]
2026-03-18 09:39:38.077  INFO 1 --- [io-12031-exec-3] order.service.OrderServiceImpl           : [create][Order Create Success][Order Price][OrderId:2a046b42-4f05-4dc4-97dd-cac608ad5d08 , Price: 0.0]
2026-03-18 09:39:38.365  INFO 1 --- [io-12031-exec-2] order.controller.OrderController         : [createNewOrder][Create Order][from shanghai to taiyuan at 1970-01-02 18:17:36]
2026-03-18 09:39:38.365  INFO 1 --- [io-12031-exec-2] order.service.OrderServiceImpl           : [create][Create Order][Ready to Create Order]
2026-03-18 09:39:38.377  INFO 1 --- [io-12031-exec-2] order.service.OrderServiceImpl           : [create][Order Create Success][Order Price][OrderId:75072290-f81a-4c91-8d53-14d508c8c5bf , Price: 0.0]
2026-03-18 09:39:38.664  INFO 1 --- [io-12031-exec-5] order.controller.OrderController         : [createNewOrder][Create Order][from shanghai to taiyuan at 1970-01-02 18:17:36]
2026-03-18 09:39:38.664  INFO 1 --- [io-12031-exec-5] order.service.OrderServiceImpl           : [create][Create Order][Ready to Create Order]
2026-03-18 09:39:38.675  INFO 1 --- [io-12031-exec-5] order.service.OrderServiceImpl           : [create][Order Create Success][Order Price][OrderId:4c0158b2-ced8-4d57-9282-f837fd60cefa , Price: 0.0]
2026-03-18 09:39:38.961  INFO 1 --- [io-12031-exec-4] order.controller.OrderController         : [createNewOrder][Create Order][from shanghai to taiyuan at 1970-01-02 18:17:36]
2026-03-18 09:39:38.961  INFO 1 --- [io-12031-exec-4] order.service.OrderServiceImpl           : [create][Create Order][Ready to Create Order]
2026-03-18 09:39:38.973  INFO 1 --- [io-12031-exec-4] order.service.OrderServiceImpl           : [create][Order Create Success][Order Price][OrderId:c0439699-ac61-42a6-b2cf-df1af310e223 , Price: 0.0]
2026-03-18 09:39:39.255  INFO 1 --- [io-12031-exec-6] order.controller.OrderController         : [createNewOrder][Create Order][from shanghai to taiyuan at 1970-01-02 18:17:36]
2026-03-18 09:39:39.255  INFO 1 --- [io-12031-exec-6] order.service.OrderServiceImpl           : [create][Create Order][Ready to Create Order]
2026-03-18 09:39:39.267  INFO 1 --- [io-12031-exec-6] order.service.OrderServiceImpl           : [create][Order Create Success][Order Price][OrderId:ed3e712b-2c2f-4799-84a6-e296f544da82 , Price: 0.0]
2026-03-18 09:39:39.550  INFO 1 --- [io-12031-exec-7] order.controller.OrderController         : [createNewOrder][Create Order][from shanghai to taiyuan at 1970-01-02 18:17:36]
2026-03-18 09:39:39.550  INFO 1 --- [io-12031-exec-7] order.service.OrderServiceImpl           : [create][Create Order][Ready to Create Order]
2026-03-18 09:39:39.563  INFO 1 --- [io-12031-exec-7] order.service.OrderServiceImpl           : [create][Order Create Success][Order Price][OrderId:9541416c-8ab3-4664-b087-f677cd5822d0 , Price: 0.0]
2026-03-18 09:39:39.862  INFO 1 --- [io-12031-exec-8] order.controller.OrderController         : [createNewOrder][Create Order][from shanghai to taiyuan at 1970-01-02 18:17:36]
2026-03-18 09:39:39.862  INFO 1 --- [io-12031-exec-8] order.service.OrderServiceImpl           : [create][Create Order][Ready to Create Order]
2026-03-18 09:39:39.875  INFO 1 --- [io-12031-exec-8] order.service.OrderServiceImpl           : [create][Order Create Success][Order Price][OrderId:fc6b03ee-2e50-4041-85cf-ff410e57142e , Price: 0.0]
2026-03-18 09:39:40.168  INFO 1 --- [io-12031-exec-9] order.controller.OrderController         : [createNewOrder][Create Order][from shanghai to taiyuan at 1970-01-02 18:17:36]
2026-03-18 09:39:40.168  INFO 1 --- [io-12031-exec-9] order.service.OrderServiceImpl           : [create][Create Order][Ready to Create Order]
2026-03-18 09:39:40.180  INFO 1 --- [io-12031-exec-9] order.service.OrderServiceImpl           : [create][Order Create Success][Order Price][OrderId:808f96cd-852e-4c1e-89f2-fcf3b6589df8 , Price: 0.0]
2026-03-18 09:39:40.464  INFO 1 --- [o-12031-exec-10] order.controller.OrderController         : [createNewOrder][Create Order][from shanghai to taiyuan at 1970-01-02 18:17:36]
2026-03-18 09:39:40.464  INFO 1 --- [o-12031-exec-10] order.service.OrderServiceImpl           : [create][Create Order][Ready to Create Order]
2026-03-18 09:39:40.476  INFO 1 --- [o-12031-exec-10] order.service.OrderServiceImpl           : [create][Order Create Success][Order Price][OrderId:a028f970-bed7-44f5-95d2-59b39604f8e8 , Price: 0.0]
2026-03-18 09:39:40.761  INFO 1 --- [io-12031-exec-1] order.controller.OrderController         : [createNewOrder][Create Order][from shanghai to taiyuan at 1970-01-02 18:17:36]
2026-03-18 09:39:40.761  INFO 1 --- [io-12031-exec-1] order.service.OrderServiceImpl           : [create][Create Order][Ready to Create Order]
2026-03-18 09:39:40.773  INFO 1 --- [io-12031-exec-1] order.service.OrderServiceImpl           : [create][Order Create Success][Order Price][OrderId:8ff07ed0-a729-489f-a53c-a0521ce99fa3 , Price: 0.0]
2026-03-18 09:39:41.054  INFO 1 --- [io-12031-exec-3] order.controller.OrderController         : [createNewOrder][Create Order][from shanghai to taiyuan at 1970-01-02 18:17:36]
2026-03-18 09:39:41.054  INFO 1 --- [io-12031-exec-3] order.service.OrderServiceImpl           : [create][Create Order][Ready to Create Order]
2026-03-18 09:39:41.067  INFO 1 --- [io-12031-exec-3] order.service.OrderServiceImpl           : [create][Order Create Success][Order Price][OrderId:bc85764f-fee6-48a5-b254-99831aedd36e , Price: 0.0]
2026-03-18 09:39:41.353  INFO 1 --- [io-12031-exec-5] order.controller.OrderController         : [createNewOrder][Create Order][from shanghai to taiyuan at 1970-01-02 18:17:36]
2026-03-18 09:39:41.353  INFO 1 --- [io-12031-exec-5] order.service.OrderServiceImpl           : [create][Create Order][Ready to Create Order]
2026-03-18 09:39:41.367  INFO 1 --- [io-12031-exec-5] order.service.OrderServiceImpl           : [create][Order Create Success][Order Price][OrderId:0b85b193-e2de-4daa-b58c-ced5f9317cbd , Price: 0.0]
2026-03-18 09:39:41.651  INFO 1 --- [io-12031-exec-4] order.controller.OrderController         : [createNewOrder][Create Order][from shanghai to taiyuan at 1970-01-02 18:17:36]
2026-03-18 09:39:41.651  INFO 1 --- [io-12031-exec-4] order.service.OrderServiceImpl           : [create][Create Order][Ready to Create Order]
2026-03-18 09:39:41.662  INFO 1 --- [io-12031-exec-4] order.service.OrderServiceImpl           : [create][Order Create Success][Order Price][OrderId:abc17307-2be3-4d45-bfe2-004e370db119 , Price: 0.0]
2026-03-18 09:39:41.947  INFO 1 --- [io-12031-exec-6] order.controller.OrderController         : [createNewOrder][Create Order][from shanghai to taiyuan at 1970-01-02 18:17:36]
2026-03-18 09:39:41.947  INFO 1 --- [io-12031-exec-6] order.service.OrderServiceImpl           : [create][Create Order][Ready to Create Order]
2026-03-18 09:39:41.976  INFO 1 --- [io-12031-exec-6] order.service.OrderServiceImpl           : [create][Order Create Success][Order Price][OrderId:8f7d0c8d-2e57-48e9-84fa-f912e82442ed , Price: 0.0]
2026-03-18 09:39:42.266  INFO 1 --- [io-12031-exec-7] order.controller.OrderController         : [createNewOrder][Create Order][from shanghai to taiyuan at 1970-01-02 18:17:36]
2026-03-18 09:39:42.267  INFO 1 --- [io-12031-exec-7] order.service.OrderServiceImpl           : [create][Create Order][Ready to Create Order]
2026-03-18 09:39:42.277  INFO 1 --- [io-12031-exec-7] order.service.OrderServiceImpl           : [create][Order Create Success][Order Price][OrderId:b0474b00-ba3e-42e3-b933-ad51c521e62e , Price: 0.0]
2026-03-18 09:39:42.573  INFO 1 --- [io-12031-exec-8] order.controller.OrderController         : [createNewOrder][Create Order][from shanghai to taiyuan at 1970-01-02 18:17:36]
2026-03-18 09:39:42.573  INFO 1 --- [io-12031-exec-8] order.service.OrderServiceImpl           : [create][Create Order][Ready to Create Order]
2026-03-18 09:39:42.586  INFO 1 --- [io-12031-exec-8] order.service.OrderServiceImpl           : [create][Order Create Success][Order Price][OrderId:e015f84f-bbee-42eb-b478-b94f4a93b493 , Price: 0.0]
2026-03-18 09:39:42.860  INFO 1 --- [io-12031-exec-9] order.controller.OrderController         : [createNewOrder][Create Order][from shanghai to taiyuan at 1970-01-02 18:17:36]
2026-03-18 09:39:42.860  INFO 1 --- [io-12031-exec-9] order.service.OrderServiceImpl           : [create][Create Order][Ready to Create Order]
2026-03-18 09:39:42.873  INFO 1 --- [io-12031-exec-9] order.service.OrderServiceImpl           : [create][Order Create Success][Order Price][OrderId:84926623-748b-46cb-8caf-631fdc4e5472 , Price: 0.0]
2026-03-18 09:39:43.148  INFO 1 --- [o-12031-exec-10] order.controller.OrderController         : [createNewOrder][Create Order][from shanghai to taiyuan at 1970-01-02 18:17:36]
2026-03-18 09:39:43.149  INFO 1 --- [o-12031-exec-10] order.service.OrderServiceImpl           : [create][Create Order][Ready to Create Order]
2026-03-18 09:39:43.161  INFO 1 --- [o-12031-exec-10] order.service.OrderServiceImpl           : [create][Order Create Success][Order Price][OrderId:c8095d44-060c-496c-84b3-a5c34fae2161 , Price: 0.0]
2026-03-18 09:39:43.447  INFO 1 --- [io-12031-exec-1] order.controller.OrderController         : [createNewOrder][Create Order][from shanghai to taiyuan at 1970-01-02 18:17:36]
2026-03-18 09:39:43.447  INFO 1 --- [io-12031-exec-1] order.service.OrderServiceImpl           : [create][Create Order][Ready to Create Order]
2026-03-18 09:39:43.459  INFO 1 --- [io-12031-exec-1] order.service.OrderServiceImpl           : [create][Order Create Success][Order Price][OrderId:95b79755-3391-4469-8461-07927fd19b92 , Price: 0.0]
2026-03-18 09:39:43.743  INFO 1 --- [io-12031-exec-3] order.controller.OrderController         : [createNewOrder][Create Order][from shanghai to taiyuan at 1970-01-02 18:17:36]
2026-03-18 09:39:43.743  INFO 1 --- [io-12031-exec-3] order.service.OrderServiceImpl           : [create][Create Order][Ready to Create Order]
2026-03-18 09:39:43.778  INFO 1 --- [io-12031-exec-3] order.service.OrderServiceImpl           : [create][Order Create Success][Order Price][OrderId:20590ea3-2063-4819-bc1a-1d21023d091d , Price: 0.0]
2026-03-18 09:39:44.070  INFO 1 --- [io-12031-exec-2] order.controller.OrderController         : [createNewOrder][Create Order][from shanghai to taiyuan at 1970-01-02 18:17:36]
2026-03-18 09:39:44.070  INFO 1 --- [io-12031-exec-2] order.service.OrderServiceImpl           : [create][Create Order][Ready to Create Order]
2026-03-18 09:39:44.082  INFO 1 --- [io-12031-exec-2] order.service.OrderServiceImpl           : [create][Order Create Success][Order Price][OrderId:fb65549b-1de9-4564-8c5b-0af4ca2738b5 , Price: 0.0]
2026-03-18 09:39:44.364  INFO 1 --- [io-12031-exec-5] order.controller.OrderController         : [createNewOrder][Create Order][from shanghai to taiyuan at 1970-01-02 18:17:36]
2026-03-18 09:39:44.364  INFO 1 --- [io-12031-exec-5] order.service.OrderServiceImpl           : [create][Create Order][Ready to Create Order]
2026-03-18 09:39:44.375  INFO 1 --- [io-12031-exec-5] order.service.OrderServiceImpl           : [create][Order Create Success][Order Price][OrderId:c4587a92-4aee-4cbf-8391-340fad7bc35b , Price: 0.0]
2026-03-18 09:39:44.660  INFO 1 --- [io-12031-exec-4] order.controller.OrderController         : [createNewOrder][Create Order][from shanghai to taiyuan at 1970-01-02 18:17:36]
2026-03-18 09:39:44.660  INFO 1 --- [io-12031-exec-4] order.service.OrderServiceImpl           : [create][Create Order][Ready to Create Order]
2026-03-18 09:39:44.673  INFO 1 --- [io-12031-exec-4] order.service.OrderServiceImpl           : [create][Order Create Success][Order Price][OrderId:835c259a-acb7-4b93-995f-3a089ba5c10f , Price: 0.0]
2026-03-18 09:39:44.963  INFO 1 --- [io-12031-exec-6] order.controller.OrderController         : [createNewOrder][Create Order][from shanghai to taiyuan at 1970-01-02 18:17:36]
2026-03-18 09:39:44.963  INFO 1 --- [io-12031-exec-6] order.service.OrderServiceImpl           : [create][Create Order][Ready to Create Order]
2026-03-18 09:39:44.976  INFO 1 --- [io-12031-exec-6] order.service.OrderServiceImpl           : [create][Order Create Success][Order Price][OrderId:b66fb748-0d94-4698-8ffd-e7be05feeedd , Price: 0.0]
2026-03-18 09:39:45.272  INFO 1 --- [io-12031-exec-7] order.controller.OrderController         : [createNewOrder][Create Order][from shanghai to taiyuan at 1970-01-02 18:17:36]
2026-03-18 09:39:45.272  INFO 1 --- [io-12031-exec-7] order.service.OrderServiceImpl           : [create][Create Order][Ready to Create Order]
2026-03-18 09:39:45.283  INFO 1 --- [io-12031-exec-7] order.service.OrderServiceImpl           : [create][Order Create Success][Order Price][OrderId:43669601-efe1-46cd-b1fc-817974cb5871 , Price: 0.0]
2026-03-18 09:39:45.561  INFO 1 --- [io-12031-exec-8] order.controller.OrderController         : [createNewOrder][Create Order][from shanghai to taiyuan at 1970-01-02 18:17:36]
2026-03-18 09:39:45.562  INFO 1 --- [io-12031-exec-8] order.service.OrderServiceImpl           : [create][Create Order][Ready to Create Order]
2026-03-18 09:39:45.573  INFO 1 --- [io-12031-exec-8] order.service.OrderServiceImpl           : [create][Order Create Success][Order Price][OrderId:fb5a2193-cca6-4b55-aced-b4e214634656 , Price: 0.0]
2026-03-18 09:39:45.878  INFO 1 --- [io-12031-exec-9] order.controller.OrderController         : [createNewOrder][Create Order][from shanghai to taiyuan at 1970-01-02 18:17:36]
2026-03-18 09:39:45.878  INFO 1 --- [io-12031-exec-9] order.service.OrderServiceImpl           : [create][Create Order][Ready to Create Order]
2026-03-18 09:39:45.888  INFO 1 --- [io-12031-exec-9] order.service.OrderServiceImpl           : [create][Order Create Success][Order Price][OrderId:17eadeb5-ca9b-40a6-aa98-3fe277c67395 , Price: 0.0]
2026-03-18 09:39:46.165  INFO 1 --- [o-12031-exec-10] order.controller.OrderController         : [createNewOrder][Create Order][from shanghai to taiyuan at 1970-01-02 18:17:36]
2026-03-18 09:39:46.165  INFO 1 --- [o-12031-exec-10] order.service.OrderServiceImpl           : [create][Create Order][Ready to Create Order]
2026-03-18 09:39:46.178  INFO 1 --- [o-12031-exec-10] order.service.OrderServiceImpl           : [create][Order Create Success][Order Price][OrderId:832d07e4-bc10-4fd1-9a64-84a5d2a01539 , Price: 0.0]
2026-03-18 09:39:46.468  INFO 1 --- [io-12031-exec-1] order.controller.OrderController         : [createNewOrder][Create Order][from shanghai to taiyuan at 1970-01-02 18:17:36]
2026-03-18 09:39:46.468  INFO 1 --- [io-12031-exec-1] order.service.OrderServiceImpl           : [create][Create Order][Ready to Create Order]
2026-03-18 09:39:46.480  INFO 1 --- [io-12031-exec-1] order.service.OrderServiceImpl           : [create][Order Create Success][Order Price][OrderId:f6379ec4-fda5-4135-9d6b-afd6fffc662c , Price: 0.0]
2026-03-18 09:39:46.766  INFO 1 --- [io-12031-exec-3] order.controller.OrderController         : [createNewOrder][Create Order][from shanghai to taiyuan at 1970-01-02 18:17:36]
2026-03-18 09:39:46.766  INFO 1 --- [io-12031-exec-3] order.service.OrderServiceImpl           : [create][Create Order][Ready to Create Order]
2026-03-18 09:39:46.777  INFO 1 --- [io-12031-exec-3] order.service.OrderServiceImpl           : [create][Order Create Success][Order Price][OrderId:26745d24-5ef5-478d-8615-39c395217c2f , Price: 0.0]
2026-03-18 09:39:47.057  INFO 1 --- [io-12031-exec-2] order.controller.OrderController         : [createNewOrder][Create Order][from shanghai to taiyuan at 1970-01-02 18:17:36]
2026-03-18 09:39:47.057  INFO 1 --- [io-12031-exec-2] order.service.OrderServiceImpl           : [create][Create Order][Ready to Create Order]
2026-03-18 09:39:47.068  INFO 1 --- [io-12031-exec-2] order.service.OrderServiceImpl           : [create][Order Create Success][Order Price][OrderId:645a5e01-8792-4bb8-88b0-5993f920ed75 , Price: 0.0]
2026-03-18 09:39:47.361  INFO 1 --- [io-12031-exec-5] order.controller.OrderController         : [createNewOrder][Create Order][from shanghai to taiyuan at 1970-01-02 18:17:36]
2026-03-18 09:39:47.361  INFO 1 --- [io-12031-exec-5] order.service.OrderServiceImpl           : [create][Create Order][Ready to Create Order]
2026-03-18 09:39:47.372  INFO 1 --- [io-12031-exec-5] order.service.OrderServiceImpl           : [create][Order Create Success][Order Price][OrderId:e9b09f3e-89f5-4eaa-b92f-0eae1a9a8d15 , Price: 0.0]
2026-03-18 09:39:47.658  INFO 1 --- [io-12031-exec-4] order.controller.OrderController         : [createNewOrder][Create Order][from shanghai to taiyuan at 1970-01-02 18:17:36]
2026-03-18 09:39:47.658  INFO 1 --- [io-12031-exec-4] order.service.OrderServiceImpl           : [create][Create Order][Ready to Create Order]
2026-03-18 09:39:47.670  INFO 1 --- [io-12031-exec-4] order.service.OrderServiceImpl           : [create][Order Create Success][Order Price][OrderId:4d466999-0cd0-4f52-94a0-1ef83de88326 , Price: 0.0]
2026-03-18 09:39:47.946  INFO 1 --- [io-12031-exec-6] order.controller.OrderController         : [createNewOrder][Create Order][from shanghai to taiyuan at 1970-01-02 18:17:36]
2026-03-18 09:39:47.946  INFO 1 --- [io-12031-exec-6] order.service.OrderServiceImpl           : [create][Create Order][Ready to Create Order]
2026-03-18 09:39:47.958  INFO 1 --- [io-12031-exec-6] order.service.OrderServiceImpl           : [create][Order Create Success][Order Price][OrderId:dbee8996-4f21-4c0c-9c0a-e7e3e746ed75 , Price: 0.0]
2026-03-18 09:39:48.255  INFO 1 --- [io-12031-exec-7] order.controller.OrderController         : [createNewOrder][Create Order][from shanghai to taiyuan at 1970-01-02 18:17:36]
2026-03-18 09:39:48.255  INFO 1 --- [io-12031-exec-7] order.service.OrderServiceImpl           : [create][Create Order][Ready to Create Order]
2026-03-18 09:39:48.267  INFO 1 --- [io-12031-exec-7] order.service.OrderServiceImpl           : [create][Order Create Success][Order Price][OrderId:445ec135-df2c-49a2-b5dd-37dc4e0b1bac , Price: 0.0]
2026-03-18 09:39:48.557  INFO 1 --- [io-12031-exec-8] order.controller.OrderController         : [createNewOrder][Create Order][from shanghai to taiyuan at 1970-01-02 18:17:36]
2026-03-18 09:39:48.558  INFO 1 --- [io-12031-exec-8] order.service.OrderServiceImpl           : [create][Create Order][Ready to Create Order]
2026-03-18 09:39:48.568  INFO 1 --- [io-12031-exec-8] order.service.OrderServiceImpl           : [create][Order Create Success][Order Price][OrderId:74be1659-3cd2-4e0d-9013-6da34b3925ad , Price: 0.0]
2026-03-18 09:39:48.861  INFO 1 --- [io-12031-exec-9] order.controller.OrderController         : [createNewOrder][Create Order][from shanghai to taiyuan at 1970-01-02 18:17:36]
2026-03-18 09:39:48.861  INFO 1 --- [io-12031-exec-9] order.service.OrderServiceImpl           : [create][Create Order][Ready to Create Order]
2026-03-18 09:39:48.875  INFO 1 --- [io-12031-exec-9] order.service.OrderServiceImpl           : [create][Order Create Success][Order Price][OrderId:88dadcfa-4fe5-4054-a7a1-76360fcfa3d2 , Price: 0.0]
2026-03-18 09:39:49.179  INFO 1 --- [o-12031-exec-10] order.controller.OrderController         : [createNewOrder][Create Order][from shanghai to taiyuan at 1970-01-02 18:17:36]
2026-03-18 09:39:49.180  INFO 1 --- [o-12031-exec-10] order.service.OrderServiceImpl           : [create][Create Order][Ready to Create Order]
2026-03-18 09:39:49.284  INFO 1 --- [o-12031-exec-10] order.service.OrderServiceImpl           : [create][Order Create Success][Order Price][OrderId:ba47daa3-46db-43bf-b4e0-bbc1f00653ed , Price: 0.0]
2026-03-18 09:39:49.652  INFO 1 --- [io-12031-exec-1] order.controller.OrderController         : [createNewOrder][Create Order][from shanghai to taiyuan at 1970-01-02 18:17:36]
2026-03-18 09:39:49.652  INFO 1 --- [io-12031-exec-1] order.service.OrderServiceImpl           : [create][Create Order][Ready to Create Order]
2026-03-18 09:39:49.664  INFO 1 --- [io-12031-exec-1] order.service.OrderServiceImpl           : [create][Order Create Success][Order Price][OrderId:77fdab96-23db-4901-a970-ba750e0736da , Price: 0.0]
2026-03-18 09:39:49.947  INFO 1 --- [io-12031-exec-3] order.controller.OrderController         : [createNewOrder][Create Order][from shanghai to taiyuan at 1970-01-02 18:17:36]
2026-03-18 09:39:49.947  INFO 1 --- [io-12031-exec-3] order.service.OrderServiceImpl           : [create][Create Order][Ready to Create Order]
2026-03-18 09:39:49.961  INFO 1 --- [io-12031-exec-3] order.service.OrderServiceImpl           : [create][Order Create Success][Order Price][OrderId:9bd291aa-7e0b-4de7-aa11-d0744ff56bb2 , Price: 0.0]
2026-03-18 09:39:50.261  INFO 1 --- [io-12031-exec-2] order.controller.OrderController         : [createNewOrder][Create Order][from shanghai to taiyuan at 1970-01-02 18:17:36]
2026-03-18 09:39:50.261  INFO 1 --- [io-12031-exec-2] order.service.OrderServiceImpl           : [create][Create Order][Ready to Create Order]
2026-03-18 09:39:50.272  INFO 1 --- [io-12031-exec-2] order.service.OrderServiceImpl           : [create][Order Create Success][Order Price][OrderId:90c7075f-15c4-40b0-93f5-9b8c205a3d10 , Price: 0.0]
2026-03-18 09:39:50.561  INFO 1 --- [io-12031-exec-5] order.controller.OrderController         : [createNewOrder][Create Order][from shanghai to taiyuan at 1970-01-02 18:17:36]
2026-03-18 09:39:50.561  INFO 1 --- [io-12031-exec-5] order.service.OrderServiceImpl           : [create][Create Order][Ready to Create Order]
2026-03-18 09:39:50.572  INFO 1 --- [io-12031-exec-5] order.service.OrderServiceImpl           : [create][Order Create Success][Order Price][OrderId:9e9eb7c5-f249-468a-a119-1d3689085400 , Price: 0.0]
2026-03-18 09:39:50.855  INFO 1 --- [io-12031-exec-4] order.controller.OrderController         : [createNewOrder][Create Order][from shanghai to taiyuan at 1970-01-02 18:17:36]
2026-03-18 09:39:50.855  INFO 1 --- [io-12031-exec-4] order.service.OrderServiceImpl           : [create][Create Order][Ready to Create Order]
2026-03-18 09:39:50.867  INFO 1 --- [io-12031-exec-4] order.service.OrderServiceImpl           : [create][Order Create Success][Order Price][OrderId:c28b9c5c-2858-4056-aa74-1beb139a9559 , Price: 0.0]
2026-03-18 09:39:51.187  INFO 1 --- [io-12031-exec-6] order.controller.OrderController         : [createNewOrder][Create Order][from shanghai to taiyuan at 1970-01-02 18:17:36]
2026-03-18 09:39:51.187  INFO 1 --- [io-12031-exec-6] order.service.OrderServiceImpl           : [create][Create Order][Ready to Create Order]
2026-03-18 09:39:51.200  INFO 1 --- [io-12031-exec-6] order.service.OrderServiceImpl           : [create][Order Create Success][Order Price][OrderId:dc9dab4e-ae57-4b47-b237-95eece75fbb5 , Price: 0.0]
2026-03-18 09:39:51.463  INFO 1 --- [io-12031-exec-8] order.controller.OrderController         : [createNewOrder][Create Order][from shanghai to taiyuan at 1970-01-02 18:17:36]
2026-03-18 09:39:51.463  INFO 1 --- [io-12031-exec-8] order.service.OrderServiceImpl           : [create][Create Order][Ready to Create Order]
2026-03-18 09:39:51.476  INFO 1 --- [io-12031-exec-8] order.service.OrderServiceImpl           : [create][Order Create Success][Order Price][OrderId:3a6c2d28-50f9-412c-aa2c-cd3a10301ad8 , Price: 0.0]
2026-03-18 09:39:51.764  INFO 1 --- [io-12031-exec-9] order.controller.OrderController         : [createNewOrder][Create Order][from shanghai to taiyuan at 1970-01-02 18:17:36]
2026-03-18 09:39:51.764  INFO 1 --- [io-12031-exec-9] order.service.OrderServiceImpl           : [create][Create Order][Ready to Create Order]
2026-03-18 09:39:51.775  INFO 1 --- [io-12031-exec-9] order.service.OrderServiceImpl           : [create][Order Create Success][Order Price][OrderId:fe737252-5ba4-422d-beb5-0be67de9ece0 , Price: 0.0]
2026-03-18 09:39:52.064  INFO 1 --- [o-12031-exec-10] order.controller.OrderController         : [createNewOrder][Create Order][from shanghai to taiyuan at 1970-01-02 18:17:36]
2026-03-18 09:39:52.064  INFO 1 --- [o-12031-exec-10] order.service.OrderServiceImpl           : [create][Create Order][Ready to Create Order]
2026-03-18 09:39:52.076  INFO 1 --- [o-12031-exec-10] order.service.OrderServiceImpl           : [create][Order Create Success][Order Price][OrderId:a242a099-a574-4e2b-88e3-47c652fcdb57 , Price: 0.0]
2026-03-18 09:39:52.371  INFO 1 --- [io-12031-exec-1] order.controller.OrderController         : [createNewOrder][Create Order][from shanghai to taiyuan at 1970-01-02 18:17:36]
2026-03-18 09:39:52.371  INFO 1 --- [io-12031-exec-1] order.service.OrderServiceImpl           : [create][Create Order][Ready to Create Order]
2026-03-18 09:39:52.384  INFO 1 --- [io-12031-exec-1] order.service.OrderServiceImpl           : [create][Order Create Success][Order Price][OrderId:bbd5fbb8-0285-45de-8bcd-65a34e03e6c2 , Price: 0.0]
2026-03-18 09:39:52.671  INFO 1 --- [io-12031-exec-3] order.controller.OrderController         : [createNewOrder][Create Order][from shanghai to taiyuan at 1970-01-02 18:17:36]
2026-03-18 09:39:52.671  INFO 1 --- [io-12031-exec-3] order.service.OrderServiceImpl           : [create][Create Order][Ready to Create Order]
2026-03-18 09:39:52.683  INFO 1 --- [io-12031-exec-3] order.service.OrderServiceImpl           : [create][Order Create Success][Order Price][OrderId:5c102782-0feb-48bd-bb40-28385721a82b , Price: 0.0]
2026-03-18 09:39:52.961  INFO 1 --- [io-12031-exec-2] order.controller.OrderController         : [createNewOrder][Create Order][from shanghai to taiyuan at 1970-01-02 18:17:36]
2026-03-18 09:39:52.961  INFO 1 --- [io-12031-exec-2] order.service.OrderServiceImpl           : [create][Create Order][Ready to Create Order]
2026-03-18 09:39:52.972  INFO 1 --- [io-12031-exec-2] order.service.OrderServiceImpl           : [create][Order Create Success][Order Price][OrderId:f3937507-7a20-4ee9-8c83-ded3831a3c32 , Price: 0.0]
2026-03-18 09:39:53.268  INFO 1 --- [io-12031-exec-5] order.controller.OrderController         : [createNewOrder][Create Order][from shanghai to taiyuan at 1970-01-02 18:17:36]
2026-03-18 09:39:53.268  INFO 1 --- [io-12031-exec-5] order.service.OrderServiceImpl           : [create][Create Order][Ready to Create Order]
2026-03-18 09:39:53.279  INFO 1 --- [io-12031-exec-5] order.service.OrderServiceImpl           : [create][Order Create Success][Order Price][OrderId:6d7ee8d0-4c2c-461c-be55-1a66d1587bdc , Price: 0.0]
2026-03-18 09:39:53.558  INFO 1 --- [io-12031-exec-4] order.controller.OrderController         : [createNewOrder][Create Order][from shanghai to taiyuan at 1970-01-02 18:17:36]
2026-03-18 09:39:53.558  INFO 1 --- [io-12031-exec-4] order.service.OrderServiceImpl           : [create][Create Order][Ready to Create Order]
2026-03-18 09:39:53.571  INFO 1 --- [io-12031-exec-4] order.service.OrderServiceImpl           : [create][Order Create Success][Order Price][OrderId:28d77ec8-9a17-4d01-ae8a-b005944c4d62 , Price: 0.0]
2026-03-18 09:39:53.933  INFO 1 --- [io-12031-exec-6] order.controller.OrderController         : [createNewOrder][Create Order][from shanghai to taiyuan at 1970-01-02 18:17:36]
2026-03-18 09:39:53.933  INFO 1 --- [io-12031-exec-6] order.service.OrderServiceImpl           : [create][Create Order][Ready to Create Order]
2026-03-18 09:39:53.946  INFO 1 --- [io-12031-exec-6] order.service.OrderServiceImpl           : [create][Order Create Success][Order Price][OrderId:ab5b2452-9057-4677-8580-495f5c5ee916 , Price: 0.0]
2026-03-18 09:39:54.184  INFO 1 --- [io-12031-exec-7] order.controller.OrderController         : [createNewOrder][Create Order][from shanghai to taiyuan at 1970-01-02 18:17:36]
2026-03-18 09:39:54.184  INFO 1 --- [io-12031-exec-7] order.service.OrderServiceImpl           : [create][Create Order][Ready to Create Order]
2026-03-18 09:39:54.199  INFO 1 --- [io-12031-exec-7] order.service.OrderServiceImpl           : [create][Order Create Success][Order Price][OrderId:d8a08607-d1ba-4caa-81dd-a63029bfc44d , Price: 0.0]
2026-03-18 09:39:54.463  INFO 1 --- [io-12031-exec-8] order.controller.OrderController         : [createNewOrder][Create Order][from shanghai to taiyuan at 1970-01-02 18:17:36]
2026-03-18 09:39:54.463  INFO 1 --- [io-12031-exec-8] order.service.OrderServiceImpl           : [create][Create Order][Ready to Create Order]
2026-03-18 09:39:54.475  INFO 1 --- [io-12031-exec-8] order.service.OrderServiceImpl           : [create][Order Create Success][Order Price][OrderId:e6df6d36-724f-43d9-9600-8eaa118e0931 , Price: 0.0]
2026-03-18 09:39:54.758  INFO 1 --- [io-12031-exec-9] order.controller.OrderController         : [createNewOrder][Create Order][from shanghai to taiyuan at 1970-01-02 18:17:36]
2026-03-18 09:39:54.758  INFO 1 --- [io-12031-exec-9] order.service.OrderServiceImpl           : [create][Create Order][Ready to Create Order]
2026-03-18 09:39:54.780  INFO 1 --- [io-12031-exec-9] order.service.OrderServiceImpl           : [create][Order Create Success][Order Price][OrderId:77c98655-c8c5-4a04-8ac4-329b07706455 , Price: 0.0]
2026-03-18 09:39:55.061  INFO 1 --- [o-12031-exec-10] order.controller.OrderController         : [createNewOrder][Create Order][from shanghai to taiyuan at 1970-01-02 18:17:36]
2026-03-18 09:39:55.061  INFO 1 --- [o-12031-exec-10] order.service.OrderServiceImpl           : [create][Create Order][Ready to Create Order]
2026-03-18 09:39:55.072  INFO 1 --- [o-12031-exec-10] order.service.OrderServiceImpl           : [create][Order Create Success][Order Price][OrderId:49975b50-5166-4843-957a-9304d96c4b3b , Price: 0.0]
2026-03-18 09:39:55.355  INFO 1 --- [io-12031-exec-1] order.controller.OrderController         : [createNewOrder][Create Order][from shanghai to taiyuan at 1970-01-02 18:17:36]
2026-03-18 09:39:55.355  INFO 1 --- [io-12031-exec-1] order.service.OrderServiceImpl           : [create][Create Order][Ready to Create Order]
2026-03-18 09:39:55.367  INFO 1 --- [io-12031-exec-1] order.service.OrderServiceImpl           : [create][Order Create Success][Order Price][OrderId:d3bc863f-a005-4c30-b3af-aa99cc3b0244 , Price: 0.0]
2026-03-18 09:39:55.655  INFO 1 --- [io-12031-exec-3] order.controller.OrderController         : [createNewOrder][Create Order][from shanghai to taiyuan at 1970-01-02 18:17:36]
2026-03-18 09:39:55.655  INFO 1 --- [io-12031-exec-3] order.service.OrderServiceImpl           : [create][Create Order][Ready to Create Order]
2026-03-18 09:39:55.666  INFO 1 --- [io-12031-exec-3] order.service.OrderServiceImpl           : [create][Order Create Success][Order Price][OrderId:61573743-ceb9-4d15-b7e3-179ab6a8eda8 , Price: 0.0]
2026-03-18 09:39:55.955  INFO 1 --- [io-12031-exec-2] order.controller.OrderController         : [createNewOrder][Create Order][from shanghai to taiyuan at 1970-01-02 18:17:36]
2026-03-18 09:39:55.956  INFO 1 --- [io-12031-exec-2] order.service.OrderServiceImpl           : [create][Create Order][Ready to Create Order]
2026-03-18 09:39:55.968  INFO 1 --- [io-12031-exec-2] order.service.OrderServiceImpl           : [create][Order Create Success][Order Price][OrderId:75a2601e-9946-476c-920a-9a9a899d3157 , Price: 0.0]
2026-03-18 09:39:56.258  INFO 1 --- [io-12031-exec-5] order.controller.OrderController         : [createNewOrder][Create Order][from shanghai to taiyuan at 1970-01-02 18:17:36]
2026-03-18 09:39:56.258  INFO 1 --- [io-12031-exec-5] order.service.OrderServiceImpl           : [create][Create Order][Ready to Create Order]
2026-03-18 09:39:56.271  INFO 1 --- [io-12031-exec-5] order.service.OrderServiceImpl           : [create][Order Create Success][Order Price][OrderId:d4590ccd-a772-4d69-a4f4-e70e1afc167d , Price: 0.0]
2026-03-18 09:39:56.563  INFO 1 --- [io-12031-exec-4] order.controller.OrderController         : [createNewOrder][Create Order][from shanghai to taiyuan at 1970-01-02 18:17:36]
2026-03-18 09:39:56.564  INFO 1 --- [io-12031-exec-4] order.service.OrderServiceImpl           : [create][Create Order][Ready to Create Order]
2026-03-18 09:39:56.579  INFO 1 --- [io-12031-exec-4] order.service.OrderServiceImpl           : [create][Order Create Success][Order Price][OrderId:214b4ebd-4714-41ec-90eb-474e2a5b28e5 , Price: 0.0]
2026-03-18 09:39:56.862  INFO 1 --- [io-12031-exec-6] order.controller.OrderController         : [createNewOrder][Create Order][from shanghai to taiyuan at 1970-01-02 18:17:36]
2026-03-18 09:39:56.862  INFO 1 --- [io-12031-exec-6] order.service.OrderServiceImpl           : [create][Create Order][Ready to Create Order]
2026-03-18 09:39:56.873  INFO 1 --- [io-12031-exec-6] order.service.OrderServiceImpl           : [create][Order Create Success][Order Price][OrderId:a2e0d44f-d169-4b4e-952e-bbd58b9ce430 , Price: 0.0]
2026-03-18 09:39:57.218  INFO 1 --- [io-12031-exec-7] order.controller.OrderController         : [createNewOrder][Create Order][from shanghai to taiyuan at 1970-01-02 18:17:36]
2026-03-18 09:39:57.218  INFO 1 --- [io-12031-exec-7] order.service.OrderServiceImpl           : [create][Create Order][Ready to Create Order]
2026-03-18 09:39:57.230  INFO 1 --- [io-12031-exec-7] order.service.OrderServiceImpl           : [create][Order Create Success][Order Price][OrderId:b5dda89f-3f7f-4e1d-974f-f2c2c64b561a , Price: 0.0]
2026-03-18 09:39:57.469  INFO 1 --- [io-12031-exec-8] order.controller.OrderController         : [createNewOrder][Create Order][from shanghai to taiyuan at 1970-01-02 18:17:36]
2026-03-18 09:39:57.469  INFO 1 --- [io-12031-exec-8] order.service.OrderServiceImpl           : [create][Create Order][Ready to Create Order]
2026-03-18 09:39:57.484  INFO 1 --- [io-12031-exec-8] order.service.OrderServiceImpl           : [create][Order Create Success][Order Price][OrderId:a5ae70c7-8172-463d-b545-31f30d0bcff0 , Price: 0.0]
2026-03-18 09:39:57.767  INFO 1 --- [io-12031-exec-9] order.controller.OrderController         : [createNewOrder][Create Order][from shanghai to taiyuan at 1970-01-02 18:17:36]
2026-03-18 09:39:57.767  INFO 1 --- [io-12031-exec-9] order.service.OrderServiceImpl           : [create][Create Order][Ready to Create Order]
2026-03-18 09:39:57.779  INFO 1 --- [io-12031-exec-9] order.service.OrderServiceImpl           : [create][Order Create Success][Order Price][OrderId:5019b3fe-facd-4ac5-8d4b-ce389c8adf86 , Price: 0.0]
2026-03-18 09:39:58.061  INFO 1 --- [o-12031-exec-10] order.controller.OrderController         : [createNewOrder][Create Order][from shanghai to taiyuan at 1970-01-02 18:17:36]
2026-03-18 09:39:58.061  INFO 1 --- [o-12031-exec-10] order.service.OrderServiceImpl           : [create][Create Order][Ready to Create Order]
2026-03-18 09:39:58.075  INFO 1 --- [o-12031-exec-10] order.service.OrderServiceImpl           : [create][Order Create Success][Order Price][OrderId:18df4c6a-b86d-404c-a8a3-a94155fc2df5 , Price: 0.0]
2026-03-18 09:39:58.363  INFO 1 --- [io-12031-exec-1] order.controller.OrderController         : [createNewOrder][Create Order][from shanghai to taiyuan at 1970-01-02 18:17:36]
2026-03-18 09:39:58.364  INFO 1 --- [io-12031-exec-1] order.service.OrderServiceImpl           : [create][Create Order][Ready to Create Order]
2026-03-18 09:39:58.467  INFO 1 --- [io-12031-exec-1] order.service.OrderServiceImpl           : [create][Order Create Success][Order Price][OrderId:4b4c724d-b0f5-45a0-a623-c87db4000274 , Price: 0.0]
2026-03-18 09:39:58.748  INFO 1 --- [io-12031-exec-3] order.controller.OrderController         : [createNewOrder][Create Order][from shanghai to taiyuan at 1970-01-02 18:17:36]
2026-03-18 09:39:58.748  INFO 1 --- [io-12031-exec-3] order.service.OrderServiceImpl           : [create][Create Order][Ready to Create Order]
2026-03-18 09:39:58.758  INFO 1 --- [io-12031-exec-3] order.service.OrderServiceImpl           : [create][Order Create Success][Order Price][OrderId:d3b858c4-1fcb-4134-9113-086ed064e629 , Price: 0.0]
2026-03-18 09:39:59.046  INFO 1 --- [io-12031-exec-2] order.controller.OrderController         : [createNewOrder][Create Order][from shanghai to taiyuan at 1970-01-02 18:17:36]
2026-03-18 09:39:59.046  INFO 1 --- [io-12031-exec-2] order.service.OrderServiceImpl           : [create][Create Order][Ready to Create Order]
2026-03-18 09:39:59.060  INFO 1 --- [io-12031-exec-2] order.service.OrderServiceImpl           : [create][Order Create Success][Order Price][OrderId:9eb32726-c8cc-4dbc-892e-e44c8bd97472 , Price: 0.0]
2026-03-18 09:39:59.351  INFO 1 --- [io-12031-exec-5] order.controller.OrderController         : [createNewOrder][Create Order][from shanghai to taiyuan at 1970-01-02 18:17:36]
2026-03-18 09:39:59.351  INFO 1 --- [io-12031-exec-5] order.service.OrderServiceImpl           : [create][Create Order][Ready to Create Order]
2026-03-18 09:39:59.363  INFO 1 --- [io-12031-exec-5] order.service.OrderServiceImpl           : [create][Order Create Success][Order Price][OrderId:8096611c-d9b4-41a7-acae-c06e6ddfa1f1 , Price: 0.0]
2026-03-18 09:39:59.655  INFO 1 --- [io-12031-exec-4] order.controller.OrderController         : [createNewOrder][Create Order][from shanghai to taiyuan at 1970-01-02 18:17:36]
2026-03-18 09:39:59.655  INFO 1 --- [io-12031-exec-4] order.service.OrderServiceImpl           : [create][Create Order][Ready to Create Order]
2026-03-18 09:39:59.668  INFO 1 --- [io-12031-exec-4] order.service.OrderServiceImpl           : [create][Order Create Success][Order Price][OrderId:02b1b8da-b63c-47c5-893d-a0aaec6f1b20 , Price: 0.0]
2026-03-18 09:39:59.961  INFO 1 --- [io-12031-exec-6] order.controller.OrderController         : [createNewOrder][Create Order][from shanghai to taiyuan at 1970-01-02 18:17:36]
2026-03-18 09:39:59.961  INFO 1 --- [io-12031-exec-6] order.service.OrderServiceImpl           : [create][Create Order][Ready to Create Order]
2026-03-18 09:39:59.974  INFO 1 --- [io-12031-exec-6] order.service.OrderServiceImpl           : [create][Order Create Success][Order Price][OrderId:f2d88c5b-3cb6-4853-9af1-d8378357d604 , Price: 0.0]
2026-03-18 09:40:00.263  INFO 1 --- [io-12031-exec-7] order.controller.OrderController         : [createNewOrder][Create Order][from shanghai to taiyuan at 1970-01-02 18:17:36]
2026-03-18 09:40:00.263  INFO 1 --- [io-12031-exec-7] order.service.OrderServiceImpl           : [create][Create Order][Ready to Create Order]
2026-03-18 09:40:00.384  INFO 1 --- [io-12031-exec-7] order.service.OrderServiceImpl           : [create][Order Create Success][Order Price][OrderId:8d59b6b7-0098-44d3-9459-816e6e6dbb06 , Price: 0.0]
2026-03-18 09:40:00.664  INFO 1 --- [io-12031-exec-8] order.controller.OrderController         : [createNewOrder][Create Order][from shanghai to taiyuan at 1970-01-02 18:17:36]
2026-03-18 09:40:00.664  INFO 1 --- [io-12031-exec-8] order.service.OrderServiceImpl           : [create][Create Order][Ready to Create Order]
2026-03-18 09:40:00.678  INFO 1 --- [io-12031-exec-8] order.service.OrderServiceImpl           : [create][Order Create Success][Order Price][OrderId:611e32e9-72fd-437a-928e-cf3e0e87679f , Price: 0.0]
2026-03-18 09:40:00.969  INFO 1 --- [io-12031-exec-9] order.controller.OrderController         : [createNewOrder][Create Order][from shanghai to taiyuan at 1970-01-02 18:17:36]
2026-03-18 09:40:00.969  INFO 1 --- [io-12031-exec-9] order.service.OrderServiceImpl           : [create][Create Order][Ready to Create Order]
2026-03-18 09:40:00.982  INFO 1 --- [io-12031-exec-9] order.service.OrderServiceImpl           : [create][Order Create Success][Order Price][OrderId:333d81b7-36b7-40f8-a6a0-980389bc42e3 , Price: 0.0]
2026-03-18 09:40:01.267  INFO 1 --- [io-12031-exec-1] order.controller.OrderController         : [createNewOrder][Create Order][from shanghai to taiyuan at 1970-01-02 18:17:36]
2026-03-18 09:40:01.268  INFO 1 --- [io-12031-exec-1] order.service.OrderServiceImpl           : [create][Create Order][Ready to Create Order]
2026-03-18 09:40:01.282  INFO 1 --- [io-12031-exec-1] order.service.OrderServiceImpl           : [create][Order Create Success][Order Price][OrderId:8a6bcc17-793a-4f84-9d3a-b12086df6995 , Price: 0.0]
2026-03-18 09:40:01.562  INFO 1 --- [io-12031-exec-3] order.controller.OrderController         : [createNewOrder][Create Order][from shanghai to taiyuan at 1970-01-02 18:17:36]
2026-03-18 09:40:01.562  INFO 1 --- [io-12031-exec-3] order.service.OrderServiceImpl           : [create][Create Order][Ready to Create Order]
2026-03-18 09:40:01.574  INFO 1 --- [io-12031-exec-3] order.service.OrderServiceImpl           : [create][Order Create Success][Order Price][OrderId:5088df26-0225-4f2e-a28f-fc1b87c2eecd , Price: 0.0]
2026-03-18 09:40:01.859  INFO 1 --- [io-12031-exec-2] order.controller.OrderController         : [createNewOrder][Create Order][from shanghai to taiyuan at 1970-01-02 18:17:36]
2026-03-18 09:40:01.859  INFO 1 --- [io-12031-exec-2] order.service.OrderServiceImpl           : [create][Create Order][Ready to Create Order]
2026-03-18 09:40:01.870  INFO 1 --- [io-12031-exec-2] order.service.OrderServiceImpl           : [create][Order Create Success][Order Price][OrderId:9d4bbc61-57b8-42c0-877c-a42d16ccdd4d , Price: 0.0]
2026-03-18 09:40:02.158  INFO 1 --- [io-12031-exec-5] order.controller.OrderController         : [createNewOrder][Create Order][from shanghai to taiyuan at 1970-01-02 18:17:36]
2026-03-18 09:40:02.158  INFO 1 --- [io-12031-exec-5] order.service.OrderServiceImpl           : [create][Create Order][Ready to Create Order]
2026-03-18 09:40:02.174  INFO 1 --- [io-12031-exec-5] order.service.OrderServiceImpl           : [create][Order Create Success][Order Price][OrderId:40b84dc0-06b0-400b-b3e1-2833d846b0b2 , Price: 0.0]
2026-03-18 09:40:02.460  INFO 1 --- [io-12031-exec-4] order.controller.OrderController         : [createNewOrder][Create Order][from shanghai to taiyuan at 1970-01-02 18:17:36]
2026-03-18 09:40:02.460  INFO 1 --- [io-12031-exec-4] order.service.OrderServiceImpl           : [create][Create Order][Ready to Create Order]
2026-03-18 09:40:02.474  INFO 1 --- [io-12031-exec-4] order.service.OrderServiceImpl           : [create][Order Create Success][Order Price][OrderId:696b861f-6471-47e8-9b5e-ec023e7c9b22 , Price: 0.0]
2026-03-18 09:40:02.761  INFO 1 --- [io-12031-exec-6] order.controller.OrderController         : [createNewOrder][Create Order][from shanghai to taiyuan at 1970-01-02 18:17:36]
2026-03-18 09:40:02.761  INFO 1 --- [io-12031-exec-6] order.service.OrderServiceImpl           : [create][Create Order][Ready to Create Order]
2026-03-18 09:40:02.774  INFO 1 --- [io-12031-exec-6] order.service.OrderServiceImpl           : [create][Order Create Success][Order Price][OrderId:e08fb0e5-4846-4456-b4ff-ac60a7f79e14 , Price: 0.0]
2026-03-18 09:40:03.055  INFO 1 --- [io-12031-exec-7] order.controller.OrderController         : [createNewOrder][Create Order][from shanghai to taiyuan at 1970-01-02 18:17:36]
2026-03-18 09:40:03.055  INFO 1 --- [io-12031-exec-7] order.service.OrderServiceImpl           : [create][Create Order][Ready to Create Order]
2026-03-18 09:40:03.067  INFO 1 --- [io-12031-exec-7] order.service.OrderServiceImpl           : [create][Order Create Success][Order Price][OrderId:9f5faf8d-d806-452d-b472-72968776bc60 , Price: 0.0]
2026-03-18 09:40:03.358  INFO 1 --- [io-12031-exec-8] order.controller.OrderController         : [createNewOrder][Create Order][from shanghai to taiyuan at 1970-01-02 18:17:36]
2026-03-18 09:40:03.358  INFO 1 --- [io-12031-exec-8] order.service.OrderServiceImpl           : [create][Create Order][Ready to Create Order]
2026-03-18 09:40:03.370  INFO 1 --- [io-12031-exec-8] order.service.OrderServiceImpl           : [create][Order Create Success][Order Price][OrderId:183bc270-ff98-4da7-b059-cef9f1a0af0c , Price: 0.0]
2026-03-18 09:40:03.652  INFO 1 --- [io-12031-exec-9] order.controller.OrderController         : [createNewOrder][Create Order][from shanghai to taiyuan at 1970-01-02 18:17:36]
2026-03-18 09:40:03.652  INFO 1 --- [io-12031-exec-9] order.service.OrderServiceImpl           : [create][Create Order][Ready to Create Order]
2026-03-18 09:40:03.664  INFO 1 --- [io-12031-exec-9] order.service.OrderServiceImpl           : [create][Order Create Success][Order Price][OrderId:596c2e9a-da23-4eb3-b796-ace69d965e3e , Price: 0.0]
2026-03-18 09:40:03.952  INFO 1 --- [o-12031-exec-10] order.controller.OrderController         : [createNewOrder][Create Order][from shanghai to taiyuan at 1970-01-02 18:17:36]
2026-03-18 09:40:03.952  INFO 1 --- [o-12031-exec-10] order.service.OrderServiceImpl           : [create][Create Order][Ready to Create Order]
2026-03-18 09:40:03.966  INFO 1 --- [o-12031-exec-10] order.service.OrderServiceImpl           : [create][Order Create Success][Order Price][OrderId:a631d4de-c3a3-4797-93e3-aadff65e5129 , Price: 0.0]
2026-03-18 09:40:04.255  INFO 1 --- [io-12031-exec-1] order.controller.OrderController         : [createNewOrder][Create Order][from shanghai to taiyuan at 1970-01-02 18:17:36]
2026-03-18 09:40:04.255  INFO 1 --- [io-12031-exec-1] order.service.OrderServiceImpl           : [create][Create Order][Ready to Create Order]
2026-03-18 09:40:04.270  INFO 1 --- [io-12031-exec-1] order.service.OrderServiceImpl           : [create][Order Create Success][Order Price][OrderId:7996bca1-5e01-4c7a-bd0b-5d0edcb40a2a , Price: 0.0]
2026-03-18 09:40:04.582  INFO 1 --- [io-12031-exec-3] order.controller.OrderController         : [createNewOrder][Create Order][from shanghai to taiyuan at 1970-01-02 18:17:36]
2026-03-18 09:40:04.582  INFO 1 --- [io-12031-exec-3] order.service.OrderServiceImpl           : [create][Create Order][Ready to Create Order]
2026-03-18 09:40:04.593  INFO 1 --- [io-12031-exec-3] order.service.OrderServiceImpl           : [create][Order Create Success][Order Price][OrderId:17e9c2a4-1843-478c-89ab-292809bbbfa4 , Price: 0.0]
2026-03-18 09:40:04.870  INFO 1 --- [io-12031-exec-2] order.controller.OrderController         : [createNewOrder][Create Order][from shanghai to taiyuan at 1970-01-02 18:17:36]
2026-03-18 09:40:04.870  INFO 1 --- [io-12031-exec-2] order.service.OrderServiceImpl           : [create][Create Order][Ready to Create Order]
2026-03-18 09:40:04.883  INFO 1 --- [io-12031-exec-2] order.service.OrderServiceImpl           : [create][Order Create Success][Order Price][OrderId:d6d41a1e-0695-4060-bd56-b11439520661 , Price: 0.0]
2026-03-18 09:40:05.162  INFO 1 --- [io-12031-exec-5] order.controller.OrderController         : [createNewOrder][Create Order][from shanghai to taiyuan at 1970-01-02 18:17:36]
2026-03-18 09:40:05.162  INFO 1 --- [io-12031-exec-5] order.service.OrderServiceImpl           : [create][Create Order][Ready to Create Order]
2026-03-18 09:40:05.175  INFO 1 --- [io-12031-exec-5] order.service.OrderServiceImpl           : [create][Order Create Success][Order Price][OrderId:a340e03b-0f79-4b14-a4ad-c0b07d8d986b , Price: 0.0]
2026-03-18 09:40:05.468  INFO 1 --- [io-12031-exec-4] order.controller.OrderController         : [createNewOrder][Create Order][from shanghai to taiyuan at 1970-01-02 18:17:36]
2026-03-18 09:40:05.468  INFO 1 --- [io-12031-exec-4] order.service.OrderServiceImpl           : [create][Create Order][Ready to Create Order]
2026-03-18 09:40:05.574  INFO 1 --- [io-12031-exec-4] order.service.OrderServiceImpl           : [create][Order Create Success][Order Price][OrderId:a5d958e8-6c50-4fef-9546-e36fa50a644f , Price: 0.0]
2026-03-18 09:40:05.860  INFO 1 --- [io-12031-exec-6] order.controller.OrderController         : [createNewOrder][Create Order][from shanghai to taiyuan at 1970-01-02 18:17:36]
2026-03-18 09:40:05.860  INFO 1 --- [io-12031-exec-6] order.service.OrderServiceImpl           : [create][Create Order][Ready to Create Order]
2026-03-18 09:40:05.872  INFO 1 --- [io-12031-exec-6] order.service.OrderServiceImpl           : [create][Order Create Success][Order Price][OrderId:08b9ee03-a914-4164-b534-85536d070af3 , Price: 0.0]
2026-03-18 09:40:06.166  INFO 1 --- [io-12031-exec-7] order.controller.OrderController         : [createNewOrder][Create Order][from shanghai to taiyuan at 1970-01-02 18:17:36]
2026-03-18 09:40:06.166  INFO 1 --- [io-12031-exec-7] order.service.OrderServiceImpl           : [create][Create Order][Ready to Create Order]
2026-03-18 09:40:06.187  INFO 1 --- [io-12031-exec-7] order.service.OrderServiceImpl           : [create][Order Create Success][Order Price][OrderId:021568e2-fe90-40b1-b9f9-fd3a492a5795 , Price: 0.0]
2026-03-18 09:40:06.558  INFO 1 --- [io-12031-exec-8] order.controller.OrderController         : [createNewOrder][Create Order][from shanghai to taiyuan at 1970-01-02 18:17:36]
2026-03-18 09:40:06.558  INFO 1 --- [io-12031-exec-8] order.service.OrderServiceImpl           : [create][Create Order][Ready to Create Order]
2026-03-18 09:40:06.571  INFO 1 --- [io-12031-exec-8] order.service.OrderServiceImpl           : [create][Order Create Success][Order Price][OrderId:72ed2bb9-ae15-4f75-8e85-52e2e6da9f99 , Price: 0.0]
2026-03-18 09:40:06.860  INFO 1 --- [io-12031-exec-9] order.controller.OrderController         : [createNewOrder][Create Order][from shanghai to taiyuan at 1970-01-02 18:17:36]
2026-03-18 09:40:06.860  INFO 1 --- [io-12031-exec-9] order.service.OrderServiceImpl           : [create][Create Order][Ready to Create Order]
2026-03-18 09:40:06.872  INFO 1 --- [io-12031-exec-9] order.service.OrderServiceImpl           : [create][Order Create Success][Order Price][OrderId:334198e3-1955-48f3-961e-9ad5ad399e9a , Price: 0.0]
2026-03-18 09:40:07.160  INFO 1 --- [o-12031-exec-10] order.controller.OrderController         : [createNewOrder][Create Order][from shanghai to taiyuan at 1970-01-02 18:17:36]
2026-03-18 09:40:07.160  INFO 1 --- [o-12031-exec-10] order.service.OrderServiceImpl           : [create][Create Order][Ready to Create Order]
2026-03-18 09:40:07.176  INFO 1 --- [o-12031-exec-10] order.service.OrderServiceImpl           : [create][Order Create Success][Order Price][OrderId:ad382459-b265-4327-b9fc-766ae9bea321 , Price: 0.0]
2026-03-18 09:40:07.466  INFO 1 --- [io-12031-exec-1] order.controller.OrderController         : [createNewOrder][Create Order][from shanghai to taiyuan at 1970-01-02 18:17:36]
2026-03-18 09:40:07.466  INFO 1 --- [io-12031-exec-1] order.service.OrderServiceImpl           : [create][Create Order][Ready to Create Order]
2026-03-18 09:40:07.478  INFO 1 --- [io-12031-exec-1] order.service.OrderServiceImpl           : [create][Order Create Success][Order Price][OrderId:f0d33511-c50f-4aae-801f-4c39c106d06d , Price: 0.0]
2026-03-18 09:40:07.763  INFO 1 --- [io-12031-exec-3] order.controller.OrderController         : [createNewOrder][Create Order][from shanghai to taiyuan at 1970-01-02 18:17:36]
2026-03-18 09:40:07.763  INFO 1 --- [io-12031-exec-3] order.service.OrderServiceImpl           : [create][Create Order][Ready to Create Order]
2026-03-18 09:40:07.775  INFO 1 --- [io-12031-exec-3] order.service.OrderServiceImpl           : [create][Order Create Success][Order Price][OrderId:0efc7a95-2ce3-41bb-8eb1-a7b9e72285bf , Price: 0.0]
2026-03-18 09:40:08.259  INFO 1 --- [io-12031-exec-2] order.controller.OrderController         : [createNewOrder][Create Order][from shanghai to taiyuan at 1970-01-02 18:17:36]
2026-03-18 09:40:08.259  INFO 1 --- [io-12031-exec-2] order.service.OrderServiceImpl           : [create][Create Order][Ready to Create Order]
2026-03-18 09:40:08.276  INFO 1 --- [io-12031-exec-2] order.service.OrderServiceImpl           : [create][Order Create Success][Order Price][OrderId:9f8f62db-17b5-4bd8-8daa-4642e38cde0c , Price: 0.0]
2026-03-18 09:40:08.674  INFO 1 --- [io-12031-exec-5] order.controller.OrderController         : [createNewOrder][Create Order][from shanghai to taiyuan at 1970-01-02 18:17:36]
2026-03-18 09:40:08.674  INFO 1 --- [io-12031-exec-5] order.service.OrderServiceImpl           : [create][Create Order][Ready to Create Order]
2026-03-18 09:40:08.773  INFO 1 --- [io-12031-exec-5] order.service.OrderServiceImpl           : [create][Order Create Success][Order Price][OrderId:345e29b0-2a45-4886-ac1e-51abec6ba954 , Price: 0.0]
2026-03-18 09:40:09.068  INFO 1 --- [io-12031-exec-4] order.controller.OrderController         : [createNewOrder][Create Order][from shanghai to taiyuan at 1970-01-02 18:17:36]
2026-03-18 09:40:09.068  INFO 1 --- [io-12031-exec-4] order.service.OrderServiceImpl           : [create][Create Order][Ready to Create Order]
2026-03-18 09:40:09.083  INFO 1 --- [io-12031-exec-4] order.service.OrderServiceImpl           : [create][Order Create Success][Order Price][OrderId:f1132097-44e4-44ac-b5b8-e2918a587482 , Price: 0.0]
2026-03-18 09:40:09.365  INFO 1 --- [io-12031-exec-6] order.controller.OrderController         : [createNewOrder][Create Order][from shanghai to taiyuan at 1970-01-02 18:17:36]
2026-03-18 09:40:09.365  INFO 1 --- [io-12031-exec-6] order.service.OrderServiceImpl           : [create][Create Order][Ready to Create Order]
2026-03-18 09:40:09.377  INFO 1 --- [io-12031-exec-6] order.service.OrderServiceImpl           : [create][Order Create Success][Order Price][OrderId:fb860421-14ed-4fdf-9966-80122bbcafa1 , Price: 0.0]
2026-03-18 09:40:09.655  INFO 1 --- [io-12031-exec-7] order.controller.OrderController         : [createNewOrder][Create Order][from shanghai to taiyuan at 1970-01-02 18:17:36]
2026-03-18 09:40:09.655  INFO 1 --- [io-12031-exec-7] order.service.OrderServiceImpl           : [create][Create Order][Ready to Create Order]
2026-03-18 09:40:09.666  INFO 1 --- [io-12031-exec-7] order.service.OrderServiceImpl           : [create][Order Create Success][Order Price][OrderId:0258c3c3-c2e4-4367-818e-550fbb209de8 , Price: 0.0]
2026-03-18 09:40:09.957  INFO 1 --- [io-12031-exec-8] order.controller.OrderController         : [createNewOrder][Create Order][from shanghai to taiyuan at 1970-01-02 18:17:36]
2026-03-18 09:40:09.957  INFO 1 --- [io-12031-exec-8] order.service.OrderServiceImpl           : [create][Create Order][Ready to Create Order]
2026-03-18 09:40:09.970  INFO 1 --- [io-12031-exec-8] order.service.OrderServiceImpl           : [create][Order Create Success][Order Price][OrderId:b7ab27ed-e103-4b36-a99e-de637d4719a9 , Price: 0.0]
2026-03-18 09:40:10.462  INFO 1 --- [io-12031-exec-9] order.controller.OrderController         : [createNewOrder][Create Order][from shanghai to taiyuan at 1970-01-02 18:17:36]
2026-03-18 09:40:10.462  INFO 1 --- [io-12031-exec-9] order.service.OrderServiceImpl           : [create][Create Order][Ready to Create Order]
2026-03-18 09:40:10.475  INFO 1 --- [io-12031-exec-9] order.service.OrderServiceImpl           : [create][Order Create Success][Order Price][OrderId:d5ae5164-e76c-4c5f-944d-e16dfb58e930 , Price: 0.0]
2026-03-18 09:40:10.757  INFO 1 --- [o-12031-exec-10] order.controller.OrderController         : [createNewOrder][Create Order][from shanghai to taiyuan at 1970-01-02 18:17:36]
2026-03-18 09:40:10.757  INFO 1 --- [o-12031-exec-10] order.service.OrderServiceImpl           : [create][Create Order][Ready to Create Order]
2026-03-18 09:40:10.771  INFO 1 --- [o-12031-exec-10] order.service.OrderServiceImpl           : [create][Order Create Success][Order Price][OrderId:72febf33-9c21-4cb2-8503-68cf723f32bf , Price: 0.0]
2026-03-18 09:40:11.054  INFO 1 --- [io-12031-exec-1] order.controller.OrderController         : [createNewOrder][Create Order][from shanghai to taiyuan at 1970-01-02 18:17:36]
2026-03-18 09:40:11.054  INFO 1 --- [io-12031-exec-1] order.service.OrderServiceImpl           : [create][Create Order][Ready to Create Order]
2026-03-18 09:40:11.067  INFO 1 --- [io-12031-exec-1] order.service.OrderServiceImpl           : [create][Order Create Success][Order Price][OrderId:a1f9d314-beb8-4df3-b696-504c06d74ca7 , Price: 0.0]
2026-03-18 09:40:11.361  INFO 1 --- [io-12031-exec-2] order.controller.OrderController         : [createNewOrder][Create Order][from shanghai to taiyuan at 1970-01-02 18:17:36]
2026-03-18 09:40:11.361  INFO 1 --- [io-12031-exec-2] order.service.OrderServiceImpl           : [create][Create Order][Ready to Create Order]
2026-03-18 09:40:11.384  INFO 1 --- [io-12031-exec-2] order.service.OrderServiceImpl           : [create][Order Create Success][Order Price][OrderId:931f2c8a-c616-4c73-876b-360fee267675 , Price: 0.0]
2026-03-18 09:40:11.666  INFO 1 --- [io-12031-exec-5] order.controller.OrderController         : [createNewOrder][Create Order][from shanghai to taiyuan at 1970-01-02 18:17:36]
2026-03-18 09:40:11.666  INFO 1 --- [io-12031-exec-5] order.service.OrderServiceImpl           : [create][Create Order][Ready to Create Order]
2026-03-18 09:40:11.678  INFO 1 --- [io-12031-exec-5] order.service.OrderServiceImpl           : [create][Order Create Success][Order Price][OrderId:24642a46-c4d4-4a88-89ad-965c1e1c298b , Price: 0.0]
2026-03-18 09:40:11.965  INFO 1 --- [io-12031-exec-4] order.controller.OrderController         : [createNewOrder][Create Order][from shanghai to taiyuan at 1970-01-02 18:17:36]
2026-03-18 09:40:11.965  INFO 1 --- [io-12031-exec-4] order.service.OrderServiceImpl           : [create][Create Order][Ready to Create Order]
2026-03-18 09:40:11.976  INFO 1 --- [io-12031-exec-4] order.service.OrderServiceImpl           : [create][Order Create Success][Order Price][OrderId:7e94916b-47f7-46cf-949e-a12b490b6409 , Price: 0.0]
2026-03-18 09:40:12.262  INFO 1 --- [io-12031-exec-6] order.controller.OrderController         : [createNewOrder][Create Order][from shanghai to taiyuan at 1970-01-02 18:17:36]
2026-03-18 09:40:12.262  INFO 1 --- [io-12031-exec-6] order.service.OrderServiceImpl           : [create][Create Order][Ready to Create Order]
2026-03-18 09:40:12.272  INFO 1 --- [io-12031-exec-6] order.service.OrderServiceImpl           : [create][Order Create Success][Order Price][OrderId:3c425059-f08a-46b4-a818-3b7e94a10947 , Price: 0.0]
2026-03-18 09:40:12.553  INFO 1 --- [io-12031-exec-7] order.controller.OrderController         : [createNewOrder][Create Order][from shanghai to taiyuan at 1970-01-02 18:17:36]
2026-03-18 09:40:12.554  INFO 1 --- [io-12031-exec-7] order.service.OrderServiceImpl           : [create][Create Order][Ready to Create Order]
2026-03-18 09:40:12.565  INFO 1 --- [io-12031-exec-7] order.service.OrderServiceImpl           : [create][Order Create Success][Order Price][OrderId:168f6910-efc5-4e8b-a79e-289355de1a9e , Price: 0.0]
2026-03-18 09:40:12.843  INFO 1 --- [io-12031-exec-8] order.controller.OrderController         : [createNewOrder][Create Order][from shanghai to taiyuan at 1970-01-02 18:17:36]
2026-03-18 09:40:12.843  INFO 1 --- [io-12031-exec-8] order.service.OrderServiceImpl           : [create][Create Order][Ready to Create Order]
2026-03-18 09:40:12.856  INFO 1 --- [io-12031-exec-8] order.service.OrderServiceImpl           : [create][Order Create Success][Order Price][OrderId:cc6a99ef-1385-4e25-9934-442ed8152c2d , Price: 0.0]
2026-03-18 09:40:13.142  INFO 1 --- [io-12031-exec-9] order.controller.OrderController         : [createNewOrder][Create Order][from shanghai to taiyuan at 1970-01-02 18:17:36]
2026-03-18 09:40:13.142  INFO 1 --- [io-12031-exec-9] order.service.OrderServiceImpl           : [create][Create Order][Ready to Create Order]
2026-03-18 09:40:13.154  INFO 1 --- [io-12031-exec-9] order.service.OrderServiceImpl           : [create][Order Create Success][Order Price][OrderId:fc404e05-a0e3-468f-8ae3-6001ab9c0af4 , Price: 0.0]
2026-03-18 09:40:13.440  INFO 1 --- [o-12031-exec-10] order.controller.OrderController         : [createNewOrder][Create Order][from shanghai to taiyuan at 1970-01-02 18:17:36]
2026-03-18 09:40:13.440  INFO 1 --- [o-12031-exec-10] order.service.OrderServiceImpl           : [create][Create Order][Ready to Create Order]
2026-03-18 09:40:13.453  INFO 1 --- [o-12031-exec-10] order.service.OrderServiceImpl           : [create][Order Create Success][Order Price][OrderId:e203db61-14d7-498a-8808-556126e2f957 , Price: 0.0]
2026-03-18 09:40:13.745  INFO 1 --- [io-12031-exec-1] order.controller.OrderController         : [createNewOrder][Create Order][from shanghai to taiyuan at 1970-01-02 18:17:36]
2026-03-18 09:40:13.745  INFO 1 --- [io-12031-exec-1] order.service.OrderServiceImpl           : [create][Create Order][Ready to Create Order]
2026-03-18 09:40:13.756  INFO 1 --- [io-12031-exec-1] order.service.OrderServiceImpl           : [create][Order Create Success][Order Price][OrderId:419e250f-48dc-459e-854f-aec116eec96f , Price: 0.0]
2026-03-18 09:40:14.038  INFO 1 --- [io-12031-exec-3] order.controller.OrderController         : [createNewOrder][Create Order][from shanghai to taiyuan at 1970-01-02 18:17:36]
2026-03-18 09:40:14.038  INFO 1 --- [io-12031-exec-3] order.service.OrderServiceImpl           : [create][Create Order][Ready to Create Order]
2026-03-18 09:40:14.053  INFO 1 --- [io-12031-exec-3] order.service.OrderServiceImpl           : [create][Order Create Success][Order Price][OrderId:8b08866f-602d-453b-a4f7-8116073479e0 , Price: 0.0]
2026-03-18 09:40:14.370  INFO 1 --- [io-12031-exec-2] order.controller.OrderController         : [createNewOrder][Create Order][from shanghai to taiyuan at 1970-01-02 18:17:36]
2026-03-18 09:40:14.370  INFO 1 --- [io-12031-exec-2] order.service.OrderServiceImpl           : [create][Create Order][Ready to Create Order]
2026-03-18 09:40:14.384  INFO 1 --- [io-12031-exec-2] order.service.OrderServiceImpl           : [create][Order Create Success][Order Price][OrderId:45ccbb14-7cc2-49ff-8026-fbc862452cde , Price: 0.0]
2026-03-18 09:40:14.669  INFO 1 --- [io-12031-exec-5] order.controller.OrderController         : [createNewOrder][Create Order][from shanghai to taiyuan at 1970-01-02 18:17:36]
2026-03-18 09:40:14.669  INFO 1 --- [io-12031-exec-5] order.service.OrderServiceImpl           : [create][Create Order][Ready to Create Order]
2026-03-18 09:40:14.681  INFO 1 --- [io-12031-exec-5] order.service.OrderServiceImpl           : [create][Order Create Success][Order Price][OrderId:6a1885b8-3f75-4e98-a15a-689889a2b120 , Price: 0.0]
2026-03-18 09:40:14.964  INFO 1 --- [io-12031-exec-4] order.controller.OrderController         : [createNewOrder][Create Order][from shanghai to taiyuan at 1970-01-02 18:17:36]
2026-03-18 09:40:14.964  INFO 1 --- [io-12031-exec-4] order.service.OrderServiceImpl           : [create][Create Order][Ready to Create Order]
2026-03-18 09:40:14.979  INFO 1 --- [io-12031-exec-4] order.service.OrderServiceImpl           : [create][Order Create Success][Order Price][OrderId:cd0076ca-76a1-4169-8b9a-a0a1b84e9f8b , Price: 0.0]
2026-03-18 09:40:15.270  INFO 1 --- [io-12031-exec-6] order.controller.OrderController         : [createNewOrder][Create Order][from shanghai to taiyuan at 1970-01-02 18:17:36]
2026-03-18 09:40:15.270  INFO 1 --- [io-12031-exec-6] order.service.OrderServiceImpl           : [create][Create Order][Ready to Create Order]
2026-03-18 09:40:15.287  INFO 1 --- [io-12031-exec-6] order.service.OrderServiceImpl           : [create][Order Create Success][Order Price][OrderId:a2e286aa-f734-424d-bf75-bae28f8e2f7b , Price: 0.0]
2026-03-18 09:40:15.566  INFO 1 --- [io-12031-exec-7] order.controller.OrderController         : [createNewOrder][Create Order][from shanghai to taiyuan at 1970-01-02 18:17:36]
2026-03-18 09:40:15.566  INFO 1 --- [io-12031-exec-7] order.service.OrderServiceImpl           : [create][Create Order][Ready to Create Order]
2026-03-18 09:40:15.579  INFO 1 --- [io-12031-exec-7] order.service.OrderServiceImpl           : [create][Order Create Success][Order Price][OrderId:18198119-c73d-47e4-88f1-f1be538b2a6c , Price: 0.0]
2026-03-18 09:40:15.863  INFO 1 --- [io-12031-exec-8] order.controller.OrderController         : [createNewOrder][Create Order][from shanghai to taiyuan at 1970-01-02 18:17:36]
2026-03-18 09:40:15.863  INFO 1 --- [io-12031-exec-8] order.service.OrderServiceImpl           : [create][Create Order][Ready to Create Order]
2026-03-18 09:40:15.874  INFO 1 --- [io-12031-exec-8] order.service.OrderServiceImpl           : [create][Order Create Success][Order Price][OrderId:8ff24758-6f9f-4e28-bb87-7287369c18e1 , Price: 0.0]
2026-03-18 09:40:16.164  INFO 1 --- [io-12031-exec-9] order.controller.OrderController         : [createNewOrder][Create Order][from shanghai to taiyuan at 1970-01-02 18:17:36]
2026-03-18 09:40:16.164  INFO 1 --- [io-12031-exec-9] order.service.OrderServiceImpl           : [create][Create Order][Ready to Create Order]
2026-03-18 09:40:16.281  INFO 1 --- [io-12031-exec-9] order.service.OrderServiceImpl           : [create][Order Create Success][Order Price][OrderId:5cb97aa8-5409-4396-a2b8-c7db8a6693f0 , Price: 0.0]
2026-03-18 09:40:16.573  INFO 1 --- [o-12031-exec-10] order.controller.OrderController         : [createNewOrder][Create Order][from shanghai to taiyuan at 1970-01-02 18:17:36]
2026-03-18 09:40:16.573  INFO 1 --- [o-12031-exec-10] order.service.OrderServiceImpl           : [create][Create Order][Ready to Create Order]
2026-03-18 09:40:16.586  INFO 1 --- [o-12031-exec-10] order.service.OrderServiceImpl           : [create][Order Create Success][Order Price][OrderId:15740f75-5712-4497-ad4b-92b5fb3f53fc , Price: 0.0]
2026-03-18 09:40:16.860  INFO 1 --- [io-12031-exec-1] order.controller.OrderController         : [createNewOrder][Create Order][from shanghai to taiyuan at 1970-01-02 18:17:36]
2026-03-18 09:40:16.861  INFO 1 --- [io-12031-exec-1] order.service.OrderServiceImpl           : [create][Create Order][Ready to Create Order]
2026-03-18 09:40:16.872  INFO 1 --- [io-12031-exec-1] order.service.OrderServiceImpl           : [create][Order Create Success][Order Price][OrderId:ddf8f94e-74b6-4e1f-8723-5450a114c14a , Price: 0.0]
2026-03-18 09:40:17.161  INFO 1 --- [io-12031-exec-3] order.controller.OrderController         : [createNewOrder][Create Order][from shanghai to taiyuan at 1970-01-02 18:17:36]
2026-03-18 09:40:17.161  INFO 1 --- [io-12031-exec-3] order.service.OrderServiceImpl           : [create][Create Order][Ready to Create Order]
2026-03-18 09:40:17.176  INFO 1 --- [io-12031-exec-3] order.service.OrderServiceImpl           : [create][Order Create Success][Order Price][OrderId:386c0e35-0e35-4cdb-836f-be3d910c3838 , Price: 0.0]
2026-03-18 09:40:17.465  INFO 1 --- [io-12031-exec-2] order.controller.OrderController         : [createNewOrder][Create Order][from shanghai to taiyuan at 1970-01-02 18:17:36]
2026-03-18 09:40:17.465  INFO 1 --- [io-12031-exec-2] order.service.OrderServiceImpl           : [create][Create Order][Ready to Create Order]
2026-03-18 09:40:17.475  INFO 1 --- [io-12031-exec-2] order.service.OrderServiceImpl           : [create][Order Create Success][Order Price][OrderId:902150c2-c8a6-49c4-bdcd-634bb63e3244 , Price: 0.0]
2026-03-18 09:40:17.749  INFO 1 --- [io-12031-exec-5] order.controller.OrderController         : [createNewOrder][Create Order][from shanghai to taiyuan at 1970-01-02 18:17:36]
2026-03-18 09:40:17.750  INFO 1 --- [io-12031-exec-5] order.service.OrderServiceImpl           : [create][Create Order][Ready to Create Order]
2026-03-18 09:40:17.760  INFO 1 --- [io-12031-exec-5] order.service.OrderServiceImpl           : [create][Order Create Success][Order Price][OrderId:4d917fe7-7db3-485a-a653-8eb1dd91e983 , Price: 0.0]
2026-03-18 09:40:18.042  INFO 1 --- [io-12031-exec-4] order.controller.OrderController         : [createNewOrder][Create Order][from shanghai to taiyuan at 1970-01-02 18:17:36]
2026-03-18 09:40:18.042  INFO 1 --- [io-12031-exec-4] order.service.OrderServiceImpl           : [create][Create Order][Ready to Create Order]
2026-03-18 09:40:18.055  INFO 1 --- [io-12031-exec-4] order.service.OrderServiceImpl           : [create][Order Create Success][Order Price][OrderId:c116a9a4-5e73-4a97-a7b4-0b746d695912 , Price: 0.0]
2026-03-18 09:40:18.338  INFO 1 --- [io-12031-exec-6] order.controller.OrderController         : [createNewOrder][Create Order][from shanghai to taiyuan at 1970-01-02 18:17:36]
2026-03-18 09:40:18.338  INFO 1 --- [io-12031-exec-6] order.service.OrderServiceImpl           : [create][Create Order][Ready to Create Order]
2026-03-18 09:40:18.352  INFO 1 --- [io-12031-exec-6] order.service.OrderServiceImpl           : [create][Order Create Success][Order Price][OrderId:e1d574f0-1628-49eb-9ebc-d21deeacc61e , Price: 0.0]
2026-03-18 09:40:18.635  INFO 1 --- [io-12031-exec-7] order.controller.OrderController         : [createNewOrder][Create Order][from shanghai to taiyuan at 1970-01-02 18:17:36]
2026-03-18 09:40:18.635  INFO 1 --- [io-12031-exec-7] order.service.OrderServiceImpl           : [create][Create Order][Ready to Create Order]
2026-03-18 09:40:18.648  INFO 1 --- [io-12031-exec-7] order.service.OrderServiceImpl           : [create][Order Create Success][Order Price][OrderId:7e4ac43b-b872-4dd4-957c-e459530f3c30 , Price: 0.0]
2026-03-18 09:40:18.934  INFO 1 --- [io-12031-exec-8] order.controller.OrderController         : [createNewOrder][Create Order][from shanghai to taiyuan at 1970-01-02 18:17:36]
2026-03-18 09:40:18.934  INFO 1 --- [io-12031-exec-8] order.service.OrderServiceImpl           : [create][Create Order][Ready to Create Order]
2026-03-18 09:40:18.946  INFO 1 --- [io-12031-exec-8] order.service.OrderServiceImpl           : [create][Order Create Success][Order Price][OrderId:36217536-e60b-45e1-aabb-94ae4257a5ba , Price: 0.0]
2026-03-18 09:40:19.181  INFO 1 --- [io-12031-exec-9] order.controller.OrderController         : [createNewOrder][Create Order][from shanghai to taiyuan at 1970-01-02 18:17:36]
2026-03-18 09:40:19.181  INFO 1 --- [io-12031-exec-9] order.service.OrderServiceImpl           : [create][Create Order][Ready to Create Order]
2026-03-18 09:40:19.193  INFO 1 --- [io-12031-exec-9] order.service.OrderServiceImpl           : [create][Order Create Success][Order Price][OrderId:9f2af7b7-58be-4763-a7bb-ff72bc7ab2b4 , Price: 0.0]
2026-03-18 09:40:19.457  INFO 1 --- [o-12031-exec-10] order.controller.OrderController         : [createNewOrder][Create Order][from shanghai to taiyuan at 1970-01-02 18:17:36]
2026-03-18 09:40:19.457  INFO 1 --- [o-12031-exec-10] order.service.OrderServiceImpl           : [create][Create Order][Ready to Create Order]
2026-03-18 09:40:19.467  INFO 1 --- [o-12031-exec-10] order.service.OrderServiceImpl           : [create][Order Create Success][Order Price][OrderId:f7b4e333-6a5b-4de2-9d00-67cb28434665 , Price: 0.0]
2026-03-18 09:40:19.745  INFO 1 --- [io-12031-exec-1] order.controller.OrderController         : [createNewOrder][Create Order][from shanghai to taiyuan at 1970-01-02 18:17:36]
2026-03-18 09:40:19.745  INFO 1 --- [io-12031-exec-1] order.service.OrderServiceImpl           : [create][Create Order][Ready to Create Order]
2026-03-18 09:40:19.758  INFO 1 --- [io-12031-exec-1] order.service.OrderServiceImpl           : [create][Order Create Success][Order Price][OrderId:79e9677d-4744-4203-a17c-17a28a0e02a8 , Price: 0.0]
2026-03-18 09:40:20.048  INFO 1 --- [io-12031-exec-3] order.controller.OrderController         : [createNewOrder][Create Order][from shanghai to taiyuan at 1970-01-02 18:17:36]
2026-03-18 09:40:20.048  INFO 1 --- [io-12031-exec-3] order.service.OrderServiceImpl           : [create][Create Order][Ready to Create Order]
2026-03-18 09:40:20.060  INFO 1 --- [io-12031-exec-3] order.service.OrderServiceImpl           : [create][Order Create Success][Order Price][OrderId:f32cf14b-7e4a-4543-abf2-934b14437207 , Price: 0.0]
2026-03-18 09:40:20.350  INFO 1 --- [io-12031-exec-2] order.controller.OrderController         : [createNewOrder][Create Order][from shanghai to taiyuan at 1970-01-02 18:17:36]
2026-03-18 09:40:20.350  INFO 1 --- [io-12031-exec-2] order.service.OrderServiceImpl           : [create][Create Order][Ready to Create Order]
2026-03-18 09:40:20.363  INFO 1 --- [io-12031-exec-2] order.service.OrderServiceImpl           : [create][Order Create Success][Order Price][OrderId:90063bf0-ef5e-41fc-924e-848d0d7bd7b6 , Price: 0.0]
2026-03-18 09:40:20.646  INFO 1 --- [io-12031-exec-5] order.controller.OrderController         : [createNewOrder][Create Order][from shanghai to taiyuan at 1970-01-02 18:17:36]
2026-03-18 09:40:20.646  INFO 1 --- [io-12031-exec-5] order.service.OrderServiceImpl           : [create][Create Order][Ready to Create Order]
2026-03-18 09:40:20.882  INFO 1 --- [io-12031-exec-5] order.service.OrderServiceImpl           : [create][Order Create Success][Order Price][OrderId:d3a69b95-906c-4751-bb16-aee1dcd0dbe5 , Price: 0.0]
2026-03-18 09:40:21.257  INFO 1 --- [io-12031-exec-6] order.controller.OrderController         : [createNewOrder][Create Order][from shanghai to taiyuan at 1970-01-02 18:17:36]
2026-03-18 09:40:21.257  INFO 1 --- [io-12031-exec-6] order.service.OrderServiceImpl           : [create][Create Order][Ready to Create Order]
2026-03-18 09:40:21.272  INFO 1 --- [io-12031-exec-6] order.service.OrderServiceImpl           : [create][Order Create Success][Order Price][OrderId:915893a4-7189-4c8f-a634-b0d5b965c57c , Price: 0.0]
2026-03-18 09:40:21.566  INFO 1 --- [io-12031-exec-7] order.controller.OrderController         : [createNewOrder][Create Order][from shanghai to taiyuan at 1970-01-02 18:17:36]
2026-03-18 09:40:21.566  INFO 1 --- [io-12031-exec-7] order.service.OrderServiceImpl           : [create][Create Order][Ready to Create Order]
2026-03-18 09:40:21.578  INFO 1 --- [io-12031-exec-7] order.service.OrderServiceImpl           : [create][Order Create Success][Order Price][OrderId:32e3c0d6-6aa6-43f8-a1c7-29aad8ac3c16 , Price: 0.0]
2026-03-18 09:40:21.871  INFO 1 --- [io-12031-exec-8] order.controller.OrderController         : [createNewOrder][Create Order][from shanghai to taiyuan at 1970-01-02 18:17:36]
2026-03-18 09:40:21.872  INFO 1 --- [io-12031-exec-8] order.service.OrderServiceImpl           : [create][Create Order][Ready to Create Order]
2026-03-18 09:40:21.884  INFO 1 --- [io-12031-exec-8] order.service.OrderServiceImpl           : [create][Order Create Success][Order Price][OrderId:1f27cefb-e79b-4356-b7c4-eb078ab1bd8d , Price: 0.0]
2026-03-18 09:40:22.165  INFO 1 --- [io-12031-exec-9] order.controller.OrderController         : [createNewOrder][Create Order][from shanghai to taiyuan at 1970-01-02 18:17:36]
2026-03-18 09:40:22.166  INFO 1 --- [io-12031-exec-9] order.service.OrderServiceImpl           : [create][Create Order][Ready to Create Order]
2026-03-18 09:40:22.182  INFO 1 --- [io-12031-exec-9] order.service.OrderServiceImpl           : [create][Order Create Success][Order Price][OrderId:040eaf4e-5414-484a-a93c-4c4b4165c60d , Price: 0.0]
2026-03-18 09:40:22.465  INFO 1 --- [o-12031-exec-10] order.controller.OrderController         : [createNewOrder][Create Order][from shanghai to taiyuan at 1970-01-02 18:17:36]
2026-03-18 09:40:22.465  INFO 1 --- [o-12031-exec-10] order.service.OrderServiceImpl           : [create][Create Order][Ready to Create Order]
2026-03-18 09:40:22.477  INFO 1 --- [o-12031-exec-10] order.service.OrderServiceImpl           : [create][Order Create Success][Order Price][OrderId:51159fcf-9546-4b87-9d73-6a51083121a5 , Price: 0.0]
2026-03-18 09:40:22.765  INFO 1 --- [io-12031-exec-1] order.controller.OrderController         : [createNewOrder][Create Order][from shanghai to taiyuan at 1970-01-02 18:17:36]
2026-03-18 09:40:22.766  INFO 1 --- [io-12031-exec-1] order.service.OrderServiceImpl           : [create][Create Order][Ready to Create Order]
2026-03-18 09:40:22.780  INFO 1 --- [io-12031-exec-1] order.service.OrderServiceImpl           : [create][Order Create Success][Order Price][OrderId:486053b5-f24d-4882-a911-354364474339 , Price: 0.0]
2026-03-18 09:40:23.069  INFO 1 --- [io-12031-exec-3] order.controller.OrderController         : [createNewOrder][Create Order][from shanghai to taiyuan at 1970-01-02 18:17:36]
2026-03-18 09:40:23.069  INFO 1 --- [io-12031-exec-3] order.service.OrderServiceImpl           : [create][Create Order][Ready to Create Order]
2026-03-18 09:40:23.083  INFO 1 --- [io-12031-exec-3] order.service.OrderServiceImpl           : [create][Order Create Success][Order Price][OrderId:7425cba8-5421-4c46-a0b3-e401b969c616 , Price: 0.0]
2026-03-18 09:40:23.371  INFO 1 --- [io-12031-exec-2] order.controller.OrderController         : [createNewOrder][Create Order][from shanghai to taiyuan at 1970-01-02 18:17:36]
2026-03-18 09:40:23.371  INFO 1 --- [io-12031-exec-2] order.service.OrderServiceImpl           : [create][Create Order][Ready to Create Order]
2026-03-18 09:40:23.386  INFO 1 --- [io-12031-exec-2] order.service.OrderServiceImpl           : [create][Order Create Success][Order Price][OrderId:b45d11bc-a7a5-4350-98d1-9be330bcce55 , Price: 0.0]
2026-03-18 09:40:23.665  INFO 1 --- [io-12031-exec-5] order.controller.OrderController         : [createNewOrder][Create Order][from shanghai to taiyuan at 1970-01-02 18:17:36]
2026-03-18 09:40:23.665  INFO 1 --- [io-12031-exec-5] order.service.OrderServiceImpl           : [create][Create Order][Ready to Create Order]
2026-03-18 09:40:23.677  INFO 1 --- [io-12031-exec-5] order.service.OrderServiceImpl           : [create][Order Create Success][Order Price][OrderId:31c22e68-6dc3-426a-af8c-2e006fe5ee98 , Price: 0.0]
2026-03-18 09:40:23.962  INFO 1 --- [io-12031-exec-4] order.controller.OrderController         : [createNewOrder][Create Order][from shanghai to taiyuan at 1970-01-02 18:17:36]
2026-03-18 09:40:23.962  INFO 1 --- [io-12031-exec-4] order.service.OrderServiceImpl           : [create][Create Order][Ready to Create Order]
2026-03-18 09:40:23.975  INFO 1 --- [io-12031-exec-4] order.service.OrderServiceImpl           : [create][Order Create Success][Order Price][OrderId:e048e2ac-4fdf-443e-83bc-31734e41c4ca , Price: 0.0]
2026-03-18 09:40:24.271  INFO 1 --- [io-12031-exec-6] order.controller.OrderController         : [createNewOrder][Create Order][from shanghai to taiyuan at 1970-01-02 18:17:36]
2026-03-18 09:40:24.271  INFO 1 --- [io-12031-exec-6] order.service.OrderServiceImpl           : [create][Create Order][Ready to Create Order]
2026-03-18 09:40:24.288  INFO 1 --- [io-12031-exec-6] order.service.OrderServiceImpl           : [create][Order Create Success][Order Price][OrderId:84cbb077-c5ed-4ebc-b35a-abd91491962f , Price: 0.0]
2026-03-18 09:40:24.568  INFO 1 --- [io-12031-exec-7] order.controller.OrderController         : [createNewOrder][Create Order][from shanghai to taiyuan at 1970-01-02 18:17:36]
2026-03-18 09:40:24.568  INFO 1 --- [io-12031-exec-7] order.service.OrderServiceImpl           : [create][Create Order][Ready to Create Order]
2026-03-18 09:40:24.582  INFO 1 --- [io-12031-exec-7] order.service.OrderServiceImpl           : [create][Order Create Success][Order Price][OrderId:88efc1ea-5c1e-45f8-9971-b212e3223bd9 , Price: 0.0]
2026-03-18 09:40:24.862  INFO 1 --- [io-12031-exec-8] order.controller.OrderController         : [createNewOrder][Create Order][from shanghai to taiyuan at 1970-01-02 18:17:36]
2026-03-18 09:40:24.863  INFO 1 --- [io-12031-exec-8] order.service.OrderServiceImpl           : [create][Create Order][Ready to Create Order]
2026-03-18 09:40:24.876  INFO 1 --- [io-12031-exec-8] order.service.OrderServiceImpl           : [create][Order Create Success][Order Price][OrderId:e97b76bf-21c3-40a9-ad8c-6b9767506209 , Price: 0.0]
2026-03-18 09:40:25.164  INFO 1 --- [io-12031-exec-9] order.controller.OrderController         : [createNewOrder][Create Order][from shanghai to taiyuan at 1970-01-02 18:17:36]
2026-03-18 09:40:25.164  INFO 1 --- [io-12031-exec-9] order.service.OrderServiceImpl           : [create][Create Order][Ready to Create Order]
2026-03-18 09:40:25.177  INFO 1 --- [io-12031-exec-9] order.service.OrderServiceImpl           : [create][Order Create Success][Order Price][OrderId:c086f69f-18b0-449c-b0f8-fd52257a4628 , Price: 0.0]
2026-03-18 09:40:25.460  INFO 1 --- [o-12031-exec-10] order.controller.OrderController         : [createNewOrder][Create Order][from shanghai to taiyuan at 1970-01-02 18:17:36]
2026-03-18 09:40:25.460  INFO 1 --- [o-12031-exec-10] order.service.OrderServiceImpl           : [create][Create Order][Ready to Create Order]
2026-03-18 09:40:25.473  INFO 1 --- [o-12031-exec-10] order.service.OrderServiceImpl           : [create][Order Create Success][Order Price][OrderId:1a7265cf-98d5-4d48-94d6-16b30c7db60a , Price: 0.0]
2026-03-18 09:40:25.762  INFO 1 --- [io-12031-exec-1] order.controller.OrderController         : [createNewOrder][Create Order][from shanghai to taiyuan at 1970-01-02 18:17:36]
2026-03-18 09:40:25.762  INFO 1 --- [io-12031-exec-1] order.service.OrderServiceImpl           : [create][Create Order][Ready to Create Order]
2026-03-18 09:40:25.774  INFO 1 --- [io-12031-exec-1] order.service.OrderServiceImpl           : [create][Order Create Success][Order Price][OrderId:78ddaf5b-69de-4cf4-9113-28cc5d58be41 , Price: 0.0]
2026-03-18 09:40:26.055  INFO 1 --- [io-12031-exec-3] order.controller.OrderController         : [createNewOrder][Create Order][from shanghai to taiyuan at 1970-01-02 18:17:36]
2026-03-18 09:40:26.055  INFO 1 --- [io-12031-exec-3] order.service.OrderServiceImpl           : [create][Create Order][Ready to Create Order]
2026-03-18 09:40:26.068  INFO 1 --- [io-12031-exec-3] order.service.OrderServiceImpl           : [create][Order Create Success][Order Price][OrderId:a01d2165-a63a-42a9-8592-c619c0359658 , Price: 0.0]
2026-03-18 09:40:26.363  INFO 1 --- [io-12031-exec-2] order.controller.OrderController         : [createNewOrder][Create Order][from shanghai to taiyuan at 1970-01-02 18:17:36]
2026-03-18 09:40:26.363  INFO 1 --- [io-12031-exec-2] order.service.OrderServiceImpl           : [create][Create Order][Ready to Create Order]
2026-03-18 09:40:26.375  INFO 1 --- [io-12031-exec-2] order.service.OrderServiceImpl           : [create][Order Create Success][Order Price][OrderId:2e855fdd-5703-420b-812d-e58e5a9f6f78 , Price: 0.0]
2026-03-18 09:40:26.666  INFO 1 --- [io-12031-exec-5] order.controller.OrderController         : [createNewOrder][Create Order][from shanghai to taiyuan at 1970-01-02 18:17:36]
2026-03-18 09:40:26.666  INFO 1 --- [io-12031-exec-5] order.service.OrderServiceImpl           : [create][Create Order][Ready to Create Order]
2026-03-18 09:40:26.679  INFO 1 --- [io-12031-exec-5] order.service.OrderServiceImpl           : [create][Order Create Success][Order Price][OrderId:8ae6ac42-d507-4865-a2bd-701061d6ecaf , Price: 0.0]
2026-03-18 09:40:26.961  INFO 1 --- [io-12031-exec-4] order.controller.OrderController         : [createNewOrder][Create Order][from shanghai to taiyuan at 1970-01-02 18:17:36]
2026-03-18 09:40:26.961  INFO 1 --- [io-12031-exec-4] order.service.OrderServiceImpl           : [create][Create Order][Ready to Create Order]
2026-03-18 09:40:26.973  INFO 1 --- [io-12031-exec-4] order.service.OrderServiceImpl           : [create][Order Create Success][Order Price][OrderId:9cb0bd03-2a30-4904-9d4d-a185234eeab5 , Price: 0.0]
2026-03-18 09:40:27.256  INFO 1 --- [io-12031-exec-6] order.controller.OrderController         : [createNewOrder][Create Order][from shanghai to taiyuan at 1970-01-02 18:17:36]
2026-03-18 09:40:27.256  INFO 1 --- [io-12031-exec-6] order.service.OrderServiceImpl           : [create][Create Order][Ready to Create Order]
2026-03-18 09:40:27.270  INFO 1 --- [io-12031-exec-6] order.service.OrderServiceImpl           : [create][Order Create Success][Order Price][OrderId:0df3c364-faf3-4efd-b963-292ceeb71022 , Price: 0.0]
2026-03-18 09:40:27.559  INFO 1 --- [io-12031-exec-7] order.controller.OrderController         : [createNewOrder][Create Order][from shanghai to taiyuan at 1970-01-02 18:17:36]
2026-03-18 09:40:27.559  INFO 1 --- [io-12031-exec-7] order.service.OrderServiceImpl           : [create][Create Order][Ready to Create Order]
2026-03-18 09:40:27.572  INFO 1 --- [io-12031-exec-7] order.service.OrderServiceImpl           : [create][Order Create Success][Order Price][OrderId:cec7f839-5c45-4537-ae72-83d90eec0afd , Price: 0.0]
2026-03-18 09:40:27.864  INFO 1 --- [io-12031-exec-8] order.controller.OrderController         : [createNewOrder][Create Order][from shanghai to taiyuan at 1970-01-02 18:17:36]
2026-03-18 09:40:27.864  INFO 1 --- [io-12031-exec-8] order.service.OrderServiceImpl           : [create][Create Order][Ready to Create Order]
2026-03-18 09:40:27.876  INFO 1 --- [io-12031-exec-8] order.service.OrderServiceImpl           : [create][Order Create Success][Order Price][OrderId:efee4a7c-ed6e-4dde-9062-26eef0b7c266 , Price: 0.0]
2026-03-18 09:40:28.163  INFO 1 --- [io-12031-exec-9] order.controller.OrderController         : [createNewOrder][Create Order][from shanghai to taiyuan at 1970-01-02 18:17:36]
2026-03-18 09:40:28.163  INFO 1 --- [io-12031-exec-9] order.service.OrderServiceImpl           : [create][Create Order][Ready to Create Order]
2026-03-18 09:40:28.176  INFO 1 --- [io-12031-exec-9] order.service.OrderServiceImpl           : [create][Order Create Success][Order Price][OrderId:7661a3ee-71a3-4c23-95e6-a6fdddff6e07 , Price: 0.0]
2026-03-18 09:40:28.462  INFO 1 --- [o-12031-exec-10] order.controller.OrderController         : [createNewOrder][Create Order][from shanghai to taiyuan at 1970-01-02 18:17:36]
2026-03-18 09:40:28.462  INFO 1 --- [o-12031-exec-10] order.service.OrderServiceImpl           : [create][Create Order][Ready to Create Order]
2026-03-18 09:40:28.476  INFO 1 --- [o-12031-exec-10] order.service.OrderServiceImpl           : [create][Order Create Success][Order Price][OrderId:21dc8621-ee43-46ce-b6b7-6f3551fb82d8 , Price: 0.0]
2026-03-18 09:40:28.757  INFO 1 --- [io-12031-exec-1] order.controller.OrderController         : [createNewOrder][Create Order][from shanghai to taiyuan at 1970-01-02 18:17:36]
2026-03-18 09:40:28.757  INFO 1 --- [io-12031-exec-1] order.service.OrderServiceImpl           : [create][Create Order][Ready to Create Order]
2026-03-18 09:40:28.770  INFO 1 --- [io-12031-exec-1] order.service.OrderServiceImpl           : [create][Order Create Success][Order Price][OrderId:4ec970fa-81f4-4bc6-a25e-fec03152edad , Price: 0.0]
2026-03-18 09:40:29.064  INFO 1 --- [io-12031-exec-3] order.controller.OrderController         : [createNewOrder][Create Order][from shanghai to taiyuan at 1970-01-02 18:17:36]
2026-03-18 09:40:29.064  INFO 1 --- [io-12031-exec-3] order.service.OrderServiceImpl           : [create][Create Order][Ready to Create Order]
2026-03-18 09:40:29.077  INFO 1 --- [io-12031-exec-3] order.service.OrderServiceImpl           : [create][Order Create Success][Order Price][OrderId:59e01fb0-9f47-4a65-9ad3-6e264214a74f , Price: 0.0]
2026-03-18 09:40:29.374  INFO 1 --- [io-12031-exec-2] order.controller.OrderController         : [createNewOrder][Create Order][from shanghai to taiyuan at 1970-01-02 18:17:36]
2026-03-18 09:40:29.374  INFO 1 --- [io-12031-exec-2] order.service.OrderServiceImpl           : [create][Create Order][Ready to Create Order]
2026-03-18 09:40:29.386  INFO 1 --- [io-12031-exec-2] order.service.OrderServiceImpl           : [create][Order Create Success][Order Price][OrderId:371bf820-e0cd-48f7-b0f4-c7584bf8d823 , Price: 0.0]
2026-03-18 09:40:29.663  INFO 1 --- [io-12031-exec-5] order.controller.OrderController         : [createNewOrder][Create Order][from shanghai to taiyuan at 1970-01-02 18:17:36]
2026-03-18 09:40:29.663  INFO 1 --- [io-12031-exec-5] order.service.OrderServiceImpl           : [create][Create Order][Ready to Create Order]
2026-03-18 09:40:29.675  INFO 1 --- [io-12031-exec-5] order.service.OrderServiceImpl           : [create][Order Create Success][Order Price][OrderId:ef3b21cb-23d2-4b4d-9f62-00aa8b935f21 , Price: 0.0]
2026-03-18 09:40:29.969  INFO 1 --- [io-12031-exec-4] order.controller.OrderController         : [createNewOrder][Create Order][from shanghai to taiyuan at 1970-01-02 18:17:36]
2026-03-18 09:40:29.969  INFO 1 --- [io-12031-exec-4] order.service.OrderServiceImpl           : [create][Create Order][Ready to Create Order]
2026-03-18 09:40:30.086  INFO 1 --- [io-12031-exec-4] order.service.OrderServiceImpl           : [create][Order Create Success][Order Price][OrderId:0194539a-285b-4c52-b07a-a5d11c963d08 , Price: 0.0]
2026-03-18 09:40:30.378  INFO 1 --- [io-12031-exec-6] order.controller.OrderController         : [createNewOrder][Create Order][from shanghai to taiyuan at 1970-01-02 18:17:36]
2026-03-18 09:40:30.378  INFO 1 --- [io-12031-exec-6] order.service.OrderServiceImpl           : [create][Create Order][Ready to Create Order]
2026-03-18 09:40:30.392  INFO 1 --- [io-12031-exec-6] order.service.OrderServiceImpl           : [create][Order Create Success][Order Price][OrderId:4cc0ef70-4bf5-420f-b5e0-4f05c79a7a86 , Price: 0.0]
2026-03-18 09:40:30.666  INFO 1 --- [io-12031-exec-7] order.controller.OrderController         : [createNewOrder][Create Order][from shanghai to taiyuan at 1970-01-02 18:17:36]
2026-03-18 09:40:30.666  INFO 1 --- [io-12031-exec-7] order.service.OrderServiceImpl           : [create][Create Order][Ready to Create Order]
2026-03-18 09:40:30.678  INFO 1 --- [io-12031-exec-7] order.service.OrderServiceImpl           : [create][Order Create Success][Order Price][OrderId:6c6af024-b328-4222-b74e-0f09a2f87074 , Price: 0.0]
2026-03-18 09:40:30.964  INFO 1 --- [io-12031-exec-8] order.controller.OrderController         : [createNewOrder][Create Order][from shanghai to taiyuan at 1970-01-02 18:17:36]
2026-03-18 09:40:30.964  INFO 1 --- [io-12031-exec-8] order.service.OrderServiceImpl           : [create][Create Order][Ready to Create Order]
2026-03-18 09:40:30.977  INFO 1 --- [io-12031-exec-8] order.service.OrderServiceImpl           : [create][Order Create Success][Order Price][OrderId:203146ef-1fd7-45a9-8e57-382fbe97c3fe , Price: 0.0]
2026-03-18 09:40:31.276  INFO 1 --- [o-12031-exec-10] order.controller.OrderController         : [createNewOrder][Create Order][from shanghai to taiyuan at 1970-01-02 18:17:36]
2026-03-18 09:40:31.276  INFO 1 --- [o-12031-exec-10] order.service.OrderServiceImpl           : [create][Create Order][Ready to Create Order]
2026-03-18 09:40:31.290  INFO 1 --- [o-12031-exec-10] order.service.OrderServiceImpl           : [create][Order Create Success][Order Price][OrderId:952c8d27-f89f-4c9d-8e28-fedd847018a3 , Price: 0.0]
2026-03-18 09:40:31.569  INFO 1 --- [io-12031-exec-1] order.controller.OrderController         : [createNewOrder][Create Order][from shanghai to taiyuan at 1970-01-02 18:17:36]
2026-03-18 09:40:31.569  INFO 1 --- [io-12031-exec-1] order.service.OrderServiceImpl           : [create][Create Order][Ready to Create Order]
2026-03-18 09:40:31.581  INFO 1 --- [io-12031-exec-1] order.service.OrderServiceImpl           : [create][Order Create Success][Order Price][OrderId:fd79f7de-dd9d-480b-b466-a0612dd84b35 , Price: 0.0]
2026-03-18 09:40:31.861  INFO 1 --- [io-12031-exec-3] order.controller.OrderController         : [createNewOrder][Create Order][from shanghai to taiyuan at 1970-01-02 18:17:36]
2026-03-18 09:40:31.861  INFO 1 --- [io-12031-exec-3] order.service.OrderServiceImpl           : [create][Create Order][Ready to Create Order]
2026-03-18 09:40:31.874  INFO 1 --- [io-12031-exec-3] order.service.OrderServiceImpl           : [create][Order Create Success][Order Price][OrderId:d2765164-10bf-4121-a9d1-5511fd948433 , Price: 0.0]
2026-03-18 09:40:32.162  INFO 1 --- [io-12031-exec-2] order.controller.OrderController         : [createNewOrder][Create Order][from shanghai to taiyuan at 1970-01-02 18:17:36]
2026-03-18 09:40:32.162  INFO 1 --- [io-12031-exec-2] order.service.OrderServiceImpl           : [create][Create Order][Ready to Create Order]
2026-03-18 09:40:32.175  INFO 1 --- [io-12031-exec-2] order.service.OrderServiceImpl           : [create][Order Create Success][Order Price][OrderId:a8258fec-f703-4d38-a140-df0cf668612a , Price: 0.0]
2026-03-18 09:40:32.466  INFO 1 --- [io-12031-exec-5] order.controller.OrderController         : [createNewOrder][Create Order][from shanghai to taiyuan at 1970-01-02 18:17:36]
2026-03-18 09:40:32.466  INFO 1 --- [io-12031-exec-5] order.service.OrderServiceImpl           : [create][Create Order][Ready to Create Order]
2026-03-18 09:40:32.481  INFO 1 --- [io-12031-exec-5] order.service.OrderServiceImpl           : [create][Order Create Success][Order Price][OrderId:4d32a11a-221b-43a5-af3e-89e643976629 , Price: 0.0]
2026-03-18 09:40:32.764  INFO 1 --- [io-12031-exec-4] order.controller.OrderController         : [createNewOrder][Create Order][from shanghai to taiyuan at 1970-01-02 18:17:36]
2026-03-18 09:40:32.764  INFO 1 --- [io-12031-exec-4] order.service.OrderServiceImpl           : [create][Create Order][Ready to Create Order]
2026-03-18 09:40:32.779  INFO 1 --- [io-12031-exec-4] order.service.OrderServiceImpl           : [create][Order Create Success][Order Price][OrderId:eb8df9a2-e1ea-4df5-b243-7dd438f3aab4 , Price: 0.0]
2026-03-18 09:40:33.068  INFO 1 --- [io-12031-exec-6] order.controller.OrderController         : [createNewOrder][Create Order][from shanghai to taiyuan at 1970-01-02 18:17:36]
2026-03-18 09:40:33.068  INFO 1 --- [io-12031-exec-6] order.service.OrderServiceImpl           : [create][Create Order][Ready to Create Order]
2026-03-18 09:40:33.082  INFO 1 --- [io-12031-exec-6] order.service.OrderServiceImpl           : [create][Order Create Success][Order Price][OrderId:0c96c176-4469-4964-b107-e5d66bf6fb0a , Price: 0.0]
2026-03-18 09:40:33.375  INFO 1 --- [io-12031-exec-7] order.controller.OrderController         : [createNewOrder][Create Order][from shanghai to taiyuan at 1970-01-02 18:17:36]
2026-03-18 09:40:33.375  INFO 1 --- [io-12031-exec-7] order.service.OrderServiceImpl           : [create][Create Order][Ready to Create Order]
2026-03-18 09:40:33.389  INFO 1 --- [io-12031-exec-7] order.service.OrderServiceImpl           : [create][Order Create Success][Order Price][OrderId:f77fa70c-3da4-4918-9c08-a75c1c859816 , Price: 0.0]
2026-03-18 09:40:33.666  INFO 1 --- [io-12031-exec-8] order.controller.OrderController         : [createNewOrder][Create Order][from shanghai to taiyuan at 1970-01-02 18:17:36]
2026-03-18 09:40:33.666  INFO 1 --- [io-12031-exec-8] order.service.OrderServiceImpl           : [create][Create Order][Ready to Create Order]
2026-03-18 09:40:33.678  INFO 1 --- [io-12031-exec-8] order.service.OrderServiceImpl           : [create][Order Create Success][Order Price][OrderId:1a6cac71-16d7-4a9a-bdb2-0b636cb5d7ee , Price: 0.0]
2026-03-18 09:40:33.960  INFO 1 --- [io-12031-exec-9] order.controller.OrderController         : [createNewOrder][Create Order][from shanghai to taiyuan at 1970-01-02 18:17:36]
2026-03-18 09:40:33.960  INFO 1 --- [io-12031-exec-9] order.service.OrderServiceImpl           : [create][Create Order][Ready to Create Order]
2026-03-18 09:40:33.974  INFO 1 --- [io-12031-exec-9] order.service.OrderServiceImpl           : [create][Order Create Success][Order Price][OrderId:59c48f47-968d-4a39-bbbf-113f06d1cf05 , Price: 0.0]
2026-03-18 09:40:34.261  INFO 1 --- [o-12031-exec-10] order.controller.OrderController         : [createNewOrder][Create Order][from shanghai to taiyuan at 1970-01-02 18:17:36]
2026-03-18 09:40:34.261  INFO 1 --- [o-12031-exec-10] order.service.OrderServiceImpl           : [create][Create Order][Ready to Create Order]
2026-03-18 09:40:34.276  INFO 1 --- [o-12031-exec-10] order.service.OrderServiceImpl           : [create][Order Create Success][Order Price][OrderId:83bc46b1-2d07-4fa5-8a62-e96a329eb281 , Price: 0.0]
2026-03-18 09:40:34.573  INFO 1 --- [io-12031-exec-1] order.controller.OrderController         : [createNewOrder][Create Order][from shanghai to taiyuan at 1970-01-02 18:17:36]
2026-03-18 09:40:34.573  INFO 1 --- [io-12031-exec-1] order.service.OrderServiceImpl           : [create][Create Order][Ready to Create Order]
2026-03-18 09:40:34.882  INFO 1 --- [io-12031-exec-1] order.service.OrderServiceImpl           : [create][Order Create Success][Order Price][OrderId:d6005ecd-dd5f-4cae-8c28-dfe57ba4f5c1 , Price: 0.0]
2026-03-18 09:40:35.184  INFO 1 --- [io-12031-exec-3] order.controller.OrderController         : [createNewOrder][Create Order][from shanghai to taiyuan at 1970-01-02 18:17:36]
2026-03-18 09:40:35.185  INFO 1 --- [io-12031-exec-3] order.service.OrderServiceImpl           : [create][Create Order][Ready to Create Order]
2026-03-18 09:40:35.198  INFO 1 --- [io-12031-exec-3] order.service.OrderServiceImpl           : [create][Order Create Success][Order Price][OrderId:582753fd-2873-4cf6-8a4f-34efbee0e68c , Price: 0.0]
2026-03-18 09:40:35.470  INFO 1 --- [io-12031-exec-2] order.controller.OrderController         : [createNewOrder][Create Order][from shanghai to taiyuan at 1970-01-02 18:17:36]
2026-03-18 09:40:35.470  INFO 1 --- [io-12031-exec-2] order.service.OrderServiceImpl           : [create][Create Order][Ready to Create Order]
2026-03-18 09:40:35.486  INFO 1 --- [io-12031-exec-2] order.service.OrderServiceImpl           : [create][Order Create Success][Order Price][OrderId:55ee32ae-cdf1-4771-b89d-f0e22b4c6099 , Price: 0.0]
2026-03-18 09:40:35.765  INFO 1 --- [io-12031-exec-5] order.controller.OrderController         : [createNewOrder][Create Order][from shanghai to taiyuan at 1970-01-02 18:17:36]
2026-03-18 09:40:35.766  INFO 1 --- [io-12031-exec-5] order.service.OrderServiceImpl           : [create][Create Order][Ready to Create Order]
2026-03-18 09:40:35.780  INFO 1 --- [io-12031-exec-5] order.service.OrderServiceImpl           : [create][Order Create Success][Order Price][OrderId:ce3c6d8c-d734-490a-9851-26dae512b5e7 , Price: 0.0]
2026-03-18 09:40:36.082  INFO 1 --- [io-12031-exec-4] order.controller.OrderController         : [createNewOrder][Create Order][from shanghai to taiyuan at 1970-01-02 18:17:36]
2026-03-18 09:40:36.082  INFO 1 --- [io-12031-exec-4] order.service.OrderServiceImpl           : [create][Create Order][Ready to Create Order]
2026-03-18 09:40:36.097  INFO 1 --- [io-12031-exec-4] order.service.OrderServiceImpl           : [create][Order Create Success][Order Price][OrderId:b8cf7fa7-ef9a-43c6-8fc2-138e3b758fb9 , Price: 0.0]
2026-03-18 09:40:36.368  INFO 1 --- [io-12031-exec-6] order.controller.OrderController         : [createNewOrder][Create Order][from shanghai to taiyuan at 1970-01-02 18:17:36]
2026-03-18 09:40:36.368  INFO 1 --- [io-12031-exec-6] order.service.OrderServiceImpl           : [create][Create Order][Ready to Create Order]
2026-03-18 09:40:36.381  INFO 1 --- [io-12031-exec-6] order.service.OrderServiceImpl           : [create][Order Create Success][Order Price][OrderId:daeda62c-e33b-46e2-9162-a0e95039a52c , Price: 0.0]
2026-03-18 09:40:36.669  INFO 1 --- [io-12031-exec-7] order.controller.OrderController         : [createNewOrder][Create Order][from shanghai to taiyuan at 1970-01-02 18:17:36]
2026-03-18 09:40:36.669  INFO 1 --- [io-12031-exec-7] order.service.OrderServiceImpl           : [create][Create Order][Ready to Create Order]
2026-03-18 09:40:36.682  INFO 1 --- [io-12031-exec-7] order.service.OrderServiceImpl           : [create][Order Create Success][Order Price][OrderId:6a90d19e-7245-4853-ac04-4424fed523e3 , Price: 0.0]
2026-03-18 09:40:36.966  INFO 1 --- [io-12031-exec-8] order.controller.OrderController         : [createNewOrder][Create Order][from shanghai to taiyuan at 1970-01-02 18:17:36]
2026-03-18 09:40:36.966  INFO 1 --- [io-12031-exec-8] order.service.OrderServiceImpl           : [create][Create Order][Ready to Create Order]
2026-03-18 09:40:36.979  INFO 1 --- [io-12031-exec-8] order.service.OrderServiceImpl           : [create][Order Create Success][Order Price][OrderId:6eac6aca-0455-4200-8ebc-7c416db197a8 , Price: 0.0]
2026-03-18 09:40:37.273  INFO 1 --- [io-12031-exec-9] order.controller.OrderController         : [createNewOrder][Create Order][from shanghai to taiyuan at 1970-01-02 18:17:36]
2026-03-18 09:40:37.273  INFO 1 --- [io-12031-exec-9] order.service.OrderServiceImpl           : [create][Create Order][Ready to Create Order]
2026-03-18 09:40:37.287  INFO 1 --- [io-12031-exec-9] order.service.OrderServiceImpl           : [create][Order Create Success][Order Price][OrderId:6a73691b-312d-4ff8-a25f-f2bc3ffb65db , Price: 0.0]
2026-03-18 09:40:37.564  INFO 1 --- [o-12031-exec-10] order.controller.OrderController         : [createNewOrder][Create Order][from shanghai to taiyuan at 1970-01-02 18:17:36]
2026-03-18 09:40:37.565  INFO 1 --- [o-12031-exec-10] order.service.OrderServiceImpl           : [create][Create Order][Ready to Create Order]
2026-03-18 09:40:37.576  INFO 1 --- [o-12031-exec-10] order.service.OrderServiceImpl           : [create][Order Create Success][Order Price][OrderId:f8115d2b-eb00-4832-87bc-7ee99f5be01e , Price: 0.0]
2026-03-18 09:40:37.862  INFO 1 --- [io-12031-exec-1] order.controller.OrderController         : [createNewOrder][Create Order][from shanghai to taiyuan at 1970-01-02 18:17:36]
2026-03-18 09:40:37.862  INFO 1 --- [io-12031-exec-1] order.service.OrderServiceImpl           : [create][Create Order][Ready to Create Order]
2026-03-18 09:40:37.874  INFO 1 --- [io-12031-exec-1] order.service.OrderServiceImpl           : [create][Order Create Success][Order Price][OrderId:c5668751-99b0-4175-8e4d-64dcb5be574e , Price: 0.0]
2026-03-18 09:40:38.158  INFO 1 --- [io-12031-exec-3] order.controller.OrderController         : [createNewOrder][Create Order][from shanghai to taiyuan at 1970-01-02 18:17:36]
2026-03-18 09:40:38.158  INFO 1 --- [io-12031-exec-3] order.service.OrderServiceImpl           : [create][Create Order][Ready to Create Order]
2026-03-18 09:40:38.172  INFO 1 --- [io-12031-exec-3] order.service.OrderServiceImpl           : [create][Order Create Success][Order Price][OrderId:1e921c17-204d-4086-b8c6-3050e75b7edc , Price: 0.0]
2026-03-18 09:40:38.466  INFO 1 --- [io-12031-exec-2] order.controller.OrderController         : [createNewOrder][Create Order][from shanghai to taiyuan at 1970-01-02 18:17:36]
2026-03-18 09:40:38.466  INFO 1 --- [io-12031-exec-2] order.service.OrderServiceImpl           : [create][Create Order][Ready to Create Order]
2026-03-18 09:40:38.482  INFO 1 --- [io-12031-exec-2] order.service.OrderServiceImpl           : [create][Order Create Success][Order Price][OrderId:7082c38c-b263-47cc-844d-646df1e2d626 , Price: 0.0]
2026-03-18 09:40:38.767  INFO 1 --- [io-12031-exec-5] order.controller.OrderController         : [createNewOrder][Create Order][from shanghai to taiyuan at 1970-01-02 18:17:36]
2026-03-18 09:40:38.767  INFO 1 --- [io-12031-exec-5] order.service.OrderServiceImpl           : [create][Create Order][Ready to Create Order]
2026-03-18 09:40:38.782  INFO 1 --- [io-12031-exec-5] order.service.OrderServiceImpl           : [create][Order Create Success][Order Price][OrderId:3d4e56fb-9ae9-44ab-8580-fa80b0f0bd1b , Price: 0.0]
2026-03-18 09:40:39.066  INFO 1 --- [io-12031-exec-4] order.controller.OrderController         : [createNewOrder][Create Order][from shanghai to taiyuan at 1970-01-02 18:17:36]
2026-03-18 09:40:39.066  INFO 1 --- [io-12031-exec-4] order.service.OrderServiceImpl           : [create][Create Order][Ready to Create Order]
2026-03-18 09:40:39.187  INFO 1 --- [io-12031-exec-4] order.service.OrderServiceImpl           : [create][Order Create Success][Order Price][OrderId:8e9054b5-fd35-4810-89bd-2c229e93f853 , Price: 0.0]
2026-03-18 09:40:39.466  INFO 1 --- [io-12031-exec-6] order.controller.OrderController         : [createNewOrder][Create Order][from shanghai to taiyuan at 1970-01-02 18:17:36]
2026-03-18 09:40:39.466  INFO 1 --- [io-12031-exec-6] order.service.OrderServiceImpl           : [create][Create Order][Ready to Create Order]
2026-03-18 09:40:39.480  INFO 1 --- [io-12031-exec-6] order.service.OrderServiceImpl           : [create][Order Create Success][Order Price][OrderId:c52eb2ef-3d23-473f-b60f-a37659932020 , Price: 0.0]
2026-03-18 09:40:39.765  INFO 1 --- [io-12031-exec-7] order.controller.OrderController         : [createNewOrder][Create Order][from shanghai to taiyuan at 1970-01-02 18:17:36]
2026-03-18 09:40:39.765  INFO 1 --- [io-12031-exec-7] order.service.OrderServiceImpl           : [create][Create Order][Ready to Create Order]
2026-03-18 09:40:39.778  INFO 1 --- [io-12031-exec-7] order.service.OrderServiceImpl           : [create][Order Create Success][Order Price][OrderId:a42a8270-c34a-4a1d-ade4-f98611a1844a , Price: 0.0]
2026-03-18 09:40:40.068  INFO 1 --- [io-12031-exec-8] order.controller.OrderController         : [createNewOrder][Create Order][from shanghai to taiyuan at 1970-01-02 18:17:36]
2026-03-18 09:40:40.068  INFO 1 --- [io-12031-exec-8] order.service.OrderServiceImpl           : [create][Create Order][Ready to Create Order]
2026-03-18 09:40:40.080  INFO 1 --- [io-12031-exec-8] order.service.OrderServiceImpl           : [create][Order Create Success][Order Price][OrderId:0cac6c65-f3ab-4cc4-aa02-2b918b9a326d , Price: 0.0]
2026-03-18 09:40:40.363  INFO 1 --- [io-12031-exec-9] order.controller.OrderController         : [createNewOrder][Create Order][from shanghai to taiyuan at 1970-01-02 18:17:36]
2026-03-18 09:40:40.363  INFO 1 --- [io-12031-exec-9] order.service.OrderServiceImpl           : [create][Create Order][Ready to Create Order]
2026-03-18 09:40:40.376  INFO 1 --- [io-12031-exec-9] order.service.OrderServiceImpl           : [create][Order Create Success][Order Price][OrderId:9ea074b8-961c-4548-b7a3-9a356214d923 , Price: 0.0]
2026-03-18 09:40:40.657  INFO 1 --- [o-12031-exec-10] order.controller.OrderController         : [createNewOrder][Create Order][from shanghai to taiyuan at 1970-01-02 18:17:36]
2026-03-18 09:40:40.657  INFO 1 --- [o-12031-exec-10] order.service.OrderServiceImpl           : [create][Create Order][Ready to Create Order]
2026-03-18 09:40:40.668  INFO 1 --- [o-12031-exec-10] order.service.OrderServiceImpl           : [create][Order Create Success][Order Price][OrderId:43235617-fa66-4a71-89be-6a9d717b2724 , Price: 0.0]
2026-03-18 09:40:40.959  INFO 1 --- [io-12031-exec-1] order.controller.OrderController         : [createNewOrder][Create Order][from shanghai to taiyuan at 1970-01-02 18:17:36]
2026-03-18 09:40:40.960  INFO 1 --- [io-12031-exec-1] order.service.OrderServiceImpl           : [create][Create Order][Ready to Create Order]
2026-03-18 09:40:40.975  INFO 1 --- [io-12031-exec-1] order.service.OrderServiceImpl           : [create][Order Create Success][Order Price][OrderId:21c97384-7bc3-48e8-b19d-2168475b33d3 , Price: 0.0]
2026-03-18 09:40:41.271  INFO 1 --- [io-12031-exec-2] order.controller.OrderController         : [createNewOrder][Create Order][from shanghai to taiyuan at 1970-01-02 18:17:36]
2026-03-18 09:40:41.271  INFO 1 --- [io-12031-exec-2] order.service.OrderServiceImpl           : [create][Create Order][Ready to Create Order]
2026-03-18 09:40:41.285  INFO 1 --- [io-12031-exec-2] order.service.OrderServiceImpl           : [create][Order Create Success][Order Price][OrderId:afd909d4-b098-4eca-9bcf-20a12e8d7c51 , Price: 0.0]
2026-03-18 09:40:41.568  INFO 1 --- [io-12031-exec-5] order.controller.OrderController         : [createNewOrder][Create Order][from shanghai to taiyuan at 1970-01-02 18:17:36]
2026-03-18 09:40:41.568  INFO 1 --- [io-12031-exec-5] order.service.OrderServiceImpl           : [create][Create Order][Ready to Create Order]
2026-03-18 09:40:41.580  INFO 1 --- [io-12031-exec-5] order.service.OrderServiceImpl           : [create][Order Create Success][Order Price][OrderId:23b903d3-a831-4a08-ada3-75c7315f1d42 , Price: 0.0]
2026-03-18 09:40:41.870  INFO 1 --- [io-12031-exec-4] order.controller.OrderController         : [createNewOrder][Create Order][from shanghai to taiyuan at 1970-01-02 18:17:36]
2026-03-18 09:40:41.870  INFO 1 --- [io-12031-exec-4] order.service.OrderServiceImpl           : [create][Create Order][Ready to Create Order]
2026-03-18 09:40:41.883  INFO 1 --- [io-12031-exec-4] order.service.OrderServiceImpl           : [create][Order Create Success][Order Price][OrderId:12bf6958-e2cd-43ba-8edb-52553c4fd95a , Price: 0.0]
2026-03-18 09:40:42.166  INFO 1 --- [io-12031-exec-6] order.controller.OrderController         : [createNewOrder][Create Order][from shanghai to taiyuan at 1970-01-02 18:17:36]
2026-03-18 09:40:42.166  INFO 1 --- [io-12031-exec-6] order.service.OrderServiceImpl           : [create][Create Order][Ready to Create Order]
2026-03-18 09:40:42.181  INFO 1 --- [io-12031-exec-6] order.service.OrderServiceImpl           : [create][Order Create Success][Order Price][OrderId:5f02bbcf-0387-4b63-b26a-b50786299a0f , Price: 0.0]
2026-03-18 09:40:42.475  INFO 1 --- [io-12031-exec-7] order.controller.OrderController         : [createNewOrder][Create Order][from shanghai to taiyuan at 1970-01-02 18:17:36]
2026-03-18 09:40:42.475  INFO 1 --- [io-12031-exec-7] order.service.OrderServiceImpl           : [create][Create Order][Ready to Create Order]
2026-03-18 09:40:42.490  INFO 1 --- [io-12031-exec-7] order.service.OrderServiceImpl           : [create][Order Create Success][Order Price][OrderId:f6dae966-fef4-4b30-b996-7d7b397f5b90 , Price: 0.0]
2026-03-18 09:40:42.766  INFO 1 --- [io-12031-exec-8] order.controller.OrderController         : [createNewOrder][Create Order][from shanghai to taiyuan at 1970-01-02 18:17:36]
2026-03-18 09:40:42.766  INFO 1 --- [io-12031-exec-8] order.service.OrderServiceImpl           : [create][Create Order][Ready to Create Order]
2026-03-18 09:40:42.780  INFO 1 --- [io-12031-exec-8] order.service.OrderServiceImpl           : [create][Order Create Success][Order Price][OrderId:5b1ccadc-5e22-4dcf-8701-e121594b3c18 , Price: 0.0]
2026-03-18 09:40:43.063  INFO 1 --- [io-12031-exec-9] order.controller.OrderController         : [createNewOrder][Create Order][from shanghai to taiyuan at 1970-01-02 18:17:36]
2026-03-18 09:40:43.063  INFO 1 --- [io-12031-exec-9] order.service.OrderServiceImpl           : [create][Create Order][Ready to Create Order]
2026-03-18 09:40:43.077  INFO 1 --- [io-12031-exec-9] order.service.OrderServiceImpl           : [create][Order Create Success][Order Price][OrderId:0de8584c-7049-4f17-b024-106468046d9a , Price: 0.0]
2026-03-18 09:40:43.362  INFO 1 --- [o-12031-exec-10] order.controller.OrderController         : [createNewOrder][Create Order][from shanghai to taiyuan at 1970-01-02 18:17:36]
2026-03-18 09:40:43.362  INFO 1 --- [o-12031-exec-10] order.service.OrderServiceImpl           : [create][Create Order][Ready to Create Order]
2026-03-18 09:40:43.487  INFO 1 --- [o-12031-exec-10] order.service.OrderServiceImpl           : [create][Order Create Success][Order Price][OrderId:83aeb09c-4b91-492a-9229-7826f11f966b , Price: 0.0]
2026-03-18 09:40:43.766  INFO 1 --- [io-12031-exec-1] order.controller.OrderController         : [createNewOrder][Create Order][from shanghai to taiyuan at 1970-01-02 18:17:36]
2026-03-18 09:40:43.766  INFO 1 --- [io-12031-exec-1] order.service.OrderServiceImpl           : [create][Create Order][Ready to Create Order]
2026-03-18 09:40:43.780  INFO 1 --- [io-12031-exec-1] order.service.OrderServiceImpl           : [create][Order Create Success][Order Price][OrderId:b878b06f-f360-44d6-8b4a-00f56757ac70 , Price: 0.0]
2026-03-18 09:40:44.069  INFO 1 --- [io-12031-exec-3] order.controller.OrderController         : [createNewOrder][Create Order][from shanghai to taiyuan at 1970-01-02 18:17:36]
2026-03-18 09:40:44.069  INFO 1 --- [io-12031-exec-3] order.service.OrderServiceImpl           : [create][Create Order][Ready to Create Order]
2026-03-18 09:40:44.082  INFO 1 --- [io-12031-exec-3] order.service.OrderServiceImpl           : [create][Order Create Success][Order Price][OrderId:6366db21-8bc9-45f4-b16e-a4def2fd1a10 , Price: 0.0]
2026-03-18 09:40:44.364  INFO 1 --- [io-12031-exec-2] order.controller.OrderController         : [createNewOrder][Create Order][from shanghai to taiyuan at 1970-01-02 18:17:36]
2026-03-18 09:40:44.364  INFO 1 --- [io-12031-exec-2] order.service.OrderServiceImpl           : [create][Create Order][Ready to Create Order]
2026-03-18 09:40:44.378  INFO 1 --- [io-12031-exec-2] order.service.OrderServiceImpl           : [create][Order Create Success][Order Price][OrderId:65dc3a47-15c4-49f6-8835-a5c09500072e , Price: 0.0]
2026-03-18 09:40:44.658  INFO 1 --- [io-12031-exec-5] order.controller.OrderController         : [createNewOrder][Create Order][from shanghai to taiyuan at 1970-01-02 18:17:36]
2026-03-18 09:40:44.658  INFO 1 --- [io-12031-exec-5] order.service.OrderServiceImpl           : [create][Create Order][Ready to Create Order]
2026-03-18 09:40:44.670  INFO 1 --- [io-12031-exec-5] order.service.OrderServiceImpl           : [create][Order Create Success][Order Price][OrderId:d4e75443-2ec5-4402-84e8-18b9ff6af774 , Price: 0.0]
2026-03-18 09:40:44.972  INFO 1 --- [io-12031-exec-4] order.controller.OrderController         : [createNewOrder][Create Order][from shanghai to taiyuan at 1970-01-02 18:17:36]
2026-03-18 09:40:44.972  INFO 1 --- [io-12031-exec-4] order.service.OrderServiceImpl           : [create][Create Order][Ready to Create Order]
2026-03-18 09:40:44.987  INFO 1 --- [io-12031-exec-4] order.service.OrderServiceImpl           : [create][Order Create Success][Order Price][OrderId:1b044ee9-9b18-4083-8347-4a0724313618 , Price: 0.0]
2026-03-18 09:40:45.266  INFO 1 --- [io-12031-exec-6] order.controller.OrderController         : [createNewOrder][Create Order][from shanghai to taiyuan at 1970-01-02 18:17:36]
2026-03-18 09:40:45.266  INFO 1 --- [io-12031-exec-6] order.service.OrderServiceImpl           : [create][Create Order][Ready to Create Order]
2026-03-18 09:40:45.280  INFO 1 --- [io-12031-exec-6] order.service.OrderServiceImpl           : [create][Order Create Success][Order Price][OrderId:0039663b-9457-4ff4-8163-94e6eacfe0a4 , Price: 0.0]
2026-03-18 09:40:45.568  INFO 1 --- [io-12031-exec-7] order.controller.OrderController         : [createNewOrder][Create Order][from shanghai to taiyuan at 1970-01-02 18:17:36]
2026-03-18 09:40:45.569  INFO 1 --- [io-12031-exec-7] order.service.OrderServiceImpl           : [create][Create Order][Ready to Create Order]
2026-03-18 09:40:45.583  INFO 1 --- [io-12031-exec-7] order.service.OrderServiceImpl           : [create][Order Create Success][Order Price][OrderId:e9576d11-cc9f-4475-87df-891853921b36 , Price: 0.0]
2026-03-18 09:40:45.865  INFO 1 --- [io-12031-exec-8] order.controller.OrderController         : [createNewOrder][Create Order][from shanghai to taiyuan at 1970-01-02 18:17:36]
2026-03-18 09:40:45.865  INFO 1 --- [io-12031-exec-8] order.service.OrderServiceImpl           : [create][Create Order][Ready to Create Order]
2026-03-18 09:40:45.878  INFO 1 --- [io-12031-exec-8] order.service.OrderServiceImpl           : [create][Order Create Success][Order Price][OrderId:d1140d56-550b-48e8-b9c9-cf0d46cb3ff8 , Price: 0.0]
2026-03-18 09:40:46.164  INFO 1 --- [io-12031-exec-9] order.controller.OrderController         : [createNewOrder][Create Order][from shanghai to taiyuan at 1970-01-02 18:17:36]
2026-03-18 09:40:46.164  INFO 1 --- [io-12031-exec-9] order.service.OrderServiceImpl           : [create][Create Order][Ready to Create Order]
2026-03-18 09:40:46.178  INFO 1 --- [io-12031-exec-9] order.service.OrderServiceImpl           : [create][Order Create Success][Order Price][OrderId:39b2c905-e755-4377-951a-a9f9c2eac534 , Price: 0.0]
2026-03-18 09:40:46.461  INFO 1 --- [o-12031-exec-10] order.controller.OrderController         : [createNewOrder][Create Order][from shanghai to taiyuan at 1970-01-02 18:17:36]
2026-03-18 09:40:46.461  INFO 1 --- [o-12031-exec-10] order.service.OrderServiceImpl           : [create][Create Order][Ready to Create Order]
2026-03-18 09:40:46.476  INFO 1 --- [o-12031-exec-10] order.service.OrderServiceImpl           : [create][Order Create Success][Order Price][OrderId:62b160ef-2a46-4b3d-aaf0-169794658078 , Price: 0.0]
2026-03-18 09:40:46.773  INFO 1 --- [io-12031-exec-1] order.controller.OrderController         : [createNewOrder][Create Order][from shanghai to taiyuan at 1970-01-02 18:17:36]
2026-03-18 09:40:46.773  INFO 1 --- [io-12031-exec-1] order.service.OrderServiceImpl           : [create][Create Order][Ready to Create Order]
2026-03-18 09:40:46.788  INFO 1 --- [io-12031-exec-1] order.service.OrderServiceImpl           : [create][Order Create Success][Order Price][OrderId:d4220087-e440-432f-91ad-8a0fce018996 , Price: 0.0]
2026-03-18 09:40:47.070  INFO 1 --- [io-12031-exec-3] order.controller.OrderController         : [createNewOrder][Create Order][from shanghai to taiyuan at 1970-01-02 18:17:36]
2026-03-18 09:40:47.071  INFO 1 --- [io-12031-exec-3] order.service.OrderServiceImpl           : [create][Create Order][Ready to Create Order]
2026-03-18 09:40:47.088  INFO 1 --- [io-12031-exec-3] order.service.OrderServiceImpl           : [create][Order Create Success][Order Price][OrderId:946683bb-6c5e-441e-a51a-e4fa85e51000 , Price: 0.0]
2026-03-18 09:40:47.380  INFO 1 --- [io-12031-exec-2] order.controller.OrderController         : [createNewOrder][Create Order][from shanghai to taiyuan at 1970-01-02 18:17:36]
2026-03-18 09:40:47.380  INFO 1 --- [io-12031-exec-2] order.service.OrderServiceImpl           : [create][Create Order][Ready to Create Order]
2026-03-18 09:40:47.486  INFO 1 --- [io-12031-exec-2] order.service.OrderServiceImpl           : [create][Order Create Success][Order Price][OrderId:b47c8843-0fef-458a-b838-6ec7a6d96b1c , Price: 0.0]
2026-03-18 09:40:47.767  INFO 1 --- [io-12031-exec-5] order.controller.OrderController         : [createNewOrder][Create Order][from shanghai to taiyuan at 1970-01-02 18:17:36]
2026-03-18 09:40:47.767  INFO 1 --- [io-12031-exec-5] order.service.OrderServiceImpl           : [create][Create Order][Ready to Create Order]
2026-03-18 09:40:47.780  INFO 1 --- [io-12031-exec-5] order.service.OrderServiceImpl           : [create][Order Create Success][Order Price][OrderId:bac9e325-88de-4077-9806-961f835d567a , Price: 0.0]
2026-03-18 09:40:48.248  INFO 1 --- [io-12031-exec-4] order.controller.OrderController         : [createNewOrder][Create Order][from shanghai to taiyuan at 1970-01-02 18:17:36]
2026-03-18 09:40:48.248  INFO 1 --- [io-12031-exec-4] order.service.OrderServiceImpl           : [create][Create Order][Ready to Create Order]
2026-03-18 09:40:48.262  INFO 1 --- [io-12031-exec-4] order.service.OrderServiceImpl           : [create][Order Create Success][Order Price][OrderId:a1461ba1-dc8d-4e21-a512-efa9ea49ca12 , Price: 0.0]
2026-03-18 09:40:48.565  INFO 1 --- [io-12031-exec-6] order.controller.OrderController         : [createNewOrder][Create Order][from shanghai to taiyuan at 1970-01-02 18:17:36]
2026-03-18 09:40:48.565  INFO 1 --- [io-12031-exec-6] order.service.OrderServiceImpl           : [create][Create Order][Ready to Create Order]
2026-03-18 09:40:48.579  INFO 1 --- [io-12031-exec-6] order.service.OrderServiceImpl           : [create][Order Create Success][Order Price][OrderId:26390c84-a87e-4b0f-a6fe-b0ee138ceabe , Price: 0.0]
2026-03-18 09:40:48.866  INFO 1 --- [io-12031-exec-7] order.controller.OrderController         : [createNewOrder][Create Order][from shanghai to taiyuan at 1970-01-02 18:17:36]
2026-03-18 09:40:48.866  INFO 1 --- [io-12031-exec-7] order.service.OrderServiceImpl           : [create][Create Order][Ready to Create Order]
2026-03-18 09:40:48.879  INFO 1 --- [io-12031-exec-7] order.service.OrderServiceImpl           : [create][Order Create Success][Order Price][OrderId:cd26a0e1-01f2-4bdc-8f7c-214b7252c046 , Price: 0.0]
2026-03-18 09:40:49.160  INFO 1 --- [io-12031-exec-8] order.controller.OrderController         : [createNewOrder][Create Order][from shanghai to taiyuan at 1970-01-02 18:17:36]
2026-03-18 09:40:49.160  INFO 1 --- [io-12031-exec-8] order.service.OrderServiceImpl           : [create][Create Order][Ready to Create Order]
2026-03-18 09:40:49.173  INFO 1 --- [io-12031-exec-8] order.service.OrderServiceImpl           : [create][Order Create Success][Order Price][OrderId:3b937889-baa8-432a-b915-07cd7f496d36 , Price: 0.0]
2026-03-18 09:40:49.453  INFO 1 --- [io-12031-exec-9] order.controller.OrderController         : [createNewOrder][Create Order][from shanghai to taiyuan at 1970-01-02 18:17:36]
2026-03-18 09:40:49.453  INFO 1 --- [io-12031-exec-9] order.service.OrderServiceImpl           : [create][Create Order][Ready to Create Order]
2026-03-18 09:40:49.466  INFO 1 --- [io-12031-exec-9] order.service.OrderServiceImpl           : [create][Order Create Success][Order Price][OrderId:7947f1c7-eba1-40cf-bb57-71753c6fb9ff , Price: 0.0]
2026-03-18 09:40:49.745  INFO 1 --- [o-12031-exec-10] order.controller.OrderController         : [createNewOrder][Create Order][from shanghai to taiyuan at 1970-01-02 18:17:36]
2026-03-18 09:40:49.745  INFO 1 --- [o-12031-exec-10] order.service.OrderServiceImpl           : [create][Create Order][Ready to Create Order]
2026-03-18 09:40:49.757  INFO 1 --- [o-12031-exec-10] order.service.OrderServiceImpl           : [create][Order Create Success][Order Price][OrderId:cbf69f9b-a257-4e43-a661-2e67e6dddf74 , Price: 0.0]
2026-03-18 09:40:50.047  INFO 1 --- [io-12031-exec-1] order.controller.OrderController         : [createNewOrder][Create Order][from shanghai to taiyuan at 1970-01-02 18:17:36]
2026-03-18 09:40:50.048  INFO 1 --- [io-12031-exec-1] order.service.OrderServiceImpl           : [create][Create Order][Ready to Create Order]
2026-03-18 09:40:50.060  INFO 1 --- [io-12031-exec-1] order.service.OrderServiceImpl           : [create][Order Create Success][Order Price][OrderId:80503409-f327-4f1f-b47d-f917f8af4594 , Price: 0.0]
2026-03-18 09:40:50.337  INFO 1 --- [io-12031-exec-3] order.controller.OrderController         : [createNewOrder][Create Order][from shanghai to taiyuan at 1970-01-02 18:17:36]
2026-03-18 09:40:50.337  INFO 1 --- [io-12031-exec-3] order.service.OrderServiceImpl           : [create][Create Order][Ready to Create Order]
2026-03-18 09:40:50.351  INFO 1 --- [io-12031-exec-3] order.service.OrderServiceImpl           : [create][Order Create Success][Order Price][OrderId:b7de6660-091a-44e3-a42a-0b213af0248e , Price: 0.0]
2026-03-18 09:40:50.658  INFO 1 --- [io-12031-exec-2] order.controller.OrderController         : [createNewOrder][Create Order][from shanghai to taiyuan at 1970-01-02 18:17:36]
2026-03-18 09:40:50.658  INFO 1 --- [io-12031-exec-2] order.service.OrderServiceImpl           : [create][Create Order][Ready to Create Order]
2026-03-18 09:40:50.670  INFO 1 --- [io-12031-exec-2] order.service.OrderServiceImpl           : [create][Order Create Success][Order Price][OrderId:d409d706-0324-4556-9f25-85d6d65dd920 , Price: 0.0]
2026-03-18 09:40:50.947  INFO 1 --- [io-12031-exec-5] order.controller.OrderController         : [createNewOrder][Create Order][from shanghai to taiyuan at 1970-01-02 18:17:36]
2026-03-18 09:40:50.947  INFO 1 --- [io-12031-exec-5] order.service.OrderServiceImpl           : [create][Create Order][Ready to Create Order]
2026-03-18 09:40:50.961  INFO 1 --- [io-12031-exec-5] order.service.OrderServiceImpl           : [create][Order Create Success][Order Price][OrderId:7e48621d-1686-46b3-8b08-617db04c8a6a , Price: 0.0]
2026-03-18 09:40:51.254  INFO 1 --- [io-12031-exec-6] order.controller.OrderController         : [createNewOrder][Create Order][from shanghai to taiyuan at 1970-01-02 18:17:36]
2026-03-18 09:40:51.254  INFO 1 --- [io-12031-exec-6] order.service.OrderServiceImpl           : [create][Create Order][Ready to Create Order]
2026-03-18 09:40:51.269  INFO 1 --- [io-12031-exec-6] order.service.OrderServiceImpl           : [create][Order Create Success][Order Price][OrderId:58c1dfe8-69d2-4460-beb7-f95dfdb4e1e1 , Price: 0.0]
2026-03-18 09:40:51.566  INFO 1 --- [io-12031-exec-7] order.controller.OrderController         : [createNewOrder][Create Order][from shanghai to taiyuan at 1970-01-02 18:17:36]
2026-03-18 09:40:51.566  INFO 1 --- [io-12031-exec-7] order.service.OrderServiceImpl           : [create][Create Order][Ready to Create Order]
2026-03-18 09:40:51.580  INFO 1 --- [io-12031-exec-7] order.service.OrderServiceImpl           : [create][Order Create Success][Order Price][OrderId:02bc430a-ed92-41fb-a274-a74a8cdacda1 , Price: 0.0]
2026-03-18 09:40:51.860  INFO 1 --- [io-12031-exec-8] order.controller.OrderController         : [createNewOrder][Create Order][from shanghai to taiyuan at 1970-01-02 18:17:36]
2026-03-18 09:40:51.860  INFO 1 --- [io-12031-exec-8] order.service.OrderServiceImpl           : [create][Create Order][Ready to Create Order]
2026-03-18 09:40:51.883  INFO 1 --- [io-12031-exec-8] order.service.OrderServiceImpl           : [create][Order Create Success][Order Price][OrderId:3a5d96dc-d503-44d6-ae15-117b3dad4499 , Price: 0.0]
2026-03-18 09:40:52.167  INFO 1 --- [io-12031-exec-9] order.controller.OrderController         : [createNewOrder][Create Order][from shanghai to taiyuan at 1970-01-02 18:17:36]
2026-03-18 09:40:52.167  INFO 1 --- [io-12031-exec-9] order.service.OrderServiceImpl           : [create][Create Order][Ready to Create Order]
2026-03-18 09:40:52.180  INFO 1 --- [io-12031-exec-9] order.service.OrderServiceImpl           : [create][Order Create Success][Order Price][OrderId:45b6c4fd-187f-40b2-a44d-73f9f4f1be65 , Price: 0.0]
2026-03-18 09:40:52.471  INFO 1 --- [o-12031-exec-10] order.controller.OrderController         : [createNewOrder][Create Order][from shanghai to taiyuan at 1970-01-02 18:17:36]
2026-03-18 09:40:52.471  INFO 1 --- [o-12031-exec-10] order.service.OrderServiceImpl           : [create][Create Order][Ready to Create Order]
2026-03-18 09:40:52.485  INFO 1 --- [o-12031-exec-10] order.service.OrderServiceImpl           : [create][Order Create Success][Order Price][OrderId:1aea2870-ddcf-4b7a-9aff-eb5f6b5bb489 , Price: 0.0]
2026-03-18 09:40:52.767  INFO 1 --- [io-12031-exec-1] order.controller.OrderController         : [createNewOrder][Create Order][from shanghai to taiyuan at 1970-01-02 18:17:36]
2026-03-18 09:40:52.767  INFO 1 --- [io-12031-exec-1] order.service.OrderServiceImpl           : [create][Create Order][Ready to Create Order]
2026-03-18 09:40:52.782  INFO 1 --- [io-12031-exec-1] order.service.OrderServiceImpl           : [create][Order Create Success][Order Price][OrderId:9ea230c7-9f15-4d16-b009-1d60c8dc9dc6 , Price: 0.0]
2026-03-18 09:40:53.063  INFO 1 --- [io-12031-exec-3] order.controller.OrderController         : [createNewOrder][Create Order][from shanghai to taiyuan at 1970-01-02 18:17:36]
2026-03-18 09:40:53.063  INFO 1 --- [io-12031-exec-3] order.service.OrderServiceImpl           : [create][Create Order][Ready to Create Order]
2026-03-18 09:40:53.076  INFO 1 --- [io-12031-exec-3] order.service.OrderServiceImpl           : [create][Order Create Success][Order Price][OrderId:4feac232-9a92-4445-831c-e65f4425500e , Price: 0.0]
2026-03-18 09:40:53.372  INFO 1 --- [io-12031-exec-2] order.controller.OrderController         : [createNewOrder][Create Order][from shanghai to taiyuan at 1970-01-02 18:17:36]
2026-03-18 09:40:53.372  INFO 1 --- [io-12031-exec-2] order.service.OrderServiceImpl           : [create][Create Order][Ready to Create Order]
2026-03-18 09:40:53.388  INFO 1 --- [io-12031-exec-2] order.service.OrderServiceImpl           : [create][Order Create Success][Order Price][OrderId:bbc61f9e-06ec-40c1-b33a-478fe3cb5411 , Price: 0.0]
2026-03-18 09:40:53.660  INFO 1 --- [io-12031-exec-5] order.controller.OrderController         : [createNewOrder][Create Order][from shanghai to taiyuan at 1970-01-02 18:17:36]
2026-03-18 09:40:53.660  INFO 1 --- [io-12031-exec-5] order.service.OrderServiceImpl           : [create][Create Order][Ready to Create Order]
2026-03-18 09:40:53.674  INFO 1 --- [io-12031-exec-5] order.service.OrderServiceImpl           : [create][Order Create Success][Order Price][OrderId:2a6cfd6c-03a0-4489-9733-a314ecca930a , Price: 0.0]
2026-03-18 09:40:53.979  INFO 1 --- [io-12031-exec-4] order.controller.OrderController         : [createNewOrder][Create Order][from shanghai to taiyuan at 1970-01-02 18:17:36]
2026-03-18 09:40:53.979  INFO 1 --- [io-12031-exec-4] order.service.OrderServiceImpl           : [create][Create Order][Ready to Create Order]
2026-03-18 09:40:53.993  INFO 1 --- [io-12031-exec-4] order.service.OrderServiceImpl           : [create][Order Create Success][Order Price][OrderId:f50a8372-aca2-46c5-b65d-b29074baecbf , Price: 0.0]
2026-03-18 09:40:54.259  INFO 1 --- [io-12031-exec-6] order.controller.OrderController         : [createNewOrder][Create Order][from shanghai to taiyuan at 1970-01-02 18:17:36]
2026-03-18 09:40:54.259  INFO 1 --- [io-12031-exec-6] order.service.OrderServiceImpl           : [create][Create Order][Ready to Create Order]
2026-03-18 09:40:54.272  INFO 1 --- [io-12031-exec-6] order.service.OrderServiceImpl           : [create][Order Create Success][Order Price][OrderId:55f6b532-c838-46ac-b6a6-2624e8b6450a , Price: 0.0]
2026-03-18 09:40:54.552  INFO 1 --- [io-12031-exec-7] order.controller.OrderController         : [createNewOrder][Create Order][from shanghai to taiyuan at 1970-01-02 18:17:36]
2026-03-18 09:40:54.553  INFO 1 --- [io-12031-exec-7] order.service.OrderServiceImpl           : [create][Create Order][Ready to Create Order]
2026-03-18 09:40:54.565  INFO 1 --- [io-12031-exec-7] order.service.OrderServiceImpl           : [create][Order Create Success][Order Price][OrderId:57686072-fd35-4e14-8118-10f0b40a127a , Price: 0.0]
2026-03-18 09:40:54.862  INFO 1 --- [io-12031-exec-8] order.controller.OrderController         : [createNewOrder][Create Order][from shanghai to taiyuan at 1970-01-02 18:17:36]
2026-03-18 09:40:54.862  INFO 1 --- [io-12031-exec-8] order.service.OrderServiceImpl           : [create][Create Order][Ready to Create Order]
2026-03-18 09:40:54.877  INFO 1 --- [io-12031-exec-8] order.service.OrderServiceImpl           : [create][Order Create Success][Order Price][OrderId:dba76323-e195-45e7-9c60-3fc306d056e3 , Price: 0.0]
2026-03-18 09:40:55.160  INFO 1 --- [io-12031-exec-9] order.controller.OrderController         : [createNewOrder][Create Order][from shanghai to taiyuan at 1970-01-02 18:17:36]
2026-03-18 09:40:55.160  INFO 1 --- [io-12031-exec-9] order.service.OrderServiceImpl           : [create][Create Order][Ready to Create Order]
2026-03-18 09:40:55.172  INFO 1 --- [io-12031-exec-9] order.service.OrderServiceImpl           : [create][Order Create Success][Order Price][OrderId:1403fe51-890b-41cb-899b-d26d7501e372 , Price: 0.0]
2026-03-18 09:40:55.461  INFO 1 --- [o-12031-exec-10] order.controller.OrderController         : [createNewOrder][Create Order][from shanghai to taiyuan at 1970-01-02 18:17:36]
2026-03-18 09:40:55.461  INFO 1 --- [o-12031-exec-10] order.service.OrderServiceImpl           : [create][Create Order][Ready to Create Order]
2026-03-18 09:40:55.475  INFO 1 --- [o-12031-exec-10] order.service.OrderServiceImpl           : [create][Order Create Success][Order Price][OrderId:e3c694e7-2245-4ff8-82e9-07b31c8de7f3 , Price: 0.0]
2026-03-18 09:40:55.763  INFO 1 --- [io-12031-exec-1] order.controller.OrderController         : [createNewOrder][Create Order][from shanghai to taiyuan at 1970-01-02 18:17:36]
2026-03-18 09:40:55.763  INFO 1 --- [io-12031-exec-1] order.service.OrderServiceImpl           : [create][Create Order][Ready to Create Order]
2026-03-18 09:40:55.973  INFO 1 --- [io-12031-exec-1] order.service.OrderServiceImpl           : [create][Order Create Success][Order Price][OrderId:90404920-34be-432f-8e34-53586357904a , Price: 0.0]
2026-03-18 09:40:56.261  INFO 1 --- [io-12031-exec-3] order.controller.OrderController         : [createNewOrder][Create Order][from shanghai to taiyuan at 1970-01-02 18:17:36]
2026-03-18 09:40:56.261  INFO 1 --- [io-12031-exec-3] order.service.OrderServiceImpl           : [create][Create Order][Ready to Create Order]
2026-03-18 09:40:56.276  INFO 1 --- [io-12031-exec-3] order.service.OrderServiceImpl           : [create][Order Create Success][Order Price][OrderId:6f86d7f7-8e48-4d79-80eb-2e08034287db , Price: 0.0]
2026-03-18 09:40:56.557  INFO 1 --- [io-12031-exec-2] order.controller.OrderController         : [createNewOrder][Create Order][from shanghai to taiyuan at 1970-01-02 18:17:36]
2026-03-18 09:40:56.557  INFO 1 --- [io-12031-exec-2] order.service.OrderServiceImpl           : [create][Create Order][Ready to Create Order]
2026-03-18 09:40:56.569  INFO 1 --- [io-12031-exec-2] order.service.OrderServiceImpl           : [create][Order Create Success][Order Price][OrderId:a10501d7-f284-4a14-8a8c-2ff4060c33cc , Price: 0.0]
2026-03-18 09:40:56.851  INFO 1 --- [io-12031-exec-5] order.controller.OrderController         : [createNewOrder][Create Order][from shanghai to taiyuan at 1970-01-02 18:17:36]
2026-03-18 09:40:56.851  INFO 1 --- [io-12031-exec-5] order.service.OrderServiceImpl           : [create][Create Order][Ready to Create Order]
2026-03-18 09:40:56.863  INFO 1 --- [io-12031-exec-5] order.service.OrderServiceImpl           : [create][Order Create Success][Order Price][OrderId:9a884c18-3880-4431-b897-61ad02f5956c , Price: 0.0]
2026-03-18 09:40:57.141  INFO 1 --- [io-12031-exec-4] order.controller.OrderController         : [createNewOrder][Create Order][from shanghai to taiyuan at 1970-01-02 18:17:36]
2026-03-18 09:40:57.141  INFO 1 --- [io-12031-exec-4] order.service.OrderServiceImpl           : [create][Create Order][Ready to Create Order]
2026-03-18 09:40:57.155  INFO 1 --- [io-12031-exec-4] order.service.OrderServiceImpl           : [create][Order Create Success][Order Price][OrderId:452733c6-3409-45e7-a239-872a4cef80e2 , Price: 0.0]
2026-03-18 09:40:57.436  INFO 1 --- [io-12031-exec-6] order.controller.OrderController         : [createNewOrder][Create Order][from shanghai to taiyuan at 1970-01-02 18:17:36]
2026-03-18 09:40:57.436  INFO 1 --- [io-12031-exec-6] order.service.OrderServiceImpl           : [create][Create Order][Ready to Create Order]
2026-03-18 09:40:57.450  INFO 1 --- [io-12031-exec-6] order.service.OrderServiceImpl           : [create][Order Create Success][Order Price][OrderId:fe77b124-0041-4a38-ad7a-c68715909d5b , Price: 0.0]
2026-03-18 09:40:57.681  INFO 1 --- [io-12031-exec-7] order.controller.OrderController         : [createNewOrder][Create Order][from shanghai to taiyuan at 1970-01-02 18:17:36]
2026-03-18 09:40:57.681  INFO 1 --- [io-12031-exec-7] order.service.OrderServiceImpl           : [create][Create Order][Ready to Create Order]
2026-03-18 09:40:57.693  INFO 1 --- [io-12031-exec-7] order.service.OrderServiceImpl           : [create][Order Create Success][Order Price][OrderId:8e143a19-2084-4620-83f5-70177f904353 , Price: 0.0]
2026-03-18 09:40:57.976  INFO 1 --- [io-12031-exec-8] order.controller.OrderController         : [createNewOrder][Create Order][from shanghai to taiyuan at 1970-01-02 18:17:36]
2026-03-18 09:40:57.976  INFO 1 --- [io-12031-exec-8] order.service.OrderServiceImpl           : [create][Create Order][Ready to Create Order]
2026-03-18 09:40:57.990  INFO 1 --- [io-12031-exec-8] order.service.OrderServiceImpl           : [create][Order Create Success][Order Price][OrderId:009461dd-4c4f-4738-9db6-b0ab4caf70b6 , Price: 0.0]
2026-03-18 09:40:58.259  INFO 1 --- [io-12031-exec-9] order.controller.OrderController         : [createNewOrder][Create Order][from shanghai to taiyuan at 1970-01-02 18:17:36]
2026-03-18 09:40:58.259  INFO 1 --- [io-12031-exec-9] order.service.OrderServiceImpl           : [create][Create Order][Ready to Create Order]
2026-03-18 09:40:58.272  INFO 1 --- [io-12031-exec-9] order.service.OrderServiceImpl           : [create][Order Create Success][Order Price][OrderId:7db8a65f-4e98-4ab1-a913-8a08ec77a43b , Price: 0.0]
2026-03-18 09:40:58.564  INFO 1 --- [o-12031-exec-10] order.controller.OrderController         : [createNewOrder][Create Order][from shanghai to taiyuan at 1970-01-02 18:17:36]
2026-03-18 09:40:58.564  INFO 1 --- [o-12031-exec-10] order.service.OrderServiceImpl           : [create][Create Order][Ready to Create Order]
2026-03-18 09:40:58.579  INFO 1 --- [o-12031-exec-10] order.service.OrderServiceImpl           : [create][Order Create Success][Order Price][OrderId:3aa29add-1dd0-42ce-b316-e1baa8d1746a , Price: 0.0]
2026-03-18 09:40:58.860  INFO 1 --- [io-12031-exec-1] order.controller.OrderController         : [createNewOrder][Create Order][from shanghai to taiyuan at 1970-01-02 18:17:36]
2026-03-18 09:40:58.860  INFO 1 --- [io-12031-exec-1] order.service.OrderServiceImpl           : [create][Create Order][Ready to Create Order]
2026-03-18 09:40:58.873  INFO 1 --- [io-12031-exec-1] order.service.OrderServiceImpl           : [create][Order Create Success][Order Price][OrderId:d035b845-b7a9-4246-8a00-46659a634dc1 , Price: 0.0]
2026-03-18 09:40:59.152  INFO 1 --- [io-12031-exec-3] order.controller.OrderController         : [createNewOrder][Create Order][from shanghai to taiyuan at 1970-01-02 18:17:36]
2026-03-18 09:40:59.153  INFO 1 --- [io-12031-exec-3] order.service.OrderServiceImpl           : [create][Create Order][Ready to Create Order]
2026-03-18 09:40:59.165  INFO 1 --- [io-12031-exec-3] order.service.OrderServiceImpl           : [create][Order Create Success][Order Price][OrderId:aab8c0c0-5a2f-4ba0-9e82-839fb153b801 , Price: 0.0]
2026-03-18 09:40:59.450  INFO 1 --- [io-12031-exec-2] order.controller.OrderController         : [createNewOrder][Create Order][from shanghai to taiyuan at 1970-01-02 18:17:36]
2026-03-18 09:40:59.450  INFO 1 --- [io-12031-exec-2] order.service.OrderServiceImpl           : [create][Create Order][Ready to Create Order]
2026-03-18 09:40:59.462  INFO 1 --- [io-12031-exec-2] order.service.OrderServiceImpl           : [create][Order Create Success][Order Price][OrderId:ae6e365c-b7ba-49fc-b071-bf3ede328561 , Price: 0.0]
2026-03-18 09:40:59.758  INFO 1 --- [io-12031-exec-5] order.controller.OrderController         : [createNewOrder][Create Order][from shanghai to taiyuan at 1970-01-02 18:17:36]
2026-03-18 09:40:59.758  INFO 1 --- [io-12031-exec-5] order.service.OrderServiceImpl           : [create][Create Order][Ready to Create Order]
2026-03-18 09:40:59.779  INFO 1 --- [io-12031-exec-5] order.service.OrderServiceImpl           : [create][Order Create Success][Order Price][OrderId:5b8b616a-cd0c-48a5-b672-620b05a41966 , Price: 0.0]
2026-03-18 09:41:00.068  INFO 1 --- [io-12031-exec-4] order.controller.OrderController         : [createNewOrder][Create Order][from shanghai to taiyuan at 1970-01-02 18:17:36]
2026-03-18 09:41:00.068  INFO 1 --- [io-12031-exec-4] order.service.OrderServiceImpl           : [create][Create Order][Ready to Create Order]
2026-03-18 09:41:00.083  INFO 1 --- [io-12031-exec-4] order.service.OrderServiceImpl           : [create][Order Create Success][Order Price][OrderId:882d594c-d2fd-47b7-92cc-eb82298554a1 , Price: 0.0]
2026-03-18 09:41:00.362  INFO 1 --- [io-12031-exec-6] order.controller.OrderController         : [createNewOrder][Create Order][from shanghai to taiyuan at 1970-01-02 18:17:36]
2026-03-18 09:41:00.362  INFO 1 --- [io-12031-exec-6] order.service.OrderServiceImpl           : [create][Create Order][Ready to Create Order]
2026-03-18 09:41:00.375  INFO 1 --- [io-12031-exec-6] order.service.OrderServiceImpl           : [create][Order Create Success][Order Price][OrderId:659496f7-ec27-4527-a1a8-794949e8f332 , Price: 0.0]
2026-03-18 09:41:00.652  INFO 1 --- [io-12031-exec-7] order.controller.OrderController         : [createNewOrder][Create Order][from shanghai to taiyuan at 1970-01-02 18:17:36]
2026-03-18 09:41:00.652  INFO 1 --- [io-12031-exec-7] order.service.OrderServiceImpl           : [create][Create Order][Ready to Create Order]
2026-03-18 09:41:00.667  INFO 1 --- [io-12031-exec-7] order.service.OrderServiceImpl           : [create][Order Create Success][Order Price][OrderId:6fc33c2c-1478-475e-b825-46b1c890b9c0 , Price: 0.0]
2026-03-18 09:41:00.946  INFO 1 --- [io-12031-exec-8] order.controller.OrderController         : [createNewOrder][Create Order][from shanghai to taiyuan at 1970-01-02 18:17:36]
2026-03-18 09:41:00.946  INFO 1 --- [io-12031-exec-8] order.service.OrderServiceImpl           : [create][Create Order][Ready to Create Order]
2026-03-18 09:41:00.958  INFO 1 --- [io-12031-exec-8] order.service.OrderServiceImpl           : [create][Order Create Success][Order Price][OrderId:a63f5478-2157-4f2c-ad68-d2623852a136 , Price: 0.0]
2026-03-18 09:41:01.241  INFO 1 --- [io-12031-exec-9] order.controller.OrderController         : [createNewOrder][Create Order][from shanghai to taiyuan at 1970-01-02 18:17:36]
2026-03-18 09:41:01.241  INFO 1 --- [io-12031-exec-9] order.service.OrderServiceImpl           : [create][Create Order][Ready to Create Order]
2026-03-18 09:41:01.254  INFO 1 --- [io-12031-exec-9] order.service.OrderServiceImpl           : [create][Order Create Success][Order Price][OrderId:85692154-919b-4d29-b24e-96d96fef59af , Price: 0.0]
2026-03-18 09:41:01.563  INFO 1 --- [io-12031-exec-1] order.controller.OrderController         : [createNewOrder][Create Order][from shanghai to taiyuan at 1970-01-02 18:17:36]
2026-03-18 09:41:01.563  INFO 1 --- [io-12031-exec-1] order.service.OrderServiceImpl           : [create][Create Order][Ready to Create Order]
2026-03-18 09:41:01.577  INFO 1 --- [io-12031-exec-1] order.service.OrderServiceImpl           : [create][Order Create Success][Order Price][OrderId:a695882b-2202-4a08-a8e1-e0f74bbc2a63 , Price: 0.0]
2026-03-18 09:41:01.864  INFO 1 --- [io-12031-exec-3] order.controller.OrderController         : [createNewOrder][Create Order][from shanghai to taiyuan at 1970-01-02 18:17:36]
2026-03-18 09:41:01.864  INFO 1 --- [io-12031-exec-3] order.service.OrderServiceImpl           : [create][Create Order][Ready to Create Order]
2026-03-18 09:41:01.877  INFO 1 --- [io-12031-exec-3] order.service.OrderServiceImpl           : [create][Order Create Success][Order Price][OrderId:ebbbb361-f29e-4ac8-9379-16e4afda1d22 , Price: 0.0]
2026-03-18 09:41:02.158  INFO 1 --- [io-12031-exec-2] order.controller.OrderController         : [createNewOrder][Create Order][from shanghai to taiyuan at 1970-01-02 18:17:36]
2026-03-18 09:41:02.158  INFO 1 --- [io-12031-exec-2] order.service.OrderServiceImpl           : [create][Create Order][Ready to Create Order]
2026-03-18 09:41:02.172  INFO 1 --- [io-12031-exec-2] order.service.OrderServiceImpl           : [create][Order Create Success][Order Price][OrderId:0e680520-593e-4eba-a5a7-6103da8ec539 , Price: 0.0]
2026-03-18 09:41:02.458  INFO 1 --- [io-12031-exec-5] order.controller.OrderController         : [createNewOrder][Create Order][from shanghai to taiyuan at 1970-01-02 18:17:36]
2026-03-18 09:41:02.458  INFO 1 --- [io-12031-exec-5] order.service.OrderServiceImpl           : [create][Create Order][Ready to Create Order]
2026-03-18 09:41:02.472  INFO 1 --- [io-12031-exec-5] order.service.OrderServiceImpl           : [create][Order Create Success][Order Price][OrderId:44e3d777-75a3-4d99-bcf4-b8f91b26d51a , Price: 0.0]
2026-03-18 09:41:02.753  INFO 1 --- [io-12031-exec-4] order.controller.OrderController         : [createNewOrder][Create Order][from shanghai to taiyuan at 1970-01-02 18:17:36]
2026-03-18 09:41:02.753  INFO 1 --- [io-12031-exec-4] order.service.OrderServiceImpl           : [create][Create Order][Ready to Create Order]
2026-03-18 09:41:02.767  INFO 1 --- [io-12031-exec-4] order.service.OrderServiceImpl           : [create][Order Create Success][Order Price][OrderId:d0a16bc3-a826-4e8a-bc94-1eadb4b91758 , Price: 0.0]
2026-03-18 09:41:03.052  INFO 1 --- [io-12031-exec-6] order.controller.OrderController         : [createNewOrder][Create Order][from shanghai to taiyuan at 1970-01-02 18:17:36]
2026-03-18 09:41:03.053  INFO 1 --- [io-12031-exec-6] order.service.OrderServiceImpl           : [create][Create Order][Ready to Create Order]
2026-03-18 09:41:03.067  INFO 1 --- [io-12031-exec-6] order.service.OrderServiceImpl           : [create][Order Create Success][Order Price][OrderId:669ddcbf-7ad8-4f87-a1a9-cbd2fd04f1ba , Price: 0.0]
2026-03-18 09:41:03.344  INFO 1 --- [io-12031-exec-7] order.controller.OrderController         : [createNewOrder][Create Order][from shanghai to taiyuan at 1970-01-02 18:17:36]
2026-03-18 09:41:03.344  INFO 1 --- [io-12031-exec-7] order.service.OrderServiceImpl           : [create][Create Order][Ready to Create Order]
2026-03-18 09:41:03.379  INFO 1 --- [io-12031-exec-7] order.service.OrderServiceImpl           : [create][Order Create Success][Order Price][OrderId:4b44c712-44c0-40bf-97ac-4e90062f871c , Price: 0.0]
2026-03-18 09:41:03.660  INFO 1 --- [io-12031-exec-8] order.controller.OrderController         : [createNewOrder][Create Order][from shanghai to taiyuan at 1970-01-02 18:17:36]
2026-03-18 09:41:03.660  INFO 1 --- [io-12031-exec-8] order.service.OrderServiceImpl           : [create][Create Order][Ready to Create Order]
2026-03-18 09:41:03.674  INFO 1 --- [io-12031-exec-8] order.service.OrderServiceImpl           : [create][Order Create Success][Order Price][OrderId:4da4bea4-0af1-413c-a2d0-4cdb1ab26516 , Price: 0.0]
2026-03-18 09:41:03.958  INFO 1 --- [o-12031-exec-10] order.controller.OrderController         : [createNewOrder][Create Order][from shanghai to taiyuan at 1970-01-02 18:17:36]
2026-03-18 09:41:03.958  INFO 1 --- [o-12031-exec-10] order.service.OrderServiceImpl           : [create][Create Order][Ready to Create Order]
2026-03-18 09:41:03.975  INFO 1 --- [o-12031-exec-10] order.service.OrderServiceImpl           : [create][Order Create Success][Order Price][OrderId:33864d0e-6371-4764-b576-0e0fd1f3d1c4 , Price: 0.0]
2026-03-18 09:41:04.257  INFO 1 --- [io-12031-exec-9] order.controller.OrderController         : [createNewOrder][Create Order][from shanghai to taiyuan at 1970-01-02 18:17:36]
2026-03-18 09:41:04.257  INFO 1 --- [io-12031-exec-9] order.service.OrderServiceImpl           : [create][Create Order][Ready to Create Order]
2026-03-18 09:41:04.270  INFO 1 --- [io-12031-exec-9] order.service.OrderServiceImpl           : [create][Order Create Success][Order Price][OrderId:6d0d83b3-73f6-408d-990c-0ac9ef97535d , Price: 0.0]
2026-03-18 09:41:04.549  INFO 1 --- [io-12031-exec-1] order.controller.OrderController         : [createNewOrder][Create Order][from shanghai to taiyuan at 1970-01-02 18:17:36]
2026-03-18 09:41:04.549  INFO 1 --- [io-12031-exec-1] order.service.OrderServiceImpl           : [create][Create Order][Ready to Create Order]
2026-03-18 09:41:04.560  INFO 1 --- [io-12031-exec-1] order.service.OrderServiceImpl           : [create][Order Create Success][Order Price][OrderId:1c2c3804-b863-4fe0-96c4-3a7c79e19aa5 , Price: 0.0]
2026-03-18 09:41:04.841  INFO 1 --- [io-12031-exec-3] order.controller.OrderController         : [createNewOrder][Create Order][from shanghai to taiyuan at 1970-01-02 18:17:36]
2026-03-18 09:41:04.841  INFO 1 --- [io-12031-exec-3] order.service.OrderServiceImpl           : [create][Create Order][Ready to Create Order]
2026-03-18 09:41:04.853  INFO 1 --- [io-12031-exec-3] order.service.OrderServiceImpl           : [create][Order Create Success][Order Price][OrderId:020e4479-e70d-4de1-9e0e-a03362ac1ff2 , Price: 0.0]
2026-03-18 09:41:05.134  INFO 1 --- [io-12031-exec-2] order.controller.OrderController         : [createNewOrder][Create Order][from shanghai to taiyuan at 1970-01-02 18:17:36]
2026-03-18 09:41:05.134  INFO 1 --- [io-12031-exec-2] order.service.OrderServiceImpl           : [create][Create Order][Ready to Create Order]
2026-03-18 09:41:05.149  INFO 1 --- [io-12031-exec-2] order.service.OrderServiceImpl           : [create][Order Create Success][Order Price][OrderId:4ef40dc0-cfa6-48ed-9955-ed7128f19ee3 , Price: 0.0]
2026-03-18 09:41:05.442  INFO 1 --- [io-12031-exec-5] order.controller.OrderController         : [createNewOrder][Create Order][from shanghai to taiyuan at 1970-01-02 18:17:36]
2026-03-18 09:41:05.442  INFO 1 --- [io-12031-exec-5] order.service.OrderServiceImpl           : [create][Create Order][Ready to Create Order]
2026-03-18 09:41:05.455  INFO 1 --- [io-12031-exec-5] order.service.OrderServiceImpl           : [create][Order Create Success][Order Price][OrderId:9030946d-a04e-4f23-a24a-3203ed2edcaa , Price: 0.0]
2026-03-18 09:41:05.748  INFO 1 --- [io-12031-exec-4] order.controller.OrderController         : [createNewOrder][Create Order][from shanghai to taiyuan at 1970-01-02 18:17:36]
2026-03-18 09:41:05.748  INFO 1 --- [io-12031-exec-4] order.service.OrderServiceImpl           : [create][Create Order][Ready to Create Order]
2026-03-18 09:41:05.761  INFO 1 --- [io-12031-exec-4] order.service.OrderServiceImpl           : [create][Order Create Success][Order Price][OrderId:e305d0b2-e799-456c-a25d-b15b0aff1848 , Price: 0.0]
2026-03-18 09:41:06.043  INFO 1 --- [io-12031-exec-6] order.controller.OrderController         : [createNewOrder][Create Order][from shanghai to taiyuan at 1970-01-02 18:17:36]
2026-03-18 09:41:06.043  INFO 1 --- [io-12031-exec-6] order.service.OrderServiceImpl           : [create][Create Order][Ready to Create Order]
2026-03-18 09:41:06.058  INFO 1 --- [io-12031-exec-6] order.service.OrderServiceImpl           : [create][Order Create Success][Order Price][OrderId:54cc50f0-7a34-476d-898e-7c0de4a2ab3d , Price: 0.0]
2026-03-18 09:41:06.354  INFO 1 --- [io-12031-exec-7] order.controller.OrderController         : [createNewOrder][Create Order][from shanghai to taiyuan at 1970-01-02 18:17:36]
2026-03-18 09:41:06.354  INFO 1 --- [io-12031-exec-7] order.service.OrderServiceImpl           : [create][Create Order][Ready to Create Order]
2026-03-18 09:41:06.368  INFO 1 --- [io-12031-exec-7] order.service.OrderServiceImpl           : [create][Order Create Success][Order Price][OrderId:c9e78c11-f65a-4b69-95d0-9e22e3f318dd , Price: 0.0]
2026-03-18 09:41:06.659  INFO 1 --- [io-12031-exec-8] order.controller.OrderController         : [createNewOrder][Create Order][from shanghai to taiyuan at 1970-01-02 18:17:36]
2026-03-18 09:41:06.659  INFO 1 --- [io-12031-exec-8] order.service.OrderServiceImpl           : [create][Create Order][Ready to Create Order]
2026-03-18 09:41:06.672  INFO 1 --- [io-12031-exec-8] order.service.OrderServiceImpl           : [create][Order Create Success][Order Price][OrderId:c2a9dfee-e368-43c7-a6bb-e88689fb6238 , Price: 0.0]
2026-03-18 09:41:06.967  INFO 1 --- [o-12031-exec-10] order.controller.OrderController         : [createNewOrder][Create Order][from shanghai to taiyuan at 1970-01-02 18:17:36]
2026-03-18 09:41:06.967  INFO 1 --- [o-12031-exec-10] order.service.OrderServiceImpl           : [create][Create Order][Ready to Create Order]
2026-03-18 09:41:06.980  INFO 1 --- [o-12031-exec-10] order.service.OrderServiceImpl           : [create][Order Create Success][Order Price][OrderId:eea0c57a-5fc8-44d3-8718-0bf6e2fd8970 , Price: 0.0]
2026-03-18 09:41:07.274  INFO 1 --- [io-12031-exec-9] order.controller.OrderController         : [createNewOrder][Create Order][from shanghai to taiyuan at 1970-01-02 18:17:36]
2026-03-18 09:41:07.274  INFO 1 --- [io-12031-exec-9] order.service.OrderServiceImpl           : [create][Create Order][Ready to Create Order]
2026-03-18 09:41:07.375  INFO 1 --- [io-12031-exec-9] order.service.OrderServiceImpl           : [create][Order Create Success][Order Price][OrderId:d37e0b86-ecb8-4b5b-a870-e6656485d3ac , Price: 0.0]
2026-03-18 09:41:07.660  INFO 1 --- [io-12031-exec-1] order.controller.OrderController         : [createNewOrder][Create Order][from shanghai to taiyuan at 1970-01-02 18:17:36]
2026-03-18 09:41:07.660  INFO 1 --- [io-12031-exec-1] order.service.OrderServiceImpl           : [create][Create Order][Ready to Create Order]
2026-03-18 09:41:07.674  INFO 1 --- [io-12031-exec-1] order.service.OrderServiceImpl           : [create][Order Create Success][Order Price][OrderId:bad58746-7ff7-4f4b-a527-8f6d2b3cf97c , Price: 0.0]
2026-03-18 09:41:07.954  INFO 1 --- [io-12031-exec-3] order.controller.OrderController         : [createNewOrder][Create Order][from shanghai to taiyuan at 1970-01-02 18:17:36]
2026-03-18 09:41:07.954  INFO 1 --- [io-12031-exec-3] order.service.OrderServiceImpl           : [create][Create Order][Ready to Create Order]
2026-03-18 09:41:07.966  INFO 1 --- [io-12031-exec-3] order.service.OrderServiceImpl           : [create][Order Create Success][Order Price][OrderId:45cfa107-8f8c-45d0-8cd1-0a6f4c7b84d5 , Price: 0.0]
2026-03-18 09:41:08.261  INFO 1 --- [io-12031-exec-2] order.controller.OrderController         : [createNewOrder][Create Order][from shanghai to taiyuan at 1970-01-02 18:17:36]
2026-03-18 09:41:08.261  INFO 1 --- [io-12031-exec-2] order.service.OrderServiceImpl           : [create][Create Order][Ready to Create Order]
2026-03-18 09:41:08.276  INFO 1 --- [io-12031-exec-2] order.service.OrderServiceImpl           : [create][Order Create Success][Order Price][OrderId:f4d1bbde-a3e1-422d-b651-40d0c53d761f , Price: 0.0]
2026-03-18 09:41:08.558  INFO 1 --- [io-12031-exec-5] order.controller.OrderController         : [createNewOrder][Create Order][from shanghai to taiyuan at 1970-01-02 18:17:36]
2026-03-18 09:41:08.558  INFO 1 --- [io-12031-exec-5] order.service.OrderServiceImpl           : [create][Create Order][Ready to Create Order]
2026-03-18 09:41:08.570  INFO 1 --- [io-12031-exec-5] order.service.OrderServiceImpl           : [create][Order Create Success][Order Price][OrderId:47c03397-0886-4933-a30e-958519c362cd , Price: 0.0]
2026-03-18 09:41:08.862  INFO 1 --- [io-12031-exec-4] order.controller.OrderController         : [createNewOrder][Create Order][from shanghai to taiyuan at 1970-01-02 18:17:36]
2026-03-18 09:41:08.863  INFO 1 --- [io-12031-exec-4] order.service.OrderServiceImpl           : [create][Create Order][Ready to Create Order]
2026-03-18 09:41:08.967  INFO 1 --- [io-12031-exec-4] order.service.OrderServiceImpl           : [create][Order Create Success][Order Price][OrderId:891c8ce7-4dee-4615-b63f-575cf522c21d , Price: 0.0]
2026-03-18 09:41:09.258  INFO 1 --- [io-12031-exec-6] order.controller.OrderController         : [createNewOrder][Create Order][from shanghai to taiyuan at 1970-01-02 18:17:36]
2026-03-18 09:41:09.258  INFO 1 --- [io-12031-exec-6] order.service.OrderServiceImpl           : [create][Create Order][Ready to Create Order]
2026-03-18 09:41:09.272  INFO 1 --- [io-12031-exec-6] order.service.OrderServiceImpl           : [create][Order Create Success][Order Price][OrderId:10753d5c-d7af-4939-a697-2642936575de , Price: 0.0]
2026-03-18 09:41:09.552  INFO 1 --- [io-12031-exec-7] order.controller.OrderController         : [createNewOrder][Create Order][from shanghai to taiyuan at 1970-01-02 18:17:36]
2026-03-18 09:41:09.552  INFO 1 --- [io-12031-exec-7] order.service.OrderServiceImpl           : [create][Create Order][Ready to Create Order]
2026-03-18 09:41:09.566  INFO 1 --- [io-12031-exec-7] order.service.OrderServiceImpl           : [create][Order Create Success][Order Price][OrderId:e9984879-c0b8-4312-9567-b03c7829ed94 , Price: 0.0]
2026-03-18 09:41:09.852  INFO 1 --- [io-12031-exec-8] order.controller.OrderController         : [createNewOrder][Create Order][from shanghai to taiyuan at 1970-01-02 18:17:36]
2026-03-18 09:41:09.852  INFO 1 --- [io-12031-exec-8] order.service.OrderServiceImpl           : [create][Create Order][Ready to Create Order]
2026-03-18 09:41:09.865  INFO 1 --- [io-12031-exec-8] order.service.OrderServiceImpl           : [create][Order Create Success][Order Price][OrderId:6bfe8984-ed9a-4cb2-9d80-09e29289d71f , Price: 0.0]
2026-03-18 09:41:10.260  INFO 1 --- [o-12031-exec-10] order.controller.OrderController         : [createNewOrder][Create Order][from shanghai to taiyuan at 1970-01-02 18:17:36]
2026-03-18 09:41:10.260  INFO 1 --- [o-12031-exec-10] order.service.OrderServiceImpl           : [create][Create Order][Ready to Create Order]
2026-03-18 09:41:10.276  INFO 1 --- [o-12031-exec-10] order.service.OrderServiceImpl           : [create][Order Create Success][Order Price][OrderId:5b7ec308-6dce-4b83-92f1-791b389a5c82 , Price: 0.0]
2026-03-18 09:41:10.662  INFO 1 --- [io-12031-exec-9] order.controller.OrderController         : [createNewOrder][Create Order][from shanghai to taiyuan at 1970-01-02 18:17:36]
2026-03-18 09:41:10.662  INFO 1 --- [io-12031-exec-9] order.service.OrderServiceImpl           : [create][Create Order][Ready to Create Order]
2026-03-18 09:41:10.675  INFO 1 --- [io-12031-exec-9] order.service.OrderServiceImpl           : [create][Order Create Success][Order Price][OrderId:64968cdf-1519-4ee1-93b6-00ca4d5ca12c , Price: 0.0]
2026-03-18 09:41:10.961  INFO 1 --- [io-12031-exec-1] order.controller.OrderController         : [createNewOrder][Create Order][from shanghai to taiyuan at 1970-01-02 18:17:36]
2026-03-18 09:41:10.961  INFO 1 --- [io-12031-exec-1] order.service.OrderServiceImpl           : [create][Create Order][Ready to Create Order]
2026-03-18 09:41:10.975  INFO 1 --- [io-12031-exec-1] order.service.OrderServiceImpl           : [create][Order Create Success][Order Price][OrderId:d6c09611-a284-418a-9324-01edbf2bd0e0 , Price: 0.0]
2026-03-18 09:41:11.255  INFO 1 --- [io-12031-exec-2] order.controller.OrderController         : [createNewOrder][Create Order][from shanghai to taiyuan at 1970-01-02 18:17:36]
2026-03-18 09:41:11.255  INFO 1 --- [io-12031-exec-2] order.service.OrderServiceImpl           : [create][Create Order][Ready to Create Order]
2026-03-18 09:41:11.288  INFO 1 --- [io-12031-exec-2] order.service.OrderServiceImpl           : [create][Order Create Success][Order Price][OrderId:9c6f3b80-fa5a-4388-a324-87402ddd6c10 , Price: 0.0]
2026-03-18 09:41:11.561  INFO 1 --- [io-12031-exec-5] order.controller.OrderController         : [createNewOrder][Create Order][from shanghai to taiyuan at 1970-01-02 18:17:36]
2026-03-18 09:41:11.561  INFO 1 --- [io-12031-exec-5] order.service.OrderServiceImpl           : [create][Create Order][Ready to Create Order]
2026-03-18 09:41:11.575  INFO 1 --- [io-12031-exec-5] order.service.OrderServiceImpl           : [create][Order Create Success][Order Price][OrderId:e5f41b6b-2eed-4798-8376-da7e81449841 , Price: 0.0]
2026-03-18 09:41:11.849  INFO 1 --- [io-12031-exec-4] order.controller.OrderController         : [createNewOrder][Create Order][from shanghai to taiyuan at 1970-01-02 18:17:36]
2026-03-18 09:41:11.849  INFO 1 --- [io-12031-exec-4] order.service.OrderServiceImpl           : [create][Create Order][Ready to Create Order]
2026-03-18 09:41:11.860  INFO 1 --- [io-12031-exec-4] order.service.OrderServiceImpl           : [create][Order Create Success][Order Price][OrderId:47160afd-af3d-4ea5-b8ee-be48381cd5c5 , Price: 0.0]
2026-03-18 09:41:12.147  INFO 1 --- [io-12031-exec-6] order.controller.OrderController         : [createNewOrder][Create Order][from shanghai to taiyuan at 1970-01-02 18:17:36]
2026-03-18 09:41:12.147  INFO 1 --- [io-12031-exec-6] order.service.OrderServiceImpl           : [create][Create Order][Ready to Create Order]
2026-03-18 09:41:12.161  INFO 1 --- [io-12031-exec-6] order.service.OrderServiceImpl           : [create][Order Create Success][Order Price][OrderId:ae6e0993-f7aa-446a-b97f-7180d8e830aa , Price: 0.0]
2026-03-18 09:41:12.436  INFO 1 --- [io-12031-exec-7] order.controller.OrderController         : [createNewOrder][Create Order][from shanghai to taiyuan at 1970-01-02 18:17:36]
2026-03-18 09:41:12.436  INFO 1 --- [io-12031-exec-7] order.service.OrderServiceImpl           : [create][Create Order][Ready to Create Order]
2026-03-18 09:41:12.448  INFO 1 --- [io-12031-exec-7] order.service.OrderServiceImpl           : [create][Order Create Success][Order Price][OrderId:61d94e67-6613-4452-8c8f-c695d9687ef1 , Price: 0.0]
2026-03-18 09:41:12.734  INFO 1 --- [io-12031-exec-8] order.controller.OrderController         : [createNewOrder][Create Order][from shanghai to taiyuan at 1970-01-02 18:17:36]
2026-03-18 09:41:12.734  INFO 1 --- [io-12031-exec-8] order.service.OrderServiceImpl           : [create][Create Order][Ready to Create Order]
2026-03-18 09:41:12.746  INFO 1 --- [io-12031-exec-8] order.service.OrderServiceImpl           : [create][Order Create Success][Order Price][OrderId:56f84aed-bd77-4cba-8c25-a94cc63b7ac0 , Price: 0.0]
2026-03-18 09:41:12.976  INFO 1 --- [o-12031-exec-10] order.controller.OrderController         : [createNewOrder][Create Order][from shanghai to taiyuan at 1970-01-02 18:17:36]
2026-03-18 09:41:12.976  INFO 1 --- [o-12031-exec-10] order.service.OrderServiceImpl           : [create][Create Order][Ready to Create Order]
2026-03-18 09:41:12.990  INFO 1 --- [o-12031-exec-10] order.service.OrderServiceImpl           : [create][Order Create Success][Order Price][OrderId:b5340ee1-32a6-44f1-8764-0635a098a38d , Price: 0.0]
2026-03-18 09:41:13.264  INFO 1 --- [io-12031-exec-9] order.controller.OrderController         : [createNewOrder][Create Order][from shanghai to taiyuan at 1970-01-02 18:17:36]
2026-03-18 09:41:13.264  INFO 1 --- [io-12031-exec-9] order.service.OrderServiceImpl           : [create][Create Order][Ready to Create Order]
2026-03-18 09:41:13.277  INFO 1 --- [io-12031-exec-9] order.service.OrderServiceImpl           : [create][Order Create Success][Order Price][OrderId:c55b0e4a-502b-4a60-9187-f29f1685a377 , Price: 0.0]
2026-03-18 09:41:13.554  INFO 1 --- [io-12031-exec-1] order.controller.OrderController         : [createNewOrder][Create Order][from shanghai to taiyuan at 1970-01-02 18:17:36]
2026-03-18 09:41:13.554  INFO 1 --- [io-12031-exec-1] order.service.OrderServiceImpl           : [create][Create Order][Ready to Create Order]
2026-03-18 09:41:13.568  INFO 1 --- [io-12031-exec-1] order.service.OrderServiceImpl           : [create][Order Create Success][Order Price][OrderId:9bc975da-1238-4260-b0af-4ea7dc26b0c3 , Price: 0.0]
2026-03-18 09:41:13.848  INFO 1 --- [io-12031-exec-3] order.controller.OrderController         : [createNewOrder][Create Order][from shanghai to taiyuan at 1970-01-02 18:17:36]
2026-03-18 09:41:13.848  INFO 1 --- [io-12031-exec-3] order.service.OrderServiceImpl           : [create][Create Order][Ready to Create Order]
2026-03-18 09:41:13.860  INFO 1 --- [io-12031-exec-3] order.service.OrderServiceImpl           : [create][Order Create Success][Order Price][OrderId:c347d9d0-093f-4dc7-b5d1-4f40b6bf3254 , Price: 0.0]
2026-03-18 09:41:14.133  INFO 1 --- [io-12031-exec-2] order.controller.OrderController         : [createNewOrder][Create Order][from shanghai to taiyuan at 1970-01-02 18:17:36]
2026-03-18 09:41:14.133  INFO 1 --- [io-12031-exec-2] order.service.OrderServiceImpl           : [create][Create Order][Ready to Create Order]
2026-03-18 09:41:14.146  INFO 1 --- [io-12031-exec-2] order.service.OrderServiceImpl           : [create][Order Create Success][Order Price][OrderId:49375db3-0577-4447-a7b0-18b381ec2d7f , Price: 0.0]
2026-03-18 09:41:14.442  INFO 1 --- [io-12031-exec-5] order.controller.OrderController         : [createNewOrder][Create Order][from shanghai to taiyuan at 1970-01-02 18:17:36]
2026-03-18 09:41:14.442  INFO 1 --- [io-12031-exec-5] order.service.OrderServiceImpl           : [create][Create Order][Ready to Create Order]
2026-03-18 09:41:14.455  INFO 1 --- [io-12031-exec-5] order.service.OrderServiceImpl           : [create][Order Create Success][Order Price][OrderId:c3e0b91d-317b-42b7-98e7-26e30d44df75 , Price: 0.0]
2026-03-18 09:41:14.734  INFO 1 --- [io-12031-exec-4] order.controller.OrderController         : [createNewOrder][Create Order][from shanghai to taiyuan at 1970-01-02 18:17:36]
2026-03-18 09:41:14.734  INFO 1 --- [io-12031-exec-4] order.service.OrderServiceImpl           : [create][Create Order][Ready to Create Order]
2026-03-18 09:41:14.780  INFO 1 --- [io-12031-exec-4] order.service.OrderServiceImpl           : [create][Order Create Success][Order Price][OrderId:48bd814e-8341-472d-83bf-7df97cd1806d , Price: 0.0]
2026-03-18 09:41:15.061  INFO 1 --- [io-12031-exec-6] order.controller.OrderController         : [createNewOrder][Create Order][from shanghai to taiyuan at 1970-01-02 18:17:36]
2026-03-18 09:41:15.061  INFO 1 --- [io-12031-exec-6] order.service.OrderServiceImpl           : [create][Create Order][Ready to Create Order]
2026-03-18 09:41:15.074  INFO 1 --- [io-12031-exec-6] order.service.OrderServiceImpl           : [create][Order Create Success][Order Price][OrderId:913251a9-dbd7-4a15-bf6c-2d916d12e054 , Price: 0.0]
2026-03-18 09:41:15.350  INFO 1 --- [io-12031-exec-7] order.controller.OrderController         : [createNewOrder][Create Order][from shanghai to taiyuan at 1970-01-02 18:17:36]
2026-03-18 09:41:15.350  INFO 1 --- [io-12031-exec-7] order.service.OrderServiceImpl           : [create][Create Order][Ready to Create Order]
2026-03-18 09:41:15.366  INFO 1 --- [io-12031-exec-7] order.service.OrderServiceImpl           : [create][Order Create Success][Order Price][OrderId:9a5ccde2-4208-406f-ba14-c866a28df310 , Price: 0.0]
2026-03-18 09:41:15.654  INFO 1 --- [io-12031-exec-8] order.controller.OrderController         : [createNewOrder][Create Order][from shanghai to taiyuan at 1970-01-02 18:17:36]
2026-03-18 09:41:15.654  INFO 1 --- [io-12031-exec-8] order.service.OrderServiceImpl           : [create][Create Order][Ready to Create Order]
2026-03-18 09:41:15.667  INFO 1 --- [io-12031-exec-8] order.service.OrderServiceImpl           : [create][Order Create Success][Order Price][OrderId:cca0a44d-49f0-4e7f-87f7-58dba2b6ce1b , Price: 0.0]
2026-03-18 09:41:15.947  INFO 1 --- [o-12031-exec-10] order.controller.OrderController         : [createNewOrder][Create Order][from shanghai to taiyuan at 1970-01-02 18:17:36]
2026-03-18 09:41:15.947  INFO 1 --- [o-12031-exec-10] order.service.OrderServiceImpl           : [create][Create Order][Ready to Create Order]
2026-03-18 09:41:15.961  INFO 1 --- [o-12031-exec-10] order.service.OrderServiceImpl           : [create][Order Create Success][Order Price][OrderId:c4342082-59b6-49a1-b5a4-70a51be9e03c , Price: 0.0]
2026-03-18 09:41:16.238  INFO 1 --- [io-12031-exec-9] order.controller.OrderController         : [createNewOrder][Create Order][from shanghai to taiyuan at 1970-01-02 18:17:36]
2026-03-18 09:41:16.238  INFO 1 --- [io-12031-exec-9] order.service.OrderServiceImpl           : [create][Create Order][Ready to Create Order]
2026-03-18 09:41:16.251  INFO 1 --- [io-12031-exec-9] order.service.OrderServiceImpl           : [create][Order Create Success][Order Price][OrderId:296b1965-c990-40ba-8ec4-f1224d4022e4 , Price: 0.0]
2026-03-18 09:41:16.651  INFO 1 --- [io-12031-exec-1] order.controller.OrderController         : [createNewOrder][Create Order][from shanghai to taiyuan at 1970-01-02 18:17:36]
2026-03-18 09:41:16.652  INFO 1 --- [io-12031-exec-1] order.service.OrderServiceImpl           : [create][Create Order][Ready to Create Order]
2026-03-18 09:41:16.666  INFO 1 --- [io-12031-exec-1] order.service.OrderServiceImpl           : [create][Order Create Success][Order Price][OrderId:68a70d58-7b8a-49da-a479-55f7d4e143f7 , Price: 0.0]
2026-03-18 09:41:16.941  INFO 1 --- [io-12031-exec-3] order.controller.OrderController         : [createNewOrder][Create Order][from shanghai to taiyuan at 1970-01-02 18:17:36]
2026-03-18 09:41:16.941  INFO 1 --- [io-12031-exec-3] order.service.OrderServiceImpl           : [create][Create Order][Ready to Create Order]
2026-03-18 09:41:16.954  INFO 1 --- [io-12031-exec-3] order.service.OrderServiceImpl           : [create][Order Create Success][Order Price][OrderId:cbce2e83-46e1-4d9a-b2a1-e264cb642f5e , Price: 0.0]
2026-03-18 09:41:17.233  INFO 1 --- [io-12031-exec-2] order.controller.OrderController         : [createNewOrder][Create Order][from shanghai to taiyuan at 1970-01-02 18:17:36]
2026-03-18 09:41:17.233  INFO 1 --- [io-12031-exec-2] order.service.OrderServiceImpl           : [create][Create Order][Ready to Create Order]
2026-03-18 09:41:17.246  INFO 1 --- [io-12031-exec-2] order.service.OrderServiceImpl           : [create][Order Create Success][Order Price][OrderId:9b154639-0b3e-41a0-8f1d-55814d1fb77d , Price: 0.0]
2026-03-18 09:41:17.480  INFO 1 --- [io-12031-exec-5] order.controller.OrderController         : [createNewOrder][Create Order][from shanghai to taiyuan at 1970-01-02 18:17:36]
2026-03-18 09:41:17.480  INFO 1 --- [io-12031-exec-5] order.service.OrderServiceImpl           : [create][Create Order][Ready to Create Order]
2026-03-18 09:41:17.493  INFO 1 --- [io-12031-exec-5] order.service.OrderServiceImpl           : [create][Order Create Success][Order Price][OrderId:145992ac-756f-4697-824a-18eacbb1f75c , Price: 0.0]
2026-03-18 09:41:17.765  INFO 1 --- [io-12031-exec-4] order.controller.OrderController         : [createNewOrder][Create Order][from shanghai to taiyuan at 1970-01-02 18:17:36]
2026-03-18 09:41:17.765  INFO 1 --- [io-12031-exec-4] order.service.OrderServiceImpl           : [create][Create Order][Ready to Create Order]
2026-03-18 09:41:17.777  INFO 1 --- [io-12031-exec-4] order.service.OrderServiceImpl           : [create][Order Create Success][Order Price][OrderId:0bad07b2-268a-4f44-b901-bc2e09153118 , Price: 0.0]
2026-03-18 09:41:18.061  INFO 1 --- [io-12031-exec-6] order.controller.OrderController         : [createNewOrder][Create Order][from shanghai to taiyuan at 1970-01-02 18:17:36]
2026-03-18 09:41:18.061  INFO 1 --- [io-12031-exec-6] order.service.OrderServiceImpl           : [create][Create Order][Ready to Create Order]
2026-03-18 09:41:18.075  INFO 1 --- [io-12031-exec-6] order.service.OrderServiceImpl           : [create][Order Create Success][Order Price][OrderId:e9cabff0-0e65-4092-b7dc-17612474e671 , Price: 0.0]
2026-03-18 09:41:18.367  INFO 1 --- [io-12031-exec-7] order.controller.OrderController         : [createNewOrder][Create Order][from shanghai to taiyuan at 1970-01-02 18:17:36]
2026-03-18 09:41:18.367  INFO 1 --- [io-12031-exec-7] order.service.OrderServiceImpl           : [create][Create Order][Ready to Create Order]
2026-03-18 09:41:18.487  INFO 1 --- [io-12031-exec-7] order.service.OrderServiceImpl           : [create][Order Create Success][Order Price][OrderId:b8fa4d97-44bd-409a-bbda-767e5337bcde , Price: 0.0]
2026-03-18 09:41:18.761  INFO 1 --- [io-12031-exec-8] order.controller.OrderController         : [createNewOrder][Create Order][from shanghai to taiyuan at 1970-01-02 18:17:36]
2026-03-18 09:41:18.761  INFO 1 --- [io-12031-exec-8] order.service.OrderServiceImpl           : [create][Create Order][Ready to Create Order]
2026-03-18 09:41:18.775  INFO 1 --- [io-12031-exec-8] order.service.OrderServiceImpl           : [create][Order Create Success][Order Price][OrderId:0ff456ab-9262-436f-af50-1d4bd07debff , Price: 0.0]
2026-03-18 09:41:19.063  INFO 1 --- [o-12031-exec-10] order.controller.OrderController         : [createNewOrder][Create Order][from shanghai to taiyuan at 1970-01-02 18:17:36]
2026-03-18 09:41:19.063  INFO 1 --- [o-12031-exec-10] order.service.OrderServiceImpl           : [create][Create Order][Ready to Create Order]
2026-03-18 09:41:19.076  INFO 1 --- [o-12031-exec-10] order.service.OrderServiceImpl           : [create][Order Create Success][Order Price][OrderId:4bffedd1-080e-4667-95b0-e934c0ee0f64 , Price: 0.0]
2026-03-18 09:41:19.354  INFO 1 --- [io-12031-exec-9] order.controller.OrderController         : [createNewOrder][Create Order][from shanghai to taiyuan at 1970-01-02 18:17:36]
2026-03-18 09:41:19.355  INFO 1 --- [io-12031-exec-9] order.service.OrderServiceImpl           : [create][Create Order][Ready to Create Order]
2026-03-18 09:41:19.367  INFO 1 --- [io-12031-exec-9] order.service.OrderServiceImpl           : [create][Order Create Success][Order Price][OrderId:6b615ea4-ec9e-45f5-b04b-20a7097b2f98 , Price: 0.0]
2026-03-18 09:41:19.648  INFO 1 --- [io-12031-exec-1] order.controller.OrderController         : [createNewOrder][Create Order][from shanghai to taiyuan at 1970-01-02 18:17:36]
2026-03-18 09:41:19.648  INFO 1 --- [io-12031-exec-1] order.service.OrderServiceImpl           : [create][Create Order][Ready to Create Order]
2026-03-18 09:41:19.661  INFO 1 --- [io-12031-exec-1] order.service.OrderServiceImpl           : [create][Order Create Success][Order Price][OrderId:061e729a-837e-4301-ae76-775de5731b40 , Price: 0.0]
2026-03-18 09:41:19.946  INFO 1 --- [io-12031-exec-3] order.controller.OrderController         : [createNewOrder][Create Order][from shanghai to taiyuan at 1970-01-02 18:17:36]
2026-03-18 09:41:19.946  INFO 1 --- [io-12031-exec-3] order.service.OrderServiceImpl           : [create][Create Order][Ready to Create Order]
2026-03-18 09:41:19.959  INFO 1 --- [io-12031-exec-3] order.service.OrderServiceImpl           : [create][Order Create Success][Order Price][OrderId:9af281b8-f76e-4c02-8e74-f8b89a547298 , Price: 0.0]
2026-03-18 09:41:20.250  INFO 1 --- [io-12031-exec-2] order.controller.OrderController         : [createNewOrder][Create Order][from shanghai to taiyuan at 1970-01-02 18:17:36]
2026-03-18 09:41:20.250  INFO 1 --- [io-12031-exec-2] order.service.OrderServiceImpl           : [create][Create Order][Ready to Create Order]
2026-03-18 09:41:20.264  INFO 1 --- [io-12031-exec-2] order.service.OrderServiceImpl           : [create][Order Create Success][Order Price][OrderId:ad4de93b-2189-4156-a6e4-b2812b54a0ba , Price: 0.0]
2026-03-18 09:41:20.545  INFO 1 --- [io-12031-exec-5] order.controller.OrderController         : [createNewOrder][Create Order][from shanghai to taiyuan at 1970-01-02 18:17:36]
2026-03-18 09:41:20.545  INFO 1 --- [io-12031-exec-5] order.service.OrderServiceImpl           : [create][Create Order][Ready to Create Order]
2026-03-18 09:41:20.558  INFO 1 --- [io-12031-exec-5] order.service.OrderServiceImpl           : [create][Order Create Success][Order Price][OrderId:3e2ee84d-7f54-4a9a-8da1-d9030b24593d , Price: 0.0]
2026-03-18 09:41:20.837  INFO 1 --- [io-12031-exec-4] order.controller.OrderController         : [createNewOrder][Create Order][from shanghai to taiyuan at 1970-01-02 18:17:36]
2026-03-18 09:41:20.837  INFO 1 --- [io-12031-exec-4] order.service.OrderServiceImpl           : [create][Create Order][Ready to Create Order]
2026-03-18 09:41:20.850  INFO 1 --- [io-12031-exec-4] order.service.OrderServiceImpl           : [create][Order Create Success][Order Price][OrderId:7633cf19-a511-4b82-9c1d-19fe9ec1dd7f , Price: 0.0]
2026-03-18 09:41:21.081  INFO 1 --- [io-12031-exec-6] order.controller.OrderController         : [createNewOrder][Create Order][from shanghai to taiyuan at 1970-01-02 18:17:36]
2026-03-18 09:41:21.081  INFO 1 --- [io-12031-exec-6] order.service.OrderServiceImpl           : [create][Create Order][Ready to Create Order]
2026-03-18 09:41:21.096  INFO 1 --- [io-12031-exec-6] order.service.OrderServiceImpl           : [create][Order Create Success][Order Price][OrderId:2d674c74-96cb-4620-844c-a64c1240f736 , Price: 0.0]
2026-03-18 09:41:21.380  INFO 1 --- [io-12031-exec-8] order.controller.OrderController         : [createNewOrder][Create Order][from shanghai to taiyuan at 1970-01-02 18:17:36]
2026-03-18 09:41:21.380  INFO 1 --- [io-12031-exec-8] order.service.OrderServiceImpl           : [create][Create Order][Ready to Create Order]
2026-03-18 09:41:21.394  INFO 1 --- [io-12031-exec-8] order.service.OrderServiceImpl           : [create][Order Create Success][Order Price][OrderId:e37bf44c-e956-46ba-ae4d-6e4f2f2c923d , Price: 0.0]
2026-03-18 09:41:21.667  INFO 1 --- [o-12031-exec-10] order.controller.OrderController         : [createNewOrder][Create Order][from shanghai to taiyuan at 1970-01-02 18:17:36]
2026-03-18 09:41:21.667  INFO 1 --- [o-12031-exec-10] order.service.OrderServiceImpl           : [create][Create Order][Ready to Create Order]
2026-03-18 09:41:21.780  INFO 1 --- [o-12031-exec-10] order.service.OrderServiceImpl           : [create][Order Create Success][Order Price][OrderId:ab200126-a2f9-48a1-9d5f-01e5fe23c8a9 , Price: 0.0]
2026-03-18 09:41:22.060  INFO 1 --- [io-12031-exec-9] order.controller.OrderController         : [createNewOrder][Create Order][from shanghai to taiyuan at 1970-01-02 18:17:36]
2026-03-18 09:41:22.060  INFO 1 --- [io-12031-exec-9] order.service.OrderServiceImpl           : [create][Create Order][Ready to Create Order]
2026-03-18 09:41:22.074  INFO 1 --- [io-12031-exec-9] order.service.OrderServiceImpl           : [create][Order Create Success][Order Price][OrderId:09ea522f-a00e-4914-beb8-d96a56657f6c , Price: 0.0]
2026-03-18 09:41:22.440  INFO 1 --- [io-12031-exec-1] order.controller.OrderController         : [createNewOrder][Create Order][from shanghai to taiyuan at 1970-01-02 18:17:36]
2026-03-18 09:41:22.440  INFO 1 --- [io-12031-exec-1] order.service.OrderServiceImpl           : [create][Create Order][Ready to Create Order]
2026-03-18 09:41:22.471  INFO 1 --- [io-12031-exec-1] order.service.OrderServiceImpl           : [create][Order Create Success][Order Price][OrderId:1925e540-2a62-4cfd-8c12-98df10c6de9a , Price: 0.0]
2026-03-18 09:41:22.841  INFO 1 --- [io-12031-exec-3] order.controller.OrderController         : [createNewOrder][Create Order][from shanghai to taiyuan at 1970-01-02 18:17:36]
2026-03-18 09:41:22.841  INFO 1 --- [io-12031-exec-3] order.service.OrderServiceImpl           : [create][Create Order][Ready to Create Order]
2026-03-18 09:41:22.870  INFO 1 --- [io-12031-exec-3] order.service.OrderServiceImpl           : [create][Order Create Success][Order Price][OrderId:95031ffe-b41f-45ca-872d-06e56878c8dd , Price: 0.0]
2026-03-18 09:41:23.154  INFO 1 --- [io-12031-exec-2] order.controller.OrderController         : [createNewOrder][Create Order][from shanghai to taiyuan at 1970-01-02 18:17:36]
2026-03-18 09:41:23.154  INFO 1 --- [io-12031-exec-2] order.service.OrderServiceImpl           : [create][Create Order][Ready to Create Order]
2026-03-18 09:41:23.168  INFO 1 --- [io-12031-exec-2] order.service.OrderServiceImpl           : [create][Order Create Success][Order Price][OrderId:1eab8f21-20d7-4f02-852d-dd33f8650ecf , Price: 0.0]
2026-03-18 09:41:23.454  INFO 1 --- [io-12031-exec-5] order.controller.OrderController         : [createNewOrder][Create Order][from shanghai to taiyuan at 1970-01-02 18:17:36]
2026-03-18 09:41:23.454  INFO 1 --- [io-12031-exec-5] order.service.OrderServiceImpl           : [create][Create Order][Ready to Create Order]
2026-03-18 09:41:23.467  INFO 1 --- [io-12031-exec-5] order.service.OrderServiceImpl           : [create][Order Create Success][Order Price][OrderId:b6972174-276d-4a71-b506-6949c57aaf62 , Price: 0.0]
2026-03-18 09:41:23.854  INFO 1 --- [io-12031-exec-4] order.controller.OrderController         : [createNewOrder][Create Order][from shanghai to taiyuan at 1970-01-02 18:17:36]
2026-03-18 09:41:23.854  INFO 1 --- [io-12031-exec-4] order.service.OrderServiceImpl           : [create][Create Order][Ready to Create Order]
2026-03-18 09:41:23.867  INFO 1 --- [io-12031-exec-4] order.service.OrderServiceImpl           : [create][Order Create Success][Order Price][OrderId:7caabf54-2039-4387-8b42-cd208fea4ec9 , Price: 0.0]
2026-03-18 09:41:24.141  INFO 1 --- [io-12031-exec-6] order.controller.OrderController         : [createNewOrder][Create Order][from shanghai to taiyuan at 1970-01-02 18:17:36]
2026-03-18 09:41:24.141  INFO 1 --- [io-12031-exec-6] order.service.OrderServiceImpl           : [create][Create Order][Ready to Create Order]
2026-03-18 09:41:24.154  INFO 1 --- [io-12031-exec-6] order.service.OrderServiceImpl           : [create][Order Create Success][Order Price][OrderId:30ff27b2-3922-4ad6-8e1d-f6c1409b22b5 , Price: 0.0]
2026-03-18 09:41:24.384  INFO 1 --- [io-12031-exec-7] order.controller.OrderController         : [createNewOrder][Create Order][from shanghai to taiyuan at 1970-01-02 18:17:36]
2026-03-18 09:41:24.384  INFO 1 --- [io-12031-exec-7] order.service.OrderServiceImpl           : [create][Create Order][Ready to Create Order]
2026-03-18 09:41:24.397  INFO 1 --- [io-12031-exec-7] order.service.OrderServiceImpl           : [create][Order Create Success][Order Price][OrderId:d558356c-2654-4158-924d-01d35ba26d14 , Price: 0.0]
2026-03-18 09:41:24.660  INFO 1 --- [io-12031-exec-8] order.controller.OrderController         : [createNewOrder][Create Order][from shanghai to taiyuan at 1970-01-02 18:17:36]
2026-03-18 09:41:24.660  INFO 1 --- [io-12031-exec-8] order.service.OrderServiceImpl           : [create][Create Order][Ready to Create Order]
2026-03-18 09:41:24.674  INFO 1 --- [io-12031-exec-8] order.service.OrderServiceImpl           : [create][Order Create Success][Order Price][OrderId:0d9140ff-ee18-46ba-9818-2bb8e92679c4 , Price: 0.0]
2026-03-18 09:41:24.961  INFO 1 --- [o-12031-exec-10] order.controller.OrderController         : [createNewOrder][Create Order][from shanghai to taiyuan at 1970-01-02 18:17:36]
2026-03-18 09:41:24.961  INFO 1 --- [o-12031-exec-10] order.service.OrderServiceImpl           : [create][Create Order][Ready to Create Order]
2026-03-18 09:41:24.973  INFO 1 --- [o-12031-exec-10] order.service.OrderServiceImpl           : [create][Order Create Success][Order Price][OrderId:7a61adb7-9fd5-4f3c-88e9-c1395f014e56 , Price: 0.0]
2026-03-18 09:41:25.259  INFO 1 --- [io-12031-exec-9] order.controller.OrderController         : [createNewOrder][Create Order][from shanghai to taiyuan at 1970-01-02 18:17:36]
2026-03-18 09:41:25.259  INFO 1 --- [io-12031-exec-9] order.service.OrderServiceImpl           : [create][Create Order][Ready to Create Order]
2026-03-18 09:41:25.274  INFO 1 --- [io-12031-exec-9] order.service.OrderServiceImpl           : [create][Order Create Success][Order Price][OrderId:10fec9cb-dd52-4259-bbe6-32f8a69a64c8 , Price: 0.0]
2026-03-18 09:41:25.549  INFO 1 --- [io-12031-exec-1] order.controller.OrderController         : [createNewOrder][Create Order][from shanghai to taiyuan at 1970-01-02 18:17:36]
2026-03-18 09:41:25.549  INFO 1 --- [io-12031-exec-1] order.service.OrderServiceImpl           : [create][Create Order][Ready to Create Order]
2026-03-18 09:41:25.577  INFO 1 --- [io-12031-exec-1] order.service.OrderServiceImpl           : [create][Order Create Success][Order Price][OrderId:8e5375bf-4c8e-4c15-87b1-6a19a9d45001 , Price: 0.0]
2026-03-18 09:41:25.865  INFO 1 --- [io-12031-exec-3] order.controller.OrderController         : [createNewOrder][Create Order][from shanghai to taiyuan at 1970-01-02 18:17:36]
2026-03-18 09:41:25.865  INFO 1 --- [io-12031-exec-3] order.service.OrderServiceImpl           : [create][Create Order][Ready to Create Order]
2026-03-18 09:41:25.882  INFO 1 --- [io-12031-exec-3] order.service.OrderServiceImpl           : [create][Order Create Success][Order Price][OrderId:113e58fa-b898-47f1-8ab7-c27951a55031 , Price: 0.0]
2026-03-18 09:41:26.160  INFO 1 --- [io-12031-exec-2] order.controller.OrderController         : [createNewOrder][Create Order][from shanghai to taiyuan at 1970-01-02 18:17:36]
2026-03-18 09:41:26.160  INFO 1 --- [io-12031-exec-2] order.service.OrderServiceImpl           : [create][Create Order][Ready to Create Order]
2026-03-18 09:41:26.173  INFO 1 --- [io-12031-exec-2] order.service.OrderServiceImpl           : [create][Order Create Success][Order Price][OrderId:a5249d52-0f13-4d48-950f-b24476dbbdae , Price: 0.0]
2026-03-18 09:41:26.456  INFO 1 --- [io-12031-exec-5] order.controller.OrderController         : [createNewOrder][Create Order][from shanghai to taiyuan at 1970-01-02 18:17:36]
2026-03-18 09:41:26.456  INFO 1 --- [io-12031-exec-5] order.service.OrderServiceImpl           : [create][Create Order][Ready to Create Order]
2026-03-18 09:41:26.477  INFO 1 --- [io-12031-exec-5] order.service.OrderServiceImpl           : [create][Order Create Success][Order Price][OrderId:d087170b-1d69-4531-8700-77b65a527674 , Price: 0.0]
2026-03-18 09:41:26.763  INFO 1 --- [io-12031-exec-4] order.controller.OrderController         : [createNewOrder][Create Order][from shanghai to taiyuan at 1970-01-02 18:17:36]
2026-03-18 09:41:26.763  INFO 1 --- [io-12031-exec-4] order.service.OrderServiceImpl           : [create][Create Order][Ready to Create Order]
2026-03-18 09:41:26.777  INFO 1 --- [io-12031-exec-4] order.service.OrderServiceImpl           : [create][Order Create Success][Order Price][OrderId:580c341a-1efb-4316-9223-5ab9a1fb615c , Price: 0.0]
2026-03-18 09:41:27.063  INFO 1 --- [io-12031-exec-6] order.controller.OrderController         : [createNewOrder][Create Order][from shanghai to taiyuan at 1970-01-02 18:17:36]
2026-03-18 09:41:27.063  INFO 1 --- [io-12031-exec-6] order.service.OrderServiceImpl           : [create][Create Order][Ready to Create Order]
2026-03-18 09:41:27.078  INFO 1 --- [io-12031-exec-6] order.service.OrderServiceImpl           : [create][Order Create Success][Order Price][OrderId:53ff8337-2f46-44e1-9e2b-0545763ce5b4 , Price: 0.0]
2026-03-18 09:41:27.479  INFO 1 --- [io-12031-exec-7] order.controller.OrderController         : [createNewOrder][Create Order][from shanghai to taiyuan at 1970-01-02 18:17:36]
2026-03-18 09:41:27.479  INFO 1 --- [io-12031-exec-7] order.service.OrderServiceImpl           : [create][Create Order][Ready to Create Order]
2026-03-18 09:41:27.493  INFO 1 --- [io-12031-exec-7] order.service.OrderServiceImpl           : [create][Order Create Success][Order Price][OrderId:e874b5af-1f08-4829-a99b-6142d9aa7d7b , Price: 0.0]
2026-03-18 09:41:27.960  INFO 1 --- [io-12031-exec-8] order.controller.OrderController         : [createNewOrder][Create Order][from shanghai to taiyuan at 1970-01-02 18:17:36]
2026-03-18 09:41:27.960  INFO 1 --- [io-12031-exec-8] order.service.OrderServiceImpl           : [create][Create Order][Ready to Create Order]
2026-03-18 09:41:27.974  INFO 1 --- [io-12031-exec-8] order.service.OrderServiceImpl           : [create][Order Create Success][Order Price][OrderId:71108127-2d50-4455-ae83-3bc20006cf25 , Price: 0.0]
2026-03-18 09:41:28.357  INFO 1 --- [o-12031-exec-10] order.controller.OrderController         : [createNewOrder][Create Order][from shanghai to taiyuan at 1970-01-02 18:17:36]
2026-03-18 09:41:28.357  INFO 1 --- [o-12031-exec-10] order.service.OrderServiceImpl           : [create][Create Order][Ready to Create Order]
2026-03-18 09:41:28.379  INFO 1 --- [o-12031-exec-10] order.service.OrderServiceImpl           : [create][Order Create Success][Order Price][OrderId:f2a4a58d-d35a-4ca4-a072-93a3ec5254c6 , Price: 0.0]
2026-03-18 09:41:28.659  INFO 1 --- [io-12031-exec-9] order.controller.OrderController         : [createNewOrder][Create Order][from shanghai to taiyuan at 1970-01-02 18:17:36]
2026-03-18 09:41:28.659  INFO 1 --- [io-12031-exec-9] order.service.OrderServiceImpl           : [create][Create Order][Ready to Create Order]
2026-03-18 09:41:28.681  INFO 1 --- [io-12031-exec-9] order.service.OrderServiceImpl           : [create][Order Create Success][Order Price][OrderId:56fd6638-241b-4901-af57-d62869186ef0 , Price: 0.0]
2026-03-18 09:41:28.960  INFO 1 --- [io-12031-exec-1] order.controller.OrderController         : [createNewOrder][Create Order][from shanghai to taiyuan at 1970-01-02 18:17:36]
2026-03-18 09:41:28.960  INFO 1 --- [io-12031-exec-1] order.service.OrderServiceImpl           : [create][Create Order][Ready to Create Order]
2026-03-18 09:41:28.973  INFO 1 --- [io-12031-exec-1] order.service.OrderServiceImpl           : [create][Order Create Success][Order Price][OrderId:4cccb35b-3433-4757-99f4-3ca81a7ac3c4 , Price: 0.0]
2026-03-18 09:41:29.259  INFO 1 --- [io-12031-exec-3] order.controller.OrderController         : [createNewOrder][Create Order][from shanghai to taiyuan at 1970-01-02 18:17:36]
2026-03-18 09:41:29.259  INFO 1 --- [io-12031-exec-3] order.service.OrderServiceImpl           : [create][Create Order][Ready to Create Order]
2026-03-18 09:41:29.281  INFO 1 --- [io-12031-exec-3] order.service.OrderServiceImpl           : [create][Order Create Success][Order Price][OrderId:c88712db-f54d-4fd1-a15c-670d9272f674 , Price: 0.0]
2026-03-18 09:41:29.562  INFO 1 --- [io-12031-exec-2] order.controller.OrderController         : [createNewOrder][Create Order][from shanghai to taiyuan at 1970-01-02 18:17:36]
2026-03-18 09:41:29.563  INFO 1 --- [io-12031-exec-2] order.service.OrderServiceImpl           : [create][Create Order][Ready to Create Order]
2026-03-18 09:41:29.576  INFO 1 --- [io-12031-exec-2] order.service.OrderServiceImpl           : [create][Order Create Success][Order Price][OrderId:38868f91-ae13-45d4-8595-2db8d9f4438c , Price: 0.0]
2026-03-18 09:41:29.862  INFO 1 --- [io-12031-exec-5] order.controller.OrderController         : [createNewOrder][Create Order][from shanghai to taiyuan at 1970-01-02 18:17:36]
2026-03-18 09:41:29.862  INFO 1 --- [io-12031-exec-5] order.service.OrderServiceImpl           : [create][Create Order][Ready to Create Order]
2026-03-18 09:41:29.876  INFO 1 --- [io-12031-exec-5] order.service.OrderServiceImpl           : [create][Order Create Success][Order Price][OrderId:2cd54e2a-89ff-4e6b-9961-b2b49bca3c19 , Price: 0.0]
2026-03-18 09:41:30.177  INFO 1 --- [io-12031-exec-4] order.controller.OrderController         : [createNewOrder][Create Order][from shanghai to taiyuan at 1970-01-02 18:17:36]
2026-03-18 09:41:30.177  INFO 1 --- [io-12031-exec-4] order.service.OrderServiceImpl           : [create][Create Order][Ready to Create Order]
2026-03-18 09:41:30.190  INFO 1 --- [io-12031-exec-4] order.service.OrderServiceImpl           : [create][Order Create Success][Order Price][OrderId:323a529a-3478-41a9-96a8-c9dc41c49efb , Price: 0.0]
2026-03-18 09:41:30.460  INFO 1 --- [io-12031-exec-6] order.controller.OrderController         : [createNewOrder][Create Order][from shanghai to taiyuan at 1970-01-02 18:17:36]
2026-03-18 09:41:30.460  INFO 1 --- [io-12031-exec-6] order.service.OrderServiceImpl           : [create][Create Order][Ready to Create Order]
2026-03-18 09:41:30.476  INFO 1 --- [io-12031-exec-6] order.service.OrderServiceImpl           : [create][Order Create Success][Order Price][OrderId:3f602d5c-5024-41f8-865c-b45ee5a290bc , Price: 0.0]
2026-03-18 09:41:30.764  INFO 1 --- [io-12031-exec-7] order.controller.OrderController         : [createNewOrder][Create Order][from shanghai to taiyuan at 1970-01-02 18:17:36]
2026-03-18 09:41:30.764  INFO 1 --- [io-12031-exec-7] order.service.OrderServiceImpl           : [create][Create Order][Ready to Create Order]
2026-03-18 09:41:30.777  INFO 1 --- [io-12031-exec-7] order.service.OrderServiceImpl           : [create][Order Create Success][Order Price][OrderId:5e1dede5-fb65-4edd-abe6-a36dcb4770c3 , Price: 0.0]
2026-03-18 09:41:31.054  INFO 1 --- [io-12031-exec-8] order.controller.OrderController         : [createNewOrder][Create Order][from shanghai to taiyuan at 1970-01-02 18:17:36]
2026-03-18 09:41:31.054  INFO 1 --- [io-12031-exec-8] order.service.OrderServiceImpl           : [create][Create Order][Ready to Create Order]
2026-03-18 09:41:31.067  INFO 1 --- [io-12031-exec-8] order.service.OrderServiceImpl           : [create][Order Create Success][Order Price][OrderId:e08ea48a-5557-45e0-bb68-f6bf669d6f71 , Price: 0.0]
2026-03-18 09:41:31.345  INFO 1 --- [io-12031-exec-9] order.controller.OrderController         : [createNewOrder][Create Order][from shanghai to taiyuan at 1970-01-02 18:17:36]
2026-03-18 09:41:31.345  INFO 1 --- [io-12031-exec-9] order.service.OrderServiceImpl           : [create][Create Order][Ready to Create Order]
2026-03-18 09:41:31.359  INFO 1 --- [io-12031-exec-9] order.service.OrderServiceImpl           : [create][Order Create Success][Order Price][OrderId:a49fdc5d-3291-40f9-9611-6665592eccfd , Price: 0.0]
2026-03-18 09:41:31.630  INFO 1 --- [io-12031-exec-1] order.controller.OrderController         : [createNewOrder][Create Order][from shanghai to taiyuan at 1970-01-02 18:17:36]
2026-03-18 09:41:31.630  INFO 1 --- [io-12031-exec-1] order.service.OrderServiceImpl           : [create][Create Order][Ready to Create Order]
2026-03-18 09:41:31.644  INFO 1 --- [io-12031-exec-1] order.service.OrderServiceImpl           : [create][Order Create Success][Order Price][OrderId:afe3a5f9-2d3c-486f-a60b-d0cf31739f20 , Price: 0.0]
2026-03-18 09:41:31.875  INFO 1 --- [io-12031-exec-3] order.controller.OrderController         : [createNewOrder][Create Order][from shanghai to taiyuan at 1970-01-02 18:17:36]
2026-03-18 09:41:31.875  INFO 1 --- [io-12031-exec-3] order.service.OrderServiceImpl           : [create][Create Order][Ready to Create Order]
2026-03-18 09:41:31.889  INFO 1 --- [io-12031-exec-3] order.service.OrderServiceImpl           : [create][Order Create Success][Order Price][OrderId:b06ce4bb-0704-4ee2-8c34-49282c9ad69e , Price: 0.0]
2026-03-18 09:41:32.165  INFO 1 --- [io-12031-exec-2] order.controller.OrderController         : [createNewOrder][Create Order][from shanghai to taiyuan at 1970-01-02 18:17:36]
2026-03-18 09:41:32.165  INFO 1 --- [io-12031-exec-2] order.service.OrderServiceImpl           : [create][Create Order][Ready to Create Order]
2026-03-18 09:41:32.178  INFO 1 --- [io-12031-exec-2] order.service.OrderServiceImpl           : [create][Order Create Success][Order Price][OrderId:660f4483-b514-47de-83ea-3bd566001229 , Price: 0.0]
2026-03-18 09:41:32.463  INFO 1 --- [io-12031-exec-5] order.controller.OrderController         : [createNewOrder][Create Order][from shanghai to taiyuan at 1970-01-02 18:17:36]
2026-03-18 09:41:32.463  INFO 1 --- [io-12031-exec-5] order.service.OrderServiceImpl           : [create][Create Order][Ready to Create Order]
2026-03-18 09:41:32.487  INFO 1 --- [io-12031-exec-5] order.service.OrderServiceImpl           : [create][Order Create Success][Order Price][OrderId:df81d7ac-eee0-42f5-a33f-b7bd50f98cdc , Price: 0.0]
2026-03-18 09:41:32.756  INFO 1 --- [io-12031-exec-4] order.controller.OrderController         : [createNewOrder][Create Order][from shanghai to taiyuan at 1970-01-02 18:17:36]
2026-03-18 09:41:32.756  INFO 1 --- [io-12031-exec-4] order.service.OrderServiceImpl           : [create][Create Order][Ready to Create Order]
2026-03-18 09:41:32.770  INFO 1 --- [io-12031-exec-4] order.service.OrderServiceImpl           : [create][Order Create Success][Order Price][OrderId:2e03f453-fab3-42a0-9bf4-5db7380d3265 , Price: 0.0]
2026-03-18 09:41:33.051  INFO 1 --- [io-12031-exec-6] order.controller.OrderController         : [createNewOrder][Create Order][from shanghai to taiyuan at 1970-01-02 18:17:36]
2026-03-18 09:41:33.051  INFO 1 --- [io-12031-exec-6] order.service.OrderServiceImpl           : [create][Create Order][Ready to Create Order]
2026-03-18 09:41:33.065  INFO 1 --- [io-12031-exec-6] order.service.OrderServiceImpl           : [create][Order Create Success][Order Price][OrderId:56a8914e-63d1-4980-935f-29ba4af8a4ee , Price: 0.0]
2026-03-18 09:41:33.442  INFO 1 --- [io-12031-exec-7] order.controller.OrderController         : [createNewOrder][Create Order][from shanghai to taiyuan at 1970-01-02 18:17:36]
2026-03-18 09:41:33.442  INFO 1 --- [io-12031-exec-7] order.service.OrderServiceImpl           : [create][Create Order][Ready to Create Order]
2026-03-18 09:41:33.456  INFO 1 --- [io-12031-exec-7] order.service.OrderServiceImpl           : [create][Order Create Success][Order Price][OrderId:103fbcb6-06ae-4f81-a7d9-32e18f911171 , Price: 0.0]
2026-03-18 09:41:33.732  INFO 1 --- [io-12031-exec-8] order.controller.OrderController         : [createNewOrder][Create Order][from shanghai to taiyuan at 1970-01-02 18:17:36]
2026-03-18 09:41:33.733  INFO 1 --- [io-12031-exec-8] order.service.OrderServiceImpl           : [create][Create Order][Ready to Create Order]
2026-03-18 09:41:33.746  INFO 1 --- [io-12031-exec-8] order.service.OrderServiceImpl           : [create][Order Create Success][Order Price][OrderId:48714e5b-5987-498e-b802-0401bf45a806 , Price: 0.0]
2026-03-18 09:41:33.978  INFO 1 --- [o-12031-exec-10] order.controller.OrderController         : [createNewOrder][Create Order][from shanghai to taiyuan at 1970-01-02 18:17:36]
2026-03-18 09:41:33.979  INFO 1 --- [o-12031-exec-10] order.service.OrderServiceImpl           : [create][Create Order][Ready to Create Order]
2026-03-18 09:41:33.995  INFO 1 --- [o-12031-exec-10] order.service.OrderServiceImpl           : [create][Order Create Success][Order Price][OrderId:612c5e2c-2f3c-4d89-8ae5-efaaee1b9df0 , Price: 0.0]
2026-03-18 09:41:34.259  INFO 1 --- [io-12031-exec-9] order.controller.OrderController         : [createNewOrder][Create Order][from shanghai to taiyuan at 1970-01-02 18:17:36]
2026-03-18 09:41:34.259  INFO 1 --- [io-12031-exec-9] order.service.OrderServiceImpl           : [create][Create Order][Ready to Create Order]
2026-03-18 09:41:34.272  INFO 1 --- [io-12031-exec-9] order.service.OrderServiceImpl           : [create][Order Create Success][Order Price][OrderId:dcbafd41-2b76-49ff-b7b4-89c48d89337f , Price: 0.0]
2026-03-18 09:41:34.546  INFO 1 --- [io-12031-exec-1] order.controller.OrderController         : [createNewOrder][Create Order][from shanghai to taiyuan at 1970-01-02 18:17:36]
2026-03-18 09:41:34.546  INFO 1 --- [io-12031-exec-1] order.service.OrderServiceImpl           : [create][Create Order][Ready to Create Order]
2026-03-18 09:41:34.560  INFO 1 --- [io-12031-exec-1] order.service.OrderServiceImpl           : [create][Order Create Success][Order Price][OrderId:9b127f5b-aad1-4894-83e4-abebc48a2fdb , Price: 0.0]
2026-03-18 09:41:34.835  INFO 1 --- [io-12031-exec-3] order.controller.OrderController         : [createNewOrder][Create Order][from shanghai to taiyuan at 1970-01-02 18:17:36]
2026-03-18 09:41:34.835  INFO 1 --- [io-12031-exec-3] order.service.OrderServiceImpl           : [create][Create Order][Ready to Create Order]
2026-03-18 09:41:34.849  INFO 1 --- [io-12031-exec-3] order.service.OrderServiceImpl           : [create][Order Create Success][Order Price][OrderId:781796e0-9beb-4ebd-bffd-79bb0b13d9bf , Price: 0.0]
2026-03-18 09:41:35.076  INFO 1 --- [io-12031-exec-2] order.controller.OrderController         : [createNewOrder][Create Order][from shanghai to taiyuan at 1970-01-02 18:17:36]
2026-03-18 09:41:35.076  INFO 1 --- [io-12031-exec-2] order.service.OrderServiceImpl           : [create][Create Order][Ready to Create Order]
2026-03-18 09:41:35.089  INFO 1 --- [io-12031-exec-2] order.service.OrderServiceImpl           : [create][Order Create Success][Order Price][OrderId:761c0b41-4600-4ab9-abd3-9bd449e032d2 , Price: 0.0]
2026-03-18 09:41:35.357  INFO 1 --- [io-12031-exec-5] order.controller.OrderController         : [createNewOrder][Create Order][from shanghai to taiyuan at 1970-01-02 18:17:36]
2026-03-18 09:41:35.357  INFO 1 --- [io-12031-exec-5] order.service.OrderServiceImpl           : [create][Create Order][Ready to Create Order]
2026-03-18 09:41:35.371  INFO 1 --- [io-12031-exec-5] order.service.OrderServiceImpl           : [create][Order Create Success][Order Price][OrderId:3ac83c8a-e91b-4579-8232-be58ae461c0d , Price: 0.0]
2026-03-18 09:41:35.643  INFO 1 --- [io-12031-exec-4] order.controller.OrderController         : [createNewOrder][Create Order][from shanghai to taiyuan at 1970-01-02 18:17:36]
2026-03-18 09:41:35.643  INFO 1 --- [io-12031-exec-4] order.service.OrderServiceImpl           : [create][Create Order][Ready to Create Order]
2026-03-18 09:41:35.685  INFO 1 --- [io-12031-exec-4] order.service.OrderServiceImpl           : [create][Order Create Success][Order Price][OrderId:0e2fc8e6-1564-4f66-a7a6-93564960fa18 , Price: 0.0]
2026-03-18 09:41:35.963  INFO 1 --- [io-12031-exec-6] order.controller.OrderController         : [createNewOrder][Create Order][from shanghai to taiyuan at 1970-01-02 18:17:36]
2026-03-18 09:41:35.963  INFO 1 --- [io-12031-exec-6] order.service.OrderServiceImpl           : [create][Create Order][Ready to Create Order]
2026-03-18 09:41:35.981  INFO 1 --- [io-12031-exec-6] order.service.OrderServiceImpl           : [create][Order Create Success][Order Price][OrderId:033208c3-3715-45e0-a54b-6df11e1482d9 , Price: 0.0]
2026-03-18 09:41:36.262  INFO 1 --- [io-12031-exec-7] order.controller.OrderController         : [createNewOrder][Create Order][from shanghai to taiyuan at 1970-01-02 18:17:36]
2026-03-18 09:41:36.262  INFO 1 --- [io-12031-exec-7] order.service.OrderServiceImpl           : [create][Create Order][Ready to Create Order]
2026-03-18 09:41:36.281  INFO 1 --- [io-12031-exec-7] order.service.OrderServiceImpl           : [create][Order Create Success][Order Price][OrderId:df286093-0ff9-409b-aa26-3f28c4a5aff6 , Price: 0.0]
2026-03-18 09:41:36.561  INFO 1 --- [io-12031-exec-8] order.controller.OrderController         : [createNewOrder][Create Order][from shanghai to taiyuan at 1970-01-02 18:17:36]
2026-03-18 09:41:36.561  INFO 1 --- [io-12031-exec-8] order.service.OrderServiceImpl           : [create][Create Order][Ready to Create Order]
2026-03-18 09:41:36.574  INFO 1 --- [io-12031-exec-8] order.service.OrderServiceImpl           : [create][Order Create Success][Order Price][OrderId:15881ecf-a1d0-4c68-8e58-8c5fc7c91742 , Price: 0.0]
2026-03-18 09:41:36.850  INFO 1 --- [o-12031-exec-10] order.controller.OrderController         : [createNewOrder][Create Order][from shanghai to taiyuan at 1970-01-02 18:17:36]
2026-03-18 09:41:36.850  INFO 1 --- [o-12031-exec-10] order.service.OrderServiceImpl           : [create][Create Order][Ready to Create Order]
2026-03-18 09:41:36.864  INFO 1 --- [o-12031-exec-10] order.service.OrderServiceImpl           : [create][Order Create Success][Order Price][OrderId:f9672b40-fe55-4a3a-8d3b-898caae3e80b , Price: 0.0]
2026-03-18 09:41:37.139  INFO 1 --- [io-12031-exec-9] order.controller.OrderController         : [createNewOrder][Create Order][from shanghai to taiyuan at 1970-01-02 18:17:36]
2026-03-18 09:41:37.139  INFO 1 --- [io-12031-exec-9] order.service.OrderServiceImpl           : [create][Create Order][Ready to Create Order]
2026-03-18 09:41:37.153  INFO 1 --- [io-12031-exec-9] order.service.OrderServiceImpl           : [create][Order Create Success][Order Price][OrderId:61a0c9a2-27f4-4b9d-84b0-3cc6370705c4 , Price: 0.0]
2026-03-18 09:41:37.470  INFO 1 --- [io-12031-exec-1] order.controller.OrderController         : [createNewOrder][Create Order][from shanghai to taiyuan at 1970-01-02 18:17:36]
2026-03-18 09:41:37.470  INFO 1 --- [io-12031-exec-1] order.service.OrderServiceImpl           : [create][Create Order][Ready to Create Order]
2026-03-18 09:41:37.483  INFO 1 --- [io-12031-exec-1] order.service.OrderServiceImpl           : [create][Order Create Success][Order Price][OrderId:6ecfc3b6-ab64-49e7-912d-bebfc302e7e8 , Price: 0.0]
2026-03-18 09:41:37.759  INFO 1 --- [io-12031-exec-3] order.controller.OrderController         : [createNewOrder][Create Order][from shanghai to taiyuan at 1970-01-02 18:17:36]
2026-03-18 09:41:37.759  INFO 1 --- [io-12031-exec-3] order.service.OrderServiceImpl           : [create][Create Order][Ready to Create Order]
2026-03-18 09:41:37.773  INFO 1 --- [io-12031-exec-3] order.service.OrderServiceImpl           : [create][Order Create Success][Order Price][OrderId:dca50143-a703-4cc2-9438-64bc5c5eddae , Price: 0.0]
2026-03-18 09:41:38.054  INFO 1 --- [io-12031-exec-2] order.controller.OrderController         : [createNewOrder][Create Order][from shanghai to taiyuan at 1970-01-02 18:17:36]
2026-03-18 09:41:38.054  INFO 1 --- [io-12031-exec-2] order.service.OrderServiceImpl           : [create][Create Order][Ready to Create Order]
2026-03-18 09:41:38.068  INFO 1 --- [io-12031-exec-2] order.service.OrderServiceImpl           : [create][Order Create Success][Order Price][OrderId:6332e42a-5c7b-4fa5-b944-72f38a498b77 , Price: 0.0]
2026-03-18 09:41:38.355  INFO 1 --- [io-12031-exec-5] order.controller.OrderController         : [createNewOrder][Create Order][from shanghai to taiyuan at 1970-01-02 18:17:36]
2026-03-18 09:41:38.355  INFO 1 --- [io-12031-exec-5] order.service.OrderServiceImpl           : [create][Create Order][Ready to Create Order]
2026-03-18 09:41:38.369  INFO 1 --- [io-12031-exec-5] order.service.OrderServiceImpl           : [create][Order Create Success][Order Price][OrderId:727cf35e-e129-454a-9d8f-0068b4790e3c , Price: 0.0]
2026-03-18 09:41:38.656  INFO 1 --- [io-12031-exec-4] order.controller.OrderController         : [createNewOrder][Create Order][from shanghai to taiyuan at 1970-01-02 18:17:36]
2026-03-18 09:41:38.656  INFO 1 --- [io-12031-exec-4] order.service.OrderServiceImpl           : [create][Create Order][Ready to Create Order]
2026-03-18 09:41:38.670  INFO 1 --- [io-12031-exec-4] order.service.OrderServiceImpl           : [create][Order Create Success][Order Price][OrderId:05019482-fa41-4a30-a871-2ac178022121 , Price: 0.0]
2026-03-18 09:41:38.953  INFO 1 --- [io-12031-exec-6] order.controller.OrderController         : [createNewOrder][Create Order][from shanghai to taiyuan at 1970-01-02 18:17:36]
2026-03-18 09:41:38.953  INFO 1 --- [io-12031-exec-6] order.service.OrderServiceImpl           : [create][Create Order][Ready to Create Order]
2026-03-18 09:41:38.984  INFO 1 --- [io-12031-exec-6] order.service.OrderServiceImpl           : [create][Order Create Success][Order Price][OrderId:25590461-43cc-4d62-ab32-5a416ce9282c , Price: 0.0]
2026-03-18 09:41:39.261  INFO 1 --- [io-12031-exec-7] order.controller.OrderController         : [createNewOrder][Create Order][from shanghai to taiyuan at 1970-01-02 18:17:36]
2026-03-18 09:41:39.261  INFO 1 --- [io-12031-exec-7] order.service.OrderServiceImpl           : [create][Create Order][Ready to Create Order]
2026-03-18 09:41:39.275  INFO 1 --- [io-12031-exec-7] order.service.OrderServiceImpl           : [create][Order Create Success][Order Price][OrderId:5a4df5dd-0468-4421-8cbf-2fa77eb0e6e4 , Price: 0.0]
2026-03-18 09:41:39.556  INFO 1 --- [io-12031-exec-8] order.controller.OrderController         : [createNewOrder][Create Order][from shanghai to taiyuan at 1970-01-02 18:17:36]
2026-03-18 09:41:39.556  INFO 1 --- [io-12031-exec-8] order.service.OrderServiceImpl           : [create][Create Order][Ready to Create Order]
2026-03-18 09:41:39.569  INFO 1 --- [io-12031-exec-8] order.service.OrderServiceImpl           : [create][Order Create Success][Order Price][OrderId:73f25071-6793-498c-99ea-5febed5101d5 , Price: 0.0]
2026-03-18 09:41:39.852  INFO 1 --- [o-12031-exec-10] order.controller.OrderController         : [createNewOrder][Create Order][from shanghai to taiyuan at 1970-01-02 18:17:36]
2026-03-18 09:41:39.853  INFO 1 --- [o-12031-exec-10] order.service.OrderServiceImpl           : [create][Create Order][Ready to Create Order]
2026-03-18 09:41:39.865  INFO 1 --- [o-12031-exec-10] order.service.OrderServiceImpl           : [create][Order Create Success][Order Price][OrderId:b5dcc24e-5eb9-460e-963f-1dd9f1b10a62 , Price: 0.0]
2026-03-18 09:41:40.144  INFO 1 --- [io-12031-exec-9] order.controller.OrderController         : [createNewOrder][Create Order][from shanghai to taiyuan at 1970-01-02 18:17:36]
2026-03-18 09:41:40.144  INFO 1 --- [io-12031-exec-9] order.service.OrderServiceImpl           : [create][Create Order][Ready to Create Order]
2026-03-18 09:41:40.157  INFO 1 --- [io-12031-exec-9] order.service.OrderServiceImpl           : [create][Order Create Success][Order Price][OrderId:8ebf3b41-1ef2-4550-ae1e-d31c25b92a61 , Price: 0.0]
2026-03-18 09:41:40.436  INFO 1 --- [io-12031-exec-1] order.controller.OrderController         : [createNewOrder][Create Order][from shanghai to taiyuan at 1970-01-02 18:17:36]
2026-03-18 09:41:40.436  INFO 1 --- [io-12031-exec-1] order.service.OrderServiceImpl           : [create][Create Order][Ready to Create Order]
2026-03-18 09:41:40.449  INFO 1 --- [io-12031-exec-1] order.service.OrderServiceImpl           : [create][Order Create Success][Order Price][OrderId:10db4a47-2b96-42af-8735-f23c4219da76 , Price: 0.0]
2026-03-18 09:41:40.682  INFO 1 --- [io-12031-exec-3] order.controller.OrderController         : [createNewOrder][Create Order][from shanghai to taiyuan at 1970-01-02 18:17:36]
2026-03-18 09:41:40.682  INFO 1 --- [io-12031-exec-3] order.service.OrderServiceImpl           : [create][Create Order][Ready to Create Order]
2026-03-18 09:41:40.696  INFO 1 --- [io-12031-exec-3] order.service.OrderServiceImpl           : [create][Order Create Success][Order Price][OrderId:8c09184c-8038-4f92-811f-11bc2b939f3c , Price: 0.0]
2026-03-18 09:41:40.960  INFO 1 --- [io-12031-exec-2] order.controller.OrderController         : [createNewOrder][Create Order][from shanghai to taiyuan at 1970-01-02 18:17:36]
2026-03-18 09:41:40.960  INFO 1 --- [io-12031-exec-2] order.service.OrderServiceImpl           : [create][Create Order][Ready to Create Order]
2026-03-18 09:41:40.974  INFO 1 --- [io-12031-exec-2] order.service.OrderServiceImpl           : [create][Order Create Success][Order Price][OrderId:bb8a8caa-d16e-4f54-b01c-dfdb1095fc20 , Price: 0.0]
2026-03-18 09:41:41.260  INFO 1 --- [io-12031-exec-4] order.controller.OrderController         : [createNewOrder][Create Order][from shanghai to taiyuan at 1970-01-02 18:17:36]
2026-03-18 09:41:41.260  INFO 1 --- [io-12031-exec-4] order.service.OrderServiceImpl           : [create][Create Order][Ready to Create Order]
2026-03-18 09:41:41.275  INFO 1 --- [io-12031-exec-4] order.service.OrderServiceImpl           : [create][Order Create Success][Order Price][OrderId:bf91075c-2f93-4f31-b1b7-49d3ee918976 , Price: 0.0]
2026-03-18 09:41:41.550  INFO 1 --- [io-12031-exec-6] order.controller.OrderController         : [createNewOrder][Create Order][from shanghai to taiyuan at 1970-01-02 18:17:36]
2026-03-18 09:41:41.550  INFO 1 --- [io-12031-exec-6] order.service.OrderServiceImpl           : [create][Create Order][Ready to Create Order]
2026-03-18 09:41:41.564  INFO 1 --- [io-12031-exec-6] order.service.OrderServiceImpl           : [create][Order Create Success][Order Price][OrderId:bad6ecbd-1f1f-4d27-8701-58ca433babc3 , Price: 0.0]
2026-03-18 09:41:41.846  INFO 1 --- [io-12031-exec-7] order.controller.OrderController         : [createNewOrder][Create Order][from shanghai to taiyuan at 1970-01-02 18:17:36]
2026-03-18 09:41:41.846  INFO 1 --- [io-12031-exec-7] order.service.OrderServiceImpl           : [create][Create Order][Ready to Create Order]
2026-03-18 09:41:41.860  INFO 1 --- [io-12031-exec-7] order.service.OrderServiceImpl           : [create][Order Create Success][Order Price][OrderId:60a64579-666f-41cf-bd8e-5c96e38b4eeb , Price: 0.0]
2026-03-18 09:41:42.151  INFO 1 --- [io-12031-exec-8] order.controller.OrderController         : [createNewOrder][Create Order][from shanghai to taiyuan at 1970-01-02 18:17:36]
2026-03-18 09:41:42.151  INFO 1 --- [io-12031-exec-8] order.service.OrderServiceImpl           : [create][Create Order][Ready to Create Order]
2026-03-18 09:41:42.388  INFO 1 --- [io-12031-exec-8] order.service.OrderServiceImpl           : [create][Order Create Success][Order Price][OrderId:ca15a834-4073-4f1a-b5e2-ce00e1cef961 , Price: 0.0]
2026-03-18 09:41:42.663  INFO 1 --- [o-12031-exec-10] order.controller.OrderController         : [createNewOrder][Create Order][from shanghai to taiyuan at 1970-01-02 18:17:36]
2026-03-18 09:41:42.663  INFO 1 --- [o-12031-exec-10] order.service.OrderServiceImpl           : [create][Create Order][Ready to Create Order]
2026-03-18 09:41:42.679  INFO 1 --- [o-12031-exec-10] order.service.OrderServiceImpl           : [create][Order Create Success][Order Price][OrderId:eb408b39-fece-4346-ad89-74f6a786fb93 , Price: 0.0]
2026-03-18 09:41:42.958  INFO 1 --- [io-12031-exec-9] order.controller.OrderController         : [createNewOrder][Create Order][from shanghai to taiyuan at 1970-01-02 18:17:36]
2026-03-18 09:41:42.958  INFO 1 --- [io-12031-exec-9] order.service.OrderServiceImpl           : [create][Create Order][Ready to Create Order]
2026-03-18 09:41:42.972  INFO 1 --- [io-12031-exec-9] order.service.OrderServiceImpl           : [create][Order Create Success][Order Price][OrderId:0b39f4f6-b904-4198-b9d7-c13f6bab1a87 , Price: 0.0]
2026-03-18 09:41:43.253  INFO 1 --- [io-12031-exec-1] order.controller.OrderController         : [createNewOrder][Create Order][from shanghai to taiyuan at 1970-01-02 18:17:36]
2026-03-18 09:41:43.254  INFO 1 --- [io-12031-exec-1] order.service.OrderServiceImpl           : [create][Create Order][Ready to Create Order]
2026-03-18 09:41:43.268  INFO 1 --- [io-12031-exec-1] order.service.OrderServiceImpl           : [create][Order Create Success][Order Price][OrderId:ee51eab7-3ed4-46ea-8d3d-1a2b1263589a , Price: 0.0]
2026-03-18 09:41:43.560  INFO 1 --- [io-12031-exec-3] order.controller.OrderController         : [createNewOrder][Create Order][from shanghai to taiyuan at 1970-01-02 18:17:36]
2026-03-18 09:41:43.560  INFO 1 --- [io-12031-exec-3] order.service.OrderServiceImpl           : [create][Create Order][Ready to Create Order]
2026-03-18 09:41:43.574  INFO 1 --- [io-12031-exec-3] order.service.OrderServiceImpl           : [create][Order Create Success][Order Price][OrderId:9ca0eb07-481a-4ed3-8bac-a45e9cfe68db , Price: 0.0]
2026-03-18 09:41:43.849  INFO 1 --- [io-12031-exec-2] order.controller.OrderController         : [createNewOrder][Create Order][from shanghai to taiyuan at 1970-01-02 18:17:36]
2026-03-18 09:41:43.849  INFO 1 --- [io-12031-exec-2] order.service.OrderServiceImpl           : [create][Create Order][Ready to Create Order]
2026-03-18 09:41:43.863  INFO 1 --- [io-12031-exec-2] order.service.OrderServiceImpl           : [create][Order Create Success][Order Price][OrderId:b4c9a75c-903a-4e99-8925-03464568658f , Price: 0.0]
2026-03-18 09:41:44.140  INFO 1 --- [io-12031-exec-5] order.controller.OrderController         : [createNewOrder][Create Order][from shanghai to taiyuan at 1970-01-02 18:17:36]
2026-03-18 09:41:44.140  INFO 1 --- [io-12031-exec-5] order.service.OrderServiceImpl           : [create][Create Order][Ready to Create Order]
2026-03-18 09:41:44.154  INFO 1 --- [io-12031-exec-5] order.service.OrderServiceImpl           : [create][Order Create Success][Order Price][OrderId:8b8e88dd-5e88-4937-9a2a-cc765530ed43 , Price: 0.0]
2026-03-18 09:41:44.384  INFO 1 --- [io-12031-exec-4] order.controller.OrderController         : [createNewOrder][Create Order][from shanghai to taiyuan at 1970-01-02 18:17:36]
2026-03-18 09:41:44.385  INFO 1 --- [io-12031-exec-4] order.service.OrderServiceImpl           : [create][Create Order][Ready to Create Order]
2026-03-18 09:41:44.397  INFO 1 --- [io-12031-exec-4] order.service.OrderServiceImpl           : [create][Order Create Success][Order Price][OrderId:fc666c9b-db1f-453b-ad9f-f4b5b7e605c0 , Price: 0.0]
2026-03-18 09:41:44.658  INFO 1 --- [io-12031-exec-6] order.controller.OrderController         : [createNewOrder][Create Order][from shanghai to taiyuan at 1970-01-02 18:17:36]
2026-03-18 09:41:44.658  INFO 1 --- [io-12031-exec-6] order.service.OrderServiceImpl           : [create][Create Order][Ready to Create Order]
2026-03-18 09:41:44.671  INFO 1 --- [io-12031-exec-6] order.service.OrderServiceImpl           : [create][Order Create Success][Order Price][OrderId:0a6e7553-2de2-4c6e-b0cb-f61e428f7d6a , Price: 0.0]
2026-03-18 09:41:44.955  INFO 1 --- [io-12031-exec-7] order.controller.OrderController         : [createNewOrder][Create Order][from shanghai to taiyuan at 1970-01-02 18:17:36]
2026-03-18 09:41:44.956  INFO 1 --- [io-12031-exec-7] order.service.OrderServiceImpl           : [create][Create Order][Ready to Create Order]
2026-03-18 09:41:44.970  INFO 1 --- [io-12031-exec-7] order.service.OrderServiceImpl           : [create][Order Create Success][Order Price][OrderId:6d87449b-33ad-403b-a80b-50bedb433b11 , Price: 0.0]
2026-03-18 09:41:45.257  INFO 1 --- [io-12031-exec-8] order.controller.OrderController         : [createNewOrder][Create Order][from shanghai to taiyuan at 1970-01-02 18:17:36]
2026-03-18 09:41:45.257  INFO 1 --- [io-12031-exec-8] order.service.OrderServiceImpl           : [create][Create Order][Ready to Create Order]
2026-03-18 09:41:45.279  INFO 1 --- [io-12031-exec-8] order.service.OrderServiceImpl           : [create][Order Create Success][Order Price][OrderId:c3e29f24-0d61-4f7f-ab04-af6f0801b675 , Price: 0.0]
2026-03-18 09:41:45.552  INFO 1 --- [o-12031-exec-10] order.controller.OrderController         : [createNewOrder][Create Order][from shanghai to taiyuan at 1970-01-02 18:17:36]
2026-03-18 09:41:45.552  INFO 1 --- [o-12031-exec-10] order.service.OrderServiceImpl           : [create][Create Order][Ready to Create Order]
2026-03-18 09:41:45.567  INFO 1 --- [o-12031-exec-10] order.service.OrderServiceImpl           : [create][Order Create Success][Order Price][OrderId:eeec1b8b-a057-4b36-8356-187f5d24ff5c , Price: 0.0]
2026-03-18 09:41:45.842  INFO 1 --- [io-12031-exec-9] order.controller.OrderController         : [createNewOrder][Create Order][from shanghai to taiyuan at 1970-01-02 18:17:36]
2026-03-18 09:41:45.843  INFO 1 --- [io-12031-exec-9] order.service.OrderServiceImpl           : [create][Create Order][Ready to Create Order]
2026-03-18 09:41:45.855  INFO 1 --- [io-12031-exec-9] order.service.OrderServiceImpl           : [create][Order Create Success][Order Price][OrderId:1b0625f5-a75c-4b04-82d2-03cf9aa4aafe , Price: 0.0]
2026-03-18 09:41:46.135  INFO 1 --- [io-12031-exec-1] order.controller.OrderController         : [createNewOrder][Create Order][from shanghai to taiyuan at 1970-01-02 18:17:36]
2026-03-18 09:41:46.135  INFO 1 --- [io-12031-exec-1] order.service.OrderServiceImpl           : [create][Create Order][Ready to Create Order]
2026-03-18 09:41:46.149  INFO 1 --- [io-12031-exec-1] order.service.OrderServiceImpl           : [create][Order Create Success][Order Price][OrderId:31e533c8-0134-4b4f-93d4-3b89f6a3cff7 , Price: 0.0]
2026-03-18 09:41:46.382  INFO 1 --- [io-12031-exec-3] order.controller.OrderController         : [createNewOrder][Create Order][from shanghai to taiyuan at 1970-01-02 18:17:36]
2026-03-18 09:41:46.382  INFO 1 --- [io-12031-exec-3] order.service.OrderServiceImpl           : [create][Create Order][Ready to Create Order]
2026-03-18 09:41:46.397  INFO 1 --- [io-12031-exec-3] order.service.OrderServiceImpl           : [create][Order Create Success][Order Price][OrderId:4b2c810d-f7ce-4477-be10-6b8bbe76e9bb , Price: 0.0]
2026-03-18 09:41:46.657  INFO 1 --- [io-12031-exec-2] order.controller.OrderController         : [createNewOrder][Create Order][from shanghai to taiyuan at 1970-01-02 18:17:36]
2026-03-18 09:41:46.657  INFO 1 --- [io-12031-exec-2] order.service.OrderServiceImpl           : [create][Create Order][Ready to Create Order]
2026-03-18 09:41:46.671  INFO 1 --- [io-12031-exec-2] order.service.OrderServiceImpl           : [create][Order Create Success][Order Price][OrderId:f42c0a2d-0738-4dc8-b79b-c7ead960d96e , Price: 0.0]
2026-03-18 09:41:46.940  INFO 1 --- [io-12031-exec-5] order.controller.OrderController         : [createNewOrder][Create Order][from shanghai to taiyuan at 1970-01-02 18:17:36]
2026-03-18 09:41:46.940  INFO 1 --- [io-12031-exec-5] order.service.OrderServiceImpl           : [create][Create Order][Ready to Create Order]
2026-03-18 09:41:46.955  INFO 1 --- [io-12031-exec-5] order.service.OrderServiceImpl           : [create][Order Create Success][Order Price][OrderId:ffe8df72-ca41-43fa-885b-f8f571f2895f , Price: 0.0]
2026-03-18 09:41:47.237  INFO 1 --- [io-12031-exec-4] order.controller.OrderController         : [createNewOrder][Create Order][from shanghai to taiyuan at 1970-01-02 18:17:36]
2026-03-18 09:41:47.237  INFO 1 --- [io-12031-exec-4] order.service.OrderServiceImpl           : [create][Create Order][Ready to Create Order]
2026-03-18 09:41:47.251  INFO 1 --- [io-12031-exec-4] order.service.OrderServiceImpl           : [create][Order Create Success][Order Price][OrderId:c9373257-769d-4cf4-ac72-68b18691526c , Price: 0.0]
2026-03-18 09:41:47.536  INFO 1 --- [io-12031-exec-6] order.controller.OrderController         : [createNewOrder][Create Order][from shanghai to taiyuan at 1970-01-02 18:17:36]
2026-03-18 09:41:47.536  INFO 1 --- [io-12031-exec-6] order.service.OrderServiceImpl           : [create][Create Order][Ready to Create Order]
2026-03-18 09:41:47.552  INFO 1 --- [io-12031-exec-6] order.service.OrderServiceImpl           : [create][Order Create Success][Order Price][OrderId:5108c076-a544-4e2e-add6-2f7016b61445 , Price: 0.0]
2026-03-18 09:41:47.862  INFO 1 --- [io-12031-exec-7] order.controller.OrderController         : [createNewOrder][Create Order][from shanghai to taiyuan at 1970-01-02 18:17:36]
2026-03-18 09:41:47.862  INFO 1 --- [io-12031-exec-7] order.service.OrderServiceImpl           : [create][Create Order][Ready to Create Order]
2026-03-18 09:41:47.876  INFO 1 --- [io-12031-exec-7] order.service.OrderServiceImpl           : [create][Order Create Success][Order Price][OrderId:f1596775-2176-4ae8-853c-c7634de22e46 , Price: 0.0]
2026-03-18 09:41:48.159  INFO 1 --- [io-12031-exec-8] order.controller.OrderController         : [createNewOrder][Create Order][from shanghai to taiyuan at 1970-01-02 18:17:36]
2026-03-18 09:41:48.159  INFO 1 --- [io-12031-exec-8] order.service.OrderServiceImpl           : [create][Create Order][Ready to Create Order]
2026-03-18 09:41:48.173  INFO 1 --- [io-12031-exec-8] order.service.OrderServiceImpl           : [create][Order Create Success][Order Price][OrderId:064fbfd9-1e0a-4a3d-aa2f-8a689c406fb7 , Price: 0.0]
2026-03-18 09:41:48.454  INFO 1 --- [o-12031-exec-10] order.controller.OrderController         : [createNewOrder][Create Order][from shanghai to taiyuan at 1970-01-02 18:17:36]
2026-03-18 09:41:48.454  INFO 1 --- [o-12031-exec-10] order.service.OrderServiceImpl           : [create][Create Order][Ready to Create Order]
2026-03-18 09:41:48.487  INFO 1 --- [o-12031-exec-10] order.service.OrderServiceImpl           : [create][Order Create Success][Order Price][OrderId:589a84a5-6eb8-4c3a-9aad-0f3a59abd5e9 , Price: 0.0]
2026-03-18 09:41:48.768  INFO 1 --- [io-12031-exec-9] order.controller.OrderController         : [createNewOrder][Create Order][from shanghai to taiyuan at 1970-01-02 18:17:36]
2026-03-18 09:41:48.768  INFO 1 --- [io-12031-exec-9] order.service.OrderServiceImpl           : [create][Create Order][Ready to Create Order]
2026-03-18 09:41:48.781  INFO 1 --- [io-12031-exec-9] order.service.OrderServiceImpl           : [create][Order Create Success][Order Price][OrderId:d16f9e80-fc5e-4162-8e93-18085f9b0194 , Price: 0.0]
2026-03-18 09:41:49.062  INFO 1 --- [io-12031-exec-1] order.controller.OrderController         : [createNewOrder][Create Order][from shanghai to taiyuan at 1970-01-02 18:17:36]
2026-03-18 09:41:49.062  INFO 1 --- [io-12031-exec-1] order.service.OrderServiceImpl           : [create][Create Order][Ready to Create Order]
2026-03-18 09:41:49.077  INFO 1 --- [io-12031-exec-1] order.service.OrderServiceImpl           : [create][Order Create Success][Order Price][OrderId:16c5d8c9-5593-48ee-9d9e-de40a8afdaef , Price: 0.0]
2026-03-18 09:41:49.362  INFO 1 --- [io-12031-exec-3] order.controller.OrderController         : [createNewOrder][Create Order][from shanghai to taiyuan at 1970-01-02 18:17:36]
2026-03-18 09:41:49.362  INFO 1 --- [io-12031-exec-3] order.service.OrderServiceImpl           : [create][Create Order][Ready to Create Order]
2026-03-18 09:41:49.376  INFO 1 --- [io-12031-exec-3] order.service.OrderServiceImpl           : [create][Order Create Success][Order Price][OrderId:4c299df4-2916-48dc-9e4d-78e78893041a , Price: 0.0]
2026-03-18 09:41:49.656  INFO 1 --- [io-12031-exec-2] order.controller.OrderController         : [createNewOrder][Create Order][from shanghai to taiyuan at 1970-01-02 18:17:36]
2026-03-18 09:41:49.656  INFO 1 --- [io-12031-exec-2] order.service.OrderServiceImpl           : [create][Create Order][Ready to Create Order]
2026-03-18 09:41:49.669  INFO 1 --- [io-12031-exec-2] order.service.OrderServiceImpl           : [create][Order Create Success][Order Price][OrderId:4ea631be-2a0a-4be6-9f7e-4dadf004ee1b , Price: 0.0]
2026-03-18 09:41:49.943  INFO 1 --- [io-12031-exec-5] order.controller.OrderController         : [createNewOrder][Create Order][from shanghai to taiyuan at 1970-01-02 18:17:36]
2026-03-18 09:41:49.944  INFO 1 --- [io-12031-exec-5] order.service.OrderServiceImpl           : [create][Create Order][Ready to Create Order]
2026-03-18 09:41:49.959  INFO 1 --- [io-12031-exec-5] order.service.OrderServiceImpl           : [create][Order Create Success][Order Price][OrderId:4fa7a2e2-f51e-42bc-8b4a-cbfb763ecf18 , Price: 0.0]
2026-03-18 09:41:50.243  INFO 1 --- [io-12031-exec-4] order.controller.OrderController         : [createNewOrder][Create Order][from shanghai to taiyuan at 1970-01-02 18:17:36]
2026-03-18 09:41:50.243  INFO 1 --- [io-12031-exec-4] order.service.OrderServiceImpl           : [create][Create Order][Ready to Create Order]
2026-03-18 09:41:50.256  INFO 1 --- [io-12031-exec-4] order.service.OrderServiceImpl           : [create][Order Create Success][Order Price][OrderId:2067f09a-14c9-4bce-9819-e022fe3f6a80 , Price: 0.0]
2026-03-18 09:41:50.538  INFO 1 --- [io-12031-exec-6] order.controller.OrderController         : [createNewOrder][Create Order][from shanghai to taiyuan at 1970-01-02 18:17:36]
2026-03-18 09:41:50.538  INFO 1 --- [io-12031-exec-6] order.service.OrderServiceImpl           : [create][Create Order][Ready to Create Order]
2026-03-18 09:41:50.554  INFO 1 --- [io-12031-exec-6] order.service.OrderServiceImpl           : [create][Order Create Success][Order Price][OrderId:f95552d3-5f6f-4a0b-8a79-813091f45f8d , Price: 0.0]
2026-03-18 09:41:50.833  INFO 1 --- [io-12031-exec-7] order.controller.OrderController         : [createNewOrder][Create Order][from shanghai to taiyuan at 1970-01-02 18:17:36]
2026-03-18 09:41:50.833  INFO 1 --- [io-12031-exec-7] order.service.OrderServiceImpl           : [create][Create Order][Ready to Create Order]
2026-03-18 09:41:50.848  INFO 1 --- [io-12031-exec-7] order.service.OrderServiceImpl           : [create][Order Create Success][Order Price][OrderId:5f0a2c8d-cbdb-47e5-b487-d76d2f1d29e8 , Price: 0.0]
2026-03-18 09:41:51.083  INFO 1 --- [io-12031-exec-8] order.controller.OrderController         : [createNewOrder][Create Order][from shanghai to taiyuan at 1970-01-02 18:17:36]
2026-03-18 09:41:51.083  INFO 1 --- [io-12031-exec-8] order.service.OrderServiceImpl           : [create][Create Order][Ready to Create Order]
2026-03-18 09:41:51.099  INFO 1 --- [io-12031-exec-8] order.service.OrderServiceImpl           : [create][Order Create Success][Order Price][OrderId:d7722d0d-b506-48ef-bb7b-489a215021d7 , Price: 0.0]
2026-03-18 09:41:51.362  INFO 1 --- [io-12031-exec-9] order.controller.OrderController         : [createNewOrder][Create Order][from shanghai to taiyuan at 1970-01-02 18:17:36]
2026-03-18 09:41:51.362  INFO 1 --- [io-12031-exec-9] order.service.OrderServiceImpl           : [create][Create Order][Ready to Create Order]
2026-03-18 09:41:51.489  INFO 1 --- [io-12031-exec-9] order.service.OrderServiceImpl           : [create][Order Create Success][Order Price][OrderId:39c52c31-2db9-4b53-a51e-caee8cbbcc3f , Price: 0.0]
2026-03-18 09:41:51.759  INFO 1 --- [io-12031-exec-1] order.controller.OrderController         : [createNewOrder][Create Order][from shanghai to taiyuan at 1970-01-02 18:17:36]
2026-03-18 09:41:51.759  INFO 1 --- [io-12031-exec-1] order.service.OrderServiceImpl           : [create][Create Order][Ready to Create Order]
2026-03-18 09:41:51.775  INFO 1 --- [io-12031-exec-1] order.service.OrderServiceImpl           : [create][Order Create Success][Order Price][OrderId:3ede58f6-b066-4a5d-97e8-835d820e151e , Price: 0.0]
2026-03-18 09:41:52.050  INFO 1 --- [io-12031-exec-3] order.controller.OrderController         : [createNewOrder][Create Order][from shanghai to taiyuan at 1970-01-02 18:17:36]
2026-03-18 09:41:52.050  INFO 1 --- [io-12031-exec-3] order.service.OrderServiceImpl           : [create][Create Order][Ready to Create Order]
2026-03-18 09:41:52.065  INFO 1 --- [io-12031-exec-3] order.service.OrderServiceImpl           : [create][Order Create Success][Order Price][OrderId:863b23b7-bde4-4679-985b-bff7b055bdf8 , Price: 0.0]
2026-03-18 09:41:52.359  INFO 1 --- [io-12031-exec-2] order.controller.OrderController         : [createNewOrder][Create Order][from shanghai to taiyuan at 1970-01-02 18:17:36]
2026-03-18 09:41:52.359  INFO 1 --- [io-12031-exec-2] order.service.OrderServiceImpl           : [create][Create Order][Ready to Create Order]
2026-03-18 09:41:52.373  INFO 1 --- [io-12031-exec-2] order.service.OrderServiceImpl           : [create][Order Create Success][Order Price][OrderId:7d68bc6a-89a9-4499-a68e-a23b80ce36b7 , Price: 0.0]
2026-03-18 09:41:52.654  INFO 1 --- [io-12031-exec-5] order.controller.OrderController         : [createNewOrder][Create Order][from shanghai to taiyuan at 1970-01-02 18:17:36]
2026-03-18 09:41:52.654  INFO 1 --- [io-12031-exec-5] order.service.OrderServiceImpl           : [create][Create Order][Ready to Create Order]
2026-03-18 09:41:52.669  INFO 1 --- [io-12031-exec-5] order.service.OrderServiceImpl           : [create][Order Create Success][Order Price][OrderId:185fcb66-5e9e-47e9-b9c5-49a0c8bf472a , Price: 0.0]
2026-03-18 09:41:52.955  INFO 1 --- [io-12031-exec-4] order.controller.OrderController         : [createNewOrder][Create Order][from shanghai to taiyuan at 1970-01-02 18:17:36]
2026-03-18 09:41:52.955  INFO 1 --- [io-12031-exec-4] order.service.OrderServiceImpl           : [create][Create Order][Ready to Create Order]
2026-03-18 09:41:52.969  INFO 1 --- [io-12031-exec-4] order.service.OrderServiceImpl           : [create][Order Create Success][Order Price][OrderId:7e5e3c6f-730f-4037-a583-6fce810543da , Price: 0.0]
2026-03-18 09:41:53.251  INFO 1 --- [io-12031-exec-6] order.controller.OrderController         : [createNewOrder][Create Order][from shanghai to taiyuan at 1970-01-02 18:17:36]
2026-03-18 09:41:53.252  INFO 1 --- [io-12031-exec-6] order.service.OrderServiceImpl           : [create][Create Order][Ready to Create Order]
2026-03-18 09:41:53.265  INFO 1 --- [io-12031-exec-6] order.service.OrderServiceImpl           : [create][Order Create Success][Order Price][OrderId:073a3a0c-ac32-4f63-a318-bd99f90af95e , Price: 0.0]
2026-03-18 09:41:53.541  INFO 1 --- [io-12031-exec-7] order.controller.OrderController         : [createNewOrder][Create Order][from shanghai to taiyuan at 1970-01-02 18:17:36]
2026-03-18 09:41:53.541  INFO 1 --- [io-12031-exec-7] order.service.OrderServiceImpl           : [create][Create Order][Ready to Create Order]
2026-03-18 09:41:53.554  INFO 1 --- [io-12031-exec-7] order.service.OrderServiceImpl           : [create][Order Create Success][Order Price][OrderId:91c5ec6d-84b4-4cdb-b03f-cb28761af25f , Price: 0.0]
2026-03-18 09:41:53.837  INFO 1 --- [io-12031-exec-8] order.controller.OrderController         : [createNewOrder][Create Order][from shanghai to taiyuan at 1970-01-02 18:17:36]
2026-03-18 09:41:53.837  INFO 1 --- [io-12031-exec-8] order.service.OrderServiceImpl           : [create][Create Order][Ready to Create Order]
2026-03-18 09:41:53.850  INFO 1 --- [io-12031-exec-8] order.service.OrderServiceImpl           : [create][Order Create Success][Order Price][OrderId:34ef7a02-082e-4ae9-8d8a-7554a7409b4f , Price: 0.0]
2026-03-18 09:41:54.077  INFO 1 --- [o-12031-exec-10] order.controller.OrderController         : [createNewOrder][Create Order][from shanghai to taiyuan at 1970-01-02 18:17:36]
2026-03-18 09:41:54.077  INFO 1 --- [o-12031-exec-10] order.service.OrderServiceImpl           : [create][Create Order][Ready to Create Order]
2026-03-18 09:41:54.091  INFO 1 --- [o-12031-exec-10] order.service.OrderServiceImpl           : [create][Order Create Success][Order Price][OrderId:1c152917-9507-49ba-bd7c-5e72cf6c6d02 , Price: 0.0]
2026-03-18 09:41:54.360  INFO 1 --- [io-12031-exec-9] order.controller.OrderController         : [createNewOrder][Create Order][from shanghai to taiyuan at 1970-01-02 18:17:36]
2026-03-18 09:41:54.360  INFO 1 --- [io-12031-exec-9] order.service.OrderServiceImpl           : [create][Create Order][Ready to Create Order]
2026-03-18 09:41:54.383  INFO 1 --- [io-12031-exec-9] order.service.OrderServiceImpl           : [create][Order Create Success][Order Price][OrderId:4eb966f4-50bb-496f-a2c3-2a1dca754aab , Price: 0.0]
2026-03-18 09:41:54.658  INFO 1 --- [io-12031-exec-1] order.controller.OrderController         : [createNewOrder][Create Order][from shanghai to taiyuan at 1970-01-02 18:17:36]
2026-03-18 09:41:54.658  INFO 1 --- [io-12031-exec-1] order.service.OrderServiceImpl           : [create][Create Order][Ready to Create Order]
2026-03-18 09:41:54.672  INFO 1 --- [io-12031-exec-1] order.service.OrderServiceImpl           : [create][Order Create Success][Order Price][OrderId:4a53fbfe-2373-42c7-a799-817ee8f54445 , Price: 0.0]
2026-03-18 09:41:54.955  INFO 1 --- [io-12031-exec-3] order.controller.OrderController         : [createNewOrder][Create Order][from shanghai to taiyuan at 1970-01-02 18:17:36]
2026-03-18 09:41:54.955  INFO 1 --- [io-12031-exec-3] order.service.OrderServiceImpl           : [create][Create Order][Ready to Create Order]
2026-03-18 09:41:54.968  INFO 1 --- [io-12031-exec-3] order.service.OrderServiceImpl           : [create][Order Create Success][Order Price][OrderId:954bad30-8020-4455-99ed-35b3d014b6fe , Price: 0.0]
2026-03-18 09:41:55.242  INFO 1 --- [io-12031-exec-2] order.controller.OrderController         : [createNewOrder][Create Order][from shanghai to taiyuan at 1970-01-02 18:17:36]
2026-03-18 09:41:55.242  INFO 1 --- [io-12031-exec-2] order.service.OrderServiceImpl           : [create][Create Order][Ready to Create Order]
2026-03-18 09:41:55.254  INFO 1 --- [io-12031-exec-2] order.service.OrderServiceImpl           : [create][Order Create Success][Order Price][OrderId:8ab5e5ad-271f-4f53-a0cb-f0622f363fed , Price: 0.0]
2026-03-18 09:41:55.535  INFO 1 --- [io-12031-exec-5] order.controller.OrderController         : [createNewOrder][Create Order][from shanghai to taiyuan at 1970-01-02 18:17:36]
2026-03-18 09:41:55.535  INFO 1 --- [io-12031-exec-5] order.service.OrderServiceImpl           : [create][Create Order][Ready to Create Order]
2026-03-18 09:41:55.549  INFO 1 --- [io-12031-exec-5] order.service.OrderServiceImpl           : [create][Order Create Success][Order Price][OrderId:cd0ade07-08ba-40ab-b288-30bc91d03eff , Price: 0.0]
2026-03-18 09:41:55.856  INFO 1 --- [io-12031-exec-4] order.controller.OrderController         : [createNewOrder][Create Order][from shanghai to taiyuan at 1970-01-02 18:17:36]
2026-03-18 09:41:55.856  INFO 1 --- [io-12031-exec-4] order.service.OrderServiceImpl           : [create][Create Order][Ready to Create Order]
2026-03-18 09:41:55.870  INFO 1 --- [io-12031-exec-4] order.service.OrderServiceImpl           : [create][Order Create Success][Order Price][OrderId:6f513bd1-7b0d-476b-bd2a-99425ff304bb , Price: 0.0]
2026-03-18 09:41:56.149  INFO 1 --- [io-12031-exec-6] order.controller.OrderController         : [createNewOrder][Create Order][from shanghai to taiyuan at 1970-01-02 18:17:36]
2026-03-18 09:41:56.149  INFO 1 --- [io-12031-exec-6] order.service.OrderServiceImpl           : [create][Create Order][Ready to Create Order]
2026-03-18 09:41:56.163  INFO 1 --- [io-12031-exec-6] order.service.OrderServiceImpl           : [create][Order Create Success][Order Price][OrderId:39085d77-202c-4e2b-9320-1c38ff5fcc79 , Price: 0.0]
2026-03-18 09:41:56.442  INFO 1 --- [io-12031-exec-7] order.controller.OrderController         : [createNewOrder][Create Order][from shanghai to taiyuan at 1970-01-02 18:17:36]
2026-03-18 09:41:56.442  INFO 1 --- [io-12031-exec-7] order.service.OrderServiceImpl           : [create][Create Order][Ready to Create Order]
2026-03-18 09:41:56.457  INFO 1 --- [io-12031-exec-7] order.service.OrderServiceImpl           : [create][Order Create Success][Order Price][OrderId:4620b215-da8c-41be-a34c-842fbc5a8331 , Price: 0.0]
2026-03-18 09:41:56.742  INFO 1 --- [io-12031-exec-8] order.controller.OrderController         : [createNewOrder][Create Order][from shanghai to taiyuan at 1970-01-02 18:17:36]
2026-03-18 09:41:56.742  INFO 1 --- [io-12031-exec-8] order.service.OrderServiceImpl           : [create][Create Order][Ready to Create Order]
2026-03-18 09:41:56.769  INFO 1 --- [io-12031-exec-8] order.service.OrderServiceImpl           : [create][Order Create Success][Order Price][OrderId:ae90738b-e275-43fe-8164-00fab02ae757 , Price: 0.0]
2026-03-18 09:41:57.043  INFO 1 --- [o-12031-exec-10] order.controller.OrderController         : [createNewOrder][Create Order][from shanghai to taiyuan at 1970-01-02 18:17:36]
2026-03-18 09:41:57.043  INFO 1 --- [o-12031-exec-10] order.service.OrderServiceImpl           : [create][Create Order][Ready to Create Order]
2026-03-18 09:41:57.057  INFO 1 --- [o-12031-exec-10] order.service.OrderServiceImpl           : [create][Order Create Success][Order Price][OrderId:09b0e1c7-afe5-4d9f-af38-609a692c3f45 , Price: 0.0]
2026-03-18 09:41:57.353  INFO 1 --- [io-12031-exec-9] order.controller.OrderController         : [createNewOrder][Create Order][from shanghai to taiyuan at 1970-01-02 18:17:36]
2026-03-18 09:41:57.353  INFO 1 --- [io-12031-exec-9] order.service.OrderServiceImpl           : [create][Create Order][Ready to Create Order]
2026-03-18 09:41:57.385  INFO 1 --- [io-12031-exec-9] order.service.OrderServiceImpl           : [create][Order Create Success][Order Price][OrderId:264a9b49-405c-4970-8db3-afbb68392fa7 , Price: 0.0]
2026-03-18 09:41:57.656  INFO 1 --- [io-12031-exec-1] order.controller.OrderController         : [createNewOrder][Create Order][from shanghai to taiyuan at 1970-01-02 18:17:36]
2026-03-18 09:41:57.656  INFO 1 --- [io-12031-exec-1] order.service.OrderServiceImpl           : [create][Create Order][Ready to Create Order]
2026-03-18 09:41:57.668  INFO 1 --- [io-12031-exec-1] order.service.OrderServiceImpl           : [create][Order Create Success][Order Price][OrderId:805a7d93-0c25-4281-b0a9-cefbd2ab4a85 , Price: 0.0]
2026-03-18 09:41:57.952  INFO 1 --- [io-12031-exec-3] order.controller.OrderController         : [createNewOrder][Create Order][from shanghai to taiyuan at 1970-01-02 18:17:36]
2026-03-18 09:41:57.952  INFO 1 --- [io-12031-exec-3] order.service.OrderServiceImpl           : [create][Create Order][Ready to Create Order]
2026-03-18 09:41:57.967  INFO 1 --- [io-12031-exec-3] order.service.OrderServiceImpl           : [create][Order Create Success][Order Price][OrderId:fdb5d34d-1fc7-475f-9dc4-336d36a2fabe , Price: 0.0]
2026-03-18 09:41:58.253  INFO 1 --- [io-12031-exec-2] order.controller.OrderController         : [createNewOrder][Create Order][from shanghai to taiyuan at 1970-01-02 18:17:36]
2026-03-18 09:41:58.253  INFO 1 --- [io-12031-exec-2] order.service.OrderServiceImpl           : [create][Create Order][Ready to Create Order]
2026-03-18 09:41:58.269  INFO 1 --- [io-12031-exec-2] order.service.OrderServiceImpl           : [create][Order Create Success][Order Price][OrderId:97883b58-beef-4ec4-9b5a-313e9efdc236 , Price: 0.0]
2026-03-18 09:41:58.554  INFO 1 --- [io-12031-exec-5] order.controller.OrderController         : [createNewOrder][Create Order][from shanghai to taiyuan at 1970-01-02 18:17:36]
2026-03-18 09:41:58.554  INFO 1 --- [io-12031-exec-5] order.service.OrderServiceImpl           : [create][Create Order][Ready to Create Order]
2026-03-18 09:41:58.569  INFO 1 --- [io-12031-exec-5] order.service.OrderServiceImpl           : [create][Order Create Success][Order Price][OrderId:374deb1d-5a35-439b-91ec-5bd75d6e410e , Price: 0.0]
2026-03-18 09:41:58.851  INFO 1 --- [io-12031-exec-4] order.controller.OrderController         : [createNewOrder][Create Order][from shanghai to taiyuan at 1970-01-02 18:17:36]
2026-03-18 09:41:58.852  INFO 1 --- [io-12031-exec-4] order.service.OrderServiceImpl           : [create][Create Order][Ready to Create Order]
2026-03-18 09:41:58.865  INFO 1 --- [io-12031-exec-4] order.service.OrderServiceImpl           : [create][Order Create Success][Order Price][OrderId:540bf5a0-5b7c-4688-90b1-f303508fdb04 , Price: 0.0]
2026-03-18 09:41:59.164  INFO 1 --- [io-12031-exec-6] order.controller.OrderController         : [createNewOrder][Create Order][from shanghai to taiyuan at 1970-01-02 18:17:36]
2026-03-18 09:41:59.164  INFO 1 --- [io-12031-exec-6] order.service.OrderServiceImpl           : [create][Create Order][Ready to Create Order]
2026-03-18 09:41:59.180  INFO 1 --- [io-12031-exec-6] order.service.OrderServiceImpl           : [create][Order Create Success][Order Price][OrderId:4b54151b-5ea6-4dde-bf7c-e2e9f4daffae , Price: 0.0]
2026-03-18 09:41:59.462  INFO 1 --- [io-12031-exec-7] order.controller.OrderController         : [createNewOrder][Create Order][from shanghai to taiyuan at 1970-01-02 18:17:36]
2026-03-18 09:41:59.462  INFO 1 --- [io-12031-exec-7] order.service.OrderServiceImpl           : [create][Create Order][Ready to Create Order]
2026-03-18 09:41:59.475  INFO 1 --- [io-12031-exec-7] order.service.OrderServiceImpl           : [create][Order Create Success][Order Price][OrderId:a7da7908-7fe5-4523-80c0-26bf0521e375 , Price: 0.0]
2026-03-18 09:41:59.756  INFO 1 --- [io-12031-exec-8] order.controller.OrderController         : [createNewOrder][Create Order][from shanghai to taiyuan at 1970-01-02 18:17:36]
2026-03-18 09:41:59.756  INFO 1 --- [io-12031-exec-8] order.service.OrderServiceImpl           : [create][Create Order][Ready to Create Order]
2026-03-18 09:41:59.770  INFO 1 --- [io-12031-exec-8] order.service.OrderServiceImpl           : [create][Order Create Success][Order Price][OrderId:b76f37e7-b098-4694-bb4e-0d21b2fe9413 , Price: 0.0]
2026-03-18 09:42:00.073  INFO 1 --- [o-12031-exec-10] order.controller.OrderController         : [createNewOrder][Create Order][from shanghai to taiyuan at 1970-01-02 18:17:36]
2026-03-18 09:42:00.073  INFO 1 --- [o-12031-exec-10] order.service.OrderServiceImpl           : [create][Create Order][Ready to Create Order]
2026-03-18 09:42:00.092  INFO 1 --- [o-12031-exec-10] order.service.OrderServiceImpl           : [create][Order Create Success][Order Price][OrderId:9efeae15-8878-444c-a328-d300fe047662 , Price: 0.0]
2026-03-18 09:42:00.366  INFO 1 --- [io-12031-exec-9] order.controller.OrderController         : [createNewOrder][Create Order][from shanghai to taiyuan at 1970-01-02 18:17:36]
2026-03-18 09:42:00.366  INFO 1 --- [io-12031-exec-9] order.service.OrderServiceImpl           : [create][Create Order][Ready to Create Order]
2026-03-18 09:42:00.566  INFO 1 --- [io-12031-exec-9] order.service.OrderServiceImpl           : [create][Order Create Success][Order Price][OrderId:b718f066-df89-4695-9b42-1d9e9bcd981c , Price: 0.0]
2026-03-18 09:42:00.850  INFO 1 --- [io-12031-exec-1] order.controller.OrderController         : [createNewOrder][Create Order][from shanghai to taiyuan at 1970-01-02 18:17:36]
2026-03-18 09:42:00.850  INFO 1 --- [io-12031-exec-1] order.service.OrderServiceImpl           : [create][Create Order][Ready to Create Order]
2026-03-18 09:42:00.863  INFO 1 --- [io-12031-exec-1] order.service.OrderServiceImpl           : [create][Order Create Success][Order Price][OrderId:5d2e4907-f445-4fb2-8c6e-9702403d0160 , Price: 0.0]
2026-03-18 09:42:01.143  INFO 1 --- [io-12031-exec-3] order.controller.OrderController         : [createNewOrder][Create Order][from shanghai to taiyuan at 1970-01-02 18:17:36]
2026-03-18 09:42:01.143  INFO 1 --- [io-12031-exec-3] order.service.OrderServiceImpl           : [create][Create Order][Ready to Create Order]
2026-03-18 09:42:01.159  INFO 1 --- [io-12031-exec-3] order.service.OrderServiceImpl           : [create][Order Create Success][Order Price][OrderId:a2b77fb5-5a8e-476c-8f35-9e76f4c30522 , Price: 0.0]
2026-03-18 09:42:01.436  INFO 1 --- [io-12031-exec-5] order.controller.OrderController         : [createNewOrder][Create Order][from shanghai to taiyuan at 1970-01-02 18:17:36]
2026-03-18 09:42:01.436  INFO 1 --- [io-12031-exec-5] order.service.OrderServiceImpl           : [create][Create Order][Ready to Create Order]
2026-03-18 09:42:01.450  INFO 1 --- [io-12031-exec-5] order.service.OrderServiceImpl           : [create][Order Create Success][Order Price][OrderId:f9ca15fc-a0ad-4ff3-9927-51ecdff9ac1b , Price: 0.0]
2026-03-18 09:42:01.733  INFO 1 --- [io-12031-exec-4] order.controller.OrderController         : [createNewOrder][Create Order][from shanghai to taiyuan at 1970-01-02 18:17:36]
2026-03-18 09:42:01.733  INFO 1 --- [io-12031-exec-4] order.service.OrderServiceImpl           : [create][Create Order][Ready to Create Order]
2026-03-18 09:42:01.749  INFO 1 --- [io-12031-exec-4] order.service.OrderServiceImpl           : [create][Order Create Success][Order Price][OrderId:d4009995-7d07-4a9e-afcc-424eb58eaf62 , Price: 0.0]
2026-03-18 09:42:01.979  INFO 1 --- [io-12031-exec-6] order.controller.OrderController         : [createNewOrder][Create Order][from shanghai to taiyuan at 1970-01-02 18:17:36]
2026-03-18 09:42:01.979  INFO 1 --- [io-12031-exec-6] order.service.OrderServiceImpl           : [create][Create Order][Ready to Create Order]
2026-03-18 09:42:01.992  INFO 1 --- [io-12031-exec-6] order.service.OrderServiceImpl           : [create][Order Create Success][Order Price][OrderId:aece99fe-0c5b-4bf0-9c33-5b7fde9c7967 , Price: 0.0]
2026-03-18 09:42:02.263  INFO 1 --- [io-12031-exec-7] order.controller.OrderController         : [createNewOrder][Create Order][from shanghai to taiyuan at 1970-01-02 18:17:36]
2026-03-18 09:42:02.263  INFO 1 --- [io-12031-exec-7] order.service.OrderServiceImpl           : [create][Create Order][Ready to Create Order]
2026-03-18 09:42:02.276  INFO 1 --- [io-12031-exec-7] order.service.OrderServiceImpl           : [create][Order Create Success][Order Price][OrderId:3dcaf35c-a6d4-4ef6-a75b-914ee589a2ac , Price: 0.0]
2026-03-18 09:42:02.559  INFO 1 --- [io-12031-exec-8] order.controller.OrderController         : [createNewOrder][Create Order][from shanghai to taiyuan at 1970-01-02 18:17:36]
2026-03-18 09:42:02.559  INFO 1 --- [io-12031-exec-8] order.service.OrderServiceImpl           : [create][Create Order][Ready to Create Order]
2026-03-18 09:42:02.573  INFO 1 --- [io-12031-exec-8] order.service.OrderServiceImpl           : [create][Order Create Success][Order Price][OrderId:ef304fcc-fd39-46c4-a5f6-c8a3c4b85269 , Price: 0.0]
2026-03-18 09:42:02.851  INFO 1 --- [o-12031-exec-10] order.controller.OrderController         : [createNewOrder][Create Order][from shanghai to taiyuan at 1970-01-02 18:17:36]
2026-03-18 09:42:02.852  INFO 1 --- [o-12031-exec-10] order.service.OrderServiceImpl           : [create][Create Order][Ready to Create Order]
2026-03-18 09:42:02.865  INFO 1 --- [o-12031-exec-10] order.service.OrderServiceImpl           : [create][Order Create Success][Order Price][OrderId:80624876-0ba1-4b18-b193-2efc6102b3c7 , Price: 0.0]
2026-03-18 09:42:03.150  INFO 1 --- [io-12031-exec-9] order.controller.OrderController         : [createNewOrder][Create Order][from shanghai to taiyuan at 1970-01-02 18:17:36]
2026-03-18 09:42:03.150  INFO 1 --- [io-12031-exec-9] order.service.OrderServiceImpl           : [create][Create Order][Ready to Create Order]
2026-03-18 09:42:03.165  INFO 1 --- [io-12031-exec-9] order.service.OrderServiceImpl           : [create][Order Create Success][Order Price][OrderId:815291c5-b6f7-4bf7-a98b-5ea616855a02 , Price: 0.0]
2026-03-18 09:42:03.444  INFO 1 --- [io-12031-exec-1] order.controller.OrderController         : [createNewOrder][Create Order][from shanghai to taiyuan at 1970-01-02 18:17:36]
2026-03-18 09:42:03.444  INFO 1 --- [io-12031-exec-1] order.service.OrderServiceImpl           : [create][Create Order][Ready to Create Order]
2026-03-18 09:42:03.479  INFO 1 --- [io-12031-exec-1] order.service.OrderServiceImpl           : [create][Order Create Success][Order Price][OrderId:0526298a-6461-4de5-ab22-9a6da9696291 , Price: 0.0]
2026-03-18 09:42:03.762  INFO 1 --- [io-12031-exec-3] order.controller.OrderController         : [createNewOrder][Create Order][from shanghai to taiyuan at 1970-01-02 18:17:36]
2026-03-18 09:42:03.762  INFO 1 --- [io-12031-exec-3] order.service.OrderServiceImpl           : [create][Create Order][Ready to Create Order]
2026-03-18 09:42:03.775  INFO 1 --- [io-12031-exec-3] order.service.OrderServiceImpl           : [create][Order Create Success][Order Price][OrderId:b93da7fd-94cf-443a-82ef-99888de34d36 , Price: 0.0]
2026-03-18 09:42:04.050  INFO 1 --- [io-12031-exec-2] order.controller.OrderController         : [createNewOrder][Create Order][from shanghai to taiyuan at 1970-01-02 18:17:36]
2026-03-18 09:42:04.051  INFO 1 --- [io-12031-exec-2] order.service.OrderServiceImpl           : [create][Create Order][Ready to Create Order]
2026-03-18 09:42:04.064  INFO 1 --- [io-12031-exec-2] order.service.OrderServiceImpl           : [create][Order Create Success][Order Price][OrderId:83a4ad13-10ea-482b-bd35-0bc9d22551fb , Price: 0.0]
2026-03-18 09:42:04.346  INFO 1 --- [io-12031-exec-5] order.controller.OrderController         : [createNewOrder][Create Order][from shanghai to taiyuan at 1970-01-02 18:17:36]
2026-03-18 09:42:04.346  INFO 1 --- [io-12031-exec-5] order.service.OrderServiceImpl           : [create][Create Order][Ready to Create Order]
2026-03-18 09:42:04.359  INFO 1 --- [io-12031-exec-5] order.service.OrderServiceImpl           : [create][Order Create Success][Order Price][OrderId:c11e870a-f4b6-436b-a653-3679b3a8fe87 , Price: 0.0]
2026-03-18 09:42:04.636  INFO 1 --- [io-12031-exec-4] order.controller.OrderController         : [createNewOrder][Create Order][from shanghai to taiyuan at 1970-01-02 18:17:36]
2026-03-18 09:42:04.636  INFO 1 --- [io-12031-exec-4] order.service.OrderServiceImpl           : [create][Create Order][Ready to Create Order]
2026-03-18 09:42:04.650  INFO 1 --- [io-12031-exec-4] order.service.OrderServiceImpl           : [create][Order Create Success][Order Price][OrderId:4119300d-e514-4959-8d53-4c60054ec6aa , Price: 0.0]
2026-03-18 09:42:04.880  INFO 1 --- [io-12031-exec-6] order.controller.OrderController         : [createNewOrder][Create Order][from shanghai to taiyuan at 1970-01-02 18:17:36]
2026-03-18 09:42:04.880  INFO 1 --- [io-12031-exec-6] order.service.OrderServiceImpl           : [create][Create Order][Ready to Create Order]
2026-03-18 09:42:04.893  INFO 1 --- [io-12031-exec-6] order.service.OrderServiceImpl           : [create][Order Create Success][Order Price][OrderId:7642bb2e-a51f-4687-a1dd-cb258506b31f , Price: 0.0]
2026-03-18 09:42:05.162  INFO 1 --- [io-12031-exec-7] order.controller.OrderController         : [createNewOrder][Create Order][from shanghai to taiyuan at 1970-01-02 18:17:36]
2026-03-18 09:42:05.162  INFO 1 --- [io-12031-exec-7] order.service.OrderServiceImpl           : [create][Create Order][Ready to Create Order]
2026-03-18 09:42:05.178  INFO 1 --- [io-12031-exec-7] order.service.OrderServiceImpl           : [create][Order Create Success][Order Price][OrderId:91cafce4-3fe1-4c7d-a5c1-0c5542624219 , Price: 0.0]
2026-03-18 09:42:05.454  INFO 1 --- [io-12031-exec-8] order.controller.OrderController         : [createNewOrder][Create Order][from shanghai to taiyuan at 1970-01-02 18:17:36]
2026-03-18 09:42:05.454  INFO 1 --- [io-12031-exec-8] order.service.OrderServiceImpl           : [create][Create Order][Ready to Create Order]
2026-03-18 09:42:05.468  INFO 1 --- [io-12031-exec-8] order.service.OrderServiceImpl           : [create][Order Create Success][Order Price][OrderId:f8444bea-2411-456f-bcf6-0206a7910d1c , Price: 0.0]
2026-03-18 09:42:05.876  INFO 1 --- [o-12031-exec-10] order.controller.OrderController         : [createNewOrder][Create Order][from shanghai to taiyuan at 1970-01-02 18:17:36]
2026-03-18 09:42:05.876  INFO 1 --- [o-12031-exec-10] order.service.OrderServiceImpl           : [create][Create Order][Ready to Create Order]
2026-03-18 09:42:05.966  INFO 1 --- [o-12031-exec-10] order.service.OrderServiceImpl           : [create][Order Create Success][Order Price][OrderId:c4eae113-fcac-4e1b-8a42-c13f63df7ea2 , Price: 0.0]
2026-03-18 09:42:06.285  INFO 1 --- [io-12031-exec-9] order.controller.OrderController         : [createNewOrder][Create Order][from shanghai to taiyuan at 1970-01-02 18:17:36]
2026-03-18 09:42:06.285  INFO 1 --- [io-12031-exec-9] order.service.OrderServiceImpl           : [create][Create Order][Ready to Create Order]
2026-03-18 09:42:06.300  INFO 1 --- [io-12031-exec-9] order.service.OrderServiceImpl           : [create][Order Create Success][Order Price][OrderId:4ecb16b5-c3ef-4601-b8af-fbaf54ee3189 , Price: 0.0]
2026-03-18 09:42:06.562  INFO 1 --- [io-12031-exec-1] order.controller.OrderController         : [createNewOrder][Create Order][from shanghai to taiyuan at 1970-01-02 18:17:36]
2026-03-18 09:42:06.562  INFO 1 --- [io-12031-exec-1] order.service.OrderServiceImpl           : [create][Create Order][Ready to Create Order]
2026-03-18 09:42:06.686  INFO 1 --- [io-12031-exec-1] order.service.OrderServiceImpl           : [create][Order Create Success][Order Price][OrderId:5cb9ff31-fb28-4aef-a182-f15f4d913ab6 , Price: 0.0]
2026-03-18 09:42:06.959  INFO 1 --- [io-12031-exec-3] order.controller.OrderController         : [createNewOrder][Create Order][from shanghai to taiyuan at 1970-01-02 18:17:36]
2026-03-18 09:42:06.959  INFO 1 --- [io-12031-exec-3] order.service.OrderServiceImpl           : [create][Create Order][Ready to Create Order]
2026-03-18 09:42:06.973  INFO 1 --- [io-12031-exec-3] order.service.OrderServiceImpl           : [create][Order Create Success][Order Price][OrderId:a2c27d65-c593-4e4a-856b-566a67ef0a10 , Price: 0.0]
2026-03-18 09:42:07.258  INFO 1 --- [io-12031-exec-2] order.controller.OrderController         : [createNewOrder][Create Order][from shanghai to taiyuan at 1970-01-02 18:17:36]
2026-03-18 09:42:07.258  INFO 1 --- [io-12031-exec-2] order.service.OrderServiceImpl           : [create][Create Order][Ready to Create Order]
2026-03-18 09:42:07.273  INFO 1 --- [io-12031-exec-2] order.service.OrderServiceImpl           : [create][Order Create Success][Order Price][OrderId:c209d22c-9a65-4658-903d-27dbf50a0d1d , Price: 0.0]
2026-03-18 09:42:07.564  INFO 1 --- [io-12031-exec-5] order.controller.OrderController         : [createNewOrder][Create Order][from shanghai to taiyuan at 1970-01-02 18:17:36]
2026-03-18 09:42:07.564  INFO 1 --- [io-12031-exec-5] order.service.OrderServiceImpl           : [create][Create Order][Ready to Create Order]
2026-03-18 09:42:07.578  INFO 1 --- [io-12031-exec-5] order.service.OrderServiceImpl           : [create][Order Create Success][Order Price][OrderId:4611a38d-b7a5-45b5-a413-e9a156932b6a , Price: 0.0]
2026-03-18 09:42:07.862  INFO 1 --- [io-12031-exec-4] order.controller.OrderController         : [createNewOrder][Create Order][from shanghai to taiyuan at 1970-01-02 18:17:36]
2026-03-18 09:42:07.863  INFO 1 --- [io-12031-exec-4] order.service.OrderServiceImpl           : [create][Create Order][Ready to Create Order]
2026-03-18 09:42:07.877  INFO 1 --- [io-12031-exec-4] order.service.OrderServiceImpl           : [create][Order Create Success][Order Price][OrderId:c3cca6e1-e7d8-4cdb-b1e3-ad73fd6394f7 , Price: 0.0]
2026-03-18 09:42:08.155  INFO 1 --- [io-12031-exec-6] order.controller.OrderController         : [createNewOrder][Create Order][from shanghai to taiyuan at 1970-01-02 18:17:36]
2026-03-18 09:42:08.155  INFO 1 --- [io-12031-exec-6] order.service.OrderServiceImpl           : [create][Create Order][Ready to Create Order]
2026-03-18 09:42:08.170  INFO 1 --- [io-12031-exec-6] order.service.OrderServiceImpl           : [create][Order Create Success][Order Price][OrderId:f17bfe16-b28a-4bac-a414-1de92b11894a , Price: 0.0]
2026-03-18 09:42:08.456  INFO 1 --- [io-12031-exec-7] order.controller.OrderController         : [createNewOrder][Create Order][from shanghai to taiyuan at 1970-01-02 18:17:36]
2026-03-18 09:42:08.456  INFO 1 --- [io-12031-exec-7] order.service.OrderServiceImpl           : [create][Create Order][Ready to Create Order]
2026-03-18 09:42:08.471  INFO 1 --- [io-12031-exec-7] order.service.OrderServiceImpl           : [create][Order Create Success][Order Price][OrderId:fc4f1bb6-a4c1-4645-901b-aed04814adb7 , Price: 0.0]
2026-03-18 09:42:08.749  INFO 1 --- [io-12031-exec-8] order.controller.OrderController         : [createNewOrder][Create Order][from shanghai to taiyuan at 1970-01-02 18:17:36]
2026-03-18 09:42:08.749  INFO 1 --- [io-12031-exec-8] order.service.OrderServiceImpl           : [create][Create Order][Ready to Create Order]
2026-03-18 09:42:08.765  INFO 1 --- [io-12031-exec-8] order.service.OrderServiceImpl           : [create][Order Create Success][Order Price][OrderId:7de327bd-ac11-46dc-8408-d7d1d8a560c0 , Price: 0.0]
2026-03-18 09:42:09.140  INFO 1 --- [o-12031-exec-10] order.controller.OrderController         : [createNewOrder][Create Order][from shanghai to taiyuan at 1970-01-02 18:17:36]
2026-03-18 09:42:09.140  INFO 1 --- [o-12031-exec-10] order.service.OrderServiceImpl           : [create][Create Order][Ready to Create Order]
2026-03-18 09:42:09.170  INFO 1 --- [o-12031-exec-10] order.service.OrderServiceImpl           : [create][Order Create Success][Order Price][OrderId:f476162a-404d-44e5-9ea9-7ba6d9caf44d , Price: 0.0]
2026-03-18 09:42:09.455  INFO 1 --- [io-12031-exec-9] order.controller.OrderController         : [createNewOrder][Create Order][from shanghai to taiyuan at 1970-01-02 18:17:36]
2026-03-18 09:42:09.455  INFO 1 --- [io-12031-exec-9] order.service.OrderServiceImpl           : [create][Create Order][Ready to Create Order]
2026-03-18 09:42:09.480  INFO 1 --- [io-12031-exec-9] order.service.OrderServiceImpl           : [create][Order Create Success][Order Price][OrderId:353f733b-098f-40b0-9498-30d658a04a56 , Price: 0.0]
2026-03-18 09:42:09.757  INFO 1 --- [io-12031-exec-1] order.controller.OrderController         : [createNewOrder][Create Order][from shanghai to taiyuan at 1970-01-02 18:17:36]
2026-03-18 09:42:09.758  INFO 1 --- [io-12031-exec-1] order.service.OrderServiceImpl           : [create][Create Order][Ready to Create Order]
2026-03-18 09:42:09.772  INFO 1 --- [io-12031-exec-1] order.service.OrderServiceImpl           : [create][Order Create Success][Order Price][OrderId:854615a0-6fe2-4361-8450-d10b46d49a59 , Price: 0.0]
2026-03-18 09:42:10.054  INFO 1 --- [io-12031-exec-3] order.controller.OrderController         : [createNewOrder][Create Order][from shanghai to taiyuan at 1970-01-02 18:17:36]
2026-03-18 09:42:10.054  INFO 1 --- [io-12031-exec-3] order.service.OrderServiceImpl           : [create][Create Order][Ready to Create Order]
2026-03-18 09:42:10.069  INFO 1 --- [io-12031-exec-3] order.service.OrderServiceImpl           : [create][Order Create Success][Order Price][OrderId:0400f969-f2c3-46e1-9622-0e320ddacb8c , Price: 0.0]
2026-03-18 09:42:10.351  INFO 1 --- [io-12031-exec-2] order.controller.OrderController         : [createNewOrder][Create Order][from shanghai to taiyuan at 1970-01-02 18:17:36]
2026-03-18 09:42:10.351  INFO 1 --- [io-12031-exec-2] order.service.OrderServiceImpl           : [create][Create Order][Ready to Create Order]
2026-03-18 09:42:10.364  INFO 1 --- [io-12031-exec-2] order.service.OrderServiceImpl           : [create][Order Create Success][Order Price][OrderId:df36ada6-f7f9-4aa7-8a6e-63cdaee81835 , Price: 0.0]
2026-03-18 09:42:10.758  INFO 1 --- [io-12031-exec-5] order.controller.OrderController         : [createNewOrder][Create Order][from shanghai to taiyuan at 1970-01-02 18:17:36]
2026-03-18 09:42:10.758  INFO 1 --- [io-12031-exec-5] order.service.OrderServiceImpl           : [create][Create Order][Ready to Create Order]
2026-03-18 09:42:10.772  INFO 1 --- [io-12031-exec-5] order.service.OrderServiceImpl           : [create][Order Create Success][Order Price][OrderId:eb0a915a-4176-4e4f-a83a-378c828600cb , Price: 0.0]
2026-03-18 09:42:11.063  INFO 1 --- [io-12031-exec-4] order.controller.OrderController         : [createNewOrder][Create Order][from shanghai to taiyuan at 1970-01-02 18:17:36]
2026-03-18 09:42:11.063  INFO 1 --- [io-12031-exec-4] order.service.OrderServiceImpl           : [create][Create Order][Ready to Create Order]
2026-03-18 09:42:11.077  INFO 1 --- [io-12031-exec-4] order.service.OrderServiceImpl           : [create][Order Create Success][Order Price][OrderId:a92e064f-8a8b-4825-af2d-46b66a335f2b , Price: 0.0]
2026-03-18 09:42:11.365  INFO 1 --- [io-12031-exec-7] order.controller.OrderController         : [createNewOrder][Create Order][from shanghai to taiyuan at 1970-01-02 18:17:36]
2026-03-18 09:42:11.365  INFO 1 --- [io-12031-exec-7] order.service.OrderServiceImpl           : [create][Create Order][Ready to Create Order]
2026-03-18 09:42:11.381  INFO 1 --- [io-12031-exec-7] order.service.OrderServiceImpl           : [create][Order Create Success][Order Price][OrderId:26e9ec45-bb72-423f-9262-e2f7bb816a2e , Price: 0.0]
2026-03-18 09:42:11.662  INFO 1 --- [io-12031-exec-8] order.controller.OrderController         : [createNewOrder][Create Order][from shanghai to taiyuan at 1970-01-02 18:17:36]
2026-03-18 09:42:11.662  INFO 1 --- [io-12031-exec-8] order.service.OrderServiceImpl           : [create][Create Order][Ready to Create Order]
2026-03-18 09:42:11.676  INFO 1 --- [io-12031-exec-8] order.service.OrderServiceImpl           : [create][Order Create Success][Order Price][OrderId:ad03008d-ef29-42f4-a374-2aab8cefaf1a , Price: 0.0]
2026-03-18 09:42:11.953  INFO 1 --- [o-12031-exec-10] order.controller.OrderController         : [createNewOrder][Create Order][from shanghai to taiyuan at 1970-01-02 18:17:36]
2026-03-18 09:42:11.953  INFO 1 --- [o-12031-exec-10] order.service.OrderServiceImpl           : [create][Create Order][Ready to Create Order]
2026-03-18 09:42:11.967  INFO 1 --- [o-12031-exec-10] order.service.OrderServiceImpl           : [create][Order Create Success][Order Price][OrderId:0445d200-794a-4191-861f-7b88ebbcd85a , Price: 0.0]
2026-03-18 09:42:12.258  INFO 1 --- [io-12031-exec-9] order.controller.OrderController         : [createNewOrder][Create Order][from shanghai to taiyuan at 1970-01-02 18:17:36]
2026-03-18 09:42:12.258  INFO 1 --- [io-12031-exec-9] order.service.OrderServiceImpl           : [create][Create Order][Ready to Create Order]
2026-03-18 09:42:12.273  INFO 1 --- [io-12031-exec-9] order.service.OrderServiceImpl           : [create][Order Create Success][Order Price][OrderId:7a6da4ca-f6aa-48e1-bfe7-1adb1b7fb001 , Price: 0.0]
2026-03-18 09:42:12.558  INFO 1 --- [io-12031-exec-1] order.controller.OrderController         : [createNewOrder][Create Order][from shanghai to taiyuan at 1970-01-02 18:17:36]
2026-03-18 09:42:12.558  INFO 1 --- [io-12031-exec-1] order.service.OrderServiceImpl           : [create][Create Order][Ready to Create Order]
2026-03-18 09:42:12.581  INFO 1 --- [io-12031-exec-1] order.service.OrderServiceImpl           : [create][Order Create Success][Order Price][OrderId:372ec8c4-76bf-49a1-81ed-fb458ae10b4c , Price: 0.0]
2026-03-18 09:42:12.867  INFO 1 --- [io-12031-exec-3] order.controller.OrderController         : [createNewOrder][Create Order][from shanghai to taiyuan at 1970-01-02 18:17:36]
2026-03-18 09:42:12.867  INFO 1 --- [io-12031-exec-3] order.service.OrderServiceImpl           : [create][Create Order][Ready to Create Order]
2026-03-18 09:42:12.882  INFO 1 --- [io-12031-exec-3] order.service.OrderServiceImpl           : [create][Order Create Success][Order Price][OrderId:f7d28a86-6a91-4334-ae45-865440cbad65 , Price: 0.0]
2026-03-18 09:42:13.159  INFO 1 --- [io-12031-exec-2] order.controller.OrderController         : [createNewOrder][Create Order][from shanghai to taiyuan at 1970-01-02 18:17:36]
2026-03-18 09:42:13.159  INFO 1 --- [io-12031-exec-2] order.service.OrderServiceImpl           : [create][Create Order][Ready to Create Order]
2026-03-18 09:42:13.174  INFO 1 --- [io-12031-exec-2] order.service.OrderServiceImpl           : [create][Order Create Success][Order Price][OrderId:7a39a31c-0537-4f7c-ac11-d5b11c9f4762 , Price: 0.0]
2026-03-18 09:42:13.466  INFO 1 --- [io-12031-exec-5] order.controller.OrderController         : [createNewOrder][Create Order][from shanghai to taiyuan at 1970-01-02 18:17:36]
2026-03-18 09:42:13.466  INFO 1 --- [io-12031-exec-5] order.service.OrderServiceImpl           : [create][Create Order][Ready to Create Order]
2026-03-18 09:42:13.480  INFO 1 --- [io-12031-exec-5] order.service.OrderServiceImpl           : [create][Order Create Success][Order Price][OrderId:85fe9ed8-2c6d-4cdf-aeb9-fa830367b6a7 , Price: 0.0]
2026-03-18 09:42:13.761  INFO 1 --- [io-12031-exec-4] order.controller.OrderController         : [createNewOrder][Create Order][from shanghai to taiyuan at 1970-01-02 18:17:36]
2026-03-18 09:42:13.761  INFO 1 --- [io-12031-exec-4] order.service.OrderServiceImpl           : [create][Create Order][Ready to Create Order]
2026-03-18 09:42:13.777  INFO 1 --- [io-12031-exec-4] order.service.OrderServiceImpl           : [create][Order Create Success][Order Price][OrderId:f4dbddc1-6926-44bf-a0bf-54f308558c8f , Price: 0.0]
2026-03-18 09:42:14.053  INFO 1 --- [io-12031-exec-6] order.controller.OrderController         : [createNewOrder][Create Order][from shanghai to taiyuan at 1970-01-02 18:17:36]
2026-03-18 09:42:14.053  INFO 1 --- [io-12031-exec-6] order.service.OrderServiceImpl           : [create][Create Order][Ready to Create Order]
2026-03-18 09:42:14.068  INFO 1 --- [io-12031-exec-6] order.service.OrderServiceImpl           : [create][Order Create Success][Order Price][OrderId:dde9ee76-d1a1-42d0-8608-adb49c81744c , Price: 0.0]
2026-03-18 09:42:14.369  INFO 1 --- [io-12031-exec-7] order.controller.OrderController         : [createNewOrder][Create Order][from shanghai to taiyuan at 1970-01-02 18:17:36]
2026-03-18 09:42:14.369  INFO 1 --- [io-12031-exec-7] order.service.OrderServiceImpl           : [create][Create Order][Ready to Create Order]
2026-03-18 09:42:14.467  INFO 1 --- [io-12031-exec-7] order.service.OrderServiceImpl           : [create][Order Create Success][Order Price][OrderId:ca1c37cc-25d7-4c30-9049-f115ec4175d0 , Price: 0.0]
2026-03-18 09:42:14.745  INFO 1 --- [io-12031-exec-8] order.controller.OrderController         : [createNewOrder][Create Order][from shanghai to taiyuan at 1970-01-02 18:17:36]
2026-03-18 09:42:14.745  INFO 1 --- [io-12031-exec-8] order.service.OrderServiceImpl           : [create][Create Order][Ready to Create Order]
2026-03-18 09:42:14.777  INFO 1 --- [io-12031-exec-8] order.service.OrderServiceImpl           : [create][Order Create Success][Order Price][OrderId:cf13f56d-502c-43b2-bec8-38433489a27a , Price: 0.0]
2026-03-18 09:42:15.051  INFO 1 --- [o-12031-exec-10] order.controller.OrderController         : [createNewOrder][Create Order][from shanghai to taiyuan at 1970-01-02 18:17:36]
2026-03-18 09:42:15.051  INFO 1 --- [o-12031-exec-10] order.service.OrderServiceImpl           : [create][Create Order][Ready to Create Order]
2026-03-18 09:42:15.064  INFO 1 --- [o-12031-exec-10] order.service.OrderServiceImpl           : [create][Order Create Success][Order Price][OrderId:19e4128a-53fa-475d-a62a-7f2574a1db8c , Price: 0.0]
2026-03-18 09:42:15.344  INFO 1 --- [io-12031-exec-9] order.controller.OrderController         : [createNewOrder][Create Order][from shanghai to taiyuan at 1970-01-02 18:17:36]
2026-03-18 09:42:15.344  INFO 1 --- [io-12031-exec-9] order.service.OrderServiceImpl           : [create][Create Order][Ready to Create Order]
2026-03-18 09:42:15.467  INFO 1 --- [io-12031-exec-9] order.service.OrderServiceImpl           : [create][Order Create Success][Order Price][OrderId:caecc6fc-9158-47fd-b843-67ccf17d2a2f , Price: 0.0]
2026-03-18 09:42:15.753  INFO 1 --- [io-12031-exec-1] order.controller.OrderController         : [createNewOrder][Create Order][from shanghai to taiyuan at 1970-01-02 18:17:36]
2026-03-18 09:42:15.753  INFO 1 --- [io-12031-exec-1] order.service.OrderServiceImpl           : [create][Create Order][Ready to Create Order]
2026-03-18 09:42:15.767  INFO 1 --- [io-12031-exec-1] order.service.OrderServiceImpl           : [create][Order Create Success][Order Price][OrderId:e03bae1a-6722-4862-a04c-2b69508e9dbd , Price: 0.0]
2026-03-18 09:42:16.055  INFO 1 --- [io-12031-exec-3] order.controller.OrderController         : [createNewOrder][Create Order][from shanghai to taiyuan at 1970-01-02 18:17:36]
2026-03-18 09:42:16.055  INFO 1 --- [io-12031-exec-3] order.service.OrderServiceImpl           : [create][Create Order][Ready to Create Order]
2026-03-18 09:42:16.069  INFO 1 --- [io-12031-exec-3] order.service.OrderServiceImpl           : [create][Order Create Success][Order Price][OrderId:dd7dfb80-3e86-4bfe-89c3-a81b72d46567 , Price: 0.0]
2026-03-18 09:42:16.341  INFO 1 --- [io-12031-exec-2] order.controller.OrderController         : [createNewOrder][Create Order][from shanghai to taiyuan at 1970-01-02 18:17:36]
2026-03-18 09:42:16.341  INFO 1 --- [io-12031-exec-2] order.service.OrderServiceImpl           : [create][Create Order][Ready to Create Order]
2026-03-18 09:42:16.356  INFO 1 --- [io-12031-exec-2] order.service.OrderServiceImpl           : [create][Order Create Success][Order Price][OrderId:f0b46f4a-0db2-4032-ba84-937cd5665000 , Price: 0.0]
2026-03-18 09:42:16.636  INFO 1 --- [io-12031-exec-5] order.controller.OrderController         : [createNewOrder][Create Order][from shanghai to taiyuan at 1970-01-02 18:17:36]
2026-03-18 09:42:16.636  INFO 1 --- [io-12031-exec-5] order.service.OrderServiceImpl           : [create][Create Order][Ready to Create Order]
2026-03-18 09:42:16.653  INFO 1 --- [io-12031-exec-5] order.service.OrderServiceImpl           : [create][Order Create Success][Order Price][OrderId:c9159823-b8b6-4b3d-aba9-c1a91b6cd6f6 , Price: 0.0]
2026-03-18 09:42:16.877  INFO 1 --- [io-12031-exec-4] order.controller.OrderController         : [createNewOrder][Create Order][from shanghai to taiyuan at 1970-01-02 18:17:36]
2026-03-18 09:42:16.877  INFO 1 --- [io-12031-exec-4] order.service.OrderServiceImpl           : [create][Create Order][Ready to Create Order]
2026-03-18 09:42:16.894  INFO 1 --- [io-12031-exec-4] order.service.OrderServiceImpl           : [create][Order Create Success][Order Price][OrderId:9b3d6045-f0f0-4a66-92db-b869a6987631 , Price: 0.0]
2026-03-18 09:42:17.165  INFO 1 --- [io-12031-exec-6] order.controller.OrderController         : [createNewOrder][Create Order][from shanghai to taiyuan at 1970-01-02 18:17:36]
2026-03-18 09:42:17.166  INFO 1 --- [io-12031-exec-6] order.service.OrderServiceImpl           : [create][Create Order][Ready to Create Order]
2026-03-18 09:42:17.180  INFO 1 --- [io-12031-exec-6] order.service.OrderServiceImpl           : [create][Order Create Success][Order Price][OrderId:2175e25a-8242-40a7-9c38-531194831eab , Price: 0.0]
2026-03-18 09:42:17.553  INFO 1 --- [io-12031-exec-7] order.controller.OrderController         : [createNewOrder][Create Order][from shanghai to taiyuan at 1970-01-02 18:17:36]
2026-03-18 09:42:17.553  INFO 1 --- [io-12031-exec-7] order.service.OrderServiceImpl           : [create][Create Order][Ready to Create Order]
2026-03-18 09:42:17.567  INFO 1 --- [io-12031-exec-7] order.service.OrderServiceImpl           : [create][Order Create Success][Order Price][OrderId:e01bc895-c525-4ab9-bafa-39b0e6d1cad7 , Price: 0.0]
2026-03-18 09:42:17.849  INFO 1 --- [io-12031-exec-8] order.controller.OrderController         : [createNewOrder][Create Order][from shanghai to taiyuan at 1970-01-02 18:17:36]
2026-03-18 09:42:17.849  INFO 1 --- [io-12031-exec-8] order.service.OrderServiceImpl           : [create][Create Order][Ready to Create Order]
2026-03-18 09:42:17.864  INFO 1 --- [io-12031-exec-8] order.service.OrderServiceImpl           : [create][Order Create Success][Order Price][OrderId:825bcfc2-f885-4fc3-8eb1-6a1a977e6b5d , Price: 0.0]
2026-03-18 09:42:18.142  INFO 1 --- [o-12031-exec-10] order.controller.OrderController         : [createNewOrder][Create Order][from shanghai to taiyuan at 1970-01-02 18:17:36]
2026-03-18 09:42:18.142  INFO 1 --- [o-12031-exec-10] order.service.OrderServiceImpl           : [create][Create Order][Ready to Create Order]
2026-03-18 09:42:18.158  INFO 1 --- [o-12031-exec-10] order.service.OrderServiceImpl           : [create][Order Create Success][Order Price][OrderId:357217ee-053b-48c3-bedf-fb8767998b40 , Price: 0.0]
2026-03-18 09:42:18.440  INFO 1 --- [io-12031-exec-9] order.controller.OrderController         : [createNewOrder][Create Order][from shanghai to taiyuan at 1970-01-02 18:17:36]
2026-03-18 09:42:18.440  INFO 1 --- [io-12031-exec-9] order.service.OrderServiceImpl           : [create][Create Order][Ready to Create Order]
2026-03-18 09:42:18.480  INFO 1 --- [io-12031-exec-9] order.service.OrderServiceImpl           : [create][Order Create Success][Order Price][OrderId:9f2e1e77-cdd6-4198-8439-1ba275aaa4e5 , Price: 0.0]
2026-03-18 09:42:18.764  INFO 1 --- [io-12031-exec-1] order.controller.OrderController         : [createNewOrder][Create Order][from shanghai to taiyuan at 1970-01-02 18:17:36]
2026-03-18 09:42:18.764  INFO 1 --- [io-12031-exec-1] order.service.OrderServiceImpl           : [create][Create Order][Ready to Create Order]
2026-03-18 09:42:18.778  INFO 1 --- [io-12031-exec-1] order.service.OrderServiceImpl           : [create][Order Create Success][Order Price][OrderId:a4bf12ce-cc2f-4b91-a5a9-2cc1b8bfe56e , Price: 0.0]
2026-03-18 09:42:19.059  INFO 1 --- [io-12031-exec-3] order.controller.OrderController         : [createNewOrder][Create Order][from shanghai to taiyuan at 1970-01-02 18:17:36]
2026-03-18 09:42:19.059  INFO 1 --- [io-12031-exec-3] order.service.OrderServiceImpl           : [create][Create Order][Ready to Create Order]
2026-03-18 09:42:19.073  INFO 1 --- [io-12031-exec-3] order.service.OrderServiceImpl           : [create][Order Create Success][Order Price][OrderId:dd4abb5e-12fc-40f2-95a3-0cf21620185a , Price: 0.0]
2026-03-18 09:42:19.347  INFO 1 --- [io-12031-exec-2] order.controller.OrderController         : [createNewOrder][Create Order][from shanghai to taiyuan at 1970-01-02 18:17:36]
2026-03-18 09:42:19.347  INFO 1 --- [io-12031-exec-2] order.service.OrderServiceImpl           : [create][Create Order][Ready to Create Order]
2026-03-18 09:42:19.361  INFO 1 --- [io-12031-exec-2] order.service.OrderServiceImpl           : [create][Order Create Success][Order Price][OrderId:c01c75d8-224c-43f6-84c1-45a48d69d0fb , Price: 0.0]
2026-03-18 09:42:19.633  INFO 1 --- [io-12031-exec-5] order.controller.OrderController         : [createNewOrder][Create Order][from shanghai to taiyuan at 1970-01-02 18:17:36]
2026-03-18 09:42:19.633  INFO 1 --- [io-12031-exec-5] order.service.OrderServiceImpl           : [create][Create Order][Ready to Create Order]
2026-03-18 09:42:19.648  INFO 1 --- [io-12031-exec-5] order.service.OrderServiceImpl           : [create][Order Create Success][Order Price][OrderId:7f507514-8090-417b-8614-c626c37aa228 , Price: 0.0]
2026-03-18 09:42:19.935  INFO 1 --- [io-12031-exec-4] order.controller.OrderController         : [createNewOrder][Create Order][from shanghai to taiyuan at 1970-01-02 18:17:36]
2026-03-18 09:42:19.935  INFO 1 --- [io-12031-exec-4] order.service.OrderServiceImpl           : [create][Create Order][Ready to Create Order]
2026-03-18 09:42:19.950  INFO 1 --- [io-12031-exec-4] order.service.OrderServiceImpl           : [create][Order Create Success][Order Price][OrderId:dd62fa08-5680-4258-bdfa-2ec3b965f76c , Price: 0.0]
2026-03-18 09:42:20.234  INFO 1 --- [io-12031-exec-6] order.controller.OrderController         : [createNewOrder][Create Order][from shanghai to taiyuan at 1970-01-02 18:17:36]
2026-03-18 09:42:20.234  INFO 1 --- [io-12031-exec-6] order.service.OrderServiceImpl           : [create][Create Order][Ready to Create Order]
2026-03-18 09:42:20.249  INFO 1 --- [io-12031-exec-6] order.service.OrderServiceImpl           : [create][Order Create Success][Order Price][OrderId:dda67fbc-6e38-4a76-ba82-a0ec833cf7d3 , Price: 0.0]
2026-03-18 09:42:20.481  INFO 1 --- [io-12031-exec-7] order.controller.OrderController         : [createNewOrder][Create Order][from shanghai to taiyuan at 1970-01-02 18:17:36]
2026-03-18 09:42:20.481  INFO 1 --- [io-12031-exec-7] order.service.OrderServiceImpl           : [create][Create Order][Ready to Create Order]
2026-03-18 09:42:20.495  INFO 1 --- [io-12031-exec-7] order.service.OrderServiceImpl           : [create][Order Create Success][Order Price][OrderId:15f5d79a-dca9-4c74-bf77-7a1f1230660c , Price: 0.0]
2026-03-18 09:42:20.762  INFO 1 --- [io-12031-exec-8] order.controller.OrderController         : [createNewOrder][Create Order][from shanghai to taiyuan at 1970-01-02 18:17:36]
2026-03-18 09:42:20.762  INFO 1 --- [io-12031-exec-8] order.service.OrderServiceImpl           : [create][Create Order][Ready to Create Order]
2026-03-18 09:42:20.777  INFO 1 --- [io-12031-exec-8] order.service.OrderServiceImpl           : [create][Order Create Success][Order Price][OrderId:037247a4-7366-41dd-9f51-478f003db7c0 , Price: 0.0]
2026-03-18 09:42:21.056  INFO 1 --- [o-12031-exec-10] order.controller.OrderController         : [createNewOrder][Create Order][from shanghai to taiyuan at 1970-01-02 18:17:36]
2026-03-18 09:42:21.056  INFO 1 --- [o-12031-exec-10] order.service.OrderServiceImpl           : [create][Create Order][Ready to Create Order]
2026-03-18 09:42:21.081  INFO 1 --- [o-12031-exec-10] order.service.OrderServiceImpl           : [create][Order Create Success][Order Price][OrderId:7afce96f-e65a-4d73-b5db-3d76f49a1ab7 , Price: 0.0]
2026-03-18 09:42:21.361  INFO 1 --- [io-12031-exec-1] order.controller.OrderController         : [createNewOrder][Create Order][from shanghai to taiyuan at 1970-01-02 18:17:36]
2026-03-18 09:42:21.361  INFO 1 --- [io-12031-exec-1] order.service.OrderServiceImpl           : [create][Create Order][Ready to Create Order]
2026-03-18 09:42:21.376  INFO 1 --- [io-12031-exec-1] order.service.OrderServiceImpl           : [create][Order Create Success][Order Price][OrderId:8b38bff5-c211-496d-8c50-8cde166efc13 , Price: 0.0]
2026-03-18 09:42:21.661  INFO 1 --- [io-12031-exec-3] order.controller.OrderController         : [createNewOrder][Create Order][from shanghai to taiyuan at 1970-01-02 18:17:36]
2026-03-18 09:42:21.661  INFO 1 --- [io-12031-exec-3] order.service.OrderServiceImpl           : [create][Create Order][Ready to Create Order]
2026-03-18 09:42:21.676  INFO 1 --- [io-12031-exec-3] order.service.OrderServiceImpl           : [create][Order Create Success][Order Price][OrderId:560f3604-d8cf-45ef-8341-8314fe33510c , Price: 0.0]
2026-03-18 09:42:21.951  INFO 1 --- [io-12031-exec-2] order.controller.OrderController         : [createNewOrder][Create Order][from shanghai to taiyuan at 1970-01-02 18:17:36]
2026-03-18 09:42:21.951  INFO 1 --- [io-12031-exec-2] order.service.OrderServiceImpl           : [create][Create Order][Ready to Create Order]
2026-03-18 09:42:21.965  INFO 1 --- [io-12031-exec-2] order.service.OrderServiceImpl           : [create][Order Create Success][Order Price][OrderId:b7cc4cc4-a1b5-48d8-a18b-e3a3af9023dd , Price: 0.0]
2026-03-18 09:42:22.263  INFO 1 --- [io-12031-exec-5] order.controller.OrderController         : [createNewOrder][Create Order][from shanghai to taiyuan at 1970-01-02 18:17:36]
2026-03-18 09:42:22.263  INFO 1 --- [io-12031-exec-5] order.service.OrderServiceImpl           : [create][Create Order][Ready to Create Order]
2026-03-18 09:42:22.279  INFO 1 --- [io-12031-exec-5] order.service.OrderServiceImpl           : [create][Order Create Success][Order Price][OrderId:c5a9d6d8-df61-4a02-b6c7-8fcaca537bd1 , Price: 0.0]
2026-03-18 09:42:22.559  INFO 1 --- [io-12031-exec-4] order.controller.OrderController         : [createNewOrder][Create Order][from shanghai to taiyuan at 1970-01-02 18:17:36]
2026-03-18 09:42:22.559  INFO 1 --- [io-12031-exec-4] order.service.OrderServiceImpl           : [create][Create Order][Ready to Create Order]
2026-03-18 09:42:22.573  INFO 1 --- [io-12031-exec-4] order.service.OrderServiceImpl           : [create][Order Create Success][Order Price][OrderId:e613e839-62d1-420a-8583-9c164f8c5fea , Price: 0.0]
2026-03-18 09:42:22.856  INFO 1 --- [io-12031-exec-6] order.controller.OrderController         : [createNewOrder][Create Order][from shanghai to taiyuan at 1970-01-02 18:17:36]
2026-03-18 09:42:22.856  INFO 1 --- [io-12031-exec-6] order.service.OrderServiceImpl           : [create][Create Order][Ready to Create Order]
2026-03-18 09:42:22.870  INFO 1 --- [io-12031-exec-6] order.service.OrderServiceImpl           : [create][Order Create Success][Order Price][OrderId:ecf8fe96-67a9-480f-ba8c-53d5688491f5 , Price: 0.0]
2026-03-18 09:42:23.164  INFO 1 --- [io-12031-exec-7] order.controller.OrderController         : [createNewOrder][Create Order][from shanghai to taiyuan at 1970-01-02 18:17:36]
2026-03-18 09:42:23.164  INFO 1 --- [io-12031-exec-7] order.service.OrderServiceImpl           : [create][Create Order][Ready to Create Order]
2026-03-18 09:42:23.270  INFO 1 --- [io-12031-exec-7] order.service.OrderServiceImpl           : [create][Order Create Success][Order Price][OrderId:1ea44983-5f0d-4ba5-b3fe-754d26b14dbd , Price: 0.0]
2026-03-18 09:42:23.547  INFO 1 --- [io-12031-exec-8] order.controller.OrderController         : [createNewOrder][Create Order][from shanghai to taiyuan at 1970-01-02 18:17:36]
2026-03-18 09:42:23.547  INFO 1 --- [io-12031-exec-8] order.service.OrderServiceImpl           : [create][Create Order][Ready to Create Order]
2026-03-18 09:42:23.561  INFO 1 --- [io-12031-exec-8] order.service.OrderServiceImpl           : [create][Order Create Success][Order Price][OrderId:d4dcd38b-b084-49b2-b488-dc9a8582cdf4 , Price: 0.0]
2026-03-18 09:42:23.842  INFO 1 --- [o-12031-exec-10] order.controller.OrderController         : [createNewOrder][Create Order][from shanghai to taiyuan at 1970-01-02 18:17:36]
2026-03-18 09:42:23.842  INFO 1 --- [o-12031-exec-10] order.service.OrderServiceImpl           : [create][Create Order][Ready to Create Order]
2026-03-18 09:42:23.884  INFO 1 --- [o-12031-exec-10] order.service.OrderServiceImpl           : [create][Order Create Success][Order Price][OrderId:414e46ca-5f25-4403-93fc-5a8a98930bc1 , Price: 0.0]
2026-03-18 09:42:24.160  INFO 1 --- [io-12031-exec-9] order.controller.OrderController         : [createNewOrder][Create Order][from shanghai to taiyuan at 1970-01-02 18:17:36]
2026-03-18 09:42:24.160  INFO 1 --- [io-12031-exec-9] order.service.OrderServiceImpl           : [create][Create Order][Ready to Create Order]
2026-03-18 09:42:24.175  INFO 1 --- [io-12031-exec-9] order.service.OrderServiceImpl           : [create][Order Create Success][Order Price][OrderId:ff1f1454-0b05-421b-ac6e-ca4f49275d2b , Price: 0.0]
2026-03-18 09:42:24.453  INFO 1 --- [io-12031-exec-1] order.controller.OrderController         : [createNewOrder][Create Order][from shanghai to taiyuan at 1970-01-02 18:17:36]
2026-03-18 09:42:24.453  INFO 1 --- [io-12031-exec-1] order.service.OrderServiceImpl           : [create][Create Order][Ready to Create Order]
2026-03-18 09:42:24.468  INFO 1 --- [io-12031-exec-1] order.service.OrderServiceImpl           : [create][Order Create Success][Order Price][OrderId:0bb7626b-e254-47c3-8c28-0d400b8ac422 , Price: 0.0]
2026-03-18 09:42:24.746  INFO 1 --- [io-12031-exec-3] order.controller.OrderController         : [createNewOrder][Create Order][from shanghai to taiyuan at 1970-01-02 18:17:36]
2026-03-18 09:42:24.746  INFO 1 --- [io-12031-exec-3] order.service.OrderServiceImpl           : [create][Create Order][Ready to Create Order]
2026-03-18 09:42:24.760  INFO 1 --- [io-12031-exec-3] order.service.OrderServiceImpl           : [create][Order Create Success][Order Price][OrderId:8e2ba094-b45a-4c67-9b79-4c89fc677f7d , Price: 0.0]
2026-03-18 09:42:25.032  INFO 1 --- [io-12031-exec-2] order.controller.OrderController         : [createNewOrder][Create Order][from shanghai to taiyuan at 1970-01-02 18:17:36]
2026-03-18 09:42:25.032  INFO 1 --- [io-12031-exec-2] order.service.OrderServiceImpl           : [create][Create Order][Ready to Create Order]
2026-03-18 09:42:25.045  INFO 1 --- [io-12031-exec-2] order.service.OrderServiceImpl           : [create][Order Create Success][Order Price][OrderId:ad1dcfd1-8187-42dd-aab3-877491b39b6a , Price: 0.0]
2026-03-18 09:42:25.269  INFO 1 --- [io-12031-exec-5] order.controller.OrderController         : [createNewOrder][Create Order][from shanghai to taiyuan at 1970-01-02 18:17:36]
2026-03-18 09:42:25.269  INFO 1 --- [io-12031-exec-5] order.service.OrderServiceImpl           : [create][Create Order][Ready to Create Order]
2026-03-18 09:42:25.283  INFO 1 --- [io-12031-exec-5] order.service.OrderServiceImpl           : [create][Order Create Success][Order Price][OrderId:32b25886-950b-4357-b7a1-aed2c6f58ecd , Price: 0.0]
2026-03-18 09:42:25.564  INFO 1 --- [io-12031-exec-4] order.controller.OrderController         : [createNewOrder][Create Order][from shanghai to taiyuan at 1970-01-02 18:17:36]
2026-03-18 09:42:25.564  INFO 1 --- [io-12031-exec-4] order.service.OrderServiceImpl           : [create][Create Order][Ready to Create Order]
2026-03-18 09:42:25.579  INFO 1 --- [io-12031-exec-4] order.service.OrderServiceImpl           : [create][Order Create Success][Order Price][OrderId:9f537abf-4ee4-4cd0-a4d1-930086e3e74f , Price: 0.0]
2026-03-18 09:42:26.045  INFO 1 --- [io-12031-exec-6] order.controller.OrderController         : [createNewOrder][Create Order][from shanghai to taiyuan at 1970-01-02 18:17:36]
2026-03-18 09:42:26.045  INFO 1 --- [io-12031-exec-6] order.service.OrderServiceImpl           : [create][Create Order][Ready to Create Order]
2026-03-18 09:42:26.061  INFO 1 --- [io-12031-exec-6] order.service.OrderServiceImpl           : [create][Order Create Success][Order Price][OrderId:8260555d-497b-4be4-81eb-d7b8f07eec17 , Price: 0.0]
2026-03-18 09:42:26.341  INFO 1 --- [io-12031-exec-7] order.controller.OrderController         : [createNewOrder][Create Order][from shanghai to taiyuan at 1970-01-02 18:17:36]
2026-03-18 09:42:26.341  INFO 1 --- [io-12031-exec-7] order.service.OrderServiceImpl           : [create][Create Order][Ready to Create Order]
2026-03-18 09:42:26.356  INFO 1 --- [io-12031-exec-7] order.service.OrderServiceImpl           : [create][Order Create Success][Order Price][OrderId:ae773f18-a83c-4160-a61e-957b686b7520 , Price: 0.0]
2026-03-18 09:42:26.636  INFO 1 --- [io-12031-exec-8] order.controller.OrderController         : [createNewOrder][Create Order][from shanghai to taiyuan at 1970-01-02 18:17:36]
2026-03-18 09:42:26.637  INFO 1 --- [io-12031-exec-8] order.service.OrderServiceImpl           : [create][Create Order][Ready to Create Order]
2026-03-18 09:42:26.672  INFO 1 --- [io-12031-exec-8] order.service.OrderServiceImpl           : [create][Order Create Success][Order Price][OrderId:53442327-8610-4611-9ff4-386cd2c6385b , Price: 0.0]
2026-03-18 09:42:26.948  INFO 1 --- [o-12031-exec-10] order.controller.OrderController         : [createNewOrder][Create Order][from shanghai to taiyuan at 1970-01-02 18:17:36]
2026-03-18 09:42:26.948  INFO 1 --- [o-12031-exec-10] order.service.OrderServiceImpl           : [create][Create Order][Ready to Create Order]
2026-03-18 09:42:26.961  INFO 1 --- [o-12031-exec-10] order.service.OrderServiceImpl           : [create][Order Create Success][Order Price][OrderId:9af516a6-42df-4b89-9e08-47172d6de56e , Price: 0.0]
2026-03-18 09:42:27.235  INFO 1 --- [io-12031-exec-9] order.controller.OrderController         : [createNewOrder][Create Order][from shanghai to taiyuan at 1970-01-02 18:17:36]
2026-03-18 09:42:27.235  INFO 1 --- [io-12031-exec-9] order.service.OrderServiceImpl           : [create][Create Order][Ready to Create Order]
2026-03-18 09:42:27.249  INFO 1 --- [io-12031-exec-9] order.service.OrderServiceImpl           : [create][Order Create Success][Order Price][OrderId:6cd4e9e8-b5cb-467c-baf8-27aa521e7ee7 , Price: 0.0]
2026-03-18 09:42:27.531  INFO 1 --- [io-12031-exec-1] order.controller.OrderController         : [createNewOrder][Create Order][from shanghai to taiyuan at 1970-01-02 18:17:36]
2026-03-18 09:42:27.531  INFO 1 --- [io-12031-exec-1] order.service.OrderServiceImpl           : [create][Create Order][Ready to Create Order]
2026-03-18 09:42:27.544  INFO 1 --- [io-12031-exec-1] order.service.OrderServiceImpl           : [create][Order Create Success][Order Price][OrderId:b3ddadb9-a761-4ac7-9aa8-945a80f5f058 , Price: 0.0]
2026-03-18 09:42:27.767  INFO 1 --- [io-12031-exec-3] order.controller.OrderController         : [createNewOrder][Create Order][from shanghai to taiyuan at 1970-01-02 18:17:36]
2026-03-18 09:42:27.767  INFO 1 --- [io-12031-exec-3] order.service.OrderServiceImpl           : [create][Create Order][Ready to Create Order]
2026-03-18 09:42:27.780  INFO 1 --- [io-12031-exec-3] order.service.OrderServiceImpl           : [create][Order Create Success][Order Price][OrderId:90dcca62-3f07-4331-b90d-90dc5b0064d3 , Price: 0.0]
2026-03-18 09:42:28.058  INFO 1 --- [io-12031-exec-2] order.controller.OrderController         : [createNewOrder][Create Order][from shanghai to taiyuan at 1970-01-02 18:17:36]
2026-03-18 09:42:28.058  INFO 1 --- [io-12031-exec-2] order.service.OrderServiceImpl           : [create][Create Order][Ready to Create Order]
2026-03-18 09:42:28.073  INFO 1 --- [io-12031-exec-2] order.service.OrderServiceImpl           : [create][Order Create Success][Order Price][OrderId:d2dbf999-a459-4241-a45b-9175a9bb14ac , Price: 0.0]
2026-03-18 09:42:28.356  INFO 1 --- [io-12031-exec-5] order.controller.OrderController         : [createNewOrder][Create Order][from shanghai to taiyuan at 1970-01-02 18:17:36]
2026-03-18 09:42:28.356  INFO 1 --- [io-12031-exec-5] order.service.OrderServiceImpl           : [create][Create Order][Ready to Create Order]
2026-03-18 09:42:28.371  INFO 1 --- [io-12031-exec-5] order.service.OrderServiceImpl           : [create][Order Create Success][Order Price][OrderId:10cc714e-04e8-487e-be8a-c4721bd96617 , Price: 0.0]
2026-03-18 09:42:28.651  INFO 1 --- [io-12031-exec-4] order.controller.OrderController         : [createNewOrder][Create Order][from shanghai to taiyuan at 1970-01-02 18:17:36]
2026-03-18 09:42:28.651  INFO 1 --- [io-12031-exec-4] order.service.OrderServiceImpl           : [create][Create Order][Ready to Create Order]
2026-03-18 09:42:28.667  INFO 1 --- [io-12031-exec-4] order.service.OrderServiceImpl           : [create][Order Create Success][Order Price][OrderId:95b84ecd-bc34-4145-ac2d-8d2d7f0cdc8d , Price: 0.0]
2026-03-18 09:42:28.948  INFO 1 --- [io-12031-exec-6] order.controller.OrderController         : [createNewOrder][Create Order][from shanghai to taiyuan at 1970-01-02 18:17:36]
2026-03-18 09:42:28.948  INFO 1 --- [io-12031-exec-6] order.service.OrderServiceImpl           : [create][Create Order][Ready to Create Order]
2026-03-18 09:42:28.962  INFO 1 --- [io-12031-exec-6] order.service.OrderServiceImpl           : [create][Order Create Success][Order Price][OrderId:a0a7a302-8b9a-4d4c-93af-5e74d89e0019 , Price: 0.0]
2026-03-18 09:42:29.235  INFO 1 --- [io-12031-exec-7] order.controller.OrderController         : [createNewOrder][Create Order][from shanghai to taiyuan at 1970-01-02 18:17:36]
2026-03-18 09:42:29.235  INFO 1 --- [io-12031-exec-7] order.service.OrderServiceImpl           : [create][Create Order][Ready to Create Order]
2026-03-18 09:42:29.283  INFO 1 --- [io-12031-exec-7] order.service.OrderServiceImpl           : [create][Order Create Success][Order Price][OrderId:799ae1f5-c54c-418c-b7d5-4cc90447e9eb , Price: 0.0]
2026-03-18 09:42:29.555  INFO 1 --- [io-12031-exec-8] order.controller.OrderController         : [createNewOrder][Create Order][from shanghai to taiyuan at 1970-01-02 18:17:36]
2026-03-18 09:42:29.555  INFO 1 --- [io-12031-exec-8] order.service.OrderServiceImpl           : [create][Create Order][Ready to Create Order]
2026-03-18 09:42:29.569  INFO 1 --- [io-12031-exec-8] order.service.OrderServiceImpl           : [create][Order Create Success][Order Price][OrderId:8afc3f0f-12fb-4c0b-9cd1-c5f602369a9a , Price: 0.0]
2026-03-18 09:42:29.841  INFO 1 --- [o-12031-exec-10] order.controller.OrderController         : [createNewOrder][Create Order][from shanghai to taiyuan at 1970-01-02 18:17:36]
2026-03-18 09:42:29.841  INFO 1 --- [o-12031-exec-10] order.service.OrderServiceImpl           : [create][Create Order][Ready to Create Order]
2026-03-18 09:42:29.858  INFO 1 --- [o-12031-exec-10] order.service.OrderServiceImpl           : [create][Order Create Success][Order Price][OrderId:484e8c8c-0504-4fdb-a1de-f3aae95ddef8 , Price: 0.0]
2026-03-18 09:42:30.146  INFO 1 --- [io-12031-exec-9] order.controller.OrderController         : [createNewOrder][Create Order][from shanghai to taiyuan at 1970-01-02 18:17:36]
2026-03-18 09:42:30.147  INFO 1 --- [io-12031-exec-9] order.service.OrderServiceImpl           : [create][Create Order][Ready to Create Order]
2026-03-18 09:42:30.162  INFO 1 --- [io-12031-exec-9] order.service.OrderServiceImpl           : [create][Order Create Success][Order Price][OrderId:f5629800-9990-4819-a599-412d44bae210 , Price: 0.0]
2026-03-18 09:42:30.452  INFO 1 --- [io-12031-exec-1] order.controller.OrderController         : [createNewOrder][Create Order][from shanghai to taiyuan at 1970-01-02 18:17:36]
2026-03-18 09:42:30.452  INFO 1 --- [io-12031-exec-1] order.service.OrderServiceImpl           : [create][Create Order][Ready to Create Order]
2026-03-18 09:42:30.471  INFO 1 --- [io-12031-exec-1] order.service.OrderServiceImpl           : [create][Order Create Success][Order Price][OrderId:3a139145-298b-4f77-9790-63626dffd5d0 , Price: 0.0]
2026-03-18 09:42:30.758  INFO 1 --- [io-12031-exec-3] order.controller.OrderController         : [createNewOrder][Create Order][from shanghai to taiyuan at 1970-01-02 18:17:36]
2026-03-18 09:42:30.759  INFO 1 --- [io-12031-exec-3] order.service.OrderServiceImpl           : [create][Create Order][Ready to Create Order]
2026-03-18 09:42:30.774  INFO 1 --- [io-12031-exec-3] order.service.OrderServiceImpl           : [create][Order Create Success][Order Price][OrderId:06592c18-683b-4e92-a341-698ac42a23b1 , Price: 0.0]
2026-03-18 09:42:31.046  INFO 1 --- [io-12031-exec-2] order.controller.OrderController         : [createNewOrder][Create Order][from shanghai to taiyuan at 1970-01-02 18:17:36]
2026-03-18 09:42:31.046  INFO 1 --- [io-12031-exec-2] order.service.OrderServiceImpl           : [create][Create Order][Ready to Create Order]
2026-03-18 09:42:31.060  INFO 1 --- [io-12031-exec-2] order.service.OrderServiceImpl           : [create][Order Create Success][Order Price][OrderId:4ade1c8d-108b-42de-8a9f-3448d222f00a , Price: 0.0]
2026-03-18 09:42:31.339  INFO 1 --- [io-12031-exec-4] order.controller.OrderController         : [createNewOrder][Create Order][from shanghai to taiyuan at 1970-01-02 18:17:36]
2026-03-18 09:42:31.339  INFO 1 --- [io-12031-exec-4] order.service.OrderServiceImpl           : [create][Create Order][Ready to Create Order]
2026-03-18 09:42:31.355  INFO 1 --- [io-12031-exec-4] order.service.OrderServiceImpl           : [create][Order Create Success][Order Price][OrderId:85bec072-8aee-4a9d-9a3e-4a8522805ffb , Price: 0.0]
2026-03-18 09:42:31.632  INFO 1 --- [io-12031-exec-6] order.controller.OrderController         : [createNewOrder][Create Order][from shanghai to taiyuan at 1970-01-02 18:17:36]
2026-03-18 09:42:31.632  INFO 1 --- [io-12031-exec-6] order.service.OrderServiceImpl           : [create][Create Order][Ready to Create Order]
2026-03-18 09:42:31.645  INFO 1 --- [io-12031-exec-6] order.service.OrderServiceImpl           : [create][Order Create Success][Order Price][OrderId:a5f60e56-2fba-49b4-940a-386e55f9ed4d , Price: 0.0]
2026-03-18 09:42:31.869  INFO 1 --- [io-12031-exec-7] order.controller.OrderController         : [createNewOrder][Create Order][from shanghai to taiyuan at 1970-01-02 18:17:36]
2026-03-18 09:42:31.869  INFO 1 --- [io-12031-exec-7] order.service.OrderServiceImpl           : [create][Create Order][Ready to Create Order]
2026-03-18 09:42:31.985  INFO 1 --- [io-12031-exec-7] order.service.OrderServiceImpl           : [create][Order Create Success][Order Price][OrderId:c09ac9c6-398f-4ea0-af0a-cd6d9142ba9d , Price: 0.0]
2026-03-18 09:42:32.259  INFO 1 --- [io-12031-exec-8] order.controller.OrderController         : [createNewOrder][Create Order][from shanghai to taiyuan at 1970-01-02 18:17:36]
2026-03-18 09:42:32.259  INFO 1 --- [io-12031-exec-8] order.service.OrderServiceImpl           : [create][Create Order][Ready to Create Order]
2026-03-18 09:42:32.274  INFO 1 --- [io-12031-exec-8] order.service.OrderServiceImpl           : [create][Order Create Success][Order Price][OrderId:988238ae-f3f9-452b-9cbb-724ad1320205 , Price: 0.0]
2026-03-18 09:42:32.545  INFO 1 --- [o-12031-exec-10] order.controller.OrderController         : [createNewOrder][Create Order][from shanghai to taiyuan at 1970-01-02 18:17:36]
2026-03-18 09:42:32.545  INFO 1 --- [o-12031-exec-10] order.service.OrderServiceImpl           : [create][Create Order][Ready to Create Order]
2026-03-18 09:42:32.557  INFO 1 --- [o-12031-exec-10] order.service.OrderServiceImpl           : [create][Order Create Success][Order Price][OrderId:b75a82d8-836e-4a29-b5eb-92b2c6e104bc , Price: 0.0]
2026-03-18 09:42:32.833  INFO 1 --- [io-12031-exec-9] order.controller.OrderController         : [createNewOrder][Create Order][from shanghai to taiyuan at 1970-01-02 18:17:36]
2026-03-18 09:42:32.834  INFO 1 --- [io-12031-exec-9] order.service.OrderServiceImpl           : [create][Create Order][Ready to Create Order]
2026-03-18 09:42:32.847  INFO 1 --- [io-12031-exec-9] order.service.OrderServiceImpl           : [create][Order Create Success][Order Price][OrderId:99d2372d-4e8c-4c70-a6fe-b6d97a6e1b7b , Price: 0.0]
2026-03-18 09:42:33.074  INFO 1 --- [io-12031-exec-1] order.controller.OrderController         : [createNewOrder][Create Order][from shanghai to taiyuan at 1970-01-02 18:17:36]
2026-03-18 09:42:33.074  INFO 1 --- [io-12031-exec-1] order.service.OrderServiceImpl           : [create][Create Order][Ready to Create Order]
2026-03-18 09:42:33.089  INFO 1 --- [io-12031-exec-1] order.service.OrderServiceImpl           : [create][Order Create Success][Order Price][OrderId:0884e8a5-4e33-477d-964e-57c02c41e258 , Price: 0.0]
2026-03-18 09:42:33.360  INFO 1 --- [io-12031-exec-3] order.controller.OrderController         : [createNewOrder][Create Order][from shanghai to taiyuan at 1970-01-02 18:17:36]
2026-03-18 09:42:33.360  INFO 1 --- [io-12031-exec-3] order.service.OrderServiceImpl           : [create][Create Order][Ready to Create Order]
2026-03-18 09:42:33.373  INFO 1 --- [io-12031-exec-3] order.service.OrderServiceImpl           : [create][Order Create Success][Order Price][OrderId:4aaa9285-57d2-40e6-8022-fc6950ecdc14 , Price: 0.0]
2026-03-18 09:42:33.647  INFO 1 --- [io-12031-exec-2] order.controller.OrderController         : [createNewOrder][Create Order][from shanghai to taiyuan at 1970-01-02 18:17:36]
2026-03-18 09:42:33.647  INFO 1 --- [io-12031-exec-2] order.service.OrderServiceImpl           : [create][Create Order][Ready to Create Order]
2026-03-18 09:42:33.662  INFO 1 --- [io-12031-exec-2] order.service.OrderServiceImpl           : [create][Order Create Success][Order Price][OrderId:d9757f23-28b5-4ef0-9eb5-af62508d2e34 , Price: 0.0]
2026-03-18 09:42:33.942  INFO 1 --- [io-12031-exec-5] order.controller.OrderController         : [createNewOrder][Create Order][from shanghai to taiyuan at 1970-01-02 18:17:36]
2026-03-18 09:42:33.942  INFO 1 --- [io-12031-exec-5] order.service.OrderServiceImpl           : [create][Create Order][Ready to Create Order]
2026-03-18 09:42:33.957  INFO 1 --- [io-12031-exec-5] order.service.OrderServiceImpl           : [create][Order Create Success][Order Price][OrderId:336feac1-5094-4e03-a225-af433b39c280 , Price: 0.0]
2026-03-18 09:42:34.236  INFO 1 --- [io-12031-exec-4] order.controller.OrderController         : [createNewOrder][Create Order][from shanghai to taiyuan at 1970-01-02 18:17:36]
2026-03-18 09:42:34.236  INFO 1 --- [io-12031-exec-4] order.service.OrderServiceImpl           : [create][Create Order][Ready to Create Order]
2026-03-18 09:42:34.250  INFO 1 --- [io-12031-exec-4] order.service.OrderServiceImpl           : [create][Order Create Success][Order Price][OrderId:cf326e62-077e-47ab-bcce-7da2919b3155 , Price: 0.0]
2026-03-18 09:42:34.485  INFO 1 --- [io-12031-exec-6] order.controller.OrderController         : [createNewOrder][Create Order][from shanghai to taiyuan at 1970-01-02 18:17:36]
2026-03-18 09:42:34.485  INFO 1 --- [io-12031-exec-6] order.service.OrderServiceImpl           : [create][Create Order][Ready to Create Order]
2026-03-18 09:42:34.571  INFO 1 --- [io-12031-exec-6] order.service.OrderServiceImpl           : [create][Order Create Success][Order Price][OrderId:5e5d3f88-6d72-41bb-a11f-ba9985760396 , Price: 0.0]
2026-03-18 09:42:34.846  INFO 1 --- [io-12031-exec-7] order.controller.OrderController         : [createNewOrder][Create Order][from shanghai to taiyuan at 1970-01-02 18:17:36]
2026-03-18 09:42:34.846  INFO 1 --- [io-12031-exec-7] order.service.OrderServiceImpl           : [create][Create Order][Ready to Create Order]
2026-03-18 09:42:34.861  INFO 1 --- [io-12031-exec-7] order.service.OrderServiceImpl           : [create][Order Create Success][Order Price][OrderId:5486c8aa-a990-42d2-a138-1f5164934011 , Price: 0.0]
2026-03-18 09:42:35.141  INFO 1 --- [io-12031-exec-8] order.controller.OrderController         : [createNewOrder][Create Order][from shanghai to taiyuan at 1970-01-02 18:17:36]
2026-03-18 09:42:35.141  INFO 1 --- [io-12031-exec-8] order.service.OrderServiceImpl           : [create][Create Order][Ready to Create Order]
2026-03-18 09:42:35.154  INFO 1 --- [io-12031-exec-8] order.service.OrderServiceImpl           : [create][Order Create Success][Order Price][OrderId:bc2ed074-2176-4bfe-a3aa-666f1bd6b7cf , Price: 0.0]
2026-03-18 09:42:35.436  INFO 1 --- [o-12031-exec-10] order.controller.OrderController         : [createNewOrder][Create Order][from shanghai to taiyuan at 1970-01-02 18:17:36]
2026-03-18 09:42:35.436  INFO 1 --- [o-12031-exec-10] order.service.OrderServiceImpl           : [create][Create Order][Ready to Create Order]
2026-03-18 09:42:35.451  INFO 1 --- [o-12031-exec-10] order.service.OrderServiceImpl           : [create][Order Create Success][Order Price][OrderId:2299203e-655f-48a3-af99-a1a031dfee9b , Price: 0.0]
2026-03-18 09:42:35.681  INFO 1 --- [io-12031-exec-9] order.controller.OrderController         : [createNewOrder][Create Order][from shanghai to taiyuan at 1970-01-02 18:17:36]
2026-03-18 09:42:35.681  INFO 1 --- [io-12031-exec-9] order.service.OrderServiceImpl           : [create][Create Order][Ready to Create Order]
2026-03-18 09:42:35.695  INFO 1 --- [io-12031-exec-9] order.service.OrderServiceImpl           : [create][Order Create Success][Order Price][OrderId:c6e6cf32-c9dd-4375-a8da-48481db697cd , Price: 0.0]
2026-03-18 09:42:35.967  INFO 1 --- [io-12031-exec-1] order.controller.OrderController         : [createNewOrder][Create Order][from shanghai to taiyuan at 1970-01-02 18:17:36]
2026-03-18 09:42:35.967  INFO 1 --- [io-12031-exec-1] order.service.OrderServiceImpl           : [create][Create Order][Ready to Create Order]
2026-03-18 09:42:35.982  INFO 1 --- [io-12031-exec-1] order.service.OrderServiceImpl           : [create][Order Create Success][Order Price][OrderId:7e19edd6-649c-4795-bbcc-1c48dd3808d6 , Price: 0.0]
2026-03-18 09:42:36.262  INFO 1 --- [io-12031-exec-3] order.controller.OrderController         : [createNewOrder][Create Order][from shanghai to taiyuan at 1970-01-02 18:17:36]
2026-03-18 09:42:36.262  INFO 1 --- [io-12031-exec-3] order.service.OrderServiceImpl           : [create][Create Order][Ready to Create Order]
2026-03-18 09:42:36.278  INFO 1 --- [io-12031-exec-3] order.service.OrderServiceImpl           : [create][Order Create Success][Order Price][OrderId:aa7598ba-85f3-4a7c-86da-42afa27e549e , Price: 0.0]
2026-03-18 09:42:36.564  INFO 1 --- [io-12031-exec-2] order.controller.OrderController         : [createNewOrder][Create Order][from shanghai to taiyuan at 1970-01-02 18:17:36]
2026-03-18 09:42:36.564  INFO 1 --- [io-12031-exec-2] order.service.OrderServiceImpl           : [create][Create Order][Ready to Create Order]
2026-03-18 09:42:36.579  INFO 1 --- [io-12031-exec-2] order.service.OrderServiceImpl           : [create][Order Create Success][Order Price][OrderId:1d38f205-19e2-42f9-9db6-82a646aa5a6b , Price: 0.0]
2026-03-18 09:42:36.874  INFO 1 --- [io-12031-exec-5] order.controller.OrderController         : [createNewOrder][Create Order][from shanghai to taiyuan at 1970-01-02 18:17:36]
2026-03-18 09:42:36.874  INFO 1 --- [io-12031-exec-5] order.service.OrderServiceImpl           : [create][Create Order][Ready to Create Order]
2026-03-18 09:42:36.888  INFO 1 --- [io-12031-exec-5] order.service.OrderServiceImpl           : [create][Order Create Success][Order Price][OrderId:a1803f91-e4d7-44ab-98cd-d2ef3d278e9c , Price: 0.0]
2026-03-18 09:42:37.158  INFO 1 --- [io-12031-exec-4] order.controller.OrderController         : [createNewOrder][Create Order][from shanghai to taiyuan at 1970-01-02 18:17:36]
2026-03-18 09:42:37.158  INFO 1 --- [io-12031-exec-4] order.service.OrderServiceImpl           : [create][Create Order][Ready to Create Order]
2026-03-18 09:42:37.182  INFO 1 --- [io-12031-exec-4] order.service.OrderServiceImpl           : [create][Order Create Success][Order Price][OrderId:2fae374c-ed45-47ee-921f-b2a59d88dc5f , Price: 0.0]
2026-03-18 09:42:37.463  INFO 1 --- [io-12031-exec-6] order.controller.OrderController         : [createNewOrder][Create Order][from shanghai to taiyuan at 1970-01-02 18:17:36]
2026-03-18 09:42:37.463  INFO 1 --- [io-12031-exec-6] order.service.OrderServiceImpl           : [create][Create Order][Ready to Create Order]
2026-03-18 09:42:37.477  INFO 1 --- [io-12031-exec-6] order.service.OrderServiceImpl           : [create][Order Create Success][Order Price][OrderId:bab8b165-8934-4556-a339-af2647578151 , Price: 0.0]
2026-03-18 10:00:50.381  INFO 1 --- [io-12031-exec-6] order.controller.OrderController         : [createNewOrder][Create Order][from shanghai to taiyuan at 1970-01-02 18:17:36]
2026-03-18 10:00:50.381  INFO 1 --- [io-12031-exec-6] order.service.OrderServiceImpl           : [create][Create Order][Ready to Create Order]
2026-03-18 10:00:50.399  INFO 1 --- [io-12031-exec-6] order.service.OrderServiceImpl           : [create][Order Create Success][Order Price][OrderId:98a37f80-b93f-430d-8878-ab1b231e3afe , Price: 0.0]
2026-03-18 10:00:50.751  INFO 1 --- [io-12031-exec-7] order.controller.OrderController         : [createNewOrder][Create Order][from shanghai to taiyuan at 1970-01-02 18:17:36]
2026-03-18 10:00:50.751  INFO 1 --- [io-12031-exec-7] order.service.OrderServiceImpl           : [create][Create Order][Ready to Create Order]
2026-03-18 10:00:50.769  INFO 1 --- [io-12031-exec-7] order.service.OrderServiceImpl           : [create][Order Create Success][Order Price][OrderId:f873f987-75d0-41e3-b676-26fe7066be5a , Price: 0.0]
2026-03-18 10:00:51.145  INFO 1 --- [io-12031-exec-8] order.controller.OrderController         : [createNewOrder][Create Order][from shanghai to taiyuan at 1970-01-02 18:17:36]
2026-03-18 10:00:51.145  INFO 1 --- [io-12031-exec-8] order.service.OrderServiceImpl           : [create][Create Order][Ready to Create Order]
2026-03-18 10:00:51.161  INFO 1 --- [io-12031-exec-8] order.service.OrderServiceImpl           : [create][Order Create Success][Order Price][OrderId:d3b57edd-dd80-45a8-b430-97e56f5b4836 , Price: 0.0]
2026-03-18 10:00:51.444  INFO 1 --- [io-12031-exec-9] order.controller.OrderController         : [createNewOrder][Create Order][from shanghai to taiyuan at 1970-01-02 18:17:36]
2026-03-18 10:00:51.444  INFO 1 --- [io-12031-exec-9] order.service.OrderServiceImpl           : [create][Create Order][Ready to Create Order]
2026-03-18 10:00:51.578  INFO 1 --- [io-12031-exec-9] order.service.OrderServiceImpl           : [create][Order Create Success][Order Price][OrderId:8d9ea3dc-335f-49b9-b91a-96115e1da7a0 , Price: 0.0]
2026-03-18 10:00:51.860  INFO 1 --- [io-12031-exec-1] order.controller.OrderController         : [createNewOrder][Create Order][from shanghai to taiyuan at 1970-01-02 18:17:36]
2026-03-18 10:00:51.860  INFO 1 --- [io-12031-exec-1] order.service.OrderServiceImpl           : [create][Create Order][Ready to Create Order]
2026-03-18 10:00:51.877  INFO 1 --- [io-12031-exec-1] order.service.OrderServiceImpl           : [create][Order Create Success][Order Price][OrderId:b69042dd-450f-4f58-9ea5-34e0b9f623f0 , Price: 0.0]
2026-03-18 10:00:52.159  INFO 1 --- [io-12031-exec-3] order.controller.OrderController         : [createNewOrder][Create Order][from shanghai to taiyuan at 1970-01-02 18:17:36]
2026-03-18 10:00:52.159  INFO 1 --- [io-12031-exec-3] order.service.OrderServiceImpl           : [create][Create Order][Ready to Create Order]
2026-03-18 10:00:52.177  INFO 1 --- [io-12031-exec-3] order.service.OrderServiceImpl           : [create][Order Create Success][Order Price][OrderId:69e239e4-50e7-42f4-9a6f-10b9da542dd3 , Price: 0.0]
2026-03-18 10:00:52.462  INFO 1 --- [io-12031-exec-2] order.controller.OrderController         : [createNewOrder][Create Order][from shanghai to taiyuan at 1970-01-02 18:17:36]
2026-03-18 10:00:52.462  INFO 1 --- [io-12031-exec-2] order.service.OrderServiceImpl           : [create][Create Order][Ready to Create Order]
2026-03-18 10:00:52.479  INFO 1 --- [io-12031-exec-2] order.service.OrderServiceImpl           : [create][Order Create Success][Order Price][OrderId:51d171f1-ef34-4cc2-9bd5-1d74dbb40ce3 , Price: 0.0]
2026-03-18 10:00:52.766  INFO 1 --- [io-12031-exec-5] order.controller.OrderController         : [createNewOrder][Create Order][from shanghai to taiyuan at 1970-01-02 18:17:36]
2026-03-18 10:00:52.766  INFO 1 --- [io-12031-exec-5] order.service.OrderServiceImpl           : [create][Create Order][Ready to Create Order]
2026-03-18 10:00:52.783  INFO 1 --- [io-12031-exec-5] order.service.OrderServiceImpl           : [create][Order Create Success][Order Price][OrderId:35140765-fe24-41c3-b689-7ada379b1178 , Price: 0.0]
2026-03-18 10:00:53.062  INFO 1 --- [io-12031-exec-4] order.controller.OrderController         : [createNewOrder][Create Order][from shanghai to taiyuan at 1970-01-02 18:17:36]
2026-03-18 10:00:53.062  INFO 1 --- [io-12031-exec-4] order.service.OrderServiceImpl           : [create][Create Order][Ready to Create Order]
2026-03-18 10:00:53.077  INFO 1 --- [io-12031-exec-4] order.service.OrderServiceImpl           : [create][Order Create Success][Order Price][OrderId:98e91ce9-e0b6-431d-8c18-2fe1a7ad7125 , Price: 0.0]
2026-03-18 10:00:53.359  INFO 1 --- [io-12031-exec-6] order.controller.OrderController         : [createNewOrder][Create Order][from shanghai to taiyuan at 1970-01-02 18:17:36]
2026-03-18 10:00:53.359  INFO 1 --- [io-12031-exec-6] order.service.OrderServiceImpl           : [create][Create Order][Ready to Create Order]
2026-03-18 10:00:53.374  INFO 1 --- [io-12031-exec-6] order.service.OrderServiceImpl           : [create][Order Create Success][Order Price][OrderId:6cd700d3-9696-4acd-9ba0-99693ee01767 , Price: 0.0]
2026-03-18 10:00:53.651  INFO 1 --- [io-12031-exec-7] order.controller.OrderController         : [createNewOrder][Create Order][from shanghai to taiyuan at 1970-01-02 18:17:36]
2026-03-18 10:00:53.652  INFO 1 --- [io-12031-exec-7] order.service.OrderServiceImpl           : [create][Create Order][Ready to Create Order]
2026-03-18 10:00:53.666  INFO 1 --- [io-12031-exec-7] order.service.OrderServiceImpl           : [create][Order Create Success][Order Price][OrderId:6bd559fe-2e91-4c29-9966-bc1c02687ec9 , Price: 0.0]
2026-03-18 10:00:53.947  INFO 1 --- [io-12031-exec-8] order.controller.OrderController         : [createNewOrder][Create Order][from shanghai to taiyuan at 1970-01-02 18:17:36]
2026-03-18 10:00:53.947  INFO 1 --- [io-12031-exec-8] order.service.OrderServiceImpl           : [create][Create Order][Ready to Create Order]
2026-03-18 10:00:53.963  INFO 1 --- [io-12031-exec-8] order.service.OrderServiceImpl           : [create][Order Create Success][Order Price][OrderId:b81baa19-e8fb-4d29-bc81-349068475f3f , Price: 0.0]
2026-03-18 10:00:54.250  INFO 1 --- [o-12031-exec-10] order.controller.OrderController         : [createNewOrder][Create Order][from shanghai to taiyuan at 1970-01-02 18:17:36]
2026-03-18 10:00:54.250  INFO 1 --- [o-12031-exec-10] order.service.OrderServiceImpl           : [create][Create Order][Ready to Create Order]
2026-03-18 10:00:54.378  INFO 1 --- [o-12031-exec-10] order.service.OrderServiceImpl           : [create][Order Create Success][Order Price][OrderId:4471610d-02c2-4fa9-b246-9fa9fc0f66ab , Price: 0.0]
2026-03-18 10:00:54.651  INFO 1 --- [io-12031-exec-9] order.controller.OrderController         : [createNewOrder][Create Order][from shanghai to taiyuan at 1970-01-02 18:17:36]
2026-03-18 10:00:54.651  INFO 1 --- [io-12031-exec-9] order.service.OrderServiceImpl           : [create][Create Order][Ready to Create Order]
2026-03-18 10:00:54.666  INFO 1 --- [io-12031-exec-9] order.service.OrderServiceImpl           : [create][Order Create Success][Order Price][OrderId:24ce6245-9182-4126-94f3-675248fc9f26 , Price: 0.0]
2026-03-18 10:00:54.946  INFO 1 --- [io-12031-exec-1] order.controller.OrderController         : [createNewOrder][Create Order][from shanghai to taiyuan at 1970-01-02 18:17:36]
2026-03-18 10:00:54.946  INFO 1 --- [io-12031-exec-1] order.service.OrderServiceImpl           : [create][Create Order][Ready to Create Order]
2026-03-18 10:00:54.961  INFO 1 --- [io-12031-exec-1] order.service.OrderServiceImpl           : [create][Order Create Success][Order Price][OrderId:f273be29-e971-4724-9cc9-fe1e5ddd5d35 , Price: 0.0]
2026-03-18 10:00:55.238  INFO 1 --- [io-12031-exec-3] order.controller.OrderController         : [createNewOrder][Create Order][from shanghai to taiyuan at 1970-01-02 18:17:36]
2026-03-18 10:00:55.238  INFO 1 --- [io-12031-exec-3] order.service.OrderServiceImpl           : [create][Create Order][Ready to Create Order]
2026-03-18 10:00:55.254  INFO 1 --- [io-12031-exec-3] order.service.OrderServiceImpl           : [create][Order Create Success][Order Price][OrderId:46f6c22e-d55f-442d-9614-301a77ed6722 , Price: 0.0]
2026-03-18 10:00:55.535  INFO 1 --- [io-12031-exec-2] order.controller.OrderController         : [createNewOrder][Create Order][from shanghai to taiyuan at 1970-01-02 18:17:36]
2026-03-18 10:00:55.535  INFO 1 --- [io-12031-exec-2] order.service.OrderServiceImpl           : [create][Create Order][Ready to Create Order]
2026-03-18 10:00:55.550  INFO 1 --- [io-12031-exec-2] order.service.OrderServiceImpl           : [create][Order Create Success][Order Price][OrderId:c436c520-89a8-4ea5-8213-65f9468d3741 , Price: 0.0]
2026-03-18 10:00:55.830  INFO 1 --- [io-12031-exec-5] order.controller.OrderController         : [createNewOrder][Create Order][from shanghai to taiyuan at 1970-01-02 18:17:36]
2026-03-18 10:00:55.831  INFO 1 --- [io-12031-exec-5] order.service.OrderServiceImpl           : [create][Create Order][Ready to Create Order]
2026-03-18 10:00:55.845  INFO 1 --- [io-12031-exec-5] order.service.OrderServiceImpl           : [create][Order Create Success][Order Price][OrderId:8afde42f-e94d-49ab-8d5f-28b0faad0459 , Price: 0.0]
2026-03-18 10:00:56.072  INFO 1 --- [io-12031-exec-4] order.controller.OrderController         : [createNewOrder][Create Order][from shanghai to taiyuan at 1970-01-02 18:17:36]
2026-03-18 10:00:56.072  INFO 1 --- [io-12031-exec-4] order.service.OrderServiceImpl           : [create][Create Order][Ready to Create Order]
2026-03-18 10:00:56.088  INFO 1 --- [io-12031-exec-4] order.service.OrderServiceImpl           : [create][Order Create Success][Order Price][OrderId:68c453e2-d74d-4d06-bd7e-547ebcbe560e , Price: 0.0]
2026-03-18 10:00:56.365  INFO 1 --- [io-12031-exec-6] order.controller.OrderController         : [createNewOrder][Create Order][from shanghai to taiyuan at 1970-01-02 18:17:36]
2026-03-18 10:00:56.366  INFO 1 --- [io-12031-exec-6] order.service.OrderServiceImpl           : [create][Create Order][Ready to Create Order]
2026-03-18 10:00:56.381  INFO 1 --- [io-12031-exec-6] order.service.OrderServiceImpl           : [create][Order Create Success][Order Price][OrderId:e0a5b9f7-84a7-4438-9b61-cd5cf27fc114 , Price: 0.0]
2026-03-18 10:00:56.664  INFO 1 --- [io-12031-exec-7] order.controller.OrderController         : [createNewOrder][Create Order][from shanghai to taiyuan at 1970-01-02 18:17:36]
2026-03-18 10:00:56.664  INFO 1 --- [io-12031-exec-7] order.service.OrderServiceImpl           : [create][Create Order][Ready to Create Order]
2026-03-18 10:00:56.875  INFO 1 --- [io-12031-exec-7] order.service.OrderServiceImpl           : [create][Order Create Success][Order Price][OrderId:aac6e6a3-cedd-42bb-ad91-c7583bf38eb6 , Price: 0.0]
2026-03-18 10:00:57.165  INFO 1 --- [io-12031-exec-8] order.controller.OrderController         : [createNewOrder][Create Order][from shanghai to taiyuan at 1970-01-02 18:17:36]
2026-03-18 10:00:57.165  INFO 1 --- [io-12031-exec-8] order.service.OrderServiceImpl           : [create][Create Order][Ready to Create Order]
2026-03-18 10:00:57.182  INFO 1 --- [io-12031-exec-8] order.service.OrderServiceImpl           : [create][Order Create Success][Order Price][OrderId:80bd29bb-14d6-454c-8035-f95bffc16456 , Price: 0.0]
2026-03-18 10:00:57.479  INFO 1 --- [o-12031-exec-10] order.controller.OrderController         : [createNewOrder][Create Order][from shanghai to taiyuan at 1970-01-02 18:17:36]
2026-03-18 10:00:57.479  INFO 1 --- [o-12031-exec-10] order.service.OrderServiceImpl           : [create][Create Order][Ready to Create Order]
2026-03-18 10:00:57.499  INFO 1 --- [o-12031-exec-10] order.service.OrderServiceImpl           : [create][Order Create Success][Order Price][OrderId:cbfed28b-47df-4360-a302-06f1e2efc3d0 , Price: 0.0]
2026-03-18 10:00:57.891  INFO 1 --- [io-12031-exec-9] order.controller.OrderController         : [createNewOrder][Create Order][from shanghai to taiyuan at 1970-01-02 18:17:36]
2026-03-18 10:00:57.891  INFO 1 --- [io-12031-exec-9] order.service.OrderServiceImpl           : [create][Create Order][Ready to Create Order]
2026-03-18 10:00:57.910  INFO 1 --- [io-12031-exec-9] order.service.OrderServiceImpl           : [create][Order Create Success][Order Price][OrderId:2a090b9c-43f3-4087-ae44-a4886620b12c , Price: 0.0]
2026-03-18 10:00:58.447  INFO 1 --- [io-12031-exec-1] order.controller.OrderController         : [createNewOrder][Create Order][from shanghai to taiyuan at 1970-01-02 18:17:36]
2026-03-18 10:00:58.447  INFO 1 --- [io-12031-exec-1] order.service.OrderServiceImpl           : [create][Create Order][Ready to Create Order]
2026-03-18 10:00:58.467  INFO 1 --- [io-12031-exec-1] order.service.OrderServiceImpl           : [create][Order Create Success][Order Price][OrderId:e62e3aa6-bf90-4639-84d7-6fd90382ac6d , Price: 0.0]
2026-03-18 10:00:58.764  INFO 1 --- [io-12031-exec-3] order.controller.OrderController         : [createNewOrder][Create Order][from shanghai to taiyuan at 1970-01-02 18:17:36]
2026-03-18 10:00:58.764  INFO 1 --- [io-12031-exec-3] order.service.OrderServiceImpl           : [create][Create Order][Ready to Create Order]
2026-03-18 10:00:58.782  INFO 1 --- [io-12031-exec-3] order.service.OrderServiceImpl           : [create][Order Create Success][Order Price][OrderId:2afb4fb6-85c0-441e-a392-6df27ec7e9f1 , Price: 0.0]
2026-03-18 10:00:59.064  INFO 1 --- [io-12031-exec-2] order.controller.OrderController         : [createNewOrder][Create Order][from shanghai to taiyuan at 1970-01-02 18:17:36]
2026-03-18 10:00:59.064  INFO 1 --- [io-12031-exec-2] order.service.OrderServiceImpl           : [create][Create Order][Ready to Create Order]
2026-03-18 10:00:59.081  INFO 1 --- [io-12031-exec-2] order.service.OrderServiceImpl           : [create][Order Create Success][Order Price][OrderId:b6c01837-78e4-44e7-a596-547f1bcfe56a , Price: 0.0]
2026-03-18 10:00:59.362  INFO 1 --- [io-12031-exec-5] order.controller.OrderController         : [createNewOrder][Create Order][from shanghai to taiyuan at 1970-01-02 18:17:36]
2026-03-18 10:00:59.362  INFO 1 --- [io-12031-exec-5] order.service.OrderServiceImpl           : [create][Create Order][Ready to Create Order]
2026-03-18 10:00:59.378  INFO 1 --- [io-12031-exec-5] order.service.OrderServiceImpl           : [create][Order Create Success][Order Price][OrderId:5dc9befc-3eda-485d-9539-b15a40be7326 , Price: 0.0]
2026-03-18 10:00:59.665  INFO 1 --- [io-12031-exec-4] order.controller.OrderController         : [createNewOrder][Create Order][from shanghai to taiyuan at 1970-01-02 18:17:36]
2026-03-18 10:00:59.665  INFO 1 --- [io-12031-exec-4] order.service.OrderServiceImpl           : [create][Create Order][Ready to Create Order]
2026-03-18 10:00:59.778  INFO 1 --- [io-12031-exec-4] order.service.OrderServiceImpl           : [create][Order Create Success][Order Price][OrderId:c53cc942-b83c-4f99-bf29-20af8dd3cbc6 , Price: 0.0]
2026-03-18 10:01:00.073  INFO 1 --- [io-12031-exec-6] order.controller.OrderController         : [createNewOrder][Create Order][from shanghai to taiyuan at 1970-01-02 18:17:36]
2026-03-18 10:01:00.073  INFO 1 --- [io-12031-exec-6] order.service.OrderServiceImpl           : [create][Create Order][Ready to Create Order]
2026-03-18 10:01:00.091  INFO 1 --- [io-12031-exec-6] order.service.OrderServiceImpl           : [create][Order Create Success][Order Price][OrderId:b05263e3-1ed6-4025-963d-78cac75fbdf2 , Price: 0.0]
2026-03-18 10:01:00.367  INFO 1 --- [io-12031-exec-7] order.controller.OrderController         : [createNewOrder][Create Order][from shanghai to taiyuan at 1970-01-02 18:17:36]
2026-03-18 10:01:00.367  INFO 1 --- [io-12031-exec-7] order.service.OrderServiceImpl           : [create][Create Order][Ready to Create Order]
2026-03-18 10:01:00.384  INFO 1 --- [io-12031-exec-7] order.service.OrderServiceImpl           : [create][Order Create Success][Order Price][OrderId:4eb8f111-5e79-4c32-8c5b-813d1706326c , Price: 0.0]
2026-03-18 10:01:00.665  INFO 1 --- [io-12031-exec-8] order.controller.OrderController         : [createNewOrder][Create Order][from shanghai to taiyuan at 1970-01-02 18:17:36]
2026-03-18 10:01:00.666  INFO 1 --- [io-12031-exec-8] order.service.OrderServiceImpl           : [create][Create Order][Ready to Create Order]
2026-03-18 10:01:00.681  INFO 1 --- [io-12031-exec-8] order.service.OrderServiceImpl           : [create][Order Create Success][Order Price][OrderId:62ba1552-e7ba-4f65-b948-cf134255593a , Price: 0.0]
2026-03-18 10:01:00.964  INFO 1 --- [o-12031-exec-10] order.controller.OrderController         : [createNewOrder][Create Order][from shanghai to taiyuan at 1970-01-02 18:17:36]
2026-03-18 10:01:00.964  INFO 1 --- [o-12031-exec-10] order.service.OrderServiceImpl           : [create][Create Order][Ready to Create Order]
2026-03-18 10:01:00.981  INFO 1 --- [o-12031-exec-10] order.service.OrderServiceImpl           : [create][Order Create Success][Order Price][OrderId:a2013009-9de7-4ff3-bbfa-743bce5f00de , Price: 0.0]
2026-03-18 10:01:01.263  INFO 1 --- [io-12031-exec-1] order.controller.OrderController         : [createNewOrder][Create Order][from shanghai to taiyuan at 1970-01-02 18:17:36]
2026-03-18 10:01:01.263  INFO 1 --- [io-12031-exec-1] order.service.OrderServiceImpl           : [create][Create Order][Ready to Create Order]
2026-03-18 10:01:01.280  INFO 1 --- [io-12031-exec-1] order.service.OrderServiceImpl           : [create][Order Create Success][Order Price][OrderId:554210a3-5158-4e8e-aa46-c709d4292cab , Price: 0.0]
2026-03-18 10:01:01.567  INFO 1 --- [io-12031-exec-3] order.controller.OrderController         : [createNewOrder][Create Order][from shanghai to taiyuan at 1970-01-02 18:17:36]
2026-03-18 10:01:01.567  INFO 1 --- [io-12031-exec-3] order.service.OrderServiceImpl           : [create][Create Order][Ready to Create Order]
2026-03-18 10:01:01.586  INFO 1 --- [io-12031-exec-3] order.service.OrderServiceImpl           : [create][Order Create Success][Order Price][OrderId:90efd5fd-a8b0-4072-9972-77e00fef3adf , Price: 0.0]
2026-03-18 10:01:01.877  INFO 1 --- [io-12031-exec-2] order.controller.OrderController         : [createNewOrder][Create Order][from shanghai to taiyuan at 1970-01-02 18:17:36]
2026-03-18 10:01:01.878  INFO 1 --- [io-12031-exec-2] order.service.OrderServiceImpl           : [create][Create Order][Ready to Create Order]
2026-03-18 10:01:01.893  INFO 1 --- [io-12031-exec-2] order.service.OrderServiceImpl           : [create][Order Create Success][Order Price][OrderId:1be41890-5100-42f4-9afd-9a5299248f04 , Price: 0.0]
2026-03-18 10:01:02.167  INFO 1 --- [io-12031-exec-5] order.controller.OrderController         : [createNewOrder][Create Order][from shanghai to taiyuan at 1970-01-02 18:17:36]
2026-03-18 10:01:02.168  INFO 1 --- [io-12031-exec-5] order.service.OrderServiceImpl           : [create][Create Order][Ready to Create Order]
2026-03-18 10:01:02.286  INFO 1 --- [io-12031-exec-5] order.service.OrderServiceImpl           : [create][Order Create Success][Order Price][OrderId:3cfbf715-8a7f-4cda-9faf-a03f8273bee7 , Price: 0.0]
2026-03-18 10:01:02.559  INFO 1 --- [io-12031-exec-4] order.controller.OrderController         : [createNewOrder][Create Order][from shanghai to taiyuan at 1970-01-02 18:17:36]
2026-03-18 10:01:02.559  INFO 1 --- [io-12031-exec-4] order.service.OrderServiceImpl           : [create][Create Order][Ready to Create Order]
2026-03-18 10:01:02.575  INFO 1 --- [io-12031-exec-4] order.service.OrderServiceImpl           : [create][Order Create Success][Order Price][OrderId:98f9209e-dffc-4120-b99c-95d39c9d4bd4 , Price: 0.0]
2026-03-18 10:01:02.876  INFO 1 --- [io-12031-exec-6] order.controller.OrderController         : [createNewOrder][Create Order][from shanghai to taiyuan at 1970-01-02 18:17:36]
2026-03-18 10:01:02.876  INFO 1 --- [io-12031-exec-6] order.service.OrderServiceImpl           : [create][Create Order][Ready to Create Order]
2026-03-18 10:01:02.892  INFO 1 --- [io-12031-exec-6] order.service.OrderServiceImpl           : [create][Order Create Success][Order Price][OrderId:2d37ec8b-458a-4b5a-bc5e-9fc181b84571 , Price: 0.0]
2026-03-18 10:01:03.164  INFO 1 --- [io-12031-exec-7] order.controller.OrderController         : [createNewOrder][Create Order][from shanghai to taiyuan at 1970-01-02 18:17:36]
2026-03-18 10:01:03.164  INFO 1 --- [io-12031-exec-7] order.service.OrderServiceImpl           : [create][Create Order][Ready to Create Order]
2026-03-18 10:01:03.182  INFO 1 --- [io-12031-exec-7] order.service.OrderServiceImpl           : [create][Order Create Success][Order Price][OrderId:aab14804-b26f-4e4c-a759-812bd7604c52 , Price: 0.0]
2026-03-18 10:01:03.459  INFO 1 --- [io-12031-exec-8] order.controller.OrderController         : [createNewOrder][Create Order][from shanghai to taiyuan at 1970-01-02 18:17:36]
2026-03-18 10:01:03.459  INFO 1 --- [io-12031-exec-8] order.service.OrderServiceImpl           : [create][Create Order][Ready to Create Order]
2026-03-18 10:01:03.474  INFO 1 --- [io-12031-exec-8] order.service.OrderServiceImpl           : [create][Order Create Success][Order Price][OrderId:fc4c4aa7-9794-4b20-954d-1bf2b0634620 , Price: 0.0]
2026-03-18 10:01:03.774  INFO 1 --- [o-12031-exec-10] order.controller.OrderController         : [createNewOrder][Create Order][from shanghai to taiyuan at 1970-01-02 18:17:36]
2026-03-18 10:01:03.774  INFO 1 --- [o-12031-exec-10] order.service.OrderServiceImpl           : [create][Create Order][Ready to Create Order]
2026-03-18 10:01:03.792  INFO 1 --- [o-12031-exec-10] order.service.OrderServiceImpl           : [create][Order Create Success][Order Price][OrderId:8913aae7-af01-44f3-baef-7060ad970041 , Price: 0.0]
2026-03-18 10:01:04.061  INFO 1 --- [io-12031-exec-9] order.controller.OrderController         : [createNewOrder][Create Order][from shanghai to taiyuan at 1970-01-02 18:17:36]
2026-03-18 10:01:04.061  INFO 1 --- [io-12031-exec-9] order.service.OrderServiceImpl           : [create][Create Order][Ready to Create Order]
2026-03-18 10:01:04.077  INFO 1 --- [io-12031-exec-9] order.service.OrderServiceImpl           : [create][Order Create Success][Order Price][OrderId:f84c3250-f832-4108-9758-0706ce7aac1b , Price: 0.0]
2026-03-18 10:01:04.364  INFO 1 --- [io-12031-exec-1] order.controller.OrderController         : [createNewOrder][Create Order][from shanghai to taiyuan at 1970-01-02 18:17:36]
2026-03-18 10:01:04.364  INFO 1 --- [io-12031-exec-1] order.service.OrderServiceImpl           : [create][Create Order][Ready to Create Order]
2026-03-18 10:01:04.380  INFO 1 --- [io-12031-exec-1] order.service.OrderServiceImpl           : [create][Order Create Success][Order Price][OrderId:a0dd4b2c-7eda-46d5-a809-68af2f02470f , Price: 0.0]
2026-03-18 10:01:04.661  INFO 1 --- [io-12031-exec-3] order.controller.OrderController         : [createNewOrder][Create Order][from shanghai to taiyuan at 1970-01-02 18:17:36]
2026-03-18 10:01:04.661  INFO 1 --- [io-12031-exec-3] order.service.OrderServiceImpl           : [create][Create Order][Ready to Create Order]
2026-03-18 10:01:04.675  INFO 1 --- [io-12031-exec-3] order.service.OrderServiceImpl           : [create][Order Create Success][Order Price][OrderId:4c6cf133-b45e-4ad0-b879-7d48354481b7 , Price: 0.0]
2026-03-18 10:01:04.960  INFO 1 --- [io-12031-exec-2] order.controller.OrderController         : [createNewOrder][Create Order][from shanghai to taiyuan at 1970-01-02 18:17:36]
2026-03-18 10:01:04.960  INFO 1 --- [io-12031-exec-2] order.service.OrderServiceImpl           : [create][Create Order][Ready to Create Order]
2026-03-18 10:01:04.983  INFO 1 --- [io-12031-exec-2] order.service.OrderServiceImpl           : [create][Order Create Success][Order Price][OrderId:11b548e1-08af-4eba-bb6f-7c408fac340c , Price: 0.0]
2026-03-18 10:01:05.264  INFO 1 --- [io-12031-exec-5] order.controller.OrderController         : [createNewOrder][Create Order][from shanghai to taiyuan at 1970-01-02 18:17:36]
2026-03-18 10:01:05.264  INFO 1 --- [io-12031-exec-5] order.service.OrderServiceImpl           : [create][Create Order][Ready to Create Order]
2026-03-18 10:01:05.282  INFO 1 --- [io-12031-exec-5] order.service.OrderServiceImpl           : [create][Order Create Success][Order Price][OrderId:5e549191-af3d-4c6d-8880-e4d03e6647b3 , Price: 0.0]
2026-03-18 10:01:05.558  INFO 1 --- [io-12031-exec-4] order.controller.OrderController         : [createNewOrder][Create Order][from shanghai to taiyuan at 1970-01-02 18:17:36]
2026-03-18 10:01:05.558  INFO 1 --- [io-12031-exec-4] order.service.OrderServiceImpl           : [create][Create Order][Ready to Create Order]
2026-03-18 10:01:05.575  INFO 1 --- [io-12031-exec-4] order.service.OrderServiceImpl           : [create][Order Create Success][Order Price][OrderId:c2568a7a-d614-462f-8fb4-77c39bbb04e0 , Price: 0.0]
2026-03-18 10:01:05.857  INFO 1 --- [io-12031-exec-6] order.controller.OrderController         : [createNewOrder][Create Order][from shanghai to taiyuan at 1970-01-02 18:17:36]
2026-03-18 10:01:05.857  INFO 1 --- [io-12031-exec-6] order.service.OrderServiceImpl           : [create][Create Order][Ready to Create Order]
2026-03-18 10:01:05.873  INFO 1 --- [io-12031-exec-6] order.service.OrderServiceImpl           : [create][Order Create Success][Order Price][OrderId:3998917d-5919-4a93-a167-421f707b68a6 , Price: 0.0]
2026-03-18 10:01:06.161  INFO 1 --- [io-12031-exec-7] order.controller.OrderController         : [createNewOrder][Create Order][from shanghai to taiyuan at 1970-01-02 18:17:36]
2026-03-18 10:01:06.162  INFO 1 --- [io-12031-exec-7] order.service.OrderServiceImpl           : [create][Create Order][Ready to Create Order]
2026-03-18 10:01:06.176  INFO 1 --- [io-12031-exec-7] order.service.OrderServiceImpl           : [create][Order Create Success][Order Price][OrderId:a9279af5-dd30-4408-b6c4-b40ae50f5baa , Price: 0.0]
2026-03-18 10:01:06.461  INFO 1 --- [io-12031-exec-8] order.controller.OrderController         : [createNewOrder][Create Order][from shanghai to taiyuan at 1970-01-02 18:17:36]
2026-03-18 10:01:06.461  INFO 1 --- [io-12031-exec-8] order.service.OrderServiceImpl           : [create][Create Order][Ready to Create Order]
2026-03-18 10:01:06.478  INFO 1 --- [io-12031-exec-8] order.service.OrderServiceImpl           : [create][Order Create Success][Order Price][OrderId:7815a629-dcb8-4d6a-aaf2-6b474bd3d88f , Price: 0.0]
2026-03-18 10:01:06.765  INFO 1 --- [o-12031-exec-10] order.controller.OrderController         : [createNewOrder][Create Order][from shanghai to taiyuan at 1970-01-02 18:17:36]
2026-03-18 10:01:06.765  INFO 1 --- [o-12031-exec-10] order.service.OrderServiceImpl           : [create][Create Order][Ready to Create Order]
2026-03-18 10:01:06.784  INFO 1 --- [o-12031-exec-10] order.service.OrderServiceImpl           : [create][Order Create Success][Order Price][OrderId:348ae4c4-7abb-4cae-bad9-2b0939515e17 , Price: 0.0]
2026-03-18 10:01:07.060  INFO 1 --- [io-12031-exec-9] order.controller.OrderController         : [createNewOrder][Create Order][from shanghai to taiyuan at 1970-01-02 18:17:36]
2026-03-18 10:01:07.060  INFO 1 --- [io-12031-exec-9] order.service.OrderServiceImpl           : [create][Create Order][Ready to Create Order]
2026-03-18 10:01:07.077  INFO 1 --- [io-12031-exec-9] order.service.OrderServiceImpl           : [create][Order Create Success][Order Price][OrderId:5875740a-42ae-469b-9c26-a68b511ecbdd , Price: 0.0]
2026-03-18 10:01:07.364  INFO 1 --- [io-12031-exec-1] order.controller.OrderController         : [createNewOrder][Create Order][from shanghai to taiyuan at 1970-01-02 18:17:36]
2026-03-18 10:01:07.364  INFO 1 --- [io-12031-exec-1] order.service.OrderServiceImpl           : [create][Create Order][Ready to Create Order]
2026-03-18 10:01:07.474  INFO 1 --- [io-12031-exec-1] order.service.OrderServiceImpl           : [create][Order Create Success][Order Price][OrderId:8ae58b1d-6080-4654-a1f7-dfa99597d4b4 , Price: 0.0]
2026-03-18 10:01:07.765  INFO 1 --- [io-12031-exec-3] order.controller.OrderController         : [createNewOrder][Create Order][from shanghai to taiyuan at 1970-01-02 18:17:36]
2026-03-18 10:01:07.765  INFO 1 --- [io-12031-exec-3] order.service.OrderServiceImpl           : [create][Create Order][Ready to Create Order]
2026-03-18 10:01:07.781  INFO 1 --- [io-12031-exec-3] order.service.OrderServiceImpl           : [create][Order Create Success][Order Price][OrderId:1438426e-cbd0-481c-a74f-d6748c0c1828 , Price: 0.0]
2026-03-18 10:01:08.064  INFO 1 --- [io-12031-exec-2] order.controller.OrderController         : [createNewOrder][Create Order][from shanghai to taiyuan at 1970-01-02 18:17:36]
2026-03-18 10:01:08.064  INFO 1 --- [io-12031-exec-2] order.service.OrderServiceImpl           : [create][Create Order][Ready to Create Order]
2026-03-18 10:01:08.080  INFO 1 --- [io-12031-exec-2] order.service.OrderServiceImpl           : [create][Order Create Success][Order Price][OrderId:fa268957-a70d-46be-80b5-31827db63d65 , Price: 0.0]
2026-03-18 10:01:08.366  INFO 1 --- [io-12031-exec-5] order.controller.OrderController         : [createNewOrder][Create Order][from shanghai to taiyuan at 1970-01-02 18:17:36]
2026-03-18 10:01:08.366  INFO 1 --- [io-12031-exec-5] order.service.OrderServiceImpl           : [create][Create Order][Ready to Create Order]
2026-03-18 10:01:08.382  INFO 1 --- [io-12031-exec-5] order.service.OrderServiceImpl           : [create][Order Create Success][Order Price][OrderId:4154fa23-4071-4fd6-8879-0be0557ce262 , Price: 0.0]
2026-03-18 10:01:08.669  INFO 1 --- [io-12031-exec-4] order.controller.OrderController         : [createNewOrder][Create Order][from shanghai to taiyuan at 1970-01-02 18:17:36]
2026-03-18 10:01:08.669  INFO 1 --- [io-12031-exec-4] order.service.OrderServiceImpl           : [create][Create Order][Ready to Create Order]
2026-03-18 10:01:08.685  INFO 1 --- [io-12031-exec-4] order.service.OrderServiceImpl           : [create][Order Create Success][Order Price][OrderId:c391e300-63c8-40c9-a5a6-8e4dabc5d0a9 , Price: 0.0]
2026-03-18 10:01:08.959  INFO 1 --- [io-12031-exec-6] order.controller.OrderController         : [createNewOrder][Create Order][from shanghai to taiyuan at 1970-01-02 18:17:36]
2026-03-18 10:01:08.959  INFO 1 --- [io-12031-exec-6] order.service.OrderServiceImpl           : [create][Create Order][Ready to Create Order]
2026-03-18 10:01:08.973  INFO 1 --- [io-12031-exec-6] order.service.OrderServiceImpl           : [create][Order Create Success][Order Price][OrderId:6b2e3f5c-daa5-4950-809e-6e4032294cbb , Price: 0.0]
2026-03-18 10:01:09.258  INFO 1 --- [io-12031-exec-7] order.controller.OrderController         : [createNewOrder][Create Order][from shanghai to taiyuan at 1970-01-02 18:17:36]
2026-03-18 10:01:09.258  INFO 1 --- [io-12031-exec-7] order.service.OrderServiceImpl           : [create][Create Order][Ready to Create Order]
2026-03-18 10:01:09.276  INFO 1 --- [io-12031-exec-7] order.service.OrderServiceImpl           : [create][Order Create Success][Order Price][OrderId:9bc47df5-7a5c-41ed-afd4-2d58e06dcc15 , Price: 0.0]
2026-03-18 10:01:09.558  INFO 1 --- [io-12031-exec-8] order.controller.OrderController         : [createNewOrder][Create Order][from shanghai to taiyuan at 1970-01-02 18:17:36]
2026-03-18 10:01:09.558  INFO 1 --- [io-12031-exec-8] order.service.OrderServiceImpl           : [create][Create Order][Ready to Create Order]
2026-03-18 10:01:09.573  INFO 1 --- [io-12031-exec-8] order.service.OrderServiceImpl           : [create][Order Create Success][Order Price][OrderId:6ae624b4-8a4d-438d-8d19-d0daeb81e32d , Price: 0.0]
2026-03-18 10:01:09.853  INFO 1 --- [o-12031-exec-10] order.controller.OrderController         : [createNewOrder][Create Order][from shanghai to taiyuan at 1970-01-02 18:17:36]
2026-03-18 10:01:09.853  INFO 1 --- [o-12031-exec-10] order.service.OrderServiceImpl           : [create][Create Order][Ready to Create Order]
2026-03-18 10:01:09.972  INFO 1 --- [o-12031-exec-10] order.service.OrderServiceImpl           : [create][Order Create Success][Order Price][OrderId:22f5f8e3-6ccd-4b06-baa8-f8efa73434c8 , Price: 0.0]
2026-03-18 10:01:10.258  INFO 1 --- [io-12031-exec-9] order.controller.OrderController         : [createNewOrder][Create Order][from shanghai to taiyuan at 1970-01-02 18:17:36]
2026-03-18 10:01:10.258  INFO 1 --- [io-12031-exec-9] order.service.OrderServiceImpl           : [create][Create Order][Ready to Create Order]
2026-03-18 10:01:10.370  INFO 1 --- [io-12031-exec-9] order.service.OrderServiceImpl           : [create][Order Create Success][Order Price][OrderId:04b30e98-2d52-4467-b27a-4624f6c989a9 , Price: 0.0]
2026-03-18 10:01:10.663  INFO 1 --- [io-12031-exec-1] order.controller.OrderController         : [createNewOrder][Create Order][from shanghai to taiyuan at 1970-01-02 18:17:36]
2026-03-18 10:01:10.663  INFO 1 --- [io-12031-exec-1] order.service.OrderServiceImpl           : [create][Create Order][Ready to Create Order]
2026-03-18 10:01:10.680  INFO 1 --- [io-12031-exec-1] order.service.OrderServiceImpl           : [create][Order Create Success][Order Price][OrderId:44c5bde8-23d5-423a-8160-e64e2d3d2275 , Price: 0.0]
2026-03-18 10:01:10.970  INFO 1 --- [io-12031-exec-3] order.controller.OrderController         : [createNewOrder][Create Order][from shanghai to taiyuan at 1970-01-02 18:17:36]
2026-03-18 10:01:10.971  INFO 1 --- [io-12031-exec-3] order.service.OrderServiceImpl           : [create][Create Order][Ready to Create Order]
2026-03-18 10:01:10.988  INFO 1 --- [io-12031-exec-3] order.service.OrderServiceImpl           : [create][Order Create Success][Order Price][OrderId:0ca214c0-c8f4-4087-8650-acbf0e648271 , Price: 0.0]
2026-03-18 10:01:11.264  INFO 1 --- [io-12031-exec-5] order.controller.OrderController         : [createNewOrder][Create Order][from shanghai to taiyuan at 1970-01-02 18:17:36]
2026-03-18 10:01:11.264  INFO 1 --- [io-12031-exec-5] order.service.OrderServiceImpl           : [create][Create Order][Ready to Create Order]
2026-03-18 10:01:11.283  INFO 1 --- [io-12031-exec-5] order.service.OrderServiceImpl           : [create][Order Create Success][Order Price][OrderId:5f6c8aba-b541-47c2-8bb3-def40a48438a , Price: 0.0]
2026-03-18 10:01:11.573  INFO 1 --- [io-12031-exec-4] order.controller.OrderController         : [createNewOrder][Create Order][from shanghai to taiyuan at 1970-01-02 18:17:36]
2026-03-18 10:01:11.573  INFO 1 --- [io-12031-exec-4] order.service.OrderServiceImpl           : [create][Create Order][Ready to Create Order]
2026-03-18 10:01:11.590  INFO 1 --- [io-12031-exec-4] order.service.OrderServiceImpl           : [create][Order Create Success][Order Price][OrderId:724f3608-ece4-40cb-b68c-4a7719e11a07 , Price: 0.0]
2026-03-18 10:01:11.946  INFO 1 --- [io-12031-exec-6] order.controller.OrderController         : [createNewOrder][Create Order][from shanghai to taiyuan at 1970-01-02 18:17:36]
2026-03-18 10:01:11.946  INFO 1 --- [io-12031-exec-6] order.service.OrderServiceImpl           : [create][Create Order][Ready to Create Order]
2026-03-18 10:01:11.962  INFO 1 --- [io-12031-exec-6] order.service.OrderServiceImpl           : [create][Order Create Success][Order Price][OrderId:19ffd0c4-3e0c-4917-a563-cbe2aba37cb7 , Price: 0.0]
2026-03-18 10:01:12.271  INFO 1 --- [io-12031-exec-7] order.controller.OrderController         : [createNewOrder][Create Order][from shanghai to taiyuan at 1970-01-02 18:17:36]
2026-03-18 10:01:12.271  INFO 1 --- [io-12031-exec-7] order.service.OrderServiceImpl           : [create][Create Order][Ready to Create Order]
2026-03-18 10:01:12.288  INFO 1 --- [io-12031-exec-7] order.service.OrderServiceImpl           : [create][Order Create Success][Order Price][OrderId:a6f4ce4c-6b5f-4a53-a02b-6a784d466ca0 , Price: 0.0]
2026-03-18 10:01:12.583  INFO 1 --- [io-12031-exec-8] order.controller.OrderController         : [createNewOrder][Create Order][from shanghai to taiyuan at 1970-01-02 18:17:36]
2026-03-18 10:01:12.583  INFO 1 --- [io-12031-exec-8] order.service.OrderServiceImpl           : [create][Create Order][Ready to Create Order]
2026-03-18 10:01:12.782  INFO 1 --- [io-12031-exec-8] order.service.OrderServiceImpl           : [create][Order Create Success][Order Price][OrderId:dd946411-6f0a-4e61-bbf9-a7d3152f3e52 , Price: 0.0]
2026-03-18 10:01:13.152  INFO 1 --- [o-12031-exec-10] order.controller.OrderController         : [createNewOrder][Create Order][from shanghai to taiyuan at 1970-01-02 18:17:36]
2026-03-18 10:01:13.152  INFO 1 --- [o-12031-exec-10] order.service.OrderServiceImpl           : [create][Create Order][Ready to Create Order]
2026-03-18 10:01:13.170  INFO 1 --- [o-12031-exec-10] order.service.OrderServiceImpl           : [create][Order Create Success][Order Price][OrderId:fc95e021-60f7-463c-a245-55f800dc983f , Price: 0.0]
2026-03-18 10:01:13.478  INFO 1 --- [io-12031-exec-9] order.controller.OrderController         : [createNewOrder][Create Order][from shanghai to taiyuan at 1970-01-02 18:17:36]
2026-03-18 10:01:13.478  INFO 1 --- [io-12031-exec-9] order.service.OrderServiceImpl           : [create][Create Order][Ready to Create Order]
2026-03-18 10:01:13.494  INFO 1 --- [io-12031-exec-9] order.service.OrderServiceImpl           : [create][Order Create Success][Order Price][OrderId:a6f50431-9df0-4c2e-9b9f-322461bdbfd6 , Price: 0.0]
2026-03-18 10:01:13.763  INFO 1 --- [io-12031-exec-1] order.controller.OrderController         : [createNewOrder][Create Order][from shanghai to taiyuan at 1970-01-02 18:17:36]
2026-03-18 10:01:13.763  INFO 1 --- [io-12031-exec-1] order.service.OrderServiceImpl           : [create][Create Order][Ready to Create Order]
2026-03-18 10:01:13.778  INFO 1 --- [io-12031-exec-1] order.service.OrderServiceImpl           : [create][Order Create Success][Order Price][OrderId:08ac2d18-b7b4-45ff-af3a-90c0b221ce20 , Price: 0.0]
2026-03-18 10:01:14.060  INFO 1 --- [io-12031-exec-3] order.controller.OrderController         : [createNewOrder][Create Order][from shanghai to taiyuan at 1970-01-02 18:17:36]
2026-03-18 10:01:14.060  INFO 1 --- [io-12031-exec-3] order.service.OrderServiceImpl           : [create][Create Order][Ready to Create Order]
2026-03-18 10:01:14.076  INFO 1 --- [io-12031-exec-3] order.service.OrderServiceImpl           : [create][Order Create Success][Order Price][OrderId:8f5f8fe4-7a74-4bb7-968c-e0a48099025d , Price: 0.0]
2026-03-18 10:01:14.353  INFO 1 --- [io-12031-exec-2] order.controller.OrderController         : [createNewOrder][Create Order][from shanghai to taiyuan at 1970-01-02 18:17:36]
2026-03-18 10:01:14.353  INFO 1 --- [io-12031-exec-2] order.service.OrderServiceImpl           : [create][Create Order][Ready to Create Order]
2026-03-18 10:01:14.370  INFO 1 --- [io-12031-exec-2] order.service.OrderServiceImpl           : [create][Order Create Success][Order Price][OrderId:56c87547-5867-48dc-9ee1-6a5618ba67b3 , Price: 0.0]
2026-03-18 10:01:14.945  INFO 1 --- [io-12031-exec-5] order.controller.OrderController         : [createNewOrder][Create Order][from shanghai to taiyuan at 1970-01-02 18:17:36]
2026-03-18 10:01:14.946  INFO 1 --- [io-12031-exec-5] order.service.OrderServiceImpl           : [create][Create Order][Ready to Create Order]
2026-03-18 10:01:14.961  INFO 1 --- [io-12031-exec-5] order.service.OrderServiceImpl           : [create][Order Create Success][Order Price][OrderId:37bc5327-a67a-4274-9b89-852fc3ccd1d5 , Price: 0.0]
2026-03-18 10:01:15.254  INFO 1 --- [io-12031-exec-4] order.controller.OrderController         : [createNewOrder][Create Order][from shanghai to taiyuan at 1970-01-02 18:17:36]
2026-03-18 10:01:15.254  INFO 1 --- [io-12031-exec-4] order.service.OrderServiceImpl           : [create][Create Order][Ready to Create Order]
2026-03-18 10:01:15.269  INFO 1 --- [io-12031-exec-4] order.service.OrderServiceImpl           : [create][Order Create Success][Order Price][OrderId:3c6be8d1-2b99-449f-b35f-d93f56b577e5 , Price: 0.0]
2026-03-18 10:01:15.552  INFO 1 --- [io-12031-exec-6] order.controller.OrderController         : [createNewOrder][Create Order][from shanghai to taiyuan at 1970-01-02 18:17:36]
2026-03-18 10:01:15.552  INFO 1 --- [io-12031-exec-6] order.service.OrderServiceImpl           : [create][Create Order][Ready to Create Order]
2026-03-18 10:01:15.677  INFO 1 --- [io-12031-exec-6] order.service.OrderServiceImpl           : [create][Order Create Success][Order Price][OrderId:87a838a5-279a-4256-b93b-a35f90dbce6e , Price: 0.0]
2026-03-18 10:01:15.957  INFO 1 --- [io-12031-exec-7] order.controller.OrderController         : [createNewOrder][Create Order][from shanghai to taiyuan at 1970-01-02 18:17:36]
2026-03-18 10:01:15.957  INFO 1 --- [io-12031-exec-7] order.service.OrderServiceImpl           : [create][Create Order][Ready to Create Order]
2026-03-18 10:01:15.974  INFO 1 --- [io-12031-exec-7] order.service.OrderServiceImpl           : [create][Order Create Success][Order Price][OrderId:9df27076-49be-407f-84f5-09bfe5745f1b , Price: 0.0]
2026-03-18 10:01:16.256  INFO 1 --- [io-12031-exec-8] order.controller.OrderController         : [createNewOrder][Create Order][from shanghai to taiyuan at 1970-01-02 18:17:36]
2026-03-18 10:01:16.256  INFO 1 --- [io-12031-exec-8] order.service.OrderServiceImpl           : [create][Create Order][Ready to Create Order]
2026-03-18 10:01:16.274  INFO 1 --- [io-12031-exec-8] order.service.OrderServiceImpl           : [create][Order Create Success][Order Price][OrderId:4ca29449-5f04-4237-8ff6-36d51ddecbd9 , Price: 0.0]
2026-03-18 10:01:16.571  INFO 1 --- [o-12031-exec-10] order.controller.OrderController         : [createNewOrder][Create Order][from shanghai to taiyuan at 1970-01-02 18:17:36]
2026-03-18 10:01:16.571  INFO 1 --- [o-12031-exec-10] order.service.OrderServiceImpl           : [create][Create Order][Ready to Create Order]
2026-03-18 10:01:16.587  INFO 1 --- [o-12031-exec-10] order.service.OrderServiceImpl           : [create][Order Create Success][Order Price][OrderId:28048efc-677f-4fb1-90cf-515c926ec1cb , Price: 0.0]
2026-03-18 10:01:16.863  INFO 1 --- [io-12031-exec-9] order.controller.OrderController         : [createNewOrder][Create Order][from shanghai to taiyuan at 1970-01-02 18:17:36]
2026-03-18 10:01:16.863  INFO 1 --- [io-12031-exec-9] order.service.OrderServiceImpl           : [create][Create Order][Ready to Create Order]
2026-03-18 10:01:16.877  INFO 1 --- [io-12031-exec-9] order.service.OrderServiceImpl           : [create][Order Create Success][Order Price][OrderId:1ae688ad-09c5-4213-83dc-747887da2aa5 , Price: 0.0]
2026-03-18 10:01:17.154  INFO 1 --- [io-12031-exec-1] order.controller.OrderController         : [createNewOrder][Create Order][from shanghai to taiyuan at 1970-01-02 18:17:36]
2026-03-18 10:01:17.154  INFO 1 --- [io-12031-exec-1] order.service.OrderServiceImpl           : [create][Create Order][Ready to Create Order]
2026-03-18 10:01:17.170  INFO 1 --- [io-12031-exec-1] order.service.OrderServiceImpl           : [create][Order Create Success][Order Price][OrderId:e5213caf-d6b2-432f-b7a3-4821c30b659a , Price: 0.0]
2026-03-18 10:01:17.445  INFO 1 --- [io-12031-exec-3] order.controller.OrderController         : [createNewOrder][Create Order][from shanghai to taiyuan at 1970-01-02 18:17:36]
2026-03-18 10:01:17.445  INFO 1 --- [io-12031-exec-3] order.service.OrderServiceImpl           : [create][Create Order][Ready to Create Order]
2026-03-18 10:01:17.461  INFO 1 --- [io-12031-exec-3] order.service.OrderServiceImpl           : [create][Order Create Success][Order Price][OrderId:855feca5-9344-4f06-b9de-474bc27321f0 , Price: 0.0]
2026-03-18 10:01:17.751  INFO 1 --- [io-12031-exec-2] order.controller.OrderController         : [createNewOrder][Create Order][from shanghai to taiyuan at 1970-01-02 18:17:36]
2026-03-18 10:01:17.751  INFO 1 --- [io-12031-exec-2] order.service.OrderServiceImpl           : [create][Create Order][Ready to Create Order]
2026-03-18 10:01:17.768  INFO 1 --- [io-12031-exec-2] order.service.OrderServiceImpl           : [create][Order Create Success][Order Price][OrderId:c9d9f8d7-ec81-413e-b10d-65f2ae1d92be , Price: 0.0]
2026-03-18 10:01:18.062  INFO 1 --- [io-12031-exec-5] order.controller.OrderController         : [createNewOrder][Create Order][from shanghai to taiyuan at 1970-01-02 18:17:36]
2026-03-18 10:01:18.063  INFO 1 --- [io-12031-exec-5] order.service.OrderServiceImpl           : [create][Create Order][Ready to Create Order]
2026-03-18 10:01:18.189  INFO 1 --- [io-12031-exec-5] order.service.OrderServiceImpl           : [create][Order Create Success][Order Price][OrderId:74ed27c1-0e0f-49ba-8fbd-7aacb6c20820 , Price: 0.0]
2026-03-18 10:01:18.461  INFO 1 --- [io-12031-exec-4] order.controller.OrderController         : [createNewOrder][Create Order][from shanghai to taiyuan at 1970-01-02 18:17:36]
2026-03-18 10:01:18.461  INFO 1 --- [io-12031-exec-4] order.service.OrderServiceImpl           : [create][Create Order][Ready to Create Order]
2026-03-18 10:01:18.478  INFO 1 --- [io-12031-exec-4] order.service.OrderServiceImpl           : [create][Order Create Success][Order Price][OrderId:b9483a6b-6c62-4504-81c5-92196eb25523 , Price: 0.0]
2026-03-18 10:01:18.764  INFO 1 --- [io-12031-exec-6] order.controller.OrderController         : [createNewOrder][Create Order][from shanghai to taiyuan at 1970-01-02 18:17:36]
2026-03-18 10:01:18.764  INFO 1 --- [io-12031-exec-6] order.service.OrderServiceImpl           : [create][Create Order][Ready to Create Order]
2026-03-18 10:01:18.780  INFO 1 --- [io-12031-exec-6] order.service.OrderServiceImpl           : [create][Order Create Success][Order Price][OrderId:7980d9f3-c92b-4aaf-b873-472dae533bbc , Price: 0.0]
2026-03-18 10:01:19.059  INFO 1 --- [io-12031-exec-7] order.controller.OrderController         : [createNewOrder][Create Order][from shanghai to taiyuan at 1970-01-02 18:17:36]
2026-03-18 10:01:19.059  INFO 1 --- [io-12031-exec-7] order.service.OrderServiceImpl           : [create][Create Order][Ready to Create Order]
2026-03-18 10:01:19.073  INFO 1 --- [io-12031-exec-7] order.service.OrderServiceImpl           : [create][Order Create Success][Order Price][OrderId:f4562e4d-ac67-432f-a0ba-f1f0d6429f66 , Price: 0.0]
2026-03-18 10:01:19.352  INFO 1 --- [io-12031-exec-8] order.controller.OrderController         : [createNewOrder][Create Order][from shanghai to taiyuan at 1970-01-02 18:17:36]
2026-03-18 10:01:19.352  INFO 1 --- [io-12031-exec-8] order.service.OrderServiceImpl           : [create][Create Order][Ready to Create Order]
2026-03-18 10:01:19.367  INFO 1 --- [io-12031-exec-8] order.service.OrderServiceImpl           : [create][Order Create Success][Order Price][OrderId:e37553eb-33b4-4384-9bf7-7e028ed5158d , Price: 0.0]
2026-03-18 10:01:19.654  INFO 1 --- [o-12031-exec-10] order.controller.OrderController         : [createNewOrder][Create Order][from shanghai to taiyuan at 1970-01-02 18:17:36]
2026-03-18 10:01:19.654  INFO 1 --- [o-12031-exec-10] order.service.OrderServiceImpl           : [create][Create Order][Ready to Create Order]
2026-03-18 10:01:19.671  INFO 1 --- [o-12031-exec-10] order.service.OrderServiceImpl           : [create][Order Create Success][Order Price][OrderId:693003c8-91b0-4e96-85c6-20ec2c7eb628 , Price: 0.0]
2026-03-18 10:01:19.963  INFO 1 --- [io-12031-exec-9] order.controller.OrderController         : [createNewOrder][Create Order][from shanghai to taiyuan at 1970-01-02 18:17:36]
2026-03-18 10:01:19.963  INFO 1 --- [io-12031-exec-9] order.service.OrderServiceImpl           : [create][Create Order][Ready to Create Order]
2026-03-18 10:01:19.980  INFO 1 --- [io-12031-exec-9] order.service.OrderServiceImpl           : [create][Order Create Success][Order Price][OrderId:b5e48f97-b476-4b51-9b31-e721b3ee3310 , Price: 0.0]
2026-03-18 10:01:20.268  INFO 1 --- [io-12031-exec-1] order.controller.OrderController         : [createNewOrder][Create Order][from shanghai to taiyuan at 1970-01-02 18:17:36]
2026-03-18 10:01:20.268  INFO 1 --- [io-12031-exec-1] order.service.OrderServiceImpl           : [create][Create Order][Ready to Create Order]
2026-03-18 10:01:20.285  INFO 1 --- [io-12031-exec-1] order.service.OrderServiceImpl           : [create][Order Create Success][Order Price][OrderId:e8ba8aab-e910-4a04-babc-2fa8e4e92fbd , Price: 0.0]
2026-03-18 10:01:20.571  INFO 1 --- [io-12031-exec-3] order.controller.OrderController         : [createNewOrder][Create Order][from shanghai to taiyuan at 1970-01-02 18:17:36]
2026-03-18 10:01:20.571  INFO 1 --- [io-12031-exec-3] order.service.OrderServiceImpl           : [create][Create Order][Ready to Create Order]
2026-03-18 10:01:20.673  INFO 1 --- [io-12031-exec-3] order.service.OrderServiceImpl           : [create][Order Create Success][Order Price][OrderId:9fa449c6-a80b-4052-9824-106b92ea8945 , Price: 0.0]
2026-03-18 10:01:20.958  INFO 1 --- [io-12031-exec-2] order.controller.OrderController         : [createNewOrder][Create Order][from shanghai to taiyuan at 1970-01-02 18:17:36]
2026-03-18 10:01:20.958  INFO 1 --- [io-12031-exec-2] order.service.OrderServiceImpl           : [create][Create Order][Ready to Create Order]
2026-03-18 10:01:20.975  INFO 1 --- [io-12031-exec-2] order.service.OrderServiceImpl           : [create][Order Create Success][Order Price][OrderId:65cb8a51-fa24-43a8-b87a-57aa957669c0 , Price: 0.0]
2026-03-18 10:01:21.271  INFO 1 --- [io-12031-exec-4] order.controller.OrderController         : [createNewOrder][Create Order][from shanghai to taiyuan at 1970-01-02 18:17:36]
2026-03-18 10:01:21.271  INFO 1 --- [io-12031-exec-4] order.service.OrderServiceImpl           : [create][Create Order][Ready to Create Order]
2026-03-18 10:01:21.291  INFO 1 --- [io-12031-exec-4] order.service.OrderServiceImpl           : [create][Order Create Success][Order Price][OrderId:e4e2a737-407a-478e-83a5-799c5faaa8b2 , Price: 0.0]
2026-03-18 10:01:21.566  INFO 1 --- [io-12031-exec-6] order.controller.OrderController         : [createNewOrder][Create Order][from shanghai to taiyuan at 1970-01-02 18:17:36]
2026-03-18 10:01:21.566  INFO 1 --- [io-12031-exec-6] order.service.OrderServiceImpl           : [create][Create Order][Ready to Create Order]
2026-03-18 10:01:21.584  INFO 1 --- [io-12031-exec-6] order.service.OrderServiceImpl           : [create][Order Create Success][Order Price][OrderId:0718ebf2-6c03-4a55-bce3-2469d05fb548 , Price: 0.0]
2026-03-18 10:01:21.867  INFO 1 --- [io-12031-exec-7] order.controller.OrderController         : [createNewOrder][Create Order][from shanghai to taiyuan at 1970-01-02 18:17:36]
2026-03-18 10:01:21.867  INFO 1 --- [io-12031-exec-7] order.service.OrderServiceImpl           : [create][Create Order][Ready to Create Order]
2026-03-18 10:01:21.885  INFO 1 --- [io-12031-exec-7] order.service.OrderServiceImpl           : [create][Order Create Success][Order Price][OrderId:1e1cc8ac-1e7b-44a2-a570-20d957aa424a , Price: 0.0]
2026-03-18 10:01:22.167  INFO 1 --- [io-12031-exec-8] order.controller.OrderController         : [createNewOrder][Create Order][from shanghai to taiyuan at 1970-01-02 18:17:36]
2026-03-18 10:01:22.167  INFO 1 --- [io-12031-exec-8] order.service.OrderServiceImpl           : [create][Create Order][Ready to Create Order]
2026-03-18 10:01:22.185  INFO 1 --- [io-12031-exec-8] order.service.OrderServiceImpl           : [create][Order Create Success][Order Price][OrderId:68aa2196-c1ee-48a9-9183-e451d6da0dba , Price: 0.0]
2026-03-18 10:01:22.469  INFO 1 --- [o-12031-exec-10] order.controller.OrderController         : [createNewOrder][Create Order][from shanghai to taiyuan at 1970-01-02 18:17:36]
2026-03-18 10:01:22.469  INFO 1 --- [o-12031-exec-10] order.service.OrderServiceImpl           : [create][Create Order][Ready to Create Order]
2026-03-18 10:01:22.487  INFO 1 --- [o-12031-exec-10] order.service.OrderServiceImpl           : [create][Order Create Success][Order Price][OrderId:63ba36ae-4983-4897-8f25-341997b58b13 , Price: 0.0]
2026-03-18 10:01:22.775  INFO 1 --- [io-12031-exec-9] order.controller.OrderController         : [createNewOrder][Create Order][from shanghai to taiyuan at 1970-01-02 18:17:36]
2026-03-18 10:01:22.775  INFO 1 --- [io-12031-exec-9] order.service.OrderServiceImpl           : [create][Create Order][Ready to Create Order]
2026-03-18 10:01:22.792  INFO 1 --- [io-12031-exec-9] order.service.OrderServiceImpl           : [create][Order Create Success][Order Price][OrderId:42c8301d-19e0-47a3-a201-a25ab6c20c03 , Price: 0.0]
2026-03-18 10:01:23.070  INFO 1 --- [io-12031-exec-1] order.controller.OrderController         : [createNewOrder][Create Order][from shanghai to taiyuan at 1970-01-02 18:17:36]
2026-03-18 10:01:23.070  INFO 1 --- [io-12031-exec-1] order.service.OrderServiceImpl           : [create][Create Order][Ready to Create Order]
2026-03-18 10:01:23.182  INFO 1 --- [io-12031-exec-1] order.service.OrderServiceImpl           : [create][Order Create Success][Order Price][OrderId:9a70cd22-1ab9-410c-bda2-927e76ff20b9 , Price: 0.0]
2026-03-18 10:01:23.465  INFO 1 --- [io-12031-exec-3] order.controller.OrderController         : [createNewOrder][Create Order][from shanghai to taiyuan at 1970-01-02 18:17:36]
2026-03-18 10:01:23.465  INFO 1 --- [io-12031-exec-3] order.service.OrderServiceImpl           : [create][Create Order][Ready to Create Order]
2026-03-18 10:01:23.481  INFO 1 --- [io-12031-exec-3] order.service.OrderServiceImpl           : [create][Order Create Success][Order Price][OrderId:114cf5b0-0592-4ca4-86f2-ea492d98644b , Price: 0.0]
2026-03-18 10:01:23.762  INFO 1 --- [io-12031-exec-2] order.controller.OrderController         : [createNewOrder][Create Order][from shanghai to taiyuan at 1970-01-02 18:17:36]
2026-03-18 10:01:23.762  INFO 1 --- [io-12031-exec-2] order.service.OrderServiceImpl           : [create][Create Order][Ready to Create Order]
2026-03-18 10:01:23.778  INFO 1 --- [io-12031-exec-2] order.service.OrderServiceImpl           : [create][Order Create Success][Order Price][OrderId:29556810-4ed3-48c5-8ee7-87819a8a56cc , Price: 0.0]
2026-03-18 10:01:24.063  INFO 1 --- [io-12031-exec-5] order.controller.OrderController         : [createNewOrder][Create Order][from shanghai to taiyuan at 1970-01-02 18:17:36]
2026-03-18 10:01:24.063  INFO 1 --- [io-12031-exec-5] order.service.OrderServiceImpl           : [create][Create Order][Ready to Create Order]
2026-03-18 10:01:24.080  INFO 1 --- [io-12031-exec-5] order.service.OrderServiceImpl           : [create][Order Create Success][Order Price][OrderId:85771af1-5308-4631-ada9-0e040455da0a , Price: 0.0]
2026-03-18 10:01:24.368  INFO 1 --- [io-12031-exec-4] order.controller.OrderController         : [createNewOrder][Create Order][from shanghai to taiyuan at 1970-01-02 18:17:36]
2026-03-18 10:01:24.368  INFO 1 --- [io-12031-exec-4] order.service.OrderServiceImpl           : [create][Create Order][Ready to Create Order]
2026-03-18 10:01:24.385  INFO 1 --- [io-12031-exec-4] order.service.OrderServiceImpl           : [create][Order Create Success][Order Price][OrderId:31586f08-9dc7-414f-b5d3-e6ca92e5eb5b , Price: 0.0]
2026-03-18 10:01:24.658  INFO 1 --- [io-12031-exec-6] order.controller.OrderController         : [createNewOrder][Create Order][from shanghai to taiyuan at 1970-01-02 18:17:36]
2026-03-18 10:01:24.658  INFO 1 --- [io-12031-exec-6] order.service.OrderServiceImpl           : [create][Create Order][Ready to Create Order]
2026-03-18 10:01:24.675  INFO 1 --- [io-12031-exec-6] order.service.OrderServiceImpl           : [create][Order Create Success][Order Price][OrderId:60f15144-3e0f-47c4-98a0-4e1c7533e79b , Price: 0.0]
2026-03-18 10:01:24.966  INFO 1 --- [io-12031-exec-7] order.controller.OrderController         : [createNewOrder][Create Order][from shanghai to taiyuan at 1970-01-02 18:17:36]
2026-03-18 10:01:24.966  INFO 1 --- [io-12031-exec-7] order.service.OrderServiceImpl           : [create][Create Order][Ready to Create Order]
2026-03-18 10:01:24.983  INFO 1 --- [io-12031-exec-7] order.service.OrderServiceImpl           : [create][Order Create Success][Order Price][OrderId:1768c5e0-8dae-4797-bb52-04952d66203a , Price: 0.0]
2026-03-18 10:01:25.261  INFO 1 --- [io-12031-exec-8] order.controller.OrderController         : [createNewOrder][Create Order][from shanghai to taiyuan at 1970-01-02 18:17:36]
2026-03-18 10:01:25.261  INFO 1 --- [io-12031-exec-8] order.service.OrderServiceImpl           : [create][Create Order][Ready to Create Order]
2026-03-18 10:01:25.290  INFO 1 --- [io-12031-exec-8] order.service.OrderServiceImpl           : [create][Order Create Success][Order Price][OrderId:9ed61287-47c0-498f-8894-564db87c9b24 , Price: 0.0]
2026-03-18 10:01:25.573  INFO 1 --- [o-12031-exec-10] order.controller.OrderController         : [createNewOrder][Create Order][from shanghai to taiyuan at 1970-01-02 18:17:36]
2026-03-18 10:01:25.573  INFO 1 --- [o-12031-exec-10] order.service.OrderServiceImpl           : [create][Create Order][Ready to Create Order]
2026-03-18 10:01:25.593  INFO 1 --- [o-12031-exec-10] order.service.OrderServiceImpl           : [create][Order Create Success][Order Price][OrderId:9ace2e11-52f1-4b88-b786-680d372f283c , Price: 0.0]
2026-03-18 10:01:25.867  INFO 1 --- [io-12031-exec-9] order.controller.OrderController         : [createNewOrder][Create Order][from shanghai to taiyuan at 1970-01-02 18:17:36]
2026-03-18 10:01:25.867  INFO 1 --- [io-12031-exec-9] order.service.OrderServiceImpl           : [create][Create Order][Ready to Create Order]
2026-03-18 10:01:25.884  INFO 1 --- [io-12031-exec-9] order.service.OrderServiceImpl           : [create][Order Create Success][Order Price][OrderId:d742b862-aed2-4966-ab54-46ae1b102298 , Price: 0.0]
2026-03-18 10:01:26.164  INFO 1 --- [io-12031-exec-1] order.controller.OrderController         : [createNewOrder][Create Order][from shanghai to taiyuan at 1970-01-02 18:17:36]
2026-03-18 10:01:26.164  INFO 1 --- [io-12031-exec-1] order.service.OrderServiceImpl           : [create][Create Order][Ready to Create Order]
2026-03-18 10:01:26.182  INFO 1 --- [io-12031-exec-1] order.service.OrderServiceImpl           : [create][Order Create Success][Order Price][OrderId:cfca13b4-3df0-450f-bfa0-f04ebf4a0f42 , Price: 0.0]
2026-03-18 10:01:26.577  INFO 1 --- [io-12031-exec-3] order.controller.OrderController         : [createNewOrder][Create Order][from shanghai to taiyuan at 1970-01-02 18:17:36]
2026-03-18 10:01:26.577  INFO 1 --- [io-12031-exec-3] order.service.OrderServiceImpl           : [create][Create Order][Ready to Create Order]
2026-03-18 10:01:26.593  INFO 1 --- [io-12031-exec-3] order.service.OrderServiceImpl           : [create][Order Create Success][Order Price][OrderId:3c8d7b9c-ed14-442b-803b-09afb5c3d1e6 , Price: 0.0]
2026-03-18 10:01:26.861  INFO 1 --- [io-12031-exec-2] order.controller.OrderController         : [createNewOrder][Create Order][from shanghai to taiyuan at 1970-01-02 18:17:36]
2026-03-18 10:01:26.861  INFO 1 --- [io-12031-exec-2] order.service.OrderServiceImpl           : [create][Create Order][Ready to Create Order]
2026-03-18 10:01:26.877  INFO 1 --- [io-12031-exec-2] order.service.OrderServiceImpl           : [create][Order Create Success][Order Price][OrderId:ce47b189-bca9-4bc1-a61d-aed8cfb1ed50 , Price: 0.0]
2026-03-18 10:01:27.156  INFO 1 --- [io-12031-exec-5] order.controller.OrderController         : [createNewOrder][Create Order][from shanghai to taiyuan at 1970-01-02 18:17:36]
2026-03-18 10:01:27.156  INFO 1 --- [io-12031-exec-5] order.service.OrderServiceImpl           : [create][Create Order][Ready to Create Order]
2026-03-18 10:01:27.174  INFO 1 --- [io-12031-exec-5] order.service.OrderServiceImpl           : [create][Order Create Success][Order Price][OrderId:1d7b178e-c1c1-4222-9b5d-a08133ad81cc , Price: 0.0]
2026-03-18 10:01:27.459  INFO 1 --- [io-12031-exec-4] order.controller.OrderController         : [createNewOrder][Create Order][from shanghai to taiyuan at 1970-01-02 18:17:36]
2026-03-18 10:01:27.459  INFO 1 --- [io-12031-exec-4] order.service.OrderServiceImpl           : [create][Create Order][Ready to Create Order]
2026-03-18 10:01:27.477  INFO 1 --- [io-12031-exec-4] order.service.OrderServiceImpl           : [create][Order Create Success][Order Price][OrderId:4e1edd01-3db9-4aba-9858-016dbc67339c , Price: 0.0]
2026-03-18 10:01:27.855  INFO 1 --- [io-12031-exec-6] order.controller.OrderController         : [createNewOrder][Create Order][from shanghai to taiyuan at 1970-01-02 18:17:36]
2026-03-18 10:01:27.855  INFO 1 --- [io-12031-exec-6] order.service.OrderServiceImpl           : [create][Create Order][Ready to Create Order]
2026-03-18 10:01:27.880  INFO 1 --- [io-12031-exec-6] order.service.OrderServiceImpl           : [create][Order Create Success][Order Price][OrderId:0d4c4e9f-c9a4-4191-9e6b-99a7735af46f , Price: 0.0]
2026-03-18 10:01:28.167  INFO 1 --- [io-12031-exec-7] order.controller.OrderController         : [createNewOrder][Create Order][from shanghai to taiyuan at 1970-01-02 18:17:36]
2026-03-18 10:01:28.167  INFO 1 --- [io-12031-exec-7] order.service.OrderServiceImpl           : [create][Create Order][Ready to Create Order]
2026-03-18 10:01:28.183  INFO 1 --- [io-12031-exec-7] order.service.OrderServiceImpl           : [create][Order Create Success][Order Price][OrderId:242f9a23-45b8-44e6-bdd4-9f7c005b252a , Price: 0.0]
2026-03-18 10:01:28.466  INFO 1 --- [io-12031-exec-8] order.controller.OrderController         : [createNewOrder][Create Order][from shanghai to taiyuan at 1970-01-02 18:17:36]
2026-03-18 10:01:28.466  INFO 1 --- [io-12031-exec-8] order.service.OrderServiceImpl           : [create][Create Order][Ready to Create Order]
2026-03-18 10:01:28.485  INFO 1 --- [io-12031-exec-8] order.service.OrderServiceImpl           : [create][Order Create Success][Order Price][OrderId:5d8719e6-d120-490c-b118-6bfc3987937e , Price: 0.0]
2026-03-18 10:01:28.762  INFO 1 --- [o-12031-exec-10] order.controller.OrderController         : [createNewOrder][Create Order][from shanghai to taiyuan at 1970-01-02 18:17:36]
2026-03-18 10:01:28.762  INFO 1 --- [o-12031-exec-10] order.service.OrderServiceImpl           : [create][Create Order][Ready to Create Order]
2026-03-18 10:01:28.779  INFO 1 --- [o-12031-exec-10] order.service.OrderServiceImpl           : [create][Order Create Success][Order Price][OrderId:3e030862-3684-4e92-a6f3-bac6bf876895 , Price: 0.0]
2026-03-18 10:01:29.062  INFO 1 --- [io-12031-exec-9] order.controller.OrderController         : [createNewOrder][Create Order][from shanghai to taiyuan at 1970-01-02 18:17:36]
2026-03-18 10:01:29.062  INFO 1 --- [io-12031-exec-9] order.service.OrderServiceImpl           : [create][Create Order][Ready to Create Order]
2026-03-18 10:01:29.079  INFO 1 --- [io-12031-exec-9] order.service.OrderServiceImpl           : [create][Order Create Success][Order Price][OrderId:8365ea2b-8337-4212-bed9-5d7abd8b014f , Price: 0.0]
2026-03-18 10:01:29.362  INFO 1 --- [io-12031-exec-1] order.controller.OrderController         : [createNewOrder][Create Order][from shanghai to taiyuan at 1970-01-02 18:17:36]
2026-03-18 10:01:29.362  INFO 1 --- [io-12031-exec-1] order.service.OrderServiceImpl           : [create][Create Order][Ready to Create Order]
2026-03-18 10:01:29.378  INFO 1 --- [io-12031-exec-1] order.service.OrderServiceImpl           : [create][Order Create Success][Order Price][OrderId:10e33ceb-d3f2-43e1-8d82-f779a6b54748 , Price: 0.0]
2026-03-18 10:01:29.668  INFO 1 --- [io-12031-exec-3] order.controller.OrderController         : [createNewOrder][Create Order][from shanghai to taiyuan at 1970-01-02 18:17:36]
2026-03-18 10:01:29.668  INFO 1 --- [io-12031-exec-3] order.service.OrderServiceImpl           : [create][Create Order][Ready to Create Order]
2026-03-18 10:01:29.684  INFO 1 --- [io-12031-exec-3] order.service.OrderServiceImpl           : [create][Order Create Success][Order Price][OrderId:a526a001-185a-466a-964d-5f3e6077c2f8 , Price: 0.0]
2026-03-18 10:01:29.965  INFO 1 --- [io-12031-exec-2] order.controller.OrderController         : [createNewOrder][Create Order][from shanghai to taiyuan at 1970-01-02 18:17:36]
2026-03-18 10:01:29.965  INFO 1 --- [io-12031-exec-2] order.service.OrderServiceImpl           : [create][Create Order][Ready to Create Order]
2026-03-18 10:01:29.983  INFO 1 --- [io-12031-exec-2] order.service.OrderServiceImpl           : [create][Order Create Success][Order Price][OrderId:eeb9fe1c-f632-4e64-af35-125f7de3ddcc , Price: 0.0]
2026-03-18 10:01:30.261  INFO 1 --- [io-12031-exec-5] order.controller.OrderController         : [createNewOrder][Create Order][from shanghai to taiyuan at 1970-01-02 18:17:36]
2026-03-18 10:01:30.261  INFO 1 --- [io-12031-exec-5] order.service.OrderServiceImpl           : [create][Create Order][Ready to Create Order]
2026-03-18 10:01:30.388  INFO 1 --- [io-12031-exec-5] order.service.OrderServiceImpl           : [create][Order Create Success][Order Price][OrderId:9031d307-9284-4264-99bb-dbf48b90a14c , Price: 0.0]
2026-03-18 10:01:30.676  INFO 1 --- [io-12031-exec-4] order.controller.OrderController         : [createNewOrder][Create Order][from shanghai to taiyuan at 1970-01-02 18:17:36]
2026-03-18 10:01:30.676  INFO 1 --- [io-12031-exec-4] order.service.OrderServiceImpl           : [create][Create Order][Ready to Create Order]
2026-03-18 10:01:30.696  INFO 1 --- [io-12031-exec-4] order.service.OrderServiceImpl           : [create][Order Create Success][Order Price][OrderId:b2504ce9-590e-4ccf-b13c-97cba5b014c2 , Price: 0.0]
2026-03-18 10:01:30.966  INFO 1 --- [io-12031-exec-6] order.controller.OrderController         : [createNewOrder][Create Order][from shanghai to taiyuan at 1970-01-02 18:17:36]
2026-03-18 10:01:30.967  INFO 1 --- [io-12031-exec-6] order.service.OrderServiceImpl           : [create][Create Order][Ready to Create Order]
2026-03-18 10:01:30.986  INFO 1 --- [io-12031-exec-6] order.service.OrderServiceImpl           : [create][Order Create Success][Order Price][OrderId:adb00240-06ae-4dc0-8fd9-2066bb4ba7a8 , Price: 0.0]
2026-03-18 10:01:31.270  INFO 1 --- [io-12031-exec-8] order.controller.OrderController         : [createNewOrder][Create Order][from shanghai to taiyuan at 1970-01-02 18:17:36]
2026-03-18 10:01:31.270  INFO 1 --- [io-12031-exec-8] order.service.OrderServiceImpl           : [create][Create Order][Ready to Create Order]
2026-03-18 10:01:31.285  INFO 1 --- [io-12031-exec-8] order.service.OrderServiceImpl           : [create][Order Create Success][Order Price][OrderId:e22a51cb-0d3a-4141-9c2a-97c4db189aea , Price: 0.0]
2026-03-18 10:01:31.565  INFO 1 --- [o-12031-exec-10] order.controller.OrderController         : [createNewOrder][Create Order][from shanghai to taiyuan at 1970-01-02 18:17:36]
2026-03-18 10:01:31.565  INFO 1 --- [o-12031-exec-10] order.service.OrderServiceImpl           : [create][Create Order][Ready to Create Order]
2026-03-18 10:01:31.582  INFO 1 --- [o-12031-exec-10] order.service.OrderServiceImpl           : [create][Order Create Success][Order Price][OrderId:5778b4dc-5bee-4d99-80c9-58e1cf86c424 , Price: 0.0]
2026-03-18 10:01:31.863  INFO 1 --- [io-12031-exec-9] order.controller.OrderController         : [createNewOrder][Create Order][from shanghai to taiyuan at 1970-01-02 18:17:36]
2026-03-18 10:01:31.863  INFO 1 --- [io-12031-exec-9] order.service.OrderServiceImpl           : [create][Create Order][Ready to Create Order]
2026-03-18 10:01:31.880  INFO 1 --- [io-12031-exec-9] order.service.OrderServiceImpl           : [create][Order Create Success][Order Price][OrderId:60f9b7bb-2702-418a-9259-59d114862740 , Price: 0.0]
2026-03-18 10:01:32.171  INFO 1 --- [io-12031-exec-1] order.controller.OrderController         : [createNewOrder][Create Order][from shanghai to taiyuan at 1970-01-02 18:17:36]
2026-03-18 10:01:32.172  INFO 1 --- [io-12031-exec-1] order.service.OrderServiceImpl           : [create][Create Order][Ready to Create Order]
2026-03-18 10:01:32.189  INFO 1 --- [io-12031-exec-1] order.service.OrderServiceImpl           : [create][Order Create Success][Order Price][OrderId:7559c438-6860-409a-a921-efc6f328ef02 , Price: 0.0]
2026-03-18 10:01:32.543  INFO 1 --- [io-12031-exec-3] order.controller.OrderController         : [createNewOrder][Create Order][from shanghai to taiyuan at 1970-01-02 18:17:36]
2026-03-18 10:01:32.543  INFO 1 --- [io-12031-exec-3] order.service.OrderServiceImpl           : [create][Create Order][Ready to Create Order]
2026-03-18 10:01:32.560  INFO 1 --- [io-12031-exec-3] order.service.OrderServiceImpl           : [create][Order Create Success][Order Price][OrderId:43d7a48a-0e85-46c1-b83c-a831dd114a97 , Price: 0.0]
2026-03-18 10:01:32.865  INFO 1 --- [io-12031-exec-2] order.controller.OrderController         : [createNewOrder][Create Order][from shanghai to taiyuan at 1970-01-02 18:17:36]
2026-03-18 10:01:32.865  INFO 1 --- [io-12031-exec-2] order.service.OrderServiceImpl           : [create][Create Order][Ready to Create Order]
2026-03-18 10:01:32.985  INFO 1 --- [io-12031-exec-2] order.service.OrderServiceImpl           : [create][Order Create Success][Order Price][OrderId:5a5dba25-4e58-4937-83ef-4287a9bfdc62 , Price: 0.0]
2026-03-18 10:01:33.265  INFO 1 --- [io-12031-exec-5] order.controller.OrderController         : [createNewOrder][Create Order][from shanghai to taiyuan at 1970-01-02 18:17:36]
2026-03-18 10:01:33.265  INFO 1 --- [io-12031-exec-5] order.service.OrderServiceImpl           : [create][Create Order][Ready to Create Order]
2026-03-18 10:01:33.287  INFO 1 --- [io-12031-exec-5] order.service.OrderServiceImpl           : [create][Order Create Success][Order Price][OrderId:3be2f298-54cb-4461-a77c-4bd8e7590bdf , Price: 0.0]
2026-03-18 10:01:33.565  INFO 1 --- [io-12031-exec-4] order.controller.OrderController         : [createNewOrder][Create Order][from shanghai to taiyuan at 1970-01-02 18:17:36]
2026-03-18 10:01:33.566  INFO 1 --- [io-12031-exec-4] order.service.OrderServiceImpl           : [create][Create Order][Ready to Create Order]
2026-03-18 10:01:33.581  INFO 1 --- [io-12031-exec-4] order.service.OrderServiceImpl           : [create][Order Create Success][Order Price][OrderId:88c6b0ba-be05-4fa3-a781-21980d8e18f5 , Price: 0.0]
2026-03-18 10:01:33.860  INFO 1 --- [io-12031-exec-6] order.controller.OrderController         : [createNewOrder][Create Order][from shanghai to taiyuan at 1970-01-02 18:17:36]
2026-03-18 10:01:33.860  INFO 1 --- [io-12031-exec-6] order.service.OrderServiceImpl           : [create][Create Order][Ready to Create Order]
2026-03-18 10:01:33.878  INFO 1 --- [io-12031-exec-6] order.service.OrderServiceImpl           : [create][Order Create Success][Order Price][OrderId:f8f52420-ec8f-4b72-b1d5-abbbd4072e35 , Price: 0.0]
2026-03-18 10:01:34.163  INFO 1 --- [io-12031-exec-7] order.controller.OrderController         : [createNewOrder][Create Order][from shanghai to taiyuan at 1970-01-02 18:17:36]
2026-03-18 10:01:34.164  INFO 1 --- [io-12031-exec-7] order.service.OrderServiceImpl           : [create][Create Order][Ready to Create Order]
2026-03-18 10:01:34.182  INFO 1 --- [io-12031-exec-7] order.service.OrderServiceImpl           : [create][Order Create Success][Order Price][OrderId:4da3fb98-5a3b-40e3-a15a-50e8b17260f6 , Price: 0.0]
2026-03-18 10:01:34.463  INFO 1 --- [io-12031-exec-8] order.controller.OrderController         : [createNewOrder][Create Order][from shanghai to taiyuan at 1970-01-02 18:17:36]
2026-03-18 10:01:34.463  INFO 1 --- [io-12031-exec-8] order.service.OrderServiceImpl           : [create][Create Order][Ready to Create Order]
2026-03-18 10:01:34.480  INFO 1 --- [io-12031-exec-8] order.service.OrderServiceImpl           : [create][Order Create Success][Order Price][OrderId:8fd0e238-c725-4aaa-990f-7b67f94a340d , Price: 0.0]
2026-03-18 10:01:34.768  INFO 1 --- [o-12031-exec-10] order.controller.OrderController         : [createNewOrder][Create Order][from shanghai to taiyuan at 1970-01-02 18:17:36]
2026-03-18 10:01:34.768  INFO 1 --- [o-12031-exec-10] order.service.OrderServiceImpl           : [create][Create Order][Ready to Create Order]
2026-03-18 10:01:34.785  INFO 1 --- [o-12031-exec-10] order.service.OrderServiceImpl           : [create][Order Create Success][Order Price][OrderId:27c5c22d-7b94-48b9-91bb-7ee2e669aedc , Price: 0.0]
2026-03-18 10:01:35.062  INFO 1 --- [io-12031-exec-9] order.controller.OrderController         : [createNewOrder][Create Order][from shanghai to taiyuan at 1970-01-02 18:17:36]
2026-03-18 10:01:35.062  INFO 1 --- [io-12031-exec-9] order.service.OrderServiceImpl           : [create][Create Order][Ready to Create Order]
2026-03-18 10:01:35.181  INFO 1 --- [io-12031-exec-9] order.service.OrderServiceImpl           : [create][Order Create Success][Order Price][OrderId:0239f1a9-bdc8-4f1c-acea-4eb561427e8d , Price: 0.0]
2026-03-18 10:01:35.469  INFO 1 --- [io-12031-exec-1] order.controller.OrderController         : [createNewOrder][Create Order][from shanghai to taiyuan at 1970-01-02 18:17:36]
2026-03-18 10:01:35.469  INFO 1 --- [io-12031-exec-1] order.service.OrderServiceImpl           : [create][Create Order][Ready to Create Order]
2026-03-18 10:01:35.486  INFO 1 --- [io-12031-exec-1] order.service.OrderServiceImpl           : [create][Order Create Success][Order Price][OrderId:a356e2e6-1fb6-4487-b3f7-992d01a14d26 , Price: 0.0]
2026-03-18 10:01:35.763  INFO 1 --- [io-12031-exec-3] order.controller.OrderController         : [createNewOrder][Create Order][from shanghai to taiyuan at 1970-01-02 18:17:36]
2026-03-18 10:01:35.763  INFO 1 --- [io-12031-exec-3] order.service.OrderServiceImpl           : [create][Create Order][Ready to Create Order]
2026-03-18 10:01:35.780  INFO 1 --- [io-12031-exec-3] order.service.OrderServiceImpl           : [create][Order Create Success][Order Price][OrderId:a3e3cea4-30ef-49c7-b25a-9d90fcf31213 , Price: 0.0]
2026-03-18 10:01:36.061  INFO 1 --- [io-12031-exec-2] order.controller.OrderController         : [createNewOrder][Create Order][from shanghai to taiyuan at 1970-01-02 18:17:36]
2026-03-18 10:01:36.061  INFO 1 --- [io-12031-exec-2] order.service.OrderServiceImpl           : [create][Create Order][Ready to Create Order]
2026-03-18 10:01:36.078  INFO 1 --- [io-12031-exec-2] order.service.OrderServiceImpl           : [create][Order Create Success][Order Price][OrderId:894380cd-6a36-4efc-aab4-3254420674ab , Price: 0.0]
2026-03-18 10:01:36.359  INFO 1 --- [io-12031-exec-5] order.controller.OrderController         : [createNewOrder][Create Order][from shanghai to taiyuan at 1970-01-02 18:17:36]
2026-03-18 10:01:36.359  INFO 1 --- [io-12031-exec-5] order.service.OrderServiceImpl           : [create][Create Order][Ready to Create Order]
2026-03-18 10:01:36.378  INFO 1 --- [io-12031-exec-5] order.service.OrderServiceImpl           : [create][Order Create Success][Order Price][OrderId:cd29ec01-925d-41eb-a21a-65da3a1f85c0 , Price: 0.0]
2026-03-18 10:01:36.659  INFO 1 --- [io-12031-exec-4] order.controller.OrderController         : [createNewOrder][Create Order][from shanghai to taiyuan at 1970-01-02 18:17:36]
2026-03-18 10:01:36.659  INFO 1 --- [io-12031-exec-4] order.service.OrderServiceImpl           : [create][Create Order][Ready to Create Order]
2026-03-18 10:01:36.676  INFO 1 --- [io-12031-exec-4] order.service.OrderServiceImpl           : [create][Order Create Success][Order Price][OrderId:8bfa7241-5d89-499a-82f3-d12ddc85405c , Price: 0.0]
2026-03-18 10:01:36.958  INFO 1 --- [io-12031-exec-6] order.controller.OrderController         : [createNewOrder][Create Order][from shanghai to taiyuan at 1970-01-02 18:17:36]
2026-03-18 10:01:36.958  INFO 1 --- [io-12031-exec-6] order.service.OrderServiceImpl           : [create][Create Order][Ready to Create Order]
2026-03-18 10:01:36.974  INFO 1 --- [io-12031-exec-6] order.service.OrderServiceImpl           : [create][Order Create Success][Order Price][OrderId:cae9d6c7-3735-41de-97ef-9c9c247ce2cf , Price: 0.0]
2026-03-18 10:01:37.252  INFO 1 --- [io-12031-exec-7] order.controller.OrderController         : [createNewOrder][Create Order][from shanghai to taiyuan at 1970-01-02 18:17:36]
2026-03-18 10:01:37.252  INFO 1 --- [io-12031-exec-7] order.service.OrderServiceImpl           : [create][Create Order][Ready to Create Order]
2026-03-18 10:01:37.269  INFO 1 --- [io-12031-exec-7] order.service.OrderServiceImpl           : [create][Order Create Success][Order Price][OrderId:6dc85464-6a95-49d2-bfe1-4c1c6b946c62 , Price: 0.0]
2026-03-18 10:01:37.550  INFO 1 --- [io-12031-exec-8] order.controller.OrderController         : [createNewOrder][Create Order][from shanghai to taiyuan at 1970-01-02 18:17:36]
2026-03-18 10:01:37.550  INFO 1 --- [io-12031-exec-8] order.service.OrderServiceImpl           : [create][Create Order][Ready to Create Order]
2026-03-18 10:01:37.578  INFO 1 --- [io-12031-exec-8] order.service.OrderServiceImpl           : [create][Order Create Success][Order Price][OrderId:afed3f36-6375-4b66-88cf-b204e299d3a7 , Price: 0.0]
2026-03-18 10:01:37.863  INFO 1 --- [o-12031-exec-10] order.controller.OrderController         : [createNewOrder][Create Order][from shanghai to taiyuan at 1970-01-02 18:17:36]
2026-03-18 10:01:37.863  INFO 1 --- [o-12031-exec-10] order.service.OrderServiceImpl           : [create][Create Order][Ready to Create Order]
2026-03-18 10:01:37.879  INFO 1 --- [o-12031-exec-10] order.service.OrderServiceImpl           : [create][Order Create Success][Order Price][OrderId:905f3dfa-1b82-424b-bc66-bd63a5b093f4 , Price: 0.0]
2026-03-18 10:01:38.163  INFO 1 --- [io-12031-exec-9] order.controller.OrderController         : [createNewOrder][Create Order][from shanghai to taiyuan at 1970-01-02 18:17:36]
2026-03-18 10:01:38.163  INFO 1 --- [io-12031-exec-9] order.service.OrderServiceImpl           : [create][Create Order][Ready to Create Order]
2026-03-18 10:01:38.180  INFO 1 --- [io-12031-exec-9] order.service.OrderServiceImpl           : [create][Order Create Success][Order Price][OrderId:1c1e0cda-0d3f-4ef0-8682-fb9a08606c6e , Price: 0.0]
2026-03-18 10:01:38.466  INFO 1 --- [io-12031-exec-1] order.controller.OrderController         : [createNewOrder][Create Order][from shanghai to taiyuan at 1970-01-02 18:17:36]
2026-03-18 10:01:38.466  INFO 1 --- [io-12031-exec-1] order.service.OrderServiceImpl           : [create][Create Order][Ready to Create Order]
2026-03-18 10:01:38.484  INFO 1 --- [io-12031-exec-1] order.service.OrderServiceImpl           : [create][Order Create Success][Order Price][OrderId:b15958ed-747c-4930-ad4f-f4a1f4a06c7c , Price: 0.0]
2026-03-18 10:01:38.868  INFO 1 --- [io-12031-exec-3] order.controller.OrderController         : [createNewOrder][Create Order][from shanghai to taiyuan at 1970-01-02 18:17:36]
2026-03-18 10:01:38.868  INFO 1 --- [io-12031-exec-3] order.service.OrderServiceImpl           : [create][Create Order][Ready to Create Order]
2026-03-18 10:01:38.885  INFO 1 --- [io-12031-exec-3] order.service.OrderServiceImpl           : [create][Order Create Success][Order Price][OrderId:005276dd-4a07-424d-adcf-a2ee5081251d , Price: 0.0]
2026-03-18 10:01:39.438  INFO 1 --- [io-12031-exec-2] order.controller.OrderController         : [createNewOrder][Create Order][from shanghai to taiyuan at 1970-01-02 18:17:36]
2026-03-18 10:01:39.438  INFO 1 --- [io-12031-exec-2] order.service.OrderServiceImpl           : [create][Create Order][Ready to Create Order]
2026-03-18 10:01:39.455  INFO 1 --- [io-12031-exec-2] order.service.OrderServiceImpl           : [create][Order Create Success][Order Price][OrderId:4c9dd9aa-8a3c-4132-9dff-ed32c966785b , Price: 0.0]
2026-03-18 10:01:39.782  INFO 1 --- [io-12031-exec-5] order.controller.OrderController         : [createNewOrder][Create Order][from shanghai to taiyuan at 1970-01-02 18:17:36]
2026-03-18 10:01:39.782  INFO 1 --- [io-12031-exec-5] order.service.OrderServiceImpl           : [create][Create Order][Ready to Create Order]
2026-03-18 10:01:39.799  INFO 1 --- [io-12031-exec-5] order.service.OrderServiceImpl           : [create][Order Create Success][Order Price][OrderId:f53a042a-2324-4c55-adb1-d1fa5bc7822f , Price: 0.0]
2026-03-18 10:01:40.067  INFO 1 --- [io-12031-exec-4] order.controller.OrderController         : [createNewOrder][Create Order][from shanghai to taiyuan at 1970-01-02 18:17:36]
2026-03-18 10:01:40.067  INFO 1 --- [io-12031-exec-4] order.service.OrderServiceImpl           : [create][Create Order][Ready to Create Order]
2026-03-18 10:01:40.173  INFO 1 --- [io-12031-exec-4] order.service.OrderServiceImpl           : [create][Order Create Success][Order Price][OrderId:0de5baf6-97dd-45d5-a67c-355492f05894 , Price: 0.0]
2026-03-18 10:01:40.456  INFO 1 --- [io-12031-exec-6] order.controller.OrderController         : [createNewOrder][Create Order][from shanghai to taiyuan at 1970-01-02 18:17:36]
2026-03-18 10:01:40.456  INFO 1 --- [io-12031-exec-6] order.service.OrderServiceImpl           : [create][Create Order][Ready to Create Order]
2026-03-18 10:01:40.474  INFO 1 --- [io-12031-exec-6] order.service.OrderServiceImpl           : [create][Order Create Success][Order Price][OrderId:f976b43b-2964-4042-9640-615c006d703d , Price: 0.0]
2026-03-18 10:01:40.758  INFO 1 --- [io-12031-exec-7] order.controller.OrderController         : [createNewOrder][Create Order][from shanghai to taiyuan at 1970-01-02 18:17:36]
2026-03-18 10:01:40.758  INFO 1 --- [io-12031-exec-7] order.service.OrderServiceImpl           : [create][Create Order][Ready to Create Order]
2026-03-18 10:01:40.777  INFO 1 --- [io-12031-exec-7] order.service.OrderServiceImpl           : [create][Order Create Success][Order Price][OrderId:a35ef0a9-32cb-491a-be23-420d779c32e2 , Price: 0.0]
2026-03-18 10:01:41.059  INFO 1 --- [io-12031-exec-8] order.controller.OrderController         : [createNewOrder][Create Order][from shanghai to taiyuan at 1970-01-02 18:17:36]
2026-03-18 10:01:41.060  INFO 1 --- [io-12031-exec-8] order.service.OrderServiceImpl           : [create][Create Order][Ready to Create Order]
2026-03-18 10:01:41.078  INFO 1 --- [io-12031-exec-8] order.service.OrderServiceImpl           : [create][Order Create Success][Order Price][OrderId:d6ba657f-89ff-4dd6-b0ac-eb9a9a2501c0 , Price: 0.0]
2026-03-18 10:01:41.362  INFO 1 --- [io-12031-exec-9] order.controller.OrderController         : [createNewOrder][Create Order][from shanghai to taiyuan at 1970-01-02 18:17:36]
2026-03-18 10:01:41.362  INFO 1 --- [io-12031-exec-9] order.service.OrderServiceImpl           : [create][Create Order][Ready to Create Order]
2026-03-18 10:01:41.381  INFO 1 --- [io-12031-exec-9] order.service.OrderServiceImpl           : [create][Order Create Success][Order Price][OrderId:f26da230-030c-4351-8250-53dd3091db99 , Price: 0.0]
2026-03-18 10:01:41.664  INFO 1 --- [io-12031-exec-1] order.controller.OrderController         : [createNewOrder][Create Order][from shanghai to taiyuan at 1970-01-02 18:17:36]
2026-03-18 10:01:41.664  INFO 1 --- [io-12031-exec-1] order.service.OrderServiceImpl           : [create][Create Order][Ready to Create Order]
2026-03-18 10:01:41.680  INFO 1 --- [io-12031-exec-1] order.service.OrderServiceImpl           : [create][Order Create Success][Order Price][OrderId:54f0579e-39ea-4c17-bf61-6f7d780e174d , Price: 0.0]
2026-03-18 10:01:41.962  INFO 1 --- [io-12031-exec-3] order.controller.OrderController         : [createNewOrder][Create Order][from shanghai to taiyuan at 1970-01-02 18:17:36]
2026-03-18 10:01:41.962  INFO 1 --- [io-12031-exec-3] order.service.OrderServiceImpl           : [create][Create Order][Ready to Create Order]
2026-03-18 10:01:41.979  INFO 1 --- [io-12031-exec-3] order.service.OrderServiceImpl           : [create][Order Create Success][Order Price][OrderId:82790027-3820-4147-a233-18cee936a707 , Price: 0.0]
2026-03-18 10:01:42.260  INFO 1 --- [io-12031-exec-2] order.controller.OrderController         : [createNewOrder][Create Order][from shanghai to taiyuan at 1970-01-02 18:17:36]
2026-03-18 10:01:42.260  INFO 1 --- [io-12031-exec-2] order.service.OrderServiceImpl           : [create][Create Order][Ready to Create Order]
2026-03-18 10:01:42.278  INFO 1 --- [io-12031-exec-2] order.service.OrderServiceImpl           : [create][Order Create Success][Order Price][OrderId:587aafe4-b9ae-440d-8ac9-ef89f2243da3 , Price: 0.0]
2026-03-18 10:01:42.562  INFO 1 --- [io-12031-exec-5] order.controller.OrderController         : [createNewOrder][Create Order][from shanghai to taiyuan at 1970-01-02 18:17:36]
2026-03-18 10:01:42.563  INFO 1 --- [io-12031-exec-5] order.service.OrderServiceImpl           : [create][Create Order][Ready to Create Order]
2026-03-18 10:01:42.594  INFO 1 --- [io-12031-exec-5] order.service.OrderServiceImpl           : [create][Order Create Success][Order Price][OrderId:105bba93-6ef1-4b28-9942-d6cd6a7cf85d , Price: 0.0]
2026-03-18 10:01:42.861  INFO 1 --- [io-12031-exec-4] order.controller.OrderController         : [createNewOrder][Create Order][from shanghai to taiyuan at 1970-01-02 18:17:36]
2026-03-18 10:01:42.861  INFO 1 --- [io-12031-exec-4] order.service.OrderServiceImpl           : [create][Create Order][Ready to Create Order]
2026-03-18 10:01:42.879  INFO 1 --- [io-12031-exec-4] order.service.OrderServiceImpl           : [create][Order Create Success][Order Price][OrderId:6a4c0424-984b-42c9-92ba-2fc03d66b8f5 , Price: 0.0]
2026-03-18 10:01:43.158  INFO 1 --- [io-12031-exec-6] order.controller.OrderController         : [createNewOrder][Create Order][from shanghai to taiyuan at 1970-01-02 18:17:36]
2026-03-18 10:01:43.158  INFO 1 --- [io-12031-exec-6] order.service.OrderServiceImpl           : [create][Create Order][Ready to Create Order]
2026-03-18 10:01:43.177  INFO 1 --- [io-12031-exec-6] order.service.OrderServiceImpl           : [create][Order Create Success][Order Price][OrderId:e2885476-1e17-4158-b281-e64144b609ab , Price: 0.0]
2026-03-18 10:01:43.460  INFO 1 --- [io-12031-exec-7] order.controller.OrderController         : [createNewOrder][Create Order][from shanghai to taiyuan at 1970-01-02 18:17:36]
2026-03-18 10:01:43.461  INFO 1 --- [io-12031-exec-7] order.service.OrderServiceImpl           : [create][Create Order][Ready to Create Order]
2026-03-18 10:01:43.477  INFO 1 --- [io-12031-exec-7] order.service.OrderServiceImpl           : [create][Order Create Success][Order Price][OrderId:5f3a229e-de52-4610-b1f5-3f5549bc9bda , Price: 0.0]
2026-03-18 10:01:43.760  INFO 1 --- [io-12031-exec-8] order.controller.OrderController         : [createNewOrder][Create Order][from shanghai to taiyuan at 1970-01-02 18:17:36]
2026-03-18 10:01:43.760  INFO 1 --- [io-12031-exec-8] order.service.OrderServiceImpl           : [create][Create Order][Ready to Create Order]
2026-03-18 10:01:43.776  INFO 1 --- [io-12031-exec-8] order.service.OrderServiceImpl           : [create][Order Create Success][Order Price][OrderId:a27dd1d3-60ef-430a-ae28-aeaa9c883a45 , Price: 0.0]
2026-03-18 10:01:44.058  INFO 1 --- [o-12031-exec-10] order.controller.OrderController         : [createNewOrder][Create Order][from shanghai to taiyuan at 1970-01-02 18:17:36]
2026-03-18 10:01:44.058  INFO 1 --- [o-12031-exec-10] order.service.OrderServiceImpl           : [create][Create Order][Ready to Create Order]
2026-03-18 10:01:44.075  INFO 1 --- [o-12031-exec-10] order.service.OrderServiceImpl           : [create][Order Create Success][Order Price][OrderId:4074d20a-df61-4591-addd-3ea6f8c6fa80 , Price: 0.0]
2026-03-18 10:01:44.367  INFO 1 --- [io-12031-exec-9] order.controller.OrderController         : [createNewOrder][Create Order][from shanghai to taiyuan at 1970-01-02 18:17:36]
2026-03-18 10:01:44.367  INFO 1 --- [io-12031-exec-9] order.service.OrderServiceImpl           : [create][Create Order][Ready to Create Order]
2026-03-18 10:01:44.387  INFO 1 --- [io-12031-exec-9] order.service.OrderServiceImpl           : [create][Order Create Success][Order Price][OrderId:e9cf8489-44f8-47ad-a71a-d87b9580cb08 , Price: 0.0]
2026-03-18 10:01:44.666  INFO 1 --- [io-12031-exec-1] order.controller.OrderController         : [createNewOrder][Create Order][from shanghai to taiyuan at 1970-01-02 18:17:36]
2026-03-18 10:01:44.666  INFO 1 --- [io-12031-exec-1] order.service.OrderServiceImpl           : [create][Create Order][Ready to Create Order]
2026-03-18 10:01:44.781  INFO 1 --- [io-12031-exec-1] order.service.OrderServiceImpl           : [create][Order Create Success][Order Price][OrderId:4d668a13-2e20-49ef-a647-e442dd73e7cf , Price: 0.0]
2026-03-18 10:01:45.069  INFO 1 --- [io-12031-exec-3] order.controller.OrderController         : [createNewOrder][Create Order][from shanghai to taiyuan at 1970-01-02 18:17:36]
2026-03-18 10:01:45.069  INFO 1 --- [io-12031-exec-3] order.service.OrderServiceImpl           : [create][Create Order][Ready to Create Order]
2026-03-18 10:01:45.087  INFO 1 --- [io-12031-exec-3] order.service.OrderServiceImpl           : [create][Order Create Success][Order Price][OrderId:5977dd0a-2034-49d6-8a84-113adf88d9fd , Price: 0.0]
2026-03-18 10:01:45.367  INFO 1 --- [io-12031-exec-2] order.controller.OrderController         : [createNewOrder][Create Order][from shanghai to taiyuan at 1970-01-02 18:17:36]
2026-03-18 10:01:45.367  INFO 1 --- [io-12031-exec-2] order.service.OrderServiceImpl           : [create][Create Order][Ready to Create Order]
2026-03-18 10:01:45.384  INFO 1 --- [io-12031-exec-2] order.service.OrderServiceImpl           : [create][Order Create Success][Order Price][OrderId:06de68d4-75d5-4269-bc84-15e2f28852fe , Price: 0.0]
2026-03-18 10:01:45.663  INFO 1 --- [io-12031-exec-5] order.controller.OrderController         : [createNewOrder][Create Order][from shanghai to taiyuan at 1970-01-02 18:17:36]
2026-03-18 10:01:45.663  INFO 1 --- [io-12031-exec-5] order.service.OrderServiceImpl           : [create][Create Order][Ready to Create Order]
2026-03-18 10:01:45.682  INFO 1 --- [io-12031-exec-5] order.service.OrderServiceImpl           : [create][Order Create Success][Order Price][OrderId:f06210e9-296b-40c9-a0a7-8f3ee2df9b1f , Price: 0.0]
2026-03-18 10:01:45.968  INFO 1 --- [io-12031-exec-4] order.controller.OrderController         : [createNewOrder][Create Order][from shanghai to taiyuan at 1970-01-02 18:17:36]
2026-03-18 10:01:45.968  INFO 1 --- [io-12031-exec-4] order.service.OrderServiceImpl           : [create][Create Order][Ready to Create Order]
2026-03-18 10:01:45.986  INFO 1 --- [io-12031-exec-4] order.service.OrderServiceImpl           : [create][Order Create Success][Order Price][OrderId:dfc7f6e8-7993-4cb7-815c-d4e3ed3b8b39 , Price: 0.0]
2026-03-18 10:01:46.268  INFO 1 --- [io-12031-exec-6] order.controller.OrderController         : [createNewOrder][Create Order][from shanghai to taiyuan at 1970-01-02 18:17:36]
2026-03-18 10:01:46.268  INFO 1 --- [io-12031-exec-6] order.service.OrderServiceImpl           : [create][Create Order][Ready to Create Order]
2026-03-18 10:01:46.287  INFO 1 --- [io-12031-exec-6] order.service.OrderServiceImpl           : [create][Order Create Success][Order Price][OrderId:d6e57bfa-5b4b-45cf-9214-96674ba8af84 , Price: 0.0]
2026-03-18 10:01:46.560  INFO 1 --- [io-12031-exec-7] order.controller.OrderController         : [createNewOrder][Create Order][from shanghai to taiyuan at 1970-01-02 18:17:36]
2026-03-18 10:01:46.560  INFO 1 --- [io-12031-exec-7] order.service.OrderServiceImpl           : [create][Create Order][Ready to Create Order]
2026-03-18 10:01:46.578  INFO 1 --- [io-12031-exec-7] order.service.OrderServiceImpl           : [create][Order Create Success][Order Price][OrderId:5f77e605-2932-4531-ae15-885cdc07affa , Price: 0.0]
2026-03-18 10:01:46.862  INFO 1 --- [io-12031-exec-8] order.controller.OrderController         : [createNewOrder][Create Order][from shanghai to taiyuan at 1970-01-02 18:17:36]
2026-03-18 10:01:46.862  INFO 1 --- [io-12031-exec-8] order.service.OrderServiceImpl           : [create][Create Order][Ready to Create Order]
2026-03-18 10:01:46.985  INFO 1 --- [io-12031-exec-8] order.service.OrderServiceImpl           : [create][Order Create Success][Order Price][OrderId:5b8c3b21-344a-4643-b62f-3c02cca3a6a8 , Price: 0.0]
2026-03-18 10:01:47.265  INFO 1 --- [o-12031-exec-10] order.controller.OrderController         : [createNewOrder][Create Order][from shanghai to taiyuan at 1970-01-02 18:17:36]
2026-03-18 10:01:47.265  INFO 1 --- [o-12031-exec-10] order.service.OrderServiceImpl           : [create][Create Order][Ready to Create Order]
2026-03-18 10:01:47.283  INFO 1 --- [o-12031-exec-10] order.service.OrderServiceImpl           : [create][Order Create Success][Order Price][OrderId:19b3f60a-3cba-4ee8-baa3-b5a160dbf751 , Price: 0.0]
2026-03-18 10:01:47.562  INFO 1 --- [io-12031-exec-9] order.controller.OrderController         : [createNewOrder][Create Order][from shanghai to taiyuan at 1970-01-02 18:17:36]
2026-03-18 10:01:47.562  INFO 1 --- [io-12031-exec-9] order.service.OrderServiceImpl           : [create][Create Order][Ready to Create Order]
2026-03-18 10:01:47.580  INFO 1 --- [io-12031-exec-9] order.service.OrderServiceImpl           : [create][Order Create Success][Order Price][OrderId:1951a17d-9f00-4211-9e66-d7ac07564d82 , Price: 0.0]
2026-03-18 10:01:47.860  INFO 1 --- [io-12031-exec-1] order.controller.OrderController         : [createNewOrder][Create Order][from shanghai to taiyuan at 1970-01-02 18:17:36]
2026-03-18 10:01:47.860  INFO 1 --- [io-12031-exec-1] order.service.OrderServiceImpl           : [create][Create Order][Ready to Create Order]
2026-03-18 10:01:47.876  INFO 1 --- [io-12031-exec-1] order.service.OrderServiceImpl           : [create][Order Create Success][Order Price][OrderId:08716492-2cb3-4dec-aa36-1ad5773effdc , Price: 0.0]
2026-03-18 10:01:48.159  INFO 1 --- [io-12031-exec-3] order.controller.OrderController         : [createNewOrder][Create Order][from shanghai to taiyuan at 1970-01-02 18:17:36]
2026-03-18 10:01:48.159  INFO 1 --- [io-12031-exec-3] order.service.OrderServiceImpl           : [create][Create Order][Ready to Create Order]
2026-03-18 10:01:48.175  INFO 1 --- [io-12031-exec-3] order.service.OrderServiceImpl           : [create][Order Create Success][Order Price][OrderId:de928031-2146-4e9a-97f1-11f241a24a64 , Price: 0.0]
2026-03-18 10:01:48.458  INFO 1 --- [io-12031-exec-2] order.controller.OrderController         : [createNewOrder][Create Order][from shanghai to taiyuan at 1970-01-02 18:17:36]
2026-03-18 10:01:48.458  INFO 1 --- [io-12031-exec-2] order.service.OrderServiceImpl           : [create][Create Order][Ready to Create Order]
2026-03-18 10:01:48.477  INFO 1 --- [io-12031-exec-2] order.service.OrderServiceImpl           : [create][Order Create Success][Order Price][OrderId:155ea0aa-6d91-4f14-a0ed-484acac17d14 , Price: 0.0]
2026-03-18 10:01:48.816  INFO 1 --- [io-12031-exec-5] order.controller.OrderController         : [createNewOrder][Create Order][from shanghai to taiyuan at 1970-01-02 18:17:36]
2026-03-18 10:01:48.816  INFO 1 --- [io-12031-exec-5] order.service.OrderServiceImpl           : [create][Create Order][Ready to Create Order]
2026-03-18 10:01:48.836  INFO 1 --- [io-12031-exec-5] order.service.OrderServiceImpl           : [create][Order Create Success][Order Price][OrderId:30766703-a8e7-4d18-a2d2-14ecaf9c4ed8 , Price: 0.0]
2026-03-18 10:01:49.137  INFO 1 --- [io-12031-exec-4] order.controller.OrderController         : [createNewOrder][Create Order][from shanghai to taiyuan at 1970-01-02 18:17:36]
2026-03-18 10:01:49.137  INFO 1 --- [io-12031-exec-4] order.service.OrderServiceImpl           : [create][Create Order][Ready to Create Order]
2026-03-18 10:01:49.154  INFO 1 --- [io-12031-exec-4] order.service.OrderServiceImpl           : [create][Order Create Success][Order Price][OrderId:74f47437-4de0-43c4-bb43-249ac90d6567 , Price: 0.0]
2026-03-18 10:01:49.446  INFO 1 --- [io-12031-exec-6] order.controller.OrderController         : [createNewOrder][Create Order][from shanghai to taiyuan at 1970-01-02 18:17:36]
2026-03-18 10:01:49.446  INFO 1 --- [io-12031-exec-6] order.service.OrderServiceImpl           : [create][Create Order][Ready to Create Order]
2026-03-18 10:01:49.483  INFO 1 --- [io-12031-exec-6] order.service.OrderServiceImpl           : [create][Order Create Success][Order Price][OrderId:7fc857c4-555c-4e23-b30d-fafd7ab2f0b4 , Price: 0.0]
2026-03-18 10:01:49.763  INFO 1 --- [io-12031-exec-7] order.controller.OrderController         : [createNewOrder][Create Order][from shanghai to taiyuan at 1970-01-02 18:17:36]
2026-03-18 10:01:49.763  INFO 1 --- [io-12031-exec-7] order.service.OrderServiceImpl           : [create][Create Order][Ready to Create Order]
2026-03-18 10:01:49.871  INFO 1 --- [io-12031-exec-7] order.service.OrderServiceImpl           : [create][Order Create Success][Order Price][OrderId:76326e00-1f05-4c1b-9061-216636a43ce6 , Price: 0.0]
2026-03-18 10:01:50.158  INFO 1 --- [io-12031-exec-8] order.controller.OrderController         : [createNewOrder][Create Order][from shanghai to taiyuan at 1970-01-02 18:17:36]
2026-03-18 10:01:50.158  INFO 1 --- [io-12031-exec-8] order.service.OrderServiceImpl           : [create][Create Order][Ready to Create Order]
2026-03-18 10:01:50.175  INFO 1 --- [io-12031-exec-8] order.service.OrderServiceImpl           : [create][Order Create Success][Order Price][OrderId:73307b8d-3718-45ff-a5b0-40ffcf4c4af8 , Price: 0.0]
2026-03-18 10:01:50.459  INFO 1 --- [o-12031-exec-10] order.controller.OrderController         : [createNewOrder][Create Order][from shanghai to taiyuan at 1970-01-02 18:17:36]
2026-03-18 10:01:50.459  INFO 1 --- [o-12031-exec-10] order.service.OrderServiceImpl           : [create][Create Order][Ready to Create Order]
2026-03-18 10:01:50.476  INFO 1 --- [o-12031-exec-10] order.service.OrderServiceImpl           : [create][Order Create Success][Order Price][OrderId:7ef29623-35e3-44c5-86a6-b07bcce990dc , Price: 0.0]
2026-03-18 10:01:50.757  INFO 1 --- [io-12031-exec-9] order.controller.OrderController         : [createNewOrder][Create Order][from shanghai to taiyuan at 1970-01-02 18:17:36]
2026-03-18 10:01:50.757  INFO 1 --- [io-12031-exec-9] order.service.OrderServiceImpl           : [create][Create Order][Ready to Create Order]
2026-03-18 10:01:50.774  INFO 1 --- [io-12031-exec-9] order.service.OrderServiceImpl           : [create][Order Create Success][Order Price][OrderId:503e109c-a3bd-4efe-a2cc-9b6b3f88bbcf , Price: 0.0]
2026-03-18 10:01:51.058  INFO 1 --- [io-12031-exec-1] order.controller.OrderController         : [createNewOrder][Create Order][from shanghai to taiyuan at 1970-01-02 18:17:36]
2026-03-18 10:01:51.058  INFO 1 --- [io-12031-exec-1] order.service.OrderServiceImpl           : [create][Create Order][Ready to Create Order]
2026-03-18 10:01:51.077  INFO 1 --- [io-12031-exec-1] order.service.OrderServiceImpl           : [create][Order Create Success][Order Price][OrderId:d5b8a981-2845-4a44-a1bb-5d98f528cd06 , Price: 0.0]
2026-03-18 10:01:51.359  INFO 1 --- [io-12031-exec-2] order.controller.OrderController         : [createNewOrder][Create Order][from shanghai to taiyuan at 1970-01-02 18:17:36]
2026-03-18 10:01:51.359  INFO 1 --- [io-12031-exec-2] order.service.OrderServiceImpl           : [create][Create Order][Ready to Create Order]
2026-03-18 10:01:51.377  INFO 1 --- [io-12031-exec-2] order.service.OrderServiceImpl           : [create][Order Create Success][Order Price][OrderId:cf1a5261-e7c5-4b4b-b268-819a18ca3ed0 , Price: 0.0]
2026-03-18 10:01:51.666  INFO 1 --- [io-12031-exec-5] order.controller.OrderController         : [createNewOrder][Create Order][from shanghai to taiyuan at 1970-01-02 18:17:36]
2026-03-18 10:01:51.666  INFO 1 --- [io-12031-exec-5] order.service.OrderServiceImpl           : [create][Create Order][Ready to Create Order]
2026-03-18 10:01:51.774  INFO 1 --- [io-12031-exec-5] order.service.OrderServiceImpl           : [create][Order Create Success][Order Price][OrderId:d82db4b2-a154-4975-b60b-aaf523def226 , Price: 0.0]
2026-03-18 10:01:52.058  INFO 1 --- [io-12031-exec-4] order.controller.OrderController         : [createNewOrder][Create Order][from shanghai to taiyuan at 1970-01-02 18:17:36]
2026-03-18 10:01:52.058  INFO 1 --- [io-12031-exec-4] order.service.OrderServiceImpl           : [create][Create Order][Ready to Create Order]
2026-03-18 10:01:52.076  INFO 1 --- [io-12031-exec-4] order.service.OrderServiceImpl           : [create][Order Create Success][Order Price][OrderId:9969c373-3485-4ba8-836e-3c240233b3c4 , Price: 0.0]
2026-03-18 10:01:52.359  INFO 1 --- [io-12031-exec-6] order.controller.OrderController         : [createNewOrder][Create Order][from shanghai to taiyuan at 1970-01-02 18:17:36]
2026-03-18 10:01:52.359  INFO 1 --- [io-12031-exec-6] order.service.OrderServiceImpl           : [create][Create Order][Ready to Create Order]
2026-03-18 10:01:52.376  INFO 1 --- [io-12031-exec-6] order.service.OrderServiceImpl           : [create][Order Create Success][Order Price][OrderId:139f8eef-9a60-4ae9-bfae-9af50536729f , Price: 0.0]
2026-03-18 10:01:52.656  INFO 1 --- [io-12031-exec-7] order.controller.OrderController         : [createNewOrder][Create Order][from shanghai to taiyuan at 1970-01-02 18:17:36]
2026-03-18 10:01:52.656  INFO 1 --- [io-12031-exec-7] order.service.OrderServiceImpl           : [create][Create Order][Ready to Create Order]
2026-03-18 10:01:52.672  INFO 1 --- [io-12031-exec-7] order.service.OrderServiceImpl           : [create][Order Create Success][Order Price][OrderId:4c185152-0434-4856-9ec3-a90d18d711bd , Price: 0.0]
2026-03-18 10:01:52.959  INFO 1 --- [io-12031-exec-8] order.controller.OrderController         : [createNewOrder][Create Order][from shanghai to taiyuan at 1970-01-02 18:17:36]
2026-03-18 10:01:52.959  INFO 1 --- [io-12031-exec-8] order.service.OrderServiceImpl           : [create][Create Order][Ready to Create Order]
2026-03-18 10:01:52.980  INFO 1 --- [io-12031-exec-8] order.service.OrderServiceImpl           : [create][Order Create Success][Order Price][OrderId:00e15e51-f407-4712-bed1-9f6ab7f4911d , Price: 0.0]
2026-03-18 10:01:53.259  INFO 1 --- [o-12031-exec-10] order.controller.OrderController         : [createNewOrder][Create Order][from shanghai to taiyuan at 1970-01-02 18:17:36]
2026-03-18 10:01:53.259  INFO 1 --- [o-12031-exec-10] order.service.OrderServiceImpl           : [create][Create Order][Ready to Create Order]
2026-03-18 10:01:53.278  INFO 1 --- [o-12031-exec-10] order.service.OrderServiceImpl           : [create][Order Create Success][Order Price][OrderId:3d955ea8-b445-45d1-a31d-de4eb5ab37a7 , Price: 0.0]
2026-03-18 10:01:53.560  INFO 1 --- [io-12031-exec-9] order.controller.OrderController         : [createNewOrder][Create Order][from shanghai to taiyuan at 1970-01-02 18:17:36]
2026-03-18 10:01:53.560  INFO 1 --- [io-12031-exec-9] order.service.OrderServiceImpl           : [create][Create Order][Ready to Create Order]
2026-03-18 10:01:53.576  INFO 1 --- [io-12031-exec-9] order.service.OrderServiceImpl           : [create][Order Create Success][Order Price][OrderId:450fc4ef-9bae-4e30-91ab-eff76e5bf99e , Price: 0.0]
2026-03-18 10:01:53.855  INFO 1 --- [io-12031-exec-1] order.controller.OrderController         : [createNewOrder][Create Order][from shanghai to taiyuan at 1970-01-02 18:17:36]
2026-03-18 10:01:53.855  INFO 1 --- [io-12031-exec-1] order.service.OrderServiceImpl           : [create][Create Order][Ready to Create Order]
2026-03-18 10:01:53.882  INFO 1 --- [io-12031-exec-1] order.service.OrderServiceImpl           : [create][Order Create Success][Order Price][OrderId:8270fab4-aa91-4e1b-b269-ba38f8a61a9f , Price: 0.0]
2026-03-18 10:01:54.163  INFO 1 --- [io-12031-exec-3] order.controller.OrderController         : [createNewOrder][Create Order][from shanghai to taiyuan at 1970-01-02 18:17:36]
2026-03-18 10:01:54.163  INFO 1 --- [io-12031-exec-3] order.service.OrderServiceImpl           : [create][Create Order][Ready to Create Order]
2026-03-18 10:01:54.180  INFO 1 --- [io-12031-exec-3] order.service.OrderServiceImpl           : [create][Order Create Success][Order Price][OrderId:10909734-8a1d-41b1-ad9a-f34aefebd5cd , Price: 0.0]
2026-03-18 10:01:54.473  INFO 1 --- [io-12031-exec-2] order.controller.OrderController         : [createNewOrder][Create Order][from shanghai to taiyuan at 1970-01-02 18:17:36]
2026-03-18 10:01:54.473  INFO 1 --- [io-12031-exec-2] order.service.OrderServiceImpl           : [create][Create Order][Ready to Create Order]
2026-03-18 10:01:54.499  INFO 1 --- [io-12031-exec-2] order.service.OrderServiceImpl           : [create][Order Create Success][Order Price][OrderId:5f486c23-982b-4a56-9dd5-1dc7a1114a84 , Price: 0.0]
2026-03-18 10:01:54.767  INFO 1 --- [io-12031-exec-5] order.controller.OrderController         : [createNewOrder][Create Order][from shanghai to taiyuan at 1970-01-02 18:17:36]
2026-03-18 10:01:54.767  INFO 1 --- [io-12031-exec-5] order.service.OrderServiceImpl           : [create][Create Order][Ready to Create Order]
2026-03-18 10:01:54.786  INFO 1 --- [io-12031-exec-5] order.service.OrderServiceImpl           : [create][Order Create Success][Order Price][OrderId:7d23b109-f2e7-497f-869a-0b1e2bfcd4f0 , Price: 0.0]
2026-03-18 10:01:55.058  INFO 1 --- [io-12031-exec-4] order.controller.OrderController         : [createNewOrder][Create Order][from shanghai to taiyuan at 1970-01-02 18:17:36]
2026-03-18 10:01:55.058  INFO 1 --- [io-12031-exec-4] order.service.OrderServiceImpl           : [create][Create Order][Ready to Create Order]
2026-03-18 10:01:55.075  INFO 1 --- [io-12031-exec-4] order.service.OrderServiceImpl           : [create][Order Create Success][Order Price][OrderId:010c0923-296b-447a-993c-e361e792c96d , Price: 0.0]
2026-03-18 10:01:55.359  INFO 1 --- [io-12031-exec-6] order.controller.OrderController         : [createNewOrder][Create Order][from shanghai to taiyuan at 1970-01-02 18:17:36]
2026-03-18 10:01:55.359  INFO 1 --- [io-12031-exec-6] order.service.OrderServiceImpl           : [create][Create Order][Ready to Create Order]
2026-03-18 10:01:55.376  INFO 1 --- [io-12031-exec-6] order.service.OrderServiceImpl           : [create][Order Create Success][Order Price][OrderId:e846d0b5-f1a0-46d5-a636-583b02714094 , Price: 0.0]
2026-03-18 10:01:55.658  INFO 1 --- [io-12031-exec-7] order.controller.OrderController         : [createNewOrder][Create Order][from shanghai to taiyuan at 1970-01-02 18:17:36]
2026-03-18 10:01:55.658  INFO 1 --- [io-12031-exec-7] order.service.OrderServiceImpl           : [create][Create Order][Ready to Create Order]
2026-03-18 10:01:55.677  INFO 1 --- [io-12031-exec-7] order.service.OrderServiceImpl           : [create][Order Create Success][Order Price][OrderId:b5c7fc80-ac12-4b01-8c10-080d3b38886c , Price: 0.0]
2026-03-18 10:01:55.963  INFO 1 --- [io-12031-exec-8] order.controller.OrderController         : [createNewOrder][Create Order][from shanghai to taiyuan at 1970-01-02 18:17:36]
2026-03-18 10:01:55.963  INFO 1 --- [io-12031-exec-8] order.service.OrderServiceImpl           : [create][Create Order][Ready to Create Order]
2026-03-18 10:01:56.084  INFO 1 --- [io-12031-exec-8] order.service.OrderServiceImpl           : [create][Order Create Success][Order Price][OrderId:d30c10e9-792e-47d9-babb-17f097bf492a , Price: 0.0]
2026-03-18 10:01:56.364  INFO 1 --- [o-12031-exec-10] order.controller.OrderController         : [createNewOrder][Create Order][from shanghai to taiyuan at 1970-01-02 18:17:36]
2026-03-18 10:01:56.364  INFO 1 --- [o-12031-exec-10] order.service.OrderServiceImpl           : [create][Create Order][Ready to Create Order]
2026-03-18 10:01:56.385  INFO 1 --- [o-12031-exec-10] order.service.OrderServiceImpl           : [create][Order Create Success][Order Price][OrderId:b0a9c3af-7e61-4124-9dc5-71be1e4ac3bd , Price: 0.0]
2026-03-18 10:01:56.663  INFO 1 --- [io-12031-exec-9] order.controller.OrderController         : [createNewOrder][Create Order][from shanghai to taiyuan at 1970-01-02 18:17:36]
2026-03-18 10:01:56.663  INFO 1 --- [io-12031-exec-9] order.service.OrderServiceImpl           : [create][Create Order][Ready to Create Order]
2026-03-18 10:01:56.682  INFO 1 --- [io-12031-exec-9] order.service.OrderServiceImpl           : [create][Order Create Success][Order Price][OrderId:296eabb2-1123-46cb-b66c-b13b7e57288b , Price: 0.0]
2026-03-18 10:01:56.964  INFO 1 --- [io-12031-exec-1] order.controller.OrderController         : [createNewOrder][Create Order][from shanghai to taiyuan at 1970-01-02 18:17:36]
2026-03-18 10:01:56.965  INFO 1 --- [io-12031-exec-1] order.service.OrderServiceImpl           : [create][Create Order][Ready to Create Order]
2026-03-18 10:01:56.982  INFO 1 --- [io-12031-exec-1] order.service.OrderServiceImpl           : [create][Order Create Success][Order Price][OrderId:fa24d7b7-88f1-4cb3-b1ef-b1dc413ad4f3 , Price: 0.0]
2026-03-18 10:01:57.263  INFO 1 --- [io-12031-exec-3] order.controller.OrderController         : [createNewOrder][Create Order][from shanghai to taiyuan at 1970-01-02 18:17:36]
2026-03-18 10:01:57.264  INFO 1 --- [io-12031-exec-3] order.service.OrderServiceImpl           : [create][Create Order][Ready to Create Order]
2026-03-18 10:01:57.283  INFO 1 --- [io-12031-exec-3] order.service.OrderServiceImpl           : [create][Order Create Success][Order Price][OrderId:fe51beaa-d748-46b3-b979-324946a44931 , Price: 0.0]
2026-03-18 10:01:57.565  INFO 1 --- [io-12031-exec-2] order.controller.OrderController         : [createNewOrder][Create Order][from shanghai to taiyuan at 1970-01-02 18:17:36]
2026-03-18 10:01:57.565  INFO 1 --- [io-12031-exec-2] order.service.OrderServiceImpl           : [create][Create Order][Ready to Create Order]
2026-03-18 10:01:57.583  INFO 1 --- [io-12031-exec-2] order.service.OrderServiceImpl           : [create][Order Create Success][Order Price][OrderId:e1c78979-b4f7-409f-8339-879de9d2b083 , Price: 0.0]
2026-03-18 10:01:57.862  INFO 1 --- [io-12031-exec-5] order.controller.OrderController         : [createNewOrder][Create Order][from shanghai to taiyuan at 1970-01-02 18:17:36]
2026-03-18 10:01:57.862  INFO 1 --- [io-12031-exec-5] order.service.OrderServiceImpl           : [create][Create Order][Ready to Create Order]
2026-03-18 10:01:57.881  INFO 1 --- [io-12031-exec-5] order.service.OrderServiceImpl           : [create][Order Create Success][Order Price][OrderId:73a248f4-1252-413d-9c11-2d8e1fcb8baf , Price: 0.0]
2026-03-18 10:01:58.166  INFO 1 --- [io-12031-exec-4] order.controller.OrderController         : [createNewOrder][Create Order][from shanghai to taiyuan at 1970-01-02 18:17:36]
2026-03-18 10:01:58.166  INFO 1 --- [io-12031-exec-4] order.service.OrderServiceImpl           : [create][Create Order][Ready to Create Order]
2026-03-18 10:01:58.182  INFO 1 --- [io-12031-exec-4] order.service.OrderServiceImpl           : [create][Order Create Success][Order Price][OrderId:9a5b8b4d-8e94-407e-a568-586ab23d6c99 , Price: 0.0]
2026-03-18 10:01:58.466  INFO 1 --- [io-12031-exec-6] order.controller.OrderController         : [createNewOrder][Create Order][from shanghai to taiyuan at 1970-01-02 18:17:36]
2026-03-18 10:01:58.466  INFO 1 --- [io-12031-exec-6] order.service.OrderServiceImpl           : [create][Create Order][Ready to Create Order]
2026-03-18 10:01:58.577  INFO 1 --- [io-12031-exec-6] order.service.OrderServiceImpl           : [create][Order Create Success][Order Price][OrderId:ab291590-8974-4d58-8f00-6a3eeb84b9cc , Price: 0.0]
2026-03-18 10:01:58.869  INFO 1 --- [io-12031-exec-7] order.controller.OrderController         : [createNewOrder][Create Order][from shanghai to taiyuan at 1970-01-02 18:17:36]
2026-03-18 10:01:58.869  INFO 1 --- [io-12031-exec-7] order.service.OrderServiceImpl           : [create][Create Order][Ready to Create Order]
2026-03-18 10:01:58.889  INFO 1 --- [io-12031-exec-7] order.service.OrderServiceImpl           : [create][Order Create Success][Order Price][OrderId:05af89e6-26c2-439a-89b5-4856610a92f5 , Price: 0.0]
2026-03-18 10:01:59.167  INFO 1 --- [io-12031-exec-8] order.controller.OrderController         : [createNewOrder][Create Order][from shanghai to taiyuan at 1970-01-02 18:17:36]
2026-03-18 10:01:59.167  INFO 1 --- [io-12031-exec-8] order.service.OrderServiceImpl           : [create][Create Order][Ready to Create Order]
2026-03-18 10:01:59.186  INFO 1 --- [io-12031-exec-8] order.service.OrderServiceImpl           : [create][Order Create Success][Order Price][OrderId:665bdd6b-8da1-49d0-bd7e-85a9484c499a , Price: 0.0]
2026-03-18 10:01:59.461  INFO 1 --- [o-12031-exec-10] order.controller.OrderController         : [createNewOrder][Create Order][from shanghai to taiyuan at 1970-01-02 18:17:36]
2026-03-18 10:01:59.461  INFO 1 --- [o-12031-exec-10] order.service.OrderServiceImpl           : [create][Create Order][Ready to Create Order]
2026-03-18 10:01:59.479  INFO 1 --- [o-12031-exec-10] order.service.OrderServiceImpl           : [create][Order Create Success][Order Price][OrderId:59d0fb36-cabf-4b08-9575-63f291d9956e , Price: 0.0]
2026-03-18 10:01:59.755  INFO 1 --- [io-12031-exec-9] order.controller.OrderController         : [createNewOrder][Create Order][from shanghai to taiyuan at 1970-01-02 18:17:36]
2026-03-18 10:01:59.755  INFO 1 --- [io-12031-exec-9] order.service.OrderServiceImpl           : [create][Create Order][Ready to Create Order]
2026-03-18 10:01:59.772  INFO 1 --- [io-12031-exec-9] order.service.OrderServiceImpl           : [create][Order Create Success][Order Price][OrderId:637f87f6-9a06-4efe-ad40-9e63493504ed , Price: 0.0]
2026-03-18 10:02:00.058  INFO 1 --- [io-12031-exec-1] order.controller.OrderController         : [createNewOrder][Create Order][from shanghai to taiyuan at 1970-01-02 18:17:36]
2026-03-18 10:02:00.058  INFO 1 --- [io-12031-exec-1] order.service.OrderServiceImpl           : [create][Create Order][Ready to Create Order]
2026-03-18 10:02:00.077  INFO 1 --- [io-12031-exec-1] order.service.OrderServiceImpl           : [create][Order Create Success][Order Price][OrderId:19d01ba4-912b-4525-8ad8-2d9ed3ceda1b , Price: 0.0]
2026-03-18 10:02:00.362  INFO 1 --- [io-12031-exec-3] order.controller.OrderController         : [createNewOrder][Create Order][from shanghai to taiyuan at 1970-01-02 18:17:36]
2026-03-18 10:02:00.362  INFO 1 --- [io-12031-exec-3] order.service.OrderServiceImpl           : [create][Create Order][Ready to Create Order]
2026-03-18 10:02:00.378  INFO 1 --- [io-12031-exec-3] order.service.OrderServiceImpl           : [create][Order Create Success][Order Price][OrderId:bb218d88-065d-482a-93f6-a879cce59cd7 , Price: 0.0]
2026-03-18 10:02:00.658  INFO 1 --- [io-12031-exec-2] order.controller.OrderController         : [createNewOrder][Create Order][from shanghai to taiyuan at 1970-01-02 18:17:36]
2026-03-18 10:02:00.658  INFO 1 --- [io-12031-exec-2] order.service.OrderServiceImpl           : [create][Create Order][Ready to Create Order]
2026-03-18 10:02:00.684  INFO 1 --- [io-12031-exec-2] order.service.OrderServiceImpl           : [create][Order Create Success][Order Price][OrderId:60f42ee0-c7b3-408c-beac-84f22ce8f084 , Price: 0.0]
2026-03-18 10:02:00.961  INFO 1 --- [io-12031-exec-5] order.controller.OrderController         : [createNewOrder][Create Order][from shanghai to taiyuan at 1970-01-02 18:17:36]
2026-03-18 10:02:00.961  INFO 1 --- [io-12031-exec-5] order.service.OrderServiceImpl           : [create][Create Order][Ready to Create Order]
2026-03-18 10:02:00.978  INFO 1 --- [io-12031-exec-5] order.service.OrderServiceImpl           : [create][Order Create Success][Order Price][OrderId:1d7035fd-3e05-47dc-8339-fa1ba5fe0745 , Price: 0.0]
2026-03-18 10:02:01.258  INFO 1 --- [io-12031-exec-6] order.controller.OrderController         : [createNewOrder][Create Order][from shanghai to taiyuan at 1970-01-02 18:17:36]
2026-03-18 10:02:01.258  INFO 1 --- [io-12031-exec-6] order.service.OrderServiceImpl           : [create][Create Order][Ready to Create Order]
2026-03-18 10:02:01.276  INFO 1 --- [io-12031-exec-6] order.service.OrderServiceImpl           : [create][Order Create Success][Order Price][OrderId:1054fa78-b0bf-48be-9881-07650bb63d99 , Price: 0.0]
2026-03-18 10:02:01.563  INFO 1 --- [io-12031-exec-7] order.controller.OrderController         : [createNewOrder][Create Order][from shanghai to taiyuan at 1970-01-02 18:17:36]
2026-03-18 10:02:01.563  INFO 1 --- [io-12031-exec-7] order.service.OrderServiceImpl           : [create][Create Order][Ready to Create Order]
2026-03-18 10:02:01.582  INFO 1 --- [io-12031-exec-7] order.service.OrderServiceImpl           : [create][Order Create Success][Order Price][OrderId:762bcd0f-e6fd-4732-bd8e-712a83ff8a41 , Price: 0.0]
2026-03-18 10:02:01.857  INFO 1 --- [io-12031-exec-8] order.controller.OrderController         : [createNewOrder][Create Order][from shanghai to taiyuan at 1970-01-02 18:17:36]
2026-03-18 10:02:01.857  INFO 1 --- [io-12031-exec-8] order.service.OrderServiceImpl           : [create][Create Order][Ready to Create Order]
2026-03-18 10:02:01.872  INFO 1 --- [io-12031-exec-8] order.service.OrderServiceImpl           : [create][Order Create Success][Order Price][OrderId:16551134-eb44-4705-bb44-be5653dcbf25 , Price: 0.0]
2026-03-18 10:02:02.153  INFO 1 --- [o-12031-exec-10] order.controller.OrderController         : [createNewOrder][Create Order][from shanghai to taiyuan at 1970-01-02 18:17:36]
2026-03-18 10:02:02.153  INFO 1 --- [o-12031-exec-10] order.service.OrderServiceImpl           : [create][Create Order][Ready to Create Order]
2026-03-18 10:02:02.171  INFO 1 --- [o-12031-exec-10] order.service.OrderServiceImpl           : [create][Order Create Success][Order Price][OrderId:4c24e8b7-ec82-4e7f-b1a3-515a21eb5c42 , Price: 0.0]
2026-03-18 10:02:02.460  INFO 1 --- [io-12031-exec-9] order.controller.OrderController         : [createNewOrder][Create Order][from shanghai to taiyuan at 1970-01-02 18:17:36]
2026-03-18 10:02:02.460  INFO 1 --- [io-12031-exec-9] order.service.OrderServiceImpl           : [create][Create Order][Ready to Create Order]
2026-03-18 10:02:02.477  INFO 1 --- [io-12031-exec-9] order.service.OrderServiceImpl           : [create][Order Create Success][Order Price][OrderId:40544264-8e09-4de6-ba82-e509232c69ae , Price: 0.0]
2026-03-18 10:02:02.748  INFO 1 --- [io-12031-exec-1] order.controller.OrderController         : [createNewOrder][Create Order][from shanghai to taiyuan at 1970-01-02 18:17:36]
2026-03-18 10:02:02.748  INFO 1 --- [io-12031-exec-1] order.service.OrderServiceImpl           : [create][Create Order][Ready to Create Order]
2026-03-18 10:02:02.790  INFO 1 --- [io-12031-exec-1] order.service.OrderServiceImpl           : [create][Order Create Success][Order Price][OrderId:e7393f82-f623-4b42-a1df-e8a7620a7a57 , Price: 0.0]
2026-03-18 10:02:03.055  INFO 1 --- [io-12031-exec-3] order.controller.OrderController         : [createNewOrder][Create Order][from shanghai to taiyuan at 1970-01-02 18:17:36]
2026-03-18 10:02:03.055  INFO 1 --- [io-12031-exec-3] order.service.OrderServiceImpl           : [create][Create Order][Ready to Create Order]
2026-03-18 10:02:03.073  INFO 1 --- [io-12031-exec-3] order.service.OrderServiceImpl           : [create][Order Create Success][Order Price][OrderId:8ed0ef6b-318a-4f63-93de-f95378cf2067 , Price: 0.0]
2026-03-18 10:02:03.352  INFO 1 --- [io-12031-exec-2] order.controller.OrderController         : [createNewOrder][Create Order][from shanghai to taiyuan at 1970-01-02 18:17:36]
2026-03-18 10:02:03.352  INFO 1 --- [io-12031-exec-2] order.service.OrderServiceImpl           : [create][Create Order][Ready to Create Order]
2026-03-18 10:02:03.367  INFO 1 --- [io-12031-exec-2] order.service.OrderServiceImpl           : [create][Order Create Success][Order Price][OrderId:d99bc948-6ac1-4760-b7b5-73c800b48f3b , Price: 0.0]
2026-03-18 10:02:03.651  INFO 1 --- [io-12031-exec-5] order.controller.OrderController         : [createNewOrder][Create Order][from shanghai to taiyuan at 1970-01-02 18:17:36]
2026-03-18 10:02:03.651  INFO 1 --- [io-12031-exec-5] order.service.OrderServiceImpl           : [create][Create Order][Ready to Create Order]
2026-03-18 10:02:03.670  INFO 1 --- [io-12031-exec-5] order.service.OrderServiceImpl           : [create][Order Create Success][Order Price][OrderId:30b13bb1-58d4-443e-80f3-94eb1b414a20 , Price: 0.0]
2026-03-18 10:02:03.941  INFO 1 --- [io-12031-exec-4] order.controller.OrderController         : [createNewOrder][Create Order][from shanghai to taiyuan at 1970-01-02 18:17:36]
2026-03-18 10:02:03.941  INFO 1 --- [io-12031-exec-4] order.service.OrderServiceImpl           : [create][Create Order][Ready to Create Order]
2026-03-18 10:02:03.956  INFO 1 --- [io-12031-exec-4] order.service.OrderServiceImpl           : [create][Order Create Success][Order Price][OrderId:fa0dd80a-d7ba-45f0-b01a-ba7403178df8 , Price: 0.0]
2026-03-18 10:02:04.251  INFO 1 --- [io-12031-exec-6] order.controller.OrderController         : [createNewOrder][Create Order][from shanghai to taiyuan at 1970-01-02 18:17:36]
2026-03-18 10:02:04.251  INFO 1 --- [io-12031-exec-6] order.service.OrderServiceImpl           : [create][Create Order][Ready to Create Order]
2026-03-18 10:02:04.271  INFO 1 --- [io-12031-exec-6] order.service.OrderServiceImpl           : [create][Order Create Success][Order Price][OrderId:0e8832a9-1261-4235-92e4-df278744b0de , Price: 0.0]
2026-03-18 10:02:04.559  INFO 1 --- [io-12031-exec-7] order.controller.OrderController         : [createNewOrder][Create Order][from shanghai to taiyuan at 1970-01-02 18:17:36]
2026-03-18 10:02:04.559  INFO 1 --- [io-12031-exec-7] order.service.OrderServiceImpl           : [create][Create Order][Ready to Create Order]
2026-03-18 10:02:04.576  INFO 1 --- [io-12031-exec-7] order.service.OrderServiceImpl           : [create][Order Create Success][Order Price][OrderId:6f43051c-9b42-404d-9f17-1a5d2b442be4 , Price: 0.0]
2026-03-18 10:02:04.862  INFO 1 --- [io-12031-exec-8] order.controller.OrderController         : [createNewOrder][Create Order][from shanghai to taiyuan at 1970-01-02 18:17:36]
2026-03-18 10:02:04.862  INFO 1 --- [io-12031-exec-8] order.service.OrderServiceImpl           : [create][Create Order][Ready to Create Order]
2026-03-18 10:02:04.878  INFO 1 --- [io-12031-exec-8] order.service.OrderServiceImpl           : [create][Order Create Success][Order Price][OrderId:3143ecd8-06ef-4092-bd60-284f0861dd26 , Price: 0.0]
2026-03-18 10:02:05.161  INFO 1 --- [o-12031-exec-10] order.controller.OrderController         : [createNewOrder][Create Order][from shanghai to taiyuan at 1970-01-02 18:17:36]
2026-03-18 10:02:05.161  INFO 1 --- [o-12031-exec-10] order.service.OrderServiceImpl           : [create][Create Order][Ready to Create Order]
2026-03-18 10:02:05.177  INFO 1 --- [o-12031-exec-10] order.service.OrderServiceImpl           : [create][Order Create Success][Order Price][OrderId:fe7d8589-d952-4259-bac1-d78ac84fbfe0 , Price: 0.0]
2026-03-18 10:02:05.455  INFO 1 --- [io-12031-exec-9] order.controller.OrderController         : [createNewOrder][Create Order][from shanghai to taiyuan at 1970-01-02 18:17:36]
2026-03-18 10:02:05.455  INFO 1 --- [io-12031-exec-9] order.service.OrderServiceImpl           : [create][Create Order][Ready to Create Order]
2026-03-18 10:02:05.471  INFO 1 --- [io-12031-exec-9] order.service.OrderServiceImpl           : [create][Order Create Success][Order Price][OrderId:b0ec5c3f-cba2-49f8-91cf-cbf655079d0b , Price: 0.0]
2026-03-18 10:02:05.753  INFO 1 --- [io-12031-exec-1] order.controller.OrderController         : [createNewOrder][Create Order][from shanghai to taiyuan at 1970-01-02 18:17:36]
2026-03-18 10:02:05.753  INFO 1 --- [io-12031-exec-1] order.service.OrderServiceImpl           : [create][Create Order][Ready to Create Order]
2026-03-18 10:02:05.768  INFO 1 --- [io-12031-exec-1] order.service.OrderServiceImpl           : [create][Order Create Success][Order Price][OrderId:3143f24a-7752-4025-a61b-a0fc2e278717 , Price: 0.0]
2026-03-18 10:02:06.042  INFO 1 --- [io-12031-exec-3] order.controller.OrderController         : [createNewOrder][Create Order][from shanghai to taiyuan at 1970-01-02 18:17:36]
2026-03-18 10:02:06.042  INFO 1 --- [io-12031-exec-3] order.service.OrderServiceImpl           : [create][Create Order][Ready to Create Order]
2026-03-18 10:02:06.059  INFO 1 --- [io-12031-exec-3] order.service.OrderServiceImpl           : [create][Order Create Success][Order Price][OrderId:7872b210-9bb2-4989-a56e-aa40424a65a5 , Price: 0.0]
2026-03-18 10:02:06.470  INFO 1 --- [io-12031-exec-2] order.controller.OrderController         : [createNewOrder][Create Order][from shanghai to taiyuan at 1970-01-02 18:17:36]
2026-03-18 10:02:06.470  INFO 1 --- [io-12031-exec-2] order.service.OrderServiceImpl           : [create][Create Order][Ready to Create Order]
2026-03-18 10:02:06.493  INFO 1 --- [io-12031-exec-2] order.service.OrderServiceImpl           : [create][Order Create Success][Order Price][OrderId:0f4b69cb-d655-43f4-a5b9-6349592b85a3 , Price: 0.0]
2026-03-18 10:02:06.760  INFO 1 --- [io-12031-exec-5] order.controller.OrderController         : [createNewOrder][Create Order][from shanghai to taiyuan at 1970-01-02 18:17:36]
2026-03-18 10:02:06.760  INFO 1 --- [io-12031-exec-5] order.service.OrderServiceImpl           : [create][Create Order][Ready to Create Order]
2026-03-18 10:02:06.873  INFO 1 --- [io-12031-exec-5] order.service.OrderServiceImpl           : [create][Order Create Success][Order Price][OrderId:79bb5e0c-3b61-4eba-b041-f55844a00e57 , Price: 0.0]
2026-03-18 10:02:07.151  INFO 1 --- [io-12031-exec-4] order.controller.OrderController         : [createNewOrder][Create Order][from shanghai to taiyuan at 1970-01-02 18:17:36]
2026-03-18 10:02:07.151  INFO 1 --- [io-12031-exec-4] order.service.OrderServiceImpl           : [create][Create Order][Ready to Create Order]
2026-03-18 10:02:07.168  INFO 1 --- [io-12031-exec-4] order.service.OrderServiceImpl           : [create][Order Create Success][Order Price][OrderId:7172b93f-ab37-47fc-b386-99d9d98705eb , Price: 0.0]
2026-03-18 10:02:07.454  INFO 1 --- [io-12031-exec-6] order.controller.OrderController         : [createNewOrder][Create Order][from shanghai to taiyuan at 1970-01-02 18:17:36]
2026-03-18 10:02:07.454  INFO 1 --- [io-12031-exec-6] order.service.OrderServiceImpl           : [create][Create Order][Ready to Create Order]
2026-03-18 10:02:07.471  INFO 1 --- [io-12031-exec-6] order.service.OrderServiceImpl           : [create][Order Create Success][Order Price][OrderId:e8db2d58-ae3e-4698-ac83-0bdc70b6222f , Price: 0.0]
2026-03-18 10:02:07.750  INFO 1 --- [io-12031-exec-7] order.controller.OrderController         : [createNewOrder][Create Order][from shanghai to taiyuan at 1970-01-02 18:17:36]
2026-03-18 10:02:07.750  INFO 1 --- [io-12031-exec-7] order.service.OrderServiceImpl           : [create][Create Order][Ready to Create Order]
2026-03-18 10:02:07.767  INFO 1 --- [io-12031-exec-7] order.service.OrderServiceImpl           : [create][Order Create Success][Order Price][OrderId:8d23372f-5c4b-4edf-a95e-e23b1ee95c67 , Price: 0.0]
2026-03-18 10:02:08.050  INFO 1 --- [io-12031-exec-8] order.controller.OrderController         : [createNewOrder][Create Order][from shanghai to taiyuan at 1970-01-02 18:17:36]
2026-03-18 10:02:08.050  INFO 1 --- [io-12031-exec-8] order.service.OrderServiceImpl           : [create][Create Order][Ready to Create Order]
2026-03-18 10:02:08.067  INFO 1 --- [io-12031-exec-8] order.service.OrderServiceImpl           : [create][Order Create Success][Order Price][OrderId:7cedbc4a-13cc-4396-a764-9078c0b94d38 , Price: 0.0]
2026-03-18 10:02:08.346  INFO 1 --- [o-12031-exec-10] order.controller.OrderController         : [createNewOrder][Create Order][from shanghai to taiyuan at 1970-01-02 18:17:36]
2026-03-18 10:02:08.346  INFO 1 --- [o-12031-exec-10] order.service.OrderServiceImpl           : [create][Create Order][Ready to Create Order]
2026-03-18 10:02:08.367  INFO 1 --- [o-12031-exec-10] order.service.OrderServiceImpl           : [create][Order Create Success][Order Price][OrderId:e022bcbf-2213-49c7-8c79-621dd32e60d3 , Price: 0.0]
2026-03-18 10:02:08.654  INFO 1 --- [io-12031-exec-9] order.controller.OrderController         : [createNewOrder][Create Order][from shanghai to taiyuan at 1970-01-02 18:17:36]
2026-03-18 10:02:08.654  INFO 1 --- [io-12031-exec-9] order.service.OrderServiceImpl           : [create][Create Order][Ready to Create Order]
2026-03-18 10:02:08.672  INFO 1 --- [io-12031-exec-9] order.service.OrderServiceImpl           : [create][Order Create Success][Order Price][OrderId:8656a21a-003d-48a3-bae0-f726181eba59 , Price: 0.0]
2026-03-18 10:02:08.962  INFO 1 --- [io-12031-exec-1] order.controller.OrderController         : [createNewOrder][Create Order][from shanghai to taiyuan at 1970-01-02 18:17:36]
2026-03-18 10:02:08.962  INFO 1 --- [io-12031-exec-1] order.service.OrderServiceImpl           : [create][Create Order][Ready to Create Order]
2026-03-18 10:02:09.067  INFO 1 --- [io-12031-exec-1] order.service.OrderServiceImpl           : [create][Order Create Success][Order Price][OrderId:8a4619d7-d6de-4826-aa9c-59b7dbba9af1 , Price: 0.0]
2026-03-18 10:02:09.345  INFO 1 --- [io-12031-exec-3] order.controller.OrderController         : [createNewOrder][Create Order][from shanghai to taiyuan at 1970-01-02 18:17:36]
2026-03-18 10:02:09.345  INFO 1 --- [io-12031-exec-3] order.service.OrderServiceImpl           : [create][Create Order][Ready to Create Order]
2026-03-18 10:02:09.361  INFO 1 --- [io-12031-exec-3] order.service.OrderServiceImpl           : [create][Order Create Success][Order Price][OrderId:8b115e1f-57df-41f6-bf70-e9b7d0d2ea01 , Price: 0.0]
2026-03-18 10:02:09.633  INFO 1 --- [io-12031-exec-2] order.controller.OrderController         : [createNewOrder][Create Order][from shanghai to taiyuan at 1970-01-02 18:17:36]
2026-03-18 10:02:09.633  INFO 1 --- [io-12031-exec-2] order.service.OrderServiceImpl           : [create][Create Order][Ready to Create Order]
2026-03-18 10:02:09.649  INFO 1 --- [io-12031-exec-2] order.service.OrderServiceImpl           : [create][Order Create Success][Order Price][OrderId:92c43b55-b514-42b9-84b3-f3659bbd8544 , Price: 0.0]
2026-03-18 10:02:09.885  INFO 1 --- [io-12031-exec-5] order.controller.OrderController         : [createNewOrder][Create Order][from shanghai to taiyuan at 1970-01-02 18:17:36]
2026-03-18 10:02:09.885  INFO 1 --- [io-12031-exec-5] order.service.OrderServiceImpl           : [create][Create Order][Ready to Create Order]
2026-03-18 10:02:09.903  INFO 1 --- [io-12031-exec-5] order.service.OrderServiceImpl           : [create][Order Create Success][Order Price][OrderId:6f8766de-dbd2-420d-a162-af41fa6233fb , Price: 0.0]
2026-03-18 10:02:10.163  INFO 1 --- [io-12031-exec-4] order.controller.OrderController         : [createNewOrder][Create Order][from shanghai to taiyuan at 1970-01-02 18:17:36]
2026-03-18 10:02:10.163  INFO 1 --- [io-12031-exec-4] order.service.OrderServiceImpl           : [create][Create Order][Ready to Create Order]
2026-03-18 10:02:10.181  INFO 1 --- [io-12031-exec-4] order.service.OrderServiceImpl           : [create][Order Create Success][Order Price][OrderId:5722a112-dd98-4cfe-9f67-46ee289bb7a0 , Price: 0.0]
2026-03-18 10:02:10.459  INFO 1 --- [io-12031-exec-6] order.controller.OrderController         : [createNewOrder][Create Order][from shanghai to taiyuan at 1970-01-02 18:17:36]
2026-03-18 10:02:10.459  INFO 1 --- [io-12031-exec-6] order.service.OrderServiceImpl           : [create][Create Order][Ready to Create Order]
2026-03-18 10:02:10.474  INFO 1 --- [io-12031-exec-6] order.service.OrderServiceImpl           : [create][Order Create Success][Order Price][OrderId:c4af2757-7f93-47a4-8922-f1175f0ff438 , Price: 0.0]
2026-03-18 10:02:10.750  INFO 1 --- [io-12031-exec-7] order.controller.OrderController         : [createNewOrder][Create Order][from shanghai to taiyuan at 1970-01-02 18:17:36]
2026-03-18 10:02:10.750  INFO 1 --- [io-12031-exec-7] order.service.OrderServiceImpl           : [create][Create Order][Ready to Create Order]
2026-03-18 10:02:10.766  INFO 1 --- [io-12031-exec-7] order.service.OrderServiceImpl           : [create][Order Create Success][Order Price][OrderId:fed7a6d4-6a24-453c-b7e4-2b48c9040582 , Price: 0.0]
2026-03-18 10:02:11.038  INFO 1 --- [io-12031-exec-8] order.controller.OrderController         : [createNewOrder][Create Order][from shanghai to taiyuan at 1970-01-02 18:17:36]
2026-03-18 10:02:11.038  INFO 1 --- [io-12031-exec-8] order.service.OrderServiceImpl           : [create][Create Order][Ready to Create Order]
2026-03-18 10:02:11.081  INFO 1 --- [io-12031-exec-8] order.service.OrderServiceImpl           : [create][Order Create Success][Order Price][OrderId:955a7b9c-a742-453b-8016-0be43f1a16b4 , Price: 0.0]
2026-03-18 10:02:11.359  INFO 1 --- [io-12031-exec-9] order.controller.OrderController         : [createNewOrder][Create Order][from shanghai to taiyuan at 1970-01-02 18:17:36]
2026-03-18 10:02:11.359  INFO 1 --- [io-12031-exec-9] order.service.OrderServiceImpl           : [create][Create Order][Ready to Create Order]
2026-03-18 10:02:11.376  INFO 1 --- [io-12031-exec-9] order.service.OrderServiceImpl           : [create][Order Create Success][Order Price][OrderId:3d67319b-fea3-4a01-b3c0-a06d853c4d60 , Price: 0.0]
2026-03-18 10:02:11.662  INFO 1 --- [io-12031-exec-1] order.controller.OrderController         : [createNewOrder][Create Order][from shanghai to taiyuan at 1970-01-02 18:17:36]
2026-03-18 10:02:11.662  INFO 1 --- [io-12031-exec-1] order.service.OrderServiceImpl           : [create][Create Order][Ready to Create Order]
2026-03-18 10:02:11.681  INFO 1 --- [io-12031-exec-1] order.service.OrderServiceImpl           : [create][Order Create Success][Order Price][OrderId:156eb279-30b6-495c-bfc0-0e61a1b477a5 , Price: 0.0]
2026-03-18 10:02:11.974  INFO 1 --- [io-12031-exec-3] order.controller.OrderController         : [createNewOrder][Create Order][from shanghai to taiyuan at 1970-01-02 18:17:36]
2026-03-18 10:02:11.974  INFO 1 --- [io-12031-exec-3] order.service.OrderServiceImpl           : [create][Create Order][Ready to Create Order]
2026-03-18 10:02:11.991  INFO 1 --- [io-12031-exec-3] order.service.OrderServiceImpl           : [create][Order Create Success][Order Price][OrderId:715fb6c6-c754-4104-aaee-5f3a1493c32e , Price: 0.0]
2026-03-18 10:02:12.265  INFO 1 --- [io-12031-exec-2] order.controller.OrderController         : [createNewOrder][Create Order][from shanghai to taiyuan at 1970-01-02 18:17:36]
2026-03-18 10:02:12.265  INFO 1 --- [io-12031-exec-2] order.service.OrderServiceImpl           : [create][Create Order][Ready to Create Order]
2026-03-18 10:02:12.284  INFO 1 --- [io-12031-exec-2] order.service.OrderServiceImpl           : [create][Order Create Success][Order Price][OrderId:b572ddce-6291-4035-bda9-bd61ee87be7e , Price: 0.0]
2026-03-18 10:02:12.560  INFO 1 --- [io-12031-exec-5] order.controller.OrderController         : [createNewOrder][Create Order][from shanghai to taiyuan at 1970-01-02 18:17:36]
2026-03-18 10:02:12.560  INFO 1 --- [io-12031-exec-5] order.service.OrderServiceImpl           : [create][Create Order][Ready to Create Order]
2026-03-18 10:02:12.577  INFO 1 --- [io-12031-exec-5] order.service.OrderServiceImpl           : [create][Order Create Success][Order Price][OrderId:5365a83f-ff4c-414e-9ad9-036729b489ae , Price: 0.0]
2026-03-18 10:02:12.851  INFO 1 --- [io-12031-exec-4] order.controller.OrderController         : [createNewOrder][Create Order][from shanghai to taiyuan at 1970-01-02 18:17:36]
2026-03-18 10:02:12.851  INFO 1 --- [io-12031-exec-4] order.service.OrderServiceImpl           : [create][Create Order][Ready to Create Order]
2026-03-18 10:02:12.868  INFO 1 --- [io-12031-exec-4] order.service.OrderServiceImpl           : [create][Order Create Success][Order Price][OrderId:fce5d987-034e-4966-bdab-77c6378e371b , Price: 0.0]
2026-03-18 10:02:13.143  INFO 1 --- [io-12031-exec-6] order.controller.OrderController         : [createNewOrder][Create Order][from shanghai to taiyuan at 1970-01-02 18:17:36]
2026-03-18 10:02:13.143  INFO 1 --- [io-12031-exec-6] order.service.OrderServiceImpl           : [create][Create Order][Ready to Create Order]
2026-03-18 10:02:13.187  INFO 1 --- [io-12031-exec-6] order.service.OrderServiceImpl           : [create][Order Create Success][Order Price][OrderId:2ce6256d-c0ca-4515-9399-a743ddf5fa0f , Price: 0.0]
2026-03-18 10:02:13.459  INFO 1 --- [io-12031-exec-7] order.controller.OrderController         : [createNewOrder][Create Order][from shanghai to taiyuan at 1970-01-02 18:17:36]
2026-03-18 10:02:13.459  INFO 1 --- [io-12031-exec-7] order.service.OrderServiceImpl           : [create][Create Order][Ready to Create Order]
2026-03-18 10:02:13.477  INFO 1 --- [io-12031-exec-7] order.service.OrderServiceImpl           : [create][Order Create Success][Order Price][OrderId:f8f27e8e-9cd9-4077-a7b3-ed638bc32fff , Price: 0.0]
2026-03-18 10:02:13.754  INFO 1 --- [io-12031-exec-8] order.controller.OrderController         : [createNewOrder][Create Order][from shanghai to taiyuan at 1970-01-02 18:17:36]
2026-03-18 10:02:13.755  INFO 1 --- [io-12031-exec-8] order.service.OrderServiceImpl           : [create][Create Order][Ready to Create Order]
2026-03-18 10:02:13.771  INFO 1 --- [io-12031-exec-8] order.service.OrderServiceImpl           : [create][Order Create Success][Order Price][OrderId:040e8d09-8dde-4170-88fc-92cf555bcca4 , Price: 0.0]
2026-03-18 10:02:14.040  INFO 1 --- [o-12031-exec-10] order.controller.OrderController         : [createNewOrder][Create Order][from shanghai to taiyuan at 1970-01-02 18:17:36]
2026-03-18 10:02:14.040  INFO 1 --- [o-12031-exec-10] order.service.OrderServiceImpl           : [create][Create Order][Ready to Create Order]
2026-03-18 10:02:14.057  INFO 1 --- [o-12031-exec-10] order.service.OrderServiceImpl           : [create][Order Create Success][Order Price][OrderId:3ae01941-6cd1-4bbc-b7b4-3d05d277c253 , Price: 0.0]
2026-03-18 10:02:14.359  INFO 1 --- [io-12031-exec-9] order.controller.OrderController         : [createNewOrder][Create Order][from shanghai to taiyuan at 1970-01-02 18:17:36]
2026-03-18 10:02:14.360  INFO 1 --- [io-12031-exec-9] order.service.OrderServiceImpl           : [create][Create Order][Ready to Create Order]
2026-03-18 10:02:14.378  INFO 1 --- [io-12031-exec-9] order.service.OrderServiceImpl           : [create][Order Create Success][Order Price][OrderId:ebfe3049-1456-4dc4-a1fa-92abd32d72cd , Price: 0.0]
2026-03-18 10:02:14.651  INFO 1 --- [io-12031-exec-1] order.controller.OrderController         : [createNewOrder][Create Order][from shanghai to taiyuan at 1970-01-02 18:17:36]
2026-03-18 10:02:14.651  INFO 1 --- [io-12031-exec-1] order.service.OrderServiceImpl           : [create][Create Order][Ready to Create Order]
2026-03-18 10:02:14.667  INFO 1 --- [io-12031-exec-1] order.service.OrderServiceImpl           : [create][Order Create Success][Order Price][OrderId:5a7353c5-b4bb-4b2b-9712-45d07cc95845 , Price: 0.0]
2026-03-18 10:02:14.945  INFO 1 --- [io-12031-exec-3] order.controller.OrderController         : [createNewOrder][Create Order][from shanghai to taiyuan at 1970-01-02 18:17:36]
2026-03-18 10:02:14.945  INFO 1 --- [io-12031-exec-3] order.service.OrderServiceImpl           : [create][Create Order][Ready to Create Order]
2026-03-18 10:02:14.963  INFO 1 --- [io-12031-exec-3] order.service.OrderServiceImpl           : [create][Order Create Success][Order Price][OrderId:ddd66e09-e60c-4a3c-8d33-228b5e10c598 , Price: 0.0]
2026-03-18 10:02:15.255  INFO 1 --- [io-12031-exec-2] order.controller.OrderController         : [createNewOrder][Create Order][from shanghai to taiyuan at 1970-01-02 18:17:36]
2026-03-18 10:02:15.255  INFO 1 --- [io-12031-exec-2] order.service.OrderServiceImpl           : [create][Create Order][Ready to Create Order]
2026-03-18 10:02:15.292  INFO 1 --- [io-12031-exec-2] order.service.OrderServiceImpl           : [create][Order Create Success][Order Price][OrderId:d2895422-1a2b-4c3a-8bf6-bb7ca370a083 , Price: 0.0]
2026-03-18 10:02:15.565  INFO 1 --- [io-12031-exec-5] order.controller.OrderController         : [createNewOrder][Create Order][from shanghai to taiyuan at 1970-01-02 18:17:36]
2026-03-18 10:02:15.565  INFO 1 --- [io-12031-exec-5] order.service.OrderServiceImpl           : [create][Create Order][Ready to Create Order]
2026-03-18 10:02:15.582  INFO 1 --- [io-12031-exec-5] order.service.OrderServiceImpl           : [create][Order Create Success][Order Price][OrderId:f03b63c0-561e-46fa-8e8f-b89197f46600 , Price: 0.0]
2026-03-18 10:02:15.860  INFO 1 --- [io-12031-exec-4] order.controller.OrderController         : [createNewOrder][Create Order][from shanghai to taiyuan at 1970-01-02 18:17:36]
2026-03-18 10:02:15.861  INFO 1 --- [io-12031-exec-4] order.service.OrderServiceImpl           : [create][Create Order][Ready to Create Order]
2026-03-18 10:02:15.878  INFO 1 --- [io-12031-exec-4] order.service.OrderServiceImpl           : [create][Order Create Success][Order Price][OrderId:27d673eb-0637-4fc2-9d80-469816c7e9bf , Price: 0.0]
2026-03-18 10:02:16.181  INFO 1 --- [io-12031-exec-6] order.controller.OrderController         : [createNewOrder][Create Order][from shanghai to taiyuan at 1970-01-02 18:17:36]
2026-03-18 10:02:16.181  INFO 1 --- [io-12031-exec-6] order.service.OrderServiceImpl           : [create][Create Order][Ready to Create Order]
2026-03-18 10:02:16.198  INFO 1 --- [io-12031-exec-6] order.service.OrderServiceImpl           : [create][Order Create Success][Order Price][OrderId:23d2c310-6f8b-481a-bf71-2ae8a9417d4a , Price: 0.0]
2026-03-18 10:02:16.459  INFO 1 --- [io-12031-exec-7] order.controller.OrderController         : [createNewOrder][Create Order][from shanghai to taiyuan at 1970-01-02 18:17:36]
2026-03-18 10:02:16.459  INFO 1 --- [io-12031-exec-7] order.service.OrderServiceImpl           : [create][Create Order][Ready to Create Order]
2026-03-18 10:02:16.478  INFO 1 --- [io-12031-exec-7] order.service.OrderServiceImpl           : [create][Order Create Success][Order Price][OrderId:f576e3a6-9778-4602-99d5-b5353a50221b , Price: 0.0]
2026-03-18 10:02:16.763  INFO 1 --- [io-12031-exec-8] order.controller.OrderController         : [createNewOrder][Create Order][from shanghai to taiyuan at 1970-01-02 18:17:36]
2026-03-18 10:02:16.763  INFO 1 --- [io-12031-exec-8] order.service.OrderServiceImpl           : [create][Create Order][Ready to Create Order]
2026-03-18 10:02:16.781  INFO 1 --- [io-12031-exec-8] order.service.OrderServiceImpl           : [create][Order Create Success][Order Price][OrderId:1fb248be-6c0a-4ae2-a67f-d3fb4786d5f7 , Price: 0.0]
2026-03-18 10:02:17.064  INFO 1 --- [o-12031-exec-10] order.controller.OrderController         : [createNewOrder][Create Order][from shanghai to taiyuan at 1970-01-02 18:17:36]
2026-03-18 10:02:17.064  INFO 1 --- [o-12031-exec-10] order.service.OrderServiceImpl           : [create][Create Order][Ready to Create Order]
2026-03-18 10:02:17.178  INFO 1 --- [o-12031-exec-10] order.service.OrderServiceImpl           : [create][Order Create Success][Order Price][OrderId:f1d2aa28-6ccc-4919-a767-897715af139d , Price: 0.0]
2026-03-18 10:02:17.448  INFO 1 --- [io-12031-exec-9] order.controller.OrderController         : [createNewOrder][Create Order][from shanghai to taiyuan at 1970-01-02 18:17:36]
2026-03-18 10:02:17.448  INFO 1 --- [io-12031-exec-9] order.service.OrderServiceImpl           : [create][Create Order][Ready to Create Order]
2026-03-18 10:02:17.463  INFO 1 --- [io-12031-exec-9] order.service.OrderServiceImpl           : [create][Order Create Success][Order Price][OrderId:15c3f93c-d41d-4cd0-807f-ba9f74feb512 , Price: 0.0]
2026-03-18 10:02:17.743  INFO 1 --- [io-12031-exec-1] order.controller.OrderController         : [createNewOrder][Create Order][from shanghai to taiyuan at 1970-01-02 18:17:36]
2026-03-18 10:02:17.743  INFO 1 --- [io-12031-exec-1] order.service.OrderServiceImpl           : [create][Create Order][Ready to Create Order]
2026-03-18 10:02:17.761  INFO 1 --- [io-12031-exec-1] order.service.OrderServiceImpl           : [create][Order Create Success][Order Price][OrderId:c0b4ff3f-7a3d-403f-8145-1ee4434b23bb , Price: 0.0]
2026-03-18 10:02:18.043  INFO 1 --- [io-12031-exec-3] order.controller.OrderController         : [createNewOrder][Create Order][from shanghai to taiyuan at 1970-01-02 18:17:36]
2026-03-18 10:02:18.043  INFO 1 --- [io-12031-exec-3] order.service.OrderServiceImpl           : [create][Create Order][Ready to Create Order]
2026-03-18 10:02:18.061  INFO 1 --- [io-12031-exec-3] order.service.OrderServiceImpl           : [create][Order Create Success][Order Price][OrderId:98b8347e-7162-4745-af48-7e0bcfb7f280 , Price: 0.0]
2026-03-18 10:02:18.355  INFO 1 --- [io-12031-exec-2] order.controller.OrderController         : [createNewOrder][Create Order][from shanghai to taiyuan at 1970-01-02 18:17:36]
2026-03-18 10:02:18.355  INFO 1 --- [io-12031-exec-2] order.service.OrderServiceImpl           : [create][Create Order][Ready to Create Order]
2026-03-18 10:02:18.372  INFO 1 --- [io-12031-exec-2] order.service.OrderServiceImpl           : [create][Order Create Success][Order Price][OrderId:39972486-a392-4504-9ab8-a536efbc25df , Price: 0.0]
2026-03-18 10:02:18.783  INFO 1 --- [io-12031-exec-5] order.controller.OrderController         : [createNewOrder][Create Order][from shanghai to taiyuan at 1970-01-02 18:17:36]
2026-03-18 10:02:18.783  INFO 1 --- [io-12031-exec-5] order.service.OrderServiceImpl           : [create][Create Order][Ready to Create Order]
2026-03-18 10:02:18.867  INFO 1 --- [io-12031-exec-5] order.service.OrderServiceImpl           : [create][Order Create Success][Order Price][OrderId:8b8c3e81-0f61-4b7a-8cff-59081a31ec62 , Price: 0.0]
2026-03-18 10:02:19.182  INFO 1 --- [io-12031-exec-4] order.controller.OrderController         : [createNewOrder][Create Order][from shanghai to taiyuan at 1970-01-02 18:17:36]
2026-03-18 10:02:19.182  INFO 1 --- [io-12031-exec-4] order.service.OrderServiceImpl           : [create][Create Order][Ready to Create Order]
2026-03-18 10:02:19.201  INFO 1 --- [io-12031-exec-4] order.service.OrderServiceImpl           : [create][Order Create Success][Order Price][OrderId:4a1a6e60-ad5a-4547-8ded-1c4208526c0d , Price: 0.0]
2026-03-18 10:02:19.469  INFO 1 --- [io-12031-exec-6] order.controller.OrderController         : [createNewOrder][Create Order][from shanghai to taiyuan at 1970-01-02 18:17:36]
2026-03-18 10:02:19.469  INFO 1 --- [io-12031-exec-6] order.service.OrderServiceImpl           : [create][Create Order][Ready to Create Order]
2026-03-18 10:02:19.585  INFO 1 --- [io-12031-exec-6] order.service.OrderServiceImpl           : [create][Order Create Success][Order Price][OrderId:81acf482-df49-45b5-86ae-efc50c48ceef , Price: 0.0]
2026-03-18 10:02:19.868  INFO 1 --- [io-12031-exec-7] order.controller.OrderController         : [createNewOrder][Create Order][from shanghai to taiyuan at 1970-01-02 18:17:36]
2026-03-18 10:02:19.868  INFO 1 --- [io-12031-exec-7] order.service.OrderServiceImpl           : [create][Create Order][Ready to Create Order]
2026-03-18 10:02:19.887  INFO 1 --- [io-12031-exec-7] order.service.OrderServiceImpl           : [create][Order Create Success][Order Price][OrderId:a4c0e3f8-aeff-436b-b949-7312aea82efa , Price: 0.0]
2026-03-18 10:02:20.165  INFO 1 --- [io-12031-exec-8] order.controller.OrderController         : [createNewOrder][Create Order][from shanghai to taiyuan at 1970-01-02 18:17:36]
2026-03-18 10:02:20.165  INFO 1 --- [io-12031-exec-8] order.service.OrderServiceImpl           : [create][Create Order][Ready to Create Order]
2026-03-18 10:02:20.270  INFO 1 --- [io-12031-exec-8] order.service.OrderServiceImpl           : [create][Order Create Success][Order Price][OrderId:44eb13ac-9dd9-44d3-adad-423e3c22867c , Price: 0.0]
2026-03-18 10:02:20.543  INFO 1 --- [o-12031-exec-10] order.controller.OrderController         : [createNewOrder][Create Order][from shanghai to taiyuan at 1970-01-02 18:17:36]
2026-03-18 10:02:20.543  INFO 1 --- [o-12031-exec-10] order.service.OrderServiceImpl           : [create][Create Order][Ready to Create Order]
2026-03-18 10:02:20.560  INFO 1 --- [o-12031-exec-10] order.service.OrderServiceImpl           : [create][Order Create Success][Order Price][OrderId:042f5c0c-fdac-41c5-bfba-4badcf3376fc , Price: 0.0]
2026-03-18 10:02:20.851  INFO 1 --- [io-12031-exec-9] order.controller.OrderController         : [createNewOrder][Create Order][from shanghai to taiyuan at 1970-01-02 18:17:36]
2026-03-18 10:02:20.851  INFO 1 --- [io-12031-exec-9] order.service.OrderServiceImpl           : [create][Create Order][Ready to Create Order]
2026-03-18 10:02:20.868  INFO 1 --- [io-12031-exec-9] order.service.OrderServiceImpl           : [create][Order Create Success][Order Price][OrderId:a1c0da22-4f4a-4022-98e8-2de2108704e6 , Price: 0.0]
2026-03-18 10:02:21.159  INFO 1 --- [io-12031-exec-1] order.controller.OrderController         : [createNewOrder][Create Order][from shanghai to taiyuan at 1970-01-02 18:17:36]
2026-03-18 10:02:21.159  INFO 1 --- [io-12031-exec-1] order.service.OrderServiceImpl           : [create][Create Order][Ready to Create Order]
2026-03-18 10:02:21.177  INFO 1 --- [io-12031-exec-1] order.service.OrderServiceImpl           : [create][Order Create Success][Order Price][OrderId:75a91662-7b11-4a05-8cc9-633d3360ee6c , Price: 0.0]
2026-03-18 10:02:21.463  INFO 1 --- [io-12031-exec-2] order.controller.OrderController         : [createNewOrder][Create Order][from shanghai to taiyuan at 1970-01-02 18:17:36]
2026-03-18 10:02:21.463  INFO 1 --- [io-12031-exec-2] order.service.OrderServiceImpl           : [create][Create Order][Ready to Create Order]
2026-03-18 10:02:21.483  INFO 1 --- [io-12031-exec-2] order.service.OrderServiceImpl           : [create][Order Create Success][Order Price][OrderId:d5f72ba9-d5ea-4b95-9204-edf80474cbab , Price: 0.0]
2026-03-18 10:02:21.760  INFO 1 --- [io-12031-exec-5] order.controller.OrderController         : [createNewOrder][Create Order][from shanghai to taiyuan at 1970-01-02 18:17:36]
2026-03-18 10:02:21.760  INFO 1 --- [io-12031-exec-5] order.service.OrderServiceImpl           : [create][Create Order][Ready to Create Order]
2026-03-18 10:02:21.788  INFO 1 --- [io-12031-exec-5] order.service.OrderServiceImpl           : [create][Order Create Success][Order Price][OrderId:f5f02aa1-b992-4f55-98be-12b4f0702a69 , Price: 0.0]
2026-03-18 10:02:22.068  INFO 1 --- [io-12031-exec-4] order.controller.OrderController         : [createNewOrder][Create Order][from shanghai to taiyuan at 1970-01-02 18:17:36]
2026-03-18 10:02:22.068  INFO 1 --- [io-12031-exec-4] order.service.OrderServiceImpl           : [create][Create Order][Ready to Create Order]
2026-03-18 10:02:22.089  INFO 1 --- [io-12031-exec-4] order.service.OrderServiceImpl           : [create][Order Create Success][Order Price][OrderId:5cecde82-e90b-4736-b988-79ecc79a85bb , Price: 0.0]
2026-03-18 10:02:22.375  INFO 1 --- [io-12031-exec-6] order.controller.OrderController         : [createNewOrder][Create Order][from shanghai to taiyuan at 1970-01-02 18:17:36]
2026-03-18 10:02:22.375  INFO 1 --- [io-12031-exec-6] order.service.OrderServiceImpl           : [create][Create Order][Ready to Create Order]
2026-03-18 10:02:22.395  INFO 1 --- [io-12031-exec-6] order.service.OrderServiceImpl           : [create][Order Create Success][Order Price][OrderId:982ea312-401c-4b2c-b80b-c49fc92a6f98 , Price: 0.0]
2026-03-18 10:02:22.660  INFO 1 --- [io-12031-exec-7] order.controller.OrderController         : [createNewOrder][Create Order][from shanghai to taiyuan at 1970-01-02 18:17:36]
2026-03-18 10:02:22.660  INFO 1 --- [io-12031-exec-7] order.service.OrderServiceImpl           : [create][Create Order][Ready to Create Order]
2026-03-18 10:02:22.678  INFO 1 --- [io-12031-exec-7] order.service.OrderServiceImpl           : [create][Order Create Success][Order Price][OrderId:c8b82ebb-2fd4-48df-a9df-361ce804fdce , Price: 0.0]
2026-03-18 10:02:22.958  INFO 1 --- [io-12031-exec-8] order.controller.OrderController         : [createNewOrder][Create Order][from shanghai to taiyuan at 1970-01-02 18:17:36]
2026-03-18 10:02:22.958  INFO 1 --- [io-12031-exec-8] order.service.OrderServiceImpl           : [create][Create Order][Ready to Create Order]
2026-03-18 10:02:22.975  INFO 1 --- [io-12031-exec-8] order.service.OrderServiceImpl           : [create][Order Create Success][Order Price][OrderId:14cfd57c-56a7-4048-8ace-442a70fdedff , Price: 0.0]
2026-03-18 10:02:23.252  INFO 1 --- [o-12031-exec-10] order.controller.OrderController         : [createNewOrder][Create Order][from shanghai to taiyuan at 1970-01-02 18:17:36]
2026-03-18 10:02:23.252  INFO 1 --- [o-12031-exec-10] order.service.OrderServiceImpl           : [create][Create Order][Ready to Create Order]
2026-03-18 10:02:23.270  INFO 1 --- [o-12031-exec-10] order.service.OrderServiceImpl           : [create][Order Create Success][Order Price][OrderId:b9d0b22c-efeb-4d7f-9b56-c3743aa8f3b3 , Price: 0.0]
2026-03-18 10:02:23.549  INFO 1 --- [io-12031-exec-9] order.controller.OrderController         : [createNewOrder][Create Order][from shanghai to taiyuan at 1970-01-02 18:17:36]
2026-03-18 10:02:23.549  INFO 1 --- [io-12031-exec-9] order.service.OrderServiceImpl           : [create][Create Order][Ready to Create Order]
2026-03-18 10:02:23.584  INFO 1 --- [io-12031-exec-9] order.service.OrderServiceImpl           : [create][Order Create Success][Order Price][OrderId:402b3df4-6721-4511-afa2-3554552e113c , Price: 0.0]
2026-03-18 10:02:23.856  INFO 1 --- [io-12031-exec-1] order.controller.OrderController         : [createNewOrder][Create Order][from shanghai to taiyuan at 1970-01-02 18:17:36]
2026-03-18 10:02:23.856  INFO 1 --- [io-12031-exec-1] order.service.OrderServiceImpl           : [create][Create Order][Ready to Create Order]
2026-03-18 10:02:23.873  INFO 1 --- [io-12031-exec-1] order.service.OrderServiceImpl           : [create][Order Create Success][Order Price][OrderId:50f294c9-27d0-41a2-aed9-1518ed1bf0e4 , Price: 0.0]
2026-03-18 10:02:24.156  INFO 1 --- [io-12031-exec-3] order.controller.OrderController         : [createNewOrder][Create Order][from shanghai to taiyuan at 1970-01-02 18:17:36]
2026-03-18 10:02:24.156  INFO 1 --- [io-12031-exec-3] order.service.OrderServiceImpl           : [create][Create Order][Ready to Create Order]
2026-03-18 10:02:24.174  INFO 1 --- [io-12031-exec-3] order.service.OrderServiceImpl           : [create][Order Create Success][Order Price][OrderId:6cfcbdca-6aff-4df0-9f09-7869f72a67f3 , Price: 0.0]
2026-03-18 10:02:24.462  INFO 1 --- [io-12031-exec-2] order.controller.OrderController         : [createNewOrder][Create Order][from shanghai to taiyuan at 1970-01-02 18:17:36]
2026-03-18 10:02:24.462  INFO 1 --- [io-12031-exec-2] order.service.OrderServiceImpl           : [create][Create Order][Ready to Create Order]
2026-03-18 10:02:24.480  INFO 1 --- [io-12031-exec-2] order.service.OrderServiceImpl           : [create][Order Create Success][Order Price][OrderId:1fda0803-1e92-42b9-a1b0-a973f87dcb41 , Price: 0.0]
2026-03-18 10:02:24.765  INFO 1 --- [io-12031-exec-5] order.controller.OrderController         : [createNewOrder][Create Order][from shanghai to taiyuan at 1970-01-02 18:17:36]
2026-03-18 10:02:24.765  INFO 1 --- [io-12031-exec-5] order.service.OrderServiceImpl           : [create][Create Order][Ready to Create Order]
2026-03-18 10:02:24.783  INFO 1 --- [io-12031-exec-5] order.service.OrderServiceImpl           : [create][Order Create Success][Order Price][OrderId:d0ab4148-d43a-48eb-9b6c-2236ad5bddf2 , Price: 0.0]
2026-03-18 10:02:25.062  INFO 1 --- [io-12031-exec-4] order.controller.OrderController         : [createNewOrder][Create Order][from shanghai to taiyuan at 1970-01-02 18:17:36]
2026-03-18 10:02:25.062  INFO 1 --- [io-12031-exec-4] order.service.OrderServiceImpl           : [create][Create Order][Ready to Create Order]
2026-03-18 10:02:25.080  INFO 1 --- [io-12031-exec-4] order.service.OrderServiceImpl           : [create][Order Create Success][Order Price][OrderId:c9c7df27-20bc-401a-a15a-5b9a9faa4dd4 , Price: 0.0]
2026-03-18 10:02:25.366  INFO 1 --- [io-12031-exec-6] order.controller.OrderController         : [createNewOrder][Create Order][from shanghai to taiyuan at 1970-01-02 18:17:36]
2026-03-18 10:02:25.366  INFO 1 --- [io-12031-exec-6] order.service.OrderServiceImpl           : [create][Create Order][Ready to Create Order]
2026-03-18 10:02:25.382  INFO 1 --- [io-12031-exec-6] order.service.OrderServiceImpl           : [create][Order Create Success][Order Price][OrderId:c8009f2d-8d7d-402b-8135-c1edce84e593 , Price: 0.0]
2026-03-18 10:02:25.659  INFO 1 --- [io-12031-exec-7] order.controller.OrderController         : [createNewOrder][Create Order][from shanghai to taiyuan at 1970-01-02 18:17:36]
2026-03-18 10:02:25.659  INFO 1 --- [io-12031-exec-7] order.service.OrderServiceImpl           : [create][Create Order][Ready to Create Order]
2026-03-18 10:02:25.683  INFO 1 --- [io-12031-exec-7] order.service.OrderServiceImpl           : [create][Order Create Success][Order Price][OrderId:6105a59a-4dfb-4b47-b6e7-0ceda66c109e , Price: 0.0]
2026-03-18 10:02:25.962  INFO 1 --- [io-12031-exec-8] order.controller.OrderController         : [createNewOrder][Create Order][from shanghai to taiyuan at 1970-01-02 18:17:36]
2026-03-18 10:02:25.962  INFO 1 --- [io-12031-exec-8] order.service.OrderServiceImpl           : [create][Create Order][Ready to Create Order]
2026-03-18 10:02:25.981  INFO 1 --- [io-12031-exec-8] order.service.OrderServiceImpl           : [create][Order Create Success][Order Price][OrderId:3daffbe3-b9de-47cd-9c7e-6425ede96690 , Price: 0.0]
2026-03-18 10:02:26.265  INFO 1 --- [o-12031-exec-10] order.controller.OrderController         : [createNewOrder][Create Order][from shanghai to taiyuan at 1970-01-02 18:17:36]
2026-03-18 10:02:26.265  INFO 1 --- [o-12031-exec-10] order.service.OrderServiceImpl           : [create][Create Order][Ready to Create Order]
2026-03-18 10:02:26.285  INFO 1 --- [o-12031-exec-10] order.service.OrderServiceImpl           : [create][Order Create Success][Order Price][OrderId:0d1f5976-0207-4448-8b38-e3d442d1fa03 , Price: 0.0]
2026-03-18 10:02:26.563  INFO 1 --- [io-12031-exec-9] order.controller.OrderController         : [createNewOrder][Create Order][from shanghai to taiyuan at 1970-01-02 18:17:36]
2026-03-18 10:02:26.563  INFO 1 --- [io-12031-exec-9] order.service.OrderServiceImpl           : [create][Create Order][Ready to Create Order]
2026-03-18 10:02:26.581  INFO 1 --- [io-12031-exec-9] order.service.OrderServiceImpl           : [create][Order Create Success][Order Price][OrderId:676170b8-5efe-494d-b179-959df471ef56 , Price: 0.0]
2026-03-18 10:02:26.857  INFO 1 --- [io-12031-exec-1] order.controller.OrderController         : [createNewOrder][Create Order][from shanghai to taiyuan at 1970-01-02 18:17:36]
2026-03-18 10:02:26.857  INFO 1 --- [io-12031-exec-1] order.service.OrderServiceImpl           : [create][Create Order][Ready to Create Order]
2026-03-18 10:02:26.875  INFO 1 --- [io-12031-exec-1] order.service.OrderServiceImpl           : [create][Order Create Success][Order Price][OrderId:ecbd4e4d-88b7-40a3-9663-1a021e36328d , Price: 0.0]
2026-03-18 10:02:27.155  INFO 1 --- [io-12031-exec-3] order.controller.OrderController         : [createNewOrder][Create Order][from shanghai to taiyuan at 1970-01-02 18:17:36]
2026-03-18 10:02:27.155  INFO 1 --- [io-12031-exec-3] order.service.OrderServiceImpl           : [create][Create Order][Ready to Create Order]
2026-03-18 10:02:27.171  INFO 1 --- [io-12031-exec-3] order.service.OrderServiceImpl           : [create][Order Create Success][Order Price][OrderId:c40de2a3-0d86-4f8b-8fbb-539b378130c2 , Price: 0.0]
2026-03-18 10:02:27.448  INFO 1 --- [io-12031-exec-2] order.controller.OrderController         : [createNewOrder][Create Order][from shanghai to taiyuan at 1970-01-02 18:17:36]
2026-03-18 10:02:27.448  INFO 1 --- [io-12031-exec-2] order.service.OrderServiceImpl           : [create][Create Order][Ready to Create Order]
2026-03-18 10:02:27.464  INFO 1 --- [io-12031-exec-2] order.service.OrderServiceImpl           : [create][Order Create Success][Order Price][OrderId:0fde6332-a338-4323-bab0-7a6c4f3a289d , Price: 0.0]
2026-03-18 10:02:27.742  INFO 1 --- [io-12031-exec-5] order.controller.OrderController         : [createNewOrder][Create Order][from shanghai to taiyuan at 1970-01-02 18:17:36]
2026-03-18 10:02:27.742  INFO 1 --- [io-12031-exec-5] order.service.OrderServiceImpl           : [create][Create Order][Ready to Create Order]
2026-03-18 10:02:27.777  INFO 1 --- [io-12031-exec-5] order.service.OrderServiceImpl           : [create][Order Create Success][Order Price][OrderId:55dfd81e-e45e-4a9b-8ea2-703b121edf85 , Price: 0.0]
2026-03-18 10:02:28.051  INFO 1 --- [io-12031-exec-4] order.controller.OrderController         : [createNewOrder][Create Order][from shanghai to taiyuan at 1970-01-02 18:17:36]
2026-03-18 10:02:28.052  INFO 1 --- [io-12031-exec-4] order.service.OrderServiceImpl           : [create][Create Order][Ready to Create Order]
2026-03-18 10:02:28.070  INFO 1 --- [io-12031-exec-4] order.service.OrderServiceImpl           : [create][Order Create Success][Order Price][OrderId:f3a60338-657b-4a3a-bc56-f5d212baf1b0 , Price: 0.0]
2026-03-18 10:02:28.351  INFO 1 --- [io-12031-exec-6] order.controller.OrderController         : [createNewOrder][Create Order][from shanghai to taiyuan at 1970-01-02 18:17:36]
2026-03-18 10:02:28.351  INFO 1 --- [io-12031-exec-6] order.service.OrderServiceImpl           : [create][Create Order][Ready to Create Order]
2026-03-18 10:02:28.371  INFO 1 --- [io-12031-exec-6] order.service.OrderServiceImpl           : [create][Order Create Success][Order Price][OrderId:72521538-2f58-43b0-a841-3f65465add83 , Price: 0.0]
2026-03-18 10:02:28.661  INFO 1 --- [io-12031-exec-7] order.controller.OrderController         : [createNewOrder][Create Order][from shanghai to taiyuan at 1970-01-02 18:17:36]
2026-03-18 10:02:28.661  INFO 1 --- [io-12031-exec-7] order.service.OrderServiceImpl           : [create][Create Order][Ready to Create Order]
2026-03-18 10:02:28.680  INFO 1 --- [io-12031-exec-7] order.service.OrderServiceImpl           : [create][Order Create Success][Order Price][OrderId:0741b025-0635-405c-a4f8-1c26854cd90b , Price: 0.0]
2026-03-18 10:02:28.959  INFO 1 --- [io-12031-exec-8] order.controller.OrderController         : [createNewOrder][Create Order][from shanghai to taiyuan at 1970-01-02 18:17:36]
2026-03-18 10:02:28.959  INFO 1 --- [io-12031-exec-8] order.service.OrderServiceImpl           : [create][Create Order][Ready to Create Order]
2026-03-18 10:02:28.975  INFO 1 --- [io-12031-exec-8] order.service.OrderServiceImpl           : [create][Order Create Success][Order Price][OrderId:78c63ab8-6e3e-4f8b-af63-185ead0e4299 , Price: 0.0]
2026-03-18 10:02:29.251  INFO 1 --- [o-12031-exec-10] order.controller.OrderController         : [createNewOrder][Create Order][from shanghai to taiyuan at 1970-01-02 18:17:36]
2026-03-18 10:02:29.251  INFO 1 --- [o-12031-exec-10] order.service.OrderServiceImpl           : [create][Create Order][Ready to Create Order]
2026-03-18 10:02:29.267  INFO 1 --- [o-12031-exec-10] order.service.OrderServiceImpl           : [create][Order Create Success][Order Price][OrderId:f2c38c78-a80e-467d-876f-fc71fc449a37 , Price: 0.0]
2026-03-18 10:02:29.544  INFO 1 --- [io-12031-exec-9] order.controller.OrderController         : [createNewOrder][Create Order][from shanghai to taiyuan at 1970-01-02 18:17:36]
2026-03-18 10:02:29.544  INFO 1 --- [io-12031-exec-9] order.service.OrderServiceImpl           : [create][Create Order][Ready to Create Order]
2026-03-18 10:02:29.587  INFO 1 --- [io-12031-exec-9] order.service.OrderServiceImpl           : [create][Order Create Success][Order Price][OrderId:1e9dcf8a-ad49-4646-a8b2-e4cf3e103232 , Price: 0.0]
2026-03-18 10:02:29.867  INFO 1 --- [io-12031-exec-1] order.controller.OrderController         : [createNewOrder][Create Order][from shanghai to taiyuan at 1970-01-02 18:17:36]
2026-03-18 10:02:29.867  INFO 1 --- [io-12031-exec-1] order.service.OrderServiceImpl           : [create][Create Order][Ready to Create Order]
2026-03-18 10:02:29.886  INFO 1 --- [io-12031-exec-1] order.service.OrderServiceImpl           : [create][Order Create Success][Order Price][OrderId:c82ec892-fce7-4571-bde0-bb41257f153d , Price: 0.0]
2026-03-18 10:02:30.163  INFO 1 --- [io-12031-exec-3] order.controller.OrderController         : [createNewOrder][Create Order][from shanghai to taiyuan at 1970-01-02 18:17:36]
2026-03-18 10:02:30.163  INFO 1 --- [io-12031-exec-3] order.service.OrderServiceImpl           : [create][Create Order][Ready to Create Order]
2026-03-18 10:02:30.183  INFO 1 --- [io-12031-exec-3] order.service.OrderServiceImpl           : [create][Order Create Success][Order Price][OrderId:3f440347-9b49-4340-b0ea-e0d6b58cc9dc , Price: 0.0]
2026-03-18 10:02:30.459  INFO 1 --- [io-12031-exec-2] order.controller.OrderController         : [createNewOrder][Create Order][from shanghai to taiyuan at 1970-01-02 18:17:36]
2026-03-18 10:02:30.459  INFO 1 --- [io-12031-exec-2] order.service.OrderServiceImpl           : [create][Create Order][Ready to Create Order]
2026-03-18 10:02:30.478  INFO 1 --- [io-12031-exec-2] order.service.OrderServiceImpl           : [create][Order Create Success][Order Price][OrderId:de0ac19f-d6e1-4b55-801b-535edd0a6592 , Price: 0.0]
2026-03-18 10:02:30.759  INFO 1 --- [io-12031-exec-5] order.controller.OrderController         : [createNewOrder][Create Order][from shanghai to taiyuan at 1970-01-02 18:17:36]
2026-03-18 10:02:30.759  INFO 1 --- [io-12031-exec-5] order.service.OrderServiceImpl           : [create][Create Order][Ready to Create Order]
2026-03-18 10:02:30.778  INFO 1 --- [io-12031-exec-5] order.service.OrderServiceImpl           : [create][Order Create Success][Order Price][OrderId:61b22cd6-721e-4539-84bb-2c459105e210 , Price: 0.0]
2026-03-18 10:02:31.127  INFO 1 --- [io-12031-exec-4] order.controller.OrderController         : [createNewOrder][Create Order][from shanghai to taiyuan at 1970-01-02 18:17:36]
2026-03-18 10:02:31.127  INFO 1 --- [io-12031-exec-4] order.service.OrderServiceImpl           : [create][Create Order][Ready to Create Order]
2026-03-18 10:02:31.145  INFO 1 --- [io-12031-exec-4] order.service.OrderServiceImpl           : [create][Order Create Success][Order Price][OrderId:f586c1de-e0e1-4162-bbe9-c34c982ed811 , Price: 0.0]
2026-03-18 10:02:31.379  INFO 1 --- [io-12031-exec-7] order.controller.OrderController         : [createNewOrder][Create Order][from shanghai to taiyuan at 1970-01-02 18:17:36]
2026-03-18 10:02:31.379  INFO 1 --- [io-12031-exec-7] order.service.OrderServiceImpl           : [create][Create Order][Ready to Create Order]
2026-03-18 10:02:31.395  INFO 1 --- [io-12031-exec-7] order.service.OrderServiceImpl           : [create][Order Create Success][Order Price][OrderId:bc1bfb0f-89fb-4772-912c-96c34fe6c227 , Price: 0.0]
2026-03-18 10:02:31.660  INFO 1 --- [io-12031-exec-8] order.controller.OrderController         : [createNewOrder][Create Order][from shanghai to taiyuan at 1970-01-02 18:17:36]
2026-03-18 10:02:31.660  INFO 1 --- [io-12031-exec-8] order.service.OrderServiceImpl           : [create][Create Order][Ready to Create Order]
2026-03-18 10:02:31.687  INFO 1 --- [io-12031-exec-8] order.service.OrderServiceImpl           : [create][Order Create Success][Order Price][OrderId:5757a80d-9c8d-4a60-8189-eeeed757aa70 , Price: 0.0]
2026-03-18 10:02:31.956  INFO 1 --- [o-12031-exec-10] order.controller.OrderController         : [createNewOrder][Create Order][from shanghai to taiyuan at 1970-01-02 18:17:36]
2026-03-18 10:02:31.956  INFO 1 --- [o-12031-exec-10] order.service.OrderServiceImpl           : [create][Create Order][Ready to Create Order]
2026-03-18 10:02:31.973  INFO 1 --- [o-12031-exec-10] order.service.OrderServiceImpl           : [create][Order Create Success][Order Price][OrderId:82aa04d0-5025-4de9-b7af-1ec6b494fcea , Price: 0.0]
2026-03-18 10:02:32.252  INFO 1 --- [io-12031-exec-9] order.controller.OrderController         : [createNewOrder][Create Order][from shanghai to taiyuan at 1970-01-02 18:17:36]
2026-03-18 10:02:32.252  INFO 1 --- [io-12031-exec-9] order.service.OrderServiceImpl           : [create][Create Order][Ready to Create Order]
2026-03-18 10:02:32.269  INFO 1 --- [io-12031-exec-9] order.service.OrderServiceImpl           : [create][Order Create Success][Order Price][OrderId:64235b6c-92d2-441d-96e0-8f9c9d8bba6e , Price: 0.0]
2026-03-18 10:02:32.551  INFO 1 --- [io-12031-exec-1] order.controller.OrderController         : [createNewOrder][Create Order][from shanghai to taiyuan at 1970-01-02 18:17:36]
2026-03-18 10:02:32.551  INFO 1 --- [io-12031-exec-1] order.service.OrderServiceImpl           : [create][Create Order][Ready to Create Order]
2026-03-18 10:02:32.567  INFO 1 --- [io-12031-exec-1] order.service.OrderServiceImpl           : [create][Order Create Success][Order Price][OrderId:53d0c514-842c-4bcf-8a4c-3a7494ae0135 , Price: 0.0]
2026-03-18 10:02:32.852  INFO 1 --- [io-12031-exec-3] order.controller.OrderController         : [createNewOrder][Create Order][from shanghai to taiyuan at 1970-01-02 18:17:36]
2026-03-18 10:02:32.852  INFO 1 --- [io-12031-exec-3] order.service.OrderServiceImpl           : [create][Create Order][Ready to Create Order]
2026-03-18 10:02:32.871  INFO 1 --- [io-12031-exec-3] order.service.OrderServiceImpl           : [create][Order Create Success][Order Price][OrderId:21dc0566-1faf-4bdf-9007-1da018f7adac , Price: 0.0]
2026-03-18 10:02:33.155  INFO 1 --- [io-12031-exec-2] order.controller.OrderController         : [createNewOrder][Create Order][from shanghai to taiyuan at 1970-01-02 18:17:36]
2026-03-18 10:02:33.155  INFO 1 --- [io-12031-exec-2] order.service.OrderServiceImpl           : [create][Create Order][Ready to Create Order]
2026-03-18 10:02:33.176  INFO 1 --- [io-12031-exec-2] order.service.OrderServiceImpl           : [create][Order Create Success][Order Price][OrderId:6da0dee0-a7d5-46b6-9c8f-f10e54de10fe , Price: 0.0]
2026-03-18 10:02:33.464  INFO 1 --- [io-12031-exec-5] order.controller.OrderController         : [createNewOrder][Create Order][from shanghai to taiyuan at 1970-01-02 18:17:36]
2026-03-18 10:02:33.464  INFO 1 --- [io-12031-exec-5] order.service.OrderServiceImpl           : [create][Create Order][Ready to Create Order]
2026-03-18 10:02:33.673  INFO 1 --- [io-12031-exec-5] order.service.OrderServiceImpl           : [create][Order Create Success][Order Price][OrderId:60e57692-5558-4a02-bd9d-01fc9f456feb , Price: 0.0]
2026-03-18 10:02:33.959  INFO 1 --- [io-12031-exec-4] order.controller.OrderController         : [createNewOrder][Create Order][from shanghai to taiyuan at 1970-01-02 18:17:36]
2026-03-18 10:02:33.959  INFO 1 --- [io-12031-exec-4] order.service.OrderServiceImpl           : [create][Create Order][Ready to Create Order]
2026-03-18 10:02:33.975  INFO 1 --- [io-12031-exec-4] order.service.OrderServiceImpl           : [create][Order Create Success][Order Price][OrderId:44426253-d911-47d3-98bf-de657ab10b7f , Price: 0.0]
2026-03-18 10:02:34.259  INFO 1 --- [io-12031-exec-6] order.controller.OrderController         : [createNewOrder][Create Order][from shanghai to taiyuan at 1970-01-02 18:17:36]
2026-03-18 10:02:34.259  INFO 1 --- [io-12031-exec-6] order.service.OrderServiceImpl           : [create][Create Order][Ready to Create Order]
2026-03-18 10:02:34.279  INFO 1 --- [io-12031-exec-6] order.service.OrderServiceImpl           : [create][Order Create Success][Order Price][OrderId:b4a93add-936a-4d15-bb50-e35b11a3ec0b , Price: 0.0]
2026-03-18 10:02:34.560  INFO 1 --- [io-12031-exec-7] order.controller.OrderController         : [createNewOrder][Create Order][from shanghai to taiyuan at 1970-01-02 18:17:36]
2026-03-18 10:02:34.560  INFO 1 --- [io-12031-exec-7] order.service.OrderServiceImpl           : [create][Create Order][Ready to Create Order]
2026-03-18 10:02:34.579  INFO 1 --- [io-12031-exec-7] order.service.OrderServiceImpl           : [create][Order Create Success][Order Price][OrderId:65f8b3e1-eddb-4d40-8faf-802c8b9ac0e8 , Price: 0.0]
2026-03-18 10:02:34.885  INFO 1 --- [io-12031-exec-8] order.controller.OrderController         : [createNewOrder][Create Order][from shanghai to taiyuan at 1970-01-02 18:17:36]
2026-03-18 10:02:34.885  INFO 1 --- [io-12031-exec-8] order.service.OrderServiceImpl           : [create][Create Order][Ready to Create Order]
2026-03-18 10:02:34.907  INFO 1 --- [io-12031-exec-8] order.service.OrderServiceImpl           : [create][Order Create Success][Order Price][OrderId:a8f520bb-2cff-4ba8-8bb9-ebb11b950e52 , Price: 0.0]
2026-03-18 10:02:35.164  INFO 1 --- [o-12031-exec-10] order.controller.OrderController         : [createNewOrder][Create Order][from shanghai to taiyuan at 1970-01-02 18:17:36]
2026-03-18 10:02:35.164  INFO 1 --- [o-12031-exec-10] order.service.OrderServiceImpl           : [create][Create Order][Ready to Create Order]
2026-03-18 10:02:35.182  INFO 1 --- [o-12031-exec-10] order.service.OrderServiceImpl           : [create][Order Create Success][Order Price][OrderId:dd9dfe1e-e657-4506-8b5d-e7e2565d140f , Price: 0.0]
2026-03-18 10:02:35.460  INFO 1 --- [io-12031-exec-9] order.controller.OrderController         : [createNewOrder][Create Order][from shanghai to taiyuan at 1970-01-02 18:17:36]
2026-03-18 10:02:35.460  INFO 1 --- [io-12031-exec-9] order.service.OrderServiceImpl           : [create][Create Order][Ready to Create Order]
2026-03-18 10:02:35.493  INFO 1 --- [io-12031-exec-9] order.service.OrderServiceImpl           : [create][Order Create Success][Order Price][OrderId:57b59b8d-bc9d-4280-82c2-961515156205 , Price: 0.0]
2026-03-18 10:02:35.760  INFO 1 --- [io-12031-exec-1] order.controller.OrderController         : [createNewOrder][Create Order][from shanghai to taiyuan at 1970-01-02 18:17:36]
2026-03-18 10:02:35.760  INFO 1 --- [io-12031-exec-1] order.service.OrderServiceImpl           : [create][Create Order][Ready to Create Order]
2026-03-18 10:02:35.780  INFO 1 --- [io-12031-exec-1] order.service.OrderServiceImpl           : [create][Order Create Success][Order Price][OrderId:37a03cf5-dc1b-4060-9269-8cc15d21c127 , Price: 0.0]
2026-03-18 10:02:36.067  INFO 1 --- [io-12031-exec-3] order.controller.OrderController         : [createNewOrder][Create Order][from shanghai to taiyuan at 1970-01-02 18:17:36]
2026-03-18 10:02:36.067  INFO 1 --- [io-12031-exec-3] order.service.OrderServiceImpl           : [create][Create Order][Ready to Create Order]
2026-03-18 10:02:36.088  INFO 1 --- [io-12031-exec-3] order.service.OrderServiceImpl           : [create][Order Create Success][Order Price][OrderId:4d821e58-b86c-4d10-8173-70c52bfe5c5c , Price: 0.0]
2026-03-18 10:02:36.361  INFO 1 --- [io-12031-exec-2] order.controller.OrderController         : [createNewOrder][Create Order][from shanghai to taiyuan at 1970-01-02 18:17:36]
2026-03-18 10:02:36.361  INFO 1 --- [io-12031-exec-2] order.service.OrderServiceImpl           : [create][Create Order][Ready to Create Order]
2026-03-18 10:02:36.381  INFO 1 --- [io-12031-exec-2] order.service.OrderServiceImpl           : [create][Order Create Success][Order Price][OrderId:058de6cf-a8f2-4ba0-baf7-51b830c4cd76 , Price: 0.0]
2026-03-18 10:02:36.668  INFO 1 --- [io-12031-exec-5] order.controller.OrderController         : [createNewOrder][Create Order][from shanghai to taiyuan at 1970-01-02 18:17:36]
2026-03-18 10:02:36.668  INFO 1 --- [io-12031-exec-5] order.service.OrderServiceImpl           : [create][Create Order][Ready to Create Order]
2026-03-18 10:02:36.690  INFO 1 --- [io-12031-exec-5] order.service.OrderServiceImpl           : [create][Order Create Success][Order Price][OrderId:1c6cc100-aec3-4209-bf0e-02a3d8dfd757 , Price: 0.0]
2026-03-18 10:02:36.964  INFO 1 --- [io-12031-exec-4] order.controller.OrderController         : [createNewOrder][Create Order][from shanghai to taiyuan at 1970-01-02 18:17:36]
2026-03-18 10:02:36.965  INFO 1 --- [io-12031-exec-4] order.service.OrderServiceImpl           : [create][Create Order][Ready to Create Order]
2026-03-18 10:02:36.985  INFO 1 --- [io-12031-exec-4] order.service.OrderServiceImpl           : [create][Order Create Success][Order Price][OrderId:d2a8481f-c49c-460e-86d6-581332bf547b , Price: 0.0]
2026-03-18 10:02:37.266  INFO 1 --- [io-12031-exec-6] order.controller.OrderController         : [createNewOrder][Create Order][from shanghai to taiyuan at 1970-01-02 18:17:36]
2026-03-18 10:02:37.266  INFO 1 --- [io-12031-exec-6] order.service.OrderServiceImpl           : [create][Create Order][Ready to Create Order]
2026-03-18 10:02:37.285  INFO 1 --- [io-12031-exec-6] order.service.OrderServiceImpl           : [create][Order Create Success][Order Price][OrderId:caab8c01-e686-4c3f-9bf4-34408fa5ac5c , Price: 0.0]
2026-03-18 10:02:37.560  INFO 1 --- [io-12031-exec-7] order.controller.OrderController         : [createNewOrder][Create Order][from shanghai to taiyuan at 1970-01-02 18:17:36]
2026-03-18 10:02:37.560  INFO 1 --- [io-12031-exec-7] order.service.OrderServiceImpl           : [create][Create Order][Ready to Create Order]
2026-03-18 10:02:37.688  INFO 1 --- [io-12031-exec-7] order.service.OrderServiceImpl           : [create][Order Create Success][Order Price][OrderId:58661bac-e9e7-4fd3-b30f-a4f63701f811 , Price: 0.0]
2026-03-18 10:02:38.052  INFO 1 --- [io-12031-exec-8] order.controller.OrderController         : [createNewOrder][Create Order][from shanghai to taiyuan at 1970-01-02 18:17:36]
2026-03-18 10:02:38.052  INFO 1 --- [io-12031-exec-8] order.service.OrderServiceImpl           : [create][Create Order][Ready to Create Order]
2026-03-18 10:02:38.070  INFO 1 --- [io-12031-exec-8] order.service.OrderServiceImpl           : [create][Order Create Success][Order Price][OrderId:60c20ebb-8611-4c21-9181-abd6051d20a6 , Price: 0.0]
2026-03-18 10:02:38.356  INFO 1 --- [o-12031-exec-10] order.controller.OrderController         : [createNewOrder][Create Order][from shanghai to taiyuan at 1970-01-02 18:17:36]
2026-03-18 10:02:38.357  INFO 1 --- [o-12031-exec-10] order.service.OrderServiceImpl           : [create][Create Order][Ready to Create Order]
2026-03-18 10:02:38.377  INFO 1 --- [o-12031-exec-10] order.service.OrderServiceImpl           : [create][Order Create Success][Order Price][OrderId:eeb63275-014d-43af-85e2-130f2c7ac8fd , Price: 0.0]
2026-03-18 10:02:38.758  INFO 1 --- [io-12031-exec-9] order.controller.OrderController         : [createNewOrder][Create Order][from shanghai to taiyuan at 1970-01-02 18:17:36]
2026-03-18 10:02:38.758  INFO 1 --- [io-12031-exec-9] order.service.OrderServiceImpl           : [create][Create Order][Ready to Create Order]
2026-03-18 10:02:38.777  INFO 1 --- [io-12031-exec-9] order.service.OrderServiceImpl           : [create][Order Create Success][Order Price][OrderId:c2ae5bf9-bdc5-4416-ab5d-7ffb356e31c6 , Price: 0.0]
2026-03-18 10:02:39.058  INFO 1 --- [io-12031-exec-1] order.controller.OrderController         : [createNewOrder][Create Order][from shanghai to taiyuan at 1970-01-02 18:17:36]
2026-03-18 10:02:39.058  INFO 1 --- [io-12031-exec-1] order.service.OrderServiceImpl           : [create][Create Order][Ready to Create Order]
2026-03-18 10:02:39.077  INFO 1 --- [io-12031-exec-1] order.service.OrderServiceImpl           : [create][Order Create Success][Order Price][OrderId:670179e9-df3b-43ea-a1a3-844a0b301088 , Price: 0.0]
2026-03-18 10:02:39.358  INFO 1 --- [io-12031-exec-3] order.controller.OrderController         : [createNewOrder][Create Order][from shanghai to taiyuan at 1970-01-02 18:17:36]
2026-03-18 10:02:39.358  INFO 1 --- [io-12031-exec-3] order.service.OrderServiceImpl           : [create][Create Order][Ready to Create Order]
2026-03-18 10:02:39.377  INFO 1 --- [io-12031-exec-3] order.service.OrderServiceImpl           : [create][Order Create Success][Order Price][OrderId:0d5c0dc0-6188-4b8c-8ec4-6969ea96643d , Price: 0.0]
2026-03-18 10:02:39.656  INFO 1 --- [io-12031-exec-2] order.controller.OrderController         : [createNewOrder][Create Order][from shanghai to taiyuan at 1970-01-02 18:17:36]
2026-03-18 10:02:39.656  INFO 1 --- [io-12031-exec-2] order.service.OrderServiceImpl           : [create][Create Order][Ready to Create Order]
2026-03-18 10:02:39.681  INFO 1 --- [io-12031-exec-2] order.service.OrderServiceImpl           : [create][Order Create Success][Order Price][OrderId:3bf085c3-0c35-4b29-a06f-f193e67081dd , Price: 0.0]
2026-03-18 10:02:40.141  INFO 1 --- [io-12031-exec-5] order.controller.OrderController         : [createNewOrder][Create Order][from shanghai to taiyuan at 1970-01-02 18:17:36]
2026-03-18 10:02:40.141  INFO 1 --- [io-12031-exec-5] order.service.OrderServiceImpl           : [create][Create Order][Ready to Create Order]
2026-03-18 10:02:40.158  INFO 1 --- [io-12031-exec-5] order.service.OrderServiceImpl           : [create][Order Create Success][Order Price][OrderId:f3971915-e60d-492e-baa3-6a4f8aed11a9 , Price: 0.0]
2026-03-18 10:02:40.641  INFO 1 --- [io-12031-exec-4] order.controller.OrderController         : [createNewOrder][Create Order][from shanghai to taiyuan at 1970-01-02 18:17:36]
2026-03-18 10:02:40.641  INFO 1 --- [io-12031-exec-4] order.service.OrderServiceImpl           : [create][Create Order][Ready to Create Order]
2026-03-18 10:02:40.659  INFO 1 --- [io-12031-exec-4] order.service.OrderServiceImpl           : [create][Order Create Success][Order Price][OrderId:0f267607-6cf8-4207-87df-40c966cc99b6 , Price: 0.0]
2026-03-18 10:02:41.152  INFO 1 --- [io-12031-exec-6] order.controller.OrderController         : [createNewOrder][Create Order][from shanghai to taiyuan at 1970-01-02 18:17:36]
2026-03-18 10:02:41.152  INFO 1 --- [io-12031-exec-6] order.service.OrderServiceImpl           : [create][Create Order][Ready to Create Order]
2026-03-18 10:02:41.170  INFO 1 --- [io-12031-exec-6] order.service.OrderServiceImpl           : [create][Order Create Success][Order Price][OrderId:f84910ae-eba7-4573-8d1b-64ac5bd50e14 , Price: 0.0]
2026-03-18 10:02:41.648  INFO 1 --- [io-12031-exec-8] order.controller.OrderController         : [createNewOrder][Create Order][from shanghai to taiyuan at 1970-01-02 18:17:36]
2026-03-18 10:02:41.649  INFO 1 --- [io-12031-exec-8] order.service.OrderServiceImpl           : [create][Create Order][Ready to Create Order]
2026-03-18 10:02:41.667  INFO 1 --- [io-12031-exec-8] order.service.OrderServiceImpl           : [create][Order Create Success][Order Price][OrderId:29410940-b0bc-40c7-954e-9172b2be5dbc , Price: 0.0]
2026-03-18 10:02:42.359  INFO 1 --- [o-12031-exec-10] order.controller.OrderController         : [createNewOrder][Create Order][from shanghai to taiyuan at 1970-01-02 18:17:36]
2026-03-18 10:02:42.359  INFO 1 --- [o-12031-exec-10] order.service.OrderServiceImpl           : [create][Create Order][Ready to Create Order]
2026-03-18 10:02:42.377  INFO 1 --- [o-12031-exec-10] order.service.OrderServiceImpl           : [create][Order Create Success][Order Price][OrderId:4f5ddaed-2cb3-4afd-abc4-dc258220f95b , Price: 0.0]
2026-03-18 10:02:42.763  INFO 1 --- [io-12031-exec-9] order.controller.OrderController         : [createNewOrder][Create Order][from shanghai to taiyuan at 1970-01-02 18:17:36]
2026-03-18 10:02:42.763  INFO 1 --- [io-12031-exec-9] order.service.OrderServiceImpl           : [create][Create Order][Ready to Create Order]
2026-03-18 10:02:42.779  INFO 1 --- [io-12031-exec-9] order.service.OrderServiceImpl           : [create][Order Create Success][Order Price][OrderId:6c1340cc-a7d6-4a9e-b456-9bacf63df4ef , Price: 0.0]
2026-03-18 10:02:43.056  INFO 1 --- [io-12031-exec-1] order.controller.OrderController         : [createNewOrder][Create Order][from shanghai to taiyuan at 1970-01-02 18:17:36]
2026-03-18 10:02:43.056  INFO 1 --- [io-12031-exec-1] order.service.OrderServiceImpl           : [create][Create Order][Ready to Create Order]
2026-03-18 10:02:43.166  INFO 1 --- [io-12031-exec-1] order.service.OrderServiceImpl           : [create][Order Create Success][Order Price][OrderId:209df312-d6be-481a-99e7-9f581bc7b03a , Price: 0.0]
2026-03-18 10:02:43.448  INFO 1 --- [io-12031-exec-3] order.controller.OrderController         : [createNewOrder][Create Order][from shanghai to taiyuan at 1970-01-02 18:17:36]
2026-03-18 10:02:43.448  INFO 1 --- [io-12031-exec-3] order.service.OrderServiceImpl           : [create][Create Order][Ready to Create Order]
2026-03-18 10:02:43.466  INFO 1 --- [io-12031-exec-3] order.service.OrderServiceImpl           : [create][Order Create Success][Order Price][OrderId:e729b01f-ff7f-4bb5-8720-bb64b693b67e , Price: 0.0]
2026-03-18 10:02:43.751  INFO 1 --- [io-12031-exec-2] order.controller.OrderController         : [createNewOrder][Create Order][from shanghai to taiyuan at 1970-01-02 18:17:36]
2026-03-18 10:02:43.751  INFO 1 --- [io-12031-exec-2] order.service.OrderServiceImpl           : [create][Create Order][Ready to Create Order]
2026-03-18 10:02:43.769  INFO 1 --- [io-12031-exec-2] order.service.OrderServiceImpl           : [create][Order Create Success][Order Price][OrderId:edecfa65-f612-493c-9fea-a43e1e56a664 , Price: 0.0]
2026-03-18 10:02:44.039  INFO 1 --- [io-12031-exec-5] order.controller.OrderController         : [createNewOrder][Create Order][from shanghai to taiyuan at 1970-01-02 18:17:36]
2026-03-18 10:02:44.039  INFO 1 --- [io-12031-exec-5] order.service.OrderServiceImpl           : [create][Create Order][Ready to Create Order]
2026-03-18 10:02:44.055  INFO 1 --- [io-12031-exec-5] order.service.OrderServiceImpl           : [create][Order Create Success][Order Price][OrderId:b3cc7d03-74a6-4b7d-912a-76a26b6c4a3d , Price: 0.0]
2026-03-18 10:02:44.338  INFO 1 --- [io-12031-exec-4] order.controller.OrderController         : [createNewOrder][Create Order][from shanghai to taiyuan at 1970-01-02 18:17:36]
2026-03-18 10:02:44.338  INFO 1 --- [io-12031-exec-4] order.service.OrderServiceImpl           : [create][Create Order][Ready to Create Order]
2026-03-18 10:02:44.356  INFO 1 --- [io-12031-exec-4] order.service.OrderServiceImpl           : [create][Order Create Success][Order Price][OrderId:0eeb243a-9ca2-434f-a2c2-dbf68222dd08 , Price: 0.0]
2026-03-18 10:02:44.637  INFO 1 --- [io-12031-exec-6] order.controller.OrderController         : [createNewOrder][Create Order][from shanghai to taiyuan at 1970-01-02 18:17:36]
2026-03-18 10:02:44.637  INFO 1 --- [io-12031-exec-6] order.service.OrderServiceImpl           : [create][Create Order][Ready to Create Order]
2026-03-18 10:02:44.655  INFO 1 --- [io-12031-exec-6] order.service.OrderServiceImpl           : [create][Order Create Success][Order Price][OrderId:c4df6766-aa90-4960-b196-2f2a80d15bd3 , Price: 0.0]
2026-03-18 10:02:44.938  INFO 1 --- [io-12031-exec-7] order.controller.OrderController         : [createNewOrder][Create Order][from shanghai to taiyuan at 1970-01-02 18:17:36]
2026-03-18 10:02:44.938  INFO 1 --- [io-12031-exec-7] order.service.OrderServiceImpl           : [create][Create Order][Ready to Create Order]
2026-03-18 10:02:45.078  INFO 1 --- [io-12031-exec-7] order.service.OrderServiceImpl           : [create][Order Create Success][Order Price][OrderId:71499bb4-f17e-4360-9562-355eaa8089f3 , Price: 0.0]
2026-03-18 10:02:45.358  INFO 1 --- [io-12031-exec-8] order.controller.OrderController         : [createNewOrder][Create Order][from shanghai to taiyuan at 1970-01-02 18:17:36]
2026-03-18 10:02:45.358  INFO 1 --- [io-12031-exec-8] order.service.OrderServiceImpl           : [create][Create Order][Ready to Create Order]
2026-03-18 10:02:45.374  INFO 1 --- [io-12031-exec-8] order.service.OrderServiceImpl           : [create][Order Create Success][Order Price][OrderId:5b5bd767-cad3-4e7e-a679-f4ab54aa0409 , Price: 0.0]
2026-03-18 10:02:45.651  INFO 1 --- [o-12031-exec-10] order.controller.OrderController         : [createNewOrder][Create Order][from shanghai to taiyuan at 1970-01-02 18:17:36]
2026-03-18 10:02:45.651  INFO 1 --- [o-12031-exec-10] order.service.OrderServiceImpl           : [create][Create Order][Ready to Create Order]
2026-03-18 10:02:45.670  INFO 1 --- [o-12031-exec-10] order.service.OrderServiceImpl           : [create][Order Create Success][Order Price][OrderId:c716a5cb-eff3-4a36-8563-6257d414bb80 , Price: 0.0]
2026-03-18 10:02:45.953  INFO 1 --- [io-12031-exec-9] order.controller.OrderController         : [createNewOrder][Create Order][from shanghai to taiyuan at 1970-01-02 18:17:36]
2026-03-18 10:02:45.953  INFO 1 --- [io-12031-exec-9] order.service.OrderServiceImpl           : [create][Create Order][Ready to Create Order]
2026-03-18 10:02:45.968  INFO 1 --- [io-12031-exec-9] order.service.OrderServiceImpl           : [create][Order Create Success][Order Price][OrderId:dcbe8e01-f1a2-4dd8-bf76-735962a07568 , Price: 0.0]
2026-03-18 10:02:46.269  INFO 1 --- [io-12031-exec-1] order.controller.OrderController         : [createNewOrder][Create Order][from shanghai to taiyuan at 1970-01-02 18:17:36]
2026-03-18 10:02:46.269  INFO 1 --- [io-12031-exec-1] order.service.OrderServiceImpl           : [create][Create Order][Ready to Create Order]
2026-03-18 10:02:46.288  INFO 1 --- [io-12031-exec-1] order.service.OrderServiceImpl           : [create][Order Create Success][Order Price][OrderId:1b359c40-dc5a-4907-ad82-5ca81bf03993 , Price: 0.0]
2026-03-18 10:02:46.558  INFO 1 --- [io-12031-exec-3] order.controller.OrderController         : [createNewOrder][Create Order][from shanghai to taiyuan at 1970-01-02 18:17:36]
2026-03-18 10:02:46.558  INFO 1 --- [io-12031-exec-3] order.service.OrderServiceImpl           : [create][Create Order][Ready to Create Order]
2026-03-18 10:02:46.576  INFO 1 --- [io-12031-exec-3] order.service.OrderServiceImpl           : [create][Order Create Success][Order Price][OrderId:78fe06ec-526a-418f-a27d-95e4a3cf6bc5 , Price: 0.0]
2026-03-18 10:02:46.855  INFO 1 --- [io-12031-exec-2] order.controller.OrderController         : [createNewOrder][Create Order][from shanghai to taiyuan at 1970-01-02 18:17:36]
2026-03-18 10:02:46.855  INFO 1 --- [io-12031-exec-2] order.service.OrderServiceImpl           : [create][Create Order][Ready to Create Order]
2026-03-18 10:02:46.881  INFO 1 --- [io-12031-exec-2] order.service.OrderServiceImpl           : [create][Order Create Success][Order Price][OrderId:0b0fc4f6-fb0d-43f3-bb06-35cd360e4b60 , Price: 0.0]
2026-03-18 10:02:47.157  INFO 1 --- [io-12031-exec-5] order.controller.OrderController         : [createNewOrder][Create Order][from shanghai to taiyuan at 1970-01-02 18:17:36]
2026-03-18 10:02:47.157  INFO 1 --- [io-12031-exec-5] order.service.OrderServiceImpl           : [create][Create Order][Ready to Create Order]
2026-03-18 10:02:47.176  INFO 1 --- [io-12031-exec-5] order.service.OrderServiceImpl           : [create][Order Create Success][Order Price][OrderId:6eab8617-be28-45e7-b050-ecb5c989540f , Price: 0.0]
2026-03-18 10:02:47.453  INFO 1 --- [io-12031-exec-4] order.controller.OrderController         : [createNewOrder][Create Order][from shanghai to taiyuan at 1970-01-02 18:17:36]
2026-03-18 10:02:47.453  INFO 1 --- [io-12031-exec-4] order.service.OrderServiceImpl           : [create][Create Order][Ready to Create Order]
2026-03-18 10:02:47.471  INFO 1 --- [io-12031-exec-4] order.service.OrderServiceImpl           : [create][Order Create Success][Order Price][OrderId:fee27928-75d1-4600-94a7-25cbad8f7fbc , Price: 0.0]
2026-03-18 10:02:47.749  INFO 1 --- [io-12031-exec-6] order.controller.OrderController         : [createNewOrder][Create Order][from shanghai to taiyuan at 1970-01-02 18:17:36]
2026-03-18 10:02:47.749  INFO 1 --- [io-12031-exec-6] order.service.OrderServiceImpl           : [create][Create Order][Ready to Create Order]
2026-03-18 10:02:47.766  INFO 1 --- [io-12031-exec-6] order.service.OrderServiceImpl           : [create][Order Create Success][Order Price][OrderId:1583f2f1-199f-4196-bf96-20d452ed9b3a , Price: 0.0]
2026-03-18 10:02:48.049  INFO 1 --- [io-12031-exec-7] order.controller.OrderController         : [createNewOrder][Create Order][from shanghai to taiyuan at 1970-01-02 18:17:36]
2026-03-18 10:02:48.049  INFO 1 --- [io-12031-exec-7] order.service.OrderServiceImpl           : [create][Create Order][Ready to Create Order]
2026-03-18 10:02:48.066  INFO 1 --- [io-12031-exec-7] order.service.OrderServiceImpl           : [create][Order Create Success][Order Price][OrderId:4793bd53-5209-46f3-b410-13414279f396 , Price: 0.0]
2026-03-18 10:02:48.349  INFO 1 --- [io-12031-exec-8] order.controller.OrderController         : [createNewOrder][Create Order][from shanghai to taiyuan at 1970-01-02 18:17:36]
2026-03-18 10:02:48.349  INFO 1 --- [io-12031-exec-8] order.service.OrderServiceImpl           : [create][Create Order][Ready to Create Order]
2026-03-18 10:02:48.366  INFO 1 --- [io-12031-exec-8] order.service.OrderServiceImpl           : [create][Order Create Success][Order Price][OrderId:c2f16170-5059-4af3-8c73-bb986c213027 , Price: 0.0]
2026-03-18 10:02:48.640  INFO 1 --- [o-12031-exec-10] order.controller.OrderController         : [createNewOrder][Create Order][from shanghai to taiyuan at 1970-01-02 18:17:36]
2026-03-18 10:02:48.640  INFO 1 --- [o-12031-exec-10] order.service.OrderServiceImpl           : [create][Create Order][Ready to Create Order]
2026-03-18 10:02:48.685  INFO 1 --- [o-12031-exec-10] order.service.OrderServiceImpl           : [create][Order Create Success][Order Price][OrderId:3ac8259f-f68a-493c-9db4-b9274d801fd7 , Price: 0.0]
2026-03-18 10:02:48.960  INFO 1 --- [io-12031-exec-9] order.controller.OrderController         : [createNewOrder][Create Order][from shanghai to taiyuan at 1970-01-02 18:17:36]
2026-03-18 10:02:48.960  INFO 1 --- [io-12031-exec-9] order.service.OrderServiceImpl           : [create][Create Order][Ready to Create Order]
2026-03-18 10:02:48.982  INFO 1 --- [io-12031-exec-9] order.service.OrderServiceImpl           : [create][Order Create Success][Order Price][OrderId:156f57ea-e7a7-4239-8543-24722fca308c , Price: 0.0]
2026-03-18 10:02:49.261  INFO 1 --- [io-12031-exec-1] order.controller.OrderController         : [createNewOrder][Create Order][from shanghai to taiyuan at 1970-01-02 18:17:36]
2026-03-18 10:02:49.261  INFO 1 --- [io-12031-exec-1] order.service.OrderServiceImpl           : [create][Create Order][Ready to Create Order]
2026-03-18 10:02:49.279  INFO 1 --- [io-12031-exec-1] order.service.OrderServiceImpl           : [create][Order Create Success][Order Price][OrderId:963b133f-d5cd-4485-b978-4ab06c0041ef , Price: 0.0]
2026-03-18 10:02:49.555  INFO 1 --- [io-12031-exec-3] order.controller.OrderController         : [createNewOrder][Create Order][from shanghai to taiyuan at 1970-01-02 18:17:36]
2026-03-18 10:02:49.556  INFO 1 --- [io-12031-exec-3] order.service.OrderServiceImpl           : [create][Create Order][Ready to Create Order]
2026-03-18 10:02:49.572  INFO 1 --- [io-12031-exec-3] order.service.OrderServiceImpl           : [create][Order Create Success][Order Price][OrderId:849947ba-3d08-45f9-8f08-73c82d557646 , Price: 0.0]
2026-03-18 10:02:49.851  INFO 1 --- [io-12031-exec-2] order.controller.OrderController         : [createNewOrder][Create Order][from shanghai to taiyuan at 1970-01-02 18:17:36]
2026-03-18 10:02:49.851  INFO 1 --- [io-12031-exec-2] order.service.OrderServiceImpl           : [create][Create Order][Ready to Create Order]
2026-03-18 10:02:49.868  INFO 1 --- [io-12031-exec-2] order.service.OrderServiceImpl           : [create][Order Create Success][Order Price][OrderId:c7d7d7e2-d082-479a-ba42-9d5d882aa579 , Price: 0.0]
2026-03-18 10:02:50.159  INFO 1 --- [io-12031-exec-5] order.controller.OrderController         : [createNewOrder][Create Order][from shanghai to taiyuan at 1970-01-02 18:17:36]
2026-03-18 10:02:50.159  INFO 1 --- [io-12031-exec-5] order.service.OrderServiceImpl           : [create][Create Order][Ready to Create Order]
2026-03-18 10:02:50.179  INFO 1 --- [io-12031-exec-5] order.service.OrderServiceImpl           : [create][Order Create Success][Order Price][OrderId:68e8e75e-fca4-47df-b5ad-dffce10e7df3 , Price: 0.0]
2026-03-18 10:02:50.469  INFO 1 --- [io-12031-exec-4] order.controller.OrderController         : [createNewOrder][Create Order][from shanghai to taiyuan at 1970-01-02 18:17:36]
2026-03-18 10:02:50.469  INFO 1 --- [io-12031-exec-4] order.service.OrderServiceImpl           : [create][Create Order][Ready to Create Order]
2026-03-18 10:02:50.486  INFO 1 --- [io-12031-exec-4] order.service.OrderServiceImpl           : [create][Order Create Success][Order Price][OrderId:6f0b2dc6-960b-48b9-be4e-cf47219cbc1a , Price: 0.0]
2026-03-18 10:02:50.760  INFO 1 --- [io-12031-exec-6] order.controller.OrderController         : [createNewOrder][Create Order][from shanghai to taiyuan at 1970-01-02 18:17:36]
2026-03-18 10:02:50.760  INFO 1 --- [io-12031-exec-6] order.service.OrderServiceImpl           : [create][Create Order][Ready to Create Order]
2026-03-18 10:02:50.793  INFO 1 --- [io-12031-exec-6] order.service.OrderServiceImpl           : [create][Order Create Success][Order Price][OrderId:61564700-25d8-4698-8dd8-fc85aa651cb9 , Price: 0.0]
2026-03-18 10:02:51.056  INFO 1 --- [io-12031-exec-7] order.controller.OrderController         : [createNewOrder][Create Order][from shanghai to taiyuan at 1970-01-02 18:17:36]
2026-03-18 10:02:51.056  INFO 1 --- [io-12031-exec-7] order.service.OrderServiceImpl           : [create][Create Order][Ready to Create Order]
2026-03-18 10:02:51.075  INFO 1 --- [io-12031-exec-7] order.service.OrderServiceImpl           : [create][Order Create Success][Order Price][OrderId:1256d9f3-797a-4904-9343-845d15287d8c , Price: 0.0]
2026-03-18 10:02:51.356  INFO 1 --- [o-12031-exec-10] order.controller.OrderController         : [createNewOrder][Create Order][from shanghai to taiyuan at 1970-01-02 18:17:36]
2026-03-18 10:02:51.356  INFO 1 --- [o-12031-exec-10] order.service.OrderServiceImpl           : [create][Create Order][Ready to Create Order]
2026-03-18 10:02:51.373  INFO 1 --- [o-12031-exec-10] order.service.OrderServiceImpl           : [create][Order Create Success][Order Price][OrderId:d586f89e-d235-4090-90d1-b0fe941b5a0e , Price: 0.0]
2026-03-18 10:02:51.672  INFO 1 --- [io-12031-exec-9] order.controller.OrderController         : [createNewOrder][Create Order][from shanghai to taiyuan at 1970-01-02 18:17:36]
2026-03-18 10:02:51.672  INFO 1 --- [io-12031-exec-9] order.service.OrderServiceImpl           : [create][Create Order][Ready to Create Order]
2026-03-18 10:02:51.691  INFO 1 --- [io-12031-exec-9] order.service.OrderServiceImpl           : [create][Order Create Success][Order Price][OrderId:b24acb74-a443-4bb4-9897-96ceb09e46e8 , Price: 0.0]
2026-03-18 10:02:51.960  INFO 1 --- [io-12031-exec-1] order.controller.OrderController         : [createNewOrder][Create Order][from shanghai to taiyuan at 1970-01-02 18:17:36]
2026-03-18 10:02:51.960  INFO 1 --- [io-12031-exec-1] order.service.OrderServiceImpl           : [create][Create Order][Ready to Create Order]
2026-03-18 10:02:51.979  INFO 1 --- [io-12031-exec-1] order.service.OrderServiceImpl           : [create][Order Create Success][Order Price][OrderId:df0e4703-8cca-4a5b-9423-e3d54bf1fb37 , Price: 0.0]
2026-03-18 10:02:52.263  INFO 1 --- [io-12031-exec-3] order.controller.OrderController         : [createNewOrder][Create Order][from shanghai to taiyuan at 1970-01-02 18:17:36]
2026-03-18 10:02:52.263  INFO 1 --- [io-12031-exec-3] order.service.OrderServiceImpl           : [create][Create Order][Ready to Create Order]
2026-03-18 10:02:52.285  INFO 1 --- [io-12031-exec-3] order.service.OrderServiceImpl           : [create][Order Create Success][Order Price][OrderId:ec84944f-3f07-4885-955d-0c6059b185a2 , Price: 0.0]
2026-03-18 10:02:52.558  INFO 1 --- [io-12031-exec-2] order.controller.OrderController         : [createNewOrder][Create Order][from shanghai to taiyuan at 1970-01-02 18:17:36]
2026-03-18 10:02:52.558  INFO 1 --- [io-12031-exec-2] order.service.OrderServiceImpl           : [create][Create Order][Ready to Create Order]
2026-03-18 10:02:52.587  INFO 1 --- [io-12031-exec-2] order.service.OrderServiceImpl           : [create][Order Create Success][Order Price][OrderId:68e8d4e6-127f-4e93-8f28-f0d2e1e2467c , Price: 0.0]
2026-03-18 10:02:52.859  INFO 1 --- [io-12031-exec-5] order.controller.OrderController         : [createNewOrder][Create Order][from shanghai to taiyuan at 1970-01-02 18:17:36]
2026-03-18 10:02:52.859  INFO 1 --- [io-12031-exec-5] order.service.OrderServiceImpl           : [create][Create Order][Ready to Create Order]
2026-03-18 10:02:52.876  INFO 1 --- [io-12031-exec-5] order.service.OrderServiceImpl           : [create][Order Create Success][Order Price][OrderId:76dba669-eae5-4ea0-8632-a1bf1f2f4102 , Price: 0.0]
2026-03-18 10:02:53.152  INFO 1 --- [io-12031-exec-4] order.controller.OrderController         : [createNewOrder][Create Order][from shanghai to taiyuan at 1970-01-02 18:17:36]
2026-03-18 10:02:53.152  INFO 1 --- [io-12031-exec-4] order.service.OrderServiceImpl           : [create][Create Order][Ready to Create Order]
2026-03-18 10:02:53.170  INFO 1 --- [io-12031-exec-4] order.service.OrderServiceImpl           : [create][Order Create Success][Order Price][OrderId:2810b3aa-d73c-4490-8375-6b2aa024b4d1 , Price: 0.0]
2026-03-18 10:02:53.448  INFO 1 --- [io-12031-exec-6] order.controller.OrderController         : [createNewOrder][Create Order][from shanghai to taiyuan at 1970-01-02 18:17:36]
2026-03-18 10:02:53.448  INFO 1 --- [io-12031-exec-6] order.service.OrderServiceImpl           : [create][Create Order][Ready to Create Order]
2026-03-18 10:02:53.466  INFO 1 --- [io-12031-exec-6] order.service.OrderServiceImpl           : [create][Order Create Success][Order Price][OrderId:730a4733-7b2a-48cb-8686-7c5096c24ea3 , Price: 0.0]
2026-03-18 10:02:53.740  INFO 1 --- [io-12031-exec-7] order.controller.OrderController         : [createNewOrder][Create Order][from shanghai to taiyuan at 1970-01-02 18:17:36]
2026-03-18 10:02:53.741  INFO 1 --- [io-12031-exec-7] order.service.OrderServiceImpl           : [create][Create Order][Ready to Create Order]
2026-03-18 10:02:53.758  INFO 1 --- [io-12031-exec-7] order.service.OrderServiceImpl           : [create][Order Create Success][Order Price][OrderId:b4990d8d-afa1-4c0a-8792-7a60bd8baefe , Price: 0.0]
2026-03-18 10:02:54.038  INFO 1 --- [io-12031-exec-8] order.controller.OrderController         : [createNewOrder][Create Order][from shanghai to taiyuan at 1970-01-02 18:17:36]
2026-03-18 10:02:54.038  INFO 1 --- [io-12031-exec-8] order.service.OrderServiceImpl           : [create][Create Order][Ready to Create Order]
2026-03-18 10:02:54.056  INFO 1 --- [io-12031-exec-8] order.service.OrderServiceImpl           : [create][Order Create Success][Order Price][OrderId:26283281-fea5-46f3-a7cd-105b513c7245 , Price: 0.0]
2026-03-18 10:02:54.334  INFO 1 --- [o-12031-exec-10] order.controller.OrderController         : [createNewOrder][Create Order][from shanghai to taiyuan at 1970-01-02 18:17:36]
2026-03-18 10:02:54.334  INFO 1 --- [o-12031-exec-10] order.service.OrderServiceImpl           : [create][Create Order][Ready to Create Order]
2026-03-18 10:02:54.394  INFO 1 --- [o-12031-exec-10] order.service.OrderServiceImpl           : [create][Order Create Success][Order Price][OrderId:087ed274-4682-4392-9cd3-030eb453d25b , Price: 0.0]
2026-03-18 10:02:54.656  INFO 1 --- [io-12031-exec-9] order.controller.OrderController         : [createNewOrder][Create Order][from shanghai to taiyuan at 1970-01-02 18:17:36]
2026-03-18 10:02:54.656  INFO 1 --- [io-12031-exec-9] order.service.OrderServiceImpl           : [create][Create Order][Ready to Create Order]
2026-03-18 10:02:54.674  INFO 1 --- [io-12031-exec-9] order.service.OrderServiceImpl           : [create][Order Create Success][Order Price][OrderId:c64765f7-9f74-4c89-83c0-fed06d264a61 , Price: 0.0]
2026-03-18 10:02:54.954  INFO 1 --- [io-12031-exec-1] order.controller.OrderController         : [createNewOrder][Create Order][from shanghai to taiyuan at 1970-01-02 18:17:36]
2026-03-18 10:02:54.954  INFO 1 --- [io-12031-exec-1] order.service.OrderServiceImpl           : [create][Create Order][Ready to Create Order]
2026-03-18 10:02:54.972  INFO 1 --- [io-12031-exec-1] order.service.OrderServiceImpl           : [create][Order Create Success][Order Price][OrderId:b1885db0-7dc5-4125-9120-935cd2a15072 , Price: 0.0]
2026-03-18 10:02:55.259  INFO 1 --- [io-12031-exec-3] order.controller.OrderController         : [createNewOrder][Create Order][from shanghai to taiyuan at 1970-01-02 18:17:36]
2026-03-18 10:02:55.259  INFO 1 --- [io-12031-exec-3] order.service.OrderServiceImpl           : [create][Create Order][Ready to Create Order]
2026-03-18 10:02:55.280  INFO 1 --- [io-12031-exec-3] order.service.OrderServiceImpl           : [create][Order Create Success][Order Price][OrderId:4804ba8e-701a-42bc-9878-b9e63e5dcb83 , Price: 0.0]
2026-03-18 10:02:55.560  INFO 1 --- [io-12031-exec-2] order.controller.OrderController         : [createNewOrder][Create Order][from shanghai to taiyuan at 1970-01-02 18:17:36]
2026-03-18 10:02:55.560  INFO 1 --- [io-12031-exec-2] order.service.OrderServiceImpl           : [create][Create Order][Ready to Create Order]
2026-03-18 10:02:55.580  INFO 1 --- [io-12031-exec-2] order.service.OrderServiceImpl           : [create][Order Create Success][Order Price][OrderId:5fd89d42-38ac-487b-824c-8dd444a90888 , Price: 0.0]
2026-03-18 10:02:55.858  INFO 1 --- [io-12031-exec-5] order.controller.OrderController         : [createNewOrder][Create Order][from shanghai to taiyuan at 1970-01-02 18:17:36]
2026-03-18 10:02:55.858  INFO 1 --- [io-12031-exec-5] order.service.OrderServiceImpl           : [create][Create Order][Ready to Create Order]
2026-03-18 10:02:55.876  INFO 1 --- [io-12031-exec-5] order.service.OrderServiceImpl           : [create][Order Create Success][Order Price][OrderId:3649f8da-a9af-4bb8-a708-e551bd8faa62 , Price: 0.0]
2026-03-18 10:02:56.155  INFO 1 --- [io-12031-exec-4] order.controller.OrderController         : [createNewOrder][Create Order][from shanghai to taiyuan at 1970-01-02 18:17:36]
2026-03-18 10:02:56.155  INFO 1 --- [io-12031-exec-4] order.service.OrderServiceImpl           : [create][Create Order][Ready to Create Order]
2026-03-18 10:02:56.191  INFO 1 --- [io-12031-exec-4] order.service.OrderServiceImpl           : [create][Order Create Success][Order Price][OrderId:87fa9d7b-08fb-433c-b514-9c7b117acee1 , Price: 0.0]
2026-03-18 10:02:56.455  INFO 1 --- [io-12031-exec-6] order.controller.OrderController         : [createNewOrder][Create Order][from shanghai to taiyuan at 1970-01-02 18:17:36]
2026-03-18 10:02:56.455  INFO 1 --- [io-12031-exec-6] order.service.OrderServiceImpl           : [create][Create Order][Ready to Create Order]
2026-03-18 10:02:56.473  INFO 1 --- [io-12031-exec-6] order.service.OrderServiceImpl           : [create][Order Create Success][Order Price][OrderId:1d66d8f4-c6eb-4e58-b814-b22bdf361210 , Price: 0.0]
2026-03-18 10:02:56.748  INFO 1 --- [io-12031-exec-7] order.controller.OrderController         : [createNewOrder][Create Order][from shanghai to taiyuan at 1970-01-02 18:17:36]
2026-03-18 10:02:56.748  INFO 1 --- [io-12031-exec-7] order.service.OrderServiceImpl           : [create][Create Order][Ready to Create Order]
2026-03-18 10:02:56.766  INFO 1 --- [io-12031-exec-7] order.service.OrderServiceImpl           : [create][Order Create Success][Order Price][OrderId:4f5d41b4-6e76-445a-90ff-4481def1026c , Price: 0.0]
2026-03-18 10:02:57.043  INFO 1 --- [io-12031-exec-8] order.controller.OrderController         : [createNewOrder][Create Order][from shanghai to taiyuan at 1970-01-02 18:17:36]
2026-03-18 10:02:57.043  INFO 1 --- [io-12031-exec-8] order.service.OrderServiceImpl           : [create][Create Order][Ready to Create Order]
2026-03-18 10:02:57.060  INFO 1 --- [io-12031-exec-8] order.service.OrderServiceImpl           : [create][Order Create Success][Order Price][OrderId:9f8f42eb-f9a6-427f-ace2-e18303eefd94 , Price: 0.0]
2026-03-18 10:02:57.343  INFO 1 --- [o-12031-exec-10] order.controller.OrderController         : [createNewOrder][Create Order][from shanghai to taiyuan at 1970-01-02 18:17:36]
2026-03-18 10:02:57.343  INFO 1 --- [o-12031-exec-10] order.service.OrderServiceImpl           : [create][Create Order][Ready to Create Order]
2026-03-18 10:02:57.361  INFO 1 --- [o-12031-exec-10] order.service.OrderServiceImpl           : [create][Order Create Success][Order Price][OrderId:5d4c1810-0ac9-4884-aa8b-521f2c2b7f92 , Price: 0.0]
2026-03-18 10:02:57.638  INFO 1 --- [io-12031-exec-9] order.controller.OrderController         : [createNewOrder][Create Order][from shanghai to taiyuan at 1970-01-02 18:17:36]
2026-03-18 10:02:57.638  INFO 1 --- [io-12031-exec-9] order.service.OrderServiceImpl           : [create][Create Order][Ready to Create Order]
2026-03-18 10:02:57.656  INFO 1 --- [io-12031-exec-9] order.service.OrderServiceImpl           : [create][Order Create Success][Order Price][OrderId:05faeb6e-3bcf-41e4-9c85-c8dca0d1b142 , Price: 0.0]
2026-03-18 10:02:57.936  INFO 1 --- [io-12031-exec-1] order.controller.OrderController         : [createNewOrder][Create Order][from shanghai to taiyuan at 1970-01-02 18:17:36]
2026-03-18 10:02:57.936  INFO 1 --- [io-12031-exec-1] order.service.OrderServiceImpl           : [create][Create Order][Ready to Create Order]
2026-03-18 10:02:57.974  INFO 1 --- [io-12031-exec-1] order.service.OrderServiceImpl           : [create][Order Create Success][Order Price][OrderId:b06486a8-2686-4172-8813-e3b3a4c6d639 , Price: 0.0]
2026-03-18 10:02:58.263  INFO 1 --- [io-12031-exec-3] order.controller.OrderController         : [createNewOrder][Create Order][from shanghai to taiyuan at 1970-01-02 18:17:36]
2026-03-18 10:02:58.263  INFO 1 --- [io-12031-exec-3] order.service.OrderServiceImpl           : [create][Create Order][Ready to Create Order]
2026-03-18 10:02:58.284  INFO 1 --- [io-12031-exec-3] order.service.OrderServiceImpl           : [create][Order Create Success][Order Price][OrderId:6bb45801-4ad2-400c-8f59-2e996073ba68 , Price: 0.0]
2026-03-18 10:02:58.562  INFO 1 --- [io-12031-exec-2] order.controller.OrderController         : [createNewOrder][Create Order][from shanghai to taiyuan at 1970-01-02 18:17:36]
2026-03-18 10:02:58.562  INFO 1 --- [io-12031-exec-2] order.service.OrderServiceImpl           : [create][Create Order][Ready to Create Order]
2026-03-18 10:02:58.584  INFO 1 --- [io-12031-exec-2] order.service.OrderServiceImpl           : [create][Order Create Success][Order Price][OrderId:f0d62b62-4b12-472f-9b09-5706c54e343a , Price: 0.0]
2026-03-18 10:02:58.861  INFO 1 --- [io-12031-exec-5] order.controller.OrderController         : [createNewOrder][Create Order][from shanghai to taiyuan at 1970-01-02 18:17:36]
2026-03-18 10:02:58.862  INFO 1 --- [io-12031-exec-5] order.service.OrderServiceImpl           : [create][Create Order][Ready to Create Order]
2026-03-18 10:02:58.880  INFO 1 --- [io-12031-exec-5] order.service.OrderServiceImpl           : [create][Order Create Success][Order Price][OrderId:67f75c29-27b2-4717-8ffc-936bce66b4f6 , Price: 0.0]
2026-03-18 10:02:59.156  INFO 1 --- [io-12031-exec-4] order.controller.OrderController         : [createNewOrder][Create Order][from shanghai to taiyuan at 1970-01-02 18:17:36]
2026-03-18 10:02:59.156  INFO 1 --- [io-12031-exec-4] order.service.OrderServiceImpl           : [create][Create Order][Ready to Create Order]
2026-03-18 10:02:59.174  INFO 1 --- [io-12031-exec-4] order.service.OrderServiceImpl           : [create][Order Create Success][Order Price][OrderId:8efd2203-e4e1-42e7-8f06-840e91a18e35 , Price: 0.0]
2026-03-18 10:02:59.559  INFO 1 --- [io-12031-exec-6] order.controller.OrderController         : [createNewOrder][Create Order][from shanghai to taiyuan at 1970-01-02 18:17:36]
2026-03-18 10:02:59.559  INFO 1 --- [io-12031-exec-6] order.service.OrderServiceImpl           : [create][Create Order][Ready to Create Order]
2026-03-18 10:02:59.582  INFO 1 --- [io-12031-exec-6] order.service.OrderServiceImpl           : [create][Order Create Success][Order Price][OrderId:b1485d4a-81d6-48f6-97a6-908a585deedc , Price: 0.0]
2026-03-18 10:02:59.954  INFO 1 --- [io-12031-exec-7] order.controller.OrderController         : [createNewOrder][Create Order][from shanghai to taiyuan at 1970-01-02 18:17:36]
2026-03-18 10:02:59.954  INFO 1 --- [io-12031-exec-7] order.service.OrderServiceImpl           : [create][Create Order][Ready to Create Order]
2026-03-18 10:02:59.983  INFO 1 --- [io-12031-exec-7] order.service.OrderServiceImpl           : [create][Order Create Success][Order Price][OrderId:6f319518-77c8-4695-8f4a-2c5b439d2898 , Price: 0.0]
2026-03-18 10:03:00.264  INFO 1 --- [io-12031-exec-8] order.controller.OrderController         : [createNewOrder][Create Order][from shanghai to taiyuan at 1970-01-02 18:17:36]
2026-03-18 10:03:00.264  INFO 1 --- [io-12031-exec-8] order.service.OrderServiceImpl           : [create][Create Order][Ready to Create Order]
2026-03-18 10:03:00.285  INFO 1 --- [io-12031-exec-8] order.service.OrderServiceImpl           : [create][Order Create Success][Order Price][OrderId:4f20e9a6-0890-45b1-9403-6461c7182e80 , Price: 0.0]
2026-03-18 10:03:00.563  INFO 1 --- [o-12031-exec-10] order.controller.OrderController         : [createNewOrder][Create Order][from shanghai to taiyuan at 1970-01-02 18:17:36]
2026-03-18 10:03:00.563  INFO 1 --- [o-12031-exec-10] order.service.OrderServiceImpl           : [create][Create Order][Ready to Create Order]
2026-03-18 10:03:00.582  INFO 1 --- [o-12031-exec-10] order.service.OrderServiceImpl           : [create][Order Create Success][Order Price][OrderId:5f58bbd1-0577-4ecc-b0b5-ee7300e0a699 , Price: 0.0]
2026-03-18 10:03:00.866  INFO 1 --- [io-12031-exec-9] order.controller.OrderController         : [createNewOrder][Create Order][from shanghai to taiyuan at 1970-01-02 18:17:36]
2026-03-18 10:03:00.866  INFO 1 --- [io-12031-exec-9] order.service.OrderServiceImpl           : [create][Create Order][Ready to Create Order]
2026-03-18 10:03:00.884  INFO 1 --- [io-12031-exec-9] order.service.OrderServiceImpl           : [create][Order Create Success][Order Price][OrderId:ee5b20ca-f69c-496c-b532-79f9a3a0d9a2 , Price: 0.0]
2026-03-18 10:03:01.162  INFO 1 --- [io-12031-exec-1] order.controller.OrderController         : [createNewOrder][Create Order][from shanghai to taiyuan at 1970-01-02 18:17:36]
2026-03-18 10:03:01.163  INFO 1 --- [io-12031-exec-1] order.service.OrderServiceImpl           : [create][Create Order][Ready to Create Order]
2026-03-18 10:03:01.182  INFO 1 --- [io-12031-exec-1] order.service.OrderServiceImpl           : [create][Order Create Success][Order Price][OrderId:12c213ce-0524-44b4-93c2-52e0cc043366 , Price: 0.0]
2026-03-18 10:03:01.463  INFO 1 --- [io-12031-exec-2] order.controller.OrderController         : [createNewOrder][Create Order][from shanghai to taiyuan at 1970-01-02 18:17:36]
2026-03-18 10:03:01.463  INFO 1 --- [io-12031-exec-2] order.service.OrderServiceImpl           : [create][Create Order][Ready to Create Order]
2026-03-18 10:03:01.482  INFO 1 --- [io-12031-exec-2] order.service.OrderServiceImpl           : [create][Order Create Success][Order Price][OrderId:daff63d9-3bac-431e-810f-1c441463fadf , Price: 0.0]
2026-03-18 10:03:01.759  INFO 1 --- [io-12031-exec-5] order.controller.OrderController         : [createNewOrder][Create Order][from shanghai to taiyuan at 1970-01-02 18:17:36]
2026-03-18 10:03:01.759  INFO 1 --- [io-12031-exec-5] order.service.OrderServiceImpl           : [create][Create Order][Ready to Create Order]
2026-03-18 10:03:01.876  INFO 1 --- [io-12031-exec-5] order.service.OrderServiceImpl           : [create][Order Create Success][Order Price][OrderId:f31fdda1-8bab-4b64-821c-4af4bffedd15 , Price: 0.0]
2026-03-18 10:03:02.161  INFO 1 --- [io-12031-exec-4] order.controller.OrderController         : [createNewOrder][Create Order][from shanghai to taiyuan at 1970-01-02 18:17:36]
2026-03-18 10:03:02.161  INFO 1 --- [io-12031-exec-4] order.service.OrderServiceImpl           : [create][Create Order][Ready to Create Order]
2026-03-18 10:03:02.182  INFO 1 --- [io-12031-exec-4] order.service.OrderServiceImpl           : [create][Order Create Success][Order Price][OrderId:624c2741-c93f-46cf-9e7c-626efa61e26c , Price: 0.0]
2026-03-18 10:03:02.459  INFO 1 --- [io-12031-exec-6] order.controller.OrderController         : [createNewOrder][Create Order][from shanghai to taiyuan at 1970-01-02 18:17:36]
2026-03-18 10:03:02.459  INFO 1 --- [io-12031-exec-6] order.service.OrderServiceImpl           : [create][Create Order][Ready to Create Order]
2026-03-18 10:03:02.478  INFO 1 --- [io-12031-exec-6] order.service.OrderServiceImpl           : [create][Order Create Success][Order Price][OrderId:8f0f9ee6-3a2a-4e50-82d7-5e4a57bd4a9b , Price: 0.0]
2026-03-18 10:03:02.755  INFO 1 --- [io-12031-exec-7] order.controller.OrderController         : [createNewOrder][Create Order][from shanghai to taiyuan at 1970-01-02 18:17:36]
2026-03-18 10:03:02.755  INFO 1 --- [io-12031-exec-7] order.service.OrderServiceImpl           : [create][Create Order][Ready to Create Order]
2026-03-18 10:03:02.774  INFO 1 --- [io-12031-exec-7] order.service.OrderServiceImpl           : [create][Order Create Success][Order Price][OrderId:0bc8b943-bcd8-4bee-8c1b-0810fc2402be , Price: 0.0]
2026-03-18 10:03:03.056  INFO 1 --- [io-12031-exec-8] order.controller.OrderController         : [createNewOrder][Create Order][from shanghai to taiyuan at 1970-01-02 18:17:36]
2026-03-18 10:03:03.056  INFO 1 --- [io-12031-exec-8] order.service.OrderServiceImpl           : [create][Create Order][Ready to Create Order]
2026-03-18 10:03:03.073  INFO 1 --- [io-12031-exec-8] order.service.OrderServiceImpl           : [create][Order Create Success][Order Price][OrderId:c383fac1-50d1-4f18-a0aa-e6465949dbd0 , Price: 0.0]
2026-03-18 10:03:03.356  INFO 1 --- [o-12031-exec-10] order.controller.OrderController         : [createNewOrder][Create Order][from shanghai to taiyuan at 1970-01-02 18:17:36]
2026-03-18 10:03:03.356  INFO 1 --- [o-12031-exec-10] order.service.OrderServiceImpl           : [create][Create Order][Ready to Create Order]
2026-03-18 10:03:03.375  INFO 1 --- [o-12031-exec-10] order.service.OrderServiceImpl           : [create][Order Create Success][Order Price][OrderId:6094def0-8495-4ef5-a650-4562ec0cb464 , Price: 0.0]
2026-03-18 10:03:03.654  INFO 1 --- [io-12031-exec-9] order.controller.OrderController         : [createNewOrder][Create Order][from shanghai to taiyuan at 1970-01-02 18:17:36]
2026-03-18 10:03:03.654  INFO 1 --- [io-12031-exec-9] order.service.OrderServiceImpl           : [create][Create Order][Ready to Create Order]
2026-03-18 10:03:03.766  INFO 1 --- [io-12031-exec-9] order.service.OrderServiceImpl           : [create][Order Create Success][Order Price][OrderId:09bd1603-6345-4d14-8786-f222b6b4c0b9 , Price: 0.0]
2026-03-18 10:03:04.049  INFO 1 --- [io-12031-exec-1] order.controller.OrderController         : [createNewOrder][Create Order][from shanghai to taiyuan at 1970-01-02 18:17:36]
2026-03-18 10:03:04.049  INFO 1 --- [io-12031-exec-1] order.service.OrderServiceImpl           : [create][Create Order][Ready to Create Order]
2026-03-18 10:03:04.068  INFO 1 --- [io-12031-exec-1] order.service.OrderServiceImpl           : [create][Order Create Success][Order Price][OrderId:e69645ed-79da-4d01-845e-e26c741ef229 , Price: 0.0]
2026-03-18 10:03:04.346  INFO 1 --- [io-12031-exec-3] order.controller.OrderController         : [createNewOrder][Create Order][from shanghai to taiyuan at 1970-01-02 18:17:36]
2026-03-18 10:03:04.346  INFO 1 --- [io-12031-exec-3] order.service.OrderServiceImpl           : [create][Create Order][Ready to Create Order]
2026-03-18 10:03:04.366  INFO 1 --- [io-12031-exec-3] order.service.OrderServiceImpl           : [create][Order Create Success][Order Price][OrderId:c8279f82-c52b-40b7-a22c-5c716cffea2d , Price: 0.0]
2026-03-18 10:03:04.644  INFO 1 --- [io-12031-exec-2] order.controller.OrderController         : [createNewOrder][Create Order][from shanghai to taiyuan at 1970-01-02 18:17:36]
2026-03-18 10:03:04.644  INFO 1 --- [io-12031-exec-2] order.service.OrderServiceImpl           : [create][Create Order][Ready to Create Order]
2026-03-18 10:03:04.663  INFO 1 --- [io-12031-exec-2] order.service.OrderServiceImpl           : [create][Order Create Success][Order Price][OrderId:bbea3eb2-36f6-4959-81a4-1979d3014b7b , Price: 0.0]
2026-03-18 10:03:04.946  INFO 1 --- [io-12031-exec-5] order.controller.OrderController         : [createNewOrder][Create Order][from shanghai to taiyuan at 1970-01-02 18:17:36]
2026-03-18 10:03:04.946  INFO 1 --- [io-12031-exec-5] order.service.OrderServiceImpl           : [create][Create Order][Ready to Create Order]
2026-03-18 10:03:04.965  INFO 1 --- [io-12031-exec-5] order.service.OrderServiceImpl           : [create][Order Create Success][Order Price][OrderId:92b19a15-13a4-4dc0-b28c-8973c599d1ad , Price: 0.0]
2026-03-18 10:03:05.254  INFO 1 --- [io-12031-exec-4] order.controller.OrderController         : [createNewOrder][Create Order][from shanghai to taiyuan at 1970-01-02 18:17:36]
2026-03-18 10:03:05.254  INFO 1 --- [io-12031-exec-4] order.service.OrderServiceImpl           : [create][Create Order][Ready to Create Order]
2026-03-18 10:03:05.274  INFO 1 --- [io-12031-exec-4] order.service.OrderServiceImpl           : [create][Order Create Success][Order Price][OrderId:c1adb5eb-bba6-4a52-9c4f-01b8ad15f278 , Price: 0.0]
2026-03-18 10:03:05.556  INFO 1 --- [io-12031-exec-6] order.controller.OrderController         : [createNewOrder][Create Order][from shanghai to taiyuan at 1970-01-02 18:17:36]
2026-03-18 10:03:05.556  INFO 1 --- [io-12031-exec-6] order.service.OrderServiceImpl           : [create][Create Order][Ready to Create Order]
2026-03-18 10:03:05.586  INFO 1 --- [io-12031-exec-6] order.service.OrderServiceImpl           : [create][Order Create Success][Order Price][OrderId:ee76e79a-0487-4e62-a06e-d0c6f7e4d148 , Price: 0.0]
2026-03-18 10:03:05.859  INFO 1 --- [io-12031-exec-7] order.controller.OrderController         : [createNewOrder][Create Order][from shanghai to taiyuan at 1970-01-02 18:17:36]
2026-03-18 10:03:05.859  INFO 1 --- [io-12031-exec-7] order.service.OrderServiceImpl           : [create][Create Order][Ready to Create Order]
2026-03-18 10:03:05.877  INFO 1 --- [io-12031-exec-7] order.service.OrderServiceImpl           : [create][Order Create Success][Order Price][OrderId:66bf5eab-e040-4256-b20d-9a34dfd159f0 , Price: 0.0]
2026-03-18 10:03:06.163  INFO 1 --- [io-12031-exec-8] order.controller.OrderController         : [createNewOrder][Create Order][from shanghai to taiyuan at 1970-01-02 18:17:36]
2026-03-18 10:03:06.163  INFO 1 --- [io-12031-exec-8] order.service.OrderServiceImpl           : [create][Create Order][Ready to Create Order]
2026-03-18 10:03:06.180  INFO 1 --- [io-12031-exec-8] order.service.OrderServiceImpl           : [create][Order Create Success][Order Price][OrderId:3a05024a-6566-44ce-9063-e781af336ac4 , Price: 0.0]
2026-03-18 10:03:06.456  INFO 1 --- [o-12031-exec-10] order.controller.OrderController         : [createNewOrder][Create Order][from shanghai to taiyuan at 1970-01-02 18:17:36]
2026-03-18 10:03:06.456  INFO 1 --- [o-12031-exec-10] order.service.OrderServiceImpl           : [create][Create Order][Ready to Create Order]
2026-03-18 10:03:06.473  INFO 1 --- [o-12031-exec-10] order.service.OrderServiceImpl           : [create][Order Create Success][Order Price][OrderId:9596199b-0be7-49a6-b2ce-282b134514b6 , Price: 0.0]
2026-03-18 10:03:06.750  INFO 1 --- [io-12031-exec-9] order.controller.OrderController         : [createNewOrder][Create Order][from shanghai to taiyuan at 1970-01-02 18:17:36]
2026-03-18 10:03:06.750  INFO 1 --- [io-12031-exec-9] order.service.OrderServiceImpl           : [create][Create Order][Ready to Create Order]
2026-03-18 10:03:06.767  INFO 1 --- [io-12031-exec-9] order.service.OrderServiceImpl           : [create][Order Create Success][Order Price][OrderId:93395ccb-5fbe-42a5-bd49-6946dc9ed901 , Price: 0.0]
2026-03-18 10:03:07.041  INFO 1 --- [io-12031-exec-1] order.controller.OrderController         : [createNewOrder][Create Order][from shanghai to taiyuan at 1970-01-02 18:17:36]
2026-03-18 10:03:07.041  INFO 1 --- [io-12031-exec-1] order.service.OrderServiceImpl           : [create][Create Order][Ready to Create Order]
2026-03-18 10:03:07.060  INFO 1 --- [io-12031-exec-1] order.service.OrderServiceImpl           : [create][Order Create Success][Order Price][OrderId:d4f42297-f282-4791-963e-70b0edf3f172 , Price: 0.0]
2026-03-18 10:03:07.335  INFO 1 --- [io-12031-exec-3] order.controller.OrderController         : [createNewOrder][Create Order][from shanghai to taiyuan at 1970-01-02 18:17:36]
2026-03-18 10:03:07.335  INFO 1 --- [io-12031-exec-3] order.service.OrderServiceImpl           : [create][Create Order][Ready to Create Order]
2026-03-18 10:03:07.382  INFO 1 --- [io-12031-exec-3] order.service.OrderServiceImpl           : [create][Order Create Success][Order Price][OrderId:84288ac1-289d-4904-b23a-7aa8181f16f9 , Price: 0.0]
2026-03-18 10:03:07.659  INFO 1 --- [io-12031-exec-2] order.controller.OrderController         : [createNewOrder][Create Order][from shanghai to taiyuan at 1970-01-02 18:17:36]
2026-03-18 10:03:07.659  INFO 1 --- [io-12031-exec-2] order.service.OrderServiceImpl           : [create][Create Order][Ready to Create Order]
2026-03-18 10:03:07.677  INFO 1 --- [io-12031-exec-2] order.service.OrderServiceImpl           : [create][Order Create Success][Order Price][OrderId:905e7427-669b-4875-af52-9363e0dda1e7 , Price: 0.0]
2026-03-18 10:03:07.952  INFO 1 --- [io-12031-exec-5] order.controller.OrderController         : [createNewOrder][Create Order][from shanghai to taiyuan at 1970-01-02 18:17:36]
2026-03-18 10:03:07.952  INFO 1 --- [io-12031-exec-5] order.service.OrderServiceImpl           : [create][Create Order][Ready to Create Order]
2026-03-18 10:03:07.971  INFO 1 --- [io-12031-exec-5] order.service.OrderServiceImpl           : [create][Order Create Success][Order Price][OrderId:e70f3a2d-a753-42e1-b321-35af320e6e42 , Price: 0.0]
2026-03-18 10:03:08.252  INFO 1 --- [io-12031-exec-4] order.controller.OrderController         : [createNewOrder][Create Order][from shanghai to taiyuan at 1970-01-02 18:17:36]
2026-03-18 10:03:08.252  INFO 1 --- [io-12031-exec-4] order.service.OrderServiceImpl           : [create][Create Order][Ready to Create Order]
2026-03-18 10:03:08.270  INFO 1 --- [io-12031-exec-4] order.service.OrderServiceImpl           : [create][Order Create Success][Order Price][OrderId:4f3edf09-a940-4249-ba65-3e1ccdd2e87b , Price: 0.0]
2026-03-18 10:03:08.561  INFO 1 --- [io-12031-exec-6] order.controller.OrderController         : [createNewOrder][Create Order][from shanghai to taiyuan at 1970-01-02 18:17:36]
2026-03-18 10:03:08.561  INFO 1 --- [io-12031-exec-6] order.service.OrderServiceImpl           : [create][Create Order][Ready to Create Order]
2026-03-18 10:03:08.580  INFO 1 --- [io-12031-exec-6] order.service.OrderServiceImpl           : [create][Order Create Success][Order Price][OrderId:25ad39b4-2291-46fe-89d3-b4eaace08712 , Price: 0.0]
2026-03-18 10:03:08.864  INFO 1 --- [io-12031-exec-7] order.controller.OrderController         : [createNewOrder][Create Order][from shanghai to taiyuan at 1970-01-02 18:17:36]
2026-03-18 10:03:08.864  INFO 1 --- [io-12031-exec-7] order.service.OrderServiceImpl           : [create][Create Order][Ready to Create Order]
2026-03-18 10:03:08.882  INFO 1 --- [io-12031-exec-7] order.service.OrderServiceImpl           : [create][Order Create Success][Order Price][OrderId:dc47ade6-03c6-44f1-bb51-436d87bd40b0 , Price: 0.0]
2026-03-18 10:03:09.157  INFO 1 --- [io-12031-exec-8] order.controller.OrderController         : [createNewOrder][Create Order][from shanghai to taiyuan at 1970-01-02 18:17:36]
2026-03-18 10:03:09.157  INFO 1 --- [io-12031-exec-8] order.service.OrderServiceImpl           : [create][Create Order][Ready to Create Order]
2026-03-18 10:03:09.277  INFO 1 --- [io-12031-exec-8] order.service.OrderServiceImpl           : [create][Order Create Success][Order Price][OrderId:ab8c1c35-42c2-4b73-b902-e0cb0455881c , Price: 0.0]
2026-03-18 10:03:09.547  INFO 1 --- [o-12031-exec-10] order.controller.OrderController         : [createNewOrder][Create Order][from shanghai to taiyuan at 1970-01-02 18:17:36]
2026-03-18 10:03:09.548  INFO 1 --- [o-12031-exec-10] order.service.OrderServiceImpl           : [create][Create Order][Ready to Create Order]
2026-03-18 10:03:09.564  INFO 1 --- [o-12031-exec-10] order.service.OrderServiceImpl           : [create][Order Create Success][Order Price][OrderId:32c71d2b-9cf2-4131-9e97-b45e82eea4cc , Price: 0.0]
2026-03-18 10:03:09.842  INFO 1 --- [io-12031-exec-9] order.controller.OrderController         : [createNewOrder][Create Order][from shanghai to taiyuan at 1970-01-02 18:17:36]
2026-03-18 10:03:09.842  INFO 1 --- [io-12031-exec-9] order.service.OrderServiceImpl           : [create][Create Order][Ready to Create Order]
2026-03-18 10:03:09.862  INFO 1 --- [io-12031-exec-9] order.service.OrderServiceImpl           : [create][Order Create Success][Order Price][OrderId:ed81f5c2-c60d-4dc4-991a-deafecb18710 , Price: 0.0]
2026-03-18 10:03:10.139  INFO 1 --- [io-12031-exec-1] order.controller.OrderController         : [createNewOrder][Create Order][from shanghai to taiyuan at 1970-01-02 18:17:36]
2026-03-18 10:03:10.139  INFO 1 --- [io-12031-exec-1] order.service.OrderServiceImpl           : [create][Create Order][Ready to Create Order]
2026-03-18 10:03:10.155  INFO 1 --- [io-12031-exec-1] order.service.OrderServiceImpl           : [create][Order Create Success][Order Price][OrderId:0238f64b-7548-4358-86ae-db9077acf449 , Price: 0.0]
2026-03-18 10:03:10.434  INFO 1 --- [io-12031-exec-3] order.controller.OrderController         : [createNewOrder][Create Order][from shanghai to taiyuan at 1970-01-02 18:17:36]
2026-03-18 10:03:10.434  INFO 1 --- [io-12031-exec-3] order.service.OrderServiceImpl           : [create][Create Order][Ready to Create Order]
2026-03-18 10:03:10.453  INFO 1 --- [io-12031-exec-3] order.service.OrderServiceImpl           : [create][Order Create Success][Order Price][OrderId:0d2ff634-0243-42ad-b379-28c8cc26be71 , Price: 0.0]
2026-03-18 10:03:10.964  INFO 1 --- [io-12031-exec-2] order.controller.OrderController         : [createNewOrder][Create Order][from shanghai to taiyuan at 1970-01-02 18:17:36]
2026-03-18 10:03:10.965  INFO 1 --- [io-12031-exec-2] order.service.OrderServiceImpl           : [create][Create Order][Ready to Create Order]
2026-03-18 10:03:10.984  INFO 1 --- [io-12031-exec-2] order.service.OrderServiceImpl           : [create][Order Create Success][Order Price][OrderId:389506ec-276c-4156-8e9b-69bce9b9acac , Price: 0.0]
2026-03-18 10:03:11.259  INFO 1 --- [io-12031-exec-4] order.controller.OrderController         : [createNewOrder][Create Order][from shanghai to taiyuan at 1970-01-02 18:17:36]
2026-03-18 10:03:11.259  INFO 1 --- [io-12031-exec-4] order.service.OrderServiceImpl           : [create][Create Order][Ready to Create Order]
2026-03-18 10:03:11.382  INFO 1 --- [io-12031-exec-4] order.service.OrderServiceImpl           : [create][Order Create Success][Order Price][OrderId:c105d36e-de79-45bf-a8e6-c058ca4eb423 , Price: 0.0]
2026-03-18 10:03:11.659  INFO 1 --- [io-12031-exec-6] order.controller.OrderController         : [createNewOrder][Create Order][from shanghai to taiyuan at 1970-01-02 18:17:36]
2026-03-18 10:03:11.659  INFO 1 --- [io-12031-exec-6] order.service.OrderServiceImpl           : [create][Create Order][Ready to Create Order]
2026-03-18 10:03:11.676  INFO 1 --- [io-12031-exec-6] order.service.OrderServiceImpl           : [create][Order Create Success][Order Price][OrderId:498e2a75-b4d0-4dcc-af1a-52a356ba4cca , Price: 0.0]
2026-03-18 10:03:11.955  INFO 1 --- [io-12031-exec-7] order.controller.OrderController         : [createNewOrder][Create Order][from shanghai to taiyuan at 1970-01-02 18:17:36]
2026-03-18 10:03:11.956  INFO 1 --- [io-12031-exec-7] order.service.OrderServiceImpl           : [create][Create Order][Ready to Create Order]
2026-03-18 10:03:11.974  INFO 1 --- [io-12031-exec-7] order.service.OrderServiceImpl           : [create][Order Create Success][Order Price][OrderId:d3bc2f7b-02c3-405b-987b-b89209bcc642 , Price: 0.0]
2026-03-18 10:03:12.253  INFO 1 --- [io-12031-exec-8] order.controller.OrderController         : [createNewOrder][Create Order][from shanghai to taiyuan at 1970-01-02 18:17:36]
2026-03-18 10:03:12.253  INFO 1 --- [io-12031-exec-8] order.service.OrderServiceImpl           : [create][Create Order][Ready to Create Order]
2026-03-18 10:03:12.272  INFO 1 --- [io-12031-exec-8] order.service.OrderServiceImpl           : [create][Order Create Success][Order Price][OrderId:f194f3dc-7550-49db-88ca-5763daf5cacd , Price: 0.0]
2026-03-18 10:03:12.552  INFO 1 --- [o-12031-exec-10] order.controller.OrderController         : [createNewOrder][Create Order][from shanghai to taiyuan at 1970-01-02 18:17:36]
2026-03-18 10:03:12.552  INFO 1 --- [o-12031-exec-10] order.service.OrderServiceImpl           : [create][Create Order][Ready to Create Order]
2026-03-18 10:03:12.570  INFO 1 --- [o-12031-exec-10] order.service.OrderServiceImpl           : [create][Order Create Success][Order Price][OrderId:167b4043-a4ab-49d3-ab30-848a284eadd9 , Price: 0.0]
2026-03-18 10:03:12.849  INFO 1 --- [io-12031-exec-9] order.controller.OrderController         : [createNewOrder][Create Order][from shanghai to taiyuan at 1970-01-02 18:17:36]
2026-03-18 10:03:12.849  INFO 1 --- [io-12031-exec-9] order.service.OrderServiceImpl           : [create][Create Order][Ready to Create Order]
2026-03-18 10:03:12.868  INFO 1 --- [io-12031-exec-9] order.service.OrderServiceImpl           : [create][Order Create Success][Order Price][OrderId:aa0a2046-462f-4d48-bdd4-8c987a53cda5 , Price: 0.0]
2026-03-18 10:03:13.143  INFO 1 --- [io-12031-exec-1] order.controller.OrderController         : [createNewOrder][Create Order][from shanghai to taiyuan at 1970-01-02 18:17:36]
2026-03-18 10:03:13.143  INFO 1 --- [io-12031-exec-1] order.service.OrderServiceImpl           : [create][Create Order][Ready to Create Order]
2026-03-18 10:03:13.176  INFO 1 --- [io-12031-exec-1] order.service.OrderServiceImpl           : [create][Order Create Success][Order Price][OrderId:a0f8ec32-11fc-452c-959c-a6bc24d47e95 , Price: 0.0]
2026-03-18 10:03:13.462  INFO 1 --- [io-12031-exec-3] order.controller.OrderController         : [createNewOrder][Create Order][from shanghai to taiyuan at 1970-01-02 18:17:36]
2026-03-18 10:03:13.462  INFO 1 --- [io-12031-exec-3] order.service.OrderServiceImpl           : [create][Create Order][Ready to Create Order]
2026-03-18 10:03:13.482  INFO 1 --- [io-12031-exec-3] order.service.OrderServiceImpl           : [create][Order Create Success][Order Price][OrderId:f034b5a3-3eb8-4aa7-96d4-aa9ac4d1ba15 , Price: 0.0]
2026-03-18 10:03:13.758  INFO 1 --- [io-12031-exec-2] order.controller.OrderController         : [createNewOrder][Create Order][from shanghai to taiyuan at 1970-01-02 18:17:36]
2026-03-18 10:03:13.759  INFO 1 --- [io-12031-exec-2] order.service.OrderServiceImpl           : [create][Create Order][Ready to Create Order]
2026-03-18 10:03:13.778  INFO 1 --- [io-12031-exec-2] order.service.OrderServiceImpl           : [create][Order Create Success][Order Price][OrderId:4a72d50b-c596-4ec1-9c7b-ea9ae7001fb2 , Price: 0.0]
2026-03-18 10:03:14.050  INFO 1 --- [io-12031-exec-5] order.controller.OrderController         : [createNewOrder][Create Order][from shanghai to taiyuan at 1970-01-02 18:17:36]
2026-03-18 10:03:14.050  INFO 1 --- [io-12031-exec-5] order.service.OrderServiceImpl           : [create][Create Order][Ready to Create Order]
2026-03-18 10:03:14.068  INFO 1 --- [io-12031-exec-5] order.service.OrderServiceImpl           : [create][Order Create Success][Order Price][OrderId:892e4fc5-a195-4881-b66d-0f84389e98a2 , Price: 0.0]
2026-03-18 10:03:14.344  INFO 1 --- [io-12031-exec-4] order.controller.OrderController         : [createNewOrder][Create Order][from shanghai to taiyuan at 1970-01-02 18:17:36]
2026-03-18 10:03:14.344  INFO 1 --- [io-12031-exec-4] order.service.OrderServiceImpl           : [create][Create Order][Ready to Create Order]
2026-03-18 10:03:14.366  INFO 1 --- [io-12031-exec-4] order.service.OrderServiceImpl           : [create][Order Create Success][Order Price][OrderId:8e07f83c-5e1f-43b7-b32b-1037a93852c0 , Price: 0.0]
2026-03-18 10:03:14.646  INFO 1 --- [io-12031-exec-6] order.controller.OrderController         : [createNewOrder][Create Order][from shanghai to taiyuan at 1970-01-02 18:17:36]
2026-03-18 10:03:14.646  INFO 1 --- [io-12031-exec-6] order.service.OrderServiceImpl           : [create][Create Order][Ready to Create Order]
2026-03-18 10:03:14.665  INFO 1 --- [io-12031-exec-6] order.service.OrderServiceImpl           : [create][Order Create Success][Order Price][OrderId:4a92cd91-27cd-4833-a063-6c10ec6af1a4 , Price: 0.0]
2026-03-18 10:03:14.942  INFO 1 --- [io-12031-exec-7] order.controller.OrderController         : [createNewOrder][Create Order][from shanghai to taiyuan at 1970-01-02 18:17:36]
2026-03-18 10:03:14.942  INFO 1 --- [io-12031-exec-7] order.service.OrderServiceImpl           : [create][Create Order][Ready to Create Order]
2026-03-18 10:03:15.072  INFO 1 --- [io-12031-exec-7] order.service.OrderServiceImpl           : [create][Order Create Success][Order Price][OrderId:c33f951f-16e7-4385-858c-dc45d466b6b5 , Price: 0.0]
2026-03-18 10:03:15.342  INFO 1 --- [io-12031-exec-8] order.controller.OrderController         : [createNewOrder][Create Order][from shanghai to taiyuan at 1970-01-02 18:17:36]
2026-03-18 10:03:15.342  INFO 1 --- [io-12031-exec-8] order.service.OrderServiceImpl           : [create][Create Order][Ready to Create Order]
2026-03-18 10:03:15.362  INFO 1 --- [io-12031-exec-8] order.service.OrderServiceImpl           : [create][Order Create Success][Order Price][OrderId:73baabff-0f20-4669-a87f-3694eea4eacf , Price: 0.0]
2026-03-18 10:03:15.647  INFO 1 --- [o-12031-exec-10] order.controller.OrderController         : [createNewOrder][Create Order][from shanghai to taiyuan at 1970-01-02 18:17:36]
2026-03-18 10:03:15.647  INFO 1 --- [o-12031-exec-10] order.service.OrderServiceImpl           : [create][Create Order][Ready to Create Order]
2026-03-18 10:03:15.666  INFO 1 --- [o-12031-exec-10] order.service.OrderServiceImpl           : [create][Order Create Success][Order Price][OrderId:057b635d-4e22-401b-8617-96021959aed4 , Price: 0.0]
2026-03-18 10:03:15.938  INFO 1 --- [io-12031-exec-9] order.controller.OrderController         : [createNewOrder][Create Order][from shanghai to taiyuan at 1970-01-02 18:17:36]
2026-03-18 10:03:15.938  INFO 1 --- [io-12031-exec-9] order.service.OrderServiceImpl           : [create][Create Order][Ready to Create Order]
2026-03-18 10:03:15.956  INFO 1 --- [io-12031-exec-9] order.service.OrderServiceImpl           : [create][Order Create Success][Order Price][OrderId:ccbb8f4d-e366-49b7-b513-bbbaffb21a15 , Price: 0.0]
2026-03-18 10:03:16.236  INFO 1 --- [io-12031-exec-1] order.controller.OrderController         : [createNewOrder][Create Order][from shanghai to taiyuan at 1970-01-02 18:17:36]
2026-03-18 10:03:16.236  INFO 1 --- [io-12031-exec-1] order.service.OrderServiceImpl           : [create][Create Order][Ready to Create Order]
2026-03-18 10:03:16.254  INFO 1 --- [io-12031-exec-1] order.service.OrderServiceImpl           : [create][Order Create Success][Order Price][OrderId:cfcbcf01-eb2e-467b-b92d-d44e8ba17361 , Price: 0.0]
2026-03-18 10:03:16.539  INFO 1 --- [io-12031-exec-3] order.controller.OrderController         : [createNewOrder][Create Order][from shanghai to taiyuan at 1970-01-02 18:17:36]
2026-03-18 10:03:16.539  INFO 1 --- [io-12031-exec-3] order.service.OrderServiceImpl           : [create][Create Order][Ready to Create Order]
2026-03-18 10:03:16.561  INFO 1 --- [io-12031-exec-3] order.service.OrderServiceImpl           : [create][Order Create Success][Order Price][OrderId:0209d6b1-6bcd-412e-8aa0-ec19784d1347 , Price: 0.0]
2026-03-18 10:03:16.840  INFO 1 --- [io-12031-exec-2] order.controller.OrderController         : [createNewOrder][Create Order][from shanghai to taiyuan at 1970-01-02 18:17:36]
2026-03-18 10:03:16.840  INFO 1 --- [io-12031-exec-2] order.service.OrderServiceImpl           : [create][Create Order][Ready to Create Order]
2026-03-18 10:03:16.991  INFO 1 --- [io-12031-exec-2] order.service.OrderServiceImpl           : [create][Order Create Success][Order Price][OrderId:ea878c06-7cec-4a5d-8a2e-a5d7773c2ed6 , Price: 0.0]
2026-03-18 10:03:17.252  INFO 1 --- [io-12031-exec-5] order.controller.OrderController         : [createNewOrder][Create Order][from shanghai to taiyuan at 1970-01-02 18:17:36]
2026-03-18 10:03:17.252  INFO 1 --- [io-12031-exec-5] order.service.OrderServiceImpl           : [create][Create Order][Ready to Create Order]
2026-03-18 10:03:17.271  INFO 1 --- [io-12031-exec-5] order.service.OrderServiceImpl           : [create][Order Create Success][Order Price][OrderId:6da7c263-3e93-4fbe-ab4e-c5b9929cc5ed , Price: 0.0]
2026-03-18 10:03:17.552  INFO 1 --- [io-12031-exec-4] order.controller.OrderController         : [createNewOrder][Create Order][from shanghai to taiyuan at 1970-01-02 18:17:36]
2026-03-18 10:03:17.552  INFO 1 --- [io-12031-exec-4] order.service.OrderServiceImpl           : [create][Create Order][Ready to Create Order]
2026-03-18 10:03:17.570  INFO 1 --- [io-12031-exec-4] order.service.OrderServiceImpl           : [create][Order Create Success][Order Price][OrderId:ab88ed9c-fa63-40f6-96c1-a2a438bb1315 , Price: 0.0]
2026-03-18 10:03:17.841  INFO 1 --- [io-12031-exec-6] order.controller.OrderController         : [createNewOrder][Create Order][from shanghai to taiyuan at 1970-01-02 18:17:36]
2026-03-18 10:03:17.841  INFO 1 --- [io-12031-exec-6] order.service.OrderServiceImpl           : [create][Create Order][Ready to Create Order]
2026-03-18 10:03:17.861  INFO 1 --- [io-12031-exec-6] order.service.OrderServiceImpl           : [create][Order Create Success][Order Price][OrderId:42ae8012-62a1-473e-9afe-43acdcba724c , Price: 0.0]
2026-03-18 10:03:18.140  INFO 1 --- [io-12031-exec-7] order.controller.OrderController         : [createNewOrder][Create Order][from shanghai to taiyuan at 1970-01-02 18:17:36]
2026-03-18 10:03:18.140  INFO 1 --- [io-12031-exec-7] order.service.OrderServiceImpl           : [create][Create Order][Ready to Create Order]
2026-03-18 10:03:18.156  INFO 1 --- [io-12031-exec-7] order.service.OrderServiceImpl           : [create][Order Create Success][Order Price][OrderId:ae50bc82-74bd-4834-be74-b55364ca3464 , Price: 0.0]
2026-03-18 10:03:18.451  INFO 1 --- [io-12031-exec-8] order.controller.OrderController         : [createNewOrder][Create Order][from shanghai to taiyuan at 1970-01-02 18:17:36]
2026-03-18 10:03:18.451  INFO 1 --- [io-12031-exec-8] order.service.OrderServiceImpl           : [create][Create Order][Ready to Create Order]
2026-03-18 10:03:18.473  INFO 1 --- [io-12031-exec-8] order.service.OrderServiceImpl           : [create][Order Create Success][Order Price][OrderId:2d541749-baff-4cbf-9680-37ca7d0b70d8 , Price: 0.0]
2026-03-18 10:03:18.752  INFO 1 --- [o-12031-exec-10] order.controller.OrderController         : [createNewOrder][Create Order][from shanghai to taiyuan at 1970-01-02 18:17:36]
2026-03-18 10:03:18.752  INFO 1 --- [o-12031-exec-10] order.service.OrderServiceImpl           : [create][Create Order][Ready to Create Order]
2026-03-18 10:03:18.873  INFO 1 --- [o-12031-exec-10] order.service.OrderServiceImpl           : [create][Order Create Success][Order Price][OrderId:d273474f-101e-4dc4-89d8-3dfb4b89da96 , Price: 0.0]
2026-03-18 10:03:19.162  INFO 1 --- [io-12031-exec-9] order.controller.OrderController         : [createNewOrder][Create Order][from shanghai to taiyuan at 1970-01-02 18:17:36]
2026-03-18 10:03:19.162  INFO 1 --- [io-12031-exec-9] order.service.OrderServiceImpl           : [create][Create Order][Ready to Create Order]
2026-03-18 10:03:19.181  INFO 1 --- [io-12031-exec-9] order.service.OrderServiceImpl           : [create][Order Create Success][Order Price][OrderId:12abeb44-4387-4fe4-9cb3-d47307caae16 , Price: 0.0]
2026-03-18 10:03:19.456  INFO 1 --- [io-12031-exec-1] order.controller.OrderController         : [createNewOrder][Create Order][from shanghai to taiyuan at 1970-01-02 18:17:36]
2026-03-18 10:03:19.456  INFO 1 --- [io-12031-exec-1] order.service.OrderServiceImpl           : [create][Create Order][Ready to Create Order]
2026-03-18 10:03:19.475  INFO 1 --- [io-12031-exec-1] order.service.OrderServiceImpl           : [create][Order Create Success][Order Price][OrderId:4aa0b131-ca20-4fa6-b04a-51402c752e8c , Price: 0.0]
2026-03-18 10:03:19.748  INFO 1 --- [io-12031-exec-3] order.controller.OrderController         : [createNewOrder][Create Order][from shanghai to taiyuan at 1970-01-02 18:17:36]
2026-03-18 10:03:19.748  INFO 1 --- [io-12031-exec-3] order.service.OrderServiceImpl           : [create][Create Order][Ready to Create Order]
2026-03-18 10:03:19.766  INFO 1 --- [io-12031-exec-3] order.service.OrderServiceImpl           : [create][Order Create Success][Order Price][OrderId:bfaae016-286b-419e-a483-9c626748c49a , Price: 0.0]
2026-03-18 10:03:20.043  INFO 1 --- [io-12031-exec-2] order.controller.OrderController         : [createNewOrder][Create Order][from shanghai to taiyuan at 1970-01-02 18:17:36]
2026-03-18 10:03:20.044  INFO 1 --- [io-12031-exec-2] order.service.OrderServiceImpl           : [create][Create Order][Ready to Create Order]
2026-03-18 10:03:20.063  INFO 1 --- [io-12031-exec-2] order.service.OrderServiceImpl           : [create][Order Create Success][Order Price][OrderId:7b177008-fb6c-40e2-8551-d55b54244efd , Price: 0.0]
2026-03-18 10:03:20.343  INFO 1 --- [io-12031-exec-5] order.controller.OrderController         : [createNewOrder][Create Order][from shanghai to taiyuan at 1970-01-02 18:17:36]
2026-03-18 10:03:20.343  INFO 1 --- [io-12031-exec-5] order.service.OrderServiceImpl           : [create][Create Order][Ready to Create Order]
2026-03-18 10:03:20.369  INFO 1 --- [io-12031-exec-5] order.service.OrderServiceImpl           : [create][Order Create Success][Order Price][OrderId:dd640993-e2c2-44e2-8b62-fac004e691ec , Price: 0.0]
2026-03-18 10:03:20.653  INFO 1 --- [io-12031-exec-4] order.controller.OrderController         : [createNewOrder][Create Order][from shanghai to taiyuan at 1970-01-02 18:17:36]
2026-03-18 10:03:20.653  INFO 1 --- [io-12031-exec-4] order.service.OrderServiceImpl           : [create][Create Order][Ready to Create Order]
2026-03-18 10:03:20.773  INFO 1 --- [io-12031-exec-4] order.service.OrderServiceImpl           : [create][Order Create Success][Order Price][OrderId:da328c9b-2d33-4df2-9ecc-eb77afd1c5d8 , Price: 0.0]
2026-03-18 10:03:21.055  INFO 1 --- [io-12031-exec-6] order.controller.OrderController         : [createNewOrder][Create Order][from shanghai to taiyuan at 1970-01-02 18:17:36]
2026-03-18 10:03:21.055  INFO 1 --- [io-12031-exec-6] order.service.OrderServiceImpl           : [create][Create Order][Ready to Create Order]
2026-03-18 10:03:21.073  INFO 1 --- [io-12031-exec-6] order.service.OrderServiceImpl           : [create][Order Create Success][Order Price][OrderId:9287c87a-f57c-4ad8-937c-0a3ed92198b1 , Price: 0.0]
2026-03-18 10:03:21.349  INFO 1 --- [io-12031-exec-8] order.controller.OrderController         : [createNewOrder][Create Order][from shanghai to taiyuan at 1970-01-02 18:17:36]
2026-03-18 10:03:21.349  INFO 1 --- [io-12031-exec-8] order.service.OrderServiceImpl           : [create][Create Order][Ready to Create Order]
2026-03-18 10:03:21.368  INFO 1 --- [io-12031-exec-8] order.service.OrderServiceImpl           : [create][Order Create Success][Order Price][OrderId:00b08184-aafb-4231-8588-69b39722c787 , Price: 0.0]
2026-03-18 10:03:21.650  INFO 1 --- [o-12031-exec-10] order.controller.OrderController         : [createNewOrder][Create Order][from shanghai to taiyuan at 1970-01-02 18:17:36]
2026-03-18 10:03:21.650  INFO 1 --- [o-12031-exec-10] order.service.OrderServiceImpl           : [create][Create Order][Ready to Create Order]
2026-03-18 10:03:21.669  INFO 1 --- [o-12031-exec-10] order.service.OrderServiceImpl           : [create][Order Create Success][Order Price][OrderId:af0c0d06-9c50-4ca2-a14a-d9382687a12d , Price: 0.0]
2026-03-18 10:03:21.942  INFO 1 --- [io-12031-exec-9] order.controller.OrderController         : [createNewOrder][Create Order][from shanghai to taiyuan at 1970-01-02 18:17:36]
2026-03-18 10:03:21.942  INFO 1 --- [io-12031-exec-9] order.service.OrderServiceImpl           : [create][Create Order][Ready to Create Order]
2026-03-18 10:03:21.961  INFO 1 --- [io-12031-exec-9] order.service.OrderServiceImpl           : [create][Order Create Success][Order Price][OrderId:7c24e1a8-ea6c-4114-b1b3-89af405bcf7d , Price: 0.0]
2026-03-18 10:03:22.247  INFO 1 --- [io-12031-exec-1] order.controller.OrderController         : [createNewOrder][Create Order][from shanghai to taiyuan at 1970-01-02 18:17:36]
2026-03-18 10:03:22.247  INFO 1 --- [io-12031-exec-1] order.service.OrderServiceImpl           : [create][Create Order][Ready to Create Order]
2026-03-18 10:03:22.279  INFO 1 --- [io-12031-exec-1] order.service.OrderServiceImpl           : [create][Order Create Success][Order Price][OrderId:cbb8ea05-ce5e-457a-90e6-74665660e268 , Price: 0.0]
2026-03-18 10:03:22.564  INFO 1 --- [io-12031-exec-3] order.controller.OrderController         : [createNewOrder][Create Order][from shanghai to taiyuan at 1970-01-02 18:17:36]
2026-03-18 10:03:22.564  INFO 1 --- [io-12031-exec-3] order.service.OrderServiceImpl           : [create][Create Order][Ready to Create Order]
2026-03-18 10:03:22.583  INFO 1 --- [io-12031-exec-3] order.service.OrderServiceImpl           : [create][Order Create Success][Order Price][OrderId:71972c60-af13-4be0-a633-5b740b82fcde , Price: 0.0]
2026-03-18 10:03:22.859  INFO 1 --- [io-12031-exec-2] order.controller.OrderController         : [createNewOrder][Create Order][from shanghai to taiyuan at 1970-01-02 18:17:36]
2026-03-18 10:03:22.859  INFO 1 --- [io-12031-exec-2] order.service.OrderServiceImpl           : [create][Create Order][Ready to Create Order]
2026-03-18 10:03:22.877  INFO 1 --- [io-12031-exec-2] order.service.OrderServiceImpl           : [create][Order Create Success][Order Price][OrderId:d1029110-234c-478c-867c-f92a8efc1d77 , Price: 0.0]
2026-03-18 10:03:23.158  INFO 1 --- [io-12031-exec-5] order.controller.OrderController         : [createNewOrder][Create Order][from shanghai to taiyuan at 1970-01-02 18:17:36]
2026-03-18 10:03:23.158  INFO 1 --- [io-12031-exec-5] order.service.OrderServiceImpl           : [create][Create Order][Ready to Create Order]
2026-03-18 10:03:23.177  INFO 1 --- [io-12031-exec-5] order.service.OrderServiceImpl           : [create][Order Create Success][Order Price][OrderId:ad77d876-55d9-40ff-92ee-d178975cc719 , Price: 0.0]
2026-03-18 10:03:23.461  INFO 1 --- [io-12031-exec-4] order.controller.OrderController         : [createNewOrder][Create Order][from shanghai to taiyuan at 1970-01-02 18:17:36]
2026-03-18 10:03:23.461  INFO 1 --- [io-12031-exec-4] order.service.OrderServiceImpl           : [create][Create Order][Ready to Create Order]
2026-03-18 10:03:23.477  INFO 1 --- [io-12031-exec-4] order.service.OrderServiceImpl           : [create][Order Create Success][Order Price][OrderId:a1def93b-481f-4a60-a80d-a1370f41415f , Price: 0.0]
2026-03-18 10:03:23.759  INFO 1 --- [io-12031-exec-6] order.controller.OrderController         : [createNewOrder][Create Order][from shanghai to taiyuan at 1970-01-02 18:17:36]
2026-03-18 10:03:23.759  INFO 1 --- [io-12031-exec-6] order.service.OrderServiceImpl           : [create][Create Order][Ready to Create Order]
2026-03-18 10:03:23.777  INFO 1 --- [io-12031-exec-6] order.service.OrderServiceImpl           : [create][Order Create Success][Order Price][OrderId:eb420b77-1b8d-4640-b0cc-96824950b8db , Price: 0.0]
2026-03-18 10:03:24.057  INFO 1 --- [io-12031-exec-7] order.controller.OrderController         : [createNewOrder][Create Order][from shanghai to taiyuan at 1970-01-02 18:17:36]
2026-03-18 10:03:24.057  INFO 1 --- [io-12031-exec-7] order.service.OrderServiceImpl           : [create][Create Order][Ready to Create Order]
2026-03-18 10:03:24.187  INFO 1 --- [io-12031-exec-7] order.service.OrderServiceImpl           : [create][Order Create Success][Order Price][OrderId:d0dee120-5445-4d52-a052-68c5d637ffe1 , Price: 0.0]
2026-03-18 10:03:24.462  INFO 1 --- [io-12031-exec-8] order.controller.OrderController         : [createNewOrder][Create Order][from shanghai to taiyuan at 1970-01-02 18:17:36]
2026-03-18 10:03:24.462  INFO 1 --- [io-12031-exec-8] order.service.OrderServiceImpl           : [create][Create Order][Ready to Create Order]
2026-03-18 10:03:24.481  INFO 1 --- [io-12031-exec-8] order.service.OrderServiceImpl           : [create][Order Create Success][Order Price][OrderId:075fea65-4ebc-483b-bbfe-2a4a36937015 , Price: 0.0]
2026-03-18 10:03:24.760  INFO 1 --- [o-12031-exec-10] order.controller.OrderController         : [createNewOrder][Create Order][from shanghai to taiyuan at 1970-01-02 18:17:36]
2026-03-18 10:03:24.760  INFO 1 --- [o-12031-exec-10] order.service.OrderServiceImpl           : [create][Create Order][Ready to Create Order]
2026-03-18 10:03:24.779  INFO 1 --- [o-12031-exec-10] order.service.OrderServiceImpl           : [create][Order Create Success][Order Price][OrderId:df35e15c-d1d4-48a5-b7c9-a220d6f0ff64 , Price: 0.0]
2026-03-18 10:03:25.067  INFO 1 --- [io-12031-exec-9] order.controller.OrderController         : [createNewOrder][Create Order][from shanghai to taiyuan at 1970-01-02 18:17:36]
2026-03-18 10:03:25.067  INFO 1 --- [io-12031-exec-9] order.service.OrderServiceImpl           : [create][Create Order][Ready to Create Order]
2026-03-18 10:03:25.086  INFO 1 --- [io-12031-exec-9] order.service.OrderServiceImpl           : [create][Order Create Success][Order Price][OrderId:88afd4d6-fb06-4b6f-93a4-7a90232998a0 , Price: 0.0]
2026-03-18 10:03:25.368  INFO 1 --- [io-12031-exec-1] order.controller.OrderController         : [createNewOrder][Create Order][from shanghai to taiyuan at 1970-01-02 18:17:36]
2026-03-18 10:03:25.368  INFO 1 --- [io-12031-exec-1] order.service.OrderServiceImpl           : [create][Create Order][Ready to Create Order]
2026-03-18 10:03:25.388  INFO 1 --- [io-12031-exec-1] order.service.OrderServiceImpl           : [create][Order Create Success][Order Price][OrderId:c2fe978e-b5b9-46ad-b757-a145a9519109 , Price: 0.0]
2026-03-18 10:03:25.663  INFO 1 --- [io-12031-exec-3] order.controller.OrderController         : [createNewOrder][Create Order][from shanghai to taiyuan at 1970-01-02 18:17:36]
2026-03-18 10:03:25.663  INFO 1 --- [io-12031-exec-3] order.service.OrderServiceImpl           : [create][Create Order][Ready to Create Order]
2026-03-18 10:03:25.682  INFO 1 --- [io-12031-exec-3] order.service.OrderServiceImpl           : [create][Order Create Success][Order Price][OrderId:a29b2ba7-e257-401c-9c21-007318f921c5 , Price: 0.0]
2026-03-18 10:03:25.958  INFO 1 --- [io-12031-exec-2] order.controller.OrderController         : [createNewOrder][Create Order][from shanghai to taiyuan at 1970-01-02 18:17:36]
2026-03-18 10:03:25.959  INFO 1 --- [io-12031-exec-2] order.service.OrderServiceImpl           : [create][Create Order][Ready to Create Order]
2026-03-18 10:03:26.187  INFO 1 --- [io-12031-exec-2] order.service.OrderServiceImpl           : [create][Order Create Success][Order Price][OrderId:960d0b17-3377-4c38-9907-4ca39f0bb620 , Price: 0.0]
2026-03-18 10:03:26.464  INFO 1 --- [io-12031-exec-5] order.controller.OrderController         : [createNewOrder][Create Order][from shanghai to taiyuan at 1970-01-02 18:17:36]
2026-03-18 10:03:26.464  INFO 1 --- [io-12031-exec-5] order.service.OrderServiceImpl           : [create][Create Order][Ready to Create Order]
2026-03-18 10:03:26.484  INFO 1 --- [io-12031-exec-5] order.service.OrderServiceImpl           : [create][Order Create Success][Order Price][OrderId:e208fa48-0435-459c-b2ad-903edce76e08 , Price: 0.0]
2026-03-18 10:03:26.761  INFO 1 --- [io-12031-exec-4] order.controller.OrderController         : [createNewOrder][Create Order][from shanghai to taiyuan at 1970-01-02 18:17:36]
2026-03-18 10:03:26.761  INFO 1 --- [io-12031-exec-4] order.service.OrderServiceImpl           : [create][Create Order][Ready to Create Order]
2026-03-18 10:03:26.780  INFO 1 --- [io-12031-exec-4] order.service.OrderServiceImpl           : [create][Order Create Success][Order Price][OrderId:0d762a76-f80a-44fb-be3c-ead82fe1b1fe , Price: 0.0]
2026-03-18 10:03:27.051  INFO 1 --- [io-12031-exec-6] order.controller.OrderController         : [createNewOrder][Create Order][from shanghai to taiyuan at 1970-01-02 18:17:36]
2026-03-18 10:03:27.051  INFO 1 --- [io-12031-exec-6] order.service.OrderServiceImpl           : [create][Create Order][Ready to Create Order]
2026-03-18 10:03:27.069  INFO 1 --- [io-12031-exec-6] order.service.OrderServiceImpl           : [create][Order Create Success][Order Price][OrderId:113d2476-7cdd-4f8d-ad46-d44eda5670ca , Price: 0.0]
2026-03-18 10:03:27.343  INFO 1 --- [io-12031-exec-7] order.controller.OrderController         : [createNewOrder][Create Order][from shanghai to taiyuan at 1970-01-02 18:17:36]
2026-03-18 10:03:27.343  INFO 1 --- [io-12031-exec-7] order.service.OrderServiceImpl           : [create][Create Order][Ready to Create Order]
2026-03-18 10:03:27.361  INFO 1 --- [io-12031-exec-7] order.service.OrderServiceImpl           : [create][Order Create Success][Order Price][OrderId:b6913864-5c79-4d8b-9d97-4f62f2eddc4e , Price: 0.0]
2026-03-18 10:03:27.652  INFO 1 --- [io-12031-exec-8] order.controller.OrderController         : [createNewOrder][Create Order][from shanghai to taiyuan at 1970-01-02 18:17:36]
2026-03-18 10:03:27.652  INFO 1 --- [io-12031-exec-8] order.service.OrderServiceImpl           : [create][Create Order][Ready to Create Order]
2026-03-18 10:03:27.671  INFO 1 --- [io-12031-exec-8] order.service.OrderServiceImpl           : [create][Order Create Success][Order Price][OrderId:2d56914c-41b7-4eed-9366-fec8b50f5521 , Price: 0.0]
2026-03-18 10:03:27.957  INFO 1 --- [o-12031-exec-10] order.controller.OrderController         : [createNewOrder][Create Order][from shanghai to taiyuan at 1970-01-02 18:17:36]
2026-03-18 10:03:27.957  INFO 1 --- [o-12031-exec-10] order.service.OrderServiceImpl           : [create][Create Order][Ready to Create Order]
2026-03-18 10:03:27.982  INFO 1 --- [o-12031-exec-10] order.service.OrderServiceImpl           : [create][Order Create Success][Order Price][OrderId:eaaf8eab-8225-4ba0-a6ec-22124224abe6 , Price: 0.0]
2026-03-18 10:03:28.261  INFO 1 --- [io-12031-exec-9] order.controller.OrderController         : [createNewOrder][Create Order][from shanghai to taiyuan at 1970-01-02 18:17:36]
2026-03-18 10:03:28.261  INFO 1 --- [io-12031-exec-9] order.service.OrderServiceImpl           : [create][Create Order][Ready to Create Order]
2026-03-18 10:03:28.282  INFO 1 --- [io-12031-exec-9] order.service.OrderServiceImpl           : [create][Order Create Success][Order Price][OrderId:f5fdfe0e-9d4f-426f-8d99-89ae03146842 , Price: 0.0]
2026-03-18 10:03:28.562  INFO 1 --- [io-12031-exec-1] order.controller.OrderController         : [createNewOrder][Create Order][from shanghai to taiyuan at 1970-01-02 18:17:36]
2026-03-18 10:03:28.562  INFO 1 --- [io-12031-exec-1] order.service.OrderServiceImpl           : [create][Create Order][Ready to Create Order]
2026-03-18 10:03:28.585  INFO 1 --- [io-12031-exec-1] order.service.OrderServiceImpl           : [create][Order Create Success][Order Price][OrderId:bf44f406-b5c8-40e3-9b54-2b6e79a86f64 , Price: 0.0]
2026-03-18 10:03:28.863  INFO 1 --- [io-12031-exec-3] order.controller.OrderController         : [createNewOrder][Create Order][from shanghai to taiyuan at 1970-01-02 18:17:36]
2026-03-18 10:03:28.864  INFO 1 --- [io-12031-exec-3] order.service.OrderServiceImpl           : [create][Create Order][Ready to Create Order]
2026-03-18 10:03:28.881  INFO 1 --- [io-12031-exec-3] order.service.OrderServiceImpl           : [create][Order Create Success][Order Price][OrderId:8b640cbf-1398-4edd-8dc6-2b3ab1a02d13 , Price: 0.0]
2026-03-18 10:03:29.235  INFO 1 --- [io-12031-exec-2] order.controller.OrderController         : [createNewOrder][Create Order][from shanghai to taiyuan at 1970-01-02 18:17:36]
2026-03-18 10:03:29.235  INFO 1 --- [io-12031-exec-2] order.service.OrderServiceImpl           : [create][Create Order][Ready to Create Order]
2026-03-18 10:03:29.253  INFO 1 --- [io-12031-exec-2] order.service.OrderServiceImpl           : [create][Order Create Success][Order Price][OrderId:900b34e9-c9f6-4b2a-a462-99c96f906dc7 , Price: 0.0]
2026-03-18 10:03:29.538  INFO 1 --- [io-12031-exec-5] order.controller.OrderController         : [createNewOrder][Create Order][from shanghai to taiyuan at 1970-01-02 18:17:36]
2026-03-18 10:03:29.538  INFO 1 --- [io-12031-exec-5] order.service.OrderServiceImpl           : [create][Create Order][Ready to Create Order]
2026-03-18 10:03:29.556  INFO 1 --- [io-12031-exec-5] order.service.OrderServiceImpl           : [create][Order Create Success][Order Price][OrderId:dcda7dad-6798-45d4-8066-8402ebbfd799 , Price: 0.0]
2026-03-18 10:03:29.837  INFO 1 --- [io-12031-exec-4] order.controller.OrderController         : [createNewOrder][Create Order][from shanghai to taiyuan at 1970-01-02 18:17:36]
2026-03-18 10:03:29.837  INFO 1 --- [io-12031-exec-4] order.service.OrderServiceImpl           : [create][Create Order][Ready to Create Order]
2026-03-18 10:03:29.878  INFO 1 --- [io-12031-exec-4] order.service.OrderServiceImpl           : [create][Order Create Success][Order Price][OrderId:072c3bf3-a34a-48db-9ec7-6232baafc7d1 , Price: 0.0]
2026-03-18 10:03:30.155  INFO 1 --- [io-12031-exec-6] order.controller.OrderController         : [createNewOrder][Create Order][from shanghai to taiyuan at 1970-01-02 18:17:36]
2026-03-18 10:03:30.155  INFO 1 --- [io-12031-exec-6] order.service.OrderServiceImpl           : [create][Create Order][Ready to Create Order]
2026-03-18 10:03:30.175  INFO 1 --- [io-12031-exec-6] order.service.OrderServiceImpl           : [create][Order Create Success][Order Price][OrderId:69742ec1-202c-4aa5-8eb3-cc7c1563d9b1 , Price: 0.0]
2026-03-18 10:03:30.450  INFO 1 --- [io-12031-exec-7] order.controller.OrderController         : [createNewOrder][Create Order][from shanghai to taiyuan at 1970-01-02 18:17:36]
2026-03-18 10:03:30.450  INFO 1 --- [io-12031-exec-7] order.service.OrderServiceImpl           : [create][Create Order][Ready to Create Order]
2026-03-18 10:03:30.473  INFO 1 --- [io-12031-exec-7] order.service.OrderServiceImpl           : [create][Order Create Success][Order Price][OrderId:6728e3d2-03d4-4b0e-b01b-0fb3527ac8a4 , Price: 0.0]
2026-03-18 10:03:30.749  INFO 1 --- [io-12031-exec-8] order.controller.OrderController         : [createNewOrder][Create Order][from shanghai to taiyuan at 1970-01-02 18:17:36]
2026-03-18 10:03:30.749  INFO 1 --- [io-12031-exec-8] order.service.OrderServiceImpl           : [create][Create Order][Ready to Create Order]
2026-03-18 10:03:30.769  INFO 1 --- [io-12031-exec-8] order.service.OrderServiceImpl           : [create][Order Create Success][Order Price][OrderId:310f5595-2f81-4c16-abc9-3ba527c6d7f4 , Price: 0.0]
2026-03-18 10:03:31.052  INFO 1 --- [o-12031-exec-10] order.controller.OrderController         : [createNewOrder][Create Order][from shanghai to taiyuan at 1970-01-02 18:17:36]
2026-03-18 10:03:31.052  INFO 1 --- [o-12031-exec-10] order.service.OrderServiceImpl           : [create][Create Order][Ready to Create Order]
2026-03-18 10:03:31.069  INFO 1 --- [o-12031-exec-10] order.service.OrderServiceImpl           : [create][Order Create Success][Order Price][OrderId:ba06a9ab-2a29-4d4c-ae33-cd7659316f91 , Price: 0.0]
2026-03-18 10:03:31.344  INFO 1 --- [io-12031-exec-1] order.controller.OrderController         : [createNewOrder][Create Order][from shanghai to taiyuan at 1970-01-02 18:17:36]
2026-03-18 10:03:31.344  INFO 1 --- [io-12031-exec-1] order.service.OrderServiceImpl           : [create][Create Order][Ready to Create Order]
2026-03-18 10:03:31.378  INFO 1 --- [io-12031-exec-1] order.service.OrderServiceImpl           : [create][Order Create Success][Order Price][OrderId:dc9be50b-0292-404c-83a1-67ac8807b2bf , Price: 0.0]
2026-03-18 10:03:31.657  INFO 1 --- [io-12031-exec-3] order.controller.OrderController         : [createNewOrder][Create Order][from shanghai to taiyuan at 1970-01-02 18:17:36]
2026-03-18 10:03:31.657  INFO 1 --- [io-12031-exec-3] order.service.OrderServiceImpl           : [create][Create Order][Ready to Create Order]
2026-03-18 10:03:31.674  INFO 1 --- [io-12031-exec-3] order.service.OrderServiceImpl           : [create][Order Create Success][Order Price][OrderId:73357561-35eb-468e-8625-dfe1ea1097d7 , Price: 0.0]
2026-03-18 10:03:31.959  INFO 1 --- [io-12031-exec-2] order.controller.OrderController         : [createNewOrder][Create Order][from shanghai to taiyuan at 1970-01-02 18:17:36]
2026-03-18 10:03:31.959  INFO 1 --- [io-12031-exec-2] order.service.OrderServiceImpl           : [create][Create Order][Ready to Create Order]
2026-03-18 10:03:31.976  INFO 1 --- [io-12031-exec-2] order.service.OrderServiceImpl           : [create][Order Create Success][Order Price][OrderId:0bafa0af-4617-4ac3-8213-54e02c848262 , Price: 0.0]
2026-03-18 10:03:32.261  INFO 1 --- [io-12031-exec-5] order.controller.OrderController         : [createNewOrder][Create Order][from shanghai to taiyuan at 1970-01-02 18:17:36]
2026-03-18 10:03:32.261  INFO 1 --- [io-12031-exec-5] order.service.OrderServiceImpl           : [create][Create Order][Ready to Create Order]
2026-03-18 10:03:32.280  INFO 1 --- [io-12031-exec-5] order.service.OrderServiceImpl           : [create][Order Create Success][Order Price][OrderId:f5b7d855-22d0-4893-9b6b-5d4407b0d572 , Price: 0.0]
2026-03-18 10:03:32.562  INFO 1 --- [io-12031-exec-4] order.controller.OrderController         : [createNewOrder][Create Order][from shanghai to taiyuan at 1970-01-02 18:17:36]
2026-03-18 10:03:32.562  INFO 1 --- [io-12031-exec-4] order.service.OrderServiceImpl           : [create][Create Order][Ready to Create Order]
2026-03-18 10:03:32.581  INFO 1 --- [io-12031-exec-4] order.service.OrderServiceImpl           : [create][Order Create Success][Order Price][OrderId:524082c2-4aff-4097-829f-e33d24df8f55 , Price: 0.0]
2026-03-18 10:03:32.863  INFO 1 --- [io-12031-exec-6] order.controller.OrderController         : [createNewOrder][Create Order][from shanghai to taiyuan at 1970-01-02 18:17:36]
2026-03-18 10:03:32.863  INFO 1 --- [io-12031-exec-6] order.service.OrderServiceImpl           : [create][Create Order][Ready to Create Order]
2026-03-18 10:03:32.882  INFO 1 --- [io-12031-exec-6] order.service.OrderServiceImpl           : [create][Order Create Success][Order Price][OrderId:0478e2d2-09a4-4050-b464-4b8dcdfd6a91 , Price: 0.0]
2026-03-18 10:03:33.162  INFO 1 --- [io-12031-exec-7] order.controller.OrderController         : [createNewOrder][Create Order][from shanghai to taiyuan at 1970-01-02 18:17:36]
2026-03-18 10:03:33.162  INFO 1 --- [io-12031-exec-7] order.service.OrderServiceImpl           : [create][Create Order][Ready to Create Order]
2026-03-18 10:03:33.377  INFO 1 --- [io-12031-exec-7] order.service.OrderServiceImpl           : [create][Order Create Success][Order Price][OrderId:3ddf5040-1978-476f-b186-260f56bcb02a , Price: 0.0]
2026-03-18 10:03:33.657  INFO 1 --- [io-12031-exec-8] order.controller.OrderController         : [createNewOrder][Create Order][from shanghai to taiyuan at 1970-01-02 18:17:36]
2026-03-18 10:03:33.657  INFO 1 --- [io-12031-exec-8] order.service.OrderServiceImpl           : [create][Create Order][Ready to Create Order]
2026-03-18 10:03:33.675  INFO 1 --- [io-12031-exec-8] order.service.OrderServiceImpl           : [create][Order Create Success][Order Price][OrderId:978e3c2c-2937-49d1-a215-21d2cc291eb9 , Price: 0.0]
2026-03-18 10:03:33.950  INFO 1 --- [o-12031-exec-10] order.controller.OrderController         : [createNewOrder][Create Order][from shanghai to taiyuan at 1970-01-02 18:17:36]
2026-03-18 10:03:33.950  INFO 1 --- [o-12031-exec-10] order.service.OrderServiceImpl           : [create][Create Order][Ready to Create Order]
2026-03-18 10:03:33.969  INFO 1 --- [o-12031-exec-10] order.service.OrderServiceImpl           : [create][Order Create Success][Order Price][OrderId:98e0789c-3061-4e8a-9bb9-09720bef3e1b , Price: 0.0]
2026-03-18 10:03:34.252  INFO 1 --- [io-12031-exec-9] order.controller.OrderController         : [createNewOrder][Create Order][from shanghai to taiyuan at 1970-01-02 18:17:36]
2026-03-18 10:03:34.252  INFO 1 --- [io-12031-exec-9] order.service.OrderServiceImpl           : [create][Create Order][Ready to Create Order]
2026-03-18 10:03:34.273  INFO 1 --- [io-12031-exec-9] order.service.OrderServiceImpl           : [create][Order Create Success][Order Price][OrderId:a1fda7c4-3ba7-4d04-8e80-702634abf33b , Price: 0.0]
2026-03-18 10:03:34.561  INFO 1 --- [io-12031-exec-1] order.controller.OrderController         : [createNewOrder][Create Order][from shanghai to taiyuan at 1970-01-02 18:17:36]
2026-03-18 10:03:34.561  INFO 1 --- [io-12031-exec-1] order.service.OrderServiceImpl           : [create][Create Order][Ready to Create Order]
2026-03-18 10:03:34.579  INFO 1 --- [io-12031-exec-1] order.service.OrderServiceImpl           : [create][Order Create Success][Order Price][OrderId:5942fe22-66d6-4422-bbe8-f6ecf62326cd , Price: 0.0]
2026-03-18 10:03:34.858  INFO 1 --- [io-12031-exec-3] order.controller.OrderController         : [createNewOrder][Create Order][from shanghai to taiyuan at 1970-01-02 18:17:36]
2026-03-18 10:03:34.858  INFO 1 --- [io-12031-exec-3] order.service.OrderServiceImpl           : [create][Create Order][Ready to Create Order]
2026-03-18 10:03:34.877  INFO 1 --- [io-12031-exec-3] order.service.OrderServiceImpl           : [create][Order Create Success][Order Price][OrderId:da9eec1d-8f79-42d5-a75d-9323195c41e4 , Price: 0.0]
2026-03-18 10:03:35.159  INFO 1 --- [io-12031-exec-2] order.controller.OrderController         : [createNewOrder][Create Order][from shanghai to taiyuan at 1970-01-02 18:17:36]
2026-03-18 10:03:35.159  INFO 1 --- [io-12031-exec-2] order.service.OrderServiceImpl           : [create][Create Order][Ready to Create Order]
2026-03-18 10:03:35.186  INFO 1 --- [io-12031-exec-2] order.service.OrderServiceImpl           : [create][Order Create Success][Order Price][OrderId:c9243966-c95e-47ca-9495-89993c628a44 , Price: 0.0]
2026-03-18 10:03:35.464  INFO 1 --- [io-12031-exec-5] order.controller.OrderController         : [createNewOrder][Create Order][from shanghai to taiyuan at 1970-01-02 18:17:36]
2026-03-18 10:03:35.464  INFO 1 --- [io-12031-exec-5] order.service.OrderServiceImpl           : [create][Create Order][Ready to Create Order]
2026-03-18 10:03:35.484  INFO 1 --- [io-12031-exec-5] order.service.OrderServiceImpl           : [create][Order Create Success][Order Price][OrderId:1b022b33-f079-4369-be7a-3263161dbf92 , Price: 0.0]
2026-03-18 10:03:35.757  INFO 1 --- [io-12031-exec-4] order.controller.OrderController         : [createNewOrder][Create Order][from shanghai to taiyuan at 1970-01-02 18:17:36]
2026-03-18 10:03:35.757  INFO 1 --- [io-12031-exec-4] order.service.OrderServiceImpl           : [create][Create Order][Ready to Create Order]
2026-03-18 10:03:35.776  INFO 1 --- [io-12031-exec-4] order.service.OrderServiceImpl           : [create][Order Create Success][Order Price][OrderId:812882ff-e576-4ab6-b56e-8b5a65989339 , Price: 0.0]
2026-03-18 10:03:36.050  INFO 1 --- [io-12031-exec-6] order.controller.OrderController         : [createNewOrder][Create Order][from shanghai to taiyuan at 1970-01-02 18:17:36]
2026-03-18 10:03:36.050  INFO 1 --- [io-12031-exec-6] order.service.OrderServiceImpl           : [create][Create Order][Ready to Create Order]
2026-03-18 10:03:36.069  INFO 1 --- [io-12031-exec-6] order.service.OrderServiceImpl           : [create][Order Create Success][Order Price][OrderId:968cbcf3-3609-4e0b-974b-9bc12f1f4d45 , Price: 0.0]
2026-03-18 10:03:36.359  INFO 1 --- [io-12031-exec-7] order.controller.OrderController         : [createNewOrder][Create Order][from shanghai to taiyuan at 1970-01-02 18:17:36]
2026-03-18 10:03:36.359  INFO 1 --- [io-12031-exec-7] order.service.OrderServiceImpl           : [create][Create Order][Ready to Create Order]
2026-03-18 10:03:36.379  INFO 1 --- [io-12031-exec-7] order.service.OrderServiceImpl           : [create][Order Create Success][Order Price][OrderId:a63260f0-1c8e-40c1-8074-ba828f72e0bb , Price: 0.0]
2026-03-18 10:03:36.653  INFO 1 --- [io-12031-exec-8] order.controller.OrderController         : [createNewOrder][Create Order][from shanghai to taiyuan at 1970-01-02 18:17:36]
2026-03-18 10:03:36.653  INFO 1 --- [io-12031-exec-8] order.service.OrderServiceImpl           : [create][Create Order][Ready to Create Order]
2026-03-18 10:03:36.681  INFO 1 --- [io-12031-exec-8] order.service.OrderServiceImpl           : [create][Order Create Success][Order Price][OrderId:761d9332-e7b5-4695-ab96-33e6c3ec70b8 , Price: 0.0]
2026-03-18 10:03:36.960  INFO 1 --- [o-12031-exec-10] order.controller.OrderController         : [createNewOrder][Create Order][from shanghai to taiyuan at 1970-01-02 18:17:36]
2026-03-18 10:03:36.960  INFO 1 --- [o-12031-exec-10] order.service.OrderServiceImpl           : [create][Create Order][Ready to Create Order]
2026-03-18 10:03:36.980  INFO 1 --- [o-12031-exec-10] order.service.OrderServiceImpl           : [create][Order Create Success][Order Price][OrderId:ee532ace-b409-4f46-8686-e3bb7f749439 , Price: 0.0]
2026-03-18 10:03:37.259  INFO 1 --- [io-12031-exec-9] order.controller.OrderController         : [createNewOrder][Create Order][from shanghai to taiyuan at 1970-01-02 18:17:36]
2026-03-18 10:03:37.259  INFO 1 --- [io-12031-exec-9] order.service.OrderServiceImpl           : [create][Create Order][Ready to Create Order]
2026-03-18 10:03:37.281  INFO 1 --- [io-12031-exec-9] order.service.OrderServiceImpl           : [create][Order Create Success][Order Price][OrderId:4bf642b0-4f16-488d-b446-d6549b0aa31a , Price: 0.0]
2026-03-18 10:03:37.653  INFO 1 --- [io-12031-exec-1] order.controller.OrderController         : [createNewOrder][Create Order][from shanghai to taiyuan at 1970-01-02 18:17:36]
2026-03-18 10:03:37.653  INFO 1 --- [io-12031-exec-1] order.service.OrderServiceImpl           : [create][Create Order][Ready to Create Order]
2026-03-18 10:03:37.672  INFO 1 --- [io-12031-exec-1] order.service.OrderServiceImpl           : [create][Order Create Success][Order Price][OrderId:785f9e13-245a-4f0e-b02a-3a80125c05a3 , Price: 0.0]
2026-03-18 10:03:37.951  INFO 1 --- [io-12031-exec-3] order.controller.OrderController         : [createNewOrder][Create Order][from shanghai to taiyuan at 1970-01-02 18:17:36]
2026-03-18 10:03:37.951  INFO 1 --- [io-12031-exec-3] order.service.OrderServiceImpl           : [create][Create Order][Ready to Create Order]
2026-03-18 10:03:37.970  INFO 1 --- [io-12031-exec-3] order.service.OrderServiceImpl           : [create][Order Create Success][Order Price][OrderId:a170ea46-1b6a-4498-812e-a60340237f0a , Price: 0.0]
2026-03-18 10:03:38.252  INFO 1 --- [io-12031-exec-2] order.controller.OrderController         : [createNewOrder][Create Order][from shanghai to taiyuan at 1970-01-02 18:17:36]
2026-03-18 10:03:38.252  INFO 1 --- [io-12031-exec-2] order.service.OrderServiceImpl           : [create][Create Order][Ready to Create Order]
2026-03-18 10:03:38.273  INFO 1 --- [io-12031-exec-2] order.service.OrderServiceImpl           : [create][Order Create Success][Order Price][OrderId:e5d80618-6608-4986-9151-94fc643e3d7a , Price: 0.0]
2026-03-18 10:03:38.566  INFO 1 --- [io-12031-exec-5] order.controller.OrderController         : [createNewOrder][Create Order][from shanghai to taiyuan at 1970-01-02 18:17:36]
2026-03-18 10:03:38.566  INFO 1 --- [io-12031-exec-5] order.service.OrderServiceImpl           : [create][Create Order][Ready to Create Order]
2026-03-18 10:03:38.682  INFO 1 --- [io-12031-exec-5] order.service.OrderServiceImpl           : [create][Order Create Success][Order Price][OrderId:fac793aa-725a-4cdc-a379-e86dff98c15d , Price: 0.0]
2026-03-18 10:03:38.960  INFO 1 --- [io-12031-exec-4] order.controller.OrderController         : [createNewOrder][Create Order][from shanghai to taiyuan at 1970-01-02 18:17:36]
2026-03-18 10:03:38.960  INFO 1 --- [io-12031-exec-4] order.service.OrderServiceImpl           : [create][Create Order][Ready to Create Order]
2026-03-18 10:03:38.979  INFO 1 --- [io-12031-exec-4] order.service.OrderServiceImpl           : [create][Order Create Success][Order Price][OrderId:ad9c562c-3ad2-4d17-a5e6-bb41bef70d20 , Price: 0.0]
2026-03-18 10:03:39.261  INFO 1 --- [io-12031-exec-6] order.controller.OrderController         : [createNewOrder][Create Order][from shanghai to taiyuan at 1970-01-02 18:17:36]
2026-03-18 10:03:39.261  INFO 1 --- [io-12031-exec-6] order.service.OrderServiceImpl           : [create][Create Order][Ready to Create Order]
2026-03-18 10:03:39.283  INFO 1 --- [io-12031-exec-6] order.service.OrderServiceImpl           : [create][Order Create Success][Order Price][OrderId:02eb12ae-de5c-4824-9d9c-861749632bbf , Price: 0.0]
2026-03-18 10:03:39.576  INFO 1 --- [io-12031-exec-7] order.controller.OrderController         : [createNewOrder][Create Order][from shanghai to taiyuan at 1970-01-02 18:17:36]
2026-03-18 10:03:39.576  INFO 1 --- [io-12031-exec-7] order.service.OrderServiceImpl           : [create][Create Order][Ready to Create Order]
2026-03-18 10:03:39.595  INFO 1 --- [io-12031-exec-7] order.service.OrderServiceImpl           : [create][Order Create Success][Order Price][OrderId:6d9f1279-a4ef-40fa-8854-e598282fa419 , Price: 0.0]
2026-03-18 10:03:39.970  INFO 1 --- [io-12031-exec-8] order.controller.OrderController         : [createNewOrder][Create Order][from shanghai to taiyuan at 1970-01-02 18:17:36]
2026-03-18 10:03:39.970  INFO 1 --- [io-12031-exec-8] order.service.OrderServiceImpl           : [create][Create Order][Ready to Create Order]
2026-03-18 10:03:40.092  INFO 1 --- [io-12031-exec-8] order.service.OrderServiceImpl           : [create][Order Create Success][Order Price][OrderId:326012d1-b719-4507-a1a2-c90a0bbaf281 , Price: 0.0]
2026-03-18 10:03:40.441  INFO 1 --- [o-12031-exec-10] order.controller.OrderController         : [createNewOrder][Create Order][from shanghai to taiyuan at 1970-01-02 18:17:36]
2026-03-18 10:03:40.466  INFO 1 --- [o-12031-exec-10] order.service.OrderServiceImpl           : [create][Create Order][Ready to Create Order]
2026-03-18 10:03:40.489  INFO 1 --- [o-12031-exec-10] order.service.OrderServiceImpl           : [create][Order Create Success][Order Price][OrderId:1502b0de-a402-4e00-b386-f698fe39d3af , Price: 0.0]
2026-03-18 10:03:41.079  INFO 1 --- [io-12031-exec-9] order.controller.OrderController         : [createNewOrder][Create Order][from shanghai to taiyuan at 1970-01-02 18:17:36]
2026-03-18 10:03:41.079  INFO 1 --- [io-12031-exec-9] order.service.OrderServiceImpl           : [create][Create Order][Ready to Create Order]
2026-03-18 10:03:41.187  INFO 1 --- [io-12031-exec-9] order.service.OrderServiceImpl           : [create][Order Create Success][Order Price][OrderId:f3aebbd8-7364-4e12-b9e1-8417f17e9a09 , Price: 0.0]
2026-03-18 10:03:41.666  INFO 1 --- [io-12031-exec-3] order.controller.OrderController         : [createNewOrder][Create Order][from shanghai to taiyuan at 1970-01-02 18:17:36]
2026-03-18 10:03:41.666  INFO 1 --- [io-12031-exec-3] order.service.OrderServiceImpl           : [create][Create Order][Ready to Create Order]
2026-03-18 10:03:41.685  INFO 1 --- [io-12031-exec-3] order.service.OrderServiceImpl           : [create][Order Create Success][Order Price][OrderId:615168a4-ab1c-42b5-a010-0f12f4ef89d9 , Price: 0.0]
2026-03-18 10:03:42.142  INFO 1 --- [io-12031-exec-2] order.controller.OrderController         : [createNewOrder][Create Order][from shanghai to taiyuan at 1970-01-02 18:17:36]
2026-03-18 10:03:42.142  INFO 1 --- [io-12031-exec-2] order.service.OrderServiceImpl           : [create][Create Order][Ready to Create Order]
2026-03-18 10:03:42.185  INFO 1 --- [io-12031-exec-2] order.service.OrderServiceImpl           : [create][Order Create Success][Order Price][OrderId:8fc6a67d-f6f1-45e6-a4aa-77d205b54fcd , Price: 0.0]
2026-03-18 10:03:42.466  INFO 1 --- [io-12031-exec-5] order.controller.OrderController         : [createNewOrder][Create Order][from shanghai to taiyuan at 1970-01-02 18:17:36]
2026-03-18 10:03:42.466  INFO 1 --- [io-12031-exec-5] order.service.OrderServiceImpl           : [create][Create Order][Ready to Create Order]
2026-03-18 10:03:42.489  INFO 1 --- [io-12031-exec-5] order.service.OrderServiceImpl           : [create][Order Create Success][Order Price][OrderId:6944a962-73ce-4203-abf0-c2ed04ca16f1 , Price: 0.0]
2026-03-18 10:03:42.778  INFO 1 --- [io-12031-exec-4] order.controller.OrderController         : [createNewOrder][Create Order][from shanghai to taiyuan at 1970-01-02 18:17:36]
2026-03-18 10:03:42.778  INFO 1 --- [io-12031-exec-4] order.service.OrderServiceImpl           : [create][Create Order][Ready to Create Order]
2026-03-18 10:03:42.799  INFO 1 --- [io-12031-exec-4] order.service.OrderServiceImpl           : [create][Order Create Success][Order Price][OrderId:e0b4989d-0ef9-420a-89a1-26942063fa0a , Price: 0.0]
2026-03-18 10:03:43.061  INFO 1 --- [io-12031-exec-6] order.controller.OrderController         : [createNewOrder][Create Order][from shanghai to taiyuan at 1970-01-02 18:17:36]
2026-03-18 10:03:43.061  INFO 1 --- [io-12031-exec-6] order.service.OrderServiceImpl           : [create][Create Order][Ready to Create Order]
2026-03-18 10:03:43.189  INFO 1 --- [io-12031-exec-6] order.service.OrderServiceImpl           : [create][Order Create Success][Order Price][OrderId:832bb5a8-9447-4855-b1c3-3c64847c4a11 , Price: 0.0]
2026-03-18 10:03:43.457  INFO 1 --- [io-12031-exec-7] order.controller.OrderController         : [createNewOrder][Create Order][from shanghai to taiyuan at 1970-01-02 18:17:36]
2026-03-18 10:03:43.458  INFO 1 --- [io-12031-exec-7] order.service.OrderServiceImpl           : [create][Create Order][Ready to Create Order]
2026-03-18 10:03:43.478  INFO 1 --- [io-12031-exec-7] order.service.OrderServiceImpl           : [create][Order Create Success][Order Price][OrderId:49df9248-d1fd-4908-bb6f-2f93d5db0d58 , Price: 0.0]
2026-03-18 10:03:43.762  INFO 1 --- [io-12031-exec-8] order.controller.OrderController         : [createNewOrder][Create Order][from shanghai to taiyuan at 1970-01-02 18:17:36]
2026-03-18 10:03:43.762  INFO 1 --- [io-12031-exec-8] order.service.OrderServiceImpl           : [create][Create Order][Ready to Create Order]
2026-03-18 10:03:43.782  INFO 1 --- [io-12031-exec-8] order.service.OrderServiceImpl           : [create][Order Create Success][Order Price][OrderId:87bcde44-e53c-4494-a629-f3b61ada3fcb , Price: 0.0]
2026-03-18 10:03:44.057  INFO 1 --- [o-12031-exec-10] order.controller.OrderController         : [createNewOrder][Create Order][from shanghai to taiyuan at 1970-01-02 18:17:36]
2026-03-18 10:03:44.057  INFO 1 --- [o-12031-exec-10] order.service.OrderServiceImpl           : [create][Create Order][Ready to Create Order]
2026-03-18 10:03:44.077  INFO 1 --- [o-12031-exec-10] order.service.OrderServiceImpl           : [create][Order Create Success][Order Price][OrderId:50c0cfc3-ab3e-451b-bf05-54e0e7fe7b82 , Price: 0.0]
2026-03-18 10:03:44.362  INFO 1 --- [io-12031-exec-9] order.controller.OrderController         : [createNewOrder][Create Order][from shanghai to taiyuan at 1970-01-02 18:17:36]
2026-03-18 10:03:44.362  INFO 1 --- [io-12031-exec-9] order.service.OrderServiceImpl           : [create][Create Order][Ready to Create Order]
2026-03-18 10:03:44.382  INFO 1 --- [io-12031-exec-9] order.service.OrderServiceImpl           : [create][Order Create Success][Order Price][OrderId:8b21f9d2-2775-4973-864f-b90e49515291 , Price: 0.0]
2026-03-18 10:03:44.662  INFO 1 --- [io-12031-exec-1] order.controller.OrderController         : [createNewOrder][Create Order][from shanghai to taiyuan at 1970-01-02 18:17:36]
2026-03-18 10:03:44.662  INFO 1 --- [io-12031-exec-1] order.service.OrderServiceImpl           : [create][Create Order][Ready to Create Order]
2026-03-18 10:03:44.685  INFO 1 --- [io-12031-exec-1] order.service.OrderServiceImpl           : [create][Order Create Success][Order Price][OrderId:6b7a9feb-60a1-46da-819b-90d857c66e80 , Price: 0.0]
2026-03-18 10:03:44.962  INFO 1 --- [io-12031-exec-3] order.controller.OrderController         : [createNewOrder][Create Order][from shanghai to taiyuan at 1970-01-02 18:17:36]
2026-03-18 10:03:44.962  INFO 1 --- [io-12031-exec-3] order.service.OrderServiceImpl           : [create][Create Order][Ready to Create Order]
2026-03-18 10:03:45.086  INFO 1 --- [io-12031-exec-3] order.service.OrderServiceImpl           : [create][Order Create Success][Order Price][OrderId:8462b9f0-8efb-4cdd-b562-4f64161a9c8b , Price: 0.0]
2026-03-18 10:03:45.358  INFO 1 --- [io-12031-exec-2] order.controller.OrderController         : [createNewOrder][Create Order][from shanghai to taiyuan at 1970-01-02 18:17:36]
2026-03-18 10:03:45.358  INFO 1 --- [io-12031-exec-2] order.service.OrderServiceImpl           : [create][Create Order][Ready to Create Order]
2026-03-18 10:03:45.377  INFO 1 --- [io-12031-exec-2] order.service.OrderServiceImpl           : [create][Order Create Success][Order Price][OrderId:cd60ba81-374d-44f3-a59e-0a3d96be4e17 , Price: 0.0]
2026-03-18 10:03:45.660  INFO 1 --- [io-12031-exec-5] order.controller.OrderController         : [createNewOrder][Create Order][from shanghai to taiyuan at 1970-01-02 18:17:36]
2026-03-18 10:03:45.661  INFO 1 --- [io-12031-exec-5] order.service.OrderServiceImpl           : [create][Create Order][Ready to Create Order]
2026-03-18 10:03:45.679  INFO 1 --- [io-12031-exec-5] order.service.OrderServiceImpl           : [create][Order Create Success][Order Price][OrderId:432b222c-be48-4d0e-a738-476a18703937 , Price: 0.0]
2026-03-18 10:03:45.960  INFO 1 --- [io-12031-exec-4] order.controller.OrderController         : [createNewOrder][Create Order][from shanghai to taiyuan at 1970-01-02 18:17:36]
2026-03-18 10:03:45.960  INFO 1 --- [io-12031-exec-4] order.service.OrderServiceImpl           : [create][Create Order][Ready to Create Order]
2026-03-18 10:03:45.979  INFO 1 --- [io-12031-exec-4] order.service.OrderServiceImpl           : [create][Order Create Success][Order Price][OrderId:51e6ecda-2aef-467c-9c75-2aefb3de8700 , Price: 0.0]
2026-03-18 10:03:46.255  INFO 1 --- [io-12031-exec-6] order.controller.OrderController         : [createNewOrder][Create Order][from shanghai to taiyuan at 1970-01-02 18:17:36]
2026-03-18 10:03:46.255  INFO 1 --- [io-12031-exec-6] order.service.OrderServiceImpl           : [create][Create Order][Ready to Create Order]
2026-03-18 10:03:46.274  INFO 1 --- [io-12031-exec-6] order.service.OrderServiceImpl           : [create][Order Create Success][Order Price][OrderId:36c4b0d6-cd4a-4474-bd60-6e464877c043 , Price: 0.0]
2026-03-18 10:03:46.562  INFO 1 --- [io-12031-exec-7] order.controller.OrderController         : [createNewOrder][Create Order][from shanghai to taiyuan at 1970-01-02 18:17:36]
2026-03-18 10:03:46.562  INFO 1 --- [io-12031-exec-7] order.service.OrderServiceImpl           : [create][Create Order][Ready to Create Order]
2026-03-18 10:03:46.675  INFO 1 --- [io-12031-exec-7] order.service.OrderServiceImpl           : [create][Order Create Success][Order Price][OrderId:653b8238-7f6f-4606-beac-c8f6c7294af2 , Price: 0.0]
2026-03-18 10:03:46.947  INFO 1 --- [io-12031-exec-8] order.controller.OrderController         : [createNewOrder][Create Order][from shanghai to taiyuan at 1970-01-02 18:17:36]
2026-03-18 10:03:46.948  INFO 1 --- [io-12031-exec-8] order.service.OrderServiceImpl           : [create][Create Order][Ready to Create Order]
2026-03-18 10:03:46.966  INFO 1 --- [io-12031-exec-8] order.service.OrderServiceImpl           : [create][Order Create Success][Order Price][OrderId:672485dc-a4b5-4a8f-9ab8-136a435673ee , Price: 0.0]
2026-03-18 10:03:47.244  INFO 1 --- [o-12031-exec-10] order.controller.OrderController         : [createNewOrder][Create Order][from shanghai to taiyuan at 1970-01-02 18:17:36]
2026-03-18 10:03:47.244  INFO 1 --- [o-12031-exec-10] order.service.OrderServiceImpl           : [create][Create Order][Ready to Create Order]
2026-03-18 10:03:47.375  INFO 1 --- [o-12031-exec-10] order.service.OrderServiceImpl           : [create][Order Create Success][Order Price][OrderId:aeeecb45-f41e-4fae-a2e8-d5f7d61ec0c4 , Price: 0.0]
2026-03-18 10:03:47.656  INFO 1 --- [io-12031-exec-9] order.controller.OrderController         : [createNewOrder][Create Order][from shanghai to taiyuan at 1970-01-02 18:17:36]
2026-03-18 10:03:47.656  INFO 1 --- [io-12031-exec-9] order.service.OrderServiceImpl           : [create][Create Order][Ready to Create Order]
2026-03-18 10:03:47.682  INFO 1 --- [io-12031-exec-9] order.service.OrderServiceImpl           : [create][Order Create Success][Order Price][OrderId:ba2a2eb4-92a7-40e5-95ff-d2b297e359ca , Price: 0.0]
2026-03-18 10:03:47.957  INFO 1 --- [io-12031-exec-1] order.controller.OrderController         : [createNewOrder][Create Order][from shanghai to taiyuan at 1970-01-02 18:17:36]
2026-03-18 10:03:47.957  INFO 1 --- [io-12031-exec-1] order.service.OrderServiceImpl           : [create][Create Order][Ready to Create Order]
2026-03-18 10:03:47.985  INFO 1 --- [io-12031-exec-1] order.service.OrderServiceImpl           : [create][Order Create Success][Order Price][OrderId:133acfb0-a700-40a6-9fcd-637d3bf6e4e0 , Price: 0.0]
2026-03-18 10:03:48.258  INFO 1 --- [io-12031-exec-3] order.controller.OrderController         : [createNewOrder][Create Order][from shanghai to taiyuan at 1970-01-02 18:17:36]
2026-03-18 10:03:48.258  INFO 1 --- [io-12031-exec-3] order.service.OrderServiceImpl           : [create][Create Order][Ready to Create Order]
2026-03-18 10:03:48.285  INFO 1 --- [io-12031-exec-3] order.service.OrderServiceImpl           : [create][Order Create Success][Order Price][OrderId:73b13108-34ed-4515-9b08-add58870ebcd , Price: 0.0]
2026-03-18 10:03:48.560  INFO 1 --- [io-12031-exec-2] order.controller.OrderController         : [createNewOrder][Create Order][from shanghai to taiyuan at 1970-01-02 18:17:36]
2026-03-18 10:03:48.560  INFO 1 --- [io-12031-exec-2] order.service.OrderServiceImpl           : [create][Create Order][Ready to Create Order]
2026-03-18 10:03:48.685  INFO 1 --- [io-12031-exec-2] order.service.OrderServiceImpl           : [create][Order Create Success][Order Price][OrderId:bba88e63-8ef0-4737-a531-b1ed9afafa98 , Price: 0.0]
2026-03-18 10:03:48.957  INFO 1 --- [io-12031-exec-5] order.controller.OrderController         : [createNewOrder][Create Order][from shanghai to taiyuan at 1970-01-02 18:17:36]
2026-03-18 10:03:48.957  INFO 1 --- [io-12031-exec-5] order.service.OrderServiceImpl           : [create][Create Order][Ready to Create Order]
2026-03-18 10:03:48.977  INFO 1 --- [io-12031-exec-5] order.service.OrderServiceImpl           : [create][Order Create Success][Order Price][OrderId:72ddbb45-23de-4406-9fba-09ec80e12a96 , Price: 0.0]
2026-03-18 10:03:49.256  INFO 1 --- [io-12031-exec-4] order.controller.OrderController         : [createNewOrder][Create Order][from shanghai to taiyuan at 1970-01-02 18:17:36]
2026-03-18 10:03:49.256  INFO 1 --- [io-12031-exec-4] order.service.OrderServiceImpl           : [create][Create Order][Ready to Create Order]
2026-03-18 10:03:49.277  INFO 1 --- [io-12031-exec-4] order.service.OrderServiceImpl           : [create][Order Create Success][Order Price][OrderId:9e39267a-dd7d-4aa9-baea-56cb01d16698 , Price: 0.0]
2026-03-18 10:03:49.566  INFO 1 --- [io-12031-exec-6] order.controller.OrderController         : [createNewOrder][Create Order][from shanghai to taiyuan at 1970-01-02 18:17:36]
2026-03-18 10:03:49.566  INFO 1 --- [io-12031-exec-6] order.service.OrderServiceImpl           : [create][Create Order][Ready to Create Order]
2026-03-18 10:03:49.586  INFO 1 --- [io-12031-exec-6] order.service.OrderServiceImpl           : [create][Order Create Success][Order Price][OrderId:d7574239-3d0d-43e7-a423-35cf18c4281f , Price: 0.0]
2026-03-18 10:03:49.863  INFO 1 --- [io-12031-exec-7] order.controller.OrderController         : [createNewOrder][Create Order][from shanghai to taiyuan at 1970-01-02 18:17:36]
2026-03-18 10:03:49.863  INFO 1 --- [io-12031-exec-7] order.service.OrderServiceImpl           : [create][Create Order][Ready to Create Order]
2026-03-18 10:03:49.886  INFO 1 --- [io-12031-exec-7] order.service.OrderServiceImpl           : [create][Order Create Success][Order Price][OrderId:ed138906-d72e-40c1-ac56-7d934d5e6e13 , Price: 0.0]
2026-03-18 10:03:50.163  INFO 1 --- [io-12031-exec-8] order.controller.OrderController         : [createNewOrder][Create Order][from shanghai to taiyuan at 1970-01-02 18:17:36]
2026-03-18 10:03:50.163  INFO 1 --- [io-12031-exec-8] order.service.OrderServiceImpl           : [create][Create Order][Ready to Create Order]
2026-03-18 10:03:50.366  INFO 1 --- [io-12031-exec-8] order.service.OrderServiceImpl           : [create][Order Create Success][Order Price][OrderId:e92124f3-7f92-4884-8903-d37638cf82ca , Price: 0.0]
2026-03-18 10:03:50.653  INFO 1 --- [o-12031-exec-10] order.controller.OrderController         : [createNewOrder][Create Order][from shanghai to taiyuan at 1970-01-02 18:17:36]
2026-03-18 10:03:50.653  INFO 1 --- [o-12031-exec-10] order.service.OrderServiceImpl           : [create][Create Order][Ready to Create Order]
2026-03-18 10:03:50.671  INFO 1 --- [o-12031-exec-10] order.service.OrderServiceImpl           : [create][Order Create Success][Order Price][OrderId:e4b98bca-86d8-4ea4-ac99-ee142e7ee695 , Price: 0.0]
2026-03-18 10:03:50.951  INFO 1 --- [io-12031-exec-9] order.controller.OrderController         : [createNewOrder][Create Order][from shanghai to taiyuan at 1970-01-02 18:17:36]
2026-03-18 10:03:50.951  INFO 1 --- [io-12031-exec-9] order.service.OrderServiceImpl           : [create][Create Order][Ready to Create Order]
2026-03-18 10:03:50.972  INFO 1 --- [io-12031-exec-9] order.service.OrderServiceImpl           : [create][Order Create Success][Order Price][OrderId:5c0bae21-f546-4774-a0b0-7ce33afff056 , Price: 0.0]
2026-03-18 10:03:51.264  INFO 1 --- [io-12031-exec-3] order.controller.OrderController         : [createNewOrder][Create Order][from shanghai to taiyuan at 1970-01-02 18:17:36]
2026-03-18 10:03:51.264  INFO 1 --- [io-12031-exec-3] order.service.OrderServiceImpl           : [create][Create Order][Ready to Create Order]
2026-03-18 10:03:51.286  INFO 1 --- [io-12031-exec-3] order.service.OrderServiceImpl           : [create][Order Create Success][Order Price][OrderId:a230f697-355f-4962-b7eb-6e5998e9c0e0 , Price: 0.0]
2026-03-18 10:03:51.581  INFO 1 --- [io-12031-exec-2] order.controller.OrderController         : [createNewOrder][Create Order][from shanghai to taiyuan at 1970-01-02 18:17:36]
2026-03-18 10:03:51.581  INFO 1 --- [io-12031-exec-2] order.service.OrderServiceImpl           : [create][Create Order][Ready to Create Order]
2026-03-18 10:03:51.603  INFO 1 --- [io-12031-exec-2] order.service.OrderServiceImpl           : [create][Order Create Success][Order Price][OrderId:4955af21-6bf1-4724-8a1b-f619d24bc162 , Price: 0.0]
2026-03-18 10:03:51.862  INFO 1 --- [io-12031-exec-5] order.controller.OrderController         : [createNewOrder][Create Order][from shanghai to taiyuan at 1970-01-02 18:17:36]
2026-03-18 10:03:51.863  INFO 1 --- [io-12031-exec-5] order.service.OrderServiceImpl           : [create][Create Order][Ready to Create Order]
2026-03-18 10:03:51.883  INFO 1 --- [io-12031-exec-5] order.service.OrderServiceImpl           : [create][Order Create Success][Order Price][OrderId:495c60af-473d-4916-8192-9ffc9fbdbec2 , Price: 0.0]
2026-03-18 10:03:52.161  INFO 1 --- [io-12031-exec-4] order.controller.OrderController         : [createNewOrder][Create Order][from shanghai to taiyuan at 1970-01-02 18:17:36]
2026-03-18 10:03:52.161  INFO 1 --- [io-12031-exec-4] order.service.OrderServiceImpl           : [create][Create Order][Ready to Create Order]
2026-03-18 10:03:52.190  INFO 1 --- [io-12031-exec-4] order.service.OrderServiceImpl           : [create][Order Create Success][Order Price][OrderId:6eed800d-ca75-4dc7-b768-1b4ae219822e , Price: 0.0]
2026-03-18 10:03:52.461  INFO 1 --- [io-12031-exec-6] order.controller.OrderController         : [createNewOrder][Create Order][from shanghai to taiyuan at 1970-01-02 18:17:36]
2026-03-18 10:03:52.461  INFO 1 --- [io-12031-exec-6] order.service.OrderServiceImpl           : [create][Create Order][Ready to Create Order]
2026-03-18 10:03:52.481  INFO 1 --- [io-12031-exec-6] order.service.OrderServiceImpl           : [create][Order Create Success][Order Price][OrderId:4dcc8bef-0a30-464f-9745-40963af119de , Price: 0.0]
2026-03-18 10:03:52.755  INFO 1 --- [io-12031-exec-7] order.controller.OrderController         : [createNewOrder][Create Order][from shanghai to taiyuan at 1970-01-02 18:17:36]
2026-03-18 10:03:52.755  INFO 1 --- [io-12031-exec-7] order.service.OrderServiceImpl           : [create][Create Order][Ready to Create Order]
2026-03-18 10:03:52.774  INFO 1 --- [io-12031-exec-7] order.service.OrderServiceImpl           : [create][Order Create Success][Order Price][OrderId:c8f5f1f7-09d0-42b6-b6d0-fc295aad5edf , Price: 0.0]
2026-03-18 10:03:53.065  INFO 1 --- [io-12031-exec-8] order.controller.OrderController         : [createNewOrder][Create Order][from shanghai to taiyuan at 1970-01-02 18:17:36]
2026-03-18 10:03:53.065  INFO 1 --- [io-12031-exec-8] order.service.OrderServiceImpl           : [create][Create Order][Ready to Create Order]
2026-03-18 10:03:53.084  INFO 1 --- [io-12031-exec-8] order.service.OrderServiceImpl           : [create][Order Create Success][Order Price][OrderId:7fdf57a8-0876-4cfd-9c7c-c1af8b532d89 , Price: 0.0]
2026-03-18 10:03:53.360  INFO 1 --- [o-12031-exec-10] order.controller.OrderController         : [createNewOrder][Create Order][from shanghai to taiyuan at 1970-01-02 18:17:36]
2026-03-18 10:03:53.360  INFO 1 --- [o-12031-exec-10] order.service.OrderServiceImpl           : [create][Create Order][Ready to Create Order]
2026-03-18 10:03:53.379  INFO 1 --- [o-12031-exec-10] order.service.OrderServiceImpl           : [create][Order Create Success][Order Price][OrderId:c7e26905-76f2-4eb1-8037-d49e108b7e41 , Price: 0.0]
2026-03-18 10:03:53.652  INFO 1 --- [io-12031-exec-9] order.controller.OrderController         : [createNewOrder][Create Order][from shanghai to taiyuan at 1970-01-02 18:17:36]
2026-03-18 10:03:53.652  INFO 1 --- [io-12031-exec-9] order.service.OrderServiceImpl           : [create][Create Order][Ready to Create Order]
2026-03-18 10:03:53.687  INFO 1 --- [io-12031-exec-9] order.service.OrderServiceImpl           : [create][Order Create Success][Order Price][OrderId:1ef05205-5a43-4c88-bd3a-9156877cbd7a , Price: 0.0]
2026-03-18 10:03:53.957  INFO 1 --- [io-12031-exec-1] order.controller.OrderController         : [createNewOrder][Create Order][from shanghai to taiyuan at 1970-01-02 18:17:36]
2026-03-18 10:03:53.957  INFO 1 --- [io-12031-exec-1] order.service.OrderServiceImpl           : [create][Create Order][Ready to Create Order]
2026-03-18 10:03:53.977  INFO 1 --- [io-12031-exec-1] order.service.OrderServiceImpl           : [create][Order Create Success][Order Price][OrderId:c307d0f1-a126-48e2-896c-955166398904 , Price: 0.0]
2026-03-18 10:03:54.265  INFO 1 --- [io-12031-exec-3] order.controller.OrderController         : [createNewOrder][Create Order][from shanghai to taiyuan at 1970-01-02 18:17:36]
2026-03-18 10:03:54.265  INFO 1 --- [io-12031-exec-3] order.service.OrderServiceImpl           : [create][Create Order][Ready to Create Order]
2026-03-18 10:03:54.288  INFO 1 --- [io-12031-exec-3] order.service.OrderServiceImpl           : [create][Order Create Success][Order Price][OrderId:a22ae9b9-dcfb-4a0f-8d4f-92c52f400105 , Price: 0.0]
2026-03-18 10:03:54.562  INFO 1 --- [io-12031-exec-2] order.controller.OrderController         : [createNewOrder][Create Order][from shanghai to taiyuan at 1970-01-02 18:17:36]
2026-03-18 10:03:54.562  INFO 1 --- [io-12031-exec-2] order.service.OrderServiceImpl           : [create][Create Order][Ready to Create Order]
2026-03-18 10:03:54.580  INFO 1 --- [io-12031-exec-2] order.service.OrderServiceImpl           : [create][Order Create Success][Order Price][OrderId:9da5263e-49c8-4896-b189-a9372afedfd1 , Price: 0.0]
2026-03-18 10:03:54.860  INFO 1 --- [io-12031-exec-5] order.controller.OrderController         : [createNewOrder][Create Order][from shanghai to taiyuan at 1970-01-02 18:17:36]
2026-03-18 10:03:54.860  INFO 1 --- [io-12031-exec-5] order.service.OrderServiceImpl           : [create][Create Order][Ready to Create Order]
2026-03-18 10:03:54.880  INFO 1 --- [io-12031-exec-5] order.service.OrderServiceImpl           : [create][Order Create Success][Order Price][OrderId:3b2b8092-e5b7-4dab-810f-e01bfa4be7c1 , Price: 0.0]
2026-03-18 10:03:55.365  INFO 1 --- [io-12031-exec-4] order.controller.OrderController         : [createNewOrder][Create Order][from shanghai to taiyuan at 1970-01-02 18:17:36]
2026-03-18 10:03:55.365  INFO 1 --- [io-12031-exec-4] order.service.OrderServiceImpl           : [create][Create Order][Ready to Create Order]
2026-03-18 10:03:55.385  INFO 1 --- [io-12031-exec-4] order.service.OrderServiceImpl           : [create][Order Create Success][Order Price][OrderId:c8de7817-5aa6-4bb9-b898-05e543fef434 , Price: 0.0]
2026-03-18 10:03:55.752  INFO 1 --- [io-12031-exec-6] order.controller.OrderController         : [createNewOrder][Create Order][from shanghai to taiyuan at 1970-01-02 18:17:36]
2026-03-18 10:03:55.752  INFO 1 --- [io-12031-exec-6] order.service.OrderServiceImpl           : [create][Create Order][Ready to Create Order]
2026-03-18 10:03:55.774  INFO 1 --- [io-12031-exec-6] order.service.OrderServiceImpl           : [create][Order Create Success][Order Price][OrderId:fffccdf0-7ac4-4159-b323-76a91771902c , Price: 0.0]
2026-03-18 10:03:56.058  INFO 1 --- [io-12031-exec-7] order.controller.OrderController         : [createNewOrder][Create Order][from shanghai to taiyuan at 1970-01-02 18:17:36]
2026-03-18 10:03:56.058  INFO 1 --- [io-12031-exec-7] order.service.OrderServiceImpl           : [create][Create Order][Ready to Create Order]
2026-03-18 10:03:56.078  INFO 1 --- [io-12031-exec-7] order.service.OrderServiceImpl           : [create][Order Create Success][Order Price][OrderId:fc066c1d-57a6-4216-84f2-0e7358e8b3fb , Price: 0.0]
2026-03-18 10:03:56.363  INFO 1 --- [io-12031-exec-8] order.controller.OrderController         : [createNewOrder][Create Order][from shanghai to taiyuan at 1970-01-02 18:17:36]
2026-03-18 10:03:56.363  INFO 1 --- [io-12031-exec-8] order.service.OrderServiceImpl           : [create][Create Order][Ready to Create Order]
2026-03-18 10:03:56.383  INFO 1 --- [io-12031-exec-8] order.service.OrderServiceImpl           : [create][Order Create Success][Order Price][OrderId:dac00b82-da9d-41c7-876e-1e68057c75e5 , Price: 0.0]
2026-03-18 10:03:56.662  INFO 1 --- [o-12031-exec-10] order.controller.OrderController         : [createNewOrder][Create Order][from shanghai to taiyuan at 1970-01-02 18:17:36]
2026-03-18 10:03:56.662  INFO 1 --- [o-12031-exec-10] order.service.OrderServiceImpl           : [create][Create Order][Ready to Create Order]
2026-03-18 10:03:56.681  INFO 1 --- [o-12031-exec-10] order.service.OrderServiceImpl           : [create][Order Create Success][Order Price][OrderId:c260a57c-63f8-462c-8923-afc142332ca2 , Price: 0.0]
2026-03-18 10:03:56.954  INFO 1 --- [io-12031-exec-9] order.controller.OrderController         : [createNewOrder][Create Order][from shanghai to taiyuan at 1970-01-02 18:17:36]
2026-03-18 10:03:56.954  INFO 1 --- [io-12031-exec-9] order.service.OrderServiceImpl           : [create][Create Order][Ready to Create Order]
2026-03-18 10:03:56.972  INFO 1 --- [io-12031-exec-9] order.service.OrderServiceImpl           : [create][Order Create Success][Order Price][OrderId:c0d27be1-9e25-49f3-8b07-537e21dd7d86 , Price: 0.0]
2026-03-18 10:03:57.250  INFO 1 --- [io-12031-exec-1] order.controller.OrderController         : [createNewOrder][Create Order][from shanghai to taiyuan at 1970-01-02 18:17:36]
2026-03-18 10:03:57.251  INFO 1 --- [io-12031-exec-1] order.service.OrderServiceImpl           : [create][Create Order][Ready to Create Order]
2026-03-18 10:03:57.377  INFO 1 --- [io-12031-exec-1] order.service.OrderServiceImpl           : [create][Order Create Success][Order Price][OrderId:c4b364d4-2971-40d9-8055-6a53453c873a , Price: 0.0]
2026-03-18 10:03:57.651  INFO 1 --- [io-12031-exec-3] order.controller.OrderController         : [createNewOrder][Create Order][from shanghai to taiyuan at 1970-01-02 18:17:36]
2026-03-18 10:03:57.651  INFO 1 --- [io-12031-exec-3] order.service.OrderServiceImpl           : [create][Create Order][Ready to Create Order]
2026-03-18 10:03:57.671  INFO 1 --- [io-12031-exec-3] order.service.OrderServiceImpl           : [create][Order Create Success][Order Price][OrderId:674df936-3e2a-4b51-b984-297ab4f606d3 , Price: 0.0]
2026-03-18 10:03:57.951  INFO 1 --- [io-12031-exec-2] order.controller.OrderController         : [createNewOrder][Create Order][from shanghai to taiyuan at 1970-01-02 18:17:36]
2026-03-18 10:03:57.952  INFO 1 --- [io-12031-exec-2] order.service.OrderServiceImpl           : [create][Create Order][Ready to Create Order]
2026-03-18 10:03:57.972  INFO 1 --- [io-12031-exec-2] order.service.OrderServiceImpl           : [create][Order Create Success][Order Price][OrderId:d0f5f642-14dc-4070-8c70-232426e1ae0e , Price: 0.0]
2026-03-18 10:03:58.253  INFO 1 --- [io-12031-exec-5] order.controller.OrderController         : [createNewOrder][Create Order][from shanghai to taiyuan at 1970-01-02 18:17:36]
2026-03-18 10:03:58.253  INFO 1 --- [io-12031-exec-5] order.service.OrderServiceImpl           : [create][Create Order][Ready to Create Order]
2026-03-18 10:03:58.273  INFO 1 --- [io-12031-exec-5] order.service.OrderServiceImpl           : [create][Order Create Success][Order Price][OrderId:4dd76f9c-a1c4-4422-9905-ca085df532c8 , Price: 0.0]
2026-03-18 10:03:58.561  INFO 1 --- [io-12031-exec-4] order.controller.OrderController         : [createNewOrder][Create Order][from shanghai to taiyuan at 1970-01-02 18:17:36]
2026-03-18 10:03:58.561  INFO 1 --- [io-12031-exec-4] order.service.OrderServiceImpl           : [create][Create Order][Ready to Create Order]
2026-03-18 10:03:58.581  INFO 1 --- [io-12031-exec-4] order.service.OrderServiceImpl           : [create][Order Create Success][Order Price][OrderId:0edc498b-c28d-4584-943d-0ddd4f567038 , Price: 0.0]
2026-03-18 10:03:58.863  INFO 1 --- [io-12031-exec-6] order.controller.OrderController         : [createNewOrder][Create Order][from shanghai to taiyuan at 1970-01-02 18:17:36]
2026-03-18 10:03:58.863  INFO 1 --- [io-12031-exec-6] order.service.OrderServiceImpl           : [create][Create Order][Ready to Create Order]
2026-03-18 10:03:59.189  INFO 1 --- [io-12031-exec-6] order.service.OrderServiceImpl           : [create][Order Create Success][Order Price][OrderId:c475ecf5-6abe-410d-b9ff-5ac659619498 , Price: 0.0]
2026-03-18 10:03:59.461  INFO 1 --- [io-12031-exec-7] order.controller.OrderController         : [createNewOrder][Create Order][from shanghai to taiyuan at 1970-01-02 18:17:36]
2026-03-18 10:03:59.461  INFO 1 --- [io-12031-exec-7] order.service.OrderServiceImpl           : [create][Create Order][Ready to Create Order]
2026-03-18 10:03:59.481  INFO 1 --- [io-12031-exec-7] order.service.OrderServiceImpl           : [create][Order Create Success][Order Price][OrderId:fccc5789-f391-4a4e-986f-659e069cac97 , Price: 0.0]
2026-03-18 10:03:59.767  INFO 1 --- [io-12031-exec-8] order.controller.OrderController         : [createNewOrder][Create Order][from shanghai to taiyuan at 1970-01-02 18:17:36]
2026-03-18 10:03:59.767  INFO 1 --- [io-12031-exec-8] order.service.OrderServiceImpl           : [create][Create Order][Ready to Create Order]
2026-03-18 10:03:59.789  INFO 1 --- [io-12031-exec-8] order.service.OrderServiceImpl           : [create][Order Create Success][Order Price][OrderId:85f8e10f-9d5a-4036-8c54-4bf8d974cf92 , Price: 0.0]
2026-03-18 10:04:00.065  INFO 1 --- [o-12031-exec-10] order.controller.OrderController         : [createNewOrder][Create Order][from shanghai to taiyuan at 1970-01-02 18:17:36]
2026-03-18 10:04:00.065  INFO 1 --- [o-12031-exec-10] order.service.OrderServiceImpl           : [create][Create Order][Ready to Create Order]
2026-03-18 10:04:00.086  INFO 1 --- [o-12031-exec-10] order.service.OrderServiceImpl           : [create][Order Create Success][Order Price][OrderId:e9bbf222-8a41-4ef0-a10e-953b7934e49a , Price: 0.0]
2026-03-18 10:04:00.361  INFO 1 --- [io-12031-exec-9] order.controller.OrderController         : [createNewOrder][Create Order][from shanghai to taiyuan at 1970-01-02 18:17:36]
2026-03-18 10:04:00.361  INFO 1 --- [io-12031-exec-9] order.service.OrderServiceImpl           : [create][Create Order][Ready to Create Order]
2026-03-18 10:04:00.381  INFO 1 --- [io-12031-exec-9] order.service.OrderServiceImpl           : [create][Order Create Success][Order Price][OrderId:0b3a1f18-7a11-43c4-bc82-bef64c373a8c , Price: 0.0]
2026-03-18 10:04:00.658  INFO 1 --- [io-12031-exec-1] order.controller.OrderController         : [createNewOrder][Create Order][from shanghai to taiyuan at 1970-01-02 18:17:36]
2026-03-18 10:04:00.658  INFO 1 --- [io-12031-exec-1] order.service.OrderServiceImpl           : [create][Create Order][Ready to Create Order]
2026-03-18 10:04:00.677  INFO 1 --- [io-12031-exec-1] order.service.OrderServiceImpl           : [create][Order Create Success][Order Price][OrderId:38b7a4ab-4adb-45f3-9959-ae88444a269d , Price: 0.0]
2026-03-18 10:04:00.956  INFO 1 --- [io-12031-exec-3] order.controller.OrderController         : [createNewOrder][Create Order][from shanghai to taiyuan at 1970-01-02 18:17:36]
2026-03-18 10:04:00.956  INFO 1 --- [io-12031-exec-3] order.service.OrderServiceImpl           : [create][Create Order][Ready to Create Order]
2026-03-18 10:04:00.995  INFO 1 --- [io-12031-exec-3] order.service.OrderServiceImpl           : [create][Order Create Success][Order Price][OrderId:b0098898-a468-4ac5-8ecb-e9ec58a65f38 , Price: 0.0]
2026-03-18 10:04:01.261  INFO 1 --- [io-12031-exec-5] order.controller.OrderController         : [createNewOrder][Create Order][from shanghai to taiyuan at 1970-01-02 18:17:36]
2026-03-18 10:04:01.261  INFO 1 --- [io-12031-exec-5] order.service.OrderServiceImpl           : [create][Create Order][Ready to Create Order]
2026-03-18 10:04:01.284  INFO 1 --- [io-12031-exec-5] order.service.OrderServiceImpl           : [create][Order Create Success][Order Price][OrderId:ef4b6c31-2616-4724-8af3-05b8d4d8eb83 , Price: 0.0]
2026-03-18 10:04:01.574  INFO 1 --- [io-12031-exec-4] order.controller.OrderController         : [createNewOrder][Create Order][from shanghai to taiyuan at 1970-01-02 18:17:36]
2026-03-18 10:04:01.574  INFO 1 --- [io-12031-exec-4] order.service.OrderServiceImpl           : [create][Create Order][Ready to Create Order]
2026-03-18 10:04:01.592  INFO 1 --- [io-12031-exec-4] order.service.OrderServiceImpl           : [create][Order Create Success][Order Price][OrderId:d50a3e38-ddcf-484f-be11-6c70f2a4a72a , Price: 0.0]
2026-03-18 10:04:01.866  INFO 1 --- [io-12031-exec-6] order.controller.OrderController         : [createNewOrder][Create Order][from shanghai to taiyuan at 1970-01-02 18:17:36]
2026-03-18 10:04:01.866  INFO 1 --- [io-12031-exec-6] order.service.OrderServiceImpl           : [create][Create Order][Ready to Create Order]
2026-03-18 10:04:01.884  INFO 1 --- [io-12031-exec-6] order.service.OrderServiceImpl           : [create][Order Create Success][Order Price][OrderId:6a0c27d1-d8fd-4d54-b43d-8f71048ac4cf , Price: 0.0]
2026-03-18 10:04:02.163  INFO 1 --- [io-12031-exec-7] order.controller.OrderController         : [createNewOrder][Create Order][from shanghai to taiyuan at 1970-01-02 18:17:36]
2026-03-18 10:04:02.163  INFO 1 --- [io-12031-exec-7] order.service.OrderServiceImpl           : [create][Create Order][Ready to Create Order]
2026-03-18 10:04:02.182  INFO 1 --- [io-12031-exec-7] order.service.OrderServiceImpl           : [create][Order Create Success][Order Price][OrderId:e2a9f7e6-a7c3-4092-be64-d327720c354b , Price: 0.0]
2026-03-18 10:04:02.465  INFO 1 --- [io-12031-exec-8] order.controller.OrderController         : [createNewOrder][Create Order][from shanghai to taiyuan at 1970-01-02 18:17:36]
2026-03-18 10:04:02.465  INFO 1 --- [io-12031-exec-8] order.service.OrderServiceImpl           : [create][Create Order][Ready to Create Order]
2026-03-18 10:04:02.692  INFO 1 --- [io-12031-exec-8] order.service.OrderServiceImpl           : [create][Order Create Success][Order Price][OrderId:938099e0-bc22-4a65-9992-6a156e156dbe , Price: 0.0]
2026-03-18 10:04:02.968  INFO 1 --- [o-12031-exec-10] order.controller.OrderController         : [createNewOrder][Create Order][from shanghai to taiyuan at 1970-01-02 18:17:36]
2026-03-18 10:04:02.968  INFO 1 --- [o-12031-exec-10] order.service.OrderServiceImpl           : [create][Create Order][Ready to Create Order]
2026-03-18 10:04:02.990  INFO 1 --- [o-12031-exec-10] order.service.OrderServiceImpl           : [create][Order Create Success][Order Price][OrderId:dd249180-1cfb-4b3c-a0af-2748004c895f , Price: 0.0]
2026-03-18 10:04:03.260  INFO 1 --- [io-12031-exec-9] order.controller.OrderController         : [createNewOrder][Create Order][from shanghai to taiyuan at 1970-01-02 18:17:36]
2026-03-18 10:04:03.260  INFO 1 --- [io-12031-exec-9] order.service.OrderServiceImpl           : [create][Create Order][Ready to Create Order]
2026-03-18 10:04:03.280  INFO 1 --- [io-12031-exec-9] order.service.OrderServiceImpl           : [create][Order Create Success][Order Price][OrderId:6d4c8073-6b0a-45b5-9a69-126ada6c1f74 , Price: 0.0]
2026-03-18 10:04:03.559  INFO 1 --- [io-12031-exec-1] order.controller.OrderController         : [createNewOrder][Create Order][from shanghai to taiyuan at 1970-01-02 18:17:36]
2026-03-18 10:04:03.559  INFO 1 --- [io-12031-exec-1] order.service.OrderServiceImpl           : [create][Create Order][Ready to Create Order]
2026-03-18 10:04:03.578  INFO 1 --- [io-12031-exec-1] order.service.OrderServiceImpl           : [create][Order Create Success][Order Price][OrderId:e1bca653-b815-4879-85a7-24795767fccd , Price: 0.0]
2026-03-18 10:04:03.854  INFO 1 --- [io-12031-exec-3] order.controller.OrderController         : [createNewOrder][Create Order][from shanghai to taiyuan at 1970-01-02 18:17:36]
2026-03-18 10:04:03.854  INFO 1 --- [io-12031-exec-3] order.service.OrderServiceImpl           : [create][Create Order][Ready to Create Order]
2026-03-18 10:04:03.872  INFO 1 --- [io-12031-exec-3] order.service.OrderServiceImpl           : [create][Order Create Success][Order Price][OrderId:b8b9cf14-ae57-48c0-a90d-c744b66d68e6 , Price: 0.0]
2026-03-18 10:04:04.144  INFO 1 --- [io-12031-exec-2] order.controller.OrderController         : [createNewOrder][Create Order][from shanghai to taiyuan at 1970-01-02 18:17:36]
2026-03-18 10:04:04.145  INFO 1 --- [io-12031-exec-2] order.service.OrderServiceImpl           : [create][Create Order][Ready to Create Order]
2026-03-18 10:04:04.183  INFO 1 --- [io-12031-exec-2] order.service.OrderServiceImpl           : [create][Order Create Success][Order Price][OrderId:9e511a04-aea4-4b8d-acdc-2dd883129e96 , Price: 0.0]
2026-03-18 10:04:04.466  INFO 1 --- [io-12031-exec-5] order.controller.OrderController         : [createNewOrder][Create Order][from shanghai to taiyuan at 1970-01-02 18:17:36]
2026-03-18 10:04:04.466  INFO 1 --- [io-12031-exec-5] order.service.OrderServiceImpl           : [create][Create Order][Ready to Create Order]
2026-03-18 10:04:04.490  INFO 1 --- [io-12031-exec-5] order.service.OrderServiceImpl           : [create][Order Create Success][Order Price][OrderId:eeb4ee9a-2bd2-423e-8e72-6f1af7fe44b8 , Price: 0.0]
2026-03-18 10:04:04.760  INFO 1 --- [io-12031-exec-4] order.controller.OrderController         : [createNewOrder][Create Order][from shanghai to taiyuan at 1970-01-02 18:17:36]
2026-03-18 10:04:04.760  INFO 1 --- [io-12031-exec-4] order.service.OrderServiceImpl           : [create][Create Order][Ready to Create Order]
2026-03-18 10:04:04.780  INFO 1 --- [io-12031-exec-4] order.service.OrderServiceImpl           : [create][Order Create Success][Order Price][OrderId:6d5dbd5d-5b98-49b5-9b4f-9ff5866d0c7a , Price: 0.0]
2026-03-18 10:04:05.065  INFO 1 --- [io-12031-exec-6] order.controller.OrderController         : [createNewOrder][Create Order][from shanghai to taiyuan at 1970-01-02 18:17:36]
2026-03-18 10:04:05.065  INFO 1 --- [io-12031-exec-6] order.service.OrderServiceImpl           : [create][Create Order][Ready to Create Order]
2026-03-18 10:04:05.084  INFO 1 --- [io-12031-exec-6] order.service.OrderServiceImpl           : [create][Order Create Success][Order Price][OrderId:7651e240-eb52-4939-b29c-2717a29dbac1 , Price: 0.0]
2026-03-18 10:04:05.361  INFO 1 --- [io-12031-exec-7] order.controller.OrderController         : [createNewOrder][Create Order][from shanghai to taiyuan at 1970-01-02 18:17:36]
2026-03-18 10:04:05.361  INFO 1 --- [io-12031-exec-7] order.service.OrderServiceImpl           : [create][Create Order][Ready to Create Order]
2026-03-18 10:04:05.380  INFO 1 --- [io-12031-exec-7] order.service.OrderServiceImpl           : [create][Order Create Success][Order Price][OrderId:497f9d04-2603-4102-9737-6899d3fc7acb , Price: 0.0]
2026-03-18 10:04:05.668  INFO 1 --- [io-12031-exec-8] order.controller.OrderController         : [createNewOrder][Create Order][from shanghai to taiyuan at 1970-01-02 18:17:36]
2026-03-18 10:04:05.668  INFO 1 --- [io-12031-exec-8] order.service.OrderServiceImpl           : [create][Create Order][Ready to Create Order]
2026-03-18 10:04:05.783  INFO 1 --- [io-12031-exec-8] order.service.OrderServiceImpl           : [create][Order Create Success][Order Price][OrderId:383b0a57-5607-4696-b97d-130e82f2474c , Price: 0.0]
2026-03-18 10:04:06.058  INFO 1 --- [o-12031-exec-10] order.controller.OrderController         : [createNewOrder][Create Order][from shanghai to taiyuan at 1970-01-02 18:17:36]
2026-03-18 10:04:06.058  INFO 1 --- [o-12031-exec-10] order.service.OrderServiceImpl           : [create][Create Order][Ready to Create Order]
2026-03-18 10:04:06.076  INFO 1 --- [o-12031-exec-10] order.service.OrderServiceImpl           : [create][Order Create Success][Order Price][OrderId:6bda52d1-26ff-4d11-a8f1-eeeae951c436 , Price: 0.0]
2026-03-18 10:04:06.362  INFO 1 --- [io-12031-exec-9] order.controller.OrderController         : [createNewOrder][Create Order][from shanghai to taiyuan at 1970-01-02 18:17:36]
2026-03-18 10:04:06.362  INFO 1 --- [io-12031-exec-9] order.service.OrderServiceImpl           : [create][Create Order][Ready to Create Order]
2026-03-18 10:04:06.381  INFO 1 --- [io-12031-exec-9] order.service.OrderServiceImpl           : [create][Order Create Success][Order Price][OrderId:48728963-2a6d-4b5c-8e70-c52df48e5c3f , Price: 0.0]
2026-03-18 10:04:06.661  INFO 1 --- [io-12031-exec-1] order.controller.OrderController         : [createNewOrder][Create Order][from shanghai to taiyuan at 1970-01-02 18:17:36]
2026-03-18 10:04:06.661  INFO 1 --- [io-12031-exec-1] order.service.OrderServiceImpl           : [create][Create Order][Ready to Create Order]
2026-03-18 10:04:06.681  INFO 1 --- [io-12031-exec-1] order.service.OrderServiceImpl           : [create][Order Create Success][Order Price][OrderId:ecbee00c-e6d1-4bc7-b996-cd44c79bebeb , Price: 0.0]
2026-03-18 10:04:06.961  INFO 1 --- [io-12031-exec-3] order.controller.OrderController         : [createNewOrder][Create Order][from shanghai to taiyuan at 1970-01-02 18:17:36]
2026-03-18 10:04:06.961  INFO 1 --- [io-12031-exec-3] order.service.OrderServiceImpl           : [create][Create Order][Ready to Create Order]
2026-03-18 10:04:06.984  INFO 1 --- [io-12031-exec-3] order.service.OrderServiceImpl           : [create][Order Create Success][Order Price][OrderId:b9747274-519f-44e6-b5ef-52d0a421c83e , Price: 0.0]
2026-03-18 10:04:07.264  INFO 1 --- [io-12031-exec-2] order.controller.OrderController         : [createNewOrder][Create Order][from shanghai to taiyuan at 1970-01-02 18:17:36]
2026-03-18 10:04:07.265  INFO 1 --- [io-12031-exec-2] order.service.OrderServiceImpl           : [create][Create Order][Ready to Create Order]
2026-03-18 10:04:07.287  INFO 1 --- [io-12031-exec-2] order.service.OrderServiceImpl           : [create][Order Create Success][Order Price][OrderId:517b3a75-2990-49ee-bae5-9ff9496b6f80 , Price: 0.0]
2026-03-18 10:04:07.558  INFO 1 --- [io-12031-exec-5] order.controller.OrderController         : [createNewOrder][Create Order][from shanghai to taiyuan at 1970-01-02 18:17:36]
2026-03-18 10:04:07.558  INFO 1 --- [io-12031-exec-5] order.service.OrderServiceImpl           : [create][Create Order][Ready to Create Order]
2026-03-18 10:04:07.584  INFO 1 --- [io-12031-exec-5] order.service.OrderServiceImpl           : [create][Order Create Success][Order Price][OrderId:6792cc16-8c23-4878-b836-0eeac7bdc191 , Price: 0.0]
2026-03-18 10:04:07.858  INFO 1 --- [io-12031-exec-4] order.controller.OrderController         : [createNewOrder][Create Order][from shanghai to taiyuan at 1970-01-02 18:17:36]
2026-03-18 10:04:07.858  INFO 1 --- [io-12031-exec-4] order.service.OrderServiceImpl           : [create][Create Order][Ready to Create Order]
2026-03-18 10:04:07.877  INFO 1 --- [io-12031-exec-4] order.service.OrderServiceImpl           : [create][Order Create Success][Order Price][OrderId:9b6261db-1315-438c-bb74-d273913947bb , Price: 0.0]
2026-03-18 10:04:08.160  INFO 1 --- [io-12031-exec-6] order.controller.OrderController         : [createNewOrder][Create Order][from shanghai to taiyuan at 1970-01-02 18:17:36]
2026-03-18 10:04:08.160  INFO 1 --- [io-12031-exec-6] order.service.OrderServiceImpl           : [create][Create Order][Ready to Create Order]
2026-03-18 10:04:08.180  INFO 1 --- [io-12031-exec-6] order.service.OrderServiceImpl           : [create][Order Create Success][Order Price][OrderId:0b6d786e-4166-4dcf-8b50-dbbea8f6268a , Price: 0.0]
2026-03-18 10:04:08.466  INFO 1 --- [io-12031-exec-7] order.controller.OrderController         : [createNewOrder][Create Order][from shanghai to taiyuan at 1970-01-02 18:17:36]
2026-03-18 10:04:08.467  INFO 1 --- [io-12031-exec-7] order.service.OrderServiceImpl           : [create][Create Order][Ready to Create Order]
2026-03-18 10:04:08.487  INFO 1 --- [io-12031-exec-7] order.service.OrderServiceImpl           : [create][Order Create Success][Order Price][OrderId:e4ceac28-4789-4eeb-9ae1-5fa7b5dfeabd , Price: 0.0]
2026-03-18 10:04:08.767  INFO 1 --- [io-12031-exec-8] order.controller.OrderController         : [createNewOrder][Create Order][from shanghai to taiyuan at 1970-01-02 18:17:36]
2026-03-18 10:04:08.767  INFO 1 --- [io-12031-exec-8] order.service.OrderServiceImpl           : [create][Create Order][Ready to Create Order]
2026-03-18 10:04:08.787  INFO 1 --- [io-12031-exec-8] order.service.OrderServiceImpl           : [create][Order Create Success][Order Price][OrderId:cc802d94-69ed-4368-88b4-30d2024733c9 , Price: 0.0]
2026-03-18 10:04:09.058  INFO 1 --- [o-12031-exec-10] order.controller.OrderController         : [createNewOrder][Create Order][from shanghai to taiyuan at 1970-01-02 18:17:36]
2026-03-18 10:04:09.058  INFO 1 --- [o-12031-exec-10] order.service.OrderServiceImpl           : [create][Create Order][Ready to Create Order]
2026-03-18 10:04:09.084  INFO 1 --- [o-12031-exec-10] order.service.OrderServiceImpl           : [create][Order Create Success][Order Price][OrderId:7f51dc72-7458-4c0c-a229-d1f43474dcd0 , Price: 0.0]
2026-03-18 10:04:09.358  INFO 1 --- [io-12031-exec-9] order.controller.OrderController         : [createNewOrder][Create Order][from shanghai to taiyuan at 1970-01-02 18:17:36]
2026-03-18 10:04:09.358  INFO 1 --- [io-12031-exec-9] order.service.OrderServiceImpl           : [create][Create Order][Ready to Create Order]
2026-03-18 10:04:09.378  INFO 1 --- [io-12031-exec-9] order.service.OrderServiceImpl           : [create][Order Create Success][Order Price][OrderId:29bed6a9-461d-4875-995a-2d71596ed678 , Price: 0.0]
2026-03-18 10:04:09.653  INFO 1 --- [io-12031-exec-1] order.controller.OrderController         : [createNewOrder][Create Order][from shanghai to taiyuan at 1970-01-02 18:17:36]
2026-03-18 10:04:09.653  INFO 1 --- [io-12031-exec-1] order.service.OrderServiceImpl           : [create][Create Order][Ready to Create Order]
2026-03-18 10:04:09.673  INFO 1 --- [io-12031-exec-1] order.service.OrderServiceImpl           : [create][Order Create Success][Order Price][OrderId:eafa4dc8-accf-4463-bfb5-4079bbb802ef , Price: 0.0]
2026-03-18 10:04:09.951  INFO 1 --- [io-12031-exec-3] order.controller.OrderController         : [createNewOrder][Create Order][from shanghai to taiyuan at 1970-01-02 18:17:36]
2026-03-18 10:04:09.951  INFO 1 --- [io-12031-exec-3] order.service.OrderServiceImpl           : [create][Create Order][Ready to Create Order]
2026-03-18 10:04:09.976  INFO 1 --- [io-12031-exec-3] order.service.OrderServiceImpl           : [create][Order Create Success][Order Price][OrderId:1f4c2411-f8b1-42f3-a61c-4b7b62a2072f , Price: 0.0]
2026-03-18 10:04:10.261  INFO 1 --- [io-12031-exec-2] order.controller.OrderController         : [createNewOrder][Create Order][from shanghai to taiyuan at 1970-01-02 18:17:36]
2026-03-18 10:04:10.261  INFO 1 --- [io-12031-exec-2] order.service.OrderServiceImpl           : [create][Create Order][Ready to Create Order]
2026-03-18 10:04:10.284  INFO 1 --- [io-12031-exec-2] order.service.OrderServiceImpl           : [create][Order Create Success][Order Price][OrderId:e5cf75e0-578e-4fe9-92e5-4f99472c9091 , Price: 0.0]
2026-03-18 10:04:10.560  INFO 1 --- [io-12031-exec-5] order.controller.OrderController         : [createNewOrder][Create Order][from shanghai to taiyuan at 1970-01-02 18:17:36]
2026-03-18 10:04:10.561  INFO 1 --- [io-12031-exec-5] order.service.OrderServiceImpl           : [create][Create Order][Ready to Create Order]
2026-03-18 10:04:10.686  INFO 1 --- [io-12031-exec-5] order.service.OrderServiceImpl           : [create][Order Create Success][Order Price][OrderId:551e10c1-136a-4c08-b418-22c8674a8798 , Price: 0.0]
2026-03-18 10:04:10.962  INFO 1 --- [io-12031-exec-4] order.controller.OrderController         : [createNewOrder][Create Order][from shanghai to taiyuan at 1970-01-02 18:17:36]
2026-03-18 10:04:10.962  INFO 1 --- [io-12031-exec-4] order.service.OrderServiceImpl           : [create][Create Order][Ready to Create Order]
2026-03-18 10:04:10.984  INFO 1 --- [io-12031-exec-4] order.service.OrderServiceImpl           : [create][Order Create Success][Order Price][OrderId:fdb649c8-36af-4034-a2e9-118b8dce3f84 , Price: 0.0]
2026-03-18 10:04:11.261  INFO 1 --- [io-12031-exec-7] order.controller.OrderController         : [createNewOrder][Create Order][from shanghai to taiyuan at 1970-01-02 18:17:36]
2026-03-18 10:04:11.261  INFO 1 --- [io-12031-exec-7] order.service.OrderServiceImpl           : [create][Create Order][Ready to Create Order]
2026-03-18 10:04:11.281  INFO 1 --- [io-12031-exec-7] order.service.OrderServiceImpl           : [create][Order Create Success][Order Price][OrderId:01fbe10c-8a33-476a-a05f-27aa1e6b72d4 , Price: 0.0]
2026-03-18 10:04:11.584  INFO 1 --- [io-12031-exec-8] order.controller.OrderController         : [createNewOrder][Create Order][from shanghai to taiyuan at 1970-01-02 18:17:36]
2026-03-18 10:04:11.584  INFO 1 --- [io-12031-exec-8] order.service.OrderServiceImpl           : [create][Create Order][Ready to Create Order]
2026-03-18 10:04:11.606  INFO 1 --- [io-12031-exec-8] order.service.OrderServiceImpl           : [create][Order Create Success][Order Price][OrderId:c8ebd400-adb1-4d3c-9d7e-54098dc8fce0 , Price: 0.0]
2026-03-18 10:04:11.855  INFO 1 --- [o-12031-exec-10] order.controller.OrderController         : [createNewOrder][Create Order][from shanghai to taiyuan at 1970-01-02 18:17:36]
2026-03-18 10:04:11.855  INFO 1 --- [o-12031-exec-10] order.service.OrderServiceImpl           : [create][Create Order][Ready to Create Order]
2026-03-18 10:04:11.873  INFO 1 --- [o-12031-exec-10] order.service.OrderServiceImpl           : [create][Order Create Success][Order Price][OrderId:425ed82e-128a-4547-8055-265df45594e7 , Price: 0.0]
2026-03-18 10:04:12.155  INFO 1 --- [io-12031-exec-9] order.controller.OrderController         : [createNewOrder][Create Order][from shanghai to taiyuan at 1970-01-02 18:17:36]
2026-03-18 10:04:12.155  INFO 1 --- [io-12031-exec-9] order.service.OrderServiceImpl           : [create][Create Order][Ready to Create Order]
2026-03-18 10:04:12.283  INFO 1 --- [io-12031-exec-9] order.service.OrderServiceImpl           : [create][Order Create Success][Order Price][OrderId:889ab634-67a4-4675-ae0a-872454d721db , Price: 0.0]
2026-03-18 10:04:12.556  INFO 1 --- [io-12031-exec-1] order.controller.OrderController         : [createNewOrder][Create Order][from shanghai to taiyuan at 1970-01-02 18:17:36]
2026-03-18 10:04:12.556  INFO 1 --- [io-12031-exec-1] order.service.OrderServiceImpl           : [create][Create Order][Ready to Create Order]
2026-03-18 10:04:12.577  INFO 1 --- [io-12031-exec-1] order.service.OrderServiceImpl           : [create][Order Create Success][Order Price][OrderId:88c4a719-2f33-421c-831e-03107018c61e , Price: 0.0]
2026-03-18 10:04:12.864  INFO 1 --- [io-12031-exec-3] order.controller.OrderController         : [createNewOrder][Create Order][from shanghai to taiyuan at 1970-01-02 18:17:36]
2026-03-18 10:04:12.864  INFO 1 --- [io-12031-exec-3] order.service.OrderServiceImpl           : [create][Create Order][Ready to Create Order]
2026-03-18 10:04:12.887  INFO 1 --- [io-12031-exec-3] order.service.OrderServiceImpl           : [create][Order Create Success][Order Price][OrderId:4963e0b8-1091-4694-98a2-780f17ce48e6 , Price: 0.0]
2026-03-18 10:04:13.163  INFO 1 --- [io-12031-exec-2] order.controller.OrderController         : [createNewOrder][Create Order][from shanghai to taiyuan at 1970-01-02 18:17:36]
2026-03-18 10:04:13.163  INFO 1 --- [io-12031-exec-2] order.service.OrderServiceImpl           : [create][Create Order][Ready to Create Order]
2026-03-18 10:04:13.182  INFO 1 --- [io-12031-exec-2] order.service.OrderServiceImpl           : [create][Order Create Success][Order Price][OrderId:face82ac-ea67-42ee-8138-f0b4965a753c , Price: 0.0]
2026-03-18 10:04:13.466  INFO 1 --- [io-12031-exec-5] order.controller.OrderController         : [createNewOrder][Create Order][from shanghai to taiyuan at 1970-01-02 18:17:36]
2026-03-18 10:04:13.466  INFO 1 --- [io-12031-exec-5] order.service.OrderServiceImpl           : [create][Create Order][Ready to Create Order]
2026-03-18 10:04:13.488  INFO 1 --- [io-12031-exec-5] order.service.OrderServiceImpl           : [create][Order Create Success][Order Price][OrderId:b15cd5ec-452d-444d-b9fd-213a5987637e , Price: 0.0]
2026-03-18 10:04:13.762  INFO 1 --- [io-12031-exec-4] order.controller.OrderController         : [createNewOrder][Create Order][from shanghai to taiyuan at 1970-01-02 18:17:36]
2026-03-18 10:04:13.762  INFO 1 --- [io-12031-exec-4] order.service.OrderServiceImpl           : [create][Create Order][Ready to Create Order]
2026-03-18 10:04:13.876  INFO 1 --- [io-12031-exec-4] order.service.OrderServiceImpl           : [create][Order Create Success][Order Price][OrderId:acb5c5a7-51d2-49d6-b075-41a90dc95815 , Price: 0.0]
2026-03-18 10:04:14.163  INFO 1 --- [io-12031-exec-6] order.controller.OrderController         : [createNewOrder][Create Order][from shanghai to taiyuan at 1970-01-02 18:17:36]
2026-03-18 10:04:14.163  INFO 1 --- [io-12031-exec-6] order.service.OrderServiceImpl           : [create][Create Order][Ready to Create Order]
2026-03-18 10:04:14.186  INFO 1 --- [io-12031-exec-6] order.service.OrderServiceImpl           : [create][Order Create Success][Order Price][OrderId:cae48024-2f70-4bbb-8394-207647bc3795 , Price: 0.0]
2026-03-18 10:04:14.462  INFO 1 --- [io-12031-exec-7] order.controller.OrderController         : [createNewOrder][Create Order][from shanghai to taiyuan at 1970-01-02 18:17:36]
2026-03-18 10:04:14.462  INFO 1 --- [io-12031-exec-7] order.service.OrderServiceImpl           : [create][Create Order][Ready to Create Order]
2026-03-18 10:04:14.483  INFO 1 --- [io-12031-exec-7] order.service.OrderServiceImpl           : [create][Order Create Success][Order Price][OrderId:a35a0fbd-ad01-4aa2-b708-fdbff3b202a8 , Price: 0.0]
2026-03-18 10:04:14.763  INFO 1 --- [io-12031-exec-8] order.controller.OrderController         : [createNewOrder][Create Order][from shanghai to taiyuan at 1970-01-02 18:17:36]
2026-03-18 10:04:14.763  INFO 1 --- [io-12031-exec-8] order.service.OrderServiceImpl           : [create][Create Order][Ready to Create Order]
2026-03-18 10:04:14.786  INFO 1 --- [io-12031-exec-8] order.service.OrderServiceImpl           : [create][Order Create Success][Order Price][OrderId:f0cc6278-9f74-4442-9cb6-bd9e2fe0047d , Price: 0.0]
2026-03-18 10:04:15.081  INFO 1 --- [o-12031-exec-10] order.controller.OrderController         : [createNewOrder][Create Order][from shanghai to taiyuan at 1970-01-02 18:17:36]
2026-03-18 10:04:15.081  INFO 1 --- [o-12031-exec-10] order.service.OrderServiceImpl           : [create][Create Order][Ready to Create Order]
2026-03-18 10:04:15.101  INFO 1 --- [o-12031-exec-10] order.service.OrderServiceImpl           : [create][Order Create Success][Order Price][OrderId:3804e608-dc2b-4d0c-b055-77a525161ce9 , Price: 0.0]
2026-03-18 10:04:15.370  INFO 1 --- [io-12031-exec-9] order.controller.OrderController         : [createNewOrder][Create Order][from shanghai to taiyuan at 1970-01-02 18:17:36]
2026-03-18 10:04:15.370  INFO 1 --- [io-12031-exec-9] order.service.OrderServiceImpl           : [create][Create Order][Ready to Create Order]
2026-03-18 10:04:15.390  INFO 1 --- [io-12031-exec-9] order.service.OrderServiceImpl           : [create][Order Create Success][Order Price][OrderId:7df1b285-0070-49f4-a962-fa670f4b199d , Price: 0.0]
2026-03-18 10:04:15.662  INFO 1 --- [io-12031-exec-1] order.controller.OrderController         : [createNewOrder][Create Order][from shanghai to taiyuan at 1970-01-02 18:17:36]
2026-03-18 10:04:15.662  INFO 1 --- [io-12031-exec-1] order.service.OrderServiceImpl           : [create][Create Order][Ready to Create Order]
2026-03-18 10:04:15.773  INFO 1 --- [io-12031-exec-1] order.service.OrderServiceImpl           : [create][Order Create Success][Order Price][OrderId:9eef9c8c-6651-41b3-b54f-14c300d6396f , Price: 0.0]
2026-03-18 10:04:16.053  INFO 1 --- [io-12031-exec-3] order.controller.OrderController         : [createNewOrder][Create Order][from shanghai to taiyuan at 1970-01-02 18:17:36]
2026-03-18 10:04:16.053  INFO 1 --- [io-12031-exec-3] order.service.OrderServiceImpl           : [create][Create Order][Ready to Create Order]
2026-03-18 10:04:16.071  INFO 1 --- [io-12031-exec-3] order.service.OrderServiceImpl           : [create][Order Create Success][Order Price][OrderId:3b0851e9-f0e5-4475-b95d-c6c2617da56c , Price: 0.0]
2026-03-18 10:04:16.353  INFO 1 --- [io-12031-exec-2] order.controller.OrderController         : [createNewOrder][Create Order][from shanghai to taiyuan at 1970-01-02 18:17:36]
2026-03-18 10:04:16.353  INFO 1 --- [io-12031-exec-2] order.service.OrderServiceImpl           : [create][Create Order][Ready to Create Order]
2026-03-18 10:04:16.372  INFO 1 --- [io-12031-exec-2] order.service.OrderServiceImpl           : [create][Order Create Success][Order Price][OrderId:61ed0e36-86db-455a-8f6b-e23739a943f1 , Price: 0.0]
2026-03-18 10:04:16.675  INFO 1 --- [io-12031-exec-5] order.controller.OrderController         : [createNewOrder][Create Order][from shanghai to taiyuan at 1970-01-02 18:17:36]
2026-03-18 10:04:16.675  INFO 1 --- [io-12031-exec-5] order.service.OrderServiceImpl           : [create][Create Order][Ready to Create Order]
2026-03-18 10:04:16.704  INFO 1 --- [io-12031-exec-5] order.service.OrderServiceImpl           : [create][Order Create Success][Order Price][OrderId:6a528486-d7fb-45a7-9fb6-77a0f6c980c6 , Price: 0.0]
2026-03-18 10:04:16.960  INFO 1 --- [io-12031-exec-4] order.controller.OrderController         : [createNewOrder][Create Order][from shanghai to taiyuan at 1970-01-02 18:17:36]
2026-03-18 10:04:16.960  INFO 1 --- [io-12031-exec-4] order.service.OrderServiceImpl           : [create][Create Order][Ready to Create Order]
2026-03-18 10:04:16.982  INFO 1 --- [io-12031-exec-4] order.service.OrderServiceImpl           : [create][Order Create Success][Order Price][OrderId:74278c89-72d7-4305-adba-f2ced9a202e0 , Price: 0.0]
2026-03-18 10:04:17.268  INFO 1 --- [io-12031-exec-6] order.controller.OrderController         : [createNewOrder][Create Order][from shanghai to taiyuan at 1970-01-02 18:17:36]
2026-03-18 10:04:17.268  INFO 1 --- [io-12031-exec-6] order.service.OrderServiceImpl           : [create][Create Order][Ready to Create Order]
2026-03-18 10:04:17.395  INFO 1 --- [io-12031-exec-6] order.service.OrderServiceImpl           : [create][Order Create Success][Order Price][OrderId:c0e1d36b-835f-46ec-99a4-a51a9684860c , Price: 0.0]
2026-03-18 10:04:17.660  INFO 1 --- [io-12031-exec-7] order.controller.OrderController         : [createNewOrder][Create Order][from shanghai to taiyuan at 1970-01-02 18:17:36]
2026-03-18 10:04:17.661  INFO 1 --- [io-12031-exec-7] order.service.OrderServiceImpl           : [create][Create Order][Ready to Create Order]
2026-03-18 10:04:17.679  INFO 1 --- [io-12031-exec-7] order.service.OrderServiceImpl           : [create][Order Create Success][Order Price][OrderId:aed1afd8-0b7d-40d3-a6b7-918e88dceb04 , Price: 0.0]
2026-03-18 10:04:17.958  INFO 1 --- [io-12031-exec-8] order.controller.OrderController         : [createNewOrder][Create Order][from shanghai to taiyuan at 1970-01-02 18:17:36]
2026-03-18 10:04:17.958  INFO 1 --- [io-12031-exec-8] order.service.OrderServiceImpl           : [create][Create Order][Ready to Create Order]
2026-03-18 10:04:17.979  INFO 1 --- [io-12031-exec-8] order.service.OrderServiceImpl           : [create][Order Create Success][Order Price][OrderId:7d6c9c93-4d00-4571-a440-546706cda754 , Price: 0.0]
2026-03-18 10:04:18.263  INFO 1 --- [o-12031-exec-10] order.controller.OrderController         : [createNewOrder][Create Order][from shanghai to taiyuan at 1970-01-02 18:17:36]
2026-03-18 10:04:18.263  INFO 1 --- [o-12031-exec-10] order.service.OrderServiceImpl           : [create][Create Order][Ready to Create Order]
2026-03-18 10:04:18.286  INFO 1 --- [o-12031-exec-10] order.service.OrderServiceImpl           : [create][Order Create Success][Order Price][OrderId:44372e82-8440-4ac6-aa43-b4ecd2033b54 , Price: 0.0]
2026-03-18 10:04:18.555  INFO 1 --- [io-12031-exec-9] order.controller.OrderController         : [createNewOrder][Create Order][from shanghai to taiyuan at 1970-01-02 18:17:36]
2026-03-18 10:04:18.555  INFO 1 --- [io-12031-exec-9] order.service.OrderServiceImpl           : [create][Create Order][Ready to Create Order]
2026-03-18 10:04:18.574  INFO 1 --- [io-12031-exec-9] order.service.OrderServiceImpl           : [create][Order Create Success][Order Price][OrderId:ad757cd7-99b7-42c4-8c57-42a595beedfd , Price: 0.0]
2026-03-18 10:04:18.854  INFO 1 --- [io-12031-exec-1] order.controller.OrderController         : [createNewOrder][Create Order][from shanghai to taiyuan at 1970-01-02 18:17:36]
2026-03-18 10:04:18.854  INFO 1 --- [io-12031-exec-1] order.service.OrderServiceImpl           : [create][Create Order][Ready to Create Order]
2026-03-18 10:04:18.891  INFO 1 --- [io-12031-exec-1] order.service.OrderServiceImpl           : [create][Order Create Success][Order Price][OrderId:4537ade2-2085-4b5c-9ada-639200e1fb95 , Price: 0.0]
2026-03-18 10:04:19.159  INFO 1 --- [io-12031-exec-3] order.controller.OrderController         : [createNewOrder][Create Order][from shanghai to taiyuan at 1970-01-02 18:17:36]
2026-03-18 10:04:19.160  INFO 1 --- [io-12031-exec-3] order.service.OrderServiceImpl           : [create][Create Order][Ready to Create Order]
2026-03-18 10:04:19.180  INFO 1 --- [io-12031-exec-3] order.service.OrderServiceImpl           : [create][Order Create Success][Order Price][OrderId:ceec898c-029a-4584-8443-f84f9ea89e0f , Price: 0.0]
2026-03-18 10:04:19.456  INFO 1 --- [io-12031-exec-2] order.controller.OrderController         : [createNewOrder][Create Order][from shanghai to taiyuan at 1970-01-02 18:17:36]
2026-03-18 10:04:19.456  INFO 1 --- [io-12031-exec-2] order.service.OrderServiceImpl           : [create][Create Order][Ready to Create Order]
2026-03-18 10:04:19.476  INFO 1 --- [io-12031-exec-2] order.service.OrderServiceImpl           : [create][Order Create Success][Order Price][OrderId:e8cb835a-92d1-4b8c-b564-e41b468c559e , Price: 0.0]
2026-03-18 10:04:19.754  INFO 1 --- [io-12031-exec-5] order.controller.OrderController         : [createNewOrder][Create Order][from shanghai to taiyuan at 1970-01-02 18:17:36]
2026-03-18 10:04:19.755  INFO 1 --- [io-12031-exec-5] order.service.OrderServiceImpl           : [create][Create Order][Ready to Create Order]
2026-03-18 10:04:19.774  INFO 1 --- [io-12031-exec-5] order.service.OrderServiceImpl           : [create][Order Create Success][Order Price][OrderId:832a2d17-73f1-40d2-8199-bbdabb735500 , Price: 0.0]
2026-03-18 10:04:20.055  INFO 1 --- [io-12031-exec-4] order.controller.OrderController         : [createNewOrder][Create Order][from shanghai to taiyuan at 1970-01-02 18:17:36]
2026-03-18 10:04:20.055  INFO 1 --- [io-12031-exec-4] order.service.OrderServiceImpl           : [create][Create Order][Ready to Create Order]
2026-03-18 10:04:20.075  INFO 1 --- [io-12031-exec-4] order.service.OrderServiceImpl           : [create][Order Create Success][Order Price][OrderId:689f7176-1623-40ae-b4fc-bd50b3501b46 , Price: 0.0]
2026-03-18 10:04:20.358  INFO 1 --- [io-12031-exec-6] order.controller.OrderController         : [createNewOrder][Create Order][from shanghai to taiyuan at 1970-01-02 18:17:36]
2026-03-18 10:04:20.358  INFO 1 --- [io-12031-exec-6] order.service.OrderServiceImpl           : [create][Create Order][Ready to Create Order]
2026-03-18 10:04:20.387  INFO 1 --- [io-12031-exec-6] order.service.OrderServiceImpl           : [create][Order Create Success][Order Price][OrderId:01708799-db26-4a95-873a-9b3ef69a6dd9 , Price: 0.0]
2026-03-18 10:04:20.662  INFO 1 --- [io-12031-exec-7] order.controller.OrderController         : [createNewOrder][Create Order][from shanghai to taiyuan at 1970-01-02 18:17:36]
2026-03-18 10:04:20.662  INFO 1 --- [io-12031-exec-7] order.service.OrderServiceImpl           : [create][Create Order][Ready to Create Order]
2026-03-18 10:04:20.682  INFO 1 --- [io-12031-exec-7] order.service.OrderServiceImpl           : [create][Order Create Success][Order Price][OrderId:d49cde22-143a-4c1f-bf36-6c5b2f3f9252 , Price: 0.0]
2026-03-18 10:04:20.961  INFO 1 --- [io-12031-exec-8] order.controller.OrderController         : [createNewOrder][Create Order][from shanghai to taiyuan at 1970-01-02 18:17:36]
2026-03-18 10:04:20.961  INFO 1 --- [io-12031-exec-8] order.service.OrderServiceImpl           : [create][Create Order][Ready to Create Order]
2026-03-18 10:04:20.982  INFO 1 --- [io-12031-exec-8] order.service.OrderServiceImpl           : [create][Order Create Success][Order Price][OrderId:4159bb30-a264-4987-ad3a-a11b8cde4992 , Price: 0.0]
2026-03-18 10:04:21.261  INFO 1 --- [io-12031-exec-9] order.controller.OrderController         : [createNewOrder][Create Order][from shanghai to taiyuan at 1970-01-02 18:17:36]
2026-03-18 10:04:21.261  INFO 1 --- [io-12031-exec-9] order.service.OrderServiceImpl           : [create][Create Order][Ready to Create Order]
2026-03-18 10:04:21.280  INFO 1 --- [io-12031-exec-9] order.service.OrderServiceImpl           : [create][Order Create Success][Order Price][OrderId:c0358a49-eef9-488b-9854-566123c8f17a , Price: 0.0]
2026-03-18 10:04:21.553  INFO 1 --- [io-12031-exec-1] order.controller.OrderController         : [createNewOrder][Create Order][from shanghai to taiyuan at 1970-01-02 18:17:36]
2026-03-18 10:04:21.553  INFO 1 --- [io-12031-exec-1] order.service.OrderServiceImpl           : [create][Create Order][Ready to Create Order]
2026-03-18 10:04:21.577  INFO 1 --- [io-12031-exec-1] order.service.OrderServiceImpl           : [create][Order Create Success][Order Price][OrderId:71d83a7c-0b12-4c8d-951c-ec2204e7294a , Price: 0.0]
2026-03-18 10:04:21.848  INFO 1 --- [io-12031-exec-3] order.controller.OrderController         : [createNewOrder][Create Order][from shanghai to taiyuan at 1970-01-02 18:17:36]
2026-03-18 10:04:21.848  INFO 1 --- [io-12031-exec-3] order.service.OrderServiceImpl           : [create][Create Order][Ready to Create Order]
2026-03-18 10:04:21.881  INFO 1 --- [io-12031-exec-3] order.service.OrderServiceImpl           : [create][Order Create Success][Order Price][OrderId:23fc6008-28b7-4223-9393-c1eebae35608 , Price: 0.0]
2026-03-18 10:04:22.154  INFO 1 --- [io-12031-exec-2] order.controller.OrderController         : [createNewOrder][Create Order][from shanghai to taiyuan at 1970-01-02 18:17:36]
2026-03-18 10:04:22.154  INFO 1 --- [io-12031-exec-2] order.service.OrderServiceImpl           : [create][Create Order][Ready to Create Order]
2026-03-18 10:04:22.176  INFO 1 --- [io-12031-exec-2] order.service.OrderServiceImpl           : [create][Order Create Success][Order Price][OrderId:72e46fb6-374b-4844-9c1a-3144c8b11b2f , Price: 0.0]
2026-03-18 10:04:22.464  INFO 1 --- [io-12031-exec-5] order.controller.OrderController         : [createNewOrder][Create Order][from shanghai to taiyuan at 1970-01-02 18:17:36]
2026-03-18 10:04:22.465  INFO 1 --- [io-12031-exec-5] order.service.OrderServiceImpl           : [create][Create Order][Ready to Create Order]
2026-03-18 10:04:22.486  INFO 1 --- [io-12031-exec-5] order.service.OrderServiceImpl           : [create][Order Create Success][Order Price][OrderId:3a9b23f0-c73a-4396-a0b3-20ed0bccb239 , Price: 0.0]
2026-03-18 10:04:22.766  INFO 1 --- [io-12031-exec-4] order.controller.OrderController         : [createNewOrder][Create Order][from shanghai to taiyuan at 1970-01-02 18:17:36]
2026-03-18 10:04:22.766  INFO 1 --- [io-12031-exec-4] order.service.OrderServiceImpl           : [create][Create Order][Ready to Create Order]
2026-03-18 10:04:22.786  INFO 1 --- [io-12031-exec-4] order.service.OrderServiceImpl           : [create][Order Create Success][Order Price][OrderId:91617388-088c-49c4-a703-9e2e8ab9a78a , Price: 0.0]
2026-03-18 10:04:23.136  INFO 1 --- [io-12031-exec-6] order.controller.OrderController         : [createNewOrder][Create Order][from shanghai to taiyuan at 1970-01-02 18:17:36]
2026-03-18 10:04:23.136  INFO 1 --- [io-12031-exec-6] order.service.OrderServiceImpl           : [create][Create Order][Ready to Create Order]
2026-03-18 10:04:23.155  INFO 1 --- [io-12031-exec-6] order.service.OrderServiceImpl           : [create][Order Create Success][Order Price][OrderId:bec06b8c-8891-4094-a1d4-369ed9870a85 , Price: 0.0]
2026-03-18 10:04:23.381  INFO 1 --- [io-12031-exec-7] order.controller.OrderController         : [createNewOrder][Create Order][from shanghai to taiyuan at 1970-01-02 18:17:36]
2026-03-18 10:04:23.381  INFO 1 --- [io-12031-exec-7] order.service.OrderServiceImpl           : [create][Create Order][Ready to Create Order]
2026-03-18 10:04:23.689  INFO 1 --- [io-12031-exec-7] order.service.OrderServiceImpl           : [create][Order Create Success][Order Price][OrderId:cf6edbd5-16a3-498f-85ed-27f278a224ab , Price: 0.0]
2026-03-18 10:04:23.954  INFO 1 --- [io-12031-exec-8] order.controller.OrderController         : [createNewOrder][Create Order][from shanghai to taiyuan at 1970-01-02 18:17:36]
2026-03-18 10:04:23.954  INFO 1 --- [io-12031-exec-8] order.service.OrderServiceImpl           : [create][Create Order][Ready to Create Order]
2026-03-18 10:04:23.972  INFO 1 --- [io-12031-exec-8] order.service.OrderServiceImpl           : [create][Order Create Success][Order Price][OrderId:71d99d4e-cca4-405e-b574-298aae606de4 , Price: 0.0]
2026-03-18 10:04:24.240  INFO 1 --- [o-12031-exec-10] order.controller.OrderController         : [createNewOrder][Create Order][from shanghai to taiyuan at 1970-01-02 18:17:36]
2026-03-18 10:04:24.240  INFO 1 --- [o-12031-exec-10] order.service.OrderServiceImpl           : [create][Create Order][Ready to Create Order]
2026-03-18 10:04:24.261  INFO 1 --- [o-12031-exec-10] order.service.OrderServiceImpl           : [create][Order Create Success][Order Price][OrderId:49f25bc2-059d-4340-96f5-22057fa8ee1b , Price: 0.0]
2026-03-18 10:04:24.558  INFO 1 --- [io-12031-exec-9] order.controller.OrderController         : [createNewOrder][Create Order][from shanghai to taiyuan at 1970-01-02 18:17:36]
2026-03-18 10:04:24.558  INFO 1 --- [io-12031-exec-9] order.service.OrderServiceImpl           : [create][Create Order][Ready to Create Order]
2026-03-18 10:04:24.576  INFO 1 --- [io-12031-exec-9] order.service.OrderServiceImpl           : [create][Order Create Success][Order Price][OrderId:167b45f9-4c08-49fa-9871-d981bce3f2c6 , Price: 0.0]
2026-03-18 10:04:24.849  INFO 1 --- [io-12031-exec-1] order.controller.OrderController         : [createNewOrder][Create Order][from shanghai to taiyuan at 1970-01-02 18:17:36]
2026-03-18 10:04:24.849  INFO 1 --- [io-12031-exec-1] order.service.OrderServiceImpl           : [create][Create Order][Ready to Create Order]
2026-03-18 10:04:24.868  INFO 1 --- [io-12031-exec-1] order.service.OrderServiceImpl           : [create][Order Create Success][Order Price][OrderId:f62cb9df-c003-4672-ac7a-3045336b2e07 , Price: 0.0]
2026-03-18 10:04:25.142  INFO 1 --- [io-12031-exec-3] order.controller.OrderController         : [createNewOrder][Create Order][from shanghai to taiyuan at 1970-01-02 18:17:36]
2026-03-18 10:04:25.142  INFO 1 --- [io-12031-exec-3] order.service.OrderServiceImpl           : [create][Create Order][Ready to Create Order]
2026-03-18 10:04:25.274  INFO 1 --- [io-12031-exec-3] order.service.OrderServiceImpl           : [create][Order Create Success][Order Price][OrderId:8bdc2947-072f-4784-a69c-3ebbc11a21f5 , Price: 0.0]
2026-03-18 10:04:25.551  INFO 1 --- [io-12031-exec-2] order.controller.OrderController         : [createNewOrder][Create Order][from shanghai to taiyuan at 1970-01-02 18:17:36]
2026-03-18 10:04:25.551  INFO 1 --- [io-12031-exec-2] order.service.OrderServiceImpl           : [create][Create Order][Ready to Create Order]
2026-03-18 10:04:25.571  INFO 1 --- [io-12031-exec-2] order.service.OrderServiceImpl           : [create][Order Create Success][Order Price][OrderId:f1570f85-fd33-4358-a0f8-eb59bc11c4e3 , Price: 0.0]
2026-03-18 10:04:25.849  INFO 1 --- [io-12031-exec-5] order.controller.OrderController         : [createNewOrder][Create Order][from shanghai to taiyuan at 1970-01-02 18:17:36]
2026-03-18 10:04:25.849  INFO 1 --- [io-12031-exec-5] order.service.OrderServiceImpl           : [create][Create Order][Ready to Create Order]
2026-03-18 10:04:25.868  INFO 1 --- [io-12031-exec-5] order.service.OrderServiceImpl           : [create][Order Create Success][Order Price][OrderId:af1d8a77-554e-4039-b0d5-ec444b5e9d3d , Price: 0.0]
2026-03-18 10:04:26.143  INFO 1 --- [io-12031-exec-4] order.controller.OrderController         : [createNewOrder][Create Order][from shanghai to taiyuan at 1970-01-02 18:17:36]
2026-03-18 10:04:26.143  INFO 1 --- [io-12031-exec-4] order.service.OrderServiceImpl           : [create][Create Order][Ready to Create Order]
2026-03-18 10:04:26.164  INFO 1 --- [io-12031-exec-4] order.service.OrderServiceImpl           : [create][Order Create Success][Order Price][OrderId:74da1fca-1018-454b-9579-311aee4a941e , Price: 0.0]
2026-03-18 10:04:26.447  INFO 1 --- [io-12031-exec-6] order.controller.OrderController         : [createNewOrder][Create Order][from shanghai to taiyuan at 1970-01-02 18:17:36]
2026-03-18 10:04:26.447  INFO 1 --- [io-12031-exec-6] order.service.OrderServiceImpl           : [create][Create Order][Ready to Create Order]
2026-03-18 10:04:26.465  INFO 1 --- [io-12031-exec-6] order.service.OrderServiceImpl           : [create][Order Create Success][Order Price][OrderId:fe28f146-928f-44e6-b770-2b67a4ff15c2 , Price: 0.0]
2026-03-18 10:04:26.758  INFO 1 --- [io-12031-exec-7] order.controller.OrderController         : [createNewOrder][Create Order][from shanghai to taiyuan at 1970-01-02 18:17:36]
2026-03-18 10:04:26.758  INFO 1 --- [io-12031-exec-7] order.service.OrderServiceImpl           : [create][Create Order][Ready to Create Order]
2026-03-18 10:04:26.787  INFO 1 --- [io-12031-exec-7] order.service.OrderServiceImpl           : [create][Order Create Success][Order Price][OrderId:30083054-5eb9-4331-a9a1-607980e13220 , Price: 0.0]
2026-03-18 10:04:27.064  INFO 1 --- [io-12031-exec-8] order.controller.OrderController         : [createNewOrder][Create Order][from shanghai to taiyuan at 1970-01-02 18:17:36]
2026-03-18 10:04:27.064  INFO 1 --- [io-12031-exec-8] order.service.OrderServiceImpl           : [create][Create Order][Ready to Create Order]
2026-03-18 10:04:27.084  INFO 1 --- [io-12031-exec-8] order.service.OrderServiceImpl           : [create][Order Create Success][Order Price][OrderId:c0a351a0-1574-4adf-9e18-82dc08f864bf , Price: 0.0]
2026-03-18 10:04:27.358  INFO 1 --- [o-12031-exec-10] order.controller.OrderController         : [createNewOrder][Create Order][from shanghai to taiyuan at 1970-01-02 18:17:36]
2026-03-18 10:04:27.358  INFO 1 --- [o-12031-exec-10] order.service.OrderServiceImpl           : [create][Create Order][Ready to Create Order]
2026-03-18 10:04:27.379  INFO 1 --- [o-12031-exec-10] order.service.OrderServiceImpl           : [create][Order Create Success][Order Price][OrderId:abff5e9f-423d-4764-8959-5ddb8ad7b871 , Price: 0.0]
2026-03-18 10:04:27.646  INFO 1 --- [io-12031-exec-9] order.controller.OrderController         : [createNewOrder][Create Order][from shanghai to taiyuan at 1970-01-02 18:17:36]
2026-03-18 10:04:27.646  INFO 1 --- [io-12031-exec-9] order.service.OrderServiceImpl           : [create][Create Order][Ready to Create Order]
2026-03-18 10:04:27.663  INFO 1 --- [io-12031-exec-9] order.service.OrderServiceImpl           : [create][Order Create Success][Order Price][OrderId:e78f84e4-5977-4198-bf7d-6adf59d8b756 , Price: 0.0]
2026-03-18 10:04:27.941  INFO 1 --- [io-12031-exec-1] order.controller.OrderController         : [createNewOrder][Create Order][from shanghai to taiyuan at 1970-01-02 18:17:36]
2026-03-18 10:04:27.941  INFO 1 --- [io-12031-exec-1] order.service.OrderServiceImpl           : [create][Create Order][Ready to Create Order]
2026-03-18 10:04:27.961  INFO 1 --- [io-12031-exec-1] order.service.OrderServiceImpl           : [create][Order Create Success][Order Price][OrderId:1fedd07c-c6b5-484a-b25c-2fdf6da984da , Price: 0.0]
2026-03-18 10:04:28.248  INFO 1 --- [io-12031-exec-3] order.controller.OrderController         : [createNewOrder][Create Order][from shanghai to taiyuan at 1970-01-02 18:17:36]
2026-03-18 10:04:28.248  INFO 1 --- [io-12031-exec-3] order.service.OrderServiceImpl           : [create][Create Order][Ready to Create Order]
2026-03-18 10:04:28.376  INFO 1 --- [io-12031-exec-3] order.service.OrderServiceImpl           : [create][Order Create Success][Order Price][OrderId:8903c39e-49c5-4e5a-8e46-2c6f8f712783 , Price: 0.0]
2026-03-18 10:04:28.663  INFO 1 --- [io-12031-exec-2] order.controller.OrderController         : [createNewOrder][Create Order][from shanghai to taiyuan at 1970-01-02 18:17:36]
2026-03-18 10:04:28.663  INFO 1 --- [io-12031-exec-2] order.service.OrderServiceImpl           : [create][Create Order][Ready to Create Order]
2026-03-18 10:04:28.683  INFO 1 --- [io-12031-exec-2] order.service.OrderServiceImpl           : [create][Order Create Success][Order Price][OrderId:7c13510a-d5fc-4be8-a74c-0f6755bb8139 , Price: 0.0]
2026-03-18 10:04:28.959  INFO 1 --- [io-12031-exec-5] order.controller.OrderController         : [createNewOrder][Create Order][from shanghai to taiyuan at 1970-01-02 18:17:36]
2026-03-18 10:04:28.959  INFO 1 --- [io-12031-exec-5] order.service.OrderServiceImpl           : [create][Create Order][Ready to Create Order]
2026-03-18 10:04:28.978  INFO 1 --- [io-12031-exec-5] order.service.OrderServiceImpl           : [create][Order Create Success][Order Price][OrderId:661232df-5e14-452c-bd48-33f045efc645 , Price: 0.0]
2026-03-18 10:04:29.256  INFO 1 --- [io-12031-exec-4] order.controller.OrderController         : [createNewOrder][Create Order][from shanghai to taiyuan at 1970-01-02 18:17:36]
2026-03-18 10:04:29.256  INFO 1 --- [io-12031-exec-4] order.service.OrderServiceImpl           : [create][Create Order][Ready to Create Order]
2026-03-18 10:04:29.283  INFO 1 --- [io-12031-exec-4] order.service.OrderServiceImpl           : [create][Order Create Success][Order Price][OrderId:d419e05b-117f-41a7-8065-636e6b27881b , Price: 0.0]
2026-03-18 10:04:29.560  INFO 1 --- [io-12031-exec-6] order.controller.OrderController         : [createNewOrder][Create Order][from shanghai to taiyuan at 1970-01-02 18:17:36]
2026-03-18 10:04:29.560  INFO 1 --- [io-12031-exec-6] order.service.OrderServiceImpl           : [create][Create Order][Ready to Create Order]
2026-03-18 10:04:29.583  INFO 1 --- [io-12031-exec-6] order.service.OrderServiceImpl           : [create][Order Create Success][Order Price][OrderId:38aa693b-b2fb-4bf5-981a-e241f9dc422d , Price: 0.0]
2026-03-18 10:04:29.862  INFO 1 --- [io-12031-exec-7] order.controller.OrderController         : [createNewOrder][Create Order][from shanghai to taiyuan at 1970-01-02 18:17:36]
2026-03-18 10:04:29.862  INFO 1 --- [io-12031-exec-7] order.service.OrderServiceImpl           : [create][Create Order][Ready to Create Order]
2026-03-18 10:04:30.072  INFO 1 --- [io-12031-exec-7] order.service.OrderServiceImpl           : [create][Order Create Success][Order Price][OrderId:6c468cf1-b83c-4a2f-87a7-2dab39c26205 , Price: 0.0]
2026-03-18 10:04:30.360  INFO 1 --- [io-12031-exec-8] order.controller.OrderController         : [createNewOrder][Create Order][from shanghai to taiyuan at 1970-01-02 18:17:36]
2026-03-18 10:04:30.360  INFO 1 --- [io-12031-exec-8] order.service.OrderServiceImpl           : [create][Create Order][Ready to Create Order]
2026-03-18 10:04:30.380  INFO 1 --- [io-12031-exec-8] order.service.OrderServiceImpl           : [create][Order Create Success][Order Price][OrderId:7396a2ed-5105-45f7-a366-af7a565b2397 , Price: 0.0]
2026-03-18 10:04:30.662  INFO 1 --- [o-12031-exec-10] order.controller.OrderController         : [createNewOrder][Create Order][from shanghai to taiyuan at 1970-01-02 18:17:36]
2026-03-18 10:04:30.663  INFO 1 --- [o-12031-exec-10] order.service.OrderServiceImpl           : [create][Create Order][Ready to Create Order]
2026-03-18 10:04:30.683  INFO 1 --- [o-12031-exec-10] order.service.OrderServiceImpl           : [create][Order Create Success][Order Price][OrderId:59183665-7c20-4526-ab48-12268e4ac021 , Price: 0.0]
2026-03-18 10:04:30.962  INFO 1 --- [io-12031-exec-9] order.controller.OrderController         : [createNewOrder][Create Order][from shanghai to taiyuan at 1970-01-02 18:17:36]
2026-03-18 10:04:30.962  INFO 1 --- [io-12031-exec-9] order.service.OrderServiceImpl           : [create][Create Order][Ready to Create Order]
2026-03-18 10:04:30.984  INFO 1 --- [io-12031-exec-9] order.service.OrderServiceImpl           : [create][Order Create Success][Order Price][OrderId:6e148667-19e1-48bc-8dfa-85df6fa0ebc4 , Price: 0.0]
2026-03-18 10:04:31.267  INFO 1 --- [io-12031-exec-3] order.controller.OrderController         : [createNewOrder][Create Order][from shanghai to taiyuan at 1970-01-02 18:17:36]
2026-03-18 10:04:31.267  INFO 1 --- [io-12031-exec-3] order.service.OrderServiceImpl           : [create][Create Order][Ready to Create Order]
2026-03-18 10:04:31.288  INFO 1 --- [io-12031-exec-3] order.service.OrderServiceImpl           : [create][Order Create Success][Order Price][OrderId:a760ab8e-448c-407c-8185-ae30f002b6f4 , Price: 0.0]
2026-03-18 10:04:31.564  INFO 1 --- [io-12031-exec-2] order.controller.OrderController         : [createNewOrder][Create Order][from shanghai to taiyuan at 1970-01-02 18:17:36]
2026-03-18 10:04:31.564  INFO 1 --- [io-12031-exec-2] order.service.OrderServiceImpl           : [create][Create Order][Ready to Create Order]
2026-03-18 10:04:31.683  INFO 1 --- [io-12031-exec-2] order.service.OrderServiceImpl           : [create][Order Create Success][Order Price][OrderId:927a55f7-2859-40d4-9a20-cc94c33be053 , Price: 0.0]
2026-03-18 10:04:31.961  INFO 1 --- [io-12031-exec-5] order.controller.OrderController         : [createNewOrder][Create Order][from shanghai to taiyuan at 1970-01-02 18:17:36]
2026-03-18 10:04:31.961  INFO 1 --- [io-12031-exec-5] order.service.OrderServiceImpl           : [create][Create Order][Ready to Create Order]
2026-03-18 10:04:31.984  INFO 1 --- [io-12031-exec-5] order.service.OrderServiceImpl           : [create][Order Create Success][Order Price][OrderId:4aaf41bd-6f5e-45cf-8f71-bacbe39fbef0 , Price: 0.0]
2026-03-18 10:04:32.260  INFO 1 --- [io-12031-exec-4] order.controller.OrderController         : [createNewOrder][Create Order][from shanghai to taiyuan at 1970-01-02 18:17:36]
2026-03-18 10:04:32.260  INFO 1 --- [io-12031-exec-4] order.service.OrderServiceImpl           : [create][Create Order][Ready to Create Order]
2026-03-18 10:04:32.281  INFO 1 --- [io-12031-exec-4] order.service.OrderServiceImpl           : [create][Order Create Success][Order Price][OrderId:52f92114-acea-4d72-b1d3-4683573cbf5f , Price: 0.0]
2026-03-18 10:04:32.565  INFO 1 --- [io-12031-exec-6] order.controller.OrderController         : [createNewOrder][Create Order][from shanghai to taiyuan at 1970-01-02 18:17:36]
2026-03-18 10:04:32.565  INFO 1 --- [io-12031-exec-6] order.service.OrderServiceImpl           : [create][Create Order][Ready to Create Order]
2026-03-18 10:04:32.585  INFO 1 --- [io-12031-exec-6] order.service.OrderServiceImpl           : [create][Order Create Success][Order Price][OrderId:d57e8a66-7251-4909-94db-18934412ce4b , Price: 0.0]
2026-03-18 10:04:32.866  INFO 1 --- [io-12031-exec-7] order.controller.OrderController         : [createNewOrder][Create Order][from shanghai to taiyuan at 1970-01-02 18:17:36]
2026-03-18 10:04:32.866  INFO 1 --- [io-12031-exec-7] order.service.OrderServiceImpl           : [create][Create Order][Ready to Create Order]
2026-03-18 10:04:32.886  INFO 1 --- [io-12031-exec-7] order.service.OrderServiceImpl           : [create][Order Create Success][Order Price][OrderId:2e22bd0c-e6d5-44e5-9a70-bdf13635a451 , Price: 0.0]
2026-03-18 10:04:33.161  INFO 1 --- [io-12031-exec-8] order.controller.OrderController         : [createNewOrder][Create Order][from shanghai to taiyuan at 1970-01-02 18:17:36]
2026-03-18 10:04:33.161  INFO 1 --- [io-12031-exec-8] order.service.OrderServiceImpl           : [create][Create Order][Ready to Create Order]
2026-03-18 10:04:33.281  INFO 1 --- [io-12031-exec-8] order.service.OrderServiceImpl           : [create][Order Create Success][Order Price][OrderId:8e315eba-cd2e-47cd-af66-6c0d1a84e446 , Price: 0.0]
2026-03-18 10:04:33.570  INFO 1 --- [o-12031-exec-10] order.controller.OrderController         : [createNewOrder][Create Order][from shanghai to taiyuan at 1970-01-02 18:17:36]
2026-03-18 10:04:33.570  INFO 1 --- [o-12031-exec-10] order.service.OrderServiceImpl           : [create][Create Order][Ready to Create Order]
2026-03-18 10:04:33.590  INFO 1 --- [o-12031-exec-10] order.service.OrderServiceImpl           : [create][Order Create Success][Order Price][OrderId:e44d56f3-929a-4f5f-9cc0-2c127097dbc2 , Price: 0.0]
2026-03-18 10:04:33.857  INFO 1 --- [io-12031-exec-9] order.controller.OrderController         : [createNewOrder][Create Order][from shanghai to taiyuan at 1970-01-02 18:17:36]
2026-03-18 10:04:33.857  INFO 1 --- [io-12031-exec-9] order.service.OrderServiceImpl           : [create][Create Order][Ready to Create Order]
2026-03-18 10:04:33.875  INFO 1 --- [io-12031-exec-9] order.service.OrderServiceImpl           : [create][Order Create Success][Order Price][OrderId:09a0c11a-42b3-4b93-8017-7c78cf92eb70 , Price: 0.0]
2026-03-18 10:04:34.153  INFO 1 --- [io-12031-exec-1] order.controller.OrderController         : [createNewOrder][Create Order][from shanghai to taiyuan at 1970-01-02 18:17:36]
2026-03-18 10:04:34.153  INFO 1 --- [io-12031-exec-1] order.service.OrderServiceImpl           : [create][Create Order][Ready to Create Order]
2026-03-18 10:04:34.175  INFO 1 --- [io-12031-exec-1] order.service.OrderServiceImpl           : [create][Order Create Success][Order Price][OrderId:b68374c5-703d-44be-a974-92d4fcf90276 , Price: 0.0]
2026-03-18 10:04:34.461  INFO 1 --- [io-12031-exec-3] order.controller.OrderController         : [createNewOrder][Create Order][from shanghai to taiyuan at 1970-01-02 18:17:36]
2026-03-18 10:04:34.461  INFO 1 --- [io-12031-exec-3] order.service.OrderServiceImpl           : [create][Create Order][Ready to Create Order]
2026-03-18 10:04:34.482  INFO 1 --- [io-12031-exec-3] order.service.OrderServiceImpl           : [create][Order Create Success][Order Price][OrderId:377f55d5-ef69-4dc4-be5a-938814a672fc , Price: 0.0]
2026-03-18 10:04:34.762  INFO 1 --- [io-12031-exec-2] order.controller.OrderController         : [createNewOrder][Create Order][from shanghai to taiyuan at 1970-01-02 18:17:36]
2026-03-18 10:04:34.762  INFO 1 --- [io-12031-exec-2] order.service.OrderServiceImpl           : [create][Create Order][Ready to Create Order]
2026-03-18 10:04:34.799  INFO 1 --- [io-12031-exec-2] order.service.OrderServiceImpl           : [create][Order Create Success][Order Price][OrderId:e273fef0-1b01-46a5-a74b-1b112e647aee , Price: 0.0]
2026-03-18 10:04:35.059  INFO 1 --- [io-12031-exec-5] order.controller.OrderController         : [createNewOrder][Create Order][from shanghai to taiyuan at 1970-01-02 18:17:36]
2026-03-18 10:04:35.060  INFO 1 --- [io-12031-exec-5] order.service.OrderServiceImpl           : [create][Create Order][Ready to Create Order]
2026-03-18 10:04:35.080  INFO 1 --- [io-12031-exec-5] order.service.OrderServiceImpl           : [create][Order Create Success][Order Price][OrderId:cf3df91a-fd76-456d-9ae1-1edc5ba06b21 , Price: 0.0]
2026-03-18 10:04:35.543  INFO 1 --- [io-12031-exec-4] order.controller.OrderController         : [createNewOrder][Create Order][from shanghai to taiyuan at 1970-01-02 18:17:36]
2026-03-18 10:04:35.543  INFO 1 --- [io-12031-exec-4] order.service.OrderServiceImpl           : [create][Create Order][Ready to Create Order]
2026-03-18 10:04:35.562  INFO 1 --- [io-12031-exec-4] order.service.OrderServiceImpl           : [create][Order Create Success][Order Price][OrderId:045df92f-b0f7-4aa5-8f37-c0411c3e976a , Price: 0.0]
2026-03-18 10:04:35.911  INFO 1 --- [io-12031-exec-6] order.controller.OrderController         : [createNewOrder][Create Order][from shanghai to taiyuan at 1970-01-02 18:17:36]
2026-03-18 10:04:35.911  INFO 1 --- [io-12031-exec-6] order.service.OrderServiceImpl           : [create][Create Order][Ready to Create Order]
2026-03-18 10:04:35.930  INFO 1 --- [io-12031-exec-6] order.service.OrderServiceImpl           : [create][Order Create Success][Order Price][OrderId:2a89d1d3-ac69-4c66-9139-7e12ae6f480c , Price: 0.0]
2026-03-18 10:04:36.212  INFO 1 --- [io-12031-exec-7] order.controller.OrderController         : [createNewOrder][Create Order][from shanghai to taiyuan at 1970-01-02 18:17:36]
2026-03-18 10:04:36.212  INFO 1 --- [io-12031-exec-7] order.service.OrderServiceImpl           : [create][Create Order][Ready to Create Order]
2026-03-18 10:04:36.231  INFO 1 --- [io-12031-exec-7] order.service.OrderServiceImpl           : [create][Order Create Success][Order Price][OrderId:00789d7a-2a36-4fe7-8bff-b54a0a299d26 , Price: 0.0]
2026-03-18 10:04:36.659  INFO 1 --- [io-12031-exec-8] order.controller.OrderController         : [createNewOrder][Create Order][from shanghai to taiyuan at 1970-01-02 18:17:36]
2026-03-18 10:04:36.659  INFO 1 --- [io-12031-exec-8] order.service.OrderServiceImpl           : [create][Create Order][Ready to Create Order]
2026-03-18 10:04:36.693  INFO 1 --- [io-12031-exec-8] order.service.OrderServiceImpl           : [create][Order Create Success][Order Price][OrderId:0cce0d82-4596-48ea-9bd8-e8780f16cf93 , Price: 0.0]
2026-03-18 10:04:37.018  INFO 1 --- [o-12031-exec-10] order.controller.OrderController         : [createNewOrder][Create Order][from shanghai to taiyuan at 1970-01-02 18:17:36]
2026-03-18 10:04:37.018  INFO 1 --- [o-12031-exec-10] order.service.OrderServiceImpl           : [create][Create Order][Ready to Create Order]
2026-03-18 10:04:37.039  INFO 1 --- [o-12031-exec-10] order.service.OrderServiceImpl           : [create][Order Create Success][Order Price][OrderId:c40c0e49-a14a-423e-8e5b-e57c3549d897 , Price: 0.0]
2026-03-18 10:04:37.267  INFO 1 --- [io-12031-exec-9] order.controller.OrderController         : [createNewOrder][Create Order][from shanghai to taiyuan at 1970-01-02 18:17:36]
2026-03-18 10:04:37.267  INFO 1 --- [io-12031-exec-9] order.service.OrderServiceImpl           : [create][Create Order][Ready to Create Order]
2026-03-18 10:04:37.290  INFO 1 --- [io-12031-exec-9] order.service.OrderServiceImpl           : [create][Order Create Success][Order Price][OrderId:661829ae-f0f4-467e-9ce6-4f0eb02dc66e , Price: 0.0]
2026-03-18 10:04:37.555  INFO 1 --- [io-12031-exec-1] order.controller.OrderController         : [createNewOrder][Create Order][from shanghai to taiyuan at 1970-01-02 18:17:36]
2026-03-18 10:04:37.555  INFO 1 --- [io-12031-exec-1] order.service.OrderServiceImpl           : [create][Create Order][Ready to Create Order]
2026-03-18 10:04:37.576  INFO 1 --- [io-12031-exec-1] order.service.OrderServiceImpl           : [create][Order Create Success][Order Price][OrderId:3035f22f-759a-4c2f-bcd6-27684534f84a , Price: 0.0]
2026-03-18 10:04:37.858  INFO 1 --- [io-12031-exec-3] order.controller.OrderController         : [createNewOrder][Create Order][from shanghai to taiyuan at 1970-01-02 18:17:36]
2026-03-18 10:04:37.858  INFO 1 --- [io-12031-exec-3] order.service.OrderServiceImpl           : [create][Create Order][Ready to Create Order]
2026-03-18 10:04:37.878  INFO 1 --- [io-12031-exec-3] order.service.OrderServiceImpl           : [create][Order Create Success][Order Price][OrderId:24974c50-5245-4efb-bd1e-de8d4b2a3c48 , Price: 0.0]
2026-03-18 10:04:38.160  INFO 1 --- [io-12031-exec-2] order.controller.OrderController         : [createNewOrder][Create Order][from shanghai to taiyuan at 1970-01-02 18:17:36]
2026-03-18 10:04:38.160  INFO 1 --- [io-12031-exec-2] order.service.OrderServiceImpl           : [create][Create Order][Ready to Create Order]
2026-03-18 10:04:38.287  INFO 1 --- [io-12031-exec-2] order.service.OrderServiceImpl           : [create][Order Create Success][Order Price][OrderId:d62ce0e8-21e5-47cc-b299-0026ecb0f0c7 , Price: 0.0]
2026-03-18 10:04:38.558  INFO 1 --- [io-12031-exec-5] order.controller.OrderController         : [createNewOrder][Create Order][from shanghai to taiyuan at 1970-01-02 18:17:36]
2026-03-18 10:04:38.558  INFO 1 --- [io-12031-exec-5] order.service.OrderServiceImpl           : [create][Create Order][Ready to Create Order]
2026-03-18 10:04:38.579  INFO 1 --- [io-12031-exec-5] order.service.OrderServiceImpl           : [create][Order Create Success][Order Price][OrderId:4d5128e1-f45c-4059-b402-7089d198d13f , Price: 0.0]
2026-03-18 10:04:38.864  INFO 1 --- [io-12031-exec-4] order.controller.OrderController         : [createNewOrder][Create Order][from shanghai to taiyuan at 1970-01-02 18:17:36]
2026-03-18 10:04:38.864  INFO 1 --- [io-12031-exec-4] order.service.OrderServiceImpl           : [create][Create Order][Ready to Create Order]
2026-03-18 10:04:38.885  INFO 1 --- [io-12031-exec-4] order.service.OrderServiceImpl           : [create][Order Create Success][Order Price][OrderId:37302f5d-c9fc-4eb7-9c92-dde6afcefb43 , Price: 0.0]
2026-03-18 10:04:39.253  INFO 1 --- [io-12031-exec-6] order.controller.OrderController         : [createNewOrder][Create Order][from shanghai to taiyuan at 1970-01-02 18:17:36]
2026-03-18 10:04:39.253  INFO 1 --- [io-12031-exec-6] order.service.OrderServiceImpl           : [create][Create Order][Ready to Create Order]
2026-03-18 10:04:39.273  INFO 1 --- [io-12031-exec-6] order.service.OrderServiceImpl           : [create][Order Create Success][Order Price][OrderId:06cb63c1-11af-4017-85ba-0b89d9593f15 , Price: 0.0]
2026-03-18 10:04:39.548  INFO 1 --- [io-12031-exec-7] order.controller.OrderController         : [createNewOrder][Create Order][from shanghai to taiyuan at 1970-01-02 18:17:36]
2026-03-18 10:04:39.548  INFO 1 --- [io-12031-exec-7] order.service.OrderServiceImpl           : [create][Create Order][Ready to Create Order]
2026-03-18 10:04:39.568  INFO 1 --- [io-12031-exec-7] order.service.OrderServiceImpl           : [create][Order Create Success][Order Price][OrderId:fbca954e-9dde-4f5c-a444-2e10ec399b40 , Price: 0.0]
2026-03-18 10:04:39.873  INFO 1 --- [io-12031-exec-8] order.controller.OrderController         : [createNewOrder][Create Order][from shanghai to taiyuan at 1970-01-02 18:17:36]
2026-03-18 10:04:39.873  INFO 1 --- [io-12031-exec-8] order.service.OrderServiceImpl           : [create][Create Order][Ready to Create Order]
2026-03-18 10:04:40.072  INFO 1 --- [io-12031-exec-8] order.service.OrderServiceImpl           : [create][Order Create Success][Order Price][OrderId:809a2bcd-69d9-4ea6-b50c-650d8cf01ec1 , Price: 0.0]
2026-03-18 10:04:40.359  INFO 1 --- [o-12031-exec-10] order.controller.OrderController         : [createNewOrder][Create Order][from shanghai to taiyuan at 1970-01-02 18:17:36]
2026-03-18 10:04:40.359  INFO 1 --- [o-12031-exec-10] order.service.OrderServiceImpl           : [create][Create Order][Ready to Create Order]
2026-03-18 10:04:40.379  INFO 1 --- [o-12031-exec-10] order.service.OrderServiceImpl           : [create][Order Create Success][Order Price][OrderId:c1c39706-67eb-4a66-9b05-a7a86464f2d9 , Price: 0.0]
2026-03-18 10:04:40.661  INFO 1 --- [io-12031-exec-9] order.controller.OrderController         : [createNewOrder][Create Order][from shanghai to taiyuan at 1970-01-02 18:17:36]
2026-03-18 10:04:40.661  INFO 1 --- [io-12031-exec-9] order.service.OrderServiceImpl           : [create][Create Order][Ready to Create Order]
2026-03-18 10:04:40.681  INFO 1 --- [io-12031-exec-9] order.service.OrderServiceImpl           : [create][Order Create Success][Order Price][OrderId:6478bd84-a2dc-4aaa-a18d-1290cd308102 , Price: 0.0]
2026-03-18 10:04:40.963  INFO 1 --- [io-12031-exec-1] order.controller.OrderController         : [createNewOrder][Create Order][from shanghai to taiyuan at 1970-01-02 18:17:36]
2026-03-18 10:04:40.963  INFO 1 --- [io-12031-exec-1] order.service.OrderServiceImpl           : [create][Create Order][Ready to Create Order]
2026-03-18 10:04:40.985  INFO 1 --- [io-12031-exec-1] order.service.OrderServiceImpl           : [create][Order Create Success][Order Price][OrderId:8d3f9c12-72bb-4f75-b4f6-bd3332e5fa68 , Price: 0.0]
2026-03-18 10:04:41.263  INFO 1 --- [io-12031-exec-2] order.controller.OrderController         : [createNewOrder][Create Order][from shanghai to taiyuan at 1970-01-02 18:17:36]
2026-03-18 10:04:41.263  INFO 1 --- [io-12031-exec-2] order.service.OrderServiceImpl           : [create][Create Order][Ready to Create Order]
2026-03-18 10:04:41.286  INFO 1 --- [io-12031-exec-2] order.service.OrderServiceImpl           : [create][Order Create Success][Order Price][OrderId:47771289-2637-445d-a849-3c977e2a8604 , Price: 0.0]
2026-03-18 10:04:41.572  INFO 1 --- [io-12031-exec-5] order.controller.OrderController         : [createNewOrder][Create Order][from shanghai to taiyuan at 1970-01-02 18:17:36]
2026-03-18 10:04:41.572  INFO 1 --- [io-12031-exec-5] order.service.OrderServiceImpl           : [create][Create Order][Ready to Create Order]
2026-03-18 10:04:41.777  INFO 1 --- [io-12031-exec-5] order.service.OrderServiceImpl           : [create][Order Create Success][Order Price][OrderId:71ddf03b-e471-4c74-a6c5-2468d9849f3d , Price: 0.0]
2026-03-18 10:04:42.070  INFO 1 --- [io-12031-exec-4] order.controller.OrderController         : [createNewOrder][Create Order][from shanghai to taiyuan at 1970-01-02 18:17:36]
2026-03-18 10:04:42.070  INFO 1 --- [io-12031-exec-4] order.service.OrderServiceImpl           : [create][Create Order][Ready to Create Order]
2026-03-18 10:04:42.091  INFO 1 --- [io-12031-exec-4] order.service.OrderServiceImpl           : [create][Order Create Success][Order Price][OrderId:8b7adb66-586d-4dfa-8b77-c82af6d13715 , Price: 0.0]
2026-03-18 10:04:42.368  INFO 1 --- [io-12031-exec-6] order.controller.OrderController         : [createNewOrder][Create Order][from shanghai to taiyuan at 1970-01-02 18:17:36]
2026-03-18 10:04:42.369  INFO 1 --- [io-12031-exec-6] order.service.OrderServiceImpl           : [create][Create Order][Ready to Create Order]
2026-03-18 10:04:42.390  INFO 1 --- [io-12031-exec-6] order.service.OrderServiceImpl           : [create][Order Create Success][Order Price][OrderId:1fc37719-be99-4948-a487-ca1b91b4ff21 , Price: 0.0]
2026-03-18 10:04:42.665  INFO 1 --- [io-12031-exec-7] order.controller.OrderController         : [createNewOrder][Create Order][from shanghai to taiyuan at 1970-01-02 18:17:36]
2026-03-18 10:04:42.665  INFO 1 --- [io-12031-exec-7] order.service.OrderServiceImpl           : [create][Create Order][Ready to Create Order]
2026-03-18 10:04:42.685  INFO 1 --- [io-12031-exec-7] order.service.OrderServiceImpl           : [create][Order Create Success][Order Price][OrderId:642dc150-9be6-4800-9235-82fc2cfd6c1f , Price: 0.0]
2026-03-18 10:04:42.966  INFO 1 --- [io-12031-exec-8] order.controller.OrderController         : [createNewOrder][Create Order][from shanghai to taiyuan at 1970-01-02 18:17:36]
2026-03-18 10:04:42.966  INFO 1 --- [io-12031-exec-8] order.service.OrderServiceImpl           : [create][Create Order][Ready to Create Order]
2026-03-18 10:04:42.987  INFO 1 --- [io-12031-exec-8] order.service.OrderServiceImpl           : [create][Order Create Success][Order Price][OrderId:1d1afefa-9b0b-4e72-9260-45e6e9ce1c50 , Price: 0.0]
2026-03-18 10:04:43.320  INFO 1 --- [o-12031-exec-10] order.controller.OrderController         : [createNewOrder][Create Order][from shanghai to taiyuan at 1970-01-02 18:17:36]
2026-03-18 10:04:43.320  INFO 1 --- [o-12031-exec-10] order.service.OrderServiceImpl           : [create][Create Order][Ready to Create Order]
2026-03-18 10:04:43.592  INFO 1 --- [o-12031-exec-10] order.service.OrderServiceImpl           : [create][Order Create Success][Order Price][OrderId:edddbb5c-a7d4-40a0-9ba2-d084a693acdd , Price: 0.0]
2026-03-18 10:04:43.860  INFO 1 --- [io-12031-exec-9] order.controller.OrderController         : [createNewOrder][Create Order][from shanghai to taiyuan at 1970-01-02 18:17:36]
2026-03-18 10:04:43.860  INFO 1 --- [io-12031-exec-9] order.service.OrderServiceImpl           : [create][Create Order][Ready to Create Order]
2026-03-18 10:04:43.881  INFO 1 --- [io-12031-exec-9] order.service.OrderServiceImpl           : [create][Order Create Success][Order Price][OrderId:0bcad3eb-104c-4e77-9d88-a8fd349b221b , Price: 0.0]
2026-03-18 10:04:44.156  INFO 1 --- [io-12031-exec-1] order.controller.OrderController         : [createNewOrder][Create Order][from shanghai to taiyuan at 1970-01-02 18:17:36]
2026-03-18 10:04:44.156  INFO 1 --- [io-12031-exec-1] order.service.OrderServiceImpl           : [create][Create Order][Ready to Create Order]
2026-03-18 10:04:44.178  INFO 1 --- [io-12031-exec-1] order.service.OrderServiceImpl           : [create][Order Create Success][Order Price][OrderId:647e8c78-8667-4e3d-b3b6-e73004e0ccf6 , Price: 0.0]
2026-03-18 10:04:44.452  INFO 1 --- [io-12031-exec-3] order.controller.OrderController         : [createNewOrder][Create Order][from shanghai to taiyuan at 1970-01-02 18:17:36]
2026-03-18 10:04:44.452  INFO 1 --- [io-12031-exec-3] order.service.OrderServiceImpl           : [create][Create Order][Ready to Create Order]
2026-03-18 10:04:44.472  INFO 1 --- [io-12031-exec-3] order.service.OrderServiceImpl           : [create][Order Create Success][Order Price][OrderId:a1a04c17-98a8-4a03-842d-d9074cf49805 , Price: 0.0]
2026-03-18 10:04:44.747  INFO 1 --- [io-12031-exec-2] order.controller.OrderController         : [createNewOrder][Create Order][from shanghai to taiyuan at 1970-01-02 18:17:36]
2026-03-18 10:04:44.748  INFO 1 --- [io-12031-exec-2] order.service.OrderServiceImpl           : [create][Create Order][Ready to Create Order]
2026-03-18 10:04:44.770  INFO 1 --- [io-12031-exec-2] order.service.OrderServiceImpl           : [create][Order Create Success][Order Price][OrderId:ce9dc0a4-4e75-4f0f-bc7b-81d8ac3cad30 , Price: 0.0]
2026-03-18 10:04:45.056  INFO 1 --- [io-12031-exec-5] order.controller.OrderController         : [createNewOrder][Create Order][from shanghai to taiyuan at 1970-01-02 18:17:36]
2026-03-18 10:04:45.057  INFO 1 --- [io-12031-exec-5] order.service.OrderServiceImpl           : [create][Create Order][Ready to Create Order]
2026-03-18 10:04:45.086  INFO 1 --- [io-12031-exec-5] order.service.OrderServiceImpl           : [create][Order Create Success][Order Price][OrderId:710a6d4f-94cf-4ede-8b39-f39fec78cadb , Price: 0.0]
2026-03-18 10:04:45.370  INFO 1 --- [io-12031-exec-4] order.controller.OrderController         : [createNewOrder][Create Order][from shanghai to taiyuan at 1970-01-02 18:17:36]
2026-03-18 10:04:45.370  INFO 1 --- [io-12031-exec-4] order.service.OrderServiceImpl           : [create][Create Order][Ready to Create Order]
2026-03-18 10:04:45.390  INFO 1 --- [io-12031-exec-4] order.service.OrderServiceImpl           : [create][Order Create Success][Order Price][OrderId:ce18d024-b29b-4b8e-a9c6-6b3cdcabdef0 , Price: 0.0]
2026-03-18 10:04:45.656  INFO 1 --- [io-12031-exec-6] order.controller.OrderController         : [createNewOrder][Create Order][from shanghai to taiyuan at 1970-01-02 18:17:36]
2026-03-18 10:04:45.656  INFO 1 --- [io-12031-exec-6] order.service.OrderServiceImpl           : [create][Create Order][Ready to Create Order]
2026-03-18 10:04:45.675  INFO 1 --- [io-12031-exec-6] order.service.OrderServiceImpl           : [create][Order Create Success][Order Price][OrderId:163fd364-5d5b-4e82-a069-d00c93004288 , Price: 0.0]
2026-03-18 10:04:45.943  INFO 1 --- [io-12031-exec-7] order.controller.OrderController         : [createNewOrder][Create Order][from shanghai to taiyuan at 1970-01-02 18:17:36]
2026-03-18 10:04:45.943  INFO 1 --- [io-12031-exec-7] order.service.OrderServiceImpl           : [create][Create Order][Ready to Create Order]
2026-03-18 10:04:45.963  INFO 1 --- [io-12031-exec-7] order.service.OrderServiceImpl           : [create][Order Create Success][Order Price][OrderId:1ee12ba6-dff4-4298-a79d-9647a25c27c7 , Price: 0.0]
2026-03-18 10:04:46.241  INFO 1 --- [io-12031-exec-8] order.controller.OrderController         : [createNewOrder][Create Order][from shanghai to taiyuan at 1970-01-02 18:17:36]
2026-03-18 10:04:46.241  INFO 1 --- [io-12031-exec-8] order.service.OrderServiceImpl           : [create][Create Order][Ready to Create Order]
2026-03-18 10:04:46.260  INFO 1 --- [io-12031-exec-8] order.service.OrderServiceImpl           : [create][Order Create Success][Order Price][OrderId:01eaef53-95cf-4b96-898a-78fb3211918e , Price: 0.0]
2026-03-18 10:04:46.538  INFO 1 --- [o-12031-exec-10] order.controller.OrderController         : [createNewOrder][Create Order][from shanghai to taiyuan at 1970-01-02 18:17:36]
2026-03-18 10:04:46.538  INFO 1 --- [o-12031-exec-10] order.service.OrderServiceImpl           : [create][Create Order][Ready to Create Order]
2026-03-18 10:04:46.674  INFO 1 --- [o-12031-exec-10] order.service.OrderServiceImpl           : [create][Order Create Success][Order Price][OrderId:61024782-b12c-48a9-9877-2588f81c2d9e , Price: 0.0]
2026-03-18 10:04:46.953  INFO 1 --- [io-12031-exec-9] order.controller.OrderController         : [createNewOrder][Create Order][from shanghai to taiyuan at 1970-01-02 18:17:36]
2026-03-18 10:04:46.953  INFO 1 --- [io-12031-exec-9] order.service.OrderServiceImpl           : [create][Create Order][Ready to Create Order]
2026-03-18 10:04:46.980  INFO 1 --- [io-12031-exec-9] order.service.OrderServiceImpl           : [create][Order Create Success][Order Price][OrderId:1b97a093-3335-467f-9d00-17660e730b97 , Price: 0.0]
2026-03-18 10:04:47.261  INFO 1 --- [io-12031-exec-1] order.controller.OrderController         : [createNewOrder][Create Order][from shanghai to taiyuan at 1970-01-02 18:17:36]
2026-03-18 10:04:47.261  INFO 1 --- [io-12031-exec-1] order.service.OrderServiceImpl           : [create][Create Order][Ready to Create Order]
2026-03-18 10:04:47.284  INFO 1 --- [io-12031-exec-1] order.service.OrderServiceImpl           : [create][Order Create Success][Order Price][OrderId:78f8ae1b-19b1-4a43-b4d4-aae971d3f958 , Price: 0.0]
2026-03-18 10:04:47.557  INFO 1 --- [io-12031-exec-3] order.controller.OrderController         : [createNewOrder][Create Order][from shanghai to taiyuan at 1970-01-02 18:17:36]
2026-03-18 10:04:47.557  INFO 1 --- [io-12031-exec-3] order.service.OrderServiceImpl           : [create][Create Order][Ready to Create Order]
2026-03-18 10:04:47.578  INFO 1 --- [io-12031-exec-3] order.service.OrderServiceImpl           : [create][Order Create Success][Order Price][OrderId:c82e3a1e-0dab-4198-b4eb-6d2cb7155bda , Price: 0.0]
2026-03-18 10:04:47.935  INFO 1 --- [io-12031-exec-2] order.controller.OrderController         : [createNewOrder][Create Order][from shanghai to taiyuan at 1970-01-02 18:17:36]
2026-03-18 10:04:47.935  INFO 1 --- [io-12031-exec-2] order.service.OrderServiceImpl           : [create][Create Order][Ready to Create Order]
2026-03-18 10:04:47.955  INFO 1 --- [io-12031-exec-2] order.service.OrderServiceImpl           : [create][Order Create Success][Order Price][OrderId:13a7c130-b8e6-4525-ba16-5594d40f0450 , Price: 0.0]
2026-03-18 10:04:48.183  INFO 1 --- [io-12031-exec-5] order.controller.OrderController         : [createNewOrder][Create Order][from shanghai to taiyuan at 1970-01-02 18:17:36]
2026-03-18 10:04:48.183  INFO 1 --- [io-12031-exec-5] order.service.OrderServiceImpl           : [create][Create Order][Ready to Create Order]
2026-03-18 10:04:48.382  INFO 1 --- [io-12031-exec-5] order.service.OrderServiceImpl           : [create][Order Create Success][Order Price][OrderId:9e1b31e1-4dde-40ae-90ba-01b5ebb19527 , Price: 0.0]
2026-03-18 10:04:48.671  INFO 1 --- [io-12031-exec-4] order.controller.OrderController         : [createNewOrder][Create Order][from shanghai to taiyuan at 1970-01-02 18:17:36]
2026-03-18 10:04:48.671  INFO 1 --- [io-12031-exec-4] order.service.OrderServiceImpl           : [create][Create Order][Ready to Create Order]
2026-03-18 10:04:48.691  INFO 1 --- [io-12031-exec-4] order.service.OrderServiceImpl           : [create][Order Create Success][Order Price][OrderId:c0668b9c-3af6-4698-b45e-2a1a96119d71 , Price: 0.0]
2026-03-18 10:04:48.958  INFO 1 --- [io-12031-exec-6] order.controller.OrderController         : [createNewOrder][Create Order][from shanghai to taiyuan at 1970-01-02 18:17:36]
2026-03-18 10:04:48.958  INFO 1 --- [io-12031-exec-6] order.service.OrderServiceImpl           : [create][Create Order][Ready to Create Order]
2026-03-18 10:04:48.978  INFO 1 --- [io-12031-exec-6] order.service.OrderServiceImpl           : [create][Order Create Success][Order Price][OrderId:651ce8ba-04f0-45e6-aea4-58b415e2c706 , Price: 0.0]
2026-03-18 10:04:49.253  INFO 1 --- [io-12031-exec-7] order.controller.OrderController         : [createNewOrder][Create Order][from shanghai to taiyuan at 1970-01-02 18:17:36]
2026-03-18 10:04:49.253  INFO 1 --- [io-12031-exec-7] order.service.OrderServiceImpl           : [create][Create Order][Ready to Create Order]
2026-03-18 10:04:49.274  INFO 1 --- [io-12031-exec-7] order.service.OrderServiceImpl           : [create][Order Create Success][Order Price][OrderId:637076e7-9dcc-4364-b5f6-60f7288f3b1e , Price: 0.0]
2026-03-18 10:04:49.552  INFO 1 --- [io-12031-exec-8] order.controller.OrderController         : [createNewOrder][Create Order][from shanghai to taiyuan at 1970-01-02 18:17:36]
2026-03-18 10:04:49.552  INFO 1 --- [io-12031-exec-8] order.service.OrderServiceImpl           : [create][Create Order][Ready to Create Order]
2026-03-18 10:04:49.580  INFO 1 --- [io-12031-exec-8] order.service.OrderServiceImpl           : [create][Order Create Success][Order Price][OrderId:2a18ae08-0442-44df-8811-5a15f129abd5 , Price: 0.0]
2026-03-18 10:04:49.859  INFO 1 --- [o-12031-exec-10] order.controller.OrderController         : [createNewOrder][Create Order][from shanghai to taiyuan at 1970-01-02 18:17:36]
2026-03-18 10:04:49.859  INFO 1 --- [o-12031-exec-10] order.service.OrderServiceImpl           : [create][Create Order][Ready to Create Order]
2026-03-18 10:04:49.970  INFO 1 --- [o-12031-exec-10] order.service.OrderServiceImpl           : [create][Order Create Success][Order Price][OrderId:62d85e59-0c0d-40e8-aed0-46411c9dc15b , Price: 0.0]
2026-03-18 10:04:50.250  INFO 1 --- [io-12031-exec-9] order.controller.OrderController         : [createNewOrder][Create Order][from shanghai to taiyuan at 1970-01-02 18:17:36]
2026-03-18 10:04:50.250  INFO 1 --- [io-12031-exec-9] order.service.OrderServiceImpl           : [create][Create Order][Ready to Create Order]
2026-03-18 10:04:50.270  INFO 1 --- [io-12031-exec-9] order.service.OrderServiceImpl           : [create][Order Create Success][Order Price][OrderId:88940022-a5c8-436d-bb79-fadb55c7d30b , Price: 0.0]
2026-03-18 10:04:50.553  INFO 1 --- [io-12031-exec-1] order.controller.OrderController         : [createNewOrder][Create Order][from shanghai to taiyuan at 1970-01-02 18:17:36]
2026-03-18 10:04:50.553  INFO 1 --- [io-12031-exec-1] order.service.OrderServiceImpl           : [create][Create Order][Ready to Create Order]
2026-03-18 10:04:50.573  INFO 1 --- [io-12031-exec-1] order.service.OrderServiceImpl           : [create][Order Create Success][Order Price][OrderId:2c12cc9b-39a4-4216-b8ea-29324d55eed9 , Price: 0.0]
2026-03-18 10:04:50.854  INFO 1 --- [io-12031-exec-3] order.controller.OrderController         : [createNewOrder][Create Order][from shanghai to taiyuan at 1970-01-02 18:17:36]
2026-03-18 10:04:50.854  INFO 1 --- [io-12031-exec-3] order.service.OrderServiceImpl           : [create][Create Order][Ready to Create Order]
2026-03-18 10:04:50.874  INFO 1 --- [io-12031-exec-3] order.service.OrderServiceImpl           : [create][Order Create Success][Order Price][OrderId:2c39871f-52c7-4c78-a325-304188d7f544 , Price: 0.0]
2026-03-18 10:04:51.151  INFO 1 --- [io-12031-exec-2] order.controller.OrderController         : [createNewOrder][Create Order][from shanghai to taiyuan at 1970-01-02 18:17:36]
2026-03-18 10:04:51.151  INFO 1 --- [io-12031-exec-2] order.service.OrderServiceImpl           : [create][Create Order][Ready to Create Order]
2026-03-18 10:04:51.182  INFO 1 --- [io-12031-exec-2] order.service.OrderServiceImpl           : [create][Order Create Success][Order Price][OrderId:3f6f5ad2-d12e-4c72-992d-1a5ea99eec1d , Price: 0.0]
2026-03-18 10:04:51.460  INFO 1 --- [io-12031-exec-4] order.controller.OrderController         : [createNewOrder][Create Order][from shanghai to taiyuan at 1970-01-02 18:17:36]
2026-03-18 10:04:51.460  INFO 1 --- [io-12031-exec-4] order.service.OrderServiceImpl           : [create][Create Order][Ready to Create Order]
2026-03-18 10:04:51.480  INFO 1 --- [io-12031-exec-4] order.service.OrderServiceImpl           : [create][Order Create Success][Order Price][OrderId:ba69c8fb-4a65-4a58-afe1-0bb7a753c953 , Price: 0.0]
2026-03-18 10:04:51.751  INFO 1 --- [io-12031-exec-6] order.controller.OrderController         : [createNewOrder][Create Order][from shanghai to taiyuan at 1970-01-02 18:17:36]
2026-03-18 10:04:51.751  INFO 1 --- [io-12031-exec-6] order.service.OrderServiceImpl           : [create][Create Order][Ready to Create Order]
2026-03-18 10:04:51.772  INFO 1 --- [io-12031-exec-6] order.service.OrderServiceImpl           : [create][Order Create Success][Order Price][OrderId:5ac4858e-7868-4496-acac-f8f9cdf840f0 , Price: 0.0]
2026-03-18 10:04:52.040  INFO 1 --- [io-12031-exec-7] order.controller.OrderController         : [createNewOrder][Create Order][from shanghai to taiyuan at 1970-01-02 18:17:36]
2026-03-18 10:04:52.040  INFO 1 --- [io-12031-exec-7] order.service.OrderServiceImpl           : [create][Create Order][Ready to Create Order]
2026-03-18 10:04:52.060  INFO 1 --- [io-12031-exec-7] order.service.OrderServiceImpl           : [create][Order Create Success][Order Price][OrderId:052696c8-2484-44f8-9547-9051303ca13e , Price: 0.0]
2026-03-18 10:04:52.340  INFO 1 --- [io-12031-exec-8] order.controller.OrderController         : [createNewOrder][Create Order][from shanghai to taiyuan at 1970-01-02 18:17:36]
2026-03-18 10:04:52.340  INFO 1 --- [io-12031-exec-8] order.service.OrderServiceImpl           : [create][Create Order][Ready to Create Order]
2026-03-18 10:04:52.359  INFO 1 --- [io-12031-exec-8] order.service.OrderServiceImpl           : [create][Order Create Success][Order Price][OrderId:1003c05e-1a12-460d-96b7-24c37e295ee3 , Price: 0.0]
2026-03-18 10:04:52.636  INFO 1 --- [o-12031-exec-10] order.controller.OrderController         : [createNewOrder][Create Order][from shanghai to taiyuan at 1970-01-02 18:17:36]
2026-03-18 10:04:52.636  INFO 1 --- [o-12031-exec-10] order.service.OrderServiceImpl           : [create][Create Order][Ready to Create Order]
2026-03-18 10:04:52.777  INFO 1 --- [o-12031-exec-10] order.service.OrderServiceImpl           : [create][Order Create Success][Order Price][OrderId:450f5fc4-3112-4f3d-a5d7-d86d6ff40706 , Price: 0.0]
2026-03-18 10:04:53.054  INFO 1 --- [io-12031-exec-9] order.controller.OrderController         : [createNewOrder][Create Order][from shanghai to taiyuan at 1970-01-02 18:17:36]
2026-03-18 10:04:53.054  INFO 1 --- [io-12031-exec-9] order.service.OrderServiceImpl           : [create][Create Order][Ready to Create Order]
2026-03-18 10:04:53.074  INFO 1 --- [io-12031-exec-9] order.service.OrderServiceImpl           : [create][Order Create Success][Order Price][OrderId:4915732c-54e2-4acd-82f6-3252d216a909 , Price: 0.0]
2026-03-18 10:04:53.343  INFO 1 --- [io-12031-exec-1] order.controller.OrderController         : [createNewOrder][Create Order][from shanghai to taiyuan at 1970-01-02 18:17:36]
2026-03-18 10:04:53.343  INFO 1 --- [io-12031-exec-1] order.service.OrderServiceImpl           : [create][Create Order][Ready to Create Order]
2026-03-18 10:04:53.362  INFO 1 --- [io-12031-exec-1] order.service.OrderServiceImpl           : [create][Order Create Success][Order Price][OrderId:bc399ce1-35bd-44e0-8455-1a61d836c72c , Price: 0.0]
2026-03-18 10:04:53.637  INFO 1 --- [io-12031-exec-3] order.controller.OrderController         : [createNewOrder][Create Order][from shanghai to taiyuan at 1970-01-02 18:17:36]
2026-03-18 10:04:53.637  INFO 1 --- [io-12031-exec-3] order.service.OrderServiceImpl           : [create][Create Order][Ready to Create Order]
2026-03-18 10:04:53.658  INFO 1 --- [io-12031-exec-3] order.service.OrderServiceImpl           : [create][Order Create Success][Order Price][OrderId:ff8425c6-3da7-411b-af88-421914e7cfea , Price: 0.0]
2026-03-18 10:04:53.939  INFO 1 --- [io-12031-exec-2] order.controller.OrderController         : [createNewOrder][Create Order][from shanghai to taiyuan at 1970-01-02 18:17:36]
2026-03-18 10:04:53.939  INFO 1 --- [io-12031-exec-2] order.service.OrderServiceImpl           : [create][Create Order][Ready to Create Order]
2026-03-18 10:04:53.961  INFO 1 --- [io-12031-exec-2] order.service.OrderServiceImpl           : [create][Order Create Success][Order Price][OrderId:15b07309-c13d-4ca8-932a-6077413d8123 , Price: 0.0]
2026-03-18 10:04:54.260  INFO 1 --- [io-12031-exec-5] order.controller.OrderController         : [createNewOrder][Create Order][from shanghai to taiyuan at 1970-01-02 18:17:36]
2026-03-18 10:04:54.260  INFO 1 --- [io-12031-exec-5] order.service.OrderServiceImpl           : [create][Create Order][Ready to Create Order]
2026-03-18 10:04:54.491  INFO 1 --- [io-12031-exec-5] order.service.OrderServiceImpl           : [create][Order Create Success][Order Price][OrderId:7287c400-9e54-49ff-b39b-897c00ffd2f3 , Price: 0.0]
2026-03-18 10:04:54.762  INFO 1 --- [io-12031-exec-4] order.controller.OrderController         : [createNewOrder][Create Order][from shanghai to taiyuan at 1970-01-02 18:17:36]
2026-03-18 10:04:54.762  INFO 1 --- [io-12031-exec-4] order.service.OrderServiceImpl           : [create][Create Order][Ready to Create Order]
2026-03-18 10:04:54.786  INFO 1 --- [io-12031-exec-4] order.service.OrderServiceImpl           : [create][Order Create Success][Order Price][OrderId:980f79ec-94da-4c3f-9615-cf2633a65f4e , Price: 0.0]
2026-03-18 10:04:55.057  INFO 1 --- [io-12031-exec-6] order.controller.OrderController         : [createNewOrder][Create Order][from shanghai to taiyuan at 1970-01-02 18:17:36]
2026-03-18 10:04:55.057  INFO 1 --- [io-12031-exec-6] order.service.OrderServiceImpl           : [create][Create Order][Ready to Create Order]
2026-03-18 10:04:55.078  INFO 1 --- [io-12031-exec-6] order.service.OrderServiceImpl           : [create][Order Create Success][Order Price][OrderId:ceb8001c-0d28-47ac-a6ba-d093c1660077 , Price: 0.0]
2026-03-18 10:04:55.356  INFO 1 --- [io-12031-exec-7] order.controller.OrderController         : [createNewOrder][Create Order][from shanghai to taiyuan at 1970-01-02 18:17:36]
2026-03-18 10:04:55.356  INFO 1 --- [io-12031-exec-7] order.service.OrderServiceImpl           : [create][Create Order][Ready to Create Order]
2026-03-18 10:04:55.375  INFO 1 --- [io-12031-exec-7] order.service.OrderServiceImpl           : [create][Order Create Success][Order Price][OrderId:d61965ea-90da-4f8e-b07f-11bc3eb2c9d9 , Price: 0.0]
2026-03-18 10:04:55.660  INFO 1 --- [io-12031-exec-8] order.controller.OrderController         : [createNewOrder][Create Order][from shanghai to taiyuan at 1970-01-02 18:17:36]
2026-03-18 10:04:55.660  INFO 1 --- [io-12031-exec-8] order.service.OrderServiceImpl           : [create][Create Order][Ready to Create Order]
2026-03-18 10:04:55.681  INFO 1 --- [io-12031-exec-8] order.service.OrderServiceImpl           : [create][Order Create Success][Order Price][OrderId:531ca010-9c5f-42bd-be73-d91dfe7eb621 , Price: 0.0]
2026-03-18 10:04:55.955  INFO 1 --- [o-12031-exec-10] order.controller.OrderController         : [createNewOrder][Create Order][from shanghai to taiyuan at 1970-01-02 18:17:36]
2026-03-18 10:04:55.955  INFO 1 --- [o-12031-exec-10] order.service.OrderServiceImpl           : [create][Create Order][Ready to Create Order]
2026-03-18 10:04:55.983  INFO 1 --- [o-12031-exec-10] order.service.OrderServiceImpl           : [create][Order Create Success][Order Price][OrderId:31cc9e71-7842-400e-8b46-2dead2b6a895 , Price: 0.0]
2026-03-18 10:04:56.252  INFO 1 --- [io-12031-exec-9] order.controller.OrderController         : [createNewOrder][Create Order][from shanghai to taiyuan at 1970-01-02 18:17:36]
2026-03-18 10:04:56.252  INFO 1 --- [io-12031-exec-9] order.service.OrderServiceImpl           : [create][Create Order][Ready to Create Order]
2026-03-18 10:04:56.272  INFO 1 --- [io-12031-exec-9] order.service.OrderServiceImpl           : [create][Order Create Success][Order Price][OrderId:8afd6d54-b5db-4481-bb35-fa693e8a23e2 , Price: 0.0]
2026-03-18 10:04:56.550  INFO 1 --- [io-12031-exec-1] order.controller.OrderController         : [createNewOrder][Create Order][from shanghai to taiyuan at 1970-01-02 18:17:36]
2026-03-18 10:04:56.550  INFO 1 --- [io-12031-exec-1] order.service.OrderServiceImpl           : [create][Create Order][Ready to Create Order]
2026-03-18 10:04:56.570  INFO 1 --- [io-12031-exec-1] order.service.OrderServiceImpl           : [create][Order Create Success][Order Price][OrderId:9288987c-899c-4d26-a0fd-6a2a55a7940d , Price: 0.0]
2026-03-18 10:04:56.849  INFO 1 --- [io-12031-exec-3] order.controller.OrderController         : [createNewOrder][Create Order][from shanghai to taiyuan at 1970-01-02 18:17:36]
2026-03-18 10:04:56.849  INFO 1 --- [io-12031-exec-3] order.service.OrderServiceImpl           : [create][Create Order][Ready to Create Order]
2026-03-18 10:04:56.868  INFO 1 --- [io-12031-exec-3] order.service.OrderServiceImpl           : [create][Order Create Success][Order Price][OrderId:70f1074b-b9ab-4d9d-bcb3-269607f00d40 , Price: 0.0]
2026-03-18 10:04:57.135  INFO 1 --- [io-12031-exec-2] order.controller.OrderController         : [createNewOrder][Create Order][from shanghai to taiyuan at 1970-01-02 18:17:36]
2026-03-18 10:04:57.135  INFO 1 --- [io-12031-exec-2] order.service.OrderServiceImpl           : [create][Create Order][Ready to Create Order]
2026-03-18 10:04:57.155  INFO 1 --- [io-12031-exec-2] order.service.OrderServiceImpl           : [create][Order Create Success][Order Price][OrderId:60fc3631-f71e-46c4-bb48-0f252261f265 , Price: 0.0]
2026-03-18 10:04:57.376  INFO 1 --- [io-12031-exec-5] order.controller.OrderController         : [createNewOrder][Create Order][from shanghai to taiyuan at 1970-01-02 18:17:36]
2026-03-18 10:04:57.376  INFO 1 --- [io-12031-exec-5] order.service.OrderServiceImpl           : [create][Create Order][Ready to Create Order]
2026-03-18 10:04:57.588  INFO 1 --- [io-12031-exec-5] order.service.OrderServiceImpl           : [create][Order Create Success][Order Price][OrderId:0deff25a-c0cb-4d9c-acc2-849c99ea1de7 , Price: 0.0]
2026-03-18 10:04:57.855  INFO 1 --- [io-12031-exec-4] order.controller.OrderController         : [createNewOrder][Create Order][from shanghai to taiyuan at 1970-01-02 18:17:36]
2026-03-18 10:04:57.855  INFO 1 --- [io-12031-exec-4] order.service.OrderServiceImpl           : [create][Create Order][Ready to Create Order]
2026-03-18 10:04:57.876  INFO 1 --- [io-12031-exec-4] order.service.OrderServiceImpl           : [create][Order Create Success][Order Price][OrderId:e3823fb1-0db5-4eed-903b-eccb07091ff7 , Price: 0.0]
2026-03-18 10:04:58.155  INFO 1 --- [io-12031-exec-6] order.controller.OrderController         : [createNewOrder][Create Order][from shanghai to taiyuan at 1970-01-02 18:17:36]
2026-03-18 10:04:58.156  INFO 1 --- [io-12031-exec-6] order.service.OrderServiceImpl           : [create][Create Order][Ready to Create Order]
2026-03-18 10:04:58.176  INFO 1 --- [io-12031-exec-6] order.service.OrderServiceImpl           : [create][Order Create Success][Order Price][OrderId:eec99dbb-65df-404d-8003-a568a4ef79e0 , Price: 0.0]
2026-03-18 10:04:58.464  INFO 1 --- [io-12031-exec-7] order.controller.OrderController         : [createNewOrder][Create Order][from shanghai to taiyuan at 1970-01-02 18:17:36]
2026-03-18 10:04:58.464  INFO 1 --- [io-12031-exec-7] order.service.OrderServiceImpl           : [create][Create Order][Ready to Create Order]
2026-03-18 10:04:58.486  INFO 1 --- [io-12031-exec-7] order.service.OrderServiceImpl           : [create][Order Create Success][Order Price][OrderId:53b07c00-cbd4-42cb-b666-cda608e1e891 , Price: 0.0]
2026-03-18 10:04:58.766  INFO 1 --- [io-12031-exec-8] order.controller.OrderController         : [createNewOrder][Create Order][from shanghai to taiyuan at 1970-01-02 18:17:36]
2026-03-18 10:04:58.766  INFO 1 --- [io-12031-exec-8] order.service.OrderServiceImpl           : [create][Create Order][Ready to Create Order]
2026-03-18 10:04:58.967  INFO 1 --- [io-12031-exec-8] order.service.OrderServiceImpl           : [create][Order Create Success][Order Price][OrderId:c6fea75f-4983-4ce2-9199-d17224cd3ad9 , Price: 0.0]
2026-03-18 10:04:59.262  INFO 1 --- [o-12031-exec-10] order.controller.OrderController         : [createNewOrder][Create Order][from shanghai to taiyuan at 1970-01-02 18:17:36]
2026-03-18 10:04:59.262  INFO 1 --- [o-12031-exec-10] order.service.OrderServiceImpl           : [create][Create Order][Ready to Create Order]
2026-03-18 10:04:59.286  INFO 1 --- [o-12031-exec-10] order.service.OrderServiceImpl           : [create][Order Create Success][Order Price][OrderId:32e67b08-9e75-435d-949e-f803c6c04b5a , Price: 0.0]
2026-03-18 10:04:59.557  INFO 1 --- [io-12031-exec-9] order.controller.OrderController         : [createNewOrder][Create Order][from shanghai to taiyuan at 1970-01-02 18:17:36]
2026-03-18 10:04:59.557  INFO 1 --- [io-12031-exec-9] order.service.OrderServiceImpl           : [create][Create Order][Ready to Create Order]
2026-03-18 10:04:59.579  INFO 1 --- [io-12031-exec-9] order.service.OrderServiceImpl           : [create][Order Create Success][Order Price][OrderId:bc2fad99-e5f0-4b1b-99ee-dc941d3ce049 , Price: 0.0]
2026-03-18 10:04:59.865  INFO 1 --- [io-12031-exec-1] order.controller.OrderController         : [createNewOrder][Create Order][from shanghai to taiyuan at 1970-01-02 18:17:36]
2026-03-18 10:04:59.865  INFO 1 --- [io-12031-exec-1] order.service.OrderServiceImpl           : [create][Create Order][Ready to Create Order]
2026-03-18 10:04:59.886  INFO 1 --- [io-12031-exec-1] order.service.OrderServiceImpl           : [create][Order Create Success][Order Price][OrderId:f28f0845-dc40-4a99-bf24-69578722a013 , Price: 0.0]
2026-03-18 10:05:00.169  INFO 1 --- [io-12031-exec-3] order.controller.OrderController         : [createNewOrder][Create Order][from shanghai to taiyuan at 1970-01-02 18:17:36]
2026-03-18 10:05:00.169  INFO 1 --- [io-12031-exec-3] order.service.OrderServiceImpl           : [create][Create Order][Ready to Create Order]
2026-03-18 10:05:00.190  INFO 1 --- [io-12031-exec-3] order.service.OrderServiceImpl           : [create][Order Create Success][Order Price][OrderId:34032887-94e0-4649-a436-0af503592bf1 , Price: 0.0]
2026-03-18 10:05:00.647  INFO 1 --- [io-12031-exec-2] order.controller.OrderController         : [createNewOrder][Create Order][from shanghai to taiyuan at 1970-01-02 18:17:36]
2026-03-18 10:05:00.647  INFO 1 --- [io-12031-exec-2] order.service.OrderServiceImpl           : [create][Create Order][Ready to Create Order]
2026-03-18 10:05:00.790  INFO 1 --- [io-12031-exec-2] order.service.OrderServiceImpl           : [create][Order Create Success][Order Price][OrderId:4dad2d6f-e71d-4c83-b0f0-e68dc498faa9 , Price: 0.0]
2026-03-18 10:05:01.062  INFO 1 --- [io-12031-exec-5] order.controller.OrderController         : [createNewOrder][Create Order][from shanghai to taiyuan at 1970-01-02 18:17:36]
2026-03-18 10:05:01.062  INFO 1 --- [io-12031-exec-5] order.service.OrderServiceImpl           : [create][Create Order][Ready to Create Order]
2026-03-18 10:05:01.084  INFO 1 --- [io-12031-exec-5] order.service.OrderServiceImpl           : [create][Order Create Success][Order Price][OrderId:e1a2fca5-e270-49f2-9275-98ca2c9e7221 , Price: 0.0]
2026-03-18 10:05:01.363  INFO 1 --- [io-12031-exec-6] order.controller.OrderController         : [createNewOrder][Create Order][from shanghai to taiyuan at 1970-01-02 18:17:36]
2026-03-18 10:05:01.363  INFO 1 --- [io-12031-exec-6] order.service.OrderServiceImpl           : [create][Create Order][Ready to Create Order]
2026-03-18 10:05:01.385  INFO 1 --- [io-12031-exec-6] order.service.OrderServiceImpl           : [create][Order Create Success][Order Price][OrderId:b6c1742e-2bf0-4759-8ef2-6d1e71a54b95 , Price: 0.0]
2026-03-18 10:05:01.662  INFO 1 --- [io-12031-exec-7] order.controller.OrderController         : [createNewOrder][Create Order][from shanghai to taiyuan at 1970-01-02 18:17:36]
2026-03-18 10:05:01.662  INFO 1 --- [io-12031-exec-7] order.service.OrderServiceImpl           : [create][Create Order][Ready to Create Order]
2026-03-18 10:05:01.683  INFO 1 --- [io-12031-exec-7] order.service.OrderServiceImpl           : [create][Order Create Success][Order Price][OrderId:6a06ec77-654c-42b4-b6dc-b64609521c93 , Price: 0.0]
2026-03-18 10:05:01.964  INFO 1 --- [io-12031-exec-8] order.controller.OrderController         : [createNewOrder][Create Order][from shanghai to taiyuan at 1970-01-02 18:17:36]
2026-03-18 10:05:01.964  INFO 1 --- [io-12031-exec-8] order.service.OrderServiceImpl           : [create][Create Order][Ready to Create Order]
2026-03-18 10:05:01.983  INFO 1 --- [io-12031-exec-8] order.service.OrderServiceImpl           : [create][Order Create Success][Order Price][OrderId:5457e4cf-28fd-4279-b399-4bf80dd65764 , Price: 0.0]
2026-03-18 10:05:02.333  INFO 1 --- [o-12031-exec-10] order.controller.OrderController         : [createNewOrder][Create Order][from shanghai to taiyuan at 1970-01-02 18:17:36]
2026-03-18 10:05:02.333  INFO 1 --- [o-12031-exec-10] order.service.OrderServiceImpl           : [create][Create Order][Ready to Create Order]
2026-03-18 10:05:02.392  INFO 1 --- [o-12031-exec-10] order.service.OrderServiceImpl           : [create][Order Create Success][Order Price][OrderId:6cff303b-f5fd-4166-8c7f-a96cf1356798 , Price: 0.0]
2026-03-18 10:05:02.932  INFO 1 --- [io-12031-exec-9] order.controller.OrderController         : [createNewOrder][Create Order][from shanghai to taiyuan at 1970-01-02 18:17:36]
2026-03-18 10:05:02.932  INFO 1 --- [io-12031-exec-9] order.service.OrderServiceImpl           : [create][Create Order][Ready to Create Order]
2026-03-18 10:05:02.951  INFO 1 --- [io-12031-exec-9] order.service.OrderServiceImpl           : [create][Order Create Success][Order Price][OrderId:dc282254-5a18-4f83-b55f-6f62ab58cf61 , Price: 0.0]
2026-03-18 10:05:03.183  INFO 1 --- [io-12031-exec-1] order.controller.OrderController         : [createNewOrder][Create Order][from shanghai to taiyuan at 1970-01-02 18:17:36]
2026-03-18 10:05:03.184  INFO 1 --- [io-12031-exec-1] order.service.OrderServiceImpl           : [create][Create Order][Ready to Create Order]
2026-03-18 10:05:03.205  INFO 1 --- [io-12031-exec-1] order.service.OrderServiceImpl           : [create][Order Create Success][Order Price][OrderId:e6114004-418e-4ea2-8f72-4dcd35614c10 , Price: 0.0]
2026-03-18 10:05:03.469  INFO 1 --- [io-12031-exec-3] order.controller.OrderController         : [createNewOrder][Create Order][from shanghai to taiyuan at 1970-01-02 18:17:36]
2026-03-18 10:05:03.469  INFO 1 --- [io-12031-exec-3] order.service.OrderServiceImpl           : [create][Create Order][Ready to Create Order]
2026-03-18 10:05:03.490  INFO 1 --- [io-12031-exec-3] order.service.OrderServiceImpl           : [create][Order Create Success][Order Price][OrderId:bc2f133b-bb86-405b-aea1-cea95f85b6d7 , Price: 0.0]
2026-03-18 10:05:03.776  INFO 1 --- [io-12031-exec-2] order.controller.OrderController         : [createNewOrder][Create Order][from shanghai to taiyuan at 1970-01-02 18:17:36]
2026-03-18 10:05:03.776  INFO 1 --- [io-12031-exec-2] order.service.OrderServiceImpl           : [create][Create Order][Ready to Create Order]
2026-03-18 10:05:03.973  INFO 1 --- [io-12031-exec-2] order.service.OrderServiceImpl           : [create][Order Create Success][Order Price][OrderId:8c399add-66fb-424c-9222-1f7324a1b571 , Price: 0.0]
2026-03-18 10:05:04.261  INFO 1 --- [io-12031-exec-5] order.controller.OrderController         : [createNewOrder][Create Order][from shanghai to taiyuan at 1970-01-02 18:17:36]
2026-03-18 10:05:04.261  INFO 1 --- [io-12031-exec-5] order.service.OrderServiceImpl           : [create][Create Order][Ready to Create Order]
2026-03-18 10:05:04.284  INFO 1 --- [io-12031-exec-5] order.service.OrderServiceImpl           : [create][Order Create Success][Order Price][OrderId:ab64309c-1682-4be6-b3d6-55e89c89fc7d , Price: 0.0]
2026-03-18 10:05:04.560  INFO 1 --- [io-12031-exec-4] order.controller.OrderController         : [createNewOrder][Create Order][from shanghai to taiyuan at 1970-01-02 18:17:36]
2026-03-18 10:05:04.560  INFO 1 --- [io-12031-exec-4] order.service.OrderServiceImpl           : [create][Create Order][Ready to Create Order]
2026-03-18 10:05:04.580  INFO 1 --- [io-12031-exec-4] order.service.OrderServiceImpl           : [create][Order Create Success][Order Price][OrderId:e1c86c4a-a7cf-4381-8aa0-d5b0b019fff2 , Price: 0.0]
2026-03-18 10:05:04.860  INFO 1 --- [io-12031-exec-6] order.controller.OrderController         : [createNewOrder][Create Order][from shanghai to taiyuan at 1970-01-02 18:17:36]
2026-03-18 10:05:04.861  INFO 1 --- [io-12031-exec-6] order.service.OrderServiceImpl           : [create][Create Order][Ready to Create Order]
2026-03-18 10:05:04.882  INFO 1 --- [io-12031-exec-6] order.service.OrderServiceImpl           : [create][Order Create Success][Order Price][OrderId:9392051b-6d36-4a53-870f-d599192a0d28 , Price: 0.0]
2026-03-18 10:05:05.161  INFO 1 --- [io-12031-exec-7] order.controller.OrderController         : [createNewOrder][Create Order][from shanghai to taiyuan at 1970-01-02 18:17:36]
2026-03-18 10:05:05.162  INFO 1 --- [io-12031-exec-7] order.service.OrderServiceImpl           : [create][Create Order][Ready to Create Order]
2026-03-18 10:05:05.182  INFO 1 --- [io-12031-exec-7] order.service.OrderServiceImpl           : [create][Order Create Success][Order Price][OrderId:3183a07a-7723-49d9-8ea1-e99cecbf7e1a , Price: 0.0]
2026-03-18 10:05:05.464  INFO 1 --- [io-12031-exec-8] order.controller.OrderController         : [createNewOrder][Create Order][from shanghai to taiyuan at 1970-01-02 18:17:36]
2026-03-18 10:05:05.464  INFO 1 --- [io-12031-exec-8] order.service.OrderServiceImpl           : [create][Create Order][Ready to Create Order]
2026-03-18 10:05:05.586  INFO 1 --- [io-12031-exec-8] order.service.OrderServiceImpl           : [create][Order Create Success][Order Price][OrderId:0272e57e-6daa-4219-a2b9-0751212e4c80 , Price: 0.0]
2026-03-18 10:05:05.857  INFO 1 --- [o-12031-exec-10] order.controller.OrderController         : [createNewOrder][Create Order][from shanghai to taiyuan at 1970-01-02 18:17:36]
2026-03-18 10:05:05.857  INFO 1 --- [o-12031-exec-10] order.service.OrderServiceImpl           : [create][Create Order][Ready to Create Order]
2026-03-18 10:05:05.881  INFO 1 --- [o-12031-exec-10] order.service.OrderServiceImpl           : [create][Order Create Success][Order Price][OrderId:ed9b42bf-6c46-4754-99ec-7f53ab188299 , Price: 0.0]
2026-03-18 10:05:06.159  INFO 1 --- [io-12031-exec-9] order.controller.OrderController         : [createNewOrder][Create Order][from shanghai to taiyuan at 1970-01-02 18:17:36]
2026-03-18 10:05:06.159  INFO 1 --- [io-12031-exec-9] order.service.OrderServiceImpl           : [create][Create Order][Ready to Create Order]
2026-03-18 10:05:06.181  INFO 1 --- [io-12031-exec-9] order.service.OrderServiceImpl           : [create][Order Create Success][Order Price][OrderId:9e5789e2-2a04-4331-b3aa-94b6916e6e69 , Price: 0.0]
2026-03-18 10:05:06.458  INFO 1 --- [io-12031-exec-1] order.controller.OrderController         : [createNewOrder][Create Order][from shanghai to taiyuan at 1970-01-02 18:17:36]
2026-03-18 10:05:06.458  INFO 1 --- [io-12031-exec-1] order.service.OrderServiceImpl           : [create][Create Order][Ready to Create Order]
2026-03-18 10:05:06.480  INFO 1 --- [io-12031-exec-1] order.service.OrderServiceImpl           : [create][Order Create Success][Order Price][OrderId:9ea13765-e1e4-4a17-a4eb-6308970e0761 , Price: 0.0]
2026-03-18 10:05:06.762  INFO 1 --- [io-12031-exec-3] order.controller.OrderController         : [createNewOrder][Create Order][from shanghai to taiyuan at 1970-01-02 18:17:36]
2026-03-18 10:05:06.762  INFO 1 --- [io-12031-exec-3] order.service.OrderServiceImpl           : [create][Create Order][Ready to Create Order]
2026-03-18 10:05:06.786  INFO 1 --- [io-12031-exec-3] order.service.OrderServiceImpl           : [create][Order Create Success][Order Price][OrderId:e68c8474-bcde-454c-b9ce-4d23a5c609ca , Price: 0.0]
2026-03-18 10:05:07.057  INFO 1 --- [io-12031-exec-2] order.controller.OrderController         : [createNewOrder][Create Order][from shanghai to taiyuan at 1970-01-02 18:17:36]
2026-03-18 10:05:07.057  INFO 1 --- [io-12031-exec-2] order.service.OrderServiceImpl           : [create][Create Order][Ready to Create Order]
2026-03-18 10:05:07.092  INFO 1 --- [io-12031-exec-2] order.service.OrderServiceImpl           : [create][Order Create Success][Order Price][OrderId:966ff855-60d0-4cb4-aada-c99476182e8f , Price: 0.0]
2026-03-18 10:05:07.359  INFO 1 --- [io-12031-exec-5] order.controller.OrderController         : [createNewOrder][Create Order][from shanghai to taiyuan at 1970-01-02 18:17:36]
2026-03-18 10:05:07.360  INFO 1 --- [io-12031-exec-5] order.service.OrderServiceImpl           : [create][Create Order][Ready to Create Order]
2026-03-18 10:05:07.381  INFO 1 --- [io-12031-exec-5] order.service.OrderServiceImpl           : [create][Order Create Success][Order Price][OrderId:36a6cbb8-8dd0-4cbc-9d08-1526469443e7 , Price: 0.0]
2026-03-18 10:05:07.861  INFO 1 --- [io-12031-exec-4] order.controller.OrderController         : [createNewOrder][Create Order][from shanghai to taiyuan at 1970-01-02 18:17:36]
2026-03-18 10:05:07.861  INFO 1 --- [io-12031-exec-4] order.service.OrderServiceImpl           : [create][Create Order][Ready to Create Order]
2026-03-18 10:05:07.885  INFO 1 --- [io-12031-exec-4] order.service.OrderServiceImpl           : [create][Order Create Success][Order Price][OrderId:5f1ff16b-358c-4c84-8a67-3531e1de805e , Price: 0.0]
2026-03-18 10:05:08.156  INFO 1 --- [io-12031-exec-6] order.controller.OrderController         : [createNewOrder][Create Order][from shanghai to taiyuan at 1970-01-02 18:17:36]
2026-03-18 10:05:08.156  INFO 1 --- [io-12031-exec-6] order.service.OrderServiceImpl           : [create][Create Order][Ready to Create Order]
2026-03-18 10:05:08.176  INFO 1 --- [io-12031-exec-6] order.service.OrderServiceImpl           : [create][Order Create Success][Order Price][OrderId:d9f531a5-43d7-438c-8a65-ce90dafde21d , Price: 0.0]
2026-03-18 10:05:08.458  INFO 1 --- [io-12031-exec-7] order.controller.OrderController         : [createNewOrder][Create Order][from shanghai to taiyuan at 1970-01-02 18:17:36]
2026-03-18 10:05:08.458  INFO 1 --- [io-12031-exec-7] order.service.OrderServiceImpl           : [create][Create Order][Ready to Create Order]
2026-03-18 10:05:08.673  INFO 1 --- [io-12031-exec-7] order.service.OrderServiceImpl           : [create][Order Create Success][Order Price][OrderId:1cc15104-f1f0-49b3-8572-de7a44a9e5c8 , Price: 0.0]
2026-03-18 10:05:08.949  INFO 1 --- [io-12031-exec-8] order.controller.OrderController         : [createNewOrder][Create Order][from shanghai to taiyuan at 1970-01-02 18:17:36]
2026-03-18 10:05:08.949  INFO 1 --- [io-12031-exec-8] order.service.OrderServiceImpl           : [create][Create Order][Ready to Create Order]
2026-03-18 10:05:08.971  INFO 1 --- [io-12031-exec-8] order.service.OrderServiceImpl           : [create][Order Create Success][Order Price][OrderId:599ff050-aa05-47cf-968e-ac03b127d024 , Price: 0.0]
2026-03-18 10:05:09.256  INFO 1 --- [o-12031-exec-10] order.controller.OrderController         : [createNewOrder][Create Order][from shanghai to taiyuan at 1970-01-02 18:17:36]
2026-03-18 10:05:09.256  INFO 1 --- [o-12031-exec-10] order.service.OrderServiceImpl           : [create][Create Order][Ready to Create Order]
2026-03-18 10:05:09.276  INFO 1 --- [o-12031-exec-10] order.service.OrderServiceImpl           : [create][Order Create Success][Order Price][OrderId:e1d313af-da09-4fa0-bf35-4b35cc8334c0 , Price: 0.0]
2026-03-18 10:05:09.549  INFO 1 --- [io-12031-exec-9] order.controller.OrderController         : [createNewOrder][Create Order][from shanghai to taiyuan at 1970-01-02 18:17:36]
2026-03-18 10:05:09.549  INFO 1 --- [io-12031-exec-9] order.service.OrderServiceImpl           : [create][Create Order][Ready to Create Order]
2026-03-18 10:05:09.570  INFO 1 --- [io-12031-exec-9] order.service.OrderServiceImpl           : [create][Order Create Success][Order Price][OrderId:83688fc5-d7af-4a89-89e2-44a2ef8a3222 , Price: 0.0]
2026-03-18 10:05:09.846  INFO 1 --- [io-12031-exec-1] order.controller.OrderController         : [createNewOrder][Create Order][from shanghai to taiyuan at 1970-01-02 18:17:36]
2026-03-18 10:05:09.846  INFO 1 --- [io-12031-exec-1] order.service.OrderServiceImpl           : [create][Create Order][Ready to Create Order]
2026-03-18 10:05:09.867  INFO 1 --- [io-12031-exec-1] order.service.OrderServiceImpl           : [create][Order Create Success][Order Price][OrderId:0aba7cd4-64ca-4d57-a8f9-40002ee6f2f5 , Price: 0.0]
2026-03-18 10:05:10.152  INFO 1 --- [io-12031-exec-3] order.controller.OrderController         : [createNewOrder][Create Order][from shanghai to taiyuan at 1970-01-02 18:17:36]
2026-03-18 10:05:10.152  INFO 1 --- [io-12031-exec-3] order.service.OrderServiceImpl           : [create][Create Order][Ready to Create Order]
2026-03-18 10:05:10.187  INFO 1 --- [io-12031-exec-3] order.service.OrderServiceImpl           : [create][Order Create Success][Order Price][OrderId:55b955f8-9f34-482e-af1f-d67729328da3 , Price: 0.0]
2026-03-18 10:05:10.455  INFO 1 --- [io-12031-exec-2] order.controller.OrderController         : [createNewOrder][Create Order][from shanghai to taiyuan at 1970-01-02 18:17:36]
2026-03-18 10:05:10.455  INFO 1 --- [io-12031-exec-2] order.service.OrderServiceImpl           : [create][Create Order][Ready to Create Order]
2026-03-18 10:05:10.476  INFO 1 --- [io-12031-exec-2] order.service.OrderServiceImpl           : [create][Order Create Success][Order Price][OrderId:9a830cf2-1b92-486c-a040-69412ca7e185 , Price: 0.0]
2026-03-18 10:05:10.758  INFO 1 --- [io-12031-exec-5] order.controller.OrderController         : [createNewOrder][Create Order][from shanghai to taiyuan at 1970-01-02 18:17:36]
2026-03-18 10:05:10.758  INFO 1 --- [io-12031-exec-5] order.service.OrderServiceImpl           : [create][Create Order][Ready to Create Order]
2026-03-18 10:05:10.779  INFO 1 --- [io-12031-exec-5] order.service.OrderServiceImpl           : [create][Order Create Success][Order Price][OrderId:12a9db22-726b-4b92-943e-529ee392cbe5 , Price: 0.0]
2026-03-18 10:05:11.067  INFO 1 --- [io-12031-exec-4] order.controller.OrderController         : [createNewOrder][Create Order][from shanghai to taiyuan at 1970-01-02 18:17:36]
2026-03-18 10:05:11.067  INFO 1 --- [io-12031-exec-4] order.service.OrderServiceImpl           : [create][Create Order][Ready to Create Order]
2026-03-18 10:05:11.086  INFO 1 --- [io-12031-exec-4] order.service.OrderServiceImpl           : [create][Order Create Success][Order Price][OrderId:e266f4b9-ff34-4390-b8d2-dea73fd25c94 , Price: 0.0]
2026-03-18 10:05:11.358  INFO 1 --- [io-12031-exec-7] order.controller.OrderController         : [createNewOrder][Create Order][from shanghai to taiyuan at 1970-01-02 18:17:36]
2026-03-18 10:05:11.358  INFO 1 --- [io-12031-exec-7] order.service.OrderServiceImpl           : [create][Create Order][Ready to Create Order]
2026-03-18 10:05:11.479  INFO 1 --- [io-12031-exec-7] order.service.OrderServiceImpl           : [create][Order Create Success][Order Price][OrderId:abdbf98f-d7b4-41ee-ade4-5de0c779a741 , Price: 0.0]
2026-03-18 10:05:11.755  INFO 1 --- [io-12031-exec-8] order.controller.OrderController         : [createNewOrder][Create Order][from shanghai to taiyuan at 1970-01-02 18:17:36]
2026-03-18 10:05:11.755  INFO 1 --- [io-12031-exec-8] order.service.OrderServiceImpl           : [create][Create Order][Ready to Create Order]
2026-03-18 10:05:11.777  INFO 1 --- [io-12031-exec-8] order.service.OrderServiceImpl           : [create][Order Create Success][Order Price][OrderId:e5113a12-851c-4522-9036-fd37bb3a497f , Price: 0.0]
2026-03-18 10:05:12.057  INFO 1 --- [o-12031-exec-10] order.controller.OrderController         : [createNewOrder][Create Order][from shanghai to taiyuan at 1970-01-02 18:17:36]
2026-03-18 10:05:12.057  INFO 1 --- [o-12031-exec-10] order.service.OrderServiceImpl           : [create][Create Order][Ready to Create Order]
2026-03-18 10:05:12.078  INFO 1 --- [o-12031-exec-10] order.service.OrderServiceImpl           : [create][Order Create Success][Order Price][OrderId:e568182c-e0c4-4045-8910-df8118d3ff9d , Price: 0.0]
2026-03-18 10:05:12.349  INFO 1 --- [io-12031-exec-9] order.controller.OrderController         : [createNewOrder][Create Order][from shanghai to taiyuan at 1970-01-02 18:17:36]
2026-03-18 10:05:12.349  INFO 1 --- [io-12031-exec-9] order.service.OrderServiceImpl           : [create][Create Order][Ready to Create Order]
2026-03-18 10:05:12.370  INFO 1 --- [io-12031-exec-9] order.service.OrderServiceImpl           : [create][Order Create Success][Order Price][OrderId:baf3d028-bea0-4a03-862c-4453fa38e861 , Price: 0.0]
2026-03-18 10:05:12.647  INFO 1 --- [io-12031-exec-1] order.controller.OrderController         : [createNewOrder][Create Order][from shanghai to taiyuan at 1970-01-02 18:17:36]
2026-03-18 10:05:12.647  INFO 1 --- [io-12031-exec-1] order.service.OrderServiceImpl           : [create][Create Order][Ready to Create Order]
2026-03-18 10:05:12.667  INFO 1 --- [io-12031-exec-1] order.service.OrderServiceImpl           : [create][Order Create Success][Order Price][OrderId:23ae4925-6627-4e74-b698-a12bb8a00805 , Price: 0.0]
2026-03-18 10:05:13.063  INFO 1 --- [io-12031-exec-3] order.controller.OrderController         : [createNewOrder][Create Order][from shanghai to taiyuan at 1970-01-02 18:17:36]
2026-03-18 10:05:13.063  INFO 1 --- [io-12031-exec-3] order.service.OrderServiceImpl           : [create][Create Order][Ready to Create Order]
2026-03-18 10:05:13.192  INFO 1 --- [io-12031-exec-3] order.service.OrderServiceImpl           : [create][Order Create Success][Order Price][OrderId:806913cd-348e-41fd-a3af-f777ff8ebf3e , Price: 0.0]
2026-03-18 10:05:13.458  INFO 1 --- [io-12031-exec-2] order.controller.OrderController         : [createNewOrder][Create Order][from shanghai to taiyuan at 1970-01-02 18:17:36]
2026-03-18 10:05:13.458  INFO 1 --- [io-12031-exec-2] order.service.OrderServiceImpl           : [create][Create Order][Ready to Create Order]
2026-03-18 10:05:13.479  INFO 1 --- [io-12031-exec-2] order.service.OrderServiceImpl           : [create][Order Create Success][Order Price][OrderId:d43bda1f-7141-4da3-b11c-7068d61b6af7 , Price: 0.0]
2026-03-18 10:05:13.754  INFO 1 --- [io-12031-exec-5] order.controller.OrderController         : [createNewOrder][Create Order][from shanghai to taiyuan at 1970-01-02 18:17:36]
2026-03-18 10:05:13.754  INFO 1 --- [io-12031-exec-5] order.service.OrderServiceImpl           : [create][Create Order][Ready to Create Order]
2026-03-18 10:05:13.775  INFO 1 --- [io-12031-exec-5] order.service.OrderServiceImpl           : [create][Order Create Success][Order Price][OrderId:2dba0ad2-3105-4b66-ab52-2c93858c4dd8 , Price: 0.0]
2026-03-18 10:05:14.048  INFO 1 --- [io-12031-exec-4] order.controller.OrderController         : [createNewOrder][Create Order][from shanghai to taiyuan at 1970-01-02 18:17:36]
2026-03-18 10:05:14.048  INFO 1 --- [io-12031-exec-4] order.service.OrderServiceImpl           : [create][Create Order][Ready to Create Order]
2026-03-18 10:05:14.068  INFO 1 --- [io-12031-exec-4] order.service.OrderServiceImpl           : [create][Order Create Success][Order Price][OrderId:e425e0b4-8e8b-49bb-b1f1-47d7d13aadc0 , Price: 0.0]
2026-03-18 10:05:14.349  INFO 1 --- [io-12031-exec-6] order.controller.OrderController         : [createNewOrder][Create Order][from shanghai to taiyuan at 1970-01-02 18:17:36]
2026-03-18 10:05:14.349  INFO 1 --- [io-12031-exec-6] order.service.OrderServiceImpl           : [create][Create Order][Ready to Create Order]
2026-03-18 10:05:14.371  INFO 1 --- [io-12031-exec-6] order.service.OrderServiceImpl           : [create][Order Create Success][Order Price][OrderId:6984e2e8-0a47-4b02-9f02-73885ce0cc47 , Price: 0.0]
2026-03-18 10:05:14.648  INFO 1 --- [io-12031-exec-7] order.controller.OrderController         : [createNewOrder][Create Order][from shanghai to taiyuan at 1970-01-02 18:17:36]
2026-03-18 10:05:14.648  INFO 1 --- [io-12031-exec-7] order.service.OrderServiceImpl           : [create][Create Order][Ready to Create Order]
2026-03-18 10:05:14.693  INFO 1 --- [io-12031-exec-7] order.service.OrderServiceImpl           : [create][Order Create Success][Order Price][OrderId:e6fbf551-8063-4073-9ee6-31b99417c2a2 , Price: 0.0]
2026-03-18 10:05:14.958  INFO 1 --- [io-12031-exec-8] order.controller.OrderController         : [createNewOrder][Create Order][from shanghai to taiyuan at 1970-01-02 18:17:36]
2026-03-18 10:05:14.958  INFO 1 --- [io-12031-exec-8] order.service.OrderServiceImpl           : [create][Create Order][Ready to Create Order]
2026-03-18 10:05:14.981  INFO 1 --- [io-12031-exec-8] order.service.OrderServiceImpl           : [create][Order Create Success][Order Price][OrderId:64b2fea7-ebe8-4a01-8fe2-4eba8059945b , Price: 0.0]
2026-03-18 10:05:15.257  INFO 1 --- [o-12031-exec-10] order.controller.OrderController         : [createNewOrder][Create Order][from shanghai to taiyuan at 1970-01-02 18:17:36]
2026-03-18 10:05:15.257  INFO 1 --- [o-12031-exec-10] order.service.OrderServiceImpl           : [create][Create Order][Ready to Create Order]
2026-03-18 10:05:15.279  INFO 1 --- [o-12031-exec-10] order.service.OrderServiceImpl           : [create][Order Create Success][Order Price][OrderId:7b5541c6-50a1-4b60-a40e-f44f37d9de20 , Price: 0.0]
2026-03-18 10:05:15.551  INFO 1 --- [io-12031-exec-9] order.controller.OrderController         : [createNewOrder][Create Order][from shanghai to taiyuan at 1970-01-02 18:17:36]
2026-03-18 10:05:15.551  INFO 1 --- [io-12031-exec-9] order.service.OrderServiceImpl           : [create][Create Order][Ready to Create Order]
2026-03-18 10:05:15.570  INFO 1 --- [io-12031-exec-9] order.service.OrderServiceImpl           : [create][Order Create Success][Order Price][OrderId:95fb019a-835e-4f0b-a9cb-a88d86c9e14a , Price: 0.0]
2026-03-18 10:05:15.847  INFO 1 --- [io-12031-exec-1] order.controller.OrderController         : [createNewOrder][Create Order][from shanghai to taiyuan at 1970-01-02 18:17:36]
2026-03-18 10:05:15.847  INFO 1 --- [io-12031-exec-1] order.service.OrderServiceImpl           : [create][Create Order][Ready to Create Order]
2026-03-18 10:05:15.989  INFO 1 --- [io-12031-exec-1] order.service.OrderServiceImpl           : [create][Order Create Success][Order Price][OrderId:ca20e8f3-68ec-4bfa-a753-ce51f3e1d832 , Price: 0.0]
2026-03-18 10:05:16.254  INFO 1 --- [io-12031-exec-3] order.controller.OrderController         : [createNewOrder][Create Order][from shanghai to taiyuan at 1970-01-02 18:17:36]
2026-03-18 10:05:16.254  INFO 1 --- [io-12031-exec-3] order.service.OrderServiceImpl           : [create][Create Order][Ready to Create Order]
2026-03-18 10:05:16.276  INFO 1 --- [io-12031-exec-3] order.service.OrderServiceImpl           : [create][Order Create Success][Order Price][OrderId:d93711ef-93be-4a9a-aca9-b05164d0b710 , Price: 0.0]
2026-03-18 10:05:16.555  INFO 1 --- [io-12031-exec-2] order.controller.OrderController         : [createNewOrder][Create Order][from shanghai to taiyuan at 1970-01-02 18:17:36]
2026-03-18 10:05:16.555  INFO 1 --- [io-12031-exec-2] order.service.OrderServiceImpl           : [create][Create Order][Ready to Create Order]
2026-03-18 10:05:16.575  INFO 1 --- [io-12031-exec-2] order.service.OrderServiceImpl           : [create][Order Create Success][Order Price][OrderId:da1602bb-199d-460e-a4aa-b73e5d716d14 , Price: 0.0]
2026-03-18 10:05:16.857  INFO 1 --- [io-12031-exec-5] order.controller.OrderController         : [createNewOrder][Create Order][from shanghai to taiyuan at 1970-01-02 18:17:36]
2026-03-18 10:05:16.857  INFO 1 --- [io-12031-exec-5] order.service.OrderServiceImpl           : [create][Create Order][Ready to Create Order]
2026-03-18 10:05:16.877  INFO 1 --- [io-12031-exec-5] order.service.OrderServiceImpl           : [create][Order Create Success][Order Price][OrderId:8b7c3dc3-77da-4f06-a559-472d9bf1d37f , Price: 0.0]
2026-03-18 10:05:17.149  INFO 1 --- [io-12031-exec-4] order.controller.OrderController         : [createNewOrder][Create Order][from shanghai to taiyuan at 1970-01-02 18:17:36]
2026-03-18 10:05:17.149  INFO 1 --- [io-12031-exec-4] order.service.OrderServiceImpl           : [create][Create Order][Ready to Create Order]
2026-03-18 10:05:17.169  INFO 1 --- [io-12031-exec-4] order.service.OrderServiceImpl           : [create][Order Create Success][Order Price][OrderId:1b6587d1-d761-42cd-ae8b-0132337c6abc , Price: 0.0]
2026-03-18 10:05:17.446  INFO 1 --- [io-12031-exec-6] order.controller.OrderController         : [createNewOrder][Create Order][from shanghai to taiyuan at 1970-01-02 18:17:36]
2026-03-18 10:05:17.446  INFO 1 --- [io-12031-exec-6] order.service.OrderServiceImpl           : [create][Create Order][Ready to Create Order]
2026-03-18 10:05:17.493  INFO 1 --- [io-12031-exec-6] order.service.OrderServiceImpl           : [create][Order Create Success][Order Price][OrderId:18a1fcec-519e-481d-82ad-d3212a60142e , Price: 0.0]
2026-03-18 10:05:17.953  INFO 1 --- [io-12031-exec-7] order.controller.OrderController         : [createNewOrder][Create Order][from shanghai to taiyuan at 1970-01-02 18:17:36]
2026-03-18 10:05:17.953  INFO 1 --- [io-12031-exec-7] order.service.OrderServiceImpl           : [create][Create Order][Ready to Create Order]
2026-03-18 10:05:17.976  INFO 1 --- [io-12031-exec-7] order.service.OrderServiceImpl           : [create][Order Create Success][Order Price][OrderId:54e250e2-dbe3-463e-b196-8f4944452ffc , Price: 0.0]
2026-03-18 10:05:18.263  INFO 1 --- [io-12031-exec-8] order.controller.OrderController         : [createNewOrder][Create Order][from shanghai to taiyuan at 1970-01-02 18:17:36]
2026-03-18 10:05:18.264  INFO 1 --- [io-12031-exec-8] order.service.OrderServiceImpl           : [create][Create Order][Ready to Create Order]
2026-03-18 10:05:18.287  INFO 1 --- [io-12031-exec-8] order.service.OrderServiceImpl           : [create][Order Create Success][Order Price][OrderId:273959c4-e7e8-416e-8a02-77e421021b13 , Price: 0.0]
2026-03-18 10:05:18.558  INFO 1 --- [o-12031-exec-10] order.controller.OrderController         : [createNewOrder][Create Order][from shanghai to taiyuan at 1970-01-02 18:17:36]
2026-03-18 10:05:18.558  INFO 1 --- [o-12031-exec-10] order.service.OrderServiceImpl           : [create][Create Order][Ready to Create Order]
2026-03-18 10:05:18.579  INFO 1 --- [o-12031-exec-10] order.service.OrderServiceImpl           : [create][Order Create Success][Order Price][OrderId:89b41eb8-2336-42a6-9d5f-dcaeb67be610 , Price: 0.0]
2026-03-18 10:05:18.853  INFO 1 --- [io-12031-exec-9] order.controller.OrderController         : [createNewOrder][Create Order][from shanghai to taiyuan at 1970-01-02 18:17:36]
2026-03-18 10:05:18.853  INFO 1 --- [io-12031-exec-9] order.service.OrderServiceImpl           : [create][Create Order][Ready to Create Order]
2026-03-18 10:05:18.883  INFO 1 --- [io-12031-exec-9] order.service.OrderServiceImpl           : [create][Order Create Success][Order Price][OrderId:6d105980-5266-4731-b59d-9fc69523a42e , Price: 0.0]
2026-03-18 10:05:19.160  INFO 1 --- [io-12031-exec-1] order.controller.OrderController         : [createNewOrder][Create Order][from shanghai to taiyuan at 1970-01-02 18:17:36]
2026-03-18 10:05:19.160  INFO 1 --- [io-12031-exec-1] order.service.OrderServiceImpl           : [create][Create Order][Ready to Create Order]
2026-03-18 10:05:19.180  INFO 1 --- [io-12031-exec-1] order.service.OrderServiceImpl           : [create][Order Create Success][Order Price][OrderId:fc41d3d2-100f-40c4-a005-1a65d2864725 , Price: 0.0]
2026-03-18 10:05:19.455  INFO 1 --- [io-12031-exec-3] order.controller.OrderController         : [createNewOrder][Create Order][from shanghai to taiyuan at 1970-01-02 18:17:36]
2026-03-18 10:05:19.456  INFO 1 --- [io-12031-exec-3] order.service.OrderServiceImpl           : [create][Create Order][Ready to Create Order]
2026-03-18 10:05:19.475  INFO 1 --- [io-12031-exec-3] order.service.OrderServiceImpl           : [create][Order Create Success][Order Price][OrderId:4c95a468-2a7f-4a52-afaa-b32a5b5f04ab , Price: 0.0]
2026-03-18 10:05:19.752  INFO 1 --- [io-12031-exec-2] order.controller.OrderController         : [createNewOrder][Create Order][from shanghai to taiyuan at 1970-01-02 18:17:36]
2026-03-18 10:05:19.752  INFO 1 --- [io-12031-exec-2] order.service.OrderServiceImpl           : [create][Create Order][Ready to Create Order]
2026-03-18 10:05:19.773  INFO 1 --- [io-12031-exec-2] order.service.OrderServiceImpl           : [create][Order Create Success][Order Price][OrderId:c0a6e3f6-536c-4f36-b147-0d5f1c464186 , Price: 0.0]
2026-03-18 10:05:20.061  INFO 1 --- [io-12031-exec-5] order.controller.OrderController         : [createNewOrder][Create Order][from shanghai to taiyuan at 1970-01-02 18:17:36]
2026-03-18 10:05:20.061  INFO 1 --- [io-12031-exec-5] order.service.OrderServiceImpl           : [create][Create Order][Ready to Create Order]
2026-03-18 10:05:20.086  INFO 1 --- [io-12031-exec-5] order.service.OrderServiceImpl           : [create][Order Create Success][Order Price][OrderId:a29830e9-ecf3-44f8-8ab9-5278ad204c78 , Price: 0.0]
2026-03-18 10:05:20.358  INFO 1 --- [io-12031-exec-4] order.controller.OrderController         : [createNewOrder][Create Order][from shanghai to taiyuan at 1970-01-02 18:17:36]
2026-03-18 10:05:20.358  INFO 1 --- [io-12031-exec-4] order.service.OrderServiceImpl           : [create][Create Order][Ready to Create Order]
2026-03-18 10:05:20.588  INFO 1 --- [io-12031-exec-4] order.service.OrderServiceImpl           : [create][Order Create Success][Order Price][OrderId:20418acd-a6be-484d-95d8-e0ee928fd7a9 , Price: 0.0]
2026-03-18 10:05:20.872  INFO 1 --- [io-12031-exec-6] order.controller.OrderController         : [createNewOrder][Create Order][from shanghai to taiyuan at 1970-01-02 18:17:36]
2026-03-18 10:05:20.873  INFO 1 --- [io-12031-exec-6] order.service.OrderServiceImpl           : [create][Create Order][Ready to Create Order]
2026-03-18 10:05:20.893  INFO 1 --- [io-12031-exec-6] order.service.OrderServiceImpl           : [create][Order Create Success][Order Price][OrderId:7b74c376-b099-4ffa-9625-e9c647ad7b7c , Price: 0.0]
2026-03-18 10:05:21.158  INFO 1 --- [io-12031-exec-7] order.controller.OrderController         : [createNewOrder][Create Order][from shanghai to taiyuan at 1970-01-02 18:17:36]
2026-03-18 10:05:21.159  INFO 1 --- [io-12031-exec-7] order.service.OrderServiceImpl           : [create][Create Order][Ready to Create Order]
2026-03-18 10:05:21.180  INFO 1 --- [io-12031-exec-7] order.service.OrderServiceImpl           : [create][Order Create Success][Order Price][OrderId:3dd474d1-cc5a-4ccf-907e-ff165793682e , Price: 0.0]
2026-03-18 10:05:21.461  INFO 1 --- [o-12031-exec-10] order.controller.OrderController         : [createNewOrder][Create Order][from shanghai to taiyuan at 1970-01-02 18:17:36]
2026-03-18 10:05:21.461  INFO 1 --- [o-12031-exec-10] order.service.OrderServiceImpl           : [create][Create Order][Ready to Create Order]
2026-03-18 10:05:21.482  INFO 1 --- [o-12031-exec-10] order.service.OrderServiceImpl           : [create][Order Create Success][Order Price][OrderId:2ea6ed5e-8b59-475e-80d0-ccc00dedd036 , Price: 0.0]
2026-03-18 10:05:21.754  INFO 1 --- [io-12031-exec-9] order.controller.OrderController         : [createNewOrder][Create Order][from shanghai to taiyuan at 1970-01-02 18:17:36]
2026-03-18 10:05:21.754  INFO 1 --- [io-12031-exec-9] order.service.OrderServiceImpl           : [create][Create Order][Ready to Create Order]
2026-03-18 10:05:21.784  INFO 1 --- [io-12031-exec-9] order.service.OrderServiceImpl           : [create][Order Create Success][Order Price][OrderId:391aa581-991e-4846-bf70-1b75b14eb584 , Price: 0.0]
2026-03-18 10:05:22.056  INFO 1 --- [io-12031-exec-1] order.controller.OrderController         : [createNewOrder][Create Order][from shanghai to taiyuan at 1970-01-02 18:17:36]
2026-03-18 10:05:22.056  INFO 1 --- [io-12031-exec-1] order.service.OrderServiceImpl           : [create][Create Order][Ready to Create Order]
2026-03-18 10:05:22.075  INFO 1 --- [io-12031-exec-1] order.service.OrderServiceImpl           : [create][Order Create Success][Order Price][OrderId:298dcdb8-9bb1-42f6-8a11-cb92b1aae21d , Price: 0.0]
2026-03-18 10:05:22.357  INFO 1 --- [io-12031-exec-3] order.controller.OrderController         : [createNewOrder][Create Order][from shanghai to taiyuan at 1970-01-02 18:17:36]
2026-03-18 10:05:22.357  INFO 1 --- [io-12031-exec-3] order.service.OrderServiceImpl           : [create][Create Order][Ready to Create Order]
2026-03-18 10:05:22.378  INFO 1 --- [io-12031-exec-3] order.service.OrderServiceImpl           : [create][Order Create Success][Order Price][OrderId:9b1404b3-f935-46f8-8668-24d5cfe7a102 , Price: 0.0]
2026-03-18 10:05:22.651  INFO 1 --- [io-12031-exec-2] order.controller.OrderController         : [createNewOrder][Create Order][from shanghai to taiyuan at 1970-01-02 18:17:36]
2026-03-18 10:05:22.651  INFO 1 --- [io-12031-exec-2] order.service.OrderServiceImpl           : [create][Create Order][Ready to Create Order]
2026-03-18 10:05:22.671  INFO 1 --- [io-12031-exec-2] order.service.OrderServiceImpl           : [create][Order Create Success][Order Price][OrderId:a167ba85-10bd-4439-8b90-17fdc728dee4 , Price: 0.0]
2026-03-18 10:05:22.945  INFO 1 --- [io-12031-exec-5] order.controller.OrderController         : [createNewOrder][Create Order][from shanghai to taiyuan at 1970-01-02 18:17:36]
2026-03-18 10:05:22.945  INFO 1 --- [io-12031-exec-5] order.service.OrderServiceImpl           : [create][Create Order][Ready to Create Order]
2026-03-18 10:05:22.978  INFO 1 --- [io-12031-exec-5] order.service.OrderServiceImpl           : [create][Order Create Success][Order Price][OrderId:ee4b2cdf-bd67-41ff-85b0-bfa467c72078 , Price: 0.0]
2026-03-18 10:05:23.259  INFO 1 --- [io-12031-exec-4] order.controller.OrderController         : [createNewOrder][Create Order][from shanghai to taiyuan at 1970-01-02 18:17:36]
2026-03-18 10:05:23.259  INFO 1 --- [io-12031-exec-4] order.service.OrderServiceImpl           : [create][Create Order][Ready to Create Order]
2026-03-18 10:05:23.388  INFO 1 --- [io-12031-exec-4] order.service.OrderServiceImpl           : [create][Order Create Success][Order Price][OrderId:c383861f-45f6-4302-b968-d8474b3410f8 , Price: 0.0]
2026-03-18 10:05:23.667  INFO 1 --- [io-12031-exec-6] order.controller.OrderController         : [createNewOrder][Create Order][from shanghai to taiyuan at 1970-01-02 18:17:36]
2026-03-18 10:05:23.667  INFO 1 --- [io-12031-exec-6] order.service.OrderServiceImpl           : [create][Create Order][Ready to Create Order]
2026-03-18 10:05:23.687  INFO 1 --- [io-12031-exec-6] order.service.OrderServiceImpl           : [create][Order Create Success][Order Price][OrderId:be386a80-78a1-481b-a33a-03eebee23fee , Price: 0.0]
2026-03-18 10:05:23.960  INFO 1 --- [io-12031-exec-7] order.controller.OrderController         : [createNewOrder][Create Order][from shanghai to taiyuan at 1970-01-02 18:17:36]
2026-03-18 10:05:23.960  INFO 1 --- [io-12031-exec-7] order.service.OrderServiceImpl           : [create][Create Order][Ready to Create Order]
2026-03-18 10:05:23.984  INFO 1 --- [io-12031-exec-7] order.service.OrderServiceImpl           : [create][Order Create Success][Order Price][OrderId:78d0d1db-f860-4c25-828a-c50f6c248fff , Price: 0.0]
2026-03-18 10:05:24.260  INFO 1 --- [io-12031-exec-8] order.controller.OrderController         : [createNewOrder][Create Order][from shanghai to taiyuan at 1970-01-02 18:17:36]
2026-03-18 10:05:24.260  INFO 1 --- [io-12031-exec-8] order.service.OrderServiceImpl           : [create][Create Order][Ready to Create Order]
2026-03-18 10:05:24.283  INFO 1 --- [io-12031-exec-8] order.service.OrderServiceImpl           : [create][Order Create Success][Order Price][OrderId:b7c58013-4fb2-414f-afc1-16304f772658 , Price: 0.0]
2026-03-18 10:05:24.562  INFO 1 --- [o-12031-exec-10] order.controller.OrderController         : [createNewOrder][Create Order][from shanghai to taiyuan at 1970-01-02 18:17:36]
2026-03-18 10:05:24.562  INFO 1 --- [o-12031-exec-10] order.service.OrderServiceImpl           : [create][Create Order][Ready to Create Order]
2026-03-18 10:05:24.775  INFO 1 --- [o-12031-exec-10] order.service.OrderServiceImpl           : [create][Order Create Success][Order Price][OrderId:6878a4ab-0f9f-4247-94e9-c04d7243ef88 , Price: 0.0]
2026-03-18 10:05:25.056  INFO 1 --- [io-12031-exec-9] order.controller.OrderController         : [createNewOrder][Create Order][from shanghai to taiyuan at 1970-01-02 18:17:36]
2026-03-18 10:05:25.056  INFO 1 --- [io-12031-exec-9] order.service.OrderServiceImpl           : [create][Create Order][Ready to Create Order]
2026-03-18 10:05:25.077  INFO 1 --- [io-12031-exec-9] order.service.OrderServiceImpl           : [create][Order Create Success][Order Price][OrderId:439fbd08-547c-4ce9-a7ce-14e85aede429 , Price: 0.0]
2026-03-18 10:05:25.365  INFO 1 --- [io-12031-exec-1] order.controller.OrderController         : [createNewOrder][Create Order][from shanghai to taiyuan at 1970-01-02 18:17:36]
2026-03-18 10:05:25.365  INFO 1 --- [io-12031-exec-1] order.service.OrderServiceImpl           : [create][Create Order][Ready to Create Order]
2026-03-18 10:05:25.386  INFO 1 --- [io-12031-exec-1] order.service.OrderServiceImpl           : [create][Order Create Success][Order Price][OrderId:2b2e87ab-726c-474b-a0f2-16c5532060b1 , Price: 0.0]
2026-03-18 10:05:25.659  INFO 1 --- [io-12031-exec-3] order.controller.OrderController         : [createNewOrder][Create Order][from shanghai to taiyuan at 1970-01-02 18:17:36]
2026-03-18 10:05:25.659  INFO 1 --- [io-12031-exec-3] order.service.OrderServiceImpl           : [create][Create Order][Ready to Create Order]
2026-03-18 10:05:25.680  INFO 1 --- [io-12031-exec-3] order.service.OrderServiceImpl           : [create][Order Create Success][Order Price][OrderId:567fab24-7129-4c23-8c85-273388012b86 , Price: 0.0]
2026-03-18 10:05:25.954  INFO 1 --- [io-12031-exec-2] order.controller.OrderController         : [createNewOrder][Create Order][from shanghai to taiyuan at 1970-01-02 18:17:36]
2026-03-18 10:05:25.954  INFO 1 --- [io-12031-exec-2] order.service.OrderServiceImpl           : [create][Create Order][Ready to Create Order]
2026-03-18 10:05:25.976  INFO 1 --- [io-12031-exec-2] order.service.OrderServiceImpl           : [create][Order Create Success][Order Price][OrderId:8ed5a3ed-6033-40e0-9828-2fa165e5a298 , Price: 0.0]
2026-03-18 10:05:26.260  INFO 1 --- [io-12031-exec-5] order.controller.OrderController         : [createNewOrder][Create Order][from shanghai to taiyuan at 1970-01-02 18:17:36]
2026-03-18 10:05:26.260  INFO 1 --- [io-12031-exec-5] order.service.OrderServiceImpl           : [create][Create Order][Ready to Create Order]
2026-03-18 10:05:26.390  INFO 1 --- [io-12031-exec-5] order.service.OrderServiceImpl           : [create][Order Create Success][Order Price][OrderId:64b81747-18d0-491f-87cb-85dca106721b , Price: 0.0]
2026-03-18 10:05:26.661  INFO 1 --- [io-12031-exec-4] order.controller.OrderController         : [createNewOrder][Create Order][from shanghai to taiyuan at 1970-01-02 18:17:36]
2026-03-18 10:05:26.661  INFO 1 --- [io-12031-exec-4] order.service.OrderServiceImpl           : [create][Create Order][Ready to Create Order]
2026-03-18 10:05:26.683  INFO 1 --- [io-12031-exec-4] order.service.OrderServiceImpl           : [create][Order Create Success][Order Price][OrderId:eefd8580-8eeb-4ad9-bb0d-f2903935140a , Price: 0.0]
2026-03-18 10:05:26.953  INFO 1 --- [io-12031-exec-6] order.controller.OrderController         : [createNewOrder][Create Order][from shanghai to taiyuan at 1970-01-02 18:17:36]
2026-03-18 10:05:26.953  INFO 1 --- [io-12031-exec-6] order.service.OrderServiceImpl           : [create][Create Order][Ready to Create Order]
2026-03-18 10:05:26.973  INFO 1 --- [io-12031-exec-6] order.service.OrderServiceImpl           : [create][Order Create Success][Order Price][OrderId:7c28ede4-d69e-4d79-b30f-7059b95080b3 , Price: 0.0]
2026-03-18 10:05:27.257  INFO 1 --- [io-12031-exec-7] order.controller.OrderController         : [createNewOrder][Create Order][from shanghai to taiyuan at 1970-01-02 18:17:36]
2026-03-18 10:05:27.257  INFO 1 --- [io-12031-exec-7] order.service.OrderServiceImpl           : [create][Create Order][Ready to Create Order]
2026-03-18 10:05:27.279  INFO 1 --- [io-12031-exec-7] order.service.OrderServiceImpl           : [create][Order Create Success][Order Price][OrderId:412c6f98-3967-4928-847e-5aa150f0902e , Price: 0.0]
2026-03-18 10:05:27.552  INFO 1 --- [io-12031-exec-8] order.controller.OrderController         : [createNewOrder][Create Order][from shanghai to taiyuan at 1970-01-02 18:17:36]
2026-03-18 10:05:27.552  INFO 1 --- [io-12031-exec-8] order.service.OrderServiceImpl           : [create][Create Order][Ready to Create Order]
2026-03-18 10:05:27.581  INFO 1 --- [io-12031-exec-8] order.service.OrderServiceImpl           : [create][Order Create Success][Order Price][OrderId:73e9f3fb-fb7c-4001-b028-118a721a9e0c , Price: 0.0]
2026-03-18 10:05:27.856  INFO 1 --- [o-12031-exec-10] order.controller.OrderController         : [createNewOrder][Create Order][from shanghai to taiyuan at 1970-01-02 18:17:36]
2026-03-18 10:05:27.856  INFO 1 --- [o-12031-exec-10] order.service.OrderServiceImpl           : [create][Create Order][Ready to Create Order]
2026-03-18 10:05:27.879  INFO 1 --- [o-12031-exec-10] order.service.OrderServiceImpl           : [create][Order Create Success][Order Price][OrderId:1620fb66-942e-4ba7-aee1-958694cd6c37 , Price: 0.0]
2026-03-18 10:05:28.157  INFO 1 --- [io-12031-exec-9] order.controller.OrderController         : [createNewOrder][Create Order][from shanghai to taiyuan at 1970-01-02 18:17:36]
2026-03-18 10:05:28.157  INFO 1 --- [io-12031-exec-9] order.service.OrderServiceImpl           : [create][Create Order][Ready to Create Order]
2026-03-18 10:05:28.178  INFO 1 --- [io-12031-exec-9] order.service.OrderServiceImpl           : [create][Order Create Success][Order Price][OrderId:f935b5d9-7813-4be7-8114-2c5ce7f5fb6e , Price: 0.0]
2026-03-18 10:05:28.453  INFO 1 --- [io-12031-exec-1] order.controller.OrderController         : [createNewOrder][Create Order][from shanghai to taiyuan at 1970-01-02 18:17:36]
2026-03-18 10:05:28.454  INFO 1 --- [io-12031-exec-1] order.service.OrderServiceImpl           : [create][Create Order][Ready to Create Order]
2026-03-18 10:05:28.475  INFO 1 --- [io-12031-exec-1] order.service.OrderServiceImpl           : [create][Order Create Success][Order Price][OrderId:946aed45-2b64-4a51-8e93-45191ce8df0e , Price: 0.0]
2026-03-18 10:05:28.758  INFO 1 --- [io-12031-exec-3] order.controller.OrderController         : [createNewOrder][Create Order][from shanghai to taiyuan at 1970-01-02 18:17:36]
2026-03-18 10:05:28.758  INFO 1 --- [io-12031-exec-3] order.service.OrderServiceImpl           : [create][Create Order][Ready to Create Order]
2026-03-18 10:05:28.779  INFO 1 --- [io-12031-exec-3] order.service.OrderServiceImpl           : [create][Order Create Success][Order Price][OrderId:68eb82e9-7a55-4241-b64d-49877638d41e , Price: 0.0]
2026-03-18 10:05:29.068  INFO 1 --- [io-12031-exec-2] order.controller.OrderController         : [createNewOrder][Create Order][from shanghai to taiyuan at 1970-01-02 18:17:36]
2026-03-18 10:05:29.068  INFO 1 --- [io-12031-exec-2] order.service.OrderServiceImpl           : [create][Create Order][Ready to Create Order]
2026-03-18 10:05:29.192  INFO 1 --- [io-12031-exec-2] order.service.OrderServiceImpl           : [create][Order Create Success][Order Price][OrderId:e01a4e3b-4c9b-443b-8a38-a38b067d4524 , Price: 0.0]
2026-03-18 10:05:29.464  INFO 1 --- [io-12031-exec-5] order.controller.OrderController         : [createNewOrder][Create Order][from shanghai to taiyuan at 1970-01-02 18:17:36]
2026-03-18 10:05:29.464  INFO 1 --- [io-12031-exec-5] order.service.OrderServiceImpl           : [create][Create Order][Ready to Create Order]
2026-03-18 10:05:29.483  INFO 1 --- [io-12031-exec-5] order.service.OrderServiceImpl           : [create][Order Create Success][Order Price][OrderId:27036fb4-0c48-4e61-8c1f-3f291b6cbc0f , Price: 0.0]
2026-03-18 10:05:29.759  INFO 1 --- [io-12031-exec-4] order.controller.OrderController         : [createNewOrder][Create Order][from shanghai to taiyuan at 1970-01-02 18:17:36]
2026-03-18 10:05:29.759  INFO 1 --- [io-12031-exec-4] order.service.OrderServiceImpl           : [create][Create Order][Ready to Create Order]
2026-03-18 10:05:29.782  INFO 1 --- [io-12031-exec-4] order.service.OrderServiceImpl           : [create][Order Create Success][Order Price][OrderId:a69fc655-9641-439b-9d23-6eb4771208f5 , Price: 0.0]
2026-03-18 10:05:30.062  INFO 1 --- [io-12031-exec-6] order.controller.OrderController         : [createNewOrder][Create Order][from shanghai to taiyuan at 1970-01-02 18:17:36]
2026-03-18 10:05:30.062  INFO 1 --- [io-12031-exec-6] order.service.OrderServiceImpl           : [create][Create Order][Ready to Create Order]
2026-03-18 10:05:30.171  INFO 1 --- [io-12031-exec-6] order.service.OrderServiceImpl           : [create][Order Create Success][Order Price][OrderId:3d981d2e-23ad-46bd-8c2e-e2ecbc8d751f , Price: 0.0]
2026-03-18 10:05:30.457  INFO 1 --- [io-12031-exec-7] order.controller.OrderController         : [createNewOrder][Create Order][from shanghai to taiyuan at 1970-01-02 18:17:36]
2026-03-18 10:05:30.457  INFO 1 --- [io-12031-exec-7] order.service.OrderServiceImpl           : [create][Create Order][Ready to Create Order]
2026-03-18 10:05:30.574  INFO 1 --- [io-12031-exec-7] order.service.OrderServiceImpl           : [create][Order Create Success][Order Price][OrderId:a606dd4e-8b4f-4412-aa23-82ceed723495 , Price: 0.0]
2026-03-18 10:05:30.861  INFO 1 --- [io-12031-exec-8] order.controller.OrderController         : [createNewOrder][Create Order][from shanghai to taiyuan at 1970-01-02 18:17:36]
2026-03-18 10:05:30.861  INFO 1 --- [io-12031-exec-8] order.service.OrderServiceImpl           : [create][Create Order][Ready to Create Order]
2026-03-18 10:05:30.885  INFO 1 --- [io-12031-exec-8] order.service.OrderServiceImpl           : [create][Order Create Success][Order Price][OrderId:e6b10625-1d19-49c4-adae-f010885fedfe , Price: 0.0]
2026-03-18 10:05:31.164  INFO 1 --- [o-12031-exec-10] order.controller.OrderController         : [createNewOrder][Create Order][from shanghai to taiyuan at 1970-01-02 18:17:36]
2026-03-18 10:05:31.164  INFO 1 --- [o-12031-exec-10] order.service.OrderServiceImpl           : [create][Create Order][Ready to Create Order]
2026-03-18 10:05:31.189  INFO 1 --- [o-12031-exec-10] order.service.OrderServiceImpl           : [create][Order Create Success][Order Price][OrderId:a1136ecb-1d59-4717-80c7-fff6dbb3ea4d , Price: 0.0]
2026-03-18 10:05:31.460  INFO 1 --- [io-12031-exec-1] order.controller.OrderController         : [createNewOrder][Create Order][from shanghai to taiyuan at 1970-01-02 18:17:36]
2026-03-18 10:05:31.460  INFO 1 --- [io-12031-exec-1] order.service.OrderServiceImpl           : [create][Create Order][Ready to Create Order]
2026-03-18 10:05:31.484  INFO 1 --- [io-12031-exec-1] order.service.OrderServiceImpl           : [create][Order Create Success][Order Price][OrderId:07b76898-6a81-4b10-9992-2675c49d5fab , Price: 0.0]
2026-03-18 10:05:31.769  INFO 1 --- [io-12031-exec-3] order.controller.OrderController         : [createNewOrder][Create Order][from shanghai to taiyuan at 1970-01-02 18:17:36]
2026-03-18 10:05:31.769  INFO 1 --- [io-12031-exec-3] order.service.OrderServiceImpl           : [create][Create Order][Ready to Create Order]
2026-03-18 10:05:31.790  INFO 1 --- [io-12031-exec-3] order.service.OrderServiceImpl           : [create][Order Create Success][Order Price][OrderId:ac04701e-bb82-4fa6-ac86-6fc93f2d49f5 , Price: 0.0]
2026-03-18 10:05:32.074  INFO 1 --- [io-12031-exec-2] order.controller.OrderController         : [createNewOrder][Create Order][from shanghai to taiyuan at 1970-01-02 18:17:36]
2026-03-18 10:05:32.074  INFO 1 --- [io-12031-exec-2] order.service.OrderServiceImpl           : [create][Create Order][Ready to Create Order]
2026-03-18 10:05:32.190  INFO 1 --- [io-12031-exec-2] order.service.OrderServiceImpl           : [create][Order Create Success][Order Price][OrderId:960b60d2-03c9-4779-bbc2-3ffe4f6064bd , Price: 0.0]
2026-03-18 10:05:32.458  INFO 1 --- [io-12031-exec-5] order.controller.OrderController         : [createNewOrder][Create Order][from shanghai to taiyuan at 1970-01-02 18:17:36]
2026-03-18 10:05:32.458  INFO 1 --- [io-12031-exec-5] order.service.OrderServiceImpl           : [create][Create Order][Ready to Create Order]
2026-03-18 10:05:32.481  INFO 1 --- [io-12031-exec-5] order.service.OrderServiceImpl           : [create][Order Create Success][Order Price][OrderId:6f598044-1413-4cfc-a8d0-c12dc2529b4d , Price: 0.0]
2026-03-18 10:05:32.745  INFO 1 --- [io-12031-exec-4] order.controller.OrderController         : [createNewOrder][Create Order][from shanghai to taiyuan at 1970-01-02 18:17:36]
2026-03-18 10:05:32.745  INFO 1 --- [io-12031-exec-4] order.service.OrderServiceImpl           : [create][Create Order][Ready to Create Order]
2026-03-18 10:05:32.765  INFO 1 --- [io-12031-exec-4] order.service.OrderServiceImpl           : [create][Order Create Success][Order Price][OrderId:cc173476-2e0e-436e-a309-5d19fa128039 , Price: 0.0]
2026-03-18 10:05:33.033  INFO 1 --- [io-12031-exec-6] order.controller.OrderController         : [createNewOrder][Create Order][from shanghai to taiyuan at 1970-01-02 18:17:36]
2026-03-18 10:05:33.033  INFO 1 --- [io-12031-exec-6] order.service.OrderServiceImpl           : [create][Create Order][Ready to Create Order]
2026-03-18 10:05:33.052  INFO 1 --- [io-12031-exec-6] order.service.OrderServiceImpl           : [create][Order Create Success][Order Price][OrderId:cdde66ce-9129-47ac-be30-08be5a2d8a9d , Price: 0.0]
2026-03-18 10:05:33.332  INFO 1 --- [io-12031-exec-7] order.controller.OrderController         : [createNewOrder][Create Order][from shanghai to taiyuan at 1970-01-02 18:17:36]
2026-03-18 10:05:33.332  INFO 1 --- [io-12031-exec-7] order.service.OrderServiceImpl           : [create][Create Order][Ready to Create Order]
2026-03-18 10:05:33.475  INFO 1 --- [io-12031-exec-7] order.service.OrderServiceImpl           : [create][Order Create Success][Order Price][OrderId:d75e35ef-22ee-4f13-90c4-8ee6cfd6a0a6 , Price: 0.0]
2026-03-18 10:05:33.757  INFO 1 --- [io-12031-exec-8] order.controller.OrderController         : [createNewOrder][Create Order][from shanghai to taiyuan at 1970-01-02 18:17:36]
2026-03-18 10:05:33.757  INFO 1 --- [io-12031-exec-8] order.service.OrderServiceImpl           : [create][Create Order][Ready to Create Order]
2026-03-18 10:05:33.777  INFO 1 --- [io-12031-exec-8] order.service.OrderServiceImpl           : [create][Order Create Success][Order Price][OrderId:f19ad0d4-d150-4cb6-8266-8571407db2e0 , Price: 0.0]
2026-03-18 10:05:34.052  INFO 1 --- [o-12031-exec-10] order.controller.OrderController         : [createNewOrder][Create Order][from shanghai to taiyuan at 1970-01-02 18:17:36]
2026-03-18 10:05:34.052  INFO 1 --- [o-12031-exec-10] order.service.OrderServiceImpl           : [create][Create Order][Ready to Create Order]
2026-03-18 10:05:34.073  INFO 1 --- [o-12031-exec-10] order.service.OrderServiceImpl           : [create][Order Create Success][Order Price][OrderId:64bff67b-fe1f-4bb7-bd78-61d39912399b , Price: 0.0]
2026-03-18 10:05:34.557  INFO 1 --- [io-12031-exec-9] order.controller.OrderController         : [createNewOrder][Create Order][from shanghai to taiyuan at 1970-01-02 18:17:36]
2026-03-18 10:05:34.557  INFO 1 --- [io-12031-exec-9] order.service.OrderServiceImpl           : [create][Create Order][Ready to Create Order]
2026-03-18 10:05:34.579  INFO 1 --- [io-12031-exec-9] order.service.OrderServiceImpl           : [create][Order Create Success][Order Price][OrderId:adb80f99-523d-45db-be6e-c338a242fa60 , Price: 0.0]
2026-03-18 10:05:34.864  INFO 1 --- [io-12031-exec-1] order.controller.OrderController         : [createNewOrder][Create Order][from shanghai to taiyuan at 1970-01-02 18:17:36]
2026-03-18 10:05:34.864  INFO 1 --- [io-12031-exec-1] order.service.OrderServiceImpl           : [create][Create Order][Ready to Create Order]
2026-03-18 10:05:35.075  INFO 1 --- [io-12031-exec-1] order.service.OrderServiceImpl           : [create][Order Create Success][Order Price][OrderId:61ad0103-888a-4e5d-bf12-a300c9429ced , Price: 0.0]
2026-03-18 10:05:35.356  INFO 1 --- [io-12031-exec-3] order.controller.OrderController         : [createNewOrder][Create Order][from shanghai to taiyuan at 1970-01-02 18:17:36]
2026-03-18 10:05:35.356  INFO 1 --- [io-12031-exec-3] order.service.OrderServiceImpl           : [create][Create Order][Ready to Create Order]
2026-03-18 10:05:35.376  INFO 1 --- [io-12031-exec-3] order.service.OrderServiceImpl           : [create][Order Create Success][Order Price][OrderId:cef3f76b-160d-4d95-a13d-a9023cbdfb66 , Price: 0.0]
2026-03-18 10:05:35.654  INFO 1 --- [io-12031-exec-2] order.controller.OrderController         : [createNewOrder][Create Order][from shanghai to taiyuan at 1970-01-02 18:17:36]
2026-03-18 10:05:35.654  INFO 1 --- [io-12031-exec-2] order.service.OrderServiceImpl           : [create][Create Order][Ready to Create Order]
2026-03-18 10:05:35.675  INFO 1 --- [io-12031-exec-2] order.service.OrderServiceImpl           : [create][Order Create Success][Order Price][OrderId:cecc865d-b3a3-41fe-93c6-b350aa18d9f3 , Price: 0.0]
2026-03-18 10:05:35.947  INFO 1 --- [io-12031-exec-5] order.controller.OrderController         : [createNewOrder][Create Order][from shanghai to taiyuan at 1970-01-02 18:17:36]
2026-03-18 10:05:35.947  INFO 1 --- [io-12031-exec-5] order.service.OrderServiceImpl           : [create][Create Order][Ready to Create Order]
2026-03-18 10:05:35.967  INFO 1 --- [io-12031-exec-5] order.service.OrderServiceImpl           : [create][Order Create Success][Order Price][OrderId:4a68b050-96e0-4823-b236-959e56107f86 , Price: 0.0]
2026-03-18 10:05:36.238  INFO 1 --- [io-12031-exec-4] order.controller.OrderController         : [createNewOrder][Create Order][from shanghai to taiyuan at 1970-01-02 18:17:36]
2026-03-18 10:05:36.239  INFO 1 --- [io-12031-exec-4] order.service.OrderServiceImpl           : [create][Create Order][Ready to Create Order]
2026-03-18 10:05:36.259  INFO 1 --- [io-12031-exec-4] order.service.OrderServiceImpl           : [create][Order Create Success][Order Price][OrderId:d6321dc7-cbcd-45cf-b79f-554484a94842 , Price: 0.0]
2026-03-18 10:05:36.635  INFO 1 --- [io-12031-exec-6] order.controller.OrderController         : [createNewOrder][Create Order][from shanghai to taiyuan at 1970-01-02 18:17:36]
2026-03-18 10:05:36.635  INFO 1 --- [io-12031-exec-6] order.service.OrderServiceImpl           : [create][Create Order][Ready to Create Order]
2026-03-18 10:05:36.687  INFO 1 --- [io-12031-exec-6] order.service.OrderServiceImpl           : [create][Order Create Success][Order Price][OrderId:8810f52a-eb7d-4143-9f0c-30bfa14efc96 , Price: 0.0]
2026-03-18 10:05:36.958  INFO 1 --- [io-12031-exec-7] order.controller.OrderController         : [createNewOrder][Create Order][from shanghai to taiyuan at 1970-01-02 18:17:36]
2026-03-18 10:05:36.958  INFO 1 --- [io-12031-exec-7] order.service.OrderServiceImpl           : [create][Create Order][Ready to Create Order]
2026-03-18 10:05:36.979  INFO 1 --- [io-12031-exec-7] order.service.OrderServiceImpl           : [create][Order Create Success][Order Price][OrderId:5c3c5096-05ee-46d2-aa8a-2d74bd4bfcb0 , Price: 0.0]
2026-03-18 10:05:37.250  INFO 1 --- [io-12031-exec-8] order.controller.OrderController         : [createNewOrder][Create Order][from shanghai to taiyuan at 1970-01-02 18:17:36]
2026-03-18 10:05:37.250  INFO 1 --- [io-12031-exec-8] order.service.OrderServiceImpl           : [create][Create Order][Ready to Create Order]
2026-03-18 10:05:37.272  INFO 1 --- [io-12031-exec-8] order.service.OrderServiceImpl           : [create][Order Create Success][Order Price][OrderId:c09e0f1e-3877-42d1-b1f7-562ab1738b5b , Price: 0.0]
2026-03-18 10:05:37.549  INFO 1 --- [o-12031-exec-10] order.controller.OrderController         : [createNewOrder][Create Order][from shanghai to taiyuan at 1970-01-02 18:17:36]
2026-03-18 10:05:37.549  INFO 1 --- [o-12031-exec-10] order.service.OrderServiceImpl           : [create][Create Order][Ready to Create Order]
2026-03-18 10:05:37.569  INFO 1 --- [o-12031-exec-10] order.service.OrderServiceImpl           : [create][Order Create Success][Order Price][OrderId:fcf2d9ee-21db-4822-af82-d113221d3740 , Price: 0.0]
2026-03-18 10:05:37.842  INFO 1 --- [io-12031-exec-9] order.controller.OrderController         : [createNewOrder][Create Order][from shanghai to taiyuan at 1970-01-02 18:17:36]
2026-03-18 10:05:37.842  INFO 1 --- [io-12031-exec-9] order.service.OrderServiceImpl           : [create][Create Order][Ready to Create Order]
2026-03-18 10:05:37.975  INFO 1 --- [io-12031-exec-9] order.service.OrderServiceImpl           : [create][Order Create Success][Order Price][OrderId:0c895439-587e-4452-8d27-d20a375fb394 , Price: 0.0]
2026-03-18 10:05:38.248  INFO 1 --- [io-12031-exec-1] order.controller.OrderController         : [createNewOrder][Create Order][from shanghai to taiyuan at 1970-01-02 18:17:36]
2026-03-18 10:05:38.248  INFO 1 --- [io-12031-exec-1] order.service.OrderServiceImpl           : [create][Create Order][Ready to Create Order]
2026-03-18 10:05:38.270  INFO 1 --- [io-12031-exec-1] order.service.OrderServiceImpl           : [create][Order Create Success][Order Price][OrderId:2bd3dfaa-21d9-4510-8f6b-51ed96aeb83a , Price: 0.0]
2026-03-18 10:05:38.553  INFO 1 --- [io-12031-exec-3] order.controller.OrderController         : [createNewOrder][Create Order][from shanghai to taiyuan at 1970-01-02 18:17:36]
2026-03-18 10:05:38.553  INFO 1 --- [io-12031-exec-3] order.service.OrderServiceImpl           : [create][Create Order][Ready to Create Order]
2026-03-18 10:05:38.573  INFO 1 --- [io-12031-exec-3] order.service.OrderServiceImpl           : [create][Order Create Success][Order Price][OrderId:14a34443-b671-42bc-a8bf-3ea70dbde8b4 , Price: 0.0]
2026-03-18 10:05:38.847  INFO 1 --- [io-12031-exec-2] order.controller.OrderController         : [createNewOrder][Create Order][from shanghai to taiyuan at 1970-01-02 18:17:36]
2026-03-18 10:05:38.847  INFO 1 --- [io-12031-exec-2] order.service.OrderServiceImpl           : [create][Create Order][Ready to Create Order]
2026-03-18 10:05:38.868  INFO 1 --- [io-12031-exec-2] order.service.OrderServiceImpl           : [create][Order Create Success][Order Price][OrderId:5511922c-55d9-4cbb-b62e-3545cfdc1087 , Price: 0.0]
2026-03-18 10:05:39.141  INFO 1 --- [io-12031-exec-5] order.controller.OrderController         : [createNewOrder][Create Order][from shanghai to taiyuan at 1970-01-02 18:17:36]
2026-03-18 10:05:39.141  INFO 1 --- [io-12031-exec-5] order.service.OrderServiceImpl           : [create][Create Order][Ready to Create Order]
2026-03-18 10:05:39.162  INFO 1 --- [io-12031-exec-5] order.service.OrderServiceImpl           : [create][Order Create Success][Order Price][OrderId:8cecb009-aeac-48ad-afa1-b543b8e1e892 , Price: 0.0]
2026-03-18 10:05:39.445  INFO 1 --- [io-12031-exec-4] order.controller.OrderController         : [createNewOrder][Create Order][from shanghai to taiyuan at 1970-01-02 18:17:36]
2026-03-18 10:05:39.445  INFO 1 --- [io-12031-exec-4] order.service.OrderServiceImpl           : [create][Create Order][Ready to Create Order]
2026-03-18 10:05:39.487  INFO 1 --- [io-12031-exec-4] order.service.OrderServiceImpl           : [create][Order Create Success][Order Price][OrderId:b9e8ce65-11bf-4190-a40f-67707306fec1 , Price: 0.0]
2026-03-18 10:05:39.757  INFO 1 --- [io-12031-exec-6] order.controller.OrderController         : [createNewOrder][Create Order][from shanghai to taiyuan at 1970-01-02 18:17:36]
2026-03-18 10:05:39.757  INFO 1 --- [io-12031-exec-6] order.service.OrderServiceImpl           : [create][Create Order][Ready to Create Order]
2026-03-18 10:05:39.777  INFO 1 --- [io-12031-exec-6] order.service.OrderServiceImpl           : [create][Order Create Success][Order Price][OrderId:eaa30f13-d7fa-43c9-8d8d-8b9b4860dc53 , Price: 0.0]
2026-03-18 10:05:40.061  INFO 1 --- [io-12031-exec-7] order.controller.OrderController         : [createNewOrder][Create Order][from shanghai to taiyuan at 1970-01-02 18:17:36]
2026-03-18 10:05:40.061  INFO 1 --- [io-12031-exec-7] order.service.OrderServiceImpl           : [create][Create Order][Ready to Create Order]
2026-03-18 10:05:40.175  INFO 1 --- [io-12031-exec-7] order.service.OrderServiceImpl           : [create][Order Create Success][Order Price][OrderId:574377a7-ad02-48a0-ab4b-e5137cc0cbfd , Price: 0.0]
2026-03-18 10:05:40.454  INFO 1 --- [io-12031-exec-8] order.controller.OrderController         : [createNewOrder][Create Order][from shanghai to taiyuan at 1970-01-02 18:17:36]
2026-03-18 10:05:40.454  INFO 1 --- [io-12031-exec-8] order.service.OrderServiceImpl           : [create][Create Order][Ready to Create Order]
2026-03-18 10:05:40.479  INFO 1 --- [io-12031-exec-8] order.service.OrderServiceImpl           : [create][Order Create Success][Order Price][OrderId:8e549a24-1970-4077-86a2-8d3175fdf159 , Price: 0.0]
2026-03-18 10:05:40.757  INFO 1 --- [o-12031-exec-10] order.controller.OrderController         : [createNewOrder][Create Order][from shanghai to taiyuan at 1970-01-02 18:17:36]
2026-03-18 10:05:40.757  INFO 1 --- [o-12031-exec-10] order.service.OrderServiceImpl           : [create][Create Order][Ready to Create Order]
2026-03-18 10:05:40.874  INFO 1 --- [o-12031-exec-10] order.service.OrderServiceImpl           : [create][Order Create Success][Order Price][OrderId:9e5a05aa-0a6b-46f2-af4a-59d36a768ef8 , Price: 0.0]
2026-03-18 10:05:41.157  INFO 1 --- [io-12031-exec-9] order.controller.OrderController         : [createNewOrder][Create Order][from shanghai to taiyuan at 1970-01-02 18:17:36]
2026-03-18 10:05:41.157  INFO 1 --- [io-12031-exec-9] order.service.OrderServiceImpl           : [create][Create Order][Ready to Create Order]
2026-03-18 10:05:41.179  INFO 1 --- [io-12031-exec-9] order.service.OrderServiceImpl           : [create][Order Create Success][Order Price][OrderId:f95034c7-990e-4201-8f73-d33f58dfc530 , Price: 0.0]
2026-03-18 10:05:41.464  INFO 1 --- [io-12031-exec-3] order.controller.OrderController         : [createNewOrder][Create Order][from shanghai to taiyuan at 1970-01-02 18:17:36]
2026-03-18 10:05:41.464  INFO 1 --- [io-12031-exec-3] order.service.OrderServiceImpl           : [create][Create Order][Ready to Create Order]
2026-03-18 10:05:41.487  INFO 1 --- [io-12031-exec-3] order.service.OrderServiceImpl           : [create][Order Create Success][Order Price][OrderId:0afedaab-bf4f-465d-a4cf-54f8c6d5ba58 , Price: 0.0]
2026-03-18 10:05:41.758  INFO 1 --- [io-12031-exec-2] order.controller.OrderController         : [createNewOrder][Create Order][from shanghai to taiyuan at 1970-01-02 18:17:36]
2026-03-18 10:05:41.759  INFO 1 --- [io-12031-exec-2] order.service.OrderServiceImpl           : [create][Create Order][Ready to Create Order]
2026-03-18 10:05:41.779  INFO 1 --- [io-12031-exec-2] order.service.OrderServiceImpl           : [create][Order Create Success][Order Price][OrderId:23ef346e-f8e2-49ec-933e-fa8b33dd2419 , Price: 0.0]
2026-03-18 10:05:42.050  INFO 1 --- [io-12031-exec-5] order.controller.OrderController         : [createNewOrder][Create Order][from shanghai to taiyuan at 1970-01-02 18:17:36]
2026-03-18 10:05:42.050  INFO 1 --- [io-12031-exec-5] order.service.OrderServiceImpl           : [create][Create Order][Ready to Create Order]
2026-03-18 10:05:42.079  INFO 1 --- [io-12031-exec-5] order.service.OrderServiceImpl           : [create][Order Create Success][Order Price][OrderId:174e1e55-cac6-4b2f-b731-a28397e73d47 , Price: 0.0]
2026-03-18 10:05:42.354  INFO 1 --- [io-12031-exec-4] order.controller.OrderController         : [createNewOrder][Create Order][from shanghai to taiyuan at 1970-01-02 18:17:36]
2026-03-18 10:05:42.354  INFO 1 --- [io-12031-exec-4] order.service.OrderServiceImpl           : [create][Create Order][Ready to Create Order]
2026-03-18 10:05:42.376  INFO 1 --- [io-12031-exec-4] order.service.OrderServiceImpl           : [create][Order Create Success][Order Price][OrderId:e92069aa-246c-416e-9ec6-877698cca939 , Price: 0.0]
2026-03-18 10:05:42.647  INFO 1 --- [io-12031-exec-6] order.controller.OrderController         : [createNewOrder][Create Order][from shanghai to taiyuan at 1970-01-02 18:17:36]
2026-03-18 10:05:42.647  INFO 1 --- [io-12031-exec-6] order.service.OrderServiceImpl           : [create][Create Order][Ready to Create Order]
2026-03-18 10:05:42.669  INFO 1 --- [io-12031-exec-6] order.service.OrderServiceImpl           : [create][Order Create Success][Order Price][OrderId:c14977d9-95bd-427e-90d7-8ef59179ece5 , Price: 0.0]
2026-03-18 10:05:42.947  INFO 1 --- [io-12031-exec-7] order.controller.OrderController         : [createNewOrder][Create Order][from shanghai to taiyuan at 1970-01-02 18:17:36]
2026-03-18 10:05:42.947  INFO 1 --- [io-12031-exec-7] order.service.OrderServiceImpl           : [create][Create Order][Ready to Create Order]
2026-03-18 10:05:42.970  INFO 1 --- [io-12031-exec-7] order.service.OrderServiceImpl           : [create][Order Create Success][Order Price][OrderId:ce323851-6e0d-4403-ad95-88efdd62526c , Price: 0.0]
2026-03-18 10:05:43.246  INFO 1 --- [io-12031-exec-8] order.controller.OrderController         : [createNewOrder][Create Order][from shanghai to taiyuan at 1970-01-02 18:17:36]
2026-03-18 10:05:43.247  INFO 1 --- [io-12031-exec-8] order.service.OrderServiceImpl           : [create][Create Order][Ready to Create Order]
2026-03-18 10:05:43.269  INFO 1 --- [io-12031-exec-8] order.service.OrderServiceImpl           : [create][Order Create Success][Order Price][OrderId:266bc768-ffb1-46c5-b002-15be452ee919 , Price: 0.0]
2026-03-18 10:05:43.540  INFO 1 --- [o-12031-exec-10] order.controller.OrderController         : [createNewOrder][Create Order][from shanghai to taiyuan at 1970-01-02 18:17:36]
2026-03-18 10:05:43.540  INFO 1 --- [o-12031-exec-10] order.service.OrderServiceImpl           : [create][Create Order][Ready to Create Order]
2026-03-18 10:05:43.591  INFO 1 --- [o-12031-exec-10] order.service.OrderServiceImpl           : [create][Order Create Success][Order Price][OrderId:38a82b9c-f078-4d3d-b96e-e2840814a2a0 , Price: 0.0]
2026-03-18 10:05:43.857  INFO 1 --- [io-12031-exec-9] order.controller.OrderController         : [createNewOrder][Create Order][from shanghai to taiyuan at 1970-01-02 18:17:36]
2026-03-18 10:05:43.857  INFO 1 --- [io-12031-exec-9] order.service.OrderServiceImpl           : [create][Create Order][Ready to Create Order]
2026-03-18 10:05:43.877  INFO 1 --- [io-12031-exec-9] order.service.OrderServiceImpl           : [create][Order Create Success][Order Price][OrderId:23112a30-697a-4a6c-bf99-04ff978876a0 , Price: 0.0]
2026-03-18 10:05:44.150  INFO 1 --- [io-12031-exec-1] order.controller.OrderController         : [createNewOrder][Create Order][from shanghai to taiyuan at 1970-01-02 18:17:36]
2026-03-18 10:05:44.150  INFO 1 --- [io-12031-exec-1] order.service.OrderServiceImpl           : [create][Create Order][Ready to Create Order]
2026-03-18 10:05:44.172  INFO 1 --- [io-12031-exec-1] order.service.OrderServiceImpl           : [create][Order Create Success][Order Price][OrderId:e603857e-977b-4d39-80b2-3c2e03ed5775 , Price: 0.0]
2026-03-18 10:05:44.447  INFO 1 --- [io-12031-exec-3] order.controller.OrderController         : [createNewOrder][Create Order][from shanghai to taiyuan at 1970-01-02 18:17:36]
2026-03-18 10:05:44.447  INFO 1 --- [io-12031-exec-3] order.service.OrderServiceImpl           : [create][Create Order][Ready to Create Order]
2026-03-18 10:05:44.470  INFO 1 --- [io-12031-exec-3] order.service.OrderServiceImpl           : [create][Order Create Success][Order Price][OrderId:73955a19-4aa5-4be5-a818-d566f2bf88d5 , Price: 0.0]
2026-03-18 10:05:44.738  INFO 1 --- [io-12031-exec-2] order.controller.OrderController         : [createNewOrder][Create Order][from shanghai to taiyuan at 1970-01-02 18:17:36]
2026-03-18 10:05:44.738  INFO 1 --- [io-12031-exec-2] order.service.OrderServiceImpl           : [create][Create Order][Ready to Create Order]
2026-03-18 10:05:44.791  INFO 1 --- [io-12031-exec-2] order.service.OrderServiceImpl           : [create][Order Create Success][Order Price][OrderId:b0327818-8183-474c-8977-9a09aa4d1851 , Price: 0.0]
2026-03-18 10:05:45.053  INFO 1 --- [io-12031-exec-5] order.controller.OrderController         : [createNewOrder][Create Order][from shanghai to taiyuan at 1970-01-02 18:17:36]
2026-03-18 10:05:45.053  INFO 1 --- [io-12031-exec-5] order.service.OrderServiceImpl           : [create][Create Order][Ready to Create Order]
2026-03-18 10:05:45.074  INFO 1 --- [io-12031-exec-5] order.service.OrderServiceImpl           : [create][Order Create Success][Order Price][OrderId:d1fc5053-0858-4b3c-a2b6-16f6b8ed252d , Price: 0.0]
2026-03-18 10:05:45.453  INFO 1 --- [io-12031-exec-4] order.controller.OrderController         : [createNewOrder][Create Order][from shanghai to taiyuan at 1970-01-02 18:17:36]
2026-03-18 10:05:45.453  INFO 1 --- [io-12031-exec-4] order.service.OrderServiceImpl           : [create][Create Order][Ready to Create Order]
2026-03-18 10:05:45.476  INFO 1 --- [io-12031-exec-4] order.service.OrderServiceImpl           : [create][Order Create Success][Order Price][OrderId:eb71cb11-de5c-447c-bcd9-1355c45a7c7c , Price: 0.0]
2026-03-18 10:05:45.747  INFO 1 --- [io-12031-exec-6] order.controller.OrderController         : [createNewOrder][Create Order][from shanghai to taiyuan at 1970-01-02 18:17:36]
2026-03-18 10:05:45.747  INFO 1 --- [io-12031-exec-6] order.service.OrderServiceImpl           : [create][Create Order][Ready to Create Order]
2026-03-18 10:05:45.769  INFO 1 --- [io-12031-exec-6] order.service.OrderServiceImpl           : [create][Order Create Success][Order Price][OrderId:c1257278-7278-4af6-a00f-2b3f32438f86 , Price: 0.0]
2026-03-18 10:05:46.042  INFO 1 --- [io-12031-exec-7] order.controller.OrderController         : [createNewOrder][Create Order][from shanghai to taiyuan at 1970-01-02 18:17:36]
2026-03-18 10:05:46.042  INFO 1 --- [io-12031-exec-7] order.service.OrderServiceImpl           : [create][Create Order][Ready to Create Order]
2026-03-18 10:05:46.076  INFO 1 --- [io-12031-exec-7] order.service.OrderServiceImpl           : [create][Order Create Success][Order Price][OrderId:7fd98e40-b7bf-4a3a-9bd7-cf25a8b00d0a , Price: 0.0]
2026-03-18 10:05:46.349  INFO 1 --- [io-12031-exec-8] order.controller.OrderController         : [createNewOrder][Create Order][from shanghai to taiyuan at 1970-01-02 18:17:36]
2026-03-18 10:05:46.350  INFO 1 --- [io-12031-exec-8] order.service.OrderServiceImpl           : [create][Create Order][Ready to Create Order]
2026-03-18 10:05:46.371  INFO 1 --- [io-12031-exec-8] order.service.OrderServiceImpl           : [create][Order Create Success][Order Price][OrderId:573b56b1-c1b9-488e-9ea6-2dbdcc817758 , Price: 0.0]
2026-03-18 10:05:46.645  INFO 1 --- [o-12031-exec-10] order.controller.OrderController         : [createNewOrder][Create Order][from shanghai to taiyuan at 1970-01-02 18:17:36]
2026-03-18 10:05:46.645  INFO 1 --- [o-12031-exec-10] order.service.OrderServiceImpl           : [create][Create Order][Ready to Create Order]
2026-03-18 10:05:46.664  INFO 1 --- [o-12031-exec-10] order.service.OrderServiceImpl           : [create][Order Create Success][Order Price][OrderId:8bd55f85-d6fa-48cd-b5b5-d38927756fa9 , Price: 0.0]
2026-03-18 10:05:46.938  INFO 1 --- [io-12031-exec-9] order.controller.OrderController         : [createNewOrder][Create Order][from shanghai to taiyuan at 1970-01-02 18:17:36]
2026-03-18 10:05:46.938  INFO 1 --- [io-12031-exec-9] order.service.OrderServiceImpl           : [create][Create Order][Ready to Create Order]
2026-03-18 10:05:46.959  INFO 1 --- [io-12031-exec-9] order.service.OrderServiceImpl           : [create][Order Create Success][Order Price][OrderId:a015e47d-4041-4705-89d9-da088a54501c , Price: 0.0]
2026-03-18 10:05:47.238  INFO 1 --- [io-12031-exec-1] order.controller.OrderController         : [createNewOrder][Create Order][from shanghai to taiyuan at 1970-01-02 18:17:36]
2026-03-18 10:05:47.238  INFO 1 --- [io-12031-exec-1] order.service.OrderServiceImpl           : [create][Create Order][Ready to Create Order]
2026-03-18 10:05:47.258  INFO 1 --- [io-12031-exec-1] order.service.OrderServiceImpl           : [create][Order Create Success][Order Price][OrderId:1d495208-bcde-46a4-aaff-274a7887baf5 , Price: 0.0]
2026-03-18 10:05:47.535  INFO 1 --- [io-12031-exec-3] order.controller.OrderController         : [createNewOrder][Create Order][from shanghai to taiyuan at 1970-01-02 18:17:36]
2026-03-18 10:05:47.535  INFO 1 --- [io-12031-exec-3] order.service.OrderServiceImpl           : [create][Create Order][Ready to Create Order]
2026-03-18 10:05:47.584  INFO 1 --- [io-12031-exec-3] order.service.OrderServiceImpl           : [create][Order Create Success][Order Price][OrderId:b363c7c8-6b99-467f-885c-5c26fccbd64e , Price: 0.0]
2026-03-18 10:05:47.870  INFO 1 --- [io-12031-exec-2] order.controller.OrderController         : [createNewOrder][Create Order][from shanghai to taiyuan at 1970-01-02 18:17:36]
2026-03-18 10:05:47.870  INFO 1 --- [io-12031-exec-2] order.service.OrderServiceImpl           : [create][Create Order][Ready to Create Order]
2026-03-18 10:05:47.895  INFO 1 --- [io-12031-exec-2] order.service.OrderServiceImpl           : [create][Order Create Success][Order Price][OrderId:123e16ca-e8bd-43c6-8f5b-01b2f95f96ce , Price: 0.0]
2026-03-18 10:05:48.165  INFO 1 --- [io-12031-exec-5] order.controller.OrderController         : [createNewOrder][Create Order][from shanghai to taiyuan at 1970-01-02 18:17:36]
2026-03-18 10:05:48.165  INFO 1 --- [io-12031-exec-5] order.service.OrderServiceImpl           : [create][Create Order][Ready to Create Order]
2026-03-18 10:05:48.189  INFO 1 --- [io-12031-exec-5] order.service.OrderServiceImpl           : [create][Order Create Success][Order Price][OrderId:7602e4f2-4705-4137-b6d3-16033da59d02 , Price: 0.0]
2026-03-18 10:05:48.464  INFO 1 --- [io-12031-exec-4] order.controller.OrderController         : [createNewOrder][Create Order][from shanghai to taiyuan at 1970-01-02 18:17:36]
2026-03-18 10:05:48.464  INFO 1 --- [io-12031-exec-4] order.service.OrderServiceImpl           : [create][Create Order][Ready to Create Order]
2026-03-18 10:05:48.489  INFO 1 --- [io-12031-exec-4] order.service.OrderServiceImpl           : [create][Order Create Success][Order Price][OrderId:78805626-92ac-46a0-8db3-fb3ec5acf7b7 , Price: 0.0]
2026-03-18 10:05:48.769  INFO 1 --- [io-12031-exec-6] order.controller.OrderController         : [createNewOrder][Create Order][from shanghai to taiyuan at 1970-01-02 18:17:36]
2026-03-18 10:05:48.769  INFO 1 --- [io-12031-exec-6] order.service.OrderServiceImpl           : [create][Create Order][Ready to Create Order]
2026-03-18 10:05:48.988  INFO 1 --- [io-12031-exec-6] order.service.OrderServiceImpl           : [create][Order Create Success][Order Price][OrderId:6f3914ff-37dc-4c7f-b258-6d45ad410d37 , Price: 0.0]
2026-03-18 10:05:49.261  INFO 1 --- [io-12031-exec-7] order.controller.OrderController         : [createNewOrder][Create Order][from shanghai to taiyuan at 1970-01-02 18:17:36]
2026-03-18 10:05:49.262  INFO 1 --- [io-12031-exec-7] order.service.OrderServiceImpl           : [create][Create Order][Ready to Create Order]
2026-03-18 10:05:49.285  INFO 1 --- [io-12031-exec-7] order.service.OrderServiceImpl           : [create][Order Create Success][Order Price][OrderId:6e00b416-1016-4313-a604-1aac3c9fa353 , Price: 0.0]
2026-03-18 10:05:49.558  INFO 1 --- [io-12031-exec-8] order.controller.OrderController         : [createNewOrder][Create Order][from shanghai to taiyuan at 1970-01-02 18:17:36]
2026-03-18 10:05:49.558  INFO 1 --- [io-12031-exec-8] order.service.OrderServiceImpl           : [create][Create Order][Ready to Create Order]
2026-03-18 10:05:49.579  INFO 1 --- [io-12031-exec-8] order.service.OrderServiceImpl           : [create][Order Create Success][Order Price][OrderId:a3a5e73b-4c84-48be-898b-17a80f9917b8 , Price: 0.0]
2026-03-18 10:05:49.862  INFO 1 --- [o-12031-exec-10] order.controller.OrderController         : [createNewOrder][Create Order][from shanghai to taiyuan at 1970-01-02 18:17:36]
2026-03-18 10:05:49.862  INFO 1 --- [o-12031-exec-10] order.service.OrderServiceImpl           : [create][Create Order][Ready to Create Order]
2026-03-18 10:05:49.883  INFO 1 --- [o-12031-exec-10] order.service.OrderServiceImpl           : [create][Order Create Success][Order Price][OrderId:27b623ad-22f2-4826-b087-47987a07ba41 , Price: 0.0]
2026-03-18 10:05:50.172  INFO 1 --- [io-12031-exec-9] order.controller.OrderController         : [createNewOrder][Create Order][from shanghai to taiyuan at 1970-01-02 18:17:36]
2026-03-18 10:05:50.172  INFO 1 --- [io-12031-exec-9] order.service.OrderServiceImpl           : [create][Create Order][Ready to Create Order]
2026-03-18 10:05:50.288  INFO 1 --- [io-12031-exec-9] order.service.OrderServiceImpl           : [create][Order Create Success][Order Price][OrderId:dd54686b-1385-4cc0-a32e-857633bd055a , Price: 0.0]
2026-03-18 10:05:50.564  INFO 1 --- [io-12031-exec-1] order.controller.OrderController         : [createNewOrder][Create Order][from shanghai to taiyuan at 1970-01-02 18:17:36]
2026-03-18 10:05:50.564  INFO 1 --- [io-12031-exec-1] order.service.OrderServiceImpl           : [create][Create Order][Ready to Create Order]
2026-03-18 10:05:50.588  INFO 1 --- [io-12031-exec-1] order.service.OrderServiceImpl           : [create][Order Create Success][Order Price][OrderId:212cf89a-2a5b-4aca-8698-8176700ff0aa , Price: 0.0]
2026-03-18 10:05:50.858  INFO 1 --- [io-12031-exec-3] order.controller.OrderController         : [createNewOrder][Create Order][from shanghai to taiyuan at 1970-01-02 18:17:36]
2026-03-18 10:05:50.858  INFO 1 --- [io-12031-exec-3] order.service.OrderServiceImpl           : [create][Create Order][Ready to Create Order]
2026-03-18 10:05:50.884  INFO 1 --- [io-12031-exec-3] order.service.OrderServiceImpl           : [create][Order Create Success][Order Price][OrderId:9399ff17-9b71-4dcf-baa1-095cdf373aff , Price: 0.0]
2026-03-18 10:05:51.157  INFO 1 --- [io-12031-exec-2] order.controller.OrderController         : [createNewOrder][Create Order][from shanghai to taiyuan at 1970-01-02 18:17:36]
2026-03-18 10:05:51.157  INFO 1 --- [io-12031-exec-2] order.service.OrderServiceImpl           : [create][Create Order][Ready to Create Order]
2026-03-18 10:05:51.182  INFO 1 --- [io-12031-exec-2] order.service.OrderServiceImpl           : [create][Order Create Success][Order Price][OrderId:fd5c5846-9d6f-4798-a82d-912d207a3792 , Price: 0.0]
2026-03-18 10:05:51.458  INFO 1 --- [io-12031-exec-4] order.controller.OrderController         : [createNewOrder][Create Order][from shanghai to taiyuan at 1970-01-02 18:17:36]
2026-03-18 10:05:51.458  INFO 1 --- [io-12031-exec-4] order.service.OrderServiceImpl           : [create][Create Order][Ready to Create Order]
2026-03-18 10:05:51.481  INFO 1 --- [io-12031-exec-4] order.service.OrderServiceImpl           : [create][Order Create Success][Order Price][OrderId:22a096bc-4e06-41a3-8e80-8d81f249f748 , Price: 0.0]
2026-03-18 10:05:51.762  INFO 1 --- [io-12031-exec-6] order.controller.OrderController         : [createNewOrder][Create Order][from shanghai to taiyuan at 1970-01-02 18:17:36]
2026-03-18 10:05:51.762  INFO 1 --- [io-12031-exec-6] order.service.OrderServiceImpl           : [create][Create Order][Ready to Create Order]
2026-03-18 10:05:51.889  INFO 1 --- [io-12031-exec-6] order.service.OrderServiceImpl           : [create][Order Create Success][Order Price][OrderId:8046aca8-f880-4199-836f-84b1752600d4 , Price: 0.0]
2026-03-18 10:05:52.156  INFO 1 --- [io-12031-exec-7] order.controller.OrderController         : [createNewOrder][Create Order][from shanghai to taiyuan at 1970-01-02 18:17:36]
2026-03-18 10:05:52.156  INFO 1 --- [io-12031-exec-7] order.service.OrderServiceImpl           : [create][Create Order][Ready to Create Order]
2026-03-18 10:05:52.178  INFO 1 --- [io-12031-exec-7] order.service.OrderServiceImpl           : [create][Order Create Success][Order Price][OrderId:a27b7e65-c674-46a3-ba21-8cf2aca85212 , Price: 0.0]
2026-03-18 10:05:52.466  INFO 1 --- [io-12031-exec-8] order.controller.OrderController         : [createNewOrder][Create Order][from shanghai to taiyuan at 1970-01-02 18:17:36]
2026-03-18 10:05:52.466  INFO 1 --- [io-12031-exec-8] order.service.OrderServiceImpl           : [create][Create Order][Ready to Create Order]
2026-03-18 10:05:52.489  INFO 1 --- [io-12031-exec-8] order.service.OrderServiceImpl           : [create][Order Create Success][Order Price][OrderId:fc8522b0-76df-49ea-add5-1358c1292f2d , Price: 0.0]
2026-03-18 10:05:52.754  INFO 1 --- [o-12031-exec-10] order.controller.OrderController         : [createNewOrder][Create Order][from shanghai to taiyuan at 1970-01-02 18:17:36]
2026-03-18 10:05:52.754  INFO 1 --- [o-12031-exec-10] order.service.OrderServiceImpl           : [create][Create Order][Ready to Create Order]
2026-03-18 10:05:52.775  INFO 1 --- [o-12031-exec-10] order.service.OrderServiceImpl           : [create][Order Create Success][Order Price][OrderId:654eb82b-6b91-47c6-8737-8aed43d31c18 , Price: 0.0]
2026-03-18 10:05:53.054  INFO 1 --- [io-12031-exec-9] order.controller.OrderController         : [createNewOrder][Create Order][from shanghai to taiyuan at 1970-01-02 18:17:36]
2026-03-18 10:05:53.054  INFO 1 --- [io-12031-exec-9] order.service.OrderServiceImpl           : [create][Create Order][Ready to Create Order]
2026-03-18 10:05:53.176  INFO 1 --- [io-12031-exec-9] order.service.OrderServiceImpl           : [create][Order Create Success][Order Price][OrderId:d64cba00-62f4-4a10-b7a0-f37680c6df3c , Price: 0.0]
2026-03-18 10:05:53.453  INFO 1 --- [io-12031-exec-1] order.controller.OrderController         : [createNewOrder][Create Order][from shanghai to taiyuan at 1970-01-02 18:17:36]
2026-03-18 10:05:53.453  INFO 1 --- [io-12031-exec-1] order.service.OrderServiceImpl           : [create][Create Order][Ready to Create Order]
2026-03-18 10:05:53.476  INFO 1 --- [io-12031-exec-1] order.service.OrderServiceImpl           : [create][Order Create Success][Order Price][OrderId:54d594be-af3d-4942-9f18-004a2a3ff97c , Price: 0.0]
2026-03-18 10:05:53.748  INFO 1 --- [io-12031-exec-3] order.controller.OrderController         : [createNewOrder][Create Order][from shanghai to taiyuan at 1970-01-02 18:17:36]
2026-03-18 10:05:53.748  INFO 1 --- [io-12031-exec-3] order.service.OrderServiceImpl           : [create][Create Order][Ready to Create Order]
2026-03-18 10:05:53.782  INFO 1 --- [io-12031-exec-3] order.service.OrderServiceImpl           : [create][Order Create Success][Order Price][OrderId:2c6be3f1-5ecd-43e2-9d02-e22e8a83a7c9 , Price: 0.0]
2026-03-18 10:05:54.059  INFO 1 --- [io-12031-exec-2] order.controller.OrderController         : [createNewOrder][Create Order][from shanghai to taiyuan at 1970-01-02 18:17:36]
2026-03-18 10:05:54.059  INFO 1 --- [io-12031-exec-2] order.service.OrderServiceImpl           : [create][Create Order][Ready to Create Order]
2026-03-18 10:05:54.080  INFO 1 --- [io-12031-exec-2] order.service.OrderServiceImpl           : [create][Order Create Success][Order Price][OrderId:b8ce3b62-d018-41da-8cc9-67039890806c , Price: 0.0]
2026-03-18 10:05:54.358  INFO 1 --- [io-12031-exec-5] order.controller.OrderController         : [createNewOrder][Create Order][from shanghai to taiyuan at 1970-01-02 18:17:36]
2026-03-18 10:05:54.358  INFO 1 --- [io-12031-exec-5] order.service.OrderServiceImpl           : [create][Create Order][Ready to Create Order]
2026-03-18 10:05:54.472  INFO 1 --- [io-12031-exec-5] order.service.OrderServiceImpl           : [create][Order Create Success][Order Price][OrderId:44dab822-faec-4c0b-b726-10c94a7201cd , Price: 0.0]
2026-03-18 10:05:54.744  INFO 1 --- [io-12031-exec-4] order.controller.OrderController         : [createNewOrder][Create Order][from shanghai to taiyuan at 1970-01-02 18:17:36]
2026-03-18 10:05:54.744  INFO 1 --- [io-12031-exec-4] order.service.OrderServiceImpl           : [create][Create Order][Ready to Create Order]
2026-03-18 10:05:54.766  INFO 1 --- [io-12031-exec-4] order.service.OrderServiceImpl           : [create][Order Create Success][Order Price][OrderId:958e5797-aa4b-4ab2-8aa5-51d9da117ba1 , Price: 0.0]
2026-03-18 10:05:55.044  INFO 1 --- [io-12031-exec-6] order.controller.OrderController         : [createNewOrder][Create Order][from shanghai to taiyuan at 1970-01-02 18:17:36]
2026-03-18 10:05:55.044  INFO 1 --- [io-12031-exec-6] order.service.OrderServiceImpl           : [create][Create Order][Ready to Create Order]
2026-03-18 10:05:55.064  INFO 1 --- [io-12031-exec-6] order.service.OrderServiceImpl           : [create][Order Create Success][Order Price][OrderId:9e3dd9e0-47e0-48e9-9c31-b86b4f0dd323 , Price: 0.0]
2026-03-18 10:05:55.340  INFO 1 --- [io-12031-exec-7] order.controller.OrderController         : [createNewOrder][Create Order][from shanghai to taiyuan at 1970-01-02 18:17:36]
2026-03-18 10:05:55.340  INFO 1 --- [io-12031-exec-7] order.service.OrderServiceImpl           : [create][Create Order][Ready to Create Order]
2026-03-18 10:05:55.362  INFO 1 --- [io-12031-exec-7] order.service.OrderServiceImpl           : [create][Order Create Success][Order Price][OrderId:56648b76-4587-4259-b16e-e6507ae030a3 , Price: 0.0]
2026-03-18 10:05:55.640  INFO 1 --- [io-12031-exec-8] order.controller.OrderController         : [createNewOrder][Create Order][from shanghai to taiyuan at 1970-01-02 18:17:36]
2026-03-18 10:05:55.640  INFO 1 --- [io-12031-exec-8] order.service.OrderServiceImpl           : [create][Create Order][Ready to Create Order]
2026-03-18 10:05:55.660  INFO 1 --- [io-12031-exec-8] order.service.OrderServiceImpl           : [create][Order Create Success][Order Price][OrderId:786b1f03-de9e-4093-aeec-b3aa0f5fb179 , Price: 0.0]
2026-03-18 10:05:55.941  INFO 1 --- [o-12031-exec-10] order.controller.OrderController         : [createNewOrder][Create Order][from shanghai to taiyuan at 1970-01-02 18:17:36]
2026-03-18 10:05:55.941  INFO 1 --- [o-12031-exec-10] order.service.OrderServiceImpl           : [create][Create Order][Ready to Create Order]
2026-03-18 10:05:55.987  INFO 1 --- [o-12031-exec-10] order.service.OrderServiceImpl           : [create][Order Create Success][Order Price][OrderId:ec88665e-4fb1-4aa8-a29c-c59bb7e798dc , Price: 0.0]
2026-03-18 10:05:56.256  INFO 1 --- [io-12031-exec-9] order.controller.OrderController         : [createNewOrder][Create Order][from shanghai to taiyuan at 1970-01-02 18:17:36]
2026-03-18 10:05:56.256  INFO 1 --- [io-12031-exec-9] order.service.OrderServiceImpl           : [create][Create Order][Ready to Create Order]
2026-03-18 10:05:56.279  INFO 1 --- [io-12031-exec-9] order.service.OrderServiceImpl           : [create][Order Create Success][Order Price][OrderId:0eab0a76-7790-4e88-8fa7-70992cfdc44b , Price: 0.0]
2026-03-18 10:05:56.556  INFO 1 --- [io-12031-exec-1] order.controller.OrderController         : [createNewOrder][Create Order][from shanghai to taiyuan at 1970-01-02 18:17:36]
2026-03-18 10:05:56.556  INFO 1 --- [io-12031-exec-1] order.service.OrderServiceImpl           : [create][Create Order][Ready to Create Order]
2026-03-18 10:05:56.577  INFO 1 --- [io-12031-exec-1] order.service.OrderServiceImpl           : [create][Order Create Success][Order Price][OrderId:cbf97ac4-8c96-40bf-b950-46952a4a2ce1 , Price: 0.0]
2026-03-18 10:05:56.856  INFO 1 --- [io-12031-exec-3] order.controller.OrderController         : [createNewOrder][Create Order][from shanghai to taiyuan at 1970-01-02 18:17:36]
2026-03-18 10:05:56.856  INFO 1 --- [io-12031-exec-3] order.service.OrderServiceImpl           : [create][Create Order][Ready to Create Order]
2026-03-18 10:05:56.878  INFO 1 --- [io-12031-exec-3] order.service.OrderServiceImpl           : [create][Order Create Success][Order Price][OrderId:1b2fd3b0-807a-43e3-b71f-15be469beebe , Price: 0.0]
2026-03-18 10:05:57.154  INFO 1 --- [io-12031-exec-2] order.controller.OrderController         : [createNewOrder][Create Order][from shanghai to taiyuan at 1970-01-02 18:17:36]
2026-03-18 10:05:57.154  INFO 1 --- [io-12031-exec-2] order.service.OrderServiceImpl           : [create][Create Order][Ready to Create Order]
2026-03-18 10:05:57.185  INFO 1 --- [io-12031-exec-2] order.service.OrderServiceImpl           : [create][Order Create Success][Order Price][OrderId:252e1823-e300-4e69-af13-b5e4ed2c9450 , Price: 0.0]
2026-03-18 10:05:57.454  INFO 1 --- [io-12031-exec-5] order.controller.OrderController         : [createNewOrder][Create Order][from shanghai to taiyuan at 1970-01-02 18:17:36]
2026-03-18 10:05:57.454  INFO 1 --- [io-12031-exec-5] order.service.OrderServiceImpl           : [create][Create Order][Ready to Create Order]
2026-03-18 10:05:57.475  INFO 1 --- [io-12031-exec-5] order.service.OrderServiceImpl           : [create][Order Create Success][Order Price][OrderId:017773fe-a066-425f-9868-b9fc3ffd3947 , Price: 0.0]
2026-03-18 10:05:57.755  INFO 1 --- [io-12031-exec-4] order.controller.OrderController         : [createNewOrder][Create Order][from shanghai to taiyuan at 1970-01-02 18:17:36]
2026-03-18 10:05:57.755  INFO 1 --- [io-12031-exec-4] order.service.OrderServiceImpl           : [create][Create Order][Ready to Create Order]
2026-03-18 10:05:57.776  INFO 1 --- [io-12031-exec-4] order.service.OrderServiceImpl           : [create][Order Create Success][Order Price][OrderId:4f0a6d81-f6aa-4c95-830b-c4ee456f9935 , Price: 0.0]
2026-03-18 10:05:58.050  INFO 1 --- [io-12031-exec-6] order.controller.OrderController         : [createNewOrder][Create Order][from shanghai to taiyuan at 1970-01-02 18:17:36]
2026-03-18 10:05:58.050  INFO 1 --- [io-12031-exec-6] order.service.OrderServiceImpl           : [create][Create Order][Ready to Create Order]
2026-03-18 10:05:58.072  INFO 1 --- [io-12031-exec-6] order.service.OrderServiceImpl           : [create][Order Create Success][Order Price][OrderId:928282c9-226e-428c-b796-c91470577183 , Price: 0.0]
2026-03-18 10:05:58.349  INFO 1 --- [io-12031-exec-7] order.controller.OrderController         : [createNewOrder][Create Order][from shanghai to taiyuan at 1970-01-02 18:17:36]
2026-03-18 10:05:58.349  INFO 1 --- [io-12031-exec-7] order.service.OrderServiceImpl           : [create][Create Order][Ready to Create Order]
2026-03-18 10:05:58.386  INFO 1 --- [io-12031-exec-7] order.service.OrderServiceImpl           : [create][Order Create Success][Order Price][OrderId:0d00b5f2-965b-443d-b442-ce625fe217ec , Price: 0.0]
2026-03-18 10:05:58.659  INFO 1 --- [io-12031-exec-8] order.controller.OrderController         : [createNewOrder][Create Order][from shanghai to taiyuan at 1970-01-02 18:17:36]
2026-03-18 10:05:58.659  INFO 1 --- [io-12031-exec-8] order.service.OrderServiceImpl           : [create][Create Order][Ready to Create Order]
2026-03-18 10:05:58.680  INFO 1 --- [io-12031-exec-8] order.service.OrderServiceImpl           : [create][Order Create Success][Order Price][OrderId:9186cd49-14b8-44b3-982b-261a8ded34fb , Price: 0.0]
2026-03-18 10:05:58.955  INFO 1 --- [o-12031-exec-10] order.controller.OrderController         : [createNewOrder][Create Order][from shanghai to taiyuan at 1970-01-02 18:17:36]
2026-03-18 10:05:58.955  INFO 1 --- [o-12031-exec-10] order.service.OrderServiceImpl           : [create][Create Order][Ready to Create Order]
2026-03-18 10:05:58.978  INFO 1 --- [o-12031-exec-10] order.service.OrderServiceImpl           : [create][Order Create Success][Order Price][OrderId:5c600fc2-3c04-45fc-84f1-972289cf149d , Price: 0.0]
2026-03-18 10:05:59.251  INFO 1 --- [io-12031-exec-9] order.controller.OrderController         : [createNewOrder][Create Order][from shanghai to taiyuan at 1970-01-02 18:17:36]
2026-03-18 10:05:59.251  INFO 1 --- [io-12031-exec-9] order.service.OrderServiceImpl           : [create][Create Order][Ready to Create Order]
2026-03-18 10:05:59.275  INFO 1 --- [io-12031-exec-9] order.service.OrderServiceImpl           : [create][Order Create Success][Order Price][OrderId:4e7ff544-e251-4a36-815b-933c8c284978 , Price: 0.0]
2026-03-18 10:05:59.554  INFO 1 --- [io-12031-exec-1] order.controller.OrderController         : [createNewOrder][Create Order][from shanghai to taiyuan at 1970-01-02 18:17:36]
2026-03-18 10:05:59.554  INFO 1 --- [io-12031-exec-1] order.service.OrderServiceImpl           : [create][Create Order][Ready to Create Order]
2026-03-18 10:05:59.679  INFO 1 --- [io-12031-exec-1] order.service.OrderServiceImpl           : [create][Order Create Success][Order Price][OrderId:243213f6-073a-4448-9f7e-ed752119d175 , Price: 0.0]
2026-03-18 10:05:59.957  INFO 1 --- [io-12031-exec-3] order.controller.OrderController         : [createNewOrder][Create Order][from shanghai to taiyuan at 1970-01-02 18:17:36]
2026-03-18 10:05:59.957  INFO 1 --- [io-12031-exec-3] order.service.OrderServiceImpl           : [create][Create Order][Ready to Create Order]
2026-03-18 10:05:59.982  INFO 1 --- [io-12031-exec-3] order.service.OrderServiceImpl           : [create][Order Create Success][Order Price][OrderId:5fff81ea-1ff9-46fa-9fe3-6af4d6f6e2d0 , Price: 0.0]
2026-03-18 10:06:00.264  INFO 1 --- [io-12031-exec-2] order.controller.OrderController         : [createNewOrder][Create Order][from shanghai to taiyuan at 1970-01-02 18:17:36]
2026-03-18 10:06:00.264  INFO 1 --- [io-12031-exec-2] order.service.OrderServiceImpl           : [create][Create Order][Ready to Create Order]
2026-03-18 10:06:00.287  INFO 1 --- [io-12031-exec-2] order.service.OrderServiceImpl           : [create][Order Create Success][Order Price][OrderId:a6d54e65-31b5-44b2-9b5b-ccce72f64410 , Price: 0.0]
2026-03-18 10:06:00.559  INFO 1 --- [io-12031-exec-5] order.controller.OrderController         : [createNewOrder][Create Order][from shanghai to taiyuan at 1970-01-02 18:17:36]
2026-03-18 10:06:00.559  INFO 1 --- [io-12031-exec-5] order.service.OrderServiceImpl           : [create][Create Order][Ready to Create Order]
2026-03-18 10:06:00.581  INFO 1 --- [io-12031-exec-5] order.service.OrderServiceImpl           : [create][Order Create Success][Order Price][OrderId:ab38aec7-947c-49d0-b1d6-cdcf15a1915f , Price: 0.0]
2026-03-18 10:06:00.858  INFO 1 --- [io-12031-exec-4] order.controller.OrderController         : [createNewOrder][Create Order][from shanghai to taiyuan at 1970-01-02 18:17:36]
2026-03-18 10:06:00.858  INFO 1 --- [io-12031-exec-4] order.service.OrderServiceImpl           : [create][Create Order][Ready to Create Order]
2026-03-18 10:06:00.881  INFO 1 --- [io-12031-exec-4] order.service.OrderServiceImpl           : [create][Order Create Success][Order Price][OrderId:1c9344a2-0279-4ce7-863c-64b5519a1c84 , Price: 0.0]
2026-03-18 10:06:01.162  INFO 1 --- [io-12031-exec-6] order.controller.OrderController         : [createNewOrder][Create Order][from shanghai to taiyuan at 1970-01-02 18:17:36]
2026-03-18 10:06:01.162  INFO 1 --- [io-12031-exec-6] order.service.OrderServiceImpl           : [create][Create Order][Ready to Create Order]
2026-03-18 10:06:01.293  INFO 1 --- [io-12031-exec-6] order.service.OrderServiceImpl           : [create][Order Create Success][Order Price][OrderId:3789731b-7235-4866-ba24-63bbbae4109c , Price: 0.0]
2026-03-18 10:06:01.556  INFO 1 --- [io-12031-exec-8] order.controller.OrderController         : [createNewOrder][Create Order][from shanghai to taiyuan at 1970-01-02 18:17:36]
2026-03-18 10:06:01.556  INFO 1 --- [io-12031-exec-8] order.service.OrderServiceImpl           : [create][Create Order][Ready to Create Order]
2026-03-18 10:06:01.579  INFO 1 --- [io-12031-exec-8] order.service.OrderServiceImpl           : [create][Order Create Success][Order Price][OrderId:a34454b6-d473-45c1-8836-74e71dd818fd , Price: 0.0]
2026-03-18 10:06:01.859  INFO 1 --- [o-12031-exec-10] order.controller.OrderController         : [createNewOrder][Create Order][from shanghai to taiyuan at 1970-01-02 18:17:36]
2026-03-18 10:06:01.859  INFO 1 --- [o-12031-exec-10] order.service.OrderServiceImpl           : [create][Create Order][Ready to Create Order]
2026-03-18 10:06:01.880  INFO 1 --- [o-12031-exec-10] order.service.OrderServiceImpl           : [create][Order Create Success][Order Price][OrderId:26f343dd-26f4-4cc8-aff5-0ae478d2ab97 , Price: 0.0]
2026-03-18 10:06:02.163  INFO 1 --- [io-12031-exec-9] order.controller.OrderController         : [createNewOrder][Create Order][from shanghai to taiyuan at 1970-01-02 18:17:36]
2026-03-18 10:06:02.163  INFO 1 --- [io-12031-exec-9] order.service.OrderServiceImpl           : [create][Create Order][Ready to Create Order]
2026-03-18 10:06:02.186  INFO 1 --- [io-12031-exec-9] order.service.OrderServiceImpl           : [create][Order Create Success][Order Price][OrderId:973a551e-c9e0-440a-ae53-7df96ce7a4ba , Price: 0.0]
2026-03-18 10:06:02.465  INFO 1 --- [io-12031-exec-1] order.controller.OrderController         : [createNewOrder][Create Order][from shanghai to taiyuan at 1970-01-02 18:17:36]
2026-03-18 10:06:02.465  INFO 1 --- [io-12031-exec-1] order.service.OrderServiceImpl           : [create][Create Order][Ready to Create Order]
2026-03-18 10:06:02.588  INFO 1 --- [io-12031-exec-1] order.service.OrderServiceImpl           : [create][Order Create Success][Order Price][OrderId:28a08420-0f89-4202-b0a1-5d070101a3f2 , Price: 0.0]
2026-03-18 10:06:02.858  INFO 1 --- [io-12031-exec-3] order.controller.OrderController         : [createNewOrder][Create Order][from shanghai to taiyuan at 1970-01-02 18:17:36]
2026-03-18 10:06:02.858  INFO 1 --- [io-12031-exec-3] order.service.OrderServiceImpl           : [create][Create Order][Ready to Create Order]
2026-03-18 10:06:02.878  INFO 1 --- [io-12031-exec-3] order.service.OrderServiceImpl           : [create][Order Create Success][Order Price][OrderId:9862dbdc-f048-4a93-9dd8-caee8ca4617e , Price: 0.0]
2026-03-18 10:06:03.152  INFO 1 --- [io-12031-exec-2] order.controller.OrderController         : [createNewOrder][Create Order][from shanghai to taiyuan at 1970-01-02 18:17:36]
2026-03-18 10:06:03.152  INFO 1 --- [io-12031-exec-2] order.service.OrderServiceImpl           : [create][Create Order][Ready to Create Order]
2026-03-18 10:06:03.173  INFO 1 --- [io-12031-exec-2] order.service.OrderServiceImpl           : [create][Order Create Success][Order Price][OrderId:4c512422-5040-4652-ba7c-0eaa1e074760 , Price: 0.0]
2026-03-18 10:06:03.459  INFO 1 --- [io-12031-exec-5] order.controller.OrderController         : [createNewOrder][Create Order][from shanghai to taiyuan at 1970-01-02 18:17:36]
2026-03-18 10:06:03.459  INFO 1 --- [io-12031-exec-5] order.service.OrderServiceImpl           : [create][Create Order][Ready to Create Order]
2026-03-18 10:06:03.481  INFO 1 --- [io-12031-exec-5] order.service.OrderServiceImpl           : [create][Order Create Success][Order Price][OrderId:96eb2448-88aa-4fd7-8ff4-fa33b58007ff , Price: 0.0]
2026-03-18 10:06:03.763  INFO 1 --- [io-12031-exec-4] order.controller.OrderController         : [createNewOrder][Create Order][from shanghai to taiyuan at 1970-01-02 18:17:36]
2026-03-18 10:06:03.764  INFO 1 --- [io-12031-exec-4] order.service.OrderServiceImpl           : [create][Create Order][Ready to Create Order]
2026-03-18 10:06:03.875  INFO 1 --- [io-12031-exec-4] order.service.OrderServiceImpl           : [create][Order Create Success][Order Price][OrderId:55fa532d-93d7-4dda-96e5-bde271703251 , Price: 0.0]
2026-03-18 10:06:04.150  INFO 1 --- [io-12031-exec-7] order.controller.OrderController         : [createNewOrder][Create Order][from shanghai to taiyuan at 1970-01-02 18:17:36]
2026-03-18 10:06:04.150  INFO 1 --- [io-12031-exec-7] order.service.OrderServiceImpl           : [create][Create Order][Ready to Create Order]
2026-03-18 10:06:04.171  INFO 1 --- [io-12031-exec-7] order.service.OrderServiceImpl           : [create][Order Create Success][Order Price][OrderId:b9563528-89ee-4220-bc6b-efcbe9810a64 , Price: 0.0]
2026-03-18 10:06:04.451  INFO 1 --- [io-12031-exec-6] order.controller.OrderController         : [createNewOrder][Create Order][from shanghai to taiyuan at 1970-01-02 18:17:36]
2026-03-18 10:06:04.451  INFO 1 --- [io-12031-exec-6] order.service.OrderServiceImpl           : [create][Create Order][Ready to Create Order]
2026-03-18 10:06:04.477  INFO 1 --- [io-12031-exec-6] order.service.OrderServiceImpl           : [create][Order Create Success][Order Price][OrderId:d64ad042-72e4-4a95-92cf-abf23b7b89fe , Price: 0.0]
2026-03-18 10:06:04.764  INFO 1 --- [io-12031-exec-8] order.controller.OrderController         : [createNewOrder][Create Order][from shanghai to taiyuan at 1970-01-02 18:17:36]
2026-03-18 10:06:04.764  INFO 1 --- [io-12031-exec-8] order.service.OrderServiceImpl           : [create][Create Order][Ready to Create Order]
2026-03-18 10:06:04.789  INFO 1 --- [io-12031-exec-8] order.service.OrderServiceImpl           : [create][Order Create Success][Order Price][OrderId:aa1ca20a-dcdc-413b-aa67-12d63641c3d3 , Price: 0.0]
2026-03-18 10:06:05.058  INFO 1 --- [o-12031-exec-10] order.controller.OrderController         : [createNewOrder][Create Order][from shanghai to taiyuan at 1970-01-02 18:17:36]
2026-03-18 10:06:05.058  INFO 1 --- [o-12031-exec-10] order.service.OrderServiceImpl           : [create][Create Order][Ready to Create Order]
2026-03-18 10:06:05.187  INFO 1 --- [o-12031-exec-10] order.service.OrderServiceImpl           : [create][Order Create Success][Order Price][OrderId:92638dac-67cb-4aa3-9c04-cb3dc47a2ceb , Price: 0.0]
2026-03-18 10:06:05.460  INFO 1 --- [io-12031-exec-9] order.controller.OrderController         : [createNewOrder][Create Order][from shanghai to taiyuan at 1970-01-02 18:17:36]
2026-03-18 10:06:05.460  INFO 1 --- [io-12031-exec-9] order.service.OrderServiceImpl           : [create][Create Order][Ready to Create Order]
2026-03-18 10:06:05.483  INFO 1 --- [io-12031-exec-9] order.service.OrderServiceImpl           : [create][Order Create Success][Order Price][OrderId:eef40ca7-22c4-44d7-9283-930f120dfe4c , Price: 0.0]
2026-03-18 10:06:05.757  INFO 1 --- [io-12031-exec-1] order.controller.OrderController         : [createNewOrder][Create Order][from shanghai to taiyuan at 1970-01-02 18:17:36]
2026-03-18 10:06:05.757  INFO 1 --- [io-12031-exec-1] order.service.OrderServiceImpl           : [create][Create Order][Ready to Create Order]
2026-03-18 10:06:05.778  INFO 1 --- [io-12031-exec-1] order.service.OrderServiceImpl           : [create][Order Create Success][Order Price][OrderId:e474f0b3-7b96-4b1b-9678-5a1b72b310d2 , Price: 0.0]
2026-03-18 10:06:06.055  INFO 1 --- [io-12031-exec-3] order.controller.OrderController         : [createNewOrder][Create Order][from shanghai to taiyuan at 1970-01-02 18:17:36]
2026-03-18 10:06:06.055  INFO 1 --- [io-12031-exec-3] order.service.OrderServiceImpl           : [create][Create Order][Ready to Create Order]
2026-03-18 10:06:06.078  INFO 1 --- [io-12031-exec-3] order.service.OrderServiceImpl           : [create][Order Create Success][Order Price][OrderId:d467c710-cb8d-4d5f-a4fc-904002583f0c , Price: 0.0]
2026-03-18 10:06:06.460  INFO 1 --- [io-12031-exec-2] order.controller.OrderController         : [createNewOrder][Create Order][from shanghai to taiyuan at 1970-01-02 18:17:36]
2026-03-18 10:06:06.460  INFO 1 --- [io-12031-exec-2] order.service.OrderServiceImpl           : [create][Create Order][Ready to Create Order]
2026-03-18 10:06:06.483  INFO 1 --- [io-12031-exec-2] order.service.OrderServiceImpl           : [create][Order Create Success][Order Price][OrderId:393d2eab-b03a-4a57-9357-e01d140ea293 , Price: 0.0]
2026-03-18 10:06:06.760  INFO 1 --- [io-12031-exec-5] order.controller.OrderController         : [createNewOrder][Create Order][from shanghai to taiyuan at 1970-01-02 18:17:36]
2026-03-18 10:06:06.760  INFO 1 --- [io-12031-exec-5] order.service.OrderServiceImpl           : [create][Create Order][Ready to Create Order]
2026-03-18 10:06:06.790  INFO 1 --- [io-12031-exec-5] order.service.OrderServiceImpl           : [create][Order Create Success][Order Price][OrderId:a64e4098-eef3-4a45-bae9-7f2e80771a4c , Price: 0.0]
2026-03-18 10:06:07.055  INFO 1 --- [io-12031-exec-4] order.controller.OrderController         : [createNewOrder][Create Order][from shanghai to taiyuan at 1970-01-02 18:17:36]
2026-03-18 10:06:07.055  INFO 1 --- [io-12031-exec-4] order.service.OrderServiceImpl           : [create][Create Order][Ready to Create Order]
2026-03-18 10:06:07.078  INFO 1 --- [io-12031-exec-4] order.service.OrderServiceImpl           : [create][Order Create Success][Order Price][OrderId:90d75f02-ca7f-4f09-97d8-c7abb5e50fae , Price: 0.0]
2026-03-18 10:06:07.354  INFO 1 --- [io-12031-exec-7] order.controller.OrderController         : [createNewOrder][Create Order][from shanghai to taiyuan at 1970-01-02 18:17:36]
2026-03-18 10:06:07.354  INFO 1 --- [io-12031-exec-7] order.service.OrderServiceImpl           : [create][Create Order][Ready to Create Order]
2026-03-18 10:06:07.378  INFO 1 --- [io-12031-exec-7] order.service.OrderServiceImpl           : [create][Order Create Success][Order Price][OrderId:5631f679-c877-43d6-a00c-23b9b7093526 , Price: 0.0]
2026-03-18 10:06:07.649  INFO 1 --- [io-12031-exec-6] order.controller.OrderController         : [createNewOrder][Create Order][from shanghai to taiyuan at 1970-01-02 18:17:36]
2026-03-18 10:06:07.649  INFO 1 --- [io-12031-exec-6] order.service.OrderServiceImpl           : [create][Create Order][Ready to Create Order]
2026-03-18 10:06:07.670  INFO 1 --- [io-12031-exec-6] order.service.OrderServiceImpl           : [create][Order Create Success][Order Price][OrderId:0dc317c5-686c-4950-aba2-c934a3d98c52 , Price: 0.0]
2026-03-18 10:06:07.958  INFO 1 --- [io-12031-exec-8] order.controller.OrderController         : [createNewOrder][Create Order][from shanghai to taiyuan at 1970-01-02 18:17:36]
2026-03-18 10:06:07.958  INFO 1 --- [io-12031-exec-8] order.service.OrderServiceImpl           : [create][Create Order][Ready to Create Order]
2026-03-18 10:06:07.995  INFO 1 --- [io-12031-exec-8] order.service.OrderServiceImpl           : [create][Order Create Success][Order Price][OrderId:182998ce-884c-41e7-9875-621da297aba8 , Price: 0.0]
2026-03-18 10:06:08.262  INFO 1 --- [o-12031-exec-10] order.controller.OrderController         : [createNewOrder][Create Order][from shanghai to taiyuan at 1970-01-02 18:17:36]
2026-03-18 10:06:08.262  INFO 1 --- [o-12031-exec-10] order.service.OrderServiceImpl           : [create][Create Order][Ready to Create Order]
2026-03-18 10:06:08.286  INFO 1 --- [o-12031-exec-10] order.service.OrderServiceImpl           : [create][Order Create Success][Order Price][OrderId:9520bf33-a2ee-46ec-a7ff-187c8d2d5e6a , Price: 0.0]
2026-03-18 10:06:08.562  INFO 1 --- [io-12031-exec-9] order.controller.OrderController         : [createNewOrder][Create Order][from shanghai to taiyuan at 1970-01-02 18:17:36]
2026-03-18 10:06:08.562  INFO 1 --- [io-12031-exec-9] order.service.OrderServiceImpl           : [create][Create Order][Ready to Create Order]
2026-03-18 10:06:08.584  INFO 1 --- [io-12031-exec-9] order.service.OrderServiceImpl           : [create][Order Create Success][Order Price][OrderId:3c4754e2-3c1a-49c5-a62c-5520d4bcf7ce , Price: 0.0]
2026-03-18 10:06:08.862  INFO 1 --- [io-12031-exec-1] order.controller.OrderController         : [createNewOrder][Create Order][from shanghai to taiyuan at 1970-01-02 18:17:36]
2026-03-18 10:06:08.862  INFO 1 --- [io-12031-exec-1] order.service.OrderServiceImpl           : [create][Create Order][Ready to Create Order]
2026-03-18 10:06:08.884  INFO 1 --- [io-12031-exec-1] order.service.OrderServiceImpl           : [create][Order Create Success][Order Price][OrderId:ec80cf27-6a79-42ee-877d-c4189842dccc , Price: 0.0]
2026-03-18 10:06:09.165  INFO 1 --- [io-12031-exec-3] order.controller.OrderController         : [createNewOrder][Create Order][from shanghai to taiyuan at 1970-01-02 18:17:36]
2026-03-18 10:06:09.165  INFO 1 --- [io-12031-exec-3] order.service.OrderServiceImpl           : [create][Create Order][Ready to Create Order]
2026-03-18 10:06:09.391  INFO 1 --- [io-12031-exec-3] order.service.OrderServiceImpl           : [create][Order Create Success][Order Price][OrderId:04a6f31f-f9bc-409b-9ab6-e00c438e9626 , Price: 0.0]
2026-03-18 10:06:09.659  INFO 1 --- [io-12031-exec-2] order.controller.OrderController         : [createNewOrder][Create Order][from shanghai to taiyuan at 1970-01-02 18:17:36]
2026-03-18 10:06:09.659  INFO 1 --- [io-12031-exec-2] order.service.OrderServiceImpl           : [create][Create Order][Ready to Create Order]
2026-03-18 10:06:09.682  INFO 1 --- [io-12031-exec-2] order.service.OrderServiceImpl           : [create][Order Create Success][Order Price][OrderId:dbacee41-b1e8-44de-93a0-62c5cb6a8f1e , Price: 0.0]
2026-03-18 10:06:09.962  INFO 1 --- [io-12031-exec-5] order.controller.OrderController         : [createNewOrder][Create Order][from shanghai to taiyuan at 1970-01-02 18:17:36]
2026-03-18 10:06:09.962  INFO 1 --- [io-12031-exec-5] order.service.OrderServiceImpl           : [create][Create Order][Ready to Create Order]
2026-03-18 10:06:09.989  INFO 1 --- [io-12031-exec-5] order.service.OrderServiceImpl           : [create][Order Create Success][Order Price][OrderId:3331ce7e-4eb4-4b79-b10b-f52e7b3bff72 , Price: 0.0]
2026-03-18 10:06:10.265  INFO 1 --- [io-12031-exec-4] order.controller.OrderController         : [createNewOrder][Create Order][from shanghai to taiyuan at 1970-01-02 18:17:36]
2026-03-18 10:06:10.265  INFO 1 --- [io-12031-exec-4] order.service.OrderServiceImpl           : [create][Create Order][Ready to Create Order]
2026-03-18 10:06:10.468  INFO 1 --- [io-12031-exec-4] order.service.OrderServiceImpl           : [create][Order Create Success][Order Price][OrderId:ece93c28-2b91-4679-a245-6c6636a5c1fc , Price: 0.0]
2026-03-18 10:06:10.749  INFO 1 --- [io-12031-exec-7] order.controller.OrderController         : [createNewOrder][Create Order][from shanghai to taiyuan at 1970-01-02 18:17:36]
2026-03-18 10:06:10.749  INFO 1 --- [io-12031-exec-7] order.service.OrderServiceImpl           : [create][Create Order][Ready to Create Order]
2026-03-18 10:06:10.878  INFO 1 --- [io-12031-exec-7] order.service.OrderServiceImpl           : [create][Order Create Success][Order Price][OrderId:01e1ca0c-f154-4267-b018-b31c15097ed4 , Price: 0.0]
2026-03-18 10:06:11.154  INFO 1 --- [io-12031-exec-6] order.controller.OrderController         : [createNewOrder][Create Order][from shanghai to taiyuan at 1970-01-02 18:17:36]
2026-03-18 10:06:11.154  INFO 1 --- [io-12031-exec-6] order.service.OrderServiceImpl           : [create][Create Order][Ready to Create Order]
2026-03-18 10:06:11.175  INFO 1 --- [io-12031-exec-6] order.service.OrderServiceImpl           : [create][Order Create Success][Order Price][OrderId:0a3b08e1-d668-44ba-b0a3-debcfa4286a3 , Price: 0.0]
