2026-03-18 13:51:26.784  INFO 1 --- [io-12031-exec-8] order.service.OrderServiceImpl           : [PYTHIA_FINE_TRACE] service=ts-order-service stage=service_create latency_ms=2407
2026-03-18 13:51:26.789  INFO 1 --- [io-12031-exec-8] order.controller.OrderController         : [PYTHIA_FINE_TRACE] service=ts-order-service endpoint=createOrder latency_ms=2413
2026-03-18 13:51:27.885  INFO 1 --- [io-12031-exec-9] order.service.OrderServiceImpl           : [PYTHIA_FINE_TRACE] service=ts-order-service stage=service_create latency_ms=511
2026-03-18 13:51:27.885  INFO 1 --- [io-12031-exec-9] order.controller.OrderController         : [PYTHIA_FINE_TRACE] service=ts-order-service endpoint=createOrder latency_ms=511
2026-03-18 13:51:28.583  INFO 1 --- [o-12031-exec-10] order.service.OrderServiceImpl           : [PYTHIA_FINE_TRACE] service=ts-order-service stage=service_create latency_ms=338
2026-03-18 13:51:28.583  INFO 1 --- [o-12031-exec-10] order.controller.OrderController         : [PYTHIA_FINE_TRACE] service=ts-order-service endpoint=createOrder latency_ms=338
2026-03-18 13:51:29.668  INFO 1 --- [io-12031-exec-1] order.service.OrderServiceImpl           : [PYTHIA_FINE_TRACE] service=ts-order-service stage=service_create latency_ms=723
2026-03-18 13:51:29.668  INFO 1 --- [io-12031-exec-1] order.controller.OrderController         : [PYTHIA_FINE_TRACE] service=ts-order-service endpoint=createOrder latency_ms=723
2026-03-18 13:51:30.568  INFO 1 --- [io-12031-exec-3] order.service.OrderServiceImpl           : [PYTHIA_FINE_TRACE] service=ts-order-service stage=service_create latency_ms=602
2026-03-18 13:51:30.568  INFO 1 --- [io-12031-exec-3] order.controller.OrderController         : [PYTHIA_FINE_TRACE] service=ts-order-service endpoint=createOrder latency_ms=602
2026-03-18 13:51:31.168  INFO 1 --- [io-12031-exec-4] order.service.OrderServiceImpl           : [PYTHIA_FINE_TRACE] service=ts-order-service stage=service_create latency_ms=301
2026-03-18 13:51:31.168  INFO 1 --- [io-12031-exec-4] order.controller.OrderController         : [PYTHIA_FINE_TRACE] service=ts-order-service endpoint=createOrder latency_ms=302
2026-03-18 13:51:31.767  INFO 1 --- [io-12031-exec-5] order.service.OrderServiceImpl           : [PYTHIA_FINE_TRACE] service=ts-order-service stage=service_create latency_ms=309
2026-03-18 13:51:31.767  INFO 1 --- [io-12031-exec-5] order.controller.OrderController         : [PYTHIA_FINE_TRACE] service=ts-order-service endpoint=createOrder latency_ms=309
2026-03-18 13:51:32.383  INFO 1 --- [io-12031-exec-6] order.service.OrderServiceImpl           : [PYTHIA_FINE_TRACE] service=ts-order-service stage=service_create latency_ms=312
2026-03-18 13:51:32.383  INFO 1 --- [io-12031-exec-6] order.controller.OrderController         : [PYTHIA_FINE_TRACE] service=ts-order-service endpoint=createOrder latency_ms=312
2026-03-18 13:51:32.968  INFO 1 --- [io-12031-exec-7] order.service.OrderServiceImpl           : [PYTHIA_FINE_TRACE] service=ts-order-service stage=service_create latency_ms=296
2026-03-18 13:51:32.968  INFO 1 --- [io-12031-exec-7] order.controller.OrderController         : [PYTHIA_FINE_TRACE] service=ts-order-service endpoint=createOrder latency_ms=296
2026-03-18 13:51:33.768  INFO 1 --- [io-12031-exec-8] order.service.OrderServiceImpl           : [PYTHIA_FINE_TRACE] service=ts-order-service stage=service_create latency_ms=515
2026-03-18 13:51:33.768  INFO 1 --- [io-12031-exec-8] order.controller.OrderController         : [PYTHIA_FINE_TRACE] service=ts-order-service endpoint=createOrder latency_ms=515
2026-03-18 13:51:34.486  INFO 1 --- [io-12031-exec-9] order.service.OrderServiceImpl           : [PYTHIA_FINE_TRACE] service=ts-order-service stage=service_create latency_ms=430
2026-03-18 13:51:34.486  INFO 1 --- [io-12031-exec-9] order.controller.OrderController         : [PYTHIA_FINE_TRACE] service=ts-order-service endpoint=createOrder latency_ms=431
2026-03-18 13:51:34.897  INFO 1 --- [o-12031-exec-10] order.service.OrderServiceImpl           : [PYTHIA_FINE_TRACE] service=ts-order-service stage=service_create latency_ms=131
2026-03-18 13:51:34.897  INFO 1 --- [o-12031-exec-10] order.controller.OrderController         : [PYTHIA_FINE_TRACE] service=ts-order-service endpoint=createOrder latency_ms=132
2026-03-18 13:51:35.667  INFO 1 --- [io-12031-exec-2] order.service.OrderServiceImpl           : [PYTHIA_FINE_TRACE] service=ts-order-service stage=service_create latency_ms=421
2026-03-18 13:51:35.667  INFO 1 --- [io-12031-exec-2] order.controller.OrderController         : [PYTHIA_FINE_TRACE] service=ts-order-service endpoint=createOrder latency_ms=421
2026-03-18 13:51:36.087  INFO 1 --- [io-12031-exec-1] order.service.OrderServiceImpl           : [PYTHIA_FINE_TRACE] service=ts-order-service stage=service_create latency_ms=132
2026-03-18 13:51:36.088  INFO 1 --- [io-12031-exec-1] order.controller.OrderController         : [PYTHIA_FINE_TRACE] service=ts-order-service endpoint=createOrder latency_ms=133
2026-03-18 13:51:36.479  INFO 1 --- [io-12031-exec-3] order.service.OrderServiceImpl           : [PYTHIA_FINE_TRACE] service=ts-order-service stage=service_create latency_ms=116
2026-03-18 13:51:36.479  INFO 1 --- [io-12031-exec-3] order.controller.OrderController         : [PYTHIA_FINE_TRACE] service=ts-order-service endpoint=createOrder latency_ms=116
2026-03-18 13:51:36.878  INFO 1 --- [io-12031-exec-4] order.service.OrderServiceImpl           : [PYTHIA_FINE_TRACE] service=ts-order-service stage=service_create latency_ms=118
2026-03-18 13:51:36.878  INFO 1 --- [io-12031-exec-4] order.controller.OrderController         : [PYTHIA_FINE_TRACE] service=ts-order-service endpoint=createOrder latency_ms=118
2026-03-18 13:51:37.580  INFO 1 --- [io-12031-exec-5] order.service.OrderServiceImpl           : [PYTHIA_FINE_TRACE] service=ts-order-service stage=service_create latency_ms=418
2026-03-18 13:51:37.580  INFO 1 --- [io-12031-exec-5] order.controller.OrderController         : [PYTHIA_FINE_TRACE] service=ts-order-service endpoint=createOrder latency_ms=418
2026-03-18 13:51:38.286  INFO 1 --- [io-12031-exec-6] order.service.OrderServiceImpl           : [PYTHIA_FINE_TRACE] service=ts-order-service stage=service_create latency_ms=420
2026-03-18 13:51:38.286  INFO 1 --- [io-12031-exec-6] order.controller.OrderController         : [PYTHIA_FINE_TRACE] service=ts-order-service endpoint=createOrder latency_ms=420
2026-03-18 13:53:30.092  INFO 1 --- [o-12031-exec-10] order.service.OrderServiceImpl           : [PYTHIA_FINE_TRACE] service=ts-order-service stage=service_create latency_ms=428
2026-03-18 13:53:30.092  INFO 1 --- [o-12031-exec-10] order.controller.OrderController         : [PYTHIA_FINE_TRACE] service=ts-order-service endpoint=createOrder latency_ms=428
2026-03-18 13:53:30.418  INFO 1 --- [io-12031-exec-2] order.service.OrderServiceImpl           : [PYTHIA_FINE_TRACE] service=ts-order-service stage=service_create latency_ms=59
2026-03-18 13:53:30.418  INFO 1 --- [io-12031-exec-2] order.controller.OrderController         : [PYTHIA_FINE_TRACE] service=ts-order-service endpoint=createOrder latency_ms=59
2026-03-18 13:53:30.878  INFO 1 --- [io-12031-exec-1] order.service.OrderServiceImpl           : [PYTHIA_FINE_TRACE] service=ts-order-service stage=service_create latency_ms=132
2026-03-18 13:53:30.878  INFO 1 --- [io-12031-exec-1] order.controller.OrderController         : [PYTHIA_FINE_TRACE] service=ts-order-service endpoint=createOrder latency_ms=133
2026-03-18 13:53:31.284  INFO 1 --- [io-12031-exec-3] order.service.OrderServiceImpl           : [PYTHIA_FINE_TRACE] service=ts-order-service stage=service_create latency_ms=119
2026-03-18 13:53:31.284  INFO 1 --- [io-12031-exec-3] order.controller.OrderController         : [PYTHIA_FINE_TRACE] service=ts-order-service endpoint=createOrder latency_ms=119
2026-03-18 13:53:31.615  INFO 1 --- [io-12031-exec-4] order.service.OrderServiceImpl           : [PYTHIA_FINE_TRACE] service=ts-order-service stage=service_create latency_ms=57
2026-03-18 13:53:31.615  INFO 1 --- [io-12031-exec-4] order.controller.OrderController         : [PYTHIA_FINE_TRACE] service=ts-order-service endpoint=createOrder latency_ms=57
2026-03-18 13:53:32.299  INFO 1 --- [io-12031-exec-5] order.service.OrderServiceImpl           : [PYTHIA_FINE_TRACE] service=ts-order-service stage=service_create latency_ms=360
2026-03-18 13:53:32.299  INFO 1 --- [io-12031-exec-5] order.controller.OrderController         : [PYTHIA_FINE_TRACE] service=ts-order-service endpoint=createOrder latency_ms=360
2026-03-18 13:53:32.611  INFO 1 --- [io-12031-exec-6] order.service.OrderServiceImpl           : [PYTHIA_FINE_TRACE] service=ts-order-service stage=service_create latency_ms=55
2026-03-18 13:53:32.611  INFO 1 --- [io-12031-exec-6] order.controller.OrderController         : [PYTHIA_FINE_TRACE] service=ts-order-service endpoint=createOrder latency_ms=55
2026-03-18 13:53:32.912  INFO 1 --- [io-12031-exec-7] order.service.OrderServiceImpl           : [PYTHIA_FINE_TRACE] service=ts-order-service stage=service_create latency_ms=55
2026-03-18 13:53:32.912  INFO 1 --- [io-12031-exec-7] order.controller.OrderController         : [PYTHIA_FINE_TRACE] service=ts-order-service endpoint=createOrder latency_ms=55
2026-03-18 13:53:33.390  INFO 1 --- [io-12031-exec-8] order.service.OrderServiceImpl           : [PYTHIA_FINE_TRACE] service=ts-order-service stage=service_create latency_ms=221
2026-03-18 13:53:33.390  INFO 1 --- [io-12031-exec-8] order.controller.OrderController         : [PYTHIA_FINE_TRACE] service=ts-order-service endpoint=createOrder latency_ms=222
2026-03-18 13:53:33.813  INFO 1 --- [io-12031-exec-9] order.service.OrderServiceImpl           : [PYTHIA_FINE_TRACE] service=ts-order-service stage=service_create latency_ms=56
2026-03-18 13:53:33.813  INFO 1 --- [io-12031-exec-9] order.controller.OrderController         : [PYTHIA_FINE_TRACE] service=ts-order-service endpoint=createOrder latency_ms=56
2026-03-18 13:53:34.112  INFO 1 --- [o-12031-exec-10] order.service.OrderServiceImpl           : [PYTHIA_FINE_TRACE] service=ts-order-service stage=service_create latency_ms=56
2026-03-18 13:53:34.112  INFO 1 --- [o-12031-exec-10] order.controller.OrderController         : [PYTHIA_FINE_TRACE] service=ts-order-service endpoint=createOrder latency_ms=56
2026-03-18 13:53:34.492  INFO 1 --- [io-12031-exec-2] order.service.OrderServiceImpl           : [PYTHIA_FINE_TRACE] service=ts-order-service stage=service_create latency_ms=51
2026-03-18 13:53:34.492  INFO 1 --- [io-12031-exec-2] order.controller.OrderController         : [PYTHIA_FINE_TRACE] service=ts-order-service endpoint=createOrder latency_ms=51
2026-03-18 13:53:34.811  INFO 1 --- [io-12031-exec-1] order.service.OrderServiceImpl           : [PYTHIA_FINE_TRACE] service=ts-order-service stage=service_create latency_ms=56
2026-03-18 13:53:34.811  INFO 1 --- [io-12031-exec-1] order.controller.OrderController         : [PYTHIA_FINE_TRACE] service=ts-order-service endpoint=createOrder latency_ms=56
2026-03-18 13:53:35.192  INFO 1 --- [io-12031-exec-3] order.service.OrderServiceImpl           : [PYTHIA_FINE_TRACE] service=ts-order-service stage=service_create latency_ms=49
2026-03-18 13:53:35.192  INFO 1 --- [io-12031-exec-3] order.controller.OrderController         : [PYTHIA_FINE_TRACE] service=ts-order-service endpoint=createOrder latency_ms=50
2026-03-18 13:53:35.511  INFO 1 --- [io-12031-exec-4] order.service.OrderServiceImpl           : [PYTHIA_FINE_TRACE] service=ts-order-service stage=service_create latency_ms=54
2026-03-18 13:53:35.577  INFO 1 --- [io-12031-exec-4] order.controller.OrderController         : [PYTHIA_FINE_TRACE] service=ts-order-service endpoint=createOrder latency_ms=54
2026-03-18 13:53:36.272  INFO 1 --- [io-12031-exec-5] order.service.OrderServiceImpl           : [PYTHIA_FINE_TRACE] service=ts-order-service stage=service_create latency_ms=423
2026-03-18 13:53:36.272  INFO 1 --- [io-12031-exec-5] order.controller.OrderController         : [PYTHIA_FINE_TRACE] service=ts-order-service endpoint=createOrder latency_ms=423
2026-03-18 13:53:37.402  INFO 1 --- [io-12031-exec-6] order.service.OrderServiceImpl           : [PYTHIA_FINE_TRACE] service=ts-order-service stage=service_create latency_ms=850
2026-03-18 13:53:37.402  INFO 1 --- [io-12031-exec-6] order.controller.OrderController         : [PYTHIA_FINE_TRACE] service=ts-order-service endpoint=createOrder latency_ms=850
2026-03-18 13:53:38.010  INFO 1 --- [io-12031-exec-7] order.service.OrderServiceImpl           : [PYTHIA_FINE_TRACE] service=ts-order-service stage=service_create latency_ms=350
2026-03-18 13:53:38.010  INFO 1 --- [io-12031-exec-7] order.controller.OrderController         : [PYTHIA_FINE_TRACE] service=ts-order-service endpoint=createOrder latency_ms=350
2026-03-18 13:53:38.614  INFO 1 --- [io-12031-exec-8] order.service.OrderServiceImpl           : [PYTHIA_FINE_TRACE] service=ts-order-service stage=service_create latency_ms=358
2026-03-18 13:53:38.614  INFO 1 --- [io-12031-exec-8] order.controller.OrderController         : [PYTHIA_FINE_TRACE] service=ts-order-service endpoint=createOrder latency_ms=358
2026-03-18 13:53:39.267  INFO 1 --- [io-12031-exec-9] order.service.OrderServiceImpl           : [PYTHIA_FINE_TRACE] service=ts-order-service stage=service_create latency_ms=412
2026-03-18 13:53:39.267  INFO 1 --- [io-12031-exec-9] order.controller.OrderController         : [PYTHIA_FINE_TRACE] service=ts-order-service endpoint=createOrder latency_ms=412
2026-03-18 13:53:39.601  INFO 1 --- [io-12031-exec-2] order.service.OrderServiceImpl           : [PYTHIA_FINE_TRACE] service=ts-order-service stage=service_create latency_ms=57
2026-03-18 13:53:39.601  INFO 1 --- [io-12031-exec-2] order.controller.OrderController         : [PYTHIA_FINE_TRACE] service=ts-order-service endpoint=createOrder latency_ms=57
2026-03-18 13:53:39.973  INFO 1 --- [io-12031-exec-1] order.service.OrderServiceImpl           : [PYTHIA_FINE_TRACE] service=ts-order-service stage=service_create latency_ms=113
2026-03-18 13:53:39.973  INFO 1 --- [io-12031-exec-1] order.controller.OrderController         : [PYTHIA_FINE_TRACE] service=ts-order-service endpoint=createOrder latency_ms=113
2026-03-18 13:53:40.310  INFO 1 --- [io-12031-exec-3] order.service.OrderServiceImpl           : [PYTHIA_FINE_TRACE] service=ts-order-service stage=service_create latency_ms=60
2026-03-18 13:53:40.310  INFO 1 --- [io-12031-exec-3] order.controller.OrderController         : [PYTHIA_FINE_TRACE] service=ts-order-service endpoint=createOrder latency_ms=60
2026-03-18 13:53:40.618  INFO 1 --- [io-12031-exec-4] order.service.OrderServiceImpl           : [PYTHIA_FINE_TRACE] service=ts-order-service stage=service_create latency_ms=61
2026-03-18 13:53:40.618  INFO 1 --- [io-12031-exec-4] order.controller.OrderController         : [PYTHIA_FINE_TRACE] service=ts-order-service endpoint=createOrder latency_ms=62
2026-03-18 13:53:41.290  INFO 1 --- [io-12031-exec-5] order.service.OrderServiceImpl           : [PYTHIA_FINE_TRACE] service=ts-order-service stage=service_create latency_ms=432
2026-03-18 13:53:41.290  INFO 1 --- [io-12031-exec-5] order.controller.OrderController         : [PYTHIA_FINE_TRACE] service=ts-order-service endpoint=createOrder latency_ms=433
2026-03-18 13:53:41.672  INFO 1 --- [io-12031-exec-6] order.service.OrderServiceImpl           : [PYTHIA_FINE_TRACE] service=ts-order-service stage=service_create latency_ms=113
2026-03-18 13:53:41.672  INFO 1 --- [io-12031-exec-6] order.controller.OrderController         : [PYTHIA_FINE_TRACE] service=ts-order-service endpoint=createOrder latency_ms=113
2026-03-18 13:53:42.312  INFO 1 --- [io-12031-exec-7] order.service.OrderServiceImpl           : [PYTHIA_FINE_TRACE] service=ts-order-service stage=service_create latency_ms=368
2026-03-18 13:53:42.312  INFO 1 --- [io-12031-exec-7] order.controller.OrderController         : [PYTHIA_FINE_TRACE] service=ts-order-service endpoint=createOrder latency_ms=368
2026-03-18 13:53:42.667  INFO 1 --- [io-12031-exec-8] order.service.OrderServiceImpl           : [PYTHIA_FINE_TRACE] service=ts-order-service stage=service_create latency_ms=110
2026-03-18 13:53:42.667  INFO 1 --- [io-12031-exec-8] order.controller.OrderController         : [PYTHIA_FINE_TRACE] service=ts-order-service endpoint=createOrder latency_ms=110
2026-03-18 13:53:43.102  INFO 1 --- [o-12031-exec-10] order.service.OrderServiceImpl           : [PYTHIA_FINE_TRACE] service=ts-order-service stage=service_create latency_ms=134
2026-03-18 13:53:43.102  INFO 1 --- [o-12031-exec-10] order.controller.OrderController         : [PYTHIA_FINE_TRACE] service=ts-order-service endpoint=createOrder latency_ms=134
2026-03-18 13:53:43.481  INFO 1 --- [io-12031-exec-9] order.service.OrderServiceImpl           : [PYTHIA_FINE_TRACE] service=ts-order-service stage=service_create latency_ms=122
2026-03-18 13:53:43.481  INFO 1 --- [io-12031-exec-9] order.controller.OrderController         : [PYTHIA_FINE_TRACE] service=ts-order-service endpoint=createOrder latency_ms=122
2026-03-18 13:53:43.873  INFO 1 --- [io-12031-exec-2] order.service.OrderServiceImpl           : [PYTHIA_FINE_TRACE] service=ts-order-service stage=service_create latency_ms=115
2026-03-18 13:53:43.873  INFO 1 --- [io-12031-exec-2] order.controller.OrderController         : [PYTHIA_FINE_TRACE] service=ts-order-service endpoint=createOrder latency_ms=115
2026-03-18 13:53:44.498  INFO 1 --- [io-12031-exec-1] order.service.OrderServiceImpl           : [PYTHIA_FINE_TRACE] service=ts-order-service stage=service_create latency_ms=350
2026-03-18 13:53:44.498  INFO 1 --- [io-12031-exec-1] order.controller.OrderController         : [PYTHIA_FINE_TRACE] service=ts-order-service endpoint=createOrder latency_ms=350
2026-03-18 13:53:44.867  INFO 1 --- [io-12031-exec-3] order.service.OrderServiceImpl           : [PYTHIA_FINE_TRACE] service=ts-order-service stage=service_create latency_ms=106
2026-03-18 13:53:44.867  INFO 1 --- [io-12031-exec-3] order.controller.OrderController         : [PYTHIA_FINE_TRACE] service=ts-order-service endpoint=createOrder latency_ms=106
2026-03-18 13:53:45.208  INFO 1 --- [io-12031-exec-4] order.service.OrderServiceImpl           : [PYTHIA_FINE_TRACE] service=ts-order-service stage=service_create latency_ms=58
2026-03-18 13:53:45.208  INFO 1 --- [io-12031-exec-4] order.controller.OrderController         : [PYTHIA_FINE_TRACE] service=ts-order-service endpoint=createOrder latency_ms=58
2026-03-18 13:53:45.580  INFO 1 --- [io-12031-exec-5] order.service.OrderServiceImpl           : [PYTHIA_FINE_TRACE] service=ts-order-service stage=service_create latency_ms=115
2026-03-18 13:53:45.580  INFO 1 --- [io-12031-exec-5] order.controller.OrderController         : [PYTHIA_FINE_TRACE] service=ts-order-service endpoint=createOrder latency_ms=115
2026-03-18 13:53:45.980  INFO 1 --- [io-12031-exec-6] order.service.OrderServiceImpl           : [PYTHIA_FINE_TRACE] service=ts-order-service stage=service_create latency_ms=115
2026-03-18 13:53:45.980  INFO 1 --- [io-12031-exec-6] order.controller.OrderController         : [PYTHIA_FINE_TRACE] service=ts-order-service endpoint=createOrder latency_ms=116
2026-03-18 13:53:46.310  INFO 1 --- [io-12031-exec-7] order.service.OrderServiceImpl           : [PYTHIA_FINE_TRACE] service=ts-order-service stage=service_create latency_ms=61
2026-03-18 13:53:46.310  INFO 1 --- [io-12031-exec-7] order.controller.OrderController         : [PYTHIA_FINE_TRACE] service=ts-order-service endpoint=createOrder latency_ms=61
2026-03-18 13:53:46.614  INFO 1 --- [io-12031-exec-8] order.service.OrderServiceImpl           : [PYTHIA_FINE_TRACE] service=ts-order-service stage=service_create latency_ms=60
2026-03-18 13:53:46.614  INFO 1 --- [io-12031-exec-8] order.controller.OrderController         : [PYTHIA_FINE_TRACE] service=ts-order-service endpoint=createOrder latency_ms=60
2026-03-18 13:53:47.071  INFO 1 --- [o-12031-exec-10] order.service.OrderServiceImpl           : [PYTHIA_FINE_TRACE] service=ts-order-service stage=service_create latency_ms=207
2026-03-18 13:53:47.071  INFO 1 --- [o-12031-exec-10] order.controller.OrderController         : [PYTHIA_FINE_TRACE] service=ts-order-service endpoint=createOrder latency_ms=207
2026-03-18 13:53:47.467  INFO 1 --- [io-12031-exec-9] order.service.OrderServiceImpl           : [PYTHIA_FINE_TRACE] service=ts-order-service stage=service_create latency_ms=121
2026-03-18 13:53:47.467  INFO 1 --- [io-12031-exec-9] order.controller.OrderController         : [PYTHIA_FINE_TRACE] service=ts-order-service endpoint=createOrder latency_ms=121
2026-03-18 13:53:48.115  INFO 1 --- [io-12031-exec-2] order.service.OrderServiceImpl           : [PYTHIA_FINE_TRACE] service=ts-order-service stage=service_create latency_ms=368
2026-03-18 13:53:48.115  INFO 1 --- [io-12031-exec-2] order.controller.OrderController         : [PYTHIA_FINE_TRACE] service=ts-order-service endpoint=createOrder latency_ms=368
2026-03-18 13:53:48.481  INFO 1 --- [io-12031-exec-1] order.service.OrderServiceImpl           : [PYTHIA_FINE_TRACE] service=ts-order-service stage=service_create latency_ms=120
2026-03-18 13:53:48.481  INFO 1 --- [io-12031-exec-1] order.controller.OrderController         : [PYTHIA_FINE_TRACE] service=ts-order-service endpoint=createOrder latency_ms=120
2026-03-18 13:53:48.880  INFO 1 --- [io-12031-exec-3] order.service.OrderServiceImpl           : [PYTHIA_FINE_TRACE] service=ts-order-service stage=service_create latency_ms=121
2026-03-18 13:53:48.880  INFO 1 --- [io-12031-exec-3] order.controller.OrderController         : [PYTHIA_FINE_TRACE] service=ts-order-service endpoint=createOrder latency_ms=122
2026-03-18 13:53:49.578  INFO 1 --- [io-12031-exec-5] order.service.OrderServiceImpl           : [PYTHIA_FINE_TRACE] service=ts-order-service stage=service_create latency_ms=418
2026-03-18 13:53:49.578  INFO 1 --- [io-12031-exec-5] order.controller.OrderController         : [PYTHIA_FINE_TRACE] service=ts-order-service endpoint=createOrder latency_ms=418
2026-03-18 13:53:49.923  INFO 1 --- [io-12031-exec-6] order.service.OrderServiceImpl           : [PYTHIA_FINE_TRACE] service=ts-order-service stage=service_create latency_ms=71
2026-03-18 13:53:49.923  INFO 1 --- [io-12031-exec-6] order.controller.OrderController         : [PYTHIA_FINE_TRACE] service=ts-order-service endpoint=createOrder latency_ms=72
2026-03-18 13:53:50.598  INFO 1 --- [io-12031-exec-7] order.service.OrderServiceImpl           : [PYTHIA_FINE_TRACE] service=ts-order-service stage=service_create latency_ms=355
2026-03-18 13:53:50.598  INFO 1 --- [io-12031-exec-7] order.controller.OrderController         : [PYTHIA_FINE_TRACE] service=ts-order-service endpoint=createOrder latency_ms=356
2026-03-18 13:53:50.914  INFO 1 --- [io-12031-exec-8] order.service.OrderServiceImpl           : [PYTHIA_FINE_TRACE] service=ts-order-service stage=service_create latency_ms=55
2026-03-18 13:53:50.914  INFO 1 --- [io-12031-exec-8] order.controller.OrderController         : [PYTHIA_FINE_TRACE] service=ts-order-service endpoint=createOrder latency_ms=55
2026-03-18 13:53:51.220  INFO 1 --- [o-12031-exec-10] order.service.OrderServiceImpl           : [PYTHIA_FINE_TRACE] service=ts-order-service stage=service_create latency_ms=57
2026-03-18 13:53:51.220  INFO 1 --- [o-12031-exec-10] order.controller.OrderController         : [PYTHIA_FINE_TRACE] service=ts-order-service endpoint=createOrder latency_ms=58
2026-03-18 13:53:51.677  INFO 1 --- [io-12031-exec-9] order.service.OrderServiceImpl           : [PYTHIA_FINE_TRACE] service=ts-order-service stage=service_create latency_ms=134
2026-03-18 13:53:51.677  INFO 1 --- [io-12031-exec-9] order.controller.OrderController         : [PYTHIA_FINE_TRACE] service=ts-order-service endpoint=createOrder latency_ms=134
2026-03-18 13:53:52.012  INFO 1 --- [io-12031-exec-2] order.service.OrderServiceImpl           : [PYTHIA_FINE_TRACE] service=ts-order-service stage=service_create latency_ms=62
2026-03-18 13:53:52.012  INFO 1 --- [io-12031-exec-2] order.controller.OrderController         : [PYTHIA_FINE_TRACE] service=ts-order-service endpoint=createOrder latency_ms=62
2026-03-18 13:53:52.667  INFO 1 --- [io-12031-exec-1] order.service.OrderServiceImpl           : [PYTHIA_FINE_TRACE] service=ts-order-service stage=service_create latency_ms=411
2026-03-18 13:53:52.667  INFO 1 --- [io-12031-exec-1] order.controller.OrderController         : [PYTHIA_FINE_TRACE] service=ts-order-service endpoint=createOrder latency_ms=411
2026-03-18 13:53:53.005  INFO 1 --- [io-12031-exec-3] order.service.OrderServiceImpl           : [PYTHIA_FINE_TRACE] service=ts-order-service stage=service_create latency_ms=59
2026-03-18 13:53:53.006  INFO 1 --- [io-12031-exec-3] order.controller.OrderController         : [PYTHIA_FINE_TRACE] service=ts-order-service endpoint=createOrder latency_ms=60
2026-03-18 13:53:53.379  INFO 1 --- [io-12031-exec-4] order.service.OrderServiceImpl           : [PYTHIA_FINE_TRACE] service=ts-order-service stage=service_create latency_ms=123
2026-03-18 13:53:53.379  INFO 1 --- [io-12031-exec-4] order.controller.OrderController         : [PYTHIA_FINE_TRACE] service=ts-order-service endpoint=createOrder latency_ms=123
2026-03-18 13:53:53.708  INFO 1 --- [io-12031-exec-5] order.service.OrderServiceImpl           : [PYTHIA_FINE_TRACE] service=ts-order-service stage=service_create latency_ms=60
2026-03-18 13:53:53.708  INFO 1 --- [io-12031-exec-5] order.controller.OrderController         : [PYTHIA_FINE_TRACE] service=ts-order-service endpoint=createOrder latency_ms=61
2026-03-18 13:53:54.326  INFO 1 --- [io-12031-exec-6] order.service.OrderServiceImpl           : [PYTHIA_FINE_TRACE] service=ts-order-service stage=service_create latency_ms=368
2026-03-18 13:53:54.326  INFO 1 --- [io-12031-exec-6] order.controller.OrderController         : [PYTHIA_FINE_TRACE] service=ts-order-service endpoint=createOrder latency_ms=369
2026-03-18 13:53:54.972  INFO 1 --- [io-12031-exec-7] order.service.OrderServiceImpl           : [PYTHIA_FINE_TRACE] service=ts-order-service stage=service_create latency_ms=414
2026-03-18 13:53:54.972  INFO 1 --- [io-12031-exec-7] order.controller.OrderController         : [PYTHIA_FINE_TRACE] service=ts-order-service endpoint=createOrder latency_ms=415
2026-03-18 13:53:55.315  INFO 1 --- [io-12031-exec-8] order.service.OrderServiceImpl           : [PYTHIA_FINE_TRACE] service=ts-order-service stage=service_create latency_ms=69
2026-03-18 13:53:55.315  INFO 1 --- [io-12031-exec-8] order.controller.OrderController         : [PYTHIA_FINE_TRACE] service=ts-order-service endpoint=createOrder latency_ms=69
2026-03-18 13:53:55.667  INFO 1 --- [o-12031-exec-10] order.service.OrderServiceImpl           : [PYTHIA_FINE_TRACE] service=ts-order-service stage=service_create latency_ms=109
2026-03-18 13:53:55.667  INFO 1 --- [o-12031-exec-10] order.controller.OrderController         : [PYTHIA_FINE_TRACE] service=ts-order-service endpoint=createOrder latency_ms=109
2026-03-18 13:53:56.067  INFO 1 --- [io-12031-exec-9] order.service.OrderServiceImpl           : [PYTHIA_FINE_TRACE] service=ts-order-service stage=service_create latency_ms=119
2026-03-18 13:53:56.067  INFO 1 --- [io-12031-exec-9] order.controller.OrderController         : [PYTHIA_FINE_TRACE] service=ts-order-service endpoint=createOrder latency_ms=119
2026-03-18 13:53:56.393  INFO 1 --- [io-12031-exec-2] order.service.OrderServiceImpl           : [PYTHIA_FINE_TRACE] service=ts-order-service stage=service_create latency_ms=49
2026-03-18 13:53:56.394  INFO 1 --- [io-12031-exec-2] order.controller.OrderController         : [PYTHIA_FINE_TRACE] service=ts-order-service endpoint=createOrder latency_ms=51
2026-03-18 13:53:56.792  INFO 1 --- [io-12031-exec-1] order.service.OrderServiceImpl           : [PYTHIA_FINE_TRACE] service=ts-order-service stage=service_create latency_ms=48
2026-03-18 13:53:56.792  INFO 1 --- [io-12031-exec-1] order.controller.OrderController         : [PYTHIA_FINE_TRACE] service=ts-order-service endpoint=createOrder latency_ms=48
2026-03-18 13:53:57.110  INFO 1 --- [io-12031-exec-3] order.service.OrderServiceImpl           : [PYTHIA_FINE_TRACE] service=ts-order-service stage=service_create latency_ms=53
2026-03-18 13:53:57.111  INFO 1 --- [io-12031-exec-3] order.controller.OrderController         : [PYTHIA_FINE_TRACE] service=ts-order-service endpoint=createOrder latency_ms=54
2026-03-18 13:53:57.717  INFO 1 --- [io-12031-exec-4] order.service.OrderServiceImpl           : [PYTHIA_FINE_TRACE] service=ts-order-service stage=service_create latency_ms=358
2026-03-18 13:53:57.717  INFO 1 --- [io-12031-exec-4] order.controller.OrderController         : [PYTHIA_FINE_TRACE] service=ts-order-service endpoint=createOrder latency_ms=358
2026-03-18 13:53:58.016  INFO 1 --- [io-12031-exec-5] order.service.OrderServiceImpl           : [PYTHIA_FINE_TRACE] service=ts-order-service stage=service_create latency_ms=57
2026-03-18 13:53:58.016  INFO 1 --- [io-12031-exec-5] order.controller.OrderController         : [PYTHIA_FINE_TRACE] service=ts-order-service endpoint=createOrder latency_ms=57
2026-03-18 13:53:58.408  INFO 1 --- [io-12031-exec-6] order.service.OrderServiceImpl           : [PYTHIA_FINE_TRACE] service=ts-order-service stage=service_create latency_ms=63
2026-03-18 13:53:58.408  INFO 1 --- [io-12031-exec-6] order.controller.OrderController         : [PYTHIA_FINE_TRACE] service=ts-order-service endpoint=createOrder latency_ms=63
2026-03-18 13:53:58.718  INFO 1 --- [io-12031-exec-7] order.service.OrderServiceImpl           : [PYTHIA_FINE_TRACE] service=ts-order-service stage=service_create latency_ms=60
2026-03-18 13:53:58.718  INFO 1 --- [io-12031-exec-7] order.controller.OrderController         : [PYTHIA_FINE_TRACE] service=ts-order-service endpoint=createOrder latency_ms=60
2026-03-18 13:53:59.315  INFO 1 --- [io-12031-exec-8] order.service.OrderServiceImpl           : [PYTHIA_FINE_TRACE] service=ts-order-service stage=service_create latency_ms=361
2026-03-18 13:53:59.315  INFO 1 --- [io-12031-exec-8] order.controller.OrderController         : [PYTHIA_FINE_TRACE] service=ts-order-service endpoint=createOrder latency_ms=361
2026-03-18 13:54:00.006  INFO 1 --- [io-12031-exec-9] order.service.OrderServiceImpl           : [PYTHIA_FINE_TRACE] service=ts-order-service stage=service_create latency_ms=363
2026-03-18 13:54:00.006  INFO 1 --- [io-12031-exec-9] order.controller.OrderController         : [PYTHIA_FINE_TRACE] service=ts-order-service endpoint=createOrder latency_ms=363
2026-03-18 13:54:00.321  INFO 1 --- [io-12031-exec-2] order.service.OrderServiceImpl           : [PYTHIA_FINE_TRACE] service=ts-order-service stage=service_create latency_ms=64
2026-03-18 13:54:00.321  INFO 1 --- [io-12031-exec-2] order.controller.OrderController         : [PYTHIA_FINE_TRACE] service=ts-order-service endpoint=createOrder latency_ms=64
2026-03-18 13:54:00.980  INFO 1 --- [io-12031-exec-1] order.service.OrderServiceImpl           : [PYTHIA_FINE_TRACE] service=ts-order-service stage=service_create latency_ms=424
2026-03-18 13:54:00.980  INFO 1 --- [io-12031-exec-1] order.controller.OrderController         : [PYTHIA_FINE_TRACE] service=ts-order-service endpoint=createOrder latency_ms=424
2026-03-18 13:54:01.685  INFO 1 --- [io-12031-exec-3] order.service.OrderServiceImpl           : [PYTHIA_FINE_TRACE] service=ts-order-service stage=service_create latency_ms=420
2026-03-18 13:54:01.685  INFO 1 --- [io-12031-exec-3] order.controller.OrderController         : [PYTHIA_FINE_TRACE] service=ts-order-service endpoint=createOrder latency_ms=420
2026-03-18 13:54:02.482  INFO 1 --- [io-12031-exec-4] order.service.OrderServiceImpl           : [PYTHIA_FINE_TRACE] service=ts-order-service stage=service_create latency_ms=528
2026-03-18 13:54:02.482  INFO 1 --- [io-12031-exec-4] order.controller.OrderController         : [PYTHIA_FINE_TRACE] service=ts-order-service endpoint=createOrder latency_ms=528
2026-03-18 13:54:02.873  INFO 1 --- [io-12031-exec-5] order.service.OrderServiceImpl           : [PYTHIA_FINE_TRACE] service=ts-order-service stage=service_create latency_ms=123
2026-03-18 13:54:02.873  INFO 1 --- [io-12031-exec-5] order.controller.OrderController         : [PYTHIA_FINE_TRACE] service=ts-order-service endpoint=createOrder latency_ms=123
2026-03-18 13:54:03.513  INFO 1 --- [io-12031-exec-6] order.service.OrderServiceImpl           : [PYTHIA_FINE_TRACE] service=ts-order-service stage=service_create latency_ms=373
2026-03-18 13:54:03.513  INFO 1 --- [io-12031-exec-6] order.controller.OrderController         : [PYTHIA_FINE_TRACE] service=ts-order-service endpoint=createOrder latency_ms=373
2026-03-18 13:54:03.989  INFO 1 --- [io-12031-exec-7] order.service.OrderServiceImpl           : [PYTHIA_FINE_TRACE] service=ts-order-service stage=service_create latency_ms=220
2026-03-18 13:54:03.989  INFO 1 --- [io-12031-exec-7] order.controller.OrderController         : [PYTHIA_FINE_TRACE] service=ts-order-service endpoint=createOrder latency_ms=220
2026-03-18 13:54:04.403  INFO 1 --- [o-12031-exec-10] order.service.OrderServiceImpl           : [PYTHIA_FINE_TRACE] service=ts-order-service stage=service_create latency_ms=46
2026-03-18 13:54:04.403  INFO 1 --- [o-12031-exec-10] order.controller.OrderController         : [PYTHIA_FINE_TRACE] service=ts-order-service endpoint=createOrder latency_ms=46
2026-03-18 13:54:04.767  INFO 1 --- [io-12031-exec-8] order.service.OrderServiceImpl           : [PYTHIA_FINE_TRACE] service=ts-order-service stage=service_create latency_ms=111
2026-03-18 13:54:04.767  INFO 1 --- [io-12031-exec-8] order.controller.OrderController         : [PYTHIA_FINE_TRACE] service=ts-order-service endpoint=createOrder latency_ms=111
2026-03-18 13:54:05.096  INFO 1 --- [io-12031-exec-9] order.service.OrderServiceImpl           : [PYTHIA_FINE_TRACE] service=ts-order-service stage=service_create latency_ms=57
2026-03-18 13:54:05.096  INFO 1 --- [io-12031-exec-9] order.controller.OrderController         : [PYTHIA_FINE_TRACE] service=ts-order-service endpoint=createOrder latency_ms=57
2026-03-18 13:54:05.773  INFO 1 --- [io-12031-exec-2] order.service.OrderServiceImpl           : [PYTHIA_FINE_TRACE] service=ts-order-service stage=service_create latency_ms=412
2026-03-18 13:54:05.773  INFO 1 --- [io-12031-exec-2] order.controller.OrderController         : [PYTHIA_FINE_TRACE] service=ts-order-service endpoint=createOrder latency_ms=412
2026-03-18 13:54:06.414  INFO 1 --- [io-12031-exec-1] order.service.OrderServiceImpl           : [PYTHIA_FINE_TRACE] service=ts-order-service stage=service_create latency_ms=361
2026-03-18 13:54:06.414  INFO 1 --- [io-12031-exec-1] order.controller.OrderController         : [PYTHIA_FINE_TRACE] service=ts-order-service endpoint=createOrder latency_ms=361
2026-03-18 13:54:06.805  INFO 1 --- [io-12031-exec-3] order.service.OrderServiceImpl           : [PYTHIA_FINE_TRACE] service=ts-order-service stage=service_create latency_ms=57
2026-03-18 13:54:06.805  INFO 1 --- [io-12031-exec-3] order.controller.OrderController         : [PYTHIA_FINE_TRACE] service=ts-order-service endpoint=createOrder latency_ms=57
2026-03-18 13:54:07.419  INFO 1 --- [io-12031-exec-4] order.service.OrderServiceImpl           : [PYTHIA_FINE_TRACE] service=ts-order-service stage=service_create latency_ms=363
2026-03-18 13:54:07.419  INFO 1 --- [io-12031-exec-4] order.controller.OrderController         : [PYTHIA_FINE_TRACE] service=ts-order-service endpoint=createOrder latency_ms=363
2026-03-18 13:54:08.117  INFO 1 --- [io-12031-exec-5] order.service.OrderServiceImpl           : [PYTHIA_FINE_TRACE] service=ts-order-service stage=service_create latency_ms=372
2026-03-18 13:54:08.117  INFO 1 --- [io-12031-exec-5] order.controller.OrderController         : [PYTHIA_FINE_TRACE] service=ts-order-service endpoint=createOrder latency_ms=372
2026-03-18 13:54:08.482  INFO 1 --- [io-12031-exec-6] order.service.OrderServiceImpl           : [PYTHIA_FINE_TRACE] service=ts-order-service stage=service_create latency_ms=119
2026-03-18 13:54:08.482  INFO 1 --- [io-12031-exec-6] order.controller.OrderController         : [PYTHIA_FINE_TRACE] service=ts-order-service endpoint=createOrder latency_ms=120
2026-03-18 13:54:08.886  INFO 1 --- [io-12031-exec-7] order.service.OrderServiceImpl           : [PYTHIA_FINE_TRACE] service=ts-order-service stage=service_create latency_ms=123
2026-03-18 13:54:08.886  INFO 1 --- [io-12031-exec-7] order.controller.OrderController         : [PYTHIA_FINE_TRACE] service=ts-order-service endpoint=createOrder latency_ms=123
2026-03-18 13:54:09.293  INFO 1 --- [io-12031-exec-8] order.service.OrderServiceImpl           : [PYTHIA_FINE_TRACE] service=ts-order-service stage=service_create latency_ms=133
2026-03-18 13:54:09.293  INFO 1 --- [io-12031-exec-8] order.controller.OrderController         : [PYTHIA_FINE_TRACE] service=ts-order-service endpoint=createOrder latency_ms=133
2026-03-18 13:54:09.805  INFO 1 --- [io-12031-exec-9] order.service.OrderServiceImpl           : [PYTHIA_FINE_TRACE] service=ts-order-service stage=service_create latency_ms=69
2026-03-18 13:54:09.805  INFO 1 --- [io-12031-exec-9] order.controller.OrderController         : [PYTHIA_FINE_TRACE] service=ts-order-service endpoint=createOrder latency_ms=69
2026-03-18 13:54:10.286  INFO 1 --- [io-12031-exec-2] order.service.OrderServiceImpl           : [PYTHIA_FINE_TRACE] service=ts-order-service stage=service_create latency_ms=218
2026-03-18 13:54:10.286  INFO 1 --- [io-12031-exec-2] order.controller.OrderController         : [PYTHIA_FINE_TRACE] service=ts-order-service endpoint=createOrder latency_ms=218
2026-03-18 13:54:10.985  INFO 1 --- [io-12031-exec-1] order.service.OrderServiceImpl           : [PYTHIA_FINE_TRACE] service=ts-order-service stage=service_create latency_ms=418
2026-03-18 13:54:10.985  INFO 1 --- [io-12031-exec-1] order.controller.OrderController         : [PYTHIA_FINE_TRACE] service=ts-order-service endpoint=createOrder latency_ms=418
2026-03-18 13:54:11.678  INFO 1 --- [io-12031-exec-3] order.service.OrderServiceImpl           : [PYTHIA_FINE_TRACE] service=ts-order-service stage=service_create latency_ms=422
2026-03-18 13:54:11.678  INFO 1 --- [io-12031-exec-3] order.controller.OrderController         : [PYTHIA_FINE_TRACE] service=ts-order-service endpoint=createOrder latency_ms=422
2026-03-18 13:54:12.373  INFO 1 --- [io-12031-exec-4] order.service.OrderServiceImpl           : [PYTHIA_FINE_TRACE] service=ts-order-service stage=service_create latency_ms=418
2026-03-18 13:54:12.373  INFO 1 --- [io-12031-exec-4] order.controller.OrderController         : [PYTHIA_FINE_TRACE] service=ts-order-service endpoint=createOrder latency_ms=418
2026-03-18 13:54:12.994  INFO 1 --- [io-12031-exec-5] order.service.OrderServiceImpl           : [PYTHIA_FINE_TRACE] service=ts-order-service stage=service_create latency_ms=348
2026-03-18 13:54:12.994  INFO 1 --- [io-12031-exec-5] order.controller.OrderController         : [PYTHIA_FINE_TRACE] service=ts-order-service endpoint=createOrder latency_ms=348
2026-03-18 13:54:13.311  INFO 1 --- [io-12031-exec-6] order.service.OrderServiceImpl           : [PYTHIA_FINE_TRACE] service=ts-order-service stage=service_create latency_ms=54
2026-03-18 13:54:13.311  INFO 1 --- [io-12031-exec-6] order.controller.OrderController         : [PYTHIA_FINE_TRACE] service=ts-order-service endpoint=createOrder latency_ms=54
2026-03-18 13:54:13.991  INFO 1 --- [io-12031-exec-7] order.service.OrderServiceImpl           : [PYTHIA_FINE_TRACE] service=ts-order-service stage=service_create latency_ms=355
2026-03-18 13:54:13.991  INFO 1 --- [io-12031-exec-7] order.controller.OrderController         : [PYTHIA_FINE_TRACE] service=ts-order-service endpoint=createOrder latency_ms=356
2026-03-18 13:54:14.620  INFO 1 --- [o-12031-exec-10] order.service.OrderServiceImpl           : [PYTHIA_FINE_TRACE] service=ts-order-service stage=service_create latency_ms=359
2026-03-18 13:54:14.620  INFO 1 --- [o-12031-exec-10] order.controller.OrderController         : [PYTHIA_FINE_TRACE] service=ts-order-service endpoint=createOrder latency_ms=359
2026-03-18 13:54:15.000  INFO 1 --- [io-12031-exec-8] order.service.OrderServiceImpl           : [PYTHIA_FINE_TRACE] service=ts-order-service stage=service_create latency_ms=59
2026-03-18 13:54:15.000  INFO 1 --- [io-12031-exec-8] order.controller.OrderController         : [PYTHIA_FINE_TRACE] service=ts-order-service endpoint=createOrder latency_ms=59
2026-03-18 13:54:15.313  INFO 1 --- [io-12031-exec-9] order.service.OrderServiceImpl           : [PYTHIA_FINE_TRACE] service=ts-order-service stage=service_create latency_ms=58
2026-03-18 13:54:15.313  INFO 1 --- [io-12031-exec-9] order.controller.OrderController         : [PYTHIA_FINE_TRACE] service=ts-order-service endpoint=createOrder latency_ms=58
2026-03-18 13:54:15.966  INFO 1 --- [io-12031-exec-2] order.service.OrderServiceImpl           : [PYTHIA_FINE_TRACE] service=ts-order-service stage=service_create latency_ms=405
2026-03-18 13:54:15.967  INFO 1 --- [io-12031-exec-2] order.controller.OrderController         : [PYTHIA_FINE_TRACE] service=ts-order-service endpoint=createOrder latency_ms=406
2026-03-18 13:54:16.297  INFO 1 --- [io-12031-exec-1] order.service.OrderServiceImpl           : [PYTHIA_FINE_TRACE] service=ts-order-service stage=service_create latency_ms=61
2026-03-18 13:54:16.297  INFO 1 --- [io-12031-exec-1] order.controller.OrderController         : [PYTHIA_FINE_TRACE] service=ts-order-service endpoint=createOrder latency_ms=61
2026-03-18 13:54:16.689  INFO 1 --- [io-12031-exec-3] order.service.OrderServiceImpl           : [PYTHIA_FINE_TRACE] service=ts-order-service stage=service_create latency_ms=127
2026-03-18 13:54:16.689  INFO 1 --- [io-12031-exec-3] order.controller.OrderController         : [PYTHIA_FINE_TRACE] service=ts-order-service endpoint=createOrder latency_ms=127
2026-03-18 13:54:17.085  INFO 1 --- [io-12031-exec-4] order.service.OrderServiceImpl           : [PYTHIA_FINE_TRACE] service=ts-order-service stage=service_create latency_ms=110
2026-03-18 13:54:17.085  INFO 1 --- [io-12031-exec-4] order.controller.OrderController         : [PYTHIA_FINE_TRACE] service=ts-order-service endpoint=createOrder latency_ms=110
2026-03-18 13:54:17.517  INFO 1 --- [io-12031-exec-5] order.service.OrderServiceImpl           : [PYTHIA_FINE_TRACE] service=ts-order-service stage=service_create latency_ms=64
2026-03-18 13:54:17.517  INFO 1 --- [io-12031-exec-5] order.controller.OrderController         : [PYTHIA_FINE_TRACE] service=ts-order-service endpoint=createOrder latency_ms=64
2026-03-18 13:54:18.120  INFO 1 --- [io-12031-exec-6] order.service.OrderServiceImpl           : [PYTHIA_FINE_TRACE] service=ts-order-service stage=service_create latency_ms=365
2026-03-18 13:54:18.120  INFO 1 --- [io-12031-exec-6] order.controller.OrderController         : [PYTHIA_FINE_TRACE] service=ts-order-service endpoint=createOrder latency_ms=365
2026-03-18 13:54:18.577  INFO 1 --- [io-12031-exec-7] order.service.OrderServiceImpl           : [PYTHIA_FINE_TRACE] service=ts-order-service stage=service_create latency_ms=134
2026-03-18 13:54:18.577  INFO 1 --- [io-12031-exec-7] order.controller.OrderController         : [PYTHIA_FINE_TRACE] service=ts-order-service endpoint=createOrder latency_ms=134
2026-03-18 13:54:18.996  INFO 1 --- [o-12031-exec-10] order.service.OrderServiceImpl           : [PYTHIA_FINE_TRACE] service=ts-order-service stage=service_create latency_ms=136
2026-03-18 13:54:18.996  INFO 1 --- [o-12031-exec-10] order.controller.OrderController         : [PYTHIA_FINE_TRACE] service=ts-order-service endpoint=createOrder latency_ms=136
2026-03-18 13:54:19.380  INFO 1 --- [io-12031-exec-9] order.service.OrderServiceImpl           : [PYTHIA_FINE_TRACE] service=ts-order-service stage=service_create latency_ms=125
2026-03-18 13:54:19.380  INFO 1 --- [io-12031-exec-9] order.controller.OrderController         : [PYTHIA_FINE_TRACE] service=ts-order-service endpoint=createOrder latency_ms=125
2026-03-18 13:54:19.778  INFO 1 --- [io-12031-exec-2] order.service.OrderServiceImpl           : [PYTHIA_FINE_TRACE] service=ts-order-service stage=service_create latency_ms=124
2026-03-18 13:54:19.779  INFO 1 --- [io-12031-exec-2] order.controller.OrderController         : [PYTHIA_FINE_TRACE] service=ts-order-service endpoint=createOrder latency_ms=125
2026-03-18 13:54:20.190  INFO 1 --- [io-12031-exec-1] order.service.OrderServiceImpl           : [PYTHIA_FINE_TRACE] service=ts-order-service stage=service_create latency_ms=128
2026-03-18 13:54:20.190  INFO 1 --- [io-12031-exec-1] order.controller.OrderController         : [PYTHIA_FINE_TRACE] service=ts-order-service endpoint=createOrder latency_ms=128
2026-03-18 13:54:20.816  INFO 1 --- [io-12031-exec-3] order.service.OrderServiceImpl           : [PYTHIA_FINE_TRACE] service=ts-order-service stage=service_create latency_ms=354
2026-03-18 13:54:20.816  INFO 1 --- [io-12031-exec-3] order.controller.OrderController         : [PYTHIA_FINE_TRACE] service=ts-order-service endpoint=createOrder latency_ms=354
2026-03-18 13:54:21.904  INFO 1 --- [io-12031-exec-4] order.service.OrderServiceImpl           : [PYTHIA_FINE_TRACE] service=ts-order-service stage=service_create latency_ms=752
2026-03-18 13:54:21.904  INFO 1 --- [io-12031-exec-4] order.controller.OrderController         : [PYTHIA_FINE_TRACE] service=ts-order-service endpoint=createOrder latency_ms=752
2026-03-18 13:54:22.213  INFO 1 --- [io-12031-exec-5] order.service.OrderServiceImpl           : [PYTHIA_FINE_TRACE] service=ts-order-service stage=service_create latency_ms=60
2026-03-18 13:54:22.213  INFO 1 --- [io-12031-exec-5] order.controller.OrderController         : [PYTHIA_FINE_TRACE] service=ts-order-service endpoint=createOrder latency_ms=61
2026-03-18 13:54:22.566  INFO 1 --- [io-12031-exec-6] order.service.OrderServiceImpl           : [PYTHIA_FINE_TRACE] service=ts-order-service stage=service_create latency_ms=109
2026-03-18 13:54:22.566  INFO 1 --- [io-12031-exec-6] order.controller.OrderController         : [PYTHIA_FINE_TRACE] service=ts-order-service endpoint=createOrder latency_ms=109
2026-03-18 13:54:23.200  INFO 1 --- [io-12031-exec-7] order.service.OrderServiceImpl           : [PYTHIA_FINE_TRACE] service=ts-order-service stage=service_create latency_ms=363
2026-03-18 13:54:23.200  INFO 1 --- [io-12031-exec-7] order.controller.OrderController         : [PYTHIA_FINE_TRACE] service=ts-order-service endpoint=createOrder latency_ms=363
2026-03-18 13:54:23.517  INFO 1 --- [io-12031-exec-8] order.service.OrderServiceImpl           : [PYTHIA_FINE_TRACE] service=ts-order-service stage=service_create latency_ms=59
2026-03-18 13:54:23.517  INFO 1 --- [io-12031-exec-8] order.controller.OrderController         : [PYTHIA_FINE_TRACE] service=ts-order-service endpoint=createOrder latency_ms=59
2026-03-18 13:54:23.883  INFO 1 --- [o-12031-exec-10] order.service.OrderServiceImpl           : [PYTHIA_FINE_TRACE] service=ts-order-service stage=service_create latency_ms=122
2026-03-18 13:54:23.883  INFO 1 --- [o-12031-exec-10] order.controller.OrderController         : [PYTHIA_FINE_TRACE] service=ts-order-service endpoint=createOrder latency_ms=122
2026-03-18 13:54:24.524  INFO 1 --- [io-12031-exec-9] order.service.OrderServiceImpl           : [PYTHIA_FINE_TRACE] service=ts-order-service stage=service_create latency_ms=364
2026-03-18 13:54:24.524  INFO 1 --- [io-12031-exec-9] order.controller.OrderController         : [PYTHIA_FINE_TRACE] service=ts-order-service endpoint=createOrder latency_ms=364
2026-03-18 13:54:24.902  INFO 1 --- [io-12031-exec-2] order.service.OrderServiceImpl           : [PYTHIA_FINE_TRACE] service=ts-order-service stage=service_create latency_ms=65
2026-03-18 13:54:24.902  INFO 1 --- [io-12031-exec-2] order.controller.OrderController         : [PYTHIA_FINE_TRACE] service=ts-order-service endpoint=createOrder latency_ms=65
2026-03-18 13:54:25.283  INFO 1 --- [io-12031-exec-1] order.service.OrderServiceImpl           : [PYTHIA_FINE_TRACE] service=ts-order-service stage=service_create latency_ms=116
2026-03-18 13:54:25.283  INFO 1 --- [io-12031-exec-1] order.controller.OrderController         : [PYTHIA_FINE_TRACE] service=ts-order-service endpoint=createOrder latency_ms=116
2026-03-18 13:54:25.612  INFO 1 --- [io-12031-exec-3] order.service.OrderServiceImpl           : [PYTHIA_FINE_TRACE] service=ts-order-service stage=service_create latency_ms=59
2026-03-18 13:54:25.612  INFO 1 --- [io-12031-exec-3] order.controller.OrderController         : [PYTHIA_FINE_TRACE] service=ts-order-service endpoint=createOrder latency_ms=59
2026-03-18 13:54:25.977  INFO 1 --- [io-12031-exec-4] order.service.OrderServiceImpl           : [PYTHIA_FINE_TRACE] service=ts-order-service stage=service_create latency_ms=118
2026-03-18 13:54:25.977  INFO 1 --- [io-12031-exec-4] order.controller.OrderController         : [PYTHIA_FINE_TRACE] service=ts-order-service endpoint=createOrder latency_ms=118
2026-03-18 13:54:26.679  INFO 1 --- [io-12031-exec-5] order.service.OrderServiceImpl           : [PYTHIA_FINE_TRACE] service=ts-order-service stage=service_create latency_ms=423
2026-03-18 13:54:26.679  INFO 1 --- [io-12031-exec-5] order.controller.OrderController         : [PYTHIA_FINE_TRACE] service=ts-order-service endpoint=createOrder latency_ms=423
2026-03-18 13:54:27.074  INFO 1 --- [io-12031-exec-6] order.service.OrderServiceImpl           : [PYTHIA_FINE_TRACE] service=ts-order-service stage=service_create latency_ms=120
2026-03-18 13:54:27.074  INFO 1 --- [io-12031-exec-6] order.controller.OrderController         : [PYTHIA_FINE_TRACE] service=ts-order-service endpoint=createOrder latency_ms=120
2026-03-18 13:54:27.714  INFO 1 --- [io-12031-exec-7] order.service.OrderServiceImpl           : [PYTHIA_FINE_TRACE] service=ts-order-service stage=service_create latency_ms=365
2026-03-18 13:54:27.714  INFO 1 --- [io-12031-exec-7] order.controller.OrderController         : [PYTHIA_FINE_TRACE] service=ts-order-service endpoint=createOrder latency_ms=365
2026-03-18 13:54:28.387  INFO 1 --- [io-12031-exec-8] order.service.OrderServiceImpl           : [PYTHIA_FINE_TRACE] service=ts-order-service stage=service_create latency_ms=428
2026-03-18 13:54:28.387  INFO 1 --- [io-12031-exec-8] order.controller.OrderController         : [PYTHIA_FINE_TRACE] service=ts-order-service endpoint=createOrder latency_ms=428
2026-03-18 13:54:28.810  INFO 1 --- [o-12031-exec-10] order.service.OrderServiceImpl           : [PYTHIA_FINE_TRACE] service=ts-order-service stage=service_create latency_ms=116
2026-03-18 13:54:28.810  INFO 1 --- [o-12031-exec-10] order.controller.OrderController         : [PYTHIA_FINE_TRACE] service=ts-order-service endpoint=createOrder latency_ms=116
2026-03-18 13:54:29.404  INFO 1 --- [io-12031-exec-2] order.service.OrderServiceImpl           : [PYTHIA_FINE_TRACE] service=ts-order-service stage=service_create latency_ms=236
2026-03-18 13:54:29.404  INFO 1 --- [io-12031-exec-2] order.controller.OrderController         : [PYTHIA_FINE_TRACE] service=ts-order-service endpoint=createOrder latency_ms=236
2026-03-18 13:54:29.878  INFO 1 --- [io-12031-exec-1] order.service.OrderServiceImpl           : [PYTHIA_FINE_TRACE] service=ts-order-service stage=service_create latency_ms=124
2026-03-18 13:54:29.878  INFO 1 --- [io-12031-exec-1] order.controller.OrderController         : [PYTHIA_FINE_TRACE] service=ts-order-service endpoint=createOrder latency_ms=124
2026-03-18 13:54:30.516  INFO 1 --- [io-12031-exec-3] order.service.OrderServiceImpl           : [PYTHIA_FINE_TRACE] service=ts-order-service stage=service_create latency_ms=358
2026-03-18 13:54:30.516  INFO 1 --- [io-12031-exec-3] order.controller.OrderController         : [PYTHIA_FINE_TRACE] service=ts-order-service endpoint=createOrder latency_ms=358
2026-03-18 13:54:30.814  INFO 1 --- [io-12031-exec-4] order.service.OrderServiceImpl           : [PYTHIA_FINE_TRACE] service=ts-order-service stage=service_create latency_ms=58
2026-03-18 13:54:30.814  INFO 1 --- [io-12031-exec-4] order.controller.OrderController         : [PYTHIA_FINE_TRACE] service=ts-order-service endpoint=createOrder latency_ms=58
2026-03-18 13:54:31.119  INFO 1 --- [io-12031-exec-5] order.service.OrderServiceImpl           : [PYTHIA_FINE_TRACE] service=ts-order-service stage=service_create latency_ms=58
2026-03-18 13:54:31.119  INFO 1 --- [io-12031-exec-5] order.controller.OrderController         : [PYTHIA_FINE_TRACE] service=ts-order-service endpoint=createOrder latency_ms=58
2026-03-18 13:54:31.467  INFO 1 --- [io-12031-exec-6] order.service.OrderServiceImpl           : [PYTHIA_FINE_TRACE] service=ts-order-service stage=service_create latency_ms=105
2026-03-18 13:54:31.467  INFO 1 --- [io-12031-exec-6] order.controller.OrderController         : [PYTHIA_FINE_TRACE] service=ts-order-service endpoint=createOrder latency_ms=105
2026-03-18 13:54:31.806  INFO 1 --- [io-12031-exec-7] order.service.OrderServiceImpl           : [PYTHIA_FINE_TRACE] service=ts-order-service stage=service_create latency_ms=64
2026-03-18 13:54:31.807  INFO 1 --- [io-12031-exec-7] order.controller.OrderController         : [PYTHIA_FINE_TRACE] service=ts-order-service endpoint=createOrder latency_ms=65
2026-03-18 13:54:32.112  INFO 1 --- [io-12031-exec-8] order.service.OrderServiceImpl           : [PYTHIA_FINE_TRACE] service=ts-order-service stage=service_create latency_ms=59
2026-03-18 13:54:32.112  INFO 1 --- [io-12031-exec-8] order.controller.OrderController         : [PYTHIA_FINE_TRACE] service=ts-order-service endpoint=createOrder latency_ms=59
2026-03-18 13:54:32.721  INFO 1 --- [o-12031-exec-10] order.service.OrderServiceImpl           : [PYTHIA_FINE_TRACE] service=ts-order-service stage=service_create latency_ms=364
2026-03-18 13:54:32.721  INFO 1 --- [o-12031-exec-10] order.controller.OrderController         : [PYTHIA_FINE_TRACE] service=ts-order-service endpoint=createOrder latency_ms=364
2026-03-18 13:54:33.099  INFO 1 --- [io-12031-exec-9] order.service.OrderServiceImpl           : [PYTHIA_FINE_TRACE] service=ts-order-service stage=service_create latency_ms=59
2026-03-18 13:54:33.099  INFO 1 --- [io-12031-exec-9] order.controller.OrderController         : [PYTHIA_FINE_TRACE] service=ts-order-service endpoint=createOrder latency_ms=59
2026-03-18 13:54:33.717  INFO 1 --- [io-12031-exec-2] order.service.OrderServiceImpl           : [PYTHIA_FINE_TRACE] service=ts-order-service stage=service_create latency_ms=362
2026-03-18 13:54:33.717  INFO 1 --- [io-12031-exec-2] order.controller.OrderController         : [PYTHIA_FINE_TRACE] service=ts-order-service endpoint=createOrder latency_ms=362
2026-03-18 13:54:34.019  INFO 1 --- [io-12031-exec-1] order.service.OrderServiceImpl           : [PYTHIA_FINE_TRACE] service=ts-order-service stage=service_create latency_ms=63
2026-03-18 13:54:34.019  INFO 1 --- [io-12031-exec-1] order.controller.OrderController         : [PYTHIA_FINE_TRACE] service=ts-order-service endpoint=createOrder latency_ms=64
2026-03-18 13:54:34.784  INFO 1 --- [io-12031-exec-3] order.service.OrderServiceImpl           : [PYTHIA_FINE_TRACE] service=ts-order-service stage=service_create latency_ms=420
2026-03-18 13:54:34.784  INFO 1 --- [io-12031-exec-3] order.controller.OrderController         : [PYTHIA_FINE_TRACE] service=ts-order-service endpoint=createOrder latency_ms=420
2026-03-18 13:54:35.425  INFO 1 --- [io-12031-exec-4] order.service.OrderServiceImpl           : [PYTHIA_FINE_TRACE] service=ts-order-service stage=service_create latency_ms=368
2026-03-18 13:54:35.425  INFO 1 --- [io-12031-exec-4] order.controller.OrderController         : [PYTHIA_FINE_TRACE] service=ts-order-service endpoint=createOrder latency_ms=368
2026-03-18 13:54:36.101  INFO 1 --- [io-12031-exec-5] order.service.OrderServiceImpl           : [PYTHIA_FINE_TRACE] service=ts-order-service stage=service_create latency_ms=369
2026-03-18 13:54:36.101  INFO 1 --- [io-12031-exec-5] order.controller.OrderController         : [PYTHIA_FINE_TRACE] service=ts-order-service endpoint=createOrder latency_ms=369
2026-03-18 13:54:36.472  INFO 1 --- [io-12031-exec-6] order.service.OrderServiceImpl           : [PYTHIA_FINE_TRACE] service=ts-order-service stage=service_create latency_ms=111
2026-03-18 13:54:36.472  INFO 1 --- [io-12031-exec-6] order.controller.OrderController         : [PYTHIA_FINE_TRACE] service=ts-order-service endpoint=createOrder latency_ms=111
2026-03-18 13:54:37.172  INFO 1 --- [io-12031-exec-7] order.service.OrderServiceImpl           : [PYTHIA_FINE_TRACE] service=ts-order-service stage=service_create latency_ms=419
2026-03-18 13:54:37.172  INFO 1 --- [io-12031-exec-7] order.controller.OrderController         : [PYTHIA_FINE_TRACE] service=ts-order-service endpoint=createOrder latency_ms=419
2026-03-18 13:54:37.573  INFO 1 --- [io-12031-exec-8] order.service.OrderServiceImpl           : [PYTHIA_FINE_TRACE] service=ts-order-service stage=service_create latency_ms=116
2026-03-18 13:54:37.574  INFO 1 --- [io-12031-exec-8] order.controller.OrderController         : [PYTHIA_FINE_TRACE] service=ts-order-service endpoint=createOrder latency_ms=117
2026-03-18 13:54:37.915  INFO 1 --- [o-12031-exec-10] order.service.OrderServiceImpl           : [PYTHIA_FINE_TRACE] service=ts-order-service stage=service_create latency_ms=68
2026-03-18 13:54:37.915  INFO 1 --- [o-12031-exec-10] order.controller.OrderController         : [PYTHIA_FINE_TRACE] service=ts-order-service endpoint=createOrder latency_ms=68
2026-03-18 13:54:38.205  INFO 1 --- [io-12031-exec-9] order.service.OrderServiceImpl           : [PYTHIA_FINE_TRACE] service=ts-order-service stage=service_create latency_ms=48
2026-03-18 13:54:38.205  INFO 1 --- [io-12031-exec-9] order.controller.OrderController         : [PYTHIA_FINE_TRACE] service=ts-order-service endpoint=createOrder latency_ms=48
2026-03-18 13:54:38.872  INFO 1 --- [io-12031-exec-2] order.service.OrderServiceImpl           : [PYTHIA_FINE_TRACE] service=ts-order-service stage=service_create latency_ms=405
2026-03-18 13:54:38.872  INFO 1 --- [io-12031-exec-2] order.controller.OrderController         : [PYTHIA_FINE_TRACE] service=ts-order-service endpoint=createOrder latency_ms=405
2026-03-18 13:54:39.206  INFO 1 --- [io-12031-exec-3] order.service.OrderServiceImpl           : [PYTHIA_FINE_TRACE] service=ts-order-service stage=service_create latency_ms=63
2026-03-18 13:54:39.206  INFO 1 --- [io-12031-exec-3] order.controller.OrderController         : [PYTHIA_FINE_TRACE] service=ts-order-service endpoint=createOrder latency_ms=64
2026-03-18 13:54:39.612  INFO 1 --- [io-12031-exec-4] order.service.OrderServiceImpl           : [PYTHIA_FINE_TRACE] service=ts-order-service stage=service_create latency_ms=56
2026-03-18 13:54:39.612  INFO 1 --- [io-12031-exec-4] order.controller.OrderController         : [PYTHIA_FINE_TRACE] service=ts-order-service endpoint=createOrder latency_ms=58
2026-03-18 13:54:39.918  INFO 1 --- [io-12031-exec-5] order.service.OrderServiceImpl           : [PYTHIA_FINE_TRACE] service=ts-order-service stage=service_create latency_ms=59
2026-03-18 13:54:39.918  INFO 1 --- [io-12031-exec-5] order.controller.OrderController         : [PYTHIA_FINE_TRACE] service=ts-order-service endpoint=createOrder latency_ms=59
2026-03-18 13:54:40.575  INFO 1 --- [io-12031-exec-6] order.service.OrderServiceImpl           : [PYTHIA_FINE_TRACE] service=ts-order-service stage=service_create latency_ms=414
2026-03-18 13:54:40.575  INFO 1 --- [io-12031-exec-6] order.controller.OrderController         : [PYTHIA_FINE_TRACE] service=ts-order-service endpoint=createOrder latency_ms=414
2026-03-18 13:54:40.914  INFO 1 --- [io-12031-exec-7] order.service.OrderServiceImpl           : [PYTHIA_FINE_TRACE] service=ts-order-service stage=service_create latency_ms=63
2026-03-18 13:54:40.914  INFO 1 --- [io-12031-exec-7] order.controller.OrderController         : [PYTHIA_FINE_TRACE] service=ts-order-service endpoint=createOrder latency_ms=64
2026-03-18 13:54:41.267  INFO 1 --- [io-12031-exec-8] order.service.OrderServiceImpl           : [PYTHIA_FINE_TRACE] service=ts-order-service stage=service_create latency_ms=110
2026-03-18 13:54:41.267  INFO 1 --- [io-12031-exec-8] order.controller.OrderController         : [PYTHIA_FINE_TRACE] service=ts-order-service endpoint=createOrder latency_ms=110
2026-03-18 13:54:41.609  INFO 1 --- [o-12031-exec-10] order.service.OrderServiceImpl           : [PYTHIA_FINE_TRACE] service=ts-order-service stage=service_create latency_ms=64
2026-03-18 13:54:41.609  INFO 1 --- [o-12031-exec-10] order.controller.OrderController         : [PYTHIA_FINE_TRACE] service=ts-order-service endpoint=createOrder latency_ms=64
2026-03-18 13:54:41.920  INFO 1 --- [io-12031-exec-9] order.service.OrderServiceImpl           : [PYTHIA_FINE_TRACE] service=ts-order-service stage=service_create latency_ms=63
2026-03-18 13:54:41.920  INFO 1 --- [io-12031-exec-9] order.controller.OrderController         : [PYTHIA_FINE_TRACE] service=ts-order-service endpoint=createOrder latency_ms=63
2026-03-18 13:54:42.572  INFO 1 --- [io-12031-exec-2] order.service.OrderServiceImpl           : [PYTHIA_FINE_TRACE] service=ts-order-service stage=service_create latency_ms=417
2026-03-18 13:54:42.572  INFO 1 --- [io-12031-exec-2] order.controller.OrderController         : [PYTHIA_FINE_TRACE] service=ts-order-service endpoint=createOrder latency_ms=417
2026-03-18 13:54:42.914  INFO 1 --- [io-12031-exec-1] order.service.OrderServiceImpl           : [PYTHIA_FINE_TRACE] service=ts-order-service stage=service_create latency_ms=66
2026-03-18 13:54:42.914  INFO 1 --- [io-12031-exec-1] order.controller.OrderController         : [PYTHIA_FINE_TRACE] service=ts-order-service endpoint=createOrder latency_ms=66
2026-03-18 13:54:43.266  INFO 1 --- [io-12031-exec-3] order.service.OrderServiceImpl           : [PYTHIA_FINE_TRACE] service=ts-order-service stage=service_create latency_ms=110
2026-03-18 13:54:43.266  INFO 1 --- [io-12031-exec-3] order.controller.OrderController         : [PYTHIA_FINE_TRACE] service=ts-order-service endpoint=createOrder latency_ms=110
2026-03-18 13:54:43.613  INFO 1 --- [io-12031-exec-4] order.service.OrderServiceImpl           : [PYTHIA_FINE_TRACE] service=ts-order-service stage=service_create latency_ms=68
2026-03-18 13:54:43.613  INFO 1 --- [io-12031-exec-4] order.controller.OrderController         : [PYTHIA_FINE_TRACE] service=ts-order-service endpoint=createOrder latency_ms=68
2026-03-18 13:54:44.221  INFO 1 --- [io-12031-exec-5] order.service.OrderServiceImpl           : [PYTHIA_FINE_TRACE] service=ts-order-service stage=service_create latency_ms=368
2026-03-18 13:54:44.221  INFO 1 --- [io-12031-exec-5] order.controller.OrderController         : [PYTHIA_FINE_TRACE] service=ts-order-service endpoint=createOrder latency_ms=368
2026-03-18 13:54:44.610  INFO 1 --- [io-12031-exec-6] order.service.OrderServiceImpl           : [PYTHIA_FINE_TRACE] service=ts-order-service stage=service_create latency_ms=66
2026-03-18 13:54:44.610  INFO 1 --- [io-12031-exec-6] order.controller.OrderController         : [PYTHIA_FINE_TRACE] service=ts-order-service endpoint=createOrder latency_ms=66
2026-03-18 13:54:44.979  INFO 1 --- [io-12031-exec-7] order.service.OrderServiceImpl           : [PYTHIA_FINE_TRACE] service=ts-order-service stage=service_create latency_ms=119
2026-03-18 13:54:44.979  INFO 1 --- [io-12031-exec-7] order.controller.OrderController         : [PYTHIA_FINE_TRACE] service=ts-order-service endpoint=createOrder latency_ms=119
2026-03-18 13:54:45.379  INFO 1 --- [io-12031-exec-8] order.service.OrderServiceImpl           : [PYTHIA_FINE_TRACE] service=ts-order-service stage=service_create latency_ms=123
2026-03-18 13:54:45.379  INFO 1 --- [io-12031-exec-8] order.controller.OrderController         : [PYTHIA_FINE_TRACE] service=ts-order-service endpoint=createOrder latency_ms=123
2026-03-18 13:54:46.023  INFO 1 --- [o-12031-exec-10] order.service.OrderServiceImpl           : [PYTHIA_FINE_TRACE] service=ts-order-service stage=service_create latency_ms=375
2026-03-18 13:54:46.023  INFO 1 --- [o-12031-exec-10] order.controller.OrderController         : [PYTHIA_FINE_TRACE] service=ts-order-service endpoint=createOrder latency_ms=375
2026-03-18 13:54:47.091  INFO 1 --- [io-12031-exec-9] order.service.OrderServiceImpl           : [PYTHIA_FINE_TRACE] service=ts-order-service stage=service_create latency_ms=757
2026-03-18 13:54:47.091  INFO 1 --- [io-12031-exec-9] order.controller.OrderController         : [PYTHIA_FINE_TRACE] service=ts-order-service endpoint=createOrder latency_ms=757
2026-03-18 13:54:47.710  INFO 1 --- [io-12031-exec-2] order.service.OrderServiceImpl           : [PYTHIA_FINE_TRACE] service=ts-order-service stage=service_create latency_ms=352
2026-03-18 13:54:47.710  INFO 1 --- [io-12031-exec-2] order.controller.OrderController         : [PYTHIA_FINE_TRACE] service=ts-order-service endpoint=createOrder latency_ms=352
2026-03-18 13:54:48.088  INFO 1 --- [io-12031-exec-1] order.service.OrderServiceImpl           : [PYTHIA_FINE_TRACE] service=ts-order-service stage=service_create latency_ms=127
2026-03-18 13:54:48.088  INFO 1 --- [io-12031-exec-1] order.controller.OrderController         : [PYTHIA_FINE_TRACE] service=ts-order-service endpoint=createOrder latency_ms=127
2026-03-18 13:54:48.473  INFO 1 --- [io-12031-exec-3] order.service.OrderServiceImpl           : [PYTHIA_FINE_TRACE] service=ts-order-service stage=service_create latency_ms=117
2026-03-18 13:54:48.473  INFO 1 --- [io-12031-exec-3] order.controller.OrderController         : [PYTHIA_FINE_TRACE] service=ts-order-service endpoint=createOrder latency_ms=117
2026-03-18 13:54:48.807  INFO 1 --- [io-12031-exec-4] order.service.OrderServiceImpl           : [PYTHIA_FINE_TRACE] service=ts-order-service stage=service_create latency_ms=58
2026-03-18 13:54:48.807  INFO 1 --- [io-12031-exec-4] order.controller.OrderController         : [PYTHIA_FINE_TRACE] service=ts-order-service endpoint=createOrder latency_ms=58
2026-03-18 13:54:49.167  INFO 1 --- [io-12031-exec-6] order.service.OrderServiceImpl           : [PYTHIA_FINE_TRACE] service=ts-order-service stage=service_create latency_ms=99
2026-03-18 13:54:49.167  INFO 1 --- [io-12031-exec-6] order.controller.OrderController         : [PYTHIA_FINE_TRACE] service=ts-order-service endpoint=createOrder latency_ms=99
2026-03-18 13:54:49.509  INFO 1 --- [io-12031-exec-7] order.service.OrderServiceImpl           : [PYTHIA_FINE_TRACE] service=ts-order-service stage=service_create latency_ms=60
2026-03-18 13:54:49.509  INFO 1 --- [io-12031-exec-7] order.controller.OrderController         : [PYTHIA_FINE_TRACE] service=ts-order-service endpoint=createOrder latency_ms=60
2026-03-18 13:54:49.878  INFO 1 --- [io-12031-exec-8] order.service.OrderServiceImpl           : [PYTHIA_FINE_TRACE] service=ts-order-service stage=service_create latency_ms=120
2026-03-18 13:54:49.878  INFO 1 --- [io-12031-exec-8] order.controller.OrderController         : [PYTHIA_FINE_TRACE] service=ts-order-service endpoint=createOrder latency_ms=120
2026-03-18 13:54:50.210  INFO 1 --- [o-12031-exec-10] order.service.OrderServiceImpl           : [PYTHIA_FINE_TRACE] service=ts-order-service stage=service_create latency_ms=59
2026-03-18 13:54:50.210  INFO 1 --- [o-12031-exec-10] order.controller.OrderController         : [PYTHIA_FINE_TRACE] service=ts-order-service endpoint=createOrder latency_ms=59
2026-03-18 13:54:50.511  INFO 1 --- [io-12031-exec-9] order.service.OrderServiceImpl           : [PYTHIA_FINE_TRACE] service=ts-order-service stage=service_create latency_ms=61
2026-03-18 13:54:50.511  INFO 1 --- [io-12031-exec-9] order.controller.OrderController         : [PYTHIA_FINE_TRACE] service=ts-order-service endpoint=createOrder latency_ms=61
2026-03-18 13:54:51.166  INFO 1 --- [io-12031-exec-2] order.service.OrderServiceImpl           : [PYTHIA_FINE_TRACE] service=ts-order-service stage=service_create latency_ms=410
2026-03-18 13:54:51.166  INFO 1 --- [io-12031-exec-2] order.controller.OrderController         : [PYTHIA_FINE_TRACE] service=ts-order-service endpoint=createOrder latency_ms=410
2026-03-18 13:54:51.516  INFO 1 --- [io-12031-exec-1] order.service.OrderServiceImpl           : [PYTHIA_FINE_TRACE] service=ts-order-service stage=service_create latency_ms=65
2026-03-18 13:54:51.517  INFO 1 --- [io-12031-exec-1] order.controller.OrderController         : [PYTHIA_FINE_TRACE] service=ts-order-service endpoint=createOrder latency_ms=66
2026-03-18 13:54:51.867  INFO 1 --- [io-12031-exec-3] order.service.OrderServiceImpl           : [PYTHIA_FINE_TRACE] service=ts-order-service stage=service_create latency_ms=108
2026-03-18 13:54:51.867  INFO 1 --- [io-12031-exec-3] order.controller.OrderController         : [PYTHIA_FINE_TRACE] service=ts-order-service endpoint=createOrder latency_ms=108
2026-03-18 13:54:52.206  INFO 1 --- [io-12031-exec-4] order.service.OrderServiceImpl           : [PYTHIA_FINE_TRACE] service=ts-order-service stage=service_create latency_ms=66
2026-03-18 13:54:52.206  INFO 1 --- [io-12031-exec-4] order.controller.OrderController         : [PYTHIA_FINE_TRACE] service=ts-order-service endpoint=createOrder latency_ms=66
2026-03-18 13:54:52.866  INFO 1 --- [io-12031-exec-5] order.service.OrderServiceImpl           : [PYTHIA_FINE_TRACE] service=ts-order-service stage=service_create latency_ms=408
2026-03-18 13:54:52.867  INFO 1 --- [io-12031-exec-5] order.controller.OrderController         : [PYTHIA_FINE_TRACE] service=ts-order-service endpoint=createOrder latency_ms=410
2026-03-18 13:54:53.210  INFO 1 --- [io-12031-exec-6] order.service.OrderServiceImpl           : [PYTHIA_FINE_TRACE] service=ts-order-service stage=service_create latency_ms=69
2026-03-18 13:54:53.210  INFO 1 --- [io-12031-exec-6] order.controller.OrderController         : [PYTHIA_FINE_TRACE] service=ts-order-service endpoint=createOrder latency_ms=69
2026-03-18 13:54:53.522  INFO 1 --- [io-12031-exec-7] order.service.OrderServiceImpl           : [PYTHIA_FINE_TRACE] service=ts-order-service stage=service_create latency_ms=66
2026-03-18 13:54:53.522  INFO 1 --- [io-12031-exec-7] order.controller.OrderController         : [PYTHIA_FINE_TRACE] service=ts-order-service endpoint=createOrder latency_ms=66
2026-03-18 13:54:53.885  INFO 1 --- [io-12031-exec-8] order.service.OrderServiceImpl           : [PYTHIA_FINE_TRACE] service=ts-order-service stage=service_create latency_ms=124
2026-03-18 13:54:53.885  INFO 1 --- [io-12031-exec-8] order.controller.OrderController         : [PYTHIA_FINE_TRACE] service=ts-order-service endpoint=createOrder latency_ms=124
2026-03-18 13:54:54.224  INFO 1 --- [o-12031-exec-10] order.service.OrderServiceImpl           : [PYTHIA_FINE_TRACE] service=ts-order-service stage=service_create latency_ms=67
2026-03-18 13:54:54.224  INFO 1 --- [o-12031-exec-10] order.controller.OrderController         : [PYTHIA_FINE_TRACE] service=ts-order-service endpoint=createOrder latency_ms=67
2026-03-18 13:54:54.924  INFO 1 --- [io-12031-exec-9] order.service.OrderServiceImpl           : [PYTHIA_FINE_TRACE] service=ts-order-service stage=service_create latency_ms=376
2026-03-18 13:54:54.924  INFO 1 --- [io-12031-exec-9] order.controller.OrderController         : [PYTHIA_FINE_TRACE] service=ts-order-service endpoint=createOrder latency_ms=376
2026-03-18 13:54:55.373  INFO 1 --- [io-12031-exec-2] order.service.OrderServiceImpl           : [PYTHIA_FINE_TRACE] service=ts-order-service stage=service_create latency_ms=127
2026-03-18 13:54:55.373  INFO 1 --- [io-12031-exec-2] order.controller.OrderController         : [PYTHIA_FINE_TRACE] service=ts-order-service endpoint=createOrder latency_ms=127
2026-03-18 13:54:56.078  INFO 1 --- [io-12031-exec-1] order.service.OrderServiceImpl           : [PYTHIA_FINE_TRACE] service=ts-order-service stage=service_create latency_ms=424
2026-03-18 13:54:56.079  INFO 1 --- [io-12031-exec-1] order.controller.OrderController         : [PYTHIA_FINE_TRACE] service=ts-order-service endpoint=createOrder latency_ms=425
2026-03-18 13:54:56.423  INFO 1 --- [io-12031-exec-3] order.service.OrderServiceImpl           : [PYTHIA_FINE_TRACE] service=ts-order-service stage=service_create latency_ms=75
2026-03-18 13:54:56.423  INFO 1 --- [io-12031-exec-3] order.controller.OrderController         : [PYTHIA_FINE_TRACE] service=ts-order-service endpoint=createOrder latency_ms=75
2026-03-18 13:54:56.708  INFO 1 --- [io-12031-exec-4] order.service.OrderServiceImpl           : [PYTHIA_FINE_TRACE] service=ts-order-service stage=service_create latency_ms=49
2026-03-18 13:54:56.708  INFO 1 --- [io-12031-exec-4] order.controller.OrderController         : [PYTHIA_FINE_TRACE] service=ts-order-service endpoint=createOrder latency_ms=49
2026-03-18 13:54:57.091  INFO 1 --- [io-12031-exec-5] order.service.OrderServiceImpl           : [PYTHIA_FINE_TRACE] service=ts-order-service stage=service_create latency_ms=52
2026-03-18 13:54:57.091  INFO 1 --- [io-12031-exec-5] order.controller.OrderController         : [PYTHIA_FINE_TRACE] service=ts-order-service endpoint=createOrder latency_ms=52
2026-03-18 13:54:57.712  INFO 1 --- [io-12031-exec-6] order.service.OrderServiceImpl           : [PYTHIA_FINE_TRACE] service=ts-order-service stage=service_create latency_ms=355
2026-03-18 13:54:57.712  INFO 1 --- [io-12031-exec-6] order.controller.OrderController         : [PYTHIA_FINE_TRACE] service=ts-order-service endpoint=createOrder latency_ms=355
2026-03-18 13:54:58.010  INFO 1 --- [io-12031-exec-7] order.service.OrderServiceImpl           : [PYTHIA_FINE_TRACE] service=ts-order-service stage=service_create latency_ms=57
2026-03-18 13:54:58.010  INFO 1 --- [io-12031-exec-7] order.controller.OrderController         : [PYTHIA_FINE_TRACE] service=ts-order-service endpoint=createOrder latency_ms=57
2026-03-18 13:54:58.384  INFO 1 --- [io-12031-exec-8] order.service.OrderServiceImpl           : [PYTHIA_FINE_TRACE] service=ts-order-service stage=service_create latency_ms=132
2026-03-18 13:54:58.384  INFO 1 --- [io-12031-exec-8] order.controller.OrderController         : [PYTHIA_FINE_TRACE] service=ts-order-service endpoint=createOrder latency_ms=132
2026-03-18 13:54:59.066  INFO 1 --- [o-12031-exec-10] order.service.OrderServiceImpl           : [PYTHIA_FINE_TRACE] service=ts-order-service stage=service_create latency_ms=406
2026-03-18 13:54:59.066  INFO 1 --- [o-12031-exec-10] order.controller.OrderController         : [PYTHIA_FINE_TRACE] service=ts-order-service endpoint=createOrder latency_ms=406
2026-03-18 13:54:59.407  INFO 1 --- [io-12031-exec-2] order.service.OrderServiceImpl           : [PYTHIA_FINE_TRACE] service=ts-order-service stage=service_create latency_ms=64
2026-03-18 13:54:59.407  INFO 1 --- [io-12031-exec-2] order.controller.OrderController         : [PYTHIA_FINE_TRACE] service=ts-order-service endpoint=createOrder latency_ms=64
2026-03-18 13:55:00.076  INFO 1 --- [io-12031-exec-1] order.service.OrderServiceImpl           : [PYTHIA_FINE_TRACE] service=ts-order-service stage=service_create latency_ms=417
2026-03-18 13:55:00.076  INFO 1 --- [io-12031-exec-1] order.controller.OrderController         : [PYTHIA_FINE_TRACE] service=ts-order-service endpoint=createOrder latency_ms=417
2026-03-18 13:55:00.413  INFO 1 --- [io-12031-exec-3] order.service.OrderServiceImpl           : [PYTHIA_FINE_TRACE] service=ts-order-service stage=service_create latency_ms=59
2026-03-18 13:55:00.413  INFO 1 --- [io-12031-exec-3] order.controller.OrderController         : [PYTHIA_FINE_TRACE] service=ts-order-service endpoint=createOrder latency_ms=60
2026-03-18 13:55:00.773  INFO 1 --- [io-12031-exec-4] order.service.OrderServiceImpl           : [PYTHIA_FINE_TRACE] service=ts-order-service stage=service_create latency_ms=115
2026-03-18 13:55:00.773  INFO 1 --- [io-12031-exec-4] order.controller.OrderController         : [PYTHIA_FINE_TRACE] service=ts-order-service endpoint=createOrder latency_ms=115
2026-03-18 13:55:01.405  INFO 1 --- [io-12031-exec-5] order.service.OrderServiceImpl           : [PYTHIA_FINE_TRACE] service=ts-order-service stage=service_create latency_ms=357
2026-03-18 13:55:01.405  INFO 1 --- [io-12031-exec-5] order.controller.OrderController         : [PYTHIA_FINE_TRACE] service=ts-order-service endpoint=createOrder latency_ms=357
2026-03-18 13:55:01.767  INFO 1 --- [io-12031-exec-6] order.service.OrderServiceImpl           : [PYTHIA_FINE_TRACE] service=ts-order-service stage=service_create latency_ms=111
2026-03-18 13:55:01.767  INFO 1 --- [io-12031-exec-6] order.controller.OrderController         : [PYTHIA_FINE_TRACE] service=ts-order-service endpoint=createOrder latency_ms=111
2026-03-18 13:55:02.112  INFO 1 --- [io-12031-exec-7] order.service.OrderServiceImpl           : [PYTHIA_FINE_TRACE] service=ts-order-service stage=service_create latency_ms=63
2026-03-18 13:55:02.112  INFO 1 --- [io-12031-exec-7] order.controller.OrderController         : [PYTHIA_FINE_TRACE] service=ts-order-service endpoint=createOrder latency_ms=63
2026-03-18 13:55:02.870  INFO 1 --- [io-12031-exec-8] order.service.OrderServiceImpl           : [PYTHIA_FINE_TRACE] service=ts-order-service stage=service_create latency_ms=504
2026-03-18 13:55:02.870  INFO 1 --- [io-12031-exec-8] order.controller.OrderController         : [PYTHIA_FINE_TRACE] service=ts-order-service endpoint=createOrder latency_ms=504
2026-03-18 13:55:03.277  INFO 1 --- [io-12031-exec-9] order.service.OrderServiceImpl           : [PYTHIA_FINE_TRACE] service=ts-order-service stage=service_create latency_ms=112
2026-03-18 13:55:03.278  INFO 1 --- [io-12031-exec-9] order.controller.OrderController         : [PYTHIA_FINE_TRACE] service=ts-order-service endpoint=createOrder latency_ms=113
2026-03-18 13:55:03.622  INFO 1 --- [o-12031-exec-10] order.service.OrderServiceImpl           : [PYTHIA_FINE_TRACE] service=ts-order-service stage=service_create latency_ms=65
2026-03-18 13:55:03.622  INFO 1 --- [o-12031-exec-10] order.controller.OrderController         : [PYTHIA_FINE_TRACE] service=ts-order-service endpoint=createOrder latency_ms=65
2026-03-18 13:55:03.967  INFO 1 --- [io-12031-exec-2] order.service.OrderServiceImpl           : [PYTHIA_FINE_TRACE] service=ts-order-service stage=service_create latency_ms=109
2026-03-18 13:55:03.967  INFO 1 --- [io-12031-exec-2] order.controller.OrderController         : [PYTHIA_FINE_TRACE] service=ts-order-service endpoint=createOrder latency_ms=109
2026-03-18 13:55:04.614  INFO 1 --- [io-12031-exec-1] order.service.OrderServiceImpl           : [PYTHIA_FINE_TRACE] service=ts-order-service stage=service_create latency_ms=374
2026-03-18 13:55:04.614  INFO 1 --- [io-12031-exec-1] order.controller.OrderController         : [PYTHIA_FINE_TRACE] service=ts-order-service endpoint=createOrder latency_ms=374
2026-03-18 13:55:04.981  INFO 1 --- [io-12031-exec-3] order.service.OrderServiceImpl           : [PYTHIA_FINE_TRACE] service=ts-order-service stage=service_create latency_ms=119
2026-03-18 13:55:04.981  INFO 1 --- [io-12031-exec-3] order.controller.OrderController         : [PYTHIA_FINE_TRACE] service=ts-order-service endpoint=createOrder latency_ms=119
2026-03-18 13:55:05.383  INFO 1 --- [io-12031-exec-4] order.service.OrderServiceImpl           : [PYTHIA_FINE_TRACE] service=ts-order-service stage=service_create latency_ms=133
2026-03-18 13:55:05.383  INFO 1 --- [io-12031-exec-4] order.controller.OrderController         : [PYTHIA_FINE_TRACE] service=ts-order-service endpoint=createOrder latency_ms=134
2026-03-18 13:55:05.774  INFO 1 --- [io-12031-exec-5] order.service.OrderServiceImpl           : [PYTHIA_FINE_TRACE] service=ts-order-service stage=service_create latency_ms=120
2026-03-18 13:55:05.774  INFO 1 --- [io-12031-exec-5] order.controller.OrderController         : [PYTHIA_FINE_TRACE] service=ts-order-service endpoint=createOrder latency_ms=120
2026-03-18 13:55:06.183  INFO 1 --- [io-12031-exec-6] order.service.OrderServiceImpl           : [PYTHIA_FINE_TRACE] service=ts-order-service stage=service_create latency_ms=131
2026-03-18 13:55:06.183  INFO 1 --- [io-12031-exec-6] order.controller.OrderController         : [PYTHIA_FINE_TRACE] service=ts-order-service endpoint=createOrder latency_ms=131
2026-03-18 13:55:07.283  INFO 1 --- [io-12031-exec-7] order.service.OrderServiceImpl           : [PYTHIA_FINE_TRACE] service=ts-order-service stage=service_create latency_ms=823
2026-03-18 13:55:07.283  INFO 1 --- [io-12031-exec-7] order.controller.OrderController         : [PYTHIA_FINE_TRACE] service=ts-order-service endpoint=createOrder latency_ms=823
2026-03-18 13:55:07.981  INFO 1 --- [io-12031-exec-8] order.service.OrderServiceImpl           : [PYTHIA_FINE_TRACE] service=ts-order-service stage=service_create latency_ms=411
2026-03-18 13:55:07.982  INFO 1 --- [io-12031-exec-8] order.controller.OrderController         : [PYTHIA_FINE_TRACE] service=ts-order-service endpoint=createOrder latency_ms=412
2026-03-18 13:55:08.311  INFO 1 --- [io-12031-exec-9] order.service.OrderServiceImpl           : [PYTHIA_FINE_TRACE] service=ts-order-service stage=service_create latency_ms=54
2026-03-18 13:55:08.311  INFO 1 --- [io-12031-exec-9] order.controller.OrderController         : [PYTHIA_FINE_TRACE] service=ts-order-service endpoint=createOrder latency_ms=54
2026-03-18 13:55:08.917  INFO 1 --- [o-12031-exec-10] order.service.OrderServiceImpl           : [PYTHIA_FINE_TRACE] service=ts-order-service stage=service_create latency_ms=359
2026-03-18 13:55:08.917  INFO 1 --- [o-12031-exec-10] order.controller.OrderController         : [PYTHIA_FINE_TRACE] service=ts-order-service endpoint=createOrder latency_ms=359
2026-03-18 13:55:09.215  INFO 1 --- [io-12031-exec-1] order.service.OrderServiceImpl           : [PYTHIA_FINE_TRACE] service=ts-order-service stage=service_create latency_ms=58
2026-03-18 13:55:09.215  INFO 1 --- [io-12031-exec-1] order.controller.OrderController         : [PYTHIA_FINE_TRACE] service=ts-order-service endpoint=createOrder latency_ms=58
2026-03-18 13:55:09.875  INFO 1 --- [io-12031-exec-3] order.service.OrderServiceImpl           : [PYTHIA_FINE_TRACE] service=ts-order-service stage=service_create latency_ms=413
2026-03-18 13:55:09.876  INFO 1 --- [io-12031-exec-3] order.controller.OrderController         : [PYTHIA_FINE_TRACE] service=ts-order-service endpoint=createOrder latency_ms=415
2026-03-18 13:55:10.514  INFO 1 --- [io-12031-exec-4] order.service.OrderServiceImpl           : [PYTHIA_FINE_TRACE] service=ts-order-service stage=service_create latency_ms=361
2026-03-18 13:55:10.514  INFO 1 --- [io-12031-exec-4] order.controller.OrderController         : [PYTHIA_FINE_TRACE] service=ts-order-service endpoint=createOrder latency_ms=361
2026-03-18 13:55:10.872  INFO 1 --- [io-12031-exec-5] order.service.OrderServiceImpl           : [PYTHIA_FINE_TRACE] service=ts-order-service stage=service_create latency_ms=111
2026-03-18 13:55:10.872  INFO 1 --- [io-12031-exec-5] order.controller.OrderController         : [PYTHIA_FINE_TRACE] service=ts-order-service endpoint=createOrder latency_ms=111
2026-03-18 13:55:11.217  INFO 1 --- [io-12031-exec-6] order.service.OrderServiceImpl           : [PYTHIA_FINE_TRACE] service=ts-order-service stage=service_create latency_ms=61
2026-03-18 13:55:11.217  INFO 1 --- [io-12031-exec-6] order.controller.OrderController         : [PYTHIA_FINE_TRACE] service=ts-order-service endpoint=createOrder latency_ms=61
2026-03-18 13:55:11.586  INFO 1 --- [io-12031-exec-7] order.service.OrderServiceImpl           : [PYTHIA_FINE_TRACE] service=ts-order-service stage=service_create latency_ms=114
2026-03-18 13:55:11.586  INFO 1 --- [io-12031-exec-7] order.controller.OrderController         : [PYTHIA_FINE_TRACE] service=ts-order-service endpoint=createOrder latency_ms=114
2026-03-18 13:55:12.267  INFO 1 --- [io-12031-exec-8] order.service.OrderServiceImpl           : [PYTHIA_FINE_TRACE] service=ts-order-service stage=service_create latency_ms=407
2026-03-18 13:55:12.267  INFO 1 --- [io-12031-exec-8] order.controller.OrderController         : [PYTHIA_FINE_TRACE] service=ts-order-service endpoint=createOrder latency_ms=407
2026-03-18 13:55:12.906  INFO 1 --- [io-12031-exec-9] order.service.OrderServiceImpl           : [PYTHIA_FINE_TRACE] service=ts-order-service stage=service_create latency_ms=362
2026-03-18 13:55:12.906  INFO 1 --- [io-12031-exec-9] order.controller.OrderController         : [PYTHIA_FINE_TRACE] service=ts-order-service endpoint=createOrder latency_ms=362
2026-03-18 13:55:13.267  INFO 1 --- [o-12031-exec-10] order.service.OrderServiceImpl           : [PYTHIA_FINE_TRACE] service=ts-order-service stage=service_create latency_ms=105
2026-03-18 13:55:13.267  INFO 1 --- [o-12031-exec-10] order.controller.OrderController         : [PYTHIA_FINE_TRACE] service=ts-order-service endpoint=createOrder latency_ms=105
2026-03-18 13:55:13.602  INFO 1 --- [io-12031-exec-2] order.service.OrderServiceImpl           : [PYTHIA_FINE_TRACE] service=ts-order-service stage=service_create latency_ms=64
2026-03-18 13:55:13.602  INFO 1 --- [io-12031-exec-2] order.controller.OrderController         : [PYTHIA_FINE_TRACE] service=ts-order-service endpoint=createOrder latency_ms=64
2026-03-18 13:55:13.922  INFO 1 --- [io-12031-exec-1] order.service.OrderServiceImpl           : [PYTHIA_FINE_TRACE] service=ts-order-service stage=service_create latency_ms=64
2026-03-18 13:55:13.922  INFO 1 --- [io-12031-exec-1] order.controller.OrderController         : [PYTHIA_FINE_TRACE] service=ts-order-service endpoint=createOrder latency_ms=64
2026-03-18 13:55:14.273  INFO 1 --- [io-12031-exec-3] order.service.OrderServiceImpl           : [PYTHIA_FINE_TRACE] service=ts-order-service stage=service_create latency_ms=114
2026-03-18 13:55:14.273  INFO 1 --- [io-12031-exec-3] order.controller.OrderController         : [PYTHIA_FINE_TRACE] service=ts-order-service endpoint=createOrder latency_ms=114
2026-03-18 13:55:14.617  INFO 1 --- [io-12031-exec-4] order.service.OrderServiceImpl           : [PYTHIA_FINE_TRACE] service=ts-order-service stage=service_create latency_ms=67
2026-03-18 13:55:14.617  INFO 1 --- [io-12031-exec-4] order.controller.OrderController         : [PYTHIA_FINE_TRACE] service=ts-order-service endpoint=createOrder latency_ms=68
2026-03-18 13:55:15.070  INFO 1 --- [io-12031-exec-5] order.service.OrderServiceImpl           : [PYTHIA_FINE_TRACE] service=ts-order-service stage=service_create latency_ms=118
2026-03-18 13:55:15.070  INFO 1 --- [io-12031-exec-5] order.controller.OrderController         : [PYTHIA_FINE_TRACE] service=ts-order-service endpoint=createOrder latency_ms=118
2026-03-18 13:55:15.880  INFO 1 --- [io-12031-exec-6] order.service.OrderServiceImpl           : [PYTHIA_FINE_TRACE] service=ts-order-service stage=service_create latency_ms=420
2026-03-18 13:55:15.880  INFO 1 --- [io-12031-exec-6] order.controller.OrderController         : [PYTHIA_FINE_TRACE] service=ts-order-service endpoint=createOrder latency_ms=420
2026-03-18 13:55:16.599  INFO 1 --- [io-12031-exec-7] order.service.OrderServiceImpl           : [PYTHIA_FINE_TRACE] service=ts-order-service stage=service_create latency_ms=425
2026-03-18 13:55:16.599  INFO 1 --- [io-12031-exec-7] order.controller.OrderController         : [PYTHIA_FINE_TRACE] service=ts-order-service endpoint=createOrder latency_ms=425
2026-03-18 13:55:16.989  INFO 1 --- [io-12031-exec-8] order.service.OrderServiceImpl           : [PYTHIA_FINE_TRACE] service=ts-order-service stage=service_create latency_ms=111
2026-03-18 13:55:16.989  INFO 1 --- [io-12031-exec-8] order.controller.OrderController         : [PYTHIA_FINE_TRACE] service=ts-order-service endpoint=createOrder latency_ms=111
2026-03-18 13:55:17.687  INFO 1 --- [io-12031-exec-9] order.service.OrderServiceImpl           : [PYTHIA_FINE_TRACE] service=ts-order-service stage=service_create latency_ms=428
2026-03-18 13:55:17.687  INFO 1 --- [io-12031-exec-9] order.controller.OrderController         : [PYTHIA_FINE_TRACE] service=ts-order-service endpoint=createOrder latency_ms=428
2026-03-18 13:55:18.085  INFO 1 --- [o-12031-exec-10] order.service.OrderServiceImpl           : [PYTHIA_FINE_TRACE] service=ts-order-service stage=service_create latency_ms=123
2026-03-18 13:55:18.085  INFO 1 --- [o-12031-exec-10] order.controller.OrderController         : [PYTHIA_FINE_TRACE] service=ts-order-service endpoint=createOrder latency_ms=124
2026-03-18 13:55:18.794  INFO 1 --- [io-12031-exec-2] order.service.OrderServiceImpl           : [PYTHIA_FINE_TRACE] service=ts-order-service stage=service_create latency_ms=422
2026-03-18 13:55:18.794  INFO 1 --- [io-12031-exec-2] order.controller.OrderController         : [PYTHIA_FINE_TRACE] service=ts-order-service endpoint=createOrder latency_ms=422
2026-03-18 13:55:19.208  INFO 1 --- [io-12031-exec-3] order.service.OrderServiceImpl           : [PYTHIA_FINE_TRACE] service=ts-order-service stage=service_create latency_ms=144
2026-03-18 13:55:19.208  INFO 1 --- [io-12031-exec-3] order.controller.OrderController         : [PYTHIA_FINE_TRACE] service=ts-order-service endpoint=createOrder latency_ms=144
2026-03-18 13:55:19.677  INFO 1 --- [io-12031-exec-4] order.service.OrderServiceImpl           : [PYTHIA_FINE_TRACE] service=ts-order-service stage=service_create latency_ms=133
2026-03-18 13:55:19.677  INFO 1 --- [io-12031-exec-4] order.controller.OrderController         : [PYTHIA_FINE_TRACE] service=ts-order-service endpoint=createOrder latency_ms=133
2026-03-18 13:55:20.382  INFO 1 --- [io-12031-exec-5] order.service.OrderServiceImpl           : [PYTHIA_FINE_TRACE] service=ts-order-service stage=service_create latency_ms=427
2026-03-18 13:55:20.382  INFO 1 --- [io-12031-exec-5] order.controller.OrderController         : [PYTHIA_FINE_TRACE] service=ts-order-service endpoint=createOrder latency_ms=427
2026-03-18 13:55:21.082  INFO 1 --- [io-12031-exec-6] order.service.OrderServiceImpl           : [PYTHIA_FINE_TRACE] service=ts-order-service stage=service_create latency_ms=421
2026-03-18 13:55:21.082  INFO 1 --- [io-12031-exec-6] order.controller.OrderController         : [PYTHIA_FINE_TRACE] service=ts-order-service endpoint=createOrder latency_ms=421
2026-03-18 13:55:21.483  INFO 1 --- [io-12031-exec-7] order.service.OrderServiceImpl           : [PYTHIA_FINE_TRACE] service=ts-order-service stage=service_create latency_ms=122
2026-03-18 13:55:21.483  INFO 1 --- [io-12031-exec-7] order.controller.OrderController         : [PYTHIA_FINE_TRACE] service=ts-order-service endpoint=createOrder latency_ms=122
2026-03-18 13:55:22.112  INFO 1 --- [io-12031-exec-8] order.service.OrderServiceImpl           : [PYTHIA_FINE_TRACE] service=ts-order-service stage=service_create latency_ms=354
2026-03-18 13:55:22.113  INFO 1 --- [io-12031-exec-8] order.controller.OrderController         : [PYTHIA_FINE_TRACE] service=ts-order-service endpoint=createOrder latency_ms=355
2026-03-18 13:55:22.517  INFO 1 --- [io-12031-exec-9] order.service.OrderServiceImpl           : [PYTHIA_FINE_TRACE] service=ts-order-service stage=service_create latency_ms=65
2026-03-18 13:55:22.517  INFO 1 --- [io-12031-exec-9] order.controller.OrderController         : [PYTHIA_FINE_TRACE] service=ts-order-service endpoint=createOrder latency_ms=66
2026-03-18 13:55:22.821  INFO 1 --- [o-12031-exec-10] order.service.OrderServiceImpl           : [PYTHIA_FINE_TRACE] service=ts-order-service stage=service_create latency_ms=62
2026-03-18 13:55:22.821  INFO 1 --- [o-12031-exec-10] order.controller.OrderController         : [PYTHIA_FINE_TRACE] service=ts-order-service endpoint=createOrder latency_ms=62
2026-03-18 13:55:23.494  INFO 1 --- [io-12031-exec-2] order.service.OrderServiceImpl           : [PYTHIA_FINE_TRACE] service=ts-order-service stage=service_create latency_ms=357
2026-03-18 13:55:23.494  INFO 1 --- [io-12031-exec-2] order.controller.OrderController         : [PYTHIA_FINE_TRACE] service=ts-order-service endpoint=createOrder latency_ms=357
2026-03-18 13:55:23.820  INFO 1 --- [io-12031-exec-1] order.service.OrderServiceImpl           : [PYTHIA_FINE_TRACE] service=ts-order-service stage=service_create latency_ms=65
2026-03-18 13:55:23.820  INFO 1 --- [io-12031-exec-1] order.controller.OrderController         : [PYTHIA_FINE_TRACE] service=ts-order-service endpoint=createOrder latency_ms=65
2026-03-18 13:55:24.190  INFO 1 --- [io-12031-exec-3] order.service.OrderServiceImpl           : [PYTHIA_FINE_TRACE] service=ts-order-service stage=service_create latency_ms=56
2026-03-18 13:55:24.190  INFO 1 --- [io-12031-exec-3] order.controller.OrderController         : [PYTHIA_FINE_TRACE] service=ts-order-service endpoint=createOrder latency_ms=57
2026-03-18 13:55:24.573  INFO 1 --- [io-12031-exec-4] order.service.OrderServiceImpl           : [PYTHIA_FINE_TRACE] service=ts-order-service stage=service_create latency_ms=109
2026-03-18 13:55:24.573  INFO 1 --- [io-12031-exec-4] order.controller.OrderController         : [PYTHIA_FINE_TRACE] service=ts-order-service endpoint=createOrder latency_ms=109
2026-03-18 13:55:25.210  INFO 1 --- [io-12031-exec-5] order.service.OrderServiceImpl           : [PYTHIA_FINE_TRACE] service=ts-order-service stage=service_create latency_ms=357
2026-03-18 13:55:25.210  INFO 1 --- [io-12031-exec-5] order.controller.OrderController         : [PYTHIA_FINE_TRACE] service=ts-order-service endpoint=createOrder latency_ms=357
2026-03-18 13:55:25.674  INFO 1 --- [io-12031-exec-6] order.service.OrderServiceImpl           : [PYTHIA_FINE_TRACE] service=ts-order-service stage=service_create latency_ms=211
2026-03-18 13:55:25.674  INFO 1 --- [io-12031-exec-6] order.controller.OrderController         : [PYTHIA_FINE_TRACE] service=ts-order-service endpoint=createOrder latency_ms=211
2026-03-18 13:55:26.166  INFO 1 --- [io-12031-exec-7] order.service.OrderServiceImpl           : [PYTHIA_FINE_TRACE] service=ts-order-service stage=service_create latency_ms=193
2026-03-18 13:55:26.166  INFO 1 --- [io-12031-exec-7] order.controller.OrderController         : [PYTHIA_FINE_TRACE] service=ts-order-service endpoint=createOrder latency_ms=193
2026-03-18 13:55:26.567  INFO 1 --- [io-12031-exec-8] order.service.OrderServiceImpl           : [PYTHIA_FINE_TRACE] service=ts-order-service stage=service_create latency_ms=119
2026-03-18 13:55:26.567  INFO 1 --- [io-12031-exec-8] order.controller.OrderController         : [PYTHIA_FINE_TRACE] service=ts-order-service endpoint=createOrder latency_ms=120
2026-03-18 13:55:26.914  INFO 1 --- [io-12031-exec-9] order.service.OrderServiceImpl           : [PYTHIA_FINE_TRACE] service=ts-order-service stage=service_create latency_ms=63
2026-03-18 13:55:26.914  INFO 1 --- [io-12031-exec-9] order.controller.OrderController         : [PYTHIA_FINE_TRACE] service=ts-order-service endpoint=createOrder latency_ms=63
2026-03-18 13:55:27.225  INFO 1 --- [o-12031-exec-10] order.service.OrderServiceImpl           : [PYTHIA_FINE_TRACE] service=ts-order-service stage=service_create latency_ms=63
2026-03-18 13:55:27.225  INFO 1 --- [o-12031-exec-10] order.controller.OrderController         : [PYTHIA_FINE_TRACE] service=ts-order-service endpoint=createOrder latency_ms=63
2026-03-18 13:55:27.517  INFO 1 --- [io-12031-exec-2] order.service.OrderServiceImpl           : [PYTHIA_FINE_TRACE] service=ts-order-service stage=service_create latency_ms=60
2026-03-18 13:55:27.517  INFO 1 --- [io-12031-exec-2] order.controller.OrderController         : [PYTHIA_FINE_TRACE] service=ts-order-service endpoint=createOrder latency_ms=60
2026-03-18 13:55:27.823  INFO 1 --- [io-12031-exec-1] order.service.OrderServiceImpl           : [PYTHIA_FINE_TRACE] service=ts-order-service stage=service_create latency_ms=65
2026-03-18 13:55:27.823  INFO 1 --- [io-12031-exec-1] order.controller.OrderController         : [PYTHIA_FINE_TRACE] service=ts-order-service endpoint=createOrder latency_ms=65
2026-03-18 13:55:28.177  INFO 1 --- [io-12031-exec-3] order.service.OrderServiceImpl           : [PYTHIA_FINE_TRACE] service=ts-order-service stage=service_create latency_ms=113
2026-03-18 13:55:28.177  INFO 1 --- [io-12031-exec-3] order.controller.OrderController         : [PYTHIA_FINE_TRACE] service=ts-order-service endpoint=createOrder latency_ms=114
2026-03-18 13:55:28.585  INFO 1 --- [io-12031-exec-4] order.service.OrderServiceImpl           : [PYTHIA_FINE_TRACE] service=ts-order-service stage=service_create latency_ms=131
2026-03-18 13:55:28.585  INFO 1 --- [io-12031-exec-4] order.controller.OrderController         : [PYTHIA_FINE_TRACE] service=ts-order-service endpoint=createOrder latency_ms=131
2026-03-18 13:55:28.984  INFO 1 --- [io-12031-exec-5] order.service.OrderServiceImpl           : [PYTHIA_FINE_TRACE] service=ts-order-service stage=service_create latency_ms=123
2026-03-18 13:55:28.984  INFO 1 --- [io-12031-exec-5] order.controller.OrderController         : [PYTHIA_FINE_TRACE] service=ts-order-service endpoint=createOrder latency_ms=123
2026-03-18 13:55:29.384  INFO 1 --- [io-12031-exec-7] order.service.OrderServiceImpl           : [PYTHIA_FINE_TRACE] service=ts-order-service stage=service_create latency_ms=128
2026-03-18 13:55:29.384  INFO 1 --- [io-12031-exec-7] order.controller.OrderController         : [PYTHIA_FINE_TRACE] service=ts-order-service endpoint=createOrder latency_ms=128
2026-03-18 13:55:29.720  INFO 1 --- [io-12031-exec-8] order.service.OrderServiceImpl           : [PYTHIA_FINE_TRACE] service=ts-order-service stage=service_create latency_ms=67
2026-03-18 13:55:29.720  INFO 1 --- [io-12031-exec-8] order.controller.OrderController         : [PYTHIA_FINE_TRACE] service=ts-order-service endpoint=createOrder latency_ms=67
2026-03-18 13:55:30.111  INFO 1 --- [io-12031-exec-9] order.service.OrderServiceImpl           : [PYTHIA_FINE_TRACE] service=ts-order-service stage=service_create latency_ms=69
2026-03-18 13:55:30.111  INFO 1 --- [io-12031-exec-9] order.controller.OrderController         : [PYTHIA_FINE_TRACE] service=ts-order-service endpoint=createOrder latency_ms=69
2026-03-18 13:55:31.196  INFO 1 --- [o-12031-exec-10] order.service.OrderServiceImpl           : [PYTHIA_FINE_TRACE] service=ts-order-service stage=service_create latency_ms=836
2026-03-18 13:55:31.196  INFO 1 --- [o-12031-exec-10] order.controller.OrderController         : [PYTHIA_FINE_TRACE] service=ts-order-service endpoint=createOrder latency_ms=837
2026-03-18 13:55:31.594  INFO 1 --- [io-12031-exec-2] order.service.OrderServiceImpl           : [PYTHIA_FINE_TRACE] service=ts-order-service stage=service_create latency_ms=132
2026-03-18 13:55:31.594  INFO 1 --- [io-12031-exec-2] order.controller.OrderController         : [PYTHIA_FINE_TRACE] service=ts-order-service endpoint=createOrder latency_ms=132
2026-03-18 13:55:31.984  INFO 1 --- [io-12031-exec-1] order.service.OrderServiceImpl           : [PYTHIA_FINE_TRACE] service=ts-order-service stage=service_create latency_ms=121
2026-03-18 13:55:31.984  INFO 1 --- [io-12031-exec-1] order.controller.OrderController         : [PYTHIA_FINE_TRACE] service=ts-order-service endpoint=createOrder latency_ms=121
2026-03-18 13:55:32.389  INFO 1 --- [io-12031-exec-3] order.service.OrderServiceImpl           : [PYTHIA_FINE_TRACE] service=ts-order-service stage=service_create latency_ms=128
2026-03-18 13:55:32.389  INFO 1 --- [io-12031-exec-3] order.controller.OrderController         : [PYTHIA_FINE_TRACE] service=ts-order-service endpoint=createOrder latency_ms=129
2026-03-18 13:55:32.783  INFO 1 --- [io-12031-exec-4] order.service.OrderServiceImpl           : [PYTHIA_FINE_TRACE] service=ts-order-service stage=service_create latency_ms=124
2026-03-18 13:55:32.783  INFO 1 --- [io-12031-exec-4] order.controller.OrderController         : [PYTHIA_FINE_TRACE] service=ts-order-service endpoint=createOrder latency_ms=124
2026-03-18 13:55:33.488  INFO 1 --- [io-12031-exec-6] order.service.OrderServiceImpl           : [PYTHIA_FINE_TRACE] service=ts-order-service stage=service_create latency_ms=426
2026-03-18 13:55:33.488  INFO 1 --- [io-12031-exec-6] order.controller.OrderController         : [PYTHIA_FINE_TRACE] service=ts-order-service endpoint=createOrder latency_ms=427
2026-03-18 13:55:33.904  INFO 1 --- [io-12031-exec-5] order.service.OrderServiceImpl           : [PYTHIA_FINE_TRACE] service=ts-order-service stage=service_create latency_ms=139
2026-03-18 13:55:33.904  INFO 1 --- [io-12031-exec-5] order.controller.OrderController         : [PYTHIA_FINE_TRACE] service=ts-order-service endpoint=createOrder latency_ms=139
2026-03-18 13:55:34.280  INFO 1 --- [io-12031-exec-7] order.service.OrderServiceImpl           : [PYTHIA_FINE_TRACE] service=ts-order-service stage=service_create latency_ms=123
2026-03-18 13:55:34.280  INFO 1 --- [io-12031-exec-7] order.controller.OrderController         : [PYTHIA_FINE_TRACE] service=ts-order-service endpoint=createOrder latency_ms=123
2026-03-18 13:55:34.679  INFO 1 --- [io-12031-exec-8] order.service.OrderServiceImpl           : [PYTHIA_FINE_TRACE] service=ts-order-service stage=service_create latency_ms=126
2026-03-18 13:55:34.679  INFO 1 --- [io-12031-exec-8] order.controller.OrderController         : [PYTHIA_FINE_TRACE] service=ts-order-service endpoint=createOrder latency_ms=126
2026-03-18 13:55:35.086  INFO 1 --- [io-12031-exec-9] order.service.OrderServiceImpl           : [PYTHIA_FINE_TRACE] service=ts-order-service stage=service_create latency_ms=123
2026-03-18 13:55:35.086  INFO 1 --- [io-12031-exec-9] order.controller.OrderController         : [PYTHIA_FINE_TRACE] service=ts-order-service endpoint=createOrder latency_ms=123
2026-03-18 13:55:35.476  INFO 1 --- [o-12031-exec-10] order.service.OrderServiceImpl           : [PYTHIA_FINE_TRACE] service=ts-order-service stage=service_create latency_ms=113
2026-03-18 13:55:35.476  INFO 1 --- [o-12031-exec-10] order.controller.OrderController         : [PYTHIA_FINE_TRACE] service=ts-order-service endpoint=createOrder latency_ms=113
2026-03-18 13:55:35.876  INFO 1 --- [io-12031-exec-2] order.service.OrderServiceImpl           : [PYTHIA_FINE_TRACE] service=ts-order-service stage=service_create latency_ms=117
2026-03-18 13:55:35.876  INFO 1 --- [io-12031-exec-2] order.controller.OrderController         : [PYTHIA_FINE_TRACE] service=ts-order-service endpoint=createOrder latency_ms=117
2026-03-18 13:55:36.205  INFO 1 --- [io-12031-exec-1] order.service.OrderServiceImpl           : [PYTHIA_FINE_TRACE] service=ts-order-service stage=service_create latency_ms=55
2026-03-18 13:55:36.205  INFO 1 --- [io-12031-exec-1] order.controller.OrderController         : [PYTHIA_FINE_TRACE] service=ts-order-service endpoint=createOrder latency_ms=55
2026-03-18 13:55:36.523  INFO 1 --- [io-12031-exec-3] order.service.OrderServiceImpl           : [PYTHIA_FINE_TRACE] service=ts-order-service stage=service_create latency_ms=66
2026-03-18 13:55:36.523  INFO 1 --- [io-12031-exec-3] order.controller.OrderController         : [PYTHIA_FINE_TRACE] service=ts-order-service endpoint=createOrder latency_ms=66
2026-03-18 13:55:36.880  INFO 1 --- [io-12031-exec-4] order.service.OrderServiceImpl           : [PYTHIA_FINE_TRACE] service=ts-order-service stage=service_create latency_ms=117
2026-03-18 13:55:36.880  INFO 1 --- [io-12031-exec-4] order.controller.OrderController         : [PYTHIA_FINE_TRACE] service=ts-order-service endpoint=createOrder latency_ms=117
2026-03-18 13:55:37.267  INFO 1 --- [io-12031-exec-6] order.service.OrderServiceImpl           : [PYTHIA_FINE_TRACE] service=ts-order-service stage=service_create latency_ms=107
2026-03-18 13:55:37.267  INFO 1 --- [io-12031-exec-6] order.controller.OrderController         : [PYTHIA_FINE_TRACE] service=ts-order-service endpoint=createOrder latency_ms=107
2026-03-18 13:55:37.608  INFO 1 --- [io-12031-exec-5] order.service.OrderServiceImpl           : [PYTHIA_FINE_TRACE] service=ts-order-service stage=service_create latency_ms=61
2026-03-18 13:55:37.608  INFO 1 --- [io-12031-exec-5] order.controller.OrderController         : [PYTHIA_FINE_TRACE] service=ts-order-service endpoint=createOrder latency_ms=61
2026-03-18 13:55:38.275  INFO 1 --- [io-12031-exec-7] order.service.OrderServiceImpl           : [PYTHIA_FINE_TRACE] service=ts-order-service stage=service_create latency_ms=402
2026-03-18 13:55:38.275  INFO 1 --- [io-12031-exec-7] order.controller.OrderController         : [PYTHIA_FINE_TRACE] service=ts-order-service endpoint=createOrder latency_ms=402
2026-03-18 13:55:38.674  INFO 1 --- [io-12031-exec-8] order.service.OrderServiceImpl           : [PYTHIA_FINE_TRACE] service=ts-order-service stage=service_create latency_ms=118
2026-03-18 13:55:38.674  INFO 1 --- [io-12031-exec-8] order.controller.OrderController         : [PYTHIA_FINE_TRACE] service=ts-order-service endpoint=createOrder latency_ms=118
2026-03-18 13:55:39.081  INFO 1 --- [io-12031-exec-9] order.service.OrderServiceImpl           : [PYTHIA_FINE_TRACE] service=ts-order-service stage=service_create latency_ms=126
2026-03-18 13:55:39.081  INFO 1 --- [io-12031-exec-9] order.controller.OrderController         : [PYTHIA_FINE_TRACE] service=ts-order-service endpoint=createOrder latency_ms=126
2026-03-18 13:55:39.878  INFO 1 --- [io-12031-exec-2] order.service.OrderServiceImpl           : [PYTHIA_FINE_TRACE] service=ts-order-service stage=service_create latency_ms=511
2026-03-18 13:55:39.878  INFO 1 --- [io-12031-exec-2] order.controller.OrderController         : [PYTHIA_FINE_TRACE] service=ts-order-service endpoint=createOrder latency_ms=512
2026-03-18 13:55:40.272  INFO 1 --- [io-12031-exec-1] order.service.OrderServiceImpl           : [PYTHIA_FINE_TRACE] service=ts-order-service stage=service_create latency_ms=115
2026-03-18 13:55:40.272  INFO 1 --- [io-12031-exec-1] order.controller.OrderController         : [PYTHIA_FINE_TRACE] service=ts-order-service endpoint=createOrder latency_ms=115
2026-03-18 13:55:40.608  INFO 1 --- [io-12031-exec-3] order.service.OrderServiceImpl           : [PYTHIA_FINE_TRACE] service=ts-order-service stage=service_create latency_ms=60
2026-03-18 13:55:40.608  INFO 1 --- [io-12031-exec-3] order.controller.OrderController         : [PYTHIA_FINE_TRACE] service=ts-order-service endpoint=createOrder latency_ms=60
2026-03-18 13:55:41.223  INFO 1 --- [io-12031-exec-4] order.service.OrderServiceImpl           : [PYTHIA_FINE_TRACE] service=ts-order-service stage=service_create latency_ms=366
2026-03-18 13:55:41.223  INFO 1 --- [io-12031-exec-4] order.controller.OrderController         : [PYTHIA_FINE_TRACE] service=ts-order-service endpoint=createOrder latency_ms=366
2026-03-18 13:55:41.577  INFO 1 --- [io-12031-exec-6] order.service.OrderServiceImpl           : [PYTHIA_FINE_TRACE] service=ts-order-service stage=service_create latency_ms=114
2026-03-18 13:55:41.577  INFO 1 --- [io-12031-exec-6] order.controller.OrderController         : [PYTHIA_FINE_TRACE] service=ts-order-service endpoint=createOrder latency_ms=114
2026-03-18 13:55:42.278  INFO 1 --- [io-12031-exec-5] order.service.OrderServiceImpl           : [PYTHIA_FINE_TRACE] service=ts-order-service stage=service_create latency_ms=417
2026-03-18 13:55:42.278  INFO 1 --- [io-12031-exec-5] order.controller.OrderController         : [PYTHIA_FINE_TRACE] service=ts-order-service endpoint=createOrder latency_ms=417
2026-03-18 13:55:42.676  INFO 1 --- [io-12031-exec-7] order.service.OrderServiceImpl           : [PYTHIA_FINE_TRACE] service=ts-order-service stage=service_create latency_ms=119
2026-03-18 13:55:42.676  INFO 1 --- [io-12031-exec-7] order.controller.OrderController         : [PYTHIA_FINE_TRACE] service=ts-order-service endpoint=createOrder latency_ms=119
2026-03-18 13:55:43.085  INFO 1 --- [io-12031-exec-8] order.service.OrderServiceImpl           : [PYTHIA_FINE_TRACE] service=ts-order-service stage=service_create latency_ms=120
2026-03-18 13:55:43.085  INFO 1 --- [io-12031-exec-8] order.controller.OrderController         : [PYTHIA_FINE_TRACE] service=ts-order-service endpoint=createOrder latency_ms=120
2026-03-18 13:55:43.487  INFO 1 --- [o-12031-exec-10] order.service.OrderServiceImpl           : [PYTHIA_FINE_TRACE] service=ts-order-service stage=service_create latency_ms=123
2026-03-18 13:55:43.487  INFO 1 --- [o-12031-exec-10] order.controller.OrderController         : [PYTHIA_FINE_TRACE] service=ts-order-service endpoint=createOrder latency_ms=123
2026-03-18 13:55:43.905  INFO 1 --- [io-12031-exec-9] order.service.OrderServiceImpl           : [PYTHIA_FINE_TRACE] service=ts-order-service stage=service_create latency_ms=139
2026-03-18 13:55:43.905  INFO 1 --- [io-12031-exec-9] order.controller.OrderController         : [PYTHIA_FINE_TRACE] service=ts-order-service endpoint=createOrder latency_ms=140
2026-03-18 13:55:44.267  INFO 1 --- [io-12031-exec-2] order.service.OrderServiceImpl           : [PYTHIA_FINE_TRACE] service=ts-order-service stage=service_create latency_ms=113
2026-03-18 13:55:44.267  INFO 1 --- [io-12031-exec-2] order.controller.OrderController         : [PYTHIA_FINE_TRACE] service=ts-order-service endpoint=createOrder latency_ms=113
2026-03-18 13:55:44.614  INFO 1 --- [io-12031-exec-1] order.service.OrderServiceImpl           : [PYTHIA_FINE_TRACE] service=ts-order-service stage=service_create latency_ms=72
2026-03-18 13:55:44.614  INFO 1 --- [io-12031-exec-1] order.controller.OrderController         : [PYTHIA_FINE_TRACE] service=ts-order-service endpoint=createOrder latency_ms=72
2026-03-18 13:55:44.991  INFO 1 --- [io-12031-exec-3] order.service.OrderServiceImpl           : [PYTHIA_FINE_TRACE] service=ts-order-service stage=service_create latency_ms=124
2026-03-18 13:55:44.991  INFO 1 --- [io-12031-exec-3] order.controller.OrderController         : [PYTHIA_FINE_TRACE] service=ts-order-service endpoint=createOrder latency_ms=124
2026-03-18 13:55:45.393  INFO 1 --- [io-12031-exec-4] order.service.OrderServiceImpl           : [PYTHIA_FINE_TRACE] service=ts-order-service stage=service_create latency_ms=130
2026-03-18 13:55:45.393  INFO 1 --- [io-12031-exec-4] order.controller.OrderController         : [PYTHIA_FINE_TRACE] service=ts-order-service endpoint=createOrder latency_ms=130
2026-03-18 13:55:46.083  INFO 1 --- [io-12031-exec-6] order.service.OrderServiceImpl           : [PYTHIA_FINE_TRACE] service=ts-order-service stage=service_create latency_ms=423
2026-03-18 13:55:46.083  INFO 1 --- [io-12031-exec-6] order.controller.OrderController         : [PYTHIA_FINE_TRACE] service=ts-order-service endpoint=createOrder latency_ms=423
2026-03-18 13:55:46.496  INFO 1 --- [io-12031-exec-5] order.service.OrderServiceImpl           : [PYTHIA_FINE_TRACE] service=ts-order-service stage=service_create latency_ms=129
2026-03-18 13:55:46.497  INFO 1 --- [io-12031-exec-5] order.controller.OrderController         : [PYTHIA_FINE_TRACE] service=ts-order-service endpoint=createOrder latency_ms=131
2026-03-18 13:55:47.601  INFO 1 --- [io-12031-exec-7] order.service.OrderServiceImpl           : [PYTHIA_FINE_TRACE] service=ts-order-service stage=service_create latency_ms=844
2026-03-18 13:55:47.601  INFO 1 --- [io-12031-exec-7] order.controller.OrderController         : [PYTHIA_FINE_TRACE] service=ts-order-service endpoint=createOrder latency_ms=844
2026-03-18 13:55:47.985  INFO 1 --- [io-12031-exec-8] order.service.OrderServiceImpl           : [PYTHIA_FINE_TRACE] service=ts-order-service stage=service_create latency_ms=125
2026-03-18 13:55:47.985  INFO 1 --- [io-12031-exec-8] order.controller.OrderController         : [PYTHIA_FINE_TRACE] service=ts-order-service endpoint=createOrder latency_ms=125
2026-03-18 13:55:48.679  INFO 1 --- [o-12031-exec-10] order.service.OrderServiceImpl           : [PYTHIA_FINE_TRACE] service=ts-order-service stage=service_create latency_ms=428
2026-03-18 13:55:48.679  INFO 1 --- [o-12031-exec-10] order.controller.OrderController         : [PYTHIA_FINE_TRACE] service=ts-order-service endpoint=createOrder latency_ms=428
2026-03-18 13:55:49.087  INFO 1 --- [io-12031-exec-9] order.service.OrderServiceImpl           : [PYTHIA_FINE_TRACE] service=ts-order-service stage=service_create latency_ms=121
2026-03-18 13:55:49.087  INFO 1 --- [io-12031-exec-9] order.controller.OrderController         : [PYTHIA_FINE_TRACE] service=ts-order-service endpoint=createOrder latency_ms=121
2026-03-18 13:55:49.790  INFO 1 --- [io-12031-exec-1] order.service.OrderServiceImpl           : [PYTHIA_FINE_TRACE] service=ts-order-service stage=service_create latency_ms=422
2026-03-18 13:55:49.790  INFO 1 --- [io-12031-exec-1] order.controller.OrderController         : [PYTHIA_FINE_TRACE] service=ts-order-service endpoint=createOrder latency_ms=422
2026-03-18 13:55:50.179  INFO 1 --- [io-12031-exec-3] order.service.OrderServiceImpl           : [PYTHIA_FINE_TRACE] service=ts-order-service stage=service_create latency_ms=121
2026-03-18 13:55:50.179  INFO 1 --- [io-12031-exec-3] order.controller.OrderController         : [PYTHIA_FINE_TRACE] service=ts-order-service endpoint=createOrder latency_ms=121
2026-03-18 13:55:50.604  INFO 1 --- [io-12031-exec-4] order.service.OrderServiceImpl           : [PYTHIA_FINE_TRACE] service=ts-order-service stage=service_create latency_ms=141
2026-03-18 13:55:50.604  INFO 1 --- [io-12031-exec-4] order.controller.OrderController         : [PYTHIA_FINE_TRACE] service=ts-order-service endpoint=createOrder latency_ms=141
2026-03-18 13:55:50.980  INFO 1 --- [io-12031-exec-6] order.service.OrderServiceImpl           : [PYTHIA_FINE_TRACE] service=ts-order-service stage=service_create latency_ms=122
2026-03-18 13:55:50.980  INFO 1 --- [io-12031-exec-6] order.controller.OrderController         : [PYTHIA_FINE_TRACE] service=ts-order-service endpoint=createOrder latency_ms=122
2026-03-18 13:55:51.385  INFO 1 --- [io-12031-exec-5] order.service.OrderServiceImpl           : [PYTHIA_FINE_TRACE] service=ts-order-service stage=service_create latency_ms=126
2026-03-18 13:55:51.385  INFO 1 --- [io-12031-exec-5] order.controller.OrderController         : [PYTHIA_FINE_TRACE] service=ts-order-service endpoint=createOrder latency_ms=126
2026-03-18 13:55:51.774  INFO 1 --- [io-12031-exec-7] order.service.OrderServiceImpl           : [PYTHIA_FINE_TRACE] service=ts-order-service stage=service_create latency_ms=118
2026-03-18 13:55:51.774  INFO 1 --- [io-12031-exec-7] order.controller.OrderController         : [PYTHIA_FINE_TRACE] service=ts-order-service endpoint=createOrder latency_ms=118
2026-03-18 13:55:52.167  INFO 1 --- [io-12031-exec-8] order.service.OrderServiceImpl           : [PYTHIA_FINE_TRACE] service=ts-order-service stage=service_create latency_ms=119
2026-03-18 13:55:52.167  INFO 1 --- [io-12031-exec-8] order.controller.OrderController         : [PYTHIA_FINE_TRACE] service=ts-order-service endpoint=createOrder latency_ms=119
2026-03-18 13:55:52.488  INFO 1 --- [o-12031-exec-10] order.service.OrderServiceImpl           : [PYTHIA_FINE_TRACE] service=ts-order-service stage=service_create latency_ms=49
2026-03-18 13:55:52.488  INFO 1 --- [o-12031-exec-10] order.controller.OrderController         : [PYTHIA_FINE_TRACE] service=ts-order-service endpoint=createOrder latency_ms=49
2026-03-18 13:55:53.108  INFO 1 --- [io-12031-exec-2] order.service.OrderServiceImpl           : [PYTHIA_FINE_TRACE] service=ts-order-service stage=service_create latency_ms=352
2026-03-18 13:55:53.108  INFO 1 --- [io-12031-exec-2] order.controller.OrderController         : [PYTHIA_FINE_TRACE] service=ts-order-service endpoint=createOrder latency_ms=353
2026-03-18 13:55:53.413  INFO 1 --- [io-12031-exec-9] order.service.OrderServiceImpl           : [PYTHIA_FINE_TRACE] service=ts-order-service stage=service_create latency_ms=52
2026-03-18 13:55:53.413  INFO 1 --- [io-12031-exec-9] order.controller.OrderController         : [PYTHIA_FINE_TRACE] service=ts-order-service endpoint=createOrder latency_ms=52
2026-03-18 13:55:53.714  INFO 1 --- [io-12031-exec-1] order.service.OrderServiceImpl           : [PYTHIA_FINE_TRACE] service=ts-order-service stage=service_create latency_ms=53
2026-03-18 13:55:53.714  INFO 1 --- [io-12031-exec-1] order.controller.OrderController         : [PYTHIA_FINE_TRACE] service=ts-order-service endpoint=createOrder latency_ms=53
2026-03-18 13:55:54.314  INFO 1 --- [io-12031-exec-3] order.service.OrderServiceImpl           : [PYTHIA_FINE_TRACE] service=ts-order-service stage=service_create latency_ms=357
2026-03-18 13:55:54.315  INFO 1 --- [io-12031-exec-3] order.controller.OrderController         : [PYTHIA_FINE_TRACE] service=ts-order-service endpoint=createOrder latency_ms=359
2026-03-18 13:55:54.609  INFO 1 --- [io-12031-exec-4] order.service.OrderServiceImpl           : [PYTHIA_FINE_TRACE] service=ts-order-service stage=service_create latency_ms=56
2026-03-18 13:55:54.609  INFO 1 --- [io-12031-exec-4] order.controller.OrderController         : [PYTHIA_FINE_TRACE] service=ts-order-service endpoint=createOrder latency_ms=57
2026-03-18 13:55:55.225  INFO 1 --- [io-12031-exec-6] order.service.OrderServiceImpl           : [PYTHIA_FINE_TRACE] service=ts-order-service stage=service_create latency_ms=359
2026-03-18 13:55:55.225  INFO 1 --- [io-12031-exec-6] order.controller.OrderController         : [PYTHIA_FINE_TRACE] service=ts-order-service endpoint=createOrder latency_ms=359
2026-03-18 13:55:55.897  INFO 1 --- [io-12031-exec-5] order.service.OrderServiceImpl           : [PYTHIA_FINE_TRACE] service=ts-order-service stage=service_create latency_ms=358
2026-03-18 13:55:55.897  INFO 1 --- [io-12031-exec-5] order.controller.OrderController         : [PYTHIA_FINE_TRACE] service=ts-order-service endpoint=createOrder latency_ms=359
2026-03-18 13:55:56.520  INFO 1 --- [io-12031-exec-7] order.service.OrderServiceImpl           : [PYTHIA_FINE_TRACE] service=ts-order-service stage=service_create latency_ms=358
2026-03-18 13:55:56.520  INFO 1 --- [io-12031-exec-7] order.controller.OrderController         : [PYTHIA_FINE_TRACE] service=ts-order-service endpoint=createOrder latency_ms=358
2026-03-18 13:55:56.814  INFO 1 --- [io-12031-exec-8] order.service.OrderServiceImpl           : [PYTHIA_FINE_TRACE] service=ts-order-service stage=service_create latency_ms=59
2026-03-18 13:55:56.814  INFO 1 --- [io-12031-exec-8] order.controller.OrderController         : [PYTHIA_FINE_TRACE] service=ts-order-service endpoint=createOrder latency_ms=59
2026-03-18 13:55:57.114  INFO 1 --- [o-12031-exec-10] order.service.OrderServiceImpl           : [PYTHIA_FINE_TRACE] service=ts-order-service stage=service_create latency_ms=57
2026-03-18 13:55:57.114  INFO 1 --- [o-12031-exec-10] order.controller.OrderController         : [PYTHIA_FINE_TRACE] service=ts-order-service endpoint=createOrder latency_ms=57
2026-03-18 13:55:57.486  INFO 1 --- [io-12031-exec-2] order.service.OrderServiceImpl           : [PYTHIA_FINE_TRACE] service=ts-order-service stage=service_create latency_ms=126
2026-03-18 13:55:57.486  INFO 1 --- [io-12031-exec-2] order.controller.OrderController         : [PYTHIA_FINE_TRACE] service=ts-order-service endpoint=createOrder latency_ms=126
2026-03-18 13:55:57.816  INFO 1 --- [io-12031-exec-9] order.service.OrderServiceImpl           : [PYTHIA_FINE_TRACE] service=ts-order-service stage=service_create latency_ms=60
2026-03-18 13:55:57.816  INFO 1 --- [io-12031-exec-9] order.controller.OrderController         : [PYTHIA_FINE_TRACE] service=ts-order-service endpoint=createOrder latency_ms=60
2026-03-18 13:55:58.474  INFO 1 --- [io-12031-exec-1] order.service.OrderServiceImpl           : [PYTHIA_FINE_TRACE] service=ts-order-service stage=service_create latency_ms=402
2026-03-18 13:55:58.474  INFO 1 --- [io-12031-exec-1] order.controller.OrderController         : [PYTHIA_FINE_TRACE] service=ts-order-service endpoint=createOrder latency_ms=402
2026-03-18 13:55:59.115  INFO 1 --- [io-12031-exec-3] order.service.OrderServiceImpl           : [PYTHIA_FINE_TRACE] service=ts-order-service stage=service_create latency_ms=361
2026-03-18 13:55:59.115  INFO 1 --- [io-12031-exec-3] order.controller.OrderController         : [PYTHIA_FINE_TRACE] service=ts-order-service endpoint=createOrder latency_ms=361
2026-03-18 13:55:59.766  INFO 1 --- [io-12031-exec-6] order.service.OrderServiceImpl           : [PYTHIA_FINE_TRACE] service=ts-order-service stage=service_create latency_ms=401
2026-03-18 13:55:59.766  INFO 1 --- [io-12031-exec-6] order.controller.OrderController         : [PYTHIA_FINE_TRACE] service=ts-order-service endpoint=createOrder latency_ms=402
2026-03-18 13:56:00.116  INFO 1 --- [io-12031-exec-5] order.service.OrderServiceImpl           : [PYTHIA_FINE_TRACE] service=ts-order-service stage=service_create latency_ms=64
2026-03-18 13:56:00.116  INFO 1 --- [io-12031-exec-5] order.controller.OrderController         : [PYTHIA_FINE_TRACE] service=ts-order-service endpoint=createOrder latency_ms=64
2026-03-18 13:56:00.472  INFO 1 --- [io-12031-exec-7] order.service.OrderServiceImpl           : [PYTHIA_FINE_TRACE] service=ts-order-service stage=service_create latency_ms=116
2026-03-18 13:56:00.472  INFO 1 --- [io-12031-exec-7] order.controller.OrderController         : [PYTHIA_FINE_TRACE] service=ts-order-service endpoint=createOrder latency_ms=116
2026-03-18 13:56:01.118  INFO 1 --- [io-12031-exec-8] order.service.OrderServiceImpl           : [PYTHIA_FINE_TRACE] service=ts-order-service stage=service_create latency_ms=370
2026-03-18 13:56:01.118  INFO 1 --- [io-12031-exec-8] order.controller.OrderController         : [PYTHIA_FINE_TRACE] service=ts-order-service endpoint=createOrder latency_ms=370
2026-03-18 13:56:01.773  INFO 1 --- [o-12031-exec-10] order.service.OrderServiceImpl           : [PYTHIA_FINE_TRACE] service=ts-order-service stage=service_create latency_ms=409
2026-03-18 13:56:01.773  INFO 1 --- [o-12031-exec-10] order.controller.OrderController         : [PYTHIA_FINE_TRACE] service=ts-order-service endpoint=createOrder latency_ms=409
2026-03-18 13:56:02.419  INFO 1 --- [io-12031-exec-2] order.service.OrderServiceImpl           : [PYTHIA_FINE_TRACE] service=ts-order-service stage=service_create latency_ms=370
2026-03-18 13:56:02.419  INFO 1 --- [io-12031-exec-2] order.controller.OrderController         : [PYTHIA_FINE_TRACE] service=ts-order-service endpoint=createOrder latency_ms=370
2026-03-18 13:56:02.771  INFO 1 --- [io-12031-exec-9] order.service.OrderServiceImpl           : [PYTHIA_FINE_TRACE] service=ts-order-service stage=service_create latency_ms=110
2026-03-18 13:56:02.771  INFO 1 --- [io-12031-exec-9] order.controller.OrderController         : [PYTHIA_FINE_TRACE] service=ts-order-service endpoint=createOrder latency_ms=110
2026-03-18 13:56:03.119  INFO 1 --- [io-12031-exec-1] order.service.OrderServiceImpl           : [PYTHIA_FINE_TRACE] service=ts-order-service stage=service_create latency_ms=67
2026-03-18 13:56:03.119  INFO 1 --- [io-12031-exec-1] order.controller.OrderController         : [PYTHIA_FINE_TRACE] service=ts-order-service endpoint=createOrder latency_ms=67
2026-03-18 13:56:03.420  INFO 1 --- [io-12031-exec-4] order.service.OrderServiceImpl           : [PYTHIA_FINE_TRACE] service=ts-order-service stage=service_create latency_ms=63
2026-03-18 13:56:03.420  INFO 1 --- [io-12031-exec-4] order.controller.OrderController         : [PYTHIA_FINE_TRACE] service=ts-order-service endpoint=createOrder latency_ms=63
2026-03-18 13:56:05.680  INFO 1 --- [io-12031-exec-3] order.service.OrderServiceImpl           : [PYTHIA_FINE_TRACE] service=ts-order-service stage=service_create latency_ms=99
2026-03-18 13:56:05.680  INFO 1 --- [io-12031-exec-3] order.controller.OrderController         : [PYTHIA_FINE_TRACE] service=ts-order-service endpoint=createOrder latency_ms=99
2026-03-18 13:56:06.079  INFO 1 --- [io-12031-exec-6] order.service.OrderServiceImpl           : [PYTHIA_FINE_TRACE] service=ts-order-service stage=service_create latency_ms=109
2026-03-18 13:56:06.079  INFO 1 --- [io-12031-exec-6] order.controller.OrderController         : [PYTHIA_FINE_TRACE] service=ts-order-service endpoint=createOrder latency_ms=109
2026-03-18 13:56:06.484  INFO 1 --- [io-12031-exec-5] order.service.OrderServiceImpl           : [PYTHIA_FINE_TRACE] service=ts-order-service stage=service_create latency_ms=128
2026-03-18 13:56:06.484  INFO 1 --- [io-12031-exec-5] order.controller.OrderController         : [PYTHIA_FINE_TRACE] service=ts-order-service endpoint=createOrder latency_ms=128
2026-03-18 13:56:06.878  INFO 1 --- [io-12031-exec-7] order.service.OrderServiceImpl           : [PYTHIA_FINE_TRACE] service=ts-order-service stage=service_create latency_ms=122
2026-03-18 13:56:06.878  INFO 1 --- [io-12031-exec-7] order.controller.OrderController         : [PYTHIA_FINE_TRACE] service=ts-order-service endpoint=createOrder latency_ms=122
2026-03-18 13:56:07.216  INFO 1 --- [io-12031-exec-8] order.service.OrderServiceImpl           : [PYTHIA_FINE_TRACE] service=ts-order-service stage=service_create latency_ms=68
2026-03-18 13:56:07.216  INFO 1 --- [io-12031-exec-8] order.controller.OrderController         : [PYTHIA_FINE_TRACE] service=ts-order-service endpoint=createOrder latency_ms=68
2026-03-18 13:56:07.598  INFO 1 --- [o-12031-exec-10] order.service.OrderServiceImpl           : [PYTHIA_FINE_TRACE] service=ts-order-service stage=service_create latency_ms=64
2026-03-18 13:56:07.598  INFO 1 --- [o-12031-exec-10] order.controller.OrderController         : [PYTHIA_FINE_TRACE] service=ts-order-service endpoint=createOrder latency_ms=65
2026-03-18 13:56:08.267  INFO 1 --- [io-12031-exec-2] order.service.OrderServiceImpl           : [PYTHIA_FINE_TRACE] service=ts-order-service stage=service_create latency_ms=412
2026-03-18 13:56:08.267  INFO 1 --- [io-12031-exec-2] order.controller.OrderController         : [PYTHIA_FINE_TRACE] service=ts-order-service endpoint=createOrder latency_ms=412
2026-03-18 13:56:08.667  INFO 1 --- [io-12031-exec-9] order.service.OrderServiceImpl           : [PYTHIA_FINE_TRACE] service=ts-order-service stage=service_create latency_ms=118
2026-03-18 13:56:08.667  INFO 1 --- [io-12031-exec-9] order.controller.OrderController         : [PYTHIA_FINE_TRACE] service=ts-order-service endpoint=createOrder latency_ms=118
2026-03-18 13:56:09.313  INFO 1 --- [io-12031-exec-1] order.service.OrderServiceImpl           : [PYTHIA_FINE_TRACE] service=ts-order-service stage=service_create latency_ms=369
2026-03-18 13:56:09.314  INFO 1 --- [io-12031-exec-1] order.controller.OrderController         : [PYTHIA_FINE_TRACE] service=ts-order-service endpoint=createOrder latency_ms=371
2026-03-18 13:56:09.672  INFO 1 --- [io-12031-exec-3] order.service.OrderServiceImpl           : [PYTHIA_FINE_TRACE] service=ts-order-service stage=service_create latency_ms=114
2026-03-18 13:56:09.672  INFO 1 --- [io-12031-exec-3] order.controller.OrderController         : [PYTHIA_FINE_TRACE] service=ts-order-service endpoint=createOrder latency_ms=114
2026-03-18 13:56:10.077  INFO 1 --- [io-12031-exec-6] order.service.OrderServiceImpl           : [PYTHIA_FINE_TRACE] service=ts-order-service stage=service_create latency_ms=128
2026-03-18 13:56:10.077  INFO 1 --- [io-12031-exec-6] order.controller.OrderController         : [PYTHIA_FINE_TRACE] service=ts-order-service endpoint=createOrder latency_ms=128
2026-03-18 13:56:10.788  INFO 1 --- [io-12031-exec-5] order.service.OrderServiceImpl           : [PYTHIA_FINE_TRACE] service=ts-order-service stage=service_create latency_ms=440
2026-03-18 13:56:10.788  INFO 1 --- [io-12031-exec-5] order.controller.OrderController         : [PYTHIA_FINE_TRACE] service=ts-order-service endpoint=createOrder latency_ms=441
2026-03-18 13:56:11.171  INFO 1 --- [io-12031-exec-7] order.service.OrderServiceImpl           : [PYTHIA_FINE_TRACE] service=ts-order-service stage=service_create latency_ms=115
2026-03-18 13:56:11.171  INFO 1 --- [io-12031-exec-7] order.controller.OrderController         : [PYTHIA_FINE_TRACE] service=ts-order-service endpoint=createOrder latency_ms=115
2026-03-18 13:56:11.677  INFO 1 --- [io-12031-exec-8] order.service.OrderServiceImpl           : [PYTHIA_FINE_TRACE] service=ts-order-service stage=service_create latency_ms=214
2026-03-18 13:56:11.677  INFO 1 --- [io-12031-exec-8] order.controller.OrderController         : [PYTHIA_FINE_TRACE] service=ts-order-service endpoint=createOrder latency_ms=214
2026-03-18 13:56:12.018  INFO 1 --- [o-12031-exec-10] order.service.OrderServiceImpl           : [PYTHIA_FINE_TRACE] service=ts-order-service stage=service_create latency_ms=70
2026-03-18 13:56:12.018  INFO 1 --- [o-12031-exec-10] order.controller.OrderController         : [PYTHIA_FINE_TRACE] service=ts-order-service endpoint=createOrder latency_ms=70
2026-03-18 13:56:12.387  INFO 1 --- [io-12031-exec-2] order.service.OrderServiceImpl           : [PYTHIA_FINE_TRACE] service=ts-order-service stage=service_create latency_ms=123
2026-03-18 13:56:12.387  INFO 1 --- [io-12031-exec-2] order.controller.OrderController         : [PYTHIA_FINE_TRACE] service=ts-order-service endpoint=createOrder latency_ms=123
2026-03-18 13:56:12.774  INFO 1 --- [io-12031-exec-9] order.service.OrderServiceImpl           : [PYTHIA_FINE_TRACE] service=ts-order-service stage=service_create latency_ms=118
2026-03-18 13:56:12.774  INFO 1 --- [io-12031-exec-9] order.controller.OrderController         : [PYTHIA_FINE_TRACE] service=ts-order-service endpoint=createOrder latency_ms=118
2026-03-18 13:56:13.180  INFO 1 --- [io-12031-exec-4] order.service.OrderServiceImpl           : [PYTHIA_FINE_TRACE] service=ts-order-service stage=service_create latency_ms=120
2026-03-18 13:56:13.180  INFO 1 --- [io-12031-exec-4] order.controller.OrderController         : [PYTHIA_FINE_TRACE] service=ts-order-service endpoint=createOrder latency_ms=120
2026-03-18 13:56:13.867  INFO 1 --- [io-12031-exec-1] order.service.OrderServiceImpl           : [PYTHIA_FINE_TRACE] service=ts-order-service stage=service_create latency_ms=411
2026-03-18 13:56:13.867  INFO 1 --- [io-12031-exec-1] order.controller.OrderController         : [PYTHIA_FINE_TRACE] service=ts-order-service endpoint=createOrder latency_ms=411
2026-03-18 13:56:14.214  INFO 1 --- [io-12031-exec-3] order.service.OrderServiceImpl           : [PYTHIA_FINE_TRACE] service=ts-order-service stage=service_create latency_ms=71
2026-03-18 13:56:14.214  INFO 1 --- [io-12031-exec-3] order.controller.OrderController         : [PYTHIA_FINE_TRACE] service=ts-order-service endpoint=createOrder latency_ms=71
2026-03-18 13:56:14.567  INFO 1 --- [io-12031-exec-6] order.service.OrderServiceImpl           : [PYTHIA_FINE_TRACE] service=ts-order-service stage=service_create latency_ms=111
2026-03-18 13:56:14.567  INFO 1 --- [io-12031-exec-6] order.controller.OrderController         : [PYTHIA_FINE_TRACE] service=ts-order-service endpoint=createOrder latency_ms=111
2026-03-18 13:56:14.911  INFO 1 --- [io-12031-exec-5] order.service.OrderServiceImpl           : [PYTHIA_FINE_TRACE] service=ts-order-service stage=service_create latency_ms=69
2026-03-18 13:56:14.911  INFO 1 --- [io-12031-exec-5] order.controller.OrderController         : [PYTHIA_FINE_TRACE] service=ts-order-service endpoint=createOrder latency_ms=69
2026-03-18 13:56:15.293  INFO 1 --- [io-12031-exec-7] order.service.OrderServiceImpl           : [PYTHIA_FINE_TRACE] service=ts-order-service stage=service_create latency_ms=114
2026-03-18 13:56:15.293  INFO 1 --- [io-12031-exec-7] order.controller.OrderController         : [PYTHIA_FINE_TRACE] service=ts-order-service endpoint=createOrder latency_ms=114
2026-03-18 13:56:15.988  INFO 1 --- [io-12031-exec-8] order.service.OrderServiceImpl           : [PYTHIA_FINE_TRACE] service=ts-order-service stage=service_create latency_ms=426
2026-03-18 13:56:15.988  INFO 1 --- [io-12031-exec-8] order.controller.OrderController         : [PYTHIA_FINE_TRACE] service=ts-order-service endpoint=createOrder latency_ms=426
2026-03-18 13:56:16.384  INFO 1 --- [o-12031-exec-10] order.service.OrderServiceImpl           : [PYTHIA_FINE_TRACE] service=ts-order-service stage=service_create latency_ms=108
2026-03-18 13:56:16.384  INFO 1 --- [o-12031-exec-10] order.controller.OrderController         : [PYTHIA_FINE_TRACE] service=ts-order-service endpoint=createOrder latency_ms=108
2026-03-18 13:56:16.980  INFO 1 --- [io-12031-exec-2] order.service.OrderServiceImpl           : [PYTHIA_FINE_TRACE] service=ts-order-service stage=service_create latency_ms=211
2026-03-18 13:56:16.980  INFO 1 --- [io-12031-exec-2] order.controller.OrderController         : [PYTHIA_FINE_TRACE] service=ts-order-service endpoint=createOrder latency_ms=211
2026-03-18 13:56:17.678  INFO 1 --- [io-12031-exec-9] order.service.OrderServiceImpl           : [PYTHIA_FINE_TRACE] service=ts-order-service stage=service_create latency_ms=419
2026-03-18 13:56:17.678  INFO 1 --- [io-12031-exec-9] order.controller.OrderController         : [PYTHIA_FINE_TRACE] service=ts-order-service endpoint=createOrder latency_ms=419
2026-03-18 13:56:18.486  INFO 1 --- [io-12031-exec-4] order.service.OrderServiceImpl           : [PYTHIA_FINE_TRACE] service=ts-order-service stage=service_create latency_ms=537
2026-03-18 13:56:18.486  INFO 1 --- [io-12031-exec-4] order.controller.OrderController         : [PYTHIA_FINE_TRACE] service=ts-order-service endpoint=createOrder latency_ms=537
2026-03-18 13:56:19.279  INFO 1 --- [io-12031-exec-1] order.service.OrderServiceImpl           : [PYTHIA_FINE_TRACE] service=ts-order-service stage=service_create latency_ms=425
2026-03-18 13:56:19.279  INFO 1 --- [io-12031-exec-1] order.controller.OrderController         : [PYTHIA_FINE_TRACE] service=ts-order-service endpoint=createOrder latency_ms=425
2026-03-18 13:56:19.673  INFO 1 --- [io-12031-exec-6] order.service.OrderServiceImpl           : [PYTHIA_FINE_TRACE] service=ts-order-service stage=service_create latency_ms=121
2026-03-18 13:56:19.673  INFO 1 --- [io-12031-exec-6] order.controller.OrderController         : [PYTHIA_FINE_TRACE] service=ts-order-service endpoint=createOrder latency_ms=121
2026-03-18 13:56:20.378  INFO 1 --- [io-12031-exec-5] order.service.OrderServiceImpl           : [PYTHIA_FINE_TRACE] service=ts-order-service stage=service_create latency_ms=423
2026-03-18 13:56:20.379  INFO 1 --- [io-12031-exec-5] order.controller.OrderController         : [PYTHIA_FINE_TRACE] service=ts-order-service endpoint=createOrder latency_ms=424
2026-03-18 13:56:20.720  INFO 1 --- [io-12031-exec-7] order.service.OrderServiceImpl           : [PYTHIA_FINE_TRACE] service=ts-order-service stage=service_create latency_ms=71
2026-03-18 13:56:20.720  INFO 1 --- [io-12031-exec-7] order.controller.OrderController         : [PYTHIA_FINE_TRACE] service=ts-order-service endpoint=createOrder latency_ms=71
2026-03-18 13:56:21.382  INFO 1 --- [io-12031-exec-8] order.service.OrderServiceImpl           : [PYTHIA_FINE_TRACE] service=ts-order-service stage=service_create latency_ms=424
2026-03-18 13:56:21.382  INFO 1 --- [io-12031-exec-8] order.controller.OrderController         : [PYTHIA_FINE_TRACE] service=ts-order-service endpoint=createOrder latency_ms=424
2026-03-18 13:56:22.076  INFO 1 --- [o-12031-exec-10] order.service.OrderServiceImpl           : [PYTHIA_FINE_TRACE] service=ts-order-service stage=service_create latency_ms=418
2026-03-18 13:56:22.076  INFO 1 --- [o-12031-exec-10] order.controller.OrderController         : [PYTHIA_FINE_TRACE] service=ts-order-service endpoint=createOrder latency_ms=418
2026-03-18 13:56:22.418  INFO 1 --- [io-12031-exec-2] order.service.OrderServiceImpl           : [PYTHIA_FINE_TRACE] service=ts-order-service stage=service_create latency_ms=68
2026-03-18 13:56:22.418  INFO 1 --- [io-12031-exec-2] order.controller.OrderController         : [PYTHIA_FINE_TRACE] service=ts-order-service endpoint=createOrder latency_ms=68
2026-03-18 13:56:23.081  INFO 1 --- [io-12031-exec-9] order.service.OrderServiceImpl           : [PYTHIA_FINE_TRACE] service=ts-order-service stage=service_create latency_ms=421
2026-03-18 13:56:23.081  INFO 1 --- [io-12031-exec-9] order.controller.OrderController         : [PYTHIA_FINE_TRACE] service=ts-order-service endpoint=createOrder latency_ms=421
2026-03-18 13:56:23.397  INFO 1 --- [io-12031-exec-4] order.service.OrderServiceImpl           : [PYTHIA_FINE_TRACE] service=ts-order-service stage=service_create latency_ms=51
2026-03-18 13:56:23.397  INFO 1 --- [io-12031-exec-4] order.controller.OrderController         : [PYTHIA_FINE_TRACE] service=ts-order-service endpoint=createOrder latency_ms=52
2026-03-18 13:56:24.017  INFO 1 --- [io-12031-exec-3] order.service.OrderServiceImpl           : [PYTHIA_FINE_TRACE] service=ts-order-service stage=service_create latency_ms=350
2026-03-18 13:56:24.017  INFO 1 --- [io-12031-exec-3] order.controller.OrderController         : [PYTHIA_FINE_TRACE] service=ts-order-service endpoint=createOrder latency_ms=350
2026-03-18 13:56:24.311  INFO 1 --- [io-12031-exec-1] order.service.OrderServiceImpl           : [PYTHIA_FINE_TRACE] service=ts-order-service stage=service_create latency_ms=56
2026-03-18 13:56:24.311  INFO 1 --- [io-12031-exec-1] order.controller.OrderController         : [PYTHIA_FINE_TRACE] service=ts-order-service endpoint=createOrder latency_ms=56
2026-03-18 13:56:24.612  INFO 1 --- [io-12031-exec-6] order.service.OrderServiceImpl           : [PYTHIA_FINE_TRACE] service=ts-order-service stage=service_create latency_ms=55
2026-03-18 13:56:24.612  INFO 1 --- [io-12031-exec-6] order.controller.OrderController         : [PYTHIA_FINE_TRACE] service=ts-order-service endpoint=createOrder latency_ms=55
2026-03-18 13:56:25.008  INFO 1 --- [io-12031-exec-5] order.service.OrderServiceImpl           : [PYTHIA_FINE_TRACE] service=ts-order-service stage=service_create latency_ms=53
2026-03-18 13:56:25.008  INFO 1 --- [io-12031-exec-5] order.controller.OrderController         : [PYTHIA_FINE_TRACE] service=ts-order-service endpoint=createOrder latency_ms=53
2026-03-18 13:56:25.312  INFO 1 --- [io-12031-exec-7] order.service.OrderServiceImpl           : [PYTHIA_FINE_TRACE] service=ts-order-service stage=service_create latency_ms=55
2026-03-18 13:56:25.312  INFO 1 --- [io-12031-exec-7] order.controller.OrderController         : [PYTHIA_FINE_TRACE] service=ts-order-service endpoint=createOrder latency_ms=55
2026-03-18 13:56:25.919  INFO 1 --- [io-12031-exec-8] order.service.OrderServiceImpl           : [PYTHIA_FINE_TRACE] service=ts-order-service stage=service_create latency_ms=357
2026-03-18 13:56:25.919  INFO 1 --- [io-12031-exec-8] order.controller.OrderController         : [PYTHIA_FINE_TRACE] service=ts-order-service endpoint=createOrder latency_ms=357
2026-03-18 13:56:26.207  INFO 1 --- [o-12031-exec-10] order.service.OrderServiceImpl           : [PYTHIA_FINE_TRACE] service=ts-order-service stage=service_create latency_ms=54
2026-03-18 13:56:26.207  INFO 1 --- [o-12031-exec-10] order.controller.OrderController         : [PYTHIA_FINE_TRACE] service=ts-order-service endpoint=createOrder latency_ms=54
2026-03-18 13:56:26.875  INFO 1 --- [io-12031-exec-2] order.service.OrderServiceImpl           : [PYTHIA_FINE_TRACE] service=ts-order-service stage=service_create latency_ms=413
2026-03-18 13:56:26.875  INFO 1 --- [io-12031-exec-2] order.controller.OrderController         : [PYTHIA_FINE_TRACE] service=ts-order-service endpoint=createOrder latency_ms=413
2026-03-18 13:56:27.216  INFO 1 --- [io-12031-exec-9] order.service.OrderServiceImpl           : [PYTHIA_FINE_TRACE] service=ts-order-service stage=service_create latency_ms=60
2026-03-18 13:56:27.217  INFO 1 --- [io-12031-exec-9] order.controller.OrderController         : [PYTHIA_FINE_TRACE] service=ts-order-service endpoint=createOrder latency_ms=61
2026-03-18 13:56:27.515  INFO 1 --- [io-12031-exec-4] order.service.OrderServiceImpl           : [PYTHIA_FINE_TRACE] service=ts-order-service stage=service_create latency_ms=60
2026-03-18 13:56:27.515  INFO 1 --- [io-12031-exec-4] order.controller.OrderController         : [PYTHIA_FINE_TRACE] service=ts-order-service endpoint=createOrder latency_ms=60
2026-03-18 13:56:28.167  INFO 1 --- [io-12031-exec-3] order.service.OrderServiceImpl           : [PYTHIA_FINE_TRACE] service=ts-order-service stage=service_create latency_ms=413
2026-03-18 13:56:28.167  INFO 1 --- [io-12031-exec-3] order.controller.OrderController         : [PYTHIA_FINE_TRACE] service=ts-order-service endpoint=createOrder latency_ms=413
2026-03-18 13:56:28.497  INFO 1 --- [io-12031-exec-1] order.service.OrderServiceImpl           : [PYTHIA_FINE_TRACE] service=ts-order-service stage=service_create latency_ms=63
2026-03-18 13:56:28.497  INFO 1 --- [io-12031-exec-1] order.controller.OrderController         : [PYTHIA_FINE_TRACE] service=ts-order-service endpoint=createOrder latency_ms=63
2026-03-18 13:56:28.815  INFO 1 --- [io-12031-exec-6] order.service.OrderServiceImpl           : [PYTHIA_FINE_TRACE] service=ts-order-service stage=service_create latency_ms=61
2026-03-18 13:56:28.815  INFO 1 --- [io-12031-exec-6] order.controller.OrderController         : [PYTHIA_FINE_TRACE] service=ts-order-service endpoint=createOrder latency_ms=61
2026-03-18 13:56:29.415  INFO 1 --- [io-12031-exec-7] order.service.OrderServiceImpl           : [PYTHIA_FINE_TRACE] service=ts-order-service stage=service_create latency_ms=362
2026-03-18 13:56:29.415  INFO 1 --- [io-12031-exec-7] order.controller.OrderController         : [PYTHIA_FINE_TRACE] service=ts-order-service endpoint=createOrder latency_ms=362
2026-03-18 13:56:30.016  INFO 1 --- [io-12031-exec-8] order.service.OrderServiceImpl           : [PYTHIA_FINE_TRACE] service=ts-order-service stage=service_create latency_ms=361
2026-03-18 13:56:30.016  INFO 1 --- [io-12031-exec-8] order.controller.OrderController         : [PYTHIA_FINE_TRACE] service=ts-order-service endpoint=createOrder latency_ms=361
2026-03-18 13:56:30.388  INFO 1 --- [o-12031-exec-10] order.service.OrderServiceImpl           : [PYTHIA_FINE_TRACE] service=ts-order-service stage=service_create latency_ms=56
2026-03-18 13:56:30.388  INFO 1 --- [o-12031-exec-10] order.controller.OrderController         : [PYTHIA_FINE_TRACE] service=ts-order-service endpoint=createOrder latency_ms=56
2026-03-18 13:56:30.719  INFO 1 --- [io-12031-exec-2] order.service.OrderServiceImpl           : [PYTHIA_FINE_TRACE] service=ts-order-service stage=service_create latency_ms=59
2026-03-18 13:56:30.719  INFO 1 --- [io-12031-exec-2] order.controller.OrderController         : [PYTHIA_FINE_TRACE] service=ts-order-service endpoint=createOrder latency_ms=59
2026-03-18 13:56:31.103  INFO 1 --- [io-12031-exec-9] order.service.OrderServiceImpl           : [PYTHIA_FINE_TRACE] service=ts-order-service stage=service_create latency_ms=60
2026-03-18 13:56:31.103  INFO 1 --- [io-12031-exec-9] order.controller.OrderController         : [PYTHIA_FINE_TRACE] service=ts-order-service endpoint=createOrder latency_ms=60
2026-03-18 13:56:31.472  INFO 1 --- [io-12031-exec-4] order.service.OrderServiceImpl           : [PYTHIA_FINE_TRACE] service=ts-order-service stage=service_create latency_ms=113
2026-03-18 13:56:31.472  INFO 1 --- [io-12031-exec-4] order.controller.OrderController         : [PYTHIA_FINE_TRACE] service=ts-order-service endpoint=createOrder latency_ms=113
2026-03-18 13:56:32.108  INFO 1 --- [io-12031-exec-3] order.service.OrderServiceImpl           : [PYTHIA_FINE_TRACE] service=ts-order-service stage=service_create latency_ms=361
2026-03-18 13:56:32.108  INFO 1 --- [io-12031-exec-3] order.controller.OrderController         : [PYTHIA_FINE_TRACE] service=ts-order-service endpoint=createOrder latency_ms=361
2026-03-18 13:56:32.474  INFO 1 --- [io-12031-exec-1] order.service.OrderServiceImpl           : [PYTHIA_FINE_TRACE] service=ts-order-service stage=service_create latency_ms=112
2026-03-18 13:56:32.474  INFO 1 --- [io-12031-exec-1] order.controller.OrderController         : [PYTHIA_FINE_TRACE] service=ts-order-service endpoint=createOrder latency_ms=112
2026-03-18 13:56:33.107  INFO 1 --- [io-12031-exec-6] order.service.OrderServiceImpl           : [PYTHIA_FINE_TRACE] service=ts-order-service stage=service_create latency_ms=361
2026-03-18 13:56:33.107  INFO 1 --- [io-12031-exec-6] order.controller.OrderController         : [PYTHIA_FINE_TRACE] service=ts-order-service endpoint=createOrder latency_ms=361
2026-03-18 13:56:33.415  INFO 1 --- [io-12031-exec-5] order.service.OrderServiceImpl           : [PYTHIA_FINE_TRACE] service=ts-order-service stage=service_create latency_ms=60
2026-03-18 13:56:33.416  INFO 1 --- [io-12031-exec-5] order.controller.OrderController         : [PYTHIA_FINE_TRACE] service=ts-order-service endpoint=createOrder latency_ms=60
2026-03-18 13:56:33.708  INFO 1 --- [io-12031-exec-7] order.service.OrderServiceImpl           : [PYTHIA_FINE_TRACE] service=ts-order-service stage=service_create latency_ms=57
2026-03-18 13:56:33.708  INFO 1 --- [io-12031-exec-7] order.controller.OrderController         : [PYTHIA_FINE_TRACE] service=ts-order-service endpoint=createOrder latency_ms=58
2026-03-18 13:56:34.320  INFO 1 --- [io-12031-exec-8] order.service.OrderServiceImpl           : [PYTHIA_FINE_TRACE] service=ts-order-service stage=service_create latency_ms=363
2026-03-18 13:56:34.320  INFO 1 --- [io-12031-exec-8] order.controller.OrderController         : [PYTHIA_FINE_TRACE] service=ts-order-service endpoint=createOrder latency_ms=363
2026-03-18 13:56:34.999  INFO 1 --- [o-12031-exec-10] order.service.OrderServiceImpl           : [PYTHIA_FINE_TRACE] service=ts-order-service stage=service_create latency_ms=358
2026-03-18 13:56:34.999  INFO 1 --- [o-12031-exec-10] order.controller.OrderController         : [PYTHIA_FINE_TRACE] service=ts-order-service endpoint=createOrder latency_ms=358
2026-03-18 13:56:35.314  INFO 1 --- [io-12031-exec-2] order.service.OrderServiceImpl           : [PYTHIA_FINE_TRACE] service=ts-order-service stage=service_create latency_ms=62
2026-03-18 13:56:35.314  INFO 1 --- [io-12031-exec-2] order.controller.OrderController         : [PYTHIA_FINE_TRACE] service=ts-order-service endpoint=createOrder latency_ms=62
2026-03-18 13:56:35.614  INFO 1 --- [io-12031-exec-9] order.service.OrderServiceImpl           : [PYTHIA_FINE_TRACE] service=ts-order-service stage=service_create latency_ms=61
2026-03-18 13:56:35.614  INFO 1 --- [io-12031-exec-9] order.controller.OrderController         : [PYTHIA_FINE_TRACE] service=ts-order-service endpoint=createOrder latency_ms=61
2026-03-18 13:56:35.917  INFO 1 --- [io-12031-exec-4] order.service.OrderServiceImpl           : [PYTHIA_FINE_TRACE] service=ts-order-service stage=service_create latency_ms=59
2026-03-18 13:56:35.917  INFO 1 --- [io-12031-exec-4] order.controller.OrderController         : [PYTHIA_FINE_TRACE] service=ts-order-service endpoint=createOrder latency_ms=59
2026-03-18 13:56:36.267  INFO 1 --- [io-12031-exec-3] order.service.OrderServiceImpl           : [PYTHIA_FINE_TRACE] service=ts-order-service stage=service_create latency_ms=107
2026-03-18 13:56:36.267  INFO 1 --- [io-12031-exec-3] order.controller.OrderController         : [PYTHIA_FINE_TRACE] service=ts-order-service endpoint=createOrder latency_ms=107
2026-03-18 13:56:36.605  INFO 1 --- [io-12031-exec-1] order.service.OrderServiceImpl           : [PYTHIA_FINE_TRACE] service=ts-order-service stage=service_create latency_ms=64
2026-03-18 13:56:36.605  INFO 1 --- [io-12031-exec-1] order.controller.OrderController         : [PYTHIA_FINE_TRACE] service=ts-order-service endpoint=createOrder latency_ms=65
2026-03-18 13:56:36.915  INFO 1 --- [io-12031-exec-6] order.service.OrderServiceImpl           : [PYTHIA_FINE_TRACE] service=ts-order-service stage=service_create latency_ms=61
2026-03-18 13:56:36.915  INFO 1 --- [io-12031-exec-6] order.controller.OrderController         : [PYTHIA_FINE_TRACE] service=ts-order-service endpoint=createOrder latency_ms=61
2026-03-18 13:56:37.516  INFO 1 --- [io-12031-exec-5] order.service.OrderServiceImpl           : [PYTHIA_FINE_TRACE] service=ts-order-service stage=service_create latency_ms=359
2026-03-18 13:56:37.516  INFO 1 --- [io-12031-exec-5] order.controller.OrderController         : [PYTHIA_FINE_TRACE] service=ts-order-service endpoint=createOrder latency_ms=360
2026-03-18 13:56:37.880  INFO 1 --- [io-12031-exec-7] order.service.OrderServiceImpl           : [PYTHIA_FINE_TRACE] service=ts-order-service stage=service_create latency_ms=123
2026-03-18 13:56:37.881  INFO 1 --- [io-12031-exec-7] order.controller.OrderController         : [PYTHIA_FINE_TRACE] service=ts-order-service endpoint=createOrder latency_ms=124
2026-03-18 13:56:38.576  INFO 1 --- [io-12031-exec-8] order.service.OrderServiceImpl           : [PYTHIA_FINE_TRACE] service=ts-order-service stage=service_create latency_ms=413
2026-03-18 13:56:38.576  INFO 1 --- [io-12031-exec-8] order.controller.OrderController         : [PYTHIA_FINE_TRACE] service=ts-order-service endpoint=createOrder latency_ms=413
2026-03-18 13:56:39.219  INFO 1 --- [o-12031-exec-10] order.service.OrderServiceImpl           : [PYTHIA_FINE_TRACE] service=ts-order-service stage=service_create latency_ms=368
2026-03-18 13:56:39.219  INFO 1 --- [o-12031-exec-10] order.controller.OrderController         : [PYTHIA_FINE_TRACE] service=ts-order-service endpoint=createOrder latency_ms=368
2026-03-18 13:56:39.519  INFO 1 --- [io-12031-exec-9] order.service.OrderServiceImpl           : [PYTHIA_FINE_TRACE] service=ts-order-service stage=service_create latency_ms=64
2026-03-18 13:56:39.519  INFO 1 --- [io-12031-exec-9] order.controller.OrderController         : [PYTHIA_FINE_TRACE] service=ts-order-service endpoint=createOrder latency_ms=64
2026-03-18 13:56:39.817  INFO 1 --- [io-12031-exec-4] order.service.OrderServiceImpl           : [PYTHIA_FINE_TRACE] service=ts-order-service stage=service_create latency_ms=64
2026-03-18 13:56:39.817  INFO 1 --- [io-12031-exec-4] order.controller.OrderController         : [PYTHIA_FINE_TRACE] service=ts-order-service endpoint=createOrder latency_ms=64
2026-03-18 13:56:40.167  INFO 1 --- [io-12031-exec-3] order.service.OrderServiceImpl           : [PYTHIA_FINE_TRACE] service=ts-order-service stage=service_create latency_ms=105
2026-03-18 13:56:40.167  INFO 1 --- [io-12031-exec-3] order.controller.OrderController         : [PYTHIA_FINE_TRACE] service=ts-order-service endpoint=createOrder latency_ms=106
2026-03-18 13:56:40.498  INFO 1 --- [io-12031-exec-1] order.service.OrderServiceImpl           : [PYTHIA_FINE_TRACE] service=ts-order-service stage=service_create latency_ms=61
2026-03-18 13:56:40.498  INFO 1 --- [io-12031-exec-1] order.controller.OrderController         : [PYTHIA_FINE_TRACE] service=ts-order-service endpoint=createOrder latency_ms=61
2026-03-18 13:56:40.872  INFO 1 --- [io-12031-exec-6] order.service.OrderServiceImpl           : [PYTHIA_FINE_TRACE] service=ts-order-service stage=service_create latency_ms=120
2026-03-18 13:56:40.872  INFO 1 --- [io-12031-exec-6] order.controller.OrderController         : [PYTHIA_FINE_TRACE] service=ts-order-service endpoint=createOrder latency_ms=120
2026-03-18 13:56:41.207  INFO 1 --- [io-12031-exec-5] order.service.OrderServiceImpl           : [PYTHIA_FINE_TRACE] service=ts-order-service stage=service_create latency_ms=62
2026-03-18 13:56:41.207  INFO 1 --- [io-12031-exec-5] order.controller.OrderController         : [PYTHIA_FINE_TRACE] service=ts-order-service endpoint=createOrder latency_ms=62
2026-03-18 13:56:41.579  INFO 1 --- [io-12031-exec-7] order.service.OrderServiceImpl           : [PYTHIA_FINE_TRACE] service=ts-order-service stage=service_create latency_ms=120
2026-03-18 13:56:41.579  INFO 1 --- [io-12031-exec-7] order.controller.OrderController         : [PYTHIA_FINE_TRACE] service=ts-order-service endpoint=createOrder latency_ms=120
2026-03-18 13:56:41.980  INFO 1 --- [io-12031-exec-8] order.service.OrderServiceImpl           : [PYTHIA_FINE_TRACE] service=ts-order-service stage=service_create latency_ms=131
2026-03-18 13:56:41.980  INFO 1 --- [io-12031-exec-8] order.controller.OrderController         : [PYTHIA_FINE_TRACE] service=ts-order-service endpoint=createOrder latency_ms=131
2026-03-18 13:56:42.617  INFO 1 --- [io-12031-exec-2] order.service.OrderServiceImpl           : [PYTHIA_FINE_TRACE] service=ts-order-service stage=service_create latency_ms=367
2026-03-18 13:56:42.617  INFO 1 --- [io-12031-exec-2] order.controller.OrderController         : [PYTHIA_FINE_TRACE] service=ts-order-service endpoint=createOrder latency_ms=368
2026-03-18 13:56:43.267  INFO 1 --- [o-12031-exec-10] order.service.OrderServiceImpl           : [PYTHIA_FINE_TRACE] service=ts-order-service stage=service_create latency_ms=409
2026-03-18 13:56:43.267  INFO 1 --- [o-12031-exec-10] order.controller.OrderController         : [PYTHIA_FINE_TRACE] service=ts-order-service endpoint=createOrder latency_ms=409
2026-03-18 13:56:43.909  INFO 1 --- [io-12031-exec-9] order.service.OrderServiceImpl           : [PYTHIA_FINE_TRACE] service=ts-order-service stage=service_create latency_ms=367
2026-03-18 13:56:43.909  INFO 1 --- [io-12031-exec-9] order.controller.OrderController         : [PYTHIA_FINE_TRACE] service=ts-order-service endpoint=createOrder latency_ms=367
2026-03-18 13:56:44.267  INFO 1 --- [io-12031-exec-4] order.service.OrderServiceImpl           : [PYTHIA_FINE_TRACE] service=ts-order-service stage=service_create latency_ms=108
2026-03-18 13:56:44.267  INFO 1 --- [io-12031-exec-4] order.controller.OrderController         : [PYTHIA_FINE_TRACE] service=ts-order-service endpoint=createOrder latency_ms=108
2026-03-18 13:56:44.908  INFO 1 --- [io-12031-exec-3] order.service.OrderServiceImpl           : [PYTHIA_FINE_TRACE] service=ts-order-service stage=service_create latency_ms=366
2026-03-18 13:56:44.908  INFO 1 --- [io-12031-exec-3] order.controller.OrderController         : [PYTHIA_FINE_TRACE] service=ts-order-service endpoint=createOrder latency_ms=366
2026-03-18 13:56:45.218  INFO 1 --- [io-12031-exec-1] order.service.OrderServiceImpl           : [PYTHIA_FINE_TRACE] service=ts-order-service stage=service_create latency_ms=64
2026-03-18 13:56:45.218  INFO 1 --- [io-12031-exec-1] order.controller.OrderController         : [PYTHIA_FINE_TRACE] service=ts-order-service endpoint=createOrder latency_ms=64
2026-03-18 13:56:45.574  INFO 1 --- [io-12031-exec-6] order.service.OrderServiceImpl           : [PYTHIA_FINE_TRACE] service=ts-order-service stage=service_create latency_ms=115
2026-03-18 13:56:45.574  INFO 1 --- [io-12031-exec-6] order.controller.OrderController         : [PYTHIA_FINE_TRACE] service=ts-order-service endpoint=createOrder latency_ms=115
2026-03-18 13:56:45.909  INFO 1 --- [io-12031-exec-5] order.service.OrderServiceImpl           : [PYTHIA_FINE_TRACE] service=ts-order-service stage=service_create latency_ms=64
2026-03-18 13:56:45.909  INFO 1 --- [io-12031-exec-5] order.controller.OrderController         : [PYTHIA_FINE_TRACE] service=ts-order-service endpoint=createOrder latency_ms=64
2026-03-18 13:56:46.218  INFO 1 --- [io-12031-exec-7] order.service.OrderServiceImpl           : [PYTHIA_FINE_TRACE] service=ts-order-service stage=service_create latency_ms=65
2026-03-18 13:56:46.218  INFO 1 --- [io-12031-exec-7] order.controller.OrderController         : [PYTHIA_FINE_TRACE] service=ts-order-service endpoint=createOrder latency_ms=65
2026-03-18 13:56:46.518  INFO 1 --- [io-12031-exec-8] order.service.OrderServiceImpl           : [PYTHIA_FINE_TRACE] service=ts-order-service stage=service_create latency_ms=62
2026-03-18 13:56:46.518  INFO 1 --- [io-12031-exec-8] order.controller.OrderController         : [PYTHIA_FINE_TRACE] service=ts-order-service endpoint=createOrder latency_ms=62
2026-03-18 13:56:46.819  INFO 1 --- [io-12031-exec-2] order.service.OrderServiceImpl           : [PYTHIA_FINE_TRACE] service=ts-order-service stage=service_create latency_ms=63
2026-03-18 13:56:46.819  INFO 1 --- [io-12031-exec-2] order.controller.OrderController         : [PYTHIA_FINE_TRACE] service=ts-order-service endpoint=createOrder latency_ms=63
2026-03-18 13:56:47.474  INFO 1 --- [o-12031-exec-10] order.service.OrderServiceImpl           : [PYTHIA_FINE_TRACE] service=ts-order-service stage=service_create latency_ms=419
2026-03-18 13:56:47.474  INFO 1 --- [o-12031-exec-10] order.controller.OrderController         : [PYTHIA_FINE_TRACE] service=ts-order-service endpoint=createOrder latency_ms=419
2026-03-18 13:56:47.803  INFO 1 --- [io-12031-exec-9] order.service.OrderServiceImpl           : [PYTHIA_FINE_TRACE] service=ts-order-service stage=service_create latency_ms=62
2026-03-18 13:56:47.803  INFO 1 --- [io-12031-exec-9] order.controller.OrderController         : [PYTHIA_FINE_TRACE] service=ts-order-service endpoint=createOrder latency_ms=62
2026-03-18 13:56:48.167  INFO 1 --- [io-12031-exec-4] order.service.OrderServiceImpl           : [PYTHIA_FINE_TRACE] service=ts-order-service stage=service_create latency_ms=115
2026-03-18 13:56:48.167  INFO 1 --- [io-12031-exec-4] order.controller.OrderController         : [PYTHIA_FINE_TRACE] service=ts-order-service endpoint=createOrder latency_ms=115
2026-03-18 13:56:48.585  INFO 1 --- [io-12031-exec-3] order.service.OrderServiceImpl           : [PYTHIA_FINE_TRACE] service=ts-order-service stage=service_create latency_ms=125
2026-03-18 13:56:48.585  INFO 1 --- [io-12031-exec-3] order.controller.OrderController         : [PYTHIA_FINE_TRACE] service=ts-order-service endpoint=createOrder latency_ms=125
2026-03-18 13:56:49.273  INFO 1 --- [io-12031-exec-1] order.service.OrderServiceImpl           : [PYTHIA_FINE_TRACE] service=ts-order-service stage=service_create latency_ms=417
2026-03-18 13:56:49.273  INFO 1 --- [io-12031-exec-1] order.controller.OrderController         : [PYTHIA_FINE_TRACE] service=ts-order-service endpoint=createOrder latency_ms=417
2026-03-18 13:56:49.612  INFO 1 --- [io-12031-exec-5] order.service.OrderServiceImpl           : [PYTHIA_FINE_TRACE] service=ts-order-service stage=service_create latency_ms=64
2026-03-18 13:56:49.612  INFO 1 --- [io-12031-exec-5] order.controller.OrderController         : [PYTHIA_FINE_TRACE] service=ts-order-service endpoint=createOrder latency_ms=64
2026-03-18 13:56:50.304  INFO 1 --- [io-12031-exec-7] order.service.OrderServiceImpl           : [PYTHIA_FINE_TRACE] service=ts-order-service stage=service_create latency_ms=366
2026-03-18 13:56:50.304  INFO 1 --- [io-12031-exec-7] order.controller.OrderController         : [PYTHIA_FINE_TRACE] service=ts-order-service endpoint=createOrder latency_ms=366
2026-03-18 13:56:50.914  INFO 1 --- [io-12031-exec-8] order.service.OrderServiceImpl           : [PYTHIA_FINE_TRACE] service=ts-order-service stage=service_create latency_ms=364
2026-03-18 13:56:50.914  INFO 1 --- [io-12031-exec-8] order.controller.OrderController         : [PYTHIA_FINE_TRACE] service=ts-order-service endpoint=createOrder latency_ms=364
2026-03-18 13:56:51.220  INFO 1 --- [io-12031-exec-2] order.service.OrderServiceImpl           : [PYTHIA_FINE_TRACE] service=ts-order-service stage=service_create latency_ms=65
2026-03-18 13:56:51.220  INFO 1 --- [io-12031-exec-2] order.controller.OrderController         : [PYTHIA_FINE_TRACE] service=ts-order-service endpoint=createOrder latency_ms=65
2026-03-18 13:56:51.522  INFO 1 --- [o-12031-exec-10] order.service.OrderServiceImpl           : [PYTHIA_FINE_TRACE] service=ts-order-service stage=service_create latency_ms=64
2026-03-18 13:56:51.522  INFO 1 --- [o-12031-exec-10] order.controller.OrderController         : [PYTHIA_FINE_TRACE] service=ts-order-service endpoint=createOrder latency_ms=65
2026-03-18 13:56:51.872  INFO 1 --- [io-12031-exec-9] order.service.OrderServiceImpl           : [PYTHIA_FINE_TRACE] service=ts-order-service stage=service_create latency_ms=118
2026-03-18 13:56:51.872  INFO 1 --- [io-12031-exec-9] order.controller.OrderController         : [PYTHIA_FINE_TRACE] service=ts-order-service endpoint=createOrder latency_ms=118
2026-03-18 13:56:52.207  INFO 1 --- [io-12031-exec-4] order.service.OrderServiceImpl           : [PYTHIA_FINE_TRACE] service=ts-order-service stage=service_create latency_ms=66
2026-03-18 13:56:52.207  INFO 1 --- [io-12031-exec-4] order.controller.OrderController         : [PYTHIA_FINE_TRACE] service=ts-order-service endpoint=createOrder latency_ms=66
2026-03-18 13:56:52.520  INFO 1 --- [io-12031-exec-3] order.service.OrderServiceImpl           : [PYTHIA_FINE_TRACE] service=ts-order-service stage=service_create latency_ms=62
2026-03-18 13:56:52.520  INFO 1 --- [io-12031-exec-3] order.controller.OrderController         : [PYTHIA_FINE_TRACE] service=ts-order-service endpoint=createOrder latency_ms=62
2026-03-18 13:56:52.895  INFO 1 --- [io-12031-exec-6] order.service.OrderServiceImpl           : [PYTHIA_FINE_TRACE] service=ts-order-service stage=service_create latency_ms=64
2026-03-18 13:56:52.895  INFO 1 --- [io-12031-exec-6] order.controller.OrderController         : [PYTHIA_FINE_TRACE] service=ts-order-service endpoint=createOrder latency_ms=64
2026-03-18 13:56:53.220  INFO 1 --- [io-12031-exec-1] order.service.OrderServiceImpl           : [PYTHIA_FINE_TRACE] service=ts-order-service stage=service_create latency_ms=65
2026-03-18 13:56:53.220  INFO 1 --- [io-12031-exec-1] order.controller.OrderController         : [PYTHIA_FINE_TRACE] service=ts-order-service endpoint=createOrder latency_ms=65
2026-03-18 13:56:53.522  INFO 1 --- [io-12031-exec-5] order.service.OrderServiceImpl           : [PYTHIA_FINE_TRACE] service=ts-order-service stage=service_create latency_ms=64
2026-03-18 13:56:53.522  INFO 1 --- [io-12031-exec-5] order.controller.OrderController         : [PYTHIA_FINE_TRACE] service=ts-order-service endpoint=createOrder latency_ms=64
2026-03-18 13:56:53.818  INFO 1 --- [io-12031-exec-7] order.service.OrderServiceImpl           : [PYTHIA_FINE_TRACE] service=ts-order-service stage=service_create latency_ms=64
2026-03-18 13:56:53.818  INFO 1 --- [io-12031-exec-7] order.controller.OrderController         : [PYTHIA_FINE_TRACE] service=ts-order-service endpoint=createOrder latency_ms=64
2026-03-18 13:56:54.113  INFO 1 --- [io-12031-exec-8] order.service.OrderServiceImpl           : [PYTHIA_FINE_TRACE] service=ts-order-service stage=service_create latency_ms=60
2026-03-18 13:56:54.113  INFO 1 --- [io-12031-exec-8] order.controller.OrderController         : [PYTHIA_FINE_TRACE] service=ts-order-service endpoint=createOrder latency_ms=60
2026-03-18 13:56:54.714  INFO 1 --- [io-12031-exec-2] order.service.OrderServiceImpl           : [PYTHIA_FINE_TRACE] service=ts-order-service stage=service_create latency_ms=359
2026-03-18 13:56:54.714  INFO 1 --- [io-12031-exec-2] order.controller.OrderController         : [PYTHIA_FINE_TRACE] service=ts-order-service endpoint=createOrder latency_ms=359
2026-03-18 13:56:55.079  INFO 1 --- [o-12031-exec-10] order.service.OrderServiceImpl           : [PYTHIA_FINE_TRACE] service=ts-order-service stage=service_create latency_ms=121
2026-03-18 13:56:55.079  INFO 1 --- [o-12031-exec-10] order.controller.OrderController         : [PYTHIA_FINE_TRACE] service=ts-order-service endpoint=createOrder latency_ms=121
2026-03-18 13:56:55.708  INFO 1 --- [io-12031-exec-9] order.service.OrderServiceImpl           : [PYTHIA_FINE_TRACE] service=ts-order-service stage=service_create latency_ms=360
2026-03-18 13:56:55.708  INFO 1 --- [io-12031-exec-9] order.controller.OrderController         : [PYTHIA_FINE_TRACE] service=ts-order-service endpoint=createOrder latency_ms=360
2026-03-18 13:56:56.367  INFO 1 --- [io-12031-exec-4] order.service.OrderServiceImpl           : [PYTHIA_FINE_TRACE] service=ts-order-service stage=service_create latency_ms=406
2026-03-18 13:56:56.367  INFO 1 --- [io-12031-exec-4] order.controller.OrderController         : [PYTHIA_FINE_TRACE] service=ts-order-service endpoint=createOrder latency_ms=406
2026-03-18 13:56:56.998  INFO 1 --- [io-12031-exec-3] order.service.OrderServiceImpl           : [PYTHIA_FINE_TRACE] service=ts-order-service stage=service_create latency_ms=361
2026-03-18 13:56:56.998  INFO 1 --- [io-12031-exec-3] order.controller.OrderController         : [PYTHIA_FINE_TRACE] service=ts-order-service endpoint=createOrder latency_ms=361
2026-03-18 13:56:57.316  INFO 1 --- [io-12031-exec-6] order.service.OrderServiceImpl           : [PYTHIA_FINE_TRACE] service=ts-order-service stage=service_create latency_ms=63
2026-03-18 13:56:57.316  INFO 1 --- [io-12031-exec-6] order.controller.OrderController         : [PYTHIA_FINE_TRACE] service=ts-order-service endpoint=createOrder latency_ms=63
2026-03-18 13:56:57.619  INFO 1 --- [io-12031-exec-1] order.service.OrderServiceImpl           : [PYTHIA_FINE_TRACE] service=ts-order-service stage=service_create latency_ms=66
2026-03-18 13:56:57.619  INFO 1 --- [io-12031-exec-1] order.controller.OrderController         : [PYTHIA_FINE_TRACE] service=ts-order-service endpoint=createOrder latency_ms=66
2026-03-18 13:56:57.919  INFO 1 --- [io-12031-exec-5] order.service.OrderServiceImpl           : [PYTHIA_FINE_TRACE] service=ts-order-service stage=service_create latency_ms=64
2026-03-18 13:56:57.919  INFO 1 --- [io-12031-exec-5] order.controller.OrderController         : [PYTHIA_FINE_TRACE] service=ts-order-service endpoint=createOrder latency_ms=64
2026-03-18 13:56:58.214  INFO 1 --- [io-12031-exec-7] order.service.OrderServiceImpl           : [PYTHIA_FINE_TRACE] service=ts-order-service stage=service_create latency_ms=60
2026-03-18 13:56:58.214  INFO 1 --- [io-12031-exec-7] order.controller.OrderController         : [PYTHIA_FINE_TRACE] service=ts-order-service endpoint=createOrder latency_ms=60
2026-03-18 13:56:58.872  INFO 1 --- [io-12031-exec-8] order.service.OrderServiceImpl           : [PYTHIA_FINE_TRACE] service=ts-order-service stage=service_create latency_ms=416
2026-03-18 13:56:58.872  INFO 1 --- [io-12031-exec-8] order.controller.OrderController         : [PYTHIA_FINE_TRACE] service=ts-order-service endpoint=createOrder latency_ms=417
2026-03-18 13:56:59.511  INFO 1 --- [o-12031-exec-10] order.service.OrderServiceImpl           : [PYTHIA_FINE_TRACE] service=ts-order-service stage=service_create latency_ms=364
2026-03-18 13:56:59.511  INFO 1 --- [o-12031-exec-10] order.controller.OrderController         : [PYTHIA_FINE_TRACE] service=ts-order-service endpoint=createOrder latency_ms=364
2026-03-18 13:56:59.823  INFO 1 --- [io-12031-exec-9] order.service.OrderServiceImpl           : [PYTHIA_FINE_TRACE] service=ts-order-service stage=service_create latency_ms=67
2026-03-18 13:56:59.823  INFO 1 --- [io-12031-exec-9] order.controller.OrderController         : [PYTHIA_FINE_TRACE] service=ts-order-service endpoint=createOrder latency_ms=67
2026-03-18 13:57:00.521  INFO 1 --- [io-12031-exec-4] order.service.OrderServiceImpl           : [PYTHIA_FINE_TRACE] service=ts-order-service stage=service_create latency_ms=362
2026-03-18 13:57:00.521  INFO 1 --- [io-12031-exec-4] order.controller.OrderController         : [PYTHIA_FINE_TRACE] service=ts-order-service endpoint=createOrder latency_ms=363
2026-03-18 13:57:00.815  INFO 1 --- [io-12031-exec-3] order.service.OrderServiceImpl           : [PYTHIA_FINE_TRACE] service=ts-order-service stage=service_create latency_ms=60
2026-03-18 13:57:00.815  INFO 1 --- [io-12031-exec-3] order.controller.OrderController         : [PYTHIA_FINE_TRACE] service=ts-order-service endpoint=createOrder latency_ms=60
2026-03-18 13:57:01.203  INFO 1 --- [io-12031-exec-6] order.service.OrderServiceImpl           : [PYTHIA_FINE_TRACE] service=ts-order-service stage=service_create latency_ms=145
2026-03-18 13:57:01.203  INFO 1 --- [io-12031-exec-6] order.controller.OrderController         : [PYTHIA_FINE_TRACE] service=ts-order-service endpoint=createOrder latency_ms=145
2026-03-18 13:57:01.818  INFO 1 --- [io-12031-exec-1] order.service.OrderServiceImpl           : [PYTHIA_FINE_TRACE] service=ts-order-service stage=service_create latency_ms=362
2026-03-18 13:57:01.818  INFO 1 --- [io-12031-exec-1] order.controller.OrderController         : [PYTHIA_FINE_TRACE] service=ts-order-service endpoint=createOrder latency_ms=362
2026-03-18 13:57:02.112  INFO 1 --- [io-12031-exec-5] order.service.OrderServiceImpl           : [PYTHIA_FINE_TRACE] service=ts-order-service stage=service_create latency_ms=62
2026-03-18 13:57:02.112  INFO 1 --- [io-12031-exec-5] order.controller.OrderController         : [PYTHIA_FINE_TRACE] service=ts-order-service endpoint=createOrder latency_ms=62
2026-03-18 13:57:02.415  INFO 1 --- [io-12031-exec-7] order.service.OrderServiceImpl           : [PYTHIA_FINE_TRACE] service=ts-order-service stage=service_create latency_ms=62
2026-03-18 13:57:02.415  INFO 1 --- [io-12031-exec-7] order.controller.OrderController         : [PYTHIA_FINE_TRACE] service=ts-order-service endpoint=createOrder latency_ms=62
2026-03-18 13:57:03.018  INFO 1 --- [io-12031-exec-8] order.service.OrderServiceImpl           : [PYTHIA_FINE_TRACE] service=ts-order-service stage=service_create latency_ms=364
2026-03-18 13:57:03.018  INFO 1 --- [io-12031-exec-8] order.controller.OrderController         : [PYTHIA_FINE_TRACE] service=ts-order-service endpoint=createOrder latency_ms=364
2026-03-18 13:57:03.319  INFO 1 --- [io-12031-exec-2] order.service.OrderServiceImpl           : [PYTHIA_FINE_TRACE] service=ts-order-service stage=service_create latency_ms=64
2026-03-18 13:57:03.319  INFO 1 --- [io-12031-exec-2] order.controller.OrderController         : [PYTHIA_FINE_TRACE] service=ts-order-service endpoint=createOrder latency_ms=64
2026-03-18 13:57:03.609  INFO 1 --- [o-12031-exec-10] order.service.OrderServiceImpl           : [PYTHIA_FINE_TRACE] service=ts-order-service stage=service_create latency_ms=58
2026-03-18 13:57:03.609  INFO 1 --- [o-12031-exec-10] order.controller.OrderController         : [PYTHIA_FINE_TRACE] service=ts-order-service endpoint=createOrder latency_ms=58
2026-03-18 13:57:03.917  INFO 1 --- [io-12031-exec-9] order.service.OrderServiceImpl           : [PYTHIA_FINE_TRACE] service=ts-order-service stage=service_create latency_ms=62
2026-03-18 13:57:03.917  INFO 1 --- [io-12031-exec-9] order.controller.OrderController         : [PYTHIA_FINE_TRACE] service=ts-order-service endpoint=createOrder latency_ms=62
2026-03-18 13:57:04.210  INFO 1 --- [io-12031-exec-4] order.service.OrderServiceImpl           : [PYTHIA_FINE_TRACE] service=ts-order-service stage=service_create latency_ms=58
2026-03-18 13:57:04.210  INFO 1 --- [io-12031-exec-4] order.controller.OrderController         : [PYTHIA_FINE_TRACE] service=ts-order-service endpoint=createOrder latency_ms=58
2026-03-18 13:57:04.517  INFO 1 --- [io-12031-exec-3] order.service.OrderServiceImpl           : [PYTHIA_FINE_TRACE] service=ts-order-service stage=service_create latency_ms=63
2026-03-18 13:57:04.517  INFO 1 --- [io-12031-exec-3] order.controller.OrderController         : [PYTHIA_FINE_TRACE] service=ts-order-service endpoint=createOrder latency_ms=63
2026-03-18 13:57:05.167  INFO 1 --- [io-12031-exec-6] order.service.OrderServiceImpl           : [PYTHIA_FINE_TRACE] service=ts-order-service stage=service_create latency_ms=409
2026-03-18 13:57:05.167  INFO 1 --- [io-12031-exec-6] order.controller.OrderController         : [PYTHIA_FINE_TRACE] service=ts-order-service endpoint=createOrder latency_ms=410
2026-03-18 13:57:05.500  INFO 1 --- [io-12031-exec-1] order.service.OrderServiceImpl           : [PYTHIA_FINE_TRACE] service=ts-order-service stage=service_create latency_ms=63
2026-03-18 13:57:05.500  INFO 1 --- [io-12031-exec-1] order.controller.OrderController         : [PYTHIA_FINE_TRACE] service=ts-order-service endpoint=createOrder latency_ms=64
2026-03-18 13:57:05.815  INFO 1 --- [io-12031-exec-5] order.service.OrderServiceImpl           : [PYTHIA_FINE_TRACE] service=ts-order-service stage=service_create latency_ms=61
2026-03-18 13:57:05.815  INFO 1 --- [io-12031-exec-5] order.controller.OrderController         : [PYTHIA_FINE_TRACE] service=ts-order-service endpoint=createOrder latency_ms=61
2026-03-18 13:57:06.167  INFO 1 --- [io-12031-exec-7] order.service.OrderServiceImpl           : [PYTHIA_FINE_TRACE] service=ts-order-service stage=service_create latency_ms=108
2026-03-18 13:57:06.167  INFO 1 --- [io-12031-exec-7] order.controller.OrderController         : [PYTHIA_FINE_TRACE] service=ts-order-service endpoint=createOrder latency_ms=109
2026-03-18 13:57:06.808  INFO 1 --- [io-12031-exec-8] order.service.OrderServiceImpl           : [PYTHIA_FINE_TRACE] service=ts-order-service stage=service_create latency_ms=365
2026-03-18 13:57:06.808  INFO 1 --- [io-12031-exec-8] order.controller.OrderController         : [PYTHIA_FINE_TRACE] service=ts-order-service endpoint=createOrder latency_ms=365
2026-03-18 13:57:07.417  INFO 1 --- [io-12031-exec-2] order.service.OrderServiceImpl           : [PYTHIA_FINE_TRACE] service=ts-order-service stage=service_create latency_ms=364
2026-03-18 13:57:07.417  INFO 1 --- [io-12031-exec-2] order.controller.OrderController         : [PYTHIA_FINE_TRACE] service=ts-order-service endpoint=createOrder latency_ms=365
2026-03-18 13:57:07.716  INFO 1 --- [o-12031-exec-10] order.service.OrderServiceImpl           : [PYTHIA_FINE_TRACE] service=ts-order-service stage=service_create latency_ms=61
2026-03-18 13:57:07.716  INFO 1 --- [o-12031-exec-10] order.controller.OrderController         : [PYTHIA_FINE_TRACE] service=ts-order-service endpoint=createOrder latency_ms=61
2026-03-18 13:57:08.014  INFO 1 --- [io-12031-exec-9] order.service.OrderServiceImpl           : [PYTHIA_FINE_TRACE] service=ts-order-service stage=service_create latency_ms=62
2026-03-18 13:57:08.014  INFO 1 --- [io-12031-exec-9] order.controller.OrderController         : [PYTHIA_FINE_TRACE] service=ts-order-service endpoint=createOrder latency_ms=62
2026-03-18 13:57:08.667  INFO 1 --- [io-12031-exec-4] order.service.OrderServiceImpl           : [PYTHIA_FINE_TRACE] service=ts-order-service stage=service_create latency_ms=414
2026-03-18 13:57:08.667  INFO 1 --- [io-12031-exec-4] order.controller.OrderController         : [PYTHIA_FINE_TRACE] service=ts-order-service endpoint=createOrder latency_ms=414
2026-03-18 13:57:09.011  INFO 1 --- [io-12031-exec-3] order.service.OrderServiceImpl           : [PYTHIA_FINE_TRACE] service=ts-order-service stage=service_create latency_ms=61
2026-03-18 13:57:09.011  INFO 1 --- [io-12031-exec-3] order.controller.OrderController         : [PYTHIA_FINE_TRACE] service=ts-order-service endpoint=createOrder latency_ms=61
2026-03-18 13:57:09.367  INFO 1 --- [io-12031-exec-1] order.service.OrderServiceImpl           : [PYTHIA_FINE_TRACE] service=ts-order-service stage=service_create latency_ms=110
2026-03-18 13:57:09.367  INFO 1 --- [io-12031-exec-1] order.controller.OrderController         : [PYTHIA_FINE_TRACE] service=ts-order-service endpoint=createOrder latency_ms=110
2026-03-18 13:57:09.715  INFO 1 --- [io-12031-exec-5] order.service.OrderServiceImpl           : [PYTHIA_FINE_TRACE] service=ts-order-service stage=service_create latency_ms=64
2026-03-18 13:57:09.715  INFO 1 --- [io-12031-exec-5] order.controller.OrderController         : [PYTHIA_FINE_TRACE] service=ts-order-service endpoint=createOrder latency_ms=64
2026-03-18 13:57:10.468  INFO 1 --- [io-12031-exec-7] order.service.OrderServiceImpl           : [PYTHIA_FINE_TRACE] service=ts-order-service stage=service_create latency_ms=506
2026-03-18 13:57:10.469  INFO 1 --- [io-12031-exec-7] order.controller.OrderController         : [PYTHIA_FINE_TRACE] service=ts-order-service endpoint=createOrder latency_ms=507
2026-03-18 13:57:11.122  INFO 1 --- [io-12031-exec-8] order.service.OrderServiceImpl           : [PYTHIA_FINE_TRACE] service=ts-order-service stage=service_create latency_ms=365
2026-03-18 13:57:11.122  INFO 1 --- [io-12031-exec-8] order.controller.OrderController         : [PYTHIA_FINE_TRACE] service=ts-order-service endpoint=createOrder latency_ms=365
2026-03-18 13:57:11.479  INFO 1 --- [io-12031-exec-2] order.service.OrderServiceImpl           : [PYTHIA_FINE_TRACE] service=ts-order-service stage=service_create latency_ms=113
2026-03-18 13:57:11.479  INFO 1 --- [io-12031-exec-2] order.controller.OrderController         : [PYTHIA_FINE_TRACE] service=ts-order-service endpoint=createOrder latency_ms=113
2026-03-18 13:57:12.121  INFO 1 --- [o-12031-exec-10] order.service.OrderServiceImpl           : [PYTHIA_FINE_TRACE] service=ts-order-service stage=service_create latency_ms=362
2026-03-18 13:57:12.121  INFO 1 --- [o-12031-exec-10] order.controller.OrderController         : [PYTHIA_FINE_TRACE] service=ts-order-service endpoint=createOrder latency_ms=362
2026-03-18 13:57:12.505  INFO 1 --- [io-12031-exec-9] order.service.OrderServiceImpl           : [PYTHIA_FINE_TRACE] service=ts-order-service stage=service_create latency_ms=60
2026-03-18 13:57:12.505  INFO 1 --- [io-12031-exec-9] order.controller.OrderController         : [PYTHIA_FINE_TRACE] service=ts-order-service endpoint=createOrder latency_ms=60
2026-03-18 13:57:12.881  INFO 1 --- [io-12031-exec-4] order.service.OrderServiceImpl           : [PYTHIA_FINE_TRACE] service=ts-order-service stage=service_create latency_ms=126
2026-03-18 13:57:12.881  INFO 1 --- [io-12031-exec-4] order.controller.OrderController         : [PYTHIA_FINE_TRACE] service=ts-order-service endpoint=createOrder latency_ms=126
2026-03-18 13:57:13.209  INFO 1 --- [io-12031-exec-6] order.service.OrderServiceImpl           : [PYTHIA_FINE_TRACE] service=ts-order-service stage=service_create latency_ms=59
2026-03-18 13:57:13.209  INFO 1 --- [io-12031-exec-6] order.controller.OrderController         : [PYTHIA_FINE_TRACE] service=ts-order-service endpoint=createOrder latency_ms=59
2026-03-18 13:57:13.594  INFO 1 --- [io-12031-exec-3] order.service.OrderServiceImpl           : [PYTHIA_FINE_TRACE] service=ts-order-service stage=service_create latency_ms=133
2026-03-18 13:57:13.594  INFO 1 --- [io-12031-exec-3] order.controller.OrderController         : [PYTHIA_FINE_TRACE] service=ts-order-service endpoint=createOrder latency_ms=133
2026-03-18 13:57:13.921  INFO 1 --- [io-12031-exec-1] order.service.OrderServiceImpl           : [PYTHIA_FINE_TRACE] service=ts-order-service stage=service_create latency_ms=62
2026-03-18 13:57:13.921  INFO 1 --- [io-12031-exec-1] order.controller.OrderController         : [PYTHIA_FINE_TRACE] service=ts-order-service endpoint=createOrder latency_ms=62
2026-03-18 13:57:14.214  INFO 1 --- [io-12031-exec-5] order.service.OrderServiceImpl           : [PYTHIA_FINE_TRACE] service=ts-order-service stage=service_create latency_ms=57
2026-03-18 13:57:14.214  INFO 1 --- [io-12031-exec-5] order.controller.OrderController         : [PYTHIA_FINE_TRACE] service=ts-order-service endpoint=createOrder latency_ms=57
2026-03-18 13:57:14.574  INFO 1 --- [io-12031-exec-7] order.service.OrderServiceImpl           : [PYTHIA_FINE_TRACE] service=ts-order-service stage=service_create latency_ms=112
2026-03-18 13:57:14.574  INFO 1 --- [io-12031-exec-7] order.controller.OrderController         : [PYTHIA_FINE_TRACE] service=ts-order-service endpoint=createOrder latency_ms=112
2026-03-18 13:57:14.903  INFO 1 --- [io-12031-exec-8] order.service.OrderServiceImpl           : [PYTHIA_FINE_TRACE] service=ts-order-service stage=service_create latency_ms=54
2026-03-18 13:57:14.903  INFO 1 --- [io-12031-exec-8] order.controller.OrderController         : [PYTHIA_FINE_TRACE] service=ts-order-service endpoint=createOrder latency_ms=54
2026-03-18 13:57:15.205  INFO 1 --- [io-12031-exec-2] order.service.OrderServiceImpl           : [PYTHIA_FINE_TRACE] service=ts-order-service stage=service_create latency_ms=55
2026-03-18 13:57:15.205  INFO 1 --- [io-12031-exec-2] order.controller.OrderController         : [PYTHIA_FINE_TRACE] service=ts-order-service endpoint=createOrder latency_ms=55
2026-03-18 13:57:15.512  INFO 1 --- [o-12031-exec-10] order.service.OrderServiceImpl           : [PYTHIA_FINE_TRACE] service=ts-order-service stage=service_create latency_ms=56
2026-03-18 13:57:15.512  INFO 1 --- [o-12031-exec-10] order.controller.OrderController         : [PYTHIA_FINE_TRACE] service=ts-order-service endpoint=createOrder latency_ms=57
2026-03-18 13:57:15.874  INFO 1 --- [io-12031-exec-9] order.service.OrderServiceImpl           : [PYTHIA_FINE_TRACE] service=ts-order-service stage=service_create latency_ms=120
2026-03-18 13:57:15.875  INFO 1 --- [io-12031-exec-9] order.controller.OrderController         : [PYTHIA_FINE_TRACE] service=ts-order-service endpoint=createOrder latency_ms=121
2026-03-18 13:57:16.499  INFO 1 --- [io-12031-exec-4] order.service.OrderServiceImpl           : [PYTHIA_FINE_TRACE] service=ts-order-service stage=service_create latency_ms=359
2026-03-18 13:57:16.499  INFO 1 --- [io-12031-exec-4] order.controller.OrderController         : [PYTHIA_FINE_TRACE] service=ts-order-service endpoint=createOrder latency_ms=359
2026-03-18 13:57:16.867  INFO 1 --- [io-12031-exec-6] order.service.OrderServiceImpl           : [PYTHIA_FINE_TRACE] service=ts-order-service stage=service_create latency_ms=102
2026-03-18 13:57:16.867  INFO 1 --- [io-12031-exec-6] order.controller.OrderController         : [PYTHIA_FINE_TRACE] service=ts-order-service endpoint=createOrder latency_ms=103
2026-03-18 13:57:17.192  INFO 1 --- [io-12031-exec-3] order.service.OrderServiceImpl           : [PYTHIA_FINE_TRACE] service=ts-order-service stage=service_create latency_ms=54
2026-03-18 13:57:17.192  INFO 1 --- [io-12031-exec-3] order.controller.OrderController         : [PYTHIA_FINE_TRACE] service=ts-order-service endpoint=createOrder latency_ms=54
2026-03-18 13:57:17.675  INFO 1 --- [io-12031-exec-1] order.service.OrderServiceImpl           : [PYTHIA_FINE_TRACE] service=ts-order-service stage=service_create latency_ms=206
2026-03-18 13:57:17.675  INFO 1 --- [io-12031-exec-1] order.controller.OrderController         : [PYTHIA_FINE_TRACE] service=ts-order-service endpoint=createOrder latency_ms=206
2026-03-18 13:57:18.027  INFO 1 --- [io-12031-exec-5] order.service.OrderServiceImpl           : [PYTHIA_FINE_TRACE] service=ts-order-service stage=service_create latency_ms=80
2026-03-18 13:57:18.027  INFO 1 --- [io-12031-exec-5] order.controller.OrderController         : [PYTHIA_FINE_TRACE] service=ts-order-service endpoint=createOrder latency_ms=81
2026-03-18 13:57:18.791  INFO 1 --- [io-12031-exec-7] order.service.OrderServiceImpl           : [PYTHIA_FINE_TRACE] service=ts-order-service stage=service_create latency_ms=534
2026-03-18 13:57:18.791  INFO 1 --- [io-12031-exec-7] order.controller.OrderController         : [PYTHIA_FINE_TRACE] service=ts-order-service endpoint=createOrder latency_ms=534
2026-03-18 13:57:19.179  INFO 1 --- [io-12031-exec-2] order.service.OrderServiceImpl           : [PYTHIA_FINE_TRACE] service=ts-order-service stage=service_create latency_ms=122
2026-03-18 13:57:19.179  INFO 1 --- [io-12031-exec-2] order.controller.OrderController         : [PYTHIA_FINE_TRACE] service=ts-order-service endpoint=createOrder latency_ms=122
2026-03-18 13:57:19.892  INFO 1 --- [o-12031-exec-10] order.service.OrderServiceImpl           : [PYTHIA_FINE_TRACE] service=ts-order-service stage=service_create latency_ms=436
2026-03-18 13:57:19.892  INFO 1 --- [o-12031-exec-10] order.controller.OrderController         : [PYTHIA_FINE_TRACE] service=ts-order-service endpoint=createOrder latency_ms=436
2026-03-18 13:57:20.293  INFO 1 --- [io-12031-exec-9] order.service.OrderServiceImpl           : [PYTHIA_FINE_TRACE] service=ts-order-service stage=service_create latency_ms=130
2026-03-18 13:57:20.293  INFO 1 --- [io-12031-exec-9] order.controller.OrderController         : [PYTHIA_FINE_TRACE] service=ts-order-service endpoint=createOrder latency_ms=130
2026-03-18 13:57:20.688  INFO 1 --- [io-12031-exec-4] order.service.OrderServiceImpl           : [PYTHIA_FINE_TRACE] service=ts-order-service stage=service_create latency_ms=133
2026-03-18 13:57:20.688  INFO 1 --- [io-12031-exec-4] order.controller.OrderController         : [PYTHIA_FINE_TRACE] service=ts-order-service endpoint=createOrder latency_ms=134
2026-03-18 13:57:21.086  INFO 1 --- [io-12031-exec-6] order.service.OrderServiceImpl           : [PYTHIA_FINE_TRACE] service=ts-order-service stage=service_create latency_ms=124
2026-03-18 13:57:21.086  INFO 1 --- [io-12031-exec-6] order.controller.OrderController         : [PYTHIA_FINE_TRACE] service=ts-order-service endpoint=createOrder latency_ms=125
2026-03-18 13:57:21.478  INFO 1 --- [io-12031-exec-3] order.service.OrderServiceImpl           : [PYTHIA_FINE_TRACE] service=ts-order-service stage=service_create latency_ms=120
2026-03-18 13:57:21.478  INFO 1 --- [io-12031-exec-3] order.controller.OrderController         : [PYTHIA_FINE_TRACE] service=ts-order-service endpoint=createOrder latency_ms=120
2026-03-18 13:57:21.878  INFO 1 --- [io-12031-exec-1] order.service.OrderServiceImpl           : [PYTHIA_FINE_TRACE] service=ts-order-service stage=service_create latency_ms=126
2026-03-18 13:57:21.878  INFO 1 --- [io-12031-exec-1] order.controller.OrderController         : [PYTHIA_FINE_TRACE] service=ts-order-service endpoint=createOrder latency_ms=126
2026-03-18 13:57:22.634  INFO 1 --- [io-12031-exec-5] order.service.OrderServiceImpl           : [PYTHIA_FINE_TRACE] service=ts-order-service stage=service_create latency_ms=482
2026-03-18 13:57:22.634  INFO 1 --- [io-12031-exec-5] order.controller.OrderController         : [PYTHIA_FINE_TRACE] service=ts-order-service endpoint=createOrder latency_ms=483
2026-03-18 13:57:22.981  INFO 1 --- [io-12031-exec-7] order.service.OrderServiceImpl           : [PYTHIA_FINE_TRACE] service=ts-order-service stage=service_create latency_ms=121
2026-03-18 13:57:22.981  INFO 1 --- [io-12031-exec-7] order.controller.OrderController         : [PYTHIA_FINE_TRACE] service=ts-order-service endpoint=createOrder latency_ms=121
2026-03-18 13:57:23.683  INFO 1 --- [io-12031-exec-8] order.service.OrderServiceImpl           : [PYTHIA_FINE_TRACE] service=ts-order-service stage=service_create latency_ms=424
2026-03-18 13:57:23.683  INFO 1 --- [io-12031-exec-8] order.controller.OrderController         : [PYTHIA_FINE_TRACE] service=ts-order-service endpoint=createOrder latency_ms=424
2026-03-18 13:57:24.083  INFO 1 --- [io-12031-exec-2] order.service.OrderServiceImpl           : [PYTHIA_FINE_TRACE] service=ts-order-service stage=service_create latency_ms=131
2026-03-18 13:57:24.083  INFO 1 --- [io-12031-exec-2] order.controller.OrderController         : [PYTHIA_FINE_TRACE] service=ts-order-service endpoint=createOrder latency_ms=131
2026-03-18 13:57:24.473  INFO 1 --- [o-12031-exec-10] order.service.OrderServiceImpl           : [PYTHIA_FINE_TRACE] service=ts-order-service stage=service_create latency_ms=115
2026-03-18 13:57:24.473  INFO 1 --- [o-12031-exec-10] order.controller.OrderController         : [PYTHIA_FINE_TRACE] service=ts-order-service endpoint=createOrder latency_ms=115
2026-03-18 13:57:24.813  INFO 1 --- [io-12031-exec-9] order.service.OrderServiceImpl           : [PYTHIA_FINE_TRACE] service=ts-order-service stage=service_create latency_ms=71
2026-03-18 13:57:24.813  INFO 1 --- [io-12031-exec-9] order.controller.OrderController         : [PYTHIA_FINE_TRACE] service=ts-order-service endpoint=createOrder latency_ms=71
2026-03-18 13:57:25.573  INFO 1 --- [io-12031-exec-4] order.service.OrderServiceImpl           : [PYTHIA_FINE_TRACE] service=ts-order-service stage=service_create latency_ms=519
2026-03-18 13:57:25.573  INFO 1 --- [io-12031-exec-4] order.controller.OrderController         : [PYTHIA_FINE_TRACE] service=ts-order-service endpoint=createOrder latency_ms=519
2026-03-18 13:57:26.277  INFO 1 --- [io-12031-exec-6] order.service.OrderServiceImpl           : [PYTHIA_FINE_TRACE] service=ts-order-service stage=service_create latency_ms=430
2026-03-18 13:57:26.277  INFO 1 --- [io-12031-exec-6] order.controller.OrderController         : [PYTHIA_FINE_TRACE] service=ts-order-service endpoint=createOrder latency_ms=430
2026-03-18 13:57:26.667  INFO 1 --- [io-12031-exec-3] order.service.OrderServiceImpl           : [PYTHIA_FINE_TRACE] service=ts-order-service stage=service_create latency_ms=122
2026-03-18 13:57:26.667  INFO 1 --- [io-12031-exec-3] order.controller.OrderController         : [PYTHIA_FINE_TRACE] service=ts-order-service endpoint=createOrder latency_ms=122
2026-03-18 13:57:27.079  INFO 1 --- [io-12031-exec-1] order.service.OrderServiceImpl           : [PYTHIA_FINE_TRACE] service=ts-order-service stage=service_create latency_ms=128
2026-03-18 13:57:27.079  INFO 1 --- [io-12031-exec-1] order.controller.OrderController         : [PYTHIA_FINE_TRACE] service=ts-order-service endpoint=createOrder latency_ms=128
2026-03-18 13:57:27.419  INFO 1 --- [io-12031-exec-5] order.service.OrderServiceImpl           : [PYTHIA_FINE_TRACE] service=ts-order-service stage=service_create latency_ms=70
2026-03-18 13:57:27.419  INFO 1 --- [io-12031-exec-5] order.controller.OrderController         : [PYTHIA_FINE_TRACE] service=ts-order-service endpoint=createOrder latency_ms=70
2026-03-18 13:57:27.775  INFO 1 --- [io-12031-exec-7] order.service.OrderServiceImpl           : [PYTHIA_FINE_TRACE] service=ts-order-service stage=service_create latency_ms=121
2026-03-18 13:57:27.775  INFO 1 --- [io-12031-exec-7] order.controller.OrderController         : [PYTHIA_FINE_TRACE] service=ts-order-service endpoint=createOrder latency_ms=121
2026-03-18 13:57:28.115  INFO 1 --- [io-12031-exec-8] order.service.OrderServiceImpl           : [PYTHIA_FINE_TRACE] service=ts-order-service stage=service_create latency_ms=70
2026-03-18 13:57:28.115  INFO 1 --- [io-12031-exec-8] order.controller.OrderController         : [PYTHIA_FINE_TRACE] service=ts-order-service endpoint=createOrder latency_ms=70
2026-03-18 13:57:28.486  INFO 1 --- [io-12031-exec-2] order.service.OrderServiceImpl           : [PYTHIA_FINE_TRACE] service=ts-order-service stage=service_create latency_ms=122
2026-03-18 13:57:28.486  INFO 1 --- [io-12031-exec-2] order.controller.OrderController         : [PYTHIA_FINE_TRACE] service=ts-order-service endpoint=createOrder latency_ms=122
2026-03-18 13:57:29.172  INFO 1 --- [o-12031-exec-10] order.service.OrderServiceImpl           : [PYTHIA_FINE_TRACE] service=ts-order-service stage=service_create latency_ms=419
2026-03-18 13:57:29.172  INFO 1 --- [o-12031-exec-10] order.controller.OrderController         : [PYTHIA_FINE_TRACE] service=ts-order-service endpoint=createOrder latency_ms=419
2026-03-18 13:57:29.575  INFO 1 --- [io-12031-exec-4] order.service.OrderServiceImpl           : [PYTHIA_FINE_TRACE] service=ts-order-service stage=service_create latency_ms=118
2026-03-18 13:57:29.575  INFO 1 --- [io-12031-exec-4] order.controller.OrderController         : [PYTHIA_FINE_TRACE] service=ts-order-service endpoint=createOrder latency_ms=118
2026-03-18 13:57:29.984  INFO 1 --- [io-12031-exec-6] order.service.OrderServiceImpl           : [PYTHIA_FINE_TRACE] service=ts-order-service stage=service_create latency_ms=120
2026-03-18 13:57:29.984  INFO 1 --- [io-12031-exec-6] order.controller.OrderController         : [PYTHIA_FINE_TRACE] service=ts-order-service endpoint=createOrder latency_ms=120
2026-03-18 13:57:30.374  INFO 1 --- [io-12031-exec-3] order.service.OrderServiceImpl           : [PYTHIA_FINE_TRACE] service=ts-order-service stage=service_create latency_ms=119
2026-03-18 13:57:30.374  INFO 1 --- [io-12031-exec-3] order.controller.OrderController         : [PYTHIA_FINE_TRACE] service=ts-order-service endpoint=createOrder latency_ms=119
2026-03-18 13:57:30.716  INFO 1 --- [io-12031-exec-1] order.service.OrderServiceImpl           : [PYTHIA_FINE_TRACE] service=ts-order-service stage=service_create latency_ms=65
2026-03-18 13:57:30.716  INFO 1 --- [io-12031-exec-1] order.controller.OrderController         : [PYTHIA_FINE_TRACE] service=ts-order-service endpoint=createOrder latency_ms=65
2026-03-18 13:57:31.082  INFO 1 --- [io-12031-exec-5] order.service.OrderServiceImpl           : [PYTHIA_FINE_TRACE] service=ts-order-service stage=service_create latency_ms=122
2026-03-18 13:57:31.082  INFO 1 --- [io-12031-exec-5] order.controller.OrderController         : [PYTHIA_FINE_TRACE] service=ts-order-service endpoint=createOrder latency_ms=122
2026-03-18 13:57:31.480  INFO 1 --- [io-12031-exec-7] order.service.OrderServiceImpl           : [PYTHIA_FINE_TRACE] service=ts-order-service stage=service_create latency_ms=119
2026-03-18 13:57:31.480  INFO 1 --- [io-12031-exec-7] order.controller.OrderController         : [PYTHIA_FINE_TRACE] service=ts-order-service endpoint=createOrder latency_ms=119
2026-03-18 13:57:31.866  INFO 1 --- [io-12031-exec-8] order.service.OrderServiceImpl           : [PYTHIA_FINE_TRACE] service=ts-order-service stage=service_create latency_ms=109
2026-03-18 13:57:31.866  INFO 1 --- [io-12031-exec-8] order.controller.OrderController         : [PYTHIA_FINE_TRACE] service=ts-order-service endpoint=createOrder latency_ms=109
2026-03-18 13:57:32.209  INFO 1 --- [io-12031-exec-2] order.service.OrderServiceImpl           : [PYTHIA_FINE_TRACE] service=ts-order-service stage=service_create latency_ms=66
2026-03-18 13:57:32.209  INFO 1 --- [io-12031-exec-2] order.controller.OrderController         : [PYTHIA_FINE_TRACE] service=ts-order-service endpoint=createOrder latency_ms=66
2026-03-18 13:57:32.572  INFO 1 --- [io-12031-exec-9] order.service.OrderServiceImpl           : [PYTHIA_FINE_TRACE] service=ts-order-service stage=service_create latency_ms=106
2026-03-18 13:57:32.572  INFO 1 --- [io-12031-exec-9] order.controller.OrderController         : [PYTHIA_FINE_TRACE] service=ts-order-service endpoint=createOrder latency_ms=107
2026-03-18 13:57:32.911  INFO 1 --- [o-12031-exec-10] order.service.OrderServiceImpl           : [PYTHIA_FINE_TRACE] service=ts-order-service stage=service_create latency_ms=61
2026-03-18 13:57:32.911  INFO 1 --- [o-12031-exec-10] order.controller.OrderController         : [PYTHIA_FINE_TRACE] service=ts-order-service endpoint=createOrder latency_ms=62
2026-03-18 13:57:33.227  INFO 1 --- [io-12031-exec-4] order.service.OrderServiceImpl           : [PYTHIA_FINE_TRACE] service=ts-order-service stage=service_create latency_ms=73
2026-03-18 13:57:33.227  INFO 1 --- [io-12031-exec-4] order.controller.OrderController         : [PYTHIA_FINE_TRACE] service=ts-order-service endpoint=createOrder latency_ms=73
2026-03-18 13:57:33.518  INFO 1 --- [io-12031-exec-6] order.service.OrderServiceImpl           : [PYTHIA_FINE_TRACE] service=ts-order-service stage=service_create latency_ms=63
2026-03-18 13:57:33.518  INFO 1 --- [io-12031-exec-6] order.controller.OrderController         : [PYTHIA_FINE_TRACE] service=ts-order-service endpoint=createOrder latency_ms=64
2026-03-18 13:57:33.872  INFO 1 --- [io-12031-exec-3] order.service.OrderServiceImpl           : [PYTHIA_FINE_TRACE] service=ts-order-service stage=service_create latency_ms=118
2026-03-18 13:57:33.872  INFO 1 --- [io-12031-exec-3] order.controller.OrderController         : [PYTHIA_FINE_TRACE] service=ts-order-service endpoint=createOrder latency_ms=118
2026-03-18 13:57:34.511  INFO 1 --- [io-12031-exec-1] order.service.OrderServiceImpl           : [PYTHIA_FINE_TRACE] service=ts-order-service stage=service_create latency_ms=364
2026-03-18 13:57:34.511  INFO 1 --- [io-12031-exec-1] order.controller.OrderController         : [PYTHIA_FINE_TRACE] service=ts-order-service endpoint=createOrder latency_ms=364
2026-03-18 13:57:34.867  INFO 1 --- [io-12031-exec-5] order.service.OrderServiceImpl           : [PYTHIA_FINE_TRACE] service=ts-order-service stage=service_create latency_ms=112
2026-03-18 13:57:34.867  INFO 1 --- [io-12031-exec-5] order.controller.OrderController         : [PYTHIA_FINE_TRACE] service=ts-order-service endpoint=createOrder latency_ms=112
2026-03-18 13:57:35.207  INFO 1 --- [io-12031-exec-7] order.service.OrderServiceImpl           : [PYTHIA_FINE_TRACE] service=ts-order-service stage=service_create latency_ms=60
2026-03-18 13:57:35.207  INFO 1 --- [io-12031-exec-7] order.controller.OrderController         : [PYTHIA_FINE_TRACE] service=ts-order-service endpoint=createOrder latency_ms=60
2026-03-18 13:57:35.577  INFO 1 --- [io-12031-exec-8] order.service.OrderServiceImpl           : [PYTHIA_FINE_TRACE] service=ts-order-service stage=service_create latency_ms=118
2026-03-18 13:57:35.577  INFO 1 --- [io-12031-exec-8] order.controller.OrderController         : [PYTHIA_FINE_TRACE] service=ts-order-service endpoint=createOrder latency_ms=118
2026-03-18 13:57:35.920  INFO 1 --- [io-12031-exec-2] order.service.OrderServiceImpl           : [PYTHIA_FINE_TRACE] service=ts-order-service stage=service_create latency_ms=63
2026-03-18 13:57:35.920  INFO 1 --- [io-12031-exec-2] order.controller.OrderController         : [PYTHIA_FINE_TRACE] service=ts-order-service endpoint=createOrder latency_ms=63
2026-03-18 13:57:36.518  INFO 1 --- [io-12031-exec-9] order.service.OrderServiceImpl           : [PYTHIA_FINE_TRACE] service=ts-order-service stage=service_create latency_ms=362
2026-03-18 13:57:36.518  INFO 1 --- [io-12031-exec-9] order.controller.OrderController         : [PYTHIA_FINE_TRACE] service=ts-order-service endpoint=createOrder latency_ms=362
2026-03-18 13:57:37.183  INFO 1 --- [o-12031-exec-10] order.service.OrderServiceImpl           : [PYTHIA_FINE_TRACE] service=ts-order-service stage=service_create latency_ms=424
2026-03-18 13:57:37.183  INFO 1 --- [o-12031-exec-10] order.controller.OrderController         : [PYTHIA_FINE_TRACE] service=ts-order-service endpoint=createOrder latency_ms=424
2026-03-18 13:57:37.517  INFO 1 --- [io-12031-exec-4] order.service.OrderServiceImpl           : [PYTHIA_FINE_TRACE] service=ts-order-service stage=service_create latency_ms=60
2026-03-18 13:57:37.517  INFO 1 --- [io-12031-exec-4] order.controller.OrderController         : [PYTHIA_FINE_TRACE] service=ts-order-service endpoint=createOrder latency_ms=60
2026-03-18 13:57:37.816  INFO 1 --- [io-12031-exec-6] order.service.OrderServiceImpl           : [PYTHIA_FINE_TRACE] service=ts-order-service stage=service_create latency_ms=61
2026-03-18 13:57:37.816  INFO 1 --- [io-12031-exec-6] order.controller.OrderController         : [PYTHIA_FINE_TRACE] service=ts-order-service endpoint=createOrder latency_ms=61
2026-03-18 13:57:38.116  INFO 1 --- [io-12031-exec-3] order.service.OrderServiceImpl           : [PYTHIA_FINE_TRACE] service=ts-order-service stage=service_create latency_ms=61
2026-03-18 13:57:38.116  INFO 1 --- [io-12031-exec-3] order.controller.OrderController         : [PYTHIA_FINE_TRACE] service=ts-order-service endpoint=createOrder latency_ms=61
2026-03-18 13:57:38.800  INFO 1 --- [io-12031-exec-1] order.service.OrderServiceImpl           : [PYTHIA_FINE_TRACE] service=ts-order-service stage=service_create latency_ms=361
2026-03-18 13:57:38.800  INFO 1 --- [io-12031-exec-1] order.controller.OrderController         : [PYTHIA_FINE_TRACE] service=ts-order-service endpoint=createOrder latency_ms=361
2026-03-18 13:57:39.113  INFO 1 --- [io-12031-exec-7] order.service.OrderServiceImpl           : [PYTHIA_FINE_TRACE] service=ts-order-service stage=service_create latency_ms=57
2026-03-18 13:57:39.113  INFO 1 --- [io-12031-exec-7] order.controller.OrderController         : [PYTHIA_FINE_TRACE] service=ts-order-service endpoint=createOrder latency_ms=57
2026-03-18 13:57:39.417  INFO 1 --- [io-12031-exec-8] order.service.OrderServiceImpl           : [PYTHIA_FINE_TRACE] service=ts-order-service stage=service_create latency_ms=57
2026-03-18 13:57:39.417  INFO 1 --- [io-12031-exec-8] order.controller.OrderController         : [PYTHIA_FINE_TRACE] service=ts-order-service endpoint=createOrder latency_ms=57
2026-03-18 13:57:39.708  INFO 1 --- [io-12031-exec-2] order.service.OrderServiceImpl           : [PYTHIA_FINE_TRACE] service=ts-order-service stage=service_create latency_ms=54
2026-03-18 13:57:39.709  INFO 1 --- [io-12031-exec-2] order.controller.OrderController         : [PYTHIA_FINE_TRACE] service=ts-order-service endpoint=createOrder latency_ms=55
2026-03-18 13:57:40.188  INFO 1 --- [io-12031-exec-9] order.service.OrderServiceImpl           : [PYTHIA_FINE_TRACE] service=ts-order-service stage=service_create latency_ms=229
2026-03-18 13:57:40.188  INFO 1 --- [io-12031-exec-9] order.controller.OrderController         : [PYTHIA_FINE_TRACE] service=ts-order-service endpoint=createOrder latency_ms=229
2026-03-18 13:57:40.896  INFO 1 --- [o-12031-exec-10] order.service.OrderServiceImpl           : [PYTHIA_FINE_TRACE] service=ts-order-service stage=service_create latency_ms=438
2026-03-18 13:57:40.896  INFO 1 --- [o-12031-exec-10] order.controller.OrderController         : [PYTHIA_FINE_TRACE] service=ts-order-service endpoint=createOrder latency_ms=438
2026-03-18 13:57:41.585  INFO 1 --- [io-12031-exec-4] order.service.OrderServiceImpl           : [PYTHIA_FINE_TRACE] service=ts-order-service stage=service_create latency_ms=426
2026-03-18 13:57:41.585  INFO 1 --- [io-12031-exec-4] order.controller.OrderController         : [PYTHIA_FINE_TRACE] service=ts-order-service endpoint=createOrder latency_ms=426
2026-03-18 13:57:41.988  INFO 1 --- [io-12031-exec-6] order.service.OrderServiceImpl           : [PYTHIA_FINE_TRACE] service=ts-order-service stage=service_create latency_ms=130
2026-03-18 13:57:41.988  INFO 1 --- [io-12031-exec-6] order.controller.OrderController         : [PYTHIA_FINE_TRACE] service=ts-order-service endpoint=createOrder latency_ms=130
2026-03-18 13:57:42.685  INFO 1 --- [io-12031-exec-3] order.service.OrderServiceImpl           : [PYTHIA_FINE_TRACE] service=ts-order-service stage=service_create latency_ms=429
2026-03-18 13:57:42.685  INFO 1 --- [io-12031-exec-3] order.controller.OrderController         : [PYTHIA_FINE_TRACE] service=ts-order-service endpoint=createOrder latency_ms=429
2026-03-18 13:57:43.080  INFO 1 --- [io-12031-exec-1] order.service.OrderServiceImpl           : [PYTHIA_FINE_TRACE] service=ts-order-service stage=service_create latency_ms=122
2026-03-18 13:57:43.080  INFO 1 --- [io-12031-exec-1] order.controller.OrderController         : [PYTHIA_FINE_TRACE] service=ts-order-service endpoint=createOrder latency_ms=122
2026-03-18 13:57:43.879  INFO 1 --- [io-12031-exec-5] order.service.OrderServiceImpl           : [PYTHIA_FINE_TRACE] service=ts-order-service stage=service_create latency_ms=524
2026-03-18 13:57:43.879  INFO 1 --- [io-12031-exec-5] order.controller.OrderController         : [PYTHIA_FINE_TRACE] service=ts-order-service endpoint=createOrder latency_ms=524
2026-03-18 13:57:44.580  INFO 1 --- [io-12031-exec-7] order.service.OrderServiceImpl           : [PYTHIA_FINE_TRACE] service=ts-order-service stage=service_create latency_ms=423
2026-03-18 13:57:44.580  INFO 1 --- [io-12031-exec-7] order.controller.OrderController         : [PYTHIA_FINE_TRACE] service=ts-order-service endpoint=createOrder latency_ms=423
2026-03-18 13:57:44.982  INFO 1 --- [io-12031-exec-8] order.service.OrderServiceImpl           : [PYTHIA_FINE_TRACE] service=ts-order-service stage=service_create latency_ms=124
2026-03-18 13:57:44.982  INFO 1 --- [io-12031-exec-8] order.controller.OrderController         : [PYTHIA_FINE_TRACE] service=ts-order-service endpoint=createOrder latency_ms=124
2026-03-18 13:57:45.685  INFO 1 --- [io-12031-exec-2] order.service.OrderServiceImpl           : [PYTHIA_FINE_TRACE] service=ts-order-service stage=service_create latency_ms=427
2026-03-18 13:57:45.685  INFO 1 --- [io-12031-exec-2] order.controller.OrderController         : [PYTHIA_FINE_TRACE] service=ts-order-service endpoint=createOrder latency_ms=427
2026-03-18 13:57:46.387  INFO 1 --- [io-12031-exec-9] order.service.OrderServiceImpl           : [PYTHIA_FINE_TRACE] service=ts-order-service stage=service_create latency_ms=429
2026-03-18 13:57:46.387  INFO 1 --- [io-12031-exec-9] order.controller.OrderController         : [PYTHIA_FINE_TRACE] service=ts-order-service endpoint=createOrder latency_ms=429
2026-03-18 13:57:46.867  INFO 1 --- [o-12031-exec-10] order.service.OrderServiceImpl           : [PYTHIA_FINE_TRACE] service=ts-order-service stage=service_create latency_ms=208
2026-03-18 13:57:46.867  INFO 1 --- [o-12031-exec-10] order.controller.OrderController         : [PYTHIA_FINE_TRACE] service=ts-order-service endpoint=createOrder latency_ms=208
2026-03-18 13:57:47.594  INFO 1 --- [io-12031-exec-4] order.service.OrderServiceImpl           : [PYTHIA_FINE_TRACE] service=ts-order-service stage=service_create latency_ms=452
2026-03-18 13:57:47.594  INFO 1 --- [io-12031-exec-4] order.controller.OrderController         : [PYTHIA_FINE_TRACE] service=ts-order-service endpoint=createOrder latency_ms=452
2026-03-18 13:57:48.278  INFO 1 --- [io-12031-exec-6] order.service.OrderServiceImpl           : [PYTHIA_FINE_TRACE] service=ts-order-service stage=service_create latency_ms=424
2026-03-18 13:57:48.278  INFO 1 --- [io-12031-exec-6] order.controller.OrderController         : [PYTHIA_FINE_TRACE] service=ts-order-service endpoint=createOrder latency_ms=424
2026-03-18 13:57:48.986  INFO 1 --- [io-12031-exec-3] order.service.OrderServiceImpl           : [PYTHIA_FINE_TRACE] service=ts-order-service stage=service_create latency_ms=424
2026-03-18 13:57:48.986  INFO 1 --- [io-12031-exec-3] order.controller.OrderController         : [PYTHIA_FINE_TRACE] service=ts-order-service endpoint=createOrder latency_ms=425
2026-03-18 13:57:49.375  INFO 1 --- [io-12031-exec-5] order.service.OrderServiceImpl           : [PYTHIA_FINE_TRACE] service=ts-order-service stage=service_create latency_ms=120
2026-03-18 13:57:49.375  INFO 1 --- [io-12031-exec-5] order.controller.OrderController         : [PYTHIA_FINE_TRACE] service=ts-order-service endpoint=createOrder latency_ms=120
2026-03-18 13:57:49.718  INFO 1 --- [io-12031-exec-7] order.service.OrderServiceImpl           : [PYTHIA_FINE_TRACE] service=ts-order-service stage=service_create latency_ms=68
2026-03-18 13:57:49.718  INFO 1 --- [io-12031-exec-7] order.controller.OrderController         : [PYTHIA_FINE_TRACE] service=ts-order-service endpoint=createOrder latency_ms=68
2026-03-18 13:57:50.081  INFO 1 --- [io-12031-exec-8] order.service.OrderServiceImpl           : [PYTHIA_FINE_TRACE] service=ts-order-service stage=service_create latency_ms=123
2026-03-18 13:57:50.081  INFO 1 --- [io-12031-exec-8] order.controller.OrderController         : [PYTHIA_FINE_TRACE] service=ts-order-service endpoint=createOrder latency_ms=123
2026-03-18 13:57:50.478  INFO 1 --- [io-12031-exec-2] order.service.OrderServiceImpl           : [PYTHIA_FINE_TRACE] service=ts-order-service stage=service_create latency_ms=123
2026-03-18 13:57:50.478  INFO 1 --- [io-12031-exec-2] order.controller.OrderController         : [PYTHIA_FINE_TRACE] service=ts-order-service endpoint=createOrder latency_ms=123
2026-03-18 13:57:50.879  INFO 1 --- [io-12031-exec-9] order.service.OrderServiceImpl           : [PYTHIA_FINE_TRACE] service=ts-order-service stage=service_create latency_ms=129
2026-03-18 13:57:50.879  INFO 1 --- [io-12031-exec-9] order.controller.OrderController         : [PYTHIA_FINE_TRACE] service=ts-order-service endpoint=createOrder latency_ms=129
2026-03-18 13:57:51.225  INFO 1 --- [o-12031-exec-10] order.service.OrderServiceImpl           : [PYTHIA_FINE_TRACE] service=ts-order-service stage=service_create latency_ms=68
2026-03-18 13:57:51.225  INFO 1 --- [o-12031-exec-10] order.controller.OrderController         : [PYTHIA_FINE_TRACE] service=ts-order-service endpoint=createOrder latency_ms=68
2026-03-18 13:57:51.567  INFO 1 --- [io-12031-exec-4] order.service.OrderServiceImpl           : [PYTHIA_FINE_TRACE] service=ts-order-service stage=service_create latency_ms=110
2026-03-18 13:57:51.567  INFO 1 --- [io-12031-exec-4] order.controller.OrderController         : [PYTHIA_FINE_TRACE] service=ts-order-service endpoint=createOrder latency_ms=110
2026-03-18 13:57:51.893  INFO 1 --- [io-12031-exec-6] order.service.OrderServiceImpl           : [PYTHIA_FINE_TRACE] service=ts-order-service stage=service_create latency_ms=109
2026-03-18 13:57:51.893  INFO 1 --- [io-12031-exec-6] order.controller.OrderController         : [PYTHIA_FINE_TRACE] service=ts-order-service endpoint=createOrder latency_ms=109
2026-03-18 13:57:52.279  INFO 1 --- [io-12031-exec-1] order.service.OrderServiceImpl           : [PYTHIA_FINE_TRACE] service=ts-order-service stage=service_create latency_ms=122
2026-03-18 13:57:52.279  INFO 1 --- [io-12031-exec-1] order.controller.OrderController         : [PYTHIA_FINE_TRACE] service=ts-order-service endpoint=createOrder latency_ms=122
2026-03-18 13:57:52.609  INFO 1 --- [io-12031-exec-3] order.service.OrderServiceImpl           : [PYTHIA_FINE_TRACE] service=ts-order-service stage=service_create latency_ms=62
2026-03-18 13:57:52.609  INFO 1 --- [io-12031-exec-3] order.controller.OrderController         : [PYTHIA_FINE_TRACE] service=ts-order-service endpoint=createOrder latency_ms=62
2026-03-18 13:57:52.915  INFO 1 --- [io-12031-exec-5] order.service.OrderServiceImpl           : [PYTHIA_FINE_TRACE] service=ts-order-service stage=service_create latency_ms=62
2026-03-18 13:57:52.915  INFO 1 --- [io-12031-exec-5] order.controller.OrderController         : [PYTHIA_FINE_TRACE] service=ts-order-service endpoint=createOrder latency_ms=62
2026-03-18 13:57:53.294  INFO 1 --- [io-12031-exec-7] order.service.OrderServiceImpl           : [PYTHIA_FINE_TRACE] service=ts-order-service stage=service_create latency_ms=133
2026-03-18 13:57:53.294  INFO 1 --- [io-12031-exec-7] order.controller.OrderController         : [PYTHIA_FINE_TRACE] service=ts-order-service endpoint=createOrder latency_ms=133
2026-03-18 13:57:53.919  INFO 1 --- [io-12031-exec-8] order.service.OrderServiceImpl           : [PYTHIA_FINE_TRACE] service=ts-order-service stage=service_create latency_ms=365
2026-03-18 13:57:53.919  INFO 1 --- [io-12031-exec-8] order.controller.OrderController         : [PYTHIA_FINE_TRACE] service=ts-order-service endpoint=createOrder latency_ms=365
2026-03-18 13:57:54.273  INFO 1 --- [io-12031-exec-2] order.service.OrderServiceImpl           : [PYTHIA_FINE_TRACE] service=ts-order-service stage=service_create latency_ms=112
2026-03-18 13:57:54.273  INFO 1 --- [io-12031-exec-2] order.controller.OrderController         : [PYTHIA_FINE_TRACE] service=ts-order-service endpoint=createOrder latency_ms=112
2026-03-18 13:57:54.609  INFO 1 --- [io-12031-exec-9] order.service.OrderServiceImpl           : [PYTHIA_FINE_TRACE] service=ts-order-service stage=service_create latency_ms=59
2026-03-18 13:57:54.609  INFO 1 --- [io-12031-exec-9] order.controller.OrderController         : [PYTHIA_FINE_TRACE] service=ts-order-service endpoint=createOrder latency_ms=59
2026-03-18 13:57:54.915  INFO 1 --- [o-12031-exec-10] order.service.OrderServiceImpl           : [PYTHIA_FINE_TRACE] service=ts-order-service stage=service_create latency_ms=61
2026-03-18 13:57:54.915  INFO 1 --- [o-12031-exec-10] order.controller.OrderController         : [PYTHIA_FINE_TRACE] service=ts-order-service endpoint=createOrder latency_ms=61
2026-03-18 13:57:55.211  INFO 1 --- [io-12031-exec-4] order.service.OrderServiceImpl           : [PYTHIA_FINE_TRACE] service=ts-order-service stage=service_create latency_ms=58
2026-03-18 13:57:55.211  INFO 1 --- [io-12031-exec-4] order.controller.OrderController         : [PYTHIA_FINE_TRACE] service=ts-order-service endpoint=createOrder latency_ms=58
2026-03-18 13:57:55.517  INFO 1 --- [io-12031-exec-6] order.service.OrderServiceImpl           : [PYTHIA_FINE_TRACE] service=ts-order-service stage=service_create latency_ms=63
2026-03-18 13:57:55.518  INFO 1 --- [io-12031-exec-6] order.controller.OrderController         : [PYTHIA_FINE_TRACE] service=ts-order-service endpoint=createOrder latency_ms=64
2026-03-18 13:57:56.117  INFO 1 --- [io-12031-exec-1] order.service.OrderServiceImpl           : [PYTHIA_FINE_TRACE] service=ts-order-service stage=service_create latency_ms=359
2026-03-18 13:57:56.117  INFO 1 --- [io-12031-exec-1] order.controller.OrderController         : [PYTHIA_FINE_TRACE] service=ts-order-service endpoint=createOrder latency_ms=359
2026-03-18 13:57:56.495  INFO 1 --- [io-12031-exec-3] order.service.OrderServiceImpl           : [PYTHIA_FINE_TRACE] service=ts-order-service stage=service_create latency_ms=58
2026-03-18 13:57:56.495  INFO 1 --- [io-12031-exec-3] order.controller.OrderController         : [PYTHIA_FINE_TRACE] service=ts-order-service endpoint=createOrder latency_ms=58
2026-03-18 13:57:57.108  INFO 1 --- [io-12031-exec-5] order.service.OrderServiceImpl           : [PYTHIA_FINE_TRACE] service=ts-order-service stage=service_create latency_ms=358
2026-03-18 13:57:57.108  INFO 1 --- [io-12031-exec-5] order.controller.OrderController         : [PYTHIA_FINE_TRACE] service=ts-order-service endpoint=createOrder latency_ms=358
2026-03-18 13:57:57.412  INFO 1 --- [io-12031-exec-7] order.service.OrderServiceImpl           : [PYTHIA_FINE_TRACE] service=ts-order-service stage=service_create latency_ms=55
2026-03-18 13:57:57.412  INFO 1 --- [io-12031-exec-7] order.controller.OrderController         : [PYTHIA_FINE_TRACE] service=ts-order-service endpoint=createOrder latency_ms=55
2026-03-18 13:57:57.722  INFO 1 --- [io-12031-exec-8] order.service.OrderServiceImpl           : [PYTHIA_FINE_TRACE] service=ts-order-service stage=service_create latency_ms=62
2026-03-18 13:57:57.722  INFO 1 --- [io-12031-exec-8] order.controller.OrderController         : [PYTHIA_FINE_TRACE] service=ts-order-service endpoint=createOrder latency_ms=62
2026-03-18 13:57:58.080  INFO 1 --- [io-12031-exec-2] order.service.OrderServiceImpl           : [PYTHIA_FINE_TRACE] service=ts-order-service stage=service_create latency_ms=115
2026-03-18 13:57:58.080  INFO 1 --- [io-12031-exec-2] order.controller.OrderController         : [PYTHIA_FINE_TRACE] service=ts-order-service endpoint=createOrder latency_ms=115
2026-03-18 13:57:58.777  INFO 1 --- [io-12031-exec-9] order.service.OrderServiceImpl           : [PYTHIA_FINE_TRACE] service=ts-order-service stage=service_create latency_ms=430
2026-03-18 13:57:58.777  INFO 1 --- [io-12031-exec-9] order.controller.OrderController         : [PYTHIA_FINE_TRACE] service=ts-order-service endpoint=createOrder latency_ms=430
2026-03-18 13:57:59.120  INFO 1 --- [io-12031-exec-4] order.service.OrderServiceImpl           : [PYTHIA_FINE_TRACE] service=ts-order-service stage=service_create latency_ms=71
2026-03-18 13:57:59.120  INFO 1 --- [io-12031-exec-4] order.controller.OrderController         : [PYTHIA_FINE_TRACE] service=ts-order-service endpoint=createOrder latency_ms=71
2026-03-18 13:57:59.485  INFO 1 --- [io-12031-exec-6] order.service.OrderServiceImpl           : [PYTHIA_FINE_TRACE] service=ts-order-service stage=service_create latency_ms=123
2026-03-18 13:57:59.485  INFO 1 --- [io-12031-exec-6] order.controller.OrderController         : [PYTHIA_FINE_TRACE] service=ts-order-service endpoint=createOrder latency_ms=123
2026-03-18 13:58:00.598  INFO 1 --- [io-12031-exec-1] order.service.OrderServiceImpl           : [PYTHIA_FINE_TRACE] service=ts-order-service stage=service_create latency_ms=837
2026-03-18 13:58:00.598  INFO 1 --- [io-12031-exec-1] order.controller.OrderController         : [PYTHIA_FINE_TRACE] service=ts-order-service endpoint=createOrder latency_ms=838
2026-03-18 13:58:00.988  INFO 1 --- [io-12031-exec-3] order.service.OrderServiceImpl           : [PYTHIA_FINE_TRACE] service=ts-order-service stage=service_create latency_ms=132
2026-03-18 13:58:00.988  INFO 1 --- [io-12031-exec-3] order.controller.OrderController         : [PYTHIA_FINE_TRACE] service=ts-order-service endpoint=createOrder latency_ms=132
2026-03-18 13:58:01.386  INFO 1 --- [io-12031-exec-5] order.service.OrderServiceImpl           : [PYTHIA_FINE_TRACE] service=ts-order-service stage=service_create latency_ms=131
2026-03-18 13:58:01.386  INFO 1 --- [io-12031-exec-5] order.controller.OrderController         : [PYTHIA_FINE_TRACE] service=ts-order-service endpoint=createOrder latency_ms=131
2026-03-18 13:58:01.774  INFO 1 --- [io-12031-exec-7] order.service.OrderServiceImpl           : [PYTHIA_FINE_TRACE] service=ts-order-service stage=service_create latency_ms=119
2026-03-18 13:58:01.774  INFO 1 --- [io-12031-exec-7] order.controller.OrderController         : [PYTHIA_FINE_TRACE] service=ts-order-service endpoint=createOrder latency_ms=119
2026-03-18 13:58:02.116  INFO 1 --- [io-12031-exec-8] order.service.OrderServiceImpl           : [PYTHIA_FINE_TRACE] service=ts-order-service stage=service_create latency_ms=72
2026-03-18 13:58:02.116  INFO 1 --- [io-12031-exec-8] order.controller.OrderController         : [PYTHIA_FINE_TRACE] service=ts-order-service endpoint=createOrder latency_ms=72
2026-03-18 13:58:02.478  INFO 1 --- [io-12031-exec-2] order.service.OrderServiceImpl           : [PYTHIA_FINE_TRACE] service=ts-order-service stage=service_create latency_ms=119
2026-03-18 13:58:02.478  INFO 1 --- [io-12031-exec-2] order.controller.OrderController         : [PYTHIA_FINE_TRACE] service=ts-order-service endpoint=createOrder latency_ms=119
2026-03-18 13:58:03.113  INFO 1 --- [io-12031-exec-9] order.service.OrderServiceImpl           : [PYTHIA_FINE_TRACE] service=ts-order-service stage=service_create latency_ms=368
2026-03-18 13:58:03.113  INFO 1 --- [io-12031-exec-9] order.controller.OrderController         : [PYTHIA_FINE_TRACE] service=ts-order-service endpoint=createOrder latency_ms=368
2026-03-18 13:58:03.472  INFO 1 --- [o-12031-exec-10] order.service.OrderServiceImpl           : [PYTHIA_FINE_TRACE] service=ts-order-service stage=service_create latency_ms=117
2026-03-18 13:58:03.472  INFO 1 --- [o-12031-exec-10] order.controller.OrderController         : [PYTHIA_FINE_TRACE] service=ts-order-service endpoint=createOrder latency_ms=117
2026-03-18 13:58:03.817  INFO 1 --- [io-12031-exec-4] order.service.OrderServiceImpl           : [PYTHIA_FINE_TRACE] service=ts-order-service stage=service_create latency_ms=71
2026-03-18 13:58:03.817  INFO 1 --- [io-12031-exec-4] order.controller.OrderController         : [PYTHIA_FINE_TRACE] service=ts-order-service endpoint=createOrder latency_ms=71
2026-03-18 13:58:04.418  INFO 1 --- [io-12031-exec-6] order.service.OrderServiceImpl           : [PYTHIA_FINE_TRACE] service=ts-order-service stage=service_create latency_ms=366
2026-03-18 13:58:04.418  INFO 1 --- [io-12031-exec-6] order.controller.OrderController         : [PYTHIA_FINE_TRACE] service=ts-order-service endpoint=createOrder latency_ms=366
2026-03-18 13:58:05.023  INFO 1 --- [io-12031-exec-1] order.service.OrderServiceImpl           : [PYTHIA_FINE_TRACE] service=ts-order-service stage=service_create latency_ms=367
2026-03-18 13:58:05.023  INFO 1 --- [io-12031-exec-1] order.controller.OrderController         : [PYTHIA_FINE_TRACE] service=ts-order-service endpoint=createOrder latency_ms=367
2026-03-18 13:58:05.367  INFO 1 --- [io-12031-exec-3] order.service.OrderServiceImpl           : [PYTHIA_FINE_TRACE] service=ts-order-service stage=service_create latency_ms=110
2026-03-18 13:58:05.367  INFO 1 --- [io-12031-exec-3] order.controller.OrderController         : [PYTHIA_FINE_TRACE] service=ts-order-service endpoint=createOrder latency_ms=110
2026-03-18 13:58:05.704  INFO 1 --- [io-12031-exec-5] order.service.OrderServiceImpl           : [PYTHIA_FINE_TRACE] service=ts-order-service stage=service_create latency_ms=68
2026-03-18 13:58:05.704  INFO 1 --- [io-12031-exec-5] order.controller.OrderController         : [PYTHIA_FINE_TRACE] service=ts-order-service endpoint=createOrder latency_ms=69
2026-03-18 13:58:06.377  INFO 1 --- [io-12031-exec-7] order.service.OrderServiceImpl           : [PYTHIA_FINE_TRACE] service=ts-order-service stage=service_create latency_ms=415
2026-03-18 13:58:06.377  INFO 1 --- [io-12031-exec-7] order.controller.OrderController         : [PYTHIA_FINE_TRACE] service=ts-order-service endpoint=createOrder latency_ms=415
2026-03-18 13:58:07.016  INFO 1 --- [io-12031-exec-8] order.service.OrderServiceImpl           : [PYTHIA_FINE_TRACE] service=ts-order-service stage=service_create latency_ms=367
2026-03-18 13:58:07.016  INFO 1 --- [io-12031-exec-8] order.controller.OrderController         : [PYTHIA_FINE_TRACE] service=ts-order-service endpoint=createOrder latency_ms=367
2026-03-18 13:58:07.382  INFO 1 --- [io-12031-exec-2] order.service.OrderServiceImpl           : [PYTHIA_FINE_TRACE] service=ts-order-service stage=service_create latency_ms=122
2026-03-18 13:58:07.382  INFO 1 --- [io-12031-exec-2] order.controller.OrderController         : [PYTHIA_FINE_TRACE] service=ts-order-service endpoint=createOrder latency_ms=122
2026-03-18 13:58:07.712  INFO 1 --- [io-12031-exec-9] order.service.OrderServiceImpl           : [PYTHIA_FINE_TRACE] service=ts-order-service stage=service_create latency_ms=61
2026-03-18 13:58:07.712  INFO 1 --- [io-12031-exec-9] order.controller.OrderController         : [PYTHIA_FINE_TRACE] service=ts-order-service endpoint=createOrder latency_ms=61
2026-03-18 13:58:08.067  INFO 1 --- [o-12031-exec-10] order.service.OrderServiceImpl           : [PYTHIA_FINE_TRACE] service=ts-order-service stage=service_create latency_ms=109
2026-03-18 13:58:08.067  INFO 1 --- [o-12031-exec-10] order.controller.OrderController         : [PYTHIA_FINE_TRACE] service=ts-order-service endpoint=createOrder latency_ms=109
2026-03-18 13:58:08.410  INFO 1 --- [io-12031-exec-4] order.service.OrderServiceImpl           : [PYTHIA_FINE_TRACE] service=ts-order-service stage=service_create latency_ms=67
2026-03-18 13:58:08.410  INFO 1 --- [io-12031-exec-4] order.controller.OrderController         : [PYTHIA_FINE_TRACE] service=ts-order-service endpoint=createOrder latency_ms=67
2026-03-18 13:58:08.767  INFO 1 --- [io-12031-exec-6] order.service.OrderServiceImpl           : [PYTHIA_FINE_TRACE] service=ts-order-service stage=service_create latency_ms=108
2026-03-18 13:58:08.767  INFO 1 --- [io-12031-exec-6] order.controller.OrderController         : [PYTHIA_FINE_TRACE] service=ts-order-service endpoint=createOrder latency_ms=108
2026-03-18 13:58:09.089  INFO 1 --- [io-12031-exec-3] order.service.OrderServiceImpl           : [PYTHIA_FINE_TRACE] service=ts-order-service stage=service_create latency_ms=58
2026-03-18 13:58:09.089  INFO 1 --- [io-12031-exec-3] order.controller.OrderController         : [PYTHIA_FINE_TRACE] service=ts-order-service endpoint=createOrder latency_ms=58
2026-03-18 13:58:09.467  INFO 1 --- [io-12031-exec-5] order.service.OrderServiceImpl           : [PYTHIA_FINE_TRACE] service=ts-order-service stage=service_create latency_ms=111
2026-03-18 13:58:09.467  INFO 1 --- [io-12031-exec-5] order.controller.OrderController         : [PYTHIA_FINE_TRACE] service=ts-order-service endpoint=createOrder latency_ms=111
2026-03-18 13:58:09.794  INFO 1 --- [io-12031-exec-7] order.service.OrderServiceImpl           : [PYTHIA_FINE_TRACE] service=ts-order-service stage=service_create latency_ms=61
2026-03-18 13:58:09.794  INFO 1 --- [io-12031-exec-7] order.controller.OrderController         : [PYTHIA_FINE_TRACE] service=ts-order-service endpoint=createOrder latency_ms=61
2026-03-18 13:58:10.422  INFO 1 --- [io-12031-exec-8] order.service.OrderServiceImpl           : [PYTHIA_FINE_TRACE] service=ts-order-service stage=service_create latency_ms=362
2026-03-18 13:58:10.422  INFO 1 --- [io-12031-exec-8] order.controller.OrderController         : [PYTHIA_FINE_TRACE] service=ts-order-service endpoint=createOrder latency_ms=362
2026-03-18 13:58:11.019  INFO 1 --- [io-12031-exec-2] order.service.OrderServiceImpl           : [PYTHIA_FINE_TRACE] service=ts-order-service stage=service_create latency_ms=358
2026-03-18 13:58:11.019  INFO 1 --- [io-12031-exec-2] order.controller.OrderController         : [PYTHIA_FINE_TRACE] service=ts-order-service endpoint=createOrder latency_ms=358
2026-03-18 13:58:11.313  INFO 1 --- [io-12031-exec-9] order.service.OrderServiceImpl           : [PYTHIA_FINE_TRACE] service=ts-order-service stage=service_create latency_ms=57
2026-03-18 13:58:11.313  INFO 1 --- [io-12031-exec-9] order.controller.OrderController         : [PYTHIA_FINE_TRACE] service=ts-order-service endpoint=createOrder latency_ms=57
2026-03-18 13:58:12.013  INFO 1 --- [o-12031-exec-10] order.service.OrderServiceImpl           : [PYTHIA_FINE_TRACE] service=ts-order-service stage=service_create latency_ms=77
2026-03-18 13:58:12.013  INFO 1 --- [o-12031-exec-10] order.controller.OrderController         : [PYTHIA_FINE_TRACE] service=ts-order-service endpoint=createOrder latency_ms=77
2026-03-18 13:58:12.883  INFO 1 --- [io-12031-exec-4] order.service.OrderServiceImpl           : [PYTHIA_FINE_TRACE] service=ts-order-service stage=service_create latency_ms=428
2026-03-18 13:58:12.883  INFO 1 --- [io-12031-exec-4] order.controller.OrderController         : [PYTHIA_FINE_TRACE] service=ts-order-service endpoint=createOrder latency_ms=428
2026-03-18 13:58:13.592  INFO 1 --- [io-12031-exec-6] order.service.OrderServiceImpl           : [PYTHIA_FINE_TRACE] service=ts-order-service stage=service_create latency_ms=423
2026-03-18 13:58:13.592  INFO 1 --- [io-12031-exec-6] order.controller.OrderController         : [PYTHIA_FINE_TRACE] service=ts-order-service endpoint=createOrder latency_ms=423
2026-03-18 13:58:13.978  INFO 1 --- [io-12031-exec-1] order.service.OrderServiceImpl           : [PYTHIA_FINE_TRACE] service=ts-order-service stage=service_create latency_ms=125
2026-03-18 13:58:13.978  INFO 1 --- [io-12031-exec-1] order.controller.OrderController         : [PYTHIA_FINE_TRACE] service=ts-order-service endpoint=createOrder latency_ms=125
2026-03-18 13:58:14.796  INFO 1 --- [io-12031-exec-3] order.service.OrderServiceImpl           : [PYTHIA_FINE_TRACE] service=ts-order-service stage=service_create latency_ms=539
2026-03-18 13:58:14.796  INFO 1 --- [io-12031-exec-3] order.controller.OrderController         : [PYTHIA_FINE_TRACE] service=ts-order-service endpoint=createOrder latency_ms=539
2026-03-18 13:58:15.182  INFO 1 --- [io-12031-exec-5] order.service.OrderServiceImpl           : [PYTHIA_FINE_TRACE] service=ts-order-service stage=service_create latency_ms=124
2026-03-18 13:58:15.182  INFO 1 --- [io-12031-exec-5] order.controller.OrderController         : [PYTHIA_FINE_TRACE] service=ts-order-service endpoint=createOrder latency_ms=124
2026-03-18 13:58:15.589  INFO 1 --- [io-12031-exec-7] order.service.OrderServiceImpl           : [PYTHIA_FINE_TRACE] service=ts-order-service stage=service_create latency_ms=129
2026-03-18 13:58:15.589  INFO 1 --- [io-12031-exec-7] order.controller.OrderController         : [PYTHIA_FINE_TRACE] service=ts-order-service endpoint=createOrder latency_ms=129
2026-03-18 13:58:16.284  INFO 1 --- [io-12031-exec-8] order.service.OrderServiceImpl           : [PYTHIA_FINE_TRACE] service=ts-order-service stage=service_create latency_ms=428
2026-03-18 13:58:16.284  INFO 1 --- [io-12031-exec-8] order.controller.OrderController         : [PYTHIA_FINE_TRACE] service=ts-order-service endpoint=createOrder latency_ms=428
2026-03-18 13:58:16.979  INFO 1 --- [io-12031-exec-2] order.service.OrderServiceImpl           : [PYTHIA_FINE_TRACE] service=ts-order-service stage=service_create latency_ms=419
2026-03-18 13:58:16.979  INFO 1 --- [io-12031-exec-2] order.controller.OrderController         : [PYTHIA_FINE_TRACE] service=ts-order-service endpoint=createOrder latency_ms=419
2026-03-18 13:58:17.373  INFO 1 --- [io-12031-exec-9] order.service.OrderServiceImpl           : [PYTHIA_FINE_TRACE] service=ts-order-service stage=service_create latency_ms=123
2026-03-18 13:58:17.373  INFO 1 --- [io-12031-exec-9] order.controller.OrderController         : [PYTHIA_FINE_TRACE] service=ts-order-service endpoint=createOrder latency_ms=123
2026-03-18 13:58:17.709  INFO 1 --- [o-12031-exec-10] order.service.OrderServiceImpl           : [PYTHIA_FINE_TRACE] service=ts-order-service stage=service_create latency_ms=67
2026-03-18 13:58:17.709  INFO 1 --- [o-12031-exec-10] order.controller.OrderController         : [PYTHIA_FINE_TRACE] service=ts-order-service endpoint=createOrder latency_ms=67
2026-03-18 13:58:18.079  INFO 1 --- [io-12031-exec-4] order.service.OrderServiceImpl           : [PYTHIA_FINE_TRACE] service=ts-order-service stage=service_create latency_ms=123
2026-03-18 13:58:18.079  INFO 1 --- [io-12031-exec-4] order.controller.OrderController         : [PYTHIA_FINE_TRACE] service=ts-order-service endpoint=createOrder latency_ms=123
2026-03-18 13:58:18.467  INFO 1 --- [io-12031-exec-6] order.service.OrderServiceImpl           : [PYTHIA_FINE_TRACE] service=ts-order-service stage=service_create latency_ms=109
2026-03-18 13:58:18.467  INFO 1 --- [io-12031-exec-6] order.controller.OrderController         : [PYTHIA_FINE_TRACE] service=ts-order-service endpoint=createOrder latency_ms=109
2026-03-18 13:58:18.814  INFO 1 --- [io-12031-exec-1] order.service.OrderServiceImpl           : [PYTHIA_FINE_TRACE] service=ts-order-service stage=service_create latency_ms=67
2026-03-18 13:58:18.814  INFO 1 --- [io-12031-exec-1] order.controller.OrderController         : [PYTHIA_FINE_TRACE] service=ts-order-service endpoint=createOrder latency_ms=67
2026-03-18 13:58:19.427  INFO 1 --- [io-12031-exec-5] order.service.OrderServiceImpl           : [PYTHIA_FINE_TRACE] service=ts-order-service stage=service_create latency_ms=371
2026-03-18 13:58:19.427  INFO 1 --- [io-12031-exec-5] order.controller.OrderController         : [PYTHIA_FINE_TRACE] service=ts-order-service endpoint=createOrder latency_ms=371
2026-03-18 13:58:20.067  INFO 1 --- [io-12031-exec-7] order.service.OrderServiceImpl           : [PYTHIA_FINE_TRACE] service=ts-order-service stage=service_create latency_ms=415
2026-03-18 13:58:20.067  INFO 1 --- [io-12031-exec-7] order.controller.OrderController         : [PYTHIA_FINE_TRACE] service=ts-order-service endpoint=createOrder latency_ms=415
2026-03-18 13:58:20.414  INFO 1 --- [io-12031-exec-8] order.service.OrderServiceImpl           : [PYTHIA_FINE_TRACE] service=ts-order-service stage=service_create latency_ms=67
2026-03-18 13:58:20.414  INFO 1 --- [io-12031-exec-8] order.controller.OrderController         : [PYTHIA_FINE_TRACE] service=ts-order-service endpoint=createOrder latency_ms=67
2026-03-18 13:58:20.720  INFO 1 --- [io-12031-exec-2] order.service.OrderServiceImpl           : [PYTHIA_FINE_TRACE] service=ts-order-service stage=service_create latency_ms=63
2026-03-18 13:58:20.720  INFO 1 --- [io-12031-exec-2] order.controller.OrderController         : [PYTHIA_FINE_TRACE] service=ts-order-service endpoint=createOrder latency_ms=63
2026-03-18 13:58:21.374  INFO 1 --- [io-12031-exec-9] order.service.OrderServiceImpl           : [PYTHIA_FINE_TRACE] service=ts-order-service stage=service_create latency_ms=419
2026-03-18 13:58:21.374  INFO 1 --- [io-12031-exec-9] order.controller.OrderController         : [PYTHIA_FINE_TRACE] service=ts-order-service endpoint=createOrder latency_ms=419
2026-03-18 13:58:21.714  INFO 1 --- [o-12031-exec-10] order.service.OrderServiceImpl           : [PYTHIA_FINE_TRACE] service=ts-order-service stage=service_create latency_ms=60
2026-03-18 13:58:21.715  INFO 1 --- [o-12031-exec-10] order.controller.OrderController         : [PYTHIA_FINE_TRACE] service=ts-order-service endpoint=createOrder latency_ms=61
2026-03-18 13:58:22.082  INFO 1 --- [io-12031-exec-4] order.service.OrderServiceImpl           : [PYTHIA_FINE_TRACE] service=ts-order-service stage=service_create latency_ms=122
2026-03-18 13:58:22.082  INFO 1 --- [io-12031-exec-4] order.controller.OrderController         : [PYTHIA_FINE_TRACE] service=ts-order-service endpoint=createOrder latency_ms=122
2026-03-18 13:58:22.467  INFO 1 --- [io-12031-exec-6] order.service.OrderServiceImpl           : [PYTHIA_FINE_TRACE] service=ts-order-service stage=service_create latency_ms=110
2026-03-18 13:58:22.467  INFO 1 --- [io-12031-exec-6] order.controller.OrderController         : [PYTHIA_FINE_TRACE] service=ts-order-service endpoint=createOrder latency_ms=110
2026-03-18 13:58:23.097  INFO 1 --- [io-12031-exec-1] order.service.OrderServiceImpl           : [PYTHIA_FINE_TRACE] service=ts-order-service stage=service_create latency_ms=359
2026-03-18 13:58:23.097  INFO 1 --- [io-12031-exec-1] order.controller.OrderController         : [PYTHIA_FINE_TRACE] service=ts-order-service endpoint=createOrder latency_ms=359
2026-03-18 13:58:23.767  INFO 1 --- [io-12031-exec-3] order.service.OrderServiceImpl           : [PYTHIA_FINE_TRACE] service=ts-order-service stage=service_create latency_ms=405
2026-03-18 13:58:23.767  INFO 1 --- [io-12031-exec-3] order.controller.OrderController         : [PYTHIA_FINE_TRACE] service=ts-order-service endpoint=createOrder latency_ms=405
2026-03-18 13:58:24.397  INFO 1 --- [io-12031-exec-5] order.service.OrderServiceImpl           : [PYTHIA_FINE_TRACE] service=ts-order-service stage=service_create latency_ms=357
2026-03-18 13:58:24.397  INFO 1 --- [io-12031-exec-5] order.controller.OrderController         : [PYTHIA_FINE_TRACE] service=ts-order-service endpoint=createOrder latency_ms=357
2026-03-18 13:58:25.014  INFO 1 --- [io-12031-exec-7] order.service.OrderServiceImpl           : [PYTHIA_FINE_TRACE] service=ts-order-service stage=service_create latency_ms=361
2026-03-18 13:58:25.014  INFO 1 --- [io-12031-exec-7] order.controller.OrderController         : [PYTHIA_FINE_TRACE] service=ts-order-service endpoint=createOrder latency_ms=361
2026-03-18 13:58:25.315  INFO 1 --- [io-12031-exec-8] order.service.OrderServiceImpl           : [PYTHIA_FINE_TRACE] service=ts-order-service stage=service_create latency_ms=59
2026-03-18 13:58:25.315  INFO 1 --- [io-12031-exec-8] order.controller.OrderController         : [PYTHIA_FINE_TRACE] service=ts-order-service endpoint=createOrder latency_ms=59
2026-03-18 13:58:25.674  INFO 1 --- [io-12031-exec-2] order.service.OrderServiceImpl           : [PYTHIA_FINE_TRACE] service=ts-order-service stage=service_create latency_ms=118
2026-03-18 13:58:25.674  INFO 1 --- [io-12031-exec-2] order.controller.OrderController         : [PYTHIA_FINE_TRACE] service=ts-order-service endpoint=createOrder latency_ms=118
2026-03-18 13:58:26.021  INFO 1 --- [io-12031-exec-9] order.service.OrderServiceImpl           : [PYTHIA_FINE_TRACE] service=ts-order-service stage=service_create latency_ms=86
2026-03-18 13:58:26.021  INFO 1 --- [io-12031-exec-9] order.controller.OrderController         : [PYTHIA_FINE_TRACE] service=ts-order-service endpoint=createOrder latency_ms=86
2026-03-18 13:58:26.712  INFO 1 --- [o-12031-exec-10] order.service.OrderServiceImpl           : [PYTHIA_FINE_TRACE] service=ts-order-service stage=service_create latency_ms=377
2026-03-18 13:58:26.712  INFO 1 --- [o-12031-exec-10] order.controller.OrderController         : [PYTHIA_FINE_TRACE] service=ts-order-service endpoint=createOrder latency_ms=378
2026-03-18 13:58:27.389  INFO 1 --- [io-12031-exec-4] order.service.OrderServiceImpl           : [PYTHIA_FINE_TRACE] service=ts-order-service stage=service_create latency_ms=434
2026-03-18 13:58:27.389  INFO 1 --- [io-12031-exec-4] order.controller.OrderController         : [PYTHIA_FINE_TRACE] service=ts-order-service endpoint=createOrder latency_ms=434
2026-03-18 13:58:27.788  INFO 1 --- [io-12031-exec-6] order.service.OrderServiceImpl           : [PYTHIA_FINE_TRACE] service=ts-order-service stage=service_create latency_ms=132
2026-03-18 13:58:27.788  INFO 1 --- [io-12031-exec-6] order.controller.OrderController         : [PYTHIA_FINE_TRACE] service=ts-order-service endpoint=createOrder latency_ms=132
2026-03-18 13:58:28.184  INFO 1 --- [io-12031-exec-1] order.service.OrderServiceImpl           : [PYTHIA_FINE_TRACE] service=ts-order-service stage=service_create latency_ms=122
2026-03-18 13:58:28.184  INFO 1 --- [io-12031-exec-1] order.controller.OrderController         : [PYTHIA_FINE_TRACE] service=ts-order-service endpoint=createOrder latency_ms=122
2026-03-18 13:58:29.291  INFO 1 --- [io-12031-exec-3] order.service.OrderServiceImpl           : [PYTHIA_FINE_TRACE] service=ts-order-service stage=service_create latency_ms=832
2026-03-18 13:58:29.291  INFO 1 --- [io-12031-exec-3] order.controller.OrderController         : [PYTHIA_FINE_TRACE] service=ts-order-service endpoint=createOrder latency_ms=832
2026-03-18 13:58:29.690  INFO 1 --- [io-12031-exec-7] order.service.OrderServiceImpl           : [PYTHIA_FINE_TRACE] service=ts-order-service stage=service_create latency_ms=127
2026-03-18 13:58:29.690  INFO 1 --- [io-12031-exec-7] order.controller.OrderController         : [PYTHIA_FINE_TRACE] service=ts-order-service endpoint=createOrder latency_ms=127
2026-03-18 13:58:30.083  INFO 1 --- [io-12031-exec-8] order.service.OrderServiceImpl           : [PYTHIA_FINE_TRACE] service=ts-order-service stage=service_create latency_ms=124
2026-03-18 13:58:30.083  INFO 1 --- [io-12031-exec-8] order.controller.OrderController         : [PYTHIA_FINE_TRACE] service=ts-order-service endpoint=createOrder latency_ms=124
2026-03-18 13:58:30.595  INFO 1 --- [io-12031-exec-2] order.service.OrderServiceImpl           : [PYTHIA_FINE_TRACE] service=ts-order-service stage=service_create latency_ms=185
2026-03-18 13:58:30.595  INFO 1 --- [io-12031-exec-2] order.controller.OrderController         : [PYTHIA_FINE_TRACE] service=ts-order-service endpoint=createOrder latency_ms=185
2026-03-18 13:58:30.992  INFO 1 --- [io-12031-exec-9] order.service.OrderServiceImpl           : [PYTHIA_FINE_TRACE] service=ts-order-service stage=service_create latency_ms=105
2026-03-18 13:58:30.992  INFO 1 --- [io-12031-exec-9] order.controller.OrderController         : [PYTHIA_FINE_TRACE] service=ts-order-service endpoint=createOrder latency_ms=105
2026-03-18 13:58:31.509  INFO 1 --- [o-12031-exec-10] order.service.OrderServiceImpl           : [PYTHIA_FINE_TRACE] service=ts-order-service stage=service_create latency_ms=149
2026-03-18 13:58:31.509  INFO 1 --- [o-12031-exec-10] order.controller.OrderController         : [PYTHIA_FINE_TRACE] service=ts-order-service endpoint=createOrder latency_ms=149
2026-03-18 13:58:31.995  INFO 1 --- [io-12031-exec-4] order.service.OrderServiceImpl           : [PYTHIA_FINE_TRACE] service=ts-order-service stage=service_create latency_ms=138
2026-03-18 13:58:31.995  INFO 1 --- [io-12031-exec-4] order.controller.OrderController         : [PYTHIA_FINE_TRACE] service=ts-order-service endpoint=createOrder latency_ms=138
2026-03-18 13:58:32.408  INFO 1 --- [io-12031-exec-6] order.service.OrderServiceImpl           : [PYTHIA_FINE_TRACE] service=ts-order-service stage=service_create latency_ms=113
2026-03-18 13:58:32.409  INFO 1 --- [io-12031-exec-6] order.controller.OrderController         : [PYTHIA_FINE_TRACE] service=ts-order-service endpoint=createOrder latency_ms=114
2026-03-18 13:58:33.167  INFO 1 --- [io-12031-exec-1] order.service.OrderServiceImpl           : [PYTHIA_FINE_TRACE] service=ts-order-service stage=service_create latency_ms=410
2026-03-18 13:58:33.167  INFO 1 --- [io-12031-exec-1] order.controller.OrderController         : [PYTHIA_FINE_TRACE] service=ts-order-service endpoint=createOrder latency_ms=410
2026-03-18 13:58:33.511  INFO 1 --- [io-12031-exec-5] order.service.OrderServiceImpl           : [PYTHIA_FINE_TRACE] service=ts-order-service stage=service_create latency_ms=65
2026-03-18 13:58:33.511  INFO 1 --- [io-12031-exec-5] order.controller.OrderController         : [PYTHIA_FINE_TRACE] service=ts-order-service endpoint=createOrder latency_ms=65
2026-03-18 13:58:34.118  INFO 1 --- [io-12031-exec-3] order.service.OrderServiceImpl           : [PYTHIA_FINE_TRACE] service=ts-order-service stage=service_create latency_ms=362
2026-03-18 13:58:34.118  INFO 1 --- [io-12031-exec-3] order.controller.OrderController         : [PYTHIA_FINE_TRACE] service=ts-order-service endpoint=createOrder latency_ms=362
2026-03-18 13:58:34.775  INFO 1 --- [io-12031-exec-7] order.service.OrderServiceImpl           : [PYTHIA_FINE_TRACE] service=ts-order-service stage=service_create latency_ms=412
2026-03-18 13:58:34.775  INFO 1 --- [io-12031-exec-7] order.controller.OrderController         : [PYTHIA_FINE_TRACE] service=ts-order-service endpoint=createOrder latency_ms=412
2026-03-18 13:58:35.424  INFO 1 --- [io-12031-exec-8] order.service.OrderServiceImpl           : [PYTHIA_FINE_TRACE] service=ts-order-service stage=service_create latency_ms=362
2026-03-18 13:58:35.424  INFO 1 --- [io-12031-exec-8] order.controller.OrderController         : [PYTHIA_FINE_TRACE] service=ts-order-service endpoint=createOrder latency_ms=362
2026-03-18 13:58:35.794  INFO 1 --- [io-12031-exec-2] order.service.OrderServiceImpl           : [PYTHIA_FINE_TRACE] service=ts-order-service stage=service_create latency_ms=60
2026-03-18 13:58:35.794  INFO 1 --- [io-12031-exec-2] order.controller.OrderController         : [PYTHIA_FINE_TRACE] service=ts-order-service endpoint=createOrder latency_ms=60
2026-03-18 13:58:36.414  INFO 1 --- [io-12031-exec-9] order.service.OrderServiceImpl           : [PYTHIA_FINE_TRACE] service=ts-order-service stage=service_create latency_ms=363
2026-03-18 13:58:36.414  INFO 1 --- [io-12031-exec-9] order.controller.OrderController         : [PYTHIA_FINE_TRACE] service=ts-order-service endpoint=createOrder latency_ms=363
2026-03-18 13:58:37.078  INFO 1 --- [o-12031-exec-10] order.service.OrderServiceImpl           : [PYTHIA_FINE_TRACE] service=ts-order-service stage=service_create latency_ms=418
2026-03-18 13:58:37.078  INFO 1 --- [o-12031-exec-10] order.controller.OrderController         : [PYTHIA_FINE_TRACE] service=ts-order-service endpoint=createOrder latency_ms=419
2026-03-18 13:58:37.415  INFO 1 --- [io-12031-exec-4] order.service.OrderServiceImpl           : [PYTHIA_FINE_TRACE] service=ts-order-service stage=service_create latency_ms=62
2026-03-18 13:58:37.415  INFO 1 --- [io-12031-exec-4] order.controller.OrderController         : [PYTHIA_FINE_TRACE] service=ts-order-service endpoint=createOrder latency_ms=62
2026-03-18 13:58:37.709  INFO 1 --- [io-12031-exec-6] order.service.OrderServiceImpl           : [PYTHIA_FINE_TRACE] service=ts-order-service stage=service_create latency_ms=56
2026-03-18 13:58:37.709  INFO 1 --- [io-12031-exec-6] order.controller.OrderController         : [PYTHIA_FINE_TRACE] service=ts-order-service endpoint=createOrder latency_ms=57
2026-03-18 13:58:38.381  INFO 1 --- [io-12031-exec-1] order.service.OrderServiceImpl           : [PYTHIA_FINE_TRACE] service=ts-order-service stage=service_create latency_ms=424
2026-03-18 13:58:38.381  INFO 1 --- [io-12031-exec-1] order.controller.OrderController         : [PYTHIA_FINE_TRACE] service=ts-order-service endpoint=createOrder latency_ms=424
2026-03-18 13:58:39.080  INFO 1 --- [io-12031-exec-5] order.service.OrderServiceImpl           : [PYTHIA_FINE_TRACE] service=ts-order-service stage=service_create latency_ms=425
2026-03-18 13:58:39.080  INFO 1 --- [io-12031-exec-5] order.controller.OrderController         : [PYTHIA_FINE_TRACE] service=ts-order-service endpoint=createOrder latency_ms=425
2026-03-18 13:58:39.477  INFO 1 --- [io-12031-exec-7] order.service.OrderServiceImpl           : [PYTHIA_FINE_TRACE] service=ts-order-service stage=service_create latency_ms=121
2026-03-18 13:58:39.477  INFO 1 --- [io-12031-exec-7] order.controller.OrderController         : [PYTHIA_FINE_TRACE] service=ts-order-service endpoint=createOrder latency_ms=121
2026-03-18 13:58:39.873  INFO 1 --- [io-12031-exec-8] order.service.OrderServiceImpl           : [PYTHIA_FINE_TRACE] service=ts-order-service stage=service_create latency_ms=124
2026-03-18 13:58:39.873  INFO 1 --- [io-12031-exec-8] order.controller.OrderController         : [PYTHIA_FINE_TRACE] service=ts-order-service endpoint=createOrder latency_ms=124
2026-03-18 13:58:40.221  INFO 1 --- [io-12031-exec-2] order.service.OrderServiceImpl           : [PYTHIA_FINE_TRACE] service=ts-order-service stage=service_create latency_ms=72
2026-03-18 13:58:40.221  INFO 1 --- [io-12031-exec-2] order.controller.OrderController         : [PYTHIA_FINE_TRACE] service=ts-order-service endpoint=createOrder latency_ms=72
2026-03-18 13:58:40.877  INFO 1 --- [io-12031-exec-9] order.service.OrderServiceImpl           : [PYTHIA_FINE_TRACE] service=ts-order-service stage=service_create latency_ms=425
2026-03-18 13:58:40.877  INFO 1 --- [io-12031-exec-9] order.controller.OrderController         : [PYTHIA_FINE_TRACE] service=ts-order-service endpoint=createOrder latency_ms=425
2026-03-18 13:58:41.225  INFO 1 --- [o-12031-exec-10] order.service.OrderServiceImpl           : [PYTHIA_FINE_TRACE] service=ts-order-service stage=service_create latency_ms=67
2026-03-18 13:58:41.225  INFO 1 --- [o-12031-exec-10] order.controller.OrderController         : [PYTHIA_FINE_TRACE] service=ts-order-service endpoint=createOrder latency_ms=67
2026-03-18 13:58:41.608  INFO 1 --- [io-12031-exec-4] order.service.OrderServiceImpl           : [PYTHIA_FINE_TRACE] service=ts-order-service stage=service_create latency_ms=68
2026-03-18 13:58:41.608  INFO 1 --- [io-12031-exec-4] order.controller.OrderController         : [PYTHIA_FINE_TRACE] service=ts-order-service endpoint=createOrder latency_ms=68
2026-03-18 13:58:42.267  INFO 1 --- [io-12031-exec-6] order.service.OrderServiceImpl           : [PYTHIA_FINE_TRACE] service=ts-order-service stage=service_create latency_ms=413
2026-03-18 13:58:42.267  INFO 1 --- [io-12031-exec-6] order.controller.OrderController         : [PYTHIA_FINE_TRACE] service=ts-order-service endpoint=createOrder latency_ms=413
2026-03-18 13:58:42.666  INFO 1 --- [io-12031-exec-1] order.service.OrderServiceImpl           : [PYTHIA_FINE_TRACE] service=ts-order-service stage=service_create latency_ms=111
2026-03-18 13:58:42.666  INFO 1 --- [io-12031-exec-1] order.controller.OrderController         : [PYTHIA_FINE_TRACE] service=ts-order-service endpoint=createOrder latency_ms=111
2026-03-18 13:58:43.006  INFO 1 --- [io-12031-exec-3] order.service.OrderServiceImpl           : [PYTHIA_FINE_TRACE] service=ts-order-service stage=service_create latency_ms=70
2026-03-18 13:58:43.006  INFO 1 --- [io-12031-exec-3] order.controller.OrderController         : [PYTHIA_FINE_TRACE] service=ts-order-service endpoint=createOrder latency_ms=70
2026-03-18 13:58:43.617  INFO 1 --- [io-12031-exec-5] order.service.OrderServiceImpl           : [PYTHIA_FINE_TRACE] service=ts-order-service stage=service_create latency_ms=365
2026-03-18 13:58:43.617  INFO 1 --- [io-12031-exec-5] order.controller.OrderController         : [PYTHIA_FINE_TRACE] service=ts-order-service endpoint=createOrder latency_ms=365
2026-03-18 13:58:43.916  INFO 1 --- [io-12031-exec-7] order.service.OrderServiceImpl           : [PYTHIA_FINE_TRACE] service=ts-order-service stage=service_create latency_ms=65
2026-03-18 13:58:43.916  INFO 1 --- [io-12031-exec-7] order.controller.OrderController         : [PYTHIA_FINE_TRACE] service=ts-order-service endpoint=createOrder latency_ms=65
2026-03-18 13:58:44.521  INFO 1 --- [io-12031-exec-8] order.service.OrderServiceImpl           : [PYTHIA_FINE_TRACE] service=ts-order-service stage=service_create latency_ms=367
2026-03-18 13:58:44.521  INFO 1 --- [io-12031-exec-8] order.controller.OrderController         : [PYTHIA_FINE_TRACE] service=ts-order-service endpoint=createOrder latency_ms=367
2026-03-18 13:58:44.820  INFO 1 --- [io-12031-exec-2] order.service.OrderServiceImpl           : [PYTHIA_FINE_TRACE] service=ts-order-service stage=service_create latency_ms=68
2026-03-18 13:58:44.820  INFO 1 --- [io-12031-exec-2] order.controller.OrderController         : [PYTHIA_FINE_TRACE] service=ts-order-service endpoint=createOrder latency_ms=68
2026-03-18 13:58:45.119  INFO 1 --- [io-12031-exec-9] order.service.OrderServiceImpl           : [PYTHIA_FINE_TRACE] service=ts-order-service stage=service_create latency_ms=63
2026-03-18 13:58:45.119  INFO 1 --- [io-12031-exec-9] order.controller.OrderController         : [PYTHIA_FINE_TRACE] service=ts-order-service endpoint=createOrder latency_ms=63
2026-03-18 13:58:45.421  INFO 1 --- [o-12031-exec-10] order.service.OrderServiceImpl           : [PYTHIA_FINE_TRACE] service=ts-order-service stage=service_create latency_ms=65
2026-03-18 13:58:45.421  INFO 1 --- [o-12031-exec-10] order.controller.OrderController         : [PYTHIA_FINE_TRACE] service=ts-order-service endpoint=createOrder latency_ms=65
2026-03-18 13:58:45.717  INFO 1 --- [io-12031-exec-4] order.service.OrderServiceImpl           : [PYTHIA_FINE_TRACE] service=ts-order-service stage=service_create latency_ms=62
2026-03-18 13:58:45.717  INFO 1 --- [io-12031-exec-4] order.controller.OrderController         : [PYTHIA_FINE_TRACE] service=ts-order-service endpoint=createOrder latency_ms=62
2026-03-18 13:58:46.018  INFO 1 --- [io-12031-exec-6] order.service.OrderServiceImpl           : [PYTHIA_FINE_TRACE] service=ts-order-service stage=service_create latency_ms=62
2026-03-18 13:58:46.018  INFO 1 --- [io-12031-exec-6] order.controller.OrderController         : [PYTHIA_FINE_TRACE] service=ts-order-service endpoint=createOrder latency_ms=62
2026-03-18 13:58:46.667  INFO 1 --- [io-12031-exec-1] order.service.OrderServiceImpl           : [PYTHIA_FINE_TRACE] service=ts-order-service stage=service_create latency_ms=407
2026-03-18 13:58:46.667  INFO 1 --- [io-12031-exec-1] order.controller.OrderController         : [PYTHIA_FINE_TRACE] service=ts-order-service endpoint=createOrder latency_ms=407
2026-03-18 13:58:47.295  INFO 1 --- [io-12031-exec-3] order.service.OrderServiceImpl           : [PYTHIA_FINE_TRACE] service=ts-order-service stage=service_create latency_ms=360
2026-03-18 13:58:47.295  INFO 1 --- [io-12031-exec-3] order.controller.OrderController         : [PYTHIA_FINE_TRACE] service=ts-order-service endpoint=createOrder latency_ms=360
2026-03-18 13:58:47.678  INFO 1 --- [io-12031-exec-5] order.service.OrderServiceImpl           : [PYTHIA_FINE_TRACE] service=ts-order-service stage=service_create latency_ms=125
2026-03-18 13:58:47.678  INFO 1 --- [io-12031-exec-5] order.controller.OrderController         : [PYTHIA_FINE_TRACE] service=ts-order-service endpoint=createOrder latency_ms=125
2026-03-18 13:58:48.480  INFO 1 --- [io-12031-exec-7] order.service.OrderServiceImpl           : [PYTHIA_FINE_TRACE] service=ts-order-service stage=service_create latency_ms=535
2026-03-18 13:58:48.480  INFO 1 --- [io-12031-exec-7] order.controller.OrderController         : [PYTHIA_FINE_TRACE] service=ts-order-service endpoint=createOrder latency_ms=535
2026-03-18 13:58:48.890  INFO 1 --- [io-12031-exec-8] order.service.OrderServiceImpl           : [PYTHIA_FINE_TRACE] service=ts-order-service stage=service_create latency_ms=128
2026-03-18 13:58:48.890  INFO 1 --- [io-12031-exec-8] order.controller.OrderController         : [PYTHIA_FINE_TRACE] service=ts-order-service endpoint=createOrder latency_ms=128
2026-03-18 13:58:49.274  INFO 1 --- [io-12031-exec-9] order.service.OrderServiceImpl           : [PYTHIA_FINE_TRACE] service=ts-order-service stage=service_create latency_ms=124
2026-03-18 13:58:49.274  INFO 1 --- [io-12031-exec-9] order.controller.OrderController         : [PYTHIA_FINE_TRACE] service=ts-order-service endpoint=createOrder latency_ms=124
2026-03-18 13:58:49.615  INFO 1 --- [o-12031-exec-10] order.service.OrderServiceImpl           : [PYTHIA_FINE_TRACE] service=ts-order-service stage=service_create latency_ms=73
2026-03-18 13:58:49.615  INFO 1 --- [o-12031-exec-10] order.controller.OrderController         : [PYTHIA_FINE_TRACE] service=ts-order-service endpoint=createOrder latency_ms=74
2026-03-18 13:58:49.974  INFO 1 --- [io-12031-exec-4] order.service.OrderServiceImpl           : [PYTHIA_FINE_TRACE] service=ts-order-service stage=service_create latency_ms=119
2026-03-18 13:58:49.974  INFO 1 --- [io-12031-exec-4] order.controller.OrderController         : [PYTHIA_FINE_TRACE] service=ts-order-service endpoint=createOrder latency_ms=119
2026-03-18 13:58:50.308  INFO 1 --- [io-12031-exec-6] order.service.OrderServiceImpl           : [PYTHIA_FINE_TRACE] service=ts-order-service stage=service_create latency_ms=66
2026-03-18 13:58:50.308  INFO 1 --- [io-12031-exec-6] order.controller.OrderController         : [PYTHIA_FINE_TRACE] service=ts-order-service endpoint=createOrder latency_ms=66
2026-03-18 13:58:50.674  INFO 1 --- [io-12031-exec-1] order.service.OrderServiceImpl           : [PYTHIA_FINE_TRACE] service=ts-order-service stage=service_create latency_ms=122
2026-03-18 13:58:50.674  INFO 1 --- [io-12031-exec-1] order.controller.OrderController         : [PYTHIA_FINE_TRACE] service=ts-order-service endpoint=createOrder latency_ms=122
2026-03-18 13:58:51.318  INFO 1 --- [io-12031-exec-3] order.service.OrderServiceImpl           : [PYTHIA_FINE_TRACE] service=ts-order-service stage=service_create latency_ms=370
2026-03-18 13:58:51.318  INFO 1 --- [io-12031-exec-3] order.controller.OrderController         : [PYTHIA_FINE_TRACE] service=ts-order-service endpoint=createOrder latency_ms=370
2026-03-18 13:58:51.978  INFO 1 --- [io-12031-exec-5] order.service.OrderServiceImpl           : [PYTHIA_FINE_TRACE] service=ts-order-service stage=service_create latency_ms=422
2026-03-18 13:58:51.978  INFO 1 --- [io-12031-exec-5] order.controller.OrderController         : [PYTHIA_FINE_TRACE] service=ts-order-service endpoint=createOrder latency_ms=422
2026-03-18 13:58:52.375  INFO 1 --- [io-12031-exec-7] order.service.OrderServiceImpl           : [PYTHIA_FINE_TRACE] service=ts-order-service stage=service_create latency_ms=118
2026-03-18 13:58:52.375  INFO 1 --- [io-12031-exec-7] order.controller.OrderController         : [PYTHIA_FINE_TRACE] service=ts-order-service endpoint=createOrder latency_ms=118
2026-03-18 13:58:53.014  INFO 1 --- [io-12031-exec-8] order.service.OrderServiceImpl           : [PYTHIA_FINE_TRACE] service=ts-order-service stage=service_create latency_ms=368
2026-03-18 13:58:53.014  INFO 1 --- [io-12031-exec-8] order.controller.OrderController         : [PYTHIA_FINE_TRACE] service=ts-order-service endpoint=createOrder latency_ms=368
2026-03-18 13:58:53.616  INFO 1 --- [io-12031-exec-2] order.service.OrderServiceImpl           : [PYTHIA_FINE_TRACE] service=ts-order-service stage=service_create latency_ms=365
2026-03-18 13:58:53.616  INFO 1 --- [io-12031-exec-2] order.controller.OrderController         : [PYTHIA_FINE_TRACE] service=ts-order-service endpoint=createOrder latency_ms=365
2026-03-18 13:58:54.219  INFO 1 --- [io-12031-exec-9] order.service.OrderServiceImpl           : [PYTHIA_FINE_TRACE] service=ts-order-service stage=service_create latency_ms=364
2026-03-18 13:58:54.219  INFO 1 --- [io-12031-exec-9] order.controller.OrderController         : [PYTHIA_FINE_TRACE] service=ts-order-service endpoint=createOrder latency_ms=364
2026-03-18 13:58:54.518  INFO 1 --- [o-12031-exec-10] order.service.OrderServiceImpl           : [PYTHIA_FINE_TRACE] service=ts-order-service stage=service_create latency_ms=64
2026-03-18 13:58:54.518  INFO 1 --- [o-12031-exec-10] order.controller.OrderController         : [PYTHIA_FINE_TRACE] service=ts-order-service endpoint=createOrder latency_ms=64
2026-03-18 13:58:54.872  INFO 1 --- [io-12031-exec-4] order.service.OrderServiceImpl           : [PYTHIA_FINE_TRACE] service=ts-order-service stage=service_create latency_ms=112
2026-03-18 13:58:54.872  INFO 1 --- [io-12031-exec-4] order.controller.OrderController         : [PYTHIA_FINE_TRACE] service=ts-order-service endpoint=createOrder latency_ms=112
2026-03-18 13:58:55.211  INFO 1 --- [io-12031-exec-6] order.service.OrderServiceImpl           : [PYTHIA_FINE_TRACE] service=ts-order-service stage=service_create latency_ms=59
2026-03-18 13:58:55.211  INFO 1 --- [io-12031-exec-6] order.controller.OrderController         : [PYTHIA_FINE_TRACE] service=ts-order-service endpoint=createOrder latency_ms=59
2026-03-18 13:58:55.867  INFO 1 --- [io-12031-exec-1] order.service.OrderServiceImpl           : [PYTHIA_FINE_TRACE] service=ts-order-service stage=service_create latency_ms=411
2026-03-18 13:58:55.867  INFO 1 --- [io-12031-exec-1] order.controller.OrderController         : [PYTHIA_FINE_TRACE] service=ts-order-service endpoint=createOrder latency_ms=411
2026-03-18 13:58:56.494  INFO 1 --- [io-12031-exec-3] order.service.OrderServiceImpl           : [PYTHIA_FINE_TRACE] service=ts-order-service stage=service_create latency_ms=358
2026-03-18 13:58:56.494  INFO 1 --- [io-12031-exec-3] order.controller.OrderController         : [PYTHIA_FINE_TRACE] service=ts-order-service endpoint=createOrder latency_ms=358
2026-03-18 13:58:56.810  INFO 1 --- [io-12031-exec-5] order.service.OrderServiceImpl           : [PYTHIA_FINE_TRACE] service=ts-order-service stage=service_create latency_ms=58
2026-03-18 13:58:56.810  INFO 1 --- [io-12031-exec-5] order.controller.OrderController         : [PYTHIA_FINE_TRACE] service=ts-order-service endpoint=createOrder latency_ms=58
2026-03-18 13:58:57.178  INFO 1 --- [io-12031-exec-7] order.service.OrderServiceImpl           : [PYTHIA_FINE_TRACE] service=ts-order-service stage=service_create latency_ms=124
2026-03-18 13:58:57.179  INFO 1 --- [io-12031-exec-7] order.controller.OrderController         : [PYTHIA_FINE_TRACE] service=ts-order-service endpoint=createOrder latency_ms=124
2026-03-18 13:58:57.823  INFO 1 --- [io-12031-exec-8] order.service.OrderServiceImpl           : [PYTHIA_FINE_TRACE] service=ts-order-service stage=service_create latency_ms=384
2026-03-18 13:58:57.823  INFO 1 --- [io-12031-exec-8] order.controller.OrderController         : [PYTHIA_FINE_TRACE] service=ts-order-service endpoint=createOrder latency_ms=384
2026-03-18 13:58:58.186  INFO 1 --- [io-12031-exec-2] order.service.OrderServiceImpl           : [PYTHIA_FINE_TRACE] service=ts-order-service stage=service_create latency_ms=126
2026-03-18 13:58:58.186  INFO 1 --- [io-12031-exec-2] order.controller.OrderController         : [PYTHIA_FINE_TRACE] service=ts-order-service endpoint=createOrder latency_ms=126
2026-03-18 13:58:58.587  INFO 1 --- [io-12031-exec-9] order.service.OrderServiceImpl           : [PYTHIA_FINE_TRACE] service=ts-order-service stage=service_create latency_ms=131
2026-03-18 13:58:58.587  INFO 1 --- [io-12031-exec-9] order.controller.OrderController         : [PYTHIA_FINE_TRACE] service=ts-order-service endpoint=createOrder latency_ms=131
2026-03-18 13:58:58.990  INFO 1 --- [o-12031-exec-10] order.service.OrderServiceImpl           : [PYTHIA_FINE_TRACE] service=ts-order-service stage=service_create latency_ms=131
2026-03-18 13:58:58.990  INFO 1 --- [o-12031-exec-10] order.controller.OrderController         : [PYTHIA_FINE_TRACE] service=ts-order-service endpoint=createOrder latency_ms=131
2026-03-18 13:59:00.083  INFO 1 --- [io-12031-exec-6] order.service.OrderServiceImpl           : [PYTHIA_FINE_TRACE] service=ts-order-service stage=service_create latency_ms=828
2026-03-18 13:59:00.083  INFO 1 --- [io-12031-exec-6] order.controller.OrderController         : [PYTHIA_FINE_TRACE] service=ts-order-service endpoint=createOrder latency_ms=828
2026-03-18 13:59:00.476  INFO 1 --- [io-12031-exec-1] order.service.OrderServiceImpl           : [PYTHIA_FINE_TRACE] service=ts-order-service stage=service_create latency_ms=125
2026-03-18 13:59:00.476  INFO 1 --- [io-12031-exec-1] order.controller.OrderController         : [PYTHIA_FINE_TRACE] service=ts-order-service endpoint=createOrder latency_ms=125
2026-03-18 13:59:01.116  INFO 1 --- [io-12031-exec-3] order.service.OrderServiceImpl           : [PYTHIA_FINE_TRACE] service=ts-order-service stage=service_create latency_ms=369
2026-03-18 13:59:01.116  INFO 1 --- [io-12031-exec-3] order.controller.OrderController         : [PYTHIA_FINE_TRACE] service=ts-order-service endpoint=createOrder latency_ms=369
2026-03-18 13:59:01.472  INFO 1 --- [io-12031-exec-5] order.service.OrderServiceImpl           : [PYTHIA_FINE_TRACE] service=ts-order-service stage=service_create latency_ms=118
2026-03-18 13:59:01.472  INFO 1 --- [io-12031-exec-5] order.controller.OrderController         : [PYTHIA_FINE_TRACE] service=ts-order-service endpoint=createOrder latency_ms=118
2026-03-18 13:59:01.811  INFO 1 --- [io-12031-exec-7] order.service.OrderServiceImpl           : [PYTHIA_FINE_TRACE] service=ts-order-service stage=service_create latency_ms=69
2026-03-18 13:59:01.811  INFO 1 --- [io-12031-exec-7] order.controller.OrderController         : [PYTHIA_FINE_TRACE] service=ts-order-service endpoint=createOrder latency_ms=69
2026-03-18 13:59:02.166  INFO 1 --- [io-12031-exec-8] order.service.OrderServiceImpl           : [PYTHIA_FINE_TRACE] service=ts-order-service stage=service_create latency_ms=114
2026-03-18 13:59:02.166  INFO 1 --- [io-12031-exec-8] order.controller.OrderController         : [PYTHIA_FINE_TRACE] service=ts-order-service endpoint=createOrder latency_ms=114
2026-03-18 13:59:02.809  INFO 1 --- [io-12031-exec-2] order.service.OrderServiceImpl           : [PYTHIA_FINE_TRACE] service=ts-order-service stage=service_create latency_ms=366
2026-03-18 13:59:02.809  INFO 1 --- [io-12031-exec-2] order.controller.OrderController         : [PYTHIA_FINE_TRACE] service=ts-order-service endpoint=createOrder latency_ms=366
2026-03-18 13:59:03.415  INFO 1 --- [io-12031-exec-9] order.service.OrderServiceImpl           : [PYTHIA_FINE_TRACE] service=ts-order-service stage=service_create latency_ms=364
2026-03-18 13:59:03.415  INFO 1 --- [io-12031-exec-9] order.controller.OrderController         : [PYTHIA_FINE_TRACE] service=ts-order-service endpoint=createOrder latency_ms=364
2026-03-18 13:59:04.018  INFO 1 --- [io-12031-exec-4] order.service.OrderServiceImpl           : [PYTHIA_FINE_TRACE] service=ts-order-service stage=service_create latency_ms=363
2026-03-18 13:59:04.018  INFO 1 --- [io-12031-exec-4] order.controller.OrderController         : [PYTHIA_FINE_TRACE] service=ts-order-service endpoint=createOrder latency_ms=363
2026-03-18 13:59:04.381  INFO 1 --- [o-12031-exec-10] order.service.OrderServiceImpl           : [PYTHIA_FINE_TRACE] service=ts-order-service stage=service_create latency_ms=128
2026-03-18 13:59:04.381  INFO 1 --- [o-12031-exec-10] order.controller.OrderController         : [PYTHIA_FINE_TRACE] service=ts-order-service endpoint=createOrder latency_ms=128
2026-03-18 13:59:04.703  INFO 1 --- [io-12031-exec-6] order.service.OrderServiceImpl           : [PYTHIA_FINE_TRACE] service=ts-order-service stage=service_create latency_ms=56
2026-03-18 13:59:04.703  INFO 1 --- [io-12031-exec-6] order.controller.OrderController         : [PYTHIA_FINE_TRACE] service=ts-order-service endpoint=createOrder latency_ms=56
2026-03-18 13:59:05.014  INFO 1 --- [io-12031-exec-1] order.service.OrderServiceImpl           : [PYTHIA_FINE_TRACE] service=ts-order-service stage=service_create latency_ms=60
2026-03-18 13:59:05.014  INFO 1 --- [io-12031-exec-1] order.controller.OrderController         : [PYTHIA_FINE_TRACE] service=ts-order-service endpoint=createOrder latency_ms=60
2026-03-18 13:59:05.372  INFO 1 --- [io-12031-exec-3] order.service.OrderServiceImpl           : [PYTHIA_FINE_TRACE] service=ts-order-service stage=service_create latency_ms=120
2026-03-18 13:59:05.372  INFO 1 --- [io-12031-exec-3] order.controller.OrderController         : [PYTHIA_FINE_TRACE] service=ts-order-service endpoint=createOrder latency_ms=120
2026-03-18 13:59:05.790  INFO 1 --- [io-12031-exec-5] order.service.OrderServiceImpl           : [PYTHIA_FINE_TRACE] service=ts-order-service stage=service_create latency_ms=135
2026-03-18 13:59:05.790  INFO 1 --- [io-12031-exec-5] order.controller.OrderController         : [PYTHIA_FINE_TRACE] service=ts-order-service endpoint=createOrder latency_ms=135
2026-03-18 13:59:06.193  INFO 1 --- [io-12031-exec-7] order.service.OrderServiceImpl           : [PYTHIA_FINE_TRACE] service=ts-order-service stage=service_create latency_ms=140
2026-03-18 13:59:06.193  INFO 1 --- [io-12031-exec-7] order.controller.OrderController         : [PYTHIA_FINE_TRACE] service=ts-order-service endpoint=createOrder latency_ms=140
2026-03-18 13:59:06.583  INFO 1 --- [io-12031-exec-8] order.service.OrderServiceImpl           : [PYTHIA_FINE_TRACE] service=ts-order-service stage=service_create latency_ms=125
2026-03-18 13:59:06.583  INFO 1 --- [io-12031-exec-8] order.controller.OrderController         : [PYTHIA_FINE_TRACE] service=ts-order-service endpoint=createOrder latency_ms=125
2026-03-18 13:59:06.993  INFO 1 --- [io-12031-exec-2] order.service.OrderServiceImpl           : [PYTHIA_FINE_TRACE] service=ts-order-service stage=service_create latency_ms=115
2026-03-18 13:59:06.993  INFO 1 --- [io-12031-exec-2] order.controller.OrderController         : [PYTHIA_FINE_TRACE] service=ts-order-service endpoint=createOrder latency_ms=115
2026-03-18 13:59:07.681  INFO 1 --- [io-12031-exec-9] order.service.OrderServiceImpl           : [PYTHIA_FINE_TRACE] service=ts-order-service stage=service_create latency_ms=422
2026-03-18 13:59:07.681  INFO 1 --- [io-12031-exec-9] order.controller.OrderController         : [PYTHIA_FINE_TRACE] service=ts-order-service endpoint=createOrder latency_ms=423
2026-03-18 13:59:08.015  INFO 1 --- [io-12031-exec-4] order.service.OrderServiceImpl           : [PYTHIA_FINE_TRACE] service=ts-order-service stage=service_create latency_ms=71
2026-03-18 13:59:08.015  INFO 1 --- [io-12031-exec-4] order.controller.OrderController         : [PYTHIA_FINE_TRACE] service=ts-order-service endpoint=createOrder latency_ms=71
2026-03-18 13:59:08.379  INFO 1 --- [o-12031-exec-10] order.service.OrderServiceImpl           : [PYTHIA_FINE_TRACE] service=ts-order-service stage=service_create latency_ms=122
2026-03-18 13:59:08.379  INFO 1 --- [o-12031-exec-10] order.controller.OrderController         : [PYTHIA_FINE_TRACE] service=ts-order-service endpoint=createOrder latency_ms=122
2026-03-18 13:59:08.721  INFO 1 --- [io-12031-exec-6] order.service.OrderServiceImpl           : [PYTHIA_FINE_TRACE] service=ts-order-service stage=service_create latency_ms=65
2026-03-18 13:59:08.721  INFO 1 --- [io-12031-exec-6] order.controller.OrderController         : [PYTHIA_FINE_TRACE] service=ts-order-service endpoint=createOrder latency_ms=65
2026-03-18 13:59:09.382  INFO 1 --- [io-12031-exec-1] order.service.OrderServiceImpl           : [PYTHIA_FINE_TRACE] service=ts-order-service stage=service_create latency_ms=430
2026-03-18 13:59:09.382  INFO 1 --- [io-12031-exec-1] order.controller.OrderController         : [PYTHIA_FINE_TRACE] service=ts-order-service endpoint=createOrder latency_ms=430
2026-03-18 13:59:09.718  INFO 1 --- [io-12031-exec-5] order.service.OrderServiceImpl           : [PYTHIA_FINE_TRACE] service=ts-order-service stage=service_create latency_ms=65
2026-03-18 13:59:09.718  INFO 1 --- [io-12031-exec-5] order.controller.OrderController         : [PYTHIA_FINE_TRACE] service=ts-order-service endpoint=createOrder latency_ms=65
2026-03-18 13:59:10.071  INFO 1 --- [io-12031-exec-7] order.service.OrderServiceImpl           : [PYTHIA_FINE_TRACE] service=ts-order-service stage=service_create latency_ms=116
2026-03-18 13:59:10.071  INFO 1 --- [io-12031-exec-7] order.controller.OrderController         : [PYTHIA_FINE_TRACE] service=ts-order-service endpoint=createOrder latency_ms=116
2026-03-18 13:59:10.705  INFO 1 --- [io-12031-exec-8] order.service.OrderServiceImpl           : [PYTHIA_FINE_TRACE] service=ts-order-service stage=service_create latency_ms=365
2026-03-18 13:59:10.705  INFO 1 --- [io-12031-exec-8] order.controller.OrderController         : [PYTHIA_FINE_TRACE] service=ts-order-service endpoint=createOrder latency_ms=365
2026-03-18 13:59:11.023  INFO 1 --- [io-12031-exec-2] order.service.OrderServiceImpl           : [PYTHIA_FINE_TRACE] service=ts-order-service stage=service_create latency_ms=65
2026-03-18 13:59:11.023  INFO 1 --- [io-12031-exec-2] order.controller.OrderController         : [PYTHIA_FINE_TRACE] service=ts-order-service endpoint=createOrder latency_ms=65
2026-03-18 13:59:11.317  INFO 1 --- [io-12031-exec-9] order.service.OrderServiceImpl           : [PYTHIA_FINE_TRACE] service=ts-order-service stage=service_create latency_ms=67
2026-03-18 13:59:11.317  INFO 1 --- [io-12031-exec-9] order.controller.OrderController         : [PYTHIA_FINE_TRACE] service=ts-order-service endpoint=createOrder latency_ms=67
2026-03-18 13:59:12.180  INFO 1 --- [io-12031-exec-4] order.service.OrderServiceImpl           : [PYTHIA_FINE_TRACE] service=ts-order-service stage=service_create latency_ms=537
2026-03-18 13:59:12.180  INFO 1 --- [io-12031-exec-4] order.controller.OrderController         : [PYTHIA_FINE_TRACE] service=ts-order-service endpoint=createOrder latency_ms=537
2026-03-18 13:59:12.805  INFO 1 --- [o-12031-exec-10] order.service.OrderServiceImpl           : [PYTHIA_FINE_TRACE] service=ts-order-service stage=service_create latency_ms=361
2026-03-18 13:59:12.805  INFO 1 --- [o-12031-exec-10] order.controller.OrderController         : [PYTHIA_FINE_TRACE] service=ts-order-service endpoint=createOrder latency_ms=361
2026-03-18 13:59:13.416  INFO 1 --- [io-12031-exec-6] order.service.OrderServiceImpl           : [PYTHIA_FINE_TRACE] service=ts-order-service stage=service_create latency_ms=359
2026-03-18 13:59:13.416  INFO 1 --- [io-12031-exec-6] order.controller.OrderController         : [PYTHIA_FINE_TRACE] service=ts-order-service endpoint=createOrder latency_ms=359
2026-03-18 13:59:13.714  INFO 1 --- [io-12031-exec-3] order.service.OrderServiceImpl           : [PYTHIA_FINE_TRACE] service=ts-order-service stage=service_create latency_ms=60
2026-03-18 13:59:13.714  INFO 1 --- [io-12031-exec-3] order.controller.OrderController         : [PYTHIA_FINE_TRACE] service=ts-order-service endpoint=createOrder latency_ms=60
2026-03-18 13:59:14.382  INFO 1 --- [io-12031-exec-1] order.service.OrderServiceImpl           : [PYTHIA_FINE_TRACE] service=ts-order-service stage=service_create latency_ms=433
2026-03-18 13:59:14.383  INFO 1 --- [io-12031-exec-1] order.controller.OrderController         : [PYTHIA_FINE_TRACE] service=ts-order-service endpoint=createOrder latency_ms=434
2026-03-18 13:59:15.173  INFO 1 --- [io-12031-exec-5] order.service.OrderServiceImpl           : [PYTHIA_FINE_TRACE] service=ts-order-service stage=service_create latency_ms=527
2026-03-18 13:59:15.173  INFO 1 --- [io-12031-exec-5] order.controller.OrderController         : [PYTHIA_FINE_TRACE] service=ts-order-service endpoint=createOrder latency_ms=527
2026-03-18 13:59:15.581  INFO 1 --- [io-12031-exec-7] order.service.OrderServiceImpl           : [PYTHIA_FINE_TRACE] service=ts-order-service stage=service_create latency_ms=131
2026-03-18 13:59:15.581  INFO 1 --- [io-12031-exec-7] order.controller.OrderController         : [PYTHIA_FINE_TRACE] service=ts-order-service endpoint=createOrder latency_ms=131
2026-03-18 13:59:15.974  INFO 1 --- [io-12031-exec-8] order.service.OrderServiceImpl           : [PYTHIA_FINE_TRACE] service=ts-order-service stage=service_create latency_ms=123
2026-03-18 13:59:15.974  INFO 1 --- [io-12031-exec-8] order.controller.OrderController         : [PYTHIA_FINE_TRACE] service=ts-order-service endpoint=createOrder latency_ms=123
2026-03-18 13:59:16.673  INFO 1 --- [io-12031-exec-2] order.service.OrderServiceImpl           : [PYTHIA_FINE_TRACE] service=ts-order-service stage=service_create latency_ms=420
2026-03-18 13:59:16.673  INFO 1 --- [io-12031-exec-2] order.controller.OrderController         : [PYTHIA_FINE_TRACE] service=ts-order-service endpoint=createOrder latency_ms=420
2026-03-18 13:59:17.020  INFO 1 --- [io-12031-exec-9] order.service.OrderServiceImpl           : [PYTHIA_FINE_TRACE] service=ts-order-service stage=service_create latency_ms=80
2026-03-18 13:59:17.020  INFO 1 --- [io-12031-exec-9] order.controller.OrderController         : [PYTHIA_FINE_TRACE] service=ts-order-service endpoint=createOrder latency_ms=80
2026-03-18 13:59:17.678  INFO 1 --- [io-12031-exec-4] order.service.OrderServiceImpl           : [PYTHIA_FINE_TRACE] service=ts-order-service stage=service_create latency_ms=426
2026-03-18 13:59:17.678  INFO 1 --- [io-12031-exec-4] order.controller.OrderController         : [PYTHIA_FINE_TRACE] service=ts-order-service endpoint=createOrder latency_ms=426
2026-03-18 13:59:18.322  INFO 1 --- [o-12031-exec-10] order.service.OrderServiceImpl           : [PYTHIA_FINE_TRACE] service=ts-order-service stage=service_create latency_ms=377
2026-03-18 13:59:18.322  INFO 1 --- [o-12031-exec-10] order.controller.OrderController         : [PYTHIA_FINE_TRACE] service=ts-order-service endpoint=createOrder latency_ms=377
2026-03-18 13:59:18.920  INFO 1 --- [io-12031-exec-6] order.service.OrderServiceImpl           : [PYTHIA_FINE_TRACE] service=ts-order-service stage=service_create latency_ms=366
2026-03-18 13:59:18.920  INFO 1 --- [io-12031-exec-6] order.controller.OrderController         : [PYTHIA_FINE_TRACE] service=ts-order-service endpoint=createOrder latency_ms=366
2026-03-18 13:59:19.596  INFO 1 --- [io-12031-exec-1] order.service.OrderServiceImpl           : [PYTHIA_FINE_TRACE] service=ts-order-service stage=service_create latency_ms=365
2026-03-18 13:59:19.596  INFO 1 --- [io-12031-exec-1] order.controller.OrderController         : [PYTHIA_FINE_TRACE] service=ts-order-service endpoint=createOrder latency_ms=365
2026-03-18 13:59:20.217  INFO 1 --- [io-12031-exec-5] order.service.OrderServiceImpl           : [PYTHIA_FINE_TRACE] service=ts-order-service stage=service_create latency_ms=365
2026-03-18 13:59:20.218  INFO 1 --- [io-12031-exec-5] order.controller.OrderController         : [PYTHIA_FINE_TRACE] service=ts-order-service endpoint=createOrder latency_ms=366
2026-03-18 13:59:20.883  INFO 1 --- [io-12031-exec-7] order.service.OrderServiceImpl           : [PYTHIA_FINE_TRACE] service=ts-order-service stage=service_create latency_ms=364
2026-03-18 13:59:20.883  INFO 1 --- [io-12031-exec-7] order.controller.OrderController         : [PYTHIA_FINE_TRACE] service=ts-order-service endpoint=createOrder latency_ms=364
2026-03-18 13:59:21.267  INFO 1 --- [io-12031-exec-8] order.service.OrderServiceImpl           : [PYTHIA_FINE_TRACE] service=ts-order-service stage=service_create latency_ms=110
2026-03-18 13:59:21.267  INFO 1 --- [io-12031-exec-8] order.controller.OrderController         : [PYTHIA_FINE_TRACE] service=ts-order-service endpoint=createOrder latency_ms=110
2026-03-18 13:59:21.611  INFO 1 --- [io-12031-exec-2] order.service.OrderServiceImpl           : [PYTHIA_FINE_TRACE] service=ts-order-service stage=service_create latency_ms=62
2026-03-18 13:59:21.611  INFO 1 --- [io-12031-exec-2] order.controller.OrderController         : [PYTHIA_FINE_TRACE] service=ts-order-service endpoint=createOrder latency_ms=62
2026-03-18 13:59:22.221  INFO 1 --- [io-12031-exec-9] order.service.OrderServiceImpl           : [PYTHIA_FINE_TRACE] service=ts-order-service stage=service_create latency_ms=365
2026-03-18 13:59:22.221  INFO 1 --- [io-12031-exec-9] order.controller.OrderController         : [PYTHIA_FINE_TRACE] service=ts-order-service endpoint=createOrder latency_ms=365
2026-03-18 13:59:22.613  INFO 1 --- [io-12031-exec-4] order.service.OrderServiceImpl           : [PYTHIA_FINE_TRACE] service=ts-order-service stage=service_create latency_ms=59
2026-03-18 13:59:22.613  INFO 1 --- [io-12031-exec-4] order.controller.OrderController         : [PYTHIA_FINE_TRACE] service=ts-order-service endpoint=createOrder latency_ms=59
2026-03-18 13:59:23.216  INFO 1 --- [o-12031-exec-10] order.service.OrderServiceImpl           : [PYTHIA_FINE_TRACE] service=ts-order-service stage=service_create latency_ms=362
2026-03-18 13:59:23.216  INFO 1 --- [o-12031-exec-10] order.controller.OrderController         : [PYTHIA_FINE_TRACE] service=ts-order-service endpoint=createOrder latency_ms=362
2026-03-18 13:59:23.886  INFO 1 --- [io-12031-exec-6] order.service.OrderServiceImpl           : [PYTHIA_FINE_TRACE] service=ts-order-service stage=service_create latency_ms=428
2026-03-18 13:59:23.886  INFO 1 --- [io-12031-exec-6] order.controller.OrderController         : [PYTHIA_FINE_TRACE] service=ts-order-service endpoint=createOrder latency_ms=428
2026-03-18 13:59:24.578  INFO 1 --- [io-12031-exec-3] order.service.OrderServiceImpl           : [PYTHIA_FINE_TRACE] service=ts-order-service stage=service_create latency_ms=425
2026-03-18 13:59:24.578  INFO 1 --- [io-12031-exec-3] order.controller.OrderController         : [PYTHIA_FINE_TRACE] service=ts-order-service endpoint=createOrder latency_ms=425
2026-03-18 13:59:24.921  INFO 1 --- [io-12031-exec-1] order.service.OrderServiceImpl           : [PYTHIA_FINE_TRACE] service=ts-order-service stage=service_create latency_ms=74
2026-03-18 13:59:24.921  INFO 1 --- [io-12031-exec-1] order.controller.OrderController         : [PYTHIA_FINE_TRACE] service=ts-order-service endpoint=createOrder latency_ms=74
2026-03-18 13:59:25.615  INFO 1 --- [io-12031-exec-5] order.service.OrderServiceImpl           : [PYTHIA_FINE_TRACE] service=ts-order-service stage=service_create latency_ms=377
2026-03-18 13:59:25.615  INFO 1 --- [io-12031-exec-5] order.controller.OrderController         : [PYTHIA_FINE_TRACE] service=ts-order-service endpoint=createOrder latency_ms=377
2026-03-18 13:59:25.973  INFO 1 --- [io-12031-exec-7] order.service.OrderServiceImpl           : [PYTHIA_FINE_TRACE] service=ts-order-service stage=service_create latency_ms=116
2026-03-18 13:59:25.973  INFO 1 --- [io-12031-exec-7] order.controller.OrderController         : [PYTHIA_FINE_TRACE] service=ts-order-service endpoint=createOrder latency_ms=117
2026-03-18 13:59:26.673  INFO 1 --- [io-12031-exec-8] order.service.OrderServiceImpl           : [PYTHIA_FINE_TRACE] service=ts-order-service stage=service_create latency_ms=426
2026-03-18 13:59:26.674  INFO 1 --- [io-12031-exec-8] order.controller.OrderController         : [PYTHIA_FINE_TRACE] service=ts-order-service endpoint=createOrder latency_ms=427
2026-03-18 13:59:27.375  INFO 1 --- [io-12031-exec-2] order.service.OrderServiceImpl           : [PYTHIA_FINE_TRACE] service=ts-order-service stage=service_create latency_ms=418
2026-03-18 13:59:27.375  INFO 1 --- [io-12031-exec-2] order.controller.OrderController         : [PYTHIA_FINE_TRACE] service=ts-order-service endpoint=createOrder latency_ms=418
2026-03-18 13:59:27.713  INFO 1 --- [io-12031-exec-9] order.service.OrderServiceImpl           : [PYTHIA_FINE_TRACE] service=ts-order-service stage=service_create latency_ms=68
2026-03-18 13:59:27.713  INFO 1 --- [io-12031-exec-9] order.controller.OrderController         : [PYTHIA_FINE_TRACE] service=ts-order-service endpoint=createOrder latency_ms=68
2026-03-18 13:59:28.075  INFO 1 --- [io-12031-exec-4] order.service.OrderServiceImpl           : [PYTHIA_FINE_TRACE] service=ts-order-service stage=service_create latency_ms=119
2026-03-18 13:59:28.075  INFO 1 --- [io-12031-exec-4] order.controller.OrderController         : [PYTHIA_FINE_TRACE] service=ts-order-service endpoint=createOrder latency_ms=119
2026-03-18 13:59:28.473  INFO 1 --- [o-12031-exec-10] order.service.OrderServiceImpl           : [PYTHIA_FINE_TRACE] service=ts-order-service stage=service_create latency_ms=125
2026-03-18 13:59:28.473  INFO 1 --- [o-12031-exec-10] order.controller.OrderController         : [PYTHIA_FINE_TRACE] service=ts-order-service endpoint=createOrder latency_ms=125
2026-03-18 13:59:28.808  INFO 1 --- [io-12031-exec-6] order.service.OrderServiceImpl           : [PYTHIA_FINE_TRACE] service=ts-order-service stage=service_create latency_ms=65
2026-03-18 13:59:28.808  INFO 1 --- [io-12031-exec-6] order.controller.OrderController         : [PYTHIA_FINE_TRACE] service=ts-order-service endpoint=createOrder latency_ms=65
2026-03-18 13:59:29.119  INFO 1 --- [io-12031-exec-1] order.service.OrderServiceImpl           : [PYTHIA_FINE_TRACE] service=ts-order-service stage=service_create latency_ms=64
2026-03-18 13:59:29.119  INFO 1 --- [io-12031-exec-1] order.controller.OrderController         : [PYTHIA_FINE_TRACE] service=ts-order-service endpoint=createOrder latency_ms=64
2026-03-18 13:59:29.779  INFO 1 --- [io-12031-exec-5] order.service.OrderServiceImpl           : [PYTHIA_FINE_TRACE] service=ts-order-service stage=service_create latency_ms=418
2026-03-18 13:59:29.779  INFO 1 --- [io-12031-exec-5] order.controller.OrderController         : [PYTHIA_FINE_TRACE] service=ts-order-service endpoint=createOrder latency_ms=418
2026-03-18 13:59:30.118  INFO 1 --- [io-12031-exec-7] order.service.OrderServiceImpl           : [PYTHIA_FINE_TRACE] service=ts-order-service stage=service_create latency_ms=67
2026-03-18 13:59:30.118  INFO 1 --- [io-12031-exec-7] order.controller.OrderController         : [PYTHIA_FINE_TRACE] service=ts-order-service endpoint=createOrder latency_ms=67
2026-03-18 13:59:30.722  INFO 1 --- [io-12031-exec-8] order.service.OrderServiceImpl           : [PYTHIA_FINE_TRACE] service=ts-order-service stage=service_create latency_ms=362
2026-03-18 13:59:30.722  INFO 1 --- [io-12031-exec-8] order.controller.OrderController         : [PYTHIA_FINE_TRACE] service=ts-order-service endpoint=createOrder latency_ms=362
2026-03-18 13:59:31.483  INFO 1 --- [io-12031-exec-2] order.service.OrderServiceImpl           : [PYTHIA_FINE_TRACE] service=ts-order-service stage=service_create latency_ms=525
2026-03-18 13:59:31.483  INFO 1 --- [io-12031-exec-2] order.controller.OrderController         : [PYTHIA_FINE_TRACE] service=ts-order-service endpoint=createOrder latency_ms=526
2026-03-18 13:59:31.888  INFO 1 --- [io-12031-exec-9] order.service.OrderServiceImpl           : [PYTHIA_FINE_TRACE] service=ts-order-service stage=service_create latency_ms=127
2026-03-18 13:59:31.888  INFO 1 --- [io-12031-exec-9] order.controller.OrderController         : [PYTHIA_FINE_TRACE] service=ts-order-service endpoint=createOrder latency_ms=127
2026-03-18 13:59:32.579  INFO 1 --- [io-12031-exec-4] order.service.OrderServiceImpl           : [PYTHIA_FINE_TRACE] service=ts-order-service stage=service_create latency_ms=423
2026-03-18 13:59:32.579  INFO 1 --- [io-12031-exec-4] order.controller.OrderController         : [PYTHIA_FINE_TRACE] service=ts-order-service endpoint=createOrder latency_ms=423
2026-03-18 13:59:32.977  INFO 1 --- [o-12031-exec-10] order.service.OrderServiceImpl           : [PYTHIA_FINE_TRACE] service=ts-order-service stage=service_create latency_ms=120
2026-03-18 13:59:32.977  INFO 1 --- [o-12031-exec-10] order.controller.OrderController         : [PYTHIA_FINE_TRACE] service=ts-order-service endpoint=createOrder latency_ms=120
2026-03-18 13:59:33.378  INFO 1 --- [io-12031-exec-6] order.service.OrderServiceImpl           : [PYTHIA_FINE_TRACE] service=ts-order-service stage=service_create latency_ms=124
2026-03-18 13:59:33.378  INFO 1 --- [io-12031-exec-6] order.controller.OrderController         : [PYTHIA_FINE_TRACE] service=ts-order-service endpoint=createOrder latency_ms=124
2026-03-18 13:59:34.079  INFO 1 --- [io-12031-exec-3] order.service.OrderServiceImpl           : [PYTHIA_FINE_TRACE] service=ts-order-service stage=service_create latency_ms=422
2026-03-18 13:59:34.079  INFO 1 --- [io-12031-exec-3] order.controller.OrderController         : [PYTHIA_FINE_TRACE] service=ts-order-service endpoint=createOrder latency_ms=422
2026-03-18 13:59:34.477  INFO 1 --- [io-12031-exec-1] order.service.OrderServiceImpl           : [PYTHIA_FINE_TRACE] service=ts-order-service stage=service_create latency_ms=120
2026-03-18 13:59:34.477  INFO 1 --- [io-12031-exec-1] order.controller.OrderController         : [PYTHIA_FINE_TRACE] service=ts-order-service endpoint=createOrder latency_ms=120
2026-03-18 13:59:34.817  INFO 1 --- [io-12031-exec-5] order.service.OrderServiceImpl           : [PYTHIA_FINE_TRACE] service=ts-order-service stage=service_create latency_ms=70
2026-03-18 13:59:34.817  INFO 1 --- [io-12031-exec-5] order.controller.OrderController         : [PYTHIA_FINE_TRACE] service=ts-order-service endpoint=createOrder latency_ms=70
2026-03-18 13:59:35.421  INFO 1 --- [io-12031-exec-7] order.service.OrderServiceImpl           : [PYTHIA_FINE_TRACE] service=ts-order-service stage=service_create latency_ms=368
2026-03-18 13:59:35.421  INFO 1 --- [io-12031-exec-7] order.controller.OrderController         : [PYTHIA_FINE_TRACE] service=ts-order-service endpoint=createOrder latency_ms=369
2026-03-18 13:59:35.795  INFO 1 --- [io-12031-exec-8] order.service.OrderServiceImpl           : [PYTHIA_FINE_TRACE] service=ts-order-service stage=service_create latency_ms=65
2026-03-18 13:59:35.795  INFO 1 --- [io-12031-exec-8] order.controller.OrderController         : [PYTHIA_FINE_TRACE] service=ts-order-service endpoint=createOrder latency_ms=65
2026-03-18 13:59:36.167  INFO 1 --- [io-12031-exec-2] order.service.OrderServiceImpl           : [PYTHIA_FINE_TRACE] service=ts-order-service stage=service_create latency_ms=107
2026-03-18 13:59:36.167  INFO 1 --- [io-12031-exec-2] order.controller.OrderController         : [PYTHIA_FINE_TRACE] service=ts-order-service endpoint=createOrder latency_ms=107
2026-03-18 13:59:36.568  INFO 1 --- [io-12031-exec-9] order.service.OrderServiceImpl           : [PYTHIA_FINE_TRACE] service=ts-order-service stage=service_create latency_ms=112
2026-03-18 13:59:36.568  INFO 1 --- [io-12031-exec-9] order.controller.OrderController         : [PYTHIA_FINE_TRACE] service=ts-order-service endpoint=createOrder latency_ms=112
2026-03-18 13:59:37.216  INFO 1 --- [io-12031-exec-4] order.service.OrderServiceImpl           : [PYTHIA_FINE_TRACE] service=ts-order-service stage=service_create latency_ms=365
2026-03-18 13:59:37.216  INFO 1 --- [io-12031-exec-4] order.controller.OrderController         : [PYTHIA_FINE_TRACE] service=ts-order-service endpoint=createOrder latency_ms=366
2026-03-18 13:59:37.583  INFO 1 --- [o-12031-exec-10] order.service.OrderServiceImpl           : [PYTHIA_FINE_TRACE] service=ts-order-service stage=service_create latency_ms=131
2026-03-18 13:59:37.583  INFO 1 --- [o-12031-exec-10] order.controller.OrderController         : [PYTHIA_FINE_TRACE] service=ts-order-service endpoint=createOrder latency_ms=131
2026-03-18 13:59:37.911  INFO 1 --- [io-12031-exec-6] order.service.OrderServiceImpl           : [PYTHIA_FINE_TRACE] service=ts-order-service stage=service_create latency_ms=59
2026-03-18 13:59:37.911  INFO 1 --- [io-12031-exec-6] order.controller.OrderController         : [PYTHIA_FINE_TRACE] service=ts-order-service endpoint=createOrder latency_ms=59
2026-03-18 13:59:38.280  INFO 1 --- [io-12031-exec-3] order.service.OrderServiceImpl           : [PYTHIA_FINE_TRACE] service=ts-order-service stage=service_create latency_ms=122
2026-03-18 13:59:38.280  INFO 1 --- [io-12031-exec-3] order.controller.OrderController         : [PYTHIA_FINE_TRACE] service=ts-order-service endpoint=createOrder latency_ms=122
2026-03-18 13:59:38.704  INFO 1 --- [io-12031-exec-1] order.service.OrderServiceImpl           : [PYTHIA_FINE_TRACE] service=ts-order-service stage=service_create latency_ms=146
2026-03-18 13:59:38.704  INFO 1 --- [io-12031-exec-1] order.controller.OrderController         : [PYTHIA_FINE_TRACE] service=ts-order-service endpoint=createOrder latency_ms=146
2026-03-18 13:59:39.387  INFO 1 --- [io-12031-exec-5] order.service.OrderServiceImpl           : [PYTHIA_FINE_TRACE] service=ts-order-service stage=service_create latency_ms=428
2026-03-18 13:59:39.387  INFO 1 --- [io-12031-exec-5] order.controller.OrderController         : [PYTHIA_FINE_TRACE] service=ts-order-service endpoint=createOrder latency_ms=428
2026-03-18 13:59:40.086  INFO 1 --- [io-12031-exec-8] order.service.OrderServiceImpl           : [PYTHIA_FINE_TRACE] service=ts-order-service stage=service_create latency_ms=432
2026-03-18 13:59:40.086  INFO 1 --- [io-12031-exec-8] order.controller.OrderController         : [PYTHIA_FINE_TRACE] service=ts-order-service endpoint=createOrder latency_ms=432
2026-03-18 13:59:40.784  INFO 1 --- [io-12031-exec-2] order.service.OrderServiceImpl           : [PYTHIA_FINE_TRACE] service=ts-order-service stage=service_create latency_ms=427
2026-03-18 13:59:40.784  INFO 1 --- [io-12031-exec-2] order.controller.OrderController         : [PYTHIA_FINE_TRACE] service=ts-order-service endpoint=createOrder latency_ms=427
2026-03-18 13:59:41.187  INFO 1 --- [io-12031-exec-9] order.service.OrderServiceImpl           : [PYTHIA_FINE_TRACE] service=ts-order-service stage=service_create latency_ms=125
2026-03-18 13:59:41.187  INFO 1 --- [io-12031-exec-9] order.controller.OrderController         : [PYTHIA_FINE_TRACE] service=ts-order-service endpoint=createOrder latency_ms=125
2026-03-18 13:59:41.585  INFO 1 --- [io-12031-exec-4] order.service.OrderServiceImpl           : [PYTHIA_FINE_TRACE] service=ts-order-service stage=service_create latency_ms=130
2026-03-18 13:59:41.585  INFO 1 --- [io-12031-exec-4] order.controller.OrderController         : [PYTHIA_FINE_TRACE] service=ts-order-service endpoint=createOrder latency_ms=130
2026-03-18 13:59:41.924  INFO 1 --- [o-12031-exec-10] order.service.OrderServiceImpl           : [PYTHIA_FINE_TRACE] service=ts-order-service stage=service_create latency_ms=67
2026-03-18 13:59:41.924  INFO 1 --- [o-12031-exec-10] order.controller.OrderController         : [PYTHIA_FINE_TRACE] service=ts-order-service endpoint=createOrder latency_ms=67
2026-03-18 13:59:42.267  INFO 1 --- [io-12031-exec-6] order.service.OrderServiceImpl           : [PYTHIA_FINE_TRACE] service=ts-order-service stage=service_create latency_ms=109
2026-03-18 13:59:42.267  INFO 1 --- [io-12031-exec-6] order.controller.OrderController         : [PYTHIA_FINE_TRACE] service=ts-order-service endpoint=createOrder latency_ms=109
2026-03-18 13:59:42.608  INFO 1 --- [io-12031-exec-3] order.service.OrderServiceImpl           : [PYTHIA_FINE_TRACE] service=ts-order-service stage=service_create latency_ms=67
2026-03-18 13:59:42.609  INFO 1 --- [io-12031-exec-3] order.controller.OrderController         : [PYTHIA_FINE_TRACE] service=ts-order-service endpoint=createOrder latency_ms=68
2026-03-18 13:59:42.976  INFO 1 --- [io-12031-exec-1] order.service.OrderServiceImpl           : [PYTHIA_FINE_TRACE] service=ts-order-service stage=service_create latency_ms=110
2026-03-18 13:59:42.976  INFO 1 --- [io-12031-exec-1] order.controller.OrderController         : [PYTHIA_FINE_TRACE] service=ts-order-service endpoint=createOrder latency_ms=110
2026-03-18 13:59:43.312  INFO 1 --- [io-12031-exec-7] order.service.OrderServiceImpl           : [PYTHIA_FINE_TRACE] service=ts-order-service stage=service_create latency_ms=64
2026-03-18 13:59:43.312  INFO 1 --- [io-12031-exec-7] order.controller.OrderController         : [PYTHIA_FINE_TRACE] service=ts-order-service endpoint=createOrder latency_ms=64
2026-03-18 13:59:43.676  INFO 1 --- [io-12031-exec-5] order.service.OrderServiceImpl           : [PYTHIA_FINE_TRACE] service=ts-order-service stage=service_create latency_ms=114
2026-03-18 13:59:43.676  INFO 1 --- [io-12031-exec-5] order.controller.OrderController         : [PYTHIA_FINE_TRACE] service=ts-order-service endpoint=createOrder latency_ms=114
2026-03-18 13:59:44.313  INFO 1 --- [io-12031-exec-8] order.service.OrderServiceImpl           : [PYTHIA_FINE_TRACE] service=ts-order-service stage=service_create latency_ms=362
2026-03-18 13:59:44.313  INFO 1 --- [io-12031-exec-8] order.controller.OrderController         : [PYTHIA_FINE_TRACE] service=ts-order-service endpoint=createOrder latency_ms=362
2026-03-18 13:59:44.618  INFO 1 --- [io-12031-exec-2] order.service.OrderServiceImpl           : [PYTHIA_FINE_TRACE] service=ts-order-service stage=service_create latency_ms=61
2026-03-18 13:59:44.618  INFO 1 --- [io-12031-exec-2] order.controller.OrderController         : [PYTHIA_FINE_TRACE] service=ts-order-service endpoint=createOrder latency_ms=61
2026-03-18 13:59:45.395  INFO 1 --- [io-12031-exec-9] order.service.OrderServiceImpl           : [PYTHIA_FINE_TRACE] service=ts-order-service stage=service_create latency_ms=535
2026-03-18 13:59:45.395  INFO 1 --- [io-12031-exec-9] order.controller.OrderController         : [PYTHIA_FINE_TRACE] service=ts-order-service endpoint=createOrder latency_ms=536
2026-03-18 13:59:46.078  INFO 1 --- [io-12031-exec-4] order.service.OrderServiceImpl           : [PYTHIA_FINE_TRACE] service=ts-order-service stage=service_create latency_ms=425
2026-03-18 13:59:46.078  INFO 1 --- [io-12031-exec-4] order.controller.OrderController         : [PYTHIA_FINE_TRACE] service=ts-order-service endpoint=createOrder latency_ms=425
2026-03-18 13:59:46.416  INFO 1 --- [o-12031-exec-10] order.service.OrderServiceImpl           : [PYTHIA_FINE_TRACE] service=ts-order-service stage=service_create latency_ms=72
2026-03-18 13:59:46.416  INFO 1 --- [o-12031-exec-10] order.controller.OrderController         : [PYTHIA_FINE_TRACE] service=ts-order-service endpoint=createOrder latency_ms=73
2026-03-18 13:59:46.775  INFO 1 --- [io-12031-exec-6] order.service.OrderServiceImpl           : [PYTHIA_FINE_TRACE] service=ts-order-service stage=service_create latency_ms=121
2026-03-18 13:59:46.775  INFO 1 --- [io-12031-exec-6] order.controller.OrderController         : [PYTHIA_FINE_TRACE] service=ts-order-service endpoint=createOrder latency_ms=121
2026-03-18 13:59:47.421  INFO 1 --- [io-12031-exec-3] order.service.OrderServiceImpl           : [PYTHIA_FINE_TRACE] service=ts-order-service stage=service_create latency_ms=374
2026-03-18 13:59:47.421  INFO 1 --- [io-12031-exec-3] order.controller.OrderController         : [PYTHIA_FINE_TRACE] service=ts-order-service endpoint=createOrder latency_ms=374
2026-03-18 13:59:47.766  INFO 1 --- [io-12031-exec-1] order.service.OrderServiceImpl           : [PYTHIA_FINE_TRACE] service=ts-order-service stage=service_create latency_ms=113
2026-03-18 13:59:47.766  INFO 1 --- [io-12031-exec-1] order.controller.OrderController         : [PYTHIA_FINE_TRACE] service=ts-order-service endpoint=createOrder latency_ms=113
2026-03-18 13:59:48.113  INFO 1 --- [io-12031-exec-7] order.service.OrderServiceImpl           : [PYTHIA_FINE_TRACE] service=ts-order-service stage=service_create latency_ms=73
2026-03-18 13:59:48.113  INFO 1 --- [io-12031-exec-7] order.controller.OrderController         : [PYTHIA_FINE_TRACE] service=ts-order-service endpoint=createOrder latency_ms=73
2026-03-18 13:59:48.484  INFO 1 --- [io-12031-exec-5] order.service.OrderServiceImpl           : [PYTHIA_FINE_TRACE] service=ts-order-service stage=service_create latency_ms=123
2026-03-18 13:59:48.484  INFO 1 --- [io-12031-exec-5] order.controller.OrderController         : [PYTHIA_FINE_TRACE] service=ts-order-service endpoint=createOrder latency_ms=124
2026-03-18 13:59:48.867  INFO 1 --- [io-12031-exec-8] order.service.OrderServiceImpl           : [PYTHIA_FINE_TRACE] service=ts-order-service stage=service_create latency_ms=113
2026-03-18 13:59:48.867  INFO 1 --- [io-12031-exec-8] order.controller.OrderController         : [PYTHIA_FINE_TRACE] service=ts-order-service endpoint=createOrder latency_ms=113
2026-03-18 13:59:49.508  INFO 1 --- [io-12031-exec-9] order.service.OrderServiceImpl           : [PYTHIA_FINE_TRACE] service=ts-order-service stage=service_create latency_ms=365
2026-03-18 13:59:49.508  INFO 1 --- [io-12031-exec-9] order.controller.OrderController         : [PYTHIA_FINE_TRACE] service=ts-order-service endpoint=createOrder latency_ms=365
2026-03-18 13:59:49.867  INFO 1 --- [io-12031-exec-4] order.service.OrderServiceImpl           : [PYTHIA_FINE_TRACE] service=ts-order-service stage=service_create latency_ms=110
2026-03-18 13:59:49.867  INFO 1 --- [io-12031-exec-4] order.controller.OrderController         : [PYTHIA_FINE_TRACE] service=ts-order-service endpoint=createOrder latency_ms=110
2026-03-18 13:59:50.214  INFO 1 --- [o-12031-exec-10] order.service.OrderServiceImpl           : [PYTHIA_FINE_TRACE] service=ts-order-service stage=service_create latency_ms=65
2026-03-18 13:59:50.215  INFO 1 --- [o-12031-exec-10] order.controller.OrderController         : [PYTHIA_FINE_TRACE] service=ts-order-service endpoint=createOrder latency_ms=66
2026-03-18 13:59:50.819  INFO 1 --- [io-12031-exec-6] order.service.OrderServiceImpl           : [PYTHIA_FINE_TRACE] service=ts-order-service stage=service_create latency_ms=361
2026-03-18 13:59:50.819  INFO 1 --- [io-12031-exec-6] order.controller.OrderController         : [PYTHIA_FINE_TRACE] service=ts-order-service endpoint=createOrder latency_ms=361
2026-03-18 13:59:51.484  INFO 1 --- [io-12031-exec-3] order.service.OrderServiceImpl           : [PYTHIA_FINE_TRACE] service=ts-order-service stage=service_create latency_ms=426
2026-03-18 13:59:51.484  INFO 1 --- [io-12031-exec-3] order.controller.OrderController         : [PYTHIA_FINE_TRACE] service=ts-order-service endpoint=createOrder latency_ms=427
2026-03-18 13:59:52.185  INFO 1 --- [io-12031-exec-1] order.service.OrderServiceImpl           : [PYTHIA_FINE_TRACE] service=ts-order-service stage=service_create latency_ms=428
2026-03-18 13:59:52.185  INFO 1 --- [io-12031-exec-1] order.controller.OrderController         : [PYTHIA_FINE_TRACE] service=ts-order-service endpoint=createOrder latency_ms=428
2026-03-18 13:59:52.584  INFO 1 --- [io-12031-exec-7] order.service.OrderServiceImpl           : [PYTHIA_FINE_TRACE] service=ts-order-service stage=service_create latency_ms=128
2026-03-18 13:59:52.584  INFO 1 --- [io-12031-exec-7] order.controller.OrderController         : [PYTHIA_FINE_TRACE] service=ts-order-service endpoint=createOrder latency_ms=128
2026-03-18 13:59:53.282  INFO 1 --- [io-12031-exec-5] order.service.OrderServiceImpl           : [PYTHIA_FINE_TRACE] service=ts-order-service stage=service_create latency_ms=429
2026-03-18 13:59:53.282  INFO 1 --- [io-12031-exec-5] order.controller.OrderController         : [PYTHIA_FINE_TRACE] service=ts-order-service endpoint=createOrder latency_ms=429
2026-03-18 13:59:53.973  INFO 1 --- [io-12031-exec-8] order.service.OrderServiceImpl           : [PYTHIA_FINE_TRACE] service=ts-order-service stage=service_create latency_ms=417
2026-03-18 13:59:53.973  INFO 1 --- [io-12031-exec-8] order.controller.OrderController         : [PYTHIA_FINE_TRACE] service=ts-order-service endpoint=createOrder latency_ms=417
2026-03-18 13:59:54.310  INFO 1 --- [io-12031-exec-2] order.service.OrderServiceImpl           : [PYTHIA_FINE_TRACE] service=ts-order-service stage=service_create latency_ms=70
2026-03-18 13:59:54.310  INFO 1 --- [io-12031-exec-2] order.controller.OrderController         : [PYTHIA_FINE_TRACE] service=ts-order-service endpoint=createOrder latency_ms=70
2026-03-18 13:59:54.979  INFO 1 --- [io-12031-exec-9] order.service.OrderServiceImpl           : [PYTHIA_FINE_TRACE] service=ts-order-service stage=service_create latency_ms=421
2026-03-18 13:59:54.979  INFO 1 --- [io-12031-exec-9] order.controller.OrderController         : [PYTHIA_FINE_TRACE] service=ts-order-service endpoint=createOrder latency_ms=421
2026-03-18 13:59:55.314  INFO 1 --- [io-12031-exec-4] order.service.OrderServiceImpl           : [PYTHIA_FINE_TRACE] service=ts-order-service stage=service_create latency_ms=69
2026-03-18 13:59:55.314  INFO 1 --- [io-12031-exec-4] order.controller.OrderController         : [PYTHIA_FINE_TRACE] service=ts-order-service endpoint=createOrder latency_ms=69
2026-03-18 13:59:55.675  INFO 1 --- [o-12031-exec-10] order.service.OrderServiceImpl           : [PYTHIA_FINE_TRACE] service=ts-order-service stage=service_create latency_ms=118
2026-03-18 13:59:55.675  INFO 1 --- [o-12031-exec-10] order.controller.OrderController         : [PYTHIA_FINE_TRACE] service=ts-order-service endpoint=createOrder latency_ms=118
2026-03-18 13:59:56.312  INFO 1 --- [io-12031-exec-6] order.service.OrderServiceImpl           : [PYTHIA_FINE_TRACE] service=ts-order-service stage=service_create latency_ms=365
2026-03-18 13:59:56.312  INFO 1 --- [io-12031-exec-6] order.controller.OrderController         : [PYTHIA_FINE_TRACE] service=ts-order-service endpoint=createOrder latency_ms=365
2026-03-18 13:59:56.614  INFO 1 --- [io-12031-exec-3] order.service.OrderServiceImpl           : [PYTHIA_FINE_TRACE] service=ts-order-service stage=service_create latency_ms=65
2026-03-18 13:59:56.614  INFO 1 --- [io-12031-exec-3] order.controller.OrderController         : [PYTHIA_FINE_TRACE] service=ts-order-service endpoint=createOrder latency_ms=65
2026-03-18 13:59:56.914  INFO 1 --- [io-12031-exec-1] order.service.OrderServiceImpl           : [PYTHIA_FINE_TRACE] service=ts-order-service stage=service_create latency_ms=60
2026-03-18 13:59:56.914  INFO 1 --- [io-12031-exec-1] order.controller.OrderController         : [PYTHIA_FINE_TRACE] service=ts-order-service endpoint=createOrder latency_ms=60
2026-03-18 13:59:57.209  INFO 1 --- [io-12031-exec-7] order.service.OrderServiceImpl           : [PYTHIA_FINE_TRACE] service=ts-order-service stage=service_create latency_ms=59
2026-03-18 13:59:57.209  INFO 1 --- [io-12031-exec-7] order.controller.OrderController         : [PYTHIA_FINE_TRACE] service=ts-order-service endpoint=createOrder latency_ms=59
2026-03-18 13:59:57.514  INFO 1 --- [io-12031-exec-5] order.service.OrderServiceImpl           : [PYTHIA_FINE_TRACE] service=ts-order-service stage=service_create latency_ms=60
2026-03-18 13:59:57.514  INFO 1 --- [io-12031-exec-5] order.controller.OrderController         : [PYTHIA_FINE_TRACE] service=ts-order-service endpoint=createOrder latency_ms=60
2026-03-18 13:59:57.877  INFO 1 --- [io-12031-exec-8] order.service.OrderServiceImpl           : [PYTHIA_FINE_TRACE] service=ts-order-service stage=service_create latency_ms=124
2026-03-18 13:59:57.877  INFO 1 --- [io-12031-exec-8] order.controller.OrderController         : [PYTHIA_FINE_TRACE] service=ts-order-service endpoint=createOrder latency_ms=124
2026-03-18 13:59:58.692  INFO 1 --- [io-12031-exec-2] order.service.OrderServiceImpl           : [PYTHIA_FINE_TRACE] service=ts-order-service stage=service_create latency_ms=535
2026-03-18 13:59:58.692  INFO 1 --- [io-12031-exec-2] order.controller.OrderController         : [PYTHIA_FINE_TRACE] service=ts-order-service endpoint=createOrder latency_ms=535
2026-03-18 13:59:59.088  INFO 1 --- [io-12031-exec-9] order.service.OrderServiceImpl           : [PYTHIA_FINE_TRACE] service=ts-order-service stage=service_create latency_ms=133
2026-03-18 13:59:59.088  INFO 1 --- [io-12031-exec-9] order.controller.OrderController         : [PYTHIA_FINE_TRACE] service=ts-order-service endpoint=createOrder latency_ms=133
2026-03-18 13:59:59.491  INFO 1 --- [o-12031-exec-10] order.service.OrderServiceImpl           : [PYTHIA_FINE_TRACE] service=ts-order-service stage=service_create latency_ms=129
2026-03-18 13:59:59.491  INFO 1 --- [o-12031-exec-10] order.controller.OrderController         : [PYTHIA_FINE_TRACE] service=ts-order-service endpoint=createOrder latency_ms=129
2026-03-18 13:59:59.884  INFO 1 --- [io-12031-exec-6] order.service.OrderServiceImpl           : [PYTHIA_FINE_TRACE] service=ts-order-service stage=service_create latency_ms=129
2026-03-18 13:59:59.884  INFO 1 --- [io-12031-exec-6] order.controller.OrderController         : [PYTHIA_FINE_TRACE] service=ts-order-service endpoint=createOrder latency_ms=129
2026-03-18 14:00:00.579  INFO 1 --- [io-12031-exec-3] order.service.OrderServiceImpl           : [PYTHIA_FINE_TRACE] service=ts-order-service stage=service_create latency_ms=424
2026-03-18 14:00:00.579  INFO 1 --- [io-12031-exec-3] order.controller.OrderController         : [PYTHIA_FINE_TRACE] service=ts-order-service endpoint=createOrder latency_ms=424
2026-03-18 14:00:00.986  INFO 1 --- [io-12031-exec-1] order.service.OrderServiceImpl           : [PYTHIA_FINE_TRACE] service=ts-order-service stage=service_create latency_ms=135
2026-03-18 14:00:00.986  INFO 1 --- [io-12031-exec-1] order.controller.OrderController         : [PYTHIA_FINE_TRACE] service=ts-order-service endpoint=createOrder latency_ms=135
2026-03-18 14:00:01.393  INFO 1 --- [io-12031-exec-7] order.service.OrderServiceImpl           : [PYTHIA_FINE_TRACE] service=ts-order-service stage=service_create latency_ms=133
2026-03-18 14:00:01.393  INFO 1 --- [io-12031-exec-7] order.controller.OrderController         : [PYTHIA_FINE_TRACE] service=ts-order-service endpoint=createOrder latency_ms=133
2026-03-18 14:00:02.083  INFO 1 --- [io-12031-exec-5] order.service.OrderServiceImpl           : [PYTHIA_FINE_TRACE] service=ts-order-service stage=service_create latency_ms=415
2026-03-18 14:00:02.083  INFO 1 --- [io-12031-exec-5] order.controller.OrderController         : [PYTHIA_FINE_TRACE] service=ts-order-service endpoint=createOrder latency_ms=416
2026-03-18 14:00:02.781  INFO 1 --- [io-12031-exec-8] order.service.OrderServiceImpl           : [PYTHIA_FINE_TRACE] service=ts-order-service stage=service_create latency_ms=421
2026-03-18 14:00:02.781  INFO 1 --- [io-12031-exec-8] order.controller.OrderController         : [PYTHIA_FINE_TRACE] service=ts-order-service endpoint=createOrder latency_ms=421
2026-03-18 14:00:03.476  INFO 1 --- [io-12031-exec-2] order.service.OrderServiceImpl           : [PYTHIA_FINE_TRACE] service=ts-order-service stage=service_create latency_ms=417
2026-03-18 14:00:03.476  INFO 1 --- [io-12031-exec-2] order.controller.OrderController         : [PYTHIA_FINE_TRACE] service=ts-order-service endpoint=createOrder latency_ms=417
2026-03-18 14:00:04.167  INFO 1 --- [io-12031-exec-4] order.service.OrderServiceImpl           : [PYTHIA_FINE_TRACE] service=ts-order-service stage=service_create latency_ms=408
2026-03-18 14:00:04.167  INFO 1 --- [io-12031-exec-4] order.controller.OrderController         : [PYTHIA_FINE_TRACE] service=ts-order-service endpoint=createOrder latency_ms=408
2026-03-18 14:00:04.796  INFO 1 --- [io-12031-exec-9] order.service.OrderServiceImpl           : [PYTHIA_FINE_TRACE] service=ts-order-service stage=service_create latency_ms=360
2026-03-18 14:00:04.796  INFO 1 --- [io-12031-exec-9] order.controller.OrderController         : [PYTHIA_FINE_TRACE] service=ts-order-service endpoint=createOrder latency_ms=360
2026-03-18 14:00:05.180  INFO 1 --- [o-12031-exec-10] order.service.OrderServiceImpl           : [PYTHIA_FINE_TRACE] service=ts-order-service stage=service_create latency_ms=123
2026-03-18 14:00:05.180  INFO 1 --- [o-12031-exec-10] order.controller.OrderController         : [PYTHIA_FINE_TRACE] service=ts-order-service endpoint=createOrder latency_ms=123
2026-03-18 14:00:05.585  INFO 1 --- [io-12031-exec-6] order.service.OrderServiceImpl           : [PYTHIA_FINE_TRACE] service=ts-order-service stage=service_create latency_ms=136
2026-03-18 14:00:05.585  INFO 1 --- [io-12031-exec-6] order.controller.OrderController         : [PYTHIA_FINE_TRACE] service=ts-order-service endpoint=createOrder latency_ms=136
2026-03-18 14:00:06.288  INFO 1 --- [io-12031-exec-3] order.service.OrderServiceImpl           : [PYTHIA_FINE_TRACE] service=ts-order-service stage=service_create latency_ms=432
2026-03-18 14:00:06.288  INFO 1 --- [io-12031-exec-3] order.controller.OrderController         : [PYTHIA_FINE_TRACE] service=ts-order-service endpoint=createOrder latency_ms=432
2026-03-18 14:00:06.990  INFO 1 --- [io-12031-exec-1] order.service.OrderServiceImpl           : [PYTHIA_FINE_TRACE] service=ts-order-service stage=service_create latency_ms=433
2026-03-18 14:00:06.990  INFO 1 --- [io-12031-exec-1] order.controller.OrderController         : [PYTHIA_FINE_TRACE] service=ts-order-service endpoint=createOrder latency_ms=433
2026-03-18 14:00:07.771  INFO 1 --- [io-12031-exec-7] order.service.OrderServiceImpl           : [PYTHIA_FINE_TRACE] service=ts-order-service stage=service_create latency_ms=508
2026-03-18 14:00:07.771  INFO 1 --- [io-12031-exec-7] order.controller.OrderController         : [PYTHIA_FINE_TRACE] service=ts-order-service endpoint=createOrder latency_ms=508
2026-03-18 14:00:08.467  INFO 1 --- [io-12031-exec-5] order.service.OrderServiceImpl           : [PYTHIA_FINE_TRACE] service=ts-order-service stage=service_create latency_ms=422
2026-03-18 14:00:08.467  INFO 1 --- [io-12031-exec-5] order.controller.OrderController         : [PYTHIA_FINE_TRACE] service=ts-order-service endpoint=createOrder latency_ms=422
2026-03-18 14:00:08.822  INFO 1 --- [io-12031-exec-8] order.service.OrderServiceImpl           : [PYTHIA_FINE_TRACE] service=ts-order-service stage=service_create latency_ms=75
2026-03-18 14:00:08.822  INFO 1 --- [io-12031-exec-8] order.controller.OrderController         : [PYTHIA_FINE_TRACE] service=ts-order-service endpoint=createOrder latency_ms=76
2026-03-18 14:00:09.273  INFO 1 --- [io-12031-exec-4] order.service.OrderServiceImpl           : [PYTHIA_FINE_TRACE] service=ts-order-service stage=service_create latency_ms=116
2026-03-18 14:00:09.273  INFO 1 --- [io-12031-exec-4] order.controller.OrderController         : [PYTHIA_FINE_TRACE] service=ts-order-service endpoint=createOrder latency_ms=116
2026-03-18 14:00:09.679  INFO 1 --- [io-12031-exec-9] order.service.OrderServiceImpl           : [PYTHIA_FINE_TRACE] service=ts-order-service stage=service_create latency_ms=121
2026-03-18 14:00:09.679  INFO 1 --- [io-12031-exec-9] order.controller.OrderController         : [PYTHIA_FINE_TRACE] service=ts-order-service endpoint=createOrder latency_ms=121
2026-03-18 14:00:10.079  INFO 1 --- [o-12031-exec-10] order.service.OrderServiceImpl           : [PYTHIA_FINE_TRACE] service=ts-order-service stage=service_create latency_ms=123
2026-03-18 14:00:10.079  INFO 1 --- [o-12031-exec-10] order.controller.OrderController         : [PYTHIA_FINE_TRACE] service=ts-order-service endpoint=createOrder latency_ms=123
2026-03-18 14:00:10.477  INFO 1 --- [io-12031-exec-6] order.service.OrderServiceImpl           : [PYTHIA_FINE_TRACE] service=ts-order-service stage=service_create latency_ms=123
2026-03-18 14:00:10.477  INFO 1 --- [io-12031-exec-6] order.controller.OrderController         : [PYTHIA_FINE_TRACE] service=ts-order-service endpoint=createOrder latency_ms=123
2026-03-18 14:00:10.887  INFO 1 --- [io-12031-exec-3] order.service.OrderServiceImpl           : [PYTHIA_FINE_TRACE] service=ts-order-service stage=service_create latency_ms=121
2026-03-18 14:00:10.887  INFO 1 --- [io-12031-exec-3] order.controller.OrderController         : [PYTHIA_FINE_TRACE] service=ts-order-service endpoint=createOrder latency_ms=121
2026-03-18 14:00:11.280  INFO 1 --- [io-12031-exec-1] order.service.OrderServiceImpl           : [PYTHIA_FINE_TRACE] service=ts-order-service stage=service_create latency_ms=109
2026-03-18 14:00:11.280  INFO 1 --- [io-12031-exec-1] order.controller.OrderController         : [PYTHIA_FINE_TRACE] service=ts-order-service endpoint=createOrder latency_ms=109
2026-03-18 14:00:11.709  INFO 1 --- [io-12031-exec-7] order.service.OrderServiceImpl           : [PYTHIA_FINE_TRACE] service=ts-order-service stage=service_create latency_ms=141
2026-03-18 14:00:11.709  INFO 1 --- [io-12031-exec-7] order.controller.OrderController         : [PYTHIA_FINE_TRACE] service=ts-order-service endpoint=createOrder latency_ms=141
2026-03-18 14:00:12.880  INFO 1 --- [io-12031-exec-5] order.service.OrderServiceImpl           : [PYTHIA_FINE_TRACE] service=ts-order-service stage=service_create latency_ms=920
2026-03-18 14:00:12.880  INFO 1 --- [io-12031-exec-5] order.controller.OrderController         : [PYTHIA_FINE_TRACE] service=ts-order-service endpoint=createOrder latency_ms=921
2026-03-18 14:00:13.298  INFO 1 --- [io-12031-exec-8] order.service.OrderServiceImpl           : [PYTHIA_FINE_TRACE] service=ts-order-service stage=service_create latency_ms=132
2026-03-18 14:00:13.298  INFO 1 --- [io-12031-exec-8] order.controller.OrderController         : [PYTHIA_FINE_TRACE] service=ts-order-service endpoint=createOrder latency_ms=132
2026-03-18 14:00:13.986  INFO 1 --- [io-12031-exec-2] order.service.OrderServiceImpl           : [PYTHIA_FINE_TRACE] service=ts-order-service stage=service_create latency_ms=426
2026-03-18 14:00:13.986  INFO 1 --- [io-12031-exec-2] order.controller.OrderController         : [PYTHIA_FINE_TRACE] service=ts-order-service endpoint=createOrder latency_ms=427
2026-03-18 14:00:14.386  INFO 1 --- [io-12031-exec-4] order.service.OrderServiceImpl           : [PYTHIA_FINE_TRACE] service=ts-order-service stage=service_create latency_ms=126
2026-03-18 14:00:14.386  INFO 1 --- [io-12031-exec-4] order.controller.OrderController         : [PYTHIA_FINE_TRACE] service=ts-order-service endpoint=createOrder latency_ms=126
2026-03-18 14:00:15.079  INFO 1 --- [io-12031-exec-9] order.service.OrderServiceImpl           : [PYTHIA_FINE_TRACE] service=ts-order-service stage=service_create latency_ms=420
2026-03-18 14:00:15.079  INFO 1 --- [io-12031-exec-9] order.controller.OrderController         : [PYTHIA_FINE_TRACE] service=ts-order-service endpoint=createOrder latency_ms=420
2026-03-18 14:00:15.466  INFO 1 --- [o-12031-exec-10] order.service.OrderServiceImpl           : [PYTHIA_FINE_TRACE] service=ts-order-service stage=service_create latency_ms=112
2026-03-18 14:00:15.466  INFO 1 --- [o-12031-exec-10] order.controller.OrderController         : [PYTHIA_FINE_TRACE] service=ts-order-service endpoint=createOrder latency_ms=112
2026-03-18 14:00:15.802  INFO 1 --- [io-12031-exec-6] order.service.OrderServiceImpl           : [PYTHIA_FINE_TRACE] service=ts-order-service stage=service_create latency_ms=69
2026-03-18 14:00:15.802  INFO 1 --- [io-12031-exec-6] order.controller.OrderController         : [PYTHIA_FINE_TRACE] service=ts-order-service endpoint=createOrder latency_ms=69
2026-03-18 14:00:16.122  INFO 1 --- [io-12031-exec-3] order.service.OrderServiceImpl           : [PYTHIA_FINE_TRACE] service=ts-order-service stage=service_create latency_ms=65
2026-03-18 14:00:16.122  INFO 1 --- [io-12031-exec-3] order.controller.OrderController         : [PYTHIA_FINE_TRACE] service=ts-order-service endpoint=createOrder latency_ms=65
2026-03-18 14:00:16.423  INFO 1 --- [io-12031-exec-1] order.service.OrderServiceImpl           : [PYTHIA_FINE_TRACE] service=ts-order-service stage=service_create latency_ms=66
2026-03-18 14:00:16.423  INFO 1 --- [io-12031-exec-1] order.controller.OrderController         : [PYTHIA_FINE_TRACE] service=ts-order-service endpoint=createOrder latency_ms=66
2026-03-18 14:00:16.782  INFO 1 --- [io-12031-exec-7] order.service.OrderServiceImpl           : [PYTHIA_FINE_TRACE] service=ts-order-service stage=service_create latency_ms=111
2026-03-18 14:00:16.782  INFO 1 --- [io-12031-exec-7] order.controller.OrderController         : [PYTHIA_FINE_TRACE] service=ts-order-service endpoint=createOrder latency_ms=111
2026-03-18 14:00:17.117  INFO 1 --- [io-12031-exec-5] order.service.OrderServiceImpl           : [PYTHIA_FINE_TRACE] service=ts-order-service stage=service_create latency_ms=61
2026-03-18 14:00:17.117  INFO 1 --- [io-12031-exec-5] order.controller.OrderController         : [PYTHIA_FINE_TRACE] service=ts-order-service endpoint=createOrder latency_ms=61
2026-03-18 14:00:17.419  INFO 1 --- [io-12031-exec-8] order.service.OrderServiceImpl           : [PYTHIA_FINE_TRACE] service=ts-order-service stage=service_create latency_ms=64
2026-03-18 14:00:17.419  INFO 1 --- [io-12031-exec-8] order.controller.OrderController         : [PYTHIA_FINE_TRACE] service=ts-order-service endpoint=createOrder latency_ms=64
2026-03-18 14:00:17.884  INFO 1 --- [io-12031-exec-2] order.service.OrderServiceImpl           : [PYTHIA_FINE_TRACE] service=ts-order-service stage=service_create latency_ms=129
2026-03-18 14:00:17.884  INFO 1 --- [io-12031-exec-2] order.controller.OrderController         : [PYTHIA_FINE_TRACE] service=ts-order-service endpoint=createOrder latency_ms=129
2026-03-18 14:00:18.280  INFO 1 --- [io-12031-exec-4] order.service.OrderServiceImpl           : [PYTHIA_FINE_TRACE] service=ts-order-service stage=service_create latency_ms=127
2026-03-18 14:00:18.280  INFO 1 --- [io-12031-exec-4] order.controller.OrderController         : [PYTHIA_FINE_TRACE] service=ts-order-service endpoint=createOrder latency_ms=127
2026-03-18 14:00:18.689  INFO 1 --- [io-12031-exec-9] order.service.OrderServiceImpl           : [PYTHIA_FINE_TRACE] service=ts-order-service stage=service_create latency_ms=129
2026-03-18 14:00:18.689  INFO 1 --- [io-12031-exec-9] order.controller.OrderController         : [PYTHIA_FINE_TRACE] service=ts-order-service endpoint=createOrder latency_ms=129
2026-03-18 14:00:19.081  INFO 1 --- [o-12031-exec-10] order.service.OrderServiceImpl           : [PYTHIA_FINE_TRACE] service=ts-order-service stage=service_create latency_ms=127
2026-03-18 14:00:19.081  INFO 1 --- [o-12031-exec-10] order.controller.OrderController         : [PYTHIA_FINE_TRACE] service=ts-order-service endpoint=createOrder latency_ms=127
2026-03-18 14:00:19.776  INFO 1 --- [io-12031-exec-3] order.service.OrderServiceImpl           : [PYTHIA_FINE_TRACE] service=ts-order-service stage=service_create latency_ms=418
2026-03-18 14:00:19.776  INFO 1 --- [io-12031-exec-3] order.controller.OrderController         : [PYTHIA_FINE_TRACE] service=ts-order-service endpoint=createOrder latency_ms=418
2026-03-18 14:00:20.483  INFO 1 --- [io-12031-exec-1] order.service.OrderServiceImpl           : [PYTHIA_FINE_TRACE] service=ts-order-service stage=service_create latency_ms=424
2026-03-18 14:00:20.483  INFO 1 --- [io-12031-exec-1] order.controller.OrderController         : [PYTHIA_FINE_TRACE] service=ts-order-service endpoint=createOrder latency_ms=424
2026-03-18 14:00:20.971  INFO 1 --- [io-12031-exec-7] order.service.OrderServiceImpl           : [PYTHIA_FINE_TRACE] service=ts-order-service stage=service_create latency_ms=215
2026-03-18 14:00:20.971  INFO 1 --- [io-12031-exec-7] order.controller.OrderController         : [PYTHIA_FINE_TRACE] service=ts-order-service endpoint=createOrder latency_ms=215
2026-03-18 14:00:21.673  INFO 1 --- [io-12031-exec-5] order.service.OrderServiceImpl           : [PYTHIA_FINE_TRACE] service=ts-order-service stage=service_create latency_ms=415
2026-03-18 14:00:21.673  INFO 1 --- [io-12031-exec-5] order.controller.OrderController         : [PYTHIA_FINE_TRACE] service=ts-order-service endpoint=createOrder latency_ms=415
2026-03-18 14:00:22.320  INFO 1 --- [io-12031-exec-8] order.service.OrderServiceImpl           : [PYTHIA_FINE_TRACE] service=ts-order-service stage=service_create latency_ms=372
2026-03-18 14:00:22.320  INFO 1 --- [io-12031-exec-8] order.controller.OrderController         : [PYTHIA_FINE_TRACE] service=ts-order-service endpoint=createOrder latency_ms=372
2026-03-18 14:00:22.721  INFO 1 --- [io-12031-exec-2] order.service.OrderServiceImpl           : [PYTHIA_FINE_TRACE] service=ts-order-service stage=service_create latency_ms=71
2026-03-18 14:00:22.721  INFO 1 --- [io-12031-exec-2] order.controller.OrderController         : [PYTHIA_FINE_TRACE] service=ts-order-service endpoint=createOrder latency_ms=71
2026-03-18 14:00:23.019  INFO 1 --- [io-12031-exec-4] order.service.OrderServiceImpl           : [PYTHIA_FINE_TRACE] service=ts-order-service stage=service_create latency_ms=65
2026-03-18 14:00:23.019  INFO 1 --- [io-12031-exec-4] order.controller.OrderController         : [PYTHIA_FINE_TRACE] service=ts-order-service endpoint=createOrder latency_ms=65
2026-03-18 14:00:23.387  INFO 1 --- [io-12031-exec-9] order.service.OrderServiceImpl           : [PYTHIA_FINE_TRACE] service=ts-order-service stage=service_create latency_ms=130
2026-03-18 14:00:23.387  INFO 1 --- [io-12031-exec-9] order.controller.OrderController         : [PYTHIA_FINE_TRACE] service=ts-order-service endpoint=createOrder latency_ms=130
2026-03-18 14:00:23.801  INFO 1 --- [io-12031-exec-6] order.service.OrderServiceImpl           : [PYTHIA_FINE_TRACE] service=ts-order-service stage=service_create latency_ms=141
2026-03-18 14:00:23.801  INFO 1 --- [io-12031-exec-6] order.controller.OrderController         : [PYTHIA_FINE_TRACE] service=ts-order-service endpoint=createOrder latency_ms=141
2026-03-18 14:00:24.608  INFO 1 --- [o-12031-exec-10] order.service.OrderServiceImpl           : [PYTHIA_FINE_TRACE] service=ts-order-service stage=service_create latency_ms=550
2026-03-18 14:00:24.608  INFO 1 --- [o-12031-exec-10] order.controller.OrderController         : [PYTHIA_FINE_TRACE] service=ts-order-service endpoint=createOrder latency_ms=550
2026-03-18 14:00:24.981  INFO 1 --- [io-12031-exec-3] order.service.OrderServiceImpl           : [PYTHIA_FINE_TRACE] service=ts-order-service stage=service_create latency_ms=122
2026-03-18 14:00:24.981  INFO 1 --- [io-12031-exec-3] order.controller.OrderController         : [PYTHIA_FINE_TRACE] service=ts-order-service endpoint=createOrder latency_ms=122
2026-03-18 14:00:25.384  INFO 1 --- [io-12031-exec-1] order.service.OrderServiceImpl           : [PYTHIA_FINE_TRACE] service=ts-order-service stage=service_create latency_ms=128
2026-03-18 14:00:25.384  INFO 1 --- [io-12031-exec-1] order.controller.OrderController         : [PYTHIA_FINE_TRACE] service=ts-order-service endpoint=createOrder latency_ms=129
2026-03-18 14:00:26.081  INFO 1 --- [io-12031-exec-7] order.service.OrderServiceImpl           : [PYTHIA_FINE_TRACE] service=ts-order-service stage=service_create latency_ms=423
2026-03-18 14:00:26.081  INFO 1 --- [io-12031-exec-7] order.controller.OrderController         : [PYTHIA_FINE_TRACE] service=ts-order-service endpoint=createOrder latency_ms=423
2026-03-18 14:00:26.773  INFO 1 --- [io-12031-exec-5] order.service.OrderServiceImpl           : [PYTHIA_FINE_TRACE] service=ts-order-service stage=service_create latency_ms=415
2026-03-18 14:00:26.773  INFO 1 --- [io-12031-exec-5] order.controller.OrderController         : [PYTHIA_FINE_TRACE] service=ts-order-service endpoint=createOrder latency_ms=415
2026-03-18 14:00:27.119  INFO 1 --- [io-12031-exec-8] order.service.OrderServiceImpl           : [PYTHIA_FINE_TRACE] service=ts-order-service stage=service_create latency_ms=70
2026-03-18 14:00:27.119  INFO 1 --- [io-12031-exec-8] order.controller.OrderController         : [PYTHIA_FINE_TRACE] service=ts-order-service endpoint=createOrder latency_ms=70
2026-03-18 14:00:27.726  INFO 1 --- [io-12031-exec-2] order.service.OrderServiceImpl           : [PYTHIA_FINE_TRACE] service=ts-order-service stage=service_create latency_ms=368
2026-03-18 14:00:27.726  INFO 1 --- [io-12031-exec-2] order.controller.OrderController         : [PYTHIA_FINE_TRACE] service=ts-order-service endpoint=createOrder latency_ms=368
2026-03-18 14:00:28.117  INFO 1 --- [io-12031-exec-4] order.service.OrderServiceImpl           : [PYTHIA_FINE_TRACE] service=ts-order-service stage=service_create latency_ms=63
2026-03-18 14:00:28.117  INFO 1 --- [io-12031-exec-4] order.controller.OrderController         : [PYTHIA_FINE_TRACE] service=ts-order-service endpoint=createOrder latency_ms=63
2026-03-18 14:00:28.483  INFO 1 --- [io-12031-exec-9] order.service.OrderServiceImpl           : [PYTHIA_FINE_TRACE] service=ts-order-service stage=service_create latency_ms=124
2026-03-18 14:00:28.483  INFO 1 --- [io-12031-exec-9] order.controller.OrderController         : [PYTHIA_FINE_TRACE] service=ts-order-service endpoint=createOrder latency_ms=124
2026-03-18 14:00:29.184  INFO 1 --- [io-12031-exec-6] order.service.OrderServiceImpl           : [PYTHIA_FINE_TRACE] service=ts-order-service stage=service_create latency_ms=421
2026-03-18 14:00:29.184  INFO 1 --- [io-12031-exec-6] order.controller.OrderController         : [PYTHIA_FINE_TRACE] service=ts-order-service endpoint=createOrder latency_ms=421
2026-03-18 14:00:29.596  INFO 1 --- [io-12031-exec-3] order.service.OrderServiceImpl           : [PYTHIA_FINE_TRACE] service=ts-order-service stage=service_create latency_ms=137
2026-03-18 14:00:29.596  INFO 1 --- [io-12031-exec-3] order.controller.OrderController         : [PYTHIA_FINE_TRACE] service=ts-order-service endpoint=createOrder latency_ms=137
2026-03-18 14:00:29.995  INFO 1 --- [io-12031-exec-1] order.service.OrderServiceImpl           : [PYTHIA_FINE_TRACE] service=ts-order-service stage=service_create latency_ms=133
2026-03-18 14:00:29.995  INFO 1 --- [io-12031-exec-1] order.controller.OrderController         : [PYTHIA_FINE_TRACE] service=ts-order-service endpoint=createOrder latency_ms=133
2026-03-18 14:00:30.779  INFO 1 --- [io-12031-exec-7] order.service.OrderServiceImpl           : [PYTHIA_FINE_TRACE] service=ts-order-service stage=service_create latency_ms=423
2026-03-18 14:00:30.779  INFO 1 --- [io-12031-exec-7] order.controller.OrderController         : [PYTHIA_FINE_TRACE] service=ts-order-service endpoint=createOrder latency_ms=423
2026-03-18 14:00:31.194  INFO 1 --- [io-12031-exec-5] order.service.OrderServiceImpl           : [PYTHIA_FINE_TRACE] service=ts-order-service stage=service_create latency_ms=131
2026-03-18 14:00:31.194  INFO 1 --- [io-12031-exec-5] order.controller.OrderController         : [PYTHIA_FINE_TRACE] service=ts-order-service endpoint=createOrder latency_ms=131
2026-03-18 14:00:31.591  INFO 1 --- [io-12031-exec-8] order.service.OrderServiceImpl           : [PYTHIA_FINE_TRACE] service=ts-order-service stage=service_create latency_ms=133
2026-03-18 14:00:31.591  INFO 1 --- [io-12031-exec-8] order.controller.OrderController         : [PYTHIA_FINE_TRACE] service=ts-order-service endpoint=createOrder latency_ms=133
2026-03-18 14:00:32.278  INFO 1 --- [io-12031-exec-2] order.service.OrderServiceImpl           : [PYTHIA_FINE_TRACE] service=ts-order-service stage=service_create latency_ms=425
2026-03-18 14:00:32.278  INFO 1 --- [io-12031-exec-2] order.controller.OrderController         : [PYTHIA_FINE_TRACE] service=ts-order-service endpoint=createOrder latency_ms=425
2026-03-18 14:00:32.667  INFO 1 --- [io-12031-exec-4] order.service.OrderServiceImpl           : [PYTHIA_FINE_TRACE] service=ts-order-service stage=service_create latency_ms=111
2026-03-18 14:00:32.667  INFO 1 --- [io-12031-exec-4] order.controller.OrderController         : [PYTHIA_FINE_TRACE] service=ts-order-service endpoint=createOrder latency_ms=111
2026-03-18 14:00:32.996  INFO 1 --- [io-12031-exec-9] order.service.OrderServiceImpl           : [PYTHIA_FINE_TRACE] service=ts-order-service stage=service_create latency_ms=65
2026-03-18 14:00:32.996  INFO 1 --- [io-12031-exec-9] order.controller.OrderController         : [PYTHIA_FINE_TRACE] service=ts-order-service endpoint=createOrder latency_ms=65
2026-03-18 14:00:33.679  INFO 1 --- [o-12031-exec-10] order.service.OrderServiceImpl           : [PYTHIA_FINE_TRACE] service=ts-order-service stage=service_create latency_ms=422
2026-03-18 14:00:33.679  INFO 1 --- [o-12031-exec-10] order.controller.OrderController         : [PYTHIA_FINE_TRACE] service=ts-order-service endpoint=createOrder latency_ms=422
2026-03-18 14:00:34.085  INFO 1 --- [io-12031-exec-6] order.service.OrderServiceImpl           : [PYTHIA_FINE_TRACE] service=ts-order-service stage=service_create latency_ms=129
2026-03-18 14:00:34.085  INFO 1 --- [io-12031-exec-6] order.controller.OrderController         : [PYTHIA_FINE_TRACE] service=ts-order-service endpoint=createOrder latency_ms=129
2026-03-18 14:00:34.722  INFO 1 --- [io-12031-exec-3] order.service.OrderServiceImpl           : [PYTHIA_FINE_TRACE] service=ts-order-service stage=service_create latency_ms=365
2026-03-18 14:00:34.722  INFO 1 --- [io-12031-exec-3] order.controller.OrderController         : [PYTHIA_FINE_TRACE] service=ts-order-service endpoint=createOrder latency_ms=365
2026-03-18 14:00:35.024  INFO 1 --- [io-12031-exec-1] order.service.OrderServiceImpl           : [PYTHIA_FINE_TRACE] service=ts-order-service stage=service_create latency_ms=64
2026-03-18 14:00:35.024  INFO 1 --- [io-12031-exec-1] order.controller.OrderController         : [PYTHIA_FINE_TRACE] service=ts-order-service endpoint=createOrder latency_ms=64
2026-03-18 14:00:35.487  INFO 1 --- [io-12031-exec-7] order.service.OrderServiceImpl           : [PYTHIA_FINE_TRACE] service=ts-order-service stage=service_create latency_ms=222
2026-03-18 14:00:35.487  INFO 1 --- [io-12031-exec-7] order.controller.OrderController         : [PYTHIA_FINE_TRACE] service=ts-order-service endpoint=createOrder latency_ms=223
2026-03-18 14:00:36.191  INFO 1 --- [io-12031-exec-5] order.service.OrderServiceImpl           : [PYTHIA_FINE_TRACE] service=ts-order-service stage=service_create latency_ms=434
2026-03-18 14:00:36.191  INFO 1 --- [io-12031-exec-5] order.controller.OrderController         : [PYTHIA_FINE_TRACE] service=ts-order-service endpoint=createOrder latency_ms=434
2026-03-18 14:00:36.588  INFO 1 --- [io-12031-exec-8] order.service.OrderServiceImpl           : [PYTHIA_FINE_TRACE] service=ts-order-service stage=service_create latency_ms=131
2026-03-18 14:00:36.588  INFO 1 --- [io-12031-exec-8] order.controller.OrderController         : [PYTHIA_FINE_TRACE] service=ts-order-service endpoint=createOrder latency_ms=132
2026-03-18 14:00:37.404  INFO 1 --- [io-12031-exec-2] order.service.OrderServiceImpl           : [PYTHIA_FINE_TRACE] service=ts-order-service stage=service_create latency_ms=543
2026-03-18 14:00:37.404  INFO 1 --- [io-12031-exec-2] order.controller.OrderController         : [PYTHIA_FINE_TRACE] service=ts-order-service endpoint=createOrder latency_ms=544
2026-03-18 14:00:37.778  INFO 1 --- [io-12031-exec-4] order.service.OrderServiceImpl           : [PYTHIA_FINE_TRACE] service=ts-order-service stage=service_create latency_ms=121
2026-03-18 14:00:37.778  INFO 1 --- [io-12031-exec-4] order.controller.OrderController         : [PYTHIA_FINE_TRACE] service=ts-order-service endpoint=createOrder latency_ms=121
2026-03-18 14:00:38.491  INFO 1 --- [io-12031-exec-9] order.service.OrderServiceImpl           : [PYTHIA_FINE_TRACE] service=ts-order-service stage=service_create latency_ms=431
2026-03-18 14:00:38.491  INFO 1 --- [io-12031-exec-9] order.controller.OrderController         : [PYTHIA_FINE_TRACE] service=ts-order-service endpoint=createOrder latency_ms=431
2026-03-18 14:00:38.878  INFO 1 --- [o-12031-exec-10] order.service.OrderServiceImpl           : [PYTHIA_FINE_TRACE] service=ts-order-service stage=service_create latency_ms=118
2026-03-18 14:00:38.878  INFO 1 --- [o-12031-exec-10] order.controller.OrderController         : [PYTHIA_FINE_TRACE] service=ts-order-service endpoint=createOrder latency_ms=118
2026-03-18 14:00:39.287  INFO 1 --- [io-12031-exec-3] order.service.OrderServiceImpl           : [PYTHIA_FINE_TRACE] service=ts-order-service stage=service_create latency_ms=126
2026-03-18 14:00:39.287  INFO 1 --- [io-12031-exec-3] order.controller.OrderController         : [PYTHIA_FINE_TRACE] service=ts-order-service endpoint=createOrder latency_ms=126
2026-03-18 14:00:39.693  INFO 1 --- [io-12031-exec-1] order.service.OrderServiceImpl           : [PYTHIA_FINE_TRACE] service=ts-order-service stage=service_create latency_ms=131
2026-03-18 14:00:39.693  INFO 1 --- [io-12031-exec-1] order.controller.OrderController         : [PYTHIA_FINE_TRACE] service=ts-order-service endpoint=createOrder latency_ms=131
2026-03-18 14:00:40.075  INFO 1 --- [io-12031-exec-7] order.service.OrderServiceImpl           : [PYTHIA_FINE_TRACE] service=ts-order-service stage=service_create latency_ms=111
2026-03-18 14:00:40.075  INFO 1 --- [io-12031-exec-7] order.controller.OrderController         : [PYTHIA_FINE_TRACE] service=ts-order-service endpoint=createOrder latency_ms=111
2026-03-18 14:00:40.722  INFO 1 --- [io-12031-exec-5] order.service.OrderServiceImpl           : [PYTHIA_FINE_TRACE] service=ts-order-service stage=service_create latency_ms=365
2026-03-18 14:00:40.722  INFO 1 --- [io-12031-exec-5] order.controller.OrderController         : [PYTHIA_FINE_TRACE] service=ts-order-service endpoint=createOrder latency_ms=365
2026-03-18 14:00:41.101  INFO 1 --- [io-12031-exec-8] order.service.OrderServiceImpl           : [PYTHIA_FINE_TRACE] service=ts-order-service stage=service_create latency_ms=139
2026-03-18 14:00:41.101  INFO 1 --- [io-12031-exec-8] order.controller.OrderController         : [PYTHIA_FINE_TRACE] service=ts-order-service endpoint=createOrder latency_ms=139
2026-03-18 14:00:41.794  INFO 1 --- [io-12031-exec-2] order.service.OrderServiceImpl           : [PYTHIA_FINE_TRACE] service=ts-order-service stage=service_create latency_ms=425
2026-03-18 14:00:41.794  INFO 1 --- [io-12031-exec-2] order.controller.OrderController         : [PYTHIA_FINE_TRACE] service=ts-order-service endpoint=createOrder latency_ms=425
2026-03-18 14:00:42.489  INFO 1 --- [io-12031-exec-4] order.service.OrderServiceImpl           : [PYTHIA_FINE_TRACE] service=ts-order-service stage=service_create latency_ms=428
2026-03-18 14:00:42.489  INFO 1 --- [io-12031-exec-4] order.controller.OrderController         : [PYTHIA_FINE_TRACE] service=ts-order-service endpoint=createOrder latency_ms=428
2026-03-18 14:00:43.182  INFO 1 --- [io-12031-exec-9] order.service.OrderServiceImpl           : [PYTHIA_FINE_TRACE] service=ts-order-service stage=service_create latency_ms=425
2026-03-18 14:00:43.182  INFO 1 --- [io-12031-exec-9] order.controller.OrderController         : [PYTHIA_FINE_TRACE] service=ts-order-service endpoint=createOrder latency_ms=425
2026-03-18 14:00:43.516  INFO 1 --- [o-12031-exec-10] order.service.OrderServiceImpl           : [PYTHIA_FINE_TRACE] service=ts-order-service stage=service_create latency_ms=70
2026-03-18 14:00:43.516  INFO 1 --- [o-12031-exec-10] order.controller.OrderController         : [PYTHIA_FINE_TRACE] service=ts-order-service endpoint=createOrder latency_ms=71
2026-03-18 14:00:43.994  INFO 1 --- [io-12031-exec-6] order.service.OrderServiceImpl           : [PYTHIA_FINE_TRACE] service=ts-order-service stage=service_create latency_ms=139
2026-03-18 14:00:43.994  INFO 1 --- [io-12031-exec-6] order.controller.OrderController         : [PYTHIA_FINE_TRACE] service=ts-order-service endpoint=createOrder latency_ms=139
2026-03-18 14:00:44.374  INFO 1 --- [io-12031-exec-3] order.service.OrderServiceImpl           : [PYTHIA_FINE_TRACE] service=ts-order-service stage=service_create latency_ms=123
2026-03-18 14:00:44.374  INFO 1 --- [io-12031-exec-3] order.controller.OrderController         : [PYTHIA_FINE_TRACE] service=ts-order-service endpoint=createOrder latency_ms=124
2026-03-18 14:00:44.767  INFO 1 --- [io-12031-exec-1] order.service.OrderServiceImpl           : [PYTHIA_FINE_TRACE] service=ts-order-service stage=service_create latency_ms=110
2026-03-18 14:00:44.767  INFO 1 --- [io-12031-exec-1] order.controller.OrderController         : [PYTHIA_FINE_TRACE] service=ts-order-service endpoint=createOrder latency_ms=110
2026-03-18 14:00:45.167  INFO 1 --- [io-12031-exec-7] order.service.OrderServiceImpl           : [PYTHIA_FINE_TRACE] service=ts-order-service stage=service_create latency_ms=110
2026-03-18 14:00:45.167  INFO 1 --- [io-12031-exec-7] order.controller.OrderController         : [PYTHIA_FINE_TRACE] service=ts-order-service endpoint=createOrder latency_ms=110
2026-03-18 14:00:45.810  INFO 1 --- [io-12031-exec-5] order.service.OrderServiceImpl           : [PYTHIA_FINE_TRACE] service=ts-order-service stage=service_create latency_ms=364
2026-03-18 14:00:45.811  INFO 1 --- [io-12031-exec-5] order.controller.OrderController         : [PYTHIA_FINE_TRACE] service=ts-order-service endpoint=createOrder latency_ms=365
2026-03-18 14:00:46.421  INFO 1 --- [io-12031-exec-8] order.service.OrderServiceImpl           : [PYTHIA_FINE_TRACE] service=ts-order-service stage=service_create latency_ms=364
2026-03-18 14:00:46.421  INFO 1 --- [io-12031-exec-8] order.controller.OrderController         : [PYTHIA_FINE_TRACE] service=ts-order-service endpoint=createOrder latency_ms=364
2026-03-18 14:00:46.800  INFO 1 --- [io-12031-exec-2] order.service.OrderServiceImpl           : [PYTHIA_FINE_TRACE] service=ts-order-service stage=service_create latency_ms=141
2026-03-18 14:00:46.800  INFO 1 --- [io-12031-exec-2] order.controller.OrderController         : [PYTHIA_FINE_TRACE] service=ts-order-service endpoint=createOrder latency_ms=142
2026-03-18 14:00:47.186  INFO 1 --- [io-12031-exec-4] order.service.OrderServiceImpl           : [PYTHIA_FINE_TRACE] service=ts-order-service stage=service_create latency_ms=130
2026-03-18 14:00:47.186  INFO 1 --- [io-12031-exec-4] order.controller.OrderController         : [PYTHIA_FINE_TRACE] service=ts-order-service endpoint=createOrder latency_ms=130
2026-03-18 14:00:47.585  INFO 1 --- [io-12031-exec-9] order.service.OrderServiceImpl           : [PYTHIA_FINE_TRACE] service=ts-order-service stage=service_create latency_ms=126
2026-03-18 14:00:47.585  INFO 1 --- [io-12031-exec-9] order.controller.OrderController         : [PYTHIA_FINE_TRACE] service=ts-order-service endpoint=createOrder latency_ms=126
2026-03-18 14:00:47.972  INFO 1 --- [o-12031-exec-10] order.service.OrderServiceImpl           : [PYTHIA_FINE_TRACE] service=ts-order-service stage=service_create latency_ms=118
2026-03-18 14:00:47.972  INFO 1 --- [o-12031-exec-10] order.controller.OrderController         : [PYTHIA_FINE_TRACE] service=ts-order-service endpoint=createOrder latency_ms=118
2026-03-18 14:00:49.004  INFO 1 --- [io-12031-exec-6] order.service.OrderServiceImpl           : [PYTHIA_FINE_TRACE] service=ts-order-service stage=service_create latency_ms=762
2026-03-18 14:00:49.004  INFO 1 --- [io-12031-exec-6] order.controller.OrderController         : [PYTHIA_FINE_TRACE] service=ts-order-service endpoint=createOrder latency_ms=762
2026-03-18 14:00:49.380  INFO 1 --- [io-12031-exec-1] order.service.OrderServiceImpl           : [PYTHIA_FINE_TRACE] service=ts-order-service stage=service_create latency_ms=126
2026-03-18 14:00:49.380  INFO 1 --- [io-12031-exec-1] order.controller.OrderController         : [PYTHIA_FINE_TRACE] service=ts-order-service endpoint=createOrder latency_ms=126
2026-03-18 14:00:49.724  INFO 1 --- [io-12031-exec-7] order.service.OrderServiceImpl           : [PYTHIA_FINE_TRACE] service=ts-order-service stage=service_create latency_ms=69
2026-03-18 14:00:49.724  INFO 1 --- [io-12031-exec-7] order.controller.OrderController         : [PYTHIA_FINE_TRACE] service=ts-order-service endpoint=createOrder latency_ms=69
2026-03-18 14:00:50.085  INFO 1 --- [io-12031-exec-5] order.service.OrderServiceImpl           : [PYTHIA_FINE_TRACE] service=ts-order-service stage=service_create latency_ms=130
2026-03-18 14:00:50.085  INFO 1 --- [io-12031-exec-5] order.controller.OrderController         : [PYTHIA_FINE_TRACE] service=ts-order-service endpoint=createOrder latency_ms=131
2026-03-18 14:00:50.467  INFO 1 --- [io-12031-exec-8] order.service.OrderServiceImpl           : [PYTHIA_FINE_TRACE] service=ts-order-service stage=service_create latency_ms=109
2026-03-18 14:00:50.467  INFO 1 --- [io-12031-exec-8] order.controller.OrderController         : [PYTHIA_FINE_TRACE] service=ts-order-service endpoint=createOrder latency_ms=109
2026-03-18 14:00:50.807  INFO 1 --- [io-12031-exec-2] order.service.OrderServiceImpl           : [PYTHIA_FINE_TRACE] service=ts-order-service stage=service_create latency_ms=66
2026-03-18 14:00:50.807  INFO 1 --- [io-12031-exec-2] order.controller.OrderController         : [PYTHIA_FINE_TRACE] service=ts-order-service endpoint=createOrder latency_ms=66
2026-03-18 14:00:51.466  INFO 1 --- [io-12031-exec-4] order.service.OrderServiceImpl           : [PYTHIA_FINE_TRACE] service=ts-order-service stage=service_create latency_ms=408
2026-03-18 14:00:51.467  INFO 1 --- [io-12031-exec-4] order.controller.OrderController         : [PYTHIA_FINE_TRACE] service=ts-order-service endpoint=createOrder latency_ms=409
2026-03-18 14:00:52.191  INFO 1 --- [io-12031-exec-9] order.service.OrderServiceImpl           : [PYTHIA_FINE_TRACE] service=ts-order-service stage=service_create latency_ms=437
2026-03-18 14:00:52.191  INFO 1 --- [io-12031-exec-9] order.controller.OrderController         : [PYTHIA_FINE_TRACE] service=ts-order-service endpoint=createOrder latency_ms=438
2026-03-18 14:00:52.883  INFO 1 --- [o-12031-exec-10] order.service.OrderServiceImpl           : [PYTHIA_FINE_TRACE] service=ts-order-service stage=service_create latency_ms=427
2026-03-18 14:00:52.883  INFO 1 --- [o-12031-exec-10] order.controller.OrderController         : [PYTHIA_FINE_TRACE] service=ts-order-service endpoint=createOrder latency_ms=427
2026-03-18 14:00:53.573  INFO 1 --- [io-12031-exec-3] order.service.OrderServiceImpl           : [PYTHIA_FINE_TRACE] service=ts-order-service stage=service_create latency_ms=424
2026-03-18 14:00:53.573  INFO 1 --- [io-12031-exec-3] order.controller.OrderController         : [PYTHIA_FINE_TRACE] service=ts-order-service endpoint=createOrder latency_ms=424
2026-03-18 14:00:53.924  INFO 1 --- [io-12031-exec-6] order.service.OrderServiceImpl           : [PYTHIA_FINE_TRACE] service=ts-order-service stage=service_create latency_ms=75
2026-03-18 14:00:53.924  INFO 1 --- [io-12031-exec-6] order.controller.OrderController         : [PYTHIA_FINE_TRACE] service=ts-order-service endpoint=createOrder latency_ms=76
2026-03-18 14:00:54.580  INFO 1 --- [io-12031-exec-1] order.service.OrderServiceImpl           : [PYTHIA_FINE_TRACE] service=ts-order-service stage=service_create latency_ms=424
2026-03-18 14:00:54.580  INFO 1 --- [io-12031-exec-1] order.controller.OrderController         : [PYTHIA_FINE_TRACE] service=ts-order-service endpoint=createOrder latency_ms=424
2026-03-18 14:00:55.283  INFO 1 --- [io-12031-exec-7] order.service.OrderServiceImpl           : [PYTHIA_FINE_TRACE] service=ts-order-service stage=service_create latency_ms=421
2026-03-18 14:00:55.283  INFO 1 --- [io-12031-exec-7] order.controller.OrderController         : [PYTHIA_FINE_TRACE] service=ts-order-service endpoint=createOrder latency_ms=421
2026-03-18 14:00:55.626  INFO 1 --- [io-12031-exec-5] order.service.OrderServiceImpl           : [PYTHIA_FINE_TRACE] service=ts-order-service stage=service_create latency_ms=71
2026-03-18 14:00:55.626  INFO 1 --- [io-12031-exec-5] order.controller.OrderController         : [PYTHIA_FINE_TRACE] service=ts-order-service endpoint=createOrder latency_ms=71
2026-03-18 14:00:56.278  INFO 1 --- [io-12031-exec-8] order.service.OrderServiceImpl           : [PYTHIA_FINE_TRACE] service=ts-order-service stage=service_create latency_ms=417
2026-03-18 14:00:56.278  INFO 1 --- [io-12031-exec-8] order.controller.OrderController         : [PYTHIA_FINE_TRACE] service=ts-order-service endpoint=createOrder latency_ms=417
2026-03-18 14:00:56.677  INFO 1 --- [io-12031-exec-2] order.service.OrderServiceImpl           : [PYTHIA_FINE_TRACE] service=ts-order-service stage=service_create latency_ms=121
2026-03-18 14:00:56.677  INFO 1 --- [io-12031-exec-2] order.controller.OrderController         : [PYTHIA_FINE_TRACE] service=ts-order-service endpoint=createOrder latency_ms=121
2026-03-18 14:00:57.311  INFO 1 --- [io-12031-exec-4] order.service.OrderServiceImpl           : [PYTHIA_FINE_TRACE] service=ts-order-service stage=service_create latency_ms=364
2026-03-18 14:00:57.311  INFO 1 --- [io-12031-exec-4] order.controller.OrderController         : [PYTHIA_FINE_TRACE] service=ts-order-service endpoint=createOrder latency_ms=364
2026-03-18 14:00:57.618  INFO 1 --- [io-12031-exec-9] order.service.OrderServiceImpl           : [PYTHIA_FINE_TRACE] service=ts-order-service stage=service_create latency_ms=63
2026-03-18 14:00:57.618  INFO 1 --- [io-12031-exec-9] order.controller.OrderController         : [PYTHIA_FINE_TRACE] service=ts-order-service endpoint=createOrder latency_ms=63
2026-03-18 14:00:57.982  INFO 1 --- [o-12031-exec-10] order.service.OrderServiceImpl           : [PYTHIA_FINE_TRACE] service=ts-order-service stage=service_create latency_ms=126
2026-03-18 14:00:57.982  INFO 1 --- [o-12031-exec-10] order.controller.OrderController         : [PYTHIA_FINE_TRACE] service=ts-order-service endpoint=createOrder latency_ms=126
2026-03-18 14:00:58.687  INFO 1 --- [io-12031-exec-3] order.service.OrderServiceImpl           : [PYTHIA_FINE_TRACE] service=ts-order-service stage=service_create latency_ms=423
2026-03-18 14:00:58.687  INFO 1 --- [io-12031-exec-3] order.controller.OrderController         : [PYTHIA_FINE_TRACE] service=ts-order-service endpoint=createOrder latency_ms=424
2026-03-18 14:00:59.083  INFO 1 --- [io-12031-exec-6] order.service.OrderServiceImpl           : [PYTHIA_FINE_TRACE] service=ts-order-service stage=service_create latency_ms=125
2026-03-18 14:00:59.084  INFO 1 --- [io-12031-exec-6] order.controller.OrderController         : [PYTHIA_FINE_TRACE] service=ts-order-service endpoint=createOrder latency_ms=127
2026-03-18 14:00:59.491  INFO 1 --- [io-12031-exec-7] order.service.OrderServiceImpl           : [PYTHIA_FINE_TRACE] service=ts-order-service stage=service_create latency_ms=128
2026-03-18 14:00:59.491  INFO 1 --- [io-12031-exec-7] order.controller.OrderController         : [PYTHIA_FINE_TRACE] service=ts-order-service endpoint=createOrder latency_ms=128
2026-03-18 14:00:59.879  INFO 1 --- [io-12031-exec-5] order.service.OrderServiceImpl           : [PYTHIA_FINE_TRACE] service=ts-order-service stage=service_create latency_ms=122
2026-03-18 14:00:59.879  INFO 1 --- [io-12031-exec-5] order.controller.OrderController         : [PYTHIA_FINE_TRACE] service=ts-order-service endpoint=createOrder latency_ms=122
2026-03-18 14:01:00.281  INFO 1 --- [io-12031-exec-8] order.service.OrderServiceImpl           : [PYTHIA_FINE_TRACE] service=ts-order-service stage=service_create latency_ms=123
2026-03-18 14:01:00.281  INFO 1 --- [io-12031-exec-8] order.controller.OrderController         : [PYTHIA_FINE_TRACE] service=ts-order-service endpoint=createOrder latency_ms=123
2026-03-18 14:01:00.667  INFO 1 --- [io-12031-exec-2] order.service.OrderServiceImpl           : [PYTHIA_FINE_TRACE] service=ts-order-service stage=service_create latency_ms=109
2026-03-18 14:01:00.667  INFO 1 --- [io-12031-exec-2] order.controller.OrderController         : [PYTHIA_FINE_TRACE] service=ts-order-service endpoint=createOrder latency_ms=110
2026-03-18 14:01:01.302  INFO 1 --- [io-12031-exec-4] order.service.OrderServiceImpl           : [PYTHIA_FINE_TRACE] service=ts-order-service stage=service_create latency_ms=364
2026-03-18 14:01:01.302  INFO 1 --- [io-12031-exec-4] order.controller.OrderController         : [PYTHIA_FINE_TRACE] service=ts-order-service endpoint=createOrder latency_ms=364
2026-03-18 14:01:01.621  INFO 1 --- [io-12031-exec-9] order.service.OrderServiceImpl           : [PYTHIA_FINE_TRACE] service=ts-order-service stage=service_create latency_ms=62
2026-03-18 14:01:01.621  INFO 1 --- [io-12031-exec-9] order.controller.OrderController         : [PYTHIA_FINE_TRACE] service=ts-order-service endpoint=createOrder latency_ms=62
2026-03-18 14:01:01.966  INFO 1 --- [o-12031-exec-10] order.service.OrderServiceImpl           : [PYTHIA_FINE_TRACE] service=ts-order-service stage=service_create latency_ms=108
2026-03-18 14:01:01.966  INFO 1 --- [o-12031-exec-10] order.controller.OrderController         : [PYTHIA_FINE_TRACE] service=ts-order-service endpoint=createOrder latency_ms=108
2026-03-18 14:01:03.086  INFO 1 --- [io-12031-exec-3] order.service.OrderServiceImpl           : [PYTHIA_FINE_TRACE] service=ts-order-service stage=service_create latency_ms=844
2026-03-18 14:01:03.086  INFO 1 --- [io-12031-exec-3] order.controller.OrderController         : [PYTHIA_FINE_TRACE] service=ts-order-service endpoint=createOrder latency_ms=844
2026-03-18 14:01:03.487  INFO 1 --- [io-12031-exec-1] order.service.OrderServiceImpl           : [PYTHIA_FINE_TRACE] service=ts-order-service stage=service_create latency_ms=131
2026-03-18 14:01:03.487  INFO 1 --- [io-12031-exec-1] order.controller.OrderController         : [PYTHIA_FINE_TRACE] service=ts-order-service endpoint=createOrder latency_ms=131
2026-03-18 14:01:03.891  INFO 1 --- [io-12031-exec-6] order.service.OrderServiceImpl           : [PYTHIA_FINE_TRACE] service=ts-order-service stage=service_create latency_ms=130
2026-03-18 14:01:03.891  INFO 1 --- [io-12031-exec-6] order.controller.OrderController         : [PYTHIA_FINE_TRACE] service=ts-order-service endpoint=createOrder latency_ms=130
2026-03-18 14:01:04.275  INFO 1 --- [io-12031-exec-7] order.service.OrderServiceImpl           : [PYTHIA_FINE_TRACE] service=ts-order-service stage=service_create latency_ms=118
2026-03-18 14:01:04.275  INFO 1 --- [io-12031-exec-7] order.controller.OrderController         : [PYTHIA_FINE_TRACE] service=ts-order-service endpoint=createOrder latency_ms=118
2026-03-18 14:01:04.618  INFO 1 --- [io-12031-exec-5] order.service.OrderServiceImpl           : [PYTHIA_FINE_TRACE] service=ts-order-service stage=service_create latency_ms=72
2026-03-18 14:01:04.618  INFO 1 --- [io-12031-exec-5] order.controller.OrderController         : [PYTHIA_FINE_TRACE] service=ts-order-service endpoint=createOrder latency_ms=72
2026-03-18 14:01:04.977  INFO 1 --- [io-12031-exec-8] order.service.OrderServiceImpl           : [PYTHIA_FINE_TRACE] service=ts-order-service stage=service_create latency_ms=120
2026-03-18 14:01:04.977  INFO 1 --- [io-12031-exec-8] order.controller.OrderController         : [PYTHIA_FINE_TRACE] service=ts-order-service endpoint=createOrder latency_ms=120
2026-03-18 14:01:05.313  INFO 1 --- [io-12031-exec-2] order.service.OrderServiceImpl           : [PYTHIA_FINE_TRACE] service=ts-order-service stage=service_create latency_ms=66
2026-03-18 14:01:05.313  INFO 1 --- [io-12031-exec-2] order.controller.OrderController         : [PYTHIA_FINE_TRACE] service=ts-order-service endpoint=createOrder latency_ms=66
2026-03-18 14:01:05.625  INFO 1 --- [io-12031-exec-4] order.service.OrderServiceImpl           : [PYTHIA_FINE_TRACE] service=ts-order-service stage=service_create latency_ms=69
2026-03-18 14:01:05.625  INFO 1 --- [io-12031-exec-4] order.controller.OrderController         : [PYTHIA_FINE_TRACE] service=ts-order-service endpoint=createOrder latency_ms=69
2026-03-18 14:01:06.311  INFO 1 --- [io-12031-exec-9] order.service.OrderServiceImpl           : [PYTHIA_FINE_TRACE] service=ts-order-service stage=service_create latency_ms=370
2026-03-18 14:01:06.311  INFO 1 --- [io-12031-exec-9] order.controller.OrderController         : [PYTHIA_FINE_TRACE] service=ts-order-service endpoint=createOrder latency_ms=370
2026-03-18 14:01:06.618  INFO 1 --- [o-12031-exec-10] order.service.OrderServiceImpl           : [PYTHIA_FINE_TRACE] service=ts-order-service stage=service_create latency_ms=64
2026-03-18 14:01:06.618  INFO 1 --- [o-12031-exec-10] order.controller.OrderController         : [PYTHIA_FINE_TRACE] service=ts-order-service endpoint=createOrder latency_ms=64
2026-03-18 14:01:07.004  INFO 1 --- [io-12031-exec-3] order.service.OrderServiceImpl           : [PYTHIA_FINE_TRACE] service=ts-order-service stage=service_create latency_ms=146
2026-03-18 14:01:07.004  INFO 1 --- [io-12031-exec-3] order.controller.OrderController         : [PYTHIA_FINE_TRACE] service=ts-order-service endpoint=createOrder latency_ms=146
2026-03-18 14:01:07.400  INFO 1 --- [io-12031-exec-1] order.service.OrderServiceImpl           : [PYTHIA_FINE_TRACE] service=ts-order-service stage=service_create latency_ms=139
2026-03-18 14:01:07.400  INFO 1 --- [io-12031-exec-1] order.controller.OrderController         : [PYTHIA_FINE_TRACE] service=ts-order-service endpoint=createOrder latency_ms=139
2026-03-18 14:01:08.100  INFO 1 --- [io-12031-exec-6] order.service.OrderServiceImpl           : [PYTHIA_FINE_TRACE] service=ts-order-service stage=service_create latency_ms=430
2026-03-18 14:01:08.100  INFO 1 --- [io-12031-exec-6] order.controller.OrderController         : [PYTHIA_FINE_TRACE] service=ts-order-service endpoint=createOrder latency_ms=430
2026-03-18 14:01:08.787  INFO 1 --- [io-12031-exec-7] order.service.OrderServiceImpl           : [PYTHIA_FINE_TRACE] service=ts-order-service stage=service_create latency_ms=422
2026-03-18 14:01:08.787  INFO 1 --- [io-12031-exec-7] order.controller.OrderController         : [PYTHIA_FINE_TRACE] service=ts-order-service endpoint=createOrder latency_ms=422
2026-03-18 14:01:09.180  INFO 1 --- [io-12031-exec-8] order.service.OrderServiceImpl           : [PYTHIA_FINE_TRACE] service=ts-order-service stage=service_create latency_ms=122
2026-03-18 14:01:09.180  INFO 1 --- [io-12031-exec-8] order.controller.OrderController         : [PYTHIA_FINE_TRACE] service=ts-order-service endpoint=createOrder latency_ms=122
2026-03-18 14:01:09.883  INFO 1 --- [io-12031-exec-2] order.service.OrderServiceImpl           : [PYTHIA_FINE_TRACE] service=ts-order-service stage=service_create latency_ms=428
2026-03-18 14:01:09.883  INFO 1 --- [io-12031-exec-2] order.controller.OrderController         : [PYTHIA_FINE_TRACE] service=ts-order-service endpoint=createOrder latency_ms=428
2026-03-18 14:01:10.284  INFO 1 --- [io-12031-exec-4] order.service.OrderServiceImpl           : [PYTHIA_FINE_TRACE] service=ts-order-service stage=service_create latency_ms=122
2026-03-18 14:01:10.284  INFO 1 --- [io-12031-exec-4] order.controller.OrderController         : [PYTHIA_FINE_TRACE] service=ts-order-service endpoint=createOrder latency_ms=122
2026-03-18 14:01:10.688  INFO 1 --- [io-12031-exec-9] order.service.OrderServiceImpl           : [PYTHIA_FINE_TRACE] service=ts-order-service stage=service_create latency_ms=124
2026-03-18 14:01:10.688  INFO 1 --- [io-12031-exec-9] order.controller.OrderController         : [PYTHIA_FINE_TRACE] service=ts-order-service endpoint=createOrder latency_ms=124
2026-03-18 14:01:11.083  INFO 1 --- [o-12031-exec-10] order.service.OrderServiceImpl           : [PYTHIA_FINE_TRACE] service=ts-order-service stage=service_create latency_ms=121
2026-03-18 14:01:11.083  INFO 1 --- [o-12031-exec-10] order.controller.OrderController         : [PYTHIA_FINE_TRACE] service=ts-order-service endpoint=createOrder latency_ms=121
2026-03-18 14:01:11.776  INFO 1 --- [io-12031-exec-3] order.service.OrderServiceImpl           : [PYTHIA_FINE_TRACE] service=ts-order-service stage=service_create latency_ms=416
2026-03-18 14:01:11.776  INFO 1 --- [io-12031-exec-3] order.controller.OrderController         : [PYTHIA_FINE_TRACE] service=ts-order-service endpoint=createOrder latency_ms=416
2026-03-18 14:01:12.192  INFO 1 --- [io-12031-exec-1] order.service.OrderServiceImpl           : [PYTHIA_FINE_TRACE] service=ts-order-service stage=service_create latency_ms=135
2026-03-18 14:01:12.192  INFO 1 --- [io-12031-exec-1] order.controller.OrderController         : [PYTHIA_FINE_TRACE] service=ts-order-service endpoint=createOrder latency_ms=135
2026-03-18 14:01:12.880  INFO 1 --- [io-12031-exec-6] order.service.OrderServiceImpl           : [PYTHIA_FINE_TRACE] service=ts-order-service stage=service_create latency_ms=422
2026-03-18 14:01:12.880  INFO 1 --- [io-12031-exec-6] order.controller.OrderController         : [PYTHIA_FINE_TRACE] service=ts-order-service endpoint=createOrder latency_ms=422
2026-03-18 14:01:13.990  INFO 1 --- [io-12031-exec-7] order.service.OrderServiceImpl           : [PYTHIA_FINE_TRACE] service=ts-order-service stage=service_create latency_ms=832
2026-03-18 14:01:13.990  INFO 1 --- [io-12031-exec-7] order.controller.OrderController         : [PYTHIA_FINE_TRACE] service=ts-order-service endpoint=createOrder latency_ms=832
2026-03-18 14:01:14.683  INFO 1 --- [io-12031-exec-5] order.service.OrderServiceImpl           : [PYTHIA_FINE_TRACE] service=ts-order-service stage=service_create latency_ms=425
2026-03-18 14:01:14.683  INFO 1 --- [io-12031-exec-5] order.controller.OrderController         : [PYTHIA_FINE_TRACE] service=ts-order-service endpoint=createOrder latency_ms=425
2026-03-18 14:01:15.086  INFO 1 --- [io-12031-exec-8] order.service.OrderServiceImpl           : [PYTHIA_FINE_TRACE] service=ts-order-service stage=service_create latency_ms=129
2026-03-18 14:01:15.086  INFO 1 --- [io-12031-exec-8] order.controller.OrderController         : [PYTHIA_FINE_TRACE] service=ts-order-service endpoint=createOrder latency_ms=129
2026-03-18 14:01:15.779  INFO 1 --- [io-12031-exec-2] order.service.OrderServiceImpl           : [PYTHIA_FINE_TRACE] service=ts-order-service stage=service_create latency_ms=420
2026-03-18 14:01:15.779  INFO 1 --- [io-12031-exec-2] order.controller.OrderController         : [PYTHIA_FINE_TRACE] service=ts-order-service endpoint=createOrder latency_ms=420
2026-03-18 14:01:16.116  INFO 1 --- [io-12031-exec-4] order.service.OrderServiceImpl           : [PYTHIA_FINE_TRACE] service=ts-order-service stage=service_create latency_ms=68
2026-03-18 14:01:16.116  INFO 1 --- [io-12031-exec-4] order.controller.OrderController         : [PYTHIA_FINE_TRACE] service=ts-order-service endpoint=createOrder latency_ms=68
2026-03-18 14:01:16.421  INFO 1 --- [io-12031-exec-9] order.service.OrderServiceImpl           : [PYTHIA_FINE_TRACE] service=ts-order-service stage=service_create latency_ms=64
2026-03-18 14:01:16.421  INFO 1 --- [io-12031-exec-9] order.controller.OrderController         : [PYTHIA_FINE_TRACE] service=ts-order-service endpoint=createOrder latency_ms=64
2026-03-18 14:01:17.074  INFO 1 --- [o-12031-exec-10] order.service.OrderServiceImpl           : [PYTHIA_FINE_TRACE] service=ts-order-service stage=service_create latency_ms=409
2026-03-18 14:01:17.075  INFO 1 --- [o-12031-exec-10] order.controller.OrderController         : [PYTHIA_FINE_TRACE] service=ts-order-service endpoint=createOrder latency_ms=409
2026-03-18 14:01:17.415  INFO 1 --- [io-12031-exec-3] order.service.OrderServiceImpl           : [PYTHIA_FINE_TRACE] service=ts-order-service stage=service_create latency_ms=64
2026-03-18 14:01:17.415  INFO 1 --- [io-12031-exec-3] order.controller.OrderController         : [PYTHIA_FINE_TRACE] service=ts-order-service endpoint=createOrder latency_ms=64
2026-03-18 14:01:17.792  INFO 1 --- [io-12031-exec-1] order.service.OrderServiceImpl           : [PYTHIA_FINE_TRACE] service=ts-order-service stage=service_create latency_ms=133
2026-03-18 14:01:17.792  INFO 1 --- [io-12031-exec-1] order.controller.OrderController         : [PYTHIA_FINE_TRACE] service=ts-order-service endpoint=createOrder latency_ms=133
2026-03-18 14:01:18.485  INFO 1 --- [io-12031-exec-6] order.service.OrderServiceImpl           : [PYTHIA_FINE_TRACE] service=ts-order-service stage=service_create latency_ms=434
2026-03-18 14:01:18.485  INFO 1 --- [io-12031-exec-6] order.controller.OrderController         : [PYTHIA_FINE_TRACE] service=ts-order-service endpoint=createOrder latency_ms=434
2026-03-18 14:01:18.876  INFO 1 --- [io-12031-exec-7] order.service.OrderServiceImpl           : [PYTHIA_FINE_TRACE] service=ts-order-service stage=service_create latency_ms=124
2026-03-18 14:01:18.876  INFO 1 --- [io-12031-exec-7] order.controller.OrderController         : [PYTHIA_FINE_TRACE] service=ts-order-service endpoint=createOrder latency_ms=124
2026-03-18 14:01:19.273  INFO 1 --- [io-12031-exec-8] order.service.OrderServiceImpl           : [PYTHIA_FINE_TRACE] service=ts-order-service stage=service_create latency_ms=125
2026-03-18 14:01:19.273  INFO 1 --- [io-12031-exec-8] order.controller.OrderController         : [PYTHIA_FINE_TRACE] service=ts-order-service endpoint=createOrder latency_ms=125
2026-03-18 14:01:19.624  INFO 1 --- [io-12031-exec-2] order.service.OrderServiceImpl           : [PYTHIA_FINE_TRACE] service=ts-order-service stage=service_create latency_ms=74
2026-03-18 14:01:19.624  INFO 1 --- [io-12031-exec-2] order.controller.OrderController         : [PYTHIA_FINE_TRACE] service=ts-order-service endpoint=createOrder latency_ms=74
2026-03-18 14:01:19.984  INFO 1 --- [io-12031-exec-4] order.service.OrderServiceImpl           : [PYTHIA_FINE_TRACE] service=ts-order-service stage=service_create latency_ms=122
2026-03-18 14:01:19.984  INFO 1 --- [io-12031-exec-4] order.controller.OrderController         : [PYTHIA_FINE_TRACE] service=ts-order-service endpoint=createOrder latency_ms=122
2026-03-18 14:01:20.680  INFO 1 --- [io-12031-exec-9] order.service.OrderServiceImpl           : [PYTHIA_FINE_TRACE] service=ts-order-service stage=service_create latency_ms=421
2026-03-18 14:01:20.680  INFO 1 --- [io-12031-exec-9] order.controller.OrderController         : [PYTHIA_FINE_TRACE] service=ts-order-service endpoint=createOrder latency_ms=421
2026-03-18 14:01:21.084  INFO 1 --- [o-12031-exec-10] order.service.OrderServiceImpl           : [PYTHIA_FINE_TRACE] service=ts-order-service stage=service_create latency_ms=124
2026-03-18 14:01:21.084  INFO 1 --- [o-12031-exec-10] order.controller.OrderController         : [PYTHIA_FINE_TRACE] service=ts-order-service endpoint=createOrder latency_ms=124
2026-03-18 14:01:21.772  INFO 1 --- [io-12031-exec-3] order.service.OrderServiceImpl           : [PYTHIA_FINE_TRACE] service=ts-order-service stage=service_create latency_ms=416
2026-03-18 14:01:21.772  INFO 1 --- [io-12031-exec-3] order.controller.OrderController         : [PYTHIA_FINE_TRACE] service=ts-order-service endpoint=createOrder latency_ms=417
2026-03-18 14:01:22.513  INFO 1 --- [io-12031-exec-1] order.service.OrderServiceImpl           : [PYTHIA_FINE_TRACE] service=ts-order-service stage=service_create latency_ms=461
2026-03-18 14:01:22.513  INFO 1 --- [io-12031-exec-1] order.controller.OrderController         : [PYTHIA_FINE_TRACE] service=ts-order-service endpoint=createOrder latency_ms=461
2026-03-18 14:01:22.900  INFO 1 --- [io-12031-exec-6] order.service.OrderServiceImpl           : [PYTHIA_FINE_TRACE] service=ts-order-service stage=service_create latency_ms=139
2026-03-18 14:01:22.900  INFO 1 --- [io-12031-exec-6] order.controller.OrderController         : [PYTHIA_FINE_TRACE] service=ts-order-service endpoint=createOrder latency_ms=139
2026-03-18 14:01:23.292  INFO 1 --- [io-12031-exec-7] order.service.OrderServiceImpl           : [PYTHIA_FINE_TRACE] service=ts-order-service stage=service_create latency_ms=133
2026-03-18 14:01:23.292  INFO 1 --- [io-12031-exec-7] order.controller.OrderController         : [PYTHIA_FINE_TRACE] service=ts-order-service endpoint=createOrder latency_ms=133
2026-03-18 14:01:23.683  INFO 1 --- [io-12031-exec-5] order.service.OrderServiceImpl           : [PYTHIA_FINE_TRACE] service=ts-order-service stage=service_create latency_ms=127
2026-03-18 14:01:23.683  INFO 1 --- [io-12031-exec-5] order.controller.OrderController         : [PYTHIA_FINE_TRACE] service=ts-order-service endpoint=createOrder latency_ms=127
2026-03-18 14:01:24.087  INFO 1 --- [io-12031-exec-8] order.service.OrderServiceImpl           : [PYTHIA_FINE_TRACE] service=ts-order-service stage=service_create latency_ms=131
2026-03-18 14:01:24.087  INFO 1 --- [io-12031-exec-8] order.controller.OrderController         : [PYTHIA_FINE_TRACE] service=ts-order-service endpoint=createOrder latency_ms=131
2026-03-18 14:01:24.483  INFO 1 --- [io-12031-exec-2] order.service.OrderServiceImpl           : [PYTHIA_FINE_TRACE] service=ts-order-service stage=service_create latency_ms=122
2026-03-18 14:01:24.483  INFO 1 --- [io-12031-exec-2] order.controller.OrderController         : [PYTHIA_FINE_TRACE] service=ts-order-service endpoint=createOrder latency_ms=122
2026-03-18 14:01:25.166  INFO 1 --- [io-12031-exec-4] order.service.OrderServiceImpl           : [PYTHIA_FINE_TRACE] service=ts-order-service stage=service_create latency_ms=413
2026-03-18 14:01:25.166  INFO 1 --- [io-12031-exec-4] order.controller.OrderController         : [PYTHIA_FINE_TRACE] service=ts-order-service endpoint=createOrder latency_ms=413
2026-03-18 14:01:25.504  INFO 1 --- [io-12031-exec-9] order.service.OrderServiceImpl           : [PYTHIA_FINE_TRACE] service=ts-order-service stage=service_create latency_ms=68
2026-03-18 14:01:25.504  INFO 1 --- [io-12031-exec-9] order.controller.OrderController         : [PYTHIA_FINE_TRACE] service=ts-order-service endpoint=createOrder latency_ms=68
2026-03-18 14:01:26.183  INFO 1 --- [o-12031-exec-10] order.service.OrderServiceImpl           : [PYTHIA_FINE_TRACE] service=ts-order-service stage=service_create latency_ms=424
2026-03-18 14:01:26.183  INFO 1 --- [o-12031-exec-10] order.controller.OrderController         : [PYTHIA_FINE_TRACE] service=ts-order-service endpoint=createOrder latency_ms=424
2026-03-18 14:01:26.577  INFO 1 --- [io-12031-exec-3] order.service.OrderServiceImpl           : [PYTHIA_FINE_TRACE] service=ts-order-service stage=service_create latency_ms=115
2026-03-18 14:01:26.577  INFO 1 --- [io-12031-exec-3] order.controller.OrderController         : [PYTHIA_FINE_TRACE] service=ts-order-service endpoint=createOrder latency_ms=115
2026-03-18 14:01:27.410  INFO 1 --- [io-12031-exec-1] order.service.OrderServiceImpl           : [PYTHIA_FINE_TRACE] service=ts-order-service stage=service_create latency_ms=558
2026-03-18 14:01:27.410  INFO 1 --- [io-12031-exec-1] order.controller.OrderController         : [PYTHIA_FINE_TRACE] service=ts-order-service endpoint=createOrder latency_ms=558
2026-03-18 14:01:28.085  INFO 1 --- [io-12031-exec-6] order.service.OrderServiceImpl           : [PYTHIA_FINE_TRACE] service=ts-order-service stage=service_create latency_ms=429
2026-03-18 14:01:28.085  INFO 1 --- [io-12031-exec-6] order.controller.OrderController         : [PYTHIA_FINE_TRACE] service=ts-order-service endpoint=createOrder latency_ms=429
2026-03-18 14:01:28.488  INFO 1 --- [io-12031-exec-7] order.service.OrderServiceImpl           : [PYTHIA_FINE_TRACE] service=ts-order-service stage=service_create latency_ms=128
2026-03-18 14:01:28.488  INFO 1 --- [io-12031-exec-7] order.controller.OrderController         : [PYTHIA_FINE_TRACE] service=ts-order-service endpoint=createOrder latency_ms=128
2026-03-18 14:01:28.884  INFO 1 --- [io-12031-exec-5] order.service.OrderServiceImpl           : [PYTHIA_FINE_TRACE] service=ts-order-service stage=service_create latency_ms=124
2026-03-18 14:01:28.884  INFO 1 --- [io-12031-exec-5] order.controller.OrderController         : [PYTHIA_FINE_TRACE] service=ts-order-service endpoint=createOrder latency_ms=124
2026-03-18 14:01:29.574  INFO 1 --- [io-12031-exec-2] order.service.OrderServiceImpl           : [PYTHIA_FINE_TRACE] service=ts-order-service stage=service_create latency_ms=417
2026-03-18 14:01:29.574  INFO 1 --- [io-12031-exec-2] order.controller.OrderController         : [PYTHIA_FINE_TRACE] service=ts-order-service endpoint=createOrder latency_ms=417
2026-03-18 14:01:29.983  INFO 1 --- [io-12031-exec-4] order.service.OrderServiceImpl           : [PYTHIA_FINE_TRACE] service=ts-order-service stage=service_create latency_ms=130
2026-03-18 14:01:29.983  INFO 1 --- [io-12031-exec-4] order.controller.OrderController         : [PYTHIA_FINE_TRACE] service=ts-order-service endpoint=createOrder latency_ms=130
2026-03-18 14:01:30.366  INFO 1 --- [io-12031-exec-9] order.service.OrderServiceImpl           : [PYTHIA_FINE_TRACE] service=ts-order-service stage=service_create latency_ms=111
2026-03-18 14:01:30.366  INFO 1 --- [io-12031-exec-9] order.controller.OrderController         : [PYTHIA_FINE_TRACE] service=ts-order-service endpoint=createOrder latency_ms=111
2026-03-18 14:01:31.012  INFO 1 --- [o-12031-exec-10] order.service.OrderServiceImpl           : [PYTHIA_FINE_TRACE] service=ts-order-service stage=service_create latency_ms=363
2026-03-18 14:01:31.012  INFO 1 --- [o-12031-exec-10] order.controller.OrderController         : [PYTHIA_FINE_TRACE] service=ts-order-service endpoint=createOrder latency_ms=363
2026-03-18 14:01:31.378  INFO 1 --- [io-12031-exec-3] order.service.OrderServiceImpl           : [PYTHIA_FINE_TRACE] service=ts-order-service stage=service_create latency_ms=123
2026-03-18 14:01:31.378  INFO 1 --- [io-12031-exec-3] order.controller.OrderController         : [PYTHIA_FINE_TRACE] service=ts-order-service endpoint=createOrder latency_ms=123
2026-03-18 14:01:31.813  INFO 1 --- [io-12031-exec-1] order.service.OrderServiceImpl           : [PYTHIA_FINE_TRACE] service=ts-order-service stage=service_create latency_ms=88
2026-03-18 14:01:31.813  INFO 1 --- [io-12031-exec-1] order.controller.OrderController         : [PYTHIA_FINE_TRACE] service=ts-order-service endpoint=createOrder latency_ms=88
2026-03-18 14:01:32.198  INFO 1 --- [io-12031-exec-6] order.service.OrderServiceImpl           : [PYTHIA_FINE_TRACE] service=ts-order-service stage=service_create latency_ms=136
2026-03-18 14:01:32.198  INFO 1 --- [io-12031-exec-6] order.controller.OrderController         : [PYTHIA_FINE_TRACE] service=ts-order-service endpoint=createOrder latency_ms=136
2026-03-18 14:01:32.589  INFO 1 --- [io-12031-exec-7] order.service.OrderServiceImpl           : [PYTHIA_FINE_TRACE] service=ts-order-service stage=service_create latency_ms=109
2026-03-18 14:01:32.589  INFO 1 --- [io-12031-exec-7] order.controller.OrderController         : [PYTHIA_FINE_TRACE] service=ts-order-service endpoint=createOrder latency_ms=109
2026-03-18 14:01:32.984  INFO 1 --- [io-12031-exec-5] order.service.OrderServiceImpl           : [PYTHIA_FINE_TRACE] service=ts-order-service stage=service_create latency_ms=126
2026-03-18 14:01:32.984  INFO 1 --- [io-12031-exec-5] order.controller.OrderController         : [PYTHIA_FINE_TRACE] service=ts-order-service endpoint=createOrder latency_ms=126
2026-03-18 14:01:33.683  INFO 1 --- [io-12031-exec-8] order.service.OrderServiceImpl           : [PYTHIA_FINE_TRACE] service=ts-order-service stage=service_create latency_ms=424
2026-03-18 14:01:33.683  INFO 1 --- [io-12031-exec-8] order.controller.OrderController         : [PYTHIA_FINE_TRACE] service=ts-order-service endpoint=createOrder latency_ms=424
2026-03-18 14:01:34.077  INFO 1 --- [io-12031-exec-2] order.service.OrderServiceImpl           : [PYTHIA_FINE_TRACE] service=ts-order-service stage=service_create latency_ms=120
2026-03-18 14:01:34.077  INFO 1 --- [io-12031-exec-2] order.controller.OrderController         : [PYTHIA_FINE_TRACE] service=ts-order-service endpoint=createOrder latency_ms=120
2026-03-18 14:01:34.411  INFO 1 --- [io-12031-exec-4] order.service.OrderServiceImpl           : [PYTHIA_FINE_TRACE] service=ts-order-service stage=service_create latency_ms=64
2026-03-18 14:01:34.411  INFO 1 --- [io-12031-exec-4] order.controller.OrderController         : [PYTHIA_FINE_TRACE] service=ts-order-service endpoint=createOrder latency_ms=64
2026-03-18 14:01:34.774  INFO 1 --- [io-12031-exec-9] order.service.OrderServiceImpl           : [PYTHIA_FINE_TRACE] service=ts-order-service stage=service_create latency_ms=122
2026-03-18 14:01:34.774  INFO 1 --- [io-12031-exec-9] order.controller.OrderController         : [PYTHIA_FINE_TRACE] service=ts-order-service endpoint=createOrder latency_ms=122
2026-03-18 14:01:35.467  INFO 1 --- [o-12031-exec-10] order.service.OrderServiceImpl           : [PYTHIA_FINE_TRACE] service=ts-order-service stage=service_create latency_ms=414
2026-03-18 14:01:35.467  INFO 1 --- [o-12031-exec-10] order.controller.OrderController         : [PYTHIA_FINE_TRACE] service=ts-order-service endpoint=createOrder latency_ms=414
2026-03-18 14:01:35.875  INFO 1 --- [io-12031-exec-3] order.service.OrderServiceImpl           : [PYTHIA_FINE_TRACE] service=ts-order-service stage=service_create latency_ms=133
2026-03-18 14:01:35.875  INFO 1 --- [io-12031-exec-3] order.controller.OrderController         : [PYTHIA_FINE_TRACE] service=ts-order-service endpoint=createOrder latency_ms=133
2026-03-18 14:01:36.225  INFO 1 --- [io-12031-exec-1] order.service.OrderServiceImpl           : [PYTHIA_FINE_TRACE] service=ts-order-service stage=service_create latency_ms=74
2026-03-18 14:01:36.266  INFO 1 --- [io-12031-exec-1] order.controller.OrderController         : [PYTHIA_FINE_TRACE] service=ts-order-service endpoint=createOrder latency_ms=116
2026-03-18 14:01:37.083  INFO 1 --- [io-12031-exec-6] order.service.OrderServiceImpl           : [PYTHIA_FINE_TRACE] service=ts-order-service stage=service_create latency_ms=542
2026-03-18 14:01:37.083  INFO 1 --- [io-12031-exec-6] order.controller.OrderController         : [PYTHIA_FINE_TRACE] service=ts-order-service endpoint=createOrder latency_ms=542
2026-03-18 14:01:37.480  INFO 1 --- [io-12031-exec-7] order.service.OrderServiceImpl           : [PYTHIA_FINE_TRACE] service=ts-order-service stage=service_create latency_ms=129
2026-03-18 14:01:37.480  INFO 1 --- [io-12031-exec-7] order.controller.OrderController         : [PYTHIA_FINE_TRACE] service=ts-order-service endpoint=createOrder latency_ms=129
2026-03-18 14:01:38.124  INFO 1 --- [io-12031-exec-5] order.service.OrderServiceImpl           : [PYTHIA_FINE_TRACE] service=ts-order-service stage=service_create latency_ms=374
2026-03-18 14:01:38.124  INFO 1 --- [io-12031-exec-5] order.controller.OrderController         : [PYTHIA_FINE_TRACE] service=ts-order-service endpoint=createOrder latency_ms=374
2026-03-18 14:01:38.782  INFO 1 --- [io-12031-exec-8] order.service.OrderServiceImpl           : [PYTHIA_FINE_TRACE] service=ts-order-service stage=service_create latency_ms=427
2026-03-18 14:01:38.782  INFO 1 --- [io-12031-exec-8] order.controller.OrderController         : [PYTHIA_FINE_TRACE] service=ts-order-service endpoint=createOrder latency_ms=427
2026-03-18 14:01:39.173  INFO 1 --- [io-12031-exec-4] order.service.OrderServiceImpl           : [PYTHIA_FINE_TRACE] service=ts-order-service stage=service_create latency_ms=113
2026-03-18 14:01:39.173  INFO 1 --- [io-12031-exec-4] order.controller.OrderController         : [PYTHIA_FINE_TRACE] service=ts-order-service endpoint=createOrder latency_ms=113
2026-03-18 14:01:39.510  INFO 1 --- [io-12031-exec-9] order.service.OrderServiceImpl           : [PYTHIA_FINE_TRACE] service=ts-order-service stage=service_create latency_ms=67
2026-03-18 14:01:39.510  INFO 1 --- [io-12031-exec-9] order.controller.OrderController         : [PYTHIA_FINE_TRACE] service=ts-order-service endpoint=createOrder latency_ms=67
2026-03-18 14:01:40.121  INFO 1 --- [o-12031-exec-10] order.service.OrderServiceImpl           : [PYTHIA_FINE_TRACE] service=ts-order-service stage=service_create latency_ms=364
2026-03-18 14:01:40.121  INFO 1 --- [o-12031-exec-10] order.controller.OrderController         : [PYTHIA_FINE_TRACE] service=ts-order-service endpoint=createOrder latency_ms=364
2026-03-18 14:01:40.577  INFO 1 --- [io-12031-exec-3] order.service.OrderServiceImpl           : [PYTHIA_FINE_TRACE] service=ts-order-service stage=service_create latency_ms=139
2026-03-18 14:01:40.577  INFO 1 --- [io-12031-exec-3] order.controller.OrderController         : [PYTHIA_FINE_TRACE] service=ts-order-service endpoint=createOrder latency_ms=139
2026-03-18 14:01:40.979  INFO 1 --- [io-12031-exec-1] order.service.OrderServiceImpl           : [PYTHIA_FINE_TRACE] service=ts-order-service stage=service_create latency_ms=129
2026-03-18 14:01:40.979  INFO 1 --- [io-12031-exec-1] order.controller.OrderController         : [PYTHIA_FINE_TRACE] service=ts-order-service endpoint=createOrder latency_ms=129
2026-03-18 14:01:41.386  INFO 1 --- [io-12031-exec-6] order.service.OrderServiceImpl           : [PYTHIA_FINE_TRACE] service=ts-order-service stage=service_create latency_ms=137
2026-03-18 14:01:41.386  INFO 1 --- [io-12031-exec-6] order.controller.OrderController         : [PYTHIA_FINE_TRACE] service=ts-order-service endpoint=createOrder latency_ms=137
2026-03-18 14:01:41.781  INFO 1 --- [io-12031-exec-7] order.service.OrderServiceImpl           : [PYTHIA_FINE_TRACE] service=ts-order-service stage=service_create latency_ms=120
2026-03-18 14:01:41.781  INFO 1 --- [io-12031-exec-7] order.controller.OrderController         : [PYTHIA_FINE_TRACE] service=ts-order-service endpoint=createOrder latency_ms=120
2026-03-18 14:01:42.175  INFO 1 --- [io-12031-exec-5] order.service.OrderServiceImpl           : [PYTHIA_FINE_TRACE] service=ts-order-service stage=service_create latency_ms=122
2026-03-18 14:01:42.175  INFO 1 --- [io-12031-exec-5] order.controller.OrderController         : [PYTHIA_FINE_TRACE] service=ts-order-service endpoint=createOrder latency_ms=122
2026-03-18 14:01:42.508  INFO 1 --- [io-12031-exec-8] order.service.OrderServiceImpl           : [PYTHIA_FINE_TRACE] service=ts-order-service stage=service_create latency_ms=69
2026-03-18 14:01:42.508  INFO 1 --- [io-12031-exec-8] order.controller.OrderController         : [PYTHIA_FINE_TRACE] service=ts-order-service endpoint=createOrder latency_ms=69
2026-03-18 14:01:42.821  INFO 1 --- [io-12031-exec-2] order.service.OrderServiceImpl           : [PYTHIA_FINE_TRACE] service=ts-order-service stage=service_create latency_ms=67
2026-03-18 14:01:42.822  INFO 1 --- [io-12031-exec-2] order.controller.OrderController         : [PYTHIA_FINE_TRACE] service=ts-order-service endpoint=createOrder latency_ms=67
2026-03-18 14:01:43.421  INFO 1 --- [io-12031-exec-4] order.service.OrderServiceImpl           : [PYTHIA_FINE_TRACE] service=ts-order-service stage=service_create latency_ms=367
2026-03-18 14:01:43.421  INFO 1 --- [io-12031-exec-4] order.controller.OrderController         : [PYTHIA_FINE_TRACE] service=ts-order-service endpoint=createOrder latency_ms=367
2026-03-18 14:01:43.718  INFO 1 --- [io-12031-exec-9] order.service.OrderServiceImpl           : [PYTHIA_FINE_TRACE] service=ts-order-service stage=service_create latency_ms=59
2026-03-18 14:01:43.718  INFO 1 --- [io-12031-exec-9] order.controller.OrderController         : [PYTHIA_FINE_TRACE] service=ts-order-service endpoint=createOrder latency_ms=60
2026-03-18 14:01:44.395  INFO 1 --- [o-12031-exec-10] order.service.OrderServiceImpl           : [PYTHIA_FINE_TRACE] service=ts-order-service stage=service_create latency_ms=440
2026-03-18 14:01:44.395  INFO 1 --- [o-12031-exec-10] order.controller.OrderController         : [PYTHIA_FINE_TRACE] service=ts-order-service endpoint=createOrder latency_ms=440
2026-03-18 14:01:44.798  INFO 1 --- [io-12031-exec-3] order.service.OrderServiceImpl           : [PYTHIA_FINE_TRACE] service=ts-order-service stage=service_create latency_ms=135
2026-03-18 14:01:44.798  INFO 1 --- [io-12031-exec-3] order.controller.OrderController         : [PYTHIA_FINE_TRACE] service=ts-order-service endpoint=createOrder latency_ms=135
2026-03-18 14:01:45.190  INFO 1 --- [io-12031-exec-1] order.service.OrderServiceImpl           : [PYTHIA_FINE_TRACE] service=ts-order-service stage=service_create latency_ms=131
2026-03-18 14:01:45.190  INFO 1 --- [io-12031-exec-1] order.controller.OrderController         : [PYTHIA_FINE_TRACE] service=ts-order-service endpoint=createOrder latency_ms=132
2026-03-18 14:01:45.885  INFO 1 --- [io-12031-exec-6] order.service.OrderServiceImpl           : [PYTHIA_FINE_TRACE] service=ts-order-service stage=service_create latency_ms=425
2026-03-18 14:01:45.885  INFO 1 --- [io-12031-exec-6] order.controller.OrderController         : [PYTHIA_FINE_TRACE] service=ts-order-service endpoint=createOrder latency_ms=425
2026-03-18 14:01:46.684  INFO 1 --- [io-12031-exec-7] order.service.OrderServiceImpl           : [PYTHIA_FINE_TRACE] service=ts-order-service stage=service_create latency_ms=525
2026-03-18 14:01:46.684  INFO 1 --- [io-12031-exec-7] order.controller.OrderController         : [PYTHIA_FINE_TRACE] service=ts-order-service endpoint=createOrder latency_ms=525
2026-03-18 14:01:47.092  INFO 1 --- [io-12031-exec-5] order.service.OrderServiceImpl           : [PYTHIA_FINE_TRACE] service=ts-order-service stage=service_create latency_ms=130
2026-03-18 14:01:47.092  INFO 1 --- [io-12031-exec-5] order.controller.OrderController         : [PYTHIA_FINE_TRACE] service=ts-order-service endpoint=createOrder latency_ms=130
2026-03-18 14:01:47.480  INFO 1 --- [io-12031-exec-8] order.service.OrderServiceImpl           : [PYTHIA_FINE_TRACE] service=ts-order-service stage=service_create latency_ms=122
2026-03-18 14:01:47.480  INFO 1 --- [io-12031-exec-8] order.controller.OrderController         : [PYTHIA_FINE_TRACE] service=ts-order-service endpoint=createOrder latency_ms=123
2026-03-18 14:01:47.822  INFO 1 --- [io-12031-exec-2] order.service.OrderServiceImpl           : [PYTHIA_FINE_TRACE] service=ts-order-service stage=service_create latency_ms=66
2026-03-18 14:01:47.823  INFO 1 --- [io-12031-exec-2] order.controller.OrderController         : [PYTHIA_FINE_TRACE] service=ts-order-service endpoint=createOrder latency_ms=67
2026-03-18 14:01:48.122  INFO 1 --- [io-12031-exec-4] order.service.OrderServiceImpl           : [PYTHIA_FINE_TRACE] service=ts-order-service stage=service_create latency_ms=63
2026-03-18 14:01:48.122  INFO 1 --- [io-12031-exec-4] order.controller.OrderController         : [PYTHIA_FINE_TRACE] service=ts-order-service endpoint=createOrder latency_ms=63
2026-03-18 14:01:48.504  INFO 1 --- [io-12031-exec-9] order.service.OrderServiceImpl           : [PYTHIA_FINE_TRACE] service=ts-order-service stage=service_create latency_ms=91
2026-03-18 14:01:48.504  INFO 1 --- [io-12031-exec-9] order.controller.OrderController         : [PYTHIA_FINE_TRACE] service=ts-order-service endpoint=createOrder latency_ms=91
2026-03-18 14:01:48.880  INFO 1 --- [o-12031-exec-10] order.service.OrderServiceImpl           : [PYTHIA_FINE_TRACE] service=ts-order-service stage=service_create latency_ms=125
2026-03-18 14:01:48.880  INFO 1 --- [o-12031-exec-10] order.controller.OrderController         : [PYTHIA_FINE_TRACE] service=ts-order-service endpoint=createOrder latency_ms=125
2026-03-18 14:01:49.575  INFO 1 --- [io-12031-exec-1] order.service.OrderServiceImpl           : [PYTHIA_FINE_TRACE] service=ts-order-service stage=service_create latency_ms=422
2026-03-18 14:01:49.575  INFO 1 --- [io-12031-exec-1] order.controller.OrderController         : [PYTHIA_FINE_TRACE] service=ts-order-service endpoint=createOrder latency_ms=422
2026-03-18 14:01:50.290  INFO 1 --- [io-12031-exec-6] order.service.OrderServiceImpl           : [PYTHIA_FINE_TRACE] service=ts-order-service stage=service_create latency_ms=427
2026-03-18 14:01:50.290  INFO 1 --- [io-12031-exec-6] order.controller.OrderController         : [PYTHIA_FINE_TRACE] service=ts-order-service endpoint=createOrder latency_ms=427
2026-03-18 14:01:50.682  INFO 1 --- [io-12031-exec-7] order.service.OrderServiceImpl           : [PYTHIA_FINE_TRACE] service=ts-order-service stage=service_create latency_ms=122
2026-03-18 14:01:50.682  INFO 1 --- [io-12031-exec-7] order.controller.OrderController         : [PYTHIA_FINE_TRACE] service=ts-order-service endpoint=createOrder latency_ms=122
2026-03-18 14:01:51.366  INFO 1 --- [io-12031-exec-5] order.service.OrderServiceImpl           : [PYTHIA_FINE_TRACE] service=ts-order-service stage=service_create latency_ms=415
2026-03-18 14:01:51.366  INFO 1 --- [io-12031-exec-5] order.controller.OrderController         : [PYTHIA_FINE_TRACE] service=ts-order-service endpoint=createOrder latency_ms=415
2026-03-18 14:01:51.777  INFO 1 --- [io-12031-exec-8] order.service.OrderServiceImpl           : [PYTHIA_FINE_TRACE] service=ts-order-service stage=service_create latency_ms=113
2026-03-18 14:01:51.777  INFO 1 --- [io-12031-exec-8] order.controller.OrderController         : [PYTHIA_FINE_TRACE] service=ts-order-service endpoint=createOrder latency_ms=113
2026-03-18 14:01:52.118  INFO 1 --- [io-12031-exec-2] order.service.OrderServiceImpl           : [PYTHIA_FINE_TRACE] service=ts-order-service stage=service_create latency_ms=68
2026-03-18 14:01:52.118  INFO 1 --- [io-12031-exec-2] order.controller.OrderController         : [PYTHIA_FINE_TRACE] service=ts-order-service endpoint=createOrder latency_ms=68
2026-03-18 14:01:52.507  INFO 1 --- [io-12031-exec-4] order.service.OrderServiceImpl           : [PYTHIA_FINE_TRACE] service=ts-order-service stage=service_create latency_ms=141
2026-03-18 14:01:52.507  INFO 1 --- [io-12031-exec-4] order.controller.OrderController         : [PYTHIA_FINE_TRACE] service=ts-order-service endpoint=createOrder latency_ms=141
2026-03-18 14:01:52.911  INFO 1 --- [io-12031-exec-9] order.service.OrderServiceImpl           : [PYTHIA_FINE_TRACE] service=ts-order-service stage=service_create latency_ms=152
2026-03-18 14:01:52.911  INFO 1 --- [io-12031-exec-9] order.controller.OrderController         : [PYTHIA_FINE_TRACE] service=ts-order-service endpoint=createOrder latency_ms=152
2026-03-18 14:01:53.278  INFO 1 --- [o-12031-exec-10] order.service.OrderServiceImpl           : [PYTHIA_FINE_TRACE] service=ts-order-service stage=service_create latency_ms=125
2026-03-18 14:01:53.279  INFO 1 --- [o-12031-exec-10] order.controller.OrderController         : [PYTHIA_FINE_TRACE] service=ts-order-service endpoint=createOrder latency_ms=126
2026-03-18 14:01:53.973  INFO 1 --- [io-12031-exec-3] order.service.OrderServiceImpl           : [PYTHIA_FINE_TRACE] service=ts-order-service stage=service_create latency_ms=422
2026-03-18 14:01:53.973  INFO 1 --- [io-12031-exec-3] order.controller.OrderController         : [PYTHIA_FINE_TRACE] service=ts-order-service endpoint=createOrder latency_ms=422
2026-03-18 14:01:54.314  INFO 1 --- [io-12031-exec-1] order.service.OrderServiceImpl           : [PYTHIA_FINE_TRACE] service=ts-order-service stage=service_create latency_ms=74
2026-03-18 14:01:54.314  INFO 1 --- [io-12031-exec-1] order.controller.OrderController         : [PYTHIA_FINE_TRACE] service=ts-order-service endpoint=createOrder latency_ms=74
2026-03-18 14:01:54.619  INFO 1 --- [io-12031-exec-6] order.service.OrderServiceImpl           : [PYTHIA_FINE_TRACE] service=ts-order-service stage=service_create latency_ms=67
2026-03-18 14:01:54.619  INFO 1 --- [io-12031-exec-6] order.controller.OrderController         : [PYTHIA_FINE_TRACE] service=ts-order-service endpoint=createOrder latency_ms=67
2026-03-18 14:01:54.996  INFO 1 --- [io-12031-exec-7] order.service.OrderServiceImpl           : [PYTHIA_FINE_TRACE] service=ts-order-service stage=service_create latency_ms=132
2026-03-18 14:01:54.996  INFO 1 --- [io-12031-exec-7] order.controller.OrderController         : [PYTHIA_FINE_TRACE] service=ts-order-service endpoint=createOrder latency_ms=133
2026-03-18 14:01:55.397  INFO 1 --- [io-12031-exec-5] order.service.OrderServiceImpl           : [PYTHIA_FINE_TRACE] service=ts-order-service stage=service_create latency_ms=129
2026-03-18 14:01:55.397  INFO 1 --- [io-12031-exec-5] order.controller.OrderController         : [PYTHIA_FINE_TRACE] service=ts-order-service endpoint=createOrder latency_ms=129
2026-03-18 14:01:56.016  INFO 1 --- [io-12031-exec-8] order.service.OrderServiceImpl           : [PYTHIA_FINE_TRACE] service=ts-order-service stage=service_create latency_ms=364
2026-03-18 14:01:56.016  INFO 1 --- [io-12031-exec-8] order.controller.OrderController         : [PYTHIA_FINE_TRACE] service=ts-order-service endpoint=createOrder latency_ms=364
2026-03-18 14:01:56.390  INFO 1 --- [io-12031-exec-2] order.service.OrderServiceImpl           : [PYTHIA_FINE_TRACE] service=ts-order-service stage=service_create latency_ms=138
2026-03-18 14:01:56.390  INFO 1 --- [io-12031-exec-2] order.controller.OrderController         : [PYTHIA_FINE_TRACE] service=ts-order-service endpoint=createOrder latency_ms=138
2026-03-18 14:01:56.794  INFO 1 --- [io-12031-exec-4] order.service.OrderServiceImpl           : [PYTHIA_FINE_TRACE] service=ts-order-service stage=service_create latency_ms=139
2026-03-18 14:01:56.794  INFO 1 --- [io-12031-exec-4] order.controller.OrderController         : [PYTHIA_FINE_TRACE] service=ts-order-service endpoint=createOrder latency_ms=139
2026-03-18 14:01:57.587  INFO 1 --- [io-12031-exec-9] order.service.OrderServiceImpl           : [PYTHIA_FINE_TRACE] service=ts-order-service stage=service_create latency_ms=531
2026-03-18 14:01:57.587  INFO 1 --- [io-12031-exec-9] order.controller.OrderController         : [PYTHIA_FINE_TRACE] service=ts-order-service endpoint=createOrder latency_ms=531
2026-03-18 14:01:57.983  INFO 1 --- [o-12031-exec-10] order.service.OrderServiceImpl           : [PYTHIA_FINE_TRACE] service=ts-order-service stage=service_create latency_ms=124
2026-03-18 14:01:57.983  INFO 1 --- [o-12031-exec-10] order.controller.OrderController         : [PYTHIA_FINE_TRACE] service=ts-order-service endpoint=createOrder latency_ms=124
2026-03-18 14:01:58.682  INFO 1 --- [io-12031-exec-3] order.service.OrderServiceImpl           : [PYTHIA_FINE_TRACE] service=ts-order-service stage=service_create latency_ms=425
2026-03-18 14:01:58.682  INFO 1 --- [io-12031-exec-3] order.controller.OrderController         : [PYTHIA_FINE_TRACE] service=ts-order-service endpoint=createOrder latency_ms=426
2026-03-18 14:01:59.075  INFO 1 --- [io-12031-exec-1] order.service.OrderServiceImpl           : [PYTHIA_FINE_TRACE] service=ts-order-service stage=service_create latency_ms=122
2026-03-18 14:01:59.075  INFO 1 --- [io-12031-exec-1] order.controller.OrderController         : [PYTHIA_FINE_TRACE] service=ts-order-service endpoint=createOrder latency_ms=122
2026-03-18 14:01:59.424  INFO 1 --- [io-12031-exec-7] order.service.OrderServiceImpl           : [PYTHIA_FINE_TRACE] service=ts-order-service stage=service_create latency_ms=74
2026-03-18 14:01:59.424  INFO 1 --- [io-12031-exec-7] order.controller.OrderController         : [PYTHIA_FINE_TRACE] service=ts-order-service endpoint=createOrder latency_ms=74
2026-03-18 14:02:00.113  INFO 1 --- [io-12031-exec-5] order.service.OrderServiceImpl           : [PYTHIA_FINE_TRACE] service=ts-order-service stage=service_create latency_ms=368
2026-03-18 14:02:00.113  INFO 1 --- [io-12031-exec-5] order.controller.OrderController         : [PYTHIA_FINE_TRACE] service=ts-order-service endpoint=createOrder latency_ms=368
2026-03-18 14:02:00.422  INFO 1 --- [io-12031-exec-8] order.service.OrderServiceImpl           : [PYTHIA_FINE_TRACE] service=ts-order-service stage=service_create latency_ms=66
2026-03-18 14:02:00.422  INFO 1 --- [io-12031-exec-8] order.controller.OrderController         : [PYTHIA_FINE_TRACE] service=ts-order-service endpoint=createOrder latency_ms=66
2026-03-18 14:02:01.085  INFO 1 --- [io-12031-exec-2] order.service.OrderServiceImpl           : [PYTHIA_FINE_TRACE] service=ts-order-service stage=service_create latency_ms=433
2026-03-18 14:02:01.085  INFO 1 --- [io-12031-exec-2] order.controller.OrderController         : [PYTHIA_FINE_TRACE] service=ts-order-service endpoint=createOrder latency_ms=434
2026-03-18 14:02:01.482  INFO 1 --- [io-12031-exec-4] order.service.OrderServiceImpl           : [PYTHIA_FINE_TRACE] service=ts-order-service stage=service_create latency_ms=130
2026-03-18 14:02:01.482  INFO 1 --- [io-12031-exec-4] order.controller.OrderController         : [PYTHIA_FINE_TRACE] service=ts-order-service endpoint=createOrder latency_ms=130
2026-03-18 14:02:01.867  INFO 1 --- [io-12031-exec-9] order.service.OrderServiceImpl           : [PYTHIA_FINE_TRACE] service=ts-order-service stage=service_create latency_ms=117
2026-03-18 14:02:01.867  INFO 1 --- [io-12031-exec-9] order.controller.OrderController         : [PYTHIA_FINE_TRACE] service=ts-order-service endpoint=createOrder latency_ms=117
2026-03-18 14:02:02.222  INFO 1 --- [o-12031-exec-10] order.service.OrderServiceImpl           : [PYTHIA_FINE_TRACE] service=ts-order-service stage=service_create latency_ms=76
2026-03-18 14:02:02.222  INFO 1 --- [o-12031-exec-10] order.controller.OrderController         : [PYTHIA_FINE_TRACE] service=ts-order-service endpoint=createOrder latency_ms=76
2026-03-18 14:02:02.589  INFO 1 --- [io-12031-exec-3] order.service.OrderServiceImpl           : [PYTHIA_FINE_TRACE] service=ts-order-service stage=service_create latency_ms=132
2026-03-18 14:02:02.589  INFO 1 --- [io-12031-exec-3] order.controller.OrderController         : [PYTHIA_FINE_TRACE] service=ts-order-service endpoint=createOrder latency_ms=132
2026-03-18 14:02:03.226  INFO 1 --- [io-12031-exec-6] order.service.OrderServiceImpl           : [PYTHIA_FINE_TRACE] service=ts-order-service stage=service_create latency_ms=370
2026-03-18 14:02:03.226  INFO 1 --- [io-12031-exec-6] order.controller.OrderController         : [PYTHIA_FINE_TRACE] service=ts-order-service endpoint=createOrder latency_ms=370
2026-03-18 14:02:03.516  INFO 1 --- [io-12031-exec-1] order.service.OrderServiceImpl           : [PYTHIA_FINE_TRACE] service=ts-order-service stage=service_create latency_ms=63
2026-03-18 14:02:03.516  INFO 1 --- [io-12031-exec-1] order.controller.OrderController         : [PYTHIA_FINE_TRACE] service=ts-order-service endpoint=createOrder latency_ms=63
2026-03-18 14:02:03.900  INFO 1 --- [io-12031-exec-7] order.service.OrderServiceImpl           : [PYTHIA_FINE_TRACE] service=ts-order-service stage=service_create latency_ms=66
2026-03-18 14:02:03.900  INFO 1 --- [io-12031-exec-7] order.controller.OrderController         : [PYTHIA_FINE_TRACE] service=ts-order-service endpoint=createOrder latency_ms=67
2026-03-18 14:02:04.592  INFO 1 --- [io-12031-exec-5] order.service.OrderServiceImpl           : [PYTHIA_FINE_TRACE] service=ts-order-service stage=service_create latency_ms=438
2026-03-18 14:02:04.592  INFO 1 --- [io-12031-exec-5] order.controller.OrderController         : [PYTHIA_FINE_TRACE] service=ts-order-service endpoint=createOrder latency_ms=438
2026-03-18 14:02:05.289  INFO 1 --- [io-12031-exec-8] order.service.OrderServiceImpl           : [PYTHIA_FINE_TRACE] service=ts-order-service stage=service_create latency_ms=432
2026-03-18 14:02:05.289  INFO 1 --- [io-12031-exec-8] order.controller.OrderController         : [PYTHIA_FINE_TRACE] service=ts-order-service endpoint=createOrder latency_ms=432
2026-03-18 14:02:05.679  INFO 1 --- [io-12031-exec-2] order.service.OrderServiceImpl           : [PYTHIA_FINE_TRACE] service=ts-order-service stage=service_create latency_ms=126
2026-03-18 14:02:05.679  INFO 1 --- [io-12031-exec-2] order.controller.OrderController         : [PYTHIA_FINE_TRACE] service=ts-order-service endpoint=createOrder latency_ms=126
2026-03-18 14:02:06.074  INFO 1 --- [io-12031-exec-4] order.service.OrderServiceImpl           : [PYTHIA_FINE_TRACE] service=ts-order-service stage=service_create latency_ms=118
2026-03-18 14:02:06.074  INFO 1 --- [io-12031-exec-4] order.controller.OrderController         : [PYTHIA_FINE_TRACE] service=ts-order-service endpoint=createOrder latency_ms=119
2026-03-18 14:02:06.419  INFO 1 --- [io-12031-exec-9] order.service.OrderServiceImpl           : [PYTHIA_FINE_TRACE] service=ts-order-service stage=service_create latency_ms=69
2026-03-18 14:02:06.419  INFO 1 --- [io-12031-exec-9] order.controller.OrderController         : [PYTHIA_FINE_TRACE] service=ts-order-service endpoint=createOrder latency_ms=69
2026-03-18 14:02:07.078  INFO 1 --- [o-12031-exec-10] order.service.OrderServiceImpl           : [PYTHIA_FINE_TRACE] service=ts-order-service stage=service_create latency_ms=420
2026-03-18 14:02:07.078  INFO 1 --- [o-12031-exec-10] order.controller.OrderController         : [PYTHIA_FINE_TRACE] service=ts-order-service endpoint=createOrder latency_ms=420
2026-03-18 14:02:07.480  INFO 1 --- [io-12031-exec-3] order.service.OrderServiceImpl           : [PYTHIA_FINE_TRACE] service=ts-order-service stage=service_create latency_ms=122
2026-03-18 14:02:07.480  INFO 1 --- [io-12031-exec-3] order.controller.OrderController         : [PYTHIA_FINE_TRACE] service=ts-order-service endpoint=createOrder latency_ms=122
2026-03-18 14:02:08.119  INFO 1 --- [io-12031-exec-6] order.service.OrderServiceImpl           : [PYTHIA_FINE_TRACE] service=ts-order-service stage=service_create latency_ms=371
2026-03-18 14:02:08.119  INFO 1 --- [io-12031-exec-6] order.controller.OrderController         : [PYTHIA_FINE_TRACE] service=ts-order-service endpoint=createOrder latency_ms=371
2026-03-18 14:02:08.502  INFO 1 --- [io-12031-exec-1] order.service.OrderServiceImpl           : [PYTHIA_FINE_TRACE] service=ts-order-service stage=service_create latency_ms=143
2026-03-18 14:02:08.502  INFO 1 --- [io-12031-exec-1] order.controller.OrderController         : [PYTHIA_FINE_TRACE] service=ts-order-service endpoint=createOrder latency_ms=143
2026-03-18 14:02:09.612  INFO 1 --- [io-12031-exec-7] order.service.OrderServiceImpl           : [PYTHIA_FINE_TRACE] service=ts-order-service stage=service_create latency_ms=851
2026-03-18 14:02:09.612  INFO 1 --- [io-12031-exec-7] order.controller.OrderController         : [PYTHIA_FINE_TRACE] service=ts-order-service endpoint=createOrder latency_ms=852
2026-03-18 14:02:10.293  INFO 1 --- [io-12031-exec-8] order.service.OrderServiceImpl           : [PYTHIA_FINE_TRACE] service=ts-order-service stage=service_create latency_ms=431
2026-03-18 14:02:10.293  INFO 1 --- [io-12031-exec-8] order.controller.OrderController         : [PYTHIA_FINE_TRACE] service=ts-order-service endpoint=createOrder latency_ms=431
2026-03-18 14:02:10.994  INFO 1 --- [io-12031-exec-2] order.service.OrderServiceImpl           : [PYTHIA_FINE_TRACE] service=ts-order-service stage=service_create latency_ms=432
2026-03-18 14:02:10.995  INFO 1 --- [io-12031-exec-2] order.controller.OrderController         : [PYTHIA_FINE_TRACE] service=ts-order-service endpoint=createOrder latency_ms=432
2026-03-18 14:02:11.674  INFO 1 --- [io-12031-exec-4] order.service.OrderServiceImpl           : [PYTHIA_FINE_TRACE] service=ts-order-service stage=service_create latency_ms=420
2026-03-18 14:02:11.674  INFO 1 --- [io-12031-exec-4] order.controller.OrderController         : [PYTHIA_FINE_TRACE] service=ts-order-service endpoint=createOrder latency_ms=420
2026-03-18 14:02:12.016  INFO 1 --- [io-12031-exec-9] order.service.OrderServiceImpl           : [PYTHIA_FINE_TRACE] service=ts-order-service stage=service_create latency_ms=70
2026-03-18 14:02:12.016  INFO 1 --- [io-12031-exec-9] order.controller.OrderController         : [PYTHIA_FINE_TRACE] service=ts-order-service endpoint=createOrder latency_ms=70
2026-03-18 14:02:12.325  INFO 1 --- [o-12031-exec-10] order.service.OrderServiceImpl           : [PYTHIA_FINE_TRACE] service=ts-order-service stage=service_create latency_ms=67
2026-03-18 14:02:12.325  INFO 1 --- [o-12031-exec-10] order.controller.OrderController         : [PYTHIA_FINE_TRACE] service=ts-order-service endpoint=createOrder latency_ms=67
2026-03-18 14:02:12.672  INFO 1 --- [io-12031-exec-3] order.service.OrderServiceImpl           : [PYTHIA_FINE_TRACE] service=ts-order-service stage=service_create latency_ms=118
2026-03-18 14:02:12.672  INFO 1 --- [io-12031-exec-3] order.controller.OrderController         : [PYTHIA_FINE_TRACE] service=ts-order-service endpoint=createOrder latency_ms=118
2026-03-18 14:02:13.321  INFO 1 --- [io-12031-exec-6] order.service.OrderServiceImpl           : [PYTHIA_FINE_TRACE] service=ts-order-service stage=service_create latency_ms=383
2026-03-18 14:02:13.321  INFO 1 --- [io-12031-exec-6] order.controller.OrderController         : [PYTHIA_FINE_TRACE] service=ts-order-service endpoint=createOrder latency_ms=383
2026-03-18 14:02:14.071  INFO 1 --- [io-12031-exec-1] order.service.OrderServiceImpl           : [PYTHIA_FINE_TRACE] service=ts-order-service stage=service_create latency_ms=514
2026-03-18 14:02:14.071  INFO 1 --- [io-12031-exec-1] order.controller.OrderController         : [PYTHIA_FINE_TRACE] service=ts-order-service endpoint=createOrder latency_ms=514
2026-03-18 14:02:14.475  INFO 1 --- [io-12031-exec-5] order.service.OrderServiceImpl           : [PYTHIA_FINE_TRACE] service=ts-order-service stage=service_create latency_ms=132
2026-03-18 14:02:14.475  INFO 1 --- [io-12031-exec-5] order.controller.OrderController         : [PYTHIA_FINE_TRACE] service=ts-order-service endpoint=createOrder latency_ms=132
2026-03-18 14:02:14.817  INFO 1 --- [io-12031-exec-7] order.service.OrderServiceImpl           : [PYTHIA_FINE_TRACE] service=ts-order-service stage=service_create latency_ms=71
2026-03-18 14:02:14.817  INFO 1 --- [io-12031-exec-7] order.controller.OrderController         : [PYTHIA_FINE_TRACE] service=ts-order-service endpoint=createOrder latency_ms=71
2026-03-18 14:02:15.184  INFO 1 --- [io-12031-exec-8] order.service.OrderServiceImpl           : [PYTHIA_FINE_TRACE] service=ts-order-service stage=service_create latency_ms=125
2026-03-18 14:02:15.184  INFO 1 --- [io-12031-exec-8] order.controller.OrderController         : [PYTHIA_FINE_TRACE] service=ts-order-service endpoint=createOrder latency_ms=126
2026-03-18 14:02:15.572  INFO 1 --- [io-12031-exec-2] order.service.OrderServiceImpl           : [PYTHIA_FINE_TRACE] service=ts-order-service stage=service_create latency_ms=114
2026-03-18 14:02:15.572  INFO 1 --- [io-12031-exec-2] order.controller.OrderController         : [PYTHIA_FINE_TRACE] service=ts-order-service endpoint=createOrder latency_ms=114
2026-03-18 14:02:15.972  INFO 1 --- [io-12031-exec-4] order.service.OrderServiceImpl           : [PYTHIA_FINE_TRACE] service=ts-order-service stage=service_create latency_ms=113
2026-03-18 14:02:15.972  INFO 1 --- [io-12031-exec-4] order.controller.OrderController         : [PYTHIA_FINE_TRACE] service=ts-order-service endpoint=createOrder latency_ms=113
2026-03-18 14:02:16.622  INFO 1 --- [io-12031-exec-9] order.service.OrderServiceImpl           : [PYTHIA_FINE_TRACE] service=ts-order-service stage=service_create latency_ms=373
2026-03-18 14:02:16.622  INFO 1 --- [io-12031-exec-9] order.controller.OrderController         : [PYTHIA_FINE_TRACE] service=ts-order-service endpoint=createOrder latency_ms=373
2026-03-18 14:02:16.915  INFO 1 --- [o-12031-exec-10] order.service.OrderServiceImpl           : [PYTHIA_FINE_TRACE] service=ts-order-service stage=service_create latency_ms=61
2026-03-18 14:02:16.915  INFO 1 --- [o-12031-exec-10] order.controller.OrderController         : [PYTHIA_FINE_TRACE] service=ts-order-service endpoint=createOrder latency_ms=61
2026-03-18 14:02:17.304  INFO 1 --- [io-12031-exec-3] order.service.OrderServiceImpl           : [PYTHIA_FINE_TRACE] service=ts-order-service stage=service_create latency_ms=138
2026-03-18 14:02:17.304  INFO 1 --- [io-12031-exec-3] order.controller.OrderController         : [PYTHIA_FINE_TRACE] service=ts-order-service endpoint=createOrder latency_ms=138
2026-03-18 14:02:17.686  INFO 1 --- [io-12031-exec-6] order.service.OrderServiceImpl           : [PYTHIA_FINE_TRACE] service=ts-order-service stage=service_create latency_ms=132
2026-03-18 14:02:17.687  INFO 1 --- [io-12031-exec-6] order.controller.OrderController         : [PYTHIA_FINE_TRACE] service=ts-order-service endpoint=createOrder latency_ms=133
2026-03-18 14:02:18.086  INFO 1 --- [io-12031-exec-1] order.service.OrderServiceImpl           : [PYTHIA_FINE_TRACE] service=ts-order-service stage=service_create latency_ms=130
2026-03-18 14:02:18.086  INFO 1 --- [io-12031-exec-1] order.controller.OrderController         : [PYTHIA_FINE_TRACE] service=ts-order-service endpoint=createOrder latency_ms=130
2026-03-18 14:02:18.492  INFO 1 --- [io-12031-exec-5] order.service.OrderServiceImpl           : [PYTHIA_FINE_TRACE] service=ts-order-service stage=service_create latency_ms=129
2026-03-18 14:02:18.492  INFO 1 --- [io-12031-exec-5] order.controller.OrderController         : [PYTHIA_FINE_TRACE] service=ts-order-service endpoint=createOrder latency_ms=129
2026-03-18 14:02:18.883  INFO 1 --- [io-12031-exec-7] order.service.OrderServiceImpl           : [PYTHIA_FINE_TRACE] service=ts-order-service stage=service_create latency_ms=125
2026-03-18 14:02:18.883  INFO 1 --- [io-12031-exec-7] order.controller.OrderController         : [PYTHIA_FINE_TRACE] service=ts-order-service endpoint=createOrder latency_ms=125
2026-03-18 14:02:19.282  INFO 1 --- [io-12031-exec-2] order.service.OrderServiceImpl           : [PYTHIA_FINE_TRACE] service=ts-order-service stage=service_create latency_ms=122
2026-03-18 14:02:19.282  INFO 1 --- [io-12031-exec-2] order.controller.OrderController         : [PYTHIA_FINE_TRACE] service=ts-order-service endpoint=createOrder latency_ms=122
2026-03-18 14:02:19.691  INFO 1 --- [io-12031-exec-4] order.service.OrderServiceImpl           : [PYTHIA_FINE_TRACE] service=ts-order-service stage=service_create latency_ms=132
2026-03-18 14:02:19.691  INFO 1 --- [io-12031-exec-4] order.controller.OrderController         : [PYTHIA_FINE_TRACE] service=ts-order-service endpoint=createOrder latency_ms=132
2026-03-18 14:02:20.388  INFO 1 --- [io-12031-exec-9] order.service.OrderServiceImpl           : [PYTHIA_FINE_TRACE] service=ts-order-service stage=service_create latency_ms=427
2026-03-18 14:02:20.388  INFO 1 --- [io-12031-exec-9] order.controller.OrderController         : [PYTHIA_FINE_TRACE] service=ts-order-service endpoint=createOrder latency_ms=427
2026-03-18 14:02:21.201  INFO 1 --- [o-12031-exec-10] order.service.OrderServiceImpl           : [PYTHIA_FINE_TRACE] service=ts-order-service stage=service_create latency_ms=543
2026-03-18 14:02:21.201  INFO 1 --- [o-12031-exec-10] order.controller.OrderController         : [PYTHIA_FINE_TRACE] service=ts-order-service endpoint=createOrder latency_ms=543
2026-03-18 14:02:21.583  INFO 1 --- [io-12031-exec-3] order.service.OrderServiceImpl           : [PYTHIA_FINE_TRACE] service=ts-order-service stage=service_create latency_ms=128
2026-03-18 14:02:21.583  INFO 1 --- [io-12031-exec-3] order.controller.OrderController         : [PYTHIA_FINE_TRACE] service=ts-order-service endpoint=createOrder latency_ms=128
2026-03-18 14:02:21.979  INFO 1 --- [io-12031-exec-6] order.service.OrderServiceImpl           : [PYTHIA_FINE_TRACE] service=ts-order-service stage=service_create latency_ms=122
2026-03-18 14:02:21.979  INFO 1 --- [io-12031-exec-6] order.controller.OrderController         : [PYTHIA_FINE_TRACE] service=ts-order-service endpoint=createOrder latency_ms=122
2026-03-18 14:02:22.320  INFO 1 --- [io-12031-exec-1] order.service.OrderServiceImpl           : [PYTHIA_FINE_TRACE] service=ts-order-service stage=service_create latency_ms=74
2026-03-18 14:02:22.320  INFO 1 --- [io-12031-exec-1] order.controller.OrderController         : [PYTHIA_FINE_TRACE] service=ts-order-service endpoint=createOrder latency_ms=74
2026-03-18 14:02:22.676  INFO 1 --- [io-12031-exec-5] order.service.OrderServiceImpl           : [PYTHIA_FINE_TRACE] service=ts-order-service stage=service_create latency_ms=122
2026-03-18 14:02:22.676  INFO 1 --- [io-12031-exec-5] order.controller.OrderController         : [PYTHIA_FINE_TRACE] service=ts-order-service endpoint=createOrder latency_ms=122
2026-03-18 14:02:23.311  INFO 1 --- [io-12031-exec-7] order.service.OrderServiceImpl           : [PYTHIA_FINE_TRACE] service=ts-order-service stage=service_create latency_ms=367
2026-03-18 14:02:23.311  INFO 1 --- [io-12031-exec-7] order.controller.OrderController         : [PYTHIA_FINE_TRACE] service=ts-order-service endpoint=createOrder latency_ms=367
2026-03-18 14:02:23.681  INFO 1 --- [io-12031-exec-8] order.service.OrderServiceImpl           : [PYTHIA_FINE_TRACE] service=ts-order-service stage=service_create latency_ms=103
2026-03-18 14:02:23.681  INFO 1 --- [io-12031-exec-8] order.controller.OrderController         : [PYTHIA_FINE_TRACE] service=ts-order-service endpoint=createOrder latency_ms=103
2026-03-18 14:02:24.082  INFO 1 --- [io-12031-exec-2] order.service.OrderServiceImpl           : [PYTHIA_FINE_TRACE] service=ts-order-service stage=service_create latency_ms=127
2026-03-18 14:02:24.082  INFO 1 --- [io-12031-exec-2] order.controller.OrderController         : [PYTHIA_FINE_TRACE] service=ts-order-service endpoint=createOrder latency_ms=127
2026-03-18 14:02:24.495  INFO 1 --- [io-12031-exec-4] order.service.OrderServiceImpl           : [PYTHIA_FINE_TRACE] service=ts-order-service stage=service_create latency_ms=141
2026-03-18 14:02:24.495  INFO 1 --- [io-12031-exec-4] order.controller.OrderController         : [PYTHIA_FINE_TRACE] service=ts-order-service endpoint=createOrder latency_ms=142
2026-03-18 14:02:24.880  INFO 1 --- [io-12031-exec-9] order.service.OrderServiceImpl           : [PYTHIA_FINE_TRACE] service=ts-order-service stage=service_create latency_ms=121
2026-03-18 14:02:24.880  INFO 1 --- [io-12031-exec-9] order.controller.OrderController         : [PYTHIA_FINE_TRACE] service=ts-order-service endpoint=createOrder latency_ms=121
2026-03-18 14:02:25.278  INFO 1 --- [o-12031-exec-10] order.service.OrderServiceImpl           : [PYTHIA_FINE_TRACE] service=ts-order-service stage=service_create latency_ms=121
2026-03-18 14:02:25.278  INFO 1 --- [o-12031-exec-10] order.controller.OrderController         : [PYTHIA_FINE_TRACE] service=ts-order-service endpoint=createOrder latency_ms=121
2026-03-18 14:02:25.672  INFO 1 --- [io-12031-exec-3] order.service.OrderServiceImpl           : [PYTHIA_FINE_TRACE] service=ts-order-service stage=service_create latency_ms=119
2026-03-18 14:02:25.672  INFO 1 --- [io-12031-exec-3] order.controller.OrderController         : [PYTHIA_FINE_TRACE] service=ts-order-service endpoint=createOrder latency_ms=120
2026-03-18 14:02:26.008  INFO 1 --- [io-12031-exec-6] order.service.OrderServiceImpl           : [PYTHIA_FINE_TRACE] service=ts-order-service stage=service_create latency_ms=68
2026-03-18 14:02:26.008  INFO 1 --- [io-12031-exec-6] order.controller.OrderController         : [PYTHIA_FINE_TRACE] service=ts-order-service endpoint=createOrder latency_ms=68
2026-03-18 14:02:26.320  INFO 1 --- [io-12031-exec-1] order.service.OrderServiceImpl           : [PYTHIA_FINE_TRACE] service=ts-order-service stage=service_create latency_ms=68
2026-03-18 14:02:26.320  INFO 1 --- [io-12031-exec-1] order.controller.OrderController         : [PYTHIA_FINE_TRACE] service=ts-order-service endpoint=createOrder latency_ms=68
2026-03-18 14:02:26.675  INFO 1 --- [io-12031-exec-5] order.service.OrderServiceImpl           : [PYTHIA_FINE_TRACE] service=ts-order-service stage=service_create latency_ms=120
2026-03-18 14:02:26.675  INFO 1 --- [io-12031-exec-5] order.controller.OrderController         : [PYTHIA_FINE_TRACE] service=ts-order-service endpoint=createOrder latency_ms=120
2026-03-18 14:02:27.088  INFO 1 --- [io-12031-exec-7] order.service.OrderServiceImpl           : [PYTHIA_FINE_TRACE] service=ts-order-service stage=service_create latency_ms=136
2026-03-18 14:02:27.088  INFO 1 --- [io-12031-exec-7] order.controller.OrderController         : [PYTHIA_FINE_TRACE] service=ts-order-service endpoint=createOrder latency_ms=136
2026-03-18 14:02:27.488  INFO 1 --- [io-12031-exec-8] order.service.OrderServiceImpl           : [PYTHIA_FINE_TRACE] service=ts-order-service stage=service_create latency_ms=130
2026-03-18 14:02:27.488  INFO 1 --- [io-12031-exec-8] order.controller.OrderController         : [PYTHIA_FINE_TRACE] service=ts-order-service endpoint=createOrder latency_ms=130
2026-03-18 14:02:27.970  INFO 1 --- [io-12031-exec-2] order.service.OrderServiceImpl           : [PYTHIA_FINE_TRACE] service=ts-order-service stage=service_create latency_ms=212
2026-03-18 14:02:27.970  INFO 1 --- [io-12031-exec-2] order.controller.OrderController         : [PYTHIA_FINE_TRACE] service=ts-order-service endpoint=createOrder latency_ms=212
2026-03-18 14:02:28.317  INFO 1 --- [io-12031-exec-4] order.service.OrderServiceImpl           : [PYTHIA_FINE_TRACE] service=ts-order-service stage=service_create latency_ms=75
2026-03-18 14:02:28.317  INFO 1 --- [io-12031-exec-4] order.controller.OrderController         : [PYTHIA_FINE_TRACE] service=ts-order-service endpoint=createOrder latency_ms=75
2026-03-18 14:02:29.073  INFO 1 --- [io-12031-exec-9] order.service.OrderServiceImpl           : [PYTHIA_FINE_TRACE] service=ts-order-service stage=service_create latency_ms=516
2026-03-18 14:02:29.073  INFO 1 --- [io-12031-exec-9] order.controller.OrderController         : [PYTHIA_FINE_TRACE] service=ts-order-service endpoint=createOrder latency_ms=516
2026-03-18 14:02:29.483  INFO 1 --- [io-12031-exec-3] order.service.OrderServiceImpl           : [PYTHIA_FINE_TRACE] service=ts-order-service stage=service_create latency_ms=126
2026-03-18 14:02:29.483  INFO 1 --- [io-12031-exec-3] order.controller.OrderController         : [PYTHIA_FINE_TRACE] service=ts-order-service endpoint=createOrder latency_ms=126
2026-03-18 14:02:29.886  INFO 1 --- [io-12031-exec-6] order.service.OrderServiceImpl           : [PYTHIA_FINE_TRACE] service=ts-order-service stage=service_create latency_ms=128
2026-03-18 14:02:29.886  INFO 1 --- [io-12031-exec-6] order.controller.OrderController         : [PYTHIA_FINE_TRACE] service=ts-order-service endpoint=createOrder latency_ms=128
2026-03-18 14:02:30.302  INFO 1 --- [io-12031-exec-1] order.service.OrderServiceImpl           : [PYTHIA_FINE_TRACE] service=ts-order-service stage=service_create latency_ms=139
2026-03-18 14:02:30.302  INFO 1 --- [io-12031-exec-1] order.controller.OrderController         : [PYTHIA_FINE_TRACE] service=ts-order-service endpoint=createOrder latency_ms=139
2026-03-18 14:02:30.697  INFO 1 --- [io-12031-exec-5] order.service.OrderServiceImpl           : [PYTHIA_FINE_TRACE] service=ts-order-service stage=service_create latency_ms=141
2026-03-18 14:02:30.697  INFO 1 --- [io-12031-exec-5] order.controller.OrderController         : [PYTHIA_FINE_TRACE] service=ts-order-service endpoint=createOrder latency_ms=142
2026-03-18 14:02:31.080  INFO 1 --- [io-12031-exec-7] order.service.OrderServiceImpl           : [PYTHIA_FINE_TRACE] service=ts-order-service stage=service_create latency_ms=123
2026-03-18 14:02:31.080  INFO 1 --- [io-12031-exec-7] order.controller.OrderController         : [PYTHIA_FINE_TRACE] service=ts-order-service endpoint=createOrder latency_ms=124
2026-03-18 14:02:31.481  INFO 1 --- [io-12031-exec-8] order.service.OrderServiceImpl           : [PYTHIA_FINE_TRACE] service=ts-order-service stage=service_create latency_ms=126
2026-03-18 14:02:31.481  INFO 1 --- [io-12031-exec-8] order.controller.OrderController         : [PYTHIA_FINE_TRACE] service=ts-order-service endpoint=createOrder latency_ms=126
2026-03-18 14:02:31.814  INFO 1 --- [io-12031-exec-2] order.service.OrderServiceImpl           : [PYTHIA_FINE_TRACE] service=ts-order-service stage=service_create latency_ms=69
2026-03-18 14:02:31.814  INFO 1 --- [io-12031-exec-2] order.controller.OrderController         : [PYTHIA_FINE_TRACE] service=ts-order-service endpoint=createOrder latency_ms=69
2026-03-18 14:02:32.177  INFO 1 --- [io-12031-exec-4] order.service.OrderServiceImpl           : [PYTHIA_FINE_TRACE] service=ts-order-service stage=service_create latency_ms=121
2026-03-18 14:02:32.178  INFO 1 --- [io-12031-exec-4] order.controller.OrderController         : [PYTHIA_FINE_TRACE] service=ts-order-service endpoint=createOrder latency_ms=121
2026-03-18 14:02:32.819  INFO 1 --- [o-12031-exec-10] order.service.OrderServiceImpl           : [PYTHIA_FINE_TRACE] service=ts-order-service stage=service_create latency_ms=372
2026-03-18 14:02:32.819  INFO 1 --- [o-12031-exec-10] order.controller.OrderController         : [PYTHIA_FINE_TRACE] service=ts-order-service endpoint=createOrder latency_ms=372
2026-03-18 14:02:33.116  INFO 1 --- [io-12031-exec-9] order.service.OrderServiceImpl           : [PYTHIA_FINE_TRACE] service=ts-order-service stage=service_create latency_ms=65
2026-03-18 14:02:33.116  INFO 1 --- [io-12031-exec-9] order.controller.OrderController         : [PYTHIA_FINE_TRACE] service=ts-order-service endpoint=createOrder latency_ms=65
2026-03-18 14:02:33.489  INFO 1 --- [io-12031-exec-3] order.service.OrderServiceImpl           : [PYTHIA_FINE_TRACE] service=ts-order-service stage=service_create latency_ms=135
2026-03-18 14:02:33.489  INFO 1 --- [io-12031-exec-3] order.controller.OrderController         : [PYTHIA_FINE_TRACE] service=ts-order-service endpoint=createOrder latency_ms=135
2026-03-18 14:02:34.275  INFO 1 --- [io-12031-exec-6] order.service.OrderServiceImpl           : [PYTHIA_FINE_TRACE] service=ts-order-service stage=service_create latency_ms=490
2026-03-18 14:02:34.275  INFO 1 --- [io-12031-exec-6] order.controller.OrderController         : [PYTHIA_FINE_TRACE] service=ts-order-service endpoint=createOrder latency_ms=490
2026-03-18 14:02:35.010  INFO 1 --- [io-12031-exec-1] order.service.OrderServiceImpl           : [PYTHIA_FINE_TRACE] service=ts-order-service stage=service_create latency_ms=410
2026-03-18 14:02:35.010  INFO 1 --- [io-12031-exec-1] order.controller.OrderController         : [PYTHIA_FINE_TRACE] service=ts-order-service endpoint=createOrder latency_ms=410
2026-03-18 14:02:35.507  INFO 1 --- [io-12031-exec-5] order.service.OrderServiceImpl           : [PYTHIA_FINE_TRACE] service=ts-order-service stage=service_create latency_ms=129
2026-03-18 14:02:35.507  INFO 1 --- [io-12031-exec-5] order.controller.OrderController         : [PYTHIA_FINE_TRACE] service=ts-order-service endpoint=createOrder latency_ms=129
2026-03-18 14:02:35.880  INFO 1 --- [io-12031-exec-7] order.service.OrderServiceImpl           : [PYTHIA_FINE_TRACE] service=ts-order-service stage=service_create latency_ms=124
2026-03-18 14:02:35.880  INFO 1 --- [io-12031-exec-7] order.controller.OrderController         : [PYTHIA_FINE_TRACE] service=ts-order-service endpoint=createOrder latency_ms=124
2026-03-18 14:02:36.219  INFO 1 --- [io-12031-exec-8] order.service.OrderServiceImpl           : [PYTHIA_FINE_TRACE] service=ts-order-service stage=service_create latency_ms=70
2026-03-18 14:02:36.219  INFO 1 --- [io-12031-exec-8] order.controller.OrderController         : [PYTHIA_FINE_TRACE] service=ts-order-service endpoint=createOrder latency_ms=70
2026-03-18 14:02:36.518  INFO 1 --- [io-12031-exec-2] order.service.OrderServiceImpl           : [PYTHIA_FINE_TRACE] service=ts-order-service stage=service_create latency_ms=68
2026-03-18 14:02:36.519  INFO 1 --- [io-12031-exec-2] order.controller.OrderController         : [PYTHIA_FINE_TRACE] service=ts-order-service endpoint=createOrder latency_ms=68
2026-03-18 14:02:36.883  INFO 1 --- [io-12031-exec-4] order.service.OrderServiceImpl           : [PYTHIA_FINE_TRACE] service=ts-order-service stage=service_create latency_ms=127
2026-03-18 14:02:36.883  INFO 1 --- [io-12031-exec-4] order.controller.OrderController         : [PYTHIA_FINE_TRACE] service=ts-order-service endpoint=createOrder latency_ms=127
2026-03-18 14:02:37.685  INFO 1 --- [o-12031-exec-10] order.service.OrderServiceImpl           : [PYTHIA_FINE_TRACE] service=ts-order-service stage=service_create latency_ms=531
2026-03-18 14:02:37.685  INFO 1 --- [o-12031-exec-10] order.controller.OrderController         : [PYTHIA_FINE_TRACE] service=ts-order-service endpoint=createOrder latency_ms=531
2026-03-18 14:02:38.084  INFO 1 --- [io-12031-exec-9] order.service.OrderServiceImpl           : [PYTHIA_FINE_TRACE] service=ts-order-service stage=service_create latency_ms=126
2026-03-18 14:02:38.084  INFO 1 --- [io-12031-exec-9] order.controller.OrderController         : [PYTHIA_FINE_TRACE] service=ts-order-service endpoint=createOrder latency_ms=126
2026-03-18 14:02:38.480  INFO 1 --- [io-12031-exec-3] order.service.OrderServiceImpl           : [PYTHIA_FINE_TRACE] service=ts-order-service stage=service_create latency_ms=126
2026-03-18 14:02:38.480  INFO 1 --- [io-12031-exec-3] order.controller.OrderController         : [PYTHIA_FINE_TRACE] service=ts-order-service endpoint=createOrder latency_ms=126
2026-03-18 14:02:38.875  INFO 1 --- [io-12031-exec-6] order.service.OrderServiceImpl           : [PYTHIA_FINE_TRACE] service=ts-order-service stage=service_create latency_ms=119
2026-03-18 14:02:38.875  INFO 1 --- [io-12031-exec-6] order.controller.OrderController         : [PYTHIA_FINE_TRACE] service=ts-order-service endpoint=createOrder latency_ms=119
2026-03-18 14:02:39.218  INFO 1 --- [io-12031-exec-5] order.service.OrderServiceImpl           : [PYTHIA_FINE_TRACE] service=ts-order-service stage=service_create latency_ms=73
2026-03-18 14:02:39.218  INFO 1 --- [io-12031-exec-5] order.controller.OrderController         : [PYTHIA_FINE_TRACE] service=ts-order-service endpoint=createOrder latency_ms=73
2026-03-18 14:02:39.574  INFO 1 --- [io-12031-exec-7] order.service.OrderServiceImpl           : [PYTHIA_FINE_TRACE] service=ts-order-service stage=service_create latency_ms=114
2026-03-18 14:02:39.574  INFO 1 --- [io-12031-exec-7] order.controller.OrderController         : [PYTHIA_FINE_TRACE] service=ts-order-service endpoint=createOrder latency_ms=114
2026-03-18 14:02:39.906  INFO 1 --- [io-12031-exec-8] order.service.OrderServiceImpl           : [PYTHIA_FINE_TRACE] service=ts-order-service stage=service_create latency_ms=64
2026-03-18 14:02:39.906  INFO 1 --- [io-12031-exec-8] order.controller.OrderController         : [PYTHIA_FINE_TRACE] service=ts-order-service endpoint=createOrder latency_ms=64
2026-03-18 14:02:40.594  INFO 1 --- [io-12031-exec-2] order.service.OrderServiceImpl           : [PYTHIA_FINE_TRACE] service=ts-order-service stage=service_create latency_ms=440
2026-03-18 14:02:40.594  INFO 1 --- [io-12031-exec-2] order.controller.OrderController         : [PYTHIA_FINE_TRACE] service=ts-order-service endpoint=createOrder latency_ms=440
2026-03-18 14:02:40.983  INFO 1 --- [io-12031-exec-4] order.service.OrderServiceImpl           : [PYTHIA_FINE_TRACE] service=ts-order-service stage=service_create latency_ms=129
2026-03-18 14:02:40.983  INFO 1 --- [io-12031-exec-4] order.controller.OrderController         : [PYTHIA_FINE_TRACE] service=ts-order-service endpoint=createOrder latency_ms=129
2026-03-18 14:02:41.376  INFO 1 --- [o-12031-exec-10] order.service.OrderServiceImpl           : [PYTHIA_FINE_TRACE] service=ts-order-service stage=service_create latency_ms=120
2026-03-18 14:02:41.376  INFO 1 --- [o-12031-exec-10] order.controller.OrderController         : [PYTHIA_FINE_TRACE] service=ts-order-service endpoint=createOrder latency_ms=120
2026-03-18 14:02:41.767  INFO 1 --- [io-12031-exec-9] order.service.OrderServiceImpl           : [PYTHIA_FINE_TRACE] service=ts-order-service stage=service_create latency_ms=112
2026-03-18 14:02:41.767  INFO 1 --- [io-12031-exec-9] order.controller.OrderController         : [PYTHIA_FINE_TRACE] service=ts-order-service endpoint=createOrder latency_ms=112
2026-03-18 14:02:42.116  INFO 1 --- [io-12031-exec-3] order.service.OrderServiceImpl           : [PYTHIA_FINE_TRACE] service=ts-order-service stage=service_create latency_ms=75
2026-03-18 14:02:42.116  INFO 1 --- [io-12031-exec-3] order.controller.OrderController         : [PYTHIA_FINE_TRACE] service=ts-order-service endpoint=createOrder latency_ms=75
2026-03-18 14:02:42.829  INFO 1 --- [io-12031-exec-6] order.service.OrderServiceImpl           : [PYTHIA_FINE_TRACE] service=ts-order-service stage=service_create latency_ms=372
2026-03-18 14:02:42.829  INFO 1 --- [io-12031-exec-6] order.controller.OrderController         : [PYTHIA_FINE_TRACE] service=ts-order-service endpoint=createOrder latency_ms=372
2026-03-18 14:02:43.276  INFO 1 --- [io-12031-exec-1] order.service.OrderServiceImpl           : [PYTHIA_FINE_TRACE] service=ts-order-service stage=service_create latency_ms=117
2026-03-18 14:02:43.276  INFO 1 --- [io-12031-exec-1] order.controller.OrderController         : [PYTHIA_FINE_TRACE] service=ts-order-service endpoint=createOrder latency_ms=117
2026-03-18 14:02:43.978  INFO 1 --- [io-12031-exec-5] order.service.OrderServiceImpl           : [PYTHIA_FINE_TRACE] service=ts-order-service stage=service_create latency_ms=431
2026-03-18 14:02:43.979  INFO 1 --- [io-12031-exec-5] order.controller.OrderController         : [PYTHIA_FINE_TRACE] service=ts-order-service endpoint=createOrder latency_ms=432
2026-03-18 14:02:44.377  INFO 1 --- [io-12031-exec-7] order.service.OrderServiceImpl           : [PYTHIA_FINE_TRACE] service=ts-order-service stage=service_create latency_ms=129
2026-03-18 14:02:44.377  INFO 1 --- [io-12031-exec-7] order.controller.OrderController         : [PYTHIA_FINE_TRACE] service=ts-order-service endpoint=createOrder latency_ms=129
2026-03-18 14:02:45.083  INFO 1 --- [io-12031-exec-8] order.service.OrderServiceImpl           : [PYTHIA_FINE_TRACE] service=ts-order-service stage=service_create latency_ms=431
2026-03-18 14:02:45.083  INFO 1 --- [io-12031-exec-8] order.controller.OrderController         : [PYTHIA_FINE_TRACE] service=ts-order-service endpoint=createOrder latency_ms=431
2026-03-18 14:02:45.767  INFO 1 --- [io-12031-exec-2] order.service.OrderServiceImpl           : [PYTHIA_FINE_TRACE] service=ts-order-service stage=service_create latency_ms=412
2026-03-18 14:02:45.767  INFO 1 --- [io-12031-exec-2] order.controller.OrderController         : [PYTHIA_FINE_TRACE] service=ts-order-service endpoint=createOrder latency_ms=412
2026-03-18 14:02:46.117  INFO 1 --- [io-12031-exec-4] order.service.OrderServiceImpl           : [PYTHIA_FINE_TRACE] service=ts-order-service stage=service_create latency_ms=73
2026-03-18 14:02:46.117  INFO 1 --- [io-12031-exec-4] order.controller.OrderController         : [PYTHIA_FINE_TRACE] service=ts-order-service endpoint=createOrder latency_ms=73
2026-03-18 14:02:46.423  INFO 1 --- [o-12031-exec-10] order.service.OrderServiceImpl           : [PYTHIA_FINE_TRACE] service=ts-order-service stage=service_create latency_ms=66
2026-03-18 14:02:46.423  INFO 1 --- [o-12031-exec-10] order.controller.OrderController         : [PYTHIA_FINE_TRACE] service=ts-order-service endpoint=createOrder latency_ms=66
2026-03-18 14:02:46.773  INFO 1 --- [io-12031-exec-9] order.service.OrderServiceImpl           : [PYTHIA_FINE_TRACE] service=ts-order-service stage=service_create latency_ms=116
2026-03-18 14:02:46.773  INFO 1 --- [io-12031-exec-9] order.controller.OrderController         : [PYTHIA_FINE_TRACE] service=ts-order-service endpoint=createOrder latency_ms=116
2026-03-18 14:02:47.190  INFO 1 --- [io-12031-exec-3] order.service.OrderServiceImpl           : [PYTHIA_FINE_TRACE] service=ts-order-service stage=service_create latency_ms=138
2026-03-18 14:02:47.190  INFO 1 --- [io-12031-exec-3] order.controller.OrderController         : [PYTHIA_FINE_TRACE] service=ts-order-service endpoint=createOrder latency_ms=138
2026-03-18 14:02:47.979  INFO 1 --- [io-12031-exec-6] order.service.OrderServiceImpl           : [PYTHIA_FINE_TRACE] service=ts-order-service stage=service_create latency_ms=521
2026-03-18 14:02:47.979  INFO 1 --- [io-12031-exec-6] order.controller.OrderController         : [PYTHIA_FINE_TRACE] service=ts-order-service endpoint=createOrder latency_ms=521
2026-03-18 14:02:48.381  INFO 1 --- [io-12031-exec-1] order.service.OrderServiceImpl           : [PYTHIA_FINE_TRACE] service=ts-order-service stage=service_create latency_ms=131
2026-03-18 14:02:48.381  INFO 1 --- [io-12031-exec-1] order.controller.OrderController         : [PYTHIA_FINE_TRACE] service=ts-order-service endpoint=createOrder latency_ms=131
2026-03-18 14:02:48.788  INFO 1 --- [io-12031-exec-5] order.service.OrderServiceImpl           : [PYTHIA_FINE_TRACE] service=ts-order-service stage=service_create latency_ms=130
2026-03-18 14:02:48.788  INFO 1 --- [io-12031-exec-5] order.controller.OrderController         : [PYTHIA_FINE_TRACE] service=ts-order-service endpoint=createOrder latency_ms=130
2026-03-18 14:02:49.481  INFO 1 --- [io-12031-exec-8] order.service.OrderServiceImpl           : [PYTHIA_FINE_TRACE] service=ts-order-service stage=service_create latency_ms=424
2026-03-18 14:02:49.481  INFO 1 --- [io-12031-exec-8] order.controller.OrderController         : [PYTHIA_FINE_TRACE] service=ts-order-service endpoint=createOrder latency_ms=424
2026-03-18 14:02:49.883  INFO 1 --- [io-12031-exec-2] order.service.OrderServiceImpl           : [PYTHIA_FINE_TRACE] service=ts-order-service stage=service_create latency_ms=120
2026-03-18 14:02:49.883  INFO 1 --- [io-12031-exec-2] order.controller.OrderController         : [PYTHIA_FINE_TRACE] service=ts-order-service endpoint=createOrder latency_ms=120
2026-03-18 14:02:50.219  INFO 1 --- [io-12031-exec-4] order.service.OrderServiceImpl           : [PYTHIA_FINE_TRACE] service=ts-order-service stage=service_create latency_ms=62
2026-03-18 14:02:50.219  INFO 1 --- [io-12031-exec-4] order.controller.OrderController         : [PYTHIA_FINE_TRACE] service=ts-order-service endpoint=createOrder latency_ms=63
2026-03-18 14:02:50.919  INFO 1 --- [o-12031-exec-10] order.service.OrderServiceImpl           : [PYTHIA_FINE_TRACE] service=ts-order-service stage=service_create latency_ms=459
2026-03-18 14:02:50.919  INFO 1 --- [o-12031-exec-10] order.controller.OrderController         : [PYTHIA_FINE_TRACE] service=ts-order-service endpoint=createOrder latency_ms=459
2026-03-18 14:02:51.294  INFO 1 --- [io-12031-exec-9] order.service.OrderServiceImpl           : [PYTHIA_FINE_TRACE] service=ts-order-service stage=service_create latency_ms=135
2026-03-18 14:02:51.294  INFO 1 --- [io-12031-exec-9] order.controller.OrderController         : [PYTHIA_FINE_TRACE] service=ts-order-service endpoint=createOrder latency_ms=135
2026-03-18 14:02:51.683  INFO 1 --- [io-12031-exec-3] order.service.OrderServiceImpl           : [PYTHIA_FINE_TRACE] service=ts-order-service stage=service_create latency_ms=131
2026-03-18 14:02:51.683  INFO 1 --- [io-12031-exec-3] order.controller.OrderController         : [PYTHIA_FINE_TRACE] service=ts-order-service endpoint=createOrder latency_ms=131
2026-03-18 14:02:52.377  INFO 1 --- [io-12031-exec-6] order.service.OrderServiceImpl           : [PYTHIA_FINE_TRACE] service=ts-order-service stage=service_create latency_ms=424
2026-03-18 14:02:52.377  INFO 1 --- [io-12031-exec-6] order.controller.OrderController         : [PYTHIA_FINE_TRACE] service=ts-order-service endpoint=createOrder latency_ms=424
2026-03-18 14:02:52.726  INFO 1 --- [io-12031-exec-1] order.service.OrderServiceImpl           : [PYTHIA_FINE_TRACE] service=ts-order-service stage=service_create latency_ms=71
2026-03-18 14:02:52.726  INFO 1 --- [io-12031-exec-1] order.controller.OrderController         : [PYTHIA_FINE_TRACE] service=ts-order-service endpoint=createOrder latency_ms=71
2026-03-18 14:02:53.375  INFO 1 --- [io-12031-exec-5] order.service.OrderServiceImpl           : [PYTHIA_FINE_TRACE] service=ts-order-service stage=service_create latency_ms=419
2026-03-18 14:02:53.375  INFO 1 --- [io-12031-exec-5] order.controller.OrderController         : [PYTHIA_FINE_TRACE] service=ts-order-service endpoint=createOrder latency_ms=419
2026-03-18 14:02:54.072  INFO 1 --- [io-12031-exec-7] order.service.OrderServiceImpl           : [PYTHIA_FINE_TRACE] service=ts-order-service stage=service_create latency_ms=423
2026-03-18 14:02:54.072  INFO 1 --- [io-12031-exec-7] order.controller.OrderController         : [PYTHIA_FINE_TRACE] service=ts-order-service endpoint=createOrder latency_ms=423
2026-03-18 14:02:54.421  INFO 1 --- [io-12031-exec-8] order.service.OrderServiceImpl           : [PYTHIA_FINE_TRACE] service=ts-order-service stage=service_create latency_ms=84
2026-03-18 14:02:54.421  INFO 1 --- [io-12031-exec-8] order.controller.OrderController         : [PYTHIA_FINE_TRACE] service=ts-order-service endpoint=createOrder latency_ms=84
2026-03-18 14:02:55.120  INFO 1 --- [io-12031-exec-2] order.service.OrderServiceImpl           : [PYTHIA_FINE_TRACE] service=ts-order-service stage=service_create latency_ms=389
2026-03-18 14:02:55.120  INFO 1 --- [io-12031-exec-2] order.controller.OrderController         : [PYTHIA_FINE_TRACE] service=ts-order-service endpoint=createOrder latency_ms=389
2026-03-18 14:02:55.879  INFO 1 --- [io-12031-exec-4] order.service.OrderServiceImpl           : [PYTHIA_FINE_TRACE] service=ts-order-service stage=service_create latency_ms=441
2026-03-18 14:02:55.879  INFO 1 --- [io-12031-exec-4] order.controller.OrderController         : [PYTHIA_FINE_TRACE] service=ts-order-service endpoint=createOrder latency_ms=441
2026-03-18 14:02:56.286  INFO 1 --- [o-12031-exec-10] order.service.OrderServiceImpl           : [PYTHIA_FINE_TRACE] service=ts-order-service stage=service_create latency_ms=136
2026-03-18 14:02:56.286  INFO 1 --- [o-12031-exec-10] order.controller.OrderController         : [PYTHIA_FINE_TRACE] service=ts-order-service endpoint=createOrder latency_ms=136
2026-03-18 14:02:57.016  INFO 1 --- [io-12031-exec-9] order.service.OrderServiceImpl           : [PYTHIA_FINE_TRACE] service=ts-order-service stage=service_create latency_ms=463
2026-03-18 14:02:57.016  INFO 1 --- [io-12031-exec-9] order.controller.OrderController         : [PYTHIA_FINE_TRACE] service=ts-order-service endpoint=createOrder latency_ms=463
2026-03-18 14:02:57.382  INFO 1 --- [io-12031-exec-3] order.service.OrderServiceImpl           : [PYTHIA_FINE_TRACE] service=ts-order-service stage=service_create latency_ms=128
2026-03-18 14:02:57.382  INFO 1 --- [io-12031-exec-3] order.controller.OrderController         : [PYTHIA_FINE_TRACE] service=ts-order-service endpoint=createOrder latency_ms=128
2026-03-18 14:02:57.772  INFO 1 --- [io-12031-exec-6] order.service.OrderServiceImpl           : [PYTHIA_FINE_TRACE] service=ts-order-service stage=service_create latency_ms=119
2026-03-18 14:02:57.772  INFO 1 --- [io-12031-exec-6] order.controller.OrderController         : [PYTHIA_FINE_TRACE] service=ts-order-service endpoint=createOrder latency_ms=119
2026-03-18 14:02:58.175  INFO 1 --- [io-12031-exec-1] order.service.OrderServiceImpl           : [PYTHIA_FINE_TRACE] service=ts-order-service stage=service_create latency_ms=131
2026-03-18 14:02:58.175  INFO 1 --- [io-12031-exec-1] order.controller.OrderController         : [PYTHIA_FINE_TRACE] service=ts-order-service endpoint=createOrder latency_ms=131
2026-03-18 14:02:58.590  INFO 1 --- [io-12031-exec-5] order.service.OrderServiceImpl           : [PYTHIA_FINE_TRACE] service=ts-order-service stage=service_create latency_ms=136
2026-03-18 14:02:58.591  INFO 1 --- [io-12031-exec-5] order.controller.OrderController         : [PYTHIA_FINE_TRACE] service=ts-order-service endpoint=createOrder latency_ms=137
2026-03-18 14:02:58.991  INFO 1 --- [io-12031-exec-7] order.service.OrderServiceImpl           : [PYTHIA_FINE_TRACE] service=ts-order-service stage=service_create latency_ms=127
2026-03-18 14:02:58.991  INFO 1 --- [io-12031-exec-7] order.controller.OrderController         : [PYTHIA_FINE_TRACE] service=ts-order-service endpoint=createOrder latency_ms=127
2026-03-18 14:02:59.374  INFO 1 --- [io-12031-exec-2] order.service.OrderServiceImpl           : [PYTHIA_FINE_TRACE] service=ts-order-service stage=service_create latency_ms=118
2026-03-18 14:02:59.374  INFO 1 --- [io-12031-exec-2] order.controller.OrderController         : [PYTHIA_FINE_TRACE] service=ts-order-service endpoint=createOrder latency_ms=118
2026-03-18 14:02:59.723  INFO 1 --- [io-12031-exec-4] order.service.OrderServiceImpl           : [PYTHIA_FINE_TRACE] service=ts-order-service stage=service_create latency_ms=75
2026-03-18 14:02:59.723  INFO 1 --- [io-12031-exec-4] order.controller.OrderController         : [PYTHIA_FINE_TRACE] service=ts-order-service endpoint=createOrder latency_ms=75
2026-03-18 14:03:00.078  INFO 1 --- [o-12031-exec-10] order.service.OrderServiceImpl           : [PYTHIA_FINE_TRACE] service=ts-order-service stage=service_create latency_ms=124
2026-03-18 14:03:00.078  INFO 1 --- [o-12031-exec-10] order.controller.OrderController         : [PYTHIA_FINE_TRACE] service=ts-order-service endpoint=createOrder latency_ms=124
2026-03-18 14:03:00.411  INFO 1 --- [io-12031-exec-9] order.service.OrderServiceImpl           : [PYTHIA_FINE_TRACE] service=ts-order-service stage=service_create latency_ms=67
2026-03-18 14:03:00.411  INFO 1 --- [io-12031-exec-9] order.controller.OrderController         : [PYTHIA_FINE_TRACE] service=ts-order-service endpoint=createOrder latency_ms=67
2026-03-18 14:03:01.096  INFO 1 --- [io-12031-exec-3] order.service.OrderServiceImpl           : [PYTHIA_FINE_TRACE] service=ts-order-service stage=service_create latency_ms=440
2026-03-18 14:03:01.096  INFO 1 --- [io-12031-exec-3] order.controller.OrderController         : [PYTHIA_FINE_TRACE] service=ts-order-service endpoint=createOrder latency_ms=440
2026-03-18 14:03:01.490  INFO 1 --- [io-12031-exec-6] order.service.OrderServiceImpl           : [PYTHIA_FINE_TRACE] service=ts-order-service stage=service_create latency_ms=133
2026-03-18 14:03:01.490  INFO 1 --- [io-12031-exec-6] order.controller.OrderController         : [PYTHIA_FINE_TRACE] service=ts-order-service endpoint=createOrder latency_ms=133
2026-03-18 14:03:01.880  INFO 1 --- [io-12031-exec-1] order.service.OrderServiceImpl           : [PYTHIA_FINE_TRACE] service=ts-order-service stage=service_create latency_ms=121
2026-03-18 14:03:01.880  INFO 1 --- [io-12031-exec-1] order.controller.OrderController         : [PYTHIA_FINE_TRACE] service=ts-order-service endpoint=createOrder latency_ms=121
2026-03-18 14:03:02.274  INFO 1 --- [io-12031-exec-5] order.service.OrderServiceImpl           : [PYTHIA_FINE_TRACE] service=ts-order-service stage=service_create latency_ms=122
2026-03-18 14:03:02.274  INFO 1 --- [io-12031-exec-5] order.controller.OrderController         : [PYTHIA_FINE_TRACE] service=ts-order-service endpoint=createOrder latency_ms=122
2026-03-18 14:03:02.620  INFO 1 --- [io-12031-exec-8] order.service.OrderServiceImpl           : [PYTHIA_FINE_TRACE] service=ts-order-service stage=service_create latency_ms=74
2026-03-18 14:03:02.620  INFO 1 --- [io-12031-exec-8] order.controller.OrderController         : [PYTHIA_FINE_TRACE] service=ts-order-service endpoint=createOrder latency_ms=74
2026-03-18 14:03:03.305  INFO 1 --- [io-12031-exec-7] order.service.OrderServiceImpl           : [PYTHIA_FINE_TRACE] service=ts-order-service stage=service_create latency_ms=367
2026-03-18 14:03:03.305  INFO 1 --- [io-12031-exec-7] order.controller.OrderController         : [PYTHIA_FINE_TRACE] service=ts-order-service endpoint=createOrder latency_ms=368
2026-03-18 14:03:03.619  INFO 1 --- [io-12031-exec-2] order.service.OrderServiceImpl           : [PYTHIA_FINE_TRACE] service=ts-order-service stage=service_create latency_ms=64
2026-03-18 14:03:03.619  INFO 1 --- [io-12031-exec-2] order.controller.OrderController         : [PYTHIA_FINE_TRACE] service=ts-order-service endpoint=createOrder latency_ms=64
2026-03-18 14:03:04.491  INFO 1 --- [io-12031-exec-4] order.service.OrderServiceImpl           : [PYTHIA_FINE_TRACE] service=ts-order-service stage=service_create latency_ms=632
2026-03-18 14:03:04.491  INFO 1 --- [io-12031-exec-4] order.controller.OrderController         : [PYTHIA_FINE_TRACE] service=ts-order-service endpoint=createOrder latency_ms=632
2026-03-18 14:03:04.896  INFO 1 --- [o-12031-exec-10] order.service.OrderServiceImpl           : [PYTHIA_FINE_TRACE] service=ts-order-service stage=service_create latency_ms=140
2026-03-18 14:03:04.896  INFO 1 --- [o-12031-exec-10] order.controller.OrderController         : [PYTHIA_FINE_TRACE] service=ts-order-service endpoint=createOrder latency_ms=140
2026-03-18 14:03:05.283  INFO 1 --- [io-12031-exec-9] order.service.OrderServiceImpl           : [PYTHIA_FINE_TRACE] service=ts-order-service stage=service_create latency_ms=128
2026-03-18 14:03:05.283  INFO 1 --- [io-12031-exec-9] order.controller.OrderController         : [PYTHIA_FINE_TRACE] service=ts-order-service endpoint=createOrder latency_ms=128
2026-03-18 14:03:05.678  INFO 1 --- [io-12031-exec-3] order.service.OrderServiceImpl           : [PYTHIA_FINE_TRACE] service=ts-order-service stage=service_create latency_ms=128
2026-03-18 14:03:05.678  INFO 1 --- [io-12031-exec-3] order.controller.OrderController         : [PYTHIA_FINE_TRACE] service=ts-order-service endpoint=createOrder latency_ms=128
2026-03-18 14:03:06.022  INFO 1 --- [io-12031-exec-6] order.service.OrderServiceImpl           : [PYTHIA_FINE_TRACE] service=ts-order-service stage=service_create latency_ms=69
2026-03-18 14:03:06.022  INFO 1 --- [io-12031-exec-6] order.controller.OrderController         : [PYTHIA_FINE_TRACE] service=ts-order-service endpoint=createOrder latency_ms=69
2026-03-18 14:03:06.372  INFO 1 --- [io-12031-exec-1] order.service.OrderServiceImpl           : [PYTHIA_FINE_TRACE] service=ts-order-service stage=service_create latency_ms=118
2026-03-18 14:03:06.372  INFO 1 --- [io-12031-exec-1] order.controller.OrderController         : [PYTHIA_FINE_TRACE] service=ts-order-service endpoint=createOrder latency_ms=118
2026-03-18 14:03:06.722  INFO 1 --- [io-12031-exec-5] order.service.OrderServiceImpl           : [PYTHIA_FINE_TRACE] service=ts-order-service stage=service_create latency_ms=70
2026-03-18 14:03:06.722  INFO 1 --- [io-12031-exec-5] order.controller.OrderController         : [PYTHIA_FINE_TRACE] service=ts-order-service endpoint=createOrder latency_ms=70
2026-03-18 14:03:07.171  INFO 1 --- [io-12031-exec-8] order.service.OrderServiceImpl           : [PYTHIA_FINE_TRACE] service=ts-order-service stage=service_create latency_ms=216
2026-03-18 14:03:07.171  INFO 1 --- [io-12031-exec-8] order.controller.OrderController         : [PYTHIA_FINE_TRACE] service=ts-order-service endpoint=createOrder latency_ms=216
2026-03-18 14:03:07.525  INFO 1 --- [io-12031-exec-7] order.service.OrderServiceImpl           : [PYTHIA_FINE_TRACE] service=ts-order-service stage=service_create latency_ms=83
2026-03-18 14:03:07.525  INFO 1 --- [io-12031-exec-7] order.controller.OrderController         : [PYTHIA_FINE_TRACE] service=ts-order-service endpoint=createOrder latency_ms=83
2026-03-18 14:03:07.883  INFO 1 --- [io-12031-exec-2] order.service.OrderServiceImpl           : [PYTHIA_FINE_TRACE] service=ts-order-service stage=service_create latency_ms=127
2026-03-18 14:03:07.884  INFO 1 --- [io-12031-exec-2] order.controller.OrderController         : [PYTHIA_FINE_TRACE] service=ts-order-service endpoint=createOrder latency_ms=128
2026-03-18 14:03:08.578  INFO 1 --- [io-12031-exec-4] order.service.OrderServiceImpl           : [PYTHIA_FINE_TRACE] service=ts-order-service stage=service_create latency_ms=425
2026-03-18 14:03:08.578  INFO 1 --- [io-12031-exec-4] order.controller.OrderController         : [PYTHIA_FINE_TRACE] service=ts-order-service endpoint=createOrder latency_ms=425
2026-03-18 14:03:08.983  INFO 1 --- [o-12031-exec-10] order.service.OrderServiceImpl           : [PYTHIA_FINE_TRACE] service=ts-order-service stage=service_create latency_ms=122
2026-03-18 14:03:08.983  INFO 1 --- [o-12031-exec-10] order.controller.OrderController         : [PYTHIA_FINE_TRACE] service=ts-order-service endpoint=createOrder latency_ms=123
2026-03-18 14:03:09.318  INFO 1 --- [io-12031-exec-3] order.service.OrderServiceImpl           : [PYTHIA_FINE_TRACE] service=ts-order-service stage=service_create latency_ms=69
2026-03-18 14:03:09.318  INFO 1 --- [io-12031-exec-3] order.controller.OrderController         : [PYTHIA_FINE_TRACE] service=ts-order-service endpoint=createOrder latency_ms=69
2026-03-18 14:03:09.675  INFO 1 --- [io-12031-exec-6] order.service.OrderServiceImpl           : [PYTHIA_FINE_TRACE] service=ts-order-service stage=service_create latency_ms=115
2026-03-18 14:03:09.675  INFO 1 --- [io-12031-exec-6] order.controller.OrderController         : [PYTHIA_FINE_TRACE] service=ts-order-service endpoint=createOrder latency_ms=115
2026-03-18 14:03:10.090  INFO 1 --- [io-12031-exec-1] order.service.OrderServiceImpl           : [PYTHIA_FINE_TRACE] service=ts-order-service stage=service_create latency_ms=140
2026-03-18 14:03:10.090  INFO 1 --- [io-12031-exec-1] order.controller.OrderController         : [PYTHIA_FINE_TRACE] service=ts-order-service endpoint=createOrder latency_ms=140
2026-03-18 14:03:10.782  INFO 1 --- [io-12031-exec-5] order.service.OrderServiceImpl           : [PYTHIA_FINE_TRACE] service=ts-order-service stage=service_create latency_ms=425
2026-03-18 14:03:10.782  INFO 1 --- [io-12031-exec-5] order.controller.OrderController         : [PYTHIA_FINE_TRACE] service=ts-order-service endpoint=createOrder latency_ms=425
2026-03-18 14:03:11.174  INFO 1 --- [io-12031-exec-8] order.service.OrderServiceImpl           : [PYTHIA_FINE_TRACE] service=ts-order-service stage=service_create latency_ms=125
2026-03-18 14:03:11.174  INFO 1 --- [io-12031-exec-8] order.controller.OrderController         : [PYTHIA_FINE_TRACE] service=ts-order-service endpoint=createOrder latency_ms=125
2026-03-18 14:03:11.582  INFO 1 --- [io-12031-exec-7] order.service.OrderServiceImpl           : [PYTHIA_FINE_TRACE] service=ts-order-service stage=service_create latency_ms=127
2026-03-18 14:03:11.582  INFO 1 --- [io-12031-exec-7] order.controller.OrderController         : [PYTHIA_FINE_TRACE] service=ts-order-service endpoint=createOrder latency_ms=127
2026-03-18 14:03:11.971  INFO 1 --- [io-12031-exec-2] order.service.OrderServiceImpl           : [PYTHIA_FINE_TRACE] service=ts-order-service stage=service_create latency_ms=118
2026-03-18 14:03:11.971  INFO 1 --- [io-12031-exec-2] order.controller.OrderController         : [PYTHIA_FINE_TRACE] service=ts-order-service endpoint=createOrder latency_ms=118
2026-03-18 14:03:12.311  INFO 1 --- [io-12031-exec-4] order.service.OrderServiceImpl           : [PYTHIA_FINE_TRACE] service=ts-order-service stage=service_create latency_ms=70
2026-03-18 14:03:12.311  INFO 1 --- [io-12031-exec-4] order.controller.OrderController         : [PYTHIA_FINE_TRACE] service=ts-order-service endpoint=createOrder latency_ms=70
2026-03-18 14:03:12.618  INFO 1 --- [io-12031-exec-9] order.service.OrderServiceImpl           : [PYTHIA_FINE_TRACE] service=ts-order-service stage=service_create latency_ms=65
2026-03-18 14:03:12.618  INFO 1 --- [io-12031-exec-9] order.controller.OrderController         : [PYTHIA_FINE_TRACE] service=ts-order-service endpoint=createOrder latency_ms=65
2026-03-18 14:03:13.393  INFO 1 --- [o-12031-exec-10] order.service.OrderServiceImpl           : [PYTHIA_FINE_TRACE] service=ts-order-service stage=service_create latency_ms=537
2026-03-18 14:03:13.393  INFO 1 --- [o-12031-exec-10] order.controller.OrderController         : [PYTHIA_FINE_TRACE] service=ts-order-service endpoint=createOrder latency_ms=538
2026-03-18 14:03:13.784  INFO 1 --- [io-12031-exec-3] order.service.OrderServiceImpl           : [PYTHIA_FINE_TRACE] service=ts-order-service stage=service_create latency_ms=130
2026-03-18 14:03:13.784  INFO 1 --- [io-12031-exec-3] order.controller.OrderController         : [PYTHIA_FINE_TRACE] service=ts-order-service endpoint=createOrder latency_ms=130
2026-03-18 14:03:14.195  INFO 1 --- [io-12031-exec-6] order.service.OrderServiceImpl           : [PYTHIA_FINE_TRACE] service=ts-order-service stage=service_create latency_ms=145
2026-03-18 14:03:14.195  INFO 1 --- [io-12031-exec-6] order.controller.OrderController         : [PYTHIA_FINE_TRACE] service=ts-order-service endpoint=createOrder latency_ms=145
2026-03-18 14:03:14.582  INFO 1 --- [io-12031-exec-1] order.service.OrderServiceImpl           : [PYTHIA_FINE_TRACE] service=ts-order-service stage=service_create latency_ms=123
2026-03-18 14:03:14.582  INFO 1 --- [io-12031-exec-1] order.controller.OrderController         : [PYTHIA_FINE_TRACE] service=ts-order-service endpoint=createOrder latency_ms=123
2026-03-18 14:03:14.982  INFO 1 --- [io-12031-exec-5] order.service.OrderServiceImpl           : [PYTHIA_FINE_TRACE] service=ts-order-service stage=service_create latency_ms=126
2026-03-18 14:03:14.982  INFO 1 --- [io-12031-exec-5] order.controller.OrderController         : [PYTHIA_FINE_TRACE] service=ts-order-service endpoint=createOrder latency_ms=126
2026-03-18 14:03:15.373  INFO 1 --- [io-12031-exec-8] order.service.OrderServiceImpl           : [PYTHIA_FINE_TRACE] service=ts-order-service stage=service_create latency_ms=115
2026-03-18 14:03:15.373  INFO 1 --- [io-12031-exec-8] order.controller.OrderController         : [PYTHIA_FINE_TRACE] service=ts-order-service endpoint=createOrder latency_ms=115
2026-03-18 14:03:16.083  INFO 1 --- [io-12031-exec-7] order.service.OrderServiceImpl           : [PYTHIA_FINE_TRACE] service=ts-order-service stage=service_create latency_ms=436
2026-03-18 14:03:16.083  INFO 1 --- [io-12031-exec-7] order.controller.OrderController         : [PYTHIA_FINE_TRACE] service=ts-order-service endpoint=createOrder latency_ms=436
2026-03-18 14:03:16.484  INFO 1 --- [io-12031-exec-2] order.service.OrderServiceImpl           : [PYTHIA_FINE_TRACE] service=ts-order-service stage=service_create latency_ms=131
2026-03-18 14:03:16.484  INFO 1 --- [io-12031-exec-2] order.controller.OrderController         : [PYTHIA_FINE_TRACE] service=ts-order-service endpoint=createOrder latency_ms=131
2026-03-18 14:03:16.876  INFO 1 --- [io-12031-exec-4] order.service.OrderServiceImpl           : [PYTHIA_FINE_TRACE] service=ts-order-service stage=service_create latency_ms=120
2026-03-18 14:03:16.876  INFO 1 --- [io-12031-exec-4] order.controller.OrderController         : [PYTHIA_FINE_TRACE] service=ts-order-service endpoint=createOrder latency_ms=120
2026-03-18 14:03:17.218  INFO 1 --- [io-12031-exec-9] order.service.OrderServiceImpl           : [PYTHIA_FINE_TRACE] service=ts-order-service stage=service_create latency_ms=71
2026-03-18 14:03:17.218  INFO 1 --- [io-12031-exec-9] order.controller.OrderController         : [PYTHIA_FINE_TRACE] service=ts-order-service endpoint=createOrder latency_ms=71
2026-03-18 14:03:17.566  INFO 1 --- [o-12031-exec-10] order.service.OrderServiceImpl           : [PYTHIA_FINE_TRACE] service=ts-order-service stage=service_create latency_ms=110
2026-03-18 14:03:17.566  INFO 1 --- [o-12031-exec-10] order.controller.OrderController         : [PYTHIA_FINE_TRACE] service=ts-order-service endpoint=createOrder latency_ms=110
2026-03-18 14:03:17.910  INFO 1 --- [io-12031-exec-3] order.service.OrderServiceImpl           : [PYTHIA_FINE_TRACE] service=ts-order-service stage=service_create latency_ms=71
2026-03-18 14:03:17.910  INFO 1 --- [io-12031-exec-3] order.controller.OrderController         : [PYTHIA_FINE_TRACE] service=ts-order-service endpoint=createOrder latency_ms=71
2026-03-18 14:03:18.220  INFO 1 --- [io-12031-exec-6] order.service.OrderServiceImpl           : [PYTHIA_FINE_TRACE] service=ts-order-service stage=service_create latency_ms=65
2026-03-18 14:03:18.220  INFO 1 --- [io-12031-exec-6] order.controller.OrderController         : [PYTHIA_FINE_TRACE] service=ts-order-service endpoint=createOrder latency_ms=65
2026-03-18 14:03:18.598  INFO 1 --- [io-12031-exec-1] order.service.OrderServiceImpl           : [PYTHIA_FINE_TRACE] service=ts-order-service stage=service_create latency_ms=138
2026-03-18 14:03:18.598  INFO 1 --- [io-12031-exec-1] order.controller.OrderController         : [PYTHIA_FINE_TRACE] service=ts-order-service endpoint=createOrder latency_ms=138
2026-03-18 14:03:18.989  INFO 1 --- [io-12031-exec-5] order.service.OrderServiceImpl           : [PYTHIA_FINE_TRACE] service=ts-order-service stage=service_create latency_ms=131
2026-03-18 14:03:18.989  INFO 1 --- [io-12031-exec-5] order.controller.OrderController         : [PYTHIA_FINE_TRACE] service=ts-order-service endpoint=createOrder latency_ms=131
2026-03-18 14:03:19.391  INFO 1 --- [io-12031-exec-7] order.service.OrderServiceImpl           : [PYTHIA_FINE_TRACE] service=ts-order-service stage=service_create latency_ms=136
2026-03-18 14:03:19.391  INFO 1 --- [io-12031-exec-7] order.controller.OrderController         : [PYTHIA_FINE_TRACE] service=ts-order-service endpoint=createOrder latency_ms=136
2026-03-18 14:03:19.784  INFO 1 --- [io-12031-exec-2] order.service.OrderServiceImpl           : [PYTHIA_FINE_TRACE] service=ts-order-service stage=service_create latency_ms=127
2026-03-18 14:03:19.784  INFO 1 --- [io-12031-exec-2] order.controller.OrderController         : [PYTHIA_FINE_TRACE] service=ts-order-service endpoint=createOrder latency_ms=128
2026-03-18 14:03:20.180  INFO 1 --- [io-12031-exec-4] order.service.OrderServiceImpl           : [PYTHIA_FINE_TRACE] service=ts-order-service stage=service_create latency_ms=121
2026-03-18 14:03:20.180  INFO 1 --- [io-12031-exec-4] order.controller.OrderController         : [PYTHIA_FINE_TRACE] service=ts-order-service endpoint=createOrder latency_ms=121
2026-03-18 14:03:20.579  INFO 1 --- [io-12031-exec-9] order.service.OrderServiceImpl           : [PYTHIA_FINE_TRACE] service=ts-order-service stage=service_create latency_ms=123
2026-03-18 14:03:20.579  INFO 1 --- [io-12031-exec-9] order.controller.OrderController         : [PYTHIA_FINE_TRACE] service=ts-order-service endpoint=createOrder latency_ms=123
2026-03-18 14:03:20.986  INFO 1 --- [o-12031-exec-10] order.service.OrderServiceImpl           : [PYTHIA_FINE_TRACE] service=ts-order-service stage=service_create latency_ms=140
2026-03-18 14:03:20.986  INFO 1 --- [o-12031-exec-10] order.controller.OrderController         : [PYTHIA_FINE_TRACE] service=ts-order-service endpoint=createOrder latency_ms=140
2026-03-18 14:03:21.788  INFO 1 --- [io-12031-exec-3] order.service.OrderServiceImpl           : [PYTHIA_FINE_TRACE] service=ts-order-service stage=service_create latency_ms=533
2026-03-18 14:03:21.788  INFO 1 --- [io-12031-exec-3] order.controller.OrderController         : [PYTHIA_FINE_TRACE] service=ts-order-service endpoint=createOrder latency_ms=533
2026-03-18 14:03:22.187  INFO 1 --- [io-12031-exec-6] order.service.OrderServiceImpl           : [PYTHIA_FINE_TRACE] service=ts-order-service stage=service_create latency_ms=130
2026-03-18 14:03:22.187  INFO 1 --- [io-12031-exec-6] order.controller.OrderController         : [PYTHIA_FINE_TRACE] service=ts-order-service endpoint=createOrder latency_ms=130
2026-03-18 14:03:22.574  INFO 1 --- [io-12031-exec-1] order.service.OrderServiceImpl           : [PYTHIA_FINE_TRACE] service=ts-order-service stage=service_create latency_ms=121
2026-03-18 14:03:22.575  INFO 1 --- [io-12031-exec-1] order.controller.OrderController         : [PYTHIA_FINE_TRACE] service=ts-order-service endpoint=createOrder latency_ms=122
2026-03-18 14:03:22.911  INFO 1 --- [io-12031-exec-8] order.service.OrderServiceImpl           : [PYTHIA_FINE_TRACE] service=ts-order-service stage=service_create latency_ms=72
2026-03-18 14:03:22.911  INFO 1 --- [io-12031-exec-8] order.controller.OrderController         : [PYTHIA_FINE_TRACE] service=ts-order-service endpoint=createOrder latency_ms=72
2026-03-18 14:03:23.276  INFO 1 --- [io-12031-exec-5] order.service.OrderServiceImpl           : [PYTHIA_FINE_TRACE] service=ts-order-service stage=service_create latency_ms=122
2026-03-18 14:03:23.276  INFO 1 --- [io-12031-exec-5] order.controller.OrderController         : [PYTHIA_FINE_TRACE] service=ts-order-service endpoint=createOrder latency_ms=122
2026-03-18 14:03:23.613  INFO 1 --- [io-12031-exec-7] order.service.OrderServiceImpl           : [PYTHIA_FINE_TRACE] service=ts-order-service stage=service_create latency_ms=66
2026-03-18 14:03:23.613  INFO 1 --- [io-12031-exec-7] order.controller.OrderController         : [PYTHIA_FINE_TRACE] service=ts-order-service endpoint=createOrder latency_ms=66
2026-03-18 14:03:24.379  INFO 1 --- [io-12031-exec-2] order.service.OrderServiceImpl           : [PYTHIA_FINE_TRACE] service=ts-order-service stage=service_create latency_ms=434
2026-03-18 14:03:24.379  INFO 1 --- [io-12031-exec-2] order.controller.OrderController         : [PYTHIA_FINE_TRACE] service=ts-order-service endpoint=createOrder latency_ms=434
2026-03-18 14:03:25.072  INFO 1 --- [io-12031-exec-4] order.service.OrderServiceImpl           : [PYTHIA_FINE_TRACE] service=ts-order-service stage=service_create latency_ms=426
2026-03-18 14:03:25.072  INFO 1 --- [io-12031-exec-4] order.controller.OrderController         : [PYTHIA_FINE_TRACE] service=ts-order-service endpoint=createOrder latency_ms=426
2026-03-18 14:03:25.414  INFO 1 --- [io-12031-exec-9] order.service.OrderServiceImpl           : [PYTHIA_FINE_TRACE] service=ts-order-service stage=service_create latency_ms=76
2026-03-18 14:03:25.414  INFO 1 --- [io-12031-exec-9] order.controller.OrderController         : [PYTHIA_FINE_TRACE] service=ts-order-service endpoint=createOrder latency_ms=76
2026-03-18 14:03:25.720  INFO 1 --- [o-12031-exec-10] order.service.OrderServiceImpl           : [PYTHIA_FINE_TRACE] service=ts-order-service stage=service_create latency_ms=67
2026-03-18 14:03:25.720  INFO 1 --- [o-12031-exec-10] order.controller.OrderController         : [PYTHIA_FINE_TRACE] service=ts-order-service endpoint=createOrder latency_ms=67
2026-03-18 14:03:26.121  INFO 1 --- [io-12031-exec-3] order.service.OrderServiceImpl           : [PYTHIA_FINE_TRACE] service=ts-order-service stage=service_create latency_ms=69
2026-03-18 14:03:26.121  INFO 1 --- [io-12031-exec-3] order.controller.OrderController         : [PYTHIA_FINE_TRACE] service=ts-order-service endpoint=createOrder latency_ms=69
2026-03-18 14:03:26.722  INFO 1 --- [io-12031-exec-6] order.service.OrderServiceImpl           : [PYTHIA_FINE_TRACE] service=ts-order-service stage=service_create latency_ms=367
2026-03-18 14:03:26.722  INFO 1 --- [io-12031-exec-6] order.controller.OrderController         : [PYTHIA_FINE_TRACE] service=ts-order-service endpoint=createOrder latency_ms=367
2026-03-18 14:03:27.386  INFO 1 --- [io-12031-exec-1] order.service.OrderServiceImpl           : [PYTHIA_FINE_TRACE] service=ts-order-service stage=service_create latency_ms=433
2026-03-18 14:03:27.386  INFO 1 --- [io-12031-exec-1] order.controller.OrderController         : [PYTHIA_FINE_TRACE] service=ts-order-service endpoint=createOrder latency_ms=433
2026-03-18 14:03:27.775  INFO 1 --- [io-12031-exec-8] order.service.OrderServiceImpl           : [PYTHIA_FINE_TRACE] service=ts-order-service stage=service_create latency_ms=121
2026-03-18 14:03:27.775  INFO 1 --- [io-12031-exec-8] order.controller.OrderController         : [PYTHIA_FINE_TRACE] service=ts-order-service endpoint=createOrder latency_ms=121
2026-03-18 14:03:28.166  INFO 1 --- [io-12031-exec-5] order.service.OrderServiceImpl           : [PYTHIA_FINE_TRACE] service=ts-order-service stage=service_create latency_ms=121
2026-03-18 14:03:28.166  INFO 1 --- [io-12031-exec-5] order.controller.OrderController         : [PYTHIA_FINE_TRACE] service=ts-order-service endpoint=createOrder latency_ms=121
2026-03-18 14:03:28.504  INFO 1 --- [io-12031-exec-7] order.service.OrderServiceImpl           : [PYTHIA_FINE_TRACE] service=ts-order-service stage=service_create latency_ms=73
2026-03-18 14:03:28.504  INFO 1 --- [io-12031-exec-7] order.controller.OrderController         : [PYTHIA_FINE_TRACE] service=ts-order-service endpoint=createOrder latency_ms=73
2026-03-18 14:03:28.826  INFO 1 --- [io-12031-exec-2] order.service.OrderServiceImpl           : [PYTHIA_FINE_TRACE] service=ts-order-service stage=service_create latency_ms=70
2026-03-18 14:03:28.826  INFO 1 --- [io-12031-exec-2] order.controller.OrderController         : [PYTHIA_FINE_TRACE] service=ts-order-service endpoint=createOrder latency_ms=70
2026-03-18 14:03:29.167  INFO 1 --- [io-12031-exec-9] order.service.OrderServiceImpl           : [PYTHIA_FINE_TRACE] service=ts-order-service stage=service_create latency_ms=109
2026-03-18 14:03:29.167  INFO 1 --- [io-12031-exec-9] order.controller.OrderController         : [PYTHIA_FINE_TRACE] service=ts-order-service endpoint=createOrder latency_ms=109
2026-03-18 14:03:29.573  INFO 1 --- [o-12031-exec-10] order.service.OrderServiceImpl           : [PYTHIA_FINE_TRACE] service=ts-order-service stage=service_create latency_ms=141
2026-03-18 14:03:29.573  INFO 1 --- [o-12031-exec-10] order.controller.OrderController         : [PYTHIA_FINE_TRACE] service=ts-order-service endpoint=createOrder latency_ms=141
2026-03-18 14:03:30.389  INFO 1 --- [io-12031-exec-3] order.service.OrderServiceImpl           : [PYTHIA_FINE_TRACE] service=ts-order-service stage=service_create latency_ms=544
2026-03-18 14:03:30.389  INFO 1 --- [io-12031-exec-3] order.controller.OrderController         : [PYTHIA_FINE_TRACE] service=ts-order-service endpoint=createOrder latency_ms=544
2026-03-18 14:03:30.788  INFO 1 --- [io-12031-exec-6] order.service.OrderServiceImpl           : [PYTHIA_FINE_TRACE] service=ts-order-service stage=service_create latency_ms=130
2026-03-18 14:03:30.788  INFO 1 --- [io-12031-exec-6] order.controller.OrderController         : [PYTHIA_FINE_TRACE] service=ts-order-service endpoint=createOrder latency_ms=130
2026-03-18 14:03:31.481  INFO 1 --- [io-12031-exec-1] order.service.OrderServiceImpl           : [PYTHIA_FINE_TRACE] service=ts-order-service stage=service_create latency_ms=425
2026-03-18 14:03:31.481  INFO 1 --- [io-12031-exec-1] order.controller.OrderController         : [PYTHIA_FINE_TRACE] service=ts-order-service endpoint=createOrder latency_ms=425
2026-03-18 14:03:31.882  INFO 1 --- [io-12031-exec-8] order.service.OrderServiceImpl           : [PYTHIA_FINE_TRACE] service=ts-order-service stage=service_create latency_ms=123
2026-03-18 14:03:31.882  INFO 1 --- [io-12031-exec-8] order.controller.OrderController         : [PYTHIA_FINE_TRACE] service=ts-order-service endpoint=createOrder latency_ms=123
2026-03-18 14:03:32.267  INFO 1 --- [io-12031-exec-5] order.service.OrderServiceImpl           : [PYTHIA_FINE_TRACE] service=ts-order-service stage=service_create latency_ms=111
2026-03-18 14:03:32.267  INFO 1 --- [io-12031-exec-5] order.controller.OrderController         : [PYTHIA_FINE_TRACE] service=ts-order-service endpoint=createOrder latency_ms=111
2026-03-18 14:03:32.678  INFO 1 --- [io-12031-exec-7] order.service.OrderServiceImpl           : [PYTHIA_FINE_TRACE] service=ts-order-service stage=service_create latency_ms=132
2026-03-18 14:03:32.678  INFO 1 --- [io-12031-exec-7] order.controller.OrderController         : [PYTHIA_FINE_TRACE] service=ts-order-service endpoint=createOrder latency_ms=132
2026-03-18 14:03:33.084  INFO 1 --- [io-12031-exec-2] order.service.OrderServiceImpl           : [PYTHIA_FINE_TRACE] service=ts-order-service stage=service_create latency_ms=128
2026-03-18 14:03:33.084  INFO 1 --- [io-12031-exec-2] order.controller.OrderController         : [PYTHIA_FINE_TRACE] service=ts-order-service endpoint=createOrder latency_ms=128
2026-03-18 14:03:33.478  INFO 1 --- [io-12031-exec-4] order.service.OrderServiceImpl           : [PYTHIA_FINE_TRACE] service=ts-order-service stage=service_create latency_ms=129
2026-03-18 14:03:33.479  INFO 1 --- [io-12031-exec-4] order.controller.OrderController         : [PYTHIA_FINE_TRACE] service=ts-order-service endpoint=createOrder latency_ms=129
2026-03-18 14:03:33.879  INFO 1 --- [io-12031-exec-9] order.service.OrderServiceImpl           : [PYTHIA_FINE_TRACE] service=ts-order-service stage=service_create latency_ms=132
2026-03-18 14:03:33.879  INFO 1 --- [io-12031-exec-9] order.controller.OrderController         : [PYTHIA_FINE_TRACE] service=ts-order-service endpoint=createOrder latency_ms=132
2026-03-18 14:03:34.266  INFO 1 --- [o-12031-exec-10] order.service.OrderServiceImpl           : [PYTHIA_FINE_TRACE] service=ts-order-service stage=service_create latency_ms=110
2026-03-18 14:03:34.267  INFO 1 --- [o-12031-exec-10] order.controller.OrderController         : [PYTHIA_FINE_TRACE] service=ts-order-service endpoint=createOrder latency_ms=112
2026-03-18 14:03:34.603  INFO 1 --- [io-12031-exec-3] order.service.OrderServiceImpl           : [PYTHIA_FINE_TRACE] service=ts-order-service stage=service_create latency_ms=64
2026-03-18 14:03:34.603  INFO 1 --- [io-12031-exec-3] order.controller.OrderController         : [PYTHIA_FINE_TRACE] service=ts-order-service endpoint=createOrder latency_ms=64
2026-03-18 14:03:34.919  INFO 1 --- [io-12031-exec-6] order.service.OrderServiceImpl           : [PYTHIA_FINE_TRACE] service=ts-order-service stage=service_create latency_ms=65
2026-03-18 14:03:34.919  INFO 1 --- [io-12031-exec-6] order.controller.OrderController         : [PYTHIA_FINE_TRACE] service=ts-order-service endpoint=createOrder latency_ms=65
2026-03-18 14:03:35.286  INFO 1 --- [io-12031-exec-1] order.service.OrderServiceImpl           : [PYTHIA_FINE_TRACE] service=ts-order-service stage=service_create latency_ms=130
2026-03-18 14:03:35.286  INFO 1 --- [io-12031-exec-1] order.controller.OrderController         : [PYTHIA_FINE_TRACE] service=ts-order-service endpoint=createOrder latency_ms=130
2026-03-18 14:03:35.982  INFO 1 --- [io-12031-exec-8] order.service.OrderServiceImpl           : [PYTHIA_FINE_TRACE] service=ts-order-service stage=service_create latency_ms=427
2026-03-18 14:03:35.982  INFO 1 --- [io-12031-exec-8] order.controller.OrderController         : [PYTHIA_FINE_TRACE] service=ts-order-service endpoint=createOrder latency_ms=427
2026-03-18 14:03:36.378  INFO 1 --- [io-12031-exec-5] order.service.OrderServiceImpl           : [PYTHIA_FINE_TRACE] service=ts-order-service stage=service_create latency_ms=124
2026-03-18 14:03:36.378  INFO 1 --- [io-12031-exec-5] order.controller.OrderController         : [PYTHIA_FINE_TRACE] service=ts-order-service endpoint=createOrder latency_ms=124
2026-03-18 14:03:37.066  INFO 1 --- [io-12031-exec-7] order.service.OrderServiceImpl           : [PYTHIA_FINE_TRACE] service=ts-order-service stage=service_create latency_ms=416
2026-03-18 14:03:37.066  INFO 1 --- [io-12031-exec-7] order.controller.OrderController         : [PYTHIA_FINE_TRACE] service=ts-order-service endpoint=createOrder latency_ms=416
2026-03-18 14:03:37.394  INFO 1 --- [io-12031-exec-2] order.service.OrderServiceImpl           : [PYTHIA_FINE_TRACE] service=ts-order-service stage=service_create latency_ms=110
2026-03-18 14:03:37.394  INFO 1 --- [io-12031-exec-2] order.controller.OrderController         : [PYTHIA_FINE_TRACE] service=ts-order-service endpoint=createOrder latency_ms=110
2026-03-18 14:03:38.085  INFO 1 --- [io-12031-exec-4] order.service.OrderServiceImpl           : [PYTHIA_FINE_TRACE] service=ts-order-service stage=service_create latency_ms=424
2026-03-18 14:03:38.085  INFO 1 --- [io-12031-exec-4] order.controller.OrderController         : [PYTHIA_FINE_TRACE] service=ts-order-service endpoint=createOrder latency_ms=424
2026-03-18 14:03:38.787  INFO 1 --- [io-12031-exec-9] order.service.OrderServiceImpl           : [PYTHIA_FINE_TRACE] service=ts-order-service stage=service_create latency_ms=434
2026-03-18 14:03:38.787  INFO 1 --- [io-12031-exec-9] order.controller.OrderController         : [PYTHIA_FINE_TRACE] service=ts-order-service endpoint=createOrder latency_ms=434
2026-03-18 14:03:39.580  INFO 1 --- [io-12031-exec-3] order.service.OrderServiceImpl           : [PYTHIA_FINE_TRACE] service=ts-order-service stage=service_create latency_ms=528
2026-03-18 14:03:39.580  INFO 1 --- [io-12031-exec-3] order.controller.OrderController         : [PYTHIA_FINE_TRACE] service=ts-order-service endpoint=createOrder latency_ms=528
2026-03-18 14:03:39.988  INFO 1 --- [io-12031-exec-6] order.service.OrderServiceImpl           : [PYTHIA_FINE_TRACE] service=ts-order-service stage=service_create latency_ms=137
2026-03-18 14:03:39.988  INFO 1 --- [io-12031-exec-6] order.controller.OrderController         : [PYTHIA_FINE_TRACE] service=ts-order-service endpoint=createOrder latency_ms=137
2026-03-18 14:03:40.679  INFO 1 --- [io-12031-exec-1] order.service.OrderServiceImpl           : [PYTHIA_FINE_TRACE] service=ts-order-service stage=service_create latency_ms=423
2026-03-18 14:03:40.679  INFO 1 --- [io-12031-exec-1] order.controller.OrderController         : [PYTHIA_FINE_TRACE] service=ts-order-service endpoint=createOrder latency_ms=423
2026-03-18 14:03:41.367  INFO 1 --- [io-12031-exec-8] order.service.OrderServiceImpl           : [PYTHIA_FINE_TRACE] service=ts-order-service stage=service_create latency_ms=414
2026-03-18 14:03:41.367  INFO 1 --- [io-12031-exec-8] order.controller.OrderController         : [PYTHIA_FINE_TRACE] service=ts-order-service endpoint=createOrder latency_ms=414
2026-03-18 14:03:42.023  INFO 1 --- [io-12031-exec-5] order.service.OrderServiceImpl           : [PYTHIA_FINE_TRACE] service=ts-order-service stage=service_create latency_ms=371
2026-03-18 14:03:42.023  INFO 1 --- [io-12031-exec-5] order.controller.OrderController         : [PYTHIA_FINE_TRACE] service=ts-order-service endpoint=createOrder latency_ms=371
2026-03-18 14:03:42.414  INFO 1 --- [io-12031-exec-7] order.service.OrderServiceImpl           : [PYTHIA_FINE_TRACE] service=ts-order-service stage=service_create latency_ms=158
2026-03-18 14:03:42.414  INFO 1 --- [io-12031-exec-7] order.controller.OrderController         : [PYTHIA_FINE_TRACE] service=ts-order-service endpoint=createOrder latency_ms=158
2026-03-18 14:03:42.785  INFO 1 --- [io-12031-exec-2] order.service.OrderServiceImpl           : [PYTHIA_FINE_TRACE] service=ts-order-service stage=service_create latency_ms=126
2026-03-18 14:03:42.785  INFO 1 --- [io-12031-exec-2] order.controller.OrderController         : [PYTHIA_FINE_TRACE] service=ts-order-service endpoint=createOrder latency_ms=126
2026-03-18 14:03:43.175  INFO 1 --- [io-12031-exec-4] order.service.OrderServiceImpl           : [PYTHIA_FINE_TRACE] service=ts-order-service stage=service_create latency_ms=125
2026-03-18 14:03:43.175  INFO 1 --- [io-12031-exec-4] order.controller.OrderController         : [PYTHIA_FINE_TRACE] service=ts-order-service endpoint=createOrder latency_ms=125
2026-03-18 14:03:43.575  INFO 1 --- [io-12031-exec-9] order.service.OrderServiceImpl           : [PYTHIA_FINE_TRACE] service=ts-order-service stage=service_create latency_ms=126
2026-03-18 14:03:43.575  INFO 1 --- [io-12031-exec-9] order.controller.OrderController         : [PYTHIA_FINE_TRACE] service=ts-order-service endpoint=createOrder latency_ms=126
2026-03-18 14:03:43.915  INFO 1 --- [o-12031-exec-10] order.service.OrderServiceImpl           : [PYTHIA_FINE_TRACE] service=ts-order-service stage=service_create latency_ms=68
2026-03-18 14:03:43.915  INFO 1 --- [o-12031-exec-10] order.controller.OrderController         : [PYTHIA_FINE_TRACE] service=ts-order-service endpoint=createOrder latency_ms=69
2026-03-18 14:03:44.214  INFO 1 --- [io-12031-exec-3] order.service.OrderServiceImpl           : [PYTHIA_FINE_TRACE] service=ts-order-service stage=service_create latency_ms=62
2026-03-18 14:03:44.214  INFO 1 --- [io-12031-exec-3] order.controller.OrderController         : [PYTHIA_FINE_TRACE] service=ts-order-service endpoint=createOrder latency_ms=62
2026-03-18 14:03:44.901  INFO 1 --- [io-12031-exec-6] order.service.OrderServiceImpl           : [PYTHIA_FINE_TRACE] service=ts-order-service stage=service_create latency_ms=446
2026-03-18 14:03:44.901  INFO 1 --- [io-12031-exec-6] order.controller.OrderController         : [PYTHIA_FINE_TRACE] service=ts-order-service endpoint=createOrder latency_ms=446
2026-03-18 14:03:45.284  INFO 1 --- [io-12031-exec-1] order.service.OrderServiceImpl           : [PYTHIA_FINE_TRACE] service=ts-order-service stage=service_create latency_ms=132
2026-03-18 14:03:45.284  INFO 1 --- [io-12031-exec-1] order.controller.OrderController         : [PYTHIA_FINE_TRACE] service=ts-order-service endpoint=createOrder latency_ms=132
2026-03-18 14:03:45.679  INFO 1 --- [io-12031-exec-8] order.service.OrderServiceImpl           : [PYTHIA_FINE_TRACE] service=ts-order-service stage=service_create latency_ms=124
2026-03-18 14:03:45.679  INFO 1 --- [io-12031-exec-8] order.controller.OrderController         : [PYTHIA_FINE_TRACE] service=ts-order-service endpoint=createOrder latency_ms=124
2026-03-18 14:03:46.073  INFO 1 --- [io-12031-exec-5] order.service.OrderServiceImpl           : [PYTHIA_FINE_TRACE] service=ts-order-service stage=service_create latency_ms=127
2026-03-18 14:03:46.073  INFO 1 --- [io-12031-exec-5] order.controller.OrderController         : [PYTHIA_FINE_TRACE] service=ts-order-service endpoint=createOrder latency_ms=127
2026-03-18 14:03:46.419  INFO 1 --- [io-12031-exec-7] order.service.OrderServiceImpl           : [PYTHIA_FINE_TRACE] service=ts-order-service stage=service_create latency_ms=66
2026-03-18 14:03:46.419  INFO 1 --- [io-12031-exec-7] order.controller.OrderController         : [PYTHIA_FINE_TRACE] service=ts-order-service endpoint=createOrder latency_ms=66
2026-03-18 14:03:46.715  INFO 1 --- [io-12031-exec-2] order.service.OrderServiceImpl           : [PYTHIA_FINE_TRACE] service=ts-order-service stage=service_create latency_ms=60
2026-03-18 14:03:46.715  INFO 1 --- [io-12031-exec-2] order.controller.OrderController         : [PYTHIA_FINE_TRACE] service=ts-order-service endpoint=createOrder latency_ms=60
2026-03-18 14:03:47.089  INFO 1 --- [io-12031-exec-4] order.service.OrderServiceImpl           : [PYTHIA_FINE_TRACE] service=ts-order-service stage=service_create latency_ms=138
2026-03-18 14:03:47.089  INFO 1 --- [io-12031-exec-4] order.controller.OrderController         : [PYTHIA_FINE_TRACE] service=ts-order-service endpoint=createOrder latency_ms=138
2026-03-18 14:03:47.879  INFO 1 --- [io-12031-exec-9] order.service.OrderServiceImpl           : [PYTHIA_FINE_TRACE] service=ts-order-service stage=service_create latency_ms=524
2026-03-18 14:03:47.879  INFO 1 --- [io-12031-exec-9] order.controller.OrderController         : [PYTHIA_FINE_TRACE] service=ts-order-service endpoint=createOrder latency_ms=524
2026-03-18 14:03:48.267  INFO 1 --- [o-12031-exec-10] order.service.OrderServiceImpl           : [PYTHIA_FINE_TRACE] service=ts-order-service stage=service_create latency_ms=122
2026-03-18 14:03:48.267  INFO 1 --- [o-12031-exec-10] order.controller.OrderController         : [PYTHIA_FINE_TRACE] service=ts-order-service endpoint=createOrder latency_ms=122
2026-03-18 14:03:48.613  INFO 1 --- [io-12031-exec-3] order.service.OrderServiceImpl           : [PYTHIA_FINE_TRACE] service=ts-order-service stage=service_create latency_ms=74
2026-03-18 14:03:48.613  INFO 1 --- [io-12031-exec-3] order.controller.OrderController         : [PYTHIA_FINE_TRACE] service=ts-order-service endpoint=createOrder latency_ms=74
2026-03-18 14:03:49.223  INFO 1 --- [io-12031-exec-6] order.service.OrderServiceImpl           : [PYTHIA_FINE_TRACE] service=ts-order-service stage=service_create latency_ms=368
2026-03-18 14:03:49.223  INFO 1 --- [io-12031-exec-6] order.controller.OrderController         : [PYTHIA_FINE_TRACE] service=ts-order-service endpoint=createOrder latency_ms=369
2026-03-18 14:03:49.522  INFO 1 --- [io-12031-exec-8] order.service.OrderServiceImpl           : [PYTHIA_FINE_TRACE] service=ts-order-service stage=service_create latency_ms=63
2026-03-18 14:03:49.523  INFO 1 --- [io-12031-exec-8] order.controller.OrderController         : [PYTHIA_FINE_TRACE] service=ts-order-service endpoint=createOrder latency_ms=64
2026-03-18 14:03:49.893  INFO 1 --- [io-12031-exec-5] order.service.OrderServiceImpl           : [PYTHIA_FINE_TRACE] service=ts-order-service stage=service_create latency_ms=140
2026-03-18 14:03:49.893  INFO 1 --- [io-12031-exec-5] order.controller.OrderController         : [PYTHIA_FINE_TRACE] service=ts-order-service endpoint=createOrder latency_ms=140
2026-03-18 14:03:50.282  INFO 1 --- [io-12031-exec-7] order.service.OrderServiceImpl           : [PYTHIA_FINE_TRACE] service=ts-order-service stage=service_create latency_ms=124
2026-03-18 14:03:50.282  INFO 1 --- [io-12031-exec-7] order.controller.OrderController         : [PYTHIA_FINE_TRACE] service=ts-order-service endpoint=createOrder latency_ms=124
2026-03-18 14:03:50.671  INFO 1 --- [io-12031-exec-2] order.service.OrderServiceImpl           : [PYTHIA_FINE_TRACE] service=ts-order-service stage=service_create latency_ms=118
2026-03-18 14:03:50.671  INFO 1 --- [io-12031-exec-2] order.controller.OrderController         : [PYTHIA_FINE_TRACE] service=ts-order-service endpoint=createOrder latency_ms=118
2026-03-18 14:03:51.017  INFO 1 --- [io-12031-exec-4] order.service.OrderServiceImpl           : [PYTHIA_FINE_TRACE] service=ts-order-service stage=service_create latency_ms=73
2026-03-18 14:03:51.017  INFO 1 --- [io-12031-exec-4] order.controller.OrderController         : [PYTHIA_FINE_TRACE] service=ts-order-service endpoint=createOrder latency_ms=73
2026-03-18 14:03:51.366  INFO 1 --- [io-12031-exec-9] order.service.OrderServiceImpl           : [PYTHIA_FINE_TRACE] service=ts-order-service stage=service_create latency_ms=111
2026-03-18 14:03:51.366  INFO 1 --- [io-12031-exec-9] order.controller.OrderController         : [PYTHIA_FINE_TRACE] service=ts-order-service endpoint=createOrder latency_ms=111
2026-03-18 14:03:51.780  INFO 1 --- [o-12031-exec-10] order.service.OrderServiceImpl           : [PYTHIA_FINE_TRACE] service=ts-order-service stage=service_create latency_ms=134
2026-03-18 14:03:51.780  INFO 1 --- [o-12031-exec-10] order.controller.OrderController         : [PYTHIA_FINE_TRACE] service=ts-order-service endpoint=createOrder latency_ms=134
2026-03-18 14:03:52.486  INFO 1 --- [io-12031-exec-3] order.service.OrderServiceImpl           : [PYTHIA_FINE_TRACE] service=ts-order-service stage=service_create latency_ms=438
2026-03-18 14:03:52.486  INFO 1 --- [io-12031-exec-3] order.controller.OrderController         : [PYTHIA_FINE_TRACE] service=ts-order-service endpoint=createOrder latency_ms=438
2026-03-18 14:03:52.874  INFO 1 --- [io-12031-exec-1] order.service.OrderServiceImpl           : [PYTHIA_FINE_TRACE] service=ts-order-service stage=service_create latency_ms=127
2026-03-18 14:03:52.874  INFO 1 --- [io-12031-exec-1] order.controller.OrderController         : [PYTHIA_FINE_TRACE] service=ts-order-service endpoint=createOrder latency_ms=127
2026-03-18 14:03:53.273  INFO 1 --- [io-12031-exec-6] order.service.OrderServiceImpl           : [PYTHIA_FINE_TRACE] service=ts-order-service stage=service_create latency_ms=130
2026-03-18 14:03:53.273  INFO 1 --- [io-12031-exec-6] order.controller.OrderController         : [PYTHIA_FINE_TRACE] service=ts-order-service endpoint=createOrder latency_ms=130
2026-03-18 14:03:53.614  INFO 1 --- [io-12031-exec-8] order.service.OrderServiceImpl           : [PYTHIA_FINE_TRACE] service=ts-order-service stage=service_create latency_ms=75
2026-03-18 14:03:53.614  INFO 1 --- [io-12031-exec-8] order.controller.OrderController         : [PYTHIA_FINE_TRACE] service=ts-order-service endpoint=createOrder latency_ms=75
2026-03-18 14:03:53.924  INFO 1 --- [io-12031-exec-5] order.service.OrderServiceImpl           : [PYTHIA_FINE_TRACE] service=ts-order-service stage=service_create latency_ms=69
2026-03-18 14:03:53.924  INFO 1 --- [io-12031-exec-5] order.controller.OrderController         : [PYTHIA_FINE_TRACE] service=ts-order-service endpoint=createOrder latency_ms=69
2026-03-18 14:03:54.366  INFO 1 --- [io-12031-exec-7] order.service.OrderServiceImpl           : [PYTHIA_FINE_TRACE] service=ts-order-service stage=service_create latency_ms=113
2026-03-18 14:03:54.366  INFO 1 --- [io-12031-exec-7] order.controller.OrderController         : [PYTHIA_FINE_TRACE] service=ts-order-service endpoint=createOrder latency_ms=113
2026-03-18 14:03:54.714  INFO 1 --- [io-12031-exec-2] order.service.OrderServiceImpl           : [PYTHIA_FINE_TRACE] service=ts-order-service stage=service_create latency_ms=83
2026-03-18 14:03:54.714  INFO 1 --- [io-12031-exec-2] order.controller.OrderController         : [PYTHIA_FINE_TRACE] service=ts-order-service endpoint=createOrder latency_ms=83
2026-03-18 14:03:55.781  INFO 1 --- [io-12031-exec-4] order.service.OrderServiceImpl           : [PYTHIA_FINE_TRACE] service=ts-order-service stage=service_create latency_ms=826
2026-03-18 14:03:55.781  INFO 1 --- [io-12031-exec-4] order.controller.OrderController         : [PYTHIA_FINE_TRACE] service=ts-order-service endpoint=createOrder latency_ms=826
