Picked up JAVA_TOOL_OPTIONS: -javaagent:/skywalking/agent/skywalking-agent.jar
DEBUG 2026-03-18 08:48:42:579 main AgentPackagePath : The beacon class location is jar:file:/skywalking/agent/skywalking-agent.jar!/org/apache/skywalking/apm/agent/core/boot/AgentPackagePath.class. 
INFO 2026-03-18 08:48:42:581 main SnifferConfigInitializer : Config file found in /skywalking/agent/config/agent.config. 

  .   ____          _            __ _ _
 /\\ / ___'_ __ _ _(_)_ __  __ _ \ \ \ \
( ( )\___ | '_ | '_| | '_ \/ _` | \ \ \ \
 \\/  ___)| |_)| | | | | || (_| |  ) ) ) )
  '  |____| .__|_| |_|_| |_\__, | / / / /
 =========|_|==============|___/=/_/_/_/
 :: Spring Boot ::       (v2.3.12.RELEASE)

2026-03-18 08:49:35.566  INFO 1 --- [           main] order.OrderApplication                   : No active profile set, falling back to default profiles: default
2026-03-18 08:49:53.970  INFO 1 --- [           main] .s.d.r.c.RepositoryConfigurationDelegate : Bootstrapping Spring Data JPA repositories in DEFAULT mode.
2026-03-18 08:49:58.287  INFO 1 --- [           main] .s.d.r.c.RepositoryConfigurationDelegate : Finished Spring Data repository scanning in 4208ms. Found 1 JPA repository interfaces.
2026-03-18 08:49:59.386  WARN 1 --- [           main] o.s.boot.actuate.endpoint.EndpointId     : Endpoint ID 'service-registry' contains invalid characters, please migrate to a valid format.
2026-03-18 08:50:00.579  INFO 1 --- [           main] o.s.cloud.context.scope.GenericScope     : BeanFactory id=ef1d0b1a-8a17-36e7-a2b7-09241cd1da3b
2026-03-18 08:50:00.871  INFO 1 --- [           main] faultConfiguringBeanFactoryPostProcessor : No bean named 'errorChannel' has been explicitly defined. Therefore, a default PublishSubscribeChannel will be created.
2026-03-18 08:50:01.078  INFO 1 --- [           main] faultConfiguringBeanFactoryPostProcessor : No bean named 'taskScheduler' has been explicitly defined. Therefore, a default ThreadPoolTaskScheduler will be created.
2026-03-18 08:50:01.091  INFO 1 --- [           main] faultConfiguringBeanFactoryPostProcessor : No bean named 'integrationHeaderChannelRegistry' has been explicitly defined. Therefore, a default DefaultHeaderChannelRegistry will be created.
2026-03-18 08:50:03.275  INFO 1 --- [           main] trationDelegate$BeanPostProcessorChecker : Bean 'org.springframework.security.access.expression.method.DefaultMethodSecurityExpressionHandler@5939f047' of type [org.springframework.security.access.expression.method.DefaultMethodSecurityExpressionHandler] is not eligible for getting processed by all BeanPostProcessors (for example: not eligible for auto-proxying)
2026-03-18 08:50:03.366  INFO 1 --- [           main] trationDelegate$BeanPostProcessorChecker : Bean 'methodSecurityMetadataSource' of type [org.springframework.security.access.method.DelegatingMethodSecurityMetadataSource] is not eligible for getting processed by all BeanPostProcessors (for example: not eligible for auto-proxying)
2026-03-18 08:50:03.671  INFO 1 --- [           main] trationDelegate$BeanPostProcessorChecker : Bean 'org.springframework.integration.config.IntegrationManagementConfiguration' of type [org.springframework.integration.config.IntegrationManagementConfiguration] is not eligible for getting processed by all BeanPostProcessors (for example: not eligible for auto-proxying)
2026-03-18 08:50:04.475  INFO 1 --- [           main] trationDelegate$BeanPostProcessorChecker : Bean 'integrationChannelResolver' of type [org.springframework.integration.support.channel.BeanFactoryChannelResolver] is not eligible for getting processed by all BeanPostProcessors (for example: not eligible for auto-proxying)
2026-03-18 08:50:04.568  INFO 1 --- [           main] trationDelegate$BeanPostProcessorChecker : Bean 'integrationDisposableAutoCreatedBeans' of type [org.springframework.integration.config.annotation.Disposables] is not eligible for getting processed by all BeanPostProcessors (for example: not eligible for auto-proxying)
2026-03-18 08:50:16.173  INFO 1 --- [           main] o.s.b.w.embedded.tomcat.TomcatWebServer  : Tomcat initialized with port(s): 12031 (http)
2026-03-18 08:50:16.379  INFO 1 --- [           main] o.apache.catalina.core.StandardService   : Starting service [Tomcat]
2026-03-18 08:50:16.379  INFO 1 --- [           main] org.apache.catalina.core.StandardEngine  : Starting Servlet engine: [Apache Tomcat/9.0.46]
2026-03-18 08:50:16.868  INFO 1 --- [           main] o.a.c.c.C.[Tomcat].[localhost].[/]       : Initializing Spring embedded WebApplicationContext
2026-03-18 08:50:16.868  INFO 1 --- [           main] w.s.c.ServletWebServerApplicationContext : Root WebApplicationContext: initialization completed in 40882 ms
2026-03-18 08:50:31.196  INFO 1 --- [           main] o.hibernate.jpa.internal.util.LogHelper  : HHH000204: Processing PersistenceUnitInfo [name: default]
2026-03-18 08:50:31.574  INFO 1 --- [           main] org.hibernate.Version                    : HHH000412: Hibernate ORM core version 5.4.32.Final
2026-03-18 08:50:33.315  INFO 1 --- [           main] o.hibernate.annotations.common.Version   : HCANN000001: Hibernate Commons Annotations {5.1.2.Final}
2026-03-18 08:50:34.098  INFO 1 --- [           main] com.zaxxer.hikari.HikariDataSource       : HikariPool-1 - Starting...
2026-03-18 08:50:37.402  INFO 1 --- [           main] com.zaxxer.hikari.HikariDataSource       : HikariPool-1 - Start completed.
2026-03-18 08:50:37.772  INFO 1 --- [           main] org.hibernate.dialect.Dialect            : HHH000400: Using dialect: org.hibernate.dialect.MySQL5Dialect
2026-03-18 08:50:44.073  INFO 1 --- [           main] o.h.e.t.j.p.i.JtaPlatformInitiator       : HHH000490: Using JtaPlatform implementation: [org.hibernate.engine.transaction.jta.platform.internal.NoJtaPlatform]
2026-03-18 08:50:44.171  INFO 1 --- [           main] j.LocalContainerEntityManagerFactoryBean : Initialized JPA EntityManagerFactory for persistence unit 'default'
2026-03-18 08:50:55.975  WARN 1 --- [           main] JpaBaseConfiguration$JpaWebConfiguration : spring.jpa.open-in-view is enabled by default. Therefore, database queries may be performed during view rendering. Explicitly configure spring.jpa.open-in-view to disable this warning
2026-03-18 08:51:04.670  INFO 1 --- [           main] org.reflections.Reflections              : Reflections took 776 ms to scan 1 urls, producing 3 keys and 6 values 
2026-03-18 08:51:05.570  INFO 1 --- [           main] org.reflections.Reflections              : Reflections took 288 ms to scan 1 urls, producing 4 keys and 9 values 
2026-03-18 08:51:05.699  INFO 1 --- [           main] org.reflections.Reflections              : Reflections took 121 ms to scan 1 urls, producing 3 keys and 10 values 
2026-03-18 08:51:06.770  INFO 1 --- [           main] org.reflections.Reflections              : Reflections took 1066 ms to scan 159 urls, producing 0 keys and 0 values 
2026-03-18 08:51:06.886  INFO 1 --- [           main] org.reflections.Reflections              : Reflections took 116 ms to scan 1 urls, producing 1 keys and 5 values 
2026-03-18 08:51:07.068  INFO 1 --- [           main] org.reflections.Reflections              : Reflections took 176 ms to scan 1 urls, producing 1 keys and 7 values 
2026-03-18 08:51:07.171  INFO 1 --- [           main] org.reflections.Reflections              : Reflections took 97 ms to scan 1 urls, producing 2 keys and 8 values 
2026-03-18 08:51:07.982  INFO 1 --- [           main] org.reflections.Reflections              : Reflections took 806 ms to scan 159 urls, producing 0 keys and 0 values 
2026-03-18 08:51:14.467  INFO 1 --- [           main] o.s.b.a.e.web.EndpointLinksResolver      : Exposing 2 endpoint(s) beneath base path '/actuator'
2026-03-18 08:51:15.969  INFO 1 --- [           main] .s.s.UserDetailsServiceAutoConfiguration : 

Using generated security password: 9d4f75eb-72ca-4573-9086-f19b1b8fd6e7

2026-03-18 08:51:16.780  INFO 1 --- [           main] o.s.s.web.DefaultSecurityFilterChain     : Creating filter chain: any request, [org.springframework.security.web.context.request.async.WebAsyncManagerIntegrationFilter@1ecf19e8, org.springframework.security.web.context.SecurityContextPersistenceFilter@3341ba8e, org.springframework.security.web.header.HeaderWriterFilter@dcaa0e8, org.springframework.security.web.authentication.logout.LogoutFilter@31829b82, edu.fudan.common.security.jwt.JWTFilter@11d1c51a, org.springframework.security.web.savedrequest.RequestCacheAwareFilter@4295b0b8, org.springframework.security.web.servletapi.SecurityContextHolderAwareRequestFilter@2f84848e, org.springframework.security.web.authentication.AnonymousAuthenticationFilter@64d19dad, org.springframework.security.web.session.SessionManagementFilter@c7a7d3, org.springframework.security.web.access.ExceptionTranslationFilter@276961df, org.springframework.security.web.access.intercept.FilterSecurityInterceptor@1822f675]
2026-03-18 08:51:16.893  WARN 1 --- [           main] c.n.c.sources.URLConfigurationSource     : No URLs will be polled as dynamic configuration sources.
2026-03-18 08:51:16.893  INFO 1 --- [           main] c.n.c.sources.URLConfigurationSource     : To enable URLs as dynamic configuration sources, define System property archaius.configurationSource.additionalUrls or make config.properties available on classpath.
2026-03-18 08:51:16.971  WARN 1 --- [           main] c.n.c.sources.URLConfigurationSource     : No URLs will be polled as dynamic configuration sources.
2026-03-18 08:51:16.971  INFO 1 --- [           main] c.n.c.sources.URLConfigurationSource     : To enable URLs as dynamic configuration sources, define System property archaius.configurationSource.additionalUrls or make config.properties available on classpath.
2026-03-18 08:51:18.078  INFO 1 --- [           main] o.s.s.concurrent.ThreadPoolTaskExecutor  : Initializing ExecutorService 'applicationTaskExecutor'
2026-03-18 08:51:20.875  INFO 1 --- [           main] o.s.s.c.ThreadPoolTaskScheduler          : Initializing ExecutorService 'Nacos-Watch-Task-Scheduler'
2026-03-18 08:51:29.581  INFO 1 --- [           main] o.s.s.c.ThreadPoolTaskScheduler          : Initializing ExecutorService 'taskScheduler'
2026-03-18 08:51:30.580  INFO 1 --- [           main] o.s.i.endpoint.EventDrivenConsumer       : Adding {logging-channel-adapter:_org.springframework.integration.errorLogger} as a subscriber to the 'errorChannel' channel
2026-03-18 08:51:30.581  INFO 1 --- [           main] o.s.i.channel.PublishSubscribeChannel    : Channel 'application-1.errorChannel' has 1 subscriber(s).
2026-03-18 08:51:30.581  INFO 1 --- [           main] o.s.i.endpoint.EventDrivenConsumer       : started bean '_org.springframework.integration.errorLogger'
2026-03-18 08:51:31.574  INFO 1 --- [           main] o.s.b.w.embedded.tomcat.TomcatWebServer  : Tomcat started on port(s): 12031 (http) with context path ''
2026-03-18 08:51:31.872  INFO 1 --- [           main] c.a.c.n.registry.NacosServiceRegistry    : nacos registry, DEFAULT_GROUP ts-order-service 10.244.0.76:12031 register finished
2026-03-18 08:51:32.073  INFO 1 --- [           main] d.s.w.p.DocumentationPluginsBootstrapper : Context refreshed
2026-03-18 08:51:32.584  INFO 1 --- [           main] d.s.w.p.DocumentationPluginsBootstrapper : Found 1 custom documentation plugin(s)
2026-03-18 08:51:32.685  INFO 1 --- [           main] s.d.s.w.s.ApiListingReferenceScanner     : Scanning for api listing references
2026-03-18 08:51:34.775  INFO 1 --- [           main] .d.s.w.r.o.CachingOperationNameGenerator : Generating unique operation named: handleUsingGET_1
2026-03-18 08:51:34.777  INFO 1 --- [           main] .d.s.w.r.o.CachingOperationNameGenerator : Generating unique operation named: handleUsingGET_2
2026-03-18 08:51:36.571  INFO 1 --- [           main] order.OrderApplication                   : Started OrderApplication in 142.188 seconds (JVM running for 174.223)
2026-03-18 08:51:37.983  INFO 1 --- [           main] order.service.OrderServiceImpl           : [initOrder][Init Order Success][OrderId: 5ad7750b-a68b-49c0-a8c0-32776b067703]
2026-03-18 08:51:38.066  INFO 1 --- [           main] order.service.OrderServiceImpl           : [initOrder][Init Order Success][OrderId: 8177ac5a-61ac-42f4-83f4-bd7b394d0531]
2026-03-18 08:51:38.083  INFO 1 --- [           main] order.service.OrderServiceImpl           : [initOrder][Init Order Success][OrderId: d3c91694-d5b8-424c-9974-e14c89226e49]
2026-03-18 09:37:08.369  INFO 1 --- [io-12031-exec-4] o.a.c.c.C.[Tomcat].[localhost].[/]       : Initializing Spring DispatcherServlet 'dispatcherServlet'
2026-03-18 09:37:08.370  INFO 1 --- [io-12031-exec-4] o.s.web.servlet.DispatcherServlet        : Initializing Servlet 'dispatcherServlet'
2026-03-18 09:37:08.472  INFO 1 --- [io-12031-exec-4] o.s.web.servlet.DispatcherServlet        : Completed initialization in 102 ms
2026-03-18 09:37:11.271  INFO 1 --- [io-12031-exec-4] order.controller.OrderController         : [createNewOrder][Create Order][from shanghai to taiyuan at 1970-01-02 18:17:36]
2026-03-18 09:37:11.271  INFO 1 --- [io-12031-exec-4] order.service.OrderServiceImpl           : [create][Create Order][Ready to Create Order]
2026-03-18 09:37:12.566  INFO 1 --- [io-12031-exec-4] order.service.OrderServiceImpl           : [create][Order Create Success][Order Price][OrderId:44194bb1-efc4-4126-9ec2-67cbc1c39301 , Price: 0.0]
2026-03-18 09:37:20.178  INFO 1 --- [io-12031-exec-6] order.controller.OrderController         : [createNewOrder][Create Order][from shanghai to taiyuan at 1970-01-02 18:17:36]
2026-03-18 09:37:20.178  INFO 1 --- [io-12031-exec-6] order.service.OrderServiceImpl           : [create][Create Order][Ready to Create Order]
2026-03-18 09:37:20.283  INFO 1 --- [io-12031-exec-6] order.service.OrderServiceImpl           : [create][Order Create Success][Order Price][OrderId:57a01394-9573-490d-bce7-9153258ad4b8 , Price: 0.0]
2026-03-18 09:37:20.768  INFO 1 --- [io-12031-exec-7] order.controller.OrderController         : [createNewOrder][Create Order][from shanghai to taiyuan at 1970-01-02 18:17:36]
2026-03-18 09:37:20.769  INFO 1 --- [io-12031-exec-7] order.service.OrderServiceImpl           : [create][Create Order][Ready to Create Order]
2026-03-18 09:37:20.781  INFO 1 --- [io-12031-exec-7] order.service.OrderServiceImpl           : [create][Order Create Success][Order Price][OrderId:99ed8310-cdea-4f15-b7ad-84a2ce2f79c2 , Price: 0.0]
2026-03-18 09:37:21.163  INFO 1 --- [io-12031-exec-8] order.controller.OrderController         : [createNewOrder][Create Order][from shanghai to taiyuan at 1970-01-02 18:17:36]
2026-03-18 09:37:21.163  INFO 1 --- [io-12031-exec-8] order.service.OrderServiceImpl           : [create][Create Order][Ready to Create Order]
2026-03-18 09:37:21.180  INFO 1 --- [io-12031-exec-8] order.service.OrderServiceImpl           : [create][Order Create Success][Order Price][OrderId:36ead9fe-af32-442b-8a81-b5cfe70b8b06 , Price: 0.0]
2026-03-18 09:37:21.515  INFO 1 --- [o-12031-exec-10] order.controller.OrderController         : [createNewOrder][Create Order][from shanghai to taiyuan at 1970-01-02 18:17:36]
2026-03-18 09:37:21.515  INFO 1 --- [o-12031-exec-10] order.service.OrderServiceImpl           : [create][Create Order][Ready to Create Order]
2026-03-18 09:37:21.529  INFO 1 --- [o-12031-exec-10] order.service.OrderServiceImpl           : [create][Order Create Success][Order Price][OrderId:ede4b394-4264-4b6a-9bb9-55282d4ba82a , Price: 0.0]
2026-03-18 09:37:21.902  INFO 1 --- [io-12031-exec-1] order.controller.OrderController         : [createNewOrder][Create Order][from shanghai to taiyuan at 1970-01-02 18:17:36]
2026-03-18 09:37:21.902  INFO 1 --- [io-12031-exec-1] order.service.OrderServiceImpl           : [create][Create Order][Ready to Create Order]
2026-03-18 09:37:21.918  INFO 1 --- [io-12031-exec-1] order.service.OrderServiceImpl           : [create][Order Create Success][Order Price][OrderId:77352883-f526-4ba1-a37a-18469bb839a5 , Price: 0.0]
2026-03-18 09:37:22.331  INFO 1 --- [io-12031-exec-2] order.controller.OrderController         : [createNewOrder][Create Order][from shanghai to taiyuan at 1970-01-02 18:17:36]
2026-03-18 09:37:22.331  INFO 1 --- [io-12031-exec-2] order.service.OrderServiceImpl           : [create][Create Order][Ready to Create Order]
2026-03-18 09:37:22.352  INFO 1 --- [io-12031-exec-2] order.service.OrderServiceImpl           : [create][Order Create Success][Order Price][OrderId:e67c5f4e-869c-4fea-a40c-90d758450111 , Price: 0.0]
2026-03-18 09:37:22.703  INFO 1 --- [io-12031-exec-3] order.controller.OrderController         : [createNewOrder][Create Order][from shanghai to taiyuan at 1970-01-02 18:17:36]
2026-03-18 09:37:22.703  INFO 1 --- [io-12031-exec-3] order.service.OrderServiceImpl           : [create][Create Order][Ready to Create Order]
2026-03-18 09:37:22.759  INFO 1 --- [io-12031-exec-3] order.service.OrderServiceImpl           : [create][Order Create Success][Order Price][OrderId:a2e10df2-d99a-45c0-9b88-4c3a2c48434b , Price: 0.0]
2026-03-18 09:37:23.090  INFO 1 --- [io-12031-exec-5] order.controller.OrderController         : [createNewOrder][Create Order][from shanghai to taiyuan at 1970-01-02 18:17:36]
2026-03-18 09:37:23.090  INFO 1 --- [io-12031-exec-5] order.service.OrderServiceImpl           : [create][Create Order][Ready to Create Order]
2026-03-18 09:37:23.102  INFO 1 --- [io-12031-exec-5] order.service.OrderServiceImpl           : [create][Order Create Success][Order Price][OrderId:5bc76c07-9524-498d-94f7-e4c51e3b10d4 , Price: 0.0]
2026-03-18 09:37:23.549  INFO 1 --- [io-12031-exec-4] order.controller.OrderController         : [createNewOrder][Create Order][from shanghai to taiyuan at 1970-01-02 18:17:36]
2026-03-18 09:37:23.549  INFO 1 --- [io-12031-exec-4] order.service.OrderServiceImpl           : [create][Create Order][Ready to Create Order]
2026-03-18 09:37:23.563  INFO 1 --- [io-12031-exec-4] order.service.OrderServiceImpl           : [create][Order Create Success][Order Price][OrderId:4db3af2d-2911-4be8-9855-b8b13994e0fb , Price: 0.0]
2026-03-18 09:37:23.895  INFO 1 --- [io-12031-exec-6] order.controller.OrderController         : [createNewOrder][Create Order][from shanghai to taiyuan at 1970-01-02 18:17:36]
2026-03-18 09:37:23.895  INFO 1 --- [io-12031-exec-6] order.service.OrderServiceImpl           : [create][Create Order][Ready to Create Order]
2026-03-18 09:37:23.909  INFO 1 --- [io-12031-exec-6] order.service.OrderServiceImpl           : [create][Order Create Success][Order Price][OrderId:c5e02044-f2c4-490e-b47f-6ae73c6c98d4 , Price: 0.0]
2026-03-18 09:37:24.254  INFO 1 --- [io-12031-exec-7] order.controller.OrderController         : [createNewOrder][Create Order][from shanghai to taiyuan at 1970-01-02 18:17:36]
2026-03-18 09:37:24.254  INFO 1 --- [io-12031-exec-7] order.service.OrderServiceImpl           : [create][Create Order][Ready to Create Order]
2026-03-18 09:37:24.270  INFO 1 --- [io-12031-exec-7] order.service.OrderServiceImpl           : [create][Order Create Success][Order Price][OrderId:72cee57c-fc21-4475-95cd-88d94242de38 , Price: 0.0]
2026-03-18 09:37:24.599  INFO 1 --- [io-12031-exec-8] order.controller.OrderController         : [createNewOrder][Create Order][from shanghai to taiyuan at 1970-01-02 18:17:36]
2026-03-18 09:37:24.599  INFO 1 --- [io-12031-exec-8] order.service.OrderServiceImpl           : [create][Create Order][Ready to Create Order]
2026-03-18 09:37:24.674  INFO 1 --- [io-12031-exec-8] order.service.OrderServiceImpl           : [create][Order Create Success][Order Price][OrderId:61c8d2af-5b1f-4def-aa24-eb310c035521 , Price: 0.0]
2026-03-18 09:37:25.053  INFO 1 --- [io-12031-exec-9] order.controller.OrderController         : [createNewOrder][Create Order][from shanghai to taiyuan at 1970-01-02 18:17:36]
2026-03-18 09:37:25.053  INFO 1 --- [io-12031-exec-9] order.service.OrderServiceImpl           : [create][Create Order][Ready to Create Order]
2026-03-18 09:37:25.068  INFO 1 --- [io-12031-exec-9] order.service.OrderServiceImpl           : [create][Order Create Success][Order Price][OrderId:5e58213f-b515-4f7c-8def-7dab4c3219b2 , Price: 0.0]
2026-03-18 09:37:25.396  INFO 1 --- [o-12031-exec-10] order.controller.OrderController         : [createNewOrder][Create Order][from shanghai to taiyuan at 1970-01-02 18:17:36]
2026-03-18 09:37:25.397  INFO 1 --- [o-12031-exec-10] order.service.OrderServiceImpl           : [create][Create Order][Ready to Create Order]
2026-03-18 09:37:25.409  INFO 1 --- [o-12031-exec-10] order.service.OrderServiceImpl           : [create][Order Create Success][Order Price][OrderId:a8f3c276-23b6-446c-b908-5bfd8ee5ee56 , Price: 0.0]
2026-03-18 09:37:25.704  INFO 1 --- [io-12031-exec-1] order.controller.OrderController         : [createNewOrder][Create Order][from shanghai to taiyuan at 1970-01-02 18:17:36]
2026-03-18 09:37:25.704  INFO 1 --- [io-12031-exec-1] order.service.OrderServiceImpl           : [create][Create Order][Ready to Create Order]
2026-03-18 09:37:25.772  INFO 1 --- [io-12031-exec-1] order.service.OrderServiceImpl           : [create][Order Create Success][Order Price][OrderId:774a7250-3542-4145-9178-44ae30727781 , Price: 0.0]
2026-03-18 09:37:26.258  INFO 1 --- [io-12031-exec-2] order.controller.OrderController         : [createNewOrder][Create Order][from shanghai to taiyuan at 1970-01-02 18:17:36]
2026-03-18 09:37:26.259  INFO 1 --- [io-12031-exec-2] order.service.OrderServiceImpl           : [create][Create Order][Ready to Create Order]
2026-03-18 09:37:26.278  INFO 1 --- [io-12031-exec-2] order.service.OrderServiceImpl           : [create][Order Create Success][Order Price][OrderId:9aa0a5d1-23fc-43b3-9e50-135b006d62ac , Price: 0.0]
2026-03-18 09:37:26.702  INFO 1 --- [io-12031-exec-3] order.controller.OrderController         : [createNewOrder][Create Order][from shanghai to taiyuan at 1970-01-02 18:17:36]
2026-03-18 09:37:26.702  INFO 1 --- [io-12031-exec-3] order.service.OrderServiceImpl           : [create][Create Order][Ready to Create Order]
2026-03-18 09:37:26.780  INFO 1 --- [io-12031-exec-3] order.service.OrderServiceImpl           : [create][Order Create Success][Order Price][OrderId:c871426a-db68-49e3-b858-d0437259724e , Price: 0.0]
2026-03-18 09:37:27.265  INFO 1 --- [io-12031-exec-5] order.controller.OrderController         : [createNewOrder][Create Order][from shanghai to taiyuan at 1970-01-02 18:17:36]
2026-03-18 09:37:27.265  INFO 1 --- [io-12031-exec-5] order.service.OrderServiceImpl           : [create][Create Order][Ready to Create Order]
2026-03-18 09:37:27.279  INFO 1 --- [io-12031-exec-5] order.service.OrderServiceImpl           : [create][Order Create Success][Order Price][OrderId:78350cf9-4a11-4ce2-8b30-8516f515f92a , Price: 0.0]
2026-03-18 09:37:27.587  INFO 1 --- [io-12031-exec-4] order.controller.OrderController         : [createNewOrder][Create Order][from shanghai to taiyuan at 1970-01-02 18:17:36]
2026-03-18 09:37:27.587  INFO 1 --- [io-12031-exec-4] order.service.OrderServiceImpl           : [create][Create Order][Ready to Create Order]
2026-03-18 09:37:27.598  INFO 1 --- [io-12031-exec-4] order.service.OrderServiceImpl           : [create][Order Create Success][Order Price][OrderId:a2f0209d-14e7-4f2a-b60b-ee95c277ec85 , Price: 0.0]
2026-03-18 09:37:27.894  INFO 1 --- [io-12031-exec-6] order.controller.OrderController         : [createNewOrder][Create Order][from shanghai to taiyuan at 1970-01-02 18:17:36]
2026-03-18 09:37:27.894  INFO 1 --- [io-12031-exec-6] order.service.OrderServiceImpl           : [create][Create Order][Ready to Create Order]
2026-03-18 09:37:27.910  INFO 1 --- [io-12031-exec-6] order.service.OrderServiceImpl           : [create][Order Create Success][Order Price][OrderId:1be89ebe-89cc-47b7-bd5a-2de6ef12369e , Price: 0.0]
2026-03-18 09:37:28.262  INFO 1 --- [io-12031-exec-7] order.controller.OrderController         : [createNewOrder][Create Order][from shanghai to taiyuan at 1970-01-02 18:17:36]
2026-03-18 09:37:28.262  INFO 1 --- [io-12031-exec-7] order.service.OrderServiceImpl           : [create][Create Order][Ready to Create Order]
2026-03-18 09:37:28.275  INFO 1 --- [io-12031-exec-7] order.service.OrderServiceImpl           : [create][Order Create Success][Order Price][OrderId:cdfe76c3-a107-4ca4-bcac-4614192744fc , Price: 0.0]
2026-03-18 09:37:28.595  INFO 1 --- [io-12031-exec-8] order.controller.OrderController         : [createNewOrder][Create Order][from shanghai to taiyuan at 1970-01-02 18:17:36]
2026-03-18 09:37:28.595  INFO 1 --- [io-12031-exec-8] order.service.OrderServiceImpl           : [create][Create Order][Ready to Create Order]
2026-03-18 09:37:28.610  INFO 1 --- [io-12031-exec-8] order.service.OrderServiceImpl           : [create][Order Create Success][Order Price][OrderId:2c356b92-6f29-4d1e-a39c-a725e99e8718 , Price: 0.0]
2026-03-18 09:37:28.991  INFO 1 --- [io-12031-exec-9] order.controller.OrderController         : [createNewOrder][Create Order][from shanghai to taiyuan at 1970-01-02 18:17:36]
2026-03-18 09:37:28.991  INFO 1 --- [io-12031-exec-9] order.service.OrderServiceImpl           : [create][Create Order][Ready to Create Order]
2026-03-18 09:37:29.076  INFO 1 --- [io-12031-exec-9] order.service.OrderServiceImpl           : [create][Order Create Success][Order Price][OrderId:0bbce781-5208-45c7-8dd3-f3899df16ef5 , Price: 0.0]
2026-03-18 09:37:29.448  INFO 1 --- [o-12031-exec-10] order.controller.OrderController         : [createNewOrder][Create Order][from shanghai to taiyuan at 1970-01-02 18:17:36]
2026-03-18 09:37:29.448  INFO 1 --- [o-12031-exec-10] order.service.OrderServiceImpl           : [create][Create Order][Ready to Create Order]
2026-03-18 09:37:29.459  INFO 1 --- [o-12031-exec-10] order.service.OrderServiceImpl           : [create][Order Create Success][Order Price][OrderId:178ad3df-e673-4a1f-93dd-f3180b23244c , Price: 0.0]
2026-03-18 09:37:29.810  INFO 1 --- [io-12031-exec-1] order.controller.OrderController         : [createNewOrder][Create Order][from shanghai to taiyuan at 1970-01-02 18:17:36]
2026-03-18 09:37:29.810  INFO 1 --- [io-12031-exec-1] order.service.OrderServiceImpl           : [create][Create Order][Ready to Create Order]
2026-03-18 09:37:29.866  INFO 1 --- [io-12031-exec-1] order.service.OrderServiceImpl           : [create][Order Create Success][Order Price][OrderId:8bddacce-6544-4efd-9460-cd8ebb440e20 , Price: 0.0]
2026-03-18 09:37:30.190  INFO 1 --- [io-12031-exec-2] order.controller.OrderController         : [createNewOrder][Create Order][from shanghai to taiyuan at 1970-01-02 18:17:36]
2026-03-18 09:37:30.190  INFO 1 --- [io-12031-exec-2] order.service.OrderServiceImpl           : [create][Create Order][Ready to Create Order]
2026-03-18 09:37:30.276  INFO 1 --- [io-12031-exec-2] order.service.OrderServiceImpl           : [create][Order Create Success][Order Price][OrderId:a427960d-3458-473e-a585-e378f9825a5e , Price: 0.0]
2026-03-18 09:37:30.601  INFO 1 --- [io-12031-exec-3] order.controller.OrderController         : [createNewOrder][Create Order][from shanghai to taiyuan at 1970-01-02 18:17:36]
2026-03-18 09:37:30.601  INFO 1 --- [io-12031-exec-3] order.service.OrderServiceImpl           : [create][Create Order][Ready to Create Order]
2026-03-18 09:37:30.667  INFO 1 --- [io-12031-exec-3] order.service.OrderServiceImpl           : [create][Order Create Success][Order Price][OrderId:4a1e2c07-34bf-4263-9758-b367db0a4051 , Price: 0.0]
2026-03-18 09:37:30.994  INFO 1 --- [io-12031-exec-5] order.controller.OrderController         : [createNewOrder][Create Order][from shanghai to taiyuan at 1970-01-02 18:17:36]
2026-03-18 09:37:30.994  INFO 1 --- [io-12031-exec-5] order.service.OrderServiceImpl           : [create][Create Order][Ready to Create Order]
2026-03-18 09:37:31.077  INFO 1 --- [io-12031-exec-5] order.service.OrderServiceImpl           : [create][Order Create Success][Order Price][OrderId:66333667-4015-4d4e-abd6-3e5f13dfb23c , Price: 0.0]
2026-03-18 09:37:31.389  INFO 1 --- [io-12031-exec-6] order.controller.OrderController         : [createNewOrder][Create Order][from shanghai to taiyuan at 1970-01-02 18:17:36]
2026-03-18 09:37:31.390  INFO 1 --- [io-12031-exec-6] order.service.OrderServiceImpl           : [create][Create Order][Ready to Create Order]
2026-03-18 09:37:31.404  INFO 1 --- [io-12031-exec-6] order.service.OrderServiceImpl           : [create][Order Create Success][Order Price][OrderId:92853b20-46aa-41f0-8f75-bda12560075e , Price: 0.0]
2026-03-18 09:37:31.687  INFO 1 --- [io-12031-exec-7] order.controller.OrderController         : [createNewOrder][Create Order][from shanghai to taiyuan at 1970-01-02 18:17:36]
2026-03-18 09:37:31.687  INFO 1 --- [io-12031-exec-7] order.service.OrderServiceImpl           : [create][Create Order][Ready to Create Order]
2026-03-18 09:37:31.700  INFO 1 --- [io-12031-exec-7] order.service.OrderServiceImpl           : [create][Order Create Success][Order Price][OrderId:d36b06e2-2b04-4023-bf5a-adbf3cb23158 , Price: 0.0]
2026-03-18 09:37:32.055  INFO 1 --- [io-12031-exec-8] order.controller.OrderController         : [createNewOrder][Create Order][from shanghai to taiyuan at 1970-01-02 18:17:36]
2026-03-18 09:37:32.055  INFO 1 --- [io-12031-exec-8] order.service.OrderServiceImpl           : [create][Create Order][Ready to Create Order]
2026-03-18 09:37:32.071  INFO 1 --- [io-12031-exec-8] order.service.OrderServiceImpl           : [create][Order Create Success][Order Price][OrderId:0ea4664d-7659-4ded-ac91-e0c0abfc1a61 , Price: 0.0]
2026-03-18 09:37:32.392  INFO 1 --- [io-12031-exec-9] order.controller.OrderController         : [createNewOrder][Create Order][from shanghai to taiyuan at 1970-01-02 18:17:36]
2026-03-18 09:37:32.392  INFO 1 --- [io-12031-exec-9] order.service.OrderServiceImpl           : [create][Create Order][Ready to Create Order]
2026-03-18 09:37:32.409  INFO 1 --- [io-12031-exec-9] order.service.OrderServiceImpl           : [create][Order Create Success][Order Price][OrderId:5a48d49a-3f3f-484f-a74e-722c669aacc3 , Price: 0.0]
2026-03-18 09:37:32.681  INFO 1 --- [o-12031-exec-10] order.controller.OrderController         : [createNewOrder][Create Order][from shanghai to taiyuan at 1970-01-02 18:17:36]
2026-03-18 09:37:32.681  INFO 1 --- [o-12031-exec-10] order.service.OrderServiceImpl           : [create][Create Order][Ready to Create Order]
2026-03-18 09:37:32.697  INFO 1 --- [o-12031-exec-10] order.service.OrderServiceImpl           : [create][Order Create Success][Order Price][OrderId:ea6dda16-2ad1-48a8-a090-762149cbde14 , Price: 0.0]
2026-03-18 09:37:33.081  INFO 1 --- [io-12031-exec-1] order.controller.OrderController         : [createNewOrder][Create Order][from shanghai to taiyuan at 1970-01-02 18:17:36]
2026-03-18 09:37:33.082  INFO 1 --- [io-12031-exec-1] order.service.OrderServiceImpl           : [create][Create Order][Ready to Create Order]
2026-03-18 09:37:33.098  INFO 1 --- [io-12031-exec-1] order.service.OrderServiceImpl           : [create][Order Create Success][Order Price][OrderId:a0206277-3f2b-44a1-9b12-056bfac9ea2e , Price: 0.0]
2026-03-18 09:37:33.395  INFO 1 --- [io-12031-exec-2] order.controller.OrderController         : [createNewOrder][Create Order][from shanghai to taiyuan at 1970-01-02 18:17:36]
2026-03-18 09:37:33.395  INFO 1 --- [io-12031-exec-2] order.service.OrderServiceImpl           : [create][Create Order][Ready to Create Order]
2026-03-18 09:37:33.408  INFO 1 --- [io-12031-exec-2] order.service.OrderServiceImpl           : [create][Order Create Success][Order Price][OrderId:0e082d21-57e4-4138-ade1-1e8fe6c30f0e , Price: 0.0]
2026-03-18 09:37:33.688  INFO 1 --- [io-12031-exec-3] order.controller.OrderController         : [createNewOrder][Create Order][from shanghai to taiyuan at 1970-01-02 18:17:36]
2026-03-18 09:37:33.688  INFO 1 --- [io-12031-exec-3] order.service.OrderServiceImpl           : [create][Create Order][Ready to Create Order]
2026-03-18 09:37:33.700  INFO 1 --- [io-12031-exec-3] order.service.OrderServiceImpl           : [create][Order Create Success][Order Price][OrderId:762a5734-063a-4373-90f7-52d069af13ed , Price: 0.0]
2026-03-18 09:37:34.057  INFO 1 --- [io-12031-exec-5] order.controller.OrderController         : [createNewOrder][Create Order][from shanghai to taiyuan at 1970-01-02 18:17:36]
2026-03-18 09:37:34.058  INFO 1 --- [io-12031-exec-5] order.service.OrderServiceImpl           : [create][Create Order][Ready to Create Order]
2026-03-18 09:37:34.068  INFO 1 --- [io-12031-exec-5] order.service.OrderServiceImpl           : [create][Order Create Success][Order Price][OrderId:888c6875-4f69-48a8-80d8-c5ef3344e752 , Price: 0.0]
2026-03-18 09:37:34.386  INFO 1 --- [io-12031-exec-4] order.controller.OrderController         : [createNewOrder][Create Order][from shanghai to taiyuan at 1970-01-02 18:17:36]
2026-03-18 09:37:34.386  INFO 1 --- [io-12031-exec-4] order.service.OrderServiceImpl           : [create][Create Order][Ready to Create Order]
2026-03-18 09:37:34.398  INFO 1 --- [io-12031-exec-4] order.service.OrderServiceImpl           : [create][Order Create Success][Order Price][OrderId:2ba2c901-fec4-446f-8416-fc06552e6d4f , Price: 0.0]
2026-03-18 09:37:34.748  INFO 1 --- [io-12031-exec-6] order.controller.OrderController         : [createNewOrder][Create Order][from shanghai to taiyuan at 1970-01-02 18:17:36]
2026-03-18 09:37:34.748  INFO 1 --- [io-12031-exec-6] order.service.OrderServiceImpl           : [create][Create Order][Ready to Create Order]
2026-03-18 09:37:34.763  INFO 1 --- [io-12031-exec-6] order.service.OrderServiceImpl           : [create][Order Create Success][Order Price][OrderId:f4d21fdf-6eb8-4bfc-ab49-a5055841c9dd , Price: 0.0]
2026-03-18 09:37:35.076  INFO 1 --- [io-12031-exec-7] order.controller.OrderController         : [createNewOrder][Create Order][from shanghai to taiyuan at 1970-01-02 18:17:36]
2026-03-18 09:37:35.076  INFO 1 --- [io-12031-exec-7] order.service.OrderServiceImpl           : [create][Create Order][Ready to Create Order]
2026-03-18 09:37:35.088  INFO 1 --- [io-12031-exec-7] order.service.OrderServiceImpl           : [create][Order Create Success][Order Price][OrderId:0bca4b3f-04d2-4b9f-baf8-feec127c5e3d , Price: 0.0]
2026-03-18 09:37:35.444  INFO 1 --- [io-12031-exec-8] order.controller.OrderController         : [createNewOrder][Create Order][from shanghai to taiyuan at 1970-01-02 18:17:36]
2026-03-18 09:37:35.444  INFO 1 --- [io-12031-exec-8] order.service.OrderServiceImpl           : [create][Create Order][Ready to Create Order]
2026-03-18 09:37:35.455  INFO 1 --- [io-12031-exec-8] order.service.OrderServiceImpl           : [create][Order Create Success][Order Price][OrderId:36065706-8f74-404c-bda7-1d692c5f3376 , Price: 0.0]
2026-03-18 09:37:35.793  INFO 1 --- [io-12031-exec-9] order.controller.OrderController         : [createNewOrder][Create Order][from shanghai to taiyuan at 1970-01-02 18:17:36]
2026-03-18 09:37:35.793  INFO 1 --- [io-12031-exec-9] order.service.OrderServiceImpl           : [create][Create Order][Ready to Create Order]
2026-03-18 09:37:35.806  INFO 1 --- [io-12031-exec-9] order.service.OrderServiceImpl           : [create][Order Create Success][Order Price][OrderId:d72b4d1f-7baf-4c92-9c4b-6f63bbf2c3e7 , Price: 0.0]
2026-03-18 09:37:36.095  INFO 1 --- [o-12031-exec-10] order.controller.OrderController         : [createNewOrder][Create Order][from shanghai to taiyuan at 1970-01-02 18:17:36]
2026-03-18 09:37:36.095  INFO 1 --- [o-12031-exec-10] order.service.OrderServiceImpl           : [create][Create Order][Ready to Create Order]
2026-03-18 09:37:36.107  INFO 1 --- [o-12031-exec-10] order.service.OrderServiceImpl           : [create][Order Create Success][Order Price][OrderId:84a7445e-e6ce-43dc-bbab-d37bacbd3d9c , Price: 0.0]
2026-03-18 09:37:36.388  INFO 1 --- [io-12031-exec-1] order.controller.OrderController         : [createNewOrder][Create Order][from shanghai to taiyuan at 1970-01-02 18:17:36]
2026-03-18 09:37:36.389  INFO 1 --- [io-12031-exec-1] order.service.OrderServiceImpl           : [create][Create Order][Ready to Create Order]
2026-03-18 09:37:36.400  INFO 1 --- [io-12031-exec-1] order.service.OrderServiceImpl           : [create][Order Create Success][Order Price][OrderId:e2722621-2479-42e4-9fc1-60d63069a5cf , Price: 0.0]
2026-03-18 09:37:36.678  INFO 1 --- [io-12031-exec-2] order.controller.OrderController         : [createNewOrder][Create Order][from shanghai to taiyuan at 1970-01-02 18:17:36]
2026-03-18 09:37:36.678  INFO 1 --- [io-12031-exec-2] order.service.OrderServiceImpl           : [create][Create Order][Ready to Create Order]
2026-03-18 09:37:36.691  INFO 1 --- [io-12031-exec-2] order.service.OrderServiceImpl           : [create][Order Create Success][Order Price][OrderId:09478f72-79d7-46b2-b2b4-faeb6d0a495d , Price: 0.0]
2026-03-18 09:37:36.992  INFO 1 --- [io-12031-exec-3] order.controller.OrderController         : [createNewOrder][Create Order][from shanghai to taiyuan at 1970-01-02 18:17:36]
2026-03-18 09:37:36.992  INFO 1 --- [io-12031-exec-3] order.service.OrderServiceImpl           : [create][Create Order][Ready to Create Order]
2026-03-18 09:37:37.003  INFO 1 --- [io-12031-exec-3] order.service.OrderServiceImpl           : [create][Order Create Success][Order Price][OrderId:a8f5c269-b74f-4f8d-901f-f712ce4f6495 , Price: 0.0]
2026-03-18 09:37:37.281  INFO 1 --- [io-12031-exec-5] order.controller.OrderController         : [createNewOrder][Create Order][from shanghai to taiyuan at 1970-01-02 18:17:36]
2026-03-18 09:37:37.281  INFO 1 --- [io-12031-exec-5] order.service.OrderServiceImpl           : [create][Create Order][Ready to Create Order]
2026-03-18 09:37:37.291  INFO 1 --- [io-12031-exec-5] order.service.OrderServiceImpl           : [create][Order Create Success][Order Price][OrderId:71a7cfb5-4f5e-4521-affb-665ca1504c72 , Price: 0.0]
2026-03-18 09:37:37.683  INFO 1 --- [io-12031-exec-4] order.controller.OrderController         : [createNewOrder][Create Order][from shanghai to taiyuan at 1970-01-02 18:17:36]
2026-03-18 09:37:37.683  INFO 1 --- [io-12031-exec-4] order.service.OrderServiceImpl           : [create][Create Order][Ready to Create Order]
2026-03-18 09:37:37.696  INFO 1 --- [io-12031-exec-4] order.service.OrderServiceImpl           : [create][Order Create Success][Order Price][OrderId:11087dce-b9ed-4995-a877-631e09c94b95 , Price: 0.0]
2026-03-18 09:37:38.082  INFO 1 --- [io-12031-exec-6] order.controller.OrderController         : [createNewOrder][Create Order][from shanghai to taiyuan at 1970-01-02 18:17:36]
2026-03-18 09:37:38.082  INFO 1 --- [io-12031-exec-6] order.service.OrderServiceImpl           : [create][Create Order][Ready to Create Order]
2026-03-18 09:37:38.097  INFO 1 --- [io-12031-exec-6] order.service.OrderServiceImpl           : [create][Order Create Success][Order Price][OrderId:80a28e27-52c9-4412-9fb3-7648b07d3cf8 , Price: 0.0]
2026-03-18 09:37:38.390  INFO 1 --- [io-12031-exec-7] order.controller.OrderController         : [createNewOrder][Create Order][from shanghai to taiyuan at 1970-01-02 18:17:36]
2026-03-18 09:37:38.390  INFO 1 --- [io-12031-exec-7] order.service.OrderServiceImpl           : [create][Create Order][Ready to Create Order]
2026-03-18 09:37:38.401  INFO 1 --- [io-12031-exec-7] order.service.OrderServiceImpl           : [create][Order Create Success][Order Price][OrderId:130feece-2670-441a-a6bb-f6d3c59297ab , Price: 0.0]
2026-03-18 09:37:38.772  INFO 1 --- [io-12031-exec-8] order.controller.OrderController         : [createNewOrder][Create Order][from shanghai to taiyuan at 1970-01-02 18:17:36]
2026-03-18 09:37:38.772  INFO 1 --- [io-12031-exec-8] order.service.OrderServiceImpl           : [create][Create Order][Ready to Create Order]
2026-03-18 09:37:38.785  INFO 1 --- [io-12031-exec-8] order.service.OrderServiceImpl           : [create][Order Create Success][Order Price][OrderId:288132a3-fed8-472f-adb9-14eca14c0975 , Price: 0.0]
2026-03-18 09:37:39.173  INFO 1 --- [io-12031-exec-9] order.controller.OrderController         : [createNewOrder][Create Order][from shanghai to taiyuan at 1970-01-02 18:17:36]
2026-03-18 09:37:39.173  INFO 1 --- [io-12031-exec-9] order.service.OrderServiceImpl           : [create][Create Order][Ready to Create Order]
2026-03-18 09:37:39.184  INFO 1 --- [io-12031-exec-9] order.service.OrderServiceImpl           : [create][Order Create Success][Order Price][OrderId:dc0f8a76-e75a-4039-bb14-8fbad05d9870 , Price: 0.0]
2026-03-18 09:37:39.485  INFO 1 --- [o-12031-exec-10] order.controller.OrderController         : [createNewOrder][Create Order][from shanghai to taiyuan at 1970-01-02 18:17:36]
2026-03-18 09:37:39.485  INFO 1 --- [o-12031-exec-10] order.service.OrderServiceImpl           : [create][Create Order][Ready to Create Order]
2026-03-18 09:37:39.497  INFO 1 --- [o-12031-exec-10] order.service.OrderServiceImpl           : [create][Order Create Success][Order Price][OrderId:90504227-067d-4232-a25b-5e8f08aebdf0 , Price: 0.0]
2026-03-18 09:37:39.777  INFO 1 --- [io-12031-exec-1] order.controller.OrderController         : [createNewOrder][Create Order][from shanghai to taiyuan at 1970-01-02 18:17:36]
2026-03-18 09:37:39.777  INFO 1 --- [io-12031-exec-1] order.service.OrderServiceImpl           : [create][Create Order][Ready to Create Order]
2026-03-18 09:37:39.790  INFO 1 --- [io-12031-exec-1] order.service.OrderServiceImpl           : [create][Order Create Success][Order Price][OrderId:4b4caa54-299d-4e60-9a18-ae0d2e33562a , Price: 0.0]
2026-03-18 09:37:40.089  INFO 1 --- [io-12031-exec-2] order.controller.OrderController         : [createNewOrder][Create Order][from shanghai to taiyuan at 1970-01-02 18:17:36]
2026-03-18 09:37:40.089  INFO 1 --- [io-12031-exec-2] order.service.OrderServiceImpl           : [create][Create Order][Ready to Create Order]
2026-03-18 09:37:40.103  INFO 1 --- [io-12031-exec-2] order.service.OrderServiceImpl           : [create][Order Create Success][Order Price][OrderId:efd17dc8-0c30-46a5-bb16-7889367742ed , Price: 0.0]
2026-03-18 09:37:40.394  INFO 1 --- [io-12031-exec-3] order.controller.OrderController         : [createNewOrder][Create Order][from shanghai to taiyuan at 1970-01-02 18:17:36]
2026-03-18 09:37:40.394  INFO 1 --- [io-12031-exec-3] order.service.OrderServiceImpl           : [create][Create Order][Ready to Create Order]
2026-03-18 09:37:40.410  INFO 1 --- [io-12031-exec-3] order.service.OrderServiceImpl           : [create][Order Create Success][Order Price][OrderId:730f62c4-7bdf-4a84-a2f2-6be645f6f629 , Price: 0.0]
2026-03-18 09:37:40.687  INFO 1 --- [io-12031-exec-5] order.controller.OrderController         : [createNewOrder][Create Order][from shanghai to taiyuan at 1970-01-02 18:17:36]
2026-03-18 09:37:40.688  INFO 1 --- [io-12031-exec-5] order.service.OrderServiceImpl           : [create][Create Order][Ready to Create Order]
2026-03-18 09:37:40.704  INFO 1 --- [io-12031-exec-5] order.service.OrderServiceImpl           : [create][Order Create Success][Order Price][OrderId:df178f4b-5c1e-40e4-a22e-13bdc35fdd15 , Price: 0.0]
2026-03-18 09:37:40.995  INFO 1 --- [io-12031-exec-4] order.controller.OrderController         : [createNewOrder][Create Order][from shanghai to taiyuan at 1970-01-02 18:17:36]
2026-03-18 09:37:40.995  INFO 1 --- [io-12031-exec-4] order.service.OrderServiceImpl           : [create][Create Order][Ready to Create Order]
2026-03-18 09:37:41.007  INFO 1 --- [io-12031-exec-4] order.service.OrderServiceImpl           : [create][Order Create Success][Order Price][OrderId:d35774f1-2827-4e3b-be6a-09deb07def84 , Price: 0.0]
2026-03-18 09:37:41.295  INFO 1 --- [io-12031-exec-7] order.controller.OrderController         : [createNewOrder][Create Order][from shanghai to taiyuan at 1970-01-02 18:17:36]
2026-03-18 09:37:41.295  INFO 1 --- [io-12031-exec-7] order.service.OrderServiceImpl           : [create][Create Order][Ready to Create Order]
2026-03-18 09:37:41.307  INFO 1 --- [io-12031-exec-7] order.service.OrderServiceImpl           : [create][Order Create Success][Order Price][OrderId:1e0a4e53-9e31-48ff-92f6-9f5415400462 , Price: 0.0]
2026-03-18 09:37:41.595  INFO 1 --- [io-12031-exec-8] order.controller.OrderController         : [createNewOrder][Create Order][from shanghai to taiyuan at 1970-01-02 18:17:36]
2026-03-18 09:37:41.595  INFO 1 --- [io-12031-exec-8] order.service.OrderServiceImpl           : [create][Create Order][Ready to Create Order]
2026-03-18 09:37:41.620  INFO 1 --- [io-12031-exec-8] order.service.OrderServiceImpl           : [create][Order Create Success][Order Price][OrderId:63bff5e3-7e99-4cbb-aa1a-dd7ba2bf6c4e , Price: 0.0]
2026-03-18 09:37:42.002  INFO 1 --- [io-12031-exec-9] order.controller.OrderController         : [createNewOrder][Create Order][from shanghai to taiyuan at 1970-01-02 18:17:36]
2026-03-18 09:37:42.002  INFO 1 --- [io-12031-exec-9] order.service.OrderServiceImpl           : [create][Create Order][Ready to Create Order]
2026-03-18 09:37:42.017  INFO 1 --- [io-12031-exec-9] order.service.OrderServiceImpl           : [create][Order Create Success][Order Price][OrderId:b89eadac-b41c-4548-a28f-f34541754ff4 , Price: 0.0]
2026-03-18 09:37:42.362  INFO 1 --- [o-12031-exec-10] order.controller.OrderController         : [createNewOrder][Create Order][from shanghai to taiyuan at 1970-01-02 18:17:36]
2026-03-18 09:37:42.362  INFO 1 --- [o-12031-exec-10] order.service.OrderServiceImpl           : [create][Create Order][Ready to Create Order]
2026-03-18 09:37:42.577  INFO 1 --- [o-12031-exec-10] order.service.OrderServiceImpl           : [create][Order Create Success][Order Price][OrderId:dd97da13-f06a-4ef6-81c3-e75729bad9ae , Price: 0.0]
2026-03-18 09:37:42.967  INFO 1 --- [io-12031-exec-1] order.controller.OrderController         : [createNewOrder][Create Order][from shanghai to taiyuan at 1970-01-02 18:17:36]
2026-03-18 09:37:42.968  INFO 1 --- [io-12031-exec-1] order.service.OrderServiceImpl           : [create][Create Order][Ready to Create Order]
2026-03-18 09:37:42.983  INFO 1 --- [io-12031-exec-1] order.service.OrderServiceImpl           : [create][Order Create Success][Order Price][OrderId:6652f96c-d4ce-4f11-b6c3-a090557bcaad , Price: 0.0]
2026-03-18 09:37:43.383  INFO 1 --- [io-12031-exec-2] order.controller.OrderController         : [createNewOrder][Create Order][from shanghai to taiyuan at 1970-01-02 18:17:36]
2026-03-18 09:37:43.383  INFO 1 --- [io-12031-exec-2] order.service.OrderServiceImpl           : [create][Create Order][Ready to Create Order]
2026-03-18 09:37:43.398  INFO 1 --- [io-12031-exec-2] order.service.OrderServiceImpl           : [create][Order Create Success][Order Price][OrderId:df138b93-9185-4142-9b6e-4b77a39711f5 , Price: 0.0]
2026-03-18 09:37:43.691  INFO 1 --- [io-12031-exec-3] order.controller.OrderController         : [createNewOrder][Create Order][from shanghai to taiyuan at 1970-01-02 18:17:36]
2026-03-18 09:37:43.691  INFO 1 --- [io-12031-exec-3] order.service.OrderServiceImpl           : [create][Create Order][Ready to Create Order]
2026-03-18 09:37:43.766  INFO 1 --- [io-12031-exec-3] order.service.OrderServiceImpl           : [create][Order Create Success][Order Price][OrderId:dc04ff23-aa51-4400-abc8-39008dc21d74 , Price: 0.0]
2026-03-18 09:37:44.079  INFO 1 --- [io-12031-exec-5] order.controller.OrderController         : [createNewOrder][Create Order][from shanghai to taiyuan at 1970-01-02 18:17:36]
2026-03-18 09:37:44.079  INFO 1 --- [io-12031-exec-5] order.service.OrderServiceImpl           : [create][Create Order][Ready to Create Order]
2026-03-18 09:37:44.090  INFO 1 --- [io-12031-exec-5] order.service.OrderServiceImpl           : [create][Order Create Success][Order Price][OrderId:5eb69d4e-9cfd-4b83-afd5-2170c3fcd5a0 , Price: 0.0]
2026-03-18 09:37:44.383  INFO 1 --- [io-12031-exec-4] order.controller.OrderController         : [createNewOrder][Create Order][from shanghai to taiyuan at 1970-01-02 18:17:36]
2026-03-18 09:37:44.383  INFO 1 --- [io-12031-exec-4] order.service.OrderServiceImpl           : [create][Create Order][Ready to Create Order]
2026-03-18 09:37:44.395  INFO 1 --- [io-12031-exec-4] order.service.OrderServiceImpl           : [create][Order Create Success][Order Price][OrderId:0dd05a24-162a-47d9-a150-1c3f4462c772 , Price: 0.0]
2026-03-18 09:37:44.672  INFO 1 --- [io-12031-exec-6] order.controller.OrderController         : [createNewOrder][Create Order][from shanghai to taiyuan at 1970-01-02 18:17:36]
2026-03-18 09:37:44.672  INFO 1 --- [io-12031-exec-6] order.service.OrderServiceImpl           : [create][Create Order][Ready to Create Order]
2026-03-18 09:37:44.684  INFO 1 --- [io-12031-exec-6] order.service.OrderServiceImpl           : [create][Order Create Success][Order Price][OrderId:d662210f-8f85-4973-bd71-9ce849dd6206 , Price: 0.0]
2026-03-18 09:37:44.973  INFO 1 --- [io-12031-exec-7] order.controller.OrderController         : [createNewOrder][Create Order][from shanghai to taiyuan at 1970-01-02 18:17:36]
2026-03-18 09:37:44.973  INFO 1 --- [io-12031-exec-7] order.service.OrderServiceImpl           : [create][Create Order][Ready to Create Order]
2026-03-18 09:37:44.986  INFO 1 --- [io-12031-exec-7] order.service.OrderServiceImpl           : [create][Order Create Success][Order Price][OrderId:9c1eba0a-f98b-443f-a57a-963d9f93ccb9 , Price: 0.0]
2026-03-18 09:37:45.375  INFO 1 --- [io-12031-exec-8] order.controller.OrderController         : [createNewOrder][Create Order][from shanghai to taiyuan at 1970-01-02 18:17:36]
2026-03-18 09:37:45.375  INFO 1 --- [io-12031-exec-8] order.service.OrderServiceImpl           : [create][Create Order][Ready to Create Order]
2026-03-18 09:37:45.386  INFO 1 --- [io-12031-exec-8] order.service.OrderServiceImpl           : [create][Order Create Success][Order Price][OrderId:3f5b6a1c-e57c-438a-b64d-c8fd923c36b8 , Price: 0.0]
2026-03-18 09:37:45.682  INFO 1 --- [io-12031-exec-9] order.controller.OrderController         : [createNewOrder][Create Order][from shanghai to taiyuan at 1970-01-02 18:17:36]
2026-03-18 09:37:45.682  INFO 1 --- [io-12031-exec-9] order.service.OrderServiceImpl           : [create][Create Order][Ready to Create Order]
2026-03-18 09:37:45.695  INFO 1 --- [io-12031-exec-9] order.service.OrderServiceImpl           : [create][Order Create Success][Order Price][OrderId:f0d238f4-8117-4fdc-8ea0-e962e735c4fb , Price: 0.0]
2026-03-18 09:37:46.095  INFO 1 --- [o-12031-exec-10] order.controller.OrderController         : [createNewOrder][Create Order][from shanghai to taiyuan at 1970-01-02 18:17:36]
2026-03-18 09:37:46.095  INFO 1 --- [o-12031-exec-10] order.service.OrderServiceImpl           : [create][Create Order][Ready to Create Order]
2026-03-18 09:37:46.108  INFO 1 --- [o-12031-exec-10] order.service.OrderServiceImpl           : [create][Order Create Success][Order Price][OrderId:395a1e03-96a3-4b0f-a9ce-fcc76b4a566d , Price: 0.0]
2026-03-18 09:37:46.558  INFO 1 --- [io-12031-exec-1] order.controller.OrderController         : [createNewOrder][Create Order][from shanghai to taiyuan at 1970-01-02 18:17:36]
2026-03-18 09:37:46.558  INFO 1 --- [io-12031-exec-1] order.service.OrderServiceImpl           : [create][Create Order][Ready to Create Order]
2026-03-18 09:37:46.570  INFO 1 --- [io-12031-exec-1] order.service.OrderServiceImpl           : [create][Order Create Success][Order Price][OrderId:e308f5aa-63ee-44d2-aa89-584311e2c4ab , Price: 0.0]
2026-03-18 09:37:46.876  INFO 1 --- [io-12031-exec-2] order.controller.OrderController         : [createNewOrder][Create Order][from shanghai to taiyuan at 1970-01-02 18:17:36]
2026-03-18 09:37:46.876  INFO 1 --- [io-12031-exec-2] order.service.OrderServiceImpl           : [create][Create Order][Ready to Create Order]
2026-03-18 09:37:46.887  INFO 1 --- [io-12031-exec-2] order.service.OrderServiceImpl           : [create][Order Create Success][Order Price][OrderId:09f07c44-81cc-4ca2-98eb-e3f203e0ca01 , Price: 0.0]
2026-03-18 09:37:47.252  INFO 1 --- [io-12031-exec-3] order.controller.OrderController         : [createNewOrder][Create Order][from shanghai to taiyuan at 1970-01-02 18:17:36]
2026-03-18 09:37:47.252  INFO 1 --- [io-12031-exec-3] order.service.OrderServiceImpl           : [create][Create Order][Ready to Create Order]
2026-03-18 09:37:47.264  INFO 1 --- [io-12031-exec-3] order.service.OrderServiceImpl           : [create][Order Create Success][Order Price][OrderId:f26459fa-3fae-4ca6-879d-a789e8b4d48c , Price: 0.0]
2026-03-18 09:37:47.583  INFO 1 --- [io-12031-exec-5] order.controller.OrderController         : [createNewOrder][Create Order][from shanghai to taiyuan at 1970-01-02 18:17:36]
2026-03-18 09:37:47.583  INFO 1 --- [io-12031-exec-5] order.service.OrderServiceImpl           : [create][Create Order][Ready to Create Order]
2026-03-18 09:37:47.598  INFO 1 --- [io-12031-exec-5] order.service.OrderServiceImpl           : [create][Order Create Success][Order Price][OrderId:dcaf316c-ad8a-4a77-b05a-4a7e27f65f34 , Price: 0.0]
2026-03-18 09:37:47.875  INFO 1 --- [io-12031-exec-4] order.controller.OrderController         : [createNewOrder][Create Order][from shanghai to taiyuan at 1970-01-02 18:17:36]
2026-03-18 09:37:47.875  INFO 1 --- [io-12031-exec-4] order.service.OrderServiceImpl           : [create][Create Order][Ready to Create Order]
2026-03-18 09:37:47.885  INFO 1 --- [io-12031-exec-4] order.service.OrderServiceImpl           : [create][Order Create Success][Order Price][OrderId:df5d07ae-9e38-4d05-8047-59d083ffd483 , Price: 0.0]
2026-03-18 09:37:48.175  INFO 1 --- [io-12031-exec-6] order.controller.OrderController         : [createNewOrder][Create Order][from shanghai to taiyuan at 1970-01-02 18:17:36]
2026-03-18 09:37:48.175  INFO 1 --- [io-12031-exec-6] order.service.OrderServiceImpl           : [create][Create Order][Ready to Create Order]
2026-03-18 09:37:48.188  INFO 1 --- [io-12031-exec-6] order.service.OrderServiceImpl           : [create][Order Create Success][Order Price][OrderId:3a0ddbb8-a973-4f14-87c9-b828842084b8 , Price: 0.0]
2026-03-18 09:37:48.484  INFO 1 --- [io-12031-exec-7] order.controller.OrderController         : [createNewOrder][Create Order][from shanghai to taiyuan at 1970-01-02 18:17:36]
2026-03-18 09:37:48.484  INFO 1 --- [io-12031-exec-7] order.service.OrderServiceImpl           : [create][Create Order][Ready to Create Order]
2026-03-18 09:37:48.497  INFO 1 --- [io-12031-exec-7] order.service.OrderServiceImpl           : [create][Order Create Success][Order Price][OrderId:c64b1f03-1f99-44dc-baf8-247e6fd1caa3 , Price: 0.0]
2026-03-18 09:37:48.775  INFO 1 --- [io-12031-exec-8] order.controller.OrderController         : [createNewOrder][Create Order][from shanghai to taiyuan at 1970-01-02 18:17:36]
2026-03-18 09:37:48.775  INFO 1 --- [io-12031-exec-8] order.service.OrderServiceImpl           : [create][Create Order][Ready to Create Order]
2026-03-18 09:37:48.788  INFO 1 --- [io-12031-exec-8] order.service.OrderServiceImpl           : [create][Order Create Success][Order Price][OrderId:66b5dc9c-6ffa-480d-b147-1235237d0583 , Price: 0.0]
2026-03-18 09:37:49.147  INFO 1 --- [io-12031-exec-9] order.controller.OrderController         : [createNewOrder][Create Order][from shanghai to taiyuan at 1970-01-02 18:17:36]
2026-03-18 09:37:49.147  INFO 1 --- [io-12031-exec-9] order.service.OrderServiceImpl           : [create][Create Order][Ready to Create Order]
2026-03-18 09:37:49.162  INFO 1 --- [io-12031-exec-9] order.service.OrderServiceImpl           : [create][Order Create Success][Order Price][OrderId:11af82d1-6034-4978-90b2-dcbda3826144 , Price: 0.0]
2026-03-18 09:37:49.566  INFO 1 --- [o-12031-exec-10] order.controller.OrderController         : [createNewOrder][Create Order][from shanghai to taiyuan at 1970-01-02 18:17:36]
2026-03-18 09:37:49.566  INFO 1 --- [o-12031-exec-10] order.service.OrderServiceImpl           : [create][Create Order][Ready to Create Order]
2026-03-18 09:37:49.578  INFO 1 --- [o-12031-exec-10] order.service.OrderServiceImpl           : [create][Order Create Success][Order Price][OrderId:3d3f2885-27fe-4172-b89a-09708b1fbb01 , Price: 0.0]
2026-03-18 09:37:49.965  INFO 1 --- [io-12031-exec-1] order.controller.OrderController         : [createNewOrder][Create Order][from shanghai to taiyuan at 1970-01-02 18:17:36]
2026-03-18 09:37:49.965  INFO 1 --- [io-12031-exec-1] order.service.OrderServiceImpl           : [create][Create Order][Ready to Create Order]
2026-03-18 09:37:49.979  INFO 1 --- [io-12031-exec-1] order.service.OrderServiceImpl           : [create][Order Create Success][Order Price][OrderId:351d03b1-badf-4771-bc29-dccbf7896d87 , Price: 0.0]
2026-03-18 09:37:50.360  INFO 1 --- [io-12031-exec-2] order.controller.OrderController         : [createNewOrder][Create Order][from shanghai to taiyuan at 1970-01-02 18:17:36]
2026-03-18 09:37:50.360  INFO 1 --- [io-12031-exec-2] order.service.OrderServiceImpl           : [create][Create Order][Ready to Create Order]
2026-03-18 09:37:50.370  INFO 1 --- [io-12031-exec-2] order.service.OrderServiceImpl           : [create][Order Create Success][Order Price][OrderId:61e5c67e-2d03-4c52-b143-dc11e159b293 , Price: 0.0]
2026-03-18 09:37:50.775  INFO 1 --- [io-12031-exec-3] order.controller.OrderController         : [createNewOrder][Create Order][from shanghai to taiyuan at 1970-01-02 18:17:36]
2026-03-18 09:37:50.775  INFO 1 --- [io-12031-exec-3] order.service.OrderServiceImpl           : [create][Create Order][Ready to Create Order]
2026-03-18 09:37:50.866  INFO 1 --- [io-12031-exec-3] order.service.OrderServiceImpl           : [create][Order Create Success][Order Price][OrderId:6315fd59-e6b7-4abd-be73-f47800d1b4d7 , Price: 0.0]
2026-03-18 09:37:51.179  INFO 1 --- [io-12031-exec-5] order.controller.OrderController         : [createNewOrder][Create Order][from shanghai to taiyuan at 1970-01-02 18:17:36]
2026-03-18 09:37:51.179  INFO 1 --- [io-12031-exec-5] order.service.OrderServiceImpl           : [create][Create Order][Ready to Create Order]
2026-03-18 09:37:51.191  INFO 1 --- [io-12031-exec-5] order.service.OrderServiceImpl           : [create][Order Create Success][Order Price][OrderId:8c9f3750-dceb-4034-a0f2-99c0297c3dba , Price: 0.0]
2026-03-18 09:37:51.478  INFO 1 --- [io-12031-exec-6] order.controller.OrderController         : [createNewOrder][Create Order][from shanghai to taiyuan at 1970-01-02 18:17:36]
2026-03-18 09:37:51.478  INFO 1 --- [io-12031-exec-6] order.service.OrderServiceImpl           : [create][Create Order][Ready to Create Order]
2026-03-18 09:37:51.492  INFO 1 --- [io-12031-exec-6] order.service.OrderServiceImpl           : [create][Order Create Success][Order Price][OrderId:9994ace3-4b7c-46c4-90ad-7323156d5004 , Price: 0.0]
2026-03-18 09:37:51.842  INFO 1 --- [io-12031-exec-7] order.controller.OrderController         : [createNewOrder][Create Order][from shanghai to taiyuan at 1970-01-02 18:17:36]
2026-03-18 09:37:51.842  INFO 1 --- [io-12031-exec-7] order.service.OrderServiceImpl           : [create][Create Order][Ready to Create Order]
2026-03-18 09:37:51.853  INFO 1 --- [io-12031-exec-7] order.service.OrderServiceImpl           : [create][Order Create Success][Order Price][OrderId:abc0fafb-da30-4a48-a3d1-433f320c2062 , Price: 0.0]
2026-03-18 09:37:52.165  INFO 1 --- [io-12031-exec-8] order.controller.OrderController         : [createNewOrder][Create Order][from shanghai to taiyuan at 1970-01-02 18:17:36]
2026-03-18 09:37:52.165  INFO 1 --- [io-12031-exec-8] order.service.OrderServiceImpl           : [create][Create Order][Ready to Create Order]
2026-03-18 09:37:52.177  INFO 1 --- [io-12031-exec-8] order.service.OrderServiceImpl           : [create][Order Create Success][Order Price][OrderId:54593cc7-94ac-4d44-86b3-04423ebd1dcb , Price: 0.0]
2026-03-18 09:37:52.473  INFO 1 --- [io-12031-exec-9] order.controller.OrderController         : [createNewOrder][Create Order][from shanghai to taiyuan at 1970-01-02 18:17:36]
2026-03-18 09:37:52.473  INFO 1 --- [io-12031-exec-9] order.service.OrderServiceImpl           : [create][Create Order][Ready to Create Order]
2026-03-18 09:37:52.487  INFO 1 --- [io-12031-exec-9] order.service.OrderServiceImpl           : [create][Order Create Success][Order Price][OrderId:11c1d4fb-1231-4e79-8863-ac17a441f8e1 , Price: 0.0]
2026-03-18 09:37:52.781  INFO 1 --- [o-12031-exec-10] order.controller.OrderController         : [createNewOrder][Create Order][from shanghai to taiyuan at 1970-01-02 18:17:36]
2026-03-18 09:37:52.781  INFO 1 --- [o-12031-exec-10] order.service.OrderServiceImpl           : [create][Create Order][Ready to Create Order]
2026-03-18 09:37:52.793  INFO 1 --- [o-12031-exec-10] order.service.OrderServiceImpl           : [create][Order Create Success][Order Price][OrderId:1cc417aa-d7fe-491f-b7db-24df11569d31 , Price: 0.0]
2026-03-18 09:37:53.081  INFO 1 --- [io-12031-exec-1] order.controller.OrderController         : [createNewOrder][Create Order][from shanghai to taiyuan at 1970-01-02 18:17:36]
2026-03-18 09:37:53.081  INFO 1 --- [io-12031-exec-1] order.service.OrderServiceImpl           : [create][Create Order][Ready to Create Order]
2026-03-18 09:37:53.094  INFO 1 --- [io-12031-exec-1] order.service.OrderServiceImpl           : [create][Order Create Success][Order Price][OrderId:61182ef3-1f6a-4e39-b4cd-a183bee2c429 , Price: 0.0]
2026-03-18 09:37:53.478  INFO 1 --- [io-12031-exec-2] order.controller.OrderController         : [createNewOrder][Create Order][from shanghai to taiyuan at 1970-01-02 18:17:36]
2026-03-18 09:37:53.478  INFO 1 --- [io-12031-exec-2] order.service.OrderServiceImpl           : [create][Create Order][Ready to Create Order]
2026-03-18 09:37:53.491  INFO 1 --- [io-12031-exec-2] order.service.OrderServiceImpl           : [create][Order Create Success][Order Price][OrderId:9dba0039-6841-49c1-9175-5db5a0342dac , Price: 0.0]
2026-03-18 09:37:53.784  INFO 1 --- [io-12031-exec-3] order.controller.OrderController         : [createNewOrder][Create Order][from shanghai to taiyuan at 1970-01-02 18:17:36]
2026-03-18 09:37:53.784  INFO 1 --- [io-12031-exec-3] order.service.OrderServiceImpl           : [create][Create Order][Ready to Create Order]
2026-03-18 09:37:53.794  INFO 1 --- [io-12031-exec-3] order.service.OrderServiceImpl           : [create][Order Create Success][Order Price][OrderId:7d0cf89c-dfdc-4645-8f2c-ed3c9aba53a0 , Price: 0.0]
2026-03-18 09:37:54.178  INFO 1 --- [io-12031-exec-5] order.controller.OrderController         : [createNewOrder][Create Order][from shanghai to taiyuan at 1970-01-02 18:17:36]
2026-03-18 09:37:54.178  INFO 1 --- [io-12031-exec-5] order.service.OrderServiceImpl           : [create][Create Order][Ready to Create Order]
2026-03-18 09:37:54.190  INFO 1 --- [io-12031-exec-5] order.service.OrderServiceImpl           : [create][Order Create Success][Order Price][OrderId:a89ac7d0-f7be-4d21-978a-184ad650f567 , Price: 0.0]
2026-03-18 09:37:54.575  INFO 1 --- [io-12031-exec-4] order.controller.OrderController         : [createNewOrder][Create Order][from shanghai to taiyuan at 1970-01-02 18:17:36]
2026-03-18 09:37:54.575  INFO 1 --- [io-12031-exec-4] order.service.OrderServiceImpl           : [create][Create Order][Ready to Create Order]
2026-03-18 09:37:54.586  INFO 1 --- [io-12031-exec-4] order.service.OrderServiceImpl           : [create][Order Create Success][Order Price][OrderId:2e869133-eb08-465d-9c10-2cd618ef2bd3 , Price: 0.0]
2026-03-18 09:37:54.873  INFO 1 --- [io-12031-exec-6] order.controller.OrderController         : [createNewOrder][Create Order][from shanghai to taiyuan at 1970-01-02 18:17:36]
2026-03-18 09:37:54.873  INFO 1 --- [io-12031-exec-6] order.service.OrderServiceImpl           : [create][Create Order][Ready to Create Order]
2026-03-18 09:37:54.885  INFO 1 --- [io-12031-exec-6] order.service.OrderServiceImpl           : [create][Order Create Success][Order Price][OrderId:045b85b4-8f91-48b1-88a0-405f996c054d , Price: 0.0]
2026-03-18 09:37:55.177  INFO 1 --- [io-12031-exec-7] order.controller.OrderController         : [createNewOrder][Create Order][from shanghai to taiyuan at 1970-01-02 18:17:36]
2026-03-18 09:37:55.177  INFO 1 --- [io-12031-exec-7] order.service.OrderServiceImpl           : [create][Create Order][Ready to Create Order]
2026-03-18 09:37:55.189  INFO 1 --- [io-12031-exec-7] order.service.OrderServiceImpl           : [create][Order Create Success][Order Price][OrderId:bc773af3-bc68-49dc-8706-3c83333634c6 , Price: 0.0]
2026-03-18 09:37:55.493  INFO 1 --- [io-12031-exec-8] order.controller.OrderController         : [createNewOrder][Create Order][from shanghai to taiyuan at 1970-01-02 18:17:36]
2026-03-18 09:37:55.493  INFO 1 --- [io-12031-exec-8] order.service.OrderServiceImpl           : [create][Create Order][Ready to Create Order]
2026-03-18 09:37:55.506  INFO 1 --- [io-12031-exec-8] order.service.OrderServiceImpl           : [create][Order Create Success][Order Price][OrderId:e4e9c736-6c2f-41d5-8dd5-3600ca34473f , Price: 0.0]
2026-03-18 09:37:55.968  INFO 1 --- [io-12031-exec-9] order.controller.OrderController         : [createNewOrder][Create Order][from shanghai to taiyuan at 1970-01-02 18:17:36]
2026-03-18 09:37:55.968  INFO 1 --- [io-12031-exec-9] order.service.OrderServiceImpl           : [create][Create Order][Ready to Create Order]
2026-03-18 09:37:55.980  INFO 1 --- [io-12031-exec-9] order.service.OrderServiceImpl           : [create][Order Create Success][Order Price][OrderId:c47541cc-e969-4ba7-bf6a-520439d26c96 , Price: 0.0]
2026-03-18 09:37:56.373  INFO 1 --- [o-12031-exec-10] order.controller.OrderController         : [createNewOrder][Create Order][from shanghai to taiyuan at 1970-01-02 18:17:36]
2026-03-18 09:37:56.373  INFO 1 --- [o-12031-exec-10] order.service.OrderServiceImpl           : [create][Create Order][Ready to Create Order]
2026-03-18 09:37:56.385  INFO 1 --- [o-12031-exec-10] order.service.OrderServiceImpl           : [create][Order Create Success][Order Price][OrderId:ef271064-e59e-4022-a8bb-0a623552f4a9 , Price: 0.0]
2026-03-18 09:37:56.685  INFO 1 --- [io-12031-exec-1] order.controller.OrderController         : [createNewOrder][Create Order][from shanghai to taiyuan at 1970-01-02 18:17:36]
2026-03-18 09:37:56.685  INFO 1 --- [io-12031-exec-1] order.service.OrderServiceImpl           : [create][Create Order][Ready to Create Order]
2026-03-18 09:37:56.866  INFO 1 --- [io-12031-exec-1] order.service.OrderServiceImpl           : [create][Order Create Success][Order Price][OrderId:f197b0c3-22c2-4564-bc77-d67027339504 , Price: 0.0]
2026-03-18 09:37:57.270  INFO 1 --- [io-12031-exec-2] order.controller.OrderController         : [createNewOrder][Create Order][from shanghai to taiyuan at 1970-01-02 18:17:36]
2026-03-18 09:37:57.270  INFO 1 --- [io-12031-exec-2] order.service.OrderServiceImpl           : [create][Create Order][Ready to Create Order]
2026-03-18 09:37:57.367  INFO 1 --- [io-12031-exec-2] order.service.OrderServiceImpl           : [create][Order Create Success][Order Price][OrderId:76eed715-bd62-4db4-a690-6f7d84764961 , Price: 0.0]
2026-03-18 09:37:57.668  INFO 1 --- [io-12031-exec-3] order.controller.OrderController         : [createNewOrder][Create Order][from shanghai to taiyuan at 1970-01-02 18:17:36]
2026-03-18 09:37:57.668  INFO 1 --- [io-12031-exec-3] order.service.OrderServiceImpl           : [create][Create Order][Ready to Create Order]
2026-03-18 09:37:57.677  INFO 1 --- [io-12031-exec-3] order.service.OrderServiceImpl           : [create][Order Create Success][Order Price][OrderId:b2536d30-af0d-475e-9e85-47fd3bbdc4b7 , Price: 0.0]
2026-03-18 09:37:58.070  INFO 1 --- [io-12031-exec-5] order.controller.OrderController         : [createNewOrder][Create Order][from shanghai to taiyuan at 1970-01-02 18:17:36]
2026-03-18 09:37:58.070  INFO 1 --- [io-12031-exec-5] order.service.OrderServiceImpl           : [create][Create Order][Ready to Create Order]
2026-03-18 09:37:58.166  INFO 1 --- [io-12031-exec-5] order.service.OrderServiceImpl           : [create][Order Create Success][Order Price][OrderId:12ded810-a5fd-4897-a0c5-8efbc59932ab , Price: 0.0]
2026-03-18 09:37:58.482  INFO 1 --- [io-12031-exec-4] order.controller.OrderController         : [createNewOrder][Create Order][from shanghai to taiyuan at 1970-01-02 18:17:36]
2026-03-18 09:37:58.482  INFO 1 --- [io-12031-exec-4] order.service.OrderServiceImpl           : [create][Create Order][Ready to Create Order]
2026-03-18 09:37:58.567  INFO 1 --- [io-12031-exec-4] order.service.OrderServiceImpl           : [create][Order Create Success][Order Price][OrderId:df6e42c5-95e8-4f1c-a6cb-06931639d427 , Price: 0.0]
2026-03-18 09:37:58.881  INFO 1 --- [io-12031-exec-6] order.controller.OrderController         : [createNewOrder][Create Order][from shanghai to taiyuan at 1970-01-02 18:17:36]
2026-03-18 09:37:58.881  INFO 1 --- [io-12031-exec-6] order.service.OrderServiceImpl           : [create][Create Order][Ready to Create Order]
2026-03-18 09:37:58.892  INFO 1 --- [io-12031-exec-6] order.service.OrderServiceImpl           : [create][Order Create Success][Order Price][OrderId:5d443952-0522-48b4-a38f-bcaa094bdb9c , Price: 0.0]
2026-03-18 09:37:59.275  INFO 1 --- [io-12031-exec-7] order.controller.OrderController         : [createNewOrder][Create Order][from shanghai to taiyuan at 1970-01-02 18:17:36]
2026-03-18 09:37:59.275  INFO 1 --- [io-12031-exec-7] order.service.OrderServiceImpl           : [create][Create Order][Ready to Create Order]
2026-03-18 09:37:59.286  INFO 1 --- [io-12031-exec-7] order.service.OrderServiceImpl           : [create][Order Create Success][Order Price][OrderId:57a65070-2419-4853-b4aa-b5ef6d3c497c , Price: 0.0]
2026-03-18 09:37:59.572  INFO 1 --- [io-12031-exec-8] order.controller.OrderController         : [createNewOrder][Create Order][from shanghai to taiyuan at 1970-01-02 18:17:36]
2026-03-18 09:37:59.572  INFO 1 --- [io-12031-exec-8] order.service.OrderServiceImpl           : [create][Create Order][Ready to Create Order]
2026-03-18 09:37:59.583  INFO 1 --- [io-12031-exec-8] order.service.OrderServiceImpl           : [create][Order Create Success][Order Price][OrderId:4fd60415-abf9-4070-8437-b7e60fb37697 , Price: 0.0]
2026-03-18 09:37:59.990  INFO 1 --- [io-12031-exec-9] order.controller.OrderController         : [createNewOrder][Create Order][from shanghai to taiyuan at 1970-01-02 18:17:36]
2026-03-18 09:37:59.990  INFO 1 --- [io-12031-exec-9] order.service.OrderServiceImpl           : [create][Create Order][Ready to Create Order]
2026-03-18 09:38:00.067  INFO 1 --- [io-12031-exec-9] order.service.OrderServiceImpl           : [create][Order Create Success][Order Price][OrderId:9fea53da-6a55-4a9d-840f-7d2a1b02e045 , Price: 0.0]
2026-03-18 09:38:00.367  INFO 1 --- [o-12031-exec-10] order.controller.OrderController         : [createNewOrder][Create Order][from shanghai to taiyuan at 1970-01-02 18:17:36]
2026-03-18 09:38:00.367  INFO 1 --- [o-12031-exec-10] order.service.OrderServiceImpl           : [create][Create Order][Ready to Create Order]
2026-03-18 09:38:00.379  INFO 1 --- [o-12031-exec-10] order.service.OrderServiceImpl           : [create][Order Create Success][Order Price][OrderId:ae6c7a6f-d68a-42b1-83ce-32bf6adcd51b , Price: 0.0]
2026-03-18 09:38:00.787  INFO 1 --- [io-12031-exec-1] order.controller.OrderController         : [createNewOrder][Create Order][from shanghai to taiyuan at 1970-01-02 18:17:36]
2026-03-18 09:38:00.787  INFO 1 --- [io-12031-exec-1] order.service.OrderServiceImpl           : [create][Create Order][Ready to Create Order]
2026-03-18 09:38:00.797  INFO 1 --- [io-12031-exec-1] order.service.OrderServiceImpl           : [create][Order Create Success][Order Price][OrderId:15d31613-1551-47f8-b74b-ccabd0152394 , Price: 0.0]
2026-03-18 09:38:01.186  INFO 1 --- [io-12031-exec-2] order.controller.OrderController         : [createNewOrder][Create Order][from shanghai to taiyuan at 1970-01-02 18:17:36]
2026-03-18 09:38:01.186  INFO 1 --- [io-12031-exec-2] order.service.OrderServiceImpl           : [create][Create Order][Ready to Create Order]
2026-03-18 09:38:01.268  INFO 1 --- [io-12031-exec-2] order.service.OrderServiceImpl           : [create][Order Create Success][Order Price][OrderId:d3aa2c8d-692a-412a-8b71-d7a7df2ce177 , Price: 0.0]
2026-03-18 09:38:01.580  INFO 1 --- [io-12031-exec-5] order.controller.OrderController         : [createNewOrder][Create Order][from shanghai to taiyuan at 1970-01-02 18:17:36]
2026-03-18 09:38:01.580  INFO 1 --- [io-12031-exec-5] order.service.OrderServiceImpl           : [create][Create Order][Ready to Create Order]
2026-03-18 09:38:01.767  INFO 1 --- [io-12031-exec-5] order.service.OrderServiceImpl           : [create][Order Create Success][Order Price][OrderId:17f55234-69a4-4f9f-b497-4a1190ebb65a , Price: 0.0]
2026-03-18 09:38:02.176  INFO 1 --- [io-12031-exec-4] order.controller.OrderController         : [createNewOrder][Create Order][from shanghai to taiyuan at 1970-01-02 18:17:36]
2026-03-18 09:38:02.176  INFO 1 --- [io-12031-exec-4] order.service.OrderServiceImpl           : [create][Create Order][Ready to Create Order]
2026-03-18 09:38:02.273  INFO 1 --- [io-12031-exec-4] order.service.OrderServiceImpl           : [create][Order Create Success][Order Price][OrderId:d5b39521-4a81-4600-b299-05ba131df5be , Price: 0.0]
2026-03-18 09:38:02.581  INFO 1 --- [io-12031-exec-6] order.controller.OrderController         : [createNewOrder][Create Order][from shanghai to taiyuan at 1970-01-02 18:17:36]
2026-03-18 09:38:02.581  INFO 1 --- [io-12031-exec-6] order.service.OrderServiceImpl           : [create][Create Order][Ready to Create Order]
2026-03-18 09:38:02.592  INFO 1 --- [io-12031-exec-6] order.service.OrderServiceImpl           : [create][Order Create Success][Order Price][OrderId:fbf07f90-21f0-47ac-a697-d50b91bd0e59 , Price: 0.0]
2026-03-18 09:38:02.967  INFO 1 --- [io-12031-exec-7] order.controller.OrderController         : [createNewOrder][Create Order][from shanghai to taiyuan at 1970-01-02 18:17:36]
2026-03-18 09:38:02.967  INFO 1 --- [io-12031-exec-7] order.service.OrderServiceImpl           : [create][Create Order][Ready to Create Order]
2026-03-18 09:38:02.978  INFO 1 --- [io-12031-exec-7] order.service.OrderServiceImpl           : [create][Order Create Success][Order Price][OrderId:48ef6c88-559e-43d3-a5f0-35f6db46b2c1 , Price: 0.0]
2026-03-18 09:38:03.287  INFO 1 --- [io-12031-exec-8] order.controller.OrderController         : [createNewOrder][Create Order][from shanghai to taiyuan at 1970-01-02 18:17:36]
2026-03-18 09:38:03.287  INFO 1 --- [io-12031-exec-8] order.service.OrderServiceImpl           : [create][Create Order][Ready to Create Order]
2026-03-18 09:38:03.374  INFO 1 --- [io-12031-exec-8] order.service.OrderServiceImpl           : [create][Order Create Success][Order Price][OrderId:bab4a33d-952a-429e-82e8-02c76947b39b , Price: 0.0]
2026-03-18 09:38:03.769  INFO 1 --- [io-12031-exec-9] order.controller.OrderController         : [createNewOrder][Create Order][from shanghai to taiyuan at 1970-01-02 18:17:36]
2026-03-18 09:38:03.769  INFO 1 --- [io-12031-exec-9] order.service.OrderServiceImpl           : [create][Create Order][Ready to Create Order]
2026-03-18 09:38:03.778  INFO 1 --- [io-12031-exec-9] order.service.OrderServiceImpl           : [create][Order Create Success][Order Price][OrderId:4c01bd5b-32c3-43f1-a2d1-c6b6dacad0b9 , Price: 0.0]
2026-03-18 09:38:04.075  INFO 1 --- [o-12031-exec-10] order.controller.OrderController         : [createNewOrder][Create Order][from shanghai to taiyuan at 1970-01-02 18:17:36]
2026-03-18 09:38:04.075  INFO 1 --- [o-12031-exec-10] order.service.OrderServiceImpl           : [create][Create Order][Ready to Create Order]
2026-03-18 09:38:04.084  INFO 1 --- [o-12031-exec-10] order.service.OrderServiceImpl           : [create][Order Create Success][Order Price][OrderId:e770223f-2af2-434a-be53-dff6ee4be28c , Price: 0.0]
2026-03-18 09:38:04.376  INFO 1 --- [io-12031-exec-1] order.controller.OrderController         : [createNewOrder][Create Order][from shanghai to taiyuan at 1970-01-02 18:17:36]
2026-03-18 09:38:04.377  INFO 1 --- [io-12031-exec-1] order.service.OrderServiceImpl           : [create][Create Order][Ready to Create Order]
2026-03-18 09:38:04.472  INFO 1 --- [io-12031-exec-1] order.service.OrderServiceImpl           : [create][Order Create Success][Order Price][OrderId:a5c5ace2-3499-4641-b767-5b47996267fd , Price: 0.0]
2026-03-18 09:38:04.789  INFO 1 --- [io-12031-exec-3] order.controller.OrderController         : [createNewOrder][Create Order][from shanghai to taiyuan at 1970-01-02 18:17:36]
2026-03-18 09:38:04.789  INFO 1 --- [io-12031-exec-3] order.service.OrderServiceImpl           : [create][Create Order][Ready to Create Order]
2026-03-18 09:38:04.800  INFO 1 --- [io-12031-exec-3] order.service.OrderServiceImpl           : [create][Order Create Success][Order Price][OrderId:9cfea12b-6b28-49cd-866f-ce86b5df76dc , Price: 0.0]
2026-03-18 09:38:05.169  INFO 1 --- [io-12031-exec-2] order.controller.OrderController         : [createNewOrder][Create Order][from shanghai to taiyuan at 1970-01-02 18:17:36]
2026-03-18 09:38:05.169  INFO 1 --- [io-12031-exec-2] order.service.OrderServiceImpl           : [create][Create Order][Ready to Create Order]
2026-03-18 09:38:05.184  INFO 1 --- [io-12031-exec-2] order.service.OrderServiceImpl           : [create][Order Create Success][Order Price][OrderId:673da100-9ee2-4564-986c-447ddd6576f0 , Price: 0.0]
2026-03-18 09:38:05.583  INFO 1 --- [io-12031-exec-5] order.controller.OrderController         : [createNewOrder][Create Order][from shanghai to taiyuan at 1970-01-02 18:17:36]
2026-03-18 09:38:05.583  INFO 1 --- [io-12031-exec-5] order.service.OrderServiceImpl           : [create][Create Order][Ready to Create Order]
2026-03-18 09:38:05.673  INFO 1 --- [io-12031-exec-5] order.service.OrderServiceImpl           : [create][Order Create Success][Order Price][OrderId:39483d66-8a14-4f6e-98d9-1512f95b3757 , Price: 0.0]
2026-03-18 09:38:06.267  INFO 1 --- [io-12031-exec-4] order.controller.OrderController         : [createNewOrder][Create Order][from shanghai to taiyuan at 1970-01-02 18:17:36]
2026-03-18 09:38:06.267  INFO 1 --- [io-12031-exec-4] order.service.OrderServiceImpl           : [create][Create Order][Ready to Create Order]
2026-03-18 09:38:06.281  INFO 1 --- [io-12031-exec-4] order.service.OrderServiceImpl           : [create][Order Create Success][Order Price][OrderId:74ec659a-2336-4ef5-b630-e1363010de21 , Price: 0.0]
2026-03-18 09:38:06.773  INFO 1 --- [io-12031-exec-6] order.controller.OrderController         : [createNewOrder][Create Order][from shanghai to taiyuan at 1970-01-02 18:17:36]
2026-03-18 09:38:06.773  INFO 1 --- [io-12031-exec-6] order.service.OrderServiceImpl           : [create][Create Order][Ready to Create Order]
2026-03-18 09:38:06.980  INFO 1 --- [io-12031-exec-6] order.service.OrderServiceImpl           : [create][Order Create Success][Order Price][OrderId:d535eefd-86d3-44d4-87ad-badca4f8840d , Price: 0.0]
2026-03-18 09:38:07.479  INFO 1 --- [io-12031-exec-7] order.controller.OrderController         : [createNewOrder][Create Order][from shanghai to taiyuan at 1970-01-02 18:17:36]
2026-03-18 09:38:07.479  INFO 1 --- [io-12031-exec-7] order.service.OrderServiceImpl           : [create][Create Order][Ready to Create Order]
2026-03-18 09:38:07.672  INFO 1 --- [io-12031-exec-7] order.service.OrderServiceImpl           : [create][Order Create Success][Order Price][OrderId:14a03c29-d38e-406d-b0b4-5d716358917e , Price: 0.0]
2026-03-18 09:38:08.167  INFO 1 --- [io-12031-exec-8] order.controller.OrderController         : [createNewOrder][Create Order][from shanghai to taiyuan at 1970-01-02 18:17:36]
2026-03-18 09:38:08.167  INFO 1 --- [io-12031-exec-8] order.service.OrderServiceImpl           : [create][Create Order][Ready to Create Order]
2026-03-18 09:38:08.179  INFO 1 --- [io-12031-exec-8] order.service.OrderServiceImpl           : [create][Order Create Success][Order Price][OrderId:ca8039a3-2f03-4ead-9c08-8e6469fd6059 , Price: 0.0]
2026-03-18 09:38:08.492  INFO 1 --- [io-12031-exec-9] order.controller.OrderController         : [createNewOrder][Create Order][from shanghai to taiyuan at 1970-01-02 18:17:36]
2026-03-18 09:38:08.492  INFO 1 --- [io-12031-exec-9] order.service.OrderServiceImpl           : [create][Create Order][Ready to Create Order]
2026-03-18 09:38:08.566  INFO 1 --- [io-12031-exec-9] order.service.OrderServiceImpl           : [create][Order Create Success][Order Price][OrderId:b8520782-989b-4a84-ada3-ec1ea06a97ce , Price: 0.0]
2026-03-18 09:38:08.874  INFO 1 --- [o-12031-exec-10] order.controller.OrderController         : [createNewOrder][Create Order][from shanghai to taiyuan at 1970-01-02 18:17:36]
2026-03-18 09:38:08.874  INFO 1 --- [o-12031-exec-10] order.service.OrderServiceImpl           : [create][Create Order][Ready to Create Order]
2026-03-18 09:38:08.883  INFO 1 --- [o-12031-exec-10] order.service.OrderServiceImpl           : [create][Order Create Success][Order Price][OrderId:c2fb284d-134f-4aba-ba24-62f11ef7c60e , Price: 0.0]
2026-03-18 09:38:09.165  INFO 1 --- [io-12031-exec-1] order.controller.OrderController         : [createNewOrder][Create Order][from shanghai to taiyuan at 1970-01-02 18:17:36]
2026-03-18 09:38:09.166  INFO 1 --- [io-12031-exec-1] order.service.OrderServiceImpl           : [create][Create Order][Ready to Create Order]
2026-03-18 09:38:09.175  INFO 1 --- [io-12031-exec-1] order.service.OrderServiceImpl           : [create][Order Create Success][Order Price][OrderId:3b87bcb4-6eef-43c6-bfd6-01c4561666fd , Price: 0.0]
2026-03-18 09:38:09.470  INFO 1 --- [io-12031-exec-3] order.controller.OrderController         : [createNewOrder][Create Order][from shanghai to taiyuan at 1970-01-02 18:17:36]
2026-03-18 09:38:09.470  INFO 1 --- [io-12031-exec-3] order.service.OrderServiceImpl           : [create][Create Order][Ready to Create Order]
2026-03-18 09:38:09.480  INFO 1 --- [io-12031-exec-3] order.service.OrderServiceImpl           : [create][Order Create Success][Order Price][OrderId:a2021467-9d43-40f4-8072-962d7514b8de , Price: 0.0]
2026-03-18 09:38:09.773  INFO 1 --- [io-12031-exec-2] order.controller.OrderController         : [createNewOrder][Create Order][from shanghai to taiyuan at 1970-01-02 18:17:36]
2026-03-18 09:38:09.773  INFO 1 --- [io-12031-exec-2] order.service.OrderServiceImpl           : [create][Create Order][Ready to Create Order]
2026-03-18 09:38:09.784  INFO 1 --- [io-12031-exec-2] order.service.OrderServiceImpl           : [create][Order Create Success][Order Price][OrderId:a606af38-7b27-44d1-81a9-55d317b95269 , Price: 0.0]
2026-03-18 09:38:10.074  INFO 1 --- [io-12031-exec-5] order.controller.OrderController         : [createNewOrder][Create Order][from shanghai to taiyuan at 1970-01-02 18:17:36]
2026-03-18 09:38:10.074  INFO 1 --- [io-12031-exec-5] order.service.OrderServiceImpl           : [create][Create Order][Ready to Create Order]
2026-03-18 09:38:10.086  INFO 1 --- [io-12031-exec-5] order.service.OrderServiceImpl           : [create][Order Create Success][Order Price][OrderId:eb650cfa-c4d5-4933-962e-5973ae1cef79 , Price: 0.0]
2026-03-18 09:38:10.469  INFO 1 --- [io-12031-exec-4] order.controller.OrderController         : [createNewOrder][Create Order][from shanghai to taiyuan at 1970-01-02 18:17:36]
2026-03-18 09:38:10.469  INFO 1 --- [io-12031-exec-4] order.service.OrderServiceImpl           : [create][Create Order][Ready to Create Order]
2026-03-18 09:38:10.480  INFO 1 --- [io-12031-exec-4] order.service.OrderServiceImpl           : [create][Order Create Success][Order Price][OrderId:774aa367-e225-4b98-9ea1-d6ca754700d3 , Price: 0.0]
2026-03-18 09:38:10.767  INFO 1 --- [io-12031-exec-6] order.controller.OrderController         : [createNewOrder][Create Order][from shanghai to taiyuan at 1970-01-02 18:17:36]
2026-03-18 09:38:10.767  INFO 1 --- [io-12031-exec-6] order.service.OrderServiceImpl           : [create][Create Order][Ready to Create Order]
2026-03-18 09:38:10.778  INFO 1 --- [io-12031-exec-6] order.service.OrderServiceImpl           : [create][Order Create Success][Order Price][OrderId:25231a61-fda7-48da-8766-67a3aa851a03 , Price: 0.0]
2026-03-18 09:38:11.067  INFO 1 --- [io-12031-exec-7] order.controller.OrderController         : [createNewOrder][Create Order][from shanghai to taiyuan at 1970-01-02 18:17:36]
2026-03-18 09:38:11.067  INFO 1 --- [io-12031-exec-7] order.service.OrderServiceImpl           : [create][Create Order][Ready to Create Order]
2026-03-18 09:38:11.081  INFO 1 --- [io-12031-exec-7] order.service.OrderServiceImpl           : [create][Order Create Success][Order Price][OrderId:6b935da8-8927-4957-bfc5-abae0fb7db3d , Price: 0.0]
2026-03-18 09:38:11.370  INFO 1 --- [io-12031-exec-9] order.controller.OrderController         : [createNewOrder][Create Order][from shanghai to taiyuan at 1970-01-02 18:17:36]
2026-03-18 09:38:11.370  INFO 1 --- [io-12031-exec-9] order.service.OrderServiceImpl           : [create][Create Order][Ready to Create Order]
2026-03-18 09:38:11.382  INFO 1 --- [io-12031-exec-9] order.service.OrderServiceImpl           : [create][Order Create Success][Order Price][OrderId:c99d1fb0-2df9-497c-a819-ae84b3dda3a3 , Price: 0.0]
2026-03-18 09:38:11.684  INFO 1 --- [o-12031-exec-10] order.controller.OrderController         : [createNewOrder][Create Order][from shanghai to taiyuan at 1970-01-02 18:17:36]
2026-03-18 09:38:11.685  INFO 1 --- [o-12031-exec-10] order.service.OrderServiceImpl           : [create][Create Order][Ready to Create Order]
2026-03-18 09:38:11.696  INFO 1 --- [o-12031-exec-10] order.service.OrderServiceImpl           : [create][Order Create Success][Order Price][OrderId:b16a9951-234c-401a-8be3-663f9368ba02 , Price: 0.0]
2026-03-18 09:38:12.066  INFO 1 --- [io-12031-exec-1] order.controller.OrderController         : [createNewOrder][Create Order][from shanghai to taiyuan at 1970-01-02 18:17:36]
2026-03-18 09:38:12.066  INFO 1 --- [io-12031-exec-1] order.service.OrderServiceImpl           : [create][Create Order][Ready to Create Order]
2026-03-18 09:38:12.077  INFO 1 --- [io-12031-exec-1] order.service.OrderServiceImpl           : [create][Order Create Success][Order Price][OrderId:07851ba7-363f-4c59-a515-645cbe8c5364 , Price: 0.0]
2026-03-18 09:38:12.392  INFO 1 --- [io-12031-exec-3] order.controller.OrderController         : [createNewOrder][Create Order][from shanghai to taiyuan at 1970-01-02 18:17:36]
2026-03-18 09:38:12.392  INFO 1 --- [io-12031-exec-3] order.service.OrderServiceImpl           : [create][Create Order][Ready to Create Order]
2026-03-18 09:38:12.403  INFO 1 --- [io-12031-exec-3] order.service.OrderServiceImpl           : [create][Order Create Success][Order Price][OrderId:75aafdd1-962e-407e-961f-13c90ea1c970 , Price: 0.0]
2026-03-18 09:38:12.679  INFO 1 --- [io-12031-exec-2] order.controller.OrderController         : [createNewOrder][Create Order][from shanghai to taiyuan at 1970-01-02 18:17:36]
2026-03-18 09:38:12.679  INFO 1 --- [io-12031-exec-2] order.service.OrderServiceImpl           : [create][Create Order][Ready to Create Order]
2026-03-18 09:38:12.690  INFO 1 --- [io-12031-exec-2] order.service.OrderServiceImpl           : [create][Order Create Success][Order Price][OrderId:414736de-d836-4186-9db6-1b82753cc6bb , Price: 0.0]
2026-03-18 09:38:12.976  INFO 1 --- [io-12031-exec-5] order.controller.OrderController         : [createNewOrder][Create Order][from shanghai to taiyuan at 1970-01-02 18:17:36]
2026-03-18 09:38:12.976  INFO 1 --- [io-12031-exec-5] order.service.OrderServiceImpl           : [create][Create Order][Ready to Create Order]
2026-03-18 09:38:12.987  INFO 1 --- [io-12031-exec-5] order.service.OrderServiceImpl           : [create][Order Create Success][Order Price][OrderId:99c09a34-e4a8-4888-bcd5-59298a55f131 , Price: 0.0]
2026-03-18 09:38:13.275  INFO 1 --- [io-12031-exec-4] order.controller.OrderController         : [createNewOrder][Create Order][from shanghai to taiyuan at 1970-01-02 18:17:36]
2026-03-18 09:38:13.276  INFO 1 --- [io-12031-exec-4] order.service.OrderServiceImpl           : [create][Create Order][Ready to Create Order]
2026-03-18 09:38:13.286  INFO 1 --- [io-12031-exec-4] order.service.OrderServiceImpl           : [create][Order Create Success][Order Price][OrderId:be163db4-7688-4f8b-aed2-ac02b467751c , Price: 0.0]
2026-03-18 09:38:13.566  INFO 1 --- [io-12031-exec-6] order.controller.OrderController         : [createNewOrder][Create Order][from shanghai to taiyuan at 1970-01-02 18:17:36]
2026-03-18 09:38:13.566  INFO 1 --- [io-12031-exec-6] order.service.OrderServiceImpl           : [create][Create Order][Ready to Create Order]
2026-03-18 09:38:13.577  INFO 1 --- [io-12031-exec-6] order.service.OrderServiceImpl           : [create][Order Create Success][Order Price][OrderId:697810d2-036f-4188-9921-5d1338ef6831 , Price: 0.0]
2026-03-18 09:38:13.875  INFO 1 --- [io-12031-exec-7] order.controller.OrderController         : [createNewOrder][Create Order][from shanghai to taiyuan at 1970-01-02 18:17:36]
2026-03-18 09:38:13.875  INFO 1 --- [io-12031-exec-7] order.service.OrderServiceImpl           : [create][Create Order][Ready to Create Order]
2026-03-18 09:38:13.888  INFO 1 --- [io-12031-exec-7] order.service.OrderServiceImpl           : [create][Order Create Success][Order Price][OrderId:27ff4362-0123-4c05-8f36-7ea08eadf1c0 , Price: 0.0]
2026-03-18 09:38:14.181  INFO 1 --- [io-12031-exec-8] order.controller.OrderController         : [createNewOrder][Create Order][from shanghai to taiyuan at 1970-01-02 18:17:36]
2026-03-18 09:38:14.181  INFO 1 --- [io-12031-exec-8] order.service.OrderServiceImpl           : [create][Create Order][Ready to Create Order]
2026-03-18 09:38:14.193  INFO 1 --- [io-12031-exec-8] order.service.OrderServiceImpl           : [create][Order Create Success][Order Price][OrderId:1d74c41d-0c81-4ec5-9bd2-aa1078442bbf , Price: 0.0]
2026-03-18 09:38:14.572  INFO 1 --- [io-12031-exec-9] order.controller.OrderController         : [createNewOrder][Create Order][from shanghai to taiyuan at 1970-01-02 18:17:36]
2026-03-18 09:38:14.572  INFO 1 --- [io-12031-exec-9] order.service.OrderServiceImpl           : [create][Create Order][Ready to Create Order]
2026-03-18 09:38:14.582  INFO 1 --- [io-12031-exec-9] order.service.OrderServiceImpl           : [create][Order Create Success][Order Price][OrderId:09cb7a8c-cd53-40c7-bec5-c3c7c8f8c037 , Price: 0.0]
2026-03-18 09:38:14.876  INFO 1 --- [o-12031-exec-10] order.controller.OrderController         : [createNewOrder][Create Order][from shanghai to taiyuan at 1970-01-02 18:17:36]
2026-03-18 09:38:14.876  INFO 1 --- [o-12031-exec-10] order.service.OrderServiceImpl           : [create][Create Order][Ready to Create Order]
2026-03-18 09:38:14.886  INFO 1 --- [o-12031-exec-10] order.service.OrderServiceImpl           : [create][Order Create Success][Order Price][OrderId:730078c0-fffa-4409-bbf3-59cff2e67411 , Price: 0.0]
2026-03-18 09:38:15.221  INFO 1 --- [io-12031-exec-1] order.controller.OrderController         : [createNewOrder][Create Order][from shanghai to taiyuan at 1970-01-02 18:17:36]
2026-03-18 09:38:15.221  INFO 1 --- [io-12031-exec-1] order.service.OrderServiceImpl           : [create][Create Order][Ready to Create Order]
2026-03-18 09:38:15.276  INFO 1 --- [io-12031-exec-1] order.service.OrderServiceImpl           : [create][Order Create Success][Order Price][OrderId:7cf2aa8c-37af-45fa-ba00-61a57cfc7fe1 , Price: 0.0]
2026-03-18 09:38:15.571  INFO 1 --- [io-12031-exec-3] order.controller.OrderController         : [createNewOrder][Create Order][from shanghai to taiyuan at 1970-01-02 18:17:36]
2026-03-18 09:38:15.571  INFO 1 --- [io-12031-exec-3] order.service.OrderServiceImpl           : [create][Create Order][Ready to Create Order]
2026-03-18 09:38:15.581  INFO 1 --- [io-12031-exec-3] order.service.OrderServiceImpl           : [create][Order Create Success][Order Price][OrderId:3efcc0c6-7a9c-4c6b-94ee-a6645d3ef151 , Price: 0.0]
2026-03-18 09:38:15.867  INFO 1 --- [io-12031-exec-2] order.controller.OrderController         : [createNewOrder][Create Order][from shanghai to taiyuan at 1970-01-02 18:17:36]
2026-03-18 09:38:15.867  INFO 1 --- [io-12031-exec-2] order.service.OrderServiceImpl           : [create][Create Order][Ready to Create Order]
2026-03-18 09:38:15.876  INFO 1 --- [io-12031-exec-2] order.service.OrderServiceImpl           : [create][Order Create Success][Order Price][OrderId:5c396eb3-8ee5-4a12-8d9d-64df37d61fda , Price: 0.0]
2026-03-18 09:38:16.189  INFO 1 --- [io-12031-exec-5] order.controller.OrderController         : [createNewOrder][Create Order][from shanghai to taiyuan at 1970-01-02 18:17:36]
2026-03-18 09:38:16.189  INFO 1 --- [io-12031-exec-5] order.service.OrderServiceImpl           : [create][Create Order][Ready to Create Order]
2026-03-18 09:38:16.200  INFO 1 --- [io-12031-exec-5] order.service.OrderServiceImpl           : [create][Order Create Success][Order Price][OrderId:b9fb757c-6124-4167-9e71-5f0426f63d51 , Price: 0.0]
2026-03-18 09:38:16.468  INFO 1 --- [io-12031-exec-4] order.controller.OrderController         : [createNewOrder][Create Order][from shanghai to taiyuan at 1970-01-02 18:17:36]
2026-03-18 09:38:16.468  INFO 1 --- [io-12031-exec-4] order.service.OrderServiceImpl           : [create][Create Order][Ready to Create Order]
2026-03-18 09:38:16.478  INFO 1 --- [io-12031-exec-4] order.service.OrderServiceImpl           : [create][Order Create Success][Order Price][OrderId:8a866549-112e-49ae-97db-b30e3245d3d2 , Price: 0.0]
2026-03-18 09:38:16.770  INFO 1 --- [io-12031-exec-6] order.controller.OrderController         : [createNewOrder][Create Order][from shanghai to taiyuan at 1970-01-02 18:17:36]
2026-03-18 09:38:16.770  INFO 1 --- [io-12031-exec-6] order.service.OrderServiceImpl           : [create][Create Order][Ready to Create Order]
2026-03-18 09:38:16.779  INFO 1 --- [io-12031-exec-6] order.service.OrderServiceImpl           : [create][Order Create Success][Order Price][OrderId:c0f46616-6f89-457b-a89f-c342ae5378e6 , Price: 0.0]
2026-03-18 09:38:17.075  INFO 1 --- [io-12031-exec-7] order.controller.OrderController         : [createNewOrder][Create Order][from shanghai to taiyuan at 1970-01-02 18:17:36]
2026-03-18 09:38:17.075  INFO 1 --- [io-12031-exec-7] order.service.OrderServiceImpl           : [create][Create Order][Ready to Create Order]
2026-03-18 09:38:17.085  INFO 1 --- [io-12031-exec-7] order.service.OrderServiceImpl           : [create][Order Create Success][Order Price][OrderId:e7f91f3c-6351-4c22-9f9a-4f76c8c03d69 , Price: 0.0]
2026-03-18 09:38:17.371  INFO 1 --- [io-12031-exec-8] order.controller.OrderController         : [createNewOrder][Create Order][from shanghai to taiyuan at 1970-01-02 18:17:36]
2026-03-18 09:38:17.371  INFO 1 --- [io-12031-exec-8] order.service.OrderServiceImpl           : [create][Create Order][Ready to Create Order]
2026-03-18 09:38:17.382  INFO 1 --- [io-12031-exec-8] order.service.OrderServiceImpl           : [create][Order Create Success][Order Price][OrderId:234f0ea4-f1c0-40bd-ba65-5f27f0b66b01 , Price: 0.0]
2026-03-18 09:38:17.674  INFO 1 --- [io-12031-exec-9] order.controller.OrderController         : [createNewOrder][Create Order][from shanghai to taiyuan at 1970-01-02 18:17:36]
2026-03-18 09:38:17.674  INFO 1 --- [io-12031-exec-9] order.service.OrderServiceImpl           : [create][Create Order][Ready to Create Order]
2026-03-18 09:38:17.685  INFO 1 --- [io-12031-exec-9] order.service.OrderServiceImpl           : [create][Order Create Success][Order Price][OrderId:61b11a07-2614-4f2d-a8c0-b9fc3a3c3adc , Price: 0.0]
2026-03-18 09:38:17.967  INFO 1 --- [o-12031-exec-10] order.controller.OrderController         : [createNewOrder][Create Order][from shanghai to taiyuan at 1970-01-02 18:17:36]
2026-03-18 09:38:17.967  INFO 1 --- [o-12031-exec-10] order.service.OrderServiceImpl           : [create][Create Order][Ready to Create Order]
2026-03-18 09:38:17.976  INFO 1 --- [o-12031-exec-10] order.service.OrderServiceImpl           : [create][Order Create Success][Order Price][OrderId:95908f77-e311-4027-aecf-3add08b4886e , Price: 0.0]
2026-03-18 09:38:18.271  INFO 1 --- [io-12031-exec-1] order.controller.OrderController         : [createNewOrder][Create Order][from shanghai to taiyuan at 1970-01-02 18:17:36]
2026-03-18 09:38:18.271  INFO 1 --- [io-12031-exec-1] order.service.OrderServiceImpl           : [create][Create Order][Ready to Create Order]
2026-03-18 09:38:18.282  INFO 1 --- [io-12031-exec-1] order.service.OrderServiceImpl           : [create][Order Create Success][Order Price][OrderId:7c931ee3-1079-498e-9647-c12fda263c28 , Price: 0.0]
2026-03-18 09:38:18.579  INFO 1 --- [io-12031-exec-3] order.controller.OrderController         : [createNewOrder][Create Order][from shanghai to taiyuan at 1970-01-02 18:17:36]
2026-03-18 09:38:18.579  INFO 1 --- [io-12031-exec-3] order.service.OrderServiceImpl           : [create][Create Order][Ready to Create Order]
2026-03-18 09:38:18.592  INFO 1 --- [io-12031-exec-3] order.service.OrderServiceImpl           : [create][Order Create Success][Order Price][OrderId:94f425cf-fc20-48b6-95cf-556126e864a1 , Price: 0.0]
2026-03-18 09:38:18.876  INFO 1 --- [io-12031-exec-2] order.controller.OrderController         : [createNewOrder][Create Order][from shanghai to taiyuan at 1970-01-02 18:17:36]
2026-03-18 09:38:18.877  INFO 1 --- [io-12031-exec-2] order.service.OrderServiceImpl           : [create][Create Order][Ready to Create Order]
2026-03-18 09:38:18.889  INFO 1 --- [io-12031-exec-2] order.service.OrderServiceImpl           : [create][Order Create Success][Order Price][OrderId:4cc7052f-8197-4feb-8f10-eea61ec76e6e , Price: 0.0]
2026-03-18 09:38:19.168  INFO 1 --- [io-12031-exec-5] order.controller.OrderController         : [createNewOrder][Create Order][from shanghai to taiyuan at 1970-01-02 18:17:36]
2026-03-18 09:38:19.168  INFO 1 --- [io-12031-exec-5] order.service.OrderServiceImpl           : [create][Create Order][Ready to Create Order]
2026-03-18 09:38:19.178  INFO 1 --- [io-12031-exec-5] order.service.OrderServiceImpl           : [create][Order Create Success][Order Price][OrderId:e73ee7b3-a06e-43d0-b498-045b436d6647 , Price: 0.0]
2026-03-18 09:38:19.472  INFO 1 --- [io-12031-exec-4] order.controller.OrderController         : [createNewOrder][Create Order][from shanghai to taiyuan at 1970-01-02 18:17:36]
2026-03-18 09:38:19.472  INFO 1 --- [io-12031-exec-4] order.service.OrderServiceImpl           : [create][Create Order][Ready to Create Order]
2026-03-18 09:38:19.484  INFO 1 --- [io-12031-exec-4] order.service.OrderServiceImpl           : [create][Order Create Success][Order Price][OrderId:f8e79062-eaac-4520-8079-6c3bf3290f2e , Price: 0.0]
2026-03-18 09:38:19.772  INFO 1 --- [io-12031-exec-6] order.controller.OrderController         : [createNewOrder][Create Order][from shanghai to taiyuan at 1970-01-02 18:17:36]
2026-03-18 09:38:19.772  INFO 1 --- [io-12031-exec-6] order.service.OrderServiceImpl           : [create][Create Order][Ready to Create Order]
2026-03-18 09:38:19.782  INFO 1 --- [io-12031-exec-6] order.service.OrderServiceImpl           : [create][Order Create Success][Order Price][OrderId:c03fe3f1-2d5a-4833-8c01-2cc133d6e326 , Price: 0.0]
2026-03-18 09:38:20.074  INFO 1 --- [io-12031-exec-7] order.controller.OrderController         : [createNewOrder][Create Order][from shanghai to taiyuan at 1970-01-02 18:17:36]
2026-03-18 09:38:20.074  INFO 1 --- [io-12031-exec-7] order.service.OrderServiceImpl           : [create][Create Order][Ready to Create Order]
2026-03-18 09:38:20.169  INFO 1 --- [io-12031-exec-7] order.service.OrderServiceImpl           : [create][Order Create Success][Order Price][OrderId:02328d4a-6c46-49c6-853b-5dffd9076177 , Price: 0.0]
2026-03-18 09:38:20.477  INFO 1 --- [io-12031-exec-8] order.controller.OrderController         : [createNewOrder][Create Order][from shanghai to taiyuan at 1970-01-02 18:17:36]
2026-03-18 09:38:20.477  INFO 1 --- [io-12031-exec-8] order.service.OrderServiceImpl           : [create][Create Order][Ready to Create Order]
2026-03-18 09:38:20.492  INFO 1 --- [io-12031-exec-8] order.service.OrderServiceImpl           : [create][Order Create Success][Order Price][OrderId:db42cb1b-6479-46f0-96f8-8fdf9f271a62 , Price: 0.0]
2026-03-18 09:38:20.854  INFO 1 --- [io-12031-exec-9] order.controller.OrderController         : [createNewOrder][Create Order][from shanghai to taiyuan at 1970-01-02 18:17:36]
2026-03-18 09:38:20.854  INFO 1 --- [io-12031-exec-9] order.service.OrderServiceImpl           : [create][Create Order][Ready to Create Order]
2026-03-18 09:38:20.865  INFO 1 --- [io-12031-exec-9] order.service.OrderServiceImpl           : [create][Order Create Success][Order Price][OrderId:85d3e796-01fb-439b-ae6c-60f3fc7706ca , Price: 0.0]
2026-03-18 09:38:21.163  INFO 1 --- [o-12031-exec-10] order.controller.OrderController         : [createNewOrder][Create Order][from shanghai to taiyuan at 1970-01-02 18:17:36]
2026-03-18 09:38:21.163  INFO 1 --- [o-12031-exec-10] order.service.OrderServiceImpl           : [create][Create Order][Ready to Create Order]
2026-03-18 09:38:21.173  INFO 1 --- [o-12031-exec-10] order.service.OrderServiceImpl           : [create][Order Create Success][Order Price][OrderId:7071397b-03d9-4ad0-99bb-68e7dff8730d , Price: 0.0]
2026-03-18 09:38:21.483  INFO 1 --- [io-12031-exec-3] order.controller.OrderController         : [createNewOrder][Create Order][from shanghai to taiyuan at 1970-01-02 18:17:36]
2026-03-18 09:38:21.483  INFO 1 --- [io-12031-exec-3] order.service.OrderServiceImpl           : [create][Create Order][Ready to Create Order]
2026-03-18 09:38:21.493  INFO 1 --- [io-12031-exec-3] order.service.OrderServiceImpl           : [create][Order Create Success][Order Price][OrderId:e8ffea26-4fa7-460c-9191-de4953b7904e , Price: 0.0]
2026-03-18 09:38:21.878  INFO 1 --- [io-12031-exec-2] order.controller.OrderController         : [createNewOrder][Create Order][from shanghai to taiyuan at 1970-01-02 18:17:36]
2026-03-18 09:38:21.878  INFO 1 --- [io-12031-exec-2] order.service.OrderServiceImpl           : [create][Create Order][Ready to Create Order]
2026-03-18 09:38:21.890  INFO 1 --- [io-12031-exec-2] order.service.OrderServiceImpl           : [create][Order Create Success][Order Price][OrderId:9aaa9bae-e409-4796-9802-caabdc53ba73 , Price: 0.0]
2026-03-18 09:38:22.177  INFO 1 --- [io-12031-exec-5] order.controller.OrderController         : [createNewOrder][Create Order][from shanghai to taiyuan at 1970-01-02 18:17:36]
2026-03-18 09:38:22.177  INFO 1 --- [io-12031-exec-5] order.service.OrderServiceImpl           : [create][Create Order][Ready to Create Order]
2026-03-18 09:38:22.280  INFO 1 --- [io-12031-exec-5] order.service.OrderServiceImpl           : [create][Order Create Success][Order Price][OrderId:d7caf8ee-b442-4237-9f8e-435d4ad96ab2 , Price: 0.0]
2026-03-18 09:38:22.572  INFO 1 --- [io-12031-exec-4] order.controller.OrderController         : [createNewOrder][Create Order][from shanghai to taiyuan at 1970-01-02 18:17:36]
2026-03-18 09:38:22.573  INFO 1 --- [io-12031-exec-4] order.service.OrderServiceImpl           : [create][Create Order][Ready to Create Order]
2026-03-18 09:38:22.584  INFO 1 --- [io-12031-exec-4] order.service.OrderServiceImpl           : [create][Order Create Success][Order Price][OrderId:006eee96-e0bf-4926-a5e9-e072bc47d376 , Price: 0.0]
2026-03-18 09:38:22.877  INFO 1 --- [io-12031-exec-6] order.controller.OrderController         : [createNewOrder][Create Order][from shanghai to taiyuan at 1970-01-02 18:17:36]
2026-03-18 09:38:22.877  INFO 1 --- [io-12031-exec-6] order.service.OrderServiceImpl           : [create][Create Order][Ready to Create Order]
2026-03-18 09:38:22.890  INFO 1 --- [io-12031-exec-6] order.service.OrderServiceImpl           : [create][Order Create Success][Order Price][OrderId:39c2baee-36c0-4ae6-a60f-a38925ced6fe , Price: 0.0]
2026-03-18 09:38:23.179  INFO 1 --- [io-12031-exec-7] order.controller.OrderController         : [createNewOrder][Create Order][from shanghai to taiyuan at 1970-01-02 18:17:36]
2026-03-18 09:38:23.179  INFO 1 --- [io-12031-exec-7] order.service.OrderServiceImpl           : [create][Create Order][Ready to Create Order]
2026-03-18 09:38:23.191  INFO 1 --- [io-12031-exec-7] order.service.OrderServiceImpl           : [create][Order Create Success][Order Price][OrderId:c7c87a2d-20cb-4ccb-bec5-67921de7703a , Price: 0.0]
2026-03-18 09:38:23.470  INFO 1 --- [io-12031-exec-8] order.controller.OrderController         : [createNewOrder][Create Order][from shanghai to taiyuan at 1970-01-02 18:17:36]
2026-03-18 09:38:23.470  INFO 1 --- [io-12031-exec-8] order.service.OrderServiceImpl           : [create][Create Order][Ready to Create Order]
2026-03-18 09:38:23.481  INFO 1 --- [io-12031-exec-8] order.service.OrderServiceImpl           : [create][Order Create Success][Order Price][OrderId:3d0ca116-7171-4164-ba1d-ed0396ecd979 , Price: 0.0]
2026-03-18 09:38:23.771  INFO 1 --- [io-12031-exec-9] order.controller.OrderController         : [createNewOrder][Create Order][from shanghai to taiyuan at 1970-01-02 18:17:36]
2026-03-18 09:38:23.772  INFO 1 --- [io-12031-exec-9] order.service.OrderServiceImpl           : [create][Create Order][Ready to Create Order]
2026-03-18 09:38:23.781  INFO 1 --- [io-12031-exec-9] order.service.OrderServiceImpl           : [create][Order Create Success][Order Price][OrderId:bcdb983b-1dd7-4983-a4b6-e4a9ca18022a , Price: 0.0]
2026-03-18 09:38:24.075  INFO 1 --- [o-12031-exec-10] order.controller.OrderController         : [createNewOrder][Create Order][from shanghai to taiyuan at 1970-01-02 18:17:36]
2026-03-18 09:38:24.075  INFO 1 --- [o-12031-exec-10] order.service.OrderServiceImpl           : [create][Create Order][Ready to Create Order]
2026-03-18 09:38:24.086  INFO 1 --- [o-12031-exec-10] order.service.OrderServiceImpl           : [create][Order Create Success][Order Price][OrderId:043e35ad-26ef-4074-a83f-441111ca1c43 , Price: 0.0]
2026-03-18 09:38:24.389  INFO 1 --- [io-12031-exec-1] order.controller.OrderController         : [createNewOrder][Create Order][from shanghai to taiyuan at 1970-01-02 18:17:36]
2026-03-18 09:38:24.389  INFO 1 --- [io-12031-exec-1] order.service.OrderServiceImpl           : [create][Create Order][Ready to Create Order]
2026-03-18 09:38:24.400  INFO 1 --- [io-12031-exec-1] order.service.OrderServiceImpl           : [create][Order Create Success][Order Price][OrderId:8e670b53-3c6f-4ec8-be30-443fee77b627 , Price: 0.0]
2026-03-18 09:38:24.672  INFO 1 --- [io-12031-exec-3] order.controller.OrderController         : [createNewOrder][Create Order][from shanghai to taiyuan at 1970-01-02 18:17:36]
2026-03-18 09:38:24.672  INFO 1 --- [io-12031-exec-3] order.service.OrderServiceImpl           : [create][Create Order][Ready to Create Order]
2026-03-18 09:38:24.681  INFO 1 --- [io-12031-exec-3] order.service.OrderServiceImpl           : [create][Order Create Success][Order Price][OrderId:97d55dc2-7e15-4278-b3b0-7ed6eae832d2 , Price: 0.0]
2026-03-18 09:38:24.974  INFO 1 --- [io-12031-exec-2] order.controller.OrderController         : [createNewOrder][Create Order][from shanghai to taiyuan at 1970-01-02 18:17:36]
2026-03-18 09:38:24.974  INFO 1 --- [io-12031-exec-2] order.service.OrderServiceImpl           : [create][Create Order][Ready to Create Order]
2026-03-18 09:38:24.988  INFO 1 --- [io-12031-exec-2] order.service.OrderServiceImpl           : [create][Order Create Success][Order Price][OrderId:2baad626-d377-420b-b165-c28231b49629 , Price: 0.0]
2026-03-18 09:38:25.277  INFO 1 --- [io-12031-exec-5] order.controller.OrderController         : [createNewOrder][Create Order][from shanghai to taiyuan at 1970-01-02 18:17:36]
2026-03-18 09:38:25.278  INFO 1 --- [io-12031-exec-5] order.service.OrderServiceImpl           : [create][Create Order][Ready to Create Order]
2026-03-18 09:38:25.289  INFO 1 --- [io-12031-exec-5] order.service.OrderServiceImpl           : [create][Order Create Success][Order Price][OrderId:53536ea5-7779-4ccc-952a-4429d9c0af51 , Price: 0.0]
2026-03-18 09:38:25.575  INFO 1 --- [io-12031-exec-4] order.controller.OrderController         : [createNewOrder][Create Order][from shanghai to taiyuan at 1970-01-02 18:17:36]
2026-03-18 09:38:25.575  INFO 1 --- [io-12031-exec-4] order.service.OrderServiceImpl           : [create][Create Order][Ready to Create Order]
2026-03-18 09:38:25.587  INFO 1 --- [io-12031-exec-4] order.service.OrderServiceImpl           : [create][Order Create Success][Order Price][OrderId:84a0b991-6d85-49ef-af8f-86525795b2b9 , Price: 0.0]
2026-03-18 09:38:25.867  INFO 1 --- [io-12031-exec-6] order.controller.OrderController         : [createNewOrder][Create Order][from shanghai to taiyuan at 1970-01-02 18:17:36]
2026-03-18 09:38:25.867  INFO 1 --- [io-12031-exec-6] order.service.OrderServiceImpl           : [create][Create Order][Ready to Create Order]
2026-03-18 09:38:25.877  INFO 1 --- [io-12031-exec-6] order.service.OrderServiceImpl           : [create][Order Create Success][Order Price][OrderId:0892277e-20b6-4175-af13-d052d8f9be16 , Price: 0.0]
2026-03-18 09:38:26.174  INFO 1 --- [io-12031-exec-7] order.controller.OrderController         : [createNewOrder][Create Order][from shanghai to taiyuan at 1970-01-02 18:17:36]
2026-03-18 09:38:26.174  INFO 1 --- [io-12031-exec-7] order.service.OrderServiceImpl           : [create][Create Order][Ready to Create Order]
2026-03-18 09:38:26.185  INFO 1 --- [io-12031-exec-7] order.service.OrderServiceImpl           : [create][Order Create Success][Order Price][OrderId:a5c6675e-f2ca-4178-b206-aa6aadc0447a , Price: 0.0]
2026-03-18 09:38:26.473  INFO 1 --- [io-12031-exec-8] order.controller.OrderController         : [createNewOrder][Create Order][from shanghai to taiyuan at 1970-01-02 18:17:36]
2026-03-18 09:38:26.473  INFO 1 --- [io-12031-exec-8] order.service.OrderServiceImpl           : [create][Create Order][Ready to Create Order]
2026-03-18 09:38:26.485  INFO 1 --- [io-12031-exec-8] order.service.OrderServiceImpl           : [create][Order Create Success][Order Price][OrderId:d9baf9a3-4d3b-4648-ba90-86cadf6f05e6 , Price: 0.0]
2026-03-18 09:38:26.769  INFO 1 --- [io-12031-exec-9] order.controller.OrderController         : [createNewOrder][Create Order][from shanghai to taiyuan at 1970-01-02 18:17:36]
2026-03-18 09:38:26.769  INFO 1 --- [io-12031-exec-9] order.service.OrderServiceImpl           : [create][Create Order][Ready to Create Order]
2026-03-18 09:38:26.778  INFO 1 --- [io-12031-exec-9] order.service.OrderServiceImpl           : [create][Order Create Success][Order Price][OrderId:d42d622c-55cd-46dd-bec0-b029ffd28445 , Price: 0.0]
2026-03-18 09:38:27.067  INFO 1 --- [o-12031-exec-10] order.controller.OrderController         : [createNewOrder][Create Order][from shanghai to taiyuan at 1970-01-02 18:17:36]
2026-03-18 09:38:27.067  INFO 1 --- [o-12031-exec-10] order.service.OrderServiceImpl           : [create][Create Order][Ready to Create Order]
2026-03-18 09:38:27.078  INFO 1 --- [o-12031-exec-10] order.service.OrderServiceImpl           : [create][Order Create Success][Order Price][OrderId:4d6d2652-3040-404d-9f26-314951dd6283 , Price: 0.0]
2026-03-18 09:38:27.445  INFO 1 --- [io-12031-exec-1] order.controller.OrderController         : [createNewOrder][Create Order][from shanghai to taiyuan at 1970-01-02 18:17:36]
2026-03-18 09:38:27.445  INFO 1 --- [io-12031-exec-1] order.service.OrderServiceImpl           : [create][Create Order][Ready to Create Order]
2026-03-18 09:38:27.455  INFO 1 --- [io-12031-exec-1] order.service.OrderServiceImpl           : [create][Order Create Success][Order Price][OrderId:26750881-7618-4e1e-a30e-24b353357910 , Price: 0.0]
2026-03-18 09:38:27.754  INFO 1 --- [io-12031-exec-3] order.controller.OrderController         : [createNewOrder][Create Order][from shanghai to taiyuan at 1970-01-02 18:17:36]
2026-03-18 09:38:27.754  INFO 1 --- [io-12031-exec-3] order.service.OrderServiceImpl           : [create][Create Order][Ready to Create Order]
2026-03-18 09:38:27.766  INFO 1 --- [io-12031-exec-3] order.service.OrderServiceImpl           : [create][Order Create Success][Order Price][OrderId:5a953912-780d-494e-8815-4ff4c697efb1 , Price: 0.0]
2026-03-18 09:38:28.151  INFO 1 --- [io-12031-exec-2] order.controller.OrderController         : [createNewOrder][Create Order][from shanghai to taiyuan at 1970-01-02 18:17:36]
2026-03-18 09:38:28.151  INFO 1 --- [io-12031-exec-2] order.service.OrderServiceImpl           : [create][Create Order][Ready to Create Order]
2026-03-18 09:38:28.166  INFO 1 --- [io-12031-exec-2] order.service.OrderServiceImpl           : [create][Order Create Success][Order Price][OrderId:2265c970-c303-4c08-9fc9-28b3410448b8 , Price: 0.0]
2026-03-18 09:38:28.476  INFO 1 --- [io-12031-exec-5] order.controller.OrderController         : [createNewOrder][Create Order][from shanghai to taiyuan at 1970-01-02 18:17:36]
2026-03-18 09:38:28.477  INFO 1 --- [io-12031-exec-5] order.service.OrderServiceImpl           : [create][Create Order][Ready to Create Order]
2026-03-18 09:38:28.490  INFO 1 --- [io-12031-exec-5] order.service.OrderServiceImpl           : [create][Order Create Success][Order Price][OrderId:c021e70c-77be-42c0-85d3-8555d905a072 , Price: 0.0]
2026-03-18 09:38:28.768  INFO 1 --- [io-12031-exec-4] order.controller.OrderController         : [createNewOrder][Create Order][from shanghai to taiyuan at 1970-01-02 18:17:36]
2026-03-18 09:38:28.769  INFO 1 --- [io-12031-exec-4] order.service.OrderServiceImpl           : [create][Create Order][Ready to Create Order]
2026-03-18 09:38:28.779  INFO 1 --- [io-12031-exec-4] order.service.OrderServiceImpl           : [create][Order Create Success][Order Price][OrderId:383c1f41-4f46-4d20-83ac-7974b9ec416c , Price: 0.0]
2026-03-18 09:38:29.071  INFO 1 --- [io-12031-exec-6] order.controller.OrderController         : [createNewOrder][Create Order][from shanghai to taiyuan at 1970-01-02 18:17:36]
2026-03-18 09:38:29.071  INFO 1 --- [io-12031-exec-6] order.service.OrderServiceImpl           : [create][Create Order][Ready to Create Order]
2026-03-18 09:38:29.081  INFO 1 --- [io-12031-exec-6] order.service.OrderServiceImpl           : [create][Order Create Success][Order Price][OrderId:2b644ced-c39d-45d7-ad51-5de47cf57d0d , Price: 0.0]
2026-03-18 09:38:29.372  INFO 1 --- [io-12031-exec-7] order.controller.OrderController         : [createNewOrder][Create Order][from shanghai to taiyuan at 1970-01-02 18:17:36]
2026-03-18 09:38:29.372  INFO 1 --- [io-12031-exec-7] order.service.OrderServiceImpl           : [create][Create Order][Ready to Create Order]
2026-03-18 09:38:29.384  INFO 1 --- [io-12031-exec-7] order.service.OrderServiceImpl           : [create][Order Create Success][Order Price][OrderId:3f0def45-fd6a-4a44-8dfe-0fa924388a86 , Price: 0.0]
2026-03-18 09:38:29.672  INFO 1 --- [io-12031-exec-8] order.controller.OrderController         : [createNewOrder][Create Order][from shanghai to taiyuan at 1970-01-02 18:17:36]
2026-03-18 09:38:29.672  INFO 1 --- [io-12031-exec-8] order.service.OrderServiceImpl           : [create][Create Order][Ready to Create Order]
2026-03-18 09:38:29.683  INFO 1 --- [io-12031-exec-8] order.service.OrderServiceImpl           : [create][Order Create Success][Order Price][OrderId:58062b20-55f5-41ff-8a15-dea60c668ced , Price: 0.0]
2026-03-18 09:38:29.971  INFO 1 --- [io-12031-exec-9] order.controller.OrderController         : [createNewOrder][Create Order][from shanghai to taiyuan at 1970-01-02 18:17:36]
2026-03-18 09:38:29.971  INFO 1 --- [io-12031-exec-9] order.service.OrderServiceImpl           : [create][Create Order][Ready to Create Order]
2026-03-18 09:38:29.984  INFO 1 --- [io-12031-exec-9] order.service.OrderServiceImpl           : [create][Order Create Success][Order Price][OrderId:cac3c9a0-4bf2-42a3-98b5-3fa1d07e9ac7 , Price: 0.0]
2026-03-18 09:38:30.275  INFO 1 --- [o-12031-exec-10] order.controller.OrderController         : [createNewOrder][Create Order][from shanghai to taiyuan at 1970-01-02 18:17:36]
2026-03-18 09:38:30.275  INFO 1 --- [o-12031-exec-10] order.service.OrderServiceImpl           : [create][Create Order][Ready to Create Order]
2026-03-18 09:38:30.285  INFO 1 --- [o-12031-exec-10] order.service.OrderServiceImpl           : [create][Order Create Success][Order Price][OrderId:2e8afec9-a56d-48e7-a128-48c26ecf58ad , Price: 0.0]
2026-03-18 09:38:30.581  INFO 1 --- [io-12031-exec-1] order.controller.OrderController         : [createNewOrder][Create Order][from shanghai to taiyuan at 1970-01-02 18:17:36]
2026-03-18 09:38:30.581  INFO 1 --- [io-12031-exec-1] order.service.OrderServiceImpl           : [create][Create Order][Ready to Create Order]
2026-03-18 09:38:30.591  INFO 1 --- [io-12031-exec-1] order.service.OrderServiceImpl           : [create][Order Create Success][Order Price][OrderId:b8f2ec26-3580-4cc6-a551-7f5cde6fa170 , Price: 0.0]
2026-03-18 09:38:30.873  INFO 1 --- [io-12031-exec-3] order.controller.OrderController         : [createNewOrder][Create Order][from shanghai to taiyuan at 1970-01-02 18:17:36]
2026-03-18 09:38:30.873  INFO 1 --- [io-12031-exec-3] order.service.OrderServiceImpl           : [create][Create Order][Ready to Create Order]
2026-03-18 09:38:30.882  INFO 1 --- [io-12031-exec-3] order.service.OrderServiceImpl           : [create][Order Create Success][Order Price][OrderId:cf7c2527-003b-4ca3-a422-8eaef54b48c6 , Price: 0.0]
2026-03-18 09:38:31.168  INFO 1 --- [io-12031-exec-2] order.controller.OrderController         : [createNewOrder][Create Order][from shanghai to taiyuan at 1970-01-02 18:17:36]
2026-03-18 09:38:31.169  INFO 1 --- [io-12031-exec-2] order.service.OrderServiceImpl           : [create][Create Order][Ready to Create Order]
2026-03-18 09:38:31.179  INFO 1 --- [io-12031-exec-2] order.service.OrderServiceImpl           : [create][Order Create Success][Order Price][OrderId:816ab54e-829a-4ceb-b2f7-7696de6e466a , Price: 0.0]
2026-03-18 09:38:31.469  INFO 1 --- [io-12031-exec-4] order.controller.OrderController         : [createNewOrder][Create Order][from shanghai to taiyuan at 1970-01-02 18:17:36]
2026-03-18 09:38:31.469  INFO 1 --- [io-12031-exec-4] order.service.OrderServiceImpl           : [create][Create Order][Ready to Create Order]
2026-03-18 09:38:31.479  INFO 1 --- [io-12031-exec-4] order.service.OrderServiceImpl           : [create][Order Create Success][Order Price][OrderId:3dcc6c26-4710-420b-83ef-503a8569b75f , Price: 0.0]
2026-03-18 09:38:31.776  INFO 1 --- [io-12031-exec-6] order.controller.OrderController         : [createNewOrder][Create Order][from shanghai to taiyuan at 1970-01-02 18:17:36]
2026-03-18 09:38:31.776  INFO 1 --- [io-12031-exec-6] order.service.OrderServiceImpl           : [create][Create Order][Ready to Create Order]
2026-03-18 09:38:31.787  INFO 1 --- [io-12031-exec-6] order.service.OrderServiceImpl           : [create][Order Create Success][Order Price][OrderId:bcf1f252-d76d-4267-86bf-256eab36fa07 , Price: 0.0]
2026-03-18 09:38:32.072  INFO 1 --- [io-12031-exec-7] order.controller.OrderController         : [createNewOrder][Create Order][from shanghai to taiyuan at 1970-01-02 18:17:36]
2026-03-18 09:38:32.072  INFO 1 --- [io-12031-exec-7] order.service.OrderServiceImpl           : [create][Create Order][Ready to Create Order]
2026-03-18 09:38:32.083  INFO 1 --- [io-12031-exec-7] order.service.OrderServiceImpl           : [create][Order Create Success][Order Price][OrderId:6c536d3f-fba2-4721-b08b-4039f26852de , Price: 0.0]
2026-03-18 09:38:32.370  INFO 1 --- [io-12031-exec-8] order.controller.OrderController         : [createNewOrder][Create Order][from shanghai to taiyuan at 1970-01-02 18:17:36]
2026-03-18 09:38:32.371  INFO 1 --- [io-12031-exec-8] order.service.OrderServiceImpl           : [create][Create Order][Ready to Create Order]
2026-03-18 09:38:32.382  INFO 1 --- [io-12031-exec-8] order.service.OrderServiceImpl           : [create][Order Create Success][Order Price][OrderId:c30d63a1-f98a-4eb7-83bf-06d7d8bc065a , Price: 0.0]
2026-03-18 09:38:32.663  INFO 1 --- [io-12031-exec-9] order.controller.OrderController         : [createNewOrder][Create Order][from shanghai to taiyuan at 1970-01-02 18:17:36]
2026-03-18 09:38:32.663  INFO 1 --- [io-12031-exec-9] order.service.OrderServiceImpl           : [create][Create Order][Ready to Create Order]
2026-03-18 09:38:32.672  INFO 1 --- [io-12031-exec-9] order.service.OrderServiceImpl           : [create][Order Create Success][Order Price][OrderId:5e229488-cd45-4b34-868e-09ff0359d916 , Price: 0.0]
2026-03-18 09:38:32.974  INFO 1 --- [o-12031-exec-10] order.controller.OrderController         : [createNewOrder][Create Order][from shanghai to taiyuan at 1970-01-02 18:17:36]
2026-03-18 09:38:32.975  INFO 1 --- [o-12031-exec-10] order.service.OrderServiceImpl           : [create][Create Order][Ready to Create Order]
2026-03-18 09:38:32.987  INFO 1 --- [o-12031-exec-10] order.service.OrderServiceImpl           : [create][Order Create Success][Order Price][OrderId:90f28c70-ec59-4730-9e19-b0b56de89e0c , Price: 0.0]
2026-03-18 09:38:33.279  INFO 1 --- [io-12031-exec-1] order.controller.OrderController         : [createNewOrder][Create Order][from shanghai to taiyuan at 1970-01-02 18:17:36]
2026-03-18 09:38:33.279  INFO 1 --- [io-12031-exec-1] order.service.OrderServiceImpl           : [create][Create Order][Ready to Create Order]
2026-03-18 09:38:33.290  INFO 1 --- [io-12031-exec-1] order.service.OrderServiceImpl           : [create][Order Create Success][Order Price][OrderId:9dd1fa75-7c02-481c-8152-e1801b15fe1f , Price: 0.0]
2026-03-18 09:38:33.568  INFO 1 --- [io-12031-exec-3] order.controller.OrderController         : [createNewOrder][Create Order][from shanghai to taiyuan at 1970-01-02 18:17:36]
2026-03-18 09:38:33.568  INFO 1 --- [io-12031-exec-3] order.service.OrderServiceImpl           : [create][Create Order][Ready to Create Order]
2026-03-18 09:38:33.579  INFO 1 --- [io-12031-exec-3] order.service.OrderServiceImpl           : [create][Order Create Success][Order Price][OrderId:a136e70f-793a-4569-a4cb-1a0fe143f364 , Price: 0.0]
2026-03-18 09:38:33.865  INFO 1 --- [io-12031-exec-2] order.controller.OrderController         : [createNewOrder][Create Order][from shanghai to taiyuan at 1970-01-02 18:17:36]
2026-03-18 09:38:33.865  INFO 1 --- [io-12031-exec-2] order.service.OrderServiceImpl           : [create][Create Order][Ready to Create Order]
2026-03-18 09:38:33.967  INFO 1 --- [io-12031-exec-2] order.service.OrderServiceImpl           : [create][Order Create Success][Order Price][OrderId:73224c94-c7f3-4824-8d59-de3d96b10762 , Price: 0.0]
2026-03-18 09:38:34.268  INFO 1 --- [io-12031-exec-5] order.controller.OrderController         : [createNewOrder][Create Order][from shanghai to taiyuan at 1970-01-02 18:17:36]
2026-03-18 09:38:34.268  INFO 1 --- [io-12031-exec-5] order.service.OrderServiceImpl           : [create][Create Order][Ready to Create Order]
2026-03-18 09:38:34.278  INFO 1 --- [io-12031-exec-5] order.service.OrderServiceImpl           : [create][Order Create Success][Order Price][OrderId:60b1e02f-cb7b-480a-b78a-fc36dbd84b5e , Price: 0.0]
2026-03-18 09:38:34.571  INFO 1 --- [io-12031-exec-4] order.controller.OrderController         : [createNewOrder][Create Order][from shanghai to taiyuan at 1970-01-02 18:17:36]
2026-03-18 09:38:34.571  INFO 1 --- [io-12031-exec-4] order.service.OrderServiceImpl           : [create][Create Order][Ready to Create Order]
2026-03-18 09:38:34.581  INFO 1 --- [io-12031-exec-4] order.service.OrderServiceImpl           : [create][Order Create Success][Order Price][OrderId:9dcaa8da-8908-4689-82eb-b6db727770aa , Price: 0.0]
2026-03-18 09:38:34.873  INFO 1 --- [io-12031-exec-6] order.controller.OrderController         : [createNewOrder][Create Order][from shanghai to taiyuan at 1970-01-02 18:17:36]
2026-03-18 09:38:34.873  INFO 1 --- [io-12031-exec-6] order.service.OrderServiceImpl           : [create][Create Order][Ready to Create Order]
2026-03-18 09:38:34.885  INFO 1 --- [io-12031-exec-6] order.service.OrderServiceImpl           : [create][Order Create Success][Order Price][OrderId:ca3d3153-8c78-444a-9d08-21d3aaecaba9 , Price: 0.0]
2026-03-18 09:38:35.176  INFO 1 --- [io-12031-exec-7] order.controller.OrderController         : [createNewOrder][Create Order][from shanghai to taiyuan at 1970-01-02 18:17:36]
2026-03-18 09:38:35.176  INFO 1 --- [io-12031-exec-7] order.service.OrderServiceImpl           : [create][Create Order][Ready to Create Order]
2026-03-18 09:38:35.187  INFO 1 --- [io-12031-exec-7] order.service.OrderServiceImpl           : [create][Order Create Success][Order Price][OrderId:3c7f28ed-152c-4f4f-87f7-7e54ded9af5d , Price: 0.0]
2026-03-18 09:38:35.472  INFO 1 --- [io-12031-exec-8] order.controller.OrderController         : [createNewOrder][Create Order][from shanghai to taiyuan at 1970-01-02 18:17:36]
2026-03-18 09:38:35.472  INFO 1 --- [io-12031-exec-8] order.service.OrderServiceImpl           : [create][Create Order][Ready to Create Order]
2026-03-18 09:38:35.481  INFO 1 --- [io-12031-exec-8] order.service.OrderServiceImpl           : [create][Order Create Success][Order Price][OrderId:1c0ec1cf-19d7-43de-b741-4d5319a86652 , Price: 0.0]
2026-03-18 09:38:35.774  INFO 1 --- [io-12031-exec-9] order.controller.OrderController         : [createNewOrder][Create Order][from shanghai to taiyuan at 1970-01-02 18:17:36]
2026-03-18 09:38:35.774  INFO 1 --- [io-12031-exec-9] order.service.OrderServiceImpl           : [create][Create Order][Ready to Create Order]
2026-03-18 09:38:35.786  INFO 1 --- [io-12031-exec-9] order.service.OrderServiceImpl           : [create][Order Create Success][Order Price][OrderId:375d81ea-5f6a-4c15-a007-76174ff7cc17 , Price: 0.0]
2026-03-18 09:38:36.086  INFO 1 --- [o-12031-exec-10] order.controller.OrderController         : [createNewOrder][Create Order][from shanghai to taiyuan at 1970-01-02 18:17:36]
2026-03-18 09:38:36.086  INFO 1 --- [o-12031-exec-10] order.service.OrderServiceImpl           : [create][Create Order][Ready to Create Order]
2026-03-18 09:38:36.097  INFO 1 --- [o-12031-exec-10] order.service.OrderServiceImpl           : [create][Order Create Success][Order Price][OrderId:6f63adf7-ea58-4a5b-b2f5-6442d890b048 , Price: 0.0]
2026-03-18 09:38:36.371  INFO 1 --- [io-12031-exec-1] order.controller.OrderController         : [createNewOrder][Create Order][from shanghai to taiyuan at 1970-01-02 18:17:36]
2026-03-18 09:38:36.371  INFO 1 --- [io-12031-exec-1] order.service.OrderServiceImpl           : [create][Create Order][Ready to Create Order]
2026-03-18 09:38:36.381  INFO 1 --- [io-12031-exec-1] order.service.OrderServiceImpl           : [create][Order Create Success][Order Price][OrderId:2a894dbe-b056-4ab5-9c69-3ecf9254cfdd , Price: 0.0]
2026-03-18 09:38:36.676  INFO 1 --- [io-12031-exec-3] order.controller.OrderController         : [createNewOrder][Create Order][from shanghai to taiyuan at 1970-01-02 18:17:36]
2026-03-18 09:38:36.677  INFO 1 --- [io-12031-exec-3] order.service.OrderServiceImpl           : [create][Create Order][Ready to Create Order]
2026-03-18 09:38:36.689  INFO 1 --- [io-12031-exec-3] order.service.OrderServiceImpl           : [create][Order Create Success][Order Price][OrderId:2a8d45ce-35cd-423c-ab38-827debd5357d , Price: 0.0]
2026-03-18 09:38:37.121  INFO 1 --- [io-12031-exec-2] order.controller.OrderController         : [createNewOrder][Create Order][from shanghai to taiyuan at 1970-01-02 18:17:36]
2026-03-18 09:38:37.121  INFO 1 --- [io-12031-exec-2] order.service.OrderServiceImpl           : [create][Create Order][Ready to Create Order]
2026-03-18 09:38:37.135  INFO 1 --- [io-12031-exec-2] order.service.OrderServiceImpl           : [create][Order Create Success][Order Price][OrderId:9db6f7b6-3005-43c2-bad5-5f5cfe1c91f1 , Price: 0.0]
2026-03-18 09:38:37.440  INFO 1 --- [io-12031-exec-5] order.controller.OrderController         : [createNewOrder][Create Order][from shanghai to taiyuan at 1970-01-02 18:17:36]
2026-03-18 09:38:37.440  INFO 1 --- [io-12031-exec-5] order.service.OrderServiceImpl           : [create][Create Order][Ready to Create Order]
2026-03-18 09:38:37.450  INFO 1 --- [io-12031-exec-5] order.service.OrderServiceImpl           : [create][Order Create Success][Order Price][OrderId:696305aa-f447-49fb-9c74-949de648b992 , Price: 0.0]
2026-03-18 09:38:37.746  INFO 1 --- [io-12031-exec-4] order.controller.OrderController         : [createNewOrder][Create Order][from shanghai to taiyuan at 1970-01-02 18:17:36]
2026-03-18 09:38:37.746  INFO 1 --- [io-12031-exec-4] order.service.OrderServiceImpl           : [create][Create Order][Ready to Create Order]
2026-03-18 09:38:37.757  INFO 1 --- [io-12031-exec-4] order.service.OrderServiceImpl           : [create][Order Create Success][Order Price][OrderId:03801cea-7c76-4d1f-b7fd-454f5dddae3e , Price: 0.0]
2026-03-18 09:38:38.055  INFO 1 --- [io-12031-exec-6] order.controller.OrderController         : [createNewOrder][Create Order][from shanghai to taiyuan at 1970-01-02 18:17:36]
2026-03-18 09:38:38.055  INFO 1 --- [io-12031-exec-6] order.service.OrderServiceImpl           : [create][Create Order][Ready to Create Order]
2026-03-18 09:38:38.068  INFO 1 --- [io-12031-exec-6] order.service.OrderServiceImpl           : [create][Order Create Success][Order Price][OrderId:7cca3bd2-10b6-46c5-9d1c-b4968147bfe8 , Price: 0.0]
2026-03-18 09:38:38.376  INFO 1 --- [io-12031-exec-7] order.controller.OrderController         : [createNewOrder][Create Order][from shanghai to taiyuan at 1970-01-02 18:17:36]
2026-03-18 09:38:38.376  INFO 1 --- [io-12031-exec-7] order.service.OrderServiceImpl           : [create][Create Order][Ready to Create Order]
2026-03-18 09:38:38.387  INFO 1 --- [io-12031-exec-7] order.service.OrderServiceImpl           : [create][Order Create Success][Order Price][OrderId:40d05ef0-b0b6-44ce-b7b9-a971732d1e63 , Price: 0.0]
2026-03-18 09:38:38.716  INFO 1 --- [io-12031-exec-8] order.controller.OrderController         : [createNewOrder][Create Order][from shanghai to taiyuan at 1970-01-02 18:17:36]
2026-03-18 09:38:38.716  INFO 1 --- [io-12031-exec-8] order.service.OrderServiceImpl           : [create][Create Order][Ready to Create Order]
2026-03-18 09:38:38.727  INFO 1 --- [io-12031-exec-8] order.service.OrderServiceImpl           : [create][Order Create Success][Order Price][OrderId:2315b7f6-0367-4ed0-8afd-cc17263fca74 , Price: 0.0]
2026-03-18 09:38:38.987  INFO 1 --- [io-12031-exec-9] order.controller.OrderController         : [createNewOrder][Create Order][from shanghai to taiyuan at 1970-01-02 18:17:36]
2026-03-18 09:38:38.987  INFO 1 --- [io-12031-exec-9] order.service.OrderServiceImpl           : [create][Create Order][Ready to Create Order]
2026-03-18 09:38:38.998  INFO 1 --- [io-12031-exec-9] order.service.OrderServiceImpl           : [create][Order Create Success][Order Price][OrderId:3801e7d9-db3c-4ba9-b371-8b06e79b3d71 , Price: 0.0]
2026-03-18 09:38:39.275  INFO 1 --- [o-12031-exec-10] order.controller.OrderController         : [createNewOrder][Create Order][from shanghai to taiyuan at 1970-01-02 18:17:36]
2026-03-18 09:38:39.275  INFO 1 --- [o-12031-exec-10] order.service.OrderServiceImpl           : [create][Create Order][Ready to Create Order]
2026-03-18 09:38:39.287  INFO 1 --- [o-12031-exec-10] order.service.OrderServiceImpl           : [create][Order Create Success][Order Price][OrderId:9325e0b8-2795-4373-bdf8-d7bc975b18d7 , Price: 0.0]
2026-03-18 09:38:39.570  INFO 1 --- [io-12031-exec-1] order.controller.OrderController         : [createNewOrder][Create Order][from shanghai to taiyuan at 1970-01-02 18:17:36]
2026-03-18 09:38:39.570  INFO 1 --- [io-12031-exec-1] order.service.OrderServiceImpl           : [create][Create Order][Ready to Create Order]
2026-03-18 09:38:39.580  INFO 1 --- [io-12031-exec-1] order.service.OrderServiceImpl           : [create][Order Create Success][Order Price][OrderId:a0959421-49e9-4f05-8dd2-919133b87478 , Price: 0.0]
2026-03-18 09:38:39.873  INFO 1 --- [io-12031-exec-3] order.controller.OrderController         : [createNewOrder][Create Order][from shanghai to taiyuan at 1970-01-02 18:17:36]
2026-03-18 09:38:39.873  INFO 1 --- [io-12031-exec-3] order.service.OrderServiceImpl           : [create][Create Order][Ready to Create Order]
2026-03-18 09:38:39.884  INFO 1 --- [io-12031-exec-3] order.service.OrderServiceImpl           : [create][Order Create Success][Order Price][OrderId:3d5f4c1d-8aee-480e-bd01-6952d459adb1 , Price: 0.0]
2026-03-18 09:38:40.175  INFO 1 --- [io-12031-exec-2] order.controller.OrderController         : [createNewOrder][Create Order][from shanghai to taiyuan at 1970-01-02 18:17:36]
2026-03-18 09:38:40.175  INFO 1 --- [io-12031-exec-2] order.service.OrderServiceImpl           : [create][Create Order][Ready to Create Order]
2026-03-18 09:38:40.187  INFO 1 --- [io-12031-exec-2] order.service.OrderServiceImpl           : [create][Order Create Success][Order Price][OrderId:aa7ffb5b-bf42-4bbd-977a-5459dfa0e5d1 , Price: 0.0]
2026-03-18 09:38:40.486  INFO 1 --- [io-12031-exec-5] order.controller.OrderController         : [createNewOrder][Create Order][from shanghai to taiyuan at 1970-01-02 18:17:36]
2026-03-18 09:38:40.486  INFO 1 --- [io-12031-exec-5] order.service.OrderServiceImpl           : [create][Create Order][Ready to Create Order]
2026-03-18 09:38:40.498  INFO 1 --- [io-12031-exec-5] order.service.OrderServiceImpl           : [create][Order Create Success][Order Price][OrderId:393c63e9-d941-4ac5-a798-56324ae41ea5 , Price: 0.0]
2026-03-18 09:38:40.771  INFO 1 --- [io-12031-exec-4] order.controller.OrderController         : [createNewOrder][Create Order][from shanghai to taiyuan at 1970-01-02 18:17:36]
2026-03-18 09:38:40.771  INFO 1 --- [io-12031-exec-4] order.service.OrderServiceImpl           : [create][Create Order][Ready to Create Order]
2026-03-18 09:38:40.781  INFO 1 --- [io-12031-exec-4] order.service.OrderServiceImpl           : [create][Order Create Success][Order Price][OrderId:b64f165d-1ef3-40a7-b168-29386b0ba0ec , Price: 0.0]
2026-03-18 09:38:41.069  INFO 1 --- [io-12031-exec-6] order.controller.OrderController         : [createNewOrder][Create Order][from shanghai to taiyuan at 1970-01-02 18:17:36]
2026-03-18 09:38:41.069  INFO 1 --- [io-12031-exec-6] order.service.OrderServiceImpl           : [create][Create Order][Ready to Create Order]
2026-03-18 09:38:41.080  INFO 1 --- [io-12031-exec-6] order.service.OrderServiceImpl           : [create][Order Create Success][Order Price][OrderId:f5311d91-a41e-4474-94d6-80191ecf1826 , Price: 0.0]
2026-03-18 09:38:41.369  INFO 1 --- [io-12031-exec-8] order.controller.OrderController         : [createNewOrder][Create Order][from shanghai to taiyuan at 1970-01-02 18:17:36]
2026-03-18 09:38:41.369  INFO 1 --- [io-12031-exec-8] order.service.OrderServiceImpl           : [create][Create Order][Ready to Create Order]
2026-03-18 09:38:41.381  INFO 1 --- [io-12031-exec-8] order.service.OrderServiceImpl           : [create][Order Create Success][Order Price][OrderId:dc62cbff-6a9e-46e2-af0f-0c672e58ac0a , Price: 0.0]
2026-03-18 09:38:41.678  INFO 1 --- [io-12031-exec-9] order.controller.OrderController         : [createNewOrder][Create Order][from shanghai to taiyuan at 1970-01-02 18:17:36]
2026-03-18 09:38:41.679  INFO 1 --- [io-12031-exec-9] order.service.OrderServiceImpl           : [create][Create Order][Ready to Create Order]
2026-03-18 09:38:41.693  INFO 1 --- [io-12031-exec-9] order.service.OrderServiceImpl           : [create][Order Create Success][Order Price][OrderId:f69dfdfb-fa48-42dd-8ebf-826d6fdfeaa2 , Price: 0.0]
2026-03-18 09:38:41.976  INFO 1 --- [o-12031-exec-10] order.controller.OrderController         : [createNewOrder][Create Order][from shanghai to taiyuan at 1970-01-02 18:17:36]
2026-03-18 09:38:41.976  INFO 1 --- [o-12031-exec-10] order.service.OrderServiceImpl           : [create][Create Order][Ready to Create Order]
2026-03-18 09:38:41.988  INFO 1 --- [o-12031-exec-10] order.service.OrderServiceImpl           : [create][Order Create Success][Order Price][OrderId:fcc5f116-790e-4384-ab43-2f248784fee1 , Price: 0.0]
2026-03-18 09:38:42.278  INFO 1 --- [io-12031-exec-1] order.controller.OrderController         : [createNewOrder][Create Order][from shanghai to taiyuan at 1970-01-02 18:17:36]
2026-03-18 09:38:42.279  INFO 1 --- [io-12031-exec-1] order.service.OrderServiceImpl           : [create][Create Order][Ready to Create Order]
2026-03-18 09:38:42.289  INFO 1 --- [io-12031-exec-1] order.service.OrderServiceImpl           : [create][Order Create Success][Order Price][OrderId:95567a0c-d43d-4269-b008-158b8c0676fd , Price: 0.0]
2026-03-18 09:38:42.651  INFO 1 --- [io-12031-exec-3] order.controller.OrderController         : [createNewOrder][Create Order][from shanghai to taiyuan at 1970-01-02 18:17:36]
2026-03-18 09:38:42.651  INFO 1 --- [io-12031-exec-3] order.service.OrderServiceImpl           : [create][Create Order][Ready to Create Order]
2026-03-18 09:38:42.662  INFO 1 --- [io-12031-exec-3] order.service.OrderServiceImpl           : [create][Order Create Success][Order Price][OrderId:b706a1d9-4c9b-428b-96ca-e45b2ab95650 , Price: 0.0]
2026-03-18 09:38:42.956  INFO 1 --- [io-12031-exec-2] order.controller.OrderController         : [createNewOrder][Create Order][from shanghai to taiyuan at 1970-01-02 18:17:36]
2026-03-18 09:38:42.956  INFO 1 --- [io-12031-exec-2] order.service.OrderServiceImpl           : [create][Create Order][Ready to Create Order]
2026-03-18 09:38:42.967  INFO 1 --- [io-12031-exec-2] order.service.OrderServiceImpl           : [create][Order Create Success][Order Price][OrderId:23553803-9f08-4f4b-8338-e0ac9010d9b7 , Price: 0.0]
2026-03-18 09:38:43.344  INFO 1 --- [io-12031-exec-5] order.controller.OrderController         : [createNewOrder][Create Order][from shanghai to taiyuan at 1970-01-02 18:17:36]
2026-03-18 09:38:43.344  INFO 1 --- [io-12031-exec-5] order.service.OrderServiceImpl           : [create][Create Order][Ready to Create Order]
2026-03-18 09:38:43.355  INFO 1 --- [io-12031-exec-5] order.service.OrderServiceImpl           : [create][Order Create Success][Order Price][OrderId:07fd3262-0134-4500-be14-35e2fadd08e8 , Price: 0.0]
2026-03-18 09:38:43.654  INFO 1 --- [io-12031-exec-4] order.controller.OrderController         : [createNewOrder][Create Order][from shanghai to taiyuan at 1970-01-02 18:17:36]
2026-03-18 09:38:43.654  INFO 1 --- [io-12031-exec-4] order.service.OrderServiceImpl           : [create][Create Order][Ready to Create Order]
2026-03-18 09:38:43.665  INFO 1 --- [io-12031-exec-4] order.service.OrderServiceImpl           : [create][Order Create Success][Order Price][OrderId:8caabf61-e63b-496f-8010-8febf6e17b96 , Price: 0.0]
2026-03-18 09:38:43.959  INFO 1 --- [io-12031-exec-6] order.controller.OrderController         : [createNewOrder][Create Order][from shanghai to taiyuan at 1970-01-02 18:17:36]
2026-03-18 09:38:43.959  INFO 1 --- [io-12031-exec-6] order.service.OrderServiceImpl           : [create][Create Order][Ready to Create Order]
2026-03-18 09:38:43.971  INFO 1 --- [io-12031-exec-6] order.service.OrderServiceImpl           : [create][Order Create Success][Order Price][OrderId:e2224a69-99fa-43f3-9a05-32ba307c07c3 , Price: 0.0]
2026-03-18 09:38:44.276  INFO 1 --- [io-12031-exec-7] order.controller.OrderController         : [createNewOrder][Create Order][from shanghai to taiyuan at 1970-01-02 18:17:36]
2026-03-18 09:38:44.276  INFO 1 --- [io-12031-exec-7] order.service.OrderServiceImpl           : [create][Create Order][Ready to Create Order]
2026-03-18 09:38:44.472  INFO 1 --- [io-12031-exec-7] order.service.OrderServiceImpl           : [create][Order Create Success][Order Price][OrderId:28e1fe5a-7f05-4903-89c3-67341185e2da , Price: 0.0]
2026-03-18 09:38:44.794  INFO 1 --- [io-12031-exec-8] order.controller.OrderController         : [createNewOrder][Create Order][from shanghai to taiyuan at 1970-01-02 18:17:36]
2026-03-18 09:38:44.794  INFO 1 --- [io-12031-exec-8] order.service.OrderServiceImpl           : [create][Create Order][Ready to Create Order]
2026-03-18 09:38:44.870  INFO 1 --- [io-12031-exec-8] order.service.OrderServiceImpl           : [create][Order Create Success][Order Price][OrderId:ce2bbe1f-6dff-42d4-9f6c-cd97eb14594e , Price: 0.0]
2026-03-18 09:38:45.268  INFO 1 --- [io-12031-exec-9] order.controller.OrderController         : [createNewOrder][Create Order][from shanghai to taiyuan at 1970-01-02 18:17:36]
2026-03-18 09:38:45.268  INFO 1 --- [io-12031-exec-9] order.service.OrderServiceImpl           : [create][Create Order][Ready to Create Order]
2026-03-18 09:38:45.279  INFO 1 --- [io-12031-exec-9] order.service.OrderServiceImpl           : [create][Order Create Success][Order Price][OrderId:2364b8bb-24b1-4b3a-be9a-dc87c0400fb4 , Price: 0.0]
2026-03-18 09:38:45.572  INFO 1 --- [o-12031-exec-10] order.controller.OrderController         : [createNewOrder][Create Order][from shanghai to taiyuan at 1970-01-02 18:17:36]
2026-03-18 09:38:45.572  INFO 1 --- [o-12031-exec-10] order.service.OrderServiceImpl           : [create][Create Order][Ready to Create Order]
2026-03-18 09:38:45.584  INFO 1 --- [o-12031-exec-10] order.service.OrderServiceImpl           : [create][Order Create Success][Order Price][OrderId:129bd30b-7fb7-4e9b-90c4-35a0e8c8b756 , Price: 0.0]
2026-03-18 09:38:45.871  INFO 1 --- [io-12031-exec-1] order.controller.OrderController         : [createNewOrder][Create Order][from shanghai to taiyuan at 1970-01-02 18:17:36]
2026-03-18 09:38:45.872  INFO 1 --- [io-12031-exec-1] order.service.OrderServiceImpl           : [create][Create Order][Ready to Create Order]
2026-03-18 09:38:45.884  INFO 1 --- [io-12031-exec-1] order.service.OrderServiceImpl           : [create][Order Create Success][Order Price][OrderId:2aac0e23-5b4f-48ce-9ebf-c4f32ac63a5c , Price: 0.0]
2026-03-18 09:38:46.169  INFO 1 --- [io-12031-exec-3] order.controller.OrderController         : [createNewOrder][Create Order][from shanghai to taiyuan at 1970-01-02 18:17:36]
2026-03-18 09:38:46.169  INFO 1 --- [io-12031-exec-3] order.service.OrderServiceImpl           : [create][Create Order][Ready to Create Order]
2026-03-18 09:38:46.181  INFO 1 --- [io-12031-exec-3] order.service.OrderServiceImpl           : [create][Order Create Success][Order Price][OrderId:ce056f8e-e431-4f4c-8f25-e8e314eea751 , Price: 0.0]
2026-03-18 09:38:46.475  INFO 1 --- [io-12031-exec-2] order.controller.OrderController         : [createNewOrder][Create Order][from shanghai to taiyuan at 1970-01-02 18:17:36]
2026-03-18 09:38:46.475  INFO 1 --- [io-12031-exec-2] order.service.OrderServiceImpl           : [create][Create Order][Ready to Create Order]
2026-03-18 09:38:46.488  INFO 1 --- [io-12031-exec-2] order.service.OrderServiceImpl           : [create][Order Create Success][Order Price][OrderId:a24323c5-6b65-41fd-8608-6b01b1a1d9ce , Price: 0.0]
2026-03-18 09:38:46.773  INFO 1 --- [io-12031-exec-5] order.controller.OrderController         : [createNewOrder][Create Order][from shanghai to taiyuan at 1970-01-02 18:17:36]
2026-03-18 09:38:46.774  INFO 1 --- [io-12031-exec-5] order.service.OrderServiceImpl           : [create][Create Order][Ready to Create Order]
2026-03-18 09:38:46.785  INFO 1 --- [io-12031-exec-5] order.service.OrderServiceImpl           : [create][Order Create Success][Order Price][OrderId:923b62b3-ea6d-4c30-b8e0-91249ee9ff5a , Price: 0.0]
2026-03-18 09:38:47.086  INFO 1 --- [io-12031-exec-4] order.controller.OrderController         : [createNewOrder][Create Order][from shanghai to taiyuan at 1970-01-02 18:17:36]
2026-03-18 09:38:47.086  INFO 1 --- [io-12031-exec-4] order.service.OrderServiceImpl           : [create][Create Order][Ready to Create Order]
2026-03-18 09:38:47.097  INFO 1 --- [io-12031-exec-4] order.service.OrderServiceImpl           : [create][Order Create Success][Order Price][OrderId:7dcc013f-64dd-438f-a921-73111ad0519d , Price: 0.0]
2026-03-18 09:38:47.469  INFO 1 --- [io-12031-exec-6] order.controller.OrderController         : [createNewOrder][Create Order][from shanghai to taiyuan at 1970-01-02 18:17:36]
2026-03-18 09:38:47.469  INFO 1 --- [io-12031-exec-6] order.service.OrderServiceImpl           : [create][Create Order][Ready to Create Order]
2026-03-18 09:38:47.481  INFO 1 --- [io-12031-exec-6] order.service.OrderServiceImpl           : [create][Order Create Success][Order Price][OrderId:655907c3-cd7c-4241-9f09-f2b2cc753774 , Price: 0.0]
2026-03-18 09:38:47.840  INFO 1 --- [io-12031-exec-7] order.controller.OrderController         : [createNewOrder][Create Order][from shanghai to taiyuan at 1970-01-02 18:17:36]
2026-03-18 09:38:47.840  INFO 1 --- [io-12031-exec-7] order.service.OrderServiceImpl           : [create][Create Order][Ready to Create Order]
2026-03-18 09:38:47.851  INFO 1 --- [io-12031-exec-7] order.service.OrderServiceImpl           : [create][Order Create Success][Order Price][OrderId:d680cd17-aa24-4bea-8401-f0da801b7555 , Price: 0.0]
2026-03-18 09:38:48.155  INFO 1 --- [io-12031-exec-8] order.controller.OrderController         : [createNewOrder][Create Order][from shanghai to taiyuan at 1970-01-02 18:17:36]
2026-03-18 09:38:48.155  INFO 1 --- [io-12031-exec-8] order.service.OrderServiceImpl           : [create][Create Order][Ready to Create Order]
2026-03-18 09:38:48.169  INFO 1 --- [io-12031-exec-8] order.service.OrderServiceImpl           : [create][Order Create Success][Order Price][OrderId:277e10e1-6c56-47b7-b150-d1e9e99d8d42 , Price: 0.0]
2026-03-18 09:38:48.577  INFO 1 --- [io-12031-exec-9] order.controller.OrderController         : [createNewOrder][Create Order][from shanghai to taiyuan at 1970-01-02 18:17:36]
2026-03-18 09:38:48.577  INFO 1 --- [io-12031-exec-9] order.service.OrderServiceImpl           : [create][Create Order][Ready to Create Order]
2026-03-18 09:38:48.666  INFO 1 --- [io-12031-exec-9] order.service.OrderServiceImpl           : [create][Order Create Success][Order Price][OrderId:48bd1d14-455e-43ef-90f9-a1bf418200dc , Price: 0.0]
2026-03-18 09:38:48.975  INFO 1 --- [o-12031-exec-10] order.controller.OrderController         : [createNewOrder][Create Order][from shanghai to taiyuan at 1970-01-02 18:17:36]
2026-03-18 09:38:48.975  INFO 1 --- [o-12031-exec-10] order.service.OrderServiceImpl           : [create][Create Order][Ready to Create Order]
2026-03-18 09:38:48.985  INFO 1 --- [o-12031-exec-10] order.service.OrderServiceImpl           : [create][Order Create Success][Order Price][OrderId:373cf0d0-5012-415e-9d27-da51ffb8aaaa , Price: 0.0]
2026-03-18 09:38:49.267  INFO 1 --- [io-12031-exec-1] order.controller.OrderController         : [createNewOrder][Create Order][from shanghai to taiyuan at 1970-01-02 18:17:36]
2026-03-18 09:38:49.267  INFO 1 --- [io-12031-exec-1] order.service.OrderServiceImpl           : [create][Create Order][Ready to Create Order]
2026-03-18 09:38:49.277  INFO 1 --- [io-12031-exec-1] order.service.OrderServiceImpl           : [create][Order Create Success][Order Price][OrderId:f8282eb8-812e-4d44-9d9b-f9dff5d27c9a , Price: 0.0]
2026-03-18 09:38:49.564  INFO 1 --- [io-12031-exec-3] order.controller.OrderController         : [createNewOrder][Create Order][from shanghai to taiyuan at 1970-01-02 18:17:36]
2026-03-18 09:38:49.564  INFO 1 --- [io-12031-exec-3] order.service.OrderServiceImpl           : [create][Create Order][Ready to Create Order]
2026-03-18 09:38:49.574  INFO 1 --- [io-12031-exec-3] order.service.OrderServiceImpl           : [create][Order Create Success][Order Price][OrderId:39d1b72d-4a9f-40b7-b32b-a35aa260579e , Price: 0.0]
2026-03-18 09:38:49.860  INFO 1 --- [io-12031-exec-2] order.controller.OrderController         : [createNewOrder][Create Order][from shanghai to taiyuan at 1970-01-02 18:17:36]
2026-03-18 09:38:49.860  INFO 1 --- [io-12031-exec-2] order.service.OrderServiceImpl           : [create][Create Order][Ready to Create Order]
2026-03-18 09:38:49.869  INFO 1 --- [io-12031-exec-2] order.service.OrderServiceImpl           : [create][Order Create Success][Order Price][OrderId:c2cbb2bf-3402-4eac-b391-4f51b2af4c78 , Price: 0.0]
2026-03-18 09:38:50.158  INFO 1 --- [io-12031-exec-5] order.controller.OrderController         : [createNewOrder][Create Order][from shanghai to taiyuan at 1970-01-02 18:17:36]
2026-03-18 09:38:50.158  INFO 1 --- [io-12031-exec-5] order.service.OrderServiceImpl           : [create][Create Order][Ready to Create Order]
2026-03-18 09:38:50.168  INFO 1 --- [io-12031-exec-5] order.service.OrderServiceImpl           : [create][Order Create Success][Order Price][OrderId:ba8c79e0-2da8-4026-bd73-44c50c538b53 , Price: 0.0]
2026-03-18 09:38:50.461  INFO 1 --- [io-12031-exec-4] order.controller.OrderController         : [createNewOrder][Create Order][from shanghai to taiyuan at 1970-01-02 18:17:36]
2026-03-18 09:38:50.461  INFO 1 --- [io-12031-exec-4] order.service.OrderServiceImpl           : [create][Create Order][Ready to Create Order]
2026-03-18 09:38:50.473  INFO 1 --- [io-12031-exec-4] order.service.OrderServiceImpl           : [create][Order Create Success][Order Price][OrderId:6c6fa5a4-78b8-4c2e-bf66-4b3d27069b30 , Price: 0.0]
2026-03-18 09:38:50.768  INFO 1 --- [io-12031-exec-6] order.controller.OrderController         : [createNewOrder][Create Order][from shanghai to taiyuan at 1970-01-02 18:17:36]
2026-03-18 09:38:50.769  INFO 1 --- [io-12031-exec-6] order.service.OrderServiceImpl           : [create][Create Order][Ready to Create Order]
2026-03-18 09:38:50.780  INFO 1 --- [io-12031-exec-6] order.service.OrderServiceImpl           : [create][Order Create Success][Order Price][OrderId:67989968-d65e-459d-8a37-df2da956893f , Price: 0.0]
2026-03-18 09:38:51.071  INFO 1 --- [io-12031-exec-7] order.controller.OrderController         : [createNewOrder][Create Order][from shanghai to taiyuan at 1970-01-02 18:17:36]
2026-03-18 09:38:51.071  INFO 1 --- [io-12031-exec-7] order.service.OrderServiceImpl           : [create][Create Order][Ready to Create Order]
2026-03-18 09:38:51.083  INFO 1 --- [io-12031-exec-7] order.service.OrderServiceImpl           : [create][Order Create Success][Order Price][OrderId:72af232d-8e3f-4dc4-9e05-ed77f38a61ed , Price: 0.0]
2026-03-18 09:38:51.368  INFO 1 --- [io-12031-exec-9] order.controller.OrderController         : [createNewOrder][Create Order][from shanghai to taiyuan at 1970-01-02 18:17:36]
2026-03-18 09:38:51.368  INFO 1 --- [io-12031-exec-9] order.service.OrderServiceImpl           : [create][Create Order][Ready to Create Order]
2026-03-18 09:38:51.379  INFO 1 --- [io-12031-exec-9] order.service.OrderServiceImpl           : [create][Order Create Success][Order Price][OrderId:2061e7e4-27d0-479d-9ee6-6fb9055a2632 , Price: 0.0]
2026-03-18 09:38:51.667  INFO 1 --- [o-12031-exec-10] order.controller.OrderController         : [createNewOrder][Create Order][from shanghai to taiyuan at 1970-01-02 18:17:36]
2026-03-18 09:38:51.667  INFO 1 --- [o-12031-exec-10] order.service.OrderServiceImpl           : [create][Create Order][Ready to Create Order]
2026-03-18 09:38:51.677  INFO 1 --- [o-12031-exec-10] order.service.OrderServiceImpl           : [create][Order Create Success][Order Price][OrderId:41ba2f77-f8e1-4fca-8b82-ae6928e73981 , Price: 0.0]
2026-03-18 09:38:51.965  INFO 1 --- [io-12031-exec-1] order.controller.OrderController         : [createNewOrder][Create Order][from shanghai to taiyuan at 1970-01-02 18:17:36]
2026-03-18 09:38:51.966  INFO 1 --- [io-12031-exec-1] order.service.OrderServiceImpl           : [create][Create Order][Ready to Create Order]
2026-03-18 09:38:51.976  INFO 1 --- [io-12031-exec-1] order.service.OrderServiceImpl           : [create][Order Create Success][Order Price][OrderId:1536b24a-de91-4a82-bd8d-1bf40ed67804 , Price: 0.0]
2026-03-18 09:38:52.269  INFO 1 --- [io-12031-exec-3] order.controller.OrderController         : [createNewOrder][Create Order][from shanghai to taiyuan at 1970-01-02 18:17:36]
2026-03-18 09:38:52.270  INFO 1 --- [io-12031-exec-3] order.service.OrderServiceImpl           : [create][Create Order][Ready to Create Order]
2026-03-18 09:38:52.281  INFO 1 --- [io-12031-exec-3] order.service.OrderServiceImpl           : [create][Order Create Success][Order Price][OrderId:e830ad23-2cb5-4276-b2fe-0ba8e0d8a324 , Price: 0.0]
2026-03-18 09:38:52.580  INFO 1 --- [io-12031-exec-2] order.controller.OrderController         : [createNewOrder][Create Order][from shanghai to taiyuan at 1970-01-02 18:17:36]
2026-03-18 09:38:52.580  INFO 1 --- [io-12031-exec-2] order.service.OrderServiceImpl           : [create][Create Order][Ready to Create Order]
2026-03-18 09:38:52.590  INFO 1 --- [io-12031-exec-2] order.service.OrderServiceImpl           : [create][Order Create Success][Order Price][OrderId:e9be70bc-97bb-4538-b961-0e2a9fe36dce , Price: 0.0]
2026-03-18 09:38:52.868  INFO 1 --- [io-12031-exec-5] order.controller.OrderController         : [createNewOrder][Create Order][from shanghai to taiyuan at 1970-01-02 18:17:36]
2026-03-18 09:38:52.868  INFO 1 --- [io-12031-exec-5] order.service.OrderServiceImpl           : [create][Create Order][Ready to Create Order]
2026-03-18 09:38:52.879  INFO 1 --- [io-12031-exec-5] order.service.OrderServiceImpl           : [create][Order Create Success][Order Price][OrderId:eac2beb0-35b9-4da0-8299-bc5f89c36ce3 , Price: 0.0]
2026-03-18 09:38:53.171  INFO 1 --- [io-12031-exec-4] order.controller.OrderController         : [createNewOrder][Create Order][from shanghai to taiyuan at 1970-01-02 18:17:36]
2026-03-18 09:38:53.171  INFO 1 --- [io-12031-exec-4] order.service.OrderServiceImpl           : [create][Create Order][Ready to Create Order]
2026-03-18 09:38:53.182  INFO 1 --- [io-12031-exec-4] order.service.OrderServiceImpl           : [create][Order Create Success][Order Price][OrderId:1e5113f3-73b5-4a9d-9d2a-05dd88ea6bcd , Price: 0.0]
2026-03-18 09:38:53.473  INFO 1 --- [io-12031-exec-6] order.controller.OrderController         : [createNewOrder][Create Order][from shanghai to taiyuan at 1970-01-02 18:17:36]
2026-03-18 09:38:53.473  INFO 1 --- [io-12031-exec-6] order.service.OrderServiceImpl           : [create][Create Order][Ready to Create Order]
2026-03-18 09:38:53.483  INFO 1 --- [io-12031-exec-6] order.service.OrderServiceImpl           : [create][Order Create Success][Order Price][OrderId:1c86d665-d338-4d61-8095-f8ea0dbfe0aa , Price: 0.0]
2026-03-18 09:38:53.873  INFO 1 --- [io-12031-exec-7] order.controller.OrderController         : [createNewOrder][Create Order][from shanghai to taiyuan at 1970-01-02 18:17:36]
2026-03-18 09:38:53.873  INFO 1 --- [io-12031-exec-7] order.service.OrderServiceImpl           : [create][Create Order][Ready to Create Order]
2026-03-18 09:38:53.883  INFO 1 --- [io-12031-exec-7] order.service.OrderServiceImpl           : [create][Order Create Success][Order Price][OrderId:d8f6a462-214e-4b09-8a33-8567d320d7b6 , Price: 0.0]
2026-03-18 09:38:54.166  INFO 1 --- [io-12031-exec-8] order.controller.OrderController         : [createNewOrder][Create Order][from shanghai to taiyuan at 1970-01-02 18:17:36]
2026-03-18 09:38:54.166  INFO 1 --- [io-12031-exec-8] order.service.OrderServiceImpl           : [create][Create Order][Ready to Create Order]
2026-03-18 09:38:54.276  INFO 1 --- [io-12031-exec-8] order.service.OrderServiceImpl           : [create][Order Create Success][Order Price][OrderId:044a2e0d-1548-4a62-80bb-babdce0ecb4a , Price: 0.0]
2026-03-18 09:38:54.567  INFO 1 --- [io-12031-exec-9] order.controller.OrderController         : [createNewOrder][Create Order][from shanghai to taiyuan at 1970-01-02 18:17:36]
2026-03-18 09:38:54.567  INFO 1 --- [io-12031-exec-9] order.service.OrderServiceImpl           : [create][Create Order][Ready to Create Order]
2026-03-18 09:38:54.576  INFO 1 --- [io-12031-exec-9] order.service.OrderServiceImpl           : [create][Order Create Success][Order Price][OrderId:ac6f9de9-5827-45fc-8016-a703a3b117e2 , Price: 0.0]
2026-03-18 09:38:54.867  INFO 1 --- [o-12031-exec-10] order.controller.OrderController         : [createNewOrder][Create Order][from shanghai to taiyuan at 1970-01-02 18:17:36]
2026-03-18 09:38:54.867  INFO 1 --- [o-12031-exec-10] order.service.OrderServiceImpl           : [create][Create Order][Ready to Create Order]
2026-03-18 09:38:54.877  INFO 1 --- [o-12031-exec-10] order.service.OrderServiceImpl           : [create][Order Create Success][Order Price][OrderId:daa2011b-a7a6-43da-9683-5f3b7452a950 , Price: 0.0]
2026-03-18 09:38:55.168  INFO 1 --- [io-12031-exec-1] order.controller.OrderController         : [createNewOrder][Create Order][from shanghai to taiyuan at 1970-01-02 18:17:36]
2026-03-18 09:38:55.168  INFO 1 --- [io-12031-exec-1] order.service.OrderServiceImpl           : [create][Create Order][Ready to Create Order]
2026-03-18 09:38:55.180  INFO 1 --- [io-12031-exec-1] order.service.OrderServiceImpl           : [create][Order Create Success][Order Price][OrderId:c15aff03-bc97-48b2-9fa6-536c127a8344 , Price: 0.0]
2026-03-18 09:38:55.468  INFO 1 --- [io-12031-exec-3] order.controller.OrderController         : [createNewOrder][Create Order][from shanghai to taiyuan at 1970-01-02 18:17:36]
2026-03-18 09:38:55.468  INFO 1 --- [io-12031-exec-3] order.service.OrderServiceImpl           : [create][Create Order][Ready to Create Order]
2026-03-18 09:38:55.482  INFO 1 --- [io-12031-exec-3] order.service.OrderServiceImpl           : [create][Order Create Success][Order Price][OrderId:cf74e8b6-d0f0-4a5d-b760-0ba0a5b36064 , Price: 0.0]
2026-03-18 09:38:55.765  INFO 1 --- [io-12031-exec-2] order.controller.OrderController         : [createNewOrder][Create Order][from shanghai to taiyuan at 1970-01-02 18:17:36]
2026-03-18 09:38:55.765  INFO 1 --- [io-12031-exec-2] order.service.OrderServiceImpl           : [create][Create Order][Ready to Create Order]
2026-03-18 09:38:55.776  INFO 1 --- [io-12031-exec-2] order.service.OrderServiceImpl           : [create][Order Create Success][Order Price][OrderId:aa3339c8-050e-4e46-84ca-49844398194b , Price: 0.0]
2026-03-18 09:38:56.067  INFO 1 --- [io-12031-exec-5] order.controller.OrderController         : [createNewOrder][Create Order][from shanghai to taiyuan at 1970-01-02 18:17:36]
2026-03-18 09:38:56.067  INFO 1 --- [io-12031-exec-5] order.service.OrderServiceImpl           : [create][Create Order][Ready to Create Order]
2026-03-18 09:38:56.077  INFO 1 --- [io-12031-exec-5] order.service.OrderServiceImpl           : [create][Order Create Success][Order Price][OrderId:684f910f-0dac-41a4-84c7-7d7d7134fd03 , Price: 0.0]
2026-03-18 09:38:56.363  INFO 1 --- [io-12031-exec-4] order.controller.OrderController         : [createNewOrder][Create Order][from shanghai to taiyuan at 1970-01-02 18:17:36]
2026-03-18 09:38:56.363  INFO 1 --- [io-12031-exec-4] order.service.OrderServiceImpl           : [create][Create Order][Ready to Create Order]
2026-03-18 09:38:56.374  INFO 1 --- [io-12031-exec-4] order.service.OrderServiceImpl           : [create][Order Create Success][Order Price][OrderId:ae5d8506-4365-4b00-a47f-cdcae413757b , Price: 0.0]
2026-03-18 09:38:56.672  INFO 1 --- [io-12031-exec-6] order.controller.OrderController         : [createNewOrder][Create Order][from shanghai to taiyuan at 1970-01-02 18:17:36]
2026-03-18 09:38:56.672  INFO 1 --- [io-12031-exec-6] order.service.OrderServiceImpl           : [create][Create Order][Ready to Create Order]
2026-03-18 09:38:56.683  INFO 1 --- [io-12031-exec-6] order.service.OrderServiceImpl           : [create][Order Create Success][Order Price][OrderId:df9626d9-781e-40d3-8ffe-7194a7554179 , Price: 0.0]
2026-03-18 09:38:56.977  INFO 1 --- [io-12031-exec-7] order.controller.OrderController         : [createNewOrder][Create Order][from shanghai to taiyuan at 1970-01-02 18:17:36]
2026-03-18 09:38:56.977  INFO 1 --- [io-12031-exec-7] order.service.OrderServiceImpl           : [create][Create Order][Ready to Create Order]
2026-03-18 09:38:56.987  INFO 1 --- [io-12031-exec-7] order.service.OrderServiceImpl           : [create][Order Create Success][Order Price][OrderId:a22e1ecc-0594-43db-9a58-9865b3d6122c , Price: 0.0]
2026-03-18 09:38:57.280  INFO 1 --- [io-12031-exec-8] order.controller.OrderController         : [createNewOrder][Create Order][from shanghai to taiyuan at 1970-01-02 18:17:36]
2026-03-18 09:38:57.280  INFO 1 --- [io-12031-exec-8] order.service.OrderServiceImpl           : [create][Create Order][Ready to Create Order]
2026-03-18 09:38:57.291  INFO 1 --- [io-12031-exec-8] order.service.OrderServiceImpl           : [create][Order Create Success][Order Price][OrderId:745f6fd7-a195-4750-8562-4ccb5b987aa7 , Price: 0.0]
2026-03-18 09:38:57.566  INFO 1 --- [io-12031-exec-9] order.controller.OrderController         : [createNewOrder][Create Order][from shanghai to taiyuan at 1970-01-02 18:17:36]
2026-03-18 09:38:57.566  INFO 1 --- [io-12031-exec-9] order.service.OrderServiceImpl           : [create][Create Order][Ready to Create Order]
2026-03-18 09:38:57.577  INFO 1 --- [io-12031-exec-9] order.service.OrderServiceImpl           : [create][Order Create Success][Order Price][OrderId:259f6fa4-ae0d-414e-b65e-f18e15ccff74 , Price: 0.0]
2026-03-18 09:38:57.860  INFO 1 --- [o-12031-exec-10] order.controller.OrderController         : [createNewOrder][Create Order][from shanghai to taiyuan at 1970-01-02 18:17:36]
2026-03-18 09:38:57.860  INFO 1 --- [o-12031-exec-10] order.service.OrderServiceImpl           : [create][Create Order][Ready to Create Order]
2026-03-18 09:38:57.872  INFO 1 --- [o-12031-exec-10] order.service.OrderServiceImpl           : [create][Order Create Success][Order Price][OrderId:e4d737c1-38c2-4c1e-b036-2209665de5bd , Price: 0.0]
2026-03-18 09:38:58.154  INFO 1 --- [io-12031-exec-1] order.controller.OrderController         : [createNewOrder][Create Order][from shanghai to taiyuan at 1970-01-02 18:17:36]
2026-03-18 09:38:58.154  INFO 1 --- [io-12031-exec-1] order.service.OrderServiceImpl           : [create][Create Order][Ready to Create Order]
2026-03-18 09:38:58.164  INFO 1 --- [io-12031-exec-1] order.service.OrderServiceImpl           : [create][Order Create Success][Order Price][OrderId:0ddb1f9a-26f1-4614-9757-25010be9ff51 , Price: 0.0]
2026-03-18 09:38:58.463  INFO 1 --- [io-12031-exec-3] order.controller.OrderController         : [createNewOrder][Create Order][from shanghai to taiyuan at 1970-01-02 18:17:36]
2026-03-18 09:38:58.463  INFO 1 --- [io-12031-exec-3] order.service.OrderServiceImpl           : [create][Create Order][Ready to Create Order]
2026-03-18 09:38:58.475  INFO 1 --- [io-12031-exec-3] order.service.OrderServiceImpl           : [create][Order Create Success][Order Price][OrderId:05e08518-6eb9-44d0-83cf-6946b0308c89 , Price: 0.0]
2026-03-18 09:38:58.764  INFO 1 --- [io-12031-exec-2] order.controller.OrderController         : [createNewOrder][Create Order][from shanghai to taiyuan at 1970-01-02 18:17:36]
2026-03-18 09:38:58.764  INFO 1 --- [io-12031-exec-2] order.service.OrderServiceImpl           : [create][Create Order][Ready to Create Order]
2026-03-18 09:38:58.774  INFO 1 --- [io-12031-exec-2] order.service.OrderServiceImpl           : [create][Order Create Success][Order Price][OrderId:ba605bbf-3c02-4640-9856-ad8715e2980a , Price: 0.0]
2026-03-18 09:38:59.070  INFO 1 --- [io-12031-exec-5] order.controller.OrderController         : [createNewOrder][Create Order][from shanghai to taiyuan at 1970-01-02 18:17:36]
2026-03-18 09:38:59.070  INFO 1 --- [io-12031-exec-5] order.service.OrderServiceImpl           : [create][Create Order][Ready to Create Order]
2026-03-18 09:38:59.079  INFO 1 --- [io-12031-exec-5] order.service.OrderServiceImpl           : [create][Order Create Success][Order Price][OrderId:da52d57d-cadf-4862-861c-8e62c8adb66f , Price: 0.0]
2026-03-18 09:38:59.365  INFO 1 --- [io-12031-exec-4] order.controller.OrderController         : [createNewOrder][Create Order][from shanghai to taiyuan at 1970-01-02 18:17:36]
2026-03-18 09:38:59.365  INFO 1 --- [io-12031-exec-4] order.service.OrderServiceImpl           : [create][Create Order][Ready to Create Order]
2026-03-18 09:38:59.375  INFO 1 --- [io-12031-exec-4] order.service.OrderServiceImpl           : [create][Order Create Success][Order Price][OrderId:b3fdcd3a-1932-422f-b1c9-92f36d516ac2 , Price: 0.0]
2026-03-18 09:38:59.667  INFO 1 --- [io-12031-exec-6] order.controller.OrderController         : [createNewOrder][Create Order][from shanghai to taiyuan at 1970-01-02 18:17:36]
2026-03-18 09:38:59.667  INFO 1 --- [io-12031-exec-6] order.service.OrderServiceImpl           : [create][Create Order][Ready to Create Order]
2026-03-18 09:38:59.678  INFO 1 --- [io-12031-exec-6] order.service.OrderServiceImpl           : [create][Order Create Success][Order Price][OrderId:5fa59b36-9af6-470b-b5f7-1f1d97a1b7b4 , Price: 0.0]
2026-03-18 09:38:59.970  INFO 1 --- [io-12031-exec-7] order.controller.OrderController         : [createNewOrder][Create Order][from shanghai to taiyuan at 1970-01-02 18:17:36]
2026-03-18 09:38:59.970  INFO 1 --- [io-12031-exec-7] order.service.OrderServiceImpl           : [create][Create Order][Ready to Create Order]
2026-03-18 09:38:59.982  INFO 1 --- [io-12031-exec-7] order.service.OrderServiceImpl           : [create][Order Create Success][Order Price][OrderId:eec69844-eff0-4882-84b3-dc4a9cc6bed2 , Price: 0.0]
2026-03-18 09:39:00.270  INFO 1 --- [io-12031-exec-8] order.controller.OrderController         : [createNewOrder][Create Order][from shanghai to taiyuan at 1970-01-02 18:17:36]
2026-03-18 09:39:00.270  INFO 1 --- [io-12031-exec-8] order.service.OrderServiceImpl           : [create][Create Order][Ready to Create Order]
2026-03-18 09:39:00.283  INFO 1 --- [io-12031-exec-8] order.service.OrderServiceImpl           : [create][Order Create Success][Order Price][OrderId:3e66fe10-5ff0-47d1-8def-60707b24baa6 , Price: 0.0]
2026-03-18 09:39:00.569  INFO 1 --- [io-12031-exec-9] order.controller.OrderController         : [createNewOrder][Create Order][from shanghai to taiyuan at 1970-01-02 18:17:36]
2026-03-18 09:39:00.569  INFO 1 --- [io-12031-exec-9] order.service.OrderServiceImpl           : [create][Create Order][Ready to Create Order]
2026-03-18 09:39:00.579  INFO 1 --- [io-12031-exec-9] order.service.OrderServiceImpl           : [create][Order Create Success][Order Price][OrderId:956e7b8b-4b6f-4adb-bd65-c36e92e63a98 , Price: 0.0]
2026-03-18 09:39:00.866  INFO 1 --- [o-12031-exec-10] order.controller.OrderController         : [createNewOrder][Create Order][from shanghai to taiyuan at 1970-01-02 18:17:36]
2026-03-18 09:39:00.866  INFO 1 --- [o-12031-exec-10] order.service.OrderServiceImpl           : [create][Create Order][Ready to Create Order]
2026-03-18 09:39:00.877  INFO 1 --- [o-12031-exec-10] order.service.OrderServiceImpl           : [create][Order Create Success][Order Price][OrderId:41fd4a61-0da5-47ef-aba2-2c8be90c7d32 , Price: 0.0]
2026-03-18 09:39:01.164  INFO 1 --- [io-12031-exec-1] order.controller.OrderController         : [createNewOrder][Create Order][from shanghai to taiyuan at 1970-01-02 18:17:36]
2026-03-18 09:39:01.164  INFO 1 --- [io-12031-exec-1] order.service.OrderServiceImpl           : [create][Create Order][Ready to Create Order]
2026-03-18 09:39:01.177  INFO 1 --- [io-12031-exec-1] order.service.OrderServiceImpl           : [create][Order Create Success][Order Price][OrderId:73915676-0b37-4ff3-a1ec-bd20945167ea , Price: 0.0]
2026-03-18 09:39:01.468  INFO 1 --- [io-12031-exec-2] order.controller.OrderController         : [createNewOrder][Create Order][from shanghai to taiyuan at 1970-01-02 18:17:36]
2026-03-18 09:39:01.468  INFO 1 --- [io-12031-exec-2] order.service.OrderServiceImpl           : [create][Create Order][Ready to Create Order]
2026-03-18 09:39:01.482  INFO 1 --- [io-12031-exec-2] order.service.OrderServiceImpl           : [create][Order Create Success][Order Price][OrderId:774ea1cb-377f-481c-82ce-f70b19c8b0b8 , Price: 0.0]
2026-03-18 09:39:01.771  INFO 1 --- [io-12031-exec-5] order.controller.OrderController         : [createNewOrder][Create Order][from shanghai to taiyuan at 1970-01-02 18:17:36]
2026-03-18 09:39:01.771  INFO 1 --- [io-12031-exec-5] order.service.OrderServiceImpl           : [create][Create Order][Ready to Create Order]
2026-03-18 09:39:01.871  INFO 1 --- [io-12031-exec-5] order.service.OrderServiceImpl           : [create][Order Create Success][Order Price][OrderId:ef103ed2-4886-48ac-b9f9-56813143fdcb , Price: 0.0]
2026-03-18 09:39:02.173  INFO 1 --- [io-12031-exec-4] order.controller.OrderController         : [createNewOrder][Create Order][from shanghai to taiyuan at 1970-01-02 18:17:36]
2026-03-18 09:39:02.173  INFO 1 --- [io-12031-exec-4] order.service.OrderServiceImpl           : [create][Create Order][Ready to Create Order]
2026-03-18 09:39:02.184  INFO 1 --- [io-12031-exec-4] order.service.OrderServiceImpl           : [create][Order Create Success][Order Price][OrderId:5b2e495b-b02a-462b-8530-80c68fdab433 , Price: 0.0]
2026-03-18 09:39:02.475  INFO 1 --- [io-12031-exec-6] order.controller.OrderController         : [createNewOrder][Create Order][from shanghai to taiyuan at 1970-01-02 18:17:36]
2026-03-18 09:39:02.475  INFO 1 --- [io-12031-exec-6] order.service.OrderServiceImpl           : [create][Create Order][Ready to Create Order]
2026-03-18 09:39:02.582  INFO 1 --- [io-12031-exec-6] order.service.OrderServiceImpl           : [create][Order Create Success][Order Price][OrderId:5971ac44-e32f-43c9-b5fb-0377cf09d82b , Price: 0.0]
2026-03-18 09:39:02.960  INFO 1 --- [io-12031-exec-7] order.controller.OrderController         : [createNewOrder][Create Order][from shanghai to taiyuan at 1970-01-02 18:17:36]
2026-03-18 09:39:02.960  INFO 1 --- [io-12031-exec-7] order.service.OrderServiceImpl           : [create][Create Order][Ready to Create Order]
2026-03-18 09:39:02.971  INFO 1 --- [io-12031-exec-7] order.service.OrderServiceImpl           : [create][Order Create Success][Order Price][OrderId:fdd84162-d544-43f1-874e-0f61649b8229 , Price: 0.0]
2026-03-18 09:39:03.448  INFO 1 --- [io-12031-exec-8] order.controller.OrderController         : [createNewOrder][Create Order][from shanghai to taiyuan at 1970-01-02 18:17:36]
2026-03-18 09:39:03.448  INFO 1 --- [io-12031-exec-8] order.service.OrderServiceImpl           : [create][Create Order][Ready to Create Order]
2026-03-18 09:39:03.457  INFO 1 --- [io-12031-exec-8] order.service.OrderServiceImpl           : [create][Order Create Success][Order Price][OrderId:5cefba30-0962-4e12-97af-97ba81ca50ed , Price: 0.0]
2026-03-18 09:39:03.941  INFO 1 --- [io-12031-exec-9] order.controller.OrderController         : [createNewOrder][Create Order][from shanghai to taiyuan at 1970-01-02 18:17:36]
2026-03-18 09:39:03.941  INFO 1 --- [io-12031-exec-9] order.service.OrderServiceImpl           : [create][Create Order][Ready to Create Order]
2026-03-18 09:39:03.953  INFO 1 --- [io-12031-exec-9] order.service.OrderServiceImpl           : [create][Order Create Success][Order Price][OrderId:05c07ade-3ecc-4fcf-b168-e91550170957 , Price: 0.0]
2026-03-18 09:39:04.249  INFO 1 --- [o-12031-exec-10] order.controller.OrderController         : [createNewOrder][Create Order][from shanghai to taiyuan at 1970-01-02 18:17:36]
2026-03-18 09:39:04.249  INFO 1 --- [o-12031-exec-10] order.service.OrderServiceImpl           : [create][Create Order][Ready to Create Order]
2026-03-18 09:39:04.261  INFO 1 --- [o-12031-exec-10] order.service.OrderServiceImpl           : [create][Order Create Success][Order Price][OrderId:c687fdb5-f5c1-41fb-97e0-f984562c482f , Price: 0.0]
2026-03-18 09:39:04.551  INFO 1 --- [io-12031-exec-1] order.controller.OrderController         : [createNewOrder][Create Order][from shanghai to taiyuan at 1970-01-02 18:17:36]
2026-03-18 09:39:04.551  INFO 1 --- [io-12031-exec-1] order.service.OrderServiceImpl           : [create][Create Order][Ready to Create Order]
2026-03-18 09:39:04.576  INFO 1 --- [io-12031-exec-1] order.service.OrderServiceImpl           : [create][Order Create Success][Order Price][OrderId:104cacfe-9387-4acd-8448-03896f8533aa , Price: 0.0]
2026-03-18 09:39:04.866  INFO 1 --- [io-12031-exec-3] order.controller.OrderController         : [createNewOrder][Create Order][from shanghai to taiyuan at 1970-01-02 18:17:36]
2026-03-18 09:39:04.866  INFO 1 --- [io-12031-exec-3] order.service.OrderServiceImpl           : [create][Create Order][Ready to Create Order]
2026-03-18 09:39:04.878  INFO 1 --- [io-12031-exec-3] order.service.OrderServiceImpl           : [create][Order Create Success][Order Price][OrderId:335f3ab1-a12a-4f3f-ab44-b3918cafac65 , Price: 0.0]
2026-03-18 09:39:05.172  INFO 1 --- [io-12031-exec-2] order.controller.OrderController         : [createNewOrder][Create Order][from shanghai to taiyuan at 1970-01-02 18:17:36]
2026-03-18 09:39:05.172  INFO 1 --- [io-12031-exec-2] order.service.OrderServiceImpl           : [create][Create Order][Ready to Create Order]
2026-03-18 09:39:05.184  INFO 1 --- [io-12031-exec-2] order.service.OrderServiceImpl           : [create][Order Create Success][Order Price][OrderId:47b1aea7-2d9e-478b-ba67-cb07fe8d052e , Price: 0.0]
2026-03-18 09:39:05.466  INFO 1 --- [io-12031-exec-5] order.controller.OrderController         : [createNewOrder][Create Order][from shanghai to taiyuan at 1970-01-02 18:17:36]
2026-03-18 09:39:05.467  INFO 1 --- [io-12031-exec-5] order.service.OrderServiceImpl           : [create][Create Order][Ready to Create Order]
2026-03-18 09:39:05.479  INFO 1 --- [io-12031-exec-5] order.service.OrderServiceImpl           : [create][Order Create Success][Order Price][OrderId:33bec79a-1d57-4442-bcd9-065dec72363e , Price: 0.0]
2026-03-18 09:39:05.767  INFO 1 --- [io-12031-exec-4] order.controller.OrderController         : [createNewOrder][Create Order][from shanghai to taiyuan at 1970-01-02 18:17:36]
2026-03-18 09:39:05.767  INFO 1 --- [io-12031-exec-4] order.service.OrderServiceImpl           : [create][Create Order][Ready to Create Order]
2026-03-18 09:39:05.778  INFO 1 --- [io-12031-exec-4] order.service.OrderServiceImpl           : [create][Order Create Success][Order Price][OrderId:be965fbe-836c-449a-a153-4a7fac1d4dea , Price: 0.0]
2026-03-18 09:39:06.071  INFO 1 --- [io-12031-exec-6] order.controller.OrderController         : [createNewOrder][Create Order][from shanghai to taiyuan at 1970-01-02 18:17:36]
2026-03-18 09:39:06.071  INFO 1 --- [io-12031-exec-6] order.service.OrderServiceImpl           : [create][Create Order][Ready to Create Order]
2026-03-18 09:39:06.082  INFO 1 --- [io-12031-exec-6] order.service.OrderServiceImpl           : [create][Order Create Success][Order Price][OrderId:1feb9071-18c3-4321-9f67-5a15f5ecebab , Price: 0.0]
2026-03-18 09:39:06.367  INFO 1 --- [io-12031-exec-7] order.controller.OrderController         : [createNewOrder][Create Order][from shanghai to taiyuan at 1970-01-02 18:17:36]
2026-03-18 09:39:06.367  INFO 1 --- [io-12031-exec-7] order.service.OrderServiceImpl           : [create][Create Order][Ready to Create Order]
2026-03-18 09:39:06.379  INFO 1 --- [io-12031-exec-7] order.service.OrderServiceImpl           : [create][Order Create Success][Order Price][OrderId:8aebdd46-be54-4d7f-8442-6f9de1b47271 , Price: 0.0]
2026-03-18 09:39:06.669  INFO 1 --- [io-12031-exec-8] order.controller.OrderController         : [createNewOrder][Create Order][from shanghai to taiyuan at 1970-01-02 18:17:36]
2026-03-18 09:39:06.669  INFO 1 --- [io-12031-exec-8] order.service.OrderServiceImpl           : [create][Create Order][Ready to Create Order]
2026-03-18 09:39:06.678  INFO 1 --- [io-12031-exec-8] order.service.OrderServiceImpl           : [create][Order Create Success][Order Price][OrderId:3754eb83-a474-45de-ad07-5fba89812b97 , Price: 0.0]
2026-03-18 09:39:06.966  INFO 1 --- [io-12031-exec-9] order.controller.OrderController         : [createNewOrder][Create Order][from shanghai to taiyuan at 1970-01-02 18:17:36]
2026-03-18 09:39:06.966  INFO 1 --- [io-12031-exec-9] order.service.OrderServiceImpl           : [create][Create Order][Ready to Create Order]
2026-03-18 09:39:06.977  INFO 1 --- [io-12031-exec-9] order.service.OrderServiceImpl           : [create][Order Create Success][Order Price][OrderId:ea19ff25-bf2c-4fcb-868e-ea2fda82e83a , Price: 0.0]
2026-03-18 09:39:07.271  INFO 1 --- [o-12031-exec-10] order.controller.OrderController         : [createNewOrder][Create Order][from shanghai to taiyuan at 1970-01-02 18:17:36]
2026-03-18 09:39:07.272  INFO 1 --- [o-12031-exec-10] order.service.OrderServiceImpl           : [create][Create Order][Ready to Create Order]
2026-03-18 09:39:07.284  INFO 1 --- [o-12031-exec-10] order.service.OrderServiceImpl           : [create][Order Create Success][Order Price][OrderId:8e91c2ec-47ea-4093-9169-fc1d71ea5ba4 , Price: 0.0]
2026-03-18 09:39:07.569  INFO 1 --- [io-12031-exec-1] order.controller.OrderController         : [createNewOrder][Create Order][from shanghai to taiyuan at 1970-01-02 18:17:36]
2026-03-18 09:39:07.569  INFO 1 --- [io-12031-exec-1] order.service.OrderServiceImpl           : [create][Create Order][Ready to Create Order]
2026-03-18 09:39:07.579  INFO 1 --- [io-12031-exec-1] order.service.OrderServiceImpl           : [create][Order Create Success][Order Price][OrderId:f0b366e7-010f-4ff0-8916-fbc997bd4274 , Price: 0.0]
2026-03-18 09:39:07.863  INFO 1 --- [io-12031-exec-3] order.controller.OrderController         : [createNewOrder][Create Order][from shanghai to taiyuan at 1970-01-02 18:17:36]
2026-03-18 09:39:07.863  INFO 1 --- [io-12031-exec-3] order.service.OrderServiceImpl           : [create][Create Order][Ready to Create Order]
2026-03-18 09:39:07.873  INFO 1 --- [io-12031-exec-3] order.service.OrderServiceImpl           : [create][Order Create Success][Order Price][OrderId:8bb7f886-01a9-4b52-8e0a-af46f2113823 , Price: 0.0]
2026-03-18 09:39:08.166  INFO 1 --- [io-12031-exec-2] order.controller.OrderController         : [createNewOrder][Create Order][from shanghai to taiyuan at 1970-01-02 18:17:36]
2026-03-18 09:39:08.166  INFO 1 --- [io-12031-exec-2] order.service.OrderServiceImpl           : [create][Create Order][Ready to Create Order]
2026-03-18 09:39:08.178  INFO 1 --- [io-12031-exec-2] order.service.OrderServiceImpl           : [create][Order Create Success][Order Price][OrderId:0b8acf8b-17ee-4534-99b0-6976d18d6749 , Price: 0.0]
2026-03-18 09:39:08.470  INFO 1 --- [io-12031-exec-5] order.controller.OrderController         : [createNewOrder][Create Order][from shanghai to taiyuan at 1970-01-02 18:17:36]
2026-03-18 09:39:08.470  INFO 1 --- [io-12031-exec-5] order.service.OrderServiceImpl           : [create][Create Order][Ready to Create Order]
2026-03-18 09:39:08.579  INFO 1 --- [io-12031-exec-5] order.service.OrderServiceImpl           : [create][Order Create Success][Order Price][OrderId:bd6fc09f-c732-483d-8599-2aea54cfb390 , Price: 0.0]
2026-03-18 09:39:08.960  INFO 1 --- [io-12031-exec-4] order.controller.OrderController         : [createNewOrder][Create Order][from shanghai to taiyuan at 1970-01-02 18:17:36]
2026-03-18 09:39:08.960  INFO 1 --- [io-12031-exec-4] order.service.OrderServiceImpl           : [create][Create Order][Ready to Create Order]
2026-03-18 09:39:08.972  INFO 1 --- [io-12031-exec-4] order.service.OrderServiceImpl           : [create][Order Create Success][Order Price][OrderId:f66f9401-81b3-4a52-895e-4530ca0a20ab , Price: 0.0]
2026-03-18 09:39:09.269  INFO 1 --- [io-12031-exec-6] order.controller.OrderController         : [createNewOrder][Create Order][from shanghai to taiyuan at 1970-01-02 18:17:36]
2026-03-18 09:39:09.269  INFO 1 --- [io-12031-exec-6] order.service.OrderServiceImpl           : [create][Create Order][Ready to Create Order]
2026-03-18 09:39:09.283  INFO 1 --- [io-12031-exec-6] order.service.OrderServiceImpl           : [create][Order Create Success][Order Price][OrderId:75bec99e-59d8-488a-8cfd-7774528acee6 , Price: 0.0]
2026-03-18 09:39:09.565  INFO 1 --- [io-12031-exec-7] order.controller.OrderController         : [createNewOrder][Create Order][from shanghai to taiyuan at 1970-01-02 18:17:36]
2026-03-18 09:39:09.565  INFO 1 --- [io-12031-exec-7] order.service.OrderServiceImpl           : [create][Create Order][Ready to Create Order]
2026-03-18 09:39:09.578  INFO 1 --- [io-12031-exec-7] order.service.OrderServiceImpl           : [create][Order Create Success][Order Price][OrderId:d6d8d290-cb7b-4ce1-be73-ed0f82e9aafb , Price: 0.0]
2026-03-18 09:39:09.862  INFO 1 --- [io-12031-exec-8] order.controller.OrderController         : [createNewOrder][Create Order][from shanghai to taiyuan at 1970-01-02 18:17:36]
2026-03-18 09:39:09.862  INFO 1 --- [io-12031-exec-8] order.service.OrderServiceImpl           : [create][Create Order][Ready to Create Order]
2026-03-18 09:39:09.873  INFO 1 --- [io-12031-exec-8] order.service.OrderServiceImpl           : [create][Order Create Success][Order Price][OrderId:f00f507d-6941-4dc2-8704-5f8766e078ac , Price: 0.0]
2026-03-18 09:39:10.165  INFO 1 --- [io-12031-exec-9] order.controller.OrderController         : [createNewOrder][Create Order][from shanghai to taiyuan at 1970-01-02 18:17:36]
2026-03-18 09:39:10.165  INFO 1 --- [io-12031-exec-9] order.service.OrderServiceImpl           : [create][Create Order][Ready to Create Order]
2026-03-18 09:39:10.176  INFO 1 --- [io-12031-exec-9] order.service.OrderServiceImpl           : [create][Order Create Success][Order Price][OrderId:ca876ce8-4ace-478c-8126-0e37722fb47e , Price: 0.0]
2026-03-18 09:39:10.467  INFO 1 --- [o-12031-exec-10] order.controller.OrderController         : [createNewOrder][Create Order][from shanghai to taiyuan at 1970-01-02 18:17:36]
2026-03-18 09:39:10.467  INFO 1 --- [o-12031-exec-10] order.service.OrderServiceImpl           : [create][Create Order][Ready to Create Order]
2026-03-18 09:39:10.481  INFO 1 --- [o-12031-exec-10] order.service.OrderServiceImpl           : [create][Order Create Success][Order Price][OrderId:89cde356-4a63-48bf-bf2f-d0dd4b895a76 , Price: 0.0]
2026-03-18 09:39:10.765  INFO 1 --- [io-12031-exec-1] order.controller.OrderController         : [createNewOrder][Create Order][from shanghai to taiyuan at 1970-01-02 18:17:36]
2026-03-18 09:39:10.765  INFO 1 --- [io-12031-exec-1] order.service.OrderServiceImpl           : [create][Create Order][Ready to Create Order]
2026-03-18 09:39:10.885  INFO 1 --- [io-12031-exec-1] order.service.OrderServiceImpl           : [create][Order Create Success][Order Price][OrderId:664b1ed4-b50e-4078-bf54-8d4e141574fe , Price: 0.0]
2026-03-18 09:39:11.168  INFO 1 --- [io-12031-exec-3] order.controller.OrderController         : [createNewOrder][Create Order][from shanghai to taiyuan at 1970-01-02 18:17:36]
2026-03-18 09:39:11.168  INFO 1 --- [io-12031-exec-3] order.service.OrderServiceImpl           : [create][Create Order][Ready to Create Order]
2026-03-18 09:39:11.181  INFO 1 --- [io-12031-exec-3] order.service.OrderServiceImpl           : [create][Order Create Success][Order Price][OrderId:c3431f57-d060-4f3d-bd66-d3aa77f05cc9 , Price: 0.0]
2026-03-18 09:39:11.466  INFO 1 --- [io-12031-exec-5] order.controller.OrderController         : [createNewOrder][Create Order][from shanghai to taiyuan at 1970-01-02 18:17:36]
2026-03-18 09:39:11.466  INFO 1 --- [io-12031-exec-5] order.service.OrderServiceImpl           : [create][Create Order][Ready to Create Order]
2026-03-18 09:39:11.479  INFO 1 --- [io-12031-exec-5] order.service.OrderServiceImpl           : [create][Order Create Success][Order Price][OrderId:e4f0060f-1d97-4d0a-8230-6f07ebcf5913 , Price: 0.0]
2026-03-18 09:39:11.763  INFO 1 --- [io-12031-exec-4] order.controller.OrderController         : [createNewOrder][Create Order][from shanghai to taiyuan at 1970-01-02 18:17:36]
2026-03-18 09:39:11.763  INFO 1 --- [io-12031-exec-4] order.service.OrderServiceImpl           : [create][Create Order][Ready to Create Order]
2026-03-18 09:39:11.775  INFO 1 --- [io-12031-exec-4] order.service.OrderServiceImpl           : [create][Order Create Success][Order Price][OrderId:1864abc1-ecc3-4d2f-b334-5403c253a1e1 , Price: 0.0]
2026-03-18 09:39:12.060  INFO 1 --- [io-12031-exec-6] order.controller.OrderController         : [createNewOrder][Create Order][from shanghai to taiyuan at 1970-01-02 18:17:36]
2026-03-18 09:39:12.060  INFO 1 --- [io-12031-exec-6] order.service.OrderServiceImpl           : [create][Create Order][Ready to Create Order]
2026-03-18 09:39:12.072  INFO 1 --- [io-12031-exec-6] order.service.OrderServiceImpl           : [create][Order Create Success][Order Price][OrderId:a4b83c1b-123c-4f04-8ff0-664765f609e8 , Price: 0.0]
2026-03-18 09:39:12.366  INFO 1 --- [io-12031-exec-7] order.controller.OrderController         : [createNewOrder][Create Order][from shanghai to taiyuan at 1970-01-02 18:17:36]
2026-03-18 09:39:12.366  INFO 1 --- [io-12031-exec-7] order.service.OrderServiceImpl           : [create][Create Order][Ready to Create Order]
2026-03-18 09:39:12.379  INFO 1 --- [io-12031-exec-7] order.service.OrderServiceImpl           : [create][Order Create Success][Order Price][OrderId:e6edaced-0eee-4ec2-915a-fd761a14d747 , Price: 0.0]
2026-03-18 09:39:12.667  INFO 1 --- [io-12031-exec-8] order.controller.OrderController         : [createNewOrder][Create Order][from shanghai to taiyuan at 1970-01-02 18:17:36]
2026-03-18 09:39:12.667  INFO 1 --- [io-12031-exec-8] order.service.OrderServiceImpl           : [create][Create Order][Ready to Create Order]
2026-03-18 09:39:12.681  INFO 1 --- [io-12031-exec-8] order.service.OrderServiceImpl           : [create][Order Create Success][Order Price][OrderId:db7a19b1-4f5b-4d1e-bc35-43f3cc10a43e , Price: 0.0]
2026-03-18 09:39:12.973  INFO 1 --- [io-12031-exec-9] order.controller.OrderController         : [createNewOrder][Create Order][from shanghai to taiyuan at 1970-01-02 18:17:36]
2026-03-18 09:39:12.973  INFO 1 --- [io-12031-exec-9] order.service.OrderServiceImpl           : [create][Create Order][Ready to Create Order]
2026-03-18 09:39:12.983  INFO 1 --- [io-12031-exec-9] order.service.OrderServiceImpl           : [create][Order Create Success][Order Price][OrderId:cf7e7ab1-1f96-4ca0-a82c-9d7b10f18a63 , Price: 0.0]
2026-03-18 09:39:13.268  INFO 1 --- [o-12031-exec-10] order.controller.OrderController         : [createNewOrder][Create Order][from shanghai to taiyuan at 1970-01-02 18:17:36]
2026-03-18 09:39:13.268  INFO 1 --- [o-12031-exec-10] order.service.OrderServiceImpl           : [create][Create Order][Ready to Create Order]
2026-03-18 09:39:13.280  INFO 1 --- [o-12031-exec-10] order.service.OrderServiceImpl           : [create][Order Create Success][Order Price][OrderId:0362ce1d-5d4b-457d-99d8-95647dcb60ce , Price: 0.0]
2026-03-18 09:39:13.561  INFO 1 --- [io-12031-exec-1] order.controller.OrderController         : [createNewOrder][Create Order][from shanghai to taiyuan at 1970-01-02 18:17:36]
2026-03-18 09:39:13.561  INFO 1 --- [io-12031-exec-1] order.service.OrderServiceImpl           : [create][Create Order][Ready to Create Order]
2026-03-18 09:39:13.572  INFO 1 --- [io-12031-exec-1] order.service.OrderServiceImpl           : [create][Order Create Success][Order Price][OrderId:43947551-3268-4600-b810-5385700645d7 , Price: 0.0]
2026-03-18 09:39:13.853  INFO 1 --- [io-12031-exec-3] order.controller.OrderController         : [createNewOrder][Create Order][from shanghai to taiyuan at 1970-01-02 18:17:36]
2026-03-18 09:39:13.853  INFO 1 --- [io-12031-exec-3] order.service.OrderServiceImpl           : [create][Create Order][Ready to Create Order]
2026-03-18 09:39:13.865  INFO 1 --- [io-12031-exec-3] order.service.OrderServiceImpl           : [create][Order Create Success][Order Price][OrderId:4f4d7604-b79b-4097-9661-cbb64f6879d8 , Price: 0.0]
2026-03-18 09:39:14.154  INFO 1 --- [io-12031-exec-2] order.controller.OrderController         : [createNewOrder][Create Order][from shanghai to taiyuan at 1970-01-02 18:17:36]
2026-03-18 09:39:14.154  INFO 1 --- [io-12031-exec-2] order.service.OrderServiceImpl           : [create][Create Order][Ready to Create Order]
2026-03-18 09:39:14.167  INFO 1 --- [io-12031-exec-2] order.service.OrderServiceImpl           : [create][Order Create Success][Order Price][OrderId:242c00f2-6666-486f-9b80-bda5bcff271c , Price: 0.0]
2026-03-18 09:39:14.457  INFO 1 --- [io-12031-exec-5] order.controller.OrderController         : [createNewOrder][Create Order][from shanghai to taiyuan at 1970-01-02 18:17:36]
2026-03-18 09:39:14.457  INFO 1 --- [io-12031-exec-5] order.service.OrderServiceImpl           : [create][Create Order][Ready to Create Order]
2026-03-18 09:39:14.469  INFO 1 --- [io-12031-exec-5] order.service.OrderServiceImpl           : [create][Order Create Success][Order Price][OrderId:0d2dea01-850c-4a94-a0bb-d946796a0fb7 , Price: 0.0]
2026-03-18 09:39:14.760  INFO 1 --- [io-12031-exec-4] order.controller.OrderController         : [createNewOrder][Create Order][from shanghai to taiyuan at 1970-01-02 18:17:36]
2026-03-18 09:39:14.760  INFO 1 --- [io-12031-exec-4] order.service.OrderServiceImpl           : [create][Create Order][Ready to Create Order]
2026-03-18 09:39:14.773  INFO 1 --- [io-12031-exec-4] order.service.OrderServiceImpl           : [create][Order Create Success][Order Price][OrderId:81503d34-0603-4d24-906f-9c38634880d2 , Price: 0.0]
2026-03-18 09:39:15.066  INFO 1 --- [io-12031-exec-6] order.controller.OrderController         : [createNewOrder][Create Order][from shanghai to taiyuan at 1970-01-02 18:17:36]
2026-03-18 09:39:15.066  INFO 1 --- [io-12031-exec-6] order.service.OrderServiceImpl           : [create][Create Order][Ready to Create Order]
2026-03-18 09:39:15.078  INFO 1 --- [io-12031-exec-6] order.service.OrderServiceImpl           : [create][Order Create Success][Order Price][OrderId:33d0602e-9b02-4ffa-bf48-88ef3c2bd856 , Price: 0.0]
2026-03-18 09:39:15.369  INFO 1 --- [io-12031-exec-7] order.controller.OrderController         : [createNewOrder][Create Order][from shanghai to taiyuan at 1970-01-02 18:17:36]
2026-03-18 09:39:15.369  INFO 1 --- [io-12031-exec-7] order.service.OrderServiceImpl           : [create][Create Order][Ready to Create Order]
2026-03-18 09:39:15.381  INFO 1 --- [io-12031-exec-7] order.service.OrderServiceImpl           : [create][Order Create Success][Order Price][OrderId:25ec8098-f221-4347-8aa3-1a5abe18398a , Price: 0.0]
2026-03-18 09:39:15.748  INFO 1 --- [io-12031-exec-8] order.controller.OrderController         : [createNewOrder][Create Order][from shanghai to taiyuan at 1970-01-02 18:17:36]
2026-03-18 09:39:15.749  INFO 1 --- [io-12031-exec-8] order.service.OrderServiceImpl           : [create][Create Order][Ready to Create Order]
2026-03-18 09:39:15.760  INFO 1 --- [io-12031-exec-8] order.service.OrderServiceImpl           : [create][Order Create Success][Order Price][OrderId:d5ecd434-2aa6-4ba3-bf28-f22f7e5de998 , Price: 0.0]
2026-03-18 09:39:16.054  INFO 1 --- [io-12031-exec-9] order.controller.OrderController         : [createNewOrder][Create Order][from shanghai to taiyuan at 1970-01-02 18:17:36]
2026-03-18 09:39:16.054  INFO 1 --- [io-12031-exec-9] order.service.OrderServiceImpl           : [create][Create Order][Ready to Create Order]
2026-03-18 09:39:16.065  INFO 1 --- [io-12031-exec-9] order.service.OrderServiceImpl           : [create][Order Create Success][Order Price][OrderId:eb211527-30c5-483b-9ad3-7e1b397b5379 , Price: 0.0]
2026-03-18 09:39:16.345  INFO 1 --- [o-12031-exec-10] order.controller.OrderController         : [createNewOrder][Create Order][from shanghai to taiyuan at 1970-01-02 18:17:36]
2026-03-18 09:39:16.345  INFO 1 --- [o-12031-exec-10] order.service.OrderServiceImpl           : [create][Create Order][Ready to Create Order]
2026-03-18 09:39:16.356  INFO 1 --- [o-12031-exec-10] order.service.OrderServiceImpl           : [create][Order Create Success][Order Price][OrderId:5a751e62-5bba-4f0c-a4e1-71eaba7c5456 , Price: 0.0]
2026-03-18 09:39:16.643  INFO 1 --- [io-12031-exec-1] order.controller.OrderController         : [createNewOrder][Create Order][from shanghai to taiyuan at 1970-01-02 18:17:36]
2026-03-18 09:39:16.643  INFO 1 --- [io-12031-exec-1] order.service.OrderServiceImpl           : [create][Create Order][Ready to Create Order]
2026-03-18 09:39:16.655  INFO 1 --- [io-12031-exec-1] order.service.OrderServiceImpl           : [create][Order Create Success][Order Price][OrderId:e51b67b7-63ed-494c-8086-c2ff3666b80d , Price: 0.0]
2026-03-18 09:39:17.042  INFO 1 --- [io-12031-exec-3] order.controller.OrderController         : [createNewOrder][Create Order][from shanghai to taiyuan at 1970-01-02 18:17:36]
2026-03-18 09:39:17.042  INFO 1 --- [io-12031-exec-3] order.service.OrderServiceImpl           : [create][Create Order][Ready to Create Order]
2026-03-18 09:39:17.052  INFO 1 --- [io-12031-exec-3] order.service.OrderServiceImpl           : [create][Order Create Success][Order Price][OrderId:0f986c5d-6a19-426c-988b-cc4a3a746dbc , Price: 0.0]
2026-03-18 09:39:17.344  INFO 1 --- [io-12031-exec-2] order.controller.OrderController         : [createNewOrder][Create Order][from shanghai to taiyuan at 1970-01-02 18:17:36]
2026-03-18 09:39:17.344  INFO 1 --- [io-12031-exec-2] order.service.OrderServiceImpl           : [create][Create Order][Ready to Create Order]
2026-03-18 09:39:17.356  INFO 1 --- [io-12031-exec-2] order.service.OrderServiceImpl           : [create][Order Create Success][Order Price][OrderId:faa05d61-49ac-4307-bd8e-7d025ac80d47 , Price: 0.0]
2026-03-18 09:39:17.660  INFO 1 --- [io-12031-exec-5] order.controller.OrderController         : [createNewOrder][Create Order][from shanghai to taiyuan at 1970-01-02 18:17:36]
2026-03-18 09:39:17.661  INFO 1 --- [io-12031-exec-5] order.service.OrderServiceImpl           : [create][Create Order][Ready to Create Order]
2026-03-18 09:39:17.671  INFO 1 --- [io-12031-exec-5] order.service.OrderServiceImpl           : [create][Order Create Success][Order Price][OrderId:cde4d9a0-df13-4b40-b5f0-172cef7cac07 , Price: 0.0]
2026-03-18 09:39:17.951  INFO 1 --- [io-12031-exec-4] order.controller.OrderController         : [createNewOrder][Create Order][from shanghai to taiyuan at 1970-01-02 18:17:36]
2026-03-18 09:39:17.951  INFO 1 --- [io-12031-exec-4] order.service.OrderServiceImpl           : [create][Create Order][Ready to Create Order]
2026-03-18 09:39:17.977  INFO 1 --- [io-12031-exec-4] order.service.OrderServiceImpl           : [create][Order Create Success][Order Price][OrderId:f95e1514-123a-4335-b49b-c2eb52ceb610 , Price: 0.0]
2026-03-18 09:39:18.264  INFO 1 --- [io-12031-exec-6] order.controller.OrderController         : [createNewOrder][Create Order][from shanghai to taiyuan at 1970-01-02 18:17:36]
2026-03-18 09:39:18.264  INFO 1 --- [io-12031-exec-6] order.service.OrderServiceImpl           : [create][Create Order][Ready to Create Order]
2026-03-18 09:39:18.276  INFO 1 --- [io-12031-exec-6] order.service.OrderServiceImpl           : [create][Order Create Success][Order Price][OrderId:c884b83f-b835-4caa-8252-7c0b228b9724 , Price: 0.0]
2026-03-18 09:39:18.563  INFO 1 --- [io-12031-exec-7] order.controller.OrderController         : [createNewOrder][Create Order][from shanghai to taiyuan at 1970-01-02 18:17:36]
2026-03-18 09:39:18.563  INFO 1 --- [io-12031-exec-7] order.service.OrderServiceImpl           : [create][Create Order][Ready to Create Order]
2026-03-18 09:39:18.576  INFO 1 --- [io-12031-exec-7] order.service.OrderServiceImpl           : [create][Order Create Success][Order Price][OrderId:ac15bba2-6f20-4cb0-9f58-b9fd4405a7ac , Price: 0.0]
2026-03-18 09:39:18.868  INFO 1 --- [io-12031-exec-8] order.controller.OrderController         : [createNewOrder][Create Order][from shanghai to taiyuan at 1970-01-02 18:17:36]
2026-03-18 09:39:18.868  INFO 1 --- [io-12031-exec-8] order.service.OrderServiceImpl           : [create][Create Order][Ready to Create Order]
2026-03-18 09:39:18.880  INFO 1 --- [io-12031-exec-8] order.service.OrderServiceImpl           : [create][Order Create Success][Order Price][OrderId:1def5d7e-0110-42e5-917d-47fde1ffa46b , Price: 0.0]
2026-03-18 09:39:19.237  INFO 1 --- [io-12031-exec-9] order.controller.OrderController         : [createNewOrder][Create Order][from shanghai to taiyuan at 1970-01-02 18:17:36]
2026-03-18 09:39:19.237  INFO 1 --- [io-12031-exec-9] order.service.OrderServiceImpl           : [create][Create Order][Ready to Create Order]
2026-03-18 09:39:19.248  INFO 1 --- [io-12031-exec-9] order.service.OrderServiceImpl           : [create][Order Create Success][Order Price][OrderId:e85d16dd-7bdd-4a23-9166-9e712abfd114 , Price: 0.0]
2026-03-18 09:39:19.539  INFO 1 --- [o-12031-exec-10] order.controller.OrderController         : [createNewOrder][Create Order][from shanghai to taiyuan at 1970-01-02 18:17:36]
2026-03-18 09:39:19.539  INFO 1 --- [o-12031-exec-10] order.service.OrderServiceImpl           : [create][Create Order][Ready to Create Order]
2026-03-18 09:39:19.550  INFO 1 --- [o-12031-exec-10] order.service.OrderServiceImpl           : [create][Order Create Success][Order Price][OrderId:581f3062-53c8-43ed-ba05-f37c2fafa45c , Price: 0.0]
2026-03-18 09:39:19.784  INFO 1 --- [io-12031-exec-1] order.controller.OrderController         : [createNewOrder][Create Order][from shanghai to taiyuan at 1970-01-02 18:17:36]
2026-03-18 09:39:19.784  INFO 1 --- [io-12031-exec-1] order.service.OrderServiceImpl           : [create][Create Order][Ready to Create Order]
2026-03-18 09:39:19.795  INFO 1 --- [io-12031-exec-1] order.service.OrderServiceImpl           : [create][Order Create Success][Order Price][OrderId:5ca7dedc-2698-4ccc-990d-6b811c291f8d , Price: 0.0]
2026-03-18 09:39:20.066  INFO 1 --- [io-12031-exec-3] order.controller.OrderController         : [createNewOrder][Create Order][from shanghai to taiyuan at 1970-01-02 18:17:36]
2026-03-18 09:39:20.066  INFO 1 --- [io-12031-exec-3] order.service.OrderServiceImpl           : [create][Create Order][Ready to Create Order]
2026-03-18 09:39:20.078  INFO 1 --- [io-12031-exec-3] order.service.OrderServiceImpl           : [create][Order Create Success][Order Price][OrderId:d66282b8-ded5-48f2-bda5-7b6dedf2c650 , Price: 0.0]
2026-03-18 09:39:20.364  INFO 1 --- [io-12031-exec-2] order.controller.OrderController         : [createNewOrder][Create Order][from shanghai to taiyuan at 1970-01-02 18:17:36]
2026-03-18 09:39:20.364  INFO 1 --- [io-12031-exec-2] order.service.OrderServiceImpl           : [create][Create Order][Ready to Create Order]
2026-03-18 09:39:20.375  INFO 1 --- [io-12031-exec-2] order.service.OrderServiceImpl           : [create][Order Create Success][Order Price][OrderId:e8c066ad-7309-4333-9d67-7529d828ab78 , Price: 0.0]
2026-03-18 09:39:20.656  INFO 1 --- [io-12031-exec-5] order.controller.OrderController         : [createNewOrder][Create Order][from shanghai to taiyuan at 1970-01-02 18:17:36]
2026-03-18 09:39:20.656  INFO 1 --- [io-12031-exec-5] order.service.OrderServiceImpl           : [create][Create Order][Ready to Create Order]
2026-03-18 09:39:20.667  INFO 1 --- [io-12031-exec-5] order.service.OrderServiceImpl           : [create][Order Create Success][Order Price][OrderId:b111bbe2-cbbf-4052-b4e4-07b3bcc7ed6d , Price: 0.0]
2026-03-18 09:39:20.947  INFO 1 --- [io-12031-exec-4] order.controller.OrderController         : [createNewOrder][Create Order][from shanghai to taiyuan at 1970-01-02 18:17:36]
2026-03-18 09:39:20.947  INFO 1 --- [io-12031-exec-4] order.service.OrderServiceImpl           : [create][Create Order][Ready to Create Order]
2026-03-18 09:39:20.958  INFO 1 --- [io-12031-exec-4] order.service.OrderServiceImpl           : [create][Order Create Success][Order Price][OrderId:ecaf158f-f333-4507-969c-7c4f5bacbb3a , Price: 0.0]
2026-03-18 09:39:21.248  INFO 1 --- [io-12031-exec-7] order.controller.OrderController         : [createNewOrder][Create Order][from shanghai to taiyuan at 1970-01-02 18:17:36]
2026-03-18 09:39:21.248  INFO 1 --- [io-12031-exec-7] order.service.OrderServiceImpl           : [create][Create Order][Ready to Create Order]
2026-03-18 09:39:21.265  INFO 1 --- [io-12031-exec-7] order.service.OrderServiceImpl           : [create][Order Create Success][Order Price][OrderId:4fc0f7d6-b4d2-4cf5-9f28-1e955cc2e141 , Price: 0.0]
2026-03-18 09:39:21.559  INFO 1 --- [io-12031-exec-8] order.controller.OrderController         : [createNewOrder][Create Order][from shanghai to taiyuan at 1970-01-02 18:17:36]
2026-03-18 09:39:21.559  INFO 1 --- [io-12031-exec-8] order.service.OrderServiceImpl           : [create][Create Order][Ready to Create Order]
2026-03-18 09:39:21.570  INFO 1 --- [io-12031-exec-8] order.service.OrderServiceImpl           : [create][Order Create Success][Order Price][OrderId:a9f9db19-6747-45a1-93a0-7ebb69c4d674 , Price: 0.0]
2026-03-18 09:39:21.859  INFO 1 --- [io-12031-exec-9] order.controller.OrderController         : [createNewOrder][Create Order][from shanghai to taiyuan at 1970-01-02 18:17:36]
2026-03-18 09:39:21.859  INFO 1 --- [io-12031-exec-9] order.service.OrderServiceImpl           : [create][Create Order][Ready to Create Order]
2026-03-18 09:39:21.870  INFO 1 --- [io-12031-exec-9] order.service.OrderServiceImpl           : [create][Order Create Success][Order Price][OrderId:4285d327-35d4-48f9-a76e-af88f052f640 , Price: 0.0]
2026-03-18 09:39:22.159  INFO 1 --- [o-12031-exec-10] order.controller.OrderController         : [createNewOrder][Create Order][from shanghai to taiyuan at 1970-01-02 18:17:36]
2026-03-18 09:39:22.159  INFO 1 --- [o-12031-exec-10] order.service.OrderServiceImpl           : [create][Create Order][Ready to Create Order]
2026-03-18 09:39:22.171  INFO 1 --- [o-12031-exec-10] order.service.OrderServiceImpl           : [create][Order Create Success][Order Price][OrderId:ac3e204d-9d13-4722-8fc1-25ef84615117 , Price: 0.0]
2026-03-18 09:39:22.457  INFO 1 --- [io-12031-exec-1] order.controller.OrderController         : [createNewOrder][Create Order][from shanghai to taiyuan at 1970-01-02 18:17:36]
2026-03-18 09:39:22.457  INFO 1 --- [io-12031-exec-1] order.service.OrderServiceImpl           : [create][Create Order][Ready to Create Order]
2026-03-18 09:39:22.470  INFO 1 --- [io-12031-exec-1] order.service.OrderServiceImpl           : [create][Order Create Success][Order Price][OrderId:59f47dda-a589-4ced-bb44-c9eb05133c08 , Price: 0.0]
2026-03-18 09:39:22.757  INFO 1 --- [io-12031-exec-3] order.controller.OrderController         : [createNewOrder][Create Order][from shanghai to taiyuan at 1970-01-02 18:17:36]
2026-03-18 09:39:22.757  INFO 1 --- [io-12031-exec-3] order.service.OrderServiceImpl           : [create][Create Order][Ready to Create Order]
2026-03-18 09:39:22.769  INFO 1 --- [io-12031-exec-3] order.service.OrderServiceImpl           : [create][Order Create Success][Order Price][OrderId:668d9956-0b92-45ea-80e7-a44ad6c85343 , Price: 0.0]
2026-03-18 09:39:23.053  INFO 1 --- [io-12031-exec-2] order.controller.OrderController         : [createNewOrder][Create Order][from shanghai to taiyuan at 1970-01-02 18:17:36]
2026-03-18 09:39:23.053  INFO 1 --- [io-12031-exec-2] order.service.OrderServiceImpl           : [create][Create Order][Ready to Create Order]
2026-03-18 09:39:23.065  INFO 1 --- [io-12031-exec-2] order.service.OrderServiceImpl           : [create][Order Create Success][Order Price][OrderId:e800cadc-885b-46c2-867a-c3acf6e519cc , Price: 0.0]
2026-03-18 09:39:23.357  INFO 1 --- [io-12031-exec-5] order.controller.OrderController         : [createNewOrder][Create Order][from shanghai to taiyuan at 1970-01-02 18:17:36]
2026-03-18 09:39:23.357  INFO 1 --- [io-12031-exec-5] order.service.OrderServiceImpl           : [create][Create Order][Ready to Create Order]
2026-03-18 09:39:23.368  INFO 1 --- [io-12031-exec-5] order.service.OrderServiceImpl           : [create][Order Create Success][Order Price][OrderId:70d10695-c264-4e9b-afc5-20551abfea6a , Price: 0.0]
2026-03-18 09:39:23.659  INFO 1 --- [io-12031-exec-4] order.controller.OrderController         : [createNewOrder][Create Order][from shanghai to taiyuan at 1970-01-02 18:17:36]
2026-03-18 09:39:23.659  INFO 1 --- [io-12031-exec-4] order.service.OrderServiceImpl           : [create][Create Order][Ready to Create Order]
2026-03-18 09:39:23.669  INFO 1 --- [io-12031-exec-4] order.service.OrderServiceImpl           : [create][Order Create Success][Order Price][OrderId:cc000ad9-4950-42a1-93f6-e840982a12f4 , Price: 0.0]
2026-03-18 09:39:23.959  INFO 1 --- [io-12031-exec-6] order.controller.OrderController         : [createNewOrder][Create Order][from shanghai to taiyuan at 1970-01-02 18:17:36]
2026-03-18 09:39:23.959  INFO 1 --- [io-12031-exec-6] order.service.OrderServiceImpl           : [create][Create Order][Ready to Create Order]
2026-03-18 09:39:23.971  INFO 1 --- [io-12031-exec-6] order.service.OrderServiceImpl           : [create][Order Create Success][Order Price][OrderId:2f84778b-61d5-4794-be9e-6461f23dce7b , Price: 0.0]
2026-03-18 09:39:24.258  INFO 1 --- [io-12031-exec-7] order.controller.OrderController         : [createNewOrder][Create Order][from shanghai to taiyuan at 1970-01-02 18:17:36]
2026-03-18 09:39:24.258  INFO 1 --- [io-12031-exec-7] order.service.OrderServiceImpl           : [create][Create Order][Ready to Create Order]
2026-03-18 09:39:24.270  INFO 1 --- [io-12031-exec-7] order.service.OrderServiceImpl           : [create][Order Create Success][Order Price][OrderId:5f40e2db-e0ef-4d3d-9ac9-debe15c6145f , Price: 0.0]
2026-03-18 09:39:24.556  INFO 1 --- [io-12031-exec-8] order.controller.OrderController         : [createNewOrder][Create Order][from shanghai to taiyuan at 1970-01-02 18:17:36]
2026-03-18 09:39:24.556  INFO 1 --- [io-12031-exec-8] order.service.OrderServiceImpl           : [create][Create Order][Ready to Create Order]
2026-03-18 09:39:24.566  INFO 1 --- [io-12031-exec-8] order.service.OrderServiceImpl           : [create][Order Create Success][Order Price][OrderId:483463f1-1ee9-482d-aa74-416ec3e834dd , Price: 0.0]
2026-03-18 09:39:24.846  INFO 1 --- [io-12031-exec-9] order.controller.OrderController         : [createNewOrder][Create Order][from shanghai to taiyuan at 1970-01-02 18:17:36]
2026-03-18 09:39:24.846  INFO 1 --- [io-12031-exec-9] order.service.OrderServiceImpl           : [create][Create Order][Ready to Create Order]
2026-03-18 09:39:24.873  INFO 1 --- [io-12031-exec-9] order.service.OrderServiceImpl           : [create][Order Create Success][Order Price][OrderId:7bcb5d34-c4a9-4016-b776-e5aed1d2124d , Price: 0.0]
2026-03-18 09:39:25.243  INFO 1 --- [o-12031-exec-10] order.controller.OrderController         : [createNewOrder][Create Order][from shanghai to taiyuan at 1970-01-02 18:17:36]
2026-03-18 09:39:25.243  INFO 1 --- [o-12031-exec-10] order.service.OrderServiceImpl           : [create][Create Order][Ready to Create Order]
2026-03-18 09:39:25.256  INFO 1 --- [o-12031-exec-10] order.service.OrderServiceImpl           : [create][Order Create Success][Order Price][OrderId:1031b3ad-5a56-4a8a-a915-ede04db71eed , Price: 0.0]
2026-03-18 09:39:25.545  INFO 1 --- [io-12031-exec-1] order.controller.OrderController         : [createNewOrder][Create Order][from shanghai to taiyuan at 1970-01-02 18:17:36]
2026-03-18 09:39:25.545  INFO 1 --- [io-12031-exec-1] order.service.OrderServiceImpl           : [create][Create Order][Ready to Create Order]
2026-03-18 09:39:25.559  INFO 1 --- [io-12031-exec-1] order.service.OrderServiceImpl           : [create][Order Create Success][Order Price][OrderId:d17e3f0b-d29c-4a36-a595-689bb0aadf6e , Price: 0.0]
2026-03-18 09:39:25.846  INFO 1 --- [io-12031-exec-3] order.controller.OrderController         : [createNewOrder][Create Order][from shanghai to taiyuan at 1970-01-02 18:17:36]
2026-03-18 09:39:25.846  INFO 1 --- [io-12031-exec-3] order.service.OrderServiceImpl           : [create][Create Order][Ready to Create Order]
2026-03-18 09:39:25.855  INFO 1 --- [io-12031-exec-3] order.service.OrderServiceImpl           : [create][Order Create Success][Order Price][OrderId:d0c265ab-f724-4b63-9eb1-5abe5295f34b , Price: 0.0]
2026-03-18 09:39:26.139  INFO 1 --- [io-12031-exec-2] order.controller.OrderController         : [createNewOrder][Create Order][from shanghai to taiyuan at 1970-01-02 18:17:36]
2026-03-18 09:39:26.139  INFO 1 --- [io-12031-exec-2] order.service.OrderServiceImpl           : [create][Create Order][Ready to Create Order]
2026-03-18 09:39:26.150  INFO 1 --- [io-12031-exec-2] order.service.OrderServiceImpl           : [create][Order Create Success][Order Price][OrderId:6bab2898-f3a5-46d0-8c7b-c01d9eb1882f , Price: 0.0]
2026-03-18 09:39:26.438  INFO 1 --- [io-12031-exec-5] order.controller.OrderController         : [createNewOrder][Create Order][from shanghai to taiyuan at 1970-01-02 18:17:36]
2026-03-18 09:39:26.438  INFO 1 --- [io-12031-exec-5] order.service.OrderServiceImpl           : [create][Create Order][Ready to Create Order]
2026-03-18 09:39:26.450  INFO 1 --- [io-12031-exec-5] order.service.OrderServiceImpl           : [create][Order Create Success][Order Price][OrderId:559ff847-45b5-4a0e-8708-3647cd338851 , Price: 0.0]
2026-03-18 09:39:26.837  INFO 1 --- [io-12031-exec-4] order.controller.OrderController         : [createNewOrder][Create Order][from shanghai to taiyuan at 1970-01-02 18:17:36]
2026-03-18 09:39:26.837  INFO 1 --- [io-12031-exec-4] order.service.OrderServiceImpl           : [create][Create Order][Ready to Create Order]
2026-03-18 09:39:26.851  INFO 1 --- [io-12031-exec-4] order.service.OrderServiceImpl           : [create][Order Create Success][Order Price][OrderId:9ddecc9d-c49c-442d-9731-162a9faff5a4 , Price: 0.0]
2026-03-18 09:39:27.146  INFO 1 --- [io-12031-exec-6] order.controller.OrderController         : [createNewOrder][Create Order][from shanghai to taiyuan at 1970-01-02 18:17:36]
2026-03-18 09:39:27.147  INFO 1 --- [io-12031-exec-6] order.service.OrderServiceImpl           : [create][Create Order][Ready to Create Order]
2026-03-18 09:39:27.159  INFO 1 --- [io-12031-exec-6] order.service.OrderServiceImpl           : [create][Order Create Success][Order Price][OrderId:e566f1f5-6b90-4ac9-82b9-4f3515a4e368 , Price: 0.0]
2026-03-18 09:39:27.444  INFO 1 --- [io-12031-exec-7] order.controller.OrderController         : [createNewOrder][Create Order][from shanghai to taiyuan at 1970-01-02 18:17:36]
2026-03-18 09:39:27.444  INFO 1 --- [io-12031-exec-7] order.service.OrderServiceImpl           : [create][Create Order][Ready to Create Order]
2026-03-18 09:39:27.455  INFO 1 --- [io-12031-exec-7] order.service.OrderServiceImpl           : [create][Order Create Success][Order Price][OrderId:bf88ef40-121f-47c6-91d4-0de4a29ae3c1 , Price: 0.0]
2026-03-18 09:39:27.740  INFO 1 --- [io-12031-exec-8] order.controller.OrderController         : [createNewOrder][Create Order][from shanghai to taiyuan at 1970-01-02 18:17:36]
2026-03-18 09:39:27.740  INFO 1 --- [io-12031-exec-8] order.service.OrderServiceImpl           : [create][Create Order][Ready to Create Order]
2026-03-18 09:39:27.751  INFO 1 --- [io-12031-exec-8] order.service.OrderServiceImpl           : [create][Order Create Success][Order Price][OrderId:3b809815-5e1a-4cc9-92f3-524158d4eeed , Price: 0.0]
2026-03-18 09:39:28.058  INFO 1 --- [io-12031-exec-9] order.controller.OrderController         : [createNewOrder][Create Order][from shanghai to taiyuan at 1970-01-02 18:17:36]
2026-03-18 09:39:28.058  INFO 1 --- [io-12031-exec-9] order.service.OrderServiceImpl           : [create][Create Order][Ready to Create Order]
2026-03-18 09:39:28.071  INFO 1 --- [io-12031-exec-9] order.service.OrderServiceImpl           : [create][Order Create Success][Order Price][OrderId:7df5e90b-8506-43fd-873e-39bbb93c8dc6 , Price: 0.0]
2026-03-18 09:39:28.356  INFO 1 --- [o-12031-exec-10] order.controller.OrderController         : [createNewOrder][Create Order][from shanghai to taiyuan at 1970-01-02 18:17:36]
2026-03-18 09:39:28.356  INFO 1 --- [o-12031-exec-10] order.service.OrderServiceImpl           : [create][Create Order][Ready to Create Order]
2026-03-18 09:39:28.367  INFO 1 --- [o-12031-exec-10] order.service.OrderServiceImpl           : [create][Order Create Success][Order Price][OrderId:21cddaba-271c-4f72-8d65-1c6ae125ca92 , Price: 0.0]
2026-03-18 09:39:28.780  INFO 1 --- [io-12031-exec-1] order.controller.OrderController         : [createNewOrder][Create Order][from shanghai to taiyuan at 1970-01-02 18:17:36]
2026-03-18 09:39:28.781  INFO 1 --- [io-12031-exec-1] order.service.OrderServiceImpl           : [create][Create Order][Ready to Create Order]
2026-03-18 09:39:28.866  INFO 1 --- [io-12031-exec-1] order.service.OrderServiceImpl           : [create][Order Create Success][Order Price][OrderId:de4d6598-c773-4090-b0fa-7bbdc25f8103 , Price: 0.0]
2026-03-18 09:39:29.180  INFO 1 --- [io-12031-exec-3] order.controller.OrderController         : [createNewOrder][Create Order][from shanghai to taiyuan at 1970-01-02 18:17:36]
2026-03-18 09:39:29.181  INFO 1 --- [io-12031-exec-3] order.service.OrderServiceImpl           : [create][Create Order][Ready to Create Order]
2026-03-18 09:39:29.193  INFO 1 --- [io-12031-exec-3] order.service.OrderServiceImpl           : [create][Order Create Success][Order Price][OrderId:99235001-0d7f-4ecd-8a5f-b9878cea63c9 , Price: 0.0]
2026-03-18 09:39:29.465  INFO 1 --- [io-12031-exec-2] order.controller.OrderController         : [createNewOrder][Create Order][from shanghai to taiyuan at 1970-01-02 18:17:36]
2026-03-18 09:39:29.465  INFO 1 --- [io-12031-exec-2] order.service.OrderServiceImpl           : [create][Create Order][Ready to Create Order]
2026-03-18 09:39:29.477  INFO 1 --- [io-12031-exec-2] order.service.OrderServiceImpl           : [create][Order Create Success][Order Price][OrderId:edc15a53-a1bd-428a-a631-c87f640a500d , Price: 0.0]
2026-03-18 09:39:29.766  INFO 1 --- [io-12031-exec-5] order.controller.OrderController         : [createNewOrder][Create Order][from shanghai to taiyuan at 1970-01-02 18:17:36]
2026-03-18 09:39:29.766  INFO 1 --- [io-12031-exec-5] order.service.OrderServiceImpl           : [create][Create Order][Ready to Create Order]
2026-03-18 09:39:29.777  INFO 1 --- [io-12031-exec-5] order.service.OrderServiceImpl           : [create][Order Create Success][Order Price][OrderId:68397ace-bf3a-4b3c-a23a-14767dab3575 , Price: 0.0]
2026-03-18 09:39:30.084  INFO 1 --- [io-12031-exec-4] order.controller.OrderController         : [createNewOrder][Create Order][from shanghai to taiyuan at 1970-01-02 18:17:36]
2026-03-18 09:39:30.084  INFO 1 --- [io-12031-exec-4] order.service.OrderServiceImpl           : [create][Create Order][Ready to Create Order]
2026-03-18 09:39:30.096  INFO 1 --- [io-12031-exec-4] order.service.OrderServiceImpl           : [create][Order Create Success][Order Price][OrderId:8f27f9d0-6932-41fe-9c63-7d4061da5257 , Price: 0.0]
2026-03-18 09:39:30.364  INFO 1 --- [io-12031-exec-6] order.controller.OrderController         : [createNewOrder][Create Order][from shanghai to taiyuan at 1970-01-02 18:17:36]
2026-03-18 09:39:30.364  INFO 1 --- [io-12031-exec-6] order.service.OrderServiceImpl           : [create][Create Order][Ready to Create Order]
2026-03-18 09:39:30.375  INFO 1 --- [io-12031-exec-6] order.service.OrderServiceImpl           : [create][Order Create Success][Order Price][OrderId:1db459cb-57ca-4c9f-8812-7ce4d3665349 , Price: 0.0]
2026-03-18 09:39:30.672  INFO 1 --- [io-12031-exec-7] order.controller.OrderController         : [createNewOrder][Create Order][from shanghai to taiyuan at 1970-01-02 18:17:36]
2026-03-18 09:39:30.673  INFO 1 --- [io-12031-exec-7] order.service.OrderServiceImpl           : [create][Create Order][Ready to Create Order]
2026-03-18 09:39:30.685  INFO 1 --- [io-12031-exec-7] order.service.OrderServiceImpl           : [create][Order Create Success][Order Price][OrderId:3f92ad3a-571e-4c9e-82f3-adc9d6c73c50 , Price: 0.0]
2026-03-18 09:39:30.965  INFO 1 --- [io-12031-exec-8] order.controller.OrderController         : [createNewOrder][Create Order][from shanghai to taiyuan at 1970-01-02 18:17:36]
2026-03-18 09:39:30.965  INFO 1 --- [io-12031-exec-8] order.service.OrderServiceImpl           : [create][Create Order][Ready to Create Order]
2026-03-18 09:39:30.975  INFO 1 --- [io-12031-exec-8] order.service.OrderServiceImpl           : [create][Order Create Success][Order Price][OrderId:1bac9fd1-90c0-470b-8193-c40b4d1be469 , Price: 0.0]
2026-03-18 09:39:31.275  INFO 1 --- [o-12031-exec-10] order.controller.OrderController         : [createNewOrder][Create Order][from shanghai to taiyuan at 1970-01-02 18:17:36]
2026-03-18 09:39:31.275  INFO 1 --- [o-12031-exec-10] order.service.OrderServiceImpl           : [create][Create Order][Ready to Create Order]
2026-03-18 09:39:31.287  INFO 1 --- [o-12031-exec-10] order.service.OrderServiceImpl           : [create][Order Create Success][Order Price][OrderId:9f4459d8-49f6-4a3b-8f88-848a85d1f8be , Price: 0.0]
2026-03-18 09:39:31.569  INFO 1 --- [io-12031-exec-1] order.controller.OrderController         : [createNewOrder][Create Order][from shanghai to taiyuan at 1970-01-02 18:17:36]
2026-03-18 09:39:31.569  INFO 1 --- [io-12031-exec-1] order.service.OrderServiceImpl           : [create][Create Order][Ready to Create Order]
2026-03-18 09:39:31.773  INFO 1 --- [io-12031-exec-1] order.service.OrderServiceImpl           : [create][Order Create Success][Order Price][OrderId:a8756306-822e-4e0e-82bd-38d298902855 , Price: 0.0]
2026-03-18 09:39:32.062  INFO 1 --- [io-12031-exec-3] order.controller.OrderController         : [createNewOrder][Create Order][from shanghai to taiyuan at 1970-01-02 18:17:36]
2026-03-18 09:39:32.062  INFO 1 --- [io-12031-exec-3] order.service.OrderServiceImpl           : [create][Create Order][Ready to Create Order]
2026-03-18 09:39:32.073  INFO 1 --- [io-12031-exec-3] order.service.OrderServiceImpl           : [create][Order Create Success][Order Price][OrderId:efc13c40-36b6-47b4-9b10-bf9b8fda629d , Price: 0.0]
2026-03-18 09:39:32.361  INFO 1 --- [io-12031-exec-2] order.controller.OrderController         : [createNewOrder][Create Order][from shanghai to taiyuan at 1970-01-02 18:17:36]
2026-03-18 09:39:32.361  INFO 1 --- [io-12031-exec-2] order.service.OrderServiceImpl           : [create][Create Order][Ready to Create Order]
2026-03-18 09:39:32.372  INFO 1 --- [io-12031-exec-2] order.service.OrderServiceImpl           : [create][Order Create Success][Order Price][OrderId:79f70800-e903-45a7-b6f7-3cc7d9297a8e , Price: 0.0]
2026-03-18 09:39:32.655  INFO 1 --- [io-12031-exec-5] order.controller.OrderController         : [createNewOrder][Create Order][from shanghai to taiyuan at 1970-01-02 18:17:36]
2026-03-18 09:39:32.655  INFO 1 --- [io-12031-exec-5] order.service.OrderServiceImpl           : [create][Create Order][Ready to Create Order]
2026-03-18 09:39:32.666  INFO 1 --- [io-12031-exec-5] order.service.OrderServiceImpl           : [create][Order Create Success][Order Price][OrderId:2008331e-c570-42be-a1d9-96a4b26a2f5a , Price: 0.0]
2026-03-18 09:39:32.954  INFO 1 --- [io-12031-exec-4] order.controller.OrderController         : [createNewOrder][Create Order][from shanghai to taiyuan at 1970-01-02 18:17:36]
2026-03-18 09:39:32.954  INFO 1 --- [io-12031-exec-4] order.service.OrderServiceImpl           : [create][Create Order][Ready to Create Order]
2026-03-18 09:39:32.964  INFO 1 --- [io-12031-exec-4] order.service.OrderServiceImpl           : [create][Order Create Success][Order Price][OrderId:6cacdf98-1be3-4461-bfb0-e072ff7df5c8 , Price: 0.0]
2026-03-18 09:39:33.246  INFO 1 --- [io-12031-exec-6] order.controller.OrderController         : [createNewOrder][Create Order][from shanghai to taiyuan at 1970-01-02 18:17:36]
2026-03-18 09:39:33.246  INFO 1 --- [io-12031-exec-6] order.service.OrderServiceImpl           : [create][Create Order][Ready to Create Order]
2026-03-18 09:39:33.257  INFO 1 --- [io-12031-exec-6] order.service.OrderServiceImpl           : [create][Order Create Success][Order Price][OrderId:f9cedcd8-bef2-4f9d-91c2-5302ddac1c8f , Price: 0.0]
2026-03-18 09:39:33.540  INFO 1 --- [io-12031-exec-7] order.controller.OrderController         : [createNewOrder][Create Order][from shanghai to taiyuan at 1970-01-02 18:17:36]
2026-03-18 09:39:33.540  INFO 1 --- [io-12031-exec-7] order.service.OrderServiceImpl           : [create][Create Order][Ready to Create Order]
2026-03-18 09:39:33.551  INFO 1 --- [io-12031-exec-7] order.service.OrderServiceImpl           : [create][Order Create Success][Order Price][OrderId:fda34a25-986b-4c0d-bf62-dac7d1f7da3f , Price: 0.0]
2026-03-18 09:39:33.841  INFO 1 --- [io-12031-exec-8] order.controller.OrderController         : [createNewOrder][Create Order][from shanghai to taiyuan at 1970-01-02 18:17:36]
2026-03-18 09:39:33.841  INFO 1 --- [io-12031-exec-8] order.service.OrderServiceImpl           : [create][Create Order][Ready to Create Order]
2026-03-18 09:39:33.851  INFO 1 --- [io-12031-exec-8] order.service.OrderServiceImpl           : [create][Order Create Success][Order Price][OrderId:a0fe02ae-4501-45d7-a4b0-5b3f405637c2 , Price: 0.0]
2026-03-18 09:39:34.145  INFO 1 --- [io-12031-exec-9] order.controller.OrderController         : [createNewOrder][Create Order][from shanghai to taiyuan at 1970-01-02 18:17:36]
2026-03-18 09:39:34.145  INFO 1 --- [io-12031-exec-9] order.service.OrderServiceImpl           : [create][Create Order][Ready to Create Order]
2026-03-18 09:39:34.159  INFO 1 --- [io-12031-exec-9] order.service.OrderServiceImpl           : [create][Order Create Success][Order Price][OrderId:fe236c94-36dc-4063-821c-7dd731005e5f , Price: 0.0]
2026-03-18 09:39:34.461  INFO 1 --- [o-12031-exec-10] order.controller.OrderController         : [createNewOrder][Create Order][from shanghai to taiyuan at 1970-01-02 18:17:36]
2026-03-18 09:39:34.461  INFO 1 --- [o-12031-exec-10] order.service.OrderServiceImpl           : [create][Create Order][Ready to Create Order]
2026-03-18 09:39:34.570  INFO 1 --- [o-12031-exec-10] order.service.OrderServiceImpl           : [create][Order Create Success][Order Price][OrderId:a42d87c1-6c7f-448e-b13b-3185143e110a , Price: 0.0]
2026-03-18 09:39:34.860  INFO 1 --- [io-12031-exec-1] order.controller.OrderController         : [createNewOrder][Create Order][from shanghai to taiyuan at 1970-01-02 18:17:36]
2026-03-18 09:39:34.860  INFO 1 --- [io-12031-exec-1] order.service.OrderServiceImpl           : [create][Create Order][Ready to Create Order]
2026-03-18 09:39:34.870  INFO 1 --- [io-12031-exec-1] order.service.OrderServiceImpl           : [create][Order Create Success][Order Price][OrderId:9ad5acc8-6826-4ee2-b127-136ec3d34f1e , Price: 0.0]
2026-03-18 09:39:35.157  INFO 1 --- [io-12031-exec-3] order.controller.OrderController         : [createNewOrder][Create Order][from shanghai to taiyuan at 1970-01-02 18:17:36]
2026-03-18 09:39:35.157  INFO 1 --- [io-12031-exec-3] order.service.OrderServiceImpl           : [create][Create Order][Ready to Create Order]
2026-03-18 09:39:35.171  INFO 1 --- [io-12031-exec-3] order.service.OrderServiceImpl           : [create][Order Create Success][Order Price][OrderId:657b481f-0b93-467e-818c-473662c5220f , Price: 0.0]
2026-03-18 09:39:35.464  INFO 1 --- [io-12031-exec-2] order.controller.OrderController         : [createNewOrder][Create Order][from shanghai to taiyuan at 1970-01-02 18:17:36]
2026-03-18 09:39:35.464  INFO 1 --- [io-12031-exec-2] order.service.OrderServiceImpl           : [create][Create Order][Ready to Create Order]
2026-03-18 09:39:35.477  INFO 1 --- [io-12031-exec-2] order.service.OrderServiceImpl           : [create][Order Create Success][Order Price][OrderId:2963238e-572e-4646-a90d-a5c340acb7ee , Price: 0.0]
2026-03-18 09:39:35.762  INFO 1 --- [io-12031-exec-5] order.controller.OrderController         : [createNewOrder][Create Order][from shanghai to taiyuan at 1970-01-02 18:17:36]
2026-03-18 09:39:35.762  INFO 1 --- [io-12031-exec-5] order.service.OrderServiceImpl           : [create][Create Order][Ready to Create Order]
2026-03-18 09:39:35.774  INFO 1 --- [io-12031-exec-5] order.service.OrderServiceImpl           : [create][Order Create Success][Order Price][OrderId:b01bc1d6-db79-464d-962d-6c67f471fb80 , Price: 0.0]
2026-03-18 09:39:36.064  INFO 1 --- [io-12031-exec-4] order.controller.OrderController         : [createNewOrder][Create Order][from shanghai to taiyuan at 1970-01-02 18:17:36]
2026-03-18 09:39:36.064  INFO 1 --- [io-12031-exec-4] order.service.OrderServiceImpl           : [create][Create Order][Ready to Create Order]
2026-03-18 09:39:36.076  INFO 1 --- [io-12031-exec-4] order.service.OrderServiceImpl           : [create][Order Create Success][Order Price][OrderId:4a55222d-b692-4138-8f50-3d759e8d390a , Price: 0.0]
2026-03-18 09:39:36.361  INFO 1 --- [io-12031-exec-6] order.controller.OrderController         : [createNewOrder][Create Order][from shanghai to taiyuan at 1970-01-02 18:17:36]
2026-03-18 09:39:36.361  INFO 1 --- [io-12031-exec-6] order.service.OrderServiceImpl           : [create][Create Order][Ready to Create Order]
2026-03-18 09:39:36.373  INFO 1 --- [io-12031-exec-6] order.service.OrderServiceImpl           : [create][Order Create Success][Order Price][OrderId:58c91a4e-d0ee-4be6-a741-f57ebfb87779 , Price: 0.0]
2026-03-18 09:39:36.652  INFO 1 --- [io-12031-exec-7] order.controller.OrderController         : [createNewOrder][Create Order][from shanghai to taiyuan at 1970-01-02 18:17:36]
2026-03-18 09:39:36.652  INFO 1 --- [io-12031-exec-7] order.service.OrderServiceImpl           : [create][Create Order][Ready to Create Order]
2026-03-18 09:39:36.663  INFO 1 --- [io-12031-exec-7] order.service.OrderServiceImpl           : [create][Order Create Success][Order Price][OrderId:ab4b92d2-d688-45b7-8e80-404dbac16977 , Price: 0.0]
2026-03-18 09:39:36.949  INFO 1 --- [io-12031-exec-8] order.controller.OrderController         : [createNewOrder][Create Order][from shanghai to taiyuan at 1970-01-02 18:17:36]
2026-03-18 09:39:36.949  INFO 1 --- [io-12031-exec-8] order.service.OrderServiceImpl           : [create][Create Order][Ready to Create Order]
2026-03-18 09:39:36.962  INFO 1 --- [io-12031-exec-8] order.service.OrderServiceImpl           : [create][Order Create Success][Order Price][OrderId:b94a782a-bb96-467b-bc9d-5156093af0ce , Price: 0.0]
2026-03-18 09:39:37.246  INFO 1 --- [io-12031-exec-9] order.controller.OrderController         : [createNewOrder][Create Order][from shanghai to taiyuan at 1970-01-02 18:17:36]
2026-03-18 09:39:37.246  INFO 1 --- [io-12031-exec-9] order.service.OrderServiceImpl           : [create][Create Order][Ready to Create Order]
2026-03-18 09:39:37.258  INFO 1 --- [io-12031-exec-9] order.service.OrderServiceImpl           : [create][Order Create Success][Order Price][OrderId:533bf2b6-8c58-4d96-a906-dd48d540da29 , Price: 0.0]
2026-03-18 09:39:37.536  INFO 1 --- [o-12031-exec-10] order.controller.OrderController         : [createNewOrder][Create Order][from shanghai to taiyuan at 1970-01-02 18:17:36]
2026-03-18 09:39:37.537  INFO 1 --- [o-12031-exec-10] order.service.OrderServiceImpl           : [create][Create Order][Ready to Create Order]
2026-03-18 09:39:37.549  INFO 1 --- [o-12031-exec-10] order.service.OrderServiceImpl           : [create][Order Create Success][Order Price][OrderId:6f6c11c1-9242-4bb5-b3f1-71e73e083982 , Price: 0.0]
2026-03-18 09:39:37.780  INFO 1 --- [io-12031-exec-1] order.controller.OrderController         : [createNewOrder][Create Order][from shanghai to taiyuan at 1970-01-02 18:17:36]
2026-03-18 09:39:37.780  INFO 1 --- [io-12031-exec-1] order.service.OrderServiceImpl           : [create][Create Order][Ready to Create Order]
2026-03-18 09:39:37.803  INFO 1 --- [io-12031-exec-1] order.service.OrderServiceImpl           : [create][Order Create Success][Order Price][OrderId:7f0e1c03-036c-403f-bac0-988e43773b50 , Price: 0.0]
2026-03-18 09:39:38.062  INFO 1 --- [io-12031-exec-3] order.controller.OrderController         : [createNewOrder][Create Order][from shanghai to taiyuan at 1970-01-02 18:17:36]
2026-03-18 09:39:38.062  INFO 1 --- [io-12031-exec-3] order.service.OrderServiceImpl           : [create][Create Order][Ready to Create Order]
2026-03-18 09:39:38.077  INFO 1 --- [io-12031-exec-3] order.service.OrderServiceImpl           : [create][Order Create Success][Order Price][OrderId:2a046b42-4f05-4dc4-97dd-cac608ad5d08 , Price: 0.0]
2026-03-18 09:39:38.365  INFO 1 --- [io-12031-exec-2] order.controller.OrderController         : [createNewOrder][Create Order][from shanghai to taiyuan at 1970-01-02 18:17:36]
2026-03-18 09:39:38.365  INFO 1 --- [io-12031-exec-2] order.service.OrderServiceImpl           : [create][Create Order][Ready to Create Order]
2026-03-18 09:39:38.377  INFO 1 --- [io-12031-exec-2] order.service.OrderServiceImpl           : [create][Order Create Success][Order Price][OrderId:75072290-f81a-4c91-8d53-14d508c8c5bf , Price: 0.0]
2026-03-18 09:39:38.664  INFO 1 --- [io-12031-exec-5] order.controller.OrderController         : [createNewOrder][Create Order][from shanghai to taiyuan at 1970-01-02 18:17:36]
2026-03-18 09:39:38.664  INFO 1 --- [io-12031-exec-5] order.service.OrderServiceImpl           : [create][Create Order][Ready to Create Order]
2026-03-18 09:39:38.675  INFO 1 --- [io-12031-exec-5] order.service.OrderServiceImpl           : [create][Order Create Success][Order Price][OrderId:4c0158b2-ced8-4d57-9282-f837fd60cefa , Price: 0.0]
2026-03-18 09:39:38.961  INFO 1 --- [io-12031-exec-4] order.controller.OrderController         : [createNewOrder][Create Order][from shanghai to taiyuan at 1970-01-02 18:17:36]
2026-03-18 09:39:38.961  INFO 1 --- [io-12031-exec-4] order.service.OrderServiceImpl           : [create][Create Order][Ready to Create Order]
2026-03-18 09:39:38.973  INFO 1 --- [io-12031-exec-4] order.service.OrderServiceImpl           : [create][Order Create Success][Order Price][OrderId:c0439699-ac61-42a6-b2cf-df1af310e223 , Price: 0.0]
2026-03-18 09:39:39.255  INFO 1 --- [io-12031-exec-6] order.controller.OrderController         : [createNewOrder][Create Order][from shanghai to taiyuan at 1970-01-02 18:17:36]
2026-03-18 09:39:39.255  INFO 1 --- [io-12031-exec-6] order.service.OrderServiceImpl           : [create][Create Order][Ready to Create Order]
2026-03-18 09:39:39.267  INFO 1 --- [io-12031-exec-6] order.service.OrderServiceImpl           : [create][Order Create Success][Order Price][OrderId:ed3e712b-2c2f-4799-84a6-e296f544da82 , Price: 0.0]
2026-03-18 09:39:39.550  INFO 1 --- [io-12031-exec-7] order.controller.OrderController         : [createNewOrder][Create Order][from shanghai to taiyuan at 1970-01-02 18:17:36]
2026-03-18 09:39:39.550  INFO 1 --- [io-12031-exec-7] order.service.OrderServiceImpl           : [create][Create Order][Ready to Create Order]
2026-03-18 09:39:39.563  INFO 1 --- [io-12031-exec-7] order.service.OrderServiceImpl           : [create][Order Create Success][Order Price][OrderId:9541416c-8ab3-4664-b087-f677cd5822d0 , Price: 0.0]
2026-03-18 09:39:39.862  INFO 1 --- [io-12031-exec-8] order.controller.OrderController         : [createNewOrder][Create Order][from shanghai to taiyuan at 1970-01-02 18:17:36]
2026-03-18 09:39:39.862  INFO 1 --- [io-12031-exec-8] order.service.OrderServiceImpl           : [create][Create Order][Ready to Create Order]
2026-03-18 09:39:39.875  INFO 1 --- [io-12031-exec-8] order.service.OrderServiceImpl           : [create][Order Create Success][Order Price][OrderId:fc6b03ee-2e50-4041-85cf-ff410e57142e , Price: 0.0]
2026-03-18 09:39:40.168  INFO 1 --- [io-12031-exec-9] order.controller.OrderController         : [createNewOrder][Create Order][from shanghai to taiyuan at 1970-01-02 18:17:36]
2026-03-18 09:39:40.168  INFO 1 --- [io-12031-exec-9] order.service.OrderServiceImpl           : [create][Create Order][Ready to Create Order]
2026-03-18 09:39:40.180  INFO 1 --- [io-12031-exec-9] order.service.OrderServiceImpl           : [create][Order Create Success][Order Price][OrderId:808f96cd-852e-4c1e-89f2-fcf3b6589df8 , Price: 0.0]
2026-03-18 09:39:40.464  INFO 1 --- [o-12031-exec-10] order.controller.OrderController         : [createNewOrder][Create Order][from shanghai to taiyuan at 1970-01-02 18:17:36]
2026-03-18 09:39:40.464  INFO 1 --- [o-12031-exec-10] order.service.OrderServiceImpl           : [create][Create Order][Ready to Create Order]
2026-03-18 09:39:40.476  INFO 1 --- [o-12031-exec-10] order.service.OrderServiceImpl           : [create][Order Create Success][Order Price][OrderId:a028f970-bed7-44f5-95d2-59b39604f8e8 , Price: 0.0]
2026-03-18 09:39:40.761  INFO 1 --- [io-12031-exec-1] order.controller.OrderController         : [createNewOrder][Create Order][from shanghai to taiyuan at 1970-01-02 18:17:36]
2026-03-18 09:39:40.761  INFO 1 --- [io-12031-exec-1] order.service.OrderServiceImpl           : [create][Create Order][Ready to Create Order]
2026-03-18 09:39:40.773  INFO 1 --- [io-12031-exec-1] order.service.OrderServiceImpl           : [create][Order Create Success][Order Price][OrderId:8ff07ed0-a729-489f-a53c-a0521ce99fa3 , Price: 0.0]
2026-03-18 09:39:41.054  INFO 1 --- [io-12031-exec-3] order.controller.OrderController         : [createNewOrder][Create Order][from shanghai to taiyuan at 1970-01-02 18:17:36]
2026-03-18 09:39:41.054  INFO 1 --- [io-12031-exec-3] order.service.OrderServiceImpl           : [create][Create Order][Ready to Create Order]
2026-03-18 09:39:41.067  INFO 1 --- [io-12031-exec-3] order.service.OrderServiceImpl           : [create][Order Create Success][Order Price][OrderId:bc85764f-fee6-48a5-b254-99831aedd36e , Price: 0.0]
2026-03-18 09:39:41.353  INFO 1 --- [io-12031-exec-5] order.controller.OrderController         : [createNewOrder][Create Order][from shanghai to taiyuan at 1970-01-02 18:17:36]
2026-03-18 09:39:41.353  INFO 1 --- [io-12031-exec-5] order.service.OrderServiceImpl           : [create][Create Order][Ready to Create Order]
2026-03-18 09:39:41.367  INFO 1 --- [io-12031-exec-5] order.service.OrderServiceImpl           : [create][Order Create Success][Order Price][OrderId:0b85b193-e2de-4daa-b58c-ced5f9317cbd , Price: 0.0]
2026-03-18 09:39:41.651  INFO 1 --- [io-12031-exec-4] order.controller.OrderController         : [createNewOrder][Create Order][from shanghai to taiyuan at 1970-01-02 18:17:36]
2026-03-18 09:39:41.651  INFO 1 --- [io-12031-exec-4] order.service.OrderServiceImpl           : [create][Create Order][Ready to Create Order]
2026-03-18 09:39:41.662  INFO 1 --- [io-12031-exec-4] order.service.OrderServiceImpl           : [create][Order Create Success][Order Price][OrderId:abc17307-2be3-4d45-bfe2-004e370db119 , Price: 0.0]
2026-03-18 09:39:41.947  INFO 1 --- [io-12031-exec-6] order.controller.OrderController         : [createNewOrder][Create Order][from shanghai to taiyuan at 1970-01-02 18:17:36]
2026-03-18 09:39:41.947  INFO 1 --- [io-12031-exec-6] order.service.OrderServiceImpl           : [create][Create Order][Ready to Create Order]
2026-03-18 09:39:41.976  INFO 1 --- [io-12031-exec-6] order.service.OrderServiceImpl           : [create][Order Create Success][Order Price][OrderId:8f7d0c8d-2e57-48e9-84fa-f912e82442ed , Price: 0.0]
2026-03-18 09:39:42.266  INFO 1 --- [io-12031-exec-7] order.controller.OrderController         : [createNewOrder][Create Order][from shanghai to taiyuan at 1970-01-02 18:17:36]
2026-03-18 09:39:42.267  INFO 1 --- [io-12031-exec-7] order.service.OrderServiceImpl           : [create][Create Order][Ready to Create Order]
2026-03-18 09:39:42.277  INFO 1 --- [io-12031-exec-7] order.service.OrderServiceImpl           : [create][Order Create Success][Order Price][OrderId:b0474b00-ba3e-42e3-b933-ad51c521e62e , Price: 0.0]
2026-03-18 09:39:42.573  INFO 1 --- [io-12031-exec-8] order.controller.OrderController         : [createNewOrder][Create Order][from shanghai to taiyuan at 1970-01-02 18:17:36]
2026-03-18 09:39:42.573  INFO 1 --- [io-12031-exec-8] order.service.OrderServiceImpl           : [create][Create Order][Ready to Create Order]
2026-03-18 09:39:42.586  INFO 1 --- [io-12031-exec-8] order.service.OrderServiceImpl           : [create][Order Create Success][Order Price][OrderId:e015f84f-bbee-42eb-b478-b94f4a93b493 , Price: 0.0]
2026-03-18 09:39:42.860  INFO 1 --- [io-12031-exec-9] order.controller.OrderController         : [createNewOrder][Create Order][from shanghai to taiyuan at 1970-01-02 18:17:36]
2026-03-18 09:39:42.860  INFO 1 --- [io-12031-exec-9] order.service.OrderServiceImpl           : [create][Create Order][Ready to Create Order]
2026-03-18 09:39:42.873  INFO 1 --- [io-12031-exec-9] order.service.OrderServiceImpl           : [create][Order Create Success][Order Price][OrderId:84926623-748b-46cb-8caf-631fdc4e5472 , Price: 0.0]
2026-03-18 09:39:43.148  INFO 1 --- [o-12031-exec-10] order.controller.OrderController         : [createNewOrder][Create Order][from shanghai to taiyuan at 1970-01-02 18:17:36]
2026-03-18 09:39:43.149  INFO 1 --- [o-12031-exec-10] order.service.OrderServiceImpl           : [create][Create Order][Ready to Create Order]
2026-03-18 09:39:43.161  INFO 1 --- [o-12031-exec-10] order.service.OrderServiceImpl           : [create][Order Create Success][Order Price][OrderId:c8095d44-060c-496c-84b3-a5c34fae2161 , Price: 0.0]
2026-03-18 09:39:43.447  INFO 1 --- [io-12031-exec-1] order.controller.OrderController         : [createNewOrder][Create Order][from shanghai to taiyuan at 1970-01-02 18:17:36]
2026-03-18 09:39:43.447  INFO 1 --- [io-12031-exec-1] order.service.OrderServiceImpl           : [create][Create Order][Ready to Create Order]
2026-03-18 09:39:43.459  INFO 1 --- [io-12031-exec-1] order.service.OrderServiceImpl           : [create][Order Create Success][Order Price][OrderId:95b79755-3391-4469-8461-07927fd19b92 , Price: 0.0]
2026-03-18 09:39:43.743  INFO 1 --- [io-12031-exec-3] order.controller.OrderController         : [createNewOrder][Create Order][from shanghai to taiyuan at 1970-01-02 18:17:36]
2026-03-18 09:39:43.743  INFO 1 --- [io-12031-exec-3] order.service.OrderServiceImpl           : [create][Create Order][Ready to Create Order]
2026-03-18 09:39:43.778  INFO 1 --- [io-12031-exec-3] order.service.OrderServiceImpl           : [create][Order Create Success][Order Price][OrderId:20590ea3-2063-4819-bc1a-1d21023d091d , Price: 0.0]
2026-03-18 09:39:44.070  INFO 1 --- [io-12031-exec-2] order.controller.OrderController         : [createNewOrder][Create Order][from shanghai to taiyuan at 1970-01-02 18:17:36]
2026-03-18 09:39:44.070  INFO 1 --- [io-12031-exec-2] order.service.OrderServiceImpl           : [create][Create Order][Ready to Create Order]
2026-03-18 09:39:44.082  INFO 1 --- [io-12031-exec-2] order.service.OrderServiceImpl           : [create][Order Create Success][Order Price][OrderId:fb65549b-1de9-4564-8c5b-0af4ca2738b5 , Price: 0.0]
2026-03-18 09:39:44.364  INFO 1 --- [io-12031-exec-5] order.controller.OrderController         : [createNewOrder][Create Order][from shanghai to taiyuan at 1970-01-02 18:17:36]
2026-03-18 09:39:44.364  INFO 1 --- [io-12031-exec-5] order.service.OrderServiceImpl           : [create][Create Order][Ready to Create Order]
2026-03-18 09:39:44.375  INFO 1 --- [io-12031-exec-5] order.service.OrderServiceImpl           : [create][Order Create Success][Order Price][OrderId:c4587a92-4aee-4cbf-8391-340fad7bc35b , Price: 0.0]
2026-03-18 09:39:44.660  INFO 1 --- [io-12031-exec-4] order.controller.OrderController         : [createNewOrder][Create Order][from shanghai to taiyuan at 1970-01-02 18:17:36]
2026-03-18 09:39:44.660  INFO 1 --- [io-12031-exec-4] order.service.OrderServiceImpl           : [create][Create Order][Ready to Create Order]
2026-03-18 09:39:44.673  INFO 1 --- [io-12031-exec-4] order.service.OrderServiceImpl           : [create][Order Create Success][Order Price][OrderId:835c259a-acb7-4b93-995f-3a089ba5c10f , Price: 0.0]
2026-03-18 09:39:44.963  INFO 1 --- [io-12031-exec-6] order.controller.OrderController         : [createNewOrder][Create Order][from shanghai to taiyuan at 1970-01-02 18:17:36]
2026-03-18 09:39:44.963  INFO 1 --- [io-12031-exec-6] order.service.OrderServiceImpl           : [create][Create Order][Ready to Create Order]
2026-03-18 09:39:44.976  INFO 1 --- [io-12031-exec-6] order.service.OrderServiceImpl           : [create][Order Create Success][Order Price][OrderId:b66fb748-0d94-4698-8ffd-e7be05feeedd , Price: 0.0]
2026-03-18 09:39:45.272  INFO 1 --- [io-12031-exec-7] order.controller.OrderController         : [createNewOrder][Create Order][from shanghai to taiyuan at 1970-01-02 18:17:36]
2026-03-18 09:39:45.272  INFO 1 --- [io-12031-exec-7] order.service.OrderServiceImpl           : [create][Create Order][Ready to Create Order]
2026-03-18 09:39:45.283  INFO 1 --- [io-12031-exec-7] order.service.OrderServiceImpl           : [create][Order Create Success][Order Price][OrderId:43669601-efe1-46cd-b1fc-817974cb5871 , Price: 0.0]
2026-03-18 09:39:45.561  INFO 1 --- [io-12031-exec-8] order.controller.OrderController         : [createNewOrder][Create Order][from shanghai to taiyuan at 1970-01-02 18:17:36]
2026-03-18 09:39:45.562  INFO 1 --- [io-12031-exec-8] order.service.OrderServiceImpl           : [create][Create Order][Ready to Create Order]
2026-03-18 09:39:45.573  INFO 1 --- [io-12031-exec-8] order.service.OrderServiceImpl           : [create][Order Create Success][Order Price][OrderId:fb5a2193-cca6-4b55-aced-b4e214634656 , Price: 0.0]
2026-03-18 09:39:45.878  INFO 1 --- [io-12031-exec-9] order.controller.OrderController         : [createNewOrder][Create Order][from shanghai to taiyuan at 1970-01-02 18:17:36]
2026-03-18 09:39:45.878  INFO 1 --- [io-12031-exec-9] order.service.OrderServiceImpl           : [create][Create Order][Ready to Create Order]
2026-03-18 09:39:45.888  INFO 1 --- [io-12031-exec-9] order.service.OrderServiceImpl           : [create][Order Create Success][Order Price][OrderId:17eadeb5-ca9b-40a6-aa98-3fe277c67395 , Price: 0.0]
2026-03-18 09:39:46.165  INFO 1 --- [o-12031-exec-10] order.controller.OrderController         : [createNewOrder][Create Order][from shanghai to taiyuan at 1970-01-02 18:17:36]
2026-03-18 09:39:46.165  INFO 1 --- [o-12031-exec-10] order.service.OrderServiceImpl           : [create][Create Order][Ready to Create Order]
2026-03-18 09:39:46.178  INFO 1 --- [o-12031-exec-10] order.service.OrderServiceImpl           : [create][Order Create Success][Order Price][OrderId:832d07e4-bc10-4fd1-9a64-84a5d2a01539 , Price: 0.0]
2026-03-18 09:39:46.468  INFO 1 --- [io-12031-exec-1] order.controller.OrderController         : [createNewOrder][Create Order][from shanghai to taiyuan at 1970-01-02 18:17:36]
2026-03-18 09:39:46.468  INFO 1 --- [io-12031-exec-1] order.service.OrderServiceImpl           : [create][Create Order][Ready to Create Order]
2026-03-18 09:39:46.480  INFO 1 --- [io-12031-exec-1] order.service.OrderServiceImpl           : [create][Order Create Success][Order Price][OrderId:f6379ec4-fda5-4135-9d6b-afd6fffc662c , Price: 0.0]
2026-03-18 09:39:46.766  INFO 1 --- [io-12031-exec-3] order.controller.OrderController         : [createNewOrder][Create Order][from shanghai to taiyuan at 1970-01-02 18:17:36]
2026-03-18 09:39:46.766  INFO 1 --- [io-12031-exec-3] order.service.OrderServiceImpl           : [create][Create Order][Ready to Create Order]
2026-03-18 09:39:46.777  INFO 1 --- [io-12031-exec-3] order.service.OrderServiceImpl           : [create][Order Create Success][Order Price][OrderId:26745d24-5ef5-478d-8615-39c395217c2f , Price: 0.0]
2026-03-18 09:39:47.057  INFO 1 --- [io-12031-exec-2] order.controller.OrderController         : [createNewOrder][Create Order][from shanghai to taiyuan at 1970-01-02 18:17:36]
2026-03-18 09:39:47.057  INFO 1 --- [io-12031-exec-2] order.service.OrderServiceImpl           : [create][Create Order][Ready to Create Order]
2026-03-18 09:39:47.068  INFO 1 --- [io-12031-exec-2] order.service.OrderServiceImpl           : [create][Order Create Success][Order Price][OrderId:645a5e01-8792-4bb8-88b0-5993f920ed75 , Price: 0.0]
2026-03-18 09:39:47.361  INFO 1 --- [io-12031-exec-5] order.controller.OrderController         : [createNewOrder][Create Order][from shanghai to taiyuan at 1970-01-02 18:17:36]
2026-03-18 09:39:47.361  INFO 1 --- [io-12031-exec-5] order.service.OrderServiceImpl           : [create][Create Order][Ready to Create Order]
2026-03-18 09:39:47.372  INFO 1 --- [io-12031-exec-5] order.service.OrderServiceImpl           : [create][Order Create Success][Order Price][OrderId:e9b09f3e-89f5-4eaa-b92f-0eae1a9a8d15 , Price: 0.0]
2026-03-18 09:39:47.658  INFO 1 --- [io-12031-exec-4] order.controller.OrderController         : [createNewOrder][Create Order][from shanghai to taiyuan at 1970-01-02 18:17:36]
2026-03-18 09:39:47.658  INFO 1 --- [io-12031-exec-4] order.service.OrderServiceImpl           : [create][Create Order][Ready to Create Order]
2026-03-18 09:39:47.670  INFO 1 --- [io-12031-exec-4] order.service.OrderServiceImpl           : [create][Order Create Success][Order Price][OrderId:4d466999-0cd0-4f52-94a0-1ef83de88326 , Price: 0.0]
2026-03-18 09:39:47.946  INFO 1 --- [io-12031-exec-6] order.controller.OrderController         : [createNewOrder][Create Order][from shanghai to taiyuan at 1970-01-02 18:17:36]
2026-03-18 09:39:47.946  INFO 1 --- [io-12031-exec-6] order.service.OrderServiceImpl           : [create][Create Order][Ready to Create Order]
2026-03-18 09:39:47.958  INFO 1 --- [io-12031-exec-6] order.service.OrderServiceImpl           : [create][Order Create Success][Order Price][OrderId:dbee8996-4f21-4c0c-9c0a-e7e3e746ed75 , Price: 0.0]
2026-03-18 09:39:48.255  INFO 1 --- [io-12031-exec-7] order.controller.OrderController         : [createNewOrder][Create Order][from shanghai to taiyuan at 1970-01-02 18:17:36]
2026-03-18 09:39:48.255  INFO 1 --- [io-12031-exec-7] order.service.OrderServiceImpl           : [create][Create Order][Ready to Create Order]
2026-03-18 09:39:48.267  INFO 1 --- [io-12031-exec-7] order.service.OrderServiceImpl           : [create][Order Create Success][Order Price][OrderId:445ec135-df2c-49a2-b5dd-37dc4e0b1bac , Price: 0.0]
2026-03-18 09:39:48.557  INFO 1 --- [io-12031-exec-8] order.controller.OrderController         : [createNewOrder][Create Order][from shanghai to taiyuan at 1970-01-02 18:17:36]
2026-03-18 09:39:48.558  INFO 1 --- [io-12031-exec-8] order.service.OrderServiceImpl           : [create][Create Order][Ready to Create Order]
2026-03-18 09:39:48.568  INFO 1 --- [io-12031-exec-8] order.service.OrderServiceImpl           : [create][Order Create Success][Order Price][OrderId:74be1659-3cd2-4e0d-9013-6da34b3925ad , Price: 0.0]
2026-03-18 09:39:48.861  INFO 1 --- [io-12031-exec-9] order.controller.OrderController         : [createNewOrder][Create Order][from shanghai to taiyuan at 1970-01-02 18:17:36]
2026-03-18 09:39:48.861  INFO 1 --- [io-12031-exec-9] order.service.OrderServiceImpl           : [create][Create Order][Ready to Create Order]
2026-03-18 09:39:48.875  INFO 1 --- [io-12031-exec-9] order.service.OrderServiceImpl           : [create][Order Create Success][Order Price][OrderId:88dadcfa-4fe5-4054-a7a1-76360fcfa3d2 , Price: 0.0]
2026-03-18 09:39:49.179  INFO 1 --- [o-12031-exec-10] order.controller.OrderController         : [createNewOrder][Create Order][from shanghai to taiyuan at 1970-01-02 18:17:36]
2026-03-18 09:39:49.180  INFO 1 --- [o-12031-exec-10] order.service.OrderServiceImpl           : [create][Create Order][Ready to Create Order]
2026-03-18 09:39:49.284  INFO 1 --- [o-12031-exec-10] order.service.OrderServiceImpl           : [create][Order Create Success][Order Price][OrderId:ba47daa3-46db-43bf-b4e0-bbc1f00653ed , Price: 0.0]
2026-03-18 09:39:49.652  INFO 1 --- [io-12031-exec-1] order.controller.OrderController         : [createNewOrder][Create Order][from shanghai to taiyuan at 1970-01-02 18:17:36]
2026-03-18 09:39:49.652  INFO 1 --- [io-12031-exec-1] order.service.OrderServiceImpl           : [create][Create Order][Ready to Create Order]
2026-03-18 09:39:49.664  INFO 1 --- [io-12031-exec-1] order.service.OrderServiceImpl           : [create][Order Create Success][Order Price][OrderId:77fdab96-23db-4901-a970-ba750e0736da , Price: 0.0]
2026-03-18 09:39:49.947  INFO 1 --- [io-12031-exec-3] order.controller.OrderController         : [createNewOrder][Create Order][from shanghai to taiyuan at 1970-01-02 18:17:36]
2026-03-18 09:39:49.947  INFO 1 --- [io-12031-exec-3] order.service.OrderServiceImpl           : [create][Create Order][Ready to Create Order]
2026-03-18 09:39:49.961  INFO 1 --- [io-12031-exec-3] order.service.OrderServiceImpl           : [create][Order Create Success][Order Price][OrderId:9bd291aa-7e0b-4de7-aa11-d0744ff56bb2 , Price: 0.0]
2026-03-18 09:39:50.261  INFO 1 --- [io-12031-exec-2] order.controller.OrderController         : [createNewOrder][Create Order][from shanghai to taiyuan at 1970-01-02 18:17:36]
2026-03-18 09:39:50.261  INFO 1 --- [io-12031-exec-2] order.service.OrderServiceImpl           : [create][Create Order][Ready to Create Order]
2026-03-18 09:39:50.272  INFO 1 --- [io-12031-exec-2] order.service.OrderServiceImpl           : [create][Order Create Success][Order Price][OrderId:90c7075f-15c4-40b0-93f5-9b8c205a3d10 , Price: 0.0]
2026-03-18 09:39:50.561  INFO 1 --- [io-12031-exec-5] order.controller.OrderController         : [createNewOrder][Create Order][from shanghai to taiyuan at 1970-01-02 18:17:36]
2026-03-18 09:39:50.561  INFO 1 --- [io-12031-exec-5] order.service.OrderServiceImpl           : [create][Create Order][Ready to Create Order]
2026-03-18 09:39:50.572  INFO 1 --- [io-12031-exec-5] order.service.OrderServiceImpl           : [create][Order Create Success][Order Price][OrderId:9e9eb7c5-f249-468a-a119-1d3689085400 , Price: 0.0]
2026-03-18 09:39:50.855  INFO 1 --- [io-12031-exec-4] order.controller.OrderController         : [createNewOrder][Create Order][from shanghai to taiyuan at 1970-01-02 18:17:36]
2026-03-18 09:39:50.855  INFO 1 --- [io-12031-exec-4] order.service.OrderServiceImpl           : [create][Create Order][Ready to Create Order]
2026-03-18 09:39:50.867  INFO 1 --- [io-12031-exec-4] order.service.OrderServiceImpl           : [create][Order Create Success][Order Price][OrderId:c28b9c5c-2858-4056-aa74-1beb139a9559 , Price: 0.0]
2026-03-18 09:39:51.187  INFO 1 --- [io-12031-exec-6] order.controller.OrderController         : [createNewOrder][Create Order][from shanghai to taiyuan at 1970-01-02 18:17:36]
2026-03-18 09:39:51.187  INFO 1 --- [io-12031-exec-6] order.service.OrderServiceImpl           : [create][Create Order][Ready to Create Order]
2026-03-18 09:39:51.200  INFO 1 --- [io-12031-exec-6] order.service.OrderServiceImpl           : [create][Order Create Success][Order Price][OrderId:dc9dab4e-ae57-4b47-b237-95eece75fbb5 , Price: 0.0]
2026-03-18 09:39:51.463  INFO 1 --- [io-12031-exec-8] order.controller.OrderController         : [createNewOrder][Create Order][from shanghai to taiyuan at 1970-01-02 18:17:36]
2026-03-18 09:39:51.463  INFO 1 --- [io-12031-exec-8] order.service.OrderServiceImpl           : [create][Create Order][Ready to Create Order]
2026-03-18 09:39:51.476  INFO 1 --- [io-12031-exec-8] order.service.OrderServiceImpl           : [create][Order Create Success][Order Price][OrderId:3a6c2d28-50f9-412c-aa2c-cd3a10301ad8 , Price: 0.0]
2026-03-18 09:39:51.764  INFO 1 --- [io-12031-exec-9] order.controller.OrderController         : [createNewOrder][Create Order][from shanghai to taiyuan at 1970-01-02 18:17:36]
2026-03-18 09:39:51.764  INFO 1 --- [io-12031-exec-9] order.service.OrderServiceImpl           : [create][Create Order][Ready to Create Order]
2026-03-18 09:39:51.775  INFO 1 --- [io-12031-exec-9] order.service.OrderServiceImpl           : [create][Order Create Success][Order Price][OrderId:fe737252-5ba4-422d-beb5-0be67de9ece0 , Price: 0.0]
2026-03-18 09:39:52.064  INFO 1 --- [o-12031-exec-10] order.controller.OrderController         : [createNewOrder][Create Order][from shanghai to taiyuan at 1970-01-02 18:17:36]
2026-03-18 09:39:52.064  INFO 1 --- [o-12031-exec-10] order.service.OrderServiceImpl           : [create][Create Order][Ready to Create Order]
2026-03-18 09:39:52.076  INFO 1 --- [o-12031-exec-10] order.service.OrderServiceImpl           : [create][Order Create Success][Order Price][OrderId:a242a099-a574-4e2b-88e3-47c652fcdb57 , Price: 0.0]
2026-03-18 09:39:52.371  INFO 1 --- [io-12031-exec-1] order.controller.OrderController         : [createNewOrder][Create Order][from shanghai to taiyuan at 1970-01-02 18:17:36]
2026-03-18 09:39:52.371  INFO 1 --- [io-12031-exec-1] order.service.OrderServiceImpl           : [create][Create Order][Ready to Create Order]
2026-03-18 09:39:52.384  INFO 1 --- [io-12031-exec-1] order.service.OrderServiceImpl           : [create][Order Create Success][Order Price][OrderId:bbd5fbb8-0285-45de-8bcd-65a34e03e6c2 , Price: 0.0]
2026-03-18 09:39:52.671  INFO 1 --- [io-12031-exec-3] order.controller.OrderController         : [createNewOrder][Create Order][from shanghai to taiyuan at 1970-01-02 18:17:36]
2026-03-18 09:39:52.671  INFO 1 --- [io-12031-exec-3] order.service.OrderServiceImpl           : [create][Create Order][Ready to Create Order]
2026-03-18 09:39:52.683  INFO 1 --- [io-12031-exec-3] order.service.OrderServiceImpl           : [create][Order Create Success][Order Price][OrderId:5c102782-0feb-48bd-bb40-28385721a82b , Price: 0.0]
2026-03-18 09:39:52.961  INFO 1 --- [io-12031-exec-2] order.controller.OrderController         : [createNewOrder][Create Order][from shanghai to taiyuan at 1970-01-02 18:17:36]
2026-03-18 09:39:52.961  INFO 1 --- [io-12031-exec-2] order.service.OrderServiceImpl           : [create][Create Order][Ready to Create Order]
2026-03-18 09:39:52.972  INFO 1 --- [io-12031-exec-2] order.service.OrderServiceImpl           : [create][Order Create Success][Order Price][OrderId:f3937507-7a20-4ee9-8c83-ded3831a3c32 , Price: 0.0]
2026-03-18 09:39:53.268  INFO 1 --- [io-12031-exec-5] order.controller.OrderController         : [createNewOrder][Create Order][from shanghai to taiyuan at 1970-01-02 18:17:36]
2026-03-18 09:39:53.268  INFO 1 --- [io-12031-exec-5] order.service.OrderServiceImpl           : [create][Create Order][Ready to Create Order]
2026-03-18 09:39:53.279  INFO 1 --- [io-12031-exec-5] order.service.OrderServiceImpl           : [create][Order Create Success][Order Price][OrderId:6d7ee8d0-4c2c-461c-be55-1a66d1587bdc , Price: 0.0]
2026-03-18 09:39:53.558  INFO 1 --- [io-12031-exec-4] order.controller.OrderController         : [createNewOrder][Create Order][from shanghai to taiyuan at 1970-01-02 18:17:36]
2026-03-18 09:39:53.558  INFO 1 --- [io-12031-exec-4] order.service.OrderServiceImpl           : [create][Create Order][Ready to Create Order]
2026-03-18 09:39:53.571  INFO 1 --- [io-12031-exec-4] order.service.OrderServiceImpl           : [create][Order Create Success][Order Price][OrderId:28d77ec8-9a17-4d01-ae8a-b005944c4d62 , Price: 0.0]
2026-03-18 09:39:53.933  INFO 1 --- [io-12031-exec-6] order.controller.OrderController         : [createNewOrder][Create Order][from shanghai to taiyuan at 1970-01-02 18:17:36]
2026-03-18 09:39:53.933  INFO 1 --- [io-12031-exec-6] order.service.OrderServiceImpl           : [create][Create Order][Ready to Create Order]
2026-03-18 09:39:53.946  INFO 1 --- [io-12031-exec-6] order.service.OrderServiceImpl           : [create][Order Create Success][Order Price][OrderId:ab5b2452-9057-4677-8580-495f5c5ee916 , Price: 0.0]
2026-03-18 09:39:54.184  INFO 1 --- [io-12031-exec-7] order.controller.OrderController         : [createNewOrder][Create Order][from shanghai to taiyuan at 1970-01-02 18:17:36]
2026-03-18 09:39:54.184  INFO 1 --- [io-12031-exec-7] order.service.OrderServiceImpl           : [create][Create Order][Ready to Create Order]
2026-03-18 09:39:54.199  INFO 1 --- [io-12031-exec-7] order.service.OrderServiceImpl           : [create][Order Create Success][Order Price][OrderId:d8a08607-d1ba-4caa-81dd-a63029bfc44d , Price: 0.0]
2026-03-18 09:39:54.463  INFO 1 --- [io-12031-exec-8] order.controller.OrderController         : [createNewOrder][Create Order][from shanghai to taiyuan at 1970-01-02 18:17:36]
2026-03-18 09:39:54.463  INFO 1 --- [io-12031-exec-8] order.service.OrderServiceImpl           : [create][Create Order][Ready to Create Order]
2026-03-18 09:39:54.475  INFO 1 --- [io-12031-exec-8] order.service.OrderServiceImpl           : [create][Order Create Success][Order Price][OrderId:e6df6d36-724f-43d9-9600-8eaa118e0931 , Price: 0.0]
2026-03-18 09:39:54.758  INFO 1 --- [io-12031-exec-9] order.controller.OrderController         : [createNewOrder][Create Order][from shanghai to taiyuan at 1970-01-02 18:17:36]
2026-03-18 09:39:54.758  INFO 1 --- [io-12031-exec-9] order.service.OrderServiceImpl           : [create][Create Order][Ready to Create Order]
2026-03-18 09:39:54.780  INFO 1 --- [io-12031-exec-9] order.service.OrderServiceImpl           : [create][Order Create Success][Order Price][OrderId:77c98655-c8c5-4a04-8ac4-329b07706455 , Price: 0.0]
2026-03-18 09:39:55.061  INFO 1 --- [o-12031-exec-10] order.controller.OrderController         : [createNewOrder][Create Order][from shanghai to taiyuan at 1970-01-02 18:17:36]
2026-03-18 09:39:55.061  INFO 1 --- [o-12031-exec-10] order.service.OrderServiceImpl           : [create][Create Order][Ready to Create Order]
2026-03-18 09:39:55.072  INFO 1 --- [o-12031-exec-10] order.service.OrderServiceImpl           : [create][Order Create Success][Order Price][OrderId:49975b50-5166-4843-957a-9304d96c4b3b , Price: 0.0]
2026-03-18 09:39:55.355  INFO 1 --- [io-12031-exec-1] order.controller.OrderController         : [createNewOrder][Create Order][from shanghai to taiyuan at 1970-01-02 18:17:36]
2026-03-18 09:39:55.355  INFO 1 --- [io-12031-exec-1] order.service.OrderServiceImpl           : [create][Create Order][Ready to Create Order]
2026-03-18 09:39:55.367  INFO 1 --- [io-12031-exec-1] order.service.OrderServiceImpl           : [create][Order Create Success][Order Price][OrderId:d3bc863f-a005-4c30-b3af-aa99cc3b0244 , Price: 0.0]
2026-03-18 09:39:55.655  INFO 1 --- [io-12031-exec-3] order.controller.OrderController         : [createNewOrder][Create Order][from shanghai to taiyuan at 1970-01-02 18:17:36]
2026-03-18 09:39:55.655  INFO 1 --- [io-12031-exec-3] order.service.OrderServiceImpl           : [create][Create Order][Ready to Create Order]
2026-03-18 09:39:55.666  INFO 1 --- [io-12031-exec-3] order.service.OrderServiceImpl           : [create][Order Create Success][Order Price][OrderId:61573743-ceb9-4d15-b7e3-179ab6a8eda8 , Price: 0.0]
2026-03-18 09:39:55.955  INFO 1 --- [io-12031-exec-2] order.controller.OrderController         : [createNewOrder][Create Order][from shanghai to taiyuan at 1970-01-02 18:17:36]
2026-03-18 09:39:55.956  INFO 1 --- [io-12031-exec-2] order.service.OrderServiceImpl           : [create][Create Order][Ready to Create Order]
2026-03-18 09:39:55.968  INFO 1 --- [io-12031-exec-2] order.service.OrderServiceImpl           : [create][Order Create Success][Order Price][OrderId:75a2601e-9946-476c-920a-9a9a899d3157 , Price: 0.0]
2026-03-18 09:39:56.258  INFO 1 --- [io-12031-exec-5] order.controller.OrderController         : [createNewOrder][Create Order][from shanghai to taiyuan at 1970-01-02 18:17:36]
2026-03-18 09:39:56.258  INFO 1 --- [io-12031-exec-5] order.service.OrderServiceImpl           : [create][Create Order][Ready to Create Order]
2026-03-18 09:39:56.271  INFO 1 --- [io-12031-exec-5] order.service.OrderServiceImpl           : [create][Order Create Success][Order Price][OrderId:d4590ccd-a772-4d69-a4f4-e70e1afc167d , Price: 0.0]
2026-03-18 09:39:56.563  INFO 1 --- [io-12031-exec-4] order.controller.OrderController         : [createNewOrder][Create Order][from shanghai to taiyuan at 1970-01-02 18:17:36]
2026-03-18 09:39:56.564  INFO 1 --- [io-12031-exec-4] order.service.OrderServiceImpl           : [create][Create Order][Ready to Create Order]
2026-03-18 09:39:56.579  INFO 1 --- [io-12031-exec-4] order.service.OrderServiceImpl           : [create][Order Create Success][Order Price][OrderId:214b4ebd-4714-41ec-90eb-474e2a5b28e5 , Price: 0.0]
2026-03-18 09:39:56.862  INFO 1 --- [io-12031-exec-6] order.controller.OrderController         : [createNewOrder][Create Order][from shanghai to taiyuan at 1970-01-02 18:17:36]
2026-03-18 09:39:56.862  INFO 1 --- [io-12031-exec-6] order.service.OrderServiceImpl           : [create][Create Order][Ready to Create Order]
2026-03-18 09:39:56.873  INFO 1 --- [io-12031-exec-6] order.service.OrderServiceImpl           : [create][Order Create Success][Order Price][OrderId:a2e0d44f-d169-4b4e-952e-bbd58b9ce430 , Price: 0.0]
2026-03-18 09:39:57.218  INFO 1 --- [io-12031-exec-7] order.controller.OrderController         : [createNewOrder][Create Order][from shanghai to taiyuan at 1970-01-02 18:17:36]
2026-03-18 09:39:57.218  INFO 1 --- [io-12031-exec-7] order.service.OrderServiceImpl           : [create][Create Order][Ready to Create Order]
2026-03-18 09:39:57.230  INFO 1 --- [io-12031-exec-7] order.service.OrderServiceImpl           : [create][Order Create Success][Order Price][OrderId:b5dda89f-3f7f-4e1d-974f-f2c2c64b561a , Price: 0.0]
2026-03-18 09:39:57.469  INFO 1 --- [io-12031-exec-8] order.controller.OrderController         : [createNewOrder][Create Order][from shanghai to taiyuan at 1970-01-02 18:17:36]
2026-03-18 09:39:57.469  INFO 1 --- [io-12031-exec-8] order.service.OrderServiceImpl           : [create][Create Order][Ready to Create Order]
2026-03-18 09:39:57.484  INFO 1 --- [io-12031-exec-8] order.service.OrderServiceImpl           : [create][Order Create Success][Order Price][OrderId:a5ae70c7-8172-463d-b545-31f30d0bcff0 , Price: 0.0]
2026-03-18 09:39:57.767  INFO 1 --- [io-12031-exec-9] order.controller.OrderController         : [createNewOrder][Create Order][from shanghai to taiyuan at 1970-01-02 18:17:36]
2026-03-18 09:39:57.767  INFO 1 --- [io-12031-exec-9] order.service.OrderServiceImpl           : [create][Create Order][Ready to Create Order]
2026-03-18 09:39:57.779  INFO 1 --- [io-12031-exec-9] order.service.OrderServiceImpl           : [create][Order Create Success][Order Price][OrderId:5019b3fe-facd-4ac5-8d4b-ce389c8adf86 , Price: 0.0]
2026-03-18 09:39:58.061  INFO 1 --- [o-12031-exec-10] order.controller.OrderController         : [createNewOrder][Create Order][from shanghai to taiyuan at 1970-01-02 18:17:36]
2026-03-18 09:39:58.061  INFO 1 --- [o-12031-exec-10] order.service.OrderServiceImpl           : [create][Create Order][Ready to Create Order]
2026-03-18 09:39:58.075  INFO 1 --- [o-12031-exec-10] order.service.OrderServiceImpl           : [create][Order Create Success][Order Price][OrderId:18df4c6a-b86d-404c-a8a3-a94155fc2df5 , Price: 0.0]
2026-03-18 09:39:58.363  INFO 1 --- [io-12031-exec-1] order.controller.OrderController         : [createNewOrder][Create Order][from shanghai to taiyuan at 1970-01-02 18:17:36]
2026-03-18 09:39:58.364  INFO 1 --- [io-12031-exec-1] order.service.OrderServiceImpl           : [create][Create Order][Ready to Create Order]
2026-03-18 09:39:58.467  INFO 1 --- [io-12031-exec-1] order.service.OrderServiceImpl           : [create][Order Create Success][Order Price][OrderId:4b4c724d-b0f5-45a0-a623-c87db4000274 , Price: 0.0]
2026-03-18 09:39:58.748  INFO 1 --- [io-12031-exec-3] order.controller.OrderController         : [createNewOrder][Create Order][from shanghai to taiyuan at 1970-01-02 18:17:36]
2026-03-18 09:39:58.748  INFO 1 --- [io-12031-exec-3] order.service.OrderServiceImpl           : [create][Create Order][Ready to Create Order]
2026-03-18 09:39:58.758  INFO 1 --- [io-12031-exec-3] order.service.OrderServiceImpl           : [create][Order Create Success][Order Price][OrderId:d3b858c4-1fcb-4134-9113-086ed064e629 , Price: 0.0]
2026-03-18 09:39:59.046  INFO 1 --- [io-12031-exec-2] order.controller.OrderController         : [createNewOrder][Create Order][from shanghai to taiyuan at 1970-01-02 18:17:36]
2026-03-18 09:39:59.046  INFO 1 --- [io-12031-exec-2] order.service.OrderServiceImpl           : [create][Create Order][Ready to Create Order]
2026-03-18 09:39:59.060  INFO 1 --- [io-12031-exec-2] order.service.OrderServiceImpl           : [create][Order Create Success][Order Price][OrderId:9eb32726-c8cc-4dbc-892e-e44c8bd97472 , Price: 0.0]
2026-03-18 09:39:59.351  INFO 1 --- [io-12031-exec-5] order.controller.OrderController         : [createNewOrder][Create Order][from shanghai to taiyuan at 1970-01-02 18:17:36]
2026-03-18 09:39:59.351  INFO 1 --- [io-12031-exec-5] order.service.OrderServiceImpl           : [create][Create Order][Ready to Create Order]
2026-03-18 09:39:59.363  INFO 1 --- [io-12031-exec-5] order.service.OrderServiceImpl           : [create][Order Create Success][Order Price][OrderId:8096611c-d9b4-41a7-acae-c06e6ddfa1f1 , Price: 0.0]
2026-03-18 09:39:59.655  INFO 1 --- [io-12031-exec-4] order.controller.OrderController         : [createNewOrder][Create Order][from shanghai to taiyuan at 1970-01-02 18:17:36]
2026-03-18 09:39:59.655  INFO 1 --- [io-12031-exec-4] order.service.OrderServiceImpl           : [create][Create Order][Ready to Create Order]
2026-03-18 09:39:59.668  INFO 1 --- [io-12031-exec-4] order.service.OrderServiceImpl           : [create][Order Create Success][Order Price][OrderId:02b1b8da-b63c-47c5-893d-a0aaec6f1b20 , Price: 0.0]
2026-03-18 09:39:59.961  INFO 1 --- [io-12031-exec-6] order.controller.OrderController         : [createNewOrder][Create Order][from shanghai to taiyuan at 1970-01-02 18:17:36]
2026-03-18 09:39:59.961  INFO 1 --- [io-12031-exec-6] order.service.OrderServiceImpl           : [create][Create Order][Ready to Create Order]
2026-03-18 09:39:59.974  INFO 1 --- [io-12031-exec-6] order.service.OrderServiceImpl           : [create][Order Create Success][Order Price][OrderId:f2d88c5b-3cb6-4853-9af1-d8378357d604 , Price: 0.0]
2026-03-18 09:40:00.263  INFO 1 --- [io-12031-exec-7] order.controller.OrderController         : [createNewOrder][Create Order][from shanghai to taiyuan at 1970-01-02 18:17:36]
2026-03-18 09:40:00.263  INFO 1 --- [io-12031-exec-7] order.service.OrderServiceImpl           : [create][Create Order][Ready to Create Order]
2026-03-18 09:40:00.384  INFO 1 --- [io-12031-exec-7] order.service.OrderServiceImpl           : [create][Order Create Success][Order Price][OrderId:8d59b6b7-0098-44d3-9459-816e6e6dbb06 , Price: 0.0]
2026-03-18 09:40:00.664  INFO 1 --- [io-12031-exec-8] order.controller.OrderController         : [createNewOrder][Create Order][from shanghai to taiyuan at 1970-01-02 18:17:36]
2026-03-18 09:40:00.664  INFO 1 --- [io-12031-exec-8] order.service.OrderServiceImpl           : [create][Create Order][Ready to Create Order]
2026-03-18 09:40:00.678  INFO 1 --- [io-12031-exec-8] order.service.OrderServiceImpl           : [create][Order Create Success][Order Price][OrderId:611e32e9-72fd-437a-928e-cf3e0e87679f , Price: 0.0]
2026-03-18 09:40:00.969  INFO 1 --- [io-12031-exec-9] order.controller.OrderController         : [createNewOrder][Create Order][from shanghai to taiyuan at 1970-01-02 18:17:36]
2026-03-18 09:40:00.969  INFO 1 --- [io-12031-exec-9] order.service.OrderServiceImpl           : [create][Create Order][Ready to Create Order]
2026-03-18 09:40:00.982  INFO 1 --- [io-12031-exec-9] order.service.OrderServiceImpl           : [create][Order Create Success][Order Price][OrderId:333d81b7-36b7-40f8-a6a0-980389bc42e3 , Price: 0.0]
2026-03-18 09:40:01.267  INFO 1 --- [io-12031-exec-1] order.controller.OrderController         : [createNewOrder][Create Order][from shanghai to taiyuan at 1970-01-02 18:17:36]
2026-03-18 09:40:01.268  INFO 1 --- [io-12031-exec-1] order.service.OrderServiceImpl           : [create][Create Order][Ready to Create Order]
2026-03-18 09:40:01.282  INFO 1 --- [io-12031-exec-1] order.service.OrderServiceImpl           : [create][Order Create Success][Order Price][OrderId:8a6bcc17-793a-4f84-9d3a-b12086df6995 , Price: 0.0]
2026-03-18 09:40:01.562  INFO 1 --- [io-12031-exec-3] order.controller.OrderController         : [createNewOrder][Create Order][from shanghai to taiyuan at 1970-01-02 18:17:36]
2026-03-18 09:40:01.562  INFO 1 --- [io-12031-exec-3] order.service.OrderServiceImpl           : [create][Create Order][Ready to Create Order]
2026-03-18 09:40:01.574  INFO 1 --- [io-12031-exec-3] order.service.OrderServiceImpl           : [create][Order Create Success][Order Price][OrderId:5088df26-0225-4f2e-a28f-fc1b87c2eecd , Price: 0.0]
2026-03-18 09:40:01.859  INFO 1 --- [io-12031-exec-2] order.controller.OrderController         : [createNewOrder][Create Order][from shanghai to taiyuan at 1970-01-02 18:17:36]
2026-03-18 09:40:01.859  INFO 1 --- [io-12031-exec-2] order.service.OrderServiceImpl           : [create][Create Order][Ready to Create Order]
2026-03-18 09:40:01.870  INFO 1 --- [io-12031-exec-2] order.service.OrderServiceImpl           : [create][Order Create Success][Order Price][OrderId:9d4bbc61-57b8-42c0-877c-a42d16ccdd4d , Price: 0.0]
2026-03-18 09:40:02.158  INFO 1 --- [io-12031-exec-5] order.controller.OrderController         : [createNewOrder][Create Order][from shanghai to taiyuan at 1970-01-02 18:17:36]
2026-03-18 09:40:02.158  INFO 1 --- [io-12031-exec-5] order.service.OrderServiceImpl           : [create][Create Order][Ready to Create Order]
2026-03-18 09:40:02.174  INFO 1 --- [io-12031-exec-5] order.service.OrderServiceImpl           : [create][Order Create Success][Order Price][OrderId:40b84dc0-06b0-400b-b3e1-2833d846b0b2 , Price: 0.0]
2026-03-18 09:40:02.460  INFO 1 --- [io-12031-exec-4] order.controller.OrderController         : [createNewOrder][Create Order][from shanghai to taiyuan at 1970-01-02 18:17:36]
2026-03-18 09:40:02.460  INFO 1 --- [io-12031-exec-4] order.service.OrderServiceImpl           : [create][Create Order][Ready to Create Order]
2026-03-18 09:40:02.474  INFO 1 --- [io-12031-exec-4] order.service.OrderServiceImpl           : [create][Order Create Success][Order Price][OrderId:696b861f-6471-47e8-9b5e-ec023e7c9b22 , Price: 0.0]
2026-03-18 09:40:02.761  INFO 1 --- [io-12031-exec-6] order.controller.OrderController         : [createNewOrder][Create Order][from shanghai to taiyuan at 1970-01-02 18:17:36]
2026-03-18 09:40:02.761  INFO 1 --- [io-12031-exec-6] order.service.OrderServiceImpl           : [create][Create Order][Ready to Create Order]
2026-03-18 09:40:02.774  INFO 1 --- [io-12031-exec-6] order.service.OrderServiceImpl           : [create][Order Create Success][Order Price][OrderId:e08fb0e5-4846-4456-b4ff-ac60a7f79e14 , Price: 0.0]
2026-03-18 09:40:03.055  INFO 1 --- [io-12031-exec-7] order.controller.OrderController         : [createNewOrder][Create Order][from shanghai to taiyuan at 1970-01-02 18:17:36]
2026-03-18 09:40:03.055  INFO 1 --- [io-12031-exec-7] order.service.OrderServiceImpl           : [create][Create Order][Ready to Create Order]
2026-03-18 09:40:03.067  INFO 1 --- [io-12031-exec-7] order.service.OrderServiceImpl           : [create][Order Create Success][Order Price][OrderId:9f5faf8d-d806-452d-b472-72968776bc60 , Price: 0.0]
2026-03-18 09:40:03.358  INFO 1 --- [io-12031-exec-8] order.controller.OrderController         : [createNewOrder][Create Order][from shanghai to taiyuan at 1970-01-02 18:17:36]
2026-03-18 09:40:03.358  INFO 1 --- [io-12031-exec-8] order.service.OrderServiceImpl           : [create][Create Order][Ready to Create Order]
2026-03-18 09:40:03.370  INFO 1 --- [io-12031-exec-8] order.service.OrderServiceImpl           : [create][Order Create Success][Order Price][OrderId:183bc270-ff98-4da7-b059-cef9f1a0af0c , Price: 0.0]
2026-03-18 09:40:03.652  INFO 1 --- [io-12031-exec-9] order.controller.OrderController         : [createNewOrder][Create Order][from shanghai to taiyuan at 1970-01-02 18:17:36]
2026-03-18 09:40:03.652  INFO 1 --- [io-12031-exec-9] order.service.OrderServiceImpl           : [create][Create Order][Ready to Create Order]
2026-03-18 09:40:03.664  INFO 1 --- [io-12031-exec-9] order.service.OrderServiceImpl           : [create][Order Create Success][Order Price][OrderId:596c2e9a-da23-4eb3-b796-ace69d965e3e , Price: 0.0]
2026-03-18 09:40:03.952  INFO 1 --- [o-12031-exec-10] order.controller.OrderController         : [createNewOrder][Create Order][from shanghai to taiyuan at 1970-01-02 18:17:36]
2026-03-18 09:40:03.952  INFO 1 --- [o-12031-exec-10] order.service.OrderServiceImpl           : [create][Create Order][Ready to Create Order]
2026-03-18 09:40:03.966  INFO 1 --- [o-12031-exec-10] order.service.OrderServiceImpl           : [create][Order Create Success][Order Price][OrderId:a631d4de-c3a3-4797-93e3-aadff65e5129 , Price: 0.0]
2026-03-18 09:40:04.255  INFO 1 --- [io-12031-exec-1] order.controller.OrderController         : [createNewOrder][Create Order][from shanghai to taiyuan at 1970-01-02 18:17:36]
2026-03-18 09:40:04.255  INFO 1 --- [io-12031-exec-1] order.service.OrderServiceImpl           : [create][Create Order][Ready to Create Order]
2026-03-18 09:40:04.270  INFO 1 --- [io-12031-exec-1] order.service.OrderServiceImpl           : [create][Order Create Success][Order Price][OrderId:7996bca1-5e01-4c7a-bd0b-5d0edcb40a2a , Price: 0.0]
2026-03-18 09:40:04.582  INFO 1 --- [io-12031-exec-3] order.controller.OrderController         : [createNewOrder][Create Order][from shanghai to taiyuan at 1970-01-02 18:17:36]
2026-03-18 09:40:04.582  INFO 1 --- [io-12031-exec-3] order.service.OrderServiceImpl           : [create][Create Order][Ready to Create Order]
2026-03-18 09:40:04.593  INFO 1 --- [io-12031-exec-3] order.service.OrderServiceImpl           : [create][Order Create Success][Order Price][OrderId:17e9c2a4-1843-478c-89ab-292809bbbfa4 , Price: 0.0]
2026-03-18 09:40:04.870  INFO 1 --- [io-12031-exec-2] order.controller.OrderController         : [createNewOrder][Create Order][from shanghai to taiyuan at 1970-01-02 18:17:36]
2026-03-18 09:40:04.870  INFO 1 --- [io-12031-exec-2] order.service.OrderServiceImpl           : [create][Create Order][Ready to Create Order]
2026-03-18 09:40:04.883  INFO 1 --- [io-12031-exec-2] order.service.OrderServiceImpl           : [create][Order Create Success][Order Price][OrderId:d6d41a1e-0695-4060-bd56-b11439520661 , Price: 0.0]
2026-03-18 09:40:05.162  INFO 1 --- [io-12031-exec-5] order.controller.OrderController         : [createNewOrder][Create Order][from shanghai to taiyuan at 1970-01-02 18:17:36]
2026-03-18 09:40:05.162  INFO 1 --- [io-12031-exec-5] order.service.OrderServiceImpl           : [create][Create Order][Ready to Create Order]
2026-03-18 09:40:05.175  INFO 1 --- [io-12031-exec-5] order.service.OrderServiceImpl           : [create][Order Create Success][Order Price][OrderId:a340e03b-0f79-4b14-a4ad-c0b07d8d986b , Price: 0.0]
2026-03-18 09:40:05.468  INFO 1 --- [io-12031-exec-4] order.controller.OrderController         : [createNewOrder][Create Order][from shanghai to taiyuan at 1970-01-02 18:17:36]
2026-03-18 09:40:05.468  INFO 1 --- [io-12031-exec-4] order.service.OrderServiceImpl           : [create][Create Order][Ready to Create Order]
2026-03-18 09:40:05.574  INFO 1 --- [io-12031-exec-4] order.service.OrderServiceImpl           : [create][Order Create Success][Order Price][OrderId:a5d958e8-6c50-4fef-9546-e36fa50a644f , Price: 0.0]
2026-03-18 09:40:05.860  INFO 1 --- [io-12031-exec-6] order.controller.OrderController         : [createNewOrder][Create Order][from shanghai to taiyuan at 1970-01-02 18:17:36]
2026-03-18 09:40:05.860  INFO 1 --- [io-12031-exec-6] order.service.OrderServiceImpl           : [create][Create Order][Ready to Create Order]
2026-03-18 09:40:05.872  INFO 1 --- [io-12031-exec-6] order.service.OrderServiceImpl           : [create][Order Create Success][Order Price][OrderId:08b9ee03-a914-4164-b534-85536d070af3 , Price: 0.0]
2026-03-18 09:40:06.166  INFO 1 --- [io-12031-exec-7] order.controller.OrderController         : [createNewOrder][Create Order][from shanghai to taiyuan at 1970-01-02 18:17:36]
2026-03-18 09:40:06.166  INFO 1 --- [io-12031-exec-7] order.service.OrderServiceImpl           : [create][Create Order][Ready to Create Order]
2026-03-18 09:40:06.187  INFO 1 --- [io-12031-exec-7] order.service.OrderServiceImpl           : [create][Order Create Success][Order Price][OrderId:021568e2-fe90-40b1-b9f9-fd3a492a5795 , Price: 0.0]
2026-03-18 09:40:06.558  INFO 1 --- [io-12031-exec-8] order.controller.OrderController         : [createNewOrder][Create Order][from shanghai to taiyuan at 1970-01-02 18:17:36]
2026-03-18 09:40:06.558  INFO 1 --- [io-12031-exec-8] order.service.OrderServiceImpl           : [create][Create Order][Ready to Create Order]
2026-03-18 09:40:06.571  INFO 1 --- [io-12031-exec-8] order.service.OrderServiceImpl           : [create][Order Create Success][Order Price][OrderId:72ed2bb9-ae15-4f75-8e85-52e2e6da9f99 , Price: 0.0]
2026-03-18 09:40:06.860  INFO 1 --- [io-12031-exec-9] order.controller.OrderController         : [createNewOrder][Create Order][from shanghai to taiyuan at 1970-01-02 18:17:36]
2026-03-18 09:40:06.860  INFO 1 --- [io-12031-exec-9] order.service.OrderServiceImpl           : [create][Create Order][Ready to Create Order]
2026-03-18 09:40:06.872  INFO 1 --- [io-12031-exec-9] order.service.OrderServiceImpl           : [create][Order Create Success][Order Price][OrderId:334198e3-1955-48f3-961e-9ad5ad399e9a , Price: 0.0]
2026-03-18 09:40:07.160  INFO 1 --- [o-12031-exec-10] order.controller.OrderController         : [createNewOrder][Create Order][from shanghai to taiyuan at 1970-01-02 18:17:36]
2026-03-18 09:40:07.160  INFO 1 --- [o-12031-exec-10] order.service.OrderServiceImpl           : [create][Create Order][Ready to Create Order]
2026-03-18 09:40:07.176  INFO 1 --- [o-12031-exec-10] order.service.OrderServiceImpl           : [create][Order Create Success][Order Price][OrderId:ad382459-b265-4327-b9fc-766ae9bea321 , Price: 0.0]
2026-03-18 09:40:07.466  INFO 1 --- [io-12031-exec-1] order.controller.OrderController         : [createNewOrder][Create Order][from shanghai to taiyuan at 1970-01-02 18:17:36]
2026-03-18 09:40:07.466  INFO 1 --- [io-12031-exec-1] order.service.OrderServiceImpl           : [create][Create Order][Ready to Create Order]
2026-03-18 09:40:07.478  INFO 1 --- [io-12031-exec-1] order.service.OrderServiceImpl           : [create][Order Create Success][Order Price][OrderId:f0d33511-c50f-4aae-801f-4c39c106d06d , Price: 0.0]
2026-03-18 09:40:07.763  INFO 1 --- [io-12031-exec-3] order.controller.OrderController         : [createNewOrder][Create Order][from shanghai to taiyuan at 1970-01-02 18:17:36]
2026-03-18 09:40:07.763  INFO 1 --- [io-12031-exec-3] order.service.OrderServiceImpl           : [create][Create Order][Ready to Create Order]
2026-03-18 09:40:07.775  INFO 1 --- [io-12031-exec-3] order.service.OrderServiceImpl           : [create][Order Create Success][Order Price][OrderId:0efc7a95-2ce3-41bb-8eb1-a7b9e72285bf , Price: 0.0]
2026-03-18 09:40:08.259  INFO 1 --- [io-12031-exec-2] order.controller.OrderController         : [createNewOrder][Create Order][from shanghai to taiyuan at 1970-01-02 18:17:36]
2026-03-18 09:40:08.259  INFO 1 --- [io-12031-exec-2] order.service.OrderServiceImpl           : [create][Create Order][Ready to Create Order]
2026-03-18 09:40:08.276  INFO 1 --- [io-12031-exec-2] order.service.OrderServiceImpl           : [create][Order Create Success][Order Price][OrderId:9f8f62db-17b5-4bd8-8daa-4642e38cde0c , Price: 0.0]
2026-03-18 09:40:08.674  INFO 1 --- [io-12031-exec-5] order.controller.OrderController         : [createNewOrder][Create Order][from shanghai to taiyuan at 1970-01-02 18:17:36]
2026-03-18 09:40:08.674  INFO 1 --- [io-12031-exec-5] order.service.OrderServiceImpl           : [create][Create Order][Ready to Create Order]
2026-03-18 09:40:08.773  INFO 1 --- [io-12031-exec-5] order.service.OrderServiceImpl           : [create][Order Create Success][Order Price][OrderId:345e29b0-2a45-4886-ac1e-51abec6ba954 , Price: 0.0]
2026-03-18 09:40:09.068  INFO 1 --- [io-12031-exec-4] order.controller.OrderController         : [createNewOrder][Create Order][from shanghai to taiyuan at 1970-01-02 18:17:36]
2026-03-18 09:40:09.068  INFO 1 --- [io-12031-exec-4] order.service.OrderServiceImpl           : [create][Create Order][Ready to Create Order]
2026-03-18 09:40:09.083  INFO 1 --- [io-12031-exec-4] order.service.OrderServiceImpl           : [create][Order Create Success][Order Price][OrderId:f1132097-44e4-44ac-b5b8-e2918a587482 , Price: 0.0]
2026-03-18 09:40:09.365  INFO 1 --- [io-12031-exec-6] order.controller.OrderController         : [createNewOrder][Create Order][from shanghai to taiyuan at 1970-01-02 18:17:36]
2026-03-18 09:40:09.365  INFO 1 --- [io-12031-exec-6] order.service.OrderServiceImpl           : [create][Create Order][Ready to Create Order]
2026-03-18 09:40:09.377  INFO 1 --- [io-12031-exec-6] order.service.OrderServiceImpl           : [create][Order Create Success][Order Price][OrderId:fb860421-14ed-4fdf-9966-80122bbcafa1 , Price: 0.0]
2026-03-18 09:40:09.655  INFO 1 --- [io-12031-exec-7] order.controller.OrderController         : [createNewOrder][Create Order][from shanghai to taiyuan at 1970-01-02 18:17:36]
2026-03-18 09:40:09.655  INFO 1 --- [io-12031-exec-7] order.service.OrderServiceImpl           : [create][Create Order][Ready to Create Order]
2026-03-18 09:40:09.666  INFO 1 --- [io-12031-exec-7] order.service.OrderServiceImpl           : [create][Order Create Success][Order Price][OrderId:0258c3c3-c2e4-4367-818e-550fbb209de8 , Price: 0.0]
2026-03-18 09:40:09.957  INFO 1 --- [io-12031-exec-8] order.controller.OrderController         : [createNewOrder][Create Order][from shanghai to taiyuan at 1970-01-02 18:17:36]
2026-03-18 09:40:09.957  INFO 1 --- [io-12031-exec-8] order.service.OrderServiceImpl           : [create][Create Order][Ready to Create Order]
2026-03-18 09:40:09.970  INFO 1 --- [io-12031-exec-8] order.service.OrderServiceImpl           : [create][Order Create Success][Order Price][OrderId:b7ab27ed-e103-4b36-a99e-de637d4719a9 , Price: 0.0]
2026-03-18 09:40:10.462  INFO 1 --- [io-12031-exec-9] order.controller.OrderController         : [createNewOrder][Create Order][from shanghai to taiyuan at 1970-01-02 18:17:36]
2026-03-18 09:40:10.462  INFO 1 --- [io-12031-exec-9] order.service.OrderServiceImpl           : [create][Create Order][Ready to Create Order]
2026-03-18 09:40:10.475  INFO 1 --- [io-12031-exec-9] order.service.OrderServiceImpl           : [create][Order Create Success][Order Price][OrderId:d5ae5164-e76c-4c5f-944d-e16dfb58e930 , Price: 0.0]
2026-03-18 09:40:10.757  INFO 1 --- [o-12031-exec-10] order.controller.OrderController         : [createNewOrder][Create Order][from shanghai to taiyuan at 1970-01-02 18:17:36]
2026-03-18 09:40:10.757  INFO 1 --- [o-12031-exec-10] order.service.OrderServiceImpl           : [create][Create Order][Ready to Create Order]
2026-03-18 09:40:10.771  INFO 1 --- [o-12031-exec-10] order.service.OrderServiceImpl           : [create][Order Create Success][Order Price][OrderId:72febf33-9c21-4cb2-8503-68cf723f32bf , Price: 0.0]
2026-03-18 09:40:11.054  INFO 1 --- [io-12031-exec-1] order.controller.OrderController         : [createNewOrder][Create Order][from shanghai to taiyuan at 1970-01-02 18:17:36]
2026-03-18 09:40:11.054  INFO 1 --- [io-12031-exec-1] order.service.OrderServiceImpl           : [create][Create Order][Ready to Create Order]
2026-03-18 09:40:11.067  INFO 1 --- [io-12031-exec-1] order.service.OrderServiceImpl           : [create][Order Create Success][Order Price][OrderId:a1f9d314-beb8-4df3-b696-504c06d74ca7 , Price: 0.0]
2026-03-18 09:40:11.361  INFO 1 --- [io-12031-exec-2] order.controller.OrderController         : [createNewOrder][Create Order][from shanghai to taiyuan at 1970-01-02 18:17:36]
2026-03-18 09:40:11.361  INFO 1 --- [io-12031-exec-2] order.service.OrderServiceImpl           : [create][Create Order][Ready to Create Order]
2026-03-18 09:40:11.384  INFO 1 --- [io-12031-exec-2] order.service.OrderServiceImpl           : [create][Order Create Success][Order Price][OrderId:931f2c8a-c616-4c73-876b-360fee267675 , Price: 0.0]
2026-03-18 09:40:11.666  INFO 1 --- [io-12031-exec-5] order.controller.OrderController         : [createNewOrder][Create Order][from shanghai to taiyuan at 1970-01-02 18:17:36]
2026-03-18 09:40:11.666  INFO 1 --- [io-12031-exec-5] order.service.OrderServiceImpl           : [create][Create Order][Ready to Create Order]
2026-03-18 09:40:11.678  INFO 1 --- [io-12031-exec-5] order.service.OrderServiceImpl           : [create][Order Create Success][Order Price][OrderId:24642a46-c4d4-4a88-89ad-965c1e1c298b , Price: 0.0]
2026-03-18 09:40:11.965  INFO 1 --- [io-12031-exec-4] order.controller.OrderController         : [createNewOrder][Create Order][from shanghai to taiyuan at 1970-01-02 18:17:36]
2026-03-18 09:40:11.965  INFO 1 --- [io-12031-exec-4] order.service.OrderServiceImpl           : [create][Create Order][Ready to Create Order]
2026-03-18 09:40:11.976  INFO 1 --- [io-12031-exec-4] order.service.OrderServiceImpl           : [create][Order Create Success][Order Price][OrderId:7e94916b-47f7-46cf-949e-a12b490b6409 , Price: 0.0]
2026-03-18 09:40:12.262  INFO 1 --- [io-12031-exec-6] order.controller.OrderController         : [createNewOrder][Create Order][from shanghai to taiyuan at 1970-01-02 18:17:36]
2026-03-18 09:40:12.262  INFO 1 --- [io-12031-exec-6] order.service.OrderServiceImpl           : [create][Create Order][Ready to Create Order]
2026-03-18 09:40:12.272  INFO 1 --- [io-12031-exec-6] order.service.OrderServiceImpl           : [create][Order Create Success][Order Price][OrderId:3c425059-f08a-46b4-a818-3b7e94a10947 , Price: 0.0]
2026-03-18 09:40:12.553  INFO 1 --- [io-12031-exec-7] order.controller.OrderController         : [createNewOrder][Create Order][from shanghai to taiyuan at 1970-01-02 18:17:36]
2026-03-18 09:40:12.554  INFO 1 --- [io-12031-exec-7] order.service.OrderServiceImpl           : [create][Create Order][Ready to Create Order]
2026-03-18 09:40:12.565  INFO 1 --- [io-12031-exec-7] order.service.OrderServiceImpl           : [create][Order Create Success][Order Price][OrderId:168f6910-efc5-4e8b-a79e-289355de1a9e , Price: 0.0]
2026-03-18 09:40:12.843  INFO 1 --- [io-12031-exec-8] order.controller.OrderController         : [createNewOrder][Create Order][from shanghai to taiyuan at 1970-01-02 18:17:36]
2026-03-18 09:40:12.843  INFO 1 --- [io-12031-exec-8] order.service.OrderServiceImpl           : [create][Create Order][Ready to Create Order]
2026-03-18 09:40:12.856  INFO 1 --- [io-12031-exec-8] order.service.OrderServiceImpl           : [create][Order Create Success][Order Price][OrderId:cc6a99ef-1385-4e25-9934-442ed8152c2d , Price: 0.0]
2026-03-18 09:40:13.142  INFO 1 --- [io-12031-exec-9] order.controller.OrderController         : [createNewOrder][Create Order][from shanghai to taiyuan at 1970-01-02 18:17:36]
2026-03-18 09:40:13.142  INFO 1 --- [io-12031-exec-9] order.service.OrderServiceImpl           : [create][Create Order][Ready to Create Order]
2026-03-18 09:40:13.154  INFO 1 --- [io-12031-exec-9] order.service.OrderServiceImpl           : [create][Order Create Success][Order Price][OrderId:fc404e05-a0e3-468f-8ae3-6001ab9c0af4 , Price: 0.0]
2026-03-18 09:40:13.440  INFO 1 --- [o-12031-exec-10] order.controller.OrderController         : [createNewOrder][Create Order][from shanghai to taiyuan at 1970-01-02 18:17:36]
2026-03-18 09:40:13.440  INFO 1 --- [o-12031-exec-10] order.service.OrderServiceImpl           : [create][Create Order][Ready to Create Order]
2026-03-18 09:40:13.453  INFO 1 --- [o-12031-exec-10] order.service.OrderServiceImpl           : [create][Order Create Success][Order Price][OrderId:e203db61-14d7-498a-8808-556126e2f957 , Price: 0.0]
2026-03-18 09:40:13.745  INFO 1 --- [io-12031-exec-1] order.controller.OrderController         : [createNewOrder][Create Order][from shanghai to taiyuan at 1970-01-02 18:17:36]
2026-03-18 09:40:13.745  INFO 1 --- [io-12031-exec-1] order.service.OrderServiceImpl           : [create][Create Order][Ready to Create Order]
2026-03-18 09:40:13.756  INFO 1 --- [io-12031-exec-1] order.service.OrderServiceImpl           : [create][Order Create Success][Order Price][OrderId:419e250f-48dc-459e-854f-aec116eec96f , Price: 0.0]
2026-03-18 09:40:14.038  INFO 1 --- [io-12031-exec-3] order.controller.OrderController         : [createNewOrder][Create Order][from shanghai to taiyuan at 1970-01-02 18:17:36]
2026-03-18 09:40:14.038  INFO 1 --- [io-12031-exec-3] order.service.OrderServiceImpl           : [create][Create Order][Ready to Create Order]
2026-03-18 09:40:14.053  INFO 1 --- [io-12031-exec-3] order.service.OrderServiceImpl           : [create][Order Create Success][Order Price][OrderId:8b08866f-602d-453b-a4f7-8116073479e0 , Price: 0.0]
2026-03-18 09:40:14.370  INFO 1 --- [io-12031-exec-2] order.controller.OrderController         : [createNewOrder][Create Order][from shanghai to taiyuan at 1970-01-02 18:17:36]
2026-03-18 09:40:14.370  INFO 1 --- [io-12031-exec-2] order.service.OrderServiceImpl           : [create][Create Order][Ready to Create Order]
2026-03-18 09:40:14.384  INFO 1 --- [io-12031-exec-2] order.service.OrderServiceImpl           : [create][Order Create Success][Order Price][OrderId:45ccbb14-7cc2-49ff-8026-fbc862452cde , Price: 0.0]
2026-03-18 09:40:14.669  INFO 1 --- [io-12031-exec-5] order.controller.OrderController         : [createNewOrder][Create Order][from shanghai to taiyuan at 1970-01-02 18:17:36]
2026-03-18 09:40:14.669  INFO 1 --- [io-12031-exec-5] order.service.OrderServiceImpl           : [create][Create Order][Ready to Create Order]
2026-03-18 09:40:14.681  INFO 1 --- [io-12031-exec-5] order.service.OrderServiceImpl           : [create][Order Create Success][Order Price][OrderId:6a1885b8-3f75-4e98-a15a-689889a2b120 , Price: 0.0]
2026-03-18 09:40:14.964  INFO 1 --- [io-12031-exec-4] order.controller.OrderController         : [createNewOrder][Create Order][from shanghai to taiyuan at 1970-01-02 18:17:36]
2026-03-18 09:40:14.964  INFO 1 --- [io-12031-exec-4] order.service.OrderServiceImpl           : [create][Create Order][Ready to Create Order]
2026-03-18 09:40:14.979  INFO 1 --- [io-12031-exec-4] order.service.OrderServiceImpl           : [create][Order Create Success][Order Price][OrderId:cd0076ca-76a1-4169-8b9a-a0a1b84e9f8b , Price: 0.0]
2026-03-18 09:40:15.270  INFO 1 --- [io-12031-exec-6] order.controller.OrderController         : [createNewOrder][Create Order][from shanghai to taiyuan at 1970-01-02 18:17:36]
2026-03-18 09:40:15.270  INFO 1 --- [io-12031-exec-6] order.service.OrderServiceImpl           : [create][Create Order][Ready to Create Order]
2026-03-18 09:40:15.287  INFO 1 --- [io-12031-exec-6] order.service.OrderServiceImpl           : [create][Order Create Success][Order Price][OrderId:a2e286aa-f734-424d-bf75-bae28f8e2f7b , Price: 0.0]
2026-03-18 09:40:15.566  INFO 1 --- [io-12031-exec-7] order.controller.OrderController         : [createNewOrder][Create Order][from shanghai to taiyuan at 1970-01-02 18:17:36]
2026-03-18 09:40:15.566  INFO 1 --- [io-12031-exec-7] order.service.OrderServiceImpl           : [create][Create Order][Ready to Create Order]
2026-03-18 09:40:15.579  INFO 1 --- [io-12031-exec-7] order.service.OrderServiceImpl           : [create][Order Create Success][Order Price][OrderId:18198119-c73d-47e4-88f1-f1be538b2a6c , Price: 0.0]
2026-03-18 09:40:15.863  INFO 1 --- [io-12031-exec-8] order.controller.OrderController         : [createNewOrder][Create Order][from shanghai to taiyuan at 1970-01-02 18:17:36]
2026-03-18 09:40:15.863  INFO 1 --- [io-12031-exec-8] order.service.OrderServiceImpl           : [create][Create Order][Ready to Create Order]
2026-03-18 09:40:15.874  INFO 1 --- [io-12031-exec-8] order.service.OrderServiceImpl           : [create][Order Create Success][Order Price][OrderId:8ff24758-6f9f-4e28-bb87-7287369c18e1 , Price: 0.0]
2026-03-18 09:40:16.164  INFO 1 --- [io-12031-exec-9] order.controller.OrderController         : [createNewOrder][Create Order][from shanghai to taiyuan at 1970-01-02 18:17:36]
2026-03-18 09:40:16.164  INFO 1 --- [io-12031-exec-9] order.service.OrderServiceImpl           : [create][Create Order][Ready to Create Order]
2026-03-18 09:40:16.281  INFO 1 --- [io-12031-exec-9] order.service.OrderServiceImpl           : [create][Order Create Success][Order Price][OrderId:5cb97aa8-5409-4396-a2b8-c7db8a6693f0 , Price: 0.0]
2026-03-18 09:40:16.573  INFO 1 --- [o-12031-exec-10] order.controller.OrderController         : [createNewOrder][Create Order][from shanghai to taiyuan at 1970-01-02 18:17:36]
2026-03-18 09:40:16.573  INFO 1 --- [o-12031-exec-10] order.service.OrderServiceImpl           : [create][Create Order][Ready to Create Order]
2026-03-18 09:40:16.586  INFO 1 --- [o-12031-exec-10] order.service.OrderServiceImpl           : [create][Order Create Success][Order Price][OrderId:15740f75-5712-4497-ad4b-92b5fb3f53fc , Price: 0.0]
2026-03-18 09:40:16.860  INFO 1 --- [io-12031-exec-1] order.controller.OrderController         : [createNewOrder][Create Order][from shanghai to taiyuan at 1970-01-02 18:17:36]
2026-03-18 09:40:16.861  INFO 1 --- [io-12031-exec-1] order.service.OrderServiceImpl           : [create][Create Order][Ready to Create Order]
2026-03-18 09:40:16.872  INFO 1 --- [io-12031-exec-1] order.service.OrderServiceImpl           : [create][Order Create Success][Order Price][OrderId:ddf8f94e-74b6-4e1f-8723-5450a114c14a , Price: 0.0]
2026-03-18 09:40:17.161  INFO 1 --- [io-12031-exec-3] order.controller.OrderController         : [createNewOrder][Create Order][from shanghai to taiyuan at 1970-01-02 18:17:36]
2026-03-18 09:40:17.161  INFO 1 --- [io-12031-exec-3] order.service.OrderServiceImpl           : [create][Create Order][Ready to Create Order]
2026-03-18 09:40:17.176  INFO 1 --- [io-12031-exec-3] order.service.OrderServiceImpl           : [create][Order Create Success][Order Price][OrderId:386c0e35-0e35-4cdb-836f-be3d910c3838 , Price: 0.0]
2026-03-18 09:40:17.465  INFO 1 --- [io-12031-exec-2] order.controller.OrderController         : [createNewOrder][Create Order][from shanghai to taiyuan at 1970-01-02 18:17:36]
2026-03-18 09:40:17.465  INFO 1 --- [io-12031-exec-2] order.service.OrderServiceImpl           : [create][Create Order][Ready to Create Order]
2026-03-18 09:40:17.475  INFO 1 --- [io-12031-exec-2] order.service.OrderServiceImpl           : [create][Order Create Success][Order Price][OrderId:902150c2-c8a6-49c4-bdcd-634bb63e3244 , Price: 0.0]
2026-03-18 09:40:17.749  INFO 1 --- [io-12031-exec-5] order.controller.OrderController         : [createNewOrder][Create Order][from shanghai to taiyuan at 1970-01-02 18:17:36]
2026-03-18 09:40:17.750  INFO 1 --- [io-12031-exec-5] order.service.OrderServiceImpl           : [create][Create Order][Ready to Create Order]
2026-03-18 09:40:17.760  INFO 1 --- [io-12031-exec-5] order.service.OrderServiceImpl           : [create][Order Create Success][Order Price][OrderId:4d917fe7-7db3-485a-a653-8eb1dd91e983 , Price: 0.0]
2026-03-18 09:40:18.042  INFO 1 --- [io-12031-exec-4] order.controller.OrderController         : [createNewOrder][Create Order][from shanghai to taiyuan at 1970-01-02 18:17:36]
2026-03-18 09:40:18.042  INFO 1 --- [io-12031-exec-4] order.service.OrderServiceImpl           : [create][Create Order][Ready to Create Order]
2026-03-18 09:40:18.055  INFO 1 --- [io-12031-exec-4] order.service.OrderServiceImpl           : [create][Order Create Success][Order Price][OrderId:c116a9a4-5e73-4a97-a7b4-0b746d695912 , Price: 0.0]
2026-03-18 09:40:18.338  INFO 1 --- [io-12031-exec-6] order.controller.OrderController         : [createNewOrder][Create Order][from shanghai to taiyuan at 1970-01-02 18:17:36]
2026-03-18 09:40:18.338  INFO 1 --- [io-12031-exec-6] order.service.OrderServiceImpl           : [create][Create Order][Ready to Create Order]
2026-03-18 09:40:18.352  INFO 1 --- [io-12031-exec-6] order.service.OrderServiceImpl           : [create][Order Create Success][Order Price][OrderId:e1d574f0-1628-49eb-9ebc-d21deeacc61e , Price: 0.0]
2026-03-18 09:40:18.635  INFO 1 --- [io-12031-exec-7] order.controller.OrderController         : [createNewOrder][Create Order][from shanghai to taiyuan at 1970-01-02 18:17:36]
2026-03-18 09:40:18.635  INFO 1 --- [io-12031-exec-7] order.service.OrderServiceImpl           : [create][Create Order][Ready to Create Order]
2026-03-18 09:40:18.648  INFO 1 --- [io-12031-exec-7] order.service.OrderServiceImpl           : [create][Order Create Success][Order Price][OrderId:7e4ac43b-b872-4dd4-957c-e459530f3c30 , Price: 0.0]
2026-03-18 09:40:18.934  INFO 1 --- [io-12031-exec-8] order.controller.OrderController         : [createNewOrder][Create Order][from shanghai to taiyuan at 1970-01-02 18:17:36]
2026-03-18 09:40:18.934  INFO 1 --- [io-12031-exec-8] order.service.OrderServiceImpl           : [create][Create Order][Ready to Create Order]
2026-03-18 09:40:18.946  INFO 1 --- [io-12031-exec-8] order.service.OrderServiceImpl           : [create][Order Create Success][Order Price][OrderId:36217536-e60b-45e1-aabb-94ae4257a5ba , Price: 0.0]
2026-03-18 09:40:19.181  INFO 1 --- [io-12031-exec-9] order.controller.OrderController         : [createNewOrder][Create Order][from shanghai to taiyuan at 1970-01-02 18:17:36]
2026-03-18 09:40:19.181  INFO 1 --- [io-12031-exec-9] order.service.OrderServiceImpl           : [create][Create Order][Ready to Create Order]
2026-03-18 09:40:19.193  INFO 1 --- [io-12031-exec-9] order.service.OrderServiceImpl           : [create][Order Create Success][Order Price][OrderId:9f2af7b7-58be-4763-a7bb-ff72bc7ab2b4 , Price: 0.0]
2026-03-18 09:40:19.457  INFO 1 --- [o-12031-exec-10] order.controller.OrderController         : [createNewOrder][Create Order][from shanghai to taiyuan at 1970-01-02 18:17:36]
2026-03-18 09:40:19.457  INFO 1 --- [o-12031-exec-10] order.service.OrderServiceImpl           : [create][Create Order][Ready to Create Order]
2026-03-18 09:40:19.467  INFO 1 --- [o-12031-exec-10] order.service.OrderServiceImpl           : [create][Order Create Success][Order Price][OrderId:f7b4e333-6a5b-4de2-9d00-67cb28434665 , Price: 0.0]
2026-03-18 09:40:19.745  INFO 1 --- [io-12031-exec-1] order.controller.OrderController         : [createNewOrder][Create Order][from shanghai to taiyuan at 1970-01-02 18:17:36]
2026-03-18 09:40:19.745  INFO 1 --- [io-12031-exec-1] order.service.OrderServiceImpl           : [create][Create Order][Ready to Create Order]
2026-03-18 09:40:19.758  INFO 1 --- [io-12031-exec-1] order.service.OrderServiceImpl           : [create][Order Create Success][Order Price][OrderId:79e9677d-4744-4203-a17c-17a28a0e02a8 , Price: 0.0]
2026-03-18 09:40:20.048  INFO 1 --- [io-12031-exec-3] order.controller.OrderController         : [createNewOrder][Create Order][from shanghai to taiyuan at 1970-01-02 18:17:36]
2026-03-18 09:40:20.048  INFO 1 --- [io-12031-exec-3] order.service.OrderServiceImpl           : [create][Create Order][Ready to Create Order]
2026-03-18 09:40:20.060  INFO 1 --- [io-12031-exec-3] order.service.OrderServiceImpl           : [create][Order Create Success][Order Price][OrderId:f32cf14b-7e4a-4543-abf2-934b14437207 , Price: 0.0]
2026-03-18 09:40:20.350  INFO 1 --- [io-12031-exec-2] order.controller.OrderController         : [createNewOrder][Create Order][from shanghai to taiyuan at 1970-01-02 18:17:36]
2026-03-18 09:40:20.350  INFO 1 --- [io-12031-exec-2] order.service.OrderServiceImpl           : [create][Create Order][Ready to Create Order]
2026-03-18 09:40:20.363  INFO 1 --- [io-12031-exec-2] order.service.OrderServiceImpl           : [create][Order Create Success][Order Price][OrderId:90063bf0-ef5e-41fc-924e-848d0d7bd7b6 , Price: 0.0]
2026-03-18 09:40:20.646  INFO 1 --- [io-12031-exec-5] order.controller.OrderController         : [createNewOrder][Create Order][from shanghai to taiyuan at 1970-01-02 18:17:36]
2026-03-18 09:40:20.646  INFO 1 --- [io-12031-exec-5] order.service.OrderServiceImpl           : [create][Create Order][Ready to Create Order]
2026-03-18 09:40:20.882  INFO 1 --- [io-12031-exec-5] order.service.OrderServiceImpl           : [create][Order Create Success][Order Price][OrderId:d3a69b95-906c-4751-bb16-aee1dcd0dbe5 , Price: 0.0]
2026-03-18 09:40:21.257  INFO 1 --- [io-12031-exec-6] order.controller.OrderController         : [createNewOrder][Create Order][from shanghai to taiyuan at 1970-01-02 18:17:36]
2026-03-18 09:40:21.257  INFO 1 --- [io-12031-exec-6] order.service.OrderServiceImpl           : [create][Create Order][Ready to Create Order]
2026-03-18 09:40:21.272  INFO 1 --- [io-12031-exec-6] order.service.OrderServiceImpl           : [create][Order Create Success][Order Price][OrderId:915893a4-7189-4c8f-a634-b0d5b965c57c , Price: 0.0]
2026-03-18 09:40:21.566  INFO 1 --- [io-12031-exec-7] order.controller.OrderController         : [createNewOrder][Create Order][from shanghai to taiyuan at 1970-01-02 18:17:36]
2026-03-18 09:40:21.566  INFO 1 --- [io-12031-exec-7] order.service.OrderServiceImpl           : [create][Create Order][Ready to Create Order]
2026-03-18 09:40:21.578  INFO 1 --- [io-12031-exec-7] order.service.OrderServiceImpl           : [create][Order Create Success][Order Price][OrderId:32e3c0d6-6aa6-43f8-a1c7-29aad8ac3c16 , Price: 0.0]
2026-03-18 09:40:21.871  INFO 1 --- [io-12031-exec-8] order.controller.OrderController         : [createNewOrder][Create Order][from shanghai to taiyuan at 1970-01-02 18:17:36]
2026-03-18 09:40:21.872  INFO 1 --- [io-12031-exec-8] order.service.OrderServiceImpl           : [create][Create Order][Ready to Create Order]
2026-03-18 09:40:21.884  INFO 1 --- [io-12031-exec-8] order.service.OrderServiceImpl           : [create][Order Create Success][Order Price][OrderId:1f27cefb-e79b-4356-b7c4-eb078ab1bd8d , Price: 0.0]
2026-03-18 09:40:22.165  INFO 1 --- [io-12031-exec-9] order.controller.OrderController         : [createNewOrder][Create Order][from shanghai to taiyuan at 1970-01-02 18:17:36]
2026-03-18 09:40:22.166  INFO 1 --- [io-12031-exec-9] order.service.OrderServiceImpl           : [create][Create Order][Ready to Create Order]
2026-03-18 09:40:22.182  INFO 1 --- [io-12031-exec-9] order.service.OrderServiceImpl           : [create][Order Create Success][Order Price][OrderId:040eaf4e-5414-484a-a93c-4c4b4165c60d , Price: 0.0]
2026-03-18 09:40:22.465  INFO 1 --- [o-12031-exec-10] order.controller.OrderController         : [createNewOrder][Create Order][from shanghai to taiyuan at 1970-01-02 18:17:36]
2026-03-18 09:40:22.465  INFO 1 --- [o-12031-exec-10] order.service.OrderServiceImpl           : [create][Create Order][Ready to Create Order]
2026-03-18 09:40:22.477  INFO 1 --- [o-12031-exec-10] order.service.OrderServiceImpl           : [create][Order Create Success][Order Price][OrderId:51159fcf-9546-4b87-9d73-6a51083121a5 , Price: 0.0]
2026-03-18 09:40:22.765  INFO 1 --- [io-12031-exec-1] order.controller.OrderController         : [createNewOrder][Create Order][from shanghai to taiyuan at 1970-01-02 18:17:36]
2026-03-18 09:40:22.766  INFO 1 --- [io-12031-exec-1] order.service.OrderServiceImpl           : [create][Create Order][Ready to Create Order]
2026-03-18 09:40:22.780  INFO 1 --- [io-12031-exec-1] order.service.OrderServiceImpl           : [create][Order Create Success][Order Price][OrderId:486053b5-f24d-4882-a911-354364474339 , Price: 0.0]
2026-03-18 09:40:23.069  INFO 1 --- [io-12031-exec-3] order.controller.OrderController         : [createNewOrder][Create Order][from shanghai to taiyuan at 1970-01-02 18:17:36]
2026-03-18 09:40:23.069  INFO 1 --- [io-12031-exec-3] order.service.OrderServiceImpl           : [create][Create Order][Ready to Create Order]
2026-03-18 09:40:23.083  INFO 1 --- [io-12031-exec-3] order.service.OrderServiceImpl           : [create][Order Create Success][Order Price][OrderId:7425cba8-5421-4c46-a0b3-e401b969c616 , Price: 0.0]
2026-03-18 09:40:23.371  INFO 1 --- [io-12031-exec-2] order.controller.OrderController         : [createNewOrder][Create Order][from shanghai to taiyuan at 1970-01-02 18:17:36]
2026-03-18 09:40:23.371  INFO 1 --- [io-12031-exec-2] order.service.OrderServiceImpl           : [create][Create Order][Ready to Create Order]
2026-03-18 09:40:23.386  INFO 1 --- [io-12031-exec-2] order.service.OrderServiceImpl           : [create][Order Create Success][Order Price][OrderId:b45d11bc-a7a5-4350-98d1-9be330bcce55 , Price: 0.0]
2026-03-18 09:40:23.665  INFO 1 --- [io-12031-exec-5] order.controller.OrderController         : [createNewOrder][Create Order][from shanghai to taiyuan at 1970-01-02 18:17:36]
2026-03-18 09:40:23.665  INFO 1 --- [io-12031-exec-5] order.service.OrderServiceImpl           : [create][Create Order][Ready to Create Order]
2026-03-18 09:40:23.677  INFO 1 --- [io-12031-exec-5] order.service.OrderServiceImpl           : [create][Order Create Success][Order Price][OrderId:31c22e68-6dc3-426a-af8c-2e006fe5ee98 , Price: 0.0]
2026-03-18 09:40:23.962  INFO 1 --- [io-12031-exec-4] order.controller.OrderController         : [createNewOrder][Create Order][from shanghai to taiyuan at 1970-01-02 18:17:36]
2026-03-18 09:40:23.962  INFO 1 --- [io-12031-exec-4] order.service.OrderServiceImpl           : [create][Create Order][Ready to Create Order]
2026-03-18 09:40:23.975  INFO 1 --- [io-12031-exec-4] order.service.OrderServiceImpl           : [create][Order Create Success][Order Price][OrderId:e048e2ac-4fdf-443e-83bc-31734e41c4ca , Price: 0.0]
2026-03-18 09:40:24.271  INFO 1 --- [io-12031-exec-6] order.controller.OrderController         : [createNewOrder][Create Order][from shanghai to taiyuan at 1970-01-02 18:17:36]
2026-03-18 09:40:24.271  INFO 1 --- [io-12031-exec-6] order.service.OrderServiceImpl           : [create][Create Order][Ready to Create Order]
2026-03-18 09:40:24.288  INFO 1 --- [io-12031-exec-6] order.service.OrderServiceImpl           : [create][Order Create Success][Order Price][OrderId:84cbb077-c5ed-4ebc-b35a-abd91491962f , Price: 0.0]
2026-03-18 09:40:24.568  INFO 1 --- [io-12031-exec-7] order.controller.OrderController         : [createNewOrder][Create Order][from shanghai to taiyuan at 1970-01-02 18:17:36]
2026-03-18 09:40:24.568  INFO 1 --- [io-12031-exec-7] order.service.OrderServiceImpl           : [create][Create Order][Ready to Create Order]
2026-03-18 09:40:24.582  INFO 1 --- [io-12031-exec-7] order.service.OrderServiceImpl           : [create][Order Create Success][Order Price][OrderId:88efc1ea-5c1e-45f8-9971-b212e3223bd9 , Price: 0.0]
2026-03-18 09:40:24.862  INFO 1 --- [io-12031-exec-8] order.controller.OrderController         : [createNewOrder][Create Order][from shanghai to taiyuan at 1970-01-02 18:17:36]
2026-03-18 09:40:24.863  INFO 1 --- [io-12031-exec-8] order.service.OrderServiceImpl           : [create][Create Order][Ready to Create Order]
2026-03-18 09:40:24.876  INFO 1 --- [io-12031-exec-8] order.service.OrderServiceImpl           : [create][Order Create Success][Order Price][OrderId:e97b76bf-21c3-40a9-ad8c-6b9767506209 , Price: 0.0]
2026-03-18 09:40:25.164  INFO 1 --- [io-12031-exec-9] order.controller.OrderController         : [createNewOrder][Create Order][from shanghai to taiyuan at 1970-01-02 18:17:36]
2026-03-18 09:40:25.164  INFO 1 --- [io-12031-exec-9] order.service.OrderServiceImpl           : [create][Create Order][Ready to Create Order]
2026-03-18 09:40:25.177  INFO 1 --- [io-12031-exec-9] order.service.OrderServiceImpl           : [create][Order Create Success][Order Price][OrderId:c086f69f-18b0-449c-b0f8-fd52257a4628 , Price: 0.0]
2026-03-18 09:40:25.460  INFO 1 --- [o-12031-exec-10] order.controller.OrderController         : [createNewOrder][Create Order][from shanghai to taiyuan at 1970-01-02 18:17:36]
2026-03-18 09:40:25.460  INFO 1 --- [o-12031-exec-10] order.service.OrderServiceImpl           : [create][Create Order][Ready to Create Order]
2026-03-18 09:40:25.473  INFO 1 --- [o-12031-exec-10] order.service.OrderServiceImpl           : [create][Order Create Success][Order Price][OrderId:1a7265cf-98d5-4d48-94d6-16b30c7db60a , Price: 0.0]
2026-03-18 09:40:25.762  INFO 1 --- [io-12031-exec-1] order.controller.OrderController         : [createNewOrder][Create Order][from shanghai to taiyuan at 1970-01-02 18:17:36]
2026-03-18 09:40:25.762  INFO 1 --- [io-12031-exec-1] order.service.OrderServiceImpl           : [create][Create Order][Ready to Create Order]
2026-03-18 09:40:25.774  INFO 1 --- [io-12031-exec-1] order.service.OrderServiceImpl           : [create][Order Create Success][Order Price][OrderId:78ddaf5b-69de-4cf4-9113-28cc5d58be41 , Price: 0.0]
2026-03-18 09:40:26.055  INFO 1 --- [io-12031-exec-3] order.controller.OrderController         : [createNewOrder][Create Order][from shanghai to taiyuan at 1970-01-02 18:17:36]
2026-03-18 09:40:26.055  INFO 1 --- [io-12031-exec-3] order.service.OrderServiceImpl           : [create][Create Order][Ready to Create Order]
2026-03-18 09:40:26.068  INFO 1 --- [io-12031-exec-3] order.service.OrderServiceImpl           : [create][Order Create Success][Order Price][OrderId:a01d2165-a63a-42a9-8592-c619c0359658 , Price: 0.0]
2026-03-18 09:40:26.363  INFO 1 --- [io-12031-exec-2] order.controller.OrderController         : [createNewOrder][Create Order][from shanghai to taiyuan at 1970-01-02 18:17:36]
2026-03-18 09:40:26.363  INFO 1 --- [io-12031-exec-2] order.service.OrderServiceImpl           : [create][Create Order][Ready to Create Order]
2026-03-18 09:40:26.375  INFO 1 --- [io-12031-exec-2] order.service.OrderServiceImpl           : [create][Order Create Success][Order Price][OrderId:2e855fdd-5703-420b-812d-e58e5a9f6f78 , Price: 0.0]
2026-03-18 09:40:26.666  INFO 1 --- [io-12031-exec-5] order.controller.OrderController         : [createNewOrder][Create Order][from shanghai to taiyuan at 1970-01-02 18:17:36]
2026-03-18 09:40:26.666  INFO 1 --- [io-12031-exec-5] order.service.OrderServiceImpl           : [create][Create Order][Ready to Create Order]
2026-03-18 09:40:26.679  INFO 1 --- [io-12031-exec-5] order.service.OrderServiceImpl           : [create][Order Create Success][Order Price][OrderId:8ae6ac42-d507-4865-a2bd-701061d6ecaf , Price: 0.0]
2026-03-18 09:40:26.961  INFO 1 --- [io-12031-exec-4] order.controller.OrderController         : [createNewOrder][Create Order][from shanghai to taiyuan at 1970-01-02 18:17:36]
2026-03-18 09:40:26.961  INFO 1 --- [io-12031-exec-4] order.service.OrderServiceImpl           : [create][Create Order][Ready to Create Order]
2026-03-18 09:40:26.973  INFO 1 --- [io-12031-exec-4] order.service.OrderServiceImpl           : [create][Order Create Success][Order Price][OrderId:9cb0bd03-2a30-4904-9d4d-a185234eeab5 , Price: 0.0]
2026-03-18 09:40:27.256  INFO 1 --- [io-12031-exec-6] order.controller.OrderController         : [createNewOrder][Create Order][from shanghai to taiyuan at 1970-01-02 18:17:36]
2026-03-18 09:40:27.256  INFO 1 --- [io-12031-exec-6] order.service.OrderServiceImpl           : [create][Create Order][Ready to Create Order]
2026-03-18 09:40:27.270  INFO 1 --- [io-12031-exec-6] order.service.OrderServiceImpl           : [create][Order Create Success][Order Price][OrderId:0df3c364-faf3-4efd-b963-292ceeb71022 , Price: 0.0]
2026-03-18 09:40:27.559  INFO 1 --- [io-12031-exec-7] order.controller.OrderController         : [createNewOrder][Create Order][from shanghai to taiyuan at 1970-01-02 18:17:36]
2026-03-18 09:40:27.559  INFO 1 --- [io-12031-exec-7] order.service.OrderServiceImpl           : [create][Create Order][Ready to Create Order]
2026-03-18 09:40:27.572  INFO 1 --- [io-12031-exec-7] order.service.OrderServiceImpl           : [create][Order Create Success][Order Price][OrderId:cec7f839-5c45-4537-ae72-83d90eec0afd , Price: 0.0]
2026-03-18 09:40:27.864  INFO 1 --- [io-12031-exec-8] order.controller.OrderController         : [createNewOrder][Create Order][from shanghai to taiyuan at 1970-01-02 18:17:36]
2026-03-18 09:40:27.864  INFO 1 --- [io-12031-exec-8] order.service.OrderServiceImpl           : [create][Create Order][Ready to Create Order]
2026-03-18 09:40:27.876  INFO 1 --- [io-12031-exec-8] order.service.OrderServiceImpl           : [create][Order Create Success][Order Price][OrderId:efee4a7c-ed6e-4dde-9062-26eef0b7c266 , Price: 0.0]
2026-03-18 09:40:28.163  INFO 1 --- [io-12031-exec-9] order.controller.OrderController         : [createNewOrder][Create Order][from shanghai to taiyuan at 1970-01-02 18:17:36]
2026-03-18 09:40:28.163  INFO 1 --- [io-12031-exec-9] order.service.OrderServiceImpl           : [create][Create Order][Ready to Create Order]
2026-03-18 09:40:28.176  INFO 1 --- [io-12031-exec-9] order.service.OrderServiceImpl           : [create][Order Create Success][Order Price][OrderId:7661a3ee-71a3-4c23-95e6-a6fdddff6e07 , Price: 0.0]
2026-03-18 09:40:28.462  INFO 1 --- [o-12031-exec-10] order.controller.OrderController         : [createNewOrder][Create Order][from shanghai to taiyuan at 1970-01-02 18:17:36]
2026-03-18 09:40:28.462  INFO 1 --- [o-12031-exec-10] order.service.OrderServiceImpl           : [create][Create Order][Ready to Create Order]
2026-03-18 09:40:28.476  INFO 1 --- [o-12031-exec-10] order.service.OrderServiceImpl           : [create][Order Create Success][Order Price][OrderId:21dc8621-ee43-46ce-b6b7-6f3551fb82d8 , Price: 0.0]
2026-03-18 09:40:28.757  INFO 1 --- [io-12031-exec-1] order.controller.OrderController         : [createNewOrder][Create Order][from shanghai to taiyuan at 1970-01-02 18:17:36]
2026-03-18 09:40:28.757  INFO 1 --- [io-12031-exec-1] order.service.OrderServiceImpl           : [create][Create Order][Ready to Create Order]
2026-03-18 09:40:28.770  INFO 1 --- [io-12031-exec-1] order.service.OrderServiceImpl           : [create][Order Create Success][Order Price][OrderId:4ec970fa-81f4-4bc6-a25e-fec03152edad , Price: 0.0]
2026-03-18 09:40:29.064  INFO 1 --- [io-12031-exec-3] order.controller.OrderController         : [createNewOrder][Create Order][from shanghai to taiyuan at 1970-01-02 18:17:36]
2026-03-18 09:40:29.064  INFO 1 --- [io-12031-exec-3] order.service.OrderServiceImpl           : [create][Create Order][Ready to Create Order]
2026-03-18 09:40:29.077  INFO 1 --- [io-12031-exec-3] order.service.OrderServiceImpl           : [create][Order Create Success][Order Price][OrderId:59e01fb0-9f47-4a65-9ad3-6e264214a74f , Price: 0.0]
2026-03-18 09:40:29.374  INFO 1 --- [io-12031-exec-2] order.controller.OrderController         : [createNewOrder][Create Order][from shanghai to taiyuan at 1970-01-02 18:17:36]
2026-03-18 09:40:29.374  INFO 1 --- [io-12031-exec-2] order.service.OrderServiceImpl           : [create][Create Order][Ready to Create Order]
2026-03-18 09:40:29.386  INFO 1 --- [io-12031-exec-2] order.service.OrderServiceImpl           : [create][Order Create Success][Order Price][OrderId:371bf820-e0cd-48f7-b0f4-c7584bf8d823 , Price: 0.0]
2026-03-18 09:40:29.663  INFO 1 --- [io-12031-exec-5] order.controller.OrderController         : [createNewOrder][Create Order][from shanghai to taiyuan at 1970-01-02 18:17:36]
2026-03-18 09:40:29.663  INFO 1 --- [io-12031-exec-5] order.service.OrderServiceImpl           : [create][Create Order][Ready to Create Order]
2026-03-18 09:40:29.675  INFO 1 --- [io-12031-exec-5] order.service.OrderServiceImpl           : [create][Order Create Success][Order Price][OrderId:ef3b21cb-23d2-4b4d-9f62-00aa8b935f21 , Price: 0.0]
2026-03-18 09:40:29.969  INFO 1 --- [io-12031-exec-4] order.controller.OrderController         : [createNewOrder][Create Order][from shanghai to taiyuan at 1970-01-02 18:17:36]
2026-03-18 09:40:29.969  INFO 1 --- [io-12031-exec-4] order.service.OrderServiceImpl           : [create][Create Order][Ready to Create Order]
2026-03-18 09:40:30.086  INFO 1 --- [io-12031-exec-4] order.service.OrderServiceImpl           : [create][Order Create Success][Order Price][OrderId:0194539a-285b-4c52-b07a-a5d11c963d08 , Price: 0.0]
2026-03-18 09:40:30.378  INFO 1 --- [io-12031-exec-6] order.controller.OrderController         : [createNewOrder][Create Order][from shanghai to taiyuan at 1970-01-02 18:17:36]
2026-03-18 09:40:30.378  INFO 1 --- [io-12031-exec-6] order.service.OrderServiceImpl           : [create][Create Order][Ready to Create Order]
2026-03-18 09:40:30.392  INFO 1 --- [io-12031-exec-6] order.service.OrderServiceImpl           : [create][Order Create Success][Order Price][OrderId:4cc0ef70-4bf5-420f-b5e0-4f05c79a7a86 , Price: 0.0]
2026-03-18 09:40:30.666  INFO 1 --- [io-12031-exec-7] order.controller.OrderController         : [createNewOrder][Create Order][from shanghai to taiyuan at 1970-01-02 18:17:36]
2026-03-18 09:40:30.666  INFO 1 --- [io-12031-exec-7] order.service.OrderServiceImpl           : [create][Create Order][Ready to Create Order]
2026-03-18 09:40:30.678  INFO 1 --- [io-12031-exec-7] order.service.OrderServiceImpl           : [create][Order Create Success][Order Price][OrderId:6c6af024-b328-4222-b74e-0f09a2f87074 , Price: 0.0]
2026-03-18 09:40:30.964  INFO 1 --- [io-12031-exec-8] order.controller.OrderController         : [createNewOrder][Create Order][from shanghai to taiyuan at 1970-01-02 18:17:36]
2026-03-18 09:40:30.964  INFO 1 --- [io-12031-exec-8] order.service.OrderServiceImpl           : [create][Create Order][Ready to Create Order]
2026-03-18 09:40:30.977  INFO 1 --- [io-12031-exec-8] order.service.OrderServiceImpl           : [create][Order Create Success][Order Price][OrderId:203146ef-1fd7-45a9-8e57-382fbe97c3fe , Price: 0.0]
2026-03-18 09:40:31.276  INFO 1 --- [o-12031-exec-10] order.controller.OrderController         : [createNewOrder][Create Order][from shanghai to taiyuan at 1970-01-02 18:17:36]
2026-03-18 09:40:31.276  INFO 1 --- [o-12031-exec-10] order.service.OrderServiceImpl           : [create][Create Order][Ready to Create Order]
2026-03-18 09:40:31.290  INFO 1 --- [o-12031-exec-10] order.service.OrderServiceImpl           : [create][Order Create Success][Order Price][OrderId:952c8d27-f89f-4c9d-8e28-fedd847018a3 , Price: 0.0]
2026-03-18 09:40:31.569  INFO 1 --- [io-12031-exec-1] order.controller.OrderController         : [createNewOrder][Create Order][from shanghai to taiyuan at 1970-01-02 18:17:36]
2026-03-18 09:40:31.569  INFO 1 --- [io-12031-exec-1] order.service.OrderServiceImpl           : [create][Create Order][Ready to Create Order]
2026-03-18 09:40:31.581  INFO 1 --- [io-12031-exec-1] order.service.OrderServiceImpl           : [create][Order Create Success][Order Price][OrderId:fd79f7de-dd9d-480b-b466-a0612dd84b35 , Price: 0.0]
2026-03-18 09:40:31.861  INFO 1 --- [io-12031-exec-3] order.controller.OrderController         : [createNewOrder][Create Order][from shanghai to taiyuan at 1970-01-02 18:17:36]
2026-03-18 09:40:31.861  INFO 1 --- [io-12031-exec-3] order.service.OrderServiceImpl           : [create][Create Order][Ready to Create Order]
2026-03-18 09:40:31.874  INFO 1 --- [io-12031-exec-3] order.service.OrderServiceImpl           : [create][Order Create Success][Order Price][OrderId:d2765164-10bf-4121-a9d1-5511fd948433 , Price: 0.0]
2026-03-18 09:40:32.162  INFO 1 --- [io-12031-exec-2] order.controller.OrderController         : [createNewOrder][Create Order][from shanghai to taiyuan at 1970-01-02 18:17:36]
2026-03-18 09:40:32.162  INFO 1 --- [io-12031-exec-2] order.service.OrderServiceImpl           : [create][Create Order][Ready to Create Order]
2026-03-18 09:40:32.175  INFO 1 --- [io-12031-exec-2] order.service.OrderServiceImpl           : [create][Order Create Success][Order Price][OrderId:a8258fec-f703-4d38-a140-df0cf668612a , Price: 0.0]
2026-03-18 09:40:32.466  INFO 1 --- [io-12031-exec-5] order.controller.OrderController         : [createNewOrder][Create Order][from shanghai to taiyuan at 1970-01-02 18:17:36]
2026-03-18 09:40:32.466  INFO 1 --- [io-12031-exec-5] order.service.OrderServiceImpl           : [create][Create Order][Ready to Create Order]
2026-03-18 09:40:32.481  INFO 1 --- [io-12031-exec-5] order.service.OrderServiceImpl           : [create][Order Create Success][Order Price][OrderId:4d32a11a-221b-43a5-af3e-89e643976629 , Price: 0.0]
2026-03-18 09:40:32.764  INFO 1 --- [io-12031-exec-4] order.controller.OrderController         : [createNewOrder][Create Order][from shanghai to taiyuan at 1970-01-02 18:17:36]
2026-03-18 09:40:32.764  INFO 1 --- [io-12031-exec-4] order.service.OrderServiceImpl           : [create][Create Order][Ready to Create Order]
2026-03-18 09:40:32.779  INFO 1 --- [io-12031-exec-4] order.service.OrderServiceImpl           : [create][Order Create Success][Order Price][OrderId:eb8df9a2-e1ea-4df5-b243-7dd438f3aab4 , Price: 0.0]
2026-03-18 09:40:33.068  INFO 1 --- [io-12031-exec-6] order.controller.OrderController         : [createNewOrder][Create Order][from shanghai to taiyuan at 1970-01-02 18:17:36]
2026-03-18 09:40:33.068  INFO 1 --- [io-12031-exec-6] order.service.OrderServiceImpl           : [create][Create Order][Ready to Create Order]
2026-03-18 09:40:33.082  INFO 1 --- [io-12031-exec-6] order.service.OrderServiceImpl           : [create][Order Create Success][Order Price][OrderId:0c96c176-4469-4964-b107-e5d66bf6fb0a , Price: 0.0]
2026-03-18 09:40:33.375  INFO 1 --- [io-12031-exec-7] order.controller.OrderController         : [createNewOrder][Create Order][from shanghai to taiyuan at 1970-01-02 18:17:36]
2026-03-18 09:40:33.375  INFO 1 --- [io-12031-exec-7] order.service.OrderServiceImpl           : [create][Create Order][Ready to Create Order]
2026-03-18 09:40:33.389  INFO 1 --- [io-12031-exec-7] order.service.OrderServiceImpl           : [create][Order Create Success][Order Price][OrderId:f77fa70c-3da4-4918-9c08-a75c1c859816 , Price: 0.0]
2026-03-18 09:40:33.666  INFO 1 --- [io-12031-exec-8] order.controller.OrderController         : [createNewOrder][Create Order][from shanghai to taiyuan at 1970-01-02 18:17:36]
2026-03-18 09:40:33.666  INFO 1 --- [io-12031-exec-8] order.service.OrderServiceImpl           : [create][Create Order][Ready to Create Order]
2026-03-18 09:40:33.678  INFO 1 --- [io-12031-exec-8] order.service.OrderServiceImpl           : [create][Order Create Success][Order Price][OrderId:1a6cac71-16d7-4a9a-bdb2-0b636cb5d7ee , Price: 0.0]
2026-03-18 09:40:33.960  INFO 1 --- [io-12031-exec-9] order.controller.OrderController         : [createNewOrder][Create Order][from shanghai to taiyuan at 1970-01-02 18:17:36]
2026-03-18 09:40:33.960  INFO 1 --- [io-12031-exec-9] order.service.OrderServiceImpl           : [create][Create Order][Ready to Create Order]
2026-03-18 09:40:33.974  INFO 1 --- [io-12031-exec-9] order.service.OrderServiceImpl           : [create][Order Create Success][Order Price][OrderId:59c48f47-968d-4a39-bbbf-113f06d1cf05 , Price: 0.0]
2026-03-18 09:40:34.261  INFO 1 --- [o-12031-exec-10] order.controller.OrderController         : [createNewOrder][Create Order][from shanghai to taiyuan at 1970-01-02 18:17:36]
2026-03-18 09:40:34.261  INFO 1 --- [o-12031-exec-10] order.service.OrderServiceImpl           : [create][Create Order][Ready to Create Order]
2026-03-18 09:40:34.276  INFO 1 --- [o-12031-exec-10] order.service.OrderServiceImpl           : [create][Order Create Success][Order Price][OrderId:83bc46b1-2d07-4fa5-8a62-e96a329eb281 , Price: 0.0]
2026-03-18 09:40:34.573  INFO 1 --- [io-12031-exec-1] order.controller.OrderController         : [createNewOrder][Create Order][from shanghai to taiyuan at 1970-01-02 18:17:36]
2026-03-18 09:40:34.573  INFO 1 --- [io-12031-exec-1] order.service.OrderServiceImpl           : [create][Create Order][Ready to Create Order]
2026-03-18 09:40:34.882  INFO 1 --- [io-12031-exec-1] order.service.OrderServiceImpl           : [create][Order Create Success][Order Price][OrderId:d6005ecd-dd5f-4cae-8c28-dfe57ba4f5c1 , Price: 0.0]
2026-03-18 09:40:35.184  INFO 1 --- [io-12031-exec-3] order.controller.OrderController         : [createNewOrder][Create Order][from shanghai to taiyuan at 1970-01-02 18:17:36]
2026-03-18 09:40:35.185  INFO 1 --- [io-12031-exec-3] order.service.OrderServiceImpl           : [create][Create Order][Ready to Create Order]
2026-03-18 09:40:35.198  INFO 1 --- [io-12031-exec-3] order.service.OrderServiceImpl           : [create][Order Create Success][Order Price][OrderId:582753fd-2873-4cf6-8a4f-34efbee0e68c , Price: 0.0]
2026-03-18 09:40:35.470  INFO 1 --- [io-12031-exec-2] order.controller.OrderController         : [createNewOrder][Create Order][from shanghai to taiyuan at 1970-01-02 18:17:36]
2026-03-18 09:40:35.470  INFO 1 --- [io-12031-exec-2] order.service.OrderServiceImpl           : [create][Create Order][Ready to Create Order]
2026-03-18 09:40:35.486  INFO 1 --- [io-12031-exec-2] order.service.OrderServiceImpl           : [create][Order Create Success][Order Price][OrderId:55ee32ae-cdf1-4771-b89d-f0e22b4c6099 , Price: 0.0]
2026-03-18 09:40:35.765  INFO 1 --- [io-12031-exec-5] order.controller.OrderController         : [createNewOrder][Create Order][from shanghai to taiyuan at 1970-01-02 18:17:36]
2026-03-18 09:40:35.766  INFO 1 --- [io-12031-exec-5] order.service.OrderServiceImpl           : [create][Create Order][Ready to Create Order]
2026-03-18 09:40:35.780  INFO 1 --- [io-12031-exec-5] order.service.OrderServiceImpl           : [create][Order Create Success][Order Price][OrderId:ce3c6d8c-d734-490a-9851-26dae512b5e7 , Price: 0.0]
2026-03-18 09:40:36.082  INFO 1 --- [io-12031-exec-4] order.controller.OrderController         : [createNewOrder][Create Order][from shanghai to taiyuan at 1970-01-02 18:17:36]
2026-03-18 09:40:36.082  INFO 1 --- [io-12031-exec-4] order.service.OrderServiceImpl           : [create][Create Order][Ready to Create Order]
2026-03-18 09:40:36.097  INFO 1 --- [io-12031-exec-4] order.service.OrderServiceImpl           : [create][Order Create Success][Order Price][OrderId:b8cf7fa7-ef9a-43c6-8fc2-138e3b758fb9 , Price: 0.0]
2026-03-18 09:40:36.368  INFO 1 --- [io-12031-exec-6] order.controller.OrderController         : [createNewOrder][Create Order][from shanghai to taiyuan at 1970-01-02 18:17:36]
2026-03-18 09:40:36.368  INFO 1 --- [io-12031-exec-6] order.service.OrderServiceImpl           : [create][Create Order][Ready to Create Order]
2026-03-18 09:40:36.381  INFO 1 --- [io-12031-exec-6] order.service.OrderServiceImpl           : [create][Order Create Success][Order Price][OrderId:daeda62c-e33b-46e2-9162-a0e95039a52c , Price: 0.0]
2026-03-18 09:40:36.669  INFO 1 --- [io-12031-exec-7] order.controller.OrderController         : [createNewOrder][Create Order][from shanghai to taiyuan at 1970-01-02 18:17:36]
2026-03-18 09:40:36.669  INFO 1 --- [io-12031-exec-7] order.service.OrderServiceImpl           : [create][Create Order][Ready to Create Order]
2026-03-18 09:40:36.682  INFO 1 --- [io-12031-exec-7] order.service.OrderServiceImpl           : [create][Order Create Success][Order Price][OrderId:6a90d19e-7245-4853-ac04-4424fed523e3 , Price: 0.0]
2026-03-18 09:40:36.966  INFO 1 --- [io-12031-exec-8] order.controller.OrderController         : [createNewOrder][Create Order][from shanghai to taiyuan at 1970-01-02 18:17:36]
2026-03-18 09:40:36.966  INFO 1 --- [io-12031-exec-8] order.service.OrderServiceImpl           : [create][Create Order][Ready to Create Order]
2026-03-18 09:40:36.979  INFO 1 --- [io-12031-exec-8] order.service.OrderServiceImpl           : [create][Order Create Success][Order Price][OrderId:6eac6aca-0455-4200-8ebc-7c416db197a8 , Price: 0.0]
2026-03-18 09:40:37.273  INFO 1 --- [io-12031-exec-9] order.controller.OrderController         : [createNewOrder][Create Order][from shanghai to taiyuan at 1970-01-02 18:17:36]
2026-03-18 09:40:37.273  INFO 1 --- [io-12031-exec-9] order.service.OrderServiceImpl           : [create][Create Order][Ready to Create Order]
2026-03-18 09:40:37.287  INFO 1 --- [io-12031-exec-9] order.service.OrderServiceImpl           : [create][Order Create Success][Order Price][OrderId:6a73691b-312d-4ff8-a25f-f2bc3ffb65db , Price: 0.0]
2026-03-18 09:40:37.564  INFO 1 --- [o-12031-exec-10] order.controller.OrderController         : [createNewOrder][Create Order][from shanghai to taiyuan at 1970-01-02 18:17:36]
2026-03-18 09:40:37.565  INFO 1 --- [o-12031-exec-10] order.service.OrderServiceImpl           : [create][Create Order][Ready to Create Order]
2026-03-18 09:40:37.576  INFO 1 --- [o-12031-exec-10] order.service.OrderServiceImpl           : [create][Order Create Success][Order Price][OrderId:f8115d2b-eb00-4832-87bc-7ee99f5be01e , Price: 0.0]
2026-03-18 09:40:37.862  INFO 1 --- [io-12031-exec-1] order.controller.OrderController         : [createNewOrder][Create Order][from shanghai to taiyuan at 1970-01-02 18:17:36]
2026-03-18 09:40:37.862  INFO 1 --- [io-12031-exec-1] order.service.OrderServiceImpl           : [create][Create Order][Ready to Create Order]
2026-03-18 09:40:37.874  INFO 1 --- [io-12031-exec-1] order.service.OrderServiceImpl           : [create][Order Create Success][Order Price][OrderId:c5668751-99b0-4175-8e4d-64dcb5be574e , Price: 0.0]
2026-03-18 09:40:38.158  INFO 1 --- [io-12031-exec-3] order.controller.OrderController         : [createNewOrder][Create Order][from shanghai to taiyuan at 1970-01-02 18:17:36]
2026-03-18 09:40:38.158  INFO 1 --- [io-12031-exec-3] order.service.OrderServiceImpl           : [create][Create Order][Ready to Create Order]
2026-03-18 09:40:38.172  INFO 1 --- [io-12031-exec-3] order.service.OrderServiceImpl           : [create][Order Create Success][Order Price][OrderId:1e921c17-204d-4086-b8c6-3050e75b7edc , Price: 0.0]
2026-03-18 09:40:38.466  INFO 1 --- [io-12031-exec-2] order.controller.OrderController         : [createNewOrder][Create Order][from shanghai to taiyuan at 1970-01-02 18:17:36]
2026-03-18 09:40:38.466  INFO 1 --- [io-12031-exec-2] order.service.OrderServiceImpl           : [create][Create Order][Ready to Create Order]
2026-03-18 09:40:38.482  INFO 1 --- [io-12031-exec-2] order.service.OrderServiceImpl           : [create][Order Create Success][Order Price][OrderId:7082c38c-b263-47cc-844d-646df1e2d626 , Price: 0.0]
2026-03-18 09:40:38.767  INFO 1 --- [io-12031-exec-5] order.controller.OrderController         : [createNewOrder][Create Order][from shanghai to taiyuan at 1970-01-02 18:17:36]
2026-03-18 09:40:38.767  INFO 1 --- [io-12031-exec-5] order.service.OrderServiceImpl           : [create][Create Order][Ready to Create Order]
2026-03-18 09:40:38.782  INFO 1 --- [io-12031-exec-5] order.service.OrderServiceImpl           : [create][Order Create Success][Order Price][OrderId:3d4e56fb-9ae9-44ab-8580-fa80b0f0bd1b , Price: 0.0]
2026-03-18 09:40:39.066  INFO 1 --- [io-12031-exec-4] order.controller.OrderController         : [createNewOrder][Create Order][from shanghai to taiyuan at 1970-01-02 18:17:36]
2026-03-18 09:40:39.066  INFO 1 --- [io-12031-exec-4] order.service.OrderServiceImpl           : [create][Create Order][Ready to Create Order]
2026-03-18 09:40:39.187  INFO 1 --- [io-12031-exec-4] order.service.OrderServiceImpl           : [create][Order Create Success][Order Price][OrderId:8e9054b5-fd35-4810-89bd-2c229e93f853 , Price: 0.0]
2026-03-18 09:40:39.466  INFO 1 --- [io-12031-exec-6] order.controller.OrderController         : [createNewOrder][Create Order][from shanghai to taiyuan at 1970-01-02 18:17:36]
2026-03-18 09:40:39.466  INFO 1 --- [io-12031-exec-6] order.service.OrderServiceImpl           : [create][Create Order][Ready to Create Order]
2026-03-18 09:40:39.480  INFO 1 --- [io-12031-exec-6] order.service.OrderServiceImpl           : [create][Order Create Success][Order Price][OrderId:c52eb2ef-3d23-473f-b60f-a37659932020 , Price: 0.0]
2026-03-18 09:40:39.765  INFO 1 --- [io-12031-exec-7] order.controller.OrderController         : [createNewOrder][Create Order][from shanghai to taiyuan at 1970-01-02 18:17:36]
2026-03-18 09:40:39.765  INFO 1 --- [io-12031-exec-7] order.service.OrderServiceImpl           : [create][Create Order][Ready to Create Order]
2026-03-18 09:40:39.778  INFO 1 --- [io-12031-exec-7] order.service.OrderServiceImpl           : [create][Order Create Success][Order Price][OrderId:a42a8270-c34a-4a1d-ade4-f98611a1844a , Price: 0.0]
2026-03-18 09:40:40.068  INFO 1 --- [io-12031-exec-8] order.controller.OrderController         : [createNewOrder][Create Order][from shanghai to taiyuan at 1970-01-02 18:17:36]
2026-03-18 09:40:40.068  INFO 1 --- [io-12031-exec-8] order.service.OrderServiceImpl           : [create][Create Order][Ready to Create Order]
2026-03-18 09:40:40.080  INFO 1 --- [io-12031-exec-8] order.service.OrderServiceImpl           : [create][Order Create Success][Order Price][OrderId:0cac6c65-f3ab-4cc4-aa02-2b918b9a326d , Price: 0.0]
2026-03-18 09:40:40.363  INFO 1 --- [io-12031-exec-9] order.controller.OrderController         : [createNewOrder][Create Order][from shanghai to taiyuan at 1970-01-02 18:17:36]
2026-03-18 09:40:40.363  INFO 1 --- [io-12031-exec-9] order.service.OrderServiceImpl           : [create][Create Order][Ready to Create Order]
2026-03-18 09:40:40.376  INFO 1 --- [io-12031-exec-9] order.service.OrderServiceImpl           : [create][Order Create Success][Order Price][OrderId:9ea074b8-961c-4548-b7a3-9a356214d923 , Price: 0.0]
2026-03-18 09:40:40.657  INFO 1 --- [o-12031-exec-10] order.controller.OrderController         : [createNewOrder][Create Order][from shanghai to taiyuan at 1970-01-02 18:17:36]
2026-03-18 09:40:40.657  INFO 1 --- [o-12031-exec-10] order.service.OrderServiceImpl           : [create][Create Order][Ready to Create Order]
2026-03-18 09:40:40.668  INFO 1 --- [o-12031-exec-10] order.service.OrderServiceImpl           : [create][Order Create Success][Order Price][OrderId:43235617-fa66-4a71-89be-6a9d717b2724 , Price: 0.0]
2026-03-18 09:40:40.959  INFO 1 --- [io-12031-exec-1] order.controller.OrderController         : [createNewOrder][Create Order][from shanghai to taiyuan at 1970-01-02 18:17:36]
2026-03-18 09:40:40.960  INFO 1 --- [io-12031-exec-1] order.service.OrderServiceImpl           : [create][Create Order][Ready to Create Order]
2026-03-18 09:40:40.975  INFO 1 --- [io-12031-exec-1] order.service.OrderServiceImpl           : [create][Order Create Success][Order Price][OrderId:21c97384-7bc3-48e8-b19d-2168475b33d3 , Price: 0.0]
2026-03-18 09:40:41.271  INFO 1 --- [io-12031-exec-2] order.controller.OrderController         : [createNewOrder][Create Order][from shanghai to taiyuan at 1970-01-02 18:17:36]
2026-03-18 09:40:41.271  INFO 1 --- [io-12031-exec-2] order.service.OrderServiceImpl           : [create][Create Order][Ready to Create Order]
2026-03-18 09:40:41.285  INFO 1 --- [io-12031-exec-2] order.service.OrderServiceImpl           : [create][Order Create Success][Order Price][OrderId:afd909d4-b098-4eca-9bcf-20a12e8d7c51 , Price: 0.0]
2026-03-18 09:40:41.568  INFO 1 --- [io-12031-exec-5] order.controller.OrderController         : [createNewOrder][Create Order][from shanghai to taiyuan at 1970-01-02 18:17:36]
2026-03-18 09:40:41.568  INFO 1 --- [io-12031-exec-5] order.service.OrderServiceImpl           : [create][Create Order][Ready to Create Order]
2026-03-18 09:40:41.580  INFO 1 --- [io-12031-exec-5] order.service.OrderServiceImpl           : [create][Order Create Success][Order Price][OrderId:23b903d3-a831-4a08-ada3-75c7315f1d42 , Price: 0.0]
2026-03-18 09:40:41.870  INFO 1 --- [io-12031-exec-4] order.controller.OrderController         : [createNewOrder][Create Order][from shanghai to taiyuan at 1970-01-02 18:17:36]
2026-03-18 09:40:41.870  INFO 1 --- [io-12031-exec-4] order.service.OrderServiceImpl           : [create][Create Order][Ready to Create Order]
2026-03-18 09:40:41.883  INFO 1 --- [io-12031-exec-4] order.service.OrderServiceImpl           : [create][Order Create Success][Order Price][OrderId:12bf6958-e2cd-43ba-8edb-52553c4fd95a , Price: 0.0]
2026-03-18 09:40:42.166  INFO 1 --- [io-12031-exec-6] order.controller.OrderController         : [createNewOrder][Create Order][from shanghai to taiyuan at 1970-01-02 18:17:36]
2026-03-18 09:40:42.166  INFO 1 --- [io-12031-exec-6] order.service.OrderServiceImpl           : [create][Create Order][Ready to Create Order]
2026-03-18 09:40:42.181  INFO 1 --- [io-12031-exec-6] order.service.OrderServiceImpl           : [create][Order Create Success][Order Price][OrderId:5f02bbcf-0387-4b63-b26a-b50786299a0f , Price: 0.0]
2026-03-18 09:40:42.475  INFO 1 --- [io-12031-exec-7] order.controller.OrderController         : [createNewOrder][Create Order][from shanghai to taiyuan at 1970-01-02 18:17:36]
2026-03-18 09:40:42.475  INFO 1 --- [io-12031-exec-7] order.service.OrderServiceImpl           : [create][Create Order][Ready to Create Order]
2026-03-18 09:40:42.490  INFO 1 --- [io-12031-exec-7] order.service.OrderServiceImpl           : [create][Order Create Success][Order Price][OrderId:f6dae966-fef4-4b30-b996-7d7b397f5b90 , Price: 0.0]
2026-03-18 09:40:42.766  INFO 1 --- [io-12031-exec-8] order.controller.OrderController         : [createNewOrder][Create Order][from shanghai to taiyuan at 1970-01-02 18:17:36]
2026-03-18 09:40:42.766  INFO 1 --- [io-12031-exec-8] order.service.OrderServiceImpl           : [create][Create Order][Ready to Create Order]
2026-03-18 09:40:42.780  INFO 1 --- [io-12031-exec-8] order.service.OrderServiceImpl           : [create][Order Create Success][Order Price][OrderId:5b1ccadc-5e22-4dcf-8701-e121594b3c18 , Price: 0.0]
2026-03-18 09:40:43.063  INFO 1 --- [io-12031-exec-9] order.controller.OrderController         : [createNewOrder][Create Order][from shanghai to taiyuan at 1970-01-02 18:17:36]
2026-03-18 09:40:43.063  INFO 1 --- [io-12031-exec-9] order.service.OrderServiceImpl           : [create][Create Order][Ready to Create Order]
2026-03-18 09:40:43.077  INFO 1 --- [io-12031-exec-9] order.service.OrderServiceImpl           : [create][Order Create Success][Order Price][OrderId:0de8584c-7049-4f17-b024-106468046d9a , Price: 0.0]
2026-03-18 09:40:43.362  INFO 1 --- [o-12031-exec-10] order.controller.OrderController         : [createNewOrder][Create Order][from shanghai to taiyuan at 1970-01-02 18:17:36]
2026-03-18 09:40:43.362  INFO 1 --- [o-12031-exec-10] order.service.OrderServiceImpl           : [create][Create Order][Ready to Create Order]
2026-03-18 09:40:43.487  INFO 1 --- [o-12031-exec-10] order.service.OrderServiceImpl           : [create][Order Create Success][Order Price][OrderId:83aeb09c-4b91-492a-9229-7826f11f966b , Price: 0.0]
2026-03-18 09:40:43.766  INFO 1 --- [io-12031-exec-1] order.controller.OrderController         : [createNewOrder][Create Order][from shanghai to taiyuan at 1970-01-02 18:17:36]
2026-03-18 09:40:43.766  INFO 1 --- [io-12031-exec-1] order.service.OrderServiceImpl           : [create][Create Order][Ready to Create Order]
2026-03-18 09:40:43.780  INFO 1 --- [io-12031-exec-1] order.service.OrderServiceImpl           : [create][Order Create Success][Order Price][OrderId:b878b06f-f360-44d6-8b4a-00f56757ac70 , Price: 0.0]
2026-03-18 09:40:44.069  INFO 1 --- [io-12031-exec-3] order.controller.OrderController         : [createNewOrder][Create Order][from shanghai to taiyuan at 1970-01-02 18:17:36]
2026-03-18 09:40:44.069  INFO 1 --- [io-12031-exec-3] order.service.OrderServiceImpl           : [create][Create Order][Ready to Create Order]
2026-03-18 09:40:44.082  INFO 1 --- [io-12031-exec-3] order.service.OrderServiceImpl           : [create][Order Create Success][Order Price][OrderId:6366db21-8bc9-45f4-b16e-a4def2fd1a10 , Price: 0.0]
2026-03-18 09:40:44.364  INFO 1 --- [io-12031-exec-2] order.controller.OrderController         : [createNewOrder][Create Order][from shanghai to taiyuan at 1970-01-02 18:17:36]
2026-03-18 09:40:44.364  INFO 1 --- [io-12031-exec-2] order.service.OrderServiceImpl           : [create][Create Order][Ready to Create Order]
2026-03-18 09:40:44.378  INFO 1 --- [io-12031-exec-2] order.service.OrderServiceImpl           : [create][Order Create Success][Order Price][OrderId:65dc3a47-15c4-49f6-8835-a5c09500072e , Price: 0.0]
2026-03-18 09:40:44.658  INFO 1 --- [io-12031-exec-5] order.controller.OrderController         : [createNewOrder][Create Order][from shanghai to taiyuan at 1970-01-02 18:17:36]
2026-03-18 09:40:44.658  INFO 1 --- [io-12031-exec-5] order.service.OrderServiceImpl           : [create][Create Order][Ready to Create Order]
2026-03-18 09:40:44.670  INFO 1 --- [io-12031-exec-5] order.service.OrderServiceImpl           : [create][Order Create Success][Order Price][OrderId:d4e75443-2ec5-4402-84e8-18b9ff6af774 , Price: 0.0]
2026-03-18 09:40:44.972  INFO 1 --- [io-12031-exec-4] order.controller.OrderController         : [createNewOrder][Create Order][from shanghai to taiyuan at 1970-01-02 18:17:36]
2026-03-18 09:40:44.972  INFO 1 --- [io-12031-exec-4] order.service.OrderServiceImpl           : [create][Create Order][Ready to Create Order]
2026-03-18 09:40:44.987  INFO 1 --- [io-12031-exec-4] order.service.OrderServiceImpl           : [create][Order Create Success][Order Price][OrderId:1b044ee9-9b18-4083-8347-4a0724313618 , Price: 0.0]
2026-03-18 09:40:45.266  INFO 1 --- [io-12031-exec-6] order.controller.OrderController         : [createNewOrder][Create Order][from shanghai to taiyuan at 1970-01-02 18:17:36]
2026-03-18 09:40:45.266  INFO 1 --- [io-12031-exec-6] order.service.OrderServiceImpl           : [create][Create Order][Ready to Create Order]
2026-03-18 09:40:45.280  INFO 1 --- [io-12031-exec-6] order.service.OrderServiceImpl           : [create][Order Create Success][Order Price][OrderId:0039663b-9457-4ff4-8163-94e6eacfe0a4 , Price: 0.0]
2026-03-18 09:40:45.568  INFO 1 --- [io-12031-exec-7] order.controller.OrderController         : [createNewOrder][Create Order][from shanghai to taiyuan at 1970-01-02 18:17:36]
2026-03-18 09:40:45.569  INFO 1 --- [io-12031-exec-7] order.service.OrderServiceImpl           : [create][Create Order][Ready to Create Order]
2026-03-18 09:40:45.583  INFO 1 --- [io-12031-exec-7] order.service.OrderServiceImpl           : [create][Order Create Success][Order Price][OrderId:e9576d11-cc9f-4475-87df-891853921b36 , Price: 0.0]
2026-03-18 09:40:45.865  INFO 1 --- [io-12031-exec-8] order.controller.OrderController         : [createNewOrder][Create Order][from shanghai to taiyuan at 1970-01-02 18:17:36]
2026-03-18 09:40:45.865  INFO 1 --- [io-12031-exec-8] order.service.OrderServiceImpl           : [create][Create Order][Ready to Create Order]
2026-03-18 09:40:45.878  INFO 1 --- [io-12031-exec-8] order.service.OrderServiceImpl           : [create][Order Create Success][Order Price][OrderId:d1140d56-550b-48e8-b9c9-cf0d46cb3ff8 , Price: 0.0]
2026-03-18 09:40:46.164  INFO 1 --- [io-12031-exec-9] order.controller.OrderController         : [createNewOrder][Create Order][from shanghai to taiyuan at 1970-01-02 18:17:36]
2026-03-18 09:40:46.164  INFO 1 --- [io-12031-exec-9] order.service.OrderServiceImpl           : [create][Create Order][Ready to Create Order]
2026-03-18 09:40:46.178  INFO 1 --- [io-12031-exec-9] order.service.OrderServiceImpl           : [create][Order Create Success][Order Price][OrderId:39b2c905-e755-4377-951a-a9f9c2eac534 , Price: 0.0]
2026-03-18 09:40:46.461  INFO 1 --- [o-12031-exec-10] order.controller.OrderController         : [createNewOrder][Create Order][from shanghai to taiyuan at 1970-01-02 18:17:36]
2026-03-18 09:40:46.461  INFO 1 --- [o-12031-exec-10] order.service.OrderServiceImpl           : [create][Create Order][Ready to Create Order]
2026-03-18 09:40:46.476  INFO 1 --- [o-12031-exec-10] order.service.OrderServiceImpl           : [create][Order Create Success][Order Price][OrderId:62b160ef-2a46-4b3d-aaf0-169794658078 , Price: 0.0]
2026-03-18 09:40:46.773  INFO 1 --- [io-12031-exec-1] order.controller.OrderController         : [createNewOrder][Create Order][from shanghai to taiyuan at 1970-01-02 18:17:36]
2026-03-18 09:40:46.773  INFO 1 --- [io-12031-exec-1] order.service.OrderServiceImpl           : [create][Create Order][Ready to Create Order]
2026-03-18 09:40:46.788  INFO 1 --- [io-12031-exec-1] order.service.OrderServiceImpl           : [create][Order Create Success][Order Price][OrderId:d4220087-e440-432f-91ad-8a0fce018996 , Price: 0.0]
2026-03-18 09:40:47.070  INFO 1 --- [io-12031-exec-3] order.controller.OrderController         : [createNewOrder][Create Order][from shanghai to taiyuan at 1970-01-02 18:17:36]
2026-03-18 09:40:47.071  INFO 1 --- [io-12031-exec-3] order.service.OrderServiceImpl           : [create][Create Order][Ready to Create Order]
2026-03-18 09:40:47.088  INFO 1 --- [io-12031-exec-3] order.service.OrderServiceImpl           : [create][Order Create Success][Order Price][OrderId:946683bb-6c5e-441e-a51a-e4fa85e51000 , Price: 0.0]
2026-03-18 09:40:47.380  INFO 1 --- [io-12031-exec-2] order.controller.OrderController         : [createNewOrder][Create Order][from shanghai to taiyuan at 1970-01-02 18:17:36]
2026-03-18 09:40:47.380  INFO 1 --- [io-12031-exec-2] order.service.OrderServiceImpl           : [create][Create Order][Ready to Create Order]
2026-03-18 09:40:47.486  INFO 1 --- [io-12031-exec-2] order.service.OrderServiceImpl           : [create][Order Create Success][Order Price][OrderId:b47c8843-0fef-458a-b838-6ec7a6d96b1c , Price: 0.0]
2026-03-18 09:40:47.767  INFO 1 --- [io-12031-exec-5] order.controller.OrderController         : [createNewOrder][Create Order][from shanghai to taiyuan at 1970-01-02 18:17:36]
2026-03-18 09:40:47.767  INFO 1 --- [io-12031-exec-5] order.service.OrderServiceImpl           : [create][Create Order][Ready to Create Order]
2026-03-18 09:40:47.780  INFO 1 --- [io-12031-exec-5] order.service.OrderServiceImpl           : [create][Order Create Success][Order Price][OrderId:bac9e325-88de-4077-9806-961f835d567a , Price: 0.0]
2026-03-18 09:40:48.248  INFO 1 --- [io-12031-exec-4] order.controller.OrderController         : [createNewOrder][Create Order][from shanghai to taiyuan at 1970-01-02 18:17:36]
2026-03-18 09:40:48.248  INFO 1 --- [io-12031-exec-4] order.service.OrderServiceImpl           : [create][Create Order][Ready to Create Order]
2026-03-18 09:40:48.262  INFO 1 --- [io-12031-exec-4] order.service.OrderServiceImpl           : [create][Order Create Success][Order Price][OrderId:a1461ba1-dc8d-4e21-a512-efa9ea49ca12 , Price: 0.0]
2026-03-18 09:40:48.565  INFO 1 --- [io-12031-exec-6] order.controller.OrderController         : [createNewOrder][Create Order][from shanghai to taiyuan at 1970-01-02 18:17:36]
2026-03-18 09:40:48.565  INFO 1 --- [io-12031-exec-6] order.service.OrderServiceImpl           : [create][Create Order][Ready to Create Order]
2026-03-18 09:40:48.579  INFO 1 --- [io-12031-exec-6] order.service.OrderServiceImpl           : [create][Order Create Success][Order Price][OrderId:26390c84-a87e-4b0f-a6fe-b0ee138ceabe , Price: 0.0]
2026-03-18 09:40:48.866  INFO 1 --- [io-12031-exec-7] order.controller.OrderController         : [createNewOrder][Create Order][from shanghai to taiyuan at 1970-01-02 18:17:36]
2026-03-18 09:40:48.866  INFO 1 --- [io-12031-exec-7] order.service.OrderServiceImpl           : [create][Create Order][Ready to Create Order]
2026-03-18 09:40:48.879  INFO 1 --- [io-12031-exec-7] order.service.OrderServiceImpl           : [create][Order Create Success][Order Price][OrderId:cd26a0e1-01f2-4bdc-8f7c-214b7252c046 , Price: 0.0]
2026-03-18 09:40:49.160  INFO 1 --- [io-12031-exec-8] order.controller.OrderController         : [createNewOrder][Create Order][from shanghai to taiyuan at 1970-01-02 18:17:36]
2026-03-18 09:40:49.160  INFO 1 --- [io-12031-exec-8] order.service.OrderServiceImpl           : [create][Create Order][Ready to Create Order]
2026-03-18 09:40:49.173  INFO 1 --- [io-12031-exec-8] order.service.OrderServiceImpl           : [create][Order Create Success][Order Price][OrderId:3b937889-baa8-432a-b915-07cd7f496d36 , Price: 0.0]
2026-03-18 09:40:49.453  INFO 1 --- [io-12031-exec-9] order.controller.OrderController         : [createNewOrder][Create Order][from shanghai to taiyuan at 1970-01-02 18:17:36]
2026-03-18 09:40:49.453  INFO 1 --- [io-12031-exec-9] order.service.OrderServiceImpl           : [create][Create Order][Ready to Create Order]
2026-03-18 09:40:49.466  INFO 1 --- [io-12031-exec-9] order.service.OrderServiceImpl           : [create][Order Create Success][Order Price][OrderId:7947f1c7-eba1-40cf-bb57-71753c6fb9ff , Price: 0.0]
2026-03-18 09:40:49.745  INFO 1 --- [o-12031-exec-10] order.controller.OrderController         : [createNewOrder][Create Order][from shanghai to taiyuan at 1970-01-02 18:17:36]
2026-03-18 09:40:49.745  INFO 1 --- [o-12031-exec-10] order.service.OrderServiceImpl           : [create][Create Order][Ready to Create Order]
2026-03-18 09:40:49.757  INFO 1 --- [o-12031-exec-10] order.service.OrderServiceImpl           : [create][Order Create Success][Order Price][OrderId:cbf69f9b-a257-4e43-a661-2e67e6dddf74 , Price: 0.0]
2026-03-18 09:40:50.047  INFO 1 --- [io-12031-exec-1] order.controller.OrderController         : [createNewOrder][Create Order][from shanghai to taiyuan at 1970-01-02 18:17:36]
2026-03-18 09:40:50.048  INFO 1 --- [io-12031-exec-1] order.service.OrderServiceImpl           : [create][Create Order][Ready to Create Order]
2026-03-18 09:40:50.060  INFO 1 --- [io-12031-exec-1] order.service.OrderServiceImpl           : [create][Order Create Success][Order Price][OrderId:80503409-f327-4f1f-b47d-f917f8af4594 , Price: 0.0]
2026-03-18 09:40:50.337  INFO 1 --- [io-12031-exec-3] order.controller.OrderController         : [createNewOrder][Create Order][from shanghai to taiyuan at 1970-01-02 18:17:36]
2026-03-18 09:40:50.337  INFO 1 --- [io-12031-exec-3] order.service.OrderServiceImpl           : [create][Create Order][Ready to Create Order]
2026-03-18 09:40:50.351  INFO 1 --- [io-12031-exec-3] order.service.OrderServiceImpl           : [create][Order Create Success][Order Price][OrderId:b7de6660-091a-44e3-a42a-0b213af0248e , Price: 0.0]
2026-03-18 09:40:50.658  INFO 1 --- [io-12031-exec-2] order.controller.OrderController         : [createNewOrder][Create Order][from shanghai to taiyuan at 1970-01-02 18:17:36]
2026-03-18 09:40:50.658  INFO 1 --- [io-12031-exec-2] order.service.OrderServiceImpl           : [create][Create Order][Ready to Create Order]
2026-03-18 09:40:50.670  INFO 1 --- [io-12031-exec-2] order.service.OrderServiceImpl           : [create][Order Create Success][Order Price][OrderId:d409d706-0324-4556-9f25-85d6d65dd920 , Price: 0.0]
2026-03-18 09:40:50.947  INFO 1 --- [io-12031-exec-5] order.controller.OrderController         : [createNewOrder][Create Order][from shanghai to taiyuan at 1970-01-02 18:17:36]
2026-03-18 09:40:50.947  INFO 1 --- [io-12031-exec-5] order.service.OrderServiceImpl           : [create][Create Order][Ready to Create Order]
2026-03-18 09:40:50.961  INFO 1 --- [io-12031-exec-5] order.service.OrderServiceImpl           : [create][Order Create Success][Order Price][OrderId:7e48621d-1686-46b3-8b08-617db04c8a6a , Price: 0.0]
2026-03-18 09:40:51.254  INFO 1 --- [io-12031-exec-6] order.controller.OrderController         : [createNewOrder][Create Order][from shanghai to taiyuan at 1970-01-02 18:17:36]
2026-03-18 09:40:51.254  INFO 1 --- [io-12031-exec-6] order.service.OrderServiceImpl           : [create][Create Order][Ready to Create Order]
2026-03-18 09:40:51.269  INFO 1 --- [io-12031-exec-6] order.service.OrderServiceImpl           : [create][Order Create Success][Order Price][OrderId:58c1dfe8-69d2-4460-beb7-f95dfdb4e1e1 , Price: 0.0]
2026-03-18 09:40:51.566  INFO 1 --- [io-12031-exec-7] order.controller.OrderController         : [createNewOrder][Create Order][from shanghai to taiyuan at 1970-01-02 18:17:36]
2026-03-18 09:40:51.566  INFO 1 --- [io-12031-exec-7] order.service.OrderServiceImpl           : [create][Create Order][Ready to Create Order]
2026-03-18 09:40:51.580  INFO 1 --- [io-12031-exec-7] order.service.OrderServiceImpl           : [create][Order Create Success][Order Price][OrderId:02bc430a-ed92-41fb-a274-a74a8cdacda1 , Price: 0.0]
2026-03-18 09:40:51.860  INFO 1 --- [io-12031-exec-8] order.controller.OrderController         : [createNewOrder][Create Order][from shanghai to taiyuan at 1970-01-02 18:17:36]
2026-03-18 09:40:51.860  INFO 1 --- [io-12031-exec-8] order.service.OrderServiceImpl           : [create][Create Order][Ready to Create Order]
2026-03-18 09:40:51.883  INFO 1 --- [io-12031-exec-8] order.service.OrderServiceImpl           : [create][Order Create Success][Order Price][OrderId:3a5d96dc-d503-44d6-ae15-117b3dad4499 , Price: 0.0]
2026-03-18 09:40:52.167  INFO 1 --- [io-12031-exec-9] order.controller.OrderController         : [createNewOrder][Create Order][from shanghai to taiyuan at 1970-01-02 18:17:36]
2026-03-18 09:40:52.167  INFO 1 --- [io-12031-exec-9] order.service.OrderServiceImpl           : [create][Create Order][Ready to Create Order]
2026-03-18 09:40:52.180  INFO 1 --- [io-12031-exec-9] order.service.OrderServiceImpl           : [create][Order Create Success][Order Price][OrderId:45b6c4fd-187f-40b2-a44d-73f9f4f1be65 , Price: 0.0]
2026-03-18 09:40:52.471  INFO 1 --- [o-12031-exec-10] order.controller.OrderController         : [createNewOrder][Create Order][from shanghai to taiyuan at 1970-01-02 18:17:36]
2026-03-18 09:40:52.471  INFO 1 --- [o-12031-exec-10] order.service.OrderServiceImpl           : [create][Create Order][Ready to Create Order]
2026-03-18 09:40:52.485  INFO 1 --- [o-12031-exec-10] order.service.OrderServiceImpl           : [create][Order Create Success][Order Price][OrderId:1aea2870-ddcf-4b7a-9aff-eb5f6b5bb489 , Price: 0.0]
2026-03-18 09:40:52.767  INFO 1 --- [io-12031-exec-1] order.controller.OrderController         : [createNewOrder][Create Order][from shanghai to taiyuan at 1970-01-02 18:17:36]
2026-03-18 09:40:52.767  INFO 1 --- [io-12031-exec-1] order.service.OrderServiceImpl           : [create][Create Order][Ready to Create Order]
2026-03-18 09:40:52.782  INFO 1 --- [io-12031-exec-1] order.service.OrderServiceImpl           : [create][Order Create Success][Order Price][OrderId:9ea230c7-9f15-4d16-b009-1d60c8dc9dc6 , Price: 0.0]
2026-03-18 09:40:53.063  INFO 1 --- [io-12031-exec-3] order.controller.OrderController         : [createNewOrder][Create Order][from shanghai to taiyuan at 1970-01-02 18:17:36]
2026-03-18 09:40:53.063  INFO 1 --- [io-12031-exec-3] order.service.OrderServiceImpl           : [create][Create Order][Ready to Create Order]
2026-03-18 09:40:53.076  INFO 1 --- [io-12031-exec-3] order.service.OrderServiceImpl           : [create][Order Create Success][Order Price][OrderId:4feac232-9a92-4445-831c-e65f4425500e , Price: 0.0]
2026-03-18 09:40:53.372  INFO 1 --- [io-12031-exec-2] order.controller.OrderController         : [createNewOrder][Create Order][from shanghai to taiyuan at 1970-01-02 18:17:36]
2026-03-18 09:40:53.372  INFO 1 --- [io-12031-exec-2] order.service.OrderServiceImpl           : [create][Create Order][Ready to Create Order]
2026-03-18 09:40:53.388  INFO 1 --- [io-12031-exec-2] order.service.OrderServiceImpl           : [create][Order Create Success][Order Price][OrderId:bbc61f9e-06ec-40c1-b33a-478fe3cb5411 , Price: 0.0]
2026-03-18 09:40:53.660  INFO 1 --- [io-12031-exec-5] order.controller.OrderController         : [createNewOrder][Create Order][from shanghai to taiyuan at 1970-01-02 18:17:36]
2026-03-18 09:40:53.660  INFO 1 --- [io-12031-exec-5] order.service.OrderServiceImpl           : [create][Create Order][Ready to Create Order]
2026-03-18 09:40:53.674  INFO 1 --- [io-12031-exec-5] order.service.OrderServiceImpl           : [create][Order Create Success][Order Price][OrderId:2a6cfd6c-03a0-4489-9733-a314ecca930a , Price: 0.0]
2026-03-18 09:40:53.979  INFO 1 --- [io-12031-exec-4] order.controller.OrderController         : [createNewOrder][Create Order][from shanghai to taiyuan at 1970-01-02 18:17:36]
2026-03-18 09:40:53.979  INFO 1 --- [io-12031-exec-4] order.service.OrderServiceImpl           : [create][Create Order][Ready to Create Order]
2026-03-18 09:40:53.993  INFO 1 --- [io-12031-exec-4] order.service.OrderServiceImpl           : [create][Order Create Success][Order Price][OrderId:f50a8372-aca2-46c5-b65d-b29074baecbf , Price: 0.0]
2026-03-18 09:40:54.259  INFO 1 --- [io-12031-exec-6] order.controller.OrderController         : [createNewOrder][Create Order][from shanghai to taiyuan at 1970-01-02 18:17:36]
2026-03-18 09:40:54.259  INFO 1 --- [io-12031-exec-6] order.service.OrderServiceImpl           : [create][Create Order][Ready to Create Order]
2026-03-18 09:40:54.272  INFO 1 --- [io-12031-exec-6] order.service.OrderServiceImpl           : [create][Order Create Success][Order Price][OrderId:55f6b532-c838-46ac-b6a6-2624e8b6450a , Price: 0.0]
2026-03-18 09:40:54.552  INFO 1 --- [io-12031-exec-7] order.controller.OrderController         : [createNewOrder][Create Order][from shanghai to taiyuan at 1970-01-02 18:17:36]
2026-03-18 09:40:54.553  INFO 1 --- [io-12031-exec-7] order.service.OrderServiceImpl           : [create][Create Order][Ready to Create Order]
2026-03-18 09:40:54.565  INFO 1 --- [io-12031-exec-7] order.service.OrderServiceImpl           : [create][Order Create Success][Order Price][OrderId:57686072-fd35-4e14-8118-10f0b40a127a , Price: 0.0]
2026-03-18 09:40:54.862  INFO 1 --- [io-12031-exec-8] order.controller.OrderController         : [createNewOrder][Create Order][from shanghai to taiyuan at 1970-01-02 18:17:36]
2026-03-18 09:40:54.862  INFO 1 --- [io-12031-exec-8] order.service.OrderServiceImpl           : [create][Create Order][Ready to Create Order]
2026-03-18 09:40:54.877  INFO 1 --- [io-12031-exec-8] order.service.OrderServiceImpl           : [create][Order Create Success][Order Price][OrderId:dba76323-e195-45e7-9c60-3fc306d056e3 , Price: 0.0]
2026-03-18 09:40:55.160  INFO 1 --- [io-12031-exec-9] order.controller.OrderController         : [createNewOrder][Create Order][from shanghai to taiyuan at 1970-01-02 18:17:36]
2026-03-18 09:40:55.160  INFO 1 --- [io-12031-exec-9] order.service.OrderServiceImpl           : [create][Create Order][Ready to Create Order]
2026-03-18 09:40:55.172  INFO 1 --- [io-12031-exec-9] order.service.OrderServiceImpl           : [create][Order Create Success][Order Price][OrderId:1403fe51-890b-41cb-899b-d26d7501e372 , Price: 0.0]
2026-03-18 09:40:55.461  INFO 1 --- [o-12031-exec-10] order.controller.OrderController         : [createNewOrder][Create Order][from shanghai to taiyuan at 1970-01-02 18:17:36]
2026-03-18 09:40:55.461  INFO 1 --- [o-12031-exec-10] order.service.OrderServiceImpl           : [create][Create Order][Ready to Create Order]
2026-03-18 09:40:55.475  INFO 1 --- [o-12031-exec-10] order.service.OrderServiceImpl           : [create][Order Create Success][Order Price][OrderId:e3c694e7-2245-4ff8-82e9-07b31c8de7f3 , Price: 0.0]
2026-03-18 09:40:55.763  INFO 1 --- [io-12031-exec-1] order.controller.OrderController         : [createNewOrder][Create Order][from shanghai to taiyuan at 1970-01-02 18:17:36]
2026-03-18 09:40:55.763  INFO 1 --- [io-12031-exec-1] order.service.OrderServiceImpl           : [create][Create Order][Ready to Create Order]
2026-03-18 09:40:55.973  INFO 1 --- [io-12031-exec-1] order.service.OrderServiceImpl           : [create][Order Create Success][Order Price][OrderId:90404920-34be-432f-8e34-53586357904a , Price: 0.0]
2026-03-18 09:40:56.261  INFO 1 --- [io-12031-exec-3] order.controller.OrderController         : [createNewOrder][Create Order][from shanghai to taiyuan at 1970-01-02 18:17:36]
2026-03-18 09:40:56.261  INFO 1 --- [io-12031-exec-3] order.service.OrderServiceImpl           : [create][Create Order][Ready to Create Order]
2026-03-18 09:40:56.276  INFO 1 --- [io-12031-exec-3] order.service.OrderServiceImpl           : [create][Order Create Success][Order Price][OrderId:6f86d7f7-8e48-4d79-80eb-2e08034287db , Price: 0.0]
2026-03-18 09:40:56.557  INFO 1 --- [io-12031-exec-2] order.controller.OrderController         : [createNewOrder][Create Order][from shanghai to taiyuan at 1970-01-02 18:17:36]
2026-03-18 09:40:56.557  INFO 1 --- [io-12031-exec-2] order.service.OrderServiceImpl           : [create][Create Order][Ready to Create Order]
2026-03-18 09:40:56.569  INFO 1 --- [io-12031-exec-2] order.service.OrderServiceImpl           : [create][Order Create Success][Order Price][OrderId:a10501d7-f284-4a14-8a8c-2ff4060c33cc , Price: 0.0]
2026-03-18 09:40:56.851  INFO 1 --- [io-12031-exec-5] order.controller.OrderController         : [createNewOrder][Create Order][from shanghai to taiyuan at 1970-01-02 18:17:36]
2026-03-18 09:40:56.851  INFO 1 --- [io-12031-exec-5] order.service.OrderServiceImpl           : [create][Create Order][Ready to Create Order]
2026-03-18 09:40:56.863  INFO 1 --- [io-12031-exec-5] order.service.OrderServiceImpl           : [create][Order Create Success][Order Price][OrderId:9a884c18-3880-4431-b897-61ad02f5956c , Price: 0.0]
2026-03-18 09:40:57.141  INFO 1 --- [io-12031-exec-4] order.controller.OrderController         : [createNewOrder][Create Order][from shanghai to taiyuan at 1970-01-02 18:17:36]
2026-03-18 09:40:57.141  INFO 1 --- [io-12031-exec-4] order.service.OrderServiceImpl           : [create][Create Order][Ready to Create Order]
2026-03-18 09:40:57.155  INFO 1 --- [io-12031-exec-4] order.service.OrderServiceImpl           : [create][Order Create Success][Order Price][OrderId:452733c6-3409-45e7-a239-872a4cef80e2 , Price: 0.0]
2026-03-18 09:40:57.436  INFO 1 --- [io-12031-exec-6] order.controller.OrderController         : [createNewOrder][Create Order][from shanghai to taiyuan at 1970-01-02 18:17:36]
2026-03-18 09:40:57.436  INFO 1 --- [io-12031-exec-6] order.service.OrderServiceImpl           : [create][Create Order][Ready to Create Order]
2026-03-18 09:40:57.450  INFO 1 --- [io-12031-exec-6] order.service.OrderServiceImpl           : [create][Order Create Success][Order Price][OrderId:fe77b124-0041-4a38-ad7a-c68715909d5b , Price: 0.0]
2026-03-18 09:40:57.681  INFO 1 --- [io-12031-exec-7] order.controller.OrderController         : [createNewOrder][Create Order][from shanghai to taiyuan at 1970-01-02 18:17:36]
2026-03-18 09:40:57.681  INFO 1 --- [io-12031-exec-7] order.service.OrderServiceImpl           : [create][Create Order][Ready to Create Order]
2026-03-18 09:40:57.693  INFO 1 --- [io-12031-exec-7] order.service.OrderServiceImpl           : [create][Order Create Success][Order Price][OrderId:8e143a19-2084-4620-83f5-70177f904353 , Price: 0.0]
2026-03-18 09:40:57.976  INFO 1 --- [io-12031-exec-8] order.controller.OrderController         : [createNewOrder][Create Order][from shanghai to taiyuan at 1970-01-02 18:17:36]
2026-03-18 09:40:57.976  INFO 1 --- [io-12031-exec-8] order.service.OrderServiceImpl           : [create][Create Order][Ready to Create Order]
2026-03-18 09:40:57.990  INFO 1 --- [io-12031-exec-8] order.service.OrderServiceImpl           : [create][Order Create Success][Order Price][OrderId:009461dd-4c4f-4738-9db6-b0ab4caf70b6 , Price: 0.0]
2026-03-18 09:40:58.259  INFO 1 --- [io-12031-exec-9] order.controller.OrderController         : [createNewOrder][Create Order][from shanghai to taiyuan at 1970-01-02 18:17:36]
2026-03-18 09:40:58.259  INFO 1 --- [io-12031-exec-9] order.service.OrderServiceImpl           : [create][Create Order][Ready to Create Order]
2026-03-18 09:40:58.272  INFO 1 --- [io-12031-exec-9] order.service.OrderServiceImpl           : [create][Order Create Success][Order Price][OrderId:7db8a65f-4e98-4ab1-a913-8a08ec77a43b , Price: 0.0]
2026-03-18 09:40:58.564  INFO 1 --- [o-12031-exec-10] order.controller.OrderController         : [createNewOrder][Create Order][from shanghai to taiyuan at 1970-01-02 18:17:36]
2026-03-18 09:40:58.564  INFO 1 --- [o-12031-exec-10] order.service.OrderServiceImpl           : [create][Create Order][Ready to Create Order]
2026-03-18 09:40:58.579  INFO 1 --- [o-12031-exec-10] order.service.OrderServiceImpl           : [create][Order Create Success][Order Price][OrderId:3aa29add-1dd0-42ce-b316-e1baa8d1746a , Price: 0.0]
2026-03-18 09:40:58.860  INFO 1 --- [io-12031-exec-1] order.controller.OrderController         : [createNewOrder][Create Order][from shanghai to taiyuan at 1970-01-02 18:17:36]
2026-03-18 09:40:58.860  INFO 1 --- [io-12031-exec-1] order.service.OrderServiceImpl           : [create][Create Order][Ready to Create Order]
2026-03-18 09:40:58.873  INFO 1 --- [io-12031-exec-1] order.service.OrderServiceImpl           : [create][Order Create Success][Order Price][OrderId:d035b845-b7a9-4246-8a00-46659a634dc1 , Price: 0.0]
2026-03-18 09:40:59.152  INFO 1 --- [io-12031-exec-3] order.controller.OrderController         : [createNewOrder][Create Order][from shanghai to taiyuan at 1970-01-02 18:17:36]
2026-03-18 09:40:59.153  INFO 1 --- [io-12031-exec-3] order.service.OrderServiceImpl           : [create][Create Order][Ready to Create Order]
2026-03-18 09:40:59.165  INFO 1 --- [io-12031-exec-3] order.service.OrderServiceImpl           : [create][Order Create Success][Order Price][OrderId:aab8c0c0-5a2f-4ba0-9e82-839fb153b801 , Price: 0.0]
2026-03-18 09:40:59.450  INFO 1 --- [io-12031-exec-2] order.controller.OrderController         : [createNewOrder][Create Order][from shanghai to taiyuan at 1970-01-02 18:17:36]
2026-03-18 09:40:59.450  INFO 1 --- [io-12031-exec-2] order.service.OrderServiceImpl           : [create][Create Order][Ready to Create Order]
2026-03-18 09:40:59.462  INFO 1 --- [io-12031-exec-2] order.service.OrderServiceImpl           : [create][Order Create Success][Order Price][OrderId:ae6e365c-b7ba-49fc-b071-bf3ede328561 , Price: 0.0]
2026-03-18 09:40:59.758  INFO 1 --- [io-12031-exec-5] order.controller.OrderController         : [createNewOrder][Create Order][from shanghai to taiyuan at 1970-01-02 18:17:36]
2026-03-18 09:40:59.758  INFO 1 --- [io-12031-exec-5] order.service.OrderServiceImpl           : [create][Create Order][Ready to Create Order]
2026-03-18 09:40:59.779  INFO 1 --- [io-12031-exec-5] order.service.OrderServiceImpl           : [create][Order Create Success][Order Price][OrderId:5b8b616a-cd0c-48a5-b672-620b05a41966 , Price: 0.0]
2026-03-18 09:41:00.068  INFO 1 --- [io-12031-exec-4] order.controller.OrderController         : [createNewOrder][Create Order][from shanghai to taiyuan at 1970-01-02 18:17:36]
2026-03-18 09:41:00.068  INFO 1 --- [io-12031-exec-4] order.service.OrderServiceImpl           : [create][Create Order][Ready to Create Order]
2026-03-18 09:41:00.083  INFO 1 --- [io-12031-exec-4] order.service.OrderServiceImpl           : [create][Order Create Success][Order Price][OrderId:882d594c-d2fd-47b7-92cc-eb82298554a1 , Price: 0.0]
2026-03-18 09:41:00.362  INFO 1 --- [io-12031-exec-6] order.controller.OrderController         : [createNewOrder][Create Order][from shanghai to taiyuan at 1970-01-02 18:17:36]
2026-03-18 09:41:00.362  INFO 1 --- [io-12031-exec-6] order.service.OrderServiceImpl           : [create][Create Order][Ready to Create Order]
2026-03-18 09:41:00.375  INFO 1 --- [io-12031-exec-6] order.service.OrderServiceImpl           : [create][Order Create Success][Order Price][OrderId:659496f7-ec27-4527-a1a8-794949e8f332 , Price: 0.0]
2026-03-18 09:41:00.652  INFO 1 --- [io-12031-exec-7] order.controller.OrderController         : [createNewOrder][Create Order][from shanghai to taiyuan at 1970-01-02 18:17:36]
2026-03-18 09:41:00.652  INFO 1 --- [io-12031-exec-7] order.service.OrderServiceImpl           : [create][Create Order][Ready to Create Order]
2026-03-18 09:41:00.667  INFO 1 --- [io-12031-exec-7] order.service.OrderServiceImpl           : [create][Order Create Success][Order Price][OrderId:6fc33c2c-1478-475e-b825-46b1c890b9c0 , Price: 0.0]
2026-03-18 09:41:00.946  INFO 1 --- [io-12031-exec-8] order.controller.OrderController         : [createNewOrder][Create Order][from shanghai to taiyuan at 1970-01-02 18:17:36]
2026-03-18 09:41:00.946  INFO 1 --- [io-12031-exec-8] order.service.OrderServiceImpl           : [create][Create Order][Ready to Create Order]
2026-03-18 09:41:00.958  INFO 1 --- [io-12031-exec-8] order.service.OrderServiceImpl           : [create][Order Create Success][Order Price][OrderId:a63f5478-2157-4f2c-ad68-d2623852a136 , Price: 0.0]
2026-03-18 09:41:01.241  INFO 1 --- [io-12031-exec-9] order.controller.OrderController         : [createNewOrder][Create Order][from shanghai to taiyuan at 1970-01-02 18:17:36]
2026-03-18 09:41:01.241  INFO 1 --- [io-12031-exec-9] order.service.OrderServiceImpl           : [create][Create Order][Ready to Create Order]
2026-03-18 09:41:01.254  INFO 1 --- [io-12031-exec-9] order.service.OrderServiceImpl           : [create][Order Create Success][Order Price][OrderId:85692154-919b-4d29-b24e-96d96fef59af , Price: 0.0]
2026-03-18 09:41:01.563  INFO 1 --- [io-12031-exec-1] order.controller.OrderController         : [createNewOrder][Create Order][from shanghai to taiyuan at 1970-01-02 18:17:36]
2026-03-18 09:41:01.563  INFO 1 --- [io-12031-exec-1] order.service.OrderServiceImpl           : [create][Create Order][Ready to Create Order]
2026-03-18 09:41:01.577  INFO 1 --- [io-12031-exec-1] order.service.OrderServiceImpl           : [create][Order Create Success][Order Price][OrderId:a695882b-2202-4a08-a8e1-e0f74bbc2a63 , Price: 0.0]
2026-03-18 09:41:01.864  INFO 1 --- [io-12031-exec-3] order.controller.OrderController         : [createNewOrder][Create Order][from shanghai to taiyuan at 1970-01-02 18:17:36]
2026-03-18 09:41:01.864  INFO 1 --- [io-12031-exec-3] order.service.OrderServiceImpl           : [create][Create Order][Ready to Create Order]
2026-03-18 09:41:01.877  INFO 1 --- [io-12031-exec-3] order.service.OrderServiceImpl           : [create][Order Create Success][Order Price][OrderId:ebbbb361-f29e-4ac8-9379-16e4afda1d22 , Price: 0.0]
2026-03-18 09:41:02.158  INFO 1 --- [io-12031-exec-2] order.controller.OrderController         : [createNewOrder][Create Order][from shanghai to taiyuan at 1970-01-02 18:17:36]
2026-03-18 09:41:02.158  INFO 1 --- [io-12031-exec-2] order.service.OrderServiceImpl           : [create][Create Order][Ready to Create Order]
2026-03-18 09:41:02.172  INFO 1 --- [io-12031-exec-2] order.service.OrderServiceImpl           : [create][Order Create Success][Order Price][OrderId:0e680520-593e-4eba-a5a7-6103da8ec539 , Price: 0.0]
2026-03-18 09:41:02.458  INFO 1 --- [io-12031-exec-5] order.controller.OrderController         : [createNewOrder][Create Order][from shanghai to taiyuan at 1970-01-02 18:17:36]
2026-03-18 09:41:02.458  INFO 1 --- [io-12031-exec-5] order.service.OrderServiceImpl           : [create][Create Order][Ready to Create Order]
2026-03-18 09:41:02.472  INFO 1 --- [io-12031-exec-5] order.service.OrderServiceImpl           : [create][Order Create Success][Order Price][OrderId:44e3d777-75a3-4d99-bcf4-b8f91b26d51a , Price: 0.0]
2026-03-18 09:41:02.753  INFO 1 --- [io-12031-exec-4] order.controller.OrderController         : [createNewOrder][Create Order][from shanghai to taiyuan at 1970-01-02 18:17:36]
2026-03-18 09:41:02.753  INFO 1 --- [io-12031-exec-4] order.service.OrderServiceImpl           : [create][Create Order][Ready to Create Order]
2026-03-18 09:41:02.767  INFO 1 --- [io-12031-exec-4] order.service.OrderServiceImpl           : [create][Order Create Success][Order Price][OrderId:d0a16bc3-a826-4e8a-bc94-1eadb4b91758 , Price: 0.0]
2026-03-18 09:41:03.052  INFO 1 --- [io-12031-exec-6] order.controller.OrderController         : [createNewOrder][Create Order][from shanghai to taiyuan at 1970-01-02 18:17:36]
2026-03-18 09:41:03.053  INFO 1 --- [io-12031-exec-6] order.service.OrderServiceImpl           : [create][Create Order][Ready to Create Order]
2026-03-18 09:41:03.067  INFO 1 --- [io-12031-exec-6] order.service.OrderServiceImpl           : [create][Order Create Success][Order Price][OrderId:669ddcbf-7ad8-4f87-a1a9-cbd2fd04f1ba , Price: 0.0]
2026-03-18 09:41:03.344  INFO 1 --- [io-12031-exec-7] order.controller.OrderController         : [createNewOrder][Create Order][from shanghai to taiyuan at 1970-01-02 18:17:36]
2026-03-18 09:41:03.344  INFO 1 --- [io-12031-exec-7] order.service.OrderServiceImpl           : [create][Create Order][Ready to Create Order]
2026-03-18 09:41:03.379  INFO 1 --- [io-12031-exec-7] order.service.OrderServiceImpl           : [create][Order Create Success][Order Price][OrderId:4b44c712-44c0-40bf-97ac-4e90062f871c , Price: 0.0]
2026-03-18 09:41:03.660  INFO 1 --- [io-12031-exec-8] order.controller.OrderController         : [createNewOrder][Create Order][from shanghai to taiyuan at 1970-01-02 18:17:36]
2026-03-18 09:41:03.660  INFO 1 --- [io-12031-exec-8] order.service.OrderServiceImpl           : [create][Create Order][Ready to Create Order]
2026-03-18 09:41:03.674  INFO 1 --- [io-12031-exec-8] order.service.OrderServiceImpl           : [create][Order Create Success][Order Price][OrderId:4da4bea4-0af1-413c-a2d0-4cdb1ab26516 , Price: 0.0]
2026-03-18 09:41:03.958  INFO 1 --- [o-12031-exec-10] order.controller.OrderController         : [createNewOrder][Create Order][from shanghai to taiyuan at 1970-01-02 18:17:36]
2026-03-18 09:41:03.958  INFO 1 --- [o-12031-exec-10] order.service.OrderServiceImpl           : [create][Create Order][Ready to Create Order]
2026-03-18 09:41:03.975  INFO 1 --- [o-12031-exec-10] order.service.OrderServiceImpl           : [create][Order Create Success][Order Price][OrderId:33864d0e-6371-4764-b576-0e0fd1f3d1c4 , Price: 0.0]
2026-03-18 09:41:04.257  INFO 1 --- [io-12031-exec-9] order.controller.OrderController         : [createNewOrder][Create Order][from shanghai to taiyuan at 1970-01-02 18:17:36]
2026-03-18 09:41:04.257  INFO 1 --- [io-12031-exec-9] order.service.OrderServiceImpl           : [create][Create Order][Ready to Create Order]
2026-03-18 09:41:04.270  INFO 1 --- [io-12031-exec-9] order.service.OrderServiceImpl           : [create][Order Create Success][Order Price][OrderId:6d0d83b3-73f6-408d-990c-0ac9ef97535d , Price: 0.0]
2026-03-18 09:41:04.549  INFO 1 --- [io-12031-exec-1] order.controller.OrderController         : [createNewOrder][Create Order][from shanghai to taiyuan at 1970-01-02 18:17:36]
2026-03-18 09:41:04.549  INFO 1 --- [io-12031-exec-1] order.service.OrderServiceImpl           : [create][Create Order][Ready to Create Order]
2026-03-18 09:41:04.560  INFO 1 --- [io-12031-exec-1] order.service.OrderServiceImpl           : [create][Order Create Success][Order Price][OrderId:1c2c3804-b863-4fe0-96c4-3a7c79e19aa5 , Price: 0.0]
2026-03-18 09:41:04.841  INFO 1 --- [io-12031-exec-3] order.controller.OrderController         : [createNewOrder][Create Order][from shanghai to taiyuan at 1970-01-02 18:17:36]
2026-03-18 09:41:04.841  INFO 1 --- [io-12031-exec-3] order.service.OrderServiceImpl           : [create][Create Order][Ready to Create Order]
2026-03-18 09:41:04.853  INFO 1 --- [io-12031-exec-3] order.service.OrderServiceImpl           : [create][Order Create Success][Order Price][OrderId:020e4479-e70d-4de1-9e0e-a03362ac1ff2 , Price: 0.0]
2026-03-18 09:41:05.134  INFO 1 --- [io-12031-exec-2] order.controller.OrderController         : [createNewOrder][Create Order][from shanghai to taiyuan at 1970-01-02 18:17:36]
2026-03-18 09:41:05.134  INFO 1 --- [io-12031-exec-2] order.service.OrderServiceImpl           : [create][Create Order][Ready to Create Order]
2026-03-18 09:41:05.149  INFO 1 --- [io-12031-exec-2] order.service.OrderServiceImpl           : [create][Order Create Success][Order Price][OrderId:4ef40dc0-cfa6-48ed-9955-ed7128f19ee3 , Price: 0.0]
2026-03-18 09:41:05.442  INFO 1 --- [io-12031-exec-5] order.controller.OrderController         : [createNewOrder][Create Order][from shanghai to taiyuan at 1970-01-02 18:17:36]
2026-03-18 09:41:05.442  INFO 1 --- [io-12031-exec-5] order.service.OrderServiceImpl           : [create][Create Order][Ready to Create Order]
2026-03-18 09:41:05.455  INFO 1 --- [io-12031-exec-5] order.service.OrderServiceImpl           : [create][Order Create Success][Order Price][OrderId:9030946d-a04e-4f23-a24a-3203ed2edcaa , Price: 0.0]
2026-03-18 09:41:05.748  INFO 1 --- [io-12031-exec-4] order.controller.OrderController         : [createNewOrder][Create Order][from shanghai to taiyuan at 1970-01-02 18:17:36]
2026-03-18 09:41:05.748  INFO 1 --- [io-12031-exec-4] order.service.OrderServiceImpl           : [create][Create Order][Ready to Create Order]
2026-03-18 09:41:05.761  INFO 1 --- [io-12031-exec-4] order.service.OrderServiceImpl           : [create][Order Create Success][Order Price][OrderId:e305d0b2-e799-456c-a25d-b15b0aff1848 , Price: 0.0]
2026-03-18 09:41:06.043  INFO 1 --- [io-12031-exec-6] order.controller.OrderController         : [createNewOrder][Create Order][from shanghai to taiyuan at 1970-01-02 18:17:36]
2026-03-18 09:41:06.043  INFO 1 --- [io-12031-exec-6] order.service.OrderServiceImpl           : [create][Create Order][Ready to Create Order]
2026-03-18 09:41:06.058  INFO 1 --- [io-12031-exec-6] order.service.OrderServiceImpl           : [create][Order Create Success][Order Price][OrderId:54cc50f0-7a34-476d-898e-7c0de4a2ab3d , Price: 0.0]
2026-03-18 09:41:06.354  INFO 1 --- [io-12031-exec-7] order.controller.OrderController         : [createNewOrder][Create Order][from shanghai to taiyuan at 1970-01-02 18:17:36]
2026-03-18 09:41:06.354  INFO 1 --- [io-12031-exec-7] order.service.OrderServiceImpl           : [create][Create Order][Ready to Create Order]
2026-03-18 09:41:06.368  INFO 1 --- [io-12031-exec-7] order.service.OrderServiceImpl           : [create][Order Create Success][Order Price][OrderId:c9e78c11-f65a-4b69-95d0-9e22e3f318dd , Price: 0.0]
2026-03-18 09:41:06.659  INFO 1 --- [io-12031-exec-8] order.controller.OrderController         : [createNewOrder][Create Order][from shanghai to taiyuan at 1970-01-02 18:17:36]
2026-03-18 09:41:06.659  INFO 1 --- [io-12031-exec-8] order.service.OrderServiceImpl           : [create][Create Order][Ready to Create Order]
2026-03-18 09:41:06.672  INFO 1 --- [io-12031-exec-8] order.service.OrderServiceImpl           : [create][Order Create Success][Order Price][OrderId:c2a9dfee-e368-43c7-a6bb-e88689fb6238 , Price: 0.0]
2026-03-18 09:41:06.967  INFO 1 --- [o-12031-exec-10] order.controller.OrderController         : [createNewOrder][Create Order][from shanghai to taiyuan at 1970-01-02 18:17:36]
2026-03-18 09:41:06.967  INFO 1 --- [o-12031-exec-10] order.service.OrderServiceImpl           : [create][Create Order][Ready to Create Order]
2026-03-18 09:41:06.980  INFO 1 --- [o-12031-exec-10] order.service.OrderServiceImpl           : [create][Order Create Success][Order Price][OrderId:eea0c57a-5fc8-44d3-8718-0bf6e2fd8970 , Price: 0.0]
2026-03-18 09:41:07.274  INFO 1 --- [io-12031-exec-9] order.controller.OrderController         : [createNewOrder][Create Order][from shanghai to taiyuan at 1970-01-02 18:17:36]
2026-03-18 09:41:07.274  INFO 1 --- [io-12031-exec-9] order.service.OrderServiceImpl           : [create][Create Order][Ready to Create Order]
2026-03-18 09:41:07.375  INFO 1 --- [io-12031-exec-9] order.service.OrderServiceImpl           : [create][Order Create Success][Order Price][OrderId:d37e0b86-ecb8-4b5b-a870-e6656485d3ac , Price: 0.0]
2026-03-18 09:41:07.660  INFO 1 --- [io-12031-exec-1] order.controller.OrderController         : [createNewOrder][Create Order][from shanghai to taiyuan at 1970-01-02 18:17:36]
2026-03-18 09:41:07.660  INFO 1 --- [io-12031-exec-1] order.service.OrderServiceImpl           : [create][Create Order][Ready to Create Order]
2026-03-18 09:41:07.674  INFO 1 --- [io-12031-exec-1] order.service.OrderServiceImpl           : [create][Order Create Success][Order Price][OrderId:bad58746-7ff7-4f4b-a527-8f6d2b3cf97c , Price: 0.0]
2026-03-18 09:41:07.954  INFO 1 --- [io-12031-exec-3] order.controller.OrderController         : [createNewOrder][Create Order][from shanghai to taiyuan at 1970-01-02 18:17:36]
2026-03-18 09:41:07.954  INFO 1 --- [io-12031-exec-3] order.service.OrderServiceImpl           : [create][Create Order][Ready to Create Order]
2026-03-18 09:41:07.966  INFO 1 --- [io-12031-exec-3] order.service.OrderServiceImpl           : [create][Order Create Success][Order Price][OrderId:45cfa107-8f8c-45d0-8cd1-0a6f4c7b84d5 , Price: 0.0]
2026-03-18 09:41:08.261  INFO 1 --- [io-12031-exec-2] order.controller.OrderController         : [createNewOrder][Create Order][from shanghai to taiyuan at 1970-01-02 18:17:36]
2026-03-18 09:41:08.261  INFO 1 --- [io-12031-exec-2] order.service.OrderServiceImpl           : [create][Create Order][Ready to Create Order]
2026-03-18 09:41:08.276  INFO 1 --- [io-12031-exec-2] order.service.OrderServiceImpl           : [create][Order Create Success][Order Price][OrderId:f4d1bbde-a3e1-422d-b651-40d0c53d761f , Price: 0.0]
2026-03-18 09:41:08.558  INFO 1 --- [io-12031-exec-5] order.controller.OrderController         : [createNewOrder][Create Order][from shanghai to taiyuan at 1970-01-02 18:17:36]
2026-03-18 09:41:08.558  INFO 1 --- [io-12031-exec-5] order.service.OrderServiceImpl           : [create][Create Order][Ready to Create Order]
2026-03-18 09:41:08.570  INFO 1 --- [io-12031-exec-5] order.service.OrderServiceImpl           : [create][Order Create Success][Order Price][OrderId:47c03397-0886-4933-a30e-958519c362cd , Price: 0.0]
2026-03-18 09:41:08.862  INFO 1 --- [io-12031-exec-4] order.controller.OrderController         : [createNewOrder][Create Order][from shanghai to taiyuan at 1970-01-02 18:17:36]
2026-03-18 09:41:08.863  INFO 1 --- [io-12031-exec-4] order.service.OrderServiceImpl           : [create][Create Order][Ready to Create Order]
2026-03-18 09:41:08.967  INFO 1 --- [io-12031-exec-4] order.service.OrderServiceImpl           : [create][Order Create Success][Order Price][OrderId:891c8ce7-4dee-4615-b63f-575cf522c21d , Price: 0.0]
2026-03-18 09:41:09.258  INFO 1 --- [io-12031-exec-6] order.controller.OrderController         : [createNewOrder][Create Order][from shanghai to taiyuan at 1970-01-02 18:17:36]
2026-03-18 09:41:09.258  INFO 1 --- [io-12031-exec-6] order.service.OrderServiceImpl           : [create][Create Order][Ready to Create Order]
2026-03-18 09:41:09.272  INFO 1 --- [io-12031-exec-6] order.service.OrderServiceImpl           : [create][Order Create Success][Order Price][OrderId:10753d5c-d7af-4939-a697-2642936575de , Price: 0.0]
2026-03-18 09:41:09.552  INFO 1 --- [io-12031-exec-7] order.controller.OrderController         : [createNewOrder][Create Order][from shanghai to taiyuan at 1970-01-02 18:17:36]
2026-03-18 09:41:09.552  INFO 1 --- [io-12031-exec-7] order.service.OrderServiceImpl           : [create][Create Order][Ready to Create Order]
2026-03-18 09:41:09.566  INFO 1 --- [io-12031-exec-7] order.service.OrderServiceImpl           : [create][Order Create Success][Order Price][OrderId:e9984879-c0b8-4312-9567-b03c7829ed94 , Price: 0.0]
2026-03-18 09:41:09.852  INFO 1 --- [io-12031-exec-8] order.controller.OrderController         : [createNewOrder][Create Order][from shanghai to taiyuan at 1970-01-02 18:17:36]
2026-03-18 09:41:09.852  INFO 1 --- [io-12031-exec-8] order.service.OrderServiceImpl           : [create][Create Order][Ready to Create Order]
2026-03-18 09:41:09.865  INFO 1 --- [io-12031-exec-8] order.service.OrderServiceImpl           : [create][Order Create Success][Order Price][OrderId:6bfe8984-ed9a-4cb2-9d80-09e29289d71f , Price: 0.0]
2026-03-18 09:41:10.260  INFO 1 --- [o-12031-exec-10] order.controller.OrderController         : [createNewOrder][Create Order][from shanghai to taiyuan at 1970-01-02 18:17:36]
2026-03-18 09:41:10.260  INFO 1 --- [o-12031-exec-10] order.service.OrderServiceImpl           : [create][Create Order][Ready to Create Order]
2026-03-18 09:41:10.276  INFO 1 --- [o-12031-exec-10] order.service.OrderServiceImpl           : [create][Order Create Success][Order Price][OrderId:5b7ec308-6dce-4b83-92f1-791b389a5c82 , Price: 0.0]
2026-03-18 09:41:10.662  INFO 1 --- [io-12031-exec-9] order.controller.OrderController         : [createNewOrder][Create Order][from shanghai to taiyuan at 1970-01-02 18:17:36]
2026-03-18 09:41:10.662  INFO 1 --- [io-12031-exec-9] order.service.OrderServiceImpl           : [create][Create Order][Ready to Create Order]
2026-03-18 09:41:10.675  INFO 1 --- [io-12031-exec-9] order.service.OrderServiceImpl           : [create][Order Create Success][Order Price][OrderId:64968cdf-1519-4ee1-93b6-00ca4d5ca12c , Price: 0.0]
2026-03-18 09:41:10.961  INFO 1 --- [io-12031-exec-1] order.controller.OrderController         : [createNewOrder][Create Order][from shanghai to taiyuan at 1970-01-02 18:17:36]
2026-03-18 09:41:10.961  INFO 1 --- [io-12031-exec-1] order.service.OrderServiceImpl           : [create][Create Order][Ready to Create Order]
2026-03-18 09:41:10.975  INFO 1 --- [io-12031-exec-1] order.service.OrderServiceImpl           : [create][Order Create Success][Order Price][OrderId:d6c09611-a284-418a-9324-01edbf2bd0e0 , Price: 0.0]
2026-03-18 09:41:11.255  INFO 1 --- [io-12031-exec-2] order.controller.OrderController         : [createNewOrder][Create Order][from shanghai to taiyuan at 1970-01-02 18:17:36]
2026-03-18 09:41:11.255  INFO 1 --- [io-12031-exec-2] order.service.OrderServiceImpl           : [create][Create Order][Ready to Create Order]
2026-03-18 09:41:11.288  INFO 1 --- [io-12031-exec-2] order.service.OrderServiceImpl           : [create][Order Create Success][Order Price][OrderId:9c6f3b80-fa5a-4388-a324-87402ddd6c10 , Price: 0.0]
2026-03-18 09:41:11.561  INFO 1 --- [io-12031-exec-5] order.controller.OrderController         : [createNewOrder][Create Order][from shanghai to taiyuan at 1970-01-02 18:17:36]
2026-03-18 09:41:11.561  INFO 1 --- [io-12031-exec-5] order.service.OrderServiceImpl           : [create][Create Order][Ready to Create Order]
2026-03-18 09:41:11.575  INFO 1 --- [io-12031-exec-5] order.service.OrderServiceImpl           : [create][Order Create Success][Order Price][OrderId:e5f41b6b-2eed-4798-8376-da7e81449841 , Price: 0.0]
2026-03-18 09:41:11.849  INFO 1 --- [io-12031-exec-4] order.controller.OrderController         : [createNewOrder][Create Order][from shanghai to taiyuan at 1970-01-02 18:17:36]
2026-03-18 09:41:11.849  INFO 1 --- [io-12031-exec-4] order.service.OrderServiceImpl           : [create][Create Order][Ready to Create Order]
2026-03-18 09:41:11.860  INFO 1 --- [io-12031-exec-4] order.service.OrderServiceImpl           : [create][Order Create Success][Order Price][OrderId:47160afd-af3d-4ea5-b8ee-be48381cd5c5 , Price: 0.0]
2026-03-18 09:41:12.147  INFO 1 --- [io-12031-exec-6] order.controller.OrderController         : [createNewOrder][Create Order][from shanghai to taiyuan at 1970-01-02 18:17:36]
2026-03-18 09:41:12.147  INFO 1 --- [io-12031-exec-6] order.service.OrderServiceImpl           : [create][Create Order][Ready to Create Order]
2026-03-18 09:41:12.161  INFO 1 --- [io-12031-exec-6] order.service.OrderServiceImpl           : [create][Order Create Success][Order Price][OrderId:ae6e0993-f7aa-446a-b97f-7180d8e830aa , Price: 0.0]
2026-03-18 09:41:12.436  INFO 1 --- [io-12031-exec-7] order.controller.OrderController         : [createNewOrder][Create Order][from shanghai to taiyuan at 1970-01-02 18:17:36]
2026-03-18 09:41:12.436  INFO 1 --- [io-12031-exec-7] order.service.OrderServiceImpl           : [create][Create Order][Ready to Create Order]
2026-03-18 09:41:12.448  INFO 1 --- [io-12031-exec-7] order.service.OrderServiceImpl           : [create][Order Create Success][Order Price][OrderId:61d94e67-6613-4452-8c8f-c695d9687ef1 , Price: 0.0]
2026-03-18 09:41:12.734  INFO 1 --- [io-12031-exec-8] order.controller.OrderController         : [createNewOrder][Create Order][from shanghai to taiyuan at 1970-01-02 18:17:36]
2026-03-18 09:41:12.734  INFO 1 --- [io-12031-exec-8] order.service.OrderServiceImpl           : [create][Create Order][Ready to Create Order]
2026-03-18 09:41:12.746  INFO 1 --- [io-12031-exec-8] order.service.OrderServiceImpl           : [create][Order Create Success][Order Price][OrderId:56f84aed-bd77-4cba-8c25-a94cc63b7ac0 , Price: 0.0]
2026-03-18 09:41:12.976  INFO 1 --- [o-12031-exec-10] order.controller.OrderController         : [createNewOrder][Create Order][from shanghai to taiyuan at 1970-01-02 18:17:36]
2026-03-18 09:41:12.976  INFO 1 --- [o-12031-exec-10] order.service.OrderServiceImpl           : [create][Create Order][Ready to Create Order]
2026-03-18 09:41:12.990  INFO 1 --- [o-12031-exec-10] order.service.OrderServiceImpl           : [create][Order Create Success][Order Price][OrderId:b5340ee1-32a6-44f1-8764-0635a098a38d , Price: 0.0]
2026-03-18 09:41:13.264  INFO 1 --- [io-12031-exec-9] order.controller.OrderController         : [createNewOrder][Create Order][from shanghai to taiyuan at 1970-01-02 18:17:36]
2026-03-18 09:41:13.264  INFO 1 --- [io-12031-exec-9] order.service.OrderServiceImpl           : [create][Create Order][Ready to Create Order]
2026-03-18 09:41:13.277  INFO 1 --- [io-12031-exec-9] order.service.OrderServiceImpl           : [create][Order Create Success][Order Price][OrderId:c55b0e4a-502b-4a60-9187-f29f1685a377 , Price: 0.0]
2026-03-18 09:41:13.554  INFO 1 --- [io-12031-exec-1] order.controller.OrderController         : [createNewOrder][Create Order][from shanghai to taiyuan at 1970-01-02 18:17:36]
2026-03-18 09:41:13.554  INFO 1 --- [io-12031-exec-1] order.service.OrderServiceImpl           : [create][Create Order][Ready to Create Order]
2026-03-18 09:41:13.568  INFO 1 --- [io-12031-exec-1] order.service.OrderServiceImpl           : [create][Order Create Success][Order Price][OrderId:9bc975da-1238-4260-b0af-4ea7dc26b0c3 , Price: 0.0]
2026-03-18 09:41:13.848  INFO 1 --- [io-12031-exec-3] order.controller.OrderController         : [createNewOrder][Create Order][from shanghai to taiyuan at 1970-01-02 18:17:36]
2026-03-18 09:41:13.848  INFO 1 --- [io-12031-exec-3] order.service.OrderServiceImpl           : [create][Create Order][Ready to Create Order]
2026-03-18 09:41:13.860  INFO 1 --- [io-12031-exec-3] order.service.OrderServiceImpl           : [create][Order Create Success][Order Price][OrderId:c347d9d0-093f-4dc7-b5d1-4f40b6bf3254 , Price: 0.0]
2026-03-18 09:41:14.133  INFO 1 --- [io-12031-exec-2] order.controller.OrderController         : [createNewOrder][Create Order][from shanghai to taiyuan at 1970-01-02 18:17:36]
2026-03-18 09:41:14.133  INFO 1 --- [io-12031-exec-2] order.service.OrderServiceImpl           : [create][Create Order][Ready to Create Order]
2026-03-18 09:41:14.146  INFO 1 --- [io-12031-exec-2] order.service.OrderServiceImpl           : [create][Order Create Success][Order Price][OrderId:49375db3-0577-4447-a7b0-18b381ec2d7f , Price: 0.0]
2026-03-18 09:41:14.442  INFO 1 --- [io-12031-exec-5] order.controller.OrderController         : [createNewOrder][Create Order][from shanghai to taiyuan at 1970-01-02 18:17:36]
2026-03-18 09:41:14.442  INFO 1 --- [io-12031-exec-5] order.service.OrderServiceImpl           : [create][Create Order][Ready to Create Order]
2026-03-18 09:41:14.455  INFO 1 --- [io-12031-exec-5] order.service.OrderServiceImpl           : [create][Order Create Success][Order Price][OrderId:c3e0b91d-317b-42b7-98e7-26e30d44df75 , Price: 0.0]
2026-03-18 09:41:14.734  INFO 1 --- [io-12031-exec-4] order.controller.OrderController         : [createNewOrder][Create Order][from shanghai to taiyuan at 1970-01-02 18:17:36]
2026-03-18 09:41:14.734  INFO 1 --- [io-12031-exec-4] order.service.OrderServiceImpl           : [create][Create Order][Ready to Create Order]
2026-03-18 09:41:14.780  INFO 1 --- [io-12031-exec-4] order.service.OrderServiceImpl           : [create][Order Create Success][Order Price][OrderId:48bd814e-8341-472d-83bf-7df97cd1806d , Price: 0.0]
2026-03-18 09:41:15.061  INFO 1 --- [io-12031-exec-6] order.controller.OrderController         : [createNewOrder][Create Order][from shanghai to taiyuan at 1970-01-02 18:17:36]
2026-03-18 09:41:15.061  INFO 1 --- [io-12031-exec-6] order.service.OrderServiceImpl           : [create][Create Order][Ready to Create Order]
2026-03-18 09:41:15.074  INFO 1 --- [io-12031-exec-6] order.service.OrderServiceImpl           : [create][Order Create Success][Order Price][OrderId:913251a9-dbd7-4a15-bf6c-2d916d12e054 , Price: 0.0]
2026-03-18 09:41:15.350  INFO 1 --- [io-12031-exec-7] order.controller.OrderController         : [createNewOrder][Create Order][from shanghai to taiyuan at 1970-01-02 18:17:36]
2026-03-18 09:41:15.350  INFO 1 --- [io-12031-exec-7] order.service.OrderServiceImpl           : [create][Create Order][Ready to Create Order]
2026-03-18 09:41:15.366  INFO 1 --- [io-12031-exec-7] order.service.OrderServiceImpl           : [create][Order Create Success][Order Price][OrderId:9a5ccde2-4208-406f-ba14-c866a28df310 , Price: 0.0]
2026-03-18 09:41:15.654  INFO 1 --- [io-12031-exec-8] order.controller.OrderController         : [createNewOrder][Create Order][from shanghai to taiyuan at 1970-01-02 18:17:36]
2026-03-18 09:41:15.654  INFO 1 --- [io-12031-exec-8] order.service.OrderServiceImpl           : [create][Create Order][Ready to Create Order]
2026-03-18 09:41:15.667  INFO 1 --- [io-12031-exec-8] order.service.OrderServiceImpl           : [create][Order Create Success][Order Price][OrderId:cca0a44d-49f0-4e7f-87f7-58dba2b6ce1b , Price: 0.0]
2026-03-18 09:41:15.947  INFO 1 --- [o-12031-exec-10] order.controller.OrderController         : [createNewOrder][Create Order][from shanghai to taiyuan at 1970-01-02 18:17:36]
2026-03-18 09:41:15.947  INFO 1 --- [o-12031-exec-10] order.service.OrderServiceImpl           : [create][Create Order][Ready to Create Order]
2026-03-18 09:41:15.961  INFO 1 --- [o-12031-exec-10] order.service.OrderServiceImpl           : [create][Order Create Success][Order Price][OrderId:c4342082-59b6-49a1-b5a4-70a51be9e03c , Price: 0.0]
2026-03-18 09:41:16.238  INFO 1 --- [io-12031-exec-9] order.controller.OrderController         : [createNewOrder][Create Order][from shanghai to taiyuan at 1970-01-02 18:17:36]
2026-03-18 09:41:16.238  INFO 1 --- [io-12031-exec-9] order.service.OrderServiceImpl           : [create][Create Order][Ready to Create Order]
2026-03-18 09:41:16.251  INFO 1 --- [io-12031-exec-9] order.service.OrderServiceImpl           : [create][Order Create Success][Order Price][OrderId:296b1965-c990-40ba-8ec4-f1224d4022e4 , Price: 0.0]
2026-03-18 09:41:16.651  INFO 1 --- [io-12031-exec-1] order.controller.OrderController         : [createNewOrder][Create Order][from shanghai to taiyuan at 1970-01-02 18:17:36]
2026-03-18 09:41:16.652  INFO 1 --- [io-12031-exec-1] order.service.OrderServiceImpl           : [create][Create Order][Ready to Create Order]
2026-03-18 09:41:16.666  INFO 1 --- [io-12031-exec-1] order.service.OrderServiceImpl           : [create][Order Create Success][Order Price][OrderId:68a70d58-7b8a-49da-a479-55f7d4e143f7 , Price: 0.0]
2026-03-18 09:41:16.941  INFO 1 --- [io-12031-exec-3] order.controller.OrderController         : [createNewOrder][Create Order][from shanghai to taiyuan at 1970-01-02 18:17:36]
2026-03-18 09:41:16.941  INFO 1 --- [io-12031-exec-3] order.service.OrderServiceImpl           : [create][Create Order][Ready to Create Order]
2026-03-18 09:41:16.954  INFO 1 --- [io-12031-exec-3] order.service.OrderServiceImpl           : [create][Order Create Success][Order Price][OrderId:cbce2e83-46e1-4d9a-b2a1-e264cb642f5e , Price: 0.0]
2026-03-18 09:41:17.233  INFO 1 --- [io-12031-exec-2] order.controller.OrderController         : [createNewOrder][Create Order][from shanghai to taiyuan at 1970-01-02 18:17:36]
2026-03-18 09:41:17.233  INFO 1 --- [io-12031-exec-2] order.service.OrderServiceImpl           : [create][Create Order][Ready to Create Order]
2026-03-18 09:41:17.246  INFO 1 --- [io-12031-exec-2] order.service.OrderServiceImpl           : [create][Order Create Success][Order Price][OrderId:9b154639-0b3e-41a0-8f1d-55814d1fb77d , Price: 0.0]
2026-03-18 09:41:17.480  INFO 1 --- [io-12031-exec-5] order.controller.OrderController         : [createNewOrder][Create Order][from shanghai to taiyuan at 1970-01-02 18:17:36]
2026-03-18 09:41:17.480  INFO 1 --- [io-12031-exec-5] order.service.OrderServiceImpl           : [create][Create Order][Ready to Create Order]
2026-03-18 09:41:17.493  INFO 1 --- [io-12031-exec-5] order.service.OrderServiceImpl           : [create][Order Create Success][Order Price][OrderId:145992ac-756f-4697-824a-18eacbb1f75c , Price: 0.0]
2026-03-18 09:41:17.765  INFO 1 --- [io-12031-exec-4] order.controller.OrderController         : [createNewOrder][Create Order][from shanghai to taiyuan at 1970-01-02 18:17:36]
2026-03-18 09:41:17.765  INFO 1 --- [io-12031-exec-4] order.service.OrderServiceImpl           : [create][Create Order][Ready to Create Order]
2026-03-18 09:41:17.777  INFO 1 --- [io-12031-exec-4] order.service.OrderServiceImpl           : [create][Order Create Success][Order Price][OrderId:0bad07b2-268a-4f44-b901-bc2e09153118 , Price: 0.0]
2026-03-18 09:41:18.061  INFO 1 --- [io-12031-exec-6] order.controller.OrderController         : [createNewOrder][Create Order][from shanghai to taiyuan at 1970-01-02 18:17:36]
2026-03-18 09:41:18.061  INFO 1 --- [io-12031-exec-6] order.service.OrderServiceImpl           : [create][Create Order][Ready to Create Order]
2026-03-18 09:41:18.075  INFO 1 --- [io-12031-exec-6] order.service.OrderServiceImpl           : [create][Order Create Success][Order Price][OrderId:e9cabff0-0e65-4092-b7dc-17612474e671 , Price: 0.0]
2026-03-18 09:41:18.367  INFO 1 --- [io-12031-exec-7] order.controller.OrderController         : [createNewOrder][Create Order][from shanghai to taiyuan at 1970-01-02 18:17:36]
2026-03-18 09:41:18.367  INFO 1 --- [io-12031-exec-7] order.service.OrderServiceImpl           : [create][Create Order][Ready to Create Order]
2026-03-18 09:41:18.487  INFO 1 --- [io-12031-exec-7] order.service.OrderServiceImpl           : [create][Order Create Success][Order Price][OrderId:b8fa4d97-44bd-409a-bbda-767e5337bcde , Price: 0.0]
2026-03-18 09:41:18.761  INFO 1 --- [io-12031-exec-8] order.controller.OrderController         : [createNewOrder][Create Order][from shanghai to taiyuan at 1970-01-02 18:17:36]
2026-03-18 09:41:18.761  INFO 1 --- [io-12031-exec-8] order.service.OrderServiceImpl           : [create][Create Order][Ready to Create Order]
2026-03-18 09:41:18.775  INFO 1 --- [io-12031-exec-8] order.service.OrderServiceImpl           : [create][Order Create Success][Order Price][OrderId:0ff456ab-9262-436f-af50-1d4bd07debff , Price: 0.0]
2026-03-18 09:41:19.063  INFO 1 --- [o-12031-exec-10] order.controller.OrderController         : [createNewOrder][Create Order][from shanghai to taiyuan at 1970-01-02 18:17:36]
2026-03-18 09:41:19.063  INFO 1 --- [o-12031-exec-10] order.service.OrderServiceImpl           : [create][Create Order][Ready to Create Order]
2026-03-18 09:41:19.076  INFO 1 --- [o-12031-exec-10] order.service.OrderServiceImpl           : [create][Order Create Success][Order Price][OrderId:4bffedd1-080e-4667-95b0-e934c0ee0f64 , Price: 0.0]
2026-03-18 09:41:19.354  INFO 1 --- [io-12031-exec-9] order.controller.OrderController         : [createNewOrder][Create Order][from shanghai to taiyuan at 1970-01-02 18:17:36]
2026-03-18 09:41:19.355  INFO 1 --- [io-12031-exec-9] order.service.OrderServiceImpl           : [create][Create Order][Ready to Create Order]
2026-03-18 09:41:19.367  INFO 1 --- [io-12031-exec-9] order.service.OrderServiceImpl           : [create][Order Create Success][Order Price][OrderId:6b615ea4-ec9e-45f5-b04b-20a7097b2f98 , Price: 0.0]
2026-03-18 09:41:19.648  INFO 1 --- [io-12031-exec-1] order.controller.OrderController         : [createNewOrder][Create Order][from shanghai to taiyuan at 1970-01-02 18:17:36]
2026-03-18 09:41:19.648  INFO 1 --- [io-12031-exec-1] order.service.OrderServiceImpl           : [create][Create Order][Ready to Create Order]
2026-03-18 09:41:19.661  INFO 1 --- [io-12031-exec-1] order.service.OrderServiceImpl           : [create][Order Create Success][Order Price][OrderId:061e729a-837e-4301-ae76-775de5731b40 , Price: 0.0]
2026-03-18 09:41:19.946  INFO 1 --- [io-12031-exec-3] order.controller.OrderController         : [createNewOrder][Create Order][from shanghai to taiyuan at 1970-01-02 18:17:36]
2026-03-18 09:41:19.946  INFO 1 --- [io-12031-exec-3] order.service.OrderServiceImpl           : [create][Create Order][Ready to Create Order]
2026-03-18 09:41:19.959  INFO 1 --- [io-12031-exec-3] order.service.OrderServiceImpl           : [create][Order Create Success][Order Price][OrderId:9af281b8-f76e-4c02-8e74-f8b89a547298 , Price: 0.0]
2026-03-18 09:41:20.250  INFO 1 --- [io-12031-exec-2] order.controller.OrderController         : [createNewOrder][Create Order][from shanghai to taiyuan at 1970-01-02 18:17:36]
2026-03-18 09:41:20.250  INFO 1 --- [io-12031-exec-2] order.service.OrderServiceImpl           : [create][Create Order][Ready to Create Order]
2026-03-18 09:41:20.264  INFO 1 --- [io-12031-exec-2] order.service.OrderServiceImpl           : [create][Order Create Success][Order Price][OrderId:ad4de93b-2189-4156-a6e4-b2812b54a0ba , Price: 0.0]
2026-03-18 09:41:20.545  INFO 1 --- [io-12031-exec-5] order.controller.OrderController         : [createNewOrder][Create Order][from shanghai to taiyuan at 1970-01-02 18:17:36]
2026-03-18 09:41:20.545  INFO 1 --- [io-12031-exec-5] order.service.OrderServiceImpl           : [create][Create Order][Ready to Create Order]
2026-03-18 09:41:20.558  INFO 1 --- [io-12031-exec-5] order.service.OrderServiceImpl           : [create][Order Create Success][Order Price][OrderId:3e2ee84d-7f54-4a9a-8da1-d9030b24593d , Price: 0.0]
2026-03-18 09:41:20.837  INFO 1 --- [io-12031-exec-4] order.controller.OrderController         : [createNewOrder][Create Order][from shanghai to taiyuan at 1970-01-02 18:17:36]
2026-03-18 09:41:20.837  INFO 1 --- [io-12031-exec-4] order.service.OrderServiceImpl           : [create][Create Order][Ready to Create Order]
2026-03-18 09:41:20.850  INFO 1 --- [io-12031-exec-4] order.service.OrderServiceImpl           : [create][Order Create Success][Order Price][OrderId:7633cf19-a511-4b82-9c1d-19fe9ec1dd7f , Price: 0.0]
2026-03-18 09:41:21.081  INFO 1 --- [io-12031-exec-6] order.controller.OrderController         : [createNewOrder][Create Order][from shanghai to taiyuan at 1970-01-02 18:17:36]
2026-03-18 09:41:21.081  INFO 1 --- [io-12031-exec-6] order.service.OrderServiceImpl           : [create][Create Order][Ready to Create Order]
2026-03-18 09:41:21.096  INFO 1 --- [io-12031-exec-6] order.service.OrderServiceImpl           : [create][Order Create Success][Order Price][OrderId:2d674c74-96cb-4620-844c-a64c1240f736 , Price: 0.0]
2026-03-18 09:41:21.380  INFO 1 --- [io-12031-exec-8] order.controller.OrderController         : [createNewOrder][Create Order][from shanghai to taiyuan at 1970-01-02 18:17:36]
2026-03-18 09:41:21.380  INFO 1 --- [io-12031-exec-8] order.service.OrderServiceImpl           : [create][Create Order][Ready to Create Order]
2026-03-18 09:41:21.394  INFO 1 --- [io-12031-exec-8] order.service.OrderServiceImpl           : [create][Order Create Success][Order Price][OrderId:e37bf44c-e956-46ba-ae4d-6e4f2f2c923d , Price: 0.0]
2026-03-18 09:41:21.667  INFO 1 --- [o-12031-exec-10] order.controller.OrderController         : [createNewOrder][Create Order][from shanghai to taiyuan at 1970-01-02 18:17:36]
2026-03-18 09:41:21.667  INFO 1 --- [o-12031-exec-10] order.service.OrderServiceImpl           : [create][Create Order][Ready to Create Order]
2026-03-18 09:41:21.780  INFO 1 --- [o-12031-exec-10] order.service.OrderServiceImpl           : [create][Order Create Success][Order Price][OrderId:ab200126-a2f9-48a1-9d5f-01e5fe23c8a9 , Price: 0.0]
2026-03-18 09:41:22.060  INFO 1 --- [io-12031-exec-9] order.controller.OrderController         : [createNewOrder][Create Order][from shanghai to taiyuan at 1970-01-02 18:17:36]
2026-03-18 09:41:22.060  INFO 1 --- [io-12031-exec-9] order.service.OrderServiceImpl           : [create][Create Order][Ready to Create Order]
2026-03-18 09:41:22.074  INFO 1 --- [io-12031-exec-9] order.service.OrderServiceImpl           : [create][Order Create Success][Order Price][OrderId:09ea522f-a00e-4914-beb8-d96a56657f6c , Price: 0.0]
2026-03-18 09:41:22.440  INFO 1 --- [io-12031-exec-1] order.controller.OrderController         : [createNewOrder][Create Order][from shanghai to taiyuan at 1970-01-02 18:17:36]
2026-03-18 09:41:22.440  INFO 1 --- [io-12031-exec-1] order.service.OrderServiceImpl           : [create][Create Order][Ready to Create Order]
2026-03-18 09:41:22.471  INFO 1 --- [io-12031-exec-1] order.service.OrderServiceImpl           : [create][Order Create Success][Order Price][OrderId:1925e540-2a62-4cfd-8c12-98df10c6de9a , Price: 0.0]
2026-03-18 09:41:22.841  INFO 1 --- [io-12031-exec-3] order.controller.OrderController         : [createNewOrder][Create Order][from shanghai to taiyuan at 1970-01-02 18:17:36]
2026-03-18 09:41:22.841  INFO 1 --- [io-12031-exec-3] order.service.OrderServiceImpl           : [create][Create Order][Ready to Create Order]
2026-03-18 09:41:22.870  INFO 1 --- [io-12031-exec-3] order.service.OrderServiceImpl           : [create][Order Create Success][Order Price][OrderId:95031ffe-b41f-45ca-872d-06e56878c8dd , Price: 0.0]
2026-03-18 09:41:23.154  INFO 1 --- [io-12031-exec-2] order.controller.OrderController         : [createNewOrder][Create Order][from shanghai to taiyuan at 1970-01-02 18:17:36]
2026-03-18 09:41:23.154  INFO 1 --- [io-12031-exec-2] order.service.OrderServiceImpl           : [create][Create Order][Ready to Create Order]
2026-03-18 09:41:23.168  INFO 1 --- [io-12031-exec-2] order.service.OrderServiceImpl           : [create][Order Create Success][Order Price][OrderId:1eab8f21-20d7-4f02-852d-dd33f8650ecf , Price: 0.0]
2026-03-18 09:41:23.454  INFO 1 --- [io-12031-exec-5] order.controller.OrderController         : [createNewOrder][Create Order][from shanghai to taiyuan at 1970-01-02 18:17:36]
2026-03-18 09:41:23.454  INFO 1 --- [io-12031-exec-5] order.service.OrderServiceImpl           : [create][Create Order][Ready to Create Order]
2026-03-18 09:41:23.467  INFO 1 --- [io-12031-exec-5] order.service.OrderServiceImpl           : [create][Order Create Success][Order Price][OrderId:b6972174-276d-4a71-b506-6949c57aaf62 , Price: 0.0]
2026-03-18 09:41:23.854  INFO 1 --- [io-12031-exec-4] order.controller.OrderController         : [createNewOrder][Create Order][from shanghai to taiyuan at 1970-01-02 18:17:36]
2026-03-18 09:41:23.854  INFO 1 --- [io-12031-exec-4] order.service.OrderServiceImpl           : [create][Create Order][Ready to Create Order]
2026-03-18 09:41:23.867  INFO 1 --- [io-12031-exec-4] order.service.OrderServiceImpl           : [create][Order Create Success][Order Price][OrderId:7caabf54-2039-4387-8b42-cd208fea4ec9 , Price: 0.0]
2026-03-18 09:41:24.141  INFO 1 --- [io-12031-exec-6] order.controller.OrderController         : [createNewOrder][Create Order][from shanghai to taiyuan at 1970-01-02 18:17:36]
2026-03-18 09:41:24.141  INFO 1 --- [io-12031-exec-6] order.service.OrderServiceImpl           : [create][Create Order][Ready to Create Order]
2026-03-18 09:41:24.154  INFO 1 --- [io-12031-exec-6] order.service.OrderServiceImpl           : [create][Order Create Success][Order Price][OrderId:30ff27b2-3922-4ad6-8e1d-f6c1409b22b5 , Price: 0.0]
2026-03-18 09:41:24.384  INFO 1 --- [io-12031-exec-7] order.controller.OrderController         : [createNewOrder][Create Order][from shanghai to taiyuan at 1970-01-02 18:17:36]
2026-03-18 09:41:24.384  INFO 1 --- [io-12031-exec-7] order.service.OrderServiceImpl           : [create][Create Order][Ready to Create Order]
2026-03-18 09:41:24.397  INFO 1 --- [io-12031-exec-7] order.service.OrderServiceImpl           : [create][Order Create Success][Order Price][OrderId:d558356c-2654-4158-924d-01d35ba26d14 , Price: 0.0]
2026-03-18 09:41:24.660  INFO 1 --- [io-12031-exec-8] order.controller.OrderController         : [createNewOrder][Create Order][from shanghai to taiyuan at 1970-01-02 18:17:36]
2026-03-18 09:41:24.660  INFO 1 --- [io-12031-exec-8] order.service.OrderServiceImpl           : [create][Create Order][Ready to Create Order]
2026-03-18 09:41:24.674  INFO 1 --- [io-12031-exec-8] order.service.OrderServiceImpl           : [create][Order Create Success][Order Price][OrderId:0d9140ff-ee18-46ba-9818-2bb8e92679c4 , Price: 0.0]
2026-03-18 09:41:24.961  INFO 1 --- [o-12031-exec-10] order.controller.OrderController         : [createNewOrder][Create Order][from shanghai to taiyuan at 1970-01-02 18:17:36]
2026-03-18 09:41:24.961  INFO 1 --- [o-12031-exec-10] order.service.OrderServiceImpl           : [create][Create Order][Ready to Create Order]
2026-03-18 09:41:24.973  INFO 1 --- [o-12031-exec-10] order.service.OrderServiceImpl           : [create][Order Create Success][Order Price][OrderId:7a61adb7-9fd5-4f3c-88e9-c1395f014e56 , Price: 0.0]
2026-03-18 09:41:25.259  INFO 1 --- [io-12031-exec-9] order.controller.OrderController         : [createNewOrder][Create Order][from shanghai to taiyuan at 1970-01-02 18:17:36]
2026-03-18 09:41:25.259  INFO 1 --- [io-12031-exec-9] order.service.OrderServiceImpl           : [create][Create Order][Ready to Create Order]
2026-03-18 09:41:25.274  INFO 1 --- [io-12031-exec-9] order.service.OrderServiceImpl           : [create][Order Create Success][Order Price][OrderId:10fec9cb-dd52-4259-bbe6-32f8a69a64c8 , Price: 0.0]
2026-03-18 09:41:25.549  INFO 1 --- [io-12031-exec-1] order.controller.OrderController         : [createNewOrder][Create Order][from shanghai to taiyuan at 1970-01-02 18:17:36]
2026-03-18 09:41:25.549  INFO 1 --- [io-12031-exec-1] order.service.OrderServiceImpl           : [create][Create Order][Ready to Create Order]
2026-03-18 09:41:25.577  INFO 1 --- [io-12031-exec-1] order.service.OrderServiceImpl           : [create][Order Create Success][Order Price][OrderId:8e5375bf-4c8e-4c15-87b1-6a19a9d45001 , Price: 0.0]
2026-03-18 09:41:25.865  INFO 1 --- [io-12031-exec-3] order.controller.OrderController         : [createNewOrder][Create Order][from shanghai to taiyuan at 1970-01-02 18:17:36]
2026-03-18 09:41:25.865  INFO 1 --- [io-12031-exec-3] order.service.OrderServiceImpl           : [create][Create Order][Ready to Create Order]
2026-03-18 09:41:25.882  INFO 1 --- [io-12031-exec-3] order.service.OrderServiceImpl           : [create][Order Create Success][Order Price][OrderId:113e58fa-b898-47f1-8ab7-c27951a55031 , Price: 0.0]
2026-03-18 09:41:26.160  INFO 1 --- [io-12031-exec-2] order.controller.OrderController         : [createNewOrder][Create Order][from shanghai to taiyuan at 1970-01-02 18:17:36]
2026-03-18 09:41:26.160  INFO 1 --- [io-12031-exec-2] order.service.OrderServiceImpl           : [create][Create Order][Ready to Create Order]
2026-03-18 09:41:26.173  INFO 1 --- [io-12031-exec-2] order.service.OrderServiceImpl           : [create][Order Create Success][Order Price][OrderId:a5249d52-0f13-4d48-950f-b24476dbbdae , Price: 0.0]
2026-03-18 09:41:26.456  INFO 1 --- [io-12031-exec-5] order.controller.OrderController         : [createNewOrder][Create Order][from shanghai to taiyuan at 1970-01-02 18:17:36]
2026-03-18 09:41:26.456  INFO 1 --- [io-12031-exec-5] order.service.OrderServiceImpl           : [create][Create Order][Ready to Create Order]
2026-03-18 09:41:26.477  INFO 1 --- [io-12031-exec-5] order.service.OrderServiceImpl           : [create][Order Create Success][Order Price][OrderId:d087170b-1d69-4531-8700-77b65a527674 , Price: 0.0]
2026-03-18 09:41:26.763  INFO 1 --- [io-12031-exec-4] order.controller.OrderController         : [createNewOrder][Create Order][from shanghai to taiyuan at 1970-01-02 18:17:36]
2026-03-18 09:41:26.763  INFO 1 --- [io-12031-exec-4] order.service.OrderServiceImpl           : [create][Create Order][Ready to Create Order]
2026-03-18 09:41:26.777  INFO 1 --- [io-12031-exec-4] order.service.OrderServiceImpl           : [create][Order Create Success][Order Price][OrderId:580c341a-1efb-4316-9223-5ab9a1fb615c , Price: 0.0]
2026-03-18 09:41:27.063  INFO 1 --- [io-12031-exec-6] order.controller.OrderController         : [createNewOrder][Create Order][from shanghai to taiyuan at 1970-01-02 18:17:36]
2026-03-18 09:41:27.063  INFO 1 --- [io-12031-exec-6] order.service.OrderServiceImpl           : [create][Create Order][Ready to Create Order]
2026-03-18 09:41:27.078  INFO 1 --- [io-12031-exec-6] order.service.OrderServiceImpl           : [create][Order Create Success][Order Price][OrderId:53ff8337-2f46-44e1-9e2b-0545763ce5b4 , Price: 0.0]
2026-03-18 09:41:27.479  INFO 1 --- [io-12031-exec-7] order.controller.OrderController         : [createNewOrder][Create Order][from shanghai to taiyuan at 1970-01-02 18:17:36]
2026-03-18 09:41:27.479  INFO 1 --- [io-12031-exec-7] order.service.OrderServiceImpl           : [create][Create Order][Ready to Create Order]
2026-03-18 09:41:27.493  INFO 1 --- [io-12031-exec-7] order.service.OrderServiceImpl           : [create][Order Create Success][Order Price][OrderId:e874b5af-1f08-4829-a99b-6142d9aa7d7b , Price: 0.0]
2026-03-18 09:41:27.960  INFO 1 --- [io-12031-exec-8] order.controller.OrderController         : [createNewOrder][Create Order][from shanghai to taiyuan at 1970-01-02 18:17:36]
2026-03-18 09:41:27.960  INFO 1 --- [io-12031-exec-8] order.service.OrderServiceImpl           : [create][Create Order][Ready to Create Order]
2026-03-18 09:41:27.974  INFO 1 --- [io-12031-exec-8] order.service.OrderServiceImpl           : [create][Order Create Success][Order Price][OrderId:71108127-2d50-4455-ae83-3bc20006cf25 , Price: 0.0]
2026-03-18 09:41:28.357  INFO 1 --- [o-12031-exec-10] order.controller.OrderController         : [createNewOrder][Create Order][from shanghai to taiyuan at 1970-01-02 18:17:36]
2026-03-18 09:41:28.357  INFO 1 --- [o-12031-exec-10] order.service.OrderServiceImpl           : [create][Create Order][Ready to Create Order]
2026-03-18 09:41:28.379  INFO 1 --- [o-12031-exec-10] order.service.OrderServiceImpl           : [create][Order Create Success][Order Price][OrderId:f2a4a58d-d35a-4ca4-a072-93a3ec5254c6 , Price: 0.0]
2026-03-18 09:41:28.659  INFO 1 --- [io-12031-exec-9] order.controller.OrderController         : [createNewOrder][Create Order][from shanghai to taiyuan at 1970-01-02 18:17:36]
2026-03-18 09:41:28.659  INFO 1 --- [io-12031-exec-9] order.service.OrderServiceImpl           : [create][Create Order][Ready to Create Order]
2026-03-18 09:41:28.681  INFO 1 --- [io-12031-exec-9] order.service.OrderServiceImpl           : [create][Order Create Success][Order Price][OrderId:56fd6638-241b-4901-af57-d62869186ef0 , Price: 0.0]
2026-03-18 09:41:28.960  INFO 1 --- [io-12031-exec-1] order.controller.OrderController         : [createNewOrder][Create Order][from shanghai to taiyuan at 1970-01-02 18:17:36]
2026-03-18 09:41:28.960  INFO 1 --- [io-12031-exec-1] order.service.OrderServiceImpl           : [create][Create Order][Ready to Create Order]
2026-03-18 09:41:28.973  INFO 1 --- [io-12031-exec-1] order.service.OrderServiceImpl           : [create][Order Create Success][Order Price][OrderId:4cccb35b-3433-4757-99f4-3ca81a7ac3c4 , Price: 0.0]
2026-03-18 09:41:29.259  INFO 1 --- [io-12031-exec-3] order.controller.OrderController         : [createNewOrder][Create Order][from shanghai to taiyuan at 1970-01-02 18:17:36]
2026-03-18 09:41:29.259  INFO 1 --- [io-12031-exec-3] order.service.OrderServiceImpl           : [create][Create Order][Ready to Create Order]
2026-03-18 09:41:29.281  INFO 1 --- [io-12031-exec-3] order.service.OrderServiceImpl           : [create][Order Create Success][Order Price][OrderId:c88712db-f54d-4fd1-a15c-670d9272f674 , Price: 0.0]
2026-03-18 09:41:29.562  INFO 1 --- [io-12031-exec-2] order.controller.OrderController         : [createNewOrder][Create Order][from shanghai to taiyuan at 1970-01-02 18:17:36]
2026-03-18 09:41:29.563  INFO 1 --- [io-12031-exec-2] order.service.OrderServiceImpl           : [create][Create Order][Ready to Create Order]
2026-03-18 09:41:29.576  INFO 1 --- [io-12031-exec-2] order.service.OrderServiceImpl           : [create][Order Create Success][Order Price][OrderId:38868f91-ae13-45d4-8595-2db8d9f4438c , Price: 0.0]
2026-03-18 09:41:29.862  INFO 1 --- [io-12031-exec-5] order.controller.OrderController         : [createNewOrder][Create Order][from shanghai to taiyuan at 1970-01-02 18:17:36]
2026-03-18 09:41:29.862  INFO 1 --- [io-12031-exec-5] order.service.OrderServiceImpl           : [create][Create Order][Ready to Create Order]
2026-03-18 09:41:29.876  INFO 1 --- [io-12031-exec-5] order.service.OrderServiceImpl           : [create][Order Create Success][Order Price][OrderId:2cd54e2a-89ff-4e6b-9961-b2b49bca3c19 , Price: 0.0]
2026-03-18 09:41:30.177  INFO 1 --- [io-12031-exec-4] order.controller.OrderController         : [createNewOrder][Create Order][from shanghai to taiyuan at 1970-01-02 18:17:36]
2026-03-18 09:41:30.177  INFO 1 --- [io-12031-exec-4] order.service.OrderServiceImpl           : [create][Create Order][Ready to Create Order]
2026-03-18 09:41:30.190  INFO 1 --- [io-12031-exec-4] order.service.OrderServiceImpl           : [create][Order Create Success][Order Price][OrderId:323a529a-3478-41a9-96a8-c9dc41c49efb , Price: 0.0]
2026-03-18 09:41:30.460  INFO 1 --- [io-12031-exec-6] order.controller.OrderController         : [createNewOrder][Create Order][from shanghai to taiyuan at 1970-01-02 18:17:36]
2026-03-18 09:41:30.460  INFO 1 --- [io-12031-exec-6] order.service.OrderServiceImpl           : [create][Create Order][Ready to Create Order]
2026-03-18 09:41:30.476  INFO 1 --- [io-12031-exec-6] order.service.OrderServiceImpl           : [create][Order Create Success][Order Price][OrderId:3f602d5c-5024-41f8-865c-b45ee5a290bc , Price: 0.0]
2026-03-18 09:41:30.764  INFO 1 --- [io-12031-exec-7] order.controller.OrderController         : [createNewOrder][Create Order][from shanghai to taiyuan at 1970-01-02 18:17:36]
2026-03-18 09:41:30.764  INFO 1 --- [io-12031-exec-7] order.service.OrderServiceImpl           : [create][Create Order][Ready to Create Order]
2026-03-18 09:41:30.777  INFO 1 --- [io-12031-exec-7] order.service.OrderServiceImpl           : [create][Order Create Success][Order Price][OrderId:5e1dede5-fb65-4edd-abe6-a36dcb4770c3 , Price: 0.0]
2026-03-18 09:41:31.054  INFO 1 --- [io-12031-exec-8] order.controller.OrderController         : [createNewOrder][Create Order][from shanghai to taiyuan at 1970-01-02 18:17:36]
2026-03-18 09:41:31.054  INFO 1 --- [io-12031-exec-8] order.service.OrderServiceImpl           : [create][Create Order][Ready to Create Order]
2026-03-18 09:41:31.067  INFO 1 --- [io-12031-exec-8] order.service.OrderServiceImpl           : [create][Order Create Success][Order Price][OrderId:e08ea48a-5557-45e0-bb68-f6bf669d6f71 , Price: 0.0]
2026-03-18 09:41:31.345  INFO 1 --- [io-12031-exec-9] order.controller.OrderController         : [createNewOrder][Create Order][from shanghai to taiyuan at 1970-01-02 18:17:36]
2026-03-18 09:41:31.345  INFO 1 --- [io-12031-exec-9] order.service.OrderServiceImpl           : [create][Create Order][Ready to Create Order]
2026-03-18 09:41:31.359  INFO 1 --- [io-12031-exec-9] order.service.OrderServiceImpl           : [create][Order Create Success][Order Price][OrderId:a49fdc5d-3291-40f9-9611-6665592eccfd , Price: 0.0]
2026-03-18 09:41:31.630  INFO 1 --- [io-12031-exec-1] order.controller.OrderController         : [createNewOrder][Create Order][from shanghai to taiyuan at 1970-01-02 18:17:36]
2026-03-18 09:41:31.630  INFO 1 --- [io-12031-exec-1] order.service.OrderServiceImpl           : [create][Create Order][Ready to Create Order]
2026-03-18 09:41:31.644  INFO 1 --- [io-12031-exec-1] order.service.OrderServiceImpl           : [create][Order Create Success][Order Price][OrderId:afe3a5f9-2d3c-486f-a60b-d0cf31739f20 , Price: 0.0]
2026-03-18 09:41:31.875  INFO 1 --- [io-12031-exec-3] order.controller.OrderController         : [createNewOrder][Create Order][from shanghai to taiyuan at 1970-01-02 18:17:36]
2026-03-18 09:41:31.875  INFO 1 --- [io-12031-exec-3] order.service.OrderServiceImpl           : [create][Create Order][Ready to Create Order]
2026-03-18 09:41:31.889  INFO 1 --- [io-12031-exec-3] order.service.OrderServiceImpl           : [create][Order Create Success][Order Price][OrderId:b06ce4bb-0704-4ee2-8c34-49282c9ad69e , Price: 0.0]
2026-03-18 09:41:32.165  INFO 1 --- [io-12031-exec-2] order.controller.OrderController         : [createNewOrder][Create Order][from shanghai to taiyuan at 1970-01-02 18:17:36]
2026-03-18 09:41:32.165  INFO 1 --- [io-12031-exec-2] order.service.OrderServiceImpl           : [create][Create Order][Ready to Create Order]
2026-03-18 09:41:32.178  INFO 1 --- [io-12031-exec-2] order.service.OrderServiceImpl           : [create][Order Create Success][Order Price][OrderId:660f4483-b514-47de-83ea-3bd566001229 , Price: 0.0]
2026-03-18 09:41:32.463  INFO 1 --- [io-12031-exec-5] order.controller.OrderController         : [createNewOrder][Create Order][from shanghai to taiyuan at 1970-01-02 18:17:36]
2026-03-18 09:41:32.463  INFO 1 --- [io-12031-exec-5] order.service.OrderServiceImpl           : [create][Create Order][Ready to Create Order]
2026-03-18 09:41:32.487  INFO 1 --- [io-12031-exec-5] order.service.OrderServiceImpl           : [create][Order Create Success][Order Price][OrderId:df81d7ac-eee0-42f5-a33f-b7bd50f98cdc , Price: 0.0]
2026-03-18 09:41:32.756  INFO 1 --- [io-12031-exec-4] order.controller.OrderController         : [createNewOrder][Create Order][from shanghai to taiyuan at 1970-01-02 18:17:36]
2026-03-18 09:41:32.756  INFO 1 --- [io-12031-exec-4] order.service.OrderServiceImpl           : [create][Create Order][Ready to Create Order]
2026-03-18 09:41:32.770  INFO 1 --- [io-12031-exec-4] order.service.OrderServiceImpl           : [create][Order Create Success][Order Price][OrderId:2e03f453-fab3-42a0-9bf4-5db7380d3265 , Price: 0.0]
2026-03-18 09:41:33.051  INFO 1 --- [io-12031-exec-6] order.controller.OrderController         : [createNewOrder][Create Order][from shanghai to taiyuan at 1970-01-02 18:17:36]
2026-03-18 09:41:33.051  INFO 1 --- [io-12031-exec-6] order.service.OrderServiceImpl           : [create][Create Order][Ready to Create Order]
2026-03-18 09:41:33.065  INFO 1 --- [io-12031-exec-6] order.service.OrderServiceImpl           : [create][Order Create Success][Order Price][OrderId:56a8914e-63d1-4980-935f-29ba4af8a4ee , Price: 0.0]
2026-03-18 09:41:33.442  INFO 1 --- [io-12031-exec-7] order.controller.OrderController         : [createNewOrder][Create Order][from shanghai to taiyuan at 1970-01-02 18:17:36]
2026-03-18 09:41:33.442  INFO 1 --- [io-12031-exec-7] order.service.OrderServiceImpl           : [create][Create Order][Ready to Create Order]
2026-03-18 09:41:33.456  INFO 1 --- [io-12031-exec-7] order.service.OrderServiceImpl           : [create][Order Create Success][Order Price][OrderId:103fbcb6-06ae-4f81-a7d9-32e18f911171 , Price: 0.0]
2026-03-18 09:41:33.732  INFO 1 --- [io-12031-exec-8] order.controller.OrderController         : [createNewOrder][Create Order][from shanghai to taiyuan at 1970-01-02 18:17:36]
2026-03-18 09:41:33.733  INFO 1 --- [io-12031-exec-8] order.service.OrderServiceImpl           : [create][Create Order][Ready to Create Order]
2026-03-18 09:41:33.746  INFO 1 --- [io-12031-exec-8] order.service.OrderServiceImpl           : [create][Order Create Success][Order Price][OrderId:48714e5b-5987-498e-b802-0401bf45a806 , Price: 0.0]
2026-03-18 09:41:33.978  INFO 1 --- [o-12031-exec-10] order.controller.OrderController         : [createNewOrder][Create Order][from shanghai to taiyuan at 1970-01-02 18:17:36]
2026-03-18 09:41:33.979  INFO 1 --- [o-12031-exec-10] order.service.OrderServiceImpl           : [create][Create Order][Ready to Create Order]
2026-03-18 09:41:33.995  INFO 1 --- [o-12031-exec-10] order.service.OrderServiceImpl           : [create][Order Create Success][Order Price][OrderId:612c5e2c-2f3c-4d89-8ae5-efaaee1b9df0 , Price: 0.0]
2026-03-18 09:41:34.259  INFO 1 --- [io-12031-exec-9] order.controller.OrderController         : [createNewOrder][Create Order][from shanghai to taiyuan at 1970-01-02 18:17:36]
2026-03-18 09:41:34.259  INFO 1 --- [io-12031-exec-9] order.service.OrderServiceImpl           : [create][Create Order][Ready to Create Order]
2026-03-18 09:41:34.272  INFO 1 --- [io-12031-exec-9] order.service.OrderServiceImpl           : [create][Order Create Success][Order Price][OrderId:dcbafd41-2b76-49ff-b7b4-89c48d89337f , Price: 0.0]
2026-03-18 09:41:34.546  INFO 1 --- [io-12031-exec-1] order.controller.OrderController         : [createNewOrder][Create Order][from shanghai to taiyuan at 1970-01-02 18:17:36]
2026-03-18 09:41:34.546  INFO 1 --- [io-12031-exec-1] order.service.OrderServiceImpl           : [create][Create Order][Ready to Create Order]
2026-03-18 09:41:34.560  INFO 1 --- [io-12031-exec-1] order.service.OrderServiceImpl           : [create][Order Create Success][Order Price][OrderId:9b127f5b-aad1-4894-83e4-abebc48a2fdb , Price: 0.0]
2026-03-18 09:41:34.835  INFO 1 --- [io-12031-exec-3] order.controller.OrderController         : [createNewOrder][Create Order][from shanghai to taiyuan at 1970-01-02 18:17:36]
2026-03-18 09:41:34.835  INFO 1 --- [io-12031-exec-3] order.service.OrderServiceImpl           : [create][Create Order][Ready to Create Order]
2026-03-18 09:41:34.849  INFO 1 --- [io-12031-exec-3] order.service.OrderServiceImpl           : [create][Order Create Success][Order Price][OrderId:781796e0-9beb-4ebd-bffd-79bb0b13d9bf , Price: 0.0]
2026-03-18 09:41:35.076  INFO 1 --- [io-12031-exec-2] order.controller.OrderController         : [createNewOrder][Create Order][from shanghai to taiyuan at 1970-01-02 18:17:36]
2026-03-18 09:41:35.076  INFO 1 --- [io-12031-exec-2] order.service.OrderServiceImpl           : [create][Create Order][Ready to Create Order]
2026-03-18 09:41:35.089  INFO 1 --- [io-12031-exec-2] order.service.OrderServiceImpl           : [create][Order Create Success][Order Price][OrderId:761c0b41-4600-4ab9-abd3-9bd449e032d2 , Price: 0.0]
2026-03-18 09:41:35.357  INFO 1 --- [io-12031-exec-5] order.controller.OrderController         : [createNewOrder][Create Order][from shanghai to taiyuan at 1970-01-02 18:17:36]
2026-03-18 09:41:35.357  INFO 1 --- [io-12031-exec-5] order.service.OrderServiceImpl           : [create][Create Order][Ready to Create Order]
2026-03-18 09:41:35.371  INFO 1 --- [io-12031-exec-5] order.service.OrderServiceImpl           : [create][Order Create Success][Order Price][OrderId:3ac83c8a-e91b-4579-8232-be58ae461c0d , Price: 0.0]
2026-03-18 09:41:35.643  INFO 1 --- [io-12031-exec-4] order.controller.OrderController         : [createNewOrder][Create Order][from shanghai to taiyuan at 1970-01-02 18:17:36]
2026-03-18 09:41:35.643  INFO 1 --- [io-12031-exec-4] order.service.OrderServiceImpl           : [create][Create Order][Ready to Create Order]
2026-03-18 09:41:35.685  INFO 1 --- [io-12031-exec-4] order.service.OrderServiceImpl           : [create][Order Create Success][Order Price][OrderId:0e2fc8e6-1564-4f66-a7a6-93564960fa18 , Price: 0.0]
2026-03-18 09:41:35.963  INFO 1 --- [io-12031-exec-6] order.controller.OrderController         : [createNewOrder][Create Order][from shanghai to taiyuan at 1970-01-02 18:17:36]
2026-03-18 09:41:35.963  INFO 1 --- [io-12031-exec-6] order.service.OrderServiceImpl           : [create][Create Order][Ready to Create Order]
2026-03-18 09:41:35.981  INFO 1 --- [io-12031-exec-6] order.service.OrderServiceImpl           : [create][Order Create Success][Order Price][OrderId:033208c3-3715-45e0-a54b-6df11e1482d9 , Price: 0.0]
2026-03-18 09:41:36.262  INFO 1 --- [io-12031-exec-7] order.controller.OrderController         : [createNewOrder][Create Order][from shanghai to taiyuan at 1970-01-02 18:17:36]
2026-03-18 09:41:36.262  INFO 1 --- [io-12031-exec-7] order.service.OrderServiceImpl           : [create][Create Order][Ready to Create Order]
2026-03-18 09:41:36.281  INFO 1 --- [io-12031-exec-7] order.service.OrderServiceImpl           : [create][Order Create Success][Order Price][OrderId:df286093-0ff9-409b-aa26-3f28c4a5aff6 , Price: 0.0]
2026-03-18 09:41:36.561  INFO 1 --- [io-12031-exec-8] order.controller.OrderController         : [createNewOrder][Create Order][from shanghai to taiyuan at 1970-01-02 18:17:36]
2026-03-18 09:41:36.561  INFO 1 --- [io-12031-exec-8] order.service.OrderServiceImpl           : [create][Create Order][Ready to Create Order]
2026-03-18 09:41:36.574  INFO 1 --- [io-12031-exec-8] order.service.OrderServiceImpl           : [create][Order Create Success][Order Price][OrderId:15881ecf-a1d0-4c68-8e58-8c5fc7c91742 , Price: 0.0]
2026-03-18 09:41:36.850  INFO 1 --- [o-12031-exec-10] order.controller.OrderController         : [createNewOrder][Create Order][from shanghai to taiyuan at 1970-01-02 18:17:36]
2026-03-18 09:41:36.850  INFO 1 --- [o-12031-exec-10] order.service.OrderServiceImpl           : [create][Create Order][Ready to Create Order]
2026-03-18 09:41:36.864  INFO 1 --- [o-12031-exec-10] order.service.OrderServiceImpl           : [create][Order Create Success][Order Price][OrderId:f9672b40-fe55-4a3a-8d3b-898caae3e80b , Price: 0.0]
2026-03-18 09:41:37.139  INFO 1 --- [io-12031-exec-9] order.controller.OrderController         : [createNewOrder][Create Order][from shanghai to taiyuan at 1970-01-02 18:17:36]
2026-03-18 09:41:37.139  INFO 1 --- [io-12031-exec-9] order.service.OrderServiceImpl           : [create][Create Order][Ready to Create Order]
2026-03-18 09:41:37.153  INFO 1 --- [io-12031-exec-9] order.service.OrderServiceImpl           : [create][Order Create Success][Order Price][OrderId:61a0c9a2-27f4-4b9d-84b0-3cc6370705c4 , Price: 0.0]
2026-03-18 09:41:37.470  INFO 1 --- [io-12031-exec-1] order.controller.OrderController         : [createNewOrder][Create Order][from shanghai to taiyuan at 1970-01-02 18:17:36]
2026-03-18 09:41:37.470  INFO 1 --- [io-12031-exec-1] order.service.OrderServiceImpl           : [create][Create Order][Ready to Create Order]
2026-03-18 09:41:37.483  INFO 1 --- [io-12031-exec-1] order.service.OrderServiceImpl           : [create][Order Create Success][Order Price][OrderId:6ecfc3b6-ab64-49e7-912d-bebfc302e7e8 , Price: 0.0]
2026-03-18 09:41:37.759  INFO 1 --- [io-12031-exec-3] order.controller.OrderController         : [createNewOrder][Create Order][from shanghai to taiyuan at 1970-01-02 18:17:36]
2026-03-18 09:41:37.759  INFO 1 --- [io-12031-exec-3] order.service.OrderServiceImpl           : [create][Create Order][Ready to Create Order]
2026-03-18 09:41:37.773  INFO 1 --- [io-12031-exec-3] order.service.OrderServiceImpl           : [create][Order Create Success][Order Price][OrderId:dca50143-a703-4cc2-9438-64bc5c5eddae , Price: 0.0]
2026-03-18 09:41:38.054  INFO 1 --- [io-12031-exec-2] order.controller.OrderController         : [createNewOrder][Create Order][from shanghai to taiyuan at 1970-01-02 18:17:36]
2026-03-18 09:41:38.054  INFO 1 --- [io-12031-exec-2] order.service.OrderServiceImpl           : [create][Create Order][Ready to Create Order]
2026-03-18 09:41:38.068  INFO 1 --- [io-12031-exec-2] order.service.OrderServiceImpl           : [create][Order Create Success][Order Price][OrderId:6332e42a-5c7b-4fa5-b944-72f38a498b77 , Price: 0.0]
2026-03-18 09:41:38.355  INFO 1 --- [io-12031-exec-5] order.controller.OrderController         : [createNewOrder][Create Order][from shanghai to taiyuan at 1970-01-02 18:17:36]
2026-03-18 09:41:38.355  INFO 1 --- [io-12031-exec-5] order.service.OrderServiceImpl           : [create][Create Order][Ready to Create Order]
2026-03-18 09:41:38.369  INFO 1 --- [io-12031-exec-5] order.service.OrderServiceImpl           : [create][Order Create Success][Order Price][OrderId:727cf35e-e129-454a-9d8f-0068b4790e3c , Price: 0.0]
2026-03-18 09:41:38.656  INFO 1 --- [io-12031-exec-4] order.controller.OrderController         : [createNewOrder][Create Order][from shanghai to taiyuan at 1970-01-02 18:17:36]
2026-03-18 09:41:38.656  INFO 1 --- [io-12031-exec-4] order.service.OrderServiceImpl           : [create][Create Order][Ready to Create Order]
2026-03-18 09:41:38.670  INFO 1 --- [io-12031-exec-4] order.service.OrderServiceImpl           : [create][Order Create Success][Order Price][OrderId:05019482-fa41-4a30-a871-2ac178022121 , Price: 0.0]
2026-03-18 09:41:38.953  INFO 1 --- [io-12031-exec-6] order.controller.OrderController         : [createNewOrder][Create Order][from shanghai to taiyuan at 1970-01-02 18:17:36]
2026-03-18 09:41:38.953  INFO 1 --- [io-12031-exec-6] order.service.OrderServiceImpl           : [create][Create Order][Ready to Create Order]
2026-03-18 09:41:38.984  INFO 1 --- [io-12031-exec-6] order.service.OrderServiceImpl           : [create][Order Create Success][Order Price][OrderId:25590461-43cc-4d62-ab32-5a416ce9282c , Price: 0.0]
2026-03-18 09:41:39.261  INFO 1 --- [io-12031-exec-7] order.controller.OrderController         : [createNewOrder][Create Order][from shanghai to taiyuan at 1970-01-02 18:17:36]
2026-03-18 09:41:39.261  INFO 1 --- [io-12031-exec-7] order.service.OrderServiceImpl           : [create][Create Order][Ready to Create Order]
2026-03-18 09:41:39.275  INFO 1 --- [io-12031-exec-7] order.service.OrderServiceImpl           : [create][Order Create Success][Order Price][OrderId:5a4df5dd-0468-4421-8cbf-2fa77eb0e6e4 , Price: 0.0]
2026-03-18 09:41:39.556  INFO 1 --- [io-12031-exec-8] order.controller.OrderController         : [createNewOrder][Create Order][from shanghai to taiyuan at 1970-01-02 18:17:36]
2026-03-18 09:41:39.556  INFO 1 --- [io-12031-exec-8] order.service.OrderServiceImpl           : [create][Create Order][Ready to Create Order]
2026-03-18 09:41:39.569  INFO 1 --- [io-12031-exec-8] order.service.OrderServiceImpl           : [create][Order Create Success][Order Price][OrderId:73f25071-6793-498c-99ea-5febed5101d5 , Price: 0.0]
2026-03-18 09:41:39.852  INFO 1 --- [o-12031-exec-10] order.controller.OrderController         : [createNewOrder][Create Order][from shanghai to taiyuan at 1970-01-02 18:17:36]
2026-03-18 09:41:39.853  INFO 1 --- [o-12031-exec-10] order.service.OrderServiceImpl           : [create][Create Order][Ready to Create Order]
2026-03-18 09:41:39.865  INFO 1 --- [o-12031-exec-10] order.service.OrderServiceImpl           : [create][Order Create Success][Order Price][OrderId:b5dcc24e-5eb9-460e-963f-1dd9f1b10a62 , Price: 0.0]
2026-03-18 09:41:40.144  INFO 1 --- [io-12031-exec-9] order.controller.OrderController         : [createNewOrder][Create Order][from shanghai to taiyuan at 1970-01-02 18:17:36]
2026-03-18 09:41:40.144  INFO 1 --- [io-12031-exec-9] order.service.OrderServiceImpl           : [create][Create Order][Ready to Create Order]
2026-03-18 09:41:40.157  INFO 1 --- [io-12031-exec-9] order.service.OrderServiceImpl           : [create][Order Create Success][Order Price][OrderId:8ebf3b41-1ef2-4550-ae1e-d31c25b92a61 , Price: 0.0]
2026-03-18 09:41:40.436  INFO 1 --- [io-12031-exec-1] order.controller.OrderController         : [createNewOrder][Create Order][from shanghai to taiyuan at 1970-01-02 18:17:36]
2026-03-18 09:41:40.436  INFO 1 --- [io-12031-exec-1] order.service.OrderServiceImpl           : [create][Create Order][Ready to Create Order]
2026-03-18 09:41:40.449  INFO 1 --- [io-12031-exec-1] order.service.OrderServiceImpl           : [create][Order Create Success][Order Price][OrderId:10db4a47-2b96-42af-8735-f23c4219da76 , Price: 0.0]
2026-03-18 09:41:40.682  INFO 1 --- [io-12031-exec-3] order.controller.OrderController         : [createNewOrder][Create Order][from shanghai to taiyuan at 1970-01-02 18:17:36]
2026-03-18 09:41:40.682  INFO 1 --- [io-12031-exec-3] order.service.OrderServiceImpl           : [create][Create Order][Ready to Create Order]
2026-03-18 09:41:40.696  INFO 1 --- [io-12031-exec-3] order.service.OrderServiceImpl           : [create][Order Create Success][Order Price][OrderId:8c09184c-8038-4f92-811f-11bc2b939f3c , Price: 0.0]
2026-03-18 09:41:40.960  INFO 1 --- [io-12031-exec-2] order.controller.OrderController         : [createNewOrder][Create Order][from shanghai to taiyuan at 1970-01-02 18:17:36]
2026-03-18 09:41:40.960  INFO 1 --- [io-12031-exec-2] order.service.OrderServiceImpl           : [create][Create Order][Ready to Create Order]
2026-03-18 09:41:40.974  INFO 1 --- [io-12031-exec-2] order.service.OrderServiceImpl           : [create][Order Create Success][Order Price][OrderId:bb8a8caa-d16e-4f54-b01c-dfdb1095fc20 , Price: 0.0]
2026-03-18 09:41:41.260  INFO 1 --- [io-12031-exec-4] order.controller.OrderController         : [createNewOrder][Create Order][from shanghai to taiyuan at 1970-01-02 18:17:36]
2026-03-18 09:41:41.260  INFO 1 --- [io-12031-exec-4] order.service.OrderServiceImpl           : [create][Create Order][Ready to Create Order]
2026-03-18 09:41:41.275  INFO 1 --- [io-12031-exec-4] order.service.OrderServiceImpl           : [create][Order Create Success][Order Price][OrderId:bf91075c-2f93-4f31-b1b7-49d3ee918976 , Price: 0.0]
2026-03-18 09:41:41.550  INFO 1 --- [io-12031-exec-6] order.controller.OrderController         : [createNewOrder][Create Order][from shanghai to taiyuan at 1970-01-02 18:17:36]
2026-03-18 09:41:41.550  INFO 1 --- [io-12031-exec-6] order.service.OrderServiceImpl           : [create][Create Order][Ready to Create Order]
2026-03-18 09:41:41.564  INFO 1 --- [io-12031-exec-6] order.service.OrderServiceImpl           : [create][Order Create Success][Order Price][OrderId:bad6ecbd-1f1f-4d27-8701-58ca433babc3 , Price: 0.0]
2026-03-18 09:41:41.846  INFO 1 --- [io-12031-exec-7] order.controller.OrderController         : [createNewOrder][Create Order][from shanghai to taiyuan at 1970-01-02 18:17:36]
2026-03-18 09:41:41.846  INFO 1 --- [io-12031-exec-7] order.service.OrderServiceImpl           : [create][Create Order][Ready to Create Order]
2026-03-18 09:41:41.860  INFO 1 --- [io-12031-exec-7] order.service.OrderServiceImpl           : [create][Order Create Success][Order Price][OrderId:60a64579-666f-41cf-bd8e-5c96e38b4eeb , Price: 0.0]
2026-03-18 09:41:42.151  INFO 1 --- [io-12031-exec-8] order.controller.OrderController         : [createNewOrder][Create Order][from shanghai to taiyuan at 1970-01-02 18:17:36]
2026-03-18 09:41:42.151  INFO 1 --- [io-12031-exec-8] order.service.OrderServiceImpl           : [create][Create Order][Ready to Create Order]
2026-03-18 09:41:42.388  INFO 1 --- [io-12031-exec-8] order.service.OrderServiceImpl           : [create][Order Create Success][Order Price][OrderId:ca15a834-4073-4f1a-b5e2-ce00e1cef961 , Price: 0.0]
2026-03-18 09:41:42.663  INFO 1 --- [o-12031-exec-10] order.controller.OrderController         : [createNewOrder][Create Order][from shanghai to taiyuan at 1970-01-02 18:17:36]
2026-03-18 09:41:42.663  INFO 1 --- [o-12031-exec-10] order.service.OrderServiceImpl           : [create][Create Order][Ready to Create Order]
2026-03-18 09:41:42.679  INFO 1 --- [o-12031-exec-10] order.service.OrderServiceImpl           : [create][Order Create Success][Order Price][OrderId:eb408b39-fece-4346-ad89-74f6a786fb93 , Price: 0.0]
2026-03-18 09:41:42.958  INFO 1 --- [io-12031-exec-9] order.controller.OrderController         : [createNewOrder][Create Order][from shanghai to taiyuan at 1970-01-02 18:17:36]
2026-03-18 09:41:42.958  INFO 1 --- [io-12031-exec-9] order.service.OrderServiceImpl           : [create][Create Order][Ready to Create Order]
2026-03-18 09:41:42.972  INFO 1 --- [io-12031-exec-9] order.service.OrderServiceImpl           : [create][Order Create Success][Order Price][OrderId:0b39f4f6-b904-4198-b9d7-c13f6bab1a87 , Price: 0.0]
2026-03-18 09:41:43.253  INFO 1 --- [io-12031-exec-1] order.controller.OrderController         : [createNewOrder][Create Order][from shanghai to taiyuan at 1970-01-02 18:17:36]
2026-03-18 09:41:43.254  INFO 1 --- [io-12031-exec-1] order.service.OrderServiceImpl           : [create][Create Order][Ready to Create Order]
2026-03-18 09:41:43.268  INFO 1 --- [io-12031-exec-1] order.service.OrderServiceImpl           : [create][Order Create Success][Order Price][OrderId:ee51eab7-3ed4-46ea-8d3d-1a2b1263589a , Price: 0.0]
2026-03-18 09:41:43.560  INFO 1 --- [io-12031-exec-3] order.controller.OrderController         : [createNewOrder][Create Order][from shanghai to taiyuan at 1970-01-02 18:17:36]
2026-03-18 09:41:43.560  INFO 1 --- [io-12031-exec-3] order.service.OrderServiceImpl           : [create][Create Order][Ready to Create Order]
2026-03-18 09:41:43.574  INFO 1 --- [io-12031-exec-3] order.service.OrderServiceImpl           : [create][Order Create Success][Order Price][OrderId:9ca0eb07-481a-4ed3-8bac-a45e9cfe68db , Price: 0.0]
2026-03-18 09:41:43.849  INFO 1 --- [io-12031-exec-2] order.controller.OrderController         : [createNewOrder][Create Order][from shanghai to taiyuan at 1970-01-02 18:17:36]
2026-03-18 09:41:43.849  INFO 1 --- [io-12031-exec-2] order.service.OrderServiceImpl           : [create][Create Order][Ready to Create Order]
2026-03-18 09:41:43.863  INFO 1 --- [io-12031-exec-2] order.service.OrderServiceImpl           : [create][Order Create Success][Order Price][OrderId:b4c9a75c-903a-4e99-8925-03464568658f , Price: 0.0]
2026-03-18 09:41:44.140  INFO 1 --- [io-12031-exec-5] order.controller.OrderController         : [createNewOrder][Create Order][from shanghai to taiyuan at 1970-01-02 18:17:36]
2026-03-18 09:41:44.140  INFO 1 --- [io-12031-exec-5] order.service.OrderServiceImpl           : [create][Create Order][Ready to Create Order]
2026-03-18 09:41:44.154  INFO 1 --- [io-12031-exec-5] order.service.OrderServiceImpl           : [create][Order Create Success][Order Price][OrderId:8b8e88dd-5e88-4937-9a2a-cc765530ed43 , Price: 0.0]
2026-03-18 09:41:44.384  INFO 1 --- [io-12031-exec-4] order.controller.OrderController         : [createNewOrder][Create Order][from shanghai to taiyuan at 1970-01-02 18:17:36]
2026-03-18 09:41:44.385  INFO 1 --- [io-12031-exec-4] order.service.OrderServiceImpl           : [create][Create Order][Ready to Create Order]
2026-03-18 09:41:44.397  INFO 1 --- [io-12031-exec-4] order.service.OrderServiceImpl           : [create][Order Create Success][Order Price][OrderId:fc666c9b-db1f-453b-ad9f-f4b5b7e605c0 , Price: 0.0]
2026-03-18 09:41:44.658  INFO 1 --- [io-12031-exec-6] order.controller.OrderController         : [createNewOrder][Create Order][from shanghai to taiyuan at 1970-01-02 18:17:36]
2026-03-18 09:41:44.658  INFO 1 --- [io-12031-exec-6] order.service.OrderServiceImpl           : [create][Create Order][Ready to Create Order]
2026-03-18 09:41:44.671  INFO 1 --- [io-12031-exec-6] order.service.OrderServiceImpl           : [create][Order Create Success][Order Price][OrderId:0a6e7553-2de2-4c6e-b0cb-f61e428f7d6a , Price: 0.0]
2026-03-18 09:41:44.955  INFO 1 --- [io-12031-exec-7] order.controller.OrderController         : [createNewOrder][Create Order][from shanghai to taiyuan at 1970-01-02 18:17:36]
2026-03-18 09:41:44.956  INFO 1 --- [io-12031-exec-7] order.service.OrderServiceImpl           : [create][Create Order][Ready to Create Order]
2026-03-18 09:41:44.970  INFO 1 --- [io-12031-exec-7] order.service.OrderServiceImpl           : [create][Order Create Success][Order Price][OrderId:6d87449b-33ad-403b-a80b-50bedb433b11 , Price: 0.0]
2026-03-18 09:41:45.257  INFO 1 --- [io-12031-exec-8] order.controller.OrderController         : [createNewOrder][Create Order][from shanghai to taiyuan at 1970-01-02 18:17:36]
2026-03-18 09:41:45.257  INFO 1 --- [io-12031-exec-8] order.service.OrderServiceImpl           : [create][Create Order][Ready to Create Order]
2026-03-18 09:41:45.279  INFO 1 --- [io-12031-exec-8] order.service.OrderServiceImpl           : [create][Order Create Success][Order Price][OrderId:c3e29f24-0d61-4f7f-ab04-af6f0801b675 , Price: 0.0]
2026-03-18 09:41:45.552  INFO 1 --- [o-12031-exec-10] order.controller.OrderController         : [createNewOrder][Create Order][from shanghai to taiyuan at 1970-01-02 18:17:36]
2026-03-18 09:41:45.552  INFO 1 --- [o-12031-exec-10] order.service.OrderServiceImpl           : [create][Create Order][Ready to Create Order]
2026-03-18 09:41:45.567  INFO 1 --- [o-12031-exec-10] order.service.OrderServiceImpl           : [create][Order Create Success][Order Price][OrderId:eeec1b8b-a057-4b36-8356-187f5d24ff5c , Price: 0.0]
2026-03-18 09:41:45.842  INFO 1 --- [io-12031-exec-9] order.controller.OrderController         : [createNewOrder][Create Order][from shanghai to taiyuan at 1970-01-02 18:17:36]
2026-03-18 09:41:45.843  INFO 1 --- [io-12031-exec-9] order.service.OrderServiceImpl           : [create][Create Order][Ready to Create Order]
2026-03-18 09:41:45.855  INFO 1 --- [io-12031-exec-9] order.service.OrderServiceImpl           : [create][Order Create Success][Order Price][OrderId:1b0625f5-a75c-4b04-82d2-03cf9aa4aafe , Price: 0.0]
2026-03-18 09:41:46.135  INFO 1 --- [io-12031-exec-1] order.controller.OrderController         : [createNewOrder][Create Order][from shanghai to taiyuan at 1970-01-02 18:17:36]
2026-03-18 09:41:46.135  INFO 1 --- [io-12031-exec-1] order.service.OrderServiceImpl           : [create][Create Order][Ready to Create Order]
2026-03-18 09:41:46.149  INFO 1 --- [io-12031-exec-1] order.service.OrderServiceImpl           : [create][Order Create Success][Order Price][OrderId:31e533c8-0134-4b4f-93d4-3b89f6a3cff7 , Price: 0.0]
2026-03-18 09:41:46.382  INFO 1 --- [io-12031-exec-3] order.controller.OrderController         : [createNewOrder][Create Order][from shanghai to taiyuan at 1970-01-02 18:17:36]
2026-03-18 09:41:46.382  INFO 1 --- [io-12031-exec-3] order.service.OrderServiceImpl           : [create][Create Order][Ready to Create Order]
2026-03-18 09:41:46.397  INFO 1 --- [io-12031-exec-3] order.service.OrderServiceImpl           : [create][Order Create Success][Order Price][OrderId:4b2c810d-f7ce-4477-be10-6b8bbe76e9bb , Price: 0.0]
2026-03-18 09:41:46.657  INFO 1 --- [io-12031-exec-2] order.controller.OrderController         : [createNewOrder][Create Order][from shanghai to taiyuan at 1970-01-02 18:17:36]
2026-03-18 09:41:46.657  INFO 1 --- [io-12031-exec-2] order.service.OrderServiceImpl           : [create][Create Order][Ready to Create Order]
2026-03-18 09:41:46.671  INFO 1 --- [io-12031-exec-2] order.service.OrderServiceImpl           : [create][Order Create Success][Order Price][OrderId:f42c0a2d-0738-4dc8-b79b-c7ead960d96e , Price: 0.0]
2026-03-18 09:41:46.940  INFO 1 --- [io-12031-exec-5] order.controller.OrderController         : [createNewOrder][Create Order][from shanghai to taiyuan at 1970-01-02 18:17:36]
2026-03-18 09:41:46.940  INFO 1 --- [io-12031-exec-5] order.service.OrderServiceImpl           : [create][Create Order][Ready to Create Order]
2026-03-18 09:41:46.955  INFO 1 --- [io-12031-exec-5] order.service.OrderServiceImpl           : [create][Order Create Success][Order Price][OrderId:ffe8df72-ca41-43fa-885b-f8f571f2895f , Price: 0.0]
2026-03-18 09:41:47.237  INFO 1 --- [io-12031-exec-4] order.controller.OrderController         : [createNewOrder][Create Order][from shanghai to taiyuan at 1970-01-02 18:17:36]
2026-03-18 09:41:47.237  INFO 1 --- [io-12031-exec-4] order.service.OrderServiceImpl           : [create][Create Order][Ready to Create Order]
2026-03-18 09:41:47.251  INFO 1 --- [io-12031-exec-4] order.service.OrderServiceImpl           : [create][Order Create Success][Order Price][OrderId:c9373257-769d-4cf4-ac72-68b18691526c , Price: 0.0]
2026-03-18 09:41:47.536  INFO 1 --- [io-12031-exec-6] order.controller.OrderController         : [createNewOrder][Create Order][from shanghai to taiyuan at 1970-01-02 18:17:36]
2026-03-18 09:41:47.536  INFO 1 --- [io-12031-exec-6] order.service.OrderServiceImpl           : [create][Create Order][Ready to Create Order]
2026-03-18 09:41:47.552  INFO 1 --- [io-12031-exec-6] order.service.OrderServiceImpl           : [create][Order Create Success][Order Price][OrderId:5108c076-a544-4e2e-add6-2f7016b61445 , Price: 0.0]
2026-03-18 09:41:47.862  INFO 1 --- [io-12031-exec-7] order.controller.OrderController         : [createNewOrder][Create Order][from shanghai to taiyuan at 1970-01-02 18:17:36]
2026-03-18 09:41:47.862  INFO 1 --- [io-12031-exec-7] order.service.OrderServiceImpl           : [create][Create Order][Ready to Create Order]
2026-03-18 09:41:47.876  INFO 1 --- [io-12031-exec-7] order.service.OrderServiceImpl           : [create][Order Create Success][Order Price][OrderId:f1596775-2176-4ae8-853c-c7634de22e46 , Price: 0.0]
2026-03-18 09:41:48.159  INFO 1 --- [io-12031-exec-8] order.controller.OrderController         : [createNewOrder][Create Order][from shanghai to taiyuan at 1970-01-02 18:17:36]
2026-03-18 09:41:48.159  INFO 1 --- [io-12031-exec-8] order.service.OrderServiceImpl           : [create][Create Order][Ready to Create Order]
2026-03-18 09:41:48.173  INFO 1 --- [io-12031-exec-8] order.service.OrderServiceImpl           : [create][Order Create Success][Order Price][OrderId:064fbfd9-1e0a-4a3d-aa2f-8a689c406fb7 , Price: 0.0]
2026-03-18 09:41:48.454  INFO 1 --- [o-12031-exec-10] order.controller.OrderController         : [createNewOrder][Create Order][from shanghai to taiyuan at 1970-01-02 18:17:36]
2026-03-18 09:41:48.454  INFO 1 --- [o-12031-exec-10] order.service.OrderServiceImpl           : [create][Create Order][Ready to Create Order]
2026-03-18 09:41:48.487  INFO 1 --- [o-12031-exec-10] order.service.OrderServiceImpl           : [create][Order Create Success][Order Price][OrderId:589a84a5-6eb8-4c3a-9aad-0f3a59abd5e9 , Price: 0.0]
2026-03-18 09:41:48.768  INFO 1 --- [io-12031-exec-9] order.controller.OrderController         : [createNewOrder][Create Order][from shanghai to taiyuan at 1970-01-02 18:17:36]
2026-03-18 09:41:48.768  INFO 1 --- [io-12031-exec-9] order.service.OrderServiceImpl           : [create][Create Order][Ready to Create Order]
2026-03-18 09:41:48.781  INFO 1 --- [io-12031-exec-9] order.service.OrderServiceImpl           : [create][Order Create Success][Order Price][OrderId:d16f9e80-fc5e-4162-8e93-18085f9b0194 , Price: 0.0]
2026-03-18 09:41:49.062  INFO 1 --- [io-12031-exec-1] order.controller.OrderController         : [createNewOrder][Create Order][from shanghai to taiyuan at 1970-01-02 18:17:36]
2026-03-18 09:41:49.062  INFO 1 --- [io-12031-exec-1] order.service.OrderServiceImpl           : [create][Create Order][Ready to Create Order]
2026-03-18 09:41:49.077  INFO 1 --- [io-12031-exec-1] order.service.OrderServiceImpl           : [create][Order Create Success][Order Price][OrderId:16c5d8c9-5593-48ee-9d9e-de40a8afdaef , Price: 0.0]
2026-03-18 09:41:49.362  INFO 1 --- [io-12031-exec-3] order.controller.OrderController         : [createNewOrder][Create Order][from shanghai to taiyuan at 1970-01-02 18:17:36]
2026-03-18 09:41:49.362  INFO 1 --- [io-12031-exec-3] order.service.OrderServiceImpl           : [create][Create Order][Ready to Create Order]
2026-03-18 09:41:49.376  INFO 1 --- [io-12031-exec-3] order.service.OrderServiceImpl           : [create][Order Create Success][Order Price][OrderId:4c299df4-2916-48dc-9e4d-78e78893041a , Price: 0.0]
2026-03-18 09:41:49.656  INFO 1 --- [io-12031-exec-2] order.controller.OrderController         : [createNewOrder][Create Order][from shanghai to taiyuan at 1970-01-02 18:17:36]
2026-03-18 09:41:49.656  INFO 1 --- [io-12031-exec-2] order.service.OrderServiceImpl           : [create][Create Order][Ready to Create Order]
2026-03-18 09:41:49.669  INFO 1 --- [io-12031-exec-2] order.service.OrderServiceImpl           : [create][Order Create Success][Order Price][OrderId:4ea631be-2a0a-4be6-9f7e-4dadf004ee1b , Price: 0.0]
2026-03-18 09:41:49.943  INFO 1 --- [io-12031-exec-5] order.controller.OrderController         : [createNewOrder][Create Order][from shanghai to taiyuan at 1970-01-02 18:17:36]
2026-03-18 09:41:49.944  INFO 1 --- [io-12031-exec-5] order.service.OrderServiceImpl           : [create][Create Order][Ready to Create Order]
2026-03-18 09:41:49.959  INFO 1 --- [io-12031-exec-5] order.service.OrderServiceImpl           : [create][Order Create Success][Order Price][OrderId:4fa7a2e2-f51e-42bc-8b4a-cbfb763ecf18 , Price: 0.0]
2026-03-18 09:41:50.243  INFO 1 --- [io-12031-exec-4] order.controller.OrderController         : [createNewOrder][Create Order][from shanghai to taiyuan at 1970-01-02 18:17:36]
2026-03-18 09:41:50.243  INFO 1 --- [io-12031-exec-4] order.service.OrderServiceImpl           : [create][Create Order][Ready to Create Order]
2026-03-18 09:41:50.256  INFO 1 --- [io-12031-exec-4] order.service.OrderServiceImpl           : [create][Order Create Success][Order Price][OrderId:2067f09a-14c9-4bce-9819-e022fe3f6a80 , Price: 0.0]
2026-03-18 09:41:50.538  INFO 1 --- [io-12031-exec-6] order.controller.OrderController         : [createNewOrder][Create Order][from shanghai to taiyuan at 1970-01-02 18:17:36]
2026-03-18 09:41:50.538  INFO 1 --- [io-12031-exec-6] order.service.OrderServiceImpl           : [create][Create Order][Ready to Create Order]
2026-03-18 09:41:50.554  INFO 1 --- [io-12031-exec-6] order.service.OrderServiceImpl           : [create][Order Create Success][Order Price][OrderId:f95552d3-5f6f-4a0b-8a79-813091f45f8d , Price: 0.0]
2026-03-18 09:41:50.833  INFO 1 --- [io-12031-exec-7] order.controller.OrderController         : [createNewOrder][Create Order][from shanghai to taiyuan at 1970-01-02 18:17:36]
2026-03-18 09:41:50.833  INFO 1 --- [io-12031-exec-7] order.service.OrderServiceImpl           : [create][Create Order][Ready to Create Order]
2026-03-18 09:41:50.848  INFO 1 --- [io-12031-exec-7] order.service.OrderServiceImpl           : [create][Order Create Success][Order Price][OrderId:5f0a2c8d-cbdb-47e5-b487-d76d2f1d29e8 , Price: 0.0]
2026-03-18 09:41:51.083  INFO 1 --- [io-12031-exec-8] order.controller.OrderController         : [createNewOrder][Create Order][from shanghai to taiyuan at 1970-01-02 18:17:36]
2026-03-18 09:41:51.083  INFO 1 --- [io-12031-exec-8] order.service.OrderServiceImpl           : [create][Create Order][Ready to Create Order]
2026-03-18 09:41:51.099  INFO 1 --- [io-12031-exec-8] order.service.OrderServiceImpl           : [create][Order Create Success][Order Price][OrderId:d7722d0d-b506-48ef-bb7b-489a215021d7 , Price: 0.0]
2026-03-18 09:41:51.362  INFO 1 --- [io-12031-exec-9] order.controller.OrderController         : [createNewOrder][Create Order][from shanghai to taiyuan at 1970-01-02 18:17:36]
2026-03-18 09:41:51.362  INFO 1 --- [io-12031-exec-9] order.service.OrderServiceImpl           : [create][Create Order][Ready to Create Order]
2026-03-18 09:41:51.489  INFO 1 --- [io-12031-exec-9] order.service.OrderServiceImpl           : [create][Order Create Success][Order Price][OrderId:39c52c31-2db9-4b53-a51e-caee8cbbcc3f , Price: 0.0]
2026-03-18 09:41:51.759  INFO 1 --- [io-12031-exec-1] order.controller.OrderController         : [createNewOrder][Create Order][from shanghai to taiyuan at 1970-01-02 18:17:36]
2026-03-18 09:41:51.759  INFO 1 --- [io-12031-exec-1] order.service.OrderServiceImpl           : [create][Create Order][Ready to Create Order]
2026-03-18 09:41:51.775  INFO 1 --- [io-12031-exec-1] order.service.OrderServiceImpl           : [create][Order Create Success][Order Price][OrderId:3ede58f6-b066-4a5d-97e8-835d820e151e , Price: 0.0]
2026-03-18 09:41:52.050  INFO 1 --- [io-12031-exec-3] order.controller.OrderController         : [createNewOrder][Create Order][from shanghai to taiyuan at 1970-01-02 18:17:36]
2026-03-18 09:41:52.050  INFO 1 --- [io-12031-exec-3] order.service.OrderServiceImpl           : [create][Create Order][Ready to Create Order]
2026-03-18 09:41:52.065  INFO 1 --- [io-12031-exec-3] order.service.OrderServiceImpl           : [create][Order Create Success][Order Price][OrderId:863b23b7-bde4-4679-985b-bff7b055bdf8 , Price: 0.0]
2026-03-18 09:41:52.359  INFO 1 --- [io-12031-exec-2] order.controller.OrderController         : [createNewOrder][Create Order][from shanghai to taiyuan at 1970-01-02 18:17:36]
2026-03-18 09:41:52.359  INFO 1 --- [io-12031-exec-2] order.service.OrderServiceImpl           : [create][Create Order][Ready to Create Order]
2026-03-18 09:41:52.373  INFO 1 --- [io-12031-exec-2] order.service.OrderServiceImpl           : [create][Order Create Success][Order Price][OrderId:7d68bc6a-89a9-4499-a68e-a23b80ce36b7 , Price: 0.0]
2026-03-18 09:41:52.654  INFO 1 --- [io-12031-exec-5] order.controller.OrderController         : [createNewOrder][Create Order][from shanghai to taiyuan at 1970-01-02 18:17:36]
2026-03-18 09:41:52.654  INFO 1 --- [io-12031-exec-5] order.service.OrderServiceImpl           : [create][Create Order][Ready to Create Order]
2026-03-18 09:41:52.669  INFO 1 --- [io-12031-exec-5] order.service.OrderServiceImpl           : [create][Order Create Success][Order Price][OrderId:185fcb66-5e9e-47e9-b9c5-49a0c8bf472a , Price: 0.0]
2026-03-18 09:41:52.955  INFO 1 --- [io-12031-exec-4] order.controller.OrderController         : [createNewOrder][Create Order][from shanghai to taiyuan at 1970-01-02 18:17:36]
2026-03-18 09:41:52.955  INFO 1 --- [io-12031-exec-4] order.service.OrderServiceImpl           : [create][Create Order][Ready to Create Order]
2026-03-18 09:41:52.969  INFO 1 --- [io-12031-exec-4] order.service.OrderServiceImpl           : [create][Order Create Success][Order Price][OrderId:7e5e3c6f-730f-4037-a583-6fce810543da , Price: 0.0]
2026-03-18 09:41:53.251  INFO 1 --- [io-12031-exec-6] order.controller.OrderController         : [createNewOrder][Create Order][from shanghai to taiyuan at 1970-01-02 18:17:36]
2026-03-18 09:41:53.252  INFO 1 --- [io-12031-exec-6] order.service.OrderServiceImpl           : [create][Create Order][Ready to Create Order]
2026-03-18 09:41:53.265  INFO 1 --- [io-12031-exec-6] order.service.OrderServiceImpl           : [create][Order Create Success][Order Price][OrderId:073a3a0c-ac32-4f63-a318-bd99f90af95e , Price: 0.0]
2026-03-18 09:41:53.541  INFO 1 --- [io-12031-exec-7] order.controller.OrderController         : [createNewOrder][Create Order][from shanghai to taiyuan at 1970-01-02 18:17:36]
2026-03-18 09:41:53.541  INFO 1 --- [io-12031-exec-7] order.service.OrderServiceImpl           : [create][Create Order][Ready to Create Order]
2026-03-18 09:41:53.554  INFO 1 --- [io-12031-exec-7] order.service.OrderServiceImpl           : [create][Order Create Success][Order Price][OrderId:91c5ec6d-84b4-4cdb-b03f-cb28761af25f , Price: 0.0]
2026-03-18 09:41:53.837  INFO 1 --- [io-12031-exec-8] order.controller.OrderController         : [createNewOrder][Create Order][from shanghai to taiyuan at 1970-01-02 18:17:36]
2026-03-18 09:41:53.837  INFO 1 --- [io-12031-exec-8] order.service.OrderServiceImpl           : [create][Create Order][Ready to Create Order]
2026-03-18 09:41:53.850  INFO 1 --- [io-12031-exec-8] order.service.OrderServiceImpl           : [create][Order Create Success][Order Price][OrderId:34ef7a02-082e-4ae9-8d8a-7554a7409b4f , Price: 0.0]
2026-03-18 09:41:54.077  INFO 1 --- [o-12031-exec-10] order.controller.OrderController         : [createNewOrder][Create Order][from shanghai to taiyuan at 1970-01-02 18:17:36]
2026-03-18 09:41:54.077  INFO 1 --- [o-12031-exec-10] order.service.OrderServiceImpl           : [create][Create Order][Ready to Create Order]
2026-03-18 09:41:54.091  INFO 1 --- [o-12031-exec-10] order.service.OrderServiceImpl           : [create][Order Create Success][Order Price][OrderId:1c152917-9507-49ba-bd7c-5e72cf6c6d02 , Price: 0.0]
2026-03-18 09:41:54.360  INFO 1 --- [io-12031-exec-9] order.controller.OrderController         : [createNewOrder][Create Order][from shanghai to taiyuan at 1970-01-02 18:17:36]
2026-03-18 09:41:54.360  INFO 1 --- [io-12031-exec-9] order.service.OrderServiceImpl           : [create][Create Order][Ready to Create Order]
2026-03-18 09:41:54.383  INFO 1 --- [io-12031-exec-9] order.service.OrderServiceImpl           : [create][Order Create Success][Order Price][OrderId:4eb966f4-50bb-496f-a2c3-2a1dca754aab , Price: 0.0]
2026-03-18 09:41:54.658  INFO 1 --- [io-12031-exec-1] order.controller.OrderController         : [createNewOrder][Create Order][from shanghai to taiyuan at 1970-01-02 18:17:36]
2026-03-18 09:41:54.658  INFO 1 --- [io-12031-exec-1] order.service.OrderServiceImpl           : [create][Create Order][Ready to Create Order]
2026-03-18 09:41:54.672  INFO 1 --- [io-12031-exec-1] order.service.OrderServiceImpl           : [create][Order Create Success][Order Price][OrderId:4a53fbfe-2373-42c7-a799-817ee8f54445 , Price: 0.0]
2026-03-18 09:41:54.955  INFO 1 --- [io-12031-exec-3] order.controller.OrderController         : [createNewOrder][Create Order][from shanghai to taiyuan at 1970-01-02 18:17:36]
2026-03-18 09:41:54.955  INFO 1 --- [io-12031-exec-3] order.service.OrderServiceImpl           : [create][Create Order][Ready to Create Order]
2026-03-18 09:41:54.968  INFO 1 --- [io-12031-exec-3] order.service.OrderServiceImpl           : [create][Order Create Success][Order Price][OrderId:954bad30-8020-4455-99ed-35b3d014b6fe , Price: 0.0]
2026-03-18 09:41:55.242  INFO 1 --- [io-12031-exec-2] order.controller.OrderController         : [createNewOrder][Create Order][from shanghai to taiyuan at 1970-01-02 18:17:36]
2026-03-18 09:41:55.242  INFO 1 --- [io-12031-exec-2] order.service.OrderServiceImpl           : [create][Create Order][Ready to Create Order]
2026-03-18 09:41:55.254  INFO 1 --- [io-12031-exec-2] order.service.OrderServiceImpl           : [create][Order Create Success][Order Price][OrderId:8ab5e5ad-271f-4f53-a0cb-f0622f363fed , Price: 0.0]
2026-03-18 09:41:55.535  INFO 1 --- [io-12031-exec-5] order.controller.OrderController         : [createNewOrder][Create Order][from shanghai to taiyuan at 1970-01-02 18:17:36]
2026-03-18 09:41:55.535  INFO 1 --- [io-12031-exec-5] order.service.OrderServiceImpl           : [create][Create Order][Ready to Create Order]
2026-03-18 09:41:55.549  INFO 1 --- [io-12031-exec-5] order.service.OrderServiceImpl           : [create][Order Create Success][Order Price][OrderId:cd0ade07-08ba-40ab-b288-30bc91d03eff , Price: 0.0]
2026-03-18 09:41:55.856  INFO 1 --- [io-12031-exec-4] order.controller.OrderController         : [createNewOrder][Create Order][from shanghai to taiyuan at 1970-01-02 18:17:36]
2026-03-18 09:41:55.856  INFO 1 --- [io-12031-exec-4] order.service.OrderServiceImpl           : [create][Create Order][Ready to Create Order]
2026-03-18 09:41:55.870  INFO 1 --- [io-12031-exec-4] order.service.OrderServiceImpl           : [create][Order Create Success][Order Price][OrderId:6f513bd1-7b0d-476b-bd2a-99425ff304bb , Price: 0.0]
2026-03-18 09:41:56.149  INFO 1 --- [io-12031-exec-6] order.controller.OrderController         : [createNewOrder][Create Order][from shanghai to taiyuan at 1970-01-02 18:17:36]
2026-03-18 09:41:56.149  INFO 1 --- [io-12031-exec-6] order.service.OrderServiceImpl           : [create][Create Order][Ready to Create Order]
2026-03-18 09:41:56.163  INFO 1 --- [io-12031-exec-6] order.service.OrderServiceImpl           : [create][Order Create Success][Order Price][OrderId:39085d77-202c-4e2b-9320-1c38ff5fcc79 , Price: 0.0]
2026-03-18 09:41:56.442  INFO 1 --- [io-12031-exec-7] order.controller.OrderController         : [createNewOrder][Create Order][from shanghai to taiyuan at 1970-01-02 18:17:36]
2026-03-18 09:41:56.442  INFO 1 --- [io-12031-exec-7] order.service.OrderServiceImpl           : [create][Create Order][Ready to Create Order]
2026-03-18 09:41:56.457  INFO 1 --- [io-12031-exec-7] order.service.OrderServiceImpl           : [create][Order Create Success][Order Price][OrderId:4620b215-da8c-41be-a34c-842fbc5a8331 , Price: 0.0]
2026-03-18 09:41:56.742  INFO 1 --- [io-12031-exec-8] order.controller.OrderController         : [createNewOrder][Create Order][from shanghai to taiyuan at 1970-01-02 18:17:36]
2026-03-18 09:41:56.742  INFO 1 --- [io-12031-exec-8] order.service.OrderServiceImpl           : [create][Create Order][Ready to Create Order]
2026-03-18 09:41:56.769  INFO 1 --- [io-12031-exec-8] order.service.OrderServiceImpl           : [create][Order Create Success][Order Price][OrderId:ae90738b-e275-43fe-8164-00fab02ae757 , Price: 0.0]
2026-03-18 09:41:57.043  INFO 1 --- [o-12031-exec-10] order.controller.OrderController         : [createNewOrder][Create Order][from shanghai to taiyuan at 1970-01-02 18:17:36]
2026-03-18 09:41:57.043  INFO 1 --- [o-12031-exec-10] order.service.OrderServiceImpl           : [create][Create Order][Ready to Create Order]
2026-03-18 09:41:57.057  INFO 1 --- [o-12031-exec-10] order.service.OrderServiceImpl           : [create][Order Create Success][Order Price][OrderId:09b0e1c7-afe5-4d9f-af38-609a692c3f45 , Price: 0.0]
2026-03-18 09:41:57.353  INFO 1 --- [io-12031-exec-9] order.controller.OrderController         : [createNewOrder][Create Order][from shanghai to taiyuan at 1970-01-02 18:17:36]
2026-03-18 09:41:57.353  INFO 1 --- [io-12031-exec-9] order.service.OrderServiceImpl           : [create][Create Order][Ready to Create Order]
2026-03-18 09:41:57.385  INFO 1 --- [io-12031-exec-9] order.service.OrderServiceImpl           : [create][Order Create Success][Order Price][OrderId:264a9b49-405c-4970-8db3-afbb68392fa7 , Price: 0.0]
2026-03-18 09:41:57.656  INFO 1 --- [io-12031-exec-1] order.controller.OrderController         : [createNewOrder][Create Order][from shanghai to taiyuan at 1970-01-02 18:17:36]
2026-03-18 09:41:57.656  INFO 1 --- [io-12031-exec-1] order.service.OrderServiceImpl           : [create][Create Order][Ready to Create Order]
2026-03-18 09:41:57.668  INFO 1 --- [io-12031-exec-1] order.service.OrderServiceImpl           : [create][Order Create Success][Order Price][OrderId:805a7d93-0c25-4281-b0a9-cefbd2ab4a85 , Price: 0.0]
2026-03-18 09:41:57.952  INFO 1 --- [io-12031-exec-3] order.controller.OrderController         : [createNewOrder][Create Order][from shanghai to taiyuan at 1970-01-02 18:17:36]
2026-03-18 09:41:57.952  INFO 1 --- [io-12031-exec-3] order.service.OrderServiceImpl           : [create][Create Order][Ready to Create Order]
2026-03-18 09:41:57.967  INFO 1 --- [io-12031-exec-3] order.service.OrderServiceImpl           : [create][Order Create Success][Order Price][OrderId:fdb5d34d-1fc7-475f-9dc4-336d36a2fabe , Price: 0.0]
2026-03-18 09:41:58.253  INFO 1 --- [io-12031-exec-2] order.controller.OrderController         : [createNewOrder][Create Order][from shanghai to taiyuan at 1970-01-02 18:17:36]
2026-03-18 09:41:58.253  INFO 1 --- [io-12031-exec-2] order.service.OrderServiceImpl           : [create][Create Order][Ready to Create Order]
2026-03-18 09:41:58.269  INFO 1 --- [io-12031-exec-2] order.service.OrderServiceImpl           : [create][Order Create Success][Order Price][OrderId:97883b58-beef-4ec4-9b5a-313e9efdc236 , Price: 0.0]
2026-03-18 09:41:58.554  INFO 1 --- [io-12031-exec-5] order.controller.OrderController         : [createNewOrder][Create Order][from shanghai to taiyuan at 1970-01-02 18:17:36]
2026-03-18 09:41:58.554  INFO 1 --- [io-12031-exec-5] order.service.OrderServiceImpl           : [create][Create Order][Ready to Create Order]
2026-03-18 09:41:58.569  INFO 1 --- [io-12031-exec-5] order.service.OrderServiceImpl           : [create][Order Create Success][Order Price][OrderId:374deb1d-5a35-439b-91ec-5bd75d6e410e , Price: 0.0]
2026-03-18 09:41:58.851  INFO 1 --- [io-12031-exec-4] order.controller.OrderController         : [createNewOrder][Create Order][from shanghai to taiyuan at 1970-01-02 18:17:36]
2026-03-18 09:41:58.852  INFO 1 --- [io-12031-exec-4] order.service.OrderServiceImpl           : [create][Create Order][Ready to Create Order]
2026-03-18 09:41:58.865  INFO 1 --- [io-12031-exec-4] order.service.OrderServiceImpl           : [create][Order Create Success][Order Price][OrderId:540bf5a0-5b7c-4688-90b1-f303508fdb04 , Price: 0.0]
2026-03-18 09:41:59.164  INFO 1 --- [io-12031-exec-6] order.controller.OrderController         : [createNewOrder][Create Order][from shanghai to taiyuan at 1970-01-02 18:17:36]
2026-03-18 09:41:59.164  INFO 1 --- [io-12031-exec-6] order.service.OrderServiceImpl           : [create][Create Order][Ready to Create Order]
2026-03-18 09:41:59.180  INFO 1 --- [io-12031-exec-6] order.service.OrderServiceImpl           : [create][Order Create Success][Order Price][OrderId:4b54151b-5ea6-4dde-bf7c-e2e9f4daffae , Price: 0.0]
2026-03-18 09:41:59.462  INFO 1 --- [io-12031-exec-7] order.controller.OrderController         : [createNewOrder][Create Order][from shanghai to taiyuan at 1970-01-02 18:17:36]
2026-03-18 09:41:59.462  INFO 1 --- [io-12031-exec-7] order.service.OrderServiceImpl           : [create][Create Order][Ready to Create Order]
2026-03-18 09:41:59.475  INFO 1 --- [io-12031-exec-7] order.service.OrderServiceImpl           : [create][Order Create Success][Order Price][OrderId:a7da7908-7fe5-4523-80c0-26bf0521e375 , Price: 0.0]
2026-03-18 09:41:59.756  INFO 1 --- [io-12031-exec-8] order.controller.OrderController         : [createNewOrder][Create Order][from shanghai to taiyuan at 1970-01-02 18:17:36]
2026-03-18 09:41:59.756  INFO 1 --- [io-12031-exec-8] order.service.OrderServiceImpl           : [create][Create Order][Ready to Create Order]
2026-03-18 09:41:59.770  INFO 1 --- [io-12031-exec-8] order.service.OrderServiceImpl           : [create][Order Create Success][Order Price][OrderId:b76f37e7-b098-4694-bb4e-0d21b2fe9413 , Price: 0.0]
2026-03-18 09:42:00.073  INFO 1 --- [o-12031-exec-10] order.controller.OrderController         : [createNewOrder][Create Order][from shanghai to taiyuan at 1970-01-02 18:17:36]
2026-03-18 09:42:00.073  INFO 1 --- [o-12031-exec-10] order.service.OrderServiceImpl           : [create][Create Order][Ready to Create Order]
2026-03-18 09:42:00.092  INFO 1 --- [o-12031-exec-10] order.service.OrderServiceImpl           : [create][Order Create Success][Order Price][OrderId:9efeae15-8878-444c-a328-d300fe047662 , Price: 0.0]
2026-03-18 09:42:00.366  INFO 1 --- [io-12031-exec-9] order.controller.OrderController         : [createNewOrder][Create Order][from shanghai to taiyuan at 1970-01-02 18:17:36]
2026-03-18 09:42:00.366  INFO 1 --- [io-12031-exec-9] order.service.OrderServiceImpl           : [create][Create Order][Ready to Create Order]
2026-03-18 09:42:00.566  INFO 1 --- [io-12031-exec-9] order.service.OrderServiceImpl           : [create][Order Create Success][Order Price][OrderId:b718f066-df89-4695-9b42-1d9e9bcd981c , Price: 0.0]
2026-03-18 09:42:00.850  INFO 1 --- [io-12031-exec-1] order.controller.OrderController         : [createNewOrder][Create Order][from shanghai to taiyuan at 1970-01-02 18:17:36]
2026-03-18 09:42:00.850  INFO 1 --- [io-12031-exec-1] order.service.OrderServiceImpl           : [create][Create Order][Ready to Create Order]
2026-03-18 09:42:00.863  INFO 1 --- [io-12031-exec-1] order.service.OrderServiceImpl           : [create][Order Create Success][Order Price][OrderId:5d2e4907-f445-4fb2-8c6e-9702403d0160 , Price: 0.0]
2026-03-18 09:42:01.143  INFO 1 --- [io-12031-exec-3] order.controller.OrderController         : [createNewOrder][Create Order][from shanghai to taiyuan at 1970-01-02 18:17:36]
2026-03-18 09:42:01.143  INFO 1 --- [io-12031-exec-3] order.service.OrderServiceImpl           : [create][Create Order][Ready to Create Order]
2026-03-18 09:42:01.159  INFO 1 --- [io-12031-exec-3] order.service.OrderServiceImpl           : [create][Order Create Success][Order Price][OrderId:a2b77fb5-5a8e-476c-8f35-9e76f4c30522 , Price: 0.0]
2026-03-18 09:42:01.436  INFO 1 --- [io-12031-exec-5] order.controller.OrderController         : [createNewOrder][Create Order][from shanghai to taiyuan at 1970-01-02 18:17:36]
2026-03-18 09:42:01.436  INFO 1 --- [io-12031-exec-5] order.service.OrderServiceImpl           : [create][Create Order][Ready to Create Order]
2026-03-18 09:42:01.450  INFO 1 --- [io-12031-exec-5] order.service.OrderServiceImpl           : [create][Order Create Success][Order Price][OrderId:f9ca15fc-a0ad-4ff3-9927-51ecdff9ac1b , Price: 0.0]
2026-03-18 09:42:01.733  INFO 1 --- [io-12031-exec-4] order.controller.OrderController         : [createNewOrder][Create Order][from shanghai to taiyuan at 1970-01-02 18:17:36]
2026-03-18 09:42:01.733  INFO 1 --- [io-12031-exec-4] order.service.OrderServiceImpl           : [create][Create Order][Ready to Create Order]
2026-03-18 09:42:01.749  INFO 1 --- [io-12031-exec-4] order.service.OrderServiceImpl           : [create][Order Create Success][Order Price][OrderId:d4009995-7d07-4a9e-afcc-424eb58eaf62 , Price: 0.0]
2026-03-18 09:42:01.979  INFO 1 --- [io-12031-exec-6] order.controller.OrderController         : [createNewOrder][Create Order][from shanghai to taiyuan at 1970-01-02 18:17:36]
2026-03-18 09:42:01.979  INFO 1 --- [io-12031-exec-6] order.service.OrderServiceImpl           : [create][Create Order][Ready to Create Order]
2026-03-18 09:42:01.992  INFO 1 --- [io-12031-exec-6] order.service.OrderServiceImpl           : [create][Order Create Success][Order Price][OrderId:aece99fe-0c5b-4bf0-9c33-5b7fde9c7967 , Price: 0.0]
2026-03-18 09:42:02.263  INFO 1 --- [io-12031-exec-7] order.controller.OrderController         : [createNewOrder][Create Order][from shanghai to taiyuan at 1970-01-02 18:17:36]
2026-03-18 09:42:02.263  INFO 1 --- [io-12031-exec-7] order.service.OrderServiceImpl           : [create][Create Order][Ready to Create Order]
2026-03-18 09:42:02.276  INFO 1 --- [io-12031-exec-7] order.service.OrderServiceImpl           : [create][Order Create Success][Order Price][OrderId:3dcaf35c-a6d4-4ef6-a75b-914ee589a2ac , Price: 0.0]
2026-03-18 09:42:02.559  INFO 1 --- [io-12031-exec-8] order.controller.OrderController         : [createNewOrder][Create Order][from shanghai to taiyuan at 1970-01-02 18:17:36]
2026-03-18 09:42:02.559  INFO 1 --- [io-12031-exec-8] order.service.OrderServiceImpl           : [create][Create Order][Ready to Create Order]
2026-03-18 09:42:02.573  INFO 1 --- [io-12031-exec-8] order.service.OrderServiceImpl           : [create][Order Create Success][Order Price][OrderId:ef304fcc-fd39-46c4-a5f6-c8a3c4b85269 , Price: 0.0]
2026-03-18 09:42:02.851  INFO 1 --- [o-12031-exec-10] order.controller.OrderController         : [createNewOrder][Create Order][from shanghai to taiyuan at 1970-01-02 18:17:36]
2026-03-18 09:42:02.852  INFO 1 --- [o-12031-exec-10] order.service.OrderServiceImpl           : [create][Create Order][Ready to Create Order]
2026-03-18 09:42:02.865  INFO 1 --- [o-12031-exec-10] order.service.OrderServiceImpl           : [create][Order Create Success][Order Price][OrderId:80624876-0ba1-4b18-b193-2efc6102b3c7 , Price: 0.0]
2026-03-18 09:42:03.150  INFO 1 --- [io-12031-exec-9] order.controller.OrderController         : [createNewOrder][Create Order][from shanghai to taiyuan at 1970-01-02 18:17:36]
2026-03-18 09:42:03.150  INFO 1 --- [io-12031-exec-9] order.service.OrderServiceImpl           : [create][Create Order][Ready to Create Order]
2026-03-18 09:42:03.165  INFO 1 --- [io-12031-exec-9] order.service.OrderServiceImpl           : [create][Order Create Success][Order Price][OrderId:815291c5-b6f7-4bf7-a98b-5ea616855a02 , Price: 0.0]
2026-03-18 09:42:03.444  INFO 1 --- [io-12031-exec-1] order.controller.OrderController         : [createNewOrder][Create Order][from shanghai to taiyuan at 1970-01-02 18:17:36]
2026-03-18 09:42:03.444  INFO 1 --- [io-12031-exec-1] order.service.OrderServiceImpl           : [create][Create Order][Ready to Create Order]
2026-03-18 09:42:03.479  INFO 1 --- [io-12031-exec-1] order.service.OrderServiceImpl           : [create][Order Create Success][Order Price][OrderId:0526298a-6461-4de5-ab22-9a6da9696291 , Price: 0.0]
2026-03-18 09:42:03.762  INFO 1 --- [io-12031-exec-3] order.controller.OrderController         : [createNewOrder][Create Order][from shanghai to taiyuan at 1970-01-02 18:17:36]
2026-03-18 09:42:03.762  INFO 1 --- [io-12031-exec-3] order.service.OrderServiceImpl           : [create][Create Order][Ready to Create Order]
2026-03-18 09:42:03.775  INFO 1 --- [io-12031-exec-3] order.service.OrderServiceImpl           : [create][Order Create Success][Order Price][OrderId:b93da7fd-94cf-443a-82ef-99888de34d36 , Price: 0.0]
2026-03-18 09:42:04.050  INFO 1 --- [io-12031-exec-2] order.controller.OrderController         : [createNewOrder][Create Order][from shanghai to taiyuan at 1970-01-02 18:17:36]
2026-03-18 09:42:04.051  INFO 1 --- [io-12031-exec-2] order.service.OrderServiceImpl           : [create][Create Order][Ready to Create Order]
2026-03-18 09:42:04.064  INFO 1 --- [io-12031-exec-2] order.service.OrderServiceImpl           : [create][Order Create Success][Order Price][OrderId:83a4ad13-10ea-482b-bd35-0bc9d22551fb , Price: 0.0]
2026-03-18 09:42:04.346  INFO 1 --- [io-12031-exec-5] order.controller.OrderController         : [createNewOrder][Create Order][from shanghai to taiyuan at 1970-01-02 18:17:36]
2026-03-18 09:42:04.346  INFO 1 --- [io-12031-exec-5] order.service.OrderServiceImpl           : [create][Create Order][Ready to Create Order]
2026-03-18 09:42:04.359  INFO 1 --- [io-12031-exec-5] order.service.OrderServiceImpl           : [create][Order Create Success][Order Price][OrderId:c11e870a-f4b6-436b-a653-3679b3a8fe87 , Price: 0.0]
2026-03-18 09:42:04.636  INFO 1 --- [io-12031-exec-4] order.controller.OrderController         : [createNewOrder][Create Order][from shanghai to taiyuan at 1970-01-02 18:17:36]
2026-03-18 09:42:04.636  INFO 1 --- [io-12031-exec-4] order.service.OrderServiceImpl           : [create][Create Order][Ready to Create Order]
2026-03-18 09:42:04.650  INFO 1 --- [io-12031-exec-4] order.service.OrderServiceImpl           : [create][Order Create Success][Order Price][OrderId:4119300d-e514-4959-8d53-4c60054ec6aa , Price: 0.0]
2026-03-18 09:42:04.880  INFO 1 --- [io-12031-exec-6] order.controller.OrderController         : [createNewOrder][Create Order][from shanghai to taiyuan at 1970-01-02 18:17:36]
2026-03-18 09:42:04.880  INFO 1 --- [io-12031-exec-6] order.service.OrderServiceImpl           : [create][Create Order][Ready to Create Order]
2026-03-18 09:42:04.893  INFO 1 --- [io-12031-exec-6] order.service.OrderServiceImpl           : [create][Order Create Success][Order Price][OrderId:7642bb2e-a51f-4687-a1dd-cb258506b31f , Price: 0.0]
2026-03-18 09:42:05.162  INFO 1 --- [io-12031-exec-7] order.controller.OrderController         : [createNewOrder][Create Order][from shanghai to taiyuan at 1970-01-02 18:17:36]
2026-03-18 09:42:05.162  INFO 1 --- [io-12031-exec-7] order.service.OrderServiceImpl           : [create][Create Order][Ready to Create Order]
2026-03-18 09:42:05.178  INFO 1 --- [io-12031-exec-7] order.service.OrderServiceImpl           : [create][Order Create Success][Order Price][OrderId:91cafce4-3fe1-4c7d-a5c1-0c5542624219 , Price: 0.0]
2026-03-18 09:42:05.454  INFO 1 --- [io-12031-exec-8] order.controller.OrderController         : [createNewOrder][Create Order][from shanghai to taiyuan at 1970-01-02 18:17:36]
2026-03-18 09:42:05.454  INFO 1 --- [io-12031-exec-8] order.service.OrderServiceImpl           : [create][Create Order][Ready to Create Order]
2026-03-18 09:42:05.468  INFO 1 --- [io-12031-exec-8] order.service.OrderServiceImpl           : [create][Order Create Success][Order Price][OrderId:f8444bea-2411-456f-bcf6-0206a7910d1c , Price: 0.0]
2026-03-18 09:42:05.876  INFO 1 --- [o-12031-exec-10] order.controller.OrderController         : [createNewOrder][Create Order][from shanghai to taiyuan at 1970-01-02 18:17:36]
2026-03-18 09:42:05.876  INFO 1 --- [o-12031-exec-10] order.service.OrderServiceImpl           : [create][Create Order][Ready to Create Order]
2026-03-18 09:42:05.966  INFO 1 --- [o-12031-exec-10] order.service.OrderServiceImpl           : [create][Order Create Success][Order Price][OrderId:c4eae113-fcac-4e1b-8a42-c13f63df7ea2 , Price: 0.0]
2026-03-18 09:42:06.285  INFO 1 --- [io-12031-exec-9] order.controller.OrderController         : [createNewOrder][Create Order][from shanghai to taiyuan at 1970-01-02 18:17:36]
2026-03-18 09:42:06.285  INFO 1 --- [io-12031-exec-9] order.service.OrderServiceImpl           : [create][Create Order][Ready to Create Order]
2026-03-18 09:42:06.300  INFO 1 --- [io-12031-exec-9] order.service.OrderServiceImpl           : [create][Order Create Success][Order Price][OrderId:4ecb16b5-c3ef-4601-b8af-fbaf54ee3189 , Price: 0.0]
2026-03-18 09:42:06.562  INFO 1 --- [io-12031-exec-1] order.controller.OrderController         : [createNewOrder][Create Order][from shanghai to taiyuan at 1970-01-02 18:17:36]
2026-03-18 09:42:06.562  INFO 1 --- [io-12031-exec-1] order.service.OrderServiceImpl           : [create][Create Order][Ready to Create Order]
2026-03-18 09:42:06.686  INFO 1 --- [io-12031-exec-1] order.service.OrderServiceImpl           : [create][Order Create Success][Order Price][OrderId:5cb9ff31-fb28-4aef-a182-f15f4d913ab6 , Price: 0.0]
2026-03-18 09:42:06.959  INFO 1 --- [io-12031-exec-3] order.controller.OrderController         : [createNewOrder][Create Order][from shanghai to taiyuan at 1970-01-02 18:17:36]
2026-03-18 09:42:06.959  INFO 1 --- [io-12031-exec-3] order.service.OrderServiceImpl           : [create][Create Order][Ready to Create Order]
2026-03-18 09:42:06.973  INFO 1 --- [io-12031-exec-3] order.service.OrderServiceImpl           : [create][Order Create Success][Order Price][OrderId:a2c27d65-c593-4e4a-856b-566a67ef0a10 , Price: 0.0]
2026-03-18 09:42:07.258  INFO 1 --- [io-12031-exec-2] order.controller.OrderController         : [createNewOrder][Create Order][from shanghai to taiyuan at 1970-01-02 18:17:36]
2026-03-18 09:42:07.258  INFO 1 --- [io-12031-exec-2] order.service.OrderServiceImpl           : [create][Create Order][Ready to Create Order]
2026-03-18 09:42:07.273  INFO 1 --- [io-12031-exec-2] order.service.OrderServiceImpl           : [create][Order Create Success][Order Price][OrderId:c209d22c-9a65-4658-903d-27dbf50a0d1d , Price: 0.0]
2026-03-18 09:42:07.564  INFO 1 --- [io-12031-exec-5] order.controller.OrderController         : [createNewOrder][Create Order][from shanghai to taiyuan at 1970-01-02 18:17:36]
2026-03-18 09:42:07.564  INFO 1 --- [io-12031-exec-5] order.service.OrderServiceImpl           : [create][Create Order][Ready to Create Order]
2026-03-18 09:42:07.578  INFO 1 --- [io-12031-exec-5] order.service.OrderServiceImpl           : [create][Order Create Success][Order Price][OrderId:4611a38d-b7a5-45b5-a413-e9a156932b6a , Price: 0.0]
2026-03-18 09:42:07.862  INFO 1 --- [io-12031-exec-4] order.controller.OrderController         : [createNewOrder][Create Order][from shanghai to taiyuan at 1970-01-02 18:17:36]
2026-03-18 09:42:07.863  INFO 1 --- [io-12031-exec-4] order.service.OrderServiceImpl           : [create][Create Order][Ready to Create Order]
2026-03-18 09:42:07.877  INFO 1 --- [io-12031-exec-4] order.service.OrderServiceImpl           : [create][Order Create Success][Order Price][OrderId:c3cca6e1-e7d8-4cdb-b1e3-ad73fd6394f7 , Price: 0.0]
2026-03-18 09:42:08.155  INFO 1 --- [io-12031-exec-6] order.controller.OrderController         : [createNewOrder][Create Order][from shanghai to taiyuan at 1970-01-02 18:17:36]
2026-03-18 09:42:08.155  INFO 1 --- [io-12031-exec-6] order.service.OrderServiceImpl           : [create][Create Order][Ready to Create Order]
2026-03-18 09:42:08.170  INFO 1 --- [io-12031-exec-6] order.service.OrderServiceImpl           : [create][Order Create Success][Order Price][OrderId:f17bfe16-b28a-4bac-a414-1de92b11894a , Price: 0.0]
2026-03-18 09:42:08.456  INFO 1 --- [io-12031-exec-7] order.controller.OrderController         : [createNewOrder][Create Order][from shanghai to taiyuan at 1970-01-02 18:17:36]
2026-03-18 09:42:08.456  INFO 1 --- [io-12031-exec-7] order.service.OrderServiceImpl           : [create][Create Order][Ready to Create Order]
2026-03-18 09:42:08.471  INFO 1 --- [io-12031-exec-7] order.service.OrderServiceImpl           : [create][Order Create Success][Order Price][OrderId:fc4f1bb6-a4c1-4645-901b-aed04814adb7 , Price: 0.0]
2026-03-18 09:42:08.749  INFO 1 --- [io-12031-exec-8] order.controller.OrderController         : [createNewOrder][Create Order][from shanghai to taiyuan at 1970-01-02 18:17:36]
2026-03-18 09:42:08.749  INFO 1 --- [io-12031-exec-8] order.service.OrderServiceImpl           : [create][Create Order][Ready to Create Order]
2026-03-18 09:42:08.765  INFO 1 --- [io-12031-exec-8] order.service.OrderServiceImpl           : [create][Order Create Success][Order Price][OrderId:7de327bd-ac11-46dc-8408-d7d1d8a560c0 , Price: 0.0]
2026-03-18 09:42:09.140  INFO 1 --- [o-12031-exec-10] order.controller.OrderController         : [createNewOrder][Create Order][from shanghai to taiyuan at 1970-01-02 18:17:36]
2026-03-18 09:42:09.140  INFO 1 --- [o-12031-exec-10] order.service.OrderServiceImpl           : [create][Create Order][Ready to Create Order]
2026-03-18 09:42:09.170  INFO 1 --- [o-12031-exec-10] order.service.OrderServiceImpl           : [create][Order Create Success][Order Price][OrderId:f476162a-404d-44e5-9ea9-7ba6d9caf44d , Price: 0.0]
2026-03-18 09:42:09.455  INFO 1 --- [io-12031-exec-9] order.controller.OrderController         : [createNewOrder][Create Order][from shanghai to taiyuan at 1970-01-02 18:17:36]
2026-03-18 09:42:09.455  INFO 1 --- [io-12031-exec-9] order.service.OrderServiceImpl           : [create][Create Order][Ready to Create Order]
2026-03-18 09:42:09.480  INFO 1 --- [io-12031-exec-9] order.service.OrderServiceImpl           : [create][Order Create Success][Order Price][OrderId:353f733b-098f-40b0-9498-30d658a04a56 , Price: 0.0]
2026-03-18 09:42:09.757  INFO 1 --- [io-12031-exec-1] order.controller.OrderController         : [createNewOrder][Create Order][from shanghai to taiyuan at 1970-01-02 18:17:36]
2026-03-18 09:42:09.758  INFO 1 --- [io-12031-exec-1] order.service.OrderServiceImpl           : [create][Create Order][Ready to Create Order]
2026-03-18 09:42:09.772  INFO 1 --- [io-12031-exec-1] order.service.OrderServiceImpl           : [create][Order Create Success][Order Price][OrderId:854615a0-6fe2-4361-8450-d10b46d49a59 , Price: 0.0]
2026-03-18 09:42:10.054  INFO 1 --- [io-12031-exec-3] order.controller.OrderController         : [createNewOrder][Create Order][from shanghai to taiyuan at 1970-01-02 18:17:36]
2026-03-18 09:42:10.054  INFO 1 --- [io-12031-exec-3] order.service.OrderServiceImpl           : [create][Create Order][Ready to Create Order]
2026-03-18 09:42:10.069  INFO 1 --- [io-12031-exec-3] order.service.OrderServiceImpl           : [create][Order Create Success][Order Price][OrderId:0400f969-f2c3-46e1-9622-0e320ddacb8c , Price: 0.0]
2026-03-18 09:42:10.351  INFO 1 --- [io-12031-exec-2] order.controller.OrderController         : [createNewOrder][Create Order][from shanghai to taiyuan at 1970-01-02 18:17:36]
2026-03-18 09:42:10.351  INFO 1 --- [io-12031-exec-2] order.service.OrderServiceImpl           : [create][Create Order][Ready to Create Order]
2026-03-18 09:42:10.364  INFO 1 --- [io-12031-exec-2] order.service.OrderServiceImpl           : [create][Order Create Success][Order Price][OrderId:df36ada6-f7f9-4aa7-8a6e-63cdaee81835 , Price: 0.0]
2026-03-18 09:42:10.758  INFO 1 --- [io-12031-exec-5] order.controller.OrderController         : [createNewOrder][Create Order][from shanghai to taiyuan at 1970-01-02 18:17:36]
2026-03-18 09:42:10.758  INFO 1 --- [io-12031-exec-5] order.service.OrderServiceImpl           : [create][Create Order][Ready to Create Order]
2026-03-18 09:42:10.772  INFO 1 --- [io-12031-exec-5] order.service.OrderServiceImpl           : [create][Order Create Success][Order Price][OrderId:eb0a915a-4176-4e4f-a83a-378c828600cb , Price: 0.0]
2026-03-18 09:42:11.063  INFO 1 --- [io-12031-exec-4] order.controller.OrderController         : [createNewOrder][Create Order][from shanghai to taiyuan at 1970-01-02 18:17:36]
2026-03-18 09:42:11.063  INFO 1 --- [io-12031-exec-4] order.service.OrderServiceImpl           : [create][Create Order][Ready to Create Order]
2026-03-18 09:42:11.077  INFO 1 --- [io-12031-exec-4] order.service.OrderServiceImpl           : [create][Order Create Success][Order Price][OrderId:a92e064f-8a8b-4825-af2d-46b66a335f2b , Price: 0.0]
2026-03-18 09:42:11.365  INFO 1 --- [io-12031-exec-7] order.controller.OrderController         : [createNewOrder][Create Order][from shanghai to taiyuan at 1970-01-02 18:17:36]
2026-03-18 09:42:11.365  INFO 1 --- [io-12031-exec-7] order.service.OrderServiceImpl           : [create][Create Order][Ready to Create Order]
2026-03-18 09:42:11.381  INFO 1 --- [io-12031-exec-7] order.service.OrderServiceImpl           : [create][Order Create Success][Order Price][OrderId:26e9ec45-bb72-423f-9262-e2f7bb816a2e , Price: 0.0]
2026-03-18 09:42:11.662  INFO 1 --- [io-12031-exec-8] order.controller.OrderController         : [createNewOrder][Create Order][from shanghai to taiyuan at 1970-01-02 18:17:36]
2026-03-18 09:42:11.662  INFO 1 --- [io-12031-exec-8] order.service.OrderServiceImpl           : [create][Create Order][Ready to Create Order]
2026-03-18 09:42:11.676  INFO 1 --- [io-12031-exec-8] order.service.OrderServiceImpl           : [create][Order Create Success][Order Price][OrderId:ad03008d-ef29-42f4-a374-2aab8cefaf1a , Price: 0.0]
2026-03-18 09:42:11.953  INFO 1 --- [o-12031-exec-10] order.controller.OrderController         : [createNewOrder][Create Order][from shanghai to taiyuan at 1970-01-02 18:17:36]
2026-03-18 09:42:11.953  INFO 1 --- [o-12031-exec-10] order.service.OrderServiceImpl           : [create][Create Order][Ready to Create Order]
2026-03-18 09:42:11.967  INFO 1 --- [o-12031-exec-10] order.service.OrderServiceImpl           : [create][Order Create Success][Order Price][OrderId:0445d200-794a-4191-861f-7b88ebbcd85a , Price: 0.0]
2026-03-18 09:42:12.258  INFO 1 --- [io-12031-exec-9] order.controller.OrderController         : [createNewOrder][Create Order][from shanghai to taiyuan at 1970-01-02 18:17:36]
2026-03-18 09:42:12.258  INFO 1 --- [io-12031-exec-9] order.service.OrderServiceImpl           : [create][Create Order][Ready to Create Order]
2026-03-18 09:42:12.273  INFO 1 --- [io-12031-exec-9] order.service.OrderServiceImpl           : [create][Order Create Success][Order Price][OrderId:7a6da4ca-f6aa-48e1-bfe7-1adb1b7fb001 , Price: 0.0]
2026-03-18 09:42:12.558  INFO 1 --- [io-12031-exec-1] order.controller.OrderController         : [createNewOrder][Create Order][from shanghai to taiyuan at 1970-01-02 18:17:36]
2026-03-18 09:42:12.558  INFO 1 --- [io-12031-exec-1] order.service.OrderServiceImpl           : [create][Create Order][Ready to Create Order]
2026-03-18 09:42:12.581  INFO 1 --- [io-12031-exec-1] order.service.OrderServiceImpl           : [create][Order Create Success][Order Price][OrderId:372ec8c4-76bf-49a1-81ed-fb458ae10b4c , Price: 0.0]
2026-03-18 09:42:12.867  INFO 1 --- [io-12031-exec-3] order.controller.OrderController         : [createNewOrder][Create Order][from shanghai to taiyuan at 1970-01-02 18:17:36]
2026-03-18 09:42:12.867  INFO 1 --- [io-12031-exec-3] order.service.OrderServiceImpl           : [create][Create Order][Ready to Create Order]
2026-03-18 09:42:12.882  INFO 1 --- [io-12031-exec-3] order.service.OrderServiceImpl           : [create][Order Create Success][Order Price][OrderId:f7d28a86-6a91-4334-ae45-865440cbad65 , Price: 0.0]
2026-03-18 09:42:13.159  INFO 1 --- [io-12031-exec-2] order.controller.OrderController         : [createNewOrder][Create Order][from shanghai to taiyuan at 1970-01-02 18:17:36]
2026-03-18 09:42:13.159  INFO 1 --- [io-12031-exec-2] order.service.OrderServiceImpl           : [create][Create Order][Ready to Create Order]
2026-03-18 09:42:13.174  INFO 1 --- [io-12031-exec-2] order.service.OrderServiceImpl           : [create][Order Create Success][Order Price][OrderId:7a39a31c-0537-4f7c-ac11-d5b11c9f4762 , Price: 0.0]
2026-03-18 09:42:13.466  INFO 1 --- [io-12031-exec-5] order.controller.OrderController         : [createNewOrder][Create Order][from shanghai to taiyuan at 1970-01-02 18:17:36]
2026-03-18 09:42:13.466  INFO 1 --- [io-12031-exec-5] order.service.OrderServiceImpl           : [create][Create Order][Ready to Create Order]
2026-03-18 09:42:13.480  INFO 1 --- [io-12031-exec-5] order.service.OrderServiceImpl           : [create][Order Create Success][Order Price][OrderId:85fe9ed8-2c6d-4cdf-aeb9-fa830367b6a7 , Price: 0.0]
2026-03-18 09:42:13.761  INFO 1 --- [io-12031-exec-4] order.controller.OrderController         : [createNewOrder][Create Order][from shanghai to taiyuan at 1970-01-02 18:17:36]
2026-03-18 09:42:13.761  INFO 1 --- [io-12031-exec-4] order.service.OrderServiceImpl           : [create][Create Order][Ready to Create Order]
2026-03-18 09:42:13.777  INFO 1 --- [io-12031-exec-4] order.service.OrderServiceImpl           : [create][Order Create Success][Order Price][OrderId:f4dbddc1-6926-44bf-a0bf-54f308558c8f , Price: 0.0]
2026-03-18 09:42:14.053  INFO 1 --- [io-12031-exec-6] order.controller.OrderController         : [createNewOrder][Create Order][from shanghai to taiyuan at 1970-01-02 18:17:36]
2026-03-18 09:42:14.053  INFO 1 --- [io-12031-exec-6] order.service.OrderServiceImpl           : [create][Create Order][Ready to Create Order]
2026-03-18 09:42:14.068  INFO 1 --- [io-12031-exec-6] order.service.OrderServiceImpl           : [create][Order Create Success][Order Price][OrderId:dde9ee76-d1a1-42d0-8608-adb49c81744c , Price: 0.0]
2026-03-18 09:42:14.369  INFO 1 --- [io-12031-exec-7] order.controller.OrderController         : [createNewOrder][Create Order][from shanghai to taiyuan at 1970-01-02 18:17:36]
2026-03-18 09:42:14.369  INFO 1 --- [io-12031-exec-7] order.service.OrderServiceImpl           : [create][Create Order][Ready to Create Order]
2026-03-18 09:42:14.467  INFO 1 --- [io-12031-exec-7] order.service.OrderServiceImpl           : [create][Order Create Success][Order Price][OrderId:ca1c37cc-25d7-4c30-9049-f115ec4175d0 , Price: 0.0]
2026-03-18 09:42:14.745  INFO 1 --- [io-12031-exec-8] order.controller.OrderController         : [createNewOrder][Create Order][from shanghai to taiyuan at 1970-01-02 18:17:36]
2026-03-18 09:42:14.745  INFO 1 --- [io-12031-exec-8] order.service.OrderServiceImpl           : [create][Create Order][Ready to Create Order]
2026-03-18 09:42:14.777  INFO 1 --- [io-12031-exec-8] order.service.OrderServiceImpl           : [create][Order Create Success][Order Price][OrderId:cf13f56d-502c-43b2-bec8-38433489a27a , Price: 0.0]
2026-03-18 09:42:15.051  INFO 1 --- [o-12031-exec-10] order.controller.OrderController         : [createNewOrder][Create Order][from shanghai to taiyuan at 1970-01-02 18:17:36]
2026-03-18 09:42:15.051  INFO 1 --- [o-12031-exec-10] order.service.OrderServiceImpl           : [create][Create Order][Ready to Create Order]
2026-03-18 09:42:15.064  INFO 1 --- [o-12031-exec-10] order.service.OrderServiceImpl           : [create][Order Create Success][Order Price][OrderId:19e4128a-53fa-475d-a62a-7f2574a1db8c , Price: 0.0]
2026-03-18 09:42:15.344  INFO 1 --- [io-12031-exec-9] order.controller.OrderController         : [createNewOrder][Create Order][from shanghai to taiyuan at 1970-01-02 18:17:36]
2026-03-18 09:42:15.344  INFO 1 --- [io-12031-exec-9] order.service.OrderServiceImpl           : [create][Create Order][Ready to Create Order]
2026-03-18 09:42:15.467  INFO 1 --- [io-12031-exec-9] order.service.OrderServiceImpl           : [create][Order Create Success][Order Price][OrderId:caecc6fc-9158-47fd-b843-67ccf17d2a2f , Price: 0.0]
2026-03-18 09:42:15.753  INFO 1 --- [io-12031-exec-1] order.controller.OrderController         : [createNewOrder][Create Order][from shanghai to taiyuan at 1970-01-02 18:17:36]
2026-03-18 09:42:15.753  INFO 1 --- [io-12031-exec-1] order.service.OrderServiceImpl           : [create][Create Order][Ready to Create Order]
2026-03-18 09:42:15.767  INFO 1 --- [io-12031-exec-1] order.service.OrderServiceImpl           : [create][Order Create Success][Order Price][OrderId:e03bae1a-6722-4862-a04c-2b69508e9dbd , Price: 0.0]
2026-03-18 09:42:16.055  INFO 1 --- [io-12031-exec-3] order.controller.OrderController         : [createNewOrder][Create Order][from shanghai to taiyuan at 1970-01-02 18:17:36]
2026-03-18 09:42:16.055  INFO 1 --- [io-12031-exec-3] order.service.OrderServiceImpl           : [create][Create Order][Ready to Create Order]
2026-03-18 09:42:16.069  INFO 1 --- [io-12031-exec-3] order.service.OrderServiceImpl           : [create][Order Create Success][Order Price][OrderId:dd7dfb80-3e86-4bfe-89c3-a81b72d46567 , Price: 0.0]
2026-03-18 09:42:16.341  INFO 1 --- [io-12031-exec-2] order.controller.OrderController         : [createNewOrder][Create Order][from shanghai to taiyuan at 1970-01-02 18:17:36]
2026-03-18 09:42:16.341  INFO 1 --- [io-12031-exec-2] order.service.OrderServiceImpl           : [create][Create Order][Ready to Create Order]
2026-03-18 09:42:16.356  INFO 1 --- [io-12031-exec-2] order.service.OrderServiceImpl           : [create][Order Create Success][Order Price][OrderId:f0b46f4a-0db2-4032-ba84-937cd5665000 , Price: 0.0]
2026-03-18 09:42:16.636  INFO 1 --- [io-12031-exec-5] order.controller.OrderController         : [createNewOrder][Create Order][from shanghai to taiyuan at 1970-01-02 18:17:36]
2026-03-18 09:42:16.636  INFO 1 --- [io-12031-exec-5] order.service.OrderServiceImpl           : [create][Create Order][Ready to Create Order]
2026-03-18 09:42:16.653  INFO 1 --- [io-12031-exec-5] order.service.OrderServiceImpl           : [create][Order Create Success][Order Price][OrderId:c9159823-b8b6-4b3d-aba9-c1a91b6cd6f6 , Price: 0.0]
2026-03-18 09:42:16.877  INFO 1 --- [io-12031-exec-4] order.controller.OrderController         : [createNewOrder][Create Order][from shanghai to taiyuan at 1970-01-02 18:17:36]
2026-03-18 09:42:16.877  INFO 1 --- [io-12031-exec-4] order.service.OrderServiceImpl           : [create][Create Order][Ready to Create Order]
2026-03-18 09:42:16.894  INFO 1 --- [io-12031-exec-4] order.service.OrderServiceImpl           : [create][Order Create Success][Order Price][OrderId:9b3d6045-f0f0-4a66-92db-b869a6987631 , Price: 0.0]
2026-03-18 09:42:17.165  INFO 1 --- [io-12031-exec-6] order.controller.OrderController         : [createNewOrder][Create Order][from shanghai to taiyuan at 1970-01-02 18:17:36]
2026-03-18 09:42:17.166  INFO 1 --- [io-12031-exec-6] order.service.OrderServiceImpl           : [create][Create Order][Ready to Create Order]
2026-03-18 09:42:17.180  INFO 1 --- [io-12031-exec-6] order.service.OrderServiceImpl           : [create][Order Create Success][Order Price][OrderId:2175e25a-8242-40a7-9c38-531194831eab , Price: 0.0]
2026-03-18 09:42:17.553  INFO 1 --- [io-12031-exec-7] order.controller.OrderController         : [createNewOrder][Create Order][from shanghai to taiyuan at 1970-01-02 18:17:36]
2026-03-18 09:42:17.553  INFO 1 --- [io-12031-exec-7] order.service.OrderServiceImpl           : [create][Create Order][Ready to Create Order]
2026-03-18 09:42:17.567  INFO 1 --- [io-12031-exec-7] order.service.OrderServiceImpl           : [create][Order Create Success][Order Price][OrderId:e01bc895-c525-4ab9-bafa-39b0e6d1cad7 , Price: 0.0]
2026-03-18 09:42:17.849  INFO 1 --- [io-12031-exec-8] order.controller.OrderController         : [createNewOrder][Create Order][from shanghai to taiyuan at 1970-01-02 18:17:36]
2026-03-18 09:42:17.849  INFO 1 --- [io-12031-exec-8] order.service.OrderServiceImpl           : [create][Create Order][Ready to Create Order]
2026-03-18 09:42:17.864  INFO 1 --- [io-12031-exec-8] order.service.OrderServiceImpl           : [create][Order Create Success][Order Price][OrderId:825bcfc2-f885-4fc3-8eb1-6a1a977e6b5d , Price: 0.0]
2026-03-18 09:42:18.142  INFO 1 --- [o-12031-exec-10] order.controller.OrderController         : [createNewOrder][Create Order][from shanghai to taiyuan at 1970-01-02 18:17:36]
2026-03-18 09:42:18.142  INFO 1 --- [o-12031-exec-10] order.service.OrderServiceImpl           : [create][Create Order][Ready to Create Order]
2026-03-18 09:42:18.158  INFO 1 --- [o-12031-exec-10] order.service.OrderServiceImpl           : [create][Order Create Success][Order Price][OrderId:357217ee-053b-48c3-bedf-fb8767998b40 , Price: 0.0]
2026-03-18 09:42:18.440  INFO 1 --- [io-12031-exec-9] order.controller.OrderController         : [createNewOrder][Create Order][from shanghai to taiyuan at 1970-01-02 18:17:36]
2026-03-18 09:42:18.440  INFO 1 --- [io-12031-exec-9] order.service.OrderServiceImpl           : [create][Create Order][Ready to Create Order]
2026-03-18 09:42:18.480  INFO 1 --- [io-12031-exec-9] order.service.OrderServiceImpl           : [create][Order Create Success][Order Price][OrderId:9f2e1e77-cdd6-4198-8439-1ba275aaa4e5 , Price: 0.0]
2026-03-18 09:42:18.764  INFO 1 --- [io-12031-exec-1] order.controller.OrderController         : [createNewOrder][Create Order][from shanghai to taiyuan at 1970-01-02 18:17:36]
2026-03-18 09:42:18.764  INFO 1 --- [io-12031-exec-1] order.service.OrderServiceImpl           : [create][Create Order][Ready to Create Order]
2026-03-18 09:42:18.778  INFO 1 --- [io-12031-exec-1] order.service.OrderServiceImpl           : [create][Order Create Success][Order Price][OrderId:a4bf12ce-cc2f-4b91-a5a9-2cc1b8bfe56e , Price: 0.0]
2026-03-18 09:42:19.059  INFO 1 --- [io-12031-exec-3] order.controller.OrderController         : [createNewOrder][Create Order][from shanghai to taiyuan at 1970-01-02 18:17:36]
2026-03-18 09:42:19.059  INFO 1 --- [io-12031-exec-3] order.service.OrderServiceImpl           : [create][Create Order][Ready to Create Order]
2026-03-18 09:42:19.073  INFO 1 --- [io-12031-exec-3] order.service.OrderServiceImpl           : [create][Order Create Success][Order Price][OrderId:dd4abb5e-12fc-40f2-95a3-0cf21620185a , Price: 0.0]
2026-03-18 09:42:19.347  INFO 1 --- [io-12031-exec-2] order.controller.OrderController         : [createNewOrder][Create Order][from shanghai to taiyuan at 1970-01-02 18:17:36]
2026-03-18 09:42:19.347  INFO 1 --- [io-12031-exec-2] order.service.OrderServiceImpl           : [create][Create Order][Ready to Create Order]
2026-03-18 09:42:19.361  INFO 1 --- [io-12031-exec-2] order.service.OrderServiceImpl           : [create][Order Create Success][Order Price][OrderId:c01c75d8-224c-43f6-84c1-45a48d69d0fb , Price: 0.0]
2026-03-18 09:42:19.633  INFO 1 --- [io-12031-exec-5] order.controller.OrderController         : [createNewOrder][Create Order][from shanghai to taiyuan at 1970-01-02 18:17:36]
2026-03-18 09:42:19.633  INFO 1 --- [io-12031-exec-5] order.service.OrderServiceImpl           : [create][Create Order][Ready to Create Order]
2026-03-18 09:42:19.648  INFO 1 --- [io-12031-exec-5] order.service.OrderServiceImpl           : [create][Order Create Success][Order Price][OrderId:7f507514-8090-417b-8614-c626c37aa228 , Price: 0.0]
2026-03-18 09:42:19.935  INFO 1 --- [io-12031-exec-4] order.controller.OrderController         : [createNewOrder][Create Order][from shanghai to taiyuan at 1970-01-02 18:17:36]
2026-03-18 09:42:19.935  INFO 1 --- [io-12031-exec-4] order.service.OrderServiceImpl           : [create][Create Order][Ready to Create Order]
2026-03-18 09:42:19.950  INFO 1 --- [io-12031-exec-4] order.service.OrderServiceImpl           : [create][Order Create Success][Order Price][OrderId:dd62fa08-5680-4258-bdfa-2ec3b965f76c , Price: 0.0]
2026-03-18 09:42:20.234  INFO 1 --- [io-12031-exec-6] order.controller.OrderController         : [createNewOrder][Create Order][from shanghai to taiyuan at 1970-01-02 18:17:36]
2026-03-18 09:42:20.234  INFO 1 --- [io-12031-exec-6] order.service.OrderServiceImpl           : [create][Create Order][Ready to Create Order]
2026-03-18 09:42:20.249  INFO 1 --- [io-12031-exec-6] order.service.OrderServiceImpl           : [create][Order Create Success][Order Price][OrderId:dda67fbc-6e38-4a76-ba82-a0ec833cf7d3 , Price: 0.0]
2026-03-18 09:42:20.481  INFO 1 --- [io-12031-exec-7] order.controller.OrderController         : [createNewOrder][Create Order][from shanghai to taiyuan at 1970-01-02 18:17:36]
2026-03-18 09:42:20.481  INFO 1 --- [io-12031-exec-7] order.service.OrderServiceImpl           : [create][Create Order][Ready to Create Order]
2026-03-18 09:42:20.495  INFO 1 --- [io-12031-exec-7] order.service.OrderServiceImpl           : [create][Order Create Success][Order Price][OrderId:15f5d79a-dca9-4c74-bf77-7a1f1230660c , Price: 0.0]
2026-03-18 09:42:20.762  INFO 1 --- [io-12031-exec-8] order.controller.OrderController         : [createNewOrder][Create Order][from shanghai to taiyuan at 1970-01-02 18:17:36]
2026-03-18 09:42:20.762  INFO 1 --- [io-12031-exec-8] order.service.OrderServiceImpl           : [create][Create Order][Ready to Create Order]
2026-03-18 09:42:20.777  INFO 1 --- [io-12031-exec-8] order.service.OrderServiceImpl           : [create][Order Create Success][Order Price][OrderId:037247a4-7366-41dd-9f51-478f003db7c0 , Price: 0.0]
2026-03-18 09:42:21.056  INFO 1 --- [o-12031-exec-10] order.controller.OrderController         : [createNewOrder][Create Order][from shanghai to taiyuan at 1970-01-02 18:17:36]
2026-03-18 09:42:21.056  INFO 1 --- [o-12031-exec-10] order.service.OrderServiceImpl           : [create][Create Order][Ready to Create Order]
2026-03-18 09:42:21.081  INFO 1 --- [o-12031-exec-10] order.service.OrderServiceImpl           : [create][Order Create Success][Order Price][OrderId:7afce96f-e65a-4d73-b5db-3d76f49a1ab7 , Price: 0.0]
2026-03-18 09:42:21.361  INFO 1 --- [io-12031-exec-1] order.controller.OrderController         : [createNewOrder][Create Order][from shanghai to taiyuan at 1970-01-02 18:17:36]
2026-03-18 09:42:21.361  INFO 1 --- [io-12031-exec-1] order.service.OrderServiceImpl           : [create][Create Order][Ready to Create Order]
2026-03-18 09:42:21.376  INFO 1 --- [io-12031-exec-1] order.service.OrderServiceImpl           : [create][Order Create Success][Order Price][OrderId:8b38bff5-c211-496d-8c50-8cde166efc13 , Price: 0.0]
2026-03-18 09:42:21.661  INFO 1 --- [io-12031-exec-3] order.controller.OrderController         : [createNewOrder][Create Order][from shanghai to taiyuan at 1970-01-02 18:17:36]
2026-03-18 09:42:21.661  INFO 1 --- [io-12031-exec-3] order.service.OrderServiceImpl           : [create][Create Order][Ready to Create Order]
2026-03-18 09:42:21.676  INFO 1 --- [io-12031-exec-3] order.service.OrderServiceImpl           : [create][Order Create Success][Order Price][OrderId:560f3604-d8cf-45ef-8341-8314fe33510c , Price: 0.0]
2026-03-18 09:42:21.951  INFO 1 --- [io-12031-exec-2] order.controller.OrderController         : [createNewOrder][Create Order][from shanghai to taiyuan at 1970-01-02 18:17:36]
2026-03-18 09:42:21.951  INFO 1 --- [io-12031-exec-2] order.service.OrderServiceImpl           : [create][Create Order][Ready to Create Order]
2026-03-18 09:42:21.965  INFO 1 --- [io-12031-exec-2] order.service.OrderServiceImpl           : [create][Order Create Success][Order Price][OrderId:b7cc4cc4-a1b5-48d8-a18b-e3a3af9023dd , Price: 0.0]
2026-03-18 09:42:22.263  INFO 1 --- [io-12031-exec-5] order.controller.OrderController         : [createNewOrder][Create Order][from shanghai to taiyuan at 1970-01-02 18:17:36]
2026-03-18 09:42:22.263  INFO 1 --- [io-12031-exec-5] order.service.OrderServiceImpl           : [create][Create Order][Ready to Create Order]
2026-03-18 09:42:22.279  INFO 1 --- [io-12031-exec-5] order.service.OrderServiceImpl           : [create][Order Create Success][Order Price][OrderId:c5a9d6d8-df61-4a02-b6c7-8fcaca537bd1 , Price: 0.0]
2026-03-18 09:42:22.559  INFO 1 --- [io-12031-exec-4] order.controller.OrderController         : [createNewOrder][Create Order][from shanghai to taiyuan at 1970-01-02 18:17:36]
2026-03-18 09:42:22.559  INFO 1 --- [io-12031-exec-4] order.service.OrderServiceImpl           : [create][Create Order][Ready to Create Order]
2026-03-18 09:42:22.573  INFO 1 --- [io-12031-exec-4] order.service.OrderServiceImpl           : [create][Order Create Success][Order Price][OrderId:e613e839-62d1-420a-8583-9c164f8c5fea , Price: 0.0]
2026-03-18 09:42:22.856  INFO 1 --- [io-12031-exec-6] order.controller.OrderController         : [createNewOrder][Create Order][from shanghai to taiyuan at 1970-01-02 18:17:36]
2026-03-18 09:42:22.856  INFO 1 --- [io-12031-exec-6] order.service.OrderServiceImpl           : [create][Create Order][Ready to Create Order]
2026-03-18 09:42:22.870  INFO 1 --- [io-12031-exec-6] order.service.OrderServiceImpl           : [create][Order Create Success][Order Price][OrderId:ecf8fe96-67a9-480f-ba8c-53d5688491f5 , Price: 0.0]
2026-03-18 09:42:23.164  INFO 1 --- [io-12031-exec-7] order.controller.OrderController         : [createNewOrder][Create Order][from shanghai to taiyuan at 1970-01-02 18:17:36]
2026-03-18 09:42:23.164  INFO 1 --- [io-12031-exec-7] order.service.OrderServiceImpl           : [create][Create Order][Ready to Create Order]
2026-03-18 09:42:23.270  INFO 1 --- [io-12031-exec-7] order.service.OrderServiceImpl           : [create][Order Create Success][Order Price][OrderId:1ea44983-5f0d-4ba5-b3fe-754d26b14dbd , Price: 0.0]
2026-03-18 09:42:23.547  INFO 1 --- [io-12031-exec-8] order.controller.OrderController         : [createNewOrder][Create Order][from shanghai to taiyuan at 1970-01-02 18:17:36]
2026-03-18 09:42:23.547  INFO 1 --- [io-12031-exec-8] order.service.OrderServiceImpl           : [create][Create Order][Ready to Create Order]
2026-03-18 09:42:23.561  INFO 1 --- [io-12031-exec-8] order.service.OrderServiceImpl           : [create][Order Create Success][Order Price][OrderId:d4dcd38b-b084-49b2-b488-dc9a8582cdf4 , Price: 0.0]
2026-03-18 09:42:23.842  INFO 1 --- [o-12031-exec-10] order.controller.OrderController         : [createNewOrder][Create Order][from shanghai to taiyuan at 1970-01-02 18:17:36]
2026-03-18 09:42:23.842  INFO 1 --- [o-12031-exec-10] order.service.OrderServiceImpl           : [create][Create Order][Ready to Create Order]
2026-03-18 09:42:23.884  INFO 1 --- [o-12031-exec-10] order.service.OrderServiceImpl           : [create][Order Create Success][Order Price][OrderId:414e46ca-5f25-4403-93fc-5a8a98930bc1 , Price: 0.0]
2026-03-18 09:42:24.160  INFO 1 --- [io-12031-exec-9] order.controller.OrderController         : [createNewOrder][Create Order][from shanghai to taiyuan at 1970-01-02 18:17:36]
2026-03-18 09:42:24.160  INFO 1 --- [io-12031-exec-9] order.service.OrderServiceImpl           : [create][Create Order][Ready to Create Order]
2026-03-18 09:42:24.175  INFO 1 --- [io-12031-exec-9] order.service.OrderServiceImpl           : [create][Order Create Success][Order Price][OrderId:ff1f1454-0b05-421b-ac6e-ca4f49275d2b , Price: 0.0]
2026-03-18 09:42:24.453  INFO 1 --- [io-12031-exec-1] order.controller.OrderController         : [createNewOrder][Create Order][from shanghai to taiyuan at 1970-01-02 18:17:36]
2026-03-18 09:42:24.453  INFO 1 --- [io-12031-exec-1] order.service.OrderServiceImpl           : [create][Create Order][Ready to Create Order]
2026-03-18 09:42:24.468  INFO 1 --- [io-12031-exec-1] order.service.OrderServiceImpl           : [create][Order Create Success][Order Price][OrderId:0bb7626b-e254-47c3-8c28-0d400b8ac422 , Price: 0.0]
2026-03-18 09:42:24.746  INFO 1 --- [io-12031-exec-3] order.controller.OrderController         : [createNewOrder][Create Order][from shanghai to taiyuan at 1970-01-02 18:17:36]
2026-03-18 09:42:24.746  INFO 1 --- [io-12031-exec-3] order.service.OrderServiceImpl           : [create][Create Order][Ready to Create Order]
2026-03-18 09:42:24.760  INFO 1 --- [io-12031-exec-3] order.service.OrderServiceImpl           : [create][Order Create Success][Order Price][OrderId:8e2ba094-b45a-4c67-9b79-4c89fc677f7d , Price: 0.0]
2026-03-18 09:42:25.032  INFO 1 --- [io-12031-exec-2] order.controller.OrderController         : [createNewOrder][Create Order][from shanghai to taiyuan at 1970-01-02 18:17:36]
2026-03-18 09:42:25.032  INFO 1 --- [io-12031-exec-2] order.service.OrderServiceImpl           : [create][Create Order][Ready to Create Order]
2026-03-18 09:42:25.045  INFO 1 --- [io-12031-exec-2] order.service.OrderServiceImpl           : [create][Order Create Success][Order Price][OrderId:ad1dcfd1-8187-42dd-aab3-877491b39b6a , Price: 0.0]
2026-03-18 09:42:25.269  INFO 1 --- [io-12031-exec-5] order.controller.OrderController         : [createNewOrder][Create Order][from shanghai to taiyuan at 1970-01-02 18:17:36]
2026-03-18 09:42:25.269  INFO 1 --- [io-12031-exec-5] order.service.OrderServiceImpl           : [create][Create Order][Ready to Create Order]
2026-03-18 09:42:25.283  INFO 1 --- [io-12031-exec-5] order.service.OrderServiceImpl           : [create][Order Create Success][Order Price][OrderId:32b25886-950b-4357-b7a1-aed2c6f58ecd , Price: 0.0]
2026-03-18 09:42:25.564  INFO 1 --- [io-12031-exec-4] order.controller.OrderController         : [createNewOrder][Create Order][from shanghai to taiyuan at 1970-01-02 18:17:36]
2026-03-18 09:42:25.564  INFO 1 --- [io-12031-exec-4] order.service.OrderServiceImpl           : [create][Create Order][Ready to Create Order]
2026-03-18 09:42:25.579  INFO 1 --- [io-12031-exec-4] order.service.OrderServiceImpl           : [create][Order Create Success][Order Price][OrderId:9f537abf-4ee4-4cd0-a4d1-930086e3e74f , Price: 0.0]
2026-03-18 09:42:26.045  INFO 1 --- [io-12031-exec-6] order.controller.OrderController         : [createNewOrder][Create Order][from shanghai to taiyuan at 1970-01-02 18:17:36]
2026-03-18 09:42:26.045  INFO 1 --- [io-12031-exec-6] order.service.OrderServiceImpl           : [create][Create Order][Ready to Create Order]
2026-03-18 09:42:26.061  INFO 1 --- [io-12031-exec-6] order.service.OrderServiceImpl           : [create][Order Create Success][Order Price][OrderId:8260555d-497b-4be4-81eb-d7b8f07eec17 , Price: 0.0]
2026-03-18 09:42:26.341  INFO 1 --- [io-12031-exec-7] order.controller.OrderController         : [createNewOrder][Create Order][from shanghai to taiyuan at 1970-01-02 18:17:36]
2026-03-18 09:42:26.341  INFO 1 --- [io-12031-exec-7] order.service.OrderServiceImpl           : [create][Create Order][Ready to Create Order]
2026-03-18 09:42:26.356  INFO 1 --- [io-12031-exec-7] order.service.OrderServiceImpl           : [create][Order Create Success][Order Price][OrderId:ae773f18-a83c-4160-a61e-957b686b7520 , Price: 0.0]
2026-03-18 09:42:26.636  INFO 1 --- [io-12031-exec-8] order.controller.OrderController         : [createNewOrder][Create Order][from shanghai to taiyuan at 1970-01-02 18:17:36]
2026-03-18 09:42:26.637  INFO 1 --- [io-12031-exec-8] order.service.OrderServiceImpl           : [create][Create Order][Ready to Create Order]
2026-03-18 09:42:26.672  INFO 1 --- [io-12031-exec-8] order.service.OrderServiceImpl           : [create][Order Create Success][Order Price][OrderId:53442327-8610-4611-9ff4-386cd2c6385b , Price: 0.0]
2026-03-18 09:42:26.948  INFO 1 --- [o-12031-exec-10] order.controller.OrderController         : [createNewOrder][Create Order][from shanghai to taiyuan at 1970-01-02 18:17:36]
2026-03-18 09:42:26.948  INFO 1 --- [o-12031-exec-10] order.service.OrderServiceImpl           : [create][Create Order][Ready to Create Order]
2026-03-18 09:42:26.961  INFO 1 --- [o-12031-exec-10] order.service.OrderServiceImpl           : [create][Order Create Success][Order Price][OrderId:9af516a6-42df-4b89-9e08-47172d6de56e , Price: 0.0]
2026-03-18 09:42:27.235  INFO 1 --- [io-12031-exec-9] order.controller.OrderController         : [createNewOrder][Create Order][from shanghai to taiyuan at 1970-01-02 18:17:36]
2026-03-18 09:42:27.235  INFO 1 --- [io-12031-exec-9] order.service.OrderServiceImpl           : [create][Create Order][Ready to Create Order]
2026-03-18 09:42:27.249  INFO 1 --- [io-12031-exec-9] order.service.OrderServiceImpl           : [create][Order Create Success][Order Price][OrderId:6cd4e9e8-b5cb-467c-baf8-27aa521e7ee7 , Price: 0.0]
2026-03-18 09:42:27.531  INFO 1 --- [io-12031-exec-1] order.controller.OrderController         : [createNewOrder][Create Order][from shanghai to taiyuan at 1970-01-02 18:17:36]
2026-03-18 09:42:27.531  INFO 1 --- [io-12031-exec-1] order.service.OrderServiceImpl           : [create][Create Order][Ready to Create Order]
2026-03-18 09:42:27.544  INFO 1 --- [io-12031-exec-1] order.service.OrderServiceImpl           : [create][Order Create Success][Order Price][OrderId:b3ddadb9-a761-4ac7-9aa8-945a80f5f058 , Price: 0.0]
2026-03-18 09:42:27.767  INFO 1 --- [io-12031-exec-3] order.controller.OrderController         : [createNewOrder][Create Order][from shanghai to taiyuan at 1970-01-02 18:17:36]
2026-03-18 09:42:27.767  INFO 1 --- [io-12031-exec-3] order.service.OrderServiceImpl           : [create][Create Order][Ready to Create Order]
2026-03-18 09:42:27.780  INFO 1 --- [io-12031-exec-3] order.service.OrderServiceImpl           : [create][Order Create Success][Order Price][OrderId:90dcca62-3f07-4331-b90d-90dc5b0064d3 , Price: 0.0]
2026-03-18 09:42:28.058  INFO 1 --- [io-12031-exec-2] order.controller.OrderController         : [createNewOrder][Create Order][from shanghai to taiyuan at 1970-01-02 18:17:36]
2026-03-18 09:42:28.058  INFO 1 --- [io-12031-exec-2] order.service.OrderServiceImpl           : [create][Create Order][Ready to Create Order]
2026-03-18 09:42:28.073  INFO 1 --- [io-12031-exec-2] order.service.OrderServiceImpl           : [create][Order Create Success][Order Price][OrderId:d2dbf999-a459-4241-a45b-9175a9bb14ac , Price: 0.0]
2026-03-18 09:42:28.356  INFO 1 --- [io-12031-exec-5] order.controller.OrderController         : [createNewOrder][Create Order][from shanghai to taiyuan at 1970-01-02 18:17:36]
2026-03-18 09:42:28.356  INFO 1 --- [io-12031-exec-5] order.service.OrderServiceImpl           : [create][Create Order][Ready to Create Order]
2026-03-18 09:42:28.371  INFO 1 --- [io-12031-exec-5] order.service.OrderServiceImpl           : [create][Order Create Success][Order Price][OrderId:10cc714e-04e8-487e-be8a-c4721bd96617 , Price: 0.0]
2026-03-18 09:42:28.651  INFO 1 --- [io-12031-exec-4] order.controller.OrderController         : [createNewOrder][Create Order][from shanghai to taiyuan at 1970-01-02 18:17:36]
2026-03-18 09:42:28.651  INFO 1 --- [io-12031-exec-4] order.service.OrderServiceImpl           : [create][Create Order][Ready to Create Order]
2026-03-18 09:42:28.667  INFO 1 --- [io-12031-exec-4] order.service.OrderServiceImpl           : [create][Order Create Success][Order Price][OrderId:95b84ecd-bc34-4145-ac2d-8d2d7f0cdc8d , Price: 0.0]
2026-03-18 09:42:28.948  INFO 1 --- [io-12031-exec-6] order.controller.OrderController         : [createNewOrder][Create Order][from shanghai to taiyuan at 1970-01-02 18:17:36]
2026-03-18 09:42:28.948  INFO 1 --- [io-12031-exec-6] order.service.OrderServiceImpl           : [create][Create Order][Ready to Create Order]
2026-03-18 09:42:28.962  INFO 1 --- [io-12031-exec-6] order.service.OrderServiceImpl           : [create][Order Create Success][Order Price][OrderId:a0a7a302-8b9a-4d4c-93af-5e74d89e0019 , Price: 0.0]
2026-03-18 09:42:29.235  INFO 1 --- [io-12031-exec-7] order.controller.OrderController         : [createNewOrder][Create Order][from shanghai to taiyuan at 1970-01-02 18:17:36]
2026-03-18 09:42:29.235  INFO 1 --- [io-12031-exec-7] order.service.OrderServiceImpl           : [create][Create Order][Ready to Create Order]
2026-03-18 09:42:29.283  INFO 1 --- [io-12031-exec-7] order.service.OrderServiceImpl           : [create][Order Create Success][Order Price][OrderId:799ae1f5-c54c-418c-b7d5-4cc90447e9eb , Price: 0.0]
2026-03-18 09:42:29.555  INFO 1 --- [io-12031-exec-8] order.controller.OrderController         : [createNewOrder][Create Order][from shanghai to taiyuan at 1970-01-02 18:17:36]
2026-03-18 09:42:29.555  INFO 1 --- [io-12031-exec-8] order.service.OrderServiceImpl           : [create][Create Order][Ready to Create Order]
2026-03-18 09:42:29.569  INFO 1 --- [io-12031-exec-8] order.service.OrderServiceImpl           : [create][Order Create Success][Order Price][OrderId:8afc3f0f-12fb-4c0b-9cd1-c5f602369a9a , Price: 0.0]
2026-03-18 09:42:29.841  INFO 1 --- [o-12031-exec-10] order.controller.OrderController         : [createNewOrder][Create Order][from shanghai to taiyuan at 1970-01-02 18:17:36]
2026-03-18 09:42:29.841  INFO 1 --- [o-12031-exec-10] order.service.OrderServiceImpl           : [create][Create Order][Ready to Create Order]
2026-03-18 09:42:29.858  INFO 1 --- [o-12031-exec-10] order.service.OrderServiceImpl           : [create][Order Create Success][Order Price][OrderId:484e8c8c-0504-4fdb-a1de-f3aae95ddef8 , Price: 0.0]
2026-03-18 09:42:30.146  INFO 1 --- [io-12031-exec-9] order.controller.OrderController         : [createNewOrder][Create Order][from shanghai to taiyuan at 1970-01-02 18:17:36]
2026-03-18 09:42:30.147  INFO 1 --- [io-12031-exec-9] order.service.OrderServiceImpl           : [create][Create Order][Ready to Create Order]
2026-03-18 09:42:30.162  INFO 1 --- [io-12031-exec-9] order.service.OrderServiceImpl           : [create][Order Create Success][Order Price][OrderId:f5629800-9990-4819-a599-412d44bae210 , Price: 0.0]
2026-03-18 09:42:30.452  INFO 1 --- [io-12031-exec-1] order.controller.OrderController         : [createNewOrder][Create Order][from shanghai to taiyuan at 1970-01-02 18:17:36]
2026-03-18 09:42:30.452  INFO 1 --- [io-12031-exec-1] order.service.OrderServiceImpl           : [create][Create Order][Ready to Create Order]
2026-03-18 09:42:30.471  INFO 1 --- [io-12031-exec-1] order.service.OrderServiceImpl           : [create][Order Create Success][Order Price][OrderId:3a139145-298b-4f77-9790-63626dffd5d0 , Price: 0.0]
2026-03-18 09:42:30.758  INFO 1 --- [io-12031-exec-3] order.controller.OrderController         : [createNewOrder][Create Order][from shanghai to taiyuan at 1970-01-02 18:17:36]
2026-03-18 09:42:30.759  INFO 1 --- [io-12031-exec-3] order.service.OrderServiceImpl           : [create][Create Order][Ready to Create Order]
2026-03-18 09:42:30.774  INFO 1 --- [io-12031-exec-3] order.service.OrderServiceImpl           : [create][Order Create Success][Order Price][OrderId:06592c18-683b-4e92-a341-698ac42a23b1 , Price: 0.0]
2026-03-18 09:42:31.046  INFO 1 --- [io-12031-exec-2] order.controller.OrderController         : [createNewOrder][Create Order][from shanghai to taiyuan at 1970-01-02 18:17:36]
2026-03-18 09:42:31.046  INFO 1 --- [io-12031-exec-2] order.service.OrderServiceImpl           : [create][Create Order][Ready to Create Order]
2026-03-18 09:42:31.060  INFO 1 --- [io-12031-exec-2] order.service.OrderServiceImpl           : [create][Order Create Success][Order Price][OrderId:4ade1c8d-108b-42de-8a9f-3448d222f00a , Price: 0.0]
2026-03-18 09:42:31.339  INFO 1 --- [io-12031-exec-4] order.controller.OrderController         : [createNewOrder][Create Order][from shanghai to taiyuan at 1970-01-02 18:17:36]
2026-03-18 09:42:31.339  INFO 1 --- [io-12031-exec-4] order.service.OrderServiceImpl           : [create][Create Order][Ready to Create Order]
2026-03-18 09:42:31.355  INFO 1 --- [io-12031-exec-4] order.service.OrderServiceImpl           : [create][Order Create Success][Order Price][OrderId:85bec072-8aee-4a9d-9a3e-4a8522805ffb , Price: 0.0]
2026-03-18 09:42:31.632  INFO 1 --- [io-12031-exec-6] order.controller.OrderController         : [createNewOrder][Create Order][from shanghai to taiyuan at 1970-01-02 18:17:36]
2026-03-18 09:42:31.632  INFO 1 --- [io-12031-exec-6] order.service.OrderServiceImpl           : [create][Create Order][Ready to Create Order]
2026-03-18 09:42:31.645  INFO 1 --- [io-12031-exec-6] order.service.OrderServiceImpl           : [create][Order Create Success][Order Price][OrderId:a5f60e56-2fba-49b4-940a-386e55f9ed4d , Price: 0.0]
2026-03-18 09:42:31.869  INFO 1 --- [io-12031-exec-7] order.controller.OrderController         : [createNewOrder][Create Order][from shanghai to taiyuan at 1970-01-02 18:17:36]
2026-03-18 09:42:31.869  INFO 1 --- [io-12031-exec-7] order.service.OrderServiceImpl           : [create][Create Order][Ready to Create Order]
2026-03-18 09:42:31.985  INFO 1 --- [io-12031-exec-7] order.service.OrderServiceImpl           : [create][Order Create Success][Order Price][OrderId:c09ac9c6-398f-4ea0-af0a-cd6d9142ba9d , Price: 0.0]
2026-03-18 09:42:32.259  INFO 1 --- [io-12031-exec-8] order.controller.OrderController         : [createNewOrder][Create Order][from shanghai to taiyuan at 1970-01-02 18:17:36]
2026-03-18 09:42:32.259  INFO 1 --- [io-12031-exec-8] order.service.OrderServiceImpl           : [create][Create Order][Ready to Create Order]
2026-03-18 09:42:32.274  INFO 1 --- [io-12031-exec-8] order.service.OrderServiceImpl           : [create][Order Create Success][Order Price][OrderId:988238ae-f3f9-452b-9cbb-724ad1320205 , Price: 0.0]
2026-03-18 09:42:32.545  INFO 1 --- [o-12031-exec-10] order.controller.OrderController         : [createNewOrder][Create Order][from shanghai to taiyuan at 1970-01-02 18:17:36]
2026-03-18 09:42:32.545  INFO 1 --- [o-12031-exec-10] order.service.OrderServiceImpl           : [create][Create Order][Ready to Create Order]
2026-03-18 09:42:32.557  INFO 1 --- [o-12031-exec-10] order.service.OrderServiceImpl           : [create][Order Create Success][Order Price][OrderId:b75a82d8-836e-4a29-b5eb-92b2c6e104bc , Price: 0.0]
2026-03-18 09:42:32.833  INFO 1 --- [io-12031-exec-9] order.controller.OrderController         : [createNewOrder][Create Order][from shanghai to taiyuan at 1970-01-02 18:17:36]
2026-03-18 09:42:32.834  INFO 1 --- [io-12031-exec-9] order.service.OrderServiceImpl           : [create][Create Order][Ready to Create Order]
2026-03-18 09:42:32.847  INFO 1 --- [io-12031-exec-9] order.service.OrderServiceImpl           : [create][Order Create Success][Order Price][OrderId:99d2372d-4e8c-4c70-a6fe-b6d97a6e1b7b , Price: 0.0]
2026-03-18 09:42:33.074  INFO 1 --- [io-12031-exec-1] order.controller.OrderController         : [createNewOrder][Create Order][from shanghai to taiyuan at 1970-01-02 18:17:36]
2026-03-18 09:42:33.074  INFO 1 --- [io-12031-exec-1] order.service.OrderServiceImpl           : [create][Create Order][Ready to Create Order]
2026-03-18 09:42:33.089  INFO 1 --- [io-12031-exec-1] order.service.OrderServiceImpl           : [create][Order Create Success][Order Price][OrderId:0884e8a5-4e33-477d-964e-57c02c41e258 , Price: 0.0]
2026-03-18 09:42:33.360  INFO 1 --- [io-12031-exec-3] order.controller.OrderController         : [createNewOrder][Create Order][from shanghai to taiyuan at 1970-01-02 18:17:36]
2026-03-18 09:42:33.360  INFO 1 --- [io-12031-exec-3] order.service.OrderServiceImpl           : [create][Create Order][Ready to Create Order]
2026-03-18 09:42:33.373  INFO 1 --- [io-12031-exec-3] order.service.OrderServiceImpl           : [create][Order Create Success][Order Price][OrderId:4aaa9285-57d2-40e6-8022-fc6950ecdc14 , Price: 0.0]
2026-03-18 09:42:33.647  INFO 1 --- [io-12031-exec-2] order.controller.OrderController         : [createNewOrder][Create Order][from shanghai to taiyuan at 1970-01-02 18:17:36]
2026-03-18 09:42:33.647  INFO 1 --- [io-12031-exec-2] order.service.OrderServiceImpl           : [create][Create Order][Ready to Create Order]
2026-03-18 09:42:33.662  INFO 1 --- [io-12031-exec-2] order.service.OrderServiceImpl           : [create][Order Create Success][Order Price][OrderId:d9757f23-28b5-4ef0-9eb5-af62508d2e34 , Price: 0.0]
2026-03-18 09:42:33.942  INFO 1 --- [io-12031-exec-5] order.controller.OrderController         : [createNewOrder][Create Order][from shanghai to taiyuan at 1970-01-02 18:17:36]
2026-03-18 09:42:33.942  INFO 1 --- [io-12031-exec-5] order.service.OrderServiceImpl           : [create][Create Order][Ready to Create Order]
2026-03-18 09:42:33.957  INFO 1 --- [io-12031-exec-5] order.service.OrderServiceImpl           : [create][Order Create Success][Order Price][OrderId:336feac1-5094-4e03-a225-af433b39c280 , Price: 0.0]
2026-03-18 09:42:34.236  INFO 1 --- [io-12031-exec-4] order.controller.OrderController         : [createNewOrder][Create Order][from shanghai to taiyuan at 1970-01-02 18:17:36]
2026-03-18 09:42:34.236  INFO 1 --- [io-12031-exec-4] order.service.OrderServiceImpl           : [create][Create Order][Ready to Create Order]
2026-03-18 09:42:34.250  INFO 1 --- [io-12031-exec-4] order.service.OrderServiceImpl           : [create][Order Create Success][Order Price][OrderId:cf326e62-077e-47ab-bcce-7da2919b3155 , Price: 0.0]
2026-03-18 09:42:34.485  INFO 1 --- [io-12031-exec-6] order.controller.OrderController         : [createNewOrder][Create Order][from shanghai to taiyuan at 1970-01-02 18:17:36]
2026-03-18 09:42:34.485  INFO 1 --- [io-12031-exec-6] order.service.OrderServiceImpl           : [create][Create Order][Ready to Create Order]
2026-03-18 09:42:34.571  INFO 1 --- [io-12031-exec-6] order.service.OrderServiceImpl           : [create][Order Create Success][Order Price][OrderId:5e5d3f88-6d72-41bb-a11f-ba9985760396 , Price: 0.0]
2026-03-18 09:42:34.846  INFO 1 --- [io-12031-exec-7] order.controller.OrderController         : [createNewOrder][Create Order][from shanghai to taiyuan at 1970-01-02 18:17:36]
2026-03-18 09:42:34.846  INFO 1 --- [io-12031-exec-7] order.service.OrderServiceImpl           : [create][Create Order][Ready to Create Order]
2026-03-18 09:42:34.861  INFO 1 --- [io-12031-exec-7] order.service.OrderServiceImpl           : [create][Order Create Success][Order Price][OrderId:5486c8aa-a990-42d2-a138-1f5164934011 , Price: 0.0]
2026-03-18 09:42:35.141  INFO 1 --- [io-12031-exec-8] order.controller.OrderController         : [createNewOrder][Create Order][from shanghai to taiyuan at 1970-01-02 18:17:36]
2026-03-18 09:42:35.141  INFO 1 --- [io-12031-exec-8] order.service.OrderServiceImpl           : [create][Create Order][Ready to Create Order]
2026-03-18 09:42:35.154  INFO 1 --- [io-12031-exec-8] order.service.OrderServiceImpl           : [create][Order Create Success][Order Price][OrderId:bc2ed074-2176-4bfe-a3aa-666f1bd6b7cf , Price: 0.0]
2026-03-18 09:42:35.436  INFO 1 --- [o-12031-exec-10] order.controller.OrderController         : [createNewOrder][Create Order][from shanghai to taiyuan at 1970-01-02 18:17:36]
2026-03-18 09:42:35.436  INFO 1 --- [o-12031-exec-10] order.service.OrderServiceImpl           : [create][Create Order][Ready to Create Order]
2026-03-18 09:42:35.451  INFO 1 --- [o-12031-exec-10] order.service.OrderServiceImpl           : [create][Order Create Success][Order Price][OrderId:2299203e-655f-48a3-af99-a1a031dfee9b , Price: 0.0]
2026-03-18 09:42:35.681  INFO 1 --- [io-12031-exec-9] order.controller.OrderController         : [createNewOrder][Create Order][from shanghai to taiyuan at 1970-01-02 18:17:36]
2026-03-18 09:42:35.681  INFO 1 --- [io-12031-exec-9] order.service.OrderServiceImpl           : [create][Create Order][Ready to Create Order]
2026-03-18 09:42:35.695  INFO 1 --- [io-12031-exec-9] order.service.OrderServiceImpl           : [create][Order Create Success][Order Price][OrderId:c6e6cf32-c9dd-4375-a8da-48481db697cd , Price: 0.0]
2026-03-18 09:42:35.967  INFO 1 --- [io-12031-exec-1] order.controller.OrderController         : [createNewOrder][Create Order][from shanghai to taiyuan at 1970-01-02 18:17:36]
2026-03-18 09:42:35.967  INFO 1 --- [io-12031-exec-1] order.service.OrderServiceImpl           : [create][Create Order][Ready to Create Order]
2026-03-18 09:42:35.982  INFO 1 --- [io-12031-exec-1] order.service.OrderServiceImpl           : [create][Order Create Success][Order Price][OrderId:7e19edd6-649c-4795-bbcc-1c48dd3808d6 , Price: 0.0]
2026-03-18 09:42:36.262  INFO 1 --- [io-12031-exec-3] order.controller.OrderController         : [createNewOrder][Create Order][from shanghai to taiyuan at 1970-01-02 18:17:36]
2026-03-18 09:42:36.262  INFO 1 --- [io-12031-exec-3] order.service.OrderServiceImpl           : [create][Create Order][Ready to Create Order]
2026-03-18 09:42:36.278  INFO 1 --- [io-12031-exec-3] order.service.OrderServiceImpl           : [create][Order Create Success][Order Price][OrderId:aa7598ba-85f3-4a7c-86da-42afa27e549e , Price: 0.0]
2026-03-18 09:42:36.564  INFO 1 --- [io-12031-exec-2] order.controller.OrderController         : [createNewOrder][Create Order][from shanghai to taiyuan at 1970-01-02 18:17:36]
2026-03-18 09:42:36.564  INFO 1 --- [io-12031-exec-2] order.service.OrderServiceImpl           : [create][Create Order][Ready to Create Order]
2026-03-18 09:42:36.579  INFO 1 --- [io-12031-exec-2] order.service.OrderServiceImpl           : [create][Order Create Success][Order Price][OrderId:1d38f205-19e2-42f9-9db6-82a646aa5a6b , Price: 0.0]
2026-03-18 09:42:36.874  INFO 1 --- [io-12031-exec-5] order.controller.OrderController         : [createNewOrder][Create Order][from shanghai to taiyuan at 1970-01-02 18:17:36]
2026-03-18 09:42:36.874  INFO 1 --- [io-12031-exec-5] order.service.OrderServiceImpl           : [create][Create Order][Ready to Create Order]
2026-03-18 09:42:36.888  INFO 1 --- [io-12031-exec-5] order.service.OrderServiceImpl           : [create][Order Create Success][Order Price][OrderId:a1803f91-e4d7-44ab-98cd-d2ef3d278e9c , Price: 0.0]
2026-03-18 09:42:37.158  INFO 1 --- [io-12031-exec-4] order.controller.OrderController         : [createNewOrder][Create Order][from shanghai to taiyuan at 1970-01-02 18:17:36]
2026-03-18 09:42:37.158  INFO 1 --- [io-12031-exec-4] order.service.OrderServiceImpl           : [create][Create Order][Ready to Create Order]
2026-03-18 09:42:37.182  INFO 1 --- [io-12031-exec-4] order.service.OrderServiceImpl           : [create][Order Create Success][Order Price][OrderId:2fae374c-ed45-47ee-921f-b2a59d88dc5f , Price: 0.0]
2026-03-18 09:42:37.463  INFO 1 --- [io-12031-exec-6] order.controller.OrderController         : [createNewOrder][Create Order][from shanghai to taiyuan at 1970-01-02 18:17:36]
2026-03-18 09:42:37.463  INFO 1 --- [io-12031-exec-6] order.service.OrderServiceImpl           : [create][Create Order][Ready to Create Order]
2026-03-18 09:42:37.477  INFO 1 --- [io-12031-exec-6] order.service.OrderServiceImpl           : [create][Order Create Success][Order Price][OrderId:bab8b165-8934-4556-a339-af2647578151 , Price: 0.0]
