2026-03-11 16:20:20.603  INFO 1 --- [io-12031-exec-3] order.service.OrderServiceImpl           : [PYTHIA_FINE_TRACE] service=ts-order-service stage=service_create latency_ms=2800
2026-03-11 16:20:20.608  INFO 1 --- [io-12031-exec-3] order.controller.OrderController         : [PYTHIA_FINE_TRACE] service=ts-order-service endpoint=createOrder latency_ms=2805
2026-03-11 16:20:21.802  INFO 1 --- [io-12031-exec-4] order.service.OrderServiceImpl           : [PYTHIA_FINE_TRACE] service=ts-order-service stage=service_create latency_ms=610
2026-03-11 16:20:21.802  INFO 1 --- [io-12031-exec-4] order.controller.OrderController         : [PYTHIA_FINE_TRACE] service=ts-order-service endpoint=createOrder latency_ms=611
2026-03-11 16:20:22.519  INFO 1 --- [io-12031-exec-6] order.service.OrderServiceImpl           : [PYTHIA_FINE_TRACE] service=ts-order-service stage=service_create latency_ms=390
2026-03-11 16:20:22.519  INFO 1 --- [io-12031-exec-6] order.controller.OrderController         : [PYTHIA_FINE_TRACE] service=ts-order-service endpoint=createOrder latency_ms=390
2026-03-11 16:20:23.303  INFO 1 --- [io-12031-exec-7] order.service.OrderServiceImpl           : [PYTHIA_FINE_TRACE] service=ts-order-service stage=service_create latency_ms=476
2026-03-11 16:20:23.303  INFO 1 --- [io-12031-exec-7] order.controller.OrderController         : [PYTHIA_FINE_TRACE] service=ts-order-service endpoint=createOrder latency_ms=476
2026-03-11 16:20:24.011  INFO 1 --- [io-12031-exec-8] order.service.OrderServiceImpl           : [PYTHIA_FINE_TRACE] service=ts-order-service stage=service_create latency_ms=380
2026-03-11 16:20:24.011  INFO 1 --- [io-12031-exec-8] order.controller.OrderController         : [PYTHIA_FINE_TRACE] service=ts-order-service endpoint=createOrder latency_ms=380
2026-03-11 16:20:24.603  INFO 1 --- [io-12031-exec-9] order.service.OrderServiceImpl           : [PYTHIA_FINE_TRACE] service=ts-order-service stage=service_create latency_ms=275
2026-03-11 16:20:24.603  INFO 1 --- [io-12031-exec-9] order.controller.OrderController         : [PYTHIA_FINE_TRACE] service=ts-order-service endpoint=createOrder latency_ms=275
2026-03-11 16:20:25.211  INFO 1 --- [o-12031-exec-10] order.service.OrderServiceImpl           : [PYTHIA_FINE_TRACE] service=ts-order-service stage=service_create latency_ms=285
2026-03-11 16:20:25.211  INFO 1 --- [o-12031-exec-10] order.controller.OrderController         : [PYTHIA_FINE_TRACE] service=ts-order-service endpoint=createOrder latency_ms=286
2026-03-11 16:20:25.823  INFO 1 --- [io-12031-exec-1] order.service.OrderServiceImpl           : [PYTHIA_FINE_TRACE] service=ts-order-service stage=service_create latency_ms=298
2026-03-11 16:20:25.823  INFO 1 --- [io-12031-exec-1] order.controller.OrderController         : [PYTHIA_FINE_TRACE] service=ts-order-service endpoint=createOrder latency_ms=298
2026-03-11 16:20:26.519  INFO 1 --- [io-12031-exec-2] order.service.OrderServiceImpl           : [PYTHIA_FINE_TRACE] service=ts-order-service stage=service_create latency_ms=213
2026-03-11 16:20:26.519  INFO 1 --- [io-12031-exec-2] order.controller.OrderController         : [PYTHIA_FINE_TRACE] service=ts-order-service endpoint=createOrder latency_ms=214
2026-03-11 16:20:27.214  INFO 1 --- [io-12031-exec-3] order.service.OrderServiceImpl           : [PYTHIA_FINE_TRACE] service=ts-order-service stage=service_create latency_ms=289
2026-03-11 16:20:27.214  INFO 1 --- [io-12031-exec-3] order.controller.OrderController         : [PYTHIA_FINE_TRACE] service=ts-order-service endpoint=createOrder latency_ms=289
2026-03-11 16:20:27.724  INFO 1 --- [io-12031-exec-4] order.service.OrderServiceImpl           : [PYTHIA_FINE_TRACE] service=ts-order-service stage=service_create latency_ms=199
2026-03-11 16:20:27.725  INFO 1 --- [io-12031-exec-4] order.controller.OrderController         : [PYTHIA_FINE_TRACE] service=ts-order-service endpoint=createOrder latency_ms=199
2026-03-11 16:20:28.311  INFO 1 --- [io-12031-exec-5] order.service.OrderServiceImpl           : [PYTHIA_FINE_TRACE] service=ts-order-service stage=service_create latency_ms=184
2026-03-11 16:20:28.311  INFO 1 --- [io-12031-exec-5] order.controller.OrderController         : [PYTHIA_FINE_TRACE] service=ts-order-service endpoint=createOrder latency_ms=184
2026-03-11 16:20:28.803  INFO 1 --- [io-12031-exec-6] order.service.OrderServiceImpl           : [PYTHIA_FINE_TRACE] service=ts-order-service stage=service_create latency_ms=175
2026-03-11 16:20:28.803  INFO 1 --- [io-12031-exec-6] order.controller.OrderController         : [PYTHIA_FINE_TRACE] service=ts-order-service endpoint=createOrder latency_ms=175
2026-03-11 16:20:29.302  INFO 1 --- [io-12031-exec-7] order.service.OrderServiceImpl           : [PYTHIA_FINE_TRACE] service=ts-order-service stage=service_create latency_ms=177
2026-03-11 16:20:29.302  INFO 1 --- [io-12031-exec-7] order.controller.OrderController         : [PYTHIA_FINE_TRACE] service=ts-order-service endpoint=createOrder latency_ms=177
2026-03-11 16:20:29.812  INFO 1 --- [io-12031-exec-8] order.service.OrderServiceImpl           : [PYTHIA_FINE_TRACE] service=ts-order-service stage=service_create latency_ms=188
2026-03-11 16:20:29.812  INFO 1 --- [io-12031-exec-8] order.controller.OrderController         : [PYTHIA_FINE_TRACE] service=ts-order-service endpoint=createOrder latency_ms=188
2026-03-11 16:20:30.218  INFO 1 --- [io-12031-exec-9] order.service.OrderServiceImpl           : [PYTHIA_FINE_TRACE] service=ts-order-service stage=service_create latency_ms=90
2026-03-11 16:20:30.218  INFO 1 --- [io-12031-exec-9] order.controller.OrderController         : [PYTHIA_FINE_TRACE] service=ts-order-service endpoint=createOrder latency_ms=90
2026-03-11 16:20:30.727  INFO 1 --- [o-12031-exec-10] order.service.OrderServiceImpl           : [PYTHIA_FINE_TRACE] service=ts-order-service stage=service_create latency_ms=102
2026-03-11 16:20:30.727  INFO 1 --- [o-12031-exec-10] order.controller.OrderController         : [PYTHIA_FINE_TRACE] service=ts-order-service endpoint=createOrder latency_ms=102
2026-03-11 16:20:31.309  INFO 1 --- [io-12031-exec-1] order.service.OrderServiceImpl           : [PYTHIA_FINE_TRACE] service=ts-order-service stage=service_create latency_ms=189
2026-03-11 16:20:31.309  INFO 1 --- [io-12031-exec-1] order.controller.OrderController         : [PYTHIA_FINE_TRACE] service=ts-order-service endpoint=createOrder latency_ms=189
2026-03-11 16:20:31.710  INFO 1 --- [io-12031-exec-2] order.service.OrderServiceImpl           : [PYTHIA_FINE_TRACE] service=ts-order-service stage=service_create latency_ms=86
2026-03-11 16:20:31.710  INFO 1 --- [io-12031-exec-2] order.controller.OrderController         : [PYTHIA_FINE_TRACE] service=ts-order-service endpoint=createOrder latency_ms=86
2026-03-11 16:20:32.220  INFO 1 --- [io-12031-exec-4] order.service.OrderServiceImpl           : [PYTHIA_FINE_TRACE] service=ts-order-service stage=service_create latency_ms=187
2026-03-11 16:20:32.220  INFO 1 --- [io-12031-exec-4] order.controller.OrderController         : [PYTHIA_FINE_TRACE] service=ts-order-service endpoint=createOrder latency_ms=187
2026-03-11 16:20:32.618  INFO 1 --- [io-12031-exec-5] order.service.OrderServiceImpl           : [PYTHIA_FINE_TRACE] service=ts-order-service stage=service_create latency_ms=94
2026-03-11 16:20:32.618  INFO 1 --- [io-12031-exec-5] order.controller.OrderController         : [PYTHIA_FINE_TRACE] service=ts-order-service endpoint=createOrder latency_ms=94
2026-03-11 16:20:33.111  INFO 1 --- [io-12031-exec-6] order.service.OrderServiceImpl           : [PYTHIA_FINE_TRACE] service=ts-order-service stage=service_create latency_ms=122
2026-03-11 16:20:33.111  INFO 1 --- [io-12031-exec-6] order.controller.OrderController         : [PYTHIA_FINE_TRACE] service=ts-order-service endpoint=createOrder latency_ms=123
2026-03-11 16:20:33.516  INFO 1 --- [io-12031-exec-7] order.service.OrderServiceImpl           : [PYTHIA_FINE_TRACE] service=ts-order-service stage=service_create latency_ms=89
2026-03-11 16:20:33.516  INFO 1 --- [io-12031-exec-7] order.controller.OrderController         : [PYTHIA_FINE_TRACE] service=ts-order-service endpoint=createOrder latency_ms=89
2026-03-11 16:20:33.908  INFO 1 --- [io-12031-exec-8] order.service.OrderServiceImpl           : [PYTHIA_FINE_TRACE] service=ts-order-service stage=service_create latency_ms=82
2026-03-11 16:20:33.908  INFO 1 --- [io-12031-exec-8] order.controller.OrderController         : [PYTHIA_FINE_TRACE] service=ts-order-service endpoint=createOrder latency_ms=82
2026-03-11 16:20:34.315  INFO 1 --- [io-12031-exec-9] order.service.OrderServiceImpl           : [PYTHIA_FINE_TRACE] service=ts-order-service stage=service_create latency_ms=87
2026-03-11 16:20:34.315  INFO 1 --- [io-12031-exec-9] order.controller.OrderController         : [PYTHIA_FINE_TRACE] service=ts-order-service endpoint=createOrder latency_ms=88
2026-03-11 16:20:34.802  INFO 1 --- [o-12031-exec-10] order.service.OrderServiceImpl           : [PYTHIA_FINE_TRACE] service=ts-order-service stage=service_create latency_ms=119
2026-03-11 16:20:34.802  INFO 1 --- [o-12031-exec-10] order.controller.OrderController         : [PYTHIA_FINE_TRACE] service=ts-order-service endpoint=createOrder latency_ms=119
2026-03-11 16:20:35.220  INFO 1 --- [io-12031-exec-1] order.service.OrderServiceImpl           : [PYTHIA_FINE_TRACE] service=ts-order-service stage=service_create latency_ms=100
2026-03-11 16:20:35.220  INFO 1 --- [io-12031-exec-1] order.controller.OrderController         : [PYTHIA_FINE_TRACE] service=ts-order-service endpoint=createOrder latency_ms=100
2026-03-11 16:20:35.617  INFO 1 --- [io-12031-exec-2] order.service.OrderServiceImpl           : [PYTHIA_FINE_TRACE] service=ts-order-service stage=service_create latency_ms=89
2026-03-11 16:20:35.618  INFO 1 --- [io-12031-exec-2] order.controller.OrderController         : [PYTHIA_FINE_TRACE] service=ts-order-service endpoint=createOrder latency_ms=90
2026-03-11 16:20:36.028  INFO 1 --- [io-12031-exec-3] order.service.OrderServiceImpl           : [PYTHIA_FINE_TRACE] service=ts-order-service stage=service_create latency_ms=103
2026-03-11 16:20:36.028  INFO 1 --- [io-12031-exec-3] order.controller.OrderController         : [PYTHIA_FINE_TRACE] service=ts-order-service endpoint=createOrder latency_ms=103
2026-03-11 16:20:36.414  INFO 1 --- [io-12031-exec-4] order.service.OrderServiceImpl           : [PYTHIA_FINE_TRACE] service=ts-order-service stage=service_create latency_ms=86
2026-03-11 16:20:36.414  INFO 1 --- [io-12031-exec-4] order.controller.OrderController         : [PYTHIA_FINE_TRACE] service=ts-order-service endpoint=createOrder latency_ms=86
2026-03-11 16:20:36.817  INFO 1 --- [io-12031-exec-5] order.service.OrderServiceImpl           : [PYTHIA_FINE_TRACE] service=ts-order-service stage=service_create latency_ms=92
2026-03-11 16:20:36.817  INFO 1 --- [io-12031-exec-5] order.controller.OrderController         : [PYTHIA_FINE_TRACE] service=ts-order-service endpoint=createOrder latency_ms=92
2026-03-11 16:20:37.217  INFO 1 --- [io-12031-exec-6] order.service.OrderServiceImpl           : [PYTHIA_FINE_TRACE] service=ts-order-service stage=service_create latency_ms=89
2026-03-11 16:20:37.217  INFO 1 --- [io-12031-exec-6] order.controller.OrderController         : [PYTHIA_FINE_TRACE] service=ts-order-service endpoint=createOrder latency_ms=90
2026-03-11 16:20:37.651  INFO 1 --- [io-12031-exec-7] order.service.OrderServiceImpl           : [PYTHIA_FINE_TRACE] service=ts-order-service stage=service_create latency_ms=65
2026-03-11 16:20:37.651  INFO 1 --- [io-12031-exec-7] order.controller.OrderController         : [PYTHIA_FINE_TRACE] service=ts-order-service endpoint=createOrder latency_ms=65
2026-03-11 16:20:38.029  INFO 1 --- [io-12031-exec-8] order.service.OrderServiceImpl           : [PYTHIA_FINE_TRACE] service=ts-order-service stage=service_create latency_ms=101
2026-03-11 16:20:38.029  INFO 1 --- [io-12031-exec-8] order.controller.OrderController         : [PYTHIA_FINE_TRACE] service=ts-order-service endpoint=createOrder latency_ms=101
2026-03-11 16:20:38.518  INFO 1 --- [io-12031-exec-9] order.service.OrderServiceImpl           : [PYTHIA_FINE_TRACE] service=ts-order-service stage=service_create latency_ms=100
2026-03-11 16:20:38.518  INFO 1 --- [io-12031-exec-9] order.controller.OrderController         : [PYTHIA_FINE_TRACE] service=ts-order-service endpoint=createOrder latency_ms=100
2026-03-11 16:20:38.923  INFO 1 --- [o-12031-exec-10] order.service.OrderServiceImpl           : [PYTHIA_FINE_TRACE] service=ts-order-service stage=service_create latency_ms=93
2026-03-11 16:20:38.923  INFO 1 --- [o-12031-exec-10] order.controller.OrderController         : [PYTHIA_FINE_TRACE] service=ts-order-service endpoint=createOrder latency_ms=93
2026-03-11 16:20:39.329  INFO 1 --- [io-12031-exec-1] order.service.OrderServiceImpl           : [PYTHIA_FINE_TRACE] service=ts-order-service stage=service_create latency_ms=98
2026-03-11 16:20:39.330  INFO 1 --- [io-12031-exec-1] order.controller.OrderController         : [PYTHIA_FINE_TRACE] service=ts-order-service endpoint=createOrder latency_ms=99
2026-03-11 16:20:39.720  INFO 1 --- [io-12031-exec-2] order.service.OrderServiceImpl           : [PYTHIA_FINE_TRACE] service=ts-order-service stage=service_create latency_ms=85
2026-03-11 16:20:39.720  INFO 1 --- [io-12031-exec-2] order.controller.OrderController         : [PYTHIA_FINE_TRACE] service=ts-order-service endpoint=createOrder latency_ms=85
2026-03-11 16:20:40.123  INFO 1 --- [io-12031-exec-3] order.service.OrderServiceImpl           : [PYTHIA_FINE_TRACE] service=ts-order-service stage=service_create latency_ms=98
2026-03-11 16:20:40.123  INFO 1 --- [io-12031-exec-3] order.controller.OrderController         : [PYTHIA_FINE_TRACE] service=ts-order-service endpoint=createOrder latency_ms=98
2026-03-11 16:20:40.534  INFO 1 --- [io-12031-exec-4] order.service.OrderServiceImpl           : [PYTHIA_FINE_TRACE] service=ts-order-service stage=service_create latency_ms=49
2026-03-11 16:20:40.534  INFO 1 --- [io-12031-exec-4] order.controller.OrderController         : [PYTHIA_FINE_TRACE] service=ts-order-service endpoint=createOrder latency_ms=49
2026-03-11 16:20:40.922  INFO 1 --- [io-12031-exec-5] order.service.OrderServiceImpl           : [PYTHIA_FINE_TRACE] service=ts-order-service stage=service_create latency_ms=91
2026-03-11 16:20:40.922  INFO 1 --- [io-12031-exec-5] order.controller.OrderController         : [PYTHIA_FINE_TRACE] service=ts-order-service endpoint=createOrder latency_ms=91
2026-03-11 16:20:41.303  INFO 1 --- [io-12031-exec-6] order.service.OrderServiceImpl           : [PYTHIA_FINE_TRACE] service=ts-order-service stage=service_create latency_ms=80
2026-03-11 16:20:41.303  INFO 1 --- [io-12031-exec-6] order.controller.OrderController         : [PYTHIA_FINE_TRACE] service=ts-order-service endpoint=createOrder latency_ms=80
2026-03-11 16:20:41.720  INFO 1 --- [io-12031-exec-7] order.service.OrderServiceImpl           : [PYTHIA_FINE_TRACE] service=ts-order-service stage=service_create latency_ms=91
2026-03-11 16:20:41.720  INFO 1 --- [io-12031-exec-7] order.controller.OrderController         : [PYTHIA_FINE_TRACE] service=ts-order-service endpoint=createOrder latency_ms=91
2026-03-11 16:20:42.128  INFO 1 --- [io-12031-exec-9] order.service.OrderServiceImpl           : [PYTHIA_FINE_TRACE] service=ts-order-service stage=service_create latency_ms=99
2026-03-11 16:20:42.128  INFO 1 --- [io-12031-exec-9] order.controller.OrderController         : [PYTHIA_FINE_TRACE] service=ts-order-service endpoint=createOrder latency_ms=99
2026-03-11 16:20:42.514  INFO 1 --- [o-12031-exec-10] order.service.OrderServiceImpl           : [PYTHIA_FINE_TRACE] service=ts-order-service stage=service_create latency_ms=83
2026-03-11 16:20:42.514  INFO 1 --- [o-12031-exec-10] order.controller.OrderController         : [PYTHIA_FINE_TRACE] service=ts-order-service endpoint=createOrder latency_ms=83
2026-03-11 16:20:42.913  INFO 1 --- [io-12031-exec-1] order.service.OrderServiceImpl           : [PYTHIA_FINE_TRACE] service=ts-order-service stage=service_create latency_ms=87
2026-03-11 16:20:42.913  INFO 1 --- [io-12031-exec-1] order.controller.OrderController         : [PYTHIA_FINE_TRACE] service=ts-order-service endpoint=createOrder latency_ms=87
2026-03-11 16:20:43.314  INFO 1 --- [io-12031-exec-2] order.service.OrderServiceImpl           : [PYTHIA_FINE_TRACE] service=ts-order-service stage=service_create latency_ms=86
2026-03-11 16:20:43.314  INFO 1 --- [io-12031-exec-2] order.controller.OrderController         : [PYTHIA_FINE_TRACE] service=ts-order-service endpoint=createOrder latency_ms=86
2026-03-11 16:20:43.703  INFO 1 --- [io-12031-exec-3] order.service.OrderServiceImpl           : [PYTHIA_FINE_TRACE] service=ts-order-service stage=service_create latency_ms=72
2026-03-11 16:20:43.703  INFO 1 --- [io-12031-exec-3] order.controller.OrderController         : [PYTHIA_FINE_TRACE] service=ts-order-service endpoint=createOrder latency_ms=73
2026-03-11 16:20:44.116  INFO 1 --- [io-12031-exec-4] order.service.OrderServiceImpl           : [PYTHIA_FINE_TRACE] service=ts-order-service stage=service_create latency_ms=93
2026-03-11 16:20:44.116  INFO 1 --- [io-12031-exec-4] order.controller.OrderController         : [PYTHIA_FINE_TRACE] service=ts-order-service endpoint=createOrder latency_ms=93
2026-03-11 16:20:44.511  INFO 1 --- [io-12031-exec-5] order.service.OrderServiceImpl           : [PYTHIA_FINE_TRACE] service=ts-order-service stage=service_create latency_ms=84
2026-03-11 16:20:44.511  INFO 1 --- [io-12031-exec-5] order.controller.OrderController         : [PYTHIA_FINE_TRACE] service=ts-order-service endpoint=createOrder latency_ms=84
2026-03-11 16:20:45.017  INFO 1 --- [io-12031-exec-6] order.service.OrderServiceImpl           : [PYTHIA_FINE_TRACE] service=ts-order-service stage=service_create latency_ms=134
2026-03-11 16:20:45.017  INFO 1 --- [io-12031-exec-6] order.controller.OrderController         : [PYTHIA_FINE_TRACE] service=ts-order-service endpoint=createOrder latency_ms=134
2026-03-11 16:20:45.418  INFO 1 --- [io-12031-exec-7] order.service.OrderServiceImpl           : [PYTHIA_FINE_TRACE] service=ts-order-service stage=service_create latency_ms=98
2026-03-11 16:20:45.418  INFO 1 --- [io-12031-exec-7] order.controller.OrderController         : [PYTHIA_FINE_TRACE] service=ts-order-service endpoint=createOrder latency_ms=98
2026-03-11 16:20:45.809  INFO 1 --- [io-12031-exec-8] order.service.OrderServiceImpl           : [PYTHIA_FINE_TRACE] service=ts-order-service stage=service_create latency_ms=75
2026-03-11 16:20:45.809  INFO 1 --- [io-12031-exec-8] order.controller.OrderController         : [PYTHIA_FINE_TRACE] service=ts-order-service endpoint=createOrder latency_ms=75
2026-03-11 16:20:46.214  INFO 1 --- [io-12031-exec-9] order.service.OrderServiceImpl           : [PYTHIA_FINE_TRACE] service=ts-order-service stage=service_create latency_ms=80
2026-03-11 16:20:46.214  INFO 1 --- [io-12031-exec-9] order.controller.OrderController         : [PYTHIA_FINE_TRACE] service=ts-order-service endpoint=createOrder latency_ms=80
2026-03-11 16:20:46.618  INFO 1 --- [o-12031-exec-10] order.service.OrderServiceImpl           : [PYTHIA_FINE_TRACE] service=ts-order-service stage=service_create latency_ms=93
2026-03-11 16:20:46.618  INFO 1 --- [o-12031-exec-10] order.controller.OrderController         : [PYTHIA_FINE_TRACE] service=ts-order-service endpoint=createOrder latency_ms=93
2026-03-11 16:20:47.002  INFO 1 --- [io-12031-exec-1] order.service.OrderServiceImpl           : [PYTHIA_FINE_TRACE] service=ts-order-service stage=service_create latency_ms=71
2026-03-11 16:20:47.002  INFO 1 --- [io-12031-exec-1] order.controller.OrderController         : [PYTHIA_FINE_TRACE] service=ts-order-service endpoint=createOrder latency_ms=72
2026-03-11 16:20:47.425  INFO 1 --- [io-12031-exec-2] order.service.OrderServiceImpl           : [PYTHIA_FINE_TRACE] service=ts-order-service stage=service_create latency_ms=99
2026-03-11 16:20:47.425  INFO 1 --- [io-12031-exec-2] order.controller.OrderController         : [PYTHIA_FINE_TRACE] service=ts-order-service endpoint=createOrder latency_ms=99
2026-03-11 16:20:47.815  INFO 1 --- [io-12031-exec-3] order.service.OrderServiceImpl           : [PYTHIA_FINE_TRACE] service=ts-order-service stage=service_create latency_ms=86
2026-03-11 16:20:47.815  INFO 1 --- [io-12031-exec-3] order.controller.OrderController         : [PYTHIA_FINE_TRACE] service=ts-order-service endpoint=createOrder latency_ms=86
2026-03-11 16:20:48.242  INFO 1 --- [io-12031-exec-4] order.service.OrderServiceImpl           : [PYTHIA_FINE_TRACE] service=ts-order-service stage=service_create latency_ms=59
2026-03-11 16:20:48.242  INFO 1 --- [io-12031-exec-4] order.controller.OrderController         : [PYTHIA_FINE_TRACE] service=ts-order-service endpoint=createOrder latency_ms=59
2026-03-11 16:20:48.647  INFO 1 --- [io-12031-exec-5] order.service.OrderServiceImpl           : [PYTHIA_FINE_TRACE] service=ts-order-service stage=service_create latency_ms=61
2026-03-11 16:20:48.648  INFO 1 --- [io-12031-exec-5] order.controller.OrderController         : [PYTHIA_FINE_TRACE] service=ts-order-service endpoint=createOrder latency_ms=62
2026-03-11 16:20:49.042  INFO 1 --- [io-12031-exec-6] order.service.OrderServiceImpl           : [PYTHIA_FINE_TRACE] service=ts-order-service stage=service_create latency_ms=50
2026-03-11 16:20:49.042  INFO 1 --- [io-12031-exec-6] order.controller.OrderController         : [PYTHIA_FINE_TRACE] service=ts-order-service endpoint=createOrder latency_ms=51
2026-03-11 16:20:49.439  INFO 1 --- [io-12031-exec-7] order.service.OrderServiceImpl           : [PYTHIA_FINE_TRACE] service=ts-order-service stage=service_create latency_ms=58
2026-03-11 16:20:49.439  INFO 1 --- [io-12031-exec-7] order.controller.OrderController         : [PYTHIA_FINE_TRACE] service=ts-order-service endpoint=createOrder latency_ms=58
2026-03-11 16:20:49.920  INFO 1 --- [io-12031-exec-8] order.service.OrderServiceImpl           : [PYTHIA_FINE_TRACE] service=ts-order-service stage=service_create latency_ms=98
2026-03-11 16:20:49.921  INFO 1 --- [io-12031-exec-8] order.controller.OrderController         : [PYTHIA_FINE_TRACE] service=ts-order-service endpoint=createOrder latency_ms=99
2026-03-11 16:20:50.308  INFO 1 --- [io-12031-exec-9] order.service.OrderServiceImpl           : [PYTHIA_FINE_TRACE] service=ts-order-service stage=service_create latency_ms=82
2026-03-11 16:20:50.309  INFO 1 --- [io-12031-exec-9] order.controller.OrderController         : [PYTHIA_FINE_TRACE] service=ts-order-service endpoint=createOrder latency_ms=83
2026-03-11 16:20:50.714  INFO 1 --- [o-12031-exec-10] order.service.OrderServiceImpl           : [PYTHIA_FINE_TRACE] service=ts-order-service stage=service_create latency_ms=81
2026-03-11 16:20:50.714  INFO 1 --- [o-12031-exec-10] order.controller.OrderController         : [PYTHIA_FINE_TRACE] service=ts-order-service endpoint=createOrder latency_ms=81
2026-03-11 16:20:51.108  INFO 1 --- [io-12031-exec-1] order.service.OrderServiceImpl           : [PYTHIA_FINE_TRACE] service=ts-order-service stage=service_create latency_ms=83
2026-03-11 16:20:51.109  INFO 1 --- [io-12031-exec-1] order.controller.OrderController         : [PYTHIA_FINE_TRACE] service=ts-order-service endpoint=createOrder latency_ms=84
2026-03-11 16:20:51.619  INFO 1 --- [io-12031-exec-2] order.service.OrderServiceImpl           : [PYTHIA_FINE_TRACE] service=ts-order-service stage=service_create latency_ms=185
2026-03-11 16:20:51.619  INFO 1 --- [io-12031-exec-2] order.controller.OrderController         : [PYTHIA_FINE_TRACE] service=ts-order-service endpoint=createOrder latency_ms=185
2026-03-11 16:20:52.051  INFO 1 --- [io-12031-exec-3] order.service.OrderServiceImpl           : [PYTHIA_FINE_TRACE] service=ts-order-service stage=service_create latency_ms=64
2026-03-11 16:20:52.052  INFO 1 --- [io-12031-exec-3] order.controller.OrderController         : [PYTHIA_FINE_TRACE] service=ts-order-service endpoint=createOrder latency_ms=65
2026-03-11 16:20:52.443  INFO 1 --- [io-12031-exec-5] order.service.OrderServiceImpl           : [PYTHIA_FINE_TRACE] service=ts-order-service stage=service_create latency_ms=53
2026-03-11 16:20:52.443  INFO 1 --- [io-12031-exec-5] order.controller.OrderController         : [PYTHIA_FINE_TRACE] service=ts-order-service endpoint=createOrder latency_ms=53
2026-03-11 16:20:52.820  INFO 1 --- [io-12031-exec-6] order.service.OrderServiceImpl           : [PYTHIA_FINE_TRACE] service=ts-order-service stage=service_create latency_ms=84
2026-03-11 16:20:52.820  INFO 1 --- [io-12031-exec-6] order.controller.OrderController         : [PYTHIA_FINE_TRACE] service=ts-order-service endpoint=createOrder latency_ms=84
2026-03-11 16:20:53.248  INFO 1 --- [io-12031-exec-7] order.service.OrderServiceImpl           : [PYTHIA_FINE_TRACE] service=ts-order-service stage=service_create latency_ms=63
2026-03-11 16:20:53.248  INFO 1 --- [io-12031-exec-7] order.controller.OrderController         : [PYTHIA_FINE_TRACE] service=ts-order-service endpoint=createOrder latency_ms=64
2026-03-11 16:20:53.637  INFO 1 --- [io-12031-exec-8] order.service.OrderServiceImpl           : [PYTHIA_FINE_TRACE] service=ts-order-service stage=service_create latency_ms=50
2026-03-11 16:20:53.637  INFO 1 --- [io-12031-exec-8] order.controller.OrderController         : [PYTHIA_FINE_TRACE] service=ts-order-service endpoint=createOrder latency_ms=51
2026-03-11 16:20:54.014  INFO 1 --- [io-12031-exec-9] order.service.OrderServiceImpl           : [PYTHIA_FINE_TRACE] service=ts-order-service stage=service_create latency_ms=89
2026-03-11 16:20:54.015  INFO 1 --- [io-12031-exec-9] order.controller.OrderController         : [PYTHIA_FINE_TRACE] service=ts-order-service endpoint=createOrder latency_ms=90
2026-03-11 16:20:54.439  INFO 1 --- [o-12031-exec-10] order.service.OrderServiceImpl           : [PYTHIA_FINE_TRACE] service=ts-order-service stage=service_create latency_ms=53
2026-03-11 16:20:54.439  INFO 1 --- [o-12031-exec-10] order.controller.OrderController         : [PYTHIA_FINE_TRACE] service=ts-order-service endpoint=createOrder latency_ms=53
2026-03-11 16:20:54.836  INFO 1 --- [io-12031-exec-1] order.service.OrderServiceImpl           : [PYTHIA_FINE_TRACE] service=ts-order-service stage=service_create latency_ms=55
2026-03-11 16:20:54.836  INFO 1 --- [io-12031-exec-1] order.controller.OrderController         : [PYTHIA_FINE_TRACE] service=ts-order-service endpoint=createOrder latency_ms=55
2026-03-11 16:20:55.212  INFO 1 --- [io-12031-exec-2] order.service.OrderServiceImpl           : [PYTHIA_FINE_TRACE] service=ts-order-service stage=service_create latency_ms=87
2026-03-11 16:20:55.212  INFO 1 --- [io-12031-exec-2] order.controller.OrderController         : [PYTHIA_FINE_TRACE] service=ts-order-service endpoint=createOrder latency_ms=87
2026-03-11 16:20:55.607  INFO 1 --- [io-12031-exec-4] order.service.OrderServiceImpl           : [PYTHIA_FINE_TRACE] service=ts-order-service stage=service_create latency_ms=87
2026-03-11 16:20:55.607  INFO 1 --- [io-12031-exec-4] order.controller.OrderController         : [PYTHIA_FINE_TRACE] service=ts-order-service endpoint=createOrder latency_ms=87
2026-03-11 16:20:56.024  INFO 1 --- [io-12031-exec-3] order.service.OrderServiceImpl           : [PYTHIA_FINE_TRACE] service=ts-order-service stage=service_create latency_ms=98
2026-03-11 16:20:56.024  INFO 1 --- [io-12031-exec-3] order.controller.OrderController         : [PYTHIA_FINE_TRACE] service=ts-order-service endpoint=createOrder latency_ms=98
2026-03-11 16:20:56.416  INFO 1 --- [io-12031-exec-5] order.service.OrderServiceImpl           : [PYTHIA_FINE_TRACE] service=ts-order-service stage=service_create latency_ms=88
2026-03-11 16:20:56.416  INFO 1 --- [io-12031-exec-5] order.controller.OrderController         : [PYTHIA_FINE_TRACE] service=ts-order-service endpoint=createOrder latency_ms=88
2026-03-11 16:20:56.832  INFO 1 --- [io-12031-exec-6] order.service.OrderServiceImpl           : [PYTHIA_FINE_TRACE] service=ts-order-service stage=service_create latency_ms=51
2026-03-11 16:20:56.833  INFO 1 --- [io-12031-exec-6] order.controller.OrderController         : [PYTHIA_FINE_TRACE] service=ts-order-service endpoint=createOrder latency_ms=52
2026-03-11 16:20:57.212  INFO 1 --- [io-12031-exec-7] order.service.OrderServiceImpl           : [PYTHIA_FINE_TRACE] service=ts-order-service stage=service_create latency_ms=85
2026-03-11 16:20:57.212  INFO 1 --- [io-12031-exec-7] order.controller.OrderController         : [PYTHIA_FINE_TRACE] service=ts-order-service endpoint=createOrder latency_ms=85
2026-03-11 16:20:57.614  INFO 1 --- [io-12031-exec-8] order.service.OrderServiceImpl           : [PYTHIA_FINE_TRACE] service=ts-order-service stage=service_create latency_ms=87
2026-03-11 16:20:57.614  INFO 1 --- [io-12031-exec-8] order.controller.OrderController         : [PYTHIA_FINE_TRACE] service=ts-order-service endpoint=createOrder latency_ms=88
2026-03-11 16:20:58.042  INFO 1 --- [io-12031-exec-9] order.service.OrderServiceImpl           : [PYTHIA_FINE_TRACE] service=ts-order-service stage=service_create latency_ms=57
2026-03-11 16:20:58.042  INFO 1 --- [io-12031-exec-9] order.controller.OrderController         : [PYTHIA_FINE_TRACE] service=ts-order-service endpoint=createOrder latency_ms=57
2026-03-11 16:20:58.423  INFO 1 --- [o-12031-exec-10] order.service.OrderServiceImpl           : [PYTHIA_FINE_TRACE] service=ts-order-service stage=service_create latency_ms=97
2026-03-11 16:20:58.423  INFO 1 --- [o-12031-exec-10] order.controller.OrderController         : [PYTHIA_FINE_TRACE] service=ts-order-service endpoint=createOrder latency_ms=97
2026-03-11 16:20:58.827  INFO 1 --- [io-12031-exec-1] order.service.OrderServiceImpl           : [PYTHIA_FINE_TRACE] service=ts-order-service stage=service_create latency_ms=98
2026-03-11 16:20:58.827  INFO 1 --- [io-12031-exec-1] order.controller.OrderController         : [PYTHIA_FINE_TRACE] service=ts-order-service endpoint=createOrder latency_ms=98
2026-03-11 16:20:59.316  INFO 1 --- [io-12031-exec-2] order.service.OrderServiceImpl           : [PYTHIA_FINE_TRACE] service=ts-order-service stage=service_create latency_ms=121
2026-03-11 16:20:59.316  INFO 1 --- [io-12031-exec-2] order.controller.OrderController         : [PYTHIA_FINE_TRACE] service=ts-order-service endpoint=createOrder latency_ms=121
2026-03-11 16:20:59.713  INFO 1 --- [io-12031-exec-4] order.service.OrderServiceImpl           : [PYTHIA_FINE_TRACE] service=ts-order-service stage=service_create latency_ms=91
2026-03-11 16:20:59.713  INFO 1 --- [io-12031-exec-4] order.controller.OrderController         : [PYTHIA_FINE_TRACE] service=ts-order-service endpoint=createOrder latency_ms=91
2026-03-11 16:21:00.342  INFO 1 --- [io-12031-exec-3] order.service.OrderServiceImpl           : [PYTHIA_FINE_TRACE] service=ts-order-service stage=service_create latency_ms=49
2026-03-11 16:21:00.342  INFO 1 --- [io-12031-exec-3] order.controller.OrderController         : [PYTHIA_FINE_TRACE] service=ts-order-service endpoint=createOrder latency_ms=49
2026-03-11 16:21:00.948  INFO 1 --- [io-12031-exec-5] order.service.OrderServiceImpl           : [PYTHIA_FINE_TRACE] service=ts-order-service stage=service_create latency_ms=58
2026-03-11 16:21:00.948  INFO 1 --- [io-12031-exec-5] order.controller.OrderController         : [PYTHIA_FINE_TRACE] service=ts-order-service endpoint=createOrder latency_ms=58
2026-03-11 16:21:01.601  INFO 1 --- [io-12031-exec-6] order.service.OrderServiceImpl           : [PYTHIA_FINE_TRACE] service=ts-order-service stage=service_create latency_ms=103
2026-03-11 16:21:01.601  INFO 1 --- [io-12031-exec-6] order.controller.OrderController         : [PYTHIA_FINE_TRACE] service=ts-order-service endpoint=createOrder latency_ms=104
2026-03-11 16:21:02.216  INFO 1 --- [io-12031-exec-8] order.service.OrderServiceImpl           : [PYTHIA_FINE_TRACE] service=ts-order-service stage=service_create latency_ms=104
2026-03-11 16:21:02.216  INFO 1 --- [io-12031-exec-8] order.controller.OrderController         : [PYTHIA_FINE_TRACE] service=ts-order-service endpoint=createOrder latency_ms=104
2026-03-11 16:21:02.843  INFO 1 --- [io-12031-exec-9] order.service.OrderServiceImpl           : [PYTHIA_FINE_TRACE] service=ts-order-service stage=service_create latency_ms=58
2026-03-11 16:21:02.843  INFO 1 --- [io-12031-exec-9] order.controller.OrderController         : [PYTHIA_FINE_TRACE] service=ts-order-service endpoint=createOrder latency_ms=58
2026-03-11 16:21:03.602  INFO 1 --- [o-12031-exec-10] order.service.OrderServiceImpl           : [PYTHIA_FINE_TRACE] service=ts-order-service stage=service_create latency_ms=201
2026-03-11 16:21:03.602  INFO 1 --- [o-12031-exec-10] order.controller.OrderController         : [PYTHIA_FINE_TRACE] service=ts-order-service endpoint=createOrder latency_ms=201
2026-03-11 16:21:04.031  INFO 1 --- [io-12031-exec-1] order.service.OrderServiceImpl           : [PYTHIA_FINE_TRACE] service=ts-order-service stage=service_create latency_ms=109
2026-03-11 16:21:04.031  INFO 1 --- [io-12031-exec-1] order.controller.OrderController         : [PYTHIA_FINE_TRACE] service=ts-order-service endpoint=createOrder latency_ms=109
2026-03-11 16:21:04.411  INFO 1 --- [io-12031-exec-2] order.service.OrderServiceImpl           : [PYTHIA_FINE_TRACE] service=ts-order-service stage=service_create latency_ms=87
2026-03-11 16:21:04.411  INFO 1 --- [io-12031-exec-2] order.controller.OrderController         : [PYTHIA_FINE_TRACE] service=ts-order-service endpoint=createOrder latency_ms=87
2026-03-11 16:21:04.813  INFO 1 --- [io-12031-exec-4] order.service.OrderServiceImpl           : [PYTHIA_FINE_TRACE] service=ts-order-service stage=service_create latency_ms=86
2026-03-11 16:21:04.813  INFO 1 --- [io-12031-exec-4] order.controller.OrderController         : [PYTHIA_FINE_TRACE] service=ts-order-service endpoint=createOrder latency_ms=87
2026-03-11 16:21:05.239  INFO 1 --- [io-12031-exec-3] order.service.OrderServiceImpl           : [PYTHIA_FINE_TRACE] service=ts-order-service stage=service_create latency_ms=59
2026-03-11 16:21:05.239  INFO 1 --- [io-12031-exec-3] order.controller.OrderController         : [PYTHIA_FINE_TRACE] service=ts-order-service endpoint=createOrder latency_ms=59
2026-03-11 16:21:05.616  INFO 1 --- [io-12031-exec-5] order.service.OrderServiceImpl           : [PYTHIA_FINE_TRACE] service=ts-order-service stage=service_create latency_ms=88
2026-03-11 16:21:05.616  INFO 1 --- [io-12031-exec-5] order.controller.OrderController         : [PYTHIA_FINE_TRACE] service=ts-order-service endpoint=createOrder latency_ms=88
2026-03-11 16:21:06.032  INFO 1 --- [io-12031-exec-6] order.service.OrderServiceImpl           : [PYTHIA_FINE_TRACE] service=ts-order-service stage=service_create latency_ms=103
2026-03-11 16:21:06.032  INFO 1 --- [io-12031-exec-6] order.controller.OrderController         : [PYTHIA_FINE_TRACE] service=ts-order-service endpoint=createOrder latency_ms=105
2026-03-11 16:21:06.439  INFO 1 --- [io-12031-exec-7] order.service.OrderServiceImpl           : [PYTHIA_FINE_TRACE] service=ts-order-service stage=service_create latency_ms=57
2026-03-11 16:21:06.440  INFO 1 --- [io-12031-exec-7] order.controller.OrderController         : [PYTHIA_FINE_TRACE] service=ts-order-service endpoint=createOrder latency_ms=58
2026-03-11 16:21:06.802  INFO 1 --- [io-12031-exec-8] order.service.OrderServiceImpl           : [PYTHIA_FINE_TRACE] service=ts-order-service stage=service_create latency_ms=72
2026-03-11 16:21:06.802  INFO 1 --- [io-12031-exec-8] order.controller.OrderController         : [PYTHIA_FINE_TRACE] service=ts-order-service endpoint=createOrder latency_ms=72
2026-03-11 16:21:07.209  INFO 1 --- [io-12031-exec-9] order.service.OrderServiceImpl           : [PYTHIA_FINE_TRACE] service=ts-order-service stage=service_create latency_ms=79
2026-03-11 16:21:07.209  INFO 1 --- [io-12031-exec-9] order.controller.OrderController         : [PYTHIA_FINE_TRACE] service=ts-order-service endpoint=createOrder latency_ms=79
2026-03-11 16:21:07.621  INFO 1 --- [o-12031-exec-10] order.service.OrderServiceImpl           : [PYTHIA_FINE_TRACE] service=ts-order-service stage=service_create latency_ms=99
2026-03-11 16:21:07.621  INFO 1 --- [o-12031-exec-10] order.controller.OrderController         : [PYTHIA_FINE_TRACE] service=ts-order-service endpoint=createOrder latency_ms=99
2026-03-11 16:21:08.103  INFO 1 --- [io-12031-exec-1] order.service.OrderServiceImpl           : [PYTHIA_FINE_TRACE] service=ts-order-service stage=service_create latency_ms=175
2026-03-11 16:21:08.103  INFO 1 --- [io-12031-exec-1] order.controller.OrderController         : [PYTHIA_FINE_TRACE] service=ts-order-service endpoint=createOrder latency_ms=175
2026-03-11 16:21:08.621  INFO 1 --- [io-12031-exec-2] order.service.OrderServiceImpl           : [PYTHIA_FINE_TRACE] service=ts-order-service stage=service_create latency_ms=196
2026-03-11 16:21:08.621  INFO 1 --- [io-12031-exec-2] order.controller.OrderController         : [PYTHIA_FINE_TRACE] service=ts-order-service endpoint=createOrder latency_ms=196
2026-03-11 16:21:09.044  INFO 1 --- [io-12031-exec-4] order.service.OrderServiceImpl           : [PYTHIA_FINE_TRACE] service=ts-order-service stage=service_create latency_ms=120
2026-03-11 16:21:09.044  INFO 1 --- [io-12031-exec-4] order.controller.OrderController         : [PYTHIA_FINE_TRACE] service=ts-order-service endpoint=createOrder latency_ms=121
2026-03-11 16:21:09.531  INFO 1 --- [io-12031-exec-3] order.service.OrderServiceImpl           : [PYTHIA_FINE_TRACE] service=ts-order-service stage=service_create latency_ms=51
2026-03-11 16:21:09.531  INFO 1 --- [io-12031-exec-3] order.controller.OrderController         : [PYTHIA_FINE_TRACE] service=ts-order-service endpoint=createOrder latency_ms=51
2026-03-11 16:21:10.202  INFO 1 --- [io-12031-exec-5] order.service.OrderServiceImpl           : [PYTHIA_FINE_TRACE] service=ts-order-service stage=service_create latency_ms=201
2026-03-11 16:21:10.202  INFO 1 --- [io-12031-exec-5] order.controller.OrderController         : [PYTHIA_FINE_TRACE] service=ts-order-service endpoint=createOrder latency_ms=201
2026-03-11 16:21:10.642  INFO 1 --- [io-12031-exec-6] order.service.OrderServiceImpl           : [PYTHIA_FINE_TRACE] service=ts-order-service stage=service_create latency_ms=60
2026-03-11 16:21:10.642  INFO 1 --- [io-12031-exec-6] order.controller.OrderController         : [PYTHIA_FINE_TRACE] service=ts-order-service endpoint=createOrder latency_ms=60
2026-03-11 16:21:11.008  INFO 1 --- [io-12031-exec-7] order.service.OrderServiceImpl           : [PYTHIA_FINE_TRACE] service=ts-order-service stage=service_create latency_ms=80
2026-03-11 16:21:11.008  INFO 1 --- [io-12031-exec-7] order.controller.OrderController         : [PYTHIA_FINE_TRACE] service=ts-order-service endpoint=createOrder latency_ms=80
2026-03-11 16:21:11.410  INFO 1 --- [io-12031-exec-8] order.service.OrderServiceImpl           : [PYTHIA_FINE_TRACE] service=ts-order-service stage=service_create latency_ms=92
2026-03-11 16:21:11.410  INFO 1 --- [io-12031-exec-8] order.controller.OrderController         : [PYTHIA_FINE_TRACE] service=ts-order-service endpoint=createOrder latency_ms=92
2026-03-11 16:21:11.811  INFO 1 --- [io-12031-exec-9] order.service.OrderServiceImpl           : [PYTHIA_FINE_TRACE] service=ts-order-service stage=service_create latency_ms=88
2026-03-11 16:21:11.811  INFO 1 --- [io-12031-exec-9] order.controller.OrderController         : [PYTHIA_FINE_TRACE] service=ts-order-service endpoint=createOrder latency_ms=88
2026-03-11 16:21:12.216  INFO 1 --- [io-12031-exec-1] order.service.OrderServiceImpl           : [PYTHIA_FINE_TRACE] service=ts-order-service stage=service_create latency_ms=86
2026-03-11 16:21:12.216  INFO 1 --- [io-12031-exec-1] order.controller.OrderController         : [PYTHIA_FINE_TRACE] service=ts-order-service endpoint=createOrder latency_ms=86
2026-03-11 16:21:12.645  INFO 1 --- [io-12031-exec-2] order.service.OrderServiceImpl           : [PYTHIA_FINE_TRACE] service=ts-order-service stage=service_create latency_ms=60
2026-03-11 16:21:12.645  INFO 1 --- [io-12031-exec-2] order.controller.OrderController         : [PYTHIA_FINE_TRACE] service=ts-order-service endpoint=createOrder latency_ms=60
2026-03-11 16:21:13.036  INFO 1 --- [io-12031-exec-4] order.service.OrderServiceImpl           : [PYTHIA_FINE_TRACE] service=ts-order-service stage=service_create latency_ms=51
2026-03-11 16:21:13.036  INFO 1 --- [io-12031-exec-4] order.controller.OrderController         : [PYTHIA_FINE_TRACE] service=ts-order-service endpoint=createOrder latency_ms=51
2026-03-11 16:21:13.439  INFO 1 --- [io-12031-exec-3] order.service.OrderServiceImpl           : [PYTHIA_FINE_TRACE] service=ts-order-service stage=service_create latency_ms=57
2026-03-11 16:21:13.439  INFO 1 --- [io-12031-exec-3] order.controller.OrderController         : [PYTHIA_FINE_TRACE] service=ts-order-service endpoint=createOrder latency_ms=57
2026-03-11 16:21:13.815  INFO 1 --- [io-12031-exec-5] order.service.OrderServiceImpl           : [PYTHIA_FINE_TRACE] service=ts-order-service stage=service_create latency_ms=82
2026-03-11 16:21:13.815  INFO 1 --- [io-12031-exec-5] order.controller.OrderController         : [PYTHIA_FINE_TRACE] service=ts-order-service endpoint=createOrder latency_ms=82
2026-03-11 16:21:14.240  INFO 1 --- [io-12031-exec-6] order.service.OrderServiceImpl           : [PYTHIA_FINE_TRACE] service=ts-order-service stage=service_create latency_ms=116
2026-03-11 16:21:14.240  INFO 1 --- [io-12031-exec-6] order.controller.OrderController         : [PYTHIA_FINE_TRACE] service=ts-order-service endpoint=createOrder latency_ms=117
2026-03-11 16:21:14.716  INFO 1 --- [io-12031-exec-7] order.service.OrderServiceImpl           : [PYTHIA_FINE_TRACE] service=ts-order-service stage=service_create latency_ms=94
2026-03-11 16:21:14.716  INFO 1 --- [io-12031-exec-7] order.controller.OrderController         : [PYTHIA_FINE_TRACE] service=ts-order-service endpoint=createOrder latency_ms=94
2026-03-11 16:21:15.120  INFO 1 --- [io-12031-exec-8] order.service.OrderServiceImpl           : [PYTHIA_FINE_TRACE] service=ts-order-service stage=service_create latency_ms=96
2026-03-11 16:21:15.121  INFO 1 --- [io-12031-exec-8] order.controller.OrderController         : [PYTHIA_FINE_TRACE] service=ts-order-service endpoint=createOrder latency_ms=97
2026-03-11 16:21:15.472  INFO 1 --- [io-12031-exec-9] order.service.OrderServiceImpl           : [PYTHIA_FINE_TRACE] service=ts-order-service stage=service_create latency_ms=45
2026-03-11 16:21:15.472  INFO 1 --- [io-12031-exec-9] order.controller.OrderController         : [PYTHIA_FINE_TRACE] service=ts-order-service endpoint=createOrder latency_ms=45
2026-03-11 16:21:15.915  INFO 1 --- [o-12031-exec-10] order.service.OrderServiceImpl           : [PYTHIA_FINE_TRACE] service=ts-order-service stage=service_create latency_ms=118
2026-03-11 16:21:15.915  INFO 1 --- [o-12031-exec-10] order.controller.OrderController         : [PYTHIA_FINE_TRACE] service=ts-order-service endpoint=createOrder latency_ms=118
2026-03-11 16:21:16.312  INFO 1 --- [io-12031-exec-1] order.service.OrderServiceImpl           : [PYTHIA_FINE_TRACE] service=ts-order-service stage=service_create latency_ms=86
2026-03-11 16:21:16.312  INFO 1 --- [io-12031-exec-1] order.controller.OrderController         : [PYTHIA_FINE_TRACE] service=ts-order-service endpoint=createOrder latency_ms=86
2026-03-11 16:21:16.741  INFO 1 --- [io-12031-exec-2] order.service.OrderServiceImpl           : [PYTHIA_FINE_TRACE] service=ts-order-service stage=service_create latency_ms=58
2026-03-11 16:21:16.741  INFO 1 --- [io-12031-exec-2] order.controller.OrderController         : [PYTHIA_FINE_TRACE] service=ts-order-service endpoint=createOrder latency_ms=58
2026-03-11 16:21:17.201  INFO 1 --- [io-12031-exec-4] order.service.OrderServiceImpl           : [PYTHIA_FINE_TRACE] service=ts-order-service stage=service_create latency_ms=60
2026-03-11 16:21:17.201  INFO 1 --- [io-12031-exec-4] order.controller.OrderController         : [PYTHIA_FINE_TRACE] service=ts-order-service endpoint=createOrder latency_ms=112
2026-03-11 16:21:17.603  INFO 1 --- [io-12031-exec-3] order.service.OrderServiceImpl           : [PYTHIA_FINE_TRACE] service=ts-order-service stage=service_create latency_ms=86
2026-03-11 16:21:17.603  INFO 1 --- [io-12031-exec-3] order.controller.OrderController         : [PYTHIA_FINE_TRACE] service=ts-order-service endpoint=createOrder latency_ms=86
2026-03-11 16:21:18.302  INFO 1 --- [io-12031-exec-5] order.service.OrderServiceImpl           : [PYTHIA_FINE_TRACE] service=ts-order-service stage=service_create latency_ms=182
2026-03-11 16:21:18.302  INFO 1 --- [io-12031-exec-5] order.controller.OrderController         : [PYTHIA_FINE_TRACE] service=ts-order-service endpoint=createOrder latency_ms=182
2026-03-11 16:21:18.727  INFO 1 --- [io-12031-exec-6] order.service.OrderServiceImpl           : [PYTHIA_FINE_TRACE] service=ts-order-service stage=service_create latency_ms=101
2026-03-11 16:21:18.727  INFO 1 --- [io-12031-exec-6] order.controller.OrderController         : [PYTHIA_FINE_TRACE] service=ts-order-service endpoint=createOrder latency_ms=101
2026-03-11 16:21:19.162  INFO 1 --- [io-12031-exec-7] order.service.OrderServiceImpl           : [PYTHIA_FINE_TRACE] service=ts-order-service stage=service_create latency_ms=138
2026-03-11 16:21:19.162  INFO 1 --- [io-12031-exec-7] order.controller.OrderController         : [PYTHIA_FINE_TRACE] service=ts-order-service endpoint=createOrder latency_ms=139
2026-03-11 16:21:19.602  INFO 1 --- [io-12031-exec-8] order.service.OrderServiceImpl           : [PYTHIA_FINE_TRACE] service=ts-order-service stage=service_create latency_ms=103
2026-03-11 16:21:19.603  INFO 1 --- [io-12031-exec-8] order.controller.OrderController         : [PYTHIA_FINE_TRACE] service=ts-order-service endpoint=createOrder latency_ms=104
2026-03-11 16:21:20.018  INFO 1 --- [io-12031-exec-9] order.service.OrderServiceImpl           : [PYTHIA_FINE_TRACE] service=ts-order-service stage=service_create latency_ms=88
2026-03-11 16:21:20.018  INFO 1 --- [io-12031-exec-9] order.controller.OrderController         : [PYTHIA_FINE_TRACE] service=ts-order-service endpoint=createOrder latency_ms=88
2026-03-11 16:21:20.440  INFO 1 --- [o-12031-exec-10] order.service.OrderServiceImpl           : [PYTHIA_FINE_TRACE] service=ts-order-service stage=service_create latency_ms=48
2026-03-11 16:21:20.440  INFO 1 --- [o-12031-exec-10] order.controller.OrderController         : [PYTHIA_FINE_TRACE] service=ts-order-service endpoint=createOrder latency_ms=48
2026-03-11 16:21:20.828  INFO 1 --- [io-12031-exec-1] order.service.OrderServiceImpl           : [PYTHIA_FINE_TRACE] service=ts-order-service stage=service_create latency_ms=105
2026-03-11 16:21:20.828  INFO 1 --- [io-12031-exec-1] order.controller.OrderController         : [PYTHIA_FINE_TRACE] service=ts-order-service endpoint=createOrder latency_ms=105
2026-03-11 16:21:21.218  INFO 1 --- [io-12031-exec-2] order.service.OrderServiceImpl           : [PYTHIA_FINE_TRACE] service=ts-order-service stage=service_create latency_ms=94
2026-03-11 16:21:21.218  INFO 1 --- [io-12031-exec-2] order.controller.OrderController         : [PYTHIA_FINE_TRACE] service=ts-order-service endpoint=createOrder latency_ms=94
2026-03-11 16:21:21.635  INFO 1 --- [io-12031-exec-4] order.service.OrderServiceImpl           : [PYTHIA_FINE_TRACE] service=ts-order-service stage=service_create latency_ms=55
2026-03-11 16:21:21.635  INFO 1 --- [io-12031-exec-4] order.controller.OrderController         : [PYTHIA_FINE_TRACE] service=ts-order-service endpoint=createOrder latency_ms=55
2026-03-11 16:21:22.041  INFO 1 --- [io-12031-exec-3] order.service.OrderServiceImpl           : [PYTHIA_FINE_TRACE] service=ts-order-service stage=service_create latency_ms=61
2026-03-11 16:21:22.041  INFO 1 --- [io-12031-exec-3] order.controller.OrderController         : [PYTHIA_FINE_TRACE] service=ts-order-service endpoint=createOrder latency_ms=61
2026-03-11 16:21:22.402  INFO 1 --- [io-12031-exec-6] order.service.OrderServiceImpl           : [PYTHIA_FINE_TRACE] service=ts-order-service stage=service_create latency_ms=78
2026-03-11 16:21:22.403  INFO 1 --- [io-12031-exec-6] order.controller.OrderController         : [PYTHIA_FINE_TRACE] service=ts-order-service endpoint=createOrder latency_ms=78
2026-03-11 16:21:22.813  INFO 1 --- [io-12031-exec-7] order.service.OrderServiceImpl           : [PYTHIA_FINE_TRACE] service=ts-order-service stage=service_create latency_ms=92
2026-03-11 16:21:22.813  INFO 1 --- [io-12031-exec-7] order.controller.OrderController         : [PYTHIA_FINE_TRACE] service=ts-order-service endpoint=createOrder latency_ms=92
2026-03-11 16:21:23.213  INFO 1 --- [io-12031-exec-8] order.service.OrderServiceImpl           : [PYTHIA_FINE_TRACE] service=ts-order-service stage=service_create latency_ms=91
2026-03-11 16:21:23.213  INFO 1 --- [io-12031-exec-8] order.controller.OrderController         : [PYTHIA_FINE_TRACE] service=ts-order-service endpoint=createOrder latency_ms=91
2026-03-11 16:21:23.625  INFO 1 --- [io-12031-exec-9] order.service.OrderServiceImpl           : [PYTHIA_FINE_TRACE] service=ts-order-service stage=service_create latency_ms=46
2026-03-11 16:21:23.625  INFO 1 --- [io-12031-exec-9] order.controller.OrderController         : [PYTHIA_FINE_TRACE] service=ts-order-service endpoint=createOrder latency_ms=46
2026-03-11 16:21:24.014  INFO 1 --- [o-12031-exec-10] order.service.OrderServiceImpl           : [PYTHIA_FINE_TRACE] service=ts-order-service stage=service_create latency_ms=91
2026-03-11 16:21:24.014  INFO 1 --- [o-12031-exec-10] order.controller.OrderController         : [PYTHIA_FINE_TRACE] service=ts-order-service endpoint=createOrder latency_ms=91
2026-03-11 16:21:24.431  INFO 1 --- [io-12031-exec-1] order.service.OrderServiceImpl           : [PYTHIA_FINE_TRACE] service=ts-order-service stage=service_create latency_ms=107
2026-03-11 16:21:24.431  INFO 1 --- [io-12031-exec-1] order.controller.OrderController         : [PYTHIA_FINE_TRACE] service=ts-order-service endpoint=createOrder latency_ms=107
2026-03-11 16:21:24.775  INFO 1 --- [io-12031-exec-2] order.service.OrderServiceImpl           : [PYTHIA_FINE_TRACE] service=ts-order-service stage=service_create latency_ms=50
2026-03-11 16:21:24.775  INFO 1 --- [io-12031-exec-2] order.controller.OrderController         : [PYTHIA_FINE_TRACE] service=ts-order-service endpoint=createOrder latency_ms=50
2026-03-11 16:21:25.235  INFO 1 --- [io-12031-exec-4] order.service.OrderServiceImpl           : [PYTHIA_FINE_TRACE] service=ts-order-service stage=service_create latency_ms=118
2026-03-11 16:21:25.235  INFO 1 --- [io-12031-exec-4] order.controller.OrderController         : [PYTHIA_FINE_TRACE] service=ts-order-service endpoint=createOrder latency_ms=118
2026-03-11 16:21:25.611  INFO 1 --- [io-12031-exec-5] order.service.OrderServiceImpl           : [PYTHIA_FINE_TRACE] service=ts-order-service stage=service_create latency_ms=86
2026-03-11 16:21:25.611  INFO 1 --- [io-12031-exec-5] order.controller.OrderController         : [PYTHIA_FINE_TRACE] service=ts-order-service endpoint=createOrder latency_ms=86
2026-03-11 16:21:25.975  INFO 1 --- [io-12031-exec-3] order.service.OrderServiceImpl           : [PYTHIA_FINE_TRACE] service=ts-order-service stage=service_create latency_ms=49
2026-03-11 16:21:25.975  INFO 1 --- [io-12031-exec-3] order.controller.OrderController         : [PYTHIA_FINE_TRACE] service=ts-order-service endpoint=createOrder latency_ms=49
2026-03-11 16:21:26.350  INFO 1 --- [io-12031-exec-6] order.service.OrderServiceImpl           : [PYTHIA_FINE_TRACE] service=ts-order-service stage=service_create latency_ms=56
2026-03-11 16:21:26.350  INFO 1 --- [io-12031-exec-6] order.controller.OrderController         : [PYTHIA_FINE_TRACE] service=ts-order-service endpoint=createOrder latency_ms=56
2026-03-11 16:21:26.668  INFO 1 --- [io-12031-exec-7] order.service.OrderServiceImpl           : [PYTHIA_FINE_TRACE] service=ts-order-service stage=service_create latency_ms=46
2026-03-11 16:21:26.668  INFO 1 --- [io-12031-exec-7] order.controller.OrderController         : [PYTHIA_FINE_TRACE] service=ts-order-service endpoint=createOrder latency_ms=46
2026-03-11 16:21:27.108  INFO 1 --- [io-12031-exec-8] order.service.OrderServiceImpl           : [PYTHIA_FINE_TRACE] service=ts-order-service stage=service_create latency_ms=111
2026-03-11 16:21:27.108  INFO 1 --- [io-12031-exec-8] order.controller.OrderController         : [PYTHIA_FINE_TRACE] service=ts-order-service endpoint=createOrder latency_ms=111
2026-03-11 16:21:27.521  INFO 1 --- [io-12031-exec-9] order.service.OrderServiceImpl           : [PYTHIA_FINE_TRACE] service=ts-order-service stage=service_create latency_ms=97
2026-03-11 16:21:27.521  INFO 1 --- [io-12031-exec-9] order.controller.OrderController         : [PYTHIA_FINE_TRACE] service=ts-order-service endpoint=createOrder latency_ms=97
2026-03-11 16:21:27.875  INFO 1 --- [o-12031-exec-10] order.service.OrderServiceImpl           : [PYTHIA_FINE_TRACE] service=ts-order-service stage=service_create latency_ms=47
2026-03-11 16:21:27.875  INFO 1 --- [o-12031-exec-10] order.controller.OrderController         : [PYTHIA_FINE_TRACE] service=ts-order-service endpoint=createOrder latency_ms=47
2026-03-11 16:21:28.248  INFO 1 --- [io-12031-exec-1] order.service.OrderServiceImpl           : [PYTHIA_FINE_TRACE] service=ts-order-service stage=service_create latency_ms=55
2026-03-11 16:21:28.248  INFO 1 --- [io-12031-exec-1] order.controller.OrderController         : [PYTHIA_FINE_TRACE] service=ts-order-service endpoint=createOrder latency_ms=55
2026-03-11 16:21:28.626  INFO 1 --- [io-12031-exec-2] order.service.OrderServiceImpl           : [PYTHIA_FINE_TRACE] service=ts-order-service stage=service_create latency_ms=102
2026-03-11 16:21:28.626  INFO 1 --- [io-12031-exec-2] order.controller.OrderController         : [PYTHIA_FINE_TRACE] service=ts-order-service endpoint=createOrder latency_ms=102
2026-03-11 16:21:29.022  INFO 1 --- [io-12031-exec-4] order.service.OrderServiceImpl           : [PYTHIA_FINE_TRACE] service=ts-order-service stage=service_create latency_ms=96
2026-03-11 16:21:29.022  INFO 1 --- [io-12031-exec-4] order.controller.OrderController         : [PYTHIA_FINE_TRACE] service=ts-order-service endpoint=createOrder latency_ms=96
2026-03-11 16:21:29.520  INFO 1 --- [io-12031-exec-5] order.service.OrderServiceImpl           : [PYTHIA_FINE_TRACE] service=ts-order-service stage=service_create latency_ms=193
2026-03-11 16:21:29.520  INFO 1 --- [io-12031-exec-5] order.controller.OrderController         : [PYTHIA_FINE_TRACE] service=ts-order-service endpoint=createOrder latency_ms=193
2026-03-11 16:21:29.918  INFO 1 --- [io-12031-exec-3] order.service.OrderServiceImpl           : [PYTHIA_FINE_TRACE] service=ts-order-service stage=service_create latency_ms=95
2026-03-11 16:21:29.918  INFO 1 --- [io-12031-exec-3] order.controller.OrderController         : [PYTHIA_FINE_TRACE] service=ts-order-service endpoint=createOrder latency_ms=95
2026-03-11 16:21:30.268  INFO 1 --- [io-12031-exec-6] order.service.OrderServiceImpl           : [PYTHIA_FINE_TRACE] service=ts-order-service stage=service_create latency_ms=46
2026-03-11 16:21:30.268  INFO 1 --- [io-12031-exec-6] order.controller.OrderController         : [PYTHIA_FINE_TRACE] service=ts-order-service endpoint=createOrder latency_ms=47
2026-03-11 16:21:30.720  INFO 1 --- [io-12031-exec-7] order.service.OrderServiceImpl           : [PYTHIA_FINE_TRACE] service=ts-order-service stage=service_create latency_ms=99
2026-03-11 16:21:30.720  INFO 1 --- [io-12031-exec-7] order.controller.OrderController         : [PYTHIA_FINE_TRACE] service=ts-order-service endpoint=createOrder latency_ms=99
2026-03-11 16:21:31.114  INFO 1 --- [io-12031-exec-8] order.service.OrderServiceImpl           : [PYTHIA_FINE_TRACE] service=ts-order-service stage=service_create latency_ms=84
2026-03-11 16:21:31.114  INFO 1 --- [io-12031-exec-8] order.controller.OrderController         : [PYTHIA_FINE_TRACE] service=ts-order-service endpoint=createOrder latency_ms=84
2026-03-11 16:21:31.536  INFO 1 --- [io-12031-exec-9] order.service.OrderServiceImpl           : [PYTHIA_FINE_TRACE] service=ts-order-service stage=service_create latency_ms=51
2026-03-11 16:21:31.536  INFO 1 --- [io-12031-exec-9] order.controller.OrderController         : [PYTHIA_FINE_TRACE] service=ts-order-service endpoint=createOrder latency_ms=51
2026-03-11 16:21:31.943  INFO 1 --- [o-12031-exec-10] order.service.OrderServiceImpl           : [PYTHIA_FINE_TRACE] service=ts-order-service stage=service_create latency_ms=60
2026-03-11 16:21:31.943  INFO 1 --- [o-12031-exec-10] order.controller.OrderController         : [PYTHIA_FINE_TRACE] service=ts-order-service endpoint=createOrder latency_ms=60
2026-03-11 16:21:32.430  INFO 1 --- [io-12031-exec-2] order.service.OrderServiceImpl           : [PYTHIA_FINE_TRACE] service=ts-order-service stage=service_create latency_ms=48
2026-03-11 16:21:32.430  INFO 1 --- [io-12031-exec-2] order.controller.OrderController         : [PYTHIA_FINE_TRACE] service=ts-order-service endpoint=createOrder latency_ms=49
2026-03-11 16:21:32.809  INFO 1 --- [io-12031-exec-4] order.service.OrderServiceImpl           : [PYTHIA_FINE_TRACE] service=ts-order-service stage=service_create latency_ms=82
2026-03-11 16:21:32.809  INFO 1 --- [io-12031-exec-4] order.controller.OrderController         : [PYTHIA_FINE_TRACE] service=ts-order-service endpoint=createOrder latency_ms=82
2026-03-11 16:21:33.304  INFO 1 --- [io-12031-exec-5] order.service.OrderServiceImpl           : [PYTHIA_FINE_TRACE] service=ts-order-service stage=service_create latency_ms=177
2026-03-11 16:21:33.304  INFO 1 --- [io-12031-exec-5] order.controller.OrderController         : [PYTHIA_FINE_TRACE] service=ts-order-service endpoint=createOrder latency_ms=177
2026-03-11 16:21:33.732  INFO 1 --- [io-12031-exec-3] order.service.OrderServiceImpl           : [PYTHIA_FINE_TRACE] service=ts-order-service stage=service_create latency_ms=48
2026-03-11 16:21:33.732  INFO 1 --- [io-12031-exec-3] order.controller.OrderController         : [PYTHIA_FINE_TRACE] service=ts-order-service endpoint=createOrder latency_ms=48
2026-03-11 16:21:34.107  INFO 1 --- [io-12031-exec-6] order.service.OrderServiceImpl           : [PYTHIA_FINE_TRACE] service=ts-order-service stage=service_create latency_ms=86
2026-03-11 16:21:34.107  INFO 1 --- [io-12031-exec-6] order.controller.OrderController         : [PYTHIA_FINE_TRACE] service=ts-order-service endpoint=createOrder latency_ms=86
2026-03-11 16:21:34.513  INFO 1 --- [io-12031-exec-7] order.service.OrderServiceImpl           : [PYTHIA_FINE_TRACE] service=ts-order-service stage=service_create latency_ms=88
2026-03-11 16:21:34.513  INFO 1 --- [io-12031-exec-7] order.controller.OrderController         : [PYTHIA_FINE_TRACE] service=ts-order-service endpoint=createOrder latency_ms=88
2026-03-11 16:21:34.923  INFO 1 --- [io-12031-exec-8] order.service.OrderServiceImpl           : [PYTHIA_FINE_TRACE] service=ts-order-service stage=service_create latency_ms=92
2026-03-11 16:21:34.923  INFO 1 --- [io-12031-exec-8] order.controller.OrderController         : [PYTHIA_FINE_TRACE] service=ts-order-service endpoint=createOrder latency_ms=92
2026-03-11 16:21:35.312  INFO 1 --- [io-12031-exec-9] order.service.OrderServiceImpl           : [PYTHIA_FINE_TRACE] service=ts-order-service stage=service_create latency_ms=87
2026-03-11 16:21:35.312  INFO 1 --- [io-12031-exec-9] order.controller.OrderController         : [PYTHIA_FINE_TRACE] service=ts-order-service endpoint=createOrder latency_ms=87
2026-03-11 16:21:35.719  INFO 1 --- [o-12031-exec-10] order.service.OrderServiceImpl           : [PYTHIA_FINE_TRACE] service=ts-order-service stage=service_create latency_ms=96
2026-03-11 16:21:35.719  INFO 1 --- [o-12031-exec-10] order.controller.OrderController         : [PYTHIA_FINE_TRACE] service=ts-order-service endpoint=createOrder latency_ms=96
2026-03-11 16:21:36.112  INFO 1 --- [io-12031-exec-1] order.service.OrderServiceImpl           : [PYTHIA_FINE_TRACE] service=ts-order-service stage=service_create latency_ms=89
2026-03-11 16:21:36.112  INFO 1 --- [io-12031-exec-1] order.controller.OrderController         : [PYTHIA_FINE_TRACE] service=ts-order-service endpoint=createOrder latency_ms=90
2026-03-11 16:21:36.540  INFO 1 --- [io-12031-exec-2] order.service.OrderServiceImpl           : [PYTHIA_FINE_TRACE] service=ts-order-service stage=service_create latency_ms=55
2026-03-11 16:21:36.540  INFO 1 --- [io-12031-exec-2] order.controller.OrderController         : [PYTHIA_FINE_TRACE] service=ts-order-service endpoint=createOrder latency_ms=56
2026-03-11 16:21:36.914  INFO 1 --- [io-12031-exec-4] order.service.OrderServiceImpl           : [PYTHIA_FINE_TRACE] service=ts-order-service stage=service_create latency_ms=92
2026-03-11 16:21:36.914  INFO 1 --- [io-12031-exec-4] order.controller.OrderController         : [PYTHIA_FINE_TRACE] service=ts-order-service endpoint=createOrder latency_ms=92
2026-03-11 16:21:37.276  INFO 1 --- [io-12031-exec-5] order.service.OrderServiceImpl           : [PYTHIA_FINE_TRACE] service=ts-order-service stage=service_create latency_ms=50
2026-03-11 16:21:37.276  INFO 1 --- [io-12031-exec-5] order.controller.OrderController         : [PYTHIA_FINE_TRACE] service=ts-order-service endpoint=createOrder latency_ms=51
2026-03-11 16:21:37.654  INFO 1 --- [io-12031-exec-3] order.service.OrderServiceImpl           : [PYTHIA_FINE_TRACE] service=ts-order-service stage=service_create latency_ms=57
2026-03-11 16:21:37.654  INFO 1 --- [io-12031-exec-3] order.controller.OrderController         : [PYTHIA_FINE_TRACE] service=ts-order-service endpoint=createOrder latency_ms=57
2026-03-11 16:21:38.139  INFO 1 --- [io-12031-exec-6] order.service.OrderServiceImpl           : [PYTHIA_FINE_TRACE] service=ts-order-service stage=service_create latency_ms=45
2026-03-11 16:21:38.139  INFO 1 --- [io-12031-exec-6] order.controller.OrderController         : [PYTHIA_FINE_TRACE] service=ts-order-service endpoint=createOrder latency_ms=46
2026-03-11 16:21:38.502  INFO 1 --- [io-12031-exec-7] order.service.OrderServiceImpl           : [PYTHIA_FINE_TRACE] service=ts-order-service stage=service_create latency_ms=80
2026-03-11 16:21:38.502  INFO 1 --- [io-12031-exec-7] order.controller.OrderController         : [PYTHIA_FINE_TRACE] service=ts-order-service endpoint=createOrder latency_ms=81
2026-03-11 16:21:38.922  INFO 1 --- [io-12031-exec-8] order.service.OrderServiceImpl           : [PYTHIA_FINE_TRACE] service=ts-order-service stage=service_create latency_ms=95
2026-03-11 16:21:38.922  INFO 1 --- [io-12031-exec-8] order.controller.OrderController         : [PYTHIA_FINE_TRACE] service=ts-order-service endpoint=createOrder latency_ms=95
2026-03-11 16:21:39.312  INFO 1 --- [io-12031-exec-9] order.service.OrderServiceImpl           : [PYTHIA_FINE_TRACE] service=ts-order-service stage=service_create latency_ms=85
2026-03-11 16:21:39.312  INFO 1 --- [io-12031-exec-9] order.controller.OrderController         : [PYTHIA_FINE_TRACE] service=ts-order-service endpoint=createOrder latency_ms=85
2026-03-11 16:21:39.740  INFO 1 --- [o-12031-exec-10] order.service.OrderServiceImpl           : [PYTHIA_FINE_TRACE] service=ts-order-service stage=service_create latency_ms=56
2026-03-11 16:21:39.740  INFO 1 --- [o-12031-exec-10] order.controller.OrderController         : [PYTHIA_FINE_TRACE] service=ts-order-service endpoint=createOrder latency_ms=56
2026-03-11 16:21:40.107  INFO 1 --- [io-12031-exec-1] order.service.OrderServiceImpl           : [PYTHIA_FINE_TRACE] service=ts-order-service stage=service_create latency_ms=87
2026-03-11 16:21:40.107  INFO 1 --- [io-12031-exec-1] order.controller.OrderController         : [PYTHIA_FINE_TRACE] service=ts-order-service endpoint=createOrder latency_ms=87
2026-03-11 16:21:40.507  INFO 1 --- [io-12031-exec-2] order.service.OrderServiceImpl           : [PYTHIA_FINE_TRACE] service=ts-order-service stage=service_create latency_ms=81
2026-03-11 16:21:40.507  INFO 1 --- [io-12031-exec-2] order.controller.OrderController         : [PYTHIA_FINE_TRACE] service=ts-order-service endpoint=createOrder latency_ms=81
2026-03-11 16:21:40.913  INFO 1 --- [io-12031-exec-4] order.service.OrderServiceImpl           : [PYTHIA_FINE_TRACE] service=ts-order-service stage=service_create latency_ms=88
2026-03-11 16:21:40.913  INFO 1 --- [io-12031-exec-4] order.controller.OrderController         : [PYTHIA_FINE_TRACE] service=ts-order-service endpoint=createOrder latency_ms=88
2026-03-11 16:21:41.341  INFO 1 --- [io-12031-exec-5] order.service.OrderServiceImpl           : [PYTHIA_FINE_TRACE] service=ts-order-service stage=service_create latency_ms=61
2026-03-11 16:21:41.341  INFO 1 --- [io-12031-exec-5] order.controller.OrderController         : [PYTHIA_FINE_TRACE] service=ts-order-service endpoint=createOrder latency_ms=61
2026-03-11 16:21:41.702  INFO 1 --- [io-12031-exec-3] order.service.OrderServiceImpl           : [PYTHIA_FINE_TRACE] service=ts-order-service stage=service_create latency_ms=79
2026-03-11 16:21:41.702  INFO 1 --- [io-12031-exec-3] order.controller.OrderController         : [PYTHIA_FINE_TRACE] service=ts-order-service endpoint=createOrder latency_ms=79
2026-03-11 16:21:42.114  INFO 1 --- [io-12031-exec-7] order.service.OrderServiceImpl           : [PYTHIA_FINE_TRACE] service=ts-order-service stage=service_create latency_ms=88
2026-03-11 16:21:42.114  INFO 1 --- [io-12031-exec-7] order.controller.OrderController         : [PYTHIA_FINE_TRACE] service=ts-order-service endpoint=createOrder latency_ms=88
2026-03-11 16:21:42.546  INFO 1 --- [io-12031-exec-8] order.service.OrderServiceImpl           : [PYTHIA_FINE_TRACE] service=ts-order-service stage=service_create latency_ms=61
2026-03-11 16:21:42.546  INFO 1 --- [io-12031-exec-8] order.controller.OrderController         : [PYTHIA_FINE_TRACE] service=ts-order-service endpoint=createOrder latency_ms=61
2026-03-11 16:21:43.016  INFO 1 --- [io-12031-exec-9] order.service.OrderServiceImpl           : [PYTHIA_FINE_TRACE] service=ts-order-service stage=service_create latency_ms=197
2026-03-11 16:21:43.016  INFO 1 --- [io-12031-exec-9] order.controller.OrderController         : [PYTHIA_FINE_TRACE] service=ts-order-service endpoint=createOrder latency_ms=197
2026-03-11 16:21:43.502  INFO 1 --- [o-12031-exec-10] order.service.OrderServiceImpl           : [PYTHIA_FINE_TRACE] service=ts-order-service stage=service_create latency_ms=117
2026-03-11 16:21:43.502  INFO 1 --- [o-12031-exec-10] order.controller.OrderController         : [PYTHIA_FINE_TRACE] service=ts-order-service endpoint=createOrder latency_ms=117
2026-03-11 16:21:43.914  INFO 1 --- [io-12031-exec-1] order.service.OrderServiceImpl           : [PYTHIA_FINE_TRACE] service=ts-order-service stage=service_create latency_ms=92
2026-03-11 16:21:43.914  INFO 1 --- [io-12031-exec-1] order.controller.OrderController         : [PYTHIA_FINE_TRACE] service=ts-order-service endpoint=createOrder latency_ms=92
2026-03-11 16:21:44.302  INFO 1 --- [io-12031-exec-2] order.service.OrderServiceImpl           : [PYTHIA_FINE_TRACE] service=ts-order-service stage=service_create latency_ms=79
2026-03-11 16:21:44.302  INFO 1 --- [io-12031-exec-2] order.controller.OrderController         : [PYTHIA_FINE_TRACE] service=ts-order-service endpoint=createOrder latency_ms=79
2026-03-11 16:21:44.713  INFO 1 --- [io-12031-exec-4] order.service.OrderServiceImpl           : [PYTHIA_FINE_TRACE] service=ts-order-service stage=service_create latency_ms=88
2026-03-11 16:21:44.713  INFO 1 --- [io-12031-exec-4] order.controller.OrderController         : [PYTHIA_FINE_TRACE] service=ts-order-service endpoint=createOrder latency_ms=88
2026-03-11 16:21:45.115  INFO 1 --- [io-12031-exec-5] order.service.OrderServiceImpl           : [PYTHIA_FINE_TRACE] service=ts-order-service stage=service_create latency_ms=93
2026-03-11 16:21:45.115  INFO 1 --- [io-12031-exec-5] order.controller.OrderController         : [PYTHIA_FINE_TRACE] service=ts-order-service endpoint=createOrder latency_ms=93
2026-03-11 16:21:45.528  INFO 1 --- [io-12031-exec-3] order.service.OrderServiceImpl           : [PYTHIA_FINE_TRACE] service=ts-order-service stage=service_create latency_ms=106
2026-03-11 16:21:45.528  INFO 1 --- [io-12031-exec-3] order.controller.OrderController         : [PYTHIA_FINE_TRACE] service=ts-order-service endpoint=createOrder latency_ms=106
2026-03-11 16:21:45.903  INFO 1 --- [io-12031-exec-6] order.service.OrderServiceImpl           : [PYTHIA_FINE_TRACE] service=ts-order-service stage=service_create latency_ms=79
2026-03-11 16:21:45.903  INFO 1 --- [io-12031-exec-6] order.controller.OrderController         : [PYTHIA_FINE_TRACE] service=ts-order-service endpoint=createOrder latency_ms=79
2026-03-11 16:21:46.313  INFO 1 --- [io-12031-exec-7] order.service.OrderServiceImpl           : [PYTHIA_FINE_TRACE] service=ts-order-service stage=service_create latency_ms=86
2026-03-11 16:21:46.313  INFO 1 --- [io-12031-exec-7] order.controller.OrderController         : [PYTHIA_FINE_TRACE] service=ts-order-service endpoint=createOrder latency_ms=86
2026-03-11 16:21:46.771  INFO 1 --- [io-12031-exec-8] order.service.OrderServiceImpl           : [PYTHIA_FINE_TRACE] service=ts-order-service stage=service_create latency_ms=47
2026-03-11 16:21:46.771  INFO 1 --- [io-12031-exec-8] order.controller.OrderController         : [PYTHIA_FINE_TRACE] service=ts-order-service endpoint=createOrder latency_ms=47
2026-03-11 16:21:47.150  INFO 1 --- [io-12031-exec-9] order.service.OrderServiceImpl           : [PYTHIA_FINE_TRACE] service=ts-order-service stage=service_create latency_ms=57
2026-03-11 16:21:47.150  INFO 1 --- [io-12031-exec-9] order.controller.OrderController         : [PYTHIA_FINE_TRACE] service=ts-order-service endpoint=createOrder latency_ms=57
2026-03-11 16:21:48.129  INFO 1 --- [o-12031-exec-10] order.service.OrderServiceImpl           : [PYTHIA_FINE_TRACE] service=ts-order-service stage=service_create latency_ms=48
2026-03-11 16:21:48.129  INFO 1 --- [o-12031-exec-10] order.controller.OrderController         : [PYTHIA_FINE_TRACE] service=ts-order-service endpoint=createOrder latency_ms=48
2026-03-11 16:21:48.514  INFO 1 --- [io-12031-exec-1] order.service.OrderServiceImpl           : [PYTHIA_FINE_TRACE] service=ts-order-service stage=service_create latency_ms=85
2026-03-11 16:21:48.514  INFO 1 --- [io-12031-exec-1] order.controller.OrderController         : [PYTHIA_FINE_TRACE] service=ts-order-service endpoint=createOrder latency_ms=85
2026-03-11 16:21:48.902  INFO 1 --- [io-12031-exec-2] order.service.OrderServiceImpl           : [PYTHIA_FINE_TRACE] service=ts-order-service stage=service_create latency_ms=76
2026-03-11 16:21:48.902  INFO 1 --- [io-12031-exec-2] order.controller.OrderController         : [PYTHIA_FINE_TRACE] service=ts-order-service endpoint=createOrder latency_ms=76
2026-03-11 16:21:49.311  INFO 1 --- [io-12031-exec-4] order.service.OrderServiceImpl           : [PYTHIA_FINE_TRACE] service=ts-order-service stage=service_create latency_ms=82
2026-03-11 16:21:49.311  INFO 1 --- [io-12031-exec-4] order.controller.OrderController         : [PYTHIA_FINE_TRACE] service=ts-order-service endpoint=createOrder latency_ms=82
2026-03-11 16:21:49.713  INFO 1 --- [io-12031-exec-5] order.service.OrderServiceImpl           : [PYTHIA_FINE_TRACE] service=ts-order-service stage=service_create latency_ms=90
2026-03-11 16:21:49.713  INFO 1 --- [io-12031-exec-5] order.controller.OrderController         : [PYTHIA_FINE_TRACE] service=ts-order-service endpoint=createOrder latency_ms=90
2026-03-11 16:21:50.112  INFO 1 --- [io-12031-exec-3] order.service.OrderServiceImpl           : [PYTHIA_FINE_TRACE] service=ts-order-service stage=service_create latency_ms=91
2026-03-11 16:21:50.112  INFO 1 --- [io-12031-exec-3] order.controller.OrderController         : [PYTHIA_FINE_TRACE] service=ts-order-service endpoint=createOrder latency_ms=91
2026-03-11 16:21:50.517  INFO 1 --- [io-12031-exec-6] order.service.OrderServiceImpl           : [PYTHIA_FINE_TRACE] service=ts-order-service stage=service_create latency_ms=90
2026-03-11 16:21:50.517  INFO 1 --- [io-12031-exec-6] order.controller.OrderController         : [PYTHIA_FINE_TRACE] service=ts-order-service endpoint=createOrder latency_ms=90
2026-03-11 16:21:50.924  INFO 1 --- [io-12031-exec-7] order.service.OrderServiceImpl           : [PYTHIA_FINE_TRACE] service=ts-order-service stage=service_create latency_ms=104
2026-03-11 16:21:50.924  INFO 1 --- [io-12031-exec-7] order.controller.OrderController         : [PYTHIA_FINE_TRACE] service=ts-order-service endpoint=createOrder latency_ms=104
2026-03-11 16:21:51.316  INFO 1 --- [io-12031-exec-8] order.service.OrderServiceImpl           : [PYTHIA_FINE_TRACE] service=ts-order-service stage=service_create latency_ms=91
2026-03-11 16:21:51.316  INFO 1 --- [io-12031-exec-8] order.controller.OrderController         : [PYTHIA_FINE_TRACE] service=ts-order-service endpoint=createOrder latency_ms=91
2026-03-11 16:21:51.670  INFO 1 --- [io-12031-exec-9] order.service.OrderServiceImpl           : [PYTHIA_FINE_TRACE] service=ts-order-service stage=service_create latency_ms=48
2026-03-11 16:21:51.671  INFO 1 --- [io-12031-exec-9] order.controller.OrderController         : [PYTHIA_FINE_TRACE] service=ts-order-service endpoint=createOrder latency_ms=49
2026-03-11 16:21:52.115  INFO 1 --- [io-12031-exec-1] order.service.OrderServiceImpl           : [PYTHIA_FINE_TRACE] service=ts-order-service stage=service_create latency_ms=82
2026-03-11 16:21:52.115  INFO 1 --- [io-12031-exec-1] order.controller.OrderController         : [PYTHIA_FINE_TRACE] service=ts-order-service endpoint=createOrder latency_ms=82
2026-03-11 16:21:52.515  INFO 1 --- [io-12031-exec-2] order.service.OrderServiceImpl           : [PYTHIA_FINE_TRACE] service=ts-order-service stage=service_create latency_ms=88
2026-03-11 16:21:52.516  INFO 1 --- [io-12031-exec-2] order.controller.OrderController         : [PYTHIA_FINE_TRACE] service=ts-order-service endpoint=createOrder latency_ms=89
2026-03-11 16:21:52.935  INFO 1 --- [io-12031-exec-4] order.service.OrderServiceImpl           : [PYTHIA_FINE_TRACE] service=ts-order-service stage=service_create latency_ms=56
2026-03-11 16:21:52.935  INFO 1 --- [io-12031-exec-4] order.controller.OrderController         : [PYTHIA_FINE_TRACE] service=ts-order-service endpoint=createOrder latency_ms=56
2026-03-11 16:21:53.315  INFO 1 --- [io-12031-exec-5] order.service.OrderServiceImpl           : [PYTHIA_FINE_TRACE] service=ts-order-service stage=service_create latency_ms=92
2026-03-11 16:21:53.315  INFO 1 --- [io-12031-exec-5] order.controller.OrderController         : [PYTHIA_FINE_TRACE] service=ts-order-service endpoint=createOrder latency_ms=92
2026-03-11 16:21:53.711  INFO 1 --- [io-12031-exec-3] order.service.OrderServiceImpl           : [PYTHIA_FINE_TRACE] service=ts-order-service stage=service_create latency_ms=84
2026-03-11 16:21:53.711  INFO 1 --- [io-12031-exec-3] order.controller.OrderController         : [PYTHIA_FINE_TRACE] service=ts-order-service endpoint=createOrder latency_ms=84
2026-03-11 16:21:54.125  INFO 1 --- [io-12031-exec-6] order.service.OrderServiceImpl           : [PYTHIA_FINE_TRACE] service=ts-order-service stage=service_create latency_ms=47
2026-03-11 16:21:54.125  INFO 1 --- [io-12031-exec-6] order.controller.OrderController         : [PYTHIA_FINE_TRACE] service=ts-order-service endpoint=createOrder latency_ms=47
2026-03-11 16:21:54.542  INFO 1 --- [io-12031-exec-7] order.service.OrderServiceImpl           : [PYTHIA_FINE_TRACE] service=ts-order-service stage=service_create latency_ms=59
2026-03-11 16:21:54.542  INFO 1 --- [io-12031-exec-7] order.controller.OrderController         : [PYTHIA_FINE_TRACE] service=ts-order-service endpoint=createOrder latency_ms=59
2026-03-11 16:21:54.925  INFO 1 --- [io-12031-exec-8] order.service.OrderServiceImpl           : [PYTHIA_FINE_TRACE] service=ts-order-service stage=service_create latency_ms=98
2026-03-11 16:21:54.925  INFO 1 --- [io-12031-exec-8] order.controller.OrderController         : [PYTHIA_FINE_TRACE] service=ts-order-service endpoint=createOrder latency_ms=99
2026-03-11 16:21:55.272  INFO 1 --- [io-12031-exec-9] order.service.OrderServiceImpl           : [PYTHIA_FINE_TRACE] service=ts-order-service stage=service_create latency_ms=48
2026-03-11 16:21:55.272  INFO 1 --- [io-12031-exec-9] order.controller.OrderController         : [PYTHIA_FINE_TRACE] service=ts-order-service endpoint=createOrder latency_ms=48
2026-03-11 16:21:55.714  INFO 1 --- [o-12031-exec-10] order.service.OrderServiceImpl           : [PYTHIA_FINE_TRACE] service=ts-order-service stage=service_create latency_ms=108
2026-03-11 16:21:55.714  INFO 1 --- [o-12031-exec-10] order.controller.OrderController         : [PYTHIA_FINE_TRACE] service=ts-order-service endpoint=createOrder latency_ms=108
2026-03-11 16:21:56.123  INFO 1 --- [io-12031-exec-1] order.service.OrderServiceImpl           : [PYTHIA_FINE_TRACE] service=ts-order-service stage=service_create latency_ms=93
2026-03-11 16:21:56.123  INFO 1 --- [io-12031-exec-1] order.controller.OrderController         : [PYTHIA_FINE_TRACE] service=ts-order-service endpoint=createOrder latency_ms=93
2026-03-11 16:21:56.474  INFO 1 --- [io-12031-exec-2] order.service.OrderServiceImpl           : [PYTHIA_FINE_TRACE] service=ts-order-service stage=service_create latency_ms=49
2026-03-11 16:21:56.474  INFO 1 --- [io-12031-exec-2] order.controller.OrderController         : [PYTHIA_FINE_TRACE] service=ts-order-service endpoint=createOrder latency_ms=49
2026-03-11 16:21:56.853  INFO 1 --- [io-12031-exec-4] order.service.OrderServiceImpl           : [PYTHIA_FINE_TRACE] service=ts-order-service stage=service_create latency_ms=57
2026-03-11 16:21:56.853  INFO 1 --- [io-12031-exec-4] order.controller.OrderController         : [PYTHIA_FINE_TRACE] service=ts-order-service endpoint=createOrder latency_ms=58
2026-03-11 16:21:57.219  INFO 1 --- [io-12031-exec-5] order.service.OrderServiceImpl           : [PYTHIA_FINE_TRACE] service=ts-order-service stage=service_create latency_ms=93
2026-03-11 16:21:57.219  INFO 1 --- [io-12031-exec-5] order.controller.OrderController         : [PYTHIA_FINE_TRACE] service=ts-order-service endpoint=createOrder latency_ms=93
2026-03-11 16:21:57.574  INFO 1 --- [io-12031-exec-3] order.service.OrderServiceImpl           : [PYTHIA_FINE_TRACE] service=ts-order-service stage=service_create latency_ms=49
2026-03-11 16:21:57.575  INFO 1 --- [io-12031-exec-3] order.controller.OrderController         : [PYTHIA_FINE_TRACE] service=ts-order-service endpoint=createOrder latency_ms=50
2026-03-11 16:21:58.125  INFO 1 --- [io-12031-exec-6] order.service.OrderServiceImpl           : [PYTHIA_FINE_TRACE] service=ts-order-service stage=service_create latency_ms=199
2026-03-11 16:21:58.125  INFO 1 --- [io-12031-exec-6] order.controller.OrderController         : [PYTHIA_FINE_TRACE] service=ts-order-service endpoint=createOrder latency_ms=199
2026-03-11 16:21:58.515  INFO 1 --- [io-12031-exec-7] order.service.OrderServiceImpl           : [PYTHIA_FINE_TRACE] service=ts-order-service stage=service_create latency_ms=87
2026-03-11 16:21:58.515  INFO 1 --- [io-12031-exec-7] order.controller.OrderController         : [PYTHIA_FINE_TRACE] service=ts-order-service endpoint=createOrder latency_ms=87
2026-03-11 16:21:58.872  INFO 1 --- [io-12031-exec-8] order.service.OrderServiceImpl           : [PYTHIA_FINE_TRACE] service=ts-order-service stage=service_create latency_ms=48
2026-03-11 16:21:58.872  INFO 1 --- [io-12031-exec-8] order.controller.OrderController         : [PYTHIA_FINE_TRACE] service=ts-order-service endpoint=createOrder latency_ms=48
2026-03-11 16:21:59.315  INFO 1 --- [io-12031-exec-9] order.service.OrderServiceImpl           : [PYTHIA_FINE_TRACE] service=ts-order-service stage=service_create latency_ms=86
2026-03-11 16:21:59.315  INFO 1 --- [io-12031-exec-9] order.controller.OrderController         : [PYTHIA_FINE_TRACE] service=ts-order-service endpoint=createOrder latency_ms=87
2026-03-11 16:21:59.726  INFO 1 --- [o-12031-exec-10] order.service.OrderServiceImpl           : [PYTHIA_FINE_TRACE] service=ts-order-service stage=service_create latency_ms=48
2026-03-11 16:21:59.726  INFO 1 --- [o-12031-exec-10] order.controller.OrderController         : [PYTHIA_FINE_TRACE] service=ts-order-service endpoint=createOrder latency_ms=48
2026-03-11 16:22:00.103  INFO 1 --- [io-12031-exec-1] order.service.OrderServiceImpl           : [PYTHIA_FINE_TRACE] service=ts-order-service stage=service_create latency_ms=78
2026-03-11 16:22:00.103  INFO 1 --- [io-12031-exec-1] order.controller.OrderController         : [PYTHIA_FINE_TRACE] service=ts-order-service endpoint=createOrder latency_ms=79
2026-03-11 16:22:00.542  INFO 1 --- [io-12031-exec-2] order.service.OrderServiceImpl           : [PYTHIA_FINE_TRACE] service=ts-order-service stage=service_create latency_ms=62
2026-03-11 16:22:00.542  INFO 1 --- [io-12031-exec-2] order.controller.OrderController         : [PYTHIA_FINE_TRACE] service=ts-order-service endpoint=createOrder latency_ms=62
2026-03-11 16:22:00.870  INFO 1 --- [io-12031-exec-4] order.service.OrderServiceImpl           : [PYTHIA_FINE_TRACE] service=ts-order-service stage=service_create latency_ms=46
2026-03-11 16:22:00.870  INFO 1 --- [io-12031-exec-4] order.controller.OrderController         : [PYTHIA_FINE_TRACE] service=ts-order-service endpoint=createOrder latency_ms=46
2026-03-11 16:22:01.238  INFO 1 --- [io-12031-exec-5] order.service.OrderServiceImpl           : [PYTHIA_FINE_TRACE] service=ts-order-service stage=service_create latency_ms=54
2026-03-11 16:22:01.238  INFO 1 --- [io-12031-exec-5] order.controller.OrderController         : [PYTHIA_FINE_TRACE] service=ts-order-service endpoint=createOrder latency_ms=54
2026-03-11 16:22:01.614  INFO 1 --- [io-12031-exec-3] order.service.OrderServiceImpl           : [PYTHIA_FINE_TRACE] service=ts-order-service stage=service_create latency_ms=90
2026-03-11 16:22:01.614  INFO 1 --- [io-12031-exec-3] order.controller.OrderController         : [PYTHIA_FINE_TRACE] service=ts-order-service endpoint=createOrder latency_ms=90
2026-03-11 16:22:02.034  INFO 1 --- [io-12031-exec-6] order.service.OrderServiceImpl           : [PYTHIA_FINE_TRACE] service=ts-order-service stage=service_create latency_ms=49
2026-03-11 16:22:02.034  INFO 1 --- [io-12031-exec-6] order.controller.OrderController         : [PYTHIA_FINE_TRACE] service=ts-order-service endpoint=createOrder latency_ms=49
2026-03-11 16:22:02.408  INFO 1 --- [io-12031-exec-8] order.service.OrderServiceImpl           : [PYTHIA_FINE_TRACE] service=ts-order-service stage=service_create latency_ms=77
2026-03-11 16:22:02.408  INFO 1 --- [io-12031-exec-8] order.controller.OrderController         : [PYTHIA_FINE_TRACE] service=ts-order-service endpoint=createOrder latency_ms=77
2026-03-11 16:22:02.814  INFO 1 --- [io-12031-exec-9] order.service.OrderServiceImpl           : [PYTHIA_FINE_TRACE] service=ts-order-service stage=service_create latency_ms=88
2026-03-11 16:22:02.814  INFO 1 --- [io-12031-exec-9] order.controller.OrderController         : [PYTHIA_FINE_TRACE] service=ts-order-service endpoint=createOrder latency_ms=88
2026-03-11 16:22:03.214  INFO 1 --- [o-12031-exec-10] order.service.OrderServiceImpl           : [PYTHIA_FINE_TRACE] service=ts-order-service stage=service_create latency_ms=87
2026-03-11 16:22:03.214  INFO 1 --- [o-12031-exec-10] order.controller.OrderController         : [PYTHIA_FINE_TRACE] service=ts-order-service endpoint=createOrder latency_ms=88
2026-03-11 16:22:03.612  INFO 1 --- [io-12031-exec-1] order.service.OrderServiceImpl           : [PYTHIA_FINE_TRACE] service=ts-order-service stage=service_create latency_ms=85
2026-03-11 16:22:03.612  INFO 1 --- [io-12031-exec-1] order.controller.OrderController         : [PYTHIA_FINE_TRACE] service=ts-order-service endpoint=createOrder latency_ms=85
2026-03-11 16:22:04.024  INFO 1 --- [io-12031-exec-2] order.service.OrderServiceImpl           : [PYTHIA_FINE_TRACE] service=ts-order-service stage=service_create latency_ms=101
2026-03-11 16:22:04.025  INFO 1 --- [io-12031-exec-2] order.controller.OrderController         : [PYTHIA_FINE_TRACE] service=ts-order-service endpoint=createOrder latency_ms=102
2026-03-11 16:22:04.372  INFO 1 --- [io-12031-exec-4] order.service.OrderServiceImpl           : [PYTHIA_FINE_TRACE] service=ts-order-service stage=service_create latency_ms=47
2026-03-11 16:22:04.372  INFO 1 --- [io-12031-exec-4] order.controller.OrderController         : [PYTHIA_FINE_TRACE] service=ts-order-service endpoint=createOrder latency_ms=47
2026-03-11 16:22:04.750  INFO 1 --- [io-12031-exec-5] order.service.OrderServiceImpl           : [PYTHIA_FINE_TRACE] service=ts-order-service stage=service_create latency_ms=58
2026-03-11 16:22:04.750  INFO 1 --- [io-12031-exec-5] order.controller.OrderController         : [PYTHIA_FINE_TRACE] service=ts-order-service endpoint=createOrder latency_ms=58
2026-03-11 16:22:05.115  INFO 1 --- [io-12031-exec-3] order.service.OrderServiceImpl           : [PYTHIA_FINE_TRACE] service=ts-order-service stage=service_create latency_ms=93
2026-03-11 16:22:05.115  INFO 1 --- [io-12031-exec-3] order.controller.OrderController         : [PYTHIA_FINE_TRACE] service=ts-order-service endpoint=createOrder latency_ms=93
2026-03-11 16:22:05.473  INFO 1 --- [io-12031-exec-7] order.service.OrderServiceImpl           : [PYTHIA_FINE_TRACE] service=ts-order-service stage=service_create latency_ms=50
2026-03-11 16:22:05.473  INFO 1 --- [io-12031-exec-7] order.controller.OrderController         : [PYTHIA_FINE_TRACE] service=ts-order-service endpoint=createOrder latency_ms=50
2026-03-11 16:22:05.852  INFO 1 --- [io-12031-exec-6] order.service.OrderServiceImpl           : [PYTHIA_FINE_TRACE] service=ts-order-service stage=service_create latency_ms=53
2026-03-11 16:22:05.852  INFO 1 --- [io-12031-exec-6] order.controller.OrderController         : [PYTHIA_FINE_TRACE] service=ts-order-service endpoint=createOrder latency_ms=53
2026-03-11 16:22:06.212  INFO 1 --- [io-12031-exec-8] order.service.OrderServiceImpl           : [PYTHIA_FINE_TRACE] service=ts-order-service stage=service_create latency_ms=86
2026-03-11 16:22:06.212  INFO 1 --- [io-12031-exec-8] order.controller.OrderController         : [PYTHIA_FINE_TRACE] service=ts-order-service endpoint=createOrder latency_ms=86
2026-03-11 16:22:06.609  INFO 1 --- [io-12031-exec-9] order.service.OrderServiceImpl           : [PYTHIA_FINE_TRACE] service=ts-order-service stage=service_create latency_ms=82
2026-03-11 16:22:06.609  INFO 1 --- [io-12031-exec-9] order.controller.OrderController         : [PYTHIA_FINE_TRACE] service=ts-order-service endpoint=createOrder latency_ms=83
2026-03-11 16:22:07.025  INFO 1 --- [o-12031-exec-10] order.service.OrderServiceImpl           : [PYTHIA_FINE_TRACE] service=ts-order-service stage=service_create latency_ms=102
2026-03-11 16:22:07.025  INFO 1 --- [o-12031-exec-10] order.controller.OrderController         : [PYTHIA_FINE_TRACE] service=ts-order-service endpoint=createOrder latency_ms=102
2026-03-11 16:22:07.412  INFO 1 --- [io-12031-exec-1] order.service.OrderServiceImpl           : [PYTHIA_FINE_TRACE] service=ts-order-service stage=service_create latency_ms=83
2026-03-11 16:22:07.412  INFO 1 --- [io-12031-exec-1] order.controller.OrderController         : [PYTHIA_FINE_TRACE] service=ts-order-service endpoint=createOrder latency_ms=84
2026-03-11 16:22:07.802  INFO 1 --- [io-12031-exec-2] order.service.OrderServiceImpl           : [PYTHIA_FINE_TRACE] service=ts-order-service stage=service_create latency_ms=78
2026-03-11 16:22:07.803  INFO 1 --- [io-12031-exec-2] order.controller.OrderController         : [PYTHIA_FINE_TRACE] service=ts-order-service endpoint=createOrder latency_ms=79
2026-03-11 16:22:08.209  INFO 1 --- [io-12031-exec-4] order.service.OrderServiceImpl           : [PYTHIA_FINE_TRACE] service=ts-order-service stage=service_create latency_ms=85
2026-03-11 16:22:08.209  INFO 1 --- [io-12031-exec-4] order.controller.OrderController         : [PYTHIA_FINE_TRACE] service=ts-order-service endpoint=createOrder latency_ms=85
2026-03-11 16:22:08.708  INFO 1 --- [io-12031-exec-5] order.service.OrderServiceImpl           : [PYTHIA_FINE_TRACE] service=ts-order-service stage=service_create latency_ms=184
2026-03-11 16:22:08.708  INFO 1 --- [io-12031-exec-5] order.controller.OrderController         : [PYTHIA_FINE_TRACE] service=ts-order-service endpoint=createOrder latency_ms=184
2026-03-11 16:22:09.074  INFO 1 --- [io-12031-exec-3] order.service.OrderServiceImpl           : [PYTHIA_FINE_TRACE] service=ts-order-service stage=service_create latency_ms=49
2026-03-11 16:22:09.074  INFO 1 --- [io-12031-exec-3] order.controller.OrderController         : [PYTHIA_FINE_TRACE] service=ts-order-service endpoint=createOrder latency_ms=49
2026-03-11 16:22:09.502  INFO 1 --- [io-12031-exec-7] order.service.OrderServiceImpl           : [PYTHIA_FINE_TRACE] service=ts-order-service stage=service_create latency_ms=105
2026-03-11 16:22:09.502  INFO 1 --- [io-12031-exec-7] order.controller.OrderController         : [PYTHIA_FINE_TRACE] service=ts-order-service endpoint=createOrder latency_ms=105
2026-03-11 16:22:09.922  INFO 1 --- [io-12031-exec-6] order.service.OrderServiceImpl           : [PYTHIA_FINE_TRACE] service=ts-order-service stage=service_create latency_ms=104
2026-03-11 16:22:09.922  INFO 1 --- [io-12031-exec-6] order.controller.OrderController         : [PYTHIA_FINE_TRACE] service=ts-order-service endpoint=createOrder latency_ms=104
2026-03-11 16:22:10.316  INFO 1 --- [io-12031-exec-8] order.service.OrderServiceImpl           : [PYTHIA_FINE_TRACE] service=ts-order-service stage=service_create latency_ms=97
2026-03-11 16:22:10.316  INFO 1 --- [io-12031-exec-8] order.controller.OrderController         : [PYTHIA_FINE_TRACE] service=ts-order-service endpoint=createOrder latency_ms=97
2026-03-11 16:22:10.811  INFO 1 --- [io-12031-exec-9] order.service.OrderServiceImpl           : [PYTHIA_FINE_TRACE] service=ts-order-service stage=service_create latency_ms=187
2026-03-11 16:22:10.811  INFO 1 --- [io-12031-exec-9] order.controller.OrderController         : [PYTHIA_FINE_TRACE] service=ts-order-service endpoint=createOrder latency_ms=187
2026-03-11 16:22:11.228  INFO 1 --- [o-12031-exec-10] order.service.OrderServiceImpl           : [PYTHIA_FINE_TRACE] service=ts-order-service stage=service_create latency_ms=104
2026-03-11 16:22:11.228  INFO 1 --- [o-12031-exec-10] order.controller.OrderController         : [PYTHIA_FINE_TRACE] service=ts-order-service endpoint=createOrder latency_ms=104
2026-03-11 16:22:11.610  INFO 1 --- [io-12031-exec-1] order.service.OrderServiceImpl           : [PYTHIA_FINE_TRACE] service=ts-order-service stage=service_create latency_ms=87
2026-03-11 16:22:11.610  INFO 1 --- [io-12031-exec-1] order.controller.OrderController         : [PYTHIA_FINE_TRACE] service=ts-order-service endpoint=createOrder latency_ms=87
2026-03-11 16:22:12.022  INFO 1 --- [io-12031-exec-2] order.service.OrderServiceImpl           : [PYTHIA_FINE_TRACE] service=ts-order-service stage=service_create latency_ms=93
2026-03-11 16:22:12.022  INFO 1 --- [io-12031-exec-2] order.controller.OrderController         : [PYTHIA_FINE_TRACE] service=ts-order-service endpoint=createOrder latency_ms=93
2026-03-11 16:22:12.432  INFO 1 --- [io-12031-exec-5] order.service.OrderServiceImpl           : [PYTHIA_FINE_TRACE] service=ts-order-service stage=service_create latency_ms=97
2026-03-11 16:22:12.432  INFO 1 --- [io-12031-exec-5] order.controller.OrderController         : [PYTHIA_FINE_TRACE] service=ts-order-service endpoint=createOrder latency_ms=97
2026-03-11 16:22:12.827  INFO 1 --- [io-12031-exec-3] order.service.OrderServiceImpl           : [PYTHIA_FINE_TRACE] service=ts-order-service stage=service_create latency_ms=46
2026-03-11 16:22:12.827  INFO 1 --- [io-12031-exec-3] order.controller.OrderController         : [PYTHIA_FINE_TRACE] service=ts-order-service endpoint=createOrder latency_ms=47
2026-03-11 16:22:13.312  INFO 1 --- [io-12031-exec-7] order.service.OrderServiceImpl           : [PYTHIA_FINE_TRACE] service=ts-order-service stage=service_create latency_ms=113
2026-03-11 16:22:13.312  INFO 1 --- [io-12031-exec-7] order.controller.OrderController         : [PYTHIA_FINE_TRACE] service=ts-order-service endpoint=createOrder latency_ms=113
2026-03-11 16:22:13.918  INFO 1 --- [io-12031-exec-6] order.service.OrderServiceImpl           : [PYTHIA_FINE_TRACE] service=ts-order-service stage=service_create latency_ms=228
2026-03-11 16:22:13.918  INFO 1 --- [io-12031-exec-6] order.controller.OrderController         : [PYTHIA_FINE_TRACE] service=ts-order-service endpoint=createOrder latency_ms=229
2026-03-11 16:22:15.035  INFO 1 --- [io-12031-exec-8] order.service.OrderServiceImpl           : [PYTHIA_FINE_TRACE] service=ts-order-service stage=service_create latency_ms=52
2026-03-11 16:22:15.035  INFO 1 --- [io-12031-exec-8] order.controller.OrderController         : [PYTHIA_FINE_TRACE] service=ts-order-service endpoint=createOrder latency_ms=52
2026-03-11 16:22:16.015  INFO 1 --- [io-12031-exec-9] order.service.OrderServiceImpl           : [PYTHIA_FINE_TRACE] service=ts-order-service stage=service_create latency_ms=129
2026-03-11 16:22:16.015  INFO 1 --- [io-12031-exec-9] order.controller.OrderController         : [PYTHIA_FINE_TRACE] service=ts-order-service endpoint=createOrder latency_ms=129
2026-03-11 16:22:17.010  INFO 1 --- [o-12031-exec-10] order.service.OrderServiceImpl           : [PYTHIA_FINE_TRACE] service=ts-order-service stage=service_create latency_ms=126
2026-03-11 16:22:17.010  INFO 1 --- [o-12031-exec-10] order.controller.OrderController         : [PYTHIA_FINE_TRACE] service=ts-order-service endpoint=createOrder latency_ms=126
2026-03-11 16:22:17.607  INFO 1 --- [io-12031-exec-1] order.service.OrderServiceImpl           : [PYTHIA_FINE_TRACE] service=ts-order-service stage=service_create latency_ms=89
2026-03-11 16:22:17.607  INFO 1 --- [io-12031-exec-1] order.controller.OrderController         : [PYTHIA_FINE_TRACE] service=ts-order-service endpoint=createOrder latency_ms=89
2026-03-11 16:22:18.015  INFO 1 --- [io-12031-exec-4] order.service.OrderServiceImpl           : [PYTHIA_FINE_TRACE] service=ts-order-service stage=service_create latency_ms=95
2026-03-11 16:22:18.015  INFO 1 --- [io-12031-exec-4] order.controller.OrderController         : [PYTHIA_FINE_TRACE] service=ts-order-service endpoint=createOrder latency_ms=95
2026-03-11 16:22:18.415  INFO 1 --- [io-12031-exec-2] order.service.OrderServiceImpl           : [PYTHIA_FINE_TRACE] service=ts-order-service stage=service_create latency_ms=92
2026-03-11 16:22:18.415  INFO 1 --- [io-12031-exec-2] order.controller.OrderController         : [PYTHIA_FINE_TRACE] service=ts-order-service endpoint=createOrder latency_ms=92
2026-03-11 16:22:18.773  INFO 1 --- [io-12031-exec-5] order.service.OrderServiceImpl           : [PYTHIA_FINE_TRACE] service=ts-order-service stage=service_create latency_ms=50
2026-03-11 16:22:18.773  INFO 1 --- [io-12031-exec-5] order.controller.OrderController         : [PYTHIA_FINE_TRACE] service=ts-order-service endpoint=createOrder latency_ms=50
2026-03-11 16:22:19.146  INFO 1 --- [io-12031-exec-3] order.service.OrderServiceImpl           : [PYTHIA_FINE_TRACE] service=ts-order-service stage=service_create latency_ms=59
2026-03-11 16:22:19.146  INFO 1 --- [io-12031-exec-3] order.controller.OrderController         : [PYTHIA_FINE_TRACE] service=ts-order-service endpoint=createOrder latency_ms=59
2026-03-11 16:22:19.543  INFO 1 --- [io-12031-exec-7] order.service.OrderServiceImpl           : [PYTHIA_FINE_TRACE] service=ts-order-service stage=service_create latency_ms=62
2026-03-11 16:22:19.543  INFO 1 --- [io-12031-exec-7] order.controller.OrderController         : [PYTHIA_FINE_TRACE] service=ts-order-service endpoint=createOrder latency_ms=62
2026-03-11 16:22:19.879  INFO 1 --- [io-12031-exec-6] order.service.OrderServiceImpl           : [PYTHIA_FINE_TRACE] service=ts-order-service stage=service_create latency_ms=52
2026-03-11 16:22:19.879  INFO 1 --- [io-12031-exec-6] order.controller.OrderController         : [PYTHIA_FINE_TRACE] service=ts-order-service endpoint=createOrder latency_ms=52
2026-03-11 16:22:20.310  INFO 1 --- [io-12031-exec-8] order.service.OrderServiceImpl           : [PYTHIA_FINE_TRACE] service=ts-order-service stage=service_create latency_ms=93
2026-03-11 16:22:20.310  INFO 1 --- [io-12031-exec-8] order.controller.OrderController         : [PYTHIA_FINE_TRACE] service=ts-order-service endpoint=createOrder latency_ms=93
2026-03-11 16:22:20.725  INFO 1 --- [io-12031-exec-9] order.service.OrderServiceImpl           : [PYTHIA_FINE_TRACE] service=ts-order-service stage=service_create latency_ms=97
2026-03-11 16:22:20.725  INFO 1 --- [io-12031-exec-9] order.controller.OrderController         : [PYTHIA_FINE_TRACE] service=ts-order-service endpoint=createOrder latency_ms=98
2026-03-11 16:22:21.124  INFO 1 --- [o-12031-exec-10] order.service.OrderServiceImpl           : [PYTHIA_FINE_TRACE] service=ts-order-service stage=service_create latency_ms=98
2026-03-11 16:22:21.124  INFO 1 --- [o-12031-exec-10] order.controller.OrderController         : [PYTHIA_FINE_TRACE] service=ts-order-service endpoint=createOrder latency_ms=98
2026-03-11 16:22:21.543  INFO 1 --- [io-12031-exec-1] order.service.OrderServiceImpl           : [PYTHIA_FINE_TRACE] service=ts-order-service stage=service_create latency_ms=60
2026-03-11 16:22:21.543  INFO 1 --- [io-12031-exec-1] order.controller.OrderController         : [PYTHIA_FINE_TRACE] service=ts-order-service endpoint=createOrder latency_ms=60
2026-03-11 16:22:21.918  INFO 1 --- [io-12031-exec-4] order.service.OrderServiceImpl           : [PYTHIA_FINE_TRACE] service=ts-order-service stage=service_create latency_ms=95
2026-03-11 16:22:21.918  INFO 1 --- [io-12031-exec-4] order.controller.OrderController         : [PYTHIA_FINE_TRACE] service=ts-order-service endpoint=createOrder latency_ms=95
2026-03-11 16:22:22.269  INFO 1 --- [io-12031-exec-5] order.service.OrderServiceImpl           : [PYTHIA_FINE_TRACE] service=ts-order-service stage=service_create latency_ms=48
2026-03-11 16:22:22.269  INFO 1 --- [io-12031-exec-5] order.controller.OrderController         : [PYTHIA_FINE_TRACE] service=ts-order-service endpoint=createOrder latency_ms=49
2026-03-11 16:22:22.721  INFO 1 --- [io-12031-exec-3] order.service.OrderServiceImpl           : [PYTHIA_FINE_TRACE] service=ts-order-service stage=service_create latency_ms=119
2026-03-11 16:22:22.721  INFO 1 --- [io-12031-exec-3] order.controller.OrderController         : [PYTHIA_FINE_TRACE] service=ts-order-service endpoint=createOrder latency_ms=120
2026-03-11 16:22:23.113  INFO 1 --- [io-12031-exec-7] order.service.OrderServiceImpl           : [PYTHIA_FINE_TRACE] service=ts-order-service stage=service_create latency_ms=92
2026-03-11 16:22:23.113  INFO 1 --- [io-12031-exec-7] order.controller.OrderController         : [PYTHIA_FINE_TRACE] service=ts-order-service endpoint=createOrder latency_ms=92
2026-03-11 16:22:23.476  INFO 1 --- [io-12031-exec-6] order.service.OrderServiceImpl           : [PYTHIA_FINE_TRACE] service=ts-order-service stage=service_create latency_ms=48
2026-03-11 16:22:23.476  INFO 1 --- [io-12031-exec-6] order.controller.OrderController         : [PYTHIA_FINE_TRACE] service=ts-order-service endpoint=createOrder latency_ms=49
2026-03-11 16:22:23.902  INFO 1 --- [io-12031-exec-8] order.service.OrderServiceImpl           : [PYTHIA_FINE_TRACE] service=ts-order-service stage=service_create latency_ms=105
2026-03-11 16:22:23.902  INFO 1 --- [io-12031-exec-8] order.controller.OrderController         : [PYTHIA_FINE_TRACE] service=ts-order-service endpoint=createOrder latency_ms=105
2026-03-11 16:22:24.322  INFO 1 --- [io-12031-exec-9] order.service.OrderServiceImpl           : [PYTHIA_FINE_TRACE] service=ts-order-service stage=service_create latency_ms=98
2026-03-11 16:22:24.323  INFO 1 --- [io-12031-exec-9] order.controller.OrderController         : [PYTHIA_FINE_TRACE] service=ts-order-service endpoint=createOrder latency_ms=99
2026-03-11 16:22:24.730  INFO 1 --- [o-12031-exec-10] order.service.OrderServiceImpl           : [PYTHIA_FINE_TRACE] service=ts-order-service stage=service_create latency_ms=51
2026-03-11 16:22:24.730  INFO 1 --- [o-12031-exec-10] order.controller.OrderController         : [PYTHIA_FINE_TRACE] service=ts-order-service endpoint=createOrder latency_ms=51
2026-03-11 16:22:25.109  INFO 1 --- [io-12031-exec-1] order.service.OrderServiceImpl           : [PYTHIA_FINE_TRACE] service=ts-order-service stage=service_create latency_ms=83
2026-03-11 16:22:25.109  INFO 1 --- [io-12031-exec-1] order.controller.OrderController         : [PYTHIA_FINE_TRACE] service=ts-order-service endpoint=createOrder latency_ms=83
2026-03-11 16:22:25.510  INFO 1 --- [io-12031-exec-4] order.service.OrderServiceImpl           : [PYTHIA_FINE_TRACE] service=ts-order-service stage=service_create latency_ms=87
2026-03-11 16:22:25.510  INFO 1 --- [io-12031-exec-4] order.controller.OrderController         : [PYTHIA_FINE_TRACE] service=ts-order-service endpoint=createOrder latency_ms=87
2026-03-11 16:22:25.917  INFO 1 --- [io-12031-exec-2] order.service.OrderServiceImpl           : [PYTHIA_FINE_TRACE] service=ts-order-service stage=service_create latency_ms=86
2026-03-11 16:22:25.917  INFO 1 --- [io-12031-exec-2] order.controller.OrderController         : [PYTHIA_FINE_TRACE] service=ts-order-service endpoint=createOrder latency_ms=86
2026-03-11 16:22:26.309  INFO 1 --- [io-12031-exec-5] order.service.OrderServiceImpl           : [PYTHIA_FINE_TRACE] service=ts-order-service stage=service_create latency_ms=85
2026-03-11 16:22:26.309  INFO 1 --- [io-12031-exec-5] order.controller.OrderController         : [PYTHIA_FINE_TRACE] service=ts-order-service endpoint=createOrder latency_ms=86
2026-03-11 16:22:26.722  INFO 1 --- [io-12031-exec-3] order.service.OrderServiceImpl           : [PYTHIA_FINE_TRACE] service=ts-order-service stage=service_create latency_ms=99
2026-03-11 16:22:26.722  INFO 1 --- [io-12031-exec-3] order.controller.OrderController         : [PYTHIA_FINE_TRACE] service=ts-order-service endpoint=createOrder latency_ms=99
2026-03-11 16:22:27.130  INFO 1 --- [io-12031-exec-7] order.service.OrderServiceImpl           : [PYTHIA_FINE_TRACE] service=ts-order-service stage=service_create latency_ms=48
2026-03-11 16:22:27.130  INFO 1 --- [io-12031-exec-7] order.controller.OrderController         : [PYTHIA_FINE_TRACE] service=ts-order-service endpoint=createOrder latency_ms=48
2026-03-11 16:22:27.519  INFO 1 --- [io-12031-exec-6] order.service.OrderServiceImpl           : [PYTHIA_FINE_TRACE] service=ts-order-service stage=service_create latency_ms=94
2026-03-11 16:22:27.519  INFO 1 --- [io-12031-exec-6] order.controller.OrderController         : [PYTHIA_FINE_TRACE] service=ts-order-service endpoint=createOrder latency_ms=95
2026-03-11 16:22:27.917  INFO 1 --- [io-12031-exec-8] order.service.OrderServiceImpl           : [PYTHIA_FINE_TRACE] service=ts-order-service stage=service_create latency_ms=85
2026-03-11 16:22:27.917  INFO 1 --- [io-12031-exec-8] order.controller.OrderController         : [PYTHIA_FINE_TRACE] service=ts-order-service endpoint=createOrder latency_ms=86
2026-03-11 16:22:28.273  INFO 1 --- [io-12031-exec-9] order.service.OrderServiceImpl           : [PYTHIA_FINE_TRACE] service=ts-order-service stage=service_create latency_ms=50
2026-03-11 16:22:28.273  INFO 1 --- [io-12031-exec-9] order.controller.OrderController         : [PYTHIA_FINE_TRACE] service=ts-order-service endpoint=createOrder latency_ms=50
2026-03-11 16:22:28.650  INFO 1 --- [o-12031-exec-10] order.service.OrderServiceImpl           : [PYTHIA_FINE_TRACE] service=ts-order-service stage=service_create latency_ms=57
2026-03-11 16:22:28.650  INFO 1 --- [o-12031-exec-10] order.controller.OrderController         : [PYTHIA_FINE_TRACE] service=ts-order-service endpoint=createOrder latency_ms=57
2026-03-11 16:22:29.019  INFO 1 --- [io-12031-exec-1] order.service.OrderServiceImpl           : [PYTHIA_FINE_TRACE] service=ts-order-service stage=service_create latency_ms=98
2026-03-11 16:22:29.019  INFO 1 --- [io-12031-exec-1] order.controller.OrderController         : [PYTHIA_FINE_TRACE] service=ts-order-service endpoint=createOrder latency_ms=98
2026-03-11 16:22:29.422  INFO 1 --- [io-12031-exec-4] order.service.OrderServiceImpl           : [PYTHIA_FINE_TRACE] service=ts-order-service stage=service_create latency_ms=99
2026-03-11 16:22:29.423  INFO 1 --- [io-12031-exec-4] order.controller.OrderController         : [PYTHIA_FINE_TRACE] service=ts-order-service endpoint=createOrder latency_ms=100
2026-03-11 16:22:29.919  INFO 1 --- [io-12031-exec-2] order.service.OrderServiceImpl           : [PYTHIA_FINE_TRACE] service=ts-order-service stage=service_create latency_ms=197
2026-03-11 16:22:29.919  INFO 1 --- [io-12031-exec-2] order.controller.OrderController         : [PYTHIA_FINE_TRACE] service=ts-order-service endpoint=createOrder latency_ms=197
2026-03-11 16:22:30.616  INFO 1 --- [io-12031-exec-5] order.service.OrderServiceImpl           : [PYTHIA_FINE_TRACE] service=ts-order-service stage=service_create latency_ms=213
2026-03-11 16:22:30.616  INFO 1 --- [io-12031-exec-5] order.controller.OrderController         : [PYTHIA_FINE_TRACE] service=ts-order-service endpoint=createOrder latency_ms=213
2026-03-11 16:22:31.108  INFO 1 --- [io-12031-exec-3] order.service.OrderServiceImpl           : [PYTHIA_FINE_TRACE] service=ts-order-service stage=service_create latency_ms=187
2026-03-11 16:22:31.108  INFO 1 --- [io-12031-exec-3] order.controller.OrderController         : [PYTHIA_FINE_TRACE] service=ts-order-service endpoint=createOrder latency_ms=187
2026-03-11 16:22:31.511  INFO 1 --- [io-12031-exec-7] order.service.OrderServiceImpl           : [PYTHIA_FINE_TRACE] service=ts-order-service stage=service_create latency_ms=82
2026-03-11 16:22:31.511  INFO 1 --- [io-12031-exec-7] order.controller.OrderController         : [PYTHIA_FINE_TRACE] service=ts-order-service endpoint=createOrder latency_ms=83
2026-03-11 16:22:31.917  INFO 1 --- [io-12031-exec-6] order.service.OrderServiceImpl           : [PYTHIA_FINE_TRACE] service=ts-order-service stage=service_create latency_ms=90
2026-03-11 16:22:31.917  INFO 1 --- [io-12031-exec-6] order.controller.OrderController         : [PYTHIA_FINE_TRACE] service=ts-order-service endpoint=createOrder latency_ms=90
2026-03-11 16:22:32.302  INFO 1 --- [io-12031-exec-9] order.service.OrderServiceImpl           : [PYTHIA_FINE_TRACE] service=ts-order-service stage=service_create latency_ms=77
2026-03-11 16:22:32.302  INFO 1 --- [io-12031-exec-9] order.controller.OrderController         : [PYTHIA_FINE_TRACE] service=ts-order-service endpoint=createOrder latency_ms=78
2026-03-11 16:22:32.709  INFO 1 --- [o-12031-exec-10] order.service.OrderServiceImpl           : [PYTHIA_FINE_TRACE] service=ts-order-service stage=service_create latency_ms=85
2026-03-11 16:22:32.709  INFO 1 --- [o-12031-exec-10] order.controller.OrderController         : [PYTHIA_FINE_TRACE] service=ts-order-service endpoint=createOrder latency_ms=85
2026-03-11 16:22:33.134  INFO 1 --- [io-12031-exec-1] order.service.OrderServiceImpl           : [PYTHIA_FINE_TRACE] service=ts-order-service stage=service_create latency_ms=57
2026-03-11 16:22:33.134  INFO 1 --- [io-12031-exec-1] order.controller.OrderController         : [PYTHIA_FINE_TRACE] service=ts-order-service endpoint=createOrder latency_ms=57
2026-03-11 16:22:33.529  INFO 1 --- [io-12031-exec-4] order.service.OrderServiceImpl           : [PYTHIA_FINE_TRACE] service=ts-order-service stage=service_create latency_ms=51
2026-03-11 16:22:33.529  INFO 1 --- [io-12031-exec-4] order.controller.OrderController         : [PYTHIA_FINE_TRACE] service=ts-order-service endpoint=createOrder latency_ms=51
2026-03-11 16:22:33.907  INFO 1 --- [io-12031-exec-2] order.service.OrderServiceImpl           : [PYTHIA_FINE_TRACE] service=ts-order-service stage=service_create latency_ms=85
2026-03-11 16:22:33.907  INFO 1 --- [io-12031-exec-2] order.controller.OrderController         : [PYTHIA_FINE_TRACE] service=ts-order-service endpoint=createOrder latency_ms=85
2026-03-11 16:22:34.312  INFO 1 --- [io-12031-exec-5] order.service.OrderServiceImpl           : [PYTHIA_FINE_TRACE] service=ts-order-service stage=service_create latency_ms=95
2026-03-11 16:22:34.312  INFO 1 --- [io-12031-exec-5] order.controller.OrderController         : [PYTHIA_FINE_TRACE] service=ts-order-service endpoint=createOrder latency_ms=95
2026-03-11 16:22:34.674  INFO 1 --- [io-12031-exec-3] order.service.OrderServiceImpl           : [PYTHIA_FINE_TRACE] service=ts-order-service stage=service_create latency_ms=50
2026-03-11 16:22:34.674  INFO 1 --- [io-12031-exec-3] order.controller.OrderController         : [PYTHIA_FINE_TRACE] service=ts-order-service endpoint=createOrder latency_ms=50
2026-03-11 16:22:35.045  INFO 1 --- [io-12031-exec-7] order.service.OrderServiceImpl           : [PYTHIA_FINE_TRACE] service=ts-order-service stage=service_create latency_ms=56
2026-03-11 16:22:35.045  INFO 1 --- [io-12031-exec-7] order.controller.OrderController         : [PYTHIA_FINE_TRACE] service=ts-order-service endpoint=createOrder latency_ms=57
2026-03-11 16:22:35.411  INFO 1 --- [io-12031-exec-6] order.service.OrderServiceImpl           : [PYTHIA_FINE_TRACE] service=ts-order-service stage=service_create latency_ms=90
2026-03-11 16:22:35.411  INFO 1 --- [io-12031-exec-6] order.controller.OrderController         : [PYTHIA_FINE_TRACE] service=ts-order-service endpoint=createOrder latency_ms=90
2026-03-11 16:22:35.802  INFO 1 --- [io-12031-exec-8] order.service.OrderServiceImpl           : [PYTHIA_FINE_TRACE] service=ts-order-service stage=service_create latency_ms=78
2026-03-11 16:22:35.802  INFO 1 --- [io-12031-exec-8] order.controller.OrderController         : [PYTHIA_FINE_TRACE] service=ts-order-service endpoint=createOrder latency_ms=78
2026-03-11 16:22:36.202  INFO 1 --- [io-12031-exec-9] order.service.OrderServiceImpl           : [PYTHIA_FINE_TRACE] service=ts-order-service stage=service_create latency_ms=68
2026-03-11 16:22:36.202  INFO 1 --- [io-12031-exec-9] order.controller.OrderController         : [PYTHIA_FINE_TRACE] service=ts-order-service endpoint=createOrder latency_ms=68
2026-03-11 16:22:36.612  INFO 1 --- [o-12031-exec-10] order.service.OrderServiceImpl           : [PYTHIA_FINE_TRACE] service=ts-order-service stage=service_create latency_ms=95
2026-03-11 16:22:36.612  INFO 1 --- [o-12031-exec-10] order.controller.OrderController         : [PYTHIA_FINE_TRACE] service=ts-order-service endpoint=createOrder latency_ms=95
2026-03-11 16:22:37.023  INFO 1 --- [io-12031-exec-1] order.service.OrderServiceImpl           : [PYTHIA_FINE_TRACE] service=ts-order-service stage=service_create latency_ms=97
2026-03-11 16:22:37.023  INFO 1 --- [io-12031-exec-1] order.controller.OrderController         : [PYTHIA_FINE_TRACE] service=ts-order-service endpoint=createOrder latency_ms=97
2026-03-11 16:22:37.435  INFO 1 --- [io-12031-exec-4] order.service.OrderServiceImpl           : [PYTHIA_FINE_TRACE] service=ts-order-service stage=service_create latency_ms=51
2026-03-11 16:22:37.435  INFO 1 --- [io-12031-exec-4] order.controller.OrderController         : [PYTHIA_FINE_TRACE] service=ts-order-service endpoint=createOrder latency_ms=51
2026-03-11 16:22:37.809  INFO 1 --- [io-12031-exec-2] order.service.OrderServiceImpl           : [PYTHIA_FINE_TRACE] service=ts-order-service stage=service_create latency_ms=86
2026-03-11 16:22:37.810  INFO 1 --- [io-12031-exec-2] order.controller.OrderController         : [PYTHIA_FINE_TRACE] service=ts-order-service endpoint=createOrder latency_ms=87
2026-03-11 16:22:38.219  INFO 1 --- [io-12031-exec-5] order.service.OrderServiceImpl           : [PYTHIA_FINE_TRACE] service=ts-order-service stage=service_create latency_ms=98
2026-03-11 16:22:38.219  INFO 1 --- [io-12031-exec-5] order.controller.OrderController         : [PYTHIA_FINE_TRACE] service=ts-order-service endpoint=createOrder latency_ms=98
2026-03-11 16:22:38.569  INFO 1 --- [io-12031-exec-3] order.service.OrderServiceImpl           : [PYTHIA_FINE_TRACE] service=ts-order-service stage=service_create latency_ms=49
2026-03-11 16:22:38.569  INFO 1 --- [io-12031-exec-3] order.controller.OrderController         : [PYTHIA_FINE_TRACE] service=ts-order-service endpoint=createOrder latency_ms=49
2026-03-11 16:22:38.949  INFO 1 --- [io-12031-exec-7] order.service.OrderServiceImpl           : [PYTHIA_FINE_TRACE] service=ts-order-service stage=service_create latency_ms=59
2026-03-11 16:22:38.949  INFO 1 --- [io-12031-exec-7] order.controller.OrderController         : [PYTHIA_FINE_TRACE] service=ts-order-service endpoint=createOrder latency_ms=60
2026-03-11 16:22:39.316  INFO 1 --- [io-12031-exec-6] order.service.OrderServiceImpl           : [PYTHIA_FINE_TRACE] service=ts-order-service stage=service_create latency_ms=88
2026-03-11 16:22:39.316  INFO 1 --- [io-12031-exec-6] order.controller.OrderController         : [PYTHIA_FINE_TRACE] service=ts-order-service endpoint=createOrder latency_ms=88
2026-03-11 16:22:39.678  INFO 1 --- [io-12031-exec-8] order.service.OrderServiceImpl           : [PYTHIA_FINE_TRACE] service=ts-order-service stage=service_create latency_ms=49
2026-03-11 16:22:39.678  INFO 1 --- [io-12031-exec-8] order.controller.OrderController         : [PYTHIA_FINE_TRACE] service=ts-order-service endpoint=createOrder latency_ms=49
2026-03-11 16:22:40.117  INFO 1 --- [io-12031-exec-9] order.service.OrderServiceImpl           : [PYTHIA_FINE_TRACE] service=ts-order-service stage=service_create latency_ms=109
2026-03-11 16:22:40.117  INFO 1 --- [io-12031-exec-9] order.controller.OrderController         : [PYTHIA_FINE_TRACE] service=ts-order-service endpoint=createOrder latency_ms=109
2026-03-11 16:22:40.546  INFO 1 --- [o-12031-exec-10] order.service.OrderServiceImpl           : [PYTHIA_FINE_TRACE] service=ts-order-service stage=service_create latency_ms=67
2026-03-11 16:22:40.546  INFO 1 --- [o-12031-exec-10] order.controller.OrderController         : [PYTHIA_FINE_TRACE] service=ts-order-service endpoint=createOrder latency_ms=67
2026-03-11 16:22:40.936  INFO 1 --- [io-12031-exec-1] order.service.OrderServiceImpl           : [PYTHIA_FINE_TRACE] service=ts-order-service stage=service_create latency_ms=51
2026-03-11 16:22:40.936  INFO 1 --- [io-12031-exec-1] order.controller.OrderController         : [PYTHIA_FINE_TRACE] service=ts-order-service endpoint=createOrder latency_ms=51
2026-03-11 16:22:41.349  INFO 1 --- [io-12031-exec-4] order.service.OrderServiceImpl           : [PYTHIA_FINE_TRACE] service=ts-order-service stage=service_create latency_ms=60
2026-03-11 16:22:41.349  INFO 1 --- [io-12031-exec-4] order.controller.OrderController         : [PYTHIA_FINE_TRACE] service=ts-order-service endpoint=createOrder latency_ms=60
2026-03-11 16:22:41.719  INFO 1 --- [io-12031-exec-2] order.service.OrderServiceImpl           : [PYTHIA_FINE_TRACE] service=ts-order-service stage=service_create latency_ms=90
2026-03-11 16:22:41.719  INFO 1 --- [io-12031-exec-2] order.controller.OrderController         : [PYTHIA_FINE_TRACE] service=ts-order-service endpoint=createOrder latency_ms=90
2026-03-11 16:22:42.408  INFO 1 --- [io-12031-exec-3] order.service.OrderServiceImpl           : [PYTHIA_FINE_TRACE] service=ts-order-service stage=service_create latency_ms=101
2026-03-11 16:22:42.408  INFO 1 --- [io-12031-exec-3] order.controller.OrderController         : [PYTHIA_FINE_TRACE] service=ts-order-service endpoint=createOrder latency_ms=101
2026-03-11 16:22:43.214  INFO 1 --- [io-12031-exec-7] order.service.OrderServiceImpl           : [PYTHIA_FINE_TRACE] service=ts-order-service stage=service_create latency_ms=114
2026-03-11 16:22:43.214  INFO 1 --- [io-12031-exec-7] order.controller.OrderController         : [PYTHIA_FINE_TRACE] service=ts-order-service endpoint=createOrder latency_ms=114
2026-03-11 16:22:44.013  INFO 1 --- [io-12031-exec-6] order.service.OrderServiceImpl           : [PYTHIA_FINE_TRACE] service=ts-order-service stage=service_create latency_ms=123
2026-03-11 16:22:44.013  INFO 1 --- [io-12031-exec-6] order.controller.OrderController         : [PYTHIA_FINE_TRACE] service=ts-order-service endpoint=createOrder latency_ms=123
2026-03-11 16:22:44.630  INFO 1 --- [io-12031-exec-8] order.service.OrderServiceImpl           : [PYTHIA_FINE_TRACE] service=ts-order-service stage=service_create latency_ms=50
2026-03-11 16:22:44.630  INFO 1 --- [io-12031-exec-8] order.controller.OrderController         : [PYTHIA_FINE_TRACE] service=ts-order-service endpoint=createOrder latency_ms=50
2026-03-11 16:22:45.023  INFO 1 --- [io-12031-exec-9] order.service.OrderServiceImpl           : [PYTHIA_FINE_TRACE] service=ts-order-service stage=service_create latency_ms=99
2026-03-11 16:22:45.023  INFO 1 --- [io-12031-exec-9] order.controller.OrderController         : [PYTHIA_FINE_TRACE] service=ts-order-service endpoint=createOrder latency_ms=99
2026-03-11 16:22:45.417  INFO 1 --- [o-12031-exec-10] order.service.OrderServiceImpl           : [PYTHIA_FINE_TRACE] service=ts-order-service stage=service_create latency_ms=88
2026-03-11 16:22:45.417  INFO 1 --- [o-12031-exec-10] order.controller.OrderController         : [PYTHIA_FINE_TRACE] service=ts-order-service endpoint=createOrder latency_ms=88
2026-03-11 16:22:45.778  INFO 1 --- [io-12031-exec-1] order.service.OrderServiceImpl           : [PYTHIA_FINE_TRACE] service=ts-order-service stage=service_create latency_ms=51
2026-03-11 16:22:45.778  INFO 1 --- [io-12031-exec-1] order.controller.OrderController         : [PYTHIA_FINE_TRACE] service=ts-order-service endpoint=createOrder latency_ms=51
2026-03-11 16:22:46.216  INFO 1 --- [io-12031-exec-4] order.service.OrderServiceImpl           : [PYTHIA_FINE_TRACE] service=ts-order-service stage=service_create latency_ms=116
2026-03-11 16:22:46.216  INFO 1 --- [io-12031-exec-4] order.controller.OrderController         : [PYTHIA_FINE_TRACE] service=ts-order-service endpoint=createOrder latency_ms=116
2026-03-11 16:22:46.612  INFO 1 --- [io-12031-exec-2] order.service.OrderServiceImpl           : [PYTHIA_FINE_TRACE] service=ts-order-service stage=service_create latency_ms=86
2026-03-11 16:22:46.612  INFO 1 --- [io-12031-exec-2] order.controller.OrderController         : [PYTHIA_FINE_TRACE] service=ts-order-service endpoint=createOrder latency_ms=86
2026-03-11 16:22:46.974  INFO 1 --- [io-12031-exec-5] order.service.OrderServiceImpl           : [PYTHIA_FINE_TRACE] service=ts-order-service stage=service_create latency_ms=50
2026-03-11 16:22:46.975  INFO 1 --- [io-12031-exec-5] order.controller.OrderController         : [PYTHIA_FINE_TRACE] service=ts-order-service endpoint=createOrder latency_ms=51
2026-03-11 16:22:47.402  INFO 1 --- [io-12031-exec-3] order.service.OrderServiceImpl           : [PYTHIA_FINE_TRACE] service=ts-order-service stage=service_create latency_ms=77
2026-03-11 16:22:47.402  INFO 1 --- [io-12031-exec-3] order.controller.OrderController         : [PYTHIA_FINE_TRACE] service=ts-order-service endpoint=createOrder latency_ms=77
2026-03-11 16:22:47.818  INFO 1 --- [io-12031-exec-7] order.service.OrderServiceImpl           : [PYTHIA_FINE_TRACE] service=ts-order-service stage=service_create latency_ms=94
2026-03-11 16:22:47.818  INFO 1 --- [io-12031-exec-7] order.controller.OrderController         : [PYTHIA_FINE_TRACE] service=ts-order-service endpoint=createOrder latency_ms=94
2026-03-11 16:22:48.170  INFO 1 --- [io-12031-exec-6] order.service.OrderServiceImpl           : [PYTHIA_FINE_TRACE] service=ts-order-service stage=service_create latency_ms=49
2026-03-11 16:22:48.170  INFO 1 --- [io-12031-exec-6] order.controller.OrderController         : [PYTHIA_FINE_TRACE] service=ts-order-service endpoint=createOrder latency_ms=49
2026-03-11 16:22:48.546  INFO 1 --- [io-12031-exec-8] order.service.OrderServiceImpl           : [PYTHIA_FINE_TRACE] service=ts-order-service stage=service_create latency_ms=54
2026-03-11 16:22:48.546  INFO 1 --- [io-12031-exec-8] order.controller.OrderController         : [PYTHIA_FINE_TRACE] service=ts-order-service endpoint=createOrder latency_ms=55
2026-03-11 16:22:48.920  INFO 1 --- [io-12031-exec-9] order.service.OrderServiceImpl           : [PYTHIA_FINE_TRACE] service=ts-order-service stage=service_create latency_ms=97
2026-03-11 16:22:48.920  INFO 1 --- [io-12031-exec-9] order.controller.OrderController         : [PYTHIA_FINE_TRACE] service=ts-order-service endpoint=createOrder latency_ms=97
2026-03-11 16:22:49.271  INFO 1 --- [o-12031-exec-10] order.service.OrderServiceImpl           : [PYTHIA_FINE_TRACE] service=ts-order-service stage=service_create latency_ms=48
2026-03-11 16:22:49.271  INFO 1 --- [o-12031-exec-10] order.controller.OrderController         : [PYTHIA_FINE_TRACE] service=ts-order-service endpoint=createOrder latency_ms=48
2026-03-11 16:22:49.644  INFO 1 --- [io-12031-exec-1] order.service.OrderServiceImpl           : [PYTHIA_FINE_TRACE] service=ts-order-service stage=service_create latency_ms=56
2026-03-11 16:22:49.644  INFO 1 --- [io-12031-exec-1] order.controller.OrderController         : [PYTHIA_FINE_TRACE] service=ts-order-service endpoint=createOrder latency_ms=56
2026-03-11 16:22:50.026  INFO 1 --- [io-12031-exec-4] order.service.OrderServiceImpl           : [PYTHIA_FINE_TRACE] service=ts-order-service stage=service_create latency_ms=102
2026-03-11 16:22:50.026  INFO 1 --- [io-12031-exec-4] order.controller.OrderController         : [PYTHIA_FINE_TRACE] service=ts-order-service endpoint=createOrder latency_ms=102
2026-03-11 16:22:50.615  INFO 1 --- [io-12031-exec-2] order.service.OrderServiceImpl           : [PYTHIA_FINE_TRACE] service=ts-order-service stage=service_create latency_ms=212
2026-03-11 16:22:50.615  INFO 1 --- [io-12031-exec-2] order.controller.OrderController         : [PYTHIA_FINE_TRACE] service=ts-order-service endpoint=createOrder latency_ms=212
2026-03-11 16:22:51.011  INFO 1 --- [io-12031-exec-5] order.service.OrderServiceImpl           : [PYTHIA_FINE_TRACE] service=ts-order-service stage=service_create latency_ms=79
2026-03-11 16:22:51.011  INFO 1 --- [io-12031-exec-5] order.controller.OrderController         : [PYTHIA_FINE_TRACE] service=ts-order-service endpoint=createOrder latency_ms=84
2026-03-11 16:22:51.412  INFO 1 --- [io-12031-exec-3] order.service.OrderServiceImpl           : [PYTHIA_FINE_TRACE] service=ts-order-service stage=service_create latency_ms=89
2026-03-11 16:22:51.412  INFO 1 --- [io-12031-exec-3] order.controller.OrderController         : [PYTHIA_FINE_TRACE] service=ts-order-service endpoint=createOrder latency_ms=89
2026-03-11 16:22:51.816  INFO 1 --- [io-12031-exec-7] order.service.OrderServiceImpl           : [PYTHIA_FINE_TRACE] service=ts-order-service stage=service_create latency_ms=95
2026-03-11 16:22:51.816  INFO 1 --- [io-12031-exec-7] order.controller.OrderController         : [PYTHIA_FINE_TRACE] service=ts-order-service endpoint=createOrder latency_ms=95
2026-03-11 16:22:52.231  INFO 1 --- [io-12031-exec-8] order.service.OrderServiceImpl           : [PYTHIA_FINE_TRACE] service=ts-order-service stage=service_create latency_ms=48
2026-03-11 16:22:52.231  INFO 1 --- [io-12031-exec-8] order.controller.OrderController         : [PYTHIA_FINE_TRACE] service=ts-order-service endpoint=createOrder latency_ms=49
2026-03-11 16:22:52.613  INFO 1 --- [io-12031-exec-9] order.service.OrderServiceImpl           : [PYTHIA_FINE_TRACE] service=ts-order-service stage=service_create latency_ms=88
2026-03-11 16:22:52.613  INFO 1 --- [io-12031-exec-9] order.controller.OrderController         : [PYTHIA_FINE_TRACE] service=ts-order-service endpoint=createOrder latency_ms=89
2026-03-11 16:22:53.110  INFO 1 --- [o-12031-exec-10] order.service.OrderServiceImpl           : [PYTHIA_FINE_TRACE] service=ts-order-service stage=service_create latency_ms=192
2026-03-11 16:22:53.110  INFO 1 --- [o-12031-exec-10] order.controller.OrderController         : [PYTHIA_FINE_TRACE] service=ts-order-service endpoint=createOrder latency_ms=192
2026-03-11 16:22:53.532  INFO 1 --- [io-12031-exec-1] order.service.OrderServiceImpl           : [PYTHIA_FINE_TRACE] service=ts-order-service stage=service_create latency_ms=50
2026-03-11 16:22:53.532  INFO 1 --- [io-12031-exec-1] order.controller.OrderController         : [PYTHIA_FINE_TRACE] service=ts-order-service endpoint=createOrder latency_ms=50
2026-03-11 16:22:54.030  INFO 1 --- [io-12031-exec-4] order.service.OrderServiceImpl           : [PYTHIA_FINE_TRACE] service=ts-order-service stage=service_create latency_ms=105
2026-03-11 16:22:54.030  INFO 1 --- [io-12031-exec-4] order.controller.OrderController         : [PYTHIA_FINE_TRACE] service=ts-order-service endpoint=createOrder latency_ms=105
2026-03-11 16:22:54.418  INFO 1 --- [io-12031-exec-2] order.service.OrderServiceImpl           : [PYTHIA_FINE_TRACE] service=ts-order-service stage=service_create latency_ms=92
2026-03-11 16:22:54.418  INFO 1 --- [io-12031-exec-2] order.controller.OrderController         : [PYTHIA_FINE_TRACE] service=ts-order-service endpoint=createOrder latency_ms=92
2026-03-11 16:22:54.807  INFO 1 --- [io-12031-exec-5] order.service.OrderServiceImpl           : [PYTHIA_FINE_TRACE] service=ts-order-service stage=service_create latency_ms=78
2026-03-11 16:22:54.807  INFO 1 --- [io-12031-exec-5] order.controller.OrderController         : [PYTHIA_FINE_TRACE] service=ts-order-service endpoint=createOrder latency_ms=78
2026-03-11 16:22:55.212  INFO 1 --- [io-12031-exec-3] order.service.OrderServiceImpl           : [PYTHIA_FINE_TRACE] service=ts-order-service stage=service_create latency_ms=92
2026-03-11 16:22:55.212  INFO 1 --- [io-12031-exec-3] order.controller.OrderController         : [PYTHIA_FINE_TRACE] service=ts-order-service endpoint=createOrder latency_ms=92
2026-03-11 16:22:55.614  INFO 1 --- [io-12031-exec-7] order.service.OrderServiceImpl           : [PYTHIA_FINE_TRACE] service=ts-order-service stage=service_create latency_ms=94
2026-03-11 16:22:55.614  INFO 1 --- [io-12031-exec-7] order.controller.OrderController         : [PYTHIA_FINE_TRACE] service=ts-order-service endpoint=createOrder latency_ms=94
2026-03-11 16:22:56.031  INFO 1 --- [io-12031-exec-6] order.service.OrderServiceImpl           : [PYTHIA_FINE_TRACE] service=ts-order-service stage=service_create latency_ms=108
2026-03-11 16:22:56.031  INFO 1 --- [io-12031-exec-6] order.controller.OrderController         : [PYTHIA_FINE_TRACE] service=ts-order-service endpoint=createOrder latency_ms=108
2026-03-11 16:22:56.418  INFO 1 --- [io-12031-exec-8] order.service.OrderServiceImpl           : [PYTHIA_FINE_TRACE] service=ts-order-service stage=service_create latency_ms=92
2026-03-11 16:22:56.418  INFO 1 --- [io-12031-exec-8] order.controller.OrderController         : [PYTHIA_FINE_TRACE] service=ts-order-service endpoint=createOrder latency_ms=92
2026-03-11 16:22:56.812  INFO 1 --- [io-12031-exec-9] order.service.OrderServiceImpl           : [PYTHIA_FINE_TRACE] service=ts-order-service stage=service_create latency_ms=88
2026-03-11 16:22:56.812  INFO 1 --- [io-12031-exec-9] order.controller.OrderController         : [PYTHIA_FINE_TRACE] service=ts-order-service endpoint=createOrder latency_ms=88
2026-03-11 16:22:57.175  INFO 1 --- [o-12031-exec-10] order.service.OrderServiceImpl           : [PYTHIA_FINE_TRACE] service=ts-order-service stage=service_create latency_ms=51
2026-03-11 16:22:57.175  INFO 1 --- [o-12031-exec-10] order.controller.OrderController         : [PYTHIA_FINE_TRACE] service=ts-order-service endpoint=createOrder latency_ms=51
2026-03-11 16:22:57.611  INFO 1 --- [io-12031-exec-1] order.service.OrderServiceImpl           : [PYTHIA_FINE_TRACE] service=ts-order-service stage=service_create latency_ms=94
2026-03-11 16:22:57.611  INFO 1 --- [io-12031-exec-1] order.controller.OrderController         : [PYTHIA_FINE_TRACE] service=ts-order-service endpoint=createOrder latency_ms=94
2026-03-11 16:22:58.020  INFO 1 --- [io-12031-exec-4] order.service.OrderServiceImpl           : [PYTHIA_FINE_TRACE] service=ts-order-service stage=service_create latency_ms=94
2026-03-11 16:22:58.020  INFO 1 --- [io-12031-exec-4] order.controller.OrderController         : [PYTHIA_FINE_TRACE] service=ts-order-service endpoint=createOrder latency_ms=94
2026-03-11 16:22:58.422  INFO 1 --- [io-12031-exec-2] order.service.OrderServiceImpl           : [PYTHIA_FINE_TRACE] service=ts-order-service stage=service_create latency_ms=95
2026-03-11 16:22:58.422  INFO 1 --- [io-12031-exec-2] order.controller.OrderController         : [PYTHIA_FINE_TRACE] service=ts-order-service endpoint=createOrder latency_ms=95
2026-03-11 16:22:58.772  INFO 1 --- [io-12031-exec-5] order.service.OrderServiceImpl           : [PYTHIA_FINE_TRACE] service=ts-order-service stage=service_create latency_ms=49
2026-03-11 16:22:58.773  INFO 1 --- [io-12031-exec-5] order.controller.OrderController         : [PYTHIA_FINE_TRACE] service=ts-order-service endpoint=createOrder latency_ms=50
2026-03-11 16:22:59.151  INFO 1 --- [io-12031-exec-3] order.service.OrderServiceImpl           : [PYTHIA_FINE_TRACE] service=ts-order-service stage=service_create latency_ms=62
2026-03-11 16:22:59.151  INFO 1 --- [io-12031-exec-3] order.controller.OrderController         : [PYTHIA_FINE_TRACE] service=ts-order-service endpoint=createOrder latency_ms=62
2026-03-11 16:22:59.537  INFO 1 --- [io-12031-exec-7] order.service.OrderServiceImpl           : [PYTHIA_FINE_TRACE] service=ts-order-service stage=service_create latency_ms=59
2026-03-11 16:22:59.537  INFO 1 --- [io-12031-exec-7] order.controller.OrderController         : [PYTHIA_FINE_TRACE] service=ts-order-service endpoint=createOrder latency_ms=59
2026-03-11 16:22:59.928  INFO 1 --- [io-12031-exec-6] order.service.OrderServiceImpl           : [PYTHIA_FINE_TRACE] service=ts-order-service stage=service_create latency_ms=48
2026-03-11 16:22:59.928  INFO 1 --- [io-12031-exec-6] order.controller.OrderController         : [PYTHIA_FINE_TRACE] service=ts-order-service endpoint=createOrder latency_ms=48
2026-03-11 16:23:00.315  INFO 1 --- [io-12031-exec-8] order.service.OrderServiceImpl           : [PYTHIA_FINE_TRACE] service=ts-order-service stage=service_create latency_ms=85
2026-03-11 16:23:00.315  INFO 1 --- [io-12031-exec-8] order.controller.OrderController         : [PYTHIA_FINE_TRACE] service=ts-order-service endpoint=createOrder latency_ms=85
2026-03-11 16:23:00.726  INFO 1 --- [io-12031-exec-9] order.service.OrderServiceImpl           : [PYTHIA_FINE_TRACE] service=ts-order-service stage=service_create latency_ms=105
2026-03-11 16:23:00.726  INFO 1 --- [io-12031-exec-9] order.controller.OrderController         : [PYTHIA_FINE_TRACE] service=ts-order-service endpoint=createOrder latency_ms=106
2026-03-11 16:23:01.101  INFO 1 --- [o-12031-exec-10] order.service.OrderServiceImpl           : [PYTHIA_FINE_TRACE] service=ts-order-service stage=service_create latency_ms=52
2026-03-11 16:23:01.101  INFO 1 --- [o-12031-exec-10] order.controller.OrderController         : [PYTHIA_FINE_TRACE] service=ts-order-service endpoint=createOrder latency_ms=76
2026-03-11 16:23:01.602  INFO 1 --- [io-12031-exec-1] order.service.OrderServiceImpl           : [PYTHIA_FINE_TRACE] service=ts-order-service stage=service_create latency_ms=180
2026-03-11 16:23:01.603  INFO 1 --- [io-12031-exec-1] order.controller.OrderController         : [PYTHIA_FINE_TRACE] service=ts-order-service endpoint=createOrder latency_ms=181
2026-03-11 16:23:02.113  INFO 1 --- [io-12031-exec-4] order.service.OrderServiceImpl           : [PYTHIA_FINE_TRACE] service=ts-order-service stage=service_create latency_ms=186
2026-03-11 16:23:02.113  INFO 1 --- [io-12031-exec-4] order.controller.OrderController         : [PYTHIA_FINE_TRACE] service=ts-order-service endpoint=createOrder latency_ms=186
2026-03-11 16:23:02.477  INFO 1 --- [io-12031-exec-5] order.service.OrderServiceImpl           : [PYTHIA_FINE_TRACE] service=ts-order-service stage=service_create latency_ms=51
2026-03-11 16:23:02.477  INFO 1 --- [io-12031-exec-5] order.controller.OrderController         : [PYTHIA_FINE_TRACE] service=ts-order-service endpoint=createOrder latency_ms=51
2026-03-11 16:23:02.914  INFO 1 --- [io-12031-exec-3] order.service.OrderServiceImpl           : [PYTHIA_FINE_TRACE] service=ts-order-service stage=service_create latency_ms=111
2026-03-11 16:23:02.914  INFO 1 --- [io-12031-exec-3] order.controller.OrderController         : [PYTHIA_FINE_TRACE] service=ts-order-service endpoint=createOrder latency_ms=111
2026-03-11 16:23:03.321  INFO 1 --- [io-12031-exec-7] order.service.OrderServiceImpl           : [PYTHIA_FINE_TRACE] service=ts-order-service stage=service_create latency_ms=98
2026-03-11 16:23:03.321  INFO 1 --- [io-12031-exec-7] order.controller.OrderController         : [PYTHIA_FINE_TRACE] service=ts-order-service endpoint=createOrder latency_ms=98
2026-03-11 16:23:03.729  INFO 1 --- [io-12031-exec-6] order.service.OrderServiceImpl           : [PYTHIA_FINE_TRACE] service=ts-order-service stage=service_create latency_ms=50
2026-03-11 16:23:03.729  INFO 1 --- [io-12031-exec-6] order.controller.OrderController         : [PYTHIA_FINE_TRACE] service=ts-order-service endpoint=createOrder latency_ms=50
2026-03-11 16:23:04.113  INFO 1 --- [io-12031-exec-8] order.service.OrderServiceImpl           : [PYTHIA_FINE_TRACE] service=ts-order-service stage=service_create latency_ms=88
2026-03-11 16:23:04.113  INFO 1 --- [io-12031-exec-8] order.controller.OrderController         : [PYTHIA_FINE_TRACE] service=ts-order-service endpoint=createOrder latency_ms=89
2026-03-11 16:23:04.515  INFO 1 --- [io-12031-exec-9] order.service.OrderServiceImpl           : [PYTHIA_FINE_TRACE] service=ts-order-service stage=service_create latency_ms=95
2026-03-11 16:23:04.515  INFO 1 --- [io-12031-exec-9] order.controller.OrderController         : [PYTHIA_FINE_TRACE] service=ts-order-service endpoint=createOrder latency_ms=95
2026-03-11 16:23:04.933  INFO 1 --- [o-12031-exec-10] order.service.OrderServiceImpl           : [PYTHIA_FINE_TRACE] service=ts-order-service stage=service_create latency_ms=62
2026-03-11 16:23:04.933  INFO 1 --- [o-12031-exec-10] order.controller.OrderController         : [PYTHIA_FINE_TRACE] service=ts-order-service endpoint=createOrder latency_ms=62
2026-03-11 16:23:05.308  INFO 1 --- [io-12031-exec-1] order.service.OrderServiceImpl           : [PYTHIA_FINE_TRACE] service=ts-order-service stage=service_create latency_ms=82
2026-03-11 16:23:05.308  INFO 1 --- [io-12031-exec-1] order.controller.OrderController         : [PYTHIA_FINE_TRACE] service=ts-order-service endpoint=createOrder latency_ms=83
2026-03-11 16:23:05.719  INFO 1 --- [io-12031-exec-2] order.service.OrderServiceImpl           : [PYTHIA_FINE_TRACE] service=ts-order-service stage=service_create latency_ms=93
2026-03-11 16:23:05.719  INFO 1 --- [io-12031-exec-2] order.controller.OrderController         : [PYTHIA_FINE_TRACE] service=ts-order-service endpoint=createOrder latency_ms=93
2026-03-11 16:23:06.130  INFO 1 --- [io-12031-exec-4] order.service.OrderServiceImpl           : [PYTHIA_FINE_TRACE] service=ts-order-service stage=service_create latency_ms=106
2026-03-11 16:23:06.130  INFO 1 --- [io-12031-exec-4] order.controller.OrderController         : [PYTHIA_FINE_TRACE] service=ts-order-service endpoint=createOrder latency_ms=106
2026-03-11 16:23:06.467  INFO 1 --- [io-12031-exec-5] order.service.OrderServiceImpl           : [PYTHIA_FINE_TRACE] service=ts-order-service stage=service_create latency_ms=46
2026-03-11 16:23:06.468  INFO 1 --- [io-12031-exec-5] order.controller.OrderController         : [PYTHIA_FINE_TRACE] service=ts-order-service endpoint=createOrder latency_ms=47
2026-03-11 16:23:06.844  INFO 1 --- [io-12031-exec-3] order.service.OrderServiceImpl           : [PYTHIA_FINE_TRACE] service=ts-order-service stage=service_create latency_ms=57
2026-03-11 16:23:06.844  INFO 1 --- [io-12031-exec-3] order.controller.OrderController         : [PYTHIA_FINE_TRACE] service=ts-order-service endpoint=createOrder latency_ms=57
2026-03-11 16:23:07.213  INFO 1 --- [io-12031-exec-7] order.service.OrderServiceImpl           : [PYTHIA_FINE_TRACE] service=ts-order-service stage=service_create latency_ms=93
2026-03-11 16:23:07.213  INFO 1 --- [io-12031-exec-7] order.controller.OrderController         : [PYTHIA_FINE_TRACE] service=ts-order-service endpoint=createOrder latency_ms=93
2026-03-11 16:23:07.632  INFO 1 --- [io-12031-exec-6] order.service.OrderServiceImpl           : [PYTHIA_FINE_TRACE] service=ts-order-service stage=service_create latency_ms=50
2026-03-11 16:23:07.632  INFO 1 --- [io-12031-exec-6] order.controller.OrderController         : [PYTHIA_FINE_TRACE] service=ts-order-service endpoint=createOrder latency_ms=50
2026-03-11 16:23:08.009  INFO 1 --- [io-12031-exec-8] order.service.OrderServiceImpl           : [PYTHIA_FINE_TRACE] service=ts-order-service stage=service_create latency_ms=85
2026-03-11 16:23:08.009  INFO 1 --- [io-12031-exec-8] order.controller.OrderController         : [PYTHIA_FINE_TRACE] service=ts-order-service endpoint=createOrder latency_ms=85
2026-03-11 16:23:08.413  INFO 1 --- [io-12031-exec-9] order.service.OrderServiceImpl           : [PYTHIA_FINE_TRACE] service=ts-order-service stage=service_create latency_ms=88
2026-03-11 16:23:08.413  INFO 1 --- [io-12031-exec-9] order.controller.OrderController         : [PYTHIA_FINE_TRACE] service=ts-order-service endpoint=createOrder latency_ms=88
2026-03-11 16:23:08.906  INFO 1 --- [o-12031-exec-10] order.service.OrderServiceImpl           : [PYTHIA_FINE_TRACE] service=ts-order-service stage=service_create latency_ms=126
2026-03-11 16:23:08.906  INFO 1 --- [o-12031-exec-10] order.controller.OrderController         : [PYTHIA_FINE_TRACE] service=ts-order-service endpoint=createOrder latency_ms=126
2026-03-11 16:23:09.406  INFO 1 --- [io-12031-exec-1] order.service.OrderServiceImpl           : [PYTHIA_FINE_TRACE] service=ts-order-service stage=service_create latency_ms=124
2026-03-11 16:23:09.406  INFO 1 --- [io-12031-exec-1] order.controller.OrderController         : [PYTHIA_FINE_TRACE] service=ts-order-service endpoint=createOrder latency_ms=124
2026-03-11 16:23:09.810  INFO 1 --- [io-12031-exec-2] order.service.OrderServiceImpl           : [PYTHIA_FINE_TRACE] service=ts-order-service stage=service_create latency_ms=87
2026-03-11 16:23:09.810  INFO 1 --- [io-12031-exec-2] order.controller.OrderController         : [PYTHIA_FINE_TRACE] service=ts-order-service endpoint=createOrder latency_ms=87
2026-03-11 16:23:10.166  INFO 1 --- [io-12031-exec-4] order.service.OrderServiceImpl           : [PYTHIA_FINE_TRACE] service=ts-order-service stage=service_create latency_ms=48
2026-03-11 16:23:10.166  INFO 1 --- [io-12031-exec-4] order.controller.OrderController         : [PYTHIA_FINE_TRACE] service=ts-order-service endpoint=createOrder latency_ms=48
2026-03-11 16:23:10.549  INFO 1 --- [io-12031-exec-5] order.service.OrderServiceImpl           : [PYTHIA_FINE_TRACE] service=ts-order-service stage=service_create latency_ms=58
2026-03-11 16:23:10.549  INFO 1 --- [io-12031-exec-5] order.controller.OrderController         : [PYTHIA_FINE_TRACE] service=ts-order-service endpoint=createOrder latency_ms=58
2026-03-11 16:23:10.912  INFO 1 --- [io-12031-exec-3] order.service.OrderServiceImpl           : [PYTHIA_FINE_TRACE] service=ts-order-service stage=service_create latency_ms=89
2026-03-11 16:23:10.912  INFO 1 --- [io-12031-exec-3] order.controller.OrderController         : [PYTHIA_FINE_TRACE] service=ts-order-service endpoint=createOrder latency_ms=89
2026-03-11 16:23:11.342  INFO 1 --- [io-12031-exec-7] order.service.OrderServiceImpl           : [PYTHIA_FINE_TRACE] service=ts-order-service stage=service_create latency_ms=61
2026-03-11 16:23:11.342  INFO 1 --- [io-12031-exec-7] order.controller.OrderController         : [PYTHIA_FINE_TRACE] service=ts-order-service endpoint=createOrder latency_ms=61
2026-03-11 16:23:11.671  INFO 1 --- [io-12031-exec-6] order.service.OrderServiceImpl           : [PYTHIA_FINE_TRACE] service=ts-order-service stage=service_create latency_ms=49
2026-03-11 16:23:11.671  INFO 1 --- [io-12031-exec-6] order.controller.OrderController         : [PYTHIA_FINE_TRACE] service=ts-order-service endpoint=createOrder latency_ms=49
2026-03-11 16:23:12.058  INFO 1 --- [io-12031-exec-9] order.service.OrderServiceImpl           : [PYTHIA_FINE_TRACE] service=ts-order-service stage=service_create latency_ms=63
2026-03-11 16:23:12.058  INFO 1 --- [io-12031-exec-9] order.controller.OrderController         : [PYTHIA_FINE_TRACE] service=ts-order-service endpoint=createOrder latency_ms=63
2026-03-11 16:23:12.519  INFO 1 --- [o-12031-exec-10] order.service.OrderServiceImpl           : [PYTHIA_FINE_TRACE] service=ts-order-service stage=service_create latency_ms=112
2026-03-11 16:23:12.519  INFO 1 --- [o-12031-exec-10] order.controller.OrderController         : [PYTHIA_FINE_TRACE] service=ts-order-service endpoint=createOrder latency_ms=112
2026-03-11 16:23:12.879  INFO 1 --- [io-12031-exec-1] order.service.OrderServiceImpl           : [PYTHIA_FINE_TRACE] service=ts-order-service stage=service_create latency_ms=50
2026-03-11 16:23:12.879  INFO 1 --- [io-12031-exec-1] order.controller.OrderController         : [PYTHIA_FINE_TRACE] service=ts-order-service endpoint=createOrder latency_ms=50
2026-03-11 16:23:13.316  INFO 1 --- [io-12031-exec-2] order.service.OrderServiceImpl           : [PYTHIA_FINE_TRACE] service=ts-order-service stage=service_create latency_ms=89
2026-03-11 16:23:13.316  INFO 1 --- [io-12031-exec-2] order.controller.OrderController         : [PYTHIA_FINE_TRACE] service=ts-order-service endpoint=createOrder latency_ms=89
2026-03-11 16:23:13.741  INFO 1 --- [io-12031-exec-4] order.service.OrderServiceImpl           : [PYTHIA_FINE_TRACE] service=ts-order-service stage=service_create latency_ms=62
2026-03-11 16:23:13.741  INFO 1 --- [io-12031-exec-4] order.controller.OrderController         : [PYTHIA_FINE_TRACE] service=ts-order-service endpoint=createOrder latency_ms=62
2026-03-11 16:23:14.067  INFO 1 --- [io-12031-exec-5] order.service.OrderServiceImpl           : [PYTHIA_FINE_TRACE] service=ts-order-service stage=service_create latency_ms=48
2026-03-11 16:23:14.067  INFO 1 --- [io-12031-exec-5] order.controller.OrderController         : [PYTHIA_FINE_TRACE] service=ts-order-service endpoint=createOrder latency_ms=48
2026-03-11 16:23:14.436  INFO 1 --- [io-12031-exec-3] order.service.OrderServiceImpl           : [PYTHIA_FINE_TRACE] service=ts-order-service stage=service_create latency_ms=56
2026-03-11 16:23:14.436  INFO 1 --- [io-12031-exec-3] order.controller.OrderController         : [PYTHIA_FINE_TRACE] service=ts-order-service endpoint=createOrder latency_ms=57
2026-03-11 16:23:14.812  INFO 1 --- [io-12031-exec-7] order.service.OrderServiceImpl           : [PYTHIA_FINE_TRACE] service=ts-order-service stage=service_create latency_ms=86
2026-03-11 16:23:14.812  INFO 1 --- [io-12031-exec-7] order.controller.OrderController         : [PYTHIA_FINE_TRACE] service=ts-order-service endpoint=createOrder latency_ms=86
2026-03-11 16:23:15.168  INFO 1 --- [io-12031-exec-6] order.service.OrderServiceImpl           : [PYTHIA_FINE_TRACE] service=ts-order-service stage=service_create latency_ms=47
2026-03-11 16:23:15.168  INFO 1 --- [io-12031-exec-6] order.controller.OrderController         : [PYTHIA_FINE_TRACE] service=ts-order-service endpoint=createOrder latency_ms=47
2026-03-11 16:23:15.607  INFO 1 --- [io-12031-exec-8] order.service.OrderServiceImpl           : [PYTHIA_FINE_TRACE] service=ts-order-service stage=service_create latency_ms=83
2026-03-11 16:23:15.607  INFO 1 --- [io-12031-exec-8] order.controller.OrderController         : [PYTHIA_FINE_TRACE] service=ts-order-service endpoint=createOrder latency_ms=84
2026-03-11 16:23:16.012  INFO 1 --- [io-12031-exec-9] order.service.OrderServiceImpl           : [PYTHIA_FINE_TRACE] service=ts-order-service stage=service_create latency_ms=92
2026-03-11 16:23:16.012  INFO 1 --- [io-12031-exec-9] order.controller.OrderController         : [PYTHIA_FINE_TRACE] service=ts-order-service endpoint=createOrder latency_ms=92
2026-03-11 16:23:16.415  INFO 1 --- [o-12031-exec-10] order.service.OrderServiceImpl           : [PYTHIA_FINE_TRACE] service=ts-order-service stage=service_create latency_ms=92
2026-03-11 16:23:16.415  INFO 1 --- [o-12031-exec-10] order.controller.OrderController         : [PYTHIA_FINE_TRACE] service=ts-order-service endpoint=createOrder latency_ms=92
2026-03-11 16:23:16.777  INFO 1 --- [io-12031-exec-1] order.service.OrderServiceImpl           : [PYTHIA_FINE_TRACE] service=ts-order-service stage=service_create latency_ms=50
2026-03-11 16:23:16.777  INFO 1 --- [io-12031-exec-1] order.controller.OrderController         : [PYTHIA_FINE_TRACE] service=ts-order-service endpoint=createOrder latency_ms=50
2026-03-11 16:23:17.153  INFO 1 --- [io-12031-exec-2] order.service.OrderServiceImpl           : [PYTHIA_FINE_TRACE] service=ts-order-service stage=service_create latency_ms=58
2026-03-11 16:23:17.153  INFO 1 --- [io-12031-exec-2] order.controller.OrderController         : [PYTHIA_FINE_TRACE] service=ts-order-service endpoint=createOrder latency_ms=58
2026-03-11 16:23:17.515  INFO 1 --- [io-12031-exec-4] order.service.OrderServiceImpl           : [PYTHIA_FINE_TRACE] service=ts-order-service stage=service_create latency_ms=93
2026-03-11 16:23:17.515  INFO 1 --- [io-12031-exec-4] order.controller.OrderController         : [PYTHIA_FINE_TRACE] service=ts-order-service endpoint=createOrder latency_ms=93
2026-03-11 16:23:17.875  INFO 1 --- [io-12031-exec-5] order.service.OrderServiceImpl           : [PYTHIA_FINE_TRACE] service=ts-order-service stage=service_create latency_ms=49
2026-03-11 16:23:17.875  INFO 1 --- [io-12031-exec-5] order.controller.OrderController         : [PYTHIA_FINE_TRACE] service=ts-order-service endpoint=createOrder latency_ms=49
2026-03-11 16:23:18.313  INFO 1 --- [io-12031-exec-3] order.service.OrderServiceImpl           : [PYTHIA_FINE_TRACE] service=ts-order-service stage=service_create latency_ms=98
2026-03-11 16:23:18.313  INFO 1 --- [io-12031-exec-3] order.controller.OrderController         : [PYTHIA_FINE_TRACE] service=ts-order-service endpoint=createOrder latency_ms=98
2026-03-11 16:23:18.714  INFO 1 --- [io-12031-exec-7] order.service.OrderServiceImpl           : [PYTHIA_FINE_TRACE] service=ts-order-service stage=service_create latency_ms=89
2026-03-11 16:23:18.714  INFO 1 --- [io-12031-exec-7] order.controller.OrderController         : [PYTHIA_FINE_TRACE] service=ts-order-service endpoint=createOrder latency_ms=89
2026-03-11 16:23:19.073  INFO 1 --- [io-12031-exec-6] order.service.OrderServiceImpl           : [PYTHIA_FINE_TRACE] service=ts-order-service stage=service_create latency_ms=50
2026-03-11 16:23:19.073  INFO 1 --- [io-12031-exec-6] order.controller.OrderController         : [PYTHIA_FINE_TRACE] service=ts-order-service endpoint=createOrder latency_ms=50
2026-03-11 16:23:19.452  INFO 1 --- [io-12031-exec-8] order.service.OrderServiceImpl           : [PYTHIA_FINE_TRACE] service=ts-order-service stage=service_create latency_ms=58
2026-03-11 16:23:19.452  INFO 1 --- [io-12031-exec-8] order.controller.OrderController         : [PYTHIA_FINE_TRACE] service=ts-order-service endpoint=createOrder latency_ms=58
2026-03-11 16:23:19.811  INFO 1 --- [io-12031-exec-9] order.service.OrderServiceImpl           : [PYTHIA_FINE_TRACE] service=ts-order-service stage=service_create latency_ms=89
2026-03-11 16:23:19.811  INFO 1 --- [io-12031-exec-9] order.controller.OrderController         : [PYTHIA_FINE_TRACE] service=ts-order-service endpoint=createOrder latency_ms=89
2026-03-11 16:23:20.222  INFO 1 --- [o-12031-exec-10] order.service.OrderServiceImpl           : [PYTHIA_FINE_TRACE] service=ts-order-service stage=service_create latency_ms=98
2026-03-11 16:23:20.222  INFO 1 --- [o-12031-exec-10] order.controller.OrderController         : [PYTHIA_FINE_TRACE] service=ts-order-service endpoint=createOrder latency_ms=98
2026-03-11 16:23:20.613  INFO 1 --- [io-12031-exec-1] order.service.OrderServiceImpl           : [PYTHIA_FINE_TRACE] service=ts-order-service stage=service_create latency_ms=84
2026-03-11 16:23:20.613  INFO 1 --- [io-12031-exec-1] order.controller.OrderController         : [PYTHIA_FINE_TRACE] service=ts-order-service endpoint=createOrder latency_ms=84
2026-03-11 16:23:21.106  INFO 1 --- [io-12031-exec-2] order.service.OrderServiceImpl           : [PYTHIA_FINE_TRACE] service=ts-order-service stage=service_create latency_ms=183
2026-03-11 16:23:21.106  INFO 1 --- [io-12031-exec-2] order.controller.OrderController         : [PYTHIA_FINE_TRACE] service=ts-order-service endpoint=createOrder latency_ms=184
2026-03-11 16:23:21.518  INFO 1 --- [io-12031-exec-4] order.service.OrderServiceImpl           : [PYTHIA_FINE_TRACE] service=ts-order-service stage=service_create latency_ms=93
2026-03-11 16:23:21.518  INFO 1 --- [io-12031-exec-4] order.controller.OrderController         : [PYTHIA_FINE_TRACE] service=ts-order-service endpoint=createOrder latency_ms=93
2026-03-11 16:23:21.902  INFO 1 --- [io-12031-exec-5] order.service.OrderServiceImpl           : [PYTHIA_FINE_TRACE] service=ts-order-service stage=service_create latency_ms=83
2026-03-11 16:23:21.902  INFO 1 --- [io-12031-exec-5] order.controller.OrderController         : [PYTHIA_FINE_TRACE] service=ts-order-service endpoint=createOrder latency_ms=83
2026-03-11 16:23:22.329  INFO 1 --- [io-12031-exec-7] order.service.OrderServiceImpl           : [PYTHIA_FINE_TRACE] service=ts-order-service stage=service_create latency_ms=105
2026-03-11 16:23:22.329  INFO 1 --- [io-12031-exec-7] order.controller.OrderController         : [PYTHIA_FINE_TRACE] service=ts-order-service endpoint=createOrder latency_ms=105
2026-03-11 16:23:22.718  INFO 1 --- [io-12031-exec-6] order.service.OrderServiceImpl           : [PYTHIA_FINE_TRACE] service=ts-order-service stage=service_create latency_ms=96
2026-03-11 16:23:22.718  INFO 1 --- [io-12031-exec-6] order.controller.OrderController         : [PYTHIA_FINE_TRACE] service=ts-order-service endpoint=createOrder latency_ms=96
2026-03-11 16:23:23.072  INFO 1 --- [io-12031-exec-8] order.service.OrderServiceImpl           : [PYTHIA_FINE_TRACE] service=ts-order-service stage=service_create latency_ms=49
2026-03-11 16:23:23.072  INFO 1 --- [io-12031-exec-8] order.controller.OrderController         : [PYTHIA_FINE_TRACE] service=ts-order-service endpoint=createOrder latency_ms=49
2026-03-11 16:23:23.518  INFO 1 --- [io-12031-exec-9] order.service.OrderServiceImpl           : [PYTHIA_FINE_TRACE] service=ts-order-service stage=service_create latency_ms=96
2026-03-11 16:23:23.518  INFO 1 --- [io-12031-exec-9] order.controller.OrderController         : [PYTHIA_FINE_TRACE] service=ts-order-service endpoint=createOrder latency_ms=96
2026-03-11 16:23:23.914  INFO 1 --- [o-12031-exec-10] order.service.OrderServiceImpl           : [PYTHIA_FINE_TRACE] service=ts-order-service stage=service_create latency_ms=91
2026-03-11 16:23:23.914  INFO 1 --- [o-12031-exec-10] order.controller.OrderController         : [PYTHIA_FINE_TRACE] service=ts-order-service endpoint=createOrder latency_ms=91
2026-03-11 16:23:24.270  INFO 1 --- [io-12031-exec-1] order.service.OrderServiceImpl           : [PYTHIA_FINE_TRACE] service=ts-order-service stage=service_create latency_ms=48
2026-03-11 16:23:24.270  INFO 1 --- [io-12031-exec-1] order.controller.OrderController         : [PYTHIA_FINE_TRACE] service=ts-order-service endpoint=createOrder latency_ms=48
2026-03-11 16:23:24.644  INFO 1 --- [io-12031-exec-2] order.service.OrderServiceImpl           : [PYTHIA_FINE_TRACE] service=ts-order-service stage=service_create latency_ms=52
2026-03-11 16:23:24.644  INFO 1 --- [io-12031-exec-2] order.controller.OrderController         : [PYTHIA_FINE_TRACE] service=ts-order-service endpoint=createOrder latency_ms=52
2026-03-11 16:23:25.021  INFO 1 --- [io-12031-exec-4] order.service.OrderServiceImpl           : [PYTHIA_FINE_TRACE] service=ts-order-service stage=service_create latency_ms=95
2026-03-11 16:23:25.021  INFO 1 --- [io-12031-exec-4] order.controller.OrderController         : [PYTHIA_FINE_TRACE] service=ts-order-service endpoint=createOrder latency_ms=95
2026-03-11 16:23:25.441  INFO 1 --- [io-12031-exec-5] order.service.OrderServiceImpl           : [PYTHIA_FINE_TRACE] service=ts-order-service stage=service_create latency_ms=62
2026-03-11 16:23:25.442  INFO 1 --- [io-12031-exec-5] order.controller.OrderController         : [PYTHIA_FINE_TRACE] service=ts-order-service endpoint=createOrder latency_ms=63
2026-03-11 16:23:25.802  INFO 1 --- [io-12031-exec-3] order.service.OrderServiceImpl           : [PYTHIA_FINE_TRACE] service=ts-order-service stage=service_create latency_ms=77
2026-03-11 16:23:25.802  INFO 1 --- [io-12031-exec-3] order.controller.OrderController         : [PYTHIA_FINE_TRACE] service=ts-order-service endpoint=createOrder latency_ms=77
2026-03-11 16:23:26.237  INFO 1 --- [io-12031-exec-7] order.service.OrderServiceImpl           : [PYTHIA_FINE_TRACE] service=ts-order-service stage=service_create latency_ms=58
2026-03-11 16:23:26.237  INFO 1 --- [io-12031-exec-7] order.controller.OrderController         : [PYTHIA_FINE_TRACE] service=ts-order-service endpoint=createOrder latency_ms=58
2026-03-11 16:23:26.718  INFO 1 --- [io-12031-exec-6] order.service.OrderServiceImpl           : [PYTHIA_FINE_TRACE] service=ts-order-service stage=service_create latency_ms=96
2026-03-11 16:23:26.718  INFO 1 --- [io-12031-exec-6] order.controller.OrderController         : [PYTHIA_FINE_TRACE] service=ts-order-service endpoint=createOrder latency_ms=96
2026-03-11 16:23:27.081  INFO 1 --- [io-12031-exec-8] order.service.OrderServiceImpl           : [PYTHIA_FINE_TRACE] service=ts-order-service stage=service_create latency_ms=52
2026-03-11 16:23:27.081  INFO 1 --- [io-12031-exec-8] order.controller.OrderController         : [PYTHIA_FINE_TRACE] service=ts-order-service endpoint=createOrder latency_ms=53
2026-03-11 16:23:27.458  INFO 1 --- [io-12031-exec-9] order.service.OrderServiceImpl           : [PYTHIA_FINE_TRACE] service=ts-order-service stage=service_create latency_ms=57
2026-03-11 16:23:27.458  INFO 1 --- [io-12031-exec-9] order.controller.OrderController         : [PYTHIA_FINE_TRACE] service=ts-order-service endpoint=createOrder latency_ms=58
2026-03-11 16:23:27.849  INFO 1 --- [o-12031-exec-10] order.service.OrderServiceImpl           : [PYTHIA_FINE_TRACE] service=ts-order-service stage=service_create latency_ms=63
2026-03-11 16:23:27.849  INFO 1 --- [o-12031-exec-10] order.controller.OrderController         : [PYTHIA_FINE_TRACE] service=ts-order-service endpoint=createOrder latency_ms=63
2026-03-11 16:23:28.170  INFO 1 --- [io-12031-exec-1] order.service.OrderServiceImpl           : [PYTHIA_FINE_TRACE] service=ts-order-service stage=service_create latency_ms=50
2026-03-11 16:23:28.170  INFO 1 --- [io-12031-exec-1] order.controller.OrderController         : [PYTHIA_FINE_TRACE] service=ts-order-service endpoint=createOrder latency_ms=50
2026-03-11 16:23:28.545  INFO 1 --- [io-12031-exec-2] order.service.OrderServiceImpl           : [PYTHIA_FINE_TRACE] service=ts-order-service stage=service_create latency_ms=51
2026-03-11 16:23:28.545  INFO 1 --- [io-12031-exec-2] order.controller.OrderController         : [PYTHIA_FINE_TRACE] service=ts-order-service endpoint=createOrder latency_ms=51
2026-03-11 16:23:28.913  INFO 1 --- [io-12031-exec-4] order.service.OrderServiceImpl           : [PYTHIA_FINE_TRACE] service=ts-order-service stage=service_create latency_ms=93
2026-03-11 16:23:28.913  INFO 1 --- [io-12031-exec-4] order.controller.OrderController         : [PYTHIA_FINE_TRACE] service=ts-order-service endpoint=createOrder latency_ms=94
2026-03-11 16:23:29.315  INFO 1 --- [io-12031-exec-5] order.service.OrderServiceImpl           : [PYTHIA_FINE_TRACE] service=ts-order-service stage=service_create latency_ms=89
2026-03-11 16:23:29.315  INFO 1 --- [io-12031-exec-5] order.controller.OrderController         : [PYTHIA_FINE_TRACE] service=ts-order-service endpoint=createOrder latency_ms=89
2026-03-11 16:23:29.669  INFO 1 --- [io-12031-exec-3] order.service.OrderServiceImpl           : [PYTHIA_FINE_TRACE] service=ts-order-service stage=service_create latency_ms=52
2026-03-11 16:23:29.669  INFO 1 --- [io-12031-exec-3] order.controller.OrderController         : [PYTHIA_FINE_TRACE] service=ts-order-service endpoint=createOrder latency_ms=52
2026-03-11 16:23:30.049  INFO 1 --- [io-12031-exec-7] order.service.OrderServiceImpl           : [PYTHIA_FINE_TRACE] service=ts-order-service stage=service_create latency_ms=58
2026-03-11 16:23:30.049  INFO 1 --- [io-12031-exec-7] order.controller.OrderController         : [PYTHIA_FINE_TRACE] service=ts-order-service endpoint=createOrder latency_ms=58
2026-03-11 16:23:30.414  INFO 1 --- [io-12031-exec-6] order.service.OrderServiceImpl           : [PYTHIA_FINE_TRACE] service=ts-order-service stage=service_create latency_ms=89
2026-03-11 16:23:30.414  INFO 1 --- [io-12031-exec-6] order.controller.OrderController         : [PYTHIA_FINE_TRACE] service=ts-order-service endpoint=createOrder latency_ms=90
2026-03-11 16:23:30.776  INFO 1 --- [io-12031-exec-8] order.service.OrderServiceImpl           : [PYTHIA_FINE_TRACE] service=ts-order-service stage=service_create latency_ms=54
2026-03-11 16:23:30.776  INFO 1 --- [io-12031-exec-8] order.controller.OrderController         : [PYTHIA_FINE_TRACE] service=ts-order-service endpoint=createOrder latency_ms=54
2026-03-11 16:23:31.227  INFO 1 --- [io-12031-exec-9] order.service.OrderServiceImpl           : [PYTHIA_FINE_TRACE] service=ts-order-service stage=service_create latency_ms=97
2026-03-11 16:23:31.227  INFO 1 --- [io-12031-exec-9] order.controller.OrderController         : [PYTHIA_FINE_TRACE] service=ts-order-service endpoint=createOrder latency_ms=97
2026-03-11 16:23:31.613  INFO 1 --- [o-12031-exec-10] order.service.OrderServiceImpl           : [PYTHIA_FINE_TRACE] service=ts-order-service stage=service_create latency_ms=91
2026-03-11 16:23:31.613  INFO 1 --- [o-12031-exec-10] order.controller.OrderController         : [PYTHIA_FINE_TRACE] service=ts-order-service endpoint=createOrder latency_ms=91
2026-03-11 16:23:32.116  INFO 1 --- [io-12031-exec-2] order.service.OrderServiceImpl           : [PYTHIA_FINE_TRACE] service=ts-order-service stage=service_create latency_ms=123
2026-03-11 16:23:32.116  INFO 1 --- [io-12031-exec-2] order.controller.OrderController         : [PYTHIA_FINE_TRACE] service=ts-order-service endpoint=createOrder latency_ms=123
2026-03-11 16:23:32.543  INFO 1 --- [io-12031-exec-4] order.service.OrderServiceImpl           : [PYTHIA_FINE_TRACE] service=ts-order-service stage=service_create latency_ms=73
2026-03-11 16:23:32.543  INFO 1 --- [io-12031-exec-4] order.controller.OrderController         : [PYTHIA_FINE_TRACE] service=ts-order-service endpoint=createOrder latency_ms=74
2026-03-11 16:23:33.019  INFO 1 --- [io-12031-exec-5] order.service.OrderServiceImpl           : [PYTHIA_FINE_TRACE] service=ts-order-service stage=service_create latency_ms=97
2026-03-11 16:23:33.019  INFO 1 --- [io-12031-exec-5] order.controller.OrderController         : [PYTHIA_FINE_TRACE] service=ts-order-service endpoint=createOrder latency_ms=98
2026-03-11 16:23:33.438  INFO 1 --- [io-12031-exec-3] order.service.OrderServiceImpl           : [PYTHIA_FINE_TRACE] service=ts-order-service stage=service_create latency_ms=110
2026-03-11 16:23:33.438  INFO 1 --- [io-12031-exec-3] order.controller.OrderController         : [PYTHIA_FINE_TRACE] service=ts-order-service endpoint=createOrder latency_ms=110
2026-03-11 16:23:33.832  INFO 1 --- [io-12031-exec-7] order.service.OrderServiceImpl           : [PYTHIA_FINE_TRACE] service=ts-order-service stage=service_create latency_ms=51
2026-03-11 16:23:33.832  INFO 1 --- [io-12031-exec-7] order.controller.OrderController         : [PYTHIA_FINE_TRACE] service=ts-order-service endpoint=createOrder latency_ms=51
2026-03-11 16:23:34.212  INFO 1 --- [io-12031-exec-6] order.service.OrderServiceImpl           : [PYTHIA_FINE_TRACE] service=ts-order-service stage=service_create latency_ms=85
2026-03-11 16:23:34.212  INFO 1 --- [io-12031-exec-6] order.controller.OrderController         : [PYTHIA_FINE_TRACE] service=ts-order-service endpoint=createOrder latency_ms=85
2026-03-11 16:23:34.639  INFO 1 --- [io-12031-exec-8] order.service.OrderServiceImpl           : [PYTHIA_FINE_TRACE] service=ts-order-service stage=service_create latency_ms=60
2026-03-11 16:23:34.639  INFO 1 --- [io-12031-exec-8] order.controller.OrderController         : [PYTHIA_FINE_TRACE] service=ts-order-service endpoint=createOrder latency_ms=60
2026-03-11 16:23:35.001  INFO 1 --- [io-12031-exec-9] order.service.OrderServiceImpl           : [PYTHIA_FINE_TRACE] service=ts-order-service stage=service_create latency_ms=79
2026-03-11 16:23:35.001  INFO 1 --- [io-12031-exec-9] order.controller.OrderController         : [PYTHIA_FINE_TRACE] service=ts-order-service endpoint=createOrder latency_ms=79
2026-03-11 16:23:35.412  INFO 1 --- [o-12031-exec-10] order.service.OrderServiceImpl           : [PYTHIA_FINE_TRACE] service=ts-order-service stage=service_create latency_ms=84
2026-03-11 16:23:35.412  INFO 1 --- [o-12031-exec-10] order.controller.OrderController         : [PYTHIA_FINE_TRACE] service=ts-order-service endpoint=createOrder latency_ms=84
2026-03-11 16:23:35.829  INFO 1 --- [io-12031-exec-1] order.service.OrderServiceImpl           : [PYTHIA_FINE_TRACE] service=ts-order-service stage=service_create latency_ms=103
2026-03-11 16:23:35.829  INFO 1 --- [io-12031-exec-1] order.controller.OrderController         : [PYTHIA_FINE_TRACE] service=ts-order-service endpoint=createOrder latency_ms=103
2026-03-11 16:23:36.733  INFO 1 --- [io-12031-exec-2] order.service.OrderServiceImpl           : [PYTHIA_FINE_TRACE] service=ts-order-service stage=service_create latency_ms=609
2026-03-11 16:23:36.733  INFO 1 --- [io-12031-exec-2] order.controller.OrderController         : [PYTHIA_FINE_TRACE] service=ts-order-service endpoint=createOrder latency_ms=609
2026-03-11 16:23:37.110  INFO 1 --- [io-12031-exec-4] order.service.OrderServiceImpl           : [PYTHIA_FINE_TRACE] service=ts-order-service stage=service_create latency_ms=87
2026-03-11 16:23:37.110  INFO 1 --- [io-12031-exec-4] order.controller.OrderController         : [PYTHIA_FINE_TRACE] service=ts-order-service endpoint=createOrder latency_ms=87
2026-03-11 16:23:37.524  INFO 1 --- [io-12031-exec-5] order.service.OrderServiceImpl           : [PYTHIA_FINE_TRACE] service=ts-order-service stage=service_create latency_ms=101
2026-03-11 16:23:37.524  INFO 1 --- [io-12031-exec-5] order.controller.OrderController         : [PYTHIA_FINE_TRACE] service=ts-order-service endpoint=createOrder latency_ms=101
2026-03-11 16:23:38.015  INFO 1 --- [io-12031-exec-3] order.service.OrderServiceImpl           : [PYTHIA_FINE_TRACE] service=ts-order-service stage=service_create latency_ms=93
2026-03-11 16:23:38.015  INFO 1 --- [io-12031-exec-3] order.controller.OrderController         : [PYTHIA_FINE_TRACE] service=ts-order-service endpoint=createOrder latency_ms=93
2026-03-11 16:23:38.372  INFO 1 --- [io-12031-exec-7] order.service.OrderServiceImpl           : [PYTHIA_FINE_TRACE] service=ts-order-service stage=service_create latency_ms=50
2026-03-11 16:23:38.372  INFO 1 --- [io-12031-exec-7] order.controller.OrderController         : [PYTHIA_FINE_TRACE] service=ts-order-service endpoint=createOrder latency_ms=50
2026-03-11 16:23:38.748  INFO 1 --- [io-12031-exec-6] order.service.OrderServiceImpl           : [PYTHIA_FINE_TRACE] service=ts-order-service stage=service_create latency_ms=59
2026-03-11 16:23:38.748  INFO 1 --- [io-12031-exec-6] order.controller.OrderController         : [PYTHIA_FINE_TRACE] service=ts-order-service endpoint=createOrder latency_ms=59
2026-03-11 16:23:39.111  INFO 1 --- [io-12031-exec-8] order.service.OrderServiceImpl           : [PYTHIA_FINE_TRACE] service=ts-order-service stage=service_create latency_ms=90
2026-03-11 16:23:39.111  INFO 1 --- [io-12031-exec-8] order.controller.OrderController         : [PYTHIA_FINE_TRACE] service=ts-order-service endpoint=createOrder latency_ms=90
2026-03-11 16:23:39.476  INFO 1 --- [io-12031-exec-9] order.service.OrderServiceImpl           : [PYTHIA_FINE_TRACE] service=ts-order-service stage=service_create latency_ms=51
2026-03-11 16:23:39.477  INFO 1 --- [io-12031-exec-9] order.controller.OrderController         : [PYTHIA_FINE_TRACE] service=ts-order-service endpoint=createOrder latency_ms=52
2026-03-11 16:23:39.839  INFO 1 --- [o-12031-exec-10] order.service.OrderServiceImpl           : [PYTHIA_FINE_TRACE] service=ts-order-service stage=service_create latency_ms=48
2026-03-11 16:23:39.839  INFO 1 --- [o-12031-exec-10] order.controller.OrderController         : [PYTHIA_FINE_TRACE] service=ts-order-service endpoint=createOrder latency_ms=48
2026-03-11 16:23:40.211  INFO 1 --- [io-12031-exec-1] order.service.OrderServiceImpl           : [PYTHIA_FINE_TRACE] service=ts-order-service stage=service_create latency_ms=93
2026-03-11 16:23:40.211  INFO 1 --- [io-12031-exec-1] order.controller.OrderController         : [PYTHIA_FINE_TRACE] service=ts-order-service endpoint=createOrder latency_ms=93
2026-03-11 16:23:40.615  INFO 1 --- [io-12031-exec-2] order.service.OrderServiceImpl           : [PYTHIA_FINE_TRACE] service=ts-order-service stage=service_create latency_ms=90
2026-03-11 16:23:40.615  INFO 1 --- [io-12031-exec-2] order.controller.OrderController         : [PYTHIA_FINE_TRACE] service=ts-order-service endpoint=createOrder latency_ms=90
2026-03-11 16:23:41.007  INFO 1 --- [io-12031-exec-4] order.service.OrderServiceImpl           : [PYTHIA_FINE_TRACE] service=ts-order-service stage=service_create latency_ms=86
2026-03-11 16:23:41.007  INFO 1 --- [io-12031-exec-4] order.controller.OrderController         : [PYTHIA_FINE_TRACE] service=ts-order-service endpoint=createOrder latency_ms=86
2026-03-11 16:23:41.409  INFO 1 --- [io-12031-exec-5] order.service.OrderServiceImpl           : [PYTHIA_FINE_TRACE] service=ts-order-service stage=service_create latency_ms=88
2026-03-11 16:23:41.409  INFO 1 --- [io-12031-exec-5] order.controller.OrderController         : [PYTHIA_FINE_TRACE] service=ts-order-service endpoint=createOrder latency_ms=88
2026-03-11 16:23:41.816  INFO 1 --- [io-12031-exec-3] order.service.OrderServiceImpl           : [PYTHIA_FINE_TRACE] service=ts-order-service stage=service_create latency_ms=92
2026-03-11 16:23:41.816  INFO 1 --- [io-12031-exec-3] order.controller.OrderController         : [PYTHIA_FINE_TRACE] service=ts-order-service endpoint=createOrder latency_ms=92
2026-03-11 16:23:42.202  INFO 1 --- [io-12031-exec-6] order.service.OrderServiceImpl           : [PYTHIA_FINE_TRACE] service=ts-order-service stage=service_create latency_ms=76
2026-03-11 16:23:42.202  INFO 1 --- [io-12031-exec-6] order.controller.OrderController         : [PYTHIA_FINE_TRACE] service=ts-order-service endpoint=createOrder latency_ms=77
2026-03-11 16:23:42.610  INFO 1 --- [io-12031-exec-8] order.service.OrderServiceImpl           : [PYTHIA_FINE_TRACE] service=ts-order-service stage=service_create latency_ms=86
2026-03-11 16:23:42.610  INFO 1 --- [io-12031-exec-8] order.controller.OrderController         : [PYTHIA_FINE_TRACE] service=ts-order-service endpoint=createOrder latency_ms=86
2026-03-11 16:23:43.014  INFO 1 --- [io-12031-exec-9] order.service.OrderServiceImpl           : [PYTHIA_FINE_TRACE] service=ts-order-service stage=service_create latency_ms=91
2026-03-11 16:23:43.014  INFO 1 --- [io-12031-exec-9] order.controller.OrderController         : [PYTHIA_FINE_TRACE] service=ts-order-service endpoint=createOrder latency_ms=91
2026-03-11 16:23:43.416  INFO 1 --- [o-12031-exec-10] order.service.OrderServiceImpl           : [PYTHIA_FINE_TRACE] service=ts-order-service stage=service_create latency_ms=94
2026-03-11 16:23:43.416  INFO 1 --- [o-12031-exec-10] order.controller.OrderController         : [PYTHIA_FINE_TRACE] service=ts-order-service endpoint=createOrder latency_ms=94
2026-03-11 16:23:43.772  INFO 1 --- [io-12031-exec-1] order.service.OrderServiceImpl           : [PYTHIA_FINE_TRACE] service=ts-order-service stage=service_create latency_ms=50
2026-03-11 16:23:43.772  INFO 1 --- [io-12031-exec-1] order.controller.OrderController         : [PYTHIA_FINE_TRACE] service=ts-order-service endpoint=createOrder latency_ms=50
2026-03-11 16:23:44.144  INFO 1 --- [io-12031-exec-2] order.service.OrderServiceImpl           : [PYTHIA_FINE_TRACE] service=ts-order-service stage=service_create latency_ms=60
2026-03-11 16:23:44.144  INFO 1 --- [io-12031-exec-2] order.controller.OrderController         : [PYTHIA_FINE_TRACE] service=ts-order-service endpoint=createOrder latency_ms=60
2026-03-11 16:23:44.612  INFO 1 --- [io-12031-exec-4] order.service.OrderServiceImpl           : [PYTHIA_FINE_TRACE] service=ts-order-service stage=service_create latency_ms=89
2026-03-11 16:23:44.613  INFO 1 --- [io-12031-exec-4] order.controller.OrderController         : [PYTHIA_FINE_TRACE] service=ts-order-service endpoint=createOrder latency_ms=90
2026-03-11 16:23:44.973  INFO 1 --- [io-12031-exec-5] order.service.OrderServiceImpl           : [PYTHIA_FINE_TRACE] service=ts-order-service stage=service_create latency_ms=50
2026-03-11 16:23:44.973  INFO 1 --- [io-12031-exec-5] order.controller.OrderController         : [PYTHIA_FINE_TRACE] service=ts-order-service endpoint=createOrder latency_ms=50
2026-03-11 16:23:45.357  INFO 1 --- [io-12031-exec-3] order.service.OrderServiceImpl           : [PYTHIA_FINE_TRACE] service=ts-order-service stage=service_create latency_ms=61
2026-03-11 16:23:45.357  INFO 1 --- [io-12031-exec-3] order.controller.OrderController         : [PYTHIA_FINE_TRACE] service=ts-order-service endpoint=createOrder latency_ms=61
2026-03-11 16:23:45.754  INFO 1 --- [io-12031-exec-7] order.service.OrderServiceImpl           : [PYTHIA_FINE_TRACE] service=ts-order-service stage=service_create latency_ms=65
2026-03-11 16:23:45.754  INFO 1 --- [io-12031-exec-7] order.controller.OrderController         : [PYTHIA_FINE_TRACE] service=ts-order-service endpoint=createOrder latency_ms=65
2026-03-11 16:23:46.215  INFO 1 --- [io-12031-exec-6] order.service.OrderServiceImpl           : [PYTHIA_FINE_TRACE] service=ts-order-service stage=service_create latency_ms=90
2026-03-11 16:23:46.215  INFO 1 --- [io-12031-exec-6] order.controller.OrderController         : [PYTHIA_FINE_TRACE] service=ts-order-service endpoint=createOrder latency_ms=90
2026-03-11 16:23:46.571  INFO 1 --- [io-12031-exec-8] order.service.OrderServiceImpl           : [PYTHIA_FINE_TRACE] service=ts-order-service stage=service_create latency_ms=49
2026-03-11 16:23:46.571  INFO 1 --- [io-12031-exec-8] order.controller.OrderController         : [PYTHIA_FINE_TRACE] service=ts-order-service endpoint=createOrder latency_ms=49
2026-03-11 16:23:47.016  INFO 1 --- [io-12031-exec-9] order.service.OrderServiceImpl           : [PYTHIA_FINE_TRACE] service=ts-order-service stage=service_create latency_ms=98
2026-03-11 16:23:47.016  INFO 1 --- [io-12031-exec-9] order.controller.OrderController         : [PYTHIA_FINE_TRACE] service=ts-order-service endpoint=createOrder latency_ms=98
2026-03-11 16:23:47.416  INFO 1 --- [o-12031-exec-10] order.service.OrderServiceImpl           : [PYTHIA_FINE_TRACE] service=ts-order-service stage=service_create latency_ms=93
2026-03-11 16:23:47.416  INFO 1 --- [o-12031-exec-10] order.controller.OrderController         : [PYTHIA_FINE_TRACE] service=ts-order-service endpoint=createOrder latency_ms=93
2026-03-11 16:23:47.780  INFO 1 --- [io-12031-exec-1] order.service.OrderServiceImpl           : [PYTHIA_FINE_TRACE] service=ts-order-service stage=service_create latency_ms=52
2026-03-11 16:23:47.780  INFO 1 --- [io-12031-exec-1] order.controller.OrderController         : [PYTHIA_FINE_TRACE] service=ts-order-service endpoint=createOrder latency_ms=52
2026-03-11 16:23:48.213  INFO 1 --- [io-12031-exec-2] order.service.OrderServiceImpl           : [PYTHIA_FINE_TRACE] service=ts-order-service stage=service_create latency_ms=99
2026-03-11 16:23:48.213  INFO 1 --- [io-12031-exec-2] order.controller.OrderController         : [PYTHIA_FINE_TRACE] service=ts-order-service endpoint=createOrder latency_ms=99
2026-03-11 16:23:48.619  INFO 1 --- [io-12031-exec-4] order.service.OrderServiceImpl           : [PYTHIA_FINE_TRACE] service=ts-order-service stage=service_create latency_ms=97
2026-03-11 16:23:48.619  INFO 1 --- [io-12031-exec-4] order.controller.OrderController         : [PYTHIA_FINE_TRACE] service=ts-order-service endpoint=createOrder latency_ms=97
2026-03-11 16:23:49.007  INFO 1 --- [io-12031-exec-5] order.service.OrderServiceImpl           : [PYTHIA_FINE_TRACE] service=ts-order-service stage=service_create latency_ms=81
2026-03-11 16:23:49.007  INFO 1 --- [io-12031-exec-5] order.controller.OrderController         : [PYTHIA_FINE_TRACE] service=ts-order-service endpoint=createOrder latency_ms=81
2026-03-11 16:23:49.416  INFO 1 --- [io-12031-exec-3] order.service.OrderServiceImpl           : [PYTHIA_FINE_TRACE] service=ts-order-service stage=service_create latency_ms=87
2026-03-11 16:23:49.416  INFO 1 --- [io-12031-exec-3] order.controller.OrderController         : [PYTHIA_FINE_TRACE] service=ts-order-service endpoint=createOrder latency_ms=87
2026-03-11 16:23:49.843  INFO 1 --- [io-12031-exec-7] order.service.OrderServiceImpl           : [PYTHIA_FINE_TRACE] service=ts-order-service stage=service_create latency_ms=65
2026-03-11 16:23:49.843  INFO 1 --- [io-12031-exec-7] order.controller.OrderController         : [PYTHIA_FINE_TRACE] service=ts-order-service endpoint=createOrder latency_ms=65
2026-03-11 16:23:50.219  INFO 1 --- [io-12031-exec-6] order.service.OrderServiceImpl           : [PYTHIA_FINE_TRACE] service=ts-order-service stage=service_create latency_ms=94
2026-03-11 16:23:50.219  INFO 1 --- [io-12031-exec-6] order.controller.OrderController         : [PYTHIA_FINE_TRACE] service=ts-order-service endpoint=createOrder latency_ms=94
2026-03-11 16:23:50.607  INFO 1 --- [io-12031-exec-8] order.service.OrderServiceImpl           : [PYTHIA_FINE_TRACE] service=ts-order-service stage=service_create latency_ms=85
2026-03-11 16:23:50.607  INFO 1 --- [io-12031-exec-8] order.controller.OrderController         : [PYTHIA_FINE_TRACE] service=ts-order-service endpoint=createOrder latency_ms=85
2026-03-11 16:23:51.013  INFO 1 --- [io-12031-exec-9] order.service.OrderServiceImpl           : [PYTHIA_FINE_TRACE] service=ts-order-service stage=service_create latency_ms=93
2026-03-11 16:23:51.013  INFO 1 --- [io-12031-exec-9] order.controller.OrderController         : [PYTHIA_FINE_TRACE] service=ts-order-service endpoint=createOrder latency_ms=93
2026-03-11 16:23:51.412  INFO 1 --- [o-12031-exec-10] order.service.OrderServiceImpl           : [PYTHIA_FINE_TRACE] service=ts-order-service stage=service_create latency_ms=91
2026-03-11 16:23:51.412  INFO 1 --- [o-12031-exec-10] order.controller.OrderController         : [PYTHIA_FINE_TRACE] service=ts-order-service endpoint=createOrder latency_ms=92
2026-03-11 16:23:51.772  INFO 1 --- [io-12031-exec-1] order.service.OrderServiceImpl           : [PYTHIA_FINE_TRACE] service=ts-order-service stage=service_create latency_ms=51
2026-03-11 16:23:51.772  INFO 1 --- [io-12031-exec-1] order.controller.OrderController         : [PYTHIA_FINE_TRACE] service=ts-order-service endpoint=createOrder latency_ms=51
2026-03-11 16:23:52.213  INFO 1 --- [io-12031-exec-4] order.service.OrderServiceImpl           : [PYTHIA_FINE_TRACE] service=ts-order-service stage=service_create latency_ms=113
2026-03-11 16:23:52.213  INFO 1 --- [io-12031-exec-4] order.controller.OrderController         : [PYTHIA_FINE_TRACE] service=ts-order-service endpoint=createOrder latency_ms=113
2026-03-11 16:23:52.612  INFO 1 --- [io-12031-exec-5] order.service.OrderServiceImpl           : [PYTHIA_FINE_TRACE] service=ts-order-service stage=service_create latency_ms=89
2026-03-11 16:23:52.612  INFO 1 --- [io-12031-exec-5] order.controller.OrderController         : [PYTHIA_FINE_TRACE] service=ts-order-service endpoint=createOrder latency_ms=89
2026-03-11 16:23:53.015  INFO 1 --- [io-12031-exec-3] order.service.OrderServiceImpl           : [PYTHIA_FINE_TRACE] service=ts-order-service stage=service_create latency_ms=92
2026-03-11 16:23:53.015  INFO 1 --- [io-12031-exec-3] order.controller.OrderController         : [PYTHIA_FINE_TRACE] service=ts-order-service endpoint=createOrder latency_ms=92
2026-03-11 16:23:53.409  INFO 1 --- [io-12031-exec-7] order.service.OrderServiceImpl           : [PYTHIA_FINE_TRACE] service=ts-order-service stage=service_create latency_ms=84
2026-03-11 16:23:53.409  INFO 1 --- [io-12031-exec-7] order.controller.OrderController         : [PYTHIA_FINE_TRACE] service=ts-order-service endpoint=createOrder latency_ms=84
2026-03-11 16:23:53.813  INFO 1 --- [io-12031-exec-6] order.service.OrderServiceImpl           : [PYTHIA_FINE_TRACE] service=ts-order-service stage=service_create latency_ms=90
2026-03-11 16:23:53.813  INFO 1 --- [io-12031-exec-6] order.controller.OrderController         : [PYTHIA_FINE_TRACE] service=ts-order-service endpoint=createOrder latency_ms=90
2026-03-11 16:23:54.224  INFO 1 --- [io-12031-exec-8] order.service.OrderServiceImpl           : [PYTHIA_FINE_TRACE] service=ts-order-service stage=service_create latency_ms=100
2026-03-11 16:23:54.224  INFO 1 --- [io-12031-exec-8] order.controller.OrderController         : [PYTHIA_FINE_TRACE] service=ts-order-service endpoint=createOrder latency_ms=100
2026-03-11 16:23:54.615  INFO 1 --- [io-12031-exec-9] order.service.OrderServiceImpl           : [PYTHIA_FINE_TRACE] service=ts-order-service stage=service_create latency_ms=90
2026-03-11 16:23:54.615  INFO 1 --- [io-12031-exec-9] order.controller.OrderController         : [PYTHIA_FINE_TRACE] service=ts-order-service endpoint=createOrder latency_ms=91
2026-03-11 16:23:55.016  INFO 1 --- [o-12031-exec-10] order.service.OrderServiceImpl           : [PYTHIA_FINE_TRACE] service=ts-order-service stage=service_create latency_ms=95
2026-03-11 16:23:55.016  INFO 1 --- [o-12031-exec-10] order.controller.OrderController         : [PYTHIA_FINE_TRACE] service=ts-order-service endpoint=createOrder latency_ms=95
2026-03-11 16:23:55.412  INFO 1 --- [io-12031-exec-1] order.service.OrderServiceImpl           : [PYTHIA_FINE_TRACE] service=ts-order-service stage=service_create latency_ms=94
2026-03-11 16:23:55.412  INFO 1 --- [io-12031-exec-1] order.controller.OrderController         : [PYTHIA_FINE_TRACE] service=ts-order-service endpoint=createOrder latency_ms=94
2026-03-11 16:23:55.816  INFO 1 --- [io-12031-exec-2] order.service.OrderServiceImpl           : [PYTHIA_FINE_TRACE] service=ts-order-service stage=service_create latency_ms=93
2026-03-11 16:23:55.816  INFO 1 --- [io-12031-exec-2] order.controller.OrderController         : [PYTHIA_FINE_TRACE] service=ts-order-service endpoint=createOrder latency_ms=93
2026-03-11 16:23:56.216  INFO 1 --- [io-12031-exec-4] order.service.OrderServiceImpl           : [PYTHIA_FINE_TRACE] service=ts-order-service stage=service_create latency_ms=91
2026-03-11 16:23:56.216  INFO 1 --- [io-12031-exec-4] order.controller.OrderController         : [PYTHIA_FINE_TRACE] service=ts-order-service endpoint=createOrder latency_ms=91
2026-03-11 16:23:56.615  INFO 1 --- [io-12031-exec-5] order.service.OrderServiceImpl           : [PYTHIA_FINE_TRACE] service=ts-order-service stage=service_create latency_ms=96
2026-03-11 16:23:56.615  INFO 1 --- [io-12031-exec-5] order.controller.OrderController         : [PYTHIA_FINE_TRACE] service=ts-order-service endpoint=createOrder latency_ms=96
2026-03-11 16:23:57.017  INFO 1 --- [io-12031-exec-3] order.service.OrderServiceImpl           : [PYTHIA_FINE_TRACE] service=ts-order-service stage=service_create latency_ms=93
2026-03-11 16:23:57.017  INFO 1 --- [io-12031-exec-3] order.controller.OrderController         : [PYTHIA_FINE_TRACE] service=ts-order-service endpoint=createOrder latency_ms=93
2026-03-11 16:23:57.432  INFO 1 --- [io-12031-exec-7] order.service.OrderServiceImpl           : [PYTHIA_FINE_TRACE] service=ts-order-service stage=service_create latency_ms=107
2026-03-11 16:23:57.432  INFO 1 --- [io-12031-exec-7] order.controller.OrderController         : [PYTHIA_FINE_TRACE] service=ts-order-service endpoint=createOrder latency_ms=107
2026-03-11 16:23:57.817  INFO 1 --- [io-12031-exec-6] order.service.OrderServiceImpl           : [PYTHIA_FINE_TRACE] service=ts-order-service stage=service_create latency_ms=90
2026-03-11 16:23:57.817  INFO 1 --- [io-12031-exec-6] order.controller.OrderController         : [PYTHIA_FINE_TRACE] service=ts-order-service endpoint=createOrder latency_ms=91
2026-03-11 16:23:58.212  INFO 1 --- [io-12031-exec-8] order.service.OrderServiceImpl           : [PYTHIA_FINE_TRACE] service=ts-order-service stage=service_create latency_ms=88
2026-03-11 16:23:58.212  INFO 1 --- [io-12031-exec-8] order.controller.OrderController         : [PYTHIA_FINE_TRACE] service=ts-order-service endpoint=createOrder latency_ms=88
2026-03-11 16:23:58.615  INFO 1 --- [io-12031-exec-9] order.service.OrderServiceImpl           : [PYTHIA_FINE_TRACE] service=ts-order-service stage=service_create latency_ms=89
2026-03-11 16:23:58.615  INFO 1 --- [io-12031-exec-9] order.controller.OrderController         : [PYTHIA_FINE_TRACE] service=ts-order-service endpoint=createOrder latency_ms=89
2026-03-11 16:23:59.002  INFO 1 --- [o-12031-exec-10] order.service.OrderServiceImpl           : [PYTHIA_FINE_TRACE] service=ts-order-service stage=service_create latency_ms=81
2026-03-11 16:23:59.002  INFO 1 --- [o-12031-exec-10] order.controller.OrderController         : [PYTHIA_FINE_TRACE] service=ts-order-service endpoint=createOrder latency_ms=81
2026-03-11 16:23:59.412  INFO 1 --- [io-12031-exec-1] order.service.OrderServiceImpl           : [PYTHIA_FINE_TRACE] service=ts-order-service stage=service_create latency_ms=87
2026-03-11 16:23:59.412  INFO 1 --- [io-12031-exec-1] order.controller.OrderController         : [PYTHIA_FINE_TRACE] service=ts-order-service endpoint=createOrder latency_ms=87
2026-03-11 16:23:59.812  INFO 1 --- [io-12031-exec-2] order.service.OrderServiceImpl           : [PYTHIA_FINE_TRACE] service=ts-order-service stage=service_create latency_ms=92
2026-03-11 16:23:59.812  INFO 1 --- [io-12031-exec-2] order.controller.OrderController         : [PYTHIA_FINE_TRACE] service=ts-order-service endpoint=createOrder latency_ms=92
2026-03-11 16:24:00.176  INFO 1 --- [io-12031-exec-4] order.service.OrderServiceImpl           : [PYTHIA_FINE_TRACE] service=ts-order-service stage=service_create latency_ms=52
2026-03-11 16:24:00.176  INFO 1 --- [io-12031-exec-4] order.controller.OrderController         : [PYTHIA_FINE_TRACE] service=ts-order-service endpoint=createOrder latency_ms=52
2026-03-11 16:24:00.617  INFO 1 --- [io-12031-exec-5] order.service.OrderServiceImpl           : [PYTHIA_FINE_TRACE] service=ts-order-service stage=service_create latency_ms=92
2026-03-11 16:24:00.617  INFO 1 --- [io-12031-exec-5] order.controller.OrderController         : [PYTHIA_FINE_TRACE] service=ts-order-service endpoint=createOrder latency_ms=92
2026-03-11 16:24:01.114  INFO 1 --- [io-12031-exec-3] order.service.OrderServiceImpl           : [PYTHIA_FINE_TRACE] service=ts-order-service stage=service_create latency_ms=193
2026-03-11 16:24:01.114  INFO 1 --- [io-12031-exec-3] order.controller.OrderController         : [PYTHIA_FINE_TRACE] service=ts-order-service endpoint=createOrder latency_ms=193
2026-03-11 16:24:01.517  INFO 1 --- [io-12031-exec-7] order.service.OrderServiceImpl           : [PYTHIA_FINE_TRACE] service=ts-order-service stage=service_create latency_ms=90
2026-03-11 16:24:01.517  INFO 1 --- [io-12031-exec-7] order.controller.OrderController         : [PYTHIA_FINE_TRACE] service=ts-order-service endpoint=createOrder latency_ms=90
2026-03-11 16:24:01.917  INFO 1 --- [io-12031-exec-6] order.service.OrderServiceImpl           : [PYTHIA_FINE_TRACE] service=ts-order-service stage=service_create latency_ms=94
2026-03-11 16:24:01.917  INFO 1 --- [io-12031-exec-6] order.controller.OrderController         : [PYTHIA_FINE_TRACE] service=ts-order-service endpoint=createOrder latency_ms=94
2026-03-11 16:24:02.312  INFO 1 --- [io-12031-exec-9] order.service.OrderServiceImpl           : [PYTHIA_FINE_TRACE] service=ts-order-service stage=service_create latency_ms=88
2026-03-11 16:24:02.312  INFO 1 --- [io-12031-exec-9] order.controller.OrderController         : [PYTHIA_FINE_TRACE] service=ts-order-service endpoint=createOrder latency_ms=89
2026-03-11 16:24:02.719  INFO 1 --- [o-12031-exec-10] order.service.OrderServiceImpl           : [PYTHIA_FINE_TRACE] service=ts-order-service stage=service_create latency_ms=93
2026-03-11 16:24:02.720  INFO 1 --- [o-12031-exec-10] order.controller.OrderController         : [PYTHIA_FINE_TRACE] service=ts-order-service endpoint=createOrder latency_ms=94
2026-03-11 16:24:03.072  INFO 1 --- [io-12031-exec-1] order.service.OrderServiceImpl           : [PYTHIA_FINE_TRACE] service=ts-order-service stage=service_create latency_ms=51
2026-03-11 16:24:03.072  INFO 1 --- [io-12031-exec-1] order.controller.OrderController         : [PYTHIA_FINE_TRACE] service=ts-order-service endpoint=createOrder latency_ms=51
2026-03-11 16:24:03.450  INFO 1 --- [io-12031-exec-2] order.service.OrderServiceImpl           : [PYTHIA_FINE_TRACE] service=ts-order-service stage=service_create latency_ms=64
2026-03-11 16:24:03.450  INFO 1 --- [io-12031-exec-2] order.controller.OrderController         : [PYTHIA_FINE_TRACE] service=ts-order-service endpoint=createOrder latency_ms=64
2026-03-11 16:24:03.812  INFO 1 --- [io-12031-exec-4] order.service.OrderServiceImpl           : [PYTHIA_FINE_TRACE] service=ts-order-service stage=service_create latency_ms=89
2026-03-11 16:24:03.812  INFO 1 --- [io-12031-exec-4] order.controller.OrderController         : [PYTHIA_FINE_TRACE] service=ts-order-service endpoint=createOrder latency_ms=89
2026-03-11 16:24:04.216  INFO 1 --- [io-12031-exec-5] order.service.OrderServiceImpl           : [PYTHIA_FINE_TRACE] service=ts-order-service stage=service_create latency_ms=100
2026-03-11 16:24:04.216  INFO 1 --- [io-12031-exec-5] order.controller.OrderController         : [PYTHIA_FINE_TRACE] service=ts-order-service endpoint=createOrder latency_ms=100
2026-03-11 16:24:04.631  INFO 1 --- [io-12031-exec-3] order.service.OrderServiceImpl           : [PYTHIA_FINE_TRACE] service=ts-order-service stage=service_create latency_ms=50
2026-03-11 16:24:04.631  INFO 1 --- [io-12031-exec-3] order.controller.OrderController         : [PYTHIA_FINE_TRACE] service=ts-order-service endpoint=createOrder latency_ms=50
2026-03-11 16:24:05.016  INFO 1 --- [io-12031-exec-7] order.service.OrderServiceImpl           : [PYTHIA_FINE_TRACE] service=ts-order-service stage=service_create latency_ms=86
2026-03-11 16:24:05.016  INFO 1 --- [io-12031-exec-7] order.controller.OrderController         : [PYTHIA_FINE_TRACE] service=ts-order-service endpoint=createOrder latency_ms=86
2026-03-11 16:24:05.411  INFO 1 --- [io-12031-exec-6] order.service.OrderServiceImpl           : [PYTHIA_FINE_TRACE] service=ts-order-service stage=service_create latency_ms=88
2026-03-11 16:24:05.411  INFO 1 --- [io-12031-exec-6] order.controller.OrderController         : [PYTHIA_FINE_TRACE] service=ts-order-service endpoint=createOrder latency_ms=89
2026-03-11 16:24:05.769  INFO 1 --- [io-12031-exec-8] order.service.OrderServiceImpl           : [PYTHIA_FINE_TRACE] service=ts-order-service stage=service_create latency_ms=50
2026-03-11 16:24:05.769  INFO 1 --- [io-12031-exec-8] order.controller.OrderController         : [PYTHIA_FINE_TRACE] service=ts-order-service endpoint=createOrder latency_ms=50
2026-03-11 16:24:06.202  INFO 1 --- [io-12031-exec-9] order.service.OrderServiceImpl           : [PYTHIA_FINE_TRACE] service=ts-order-service stage=service_create latency_ms=105
2026-03-11 16:24:06.202  INFO 1 --- [io-12031-exec-9] order.controller.OrderController         : [PYTHIA_FINE_TRACE] service=ts-order-service endpoint=createOrder latency_ms=105
2026-03-11 16:24:06.609  INFO 1 --- [o-12031-exec-10] order.service.OrderServiceImpl           : [PYTHIA_FINE_TRACE] service=ts-order-service stage=service_create latency_ms=86
2026-03-11 16:24:06.609  INFO 1 --- [o-12031-exec-10] order.controller.OrderController         : [PYTHIA_FINE_TRACE] service=ts-order-service endpoint=createOrder latency_ms=86
2026-03-11 16:24:07.020  INFO 1 --- [io-12031-exec-1] order.service.OrderServiceImpl           : [PYTHIA_FINE_TRACE] service=ts-order-service stage=service_create latency_ms=95
2026-03-11 16:24:07.020  INFO 1 --- [io-12031-exec-1] order.controller.OrderController         : [PYTHIA_FINE_TRACE] service=ts-order-service endpoint=createOrder latency_ms=95
2026-03-11 16:24:07.371  INFO 1 --- [io-12031-exec-2] order.service.OrderServiceImpl           : [PYTHIA_FINE_TRACE] service=ts-order-service stage=service_create latency_ms=53
2026-03-11 16:24:07.371  INFO 1 --- [io-12031-exec-2] order.controller.OrderController         : [PYTHIA_FINE_TRACE] service=ts-order-service endpoint=createOrder latency_ms=53
2026-03-11 16:24:07.809  INFO 1 --- [io-12031-exec-4] order.service.OrderServiceImpl           : [PYTHIA_FINE_TRACE] service=ts-order-service stage=service_create latency_ms=91
2026-03-11 16:24:07.809  INFO 1 --- [io-12031-exec-4] order.controller.OrderController         : [PYTHIA_FINE_TRACE] service=ts-order-service endpoint=createOrder latency_ms=91
2026-03-11 16:24:08.211  INFO 1 --- [io-12031-exec-5] order.service.OrderServiceImpl           : [PYTHIA_FINE_TRACE] service=ts-order-service stage=service_create latency_ms=89
2026-03-11 16:24:08.211  INFO 1 --- [io-12031-exec-5] order.controller.OrderController         : [PYTHIA_FINE_TRACE] service=ts-order-service endpoint=createOrder latency_ms=89
2026-03-11 16:24:08.633  INFO 1 --- [io-12031-exec-3] order.service.OrderServiceImpl           : [PYTHIA_FINE_TRACE] service=ts-order-service stage=service_create latency_ms=51
2026-03-11 16:24:08.633  INFO 1 --- [io-12031-exec-3] order.controller.OrderController         : [PYTHIA_FINE_TRACE] service=ts-order-service endpoint=createOrder latency_ms=51
2026-03-11 16:24:08.969  INFO 1 --- [io-12031-exec-7] order.service.OrderServiceImpl           : [PYTHIA_FINE_TRACE] service=ts-order-service stage=service_create latency_ms=49
2026-03-11 16:24:08.969  INFO 1 --- [io-12031-exec-7] order.controller.OrderController         : [PYTHIA_FINE_TRACE] service=ts-order-service endpoint=createOrder latency_ms=49
2026-03-11 16:24:09.348  INFO 1 --- [io-12031-exec-6] order.service.OrderServiceImpl           : [PYTHIA_FINE_TRACE] service=ts-order-service stage=service_create latency_ms=59
2026-03-11 16:24:09.348  INFO 1 --- [io-12031-exec-6] order.controller.OrderController         : [PYTHIA_FINE_TRACE] service=ts-order-service endpoint=createOrder latency_ms=59
2026-03-11 16:24:09.814  INFO 1 --- [io-12031-exec-8] order.service.OrderServiceImpl           : [PYTHIA_FINE_TRACE] service=ts-order-service stage=service_create latency_ms=107
2026-03-11 16:24:09.814  INFO 1 --- [io-12031-exec-8] order.controller.OrderController         : [PYTHIA_FINE_TRACE] service=ts-order-service endpoint=createOrder latency_ms=107
2026-03-11 16:24:10.171  INFO 1 --- [io-12031-exec-9] order.service.OrderServiceImpl           : [PYTHIA_FINE_TRACE] service=ts-order-service stage=service_create latency_ms=49
2026-03-11 16:24:10.171  INFO 1 --- [io-12031-exec-9] order.controller.OrderController         : [PYTHIA_FINE_TRACE] service=ts-order-service endpoint=createOrder latency_ms=49
2026-03-11 16:24:10.614  INFO 1 --- [o-12031-exec-10] order.service.OrderServiceImpl           : [PYTHIA_FINE_TRACE] service=ts-order-service stage=service_create latency_ms=109
2026-03-11 16:24:10.614  INFO 1 --- [o-12031-exec-10] order.controller.OrderController         : [PYTHIA_FINE_TRACE] service=ts-order-service endpoint=createOrder latency_ms=109
2026-03-11 16:24:11.025  INFO 1 --- [io-12031-exec-1] order.service.OrderServiceImpl           : [PYTHIA_FINE_TRACE] service=ts-order-service stage=service_create latency_ms=106
2026-03-11 16:24:11.025  INFO 1 --- [io-12031-exec-1] order.controller.OrderController         : [PYTHIA_FINE_TRACE] service=ts-order-service endpoint=createOrder latency_ms=106
2026-03-11 16:24:11.419  INFO 1 --- [io-12031-exec-2] order.service.OrderServiceImpl           : [PYTHIA_FINE_TRACE] service=ts-order-service stage=service_create latency_ms=102
2026-03-11 16:24:11.419  INFO 1 --- [io-12031-exec-2] order.controller.OrderController         : [PYTHIA_FINE_TRACE] service=ts-order-service endpoint=createOrder latency_ms=102
2026-03-11 16:24:11.767  INFO 1 --- [io-12031-exec-4] order.service.OrderServiceImpl           : [PYTHIA_FINE_TRACE] service=ts-order-service stage=service_create latency_ms=48
2026-03-11 16:24:11.767  INFO 1 --- [io-12031-exec-4] order.controller.OrderController         : [PYTHIA_FINE_TRACE] service=ts-order-service endpoint=createOrder latency_ms=48
2026-03-11 16:24:12.145  INFO 1 --- [io-12031-exec-3] order.service.OrderServiceImpl           : [PYTHIA_FINE_TRACE] service=ts-order-service stage=service_create latency_ms=61
2026-03-11 16:24:12.145  INFO 1 --- [io-12031-exec-3] order.controller.OrderController         : [PYTHIA_FINE_TRACE] service=ts-order-service endpoint=createOrder latency_ms=61
2026-03-11 16:24:12.601  INFO 1 --- [io-12031-exec-7] order.service.OrderServiceImpl           : [PYTHIA_FINE_TRACE] service=ts-order-service stage=service_create latency_ms=117
2026-03-11 16:24:12.601  INFO 1 --- [io-12031-exec-7] order.controller.OrderController         : [PYTHIA_FINE_TRACE] service=ts-order-service endpoint=createOrder latency_ms=117
2026-03-11 16:24:13.006  INFO 1 --- [io-12031-exec-6] order.service.OrderServiceImpl           : [PYTHIA_FINE_TRACE] service=ts-order-service stage=service_create latency_ms=94
2026-03-11 16:24:13.006  INFO 1 --- [io-12031-exec-6] order.controller.OrderController         : [PYTHIA_FINE_TRACE] service=ts-order-service endpoint=createOrder latency_ms=94
2026-03-11 16:24:13.413  INFO 1 --- [io-12031-exec-8] order.service.OrderServiceImpl           : [PYTHIA_FINE_TRACE] service=ts-order-service stage=service_create latency_ms=91
2026-03-11 16:24:13.413  INFO 1 --- [io-12031-exec-8] order.controller.OrderController         : [PYTHIA_FINE_TRACE] service=ts-order-service endpoint=createOrder latency_ms=91
2026-03-11 16:24:13.846  INFO 1 --- [io-12031-exec-9] order.service.OrderServiceImpl           : [PYTHIA_FINE_TRACE] service=ts-order-service stage=service_create latency_ms=123
2026-03-11 16:24:13.846  INFO 1 --- [io-12031-exec-9] order.controller.OrderController         : [PYTHIA_FINE_TRACE] service=ts-order-service endpoint=createOrder latency_ms=123
2026-03-11 16:24:14.216  INFO 1 --- [o-12031-exec-10] order.service.OrderServiceImpl           : [PYTHIA_FINE_TRACE] service=ts-order-service stage=service_create latency_ms=93
2026-03-11 16:24:14.216  INFO 1 --- [o-12031-exec-10] order.controller.OrderController         : [PYTHIA_FINE_TRACE] service=ts-order-service endpoint=createOrder latency_ms=93
2026-03-11 16:24:14.636  INFO 1 --- [io-12031-exec-1] order.service.OrderServiceImpl           : [PYTHIA_FINE_TRACE] service=ts-order-service stage=service_create latency_ms=56
2026-03-11 16:24:14.636  INFO 1 --- [io-12031-exec-1] order.controller.OrderController         : [PYTHIA_FINE_TRACE] service=ts-order-service endpoint=createOrder latency_ms=56
2026-03-11 16:24:15.018  INFO 1 --- [io-12031-exec-2] order.service.OrderServiceImpl           : [PYTHIA_FINE_TRACE] service=ts-order-service stage=service_create latency_ms=98
2026-03-11 16:24:15.018  INFO 1 --- [io-12031-exec-2] order.controller.OrderController         : [PYTHIA_FINE_TRACE] service=ts-order-service endpoint=createOrder latency_ms=98
2026-03-11 16:24:15.411  INFO 1 --- [io-12031-exec-4] order.service.OrderServiceImpl           : [PYTHIA_FINE_TRACE] service=ts-order-service stage=service_create latency_ms=89
2026-03-11 16:24:15.411  INFO 1 --- [io-12031-exec-4] order.controller.OrderController         : [PYTHIA_FINE_TRACE] service=ts-order-service endpoint=createOrder latency_ms=90
2026-03-11 16:24:15.772  INFO 1 --- [io-12031-exec-5] order.service.OrderServiceImpl           : [PYTHIA_FINE_TRACE] service=ts-order-service stage=service_create latency_ms=51
2026-03-11 16:24:15.772  INFO 1 --- [io-12031-exec-5] order.controller.OrderController         : [PYTHIA_FINE_TRACE] service=ts-order-service endpoint=createOrder latency_ms=51
2026-03-11 16:24:16.147  INFO 1 --- [io-12031-exec-3] order.service.OrderServiceImpl           : [PYTHIA_FINE_TRACE] service=ts-order-service stage=service_create latency_ms=54
2026-03-11 16:24:16.147  INFO 1 --- [io-12031-exec-3] order.controller.OrderController         : [PYTHIA_FINE_TRACE] service=ts-order-service endpoint=createOrder latency_ms=54
2026-03-11 16:24:16.519  INFO 1 --- [io-12031-exec-7] order.service.OrderServiceImpl           : [PYTHIA_FINE_TRACE] service=ts-order-service stage=service_create latency_ms=94
2026-03-11 16:24:16.519  INFO 1 --- [io-12031-exec-7] order.controller.OrderController         : [PYTHIA_FINE_TRACE] service=ts-order-service endpoint=createOrder latency_ms=94
2026-03-11 16:24:16.920  INFO 1 --- [io-12031-exec-6] order.service.OrderServiceImpl           : [PYTHIA_FINE_TRACE] service=ts-order-service stage=service_create latency_ms=97
2026-03-11 16:24:16.920  INFO 1 --- [io-12031-exec-6] order.controller.OrderController         : [PYTHIA_FINE_TRACE] service=ts-order-service endpoint=createOrder latency_ms=97
2026-03-11 16:24:17.270  INFO 1 --- [io-12031-exec-8] order.service.OrderServiceImpl           : [PYTHIA_FINE_TRACE] service=ts-order-service stage=service_create latency_ms=51
2026-03-11 16:24:17.270  INFO 1 --- [io-12031-exec-8] order.controller.OrderController         : [PYTHIA_FINE_TRACE] service=ts-order-service endpoint=createOrder latency_ms=51
2026-03-11 16:24:17.646  INFO 1 --- [io-12031-exec-9] order.service.OrderServiceImpl           : [PYTHIA_FINE_TRACE] service=ts-order-service stage=service_create latency_ms=64
2026-03-11 16:24:17.646  INFO 1 --- [io-12031-exec-9] order.controller.OrderController         : [PYTHIA_FINE_TRACE] service=ts-order-service endpoint=createOrder latency_ms=64
2026-03-11 16:24:18.114  INFO 1 --- [o-12031-exec-10] order.service.OrderServiceImpl           : [PYTHIA_FINE_TRACE] service=ts-order-service stage=service_create latency_ms=192
2026-03-11 16:24:18.114  INFO 1 --- [o-12031-exec-10] order.controller.OrderController         : [PYTHIA_FINE_TRACE] service=ts-order-service endpoint=createOrder latency_ms=192
2026-03-11 16:24:18.515  INFO 1 --- [io-12031-exec-1] order.service.OrderServiceImpl           : [PYTHIA_FINE_TRACE] service=ts-order-service stage=service_create latency_ms=91
2026-03-11 16:24:18.515  INFO 1 --- [io-12031-exec-1] order.controller.OrderController         : [PYTHIA_FINE_TRACE] service=ts-order-service endpoint=createOrder latency_ms=91
2026-03-11 16:24:18.875  INFO 1 --- [io-12031-exec-2] order.service.OrderServiceImpl           : [PYTHIA_FINE_TRACE] service=ts-order-service stage=service_create latency_ms=53
2026-03-11 16:24:18.875  INFO 1 --- [io-12031-exec-2] order.controller.OrderController         : [PYTHIA_FINE_TRACE] service=ts-order-service endpoint=createOrder latency_ms=53
2026-03-11 16:24:19.313  INFO 1 --- [io-12031-exec-4] order.service.OrderServiceImpl           : [PYTHIA_FINE_TRACE] service=ts-order-service stage=service_create latency_ms=93
2026-03-11 16:24:19.313  INFO 1 --- [io-12031-exec-4] order.controller.OrderController         : [PYTHIA_FINE_TRACE] service=ts-order-service endpoint=createOrder latency_ms=93
2026-03-11 16:24:19.712  INFO 1 --- [io-12031-exec-5] order.service.OrderServiceImpl           : [PYTHIA_FINE_TRACE] service=ts-order-service stage=service_create latency_ms=91
2026-03-11 16:24:19.712  INFO 1 --- [io-12031-exec-5] order.controller.OrderController         : [PYTHIA_FINE_TRACE] service=ts-order-service endpoint=createOrder latency_ms=91
2026-03-11 16:24:20.113  INFO 1 --- [io-12031-exec-3] order.service.OrderServiceImpl           : [PYTHIA_FINE_TRACE] service=ts-order-service stage=service_create latency_ms=95
2026-03-11 16:24:20.113  INFO 1 --- [io-12031-exec-3] order.controller.OrderController         : [PYTHIA_FINE_TRACE] service=ts-order-service endpoint=createOrder latency_ms=95
2026-03-11 16:24:20.512  INFO 1 --- [io-12031-exec-7] order.service.OrderServiceImpl           : [PYTHIA_FINE_TRACE] service=ts-order-service stage=service_create latency_ms=90
2026-03-11 16:24:20.512  INFO 1 --- [io-12031-exec-7] order.controller.OrderController         : [PYTHIA_FINE_TRACE] service=ts-order-service endpoint=createOrder latency_ms=90
2026-03-11 16:24:20.914  INFO 1 --- [io-12031-exec-6] order.service.OrderServiceImpl           : [PYTHIA_FINE_TRACE] service=ts-order-service stage=service_create latency_ms=91
2026-03-11 16:24:20.914  INFO 1 --- [io-12031-exec-6] order.controller.OrderController         : [PYTHIA_FINE_TRACE] service=ts-order-service endpoint=createOrder latency_ms=91
2026-03-11 16:24:21.311  INFO 1 --- [io-12031-exec-8] order.service.OrderServiceImpl           : [PYTHIA_FINE_TRACE] service=ts-order-service stage=service_create latency_ms=87
2026-03-11 16:24:21.311  INFO 1 --- [io-12031-exec-8] order.controller.OrderController         : [PYTHIA_FINE_TRACE] service=ts-order-service endpoint=createOrder latency_ms=87
2026-03-11 16:24:21.727  INFO 1 --- [io-12031-exec-9] order.service.OrderServiceImpl           : [PYTHIA_FINE_TRACE] service=ts-order-service stage=service_create latency_ms=50
2026-03-11 16:24:21.727  INFO 1 --- [io-12031-exec-9] order.controller.OrderController         : [PYTHIA_FINE_TRACE] service=ts-order-service endpoint=createOrder latency_ms=50
2026-03-11 16:24:22.107  INFO 1 --- [io-12031-exec-1] order.service.OrderServiceImpl           : [PYTHIA_FINE_TRACE] service=ts-order-service stage=service_create latency_ms=80
2026-03-11 16:24:22.107  INFO 1 --- [io-12031-exec-1] order.controller.OrderController         : [PYTHIA_FINE_TRACE] service=ts-order-service endpoint=createOrder latency_ms=80
2026-03-11 16:24:22.513  INFO 1 --- [io-12031-exec-2] order.service.OrderServiceImpl           : [PYTHIA_FINE_TRACE] service=ts-order-service stage=service_create latency_ms=89
2026-03-11 16:24:22.513  INFO 1 --- [io-12031-exec-2] order.controller.OrderController         : [PYTHIA_FINE_TRACE] service=ts-order-service endpoint=createOrder latency_ms=89
2026-03-11 16:24:22.928  INFO 1 --- [io-12031-exec-4] order.service.OrderServiceImpl           : [PYTHIA_FINE_TRACE] service=ts-order-service stage=service_create latency_ms=108
2026-03-11 16:24:22.928  INFO 1 --- [io-12031-exec-4] order.controller.OrderController         : [PYTHIA_FINE_TRACE] service=ts-order-service endpoint=createOrder latency_ms=108
2026-03-11 16:24:23.307  INFO 1 --- [io-12031-exec-5] order.service.OrderServiceImpl           : [PYTHIA_FINE_TRACE] service=ts-order-service stage=service_create latency_ms=86
2026-03-11 16:24:23.308  INFO 1 --- [io-12031-exec-5] order.controller.OrderController         : [PYTHIA_FINE_TRACE] service=ts-order-service endpoint=createOrder latency_ms=87
2026-03-11 16:24:23.708  INFO 1 --- [io-12031-exec-3] order.service.OrderServiceImpl           : [PYTHIA_FINE_TRACE] service=ts-order-service stage=service_create latency_ms=82
2026-03-11 16:24:23.708  INFO 1 --- [io-12031-exec-3] order.controller.OrderController         : [PYTHIA_FINE_TRACE] service=ts-order-service endpoint=createOrder latency_ms=82
2026-03-11 16:24:24.113  INFO 1 --- [io-12031-exec-7] order.service.OrderServiceImpl           : [PYTHIA_FINE_TRACE] service=ts-order-service stage=service_create latency_ms=94
2026-03-11 16:24:24.113  INFO 1 --- [io-12031-exec-7] order.controller.OrderController         : [PYTHIA_FINE_TRACE] service=ts-order-service endpoint=createOrder latency_ms=94
2026-03-11 16:24:24.470  INFO 1 --- [io-12031-exec-6] order.service.OrderServiceImpl           : [PYTHIA_FINE_TRACE] service=ts-order-service stage=service_create latency_ms=50
2026-03-11 16:24:24.470  INFO 1 --- [io-12031-exec-6] order.controller.OrderController         : [PYTHIA_FINE_TRACE] service=ts-order-service endpoint=createOrder latency_ms=50
2026-03-11 16:24:24.843  INFO 1 --- [io-12031-exec-8] order.service.OrderServiceImpl           : [PYTHIA_FINE_TRACE] service=ts-order-service stage=service_create latency_ms=55
2026-03-11 16:24:24.843  INFO 1 --- [io-12031-exec-8] order.controller.OrderController         : [PYTHIA_FINE_TRACE] service=ts-order-service endpoint=createOrder latency_ms=55
2026-03-11 16:24:25.218  INFO 1 --- [io-12031-exec-9] order.service.OrderServiceImpl           : [PYTHIA_FINE_TRACE] service=ts-order-service stage=service_create latency_ms=95
2026-03-11 16:24:25.218  INFO 1 --- [io-12031-exec-9] order.controller.OrderController         : [PYTHIA_FINE_TRACE] service=ts-order-service endpoint=createOrder latency_ms=95
2026-03-11 16:24:25.620  INFO 1 --- [o-12031-exec-10] order.service.OrderServiceImpl           : [PYTHIA_FINE_TRACE] service=ts-order-service stage=service_create latency_ms=98
2026-03-11 16:24:25.620  INFO 1 --- [o-12031-exec-10] order.controller.OrderController         : [PYTHIA_FINE_TRACE] service=ts-order-service endpoint=createOrder latency_ms=98
2026-03-11 16:24:26.045  INFO 1 --- [io-12031-exec-1] order.service.OrderServiceImpl           : [PYTHIA_FINE_TRACE] service=ts-order-service stage=service_create latency_ms=50
2026-03-11 16:24:26.045  INFO 1 --- [io-12031-exec-1] order.controller.OrderController         : [PYTHIA_FINE_TRACE] service=ts-order-service endpoint=createOrder latency_ms=50
2026-03-11 16:24:26.410  INFO 1 --- [io-12031-exec-2] order.service.OrderServiceImpl           : [PYTHIA_FINE_TRACE] service=ts-order-service stage=service_create latency_ms=86
2026-03-11 16:24:26.410  INFO 1 --- [io-12031-exec-2] order.controller.OrderController         : [PYTHIA_FINE_TRACE] service=ts-order-service endpoint=createOrder latency_ms=86
2026-03-11 16:24:26.831  INFO 1 --- [io-12031-exec-4] order.service.OrderServiceImpl           : [PYTHIA_FINE_TRACE] service=ts-order-service stage=service_create latency_ms=104
2026-03-11 16:24:26.831  INFO 1 --- [io-12031-exec-4] order.controller.OrderController         : [PYTHIA_FINE_TRACE] service=ts-order-service endpoint=createOrder latency_ms=104
2026-03-11 16:24:27.218  INFO 1 --- [io-12031-exec-5] order.service.OrderServiceImpl           : [PYTHIA_FINE_TRACE] service=ts-order-service stage=service_create latency_ms=94
2026-03-11 16:24:27.218  INFO 1 --- [io-12031-exec-5] order.controller.OrderController         : [PYTHIA_FINE_TRACE] service=ts-order-service endpoint=createOrder latency_ms=94
2026-03-11 16:24:27.576  INFO 1 --- [io-12031-exec-3] order.service.OrderServiceImpl           : [PYTHIA_FINE_TRACE] service=ts-order-service stage=service_create latency_ms=53
2026-03-11 16:24:27.576  INFO 1 --- [io-12031-exec-3] order.controller.OrderController         : [PYTHIA_FINE_TRACE] service=ts-order-service endpoint=createOrder latency_ms=53
2026-03-11 16:24:28.026  INFO 1 --- [io-12031-exec-7] order.service.OrderServiceImpl           : [PYTHIA_FINE_TRACE] service=ts-order-service stage=service_create latency_ms=57
2026-03-11 16:24:28.026  INFO 1 --- [io-12031-exec-7] order.controller.OrderController         : [PYTHIA_FINE_TRACE] service=ts-order-service endpoint=createOrder latency_ms=57
2026-03-11 16:24:28.508  INFO 1 --- [io-12031-exec-6] order.service.OrderServiceImpl           : [PYTHIA_FINE_TRACE] service=ts-order-service stage=service_create latency_ms=188
2026-03-11 16:24:28.508  INFO 1 --- [io-12031-exec-6] order.controller.OrderController         : [PYTHIA_FINE_TRACE] service=ts-order-service endpoint=createOrder latency_ms=188
2026-03-11 16:24:28.917  INFO 1 --- [io-12031-exec-8] order.service.OrderServiceImpl           : [PYTHIA_FINE_TRACE] service=ts-order-service stage=service_create latency_ms=94
2026-03-11 16:24:28.917  INFO 1 --- [io-12031-exec-8] order.controller.OrderController         : [PYTHIA_FINE_TRACE] service=ts-order-service endpoint=createOrder latency_ms=94
2026-03-11 16:24:29.310  INFO 1 --- [io-12031-exec-9] order.service.OrderServiceImpl           : [PYTHIA_FINE_TRACE] service=ts-order-service stage=service_create latency_ms=90
2026-03-11 16:24:29.310  INFO 1 --- [io-12031-exec-9] order.controller.OrderController         : [PYTHIA_FINE_TRACE] service=ts-order-service endpoint=createOrder latency_ms=90
2026-03-11 16:24:29.711  INFO 1 --- [o-12031-exec-10] order.service.OrderServiceImpl           : [PYTHIA_FINE_TRACE] service=ts-order-service stage=service_create latency_ms=90
2026-03-11 16:24:29.711  INFO 1 --- [o-12031-exec-10] order.controller.OrderController         : [PYTHIA_FINE_TRACE] service=ts-order-service endpoint=createOrder latency_ms=90
2026-03-11 16:24:30.128  INFO 1 --- [io-12031-exec-1] order.service.OrderServiceImpl           : [PYTHIA_FINE_TRACE] service=ts-order-service stage=service_create latency_ms=107
2026-03-11 16:24:30.128  INFO 1 --- [io-12031-exec-1] order.controller.OrderController         : [PYTHIA_FINE_TRACE] service=ts-order-service endpoint=createOrder latency_ms=107
2026-03-11 16:24:30.475  INFO 1 --- [io-12031-exec-2] order.service.OrderServiceImpl           : [PYTHIA_FINE_TRACE] service=ts-order-service stage=service_create latency_ms=49
2026-03-11 16:24:30.475  INFO 1 --- [io-12031-exec-2] order.controller.OrderController         : [PYTHIA_FINE_TRACE] service=ts-order-service endpoint=createOrder latency_ms=49
2026-03-11 16:24:30.850  INFO 1 --- [io-12031-exec-4] order.service.OrderServiceImpl           : [PYTHIA_FINE_TRACE] service=ts-order-service stage=service_create latency_ms=59
2026-03-11 16:24:30.850  INFO 1 --- [io-12031-exec-4] order.controller.OrderController         : [PYTHIA_FINE_TRACE] service=ts-order-service endpoint=createOrder latency_ms=59
2026-03-11 16:24:31.221  INFO 1 --- [io-12031-exec-5] order.service.OrderServiceImpl           : [PYTHIA_FINE_TRACE] service=ts-order-service stage=service_create latency_ms=104
2026-03-11 16:24:31.221  INFO 1 --- [io-12031-exec-5] order.controller.OrderController         : [PYTHIA_FINE_TRACE] service=ts-order-service endpoint=createOrder latency_ms=104
2026-03-11 16:24:31.638  INFO 1 --- [io-12031-exec-3] order.service.OrderServiceImpl           : [PYTHIA_FINE_TRACE] service=ts-order-service stage=service_create latency_ms=117
2026-03-11 16:24:31.638  INFO 1 --- [io-12031-exec-3] order.controller.OrderController         : [PYTHIA_FINE_TRACE] service=ts-order-service endpoint=createOrder latency_ms=117
2026-03-11 16:24:32.207  INFO 1 --- [io-12031-exec-6] order.service.OrderServiceImpl           : [PYTHIA_FINE_TRACE] service=ts-order-service stage=service_create latency_ms=213
2026-03-11 16:24:32.207  INFO 1 --- [io-12031-exec-6] order.controller.OrderController         : [PYTHIA_FINE_TRACE] service=ts-order-service endpoint=createOrder latency_ms=213
2026-03-11 16:24:32.622  INFO 1 --- [io-12031-exec-8] order.service.OrderServiceImpl           : [PYTHIA_FINE_TRACE] service=ts-order-service stage=service_create latency_ms=101
2026-03-11 16:24:32.622  INFO 1 --- [io-12031-exec-8] order.controller.OrderController         : [PYTHIA_FINE_TRACE] service=ts-order-service endpoint=createOrder latency_ms=101
2026-03-11 16:24:33.019  INFO 1 --- [io-12031-exec-9] order.service.OrderServiceImpl           : [PYTHIA_FINE_TRACE] service=ts-order-service stage=service_create latency_ms=85
2026-03-11 16:24:33.019  INFO 1 --- [io-12031-exec-9] order.controller.OrderController         : [PYTHIA_FINE_TRACE] service=ts-order-service endpoint=createOrder latency_ms=85
2026-03-11 16:24:33.447  INFO 1 --- [o-12031-exec-10] order.service.OrderServiceImpl           : [PYTHIA_FINE_TRACE] service=ts-order-service stage=service_create latency_ms=119
2026-03-11 16:24:33.447  INFO 1 --- [o-12031-exec-10] order.controller.OrderController         : [PYTHIA_FINE_TRACE] service=ts-order-service endpoint=createOrder latency_ms=119
2026-03-11 16:24:33.808  INFO 1 --- [io-12031-exec-1] order.service.OrderServiceImpl           : [PYTHIA_FINE_TRACE] service=ts-order-service stage=service_create latency_ms=85
2026-03-11 16:24:33.808  INFO 1 --- [io-12031-exec-1] order.controller.OrderController         : [PYTHIA_FINE_TRACE] service=ts-order-service endpoint=createOrder latency_ms=85
2026-03-11 16:24:34.215  INFO 1 --- [io-12031-exec-2] order.service.OrderServiceImpl           : [PYTHIA_FINE_TRACE] service=ts-order-service stage=service_create latency_ms=96
2026-03-11 16:24:34.215  INFO 1 --- [io-12031-exec-2] order.controller.OrderController         : [PYTHIA_FINE_TRACE] service=ts-order-service endpoint=createOrder latency_ms=96
2026-03-11 16:24:34.613  INFO 1 --- [io-12031-exec-4] order.service.OrderServiceImpl           : [PYTHIA_FINE_TRACE] service=ts-order-service stage=service_create latency_ms=91
2026-03-11 16:24:34.613  INFO 1 --- [io-12031-exec-4] order.controller.OrderController         : [PYTHIA_FINE_TRACE] service=ts-order-service endpoint=createOrder latency_ms=91
2026-03-11 16:24:35.015  INFO 1 --- [io-12031-exec-5] order.service.OrderServiceImpl           : [PYTHIA_FINE_TRACE] service=ts-order-service stage=service_create latency_ms=96
2026-03-11 16:24:35.015  INFO 1 --- [io-12031-exec-5] order.controller.OrderController         : [PYTHIA_FINE_TRACE] service=ts-order-service endpoint=createOrder latency_ms=96
2026-03-11 16:24:35.412  INFO 1 --- [io-12031-exec-3] order.service.OrderServiceImpl           : [PYTHIA_FINE_TRACE] service=ts-order-service stage=service_create latency_ms=89
2026-03-11 16:24:35.412  INFO 1 --- [io-12031-exec-3] order.controller.OrderController         : [PYTHIA_FINE_TRACE] service=ts-order-service endpoint=createOrder latency_ms=90
2026-03-11 16:24:35.834  INFO 1 --- [io-12031-exec-7] order.service.OrderServiceImpl           : [PYTHIA_FINE_TRACE] service=ts-order-service stage=service_create latency_ms=56
2026-03-11 16:24:35.834  INFO 1 --- [io-12031-exec-7] order.controller.OrderController         : [PYTHIA_FINE_TRACE] service=ts-order-service endpoint=createOrder latency_ms=56
2026-03-11 16:24:36.243  INFO 1 --- [io-12031-exec-6] order.service.OrderServiceImpl           : [PYTHIA_FINE_TRACE] service=ts-order-service stage=service_create latency_ms=65
2026-03-11 16:24:36.243  INFO 1 --- [io-12031-exec-6] order.controller.OrderController         : [PYTHIA_FINE_TRACE] service=ts-order-service endpoint=createOrder latency_ms=65
2026-03-11 16:24:36.636  INFO 1 --- [io-12031-exec-8] order.service.OrderServiceImpl           : [PYTHIA_FINE_TRACE] service=ts-order-service stage=service_create latency_ms=117
2026-03-11 16:24:36.636  INFO 1 --- [io-12031-exec-8] order.controller.OrderController         : [PYTHIA_FINE_TRACE] service=ts-order-service endpoint=createOrder latency_ms=117
2026-03-11 16:24:37.017  INFO 1 --- [io-12031-exec-9] order.service.OrderServiceImpl           : [PYTHIA_FINE_TRACE] service=ts-order-service stage=service_create latency_ms=91
2026-03-11 16:24:37.017  INFO 1 --- [io-12031-exec-9] order.controller.OrderController         : [PYTHIA_FINE_TRACE] service=ts-order-service endpoint=createOrder latency_ms=91
2026-03-11 16:24:37.507  INFO 1 --- [o-12031-exec-10] order.service.OrderServiceImpl           : [PYTHIA_FINE_TRACE] service=ts-order-service stage=service_create latency_ms=114
2026-03-11 16:24:37.507  INFO 1 --- [o-12031-exec-10] order.controller.OrderController         : [PYTHIA_FINE_TRACE] service=ts-order-service endpoint=createOrder latency_ms=114
2026-03-11 16:24:37.918  INFO 1 --- [io-12031-exec-1] order.service.OrderServiceImpl           : [PYTHIA_FINE_TRACE] service=ts-order-service stage=service_create latency_ms=91
2026-03-11 16:24:37.918  INFO 1 --- [io-12031-exec-1] order.controller.OrderController         : [PYTHIA_FINE_TRACE] service=ts-order-service endpoint=createOrder latency_ms=91
2026-03-11 16:24:38.308  INFO 1 --- [io-12031-exec-2] order.service.OrderServiceImpl           : [PYTHIA_FINE_TRACE] service=ts-order-service stage=service_create latency_ms=86
2026-03-11 16:24:38.308  INFO 1 --- [io-12031-exec-2] order.controller.OrderController         : [PYTHIA_FINE_TRACE] service=ts-order-service endpoint=createOrder latency_ms=86
2026-03-11 16:24:38.714  INFO 1 --- [io-12031-exec-4] order.service.OrderServiceImpl           : [PYTHIA_FINE_TRACE] service=ts-order-service stage=service_create latency_ms=87
2026-03-11 16:24:38.714  INFO 1 --- [io-12031-exec-4] order.controller.OrderController         : [PYTHIA_FINE_TRACE] service=ts-order-service endpoint=createOrder latency_ms=88
2026-03-11 16:24:39.120  INFO 1 --- [io-12031-exec-5] order.service.OrderServiceImpl           : [PYTHIA_FINE_TRACE] service=ts-order-service stage=service_create latency_ms=98
2026-03-11 16:24:39.120  INFO 1 --- [io-12031-exec-5] order.controller.OrderController         : [PYTHIA_FINE_TRACE] service=ts-order-service endpoint=createOrder latency_ms=98
2026-03-11 16:24:39.545  INFO 1 --- [io-12031-exec-3] order.service.OrderServiceImpl           : [PYTHIA_FINE_TRACE] service=ts-order-service stage=service_create latency_ms=66
2026-03-11 16:24:39.545  INFO 1 --- [io-12031-exec-3] order.controller.OrderController         : [PYTHIA_FINE_TRACE] service=ts-order-service endpoint=createOrder latency_ms=66
2026-03-11 16:24:39.874  INFO 1 --- [io-12031-exec-7] order.service.OrderServiceImpl           : [PYTHIA_FINE_TRACE] service=ts-order-service stage=service_create latency_ms=49
2026-03-11 16:24:39.874  INFO 1 --- [io-12031-exec-7] order.controller.OrderController         : [PYTHIA_FINE_TRACE] service=ts-order-service endpoint=createOrder latency_ms=49
2026-03-11 16:24:40.313  INFO 1 --- [io-12031-exec-6] order.service.OrderServiceImpl           : [PYTHIA_FINE_TRACE] service=ts-order-service stage=service_create latency_ms=122
2026-03-11 16:24:40.313  INFO 1 --- [io-12031-exec-6] order.controller.OrderController         : [PYTHIA_FINE_TRACE] service=ts-order-service endpoint=createOrder latency_ms=122
2026-03-11 16:24:40.714  INFO 1 --- [io-12031-exec-8] order.service.OrderServiceImpl           : [PYTHIA_FINE_TRACE] service=ts-order-service stage=service_create latency_ms=91
2026-03-11 16:24:40.714  INFO 1 --- [io-12031-exec-8] order.controller.OrderController         : [PYTHIA_FINE_TRACE] service=ts-order-service endpoint=createOrder latency_ms=91
2026-03-11 16:24:41.072  INFO 1 --- [io-12031-exec-9] order.service.OrderServiceImpl           : [PYTHIA_FINE_TRACE] service=ts-order-service stage=service_create latency_ms=49
2026-03-11 16:24:41.072  INFO 1 --- [io-12031-exec-9] order.controller.OrderController         : [PYTHIA_FINE_TRACE] service=ts-order-service endpoint=createOrder latency_ms=49
2026-03-11 16:24:41.439  INFO 1 --- [o-12031-exec-10] order.service.OrderServiceImpl           : [PYTHIA_FINE_TRACE] service=ts-order-service stage=service_create latency_ms=56
2026-03-11 16:24:41.439  INFO 1 --- [o-12031-exec-10] order.controller.OrderController         : [PYTHIA_FINE_TRACE] service=ts-order-service endpoint=createOrder latency_ms=56
2026-03-11 16:24:41.818  INFO 1 --- [io-12031-exec-1] order.service.OrderServiceImpl           : [PYTHIA_FINE_TRACE] service=ts-order-service stage=service_create latency_ms=97
2026-03-11 16:24:41.818  INFO 1 --- [io-12031-exec-1] order.controller.OrderController         : [PYTHIA_FINE_TRACE] service=ts-order-service endpoint=createOrder latency_ms=98
2026-03-11 16:24:42.218  INFO 1 --- [io-12031-exec-4] order.service.OrderServiceImpl           : [PYTHIA_FINE_TRACE] service=ts-order-service stage=service_create latency_ms=95
2026-03-11 16:24:42.218  INFO 1 --- [io-12031-exec-4] order.controller.OrderController         : [PYTHIA_FINE_TRACE] service=ts-order-service endpoint=createOrder latency_ms=95
2026-03-11 16:24:42.602  INFO 1 --- [io-12031-exec-5] order.service.OrderServiceImpl           : [PYTHIA_FINE_TRACE] service=ts-order-service stage=service_create latency_ms=77
2026-03-11 16:24:42.602  INFO 1 --- [io-12031-exec-5] order.controller.OrderController         : [PYTHIA_FINE_TRACE] service=ts-order-service endpoint=createOrder latency_ms=77
2026-03-11 16:24:43.105  INFO 1 --- [io-12031-exec-3] order.service.OrderServiceImpl           : [PYTHIA_FINE_TRACE] service=ts-order-service stage=service_create latency_ms=189
2026-03-11 16:24:43.105  INFO 1 --- [io-12031-exec-3] order.controller.OrderController         : [PYTHIA_FINE_TRACE] service=ts-order-service endpoint=createOrder latency_ms=189
2026-03-11 16:24:43.548  INFO 1 --- [io-12031-exec-7] order.service.OrderServiceImpl           : [PYTHIA_FINE_TRACE] service=ts-order-service stage=service_create latency_ms=64
2026-03-11 16:24:43.548  INFO 1 --- [io-12031-exec-7] order.controller.OrderController         : [PYTHIA_FINE_TRACE] service=ts-order-service endpoint=createOrder latency_ms=64
2026-03-11 16:24:43.916  INFO 1 --- [io-12031-exec-6] order.service.OrderServiceImpl           : [PYTHIA_FINE_TRACE] service=ts-order-service stage=service_create latency_ms=92
2026-03-11 16:24:43.916  INFO 1 --- [io-12031-exec-6] order.controller.OrderController         : [PYTHIA_FINE_TRACE] service=ts-order-service endpoint=createOrder latency_ms=92
2026-03-11 16:24:44.329  INFO 1 --- [io-12031-exec-8] order.service.OrderServiceImpl           : [PYTHIA_FINE_TRACE] service=ts-order-service stage=service_create latency_ms=50
2026-03-11 16:24:44.329  INFO 1 --- [io-12031-exec-8] order.controller.OrderController         : [PYTHIA_FINE_TRACE] service=ts-order-service endpoint=createOrder latency_ms=50
2026-03-11 16:24:44.746  INFO 1 --- [io-12031-exec-9] order.service.OrderServiceImpl           : [PYTHIA_FINE_TRACE] service=ts-order-service stage=service_create latency_ms=60
2026-03-11 16:24:44.746  INFO 1 --- [io-12031-exec-9] order.controller.OrderController         : [PYTHIA_FINE_TRACE] service=ts-order-service endpoint=createOrder latency_ms=60
2026-03-11 16:24:45.139  INFO 1 --- [o-12031-exec-10] order.service.OrderServiceImpl           : [PYTHIA_FINE_TRACE] service=ts-order-service stage=service_create latency_ms=62
2026-03-11 16:24:45.139  INFO 1 --- [o-12031-exec-10] order.controller.OrderController         : [PYTHIA_FINE_TRACE] service=ts-order-service endpoint=createOrder latency_ms=62
2026-03-11 16:24:45.515  INFO 1 --- [io-12031-exec-1] order.service.OrderServiceImpl           : [PYTHIA_FINE_TRACE] service=ts-order-service stage=service_create latency_ms=96
2026-03-11 16:24:45.515  INFO 1 --- [io-12031-exec-1] order.controller.OrderController         : [PYTHIA_FINE_TRACE] service=ts-order-service endpoint=createOrder latency_ms=96
2026-03-11 16:24:45.902  INFO 1 --- [io-12031-exec-2] order.service.OrderServiceImpl           : [PYTHIA_FINE_TRACE] service=ts-order-service stage=service_create latency_ms=71
2026-03-11 16:24:45.902  INFO 1 --- [io-12031-exec-2] order.controller.OrderController         : [PYTHIA_FINE_TRACE] service=ts-order-service endpoint=createOrder latency_ms=72
2026-03-11 16:24:46.320  INFO 1 --- [io-12031-exec-4] order.service.OrderServiceImpl           : [PYTHIA_FINE_TRACE] service=ts-order-service stage=service_create latency_ms=103
2026-03-11 16:24:46.320  INFO 1 --- [io-12031-exec-4] order.controller.OrderController         : [PYTHIA_FINE_TRACE] service=ts-order-service endpoint=createOrder latency_ms=103
2026-03-11 16:24:46.711  INFO 1 --- [io-12031-exec-5] order.service.OrderServiceImpl           : [PYTHIA_FINE_TRACE] service=ts-order-service stage=service_create latency_ms=84
2026-03-11 16:24:46.712  INFO 1 --- [io-12031-exec-5] order.controller.OrderController         : [PYTHIA_FINE_TRACE] service=ts-order-service endpoint=createOrder latency_ms=85
2026-03-11 16:24:47.117  INFO 1 --- [io-12031-exec-3] order.service.OrderServiceImpl           : [PYTHIA_FINE_TRACE] service=ts-order-service stage=service_create latency_ms=92
2026-03-11 16:24:47.117  INFO 1 --- [io-12031-exec-3] order.controller.OrderController         : [PYTHIA_FINE_TRACE] service=ts-order-service endpoint=createOrder latency_ms=92
2026-03-11 16:24:47.512  INFO 1 --- [io-12031-exec-7] order.service.OrderServiceImpl           : [PYTHIA_FINE_TRACE] service=ts-order-service stage=service_create latency_ms=93
2026-03-11 16:24:47.512  INFO 1 --- [io-12031-exec-7] order.controller.OrderController         : [PYTHIA_FINE_TRACE] service=ts-order-service endpoint=createOrder latency_ms=93
2026-03-11 16:24:47.915  INFO 1 --- [io-12031-exec-6] order.service.OrderServiceImpl           : [PYTHIA_FINE_TRACE] service=ts-order-service stage=service_create latency_ms=89
2026-03-11 16:24:47.915  INFO 1 --- [io-12031-exec-6] order.controller.OrderController         : [PYTHIA_FINE_TRACE] service=ts-order-service endpoint=createOrder latency_ms=89
2026-03-11 16:24:48.313  INFO 1 --- [io-12031-exec-8] order.service.OrderServiceImpl           : [PYTHIA_FINE_TRACE] service=ts-order-service stage=service_create latency_ms=93
2026-03-11 16:24:48.313  INFO 1 --- [io-12031-exec-8] order.controller.OrderController         : [PYTHIA_FINE_TRACE] service=ts-order-service endpoint=createOrder latency_ms=93
2026-03-11 16:24:48.735  INFO 1 --- [io-12031-exec-9] order.service.OrderServiceImpl           : [PYTHIA_FINE_TRACE] service=ts-order-service stage=service_create latency_ms=111
2026-03-11 16:24:48.735  INFO 1 --- [io-12031-exec-9] order.controller.OrderController         : [PYTHIA_FINE_TRACE] service=ts-order-service endpoint=createOrder latency_ms=111
2026-03-11 16:24:49.102  INFO 1 --- [o-12031-exec-10] order.service.OrderServiceImpl           : [PYTHIA_FINE_TRACE] service=ts-order-service stage=service_create latency_ms=72
2026-03-11 16:24:49.102  INFO 1 --- [o-12031-exec-10] order.controller.OrderController         : [PYTHIA_FINE_TRACE] service=ts-order-service endpoint=createOrder latency_ms=72
2026-03-11 16:24:49.515  INFO 1 --- [io-12031-exec-1] order.service.OrderServiceImpl           : [PYTHIA_FINE_TRACE] service=ts-order-service stage=service_create latency_ms=90
2026-03-11 16:24:49.515  INFO 1 --- [io-12031-exec-1] order.controller.OrderController         : [PYTHIA_FINE_TRACE] service=ts-order-service endpoint=createOrder latency_ms=90
2026-03-11 16:24:49.914  INFO 1 --- [io-12031-exec-2] order.service.OrderServiceImpl           : [PYTHIA_FINE_TRACE] service=ts-order-service stage=service_create latency_ms=93
2026-03-11 16:24:49.914  INFO 1 --- [io-12031-exec-2] order.controller.OrderController         : [PYTHIA_FINE_TRACE] service=ts-order-service endpoint=createOrder latency_ms=93
2026-03-11 16:24:50.302  INFO 1 --- [io-12031-exec-4] order.service.OrderServiceImpl           : [PYTHIA_FINE_TRACE] service=ts-order-service stage=service_create latency_ms=79
2026-03-11 16:24:50.302  INFO 1 --- [io-12031-exec-4] order.controller.OrderController         : [PYTHIA_FINE_TRACE] service=ts-order-service endpoint=createOrder latency_ms=79
2026-03-11 16:24:50.709  INFO 1 --- [io-12031-exec-5] order.service.OrderServiceImpl           : [PYTHIA_FINE_TRACE] service=ts-order-service stage=service_create latency_ms=84
2026-03-11 16:24:50.709  INFO 1 --- [io-12031-exec-5] order.controller.OrderController         : [PYTHIA_FINE_TRACE] service=ts-order-service endpoint=createOrder latency_ms=84
2026-03-11 16:24:51.111  INFO 1 --- [io-12031-exec-3] order.service.OrderServiceImpl           : [PYTHIA_FINE_TRACE] service=ts-order-service stage=service_create latency_ms=89
2026-03-11 16:24:51.112  INFO 1 --- [io-12031-exec-3] order.controller.OrderController         : [PYTHIA_FINE_TRACE] service=ts-order-service endpoint=createOrder latency_ms=90
2026-03-11 16:24:51.514  INFO 1 --- [io-12031-exec-7] order.service.OrderServiceImpl           : [PYTHIA_FINE_TRACE] service=ts-order-service stage=service_create latency_ms=92
2026-03-11 16:24:51.514  INFO 1 --- [io-12031-exec-7] order.controller.OrderController         : [PYTHIA_FINE_TRACE] service=ts-order-service endpoint=createOrder latency_ms=93
2026-03-11 16:24:51.908  INFO 1 --- [io-12031-exec-6] order.service.OrderServiceImpl           : [PYTHIA_FINE_TRACE] service=ts-order-service stage=service_create latency_ms=86
2026-03-11 16:24:51.908  INFO 1 --- [io-12031-exec-6] order.controller.OrderController         : [PYTHIA_FINE_TRACE] service=ts-order-service endpoint=createOrder latency_ms=86
2026-03-11 16:24:52.312  INFO 1 --- [io-12031-exec-9] order.service.OrderServiceImpl           : [PYTHIA_FINE_TRACE] service=ts-order-service stage=service_create latency_ms=88
2026-03-11 16:24:52.312  INFO 1 --- [io-12031-exec-9] order.controller.OrderController         : [PYTHIA_FINE_TRACE] service=ts-order-service endpoint=createOrder latency_ms=88
2026-03-11 16:24:52.722  INFO 1 --- [o-12031-exec-10] order.service.OrderServiceImpl           : [PYTHIA_FINE_TRACE] service=ts-order-service stage=service_create latency_ms=103
2026-03-11 16:24:52.722  INFO 1 --- [o-12031-exec-10] order.controller.OrderController         : [PYTHIA_FINE_TRACE] service=ts-order-service endpoint=createOrder latency_ms=103
2026-03-11 16:24:53.129  INFO 1 --- [io-12031-exec-1] order.service.OrderServiceImpl           : [PYTHIA_FINE_TRACE] service=ts-order-service stage=service_create latency_ms=108
2026-03-11 16:24:53.129  INFO 1 --- [io-12031-exec-1] order.controller.OrderController         : [PYTHIA_FINE_TRACE] service=ts-order-service endpoint=createOrder latency_ms=108
2026-03-11 16:24:53.485  INFO 1 --- [io-12031-exec-2] order.service.OrderServiceImpl           : [PYTHIA_FINE_TRACE] service=ts-order-service stage=service_create latency_ms=52
2026-03-11 16:24:53.485  INFO 1 --- [io-12031-exec-2] order.controller.OrderController         : [PYTHIA_FINE_TRACE] service=ts-order-service endpoint=createOrder latency_ms=52
2026-03-11 16:24:53.908  INFO 1 --- [io-12031-exec-4] order.service.OrderServiceImpl           : [PYTHIA_FINE_TRACE] service=ts-order-service stage=service_create latency_ms=110
2026-03-11 16:24:53.908  INFO 1 --- [io-12031-exec-4] order.controller.OrderController         : [PYTHIA_FINE_TRACE] service=ts-order-service endpoint=createOrder latency_ms=110
2026-03-11 16:24:54.317  INFO 1 --- [io-12031-exec-5] order.service.OrderServiceImpl           : [PYTHIA_FINE_TRACE] service=ts-order-service stage=service_create latency_ms=93
2026-03-11 16:24:54.317  INFO 1 --- [io-12031-exec-5] order.controller.OrderController         : [PYTHIA_FINE_TRACE] service=ts-order-service endpoint=createOrder latency_ms=93
2026-03-11 16:24:54.753  INFO 1 --- [io-12031-exec-3] order.service.OrderServiceImpl           : [PYTHIA_FINE_TRACE] service=ts-order-service stage=service_create latency_ms=68
2026-03-11 16:24:54.753  INFO 1 --- [io-12031-exec-3] order.controller.OrderController         : [PYTHIA_FINE_TRACE] service=ts-order-service endpoint=createOrder latency_ms=68
2026-03-11 16:24:55.077  INFO 1 --- [io-12031-exec-7] order.service.OrderServiceImpl           : [PYTHIA_FINE_TRACE] service=ts-order-service stage=service_create latency_ms=52
2026-03-11 16:24:55.078  INFO 1 --- [io-12031-exec-7] order.controller.OrderController         : [PYTHIA_FINE_TRACE] service=ts-order-service endpoint=createOrder latency_ms=52
2026-03-11 16:24:55.457  INFO 1 --- [io-12031-exec-6] order.service.OrderServiceImpl           : [PYTHIA_FINE_TRACE] service=ts-order-service stage=service_create latency_ms=59
2026-03-11 16:24:55.457  INFO 1 --- [io-12031-exec-6] order.controller.OrderController         : [PYTHIA_FINE_TRACE] service=ts-order-service endpoint=createOrder latency_ms=59
2026-03-11 16:24:55.850  INFO 1 --- [io-12031-exec-8] order.service.OrderServiceImpl           : [PYTHIA_FINE_TRACE] service=ts-order-service stage=service_create latency_ms=61
2026-03-11 16:24:55.850  INFO 1 --- [io-12031-exec-8] order.controller.OrderController         : [PYTHIA_FINE_TRACE] service=ts-order-service endpoint=createOrder latency_ms=62
2026-03-11 16:24:56.241  INFO 1 --- [io-12031-exec-9] order.service.OrderServiceImpl           : [PYTHIA_FINE_TRACE] service=ts-order-service stage=service_create latency_ms=64
2026-03-11 16:24:56.241  INFO 1 --- [io-12031-exec-9] order.controller.OrderController         : [PYTHIA_FINE_TRACE] service=ts-order-service endpoint=createOrder latency_ms=64
2026-03-11 16:24:56.575  INFO 1 --- [o-12031-exec-10] order.service.OrderServiceImpl           : [PYTHIA_FINE_TRACE] service=ts-order-service stage=service_create latency_ms=55
2026-03-11 16:24:56.575  INFO 1 --- [o-12031-exec-10] order.controller.OrderController         : [PYTHIA_FINE_TRACE] service=ts-order-service endpoint=createOrder latency_ms=55
2026-03-11 16:24:57.015  INFO 1 --- [io-12031-exec-1] order.service.OrderServiceImpl           : [PYTHIA_FINE_TRACE] service=ts-order-service stage=service_create latency_ms=94
2026-03-11 16:24:57.015  INFO 1 --- [io-12031-exec-1] order.controller.OrderController         : [PYTHIA_FINE_TRACE] service=ts-order-service endpoint=createOrder latency_ms=94
2026-03-11 16:24:57.413  INFO 1 --- [io-12031-exec-2] order.service.OrderServiceImpl           : [PYTHIA_FINE_TRACE] service=ts-order-service stage=service_create latency_ms=86
2026-03-11 16:24:57.413  INFO 1 --- [io-12031-exec-2] order.controller.OrderController         : [PYTHIA_FINE_TRACE] service=ts-order-service endpoint=createOrder latency_ms=86
2026-03-11 16:24:57.819  INFO 1 --- [io-12031-exec-4] order.service.OrderServiceImpl           : [PYTHIA_FINE_TRACE] service=ts-order-service stage=service_create latency_ms=93
2026-03-11 16:24:57.819  INFO 1 --- [io-12031-exec-4] order.controller.OrderController         : [PYTHIA_FINE_TRACE] service=ts-order-service endpoint=createOrder latency_ms=93
2026-03-11 16:24:58.215  INFO 1 --- [io-12031-exec-5] order.service.OrderServiceImpl           : [PYTHIA_FINE_TRACE] service=ts-order-service stage=service_create latency_ms=95
2026-03-11 16:24:58.215  INFO 1 --- [io-12031-exec-5] order.controller.OrderController         : [PYTHIA_FINE_TRACE] service=ts-order-service endpoint=createOrder latency_ms=95
2026-03-11 16:24:58.602  INFO 1 --- [io-12031-exec-3] order.service.OrderServiceImpl           : [PYTHIA_FINE_TRACE] service=ts-order-service stage=service_create latency_ms=82
2026-03-11 16:24:58.602  INFO 1 --- [io-12031-exec-3] order.controller.OrderController         : [PYTHIA_FINE_TRACE] service=ts-order-service endpoint=createOrder latency_ms=82
2026-03-11 16:24:59.012  INFO 1 --- [io-12031-exec-7] order.service.OrderServiceImpl           : [PYTHIA_FINE_TRACE] service=ts-order-service stage=service_create latency_ms=98
2026-03-11 16:24:59.012  INFO 1 --- [io-12031-exec-7] order.controller.OrderController         : [PYTHIA_FINE_TRACE] service=ts-order-service endpoint=createOrder latency_ms=98
2026-03-11 16:24:59.412  INFO 1 --- [io-12031-exec-6] order.service.OrderServiceImpl           : [PYTHIA_FINE_TRACE] service=ts-order-service stage=service_create latency_ms=89
2026-03-11 16:24:59.413  INFO 1 --- [io-12031-exec-6] order.controller.OrderController         : [PYTHIA_FINE_TRACE] service=ts-order-service endpoint=createOrder latency_ms=90
2026-03-11 16:24:59.770  INFO 1 --- [io-12031-exec-8] order.service.OrderServiceImpl           : [PYTHIA_FINE_TRACE] service=ts-order-service stage=service_create latency_ms=50
2026-03-11 16:24:59.770  INFO 1 --- [io-12031-exec-8] order.controller.OrderController         : [PYTHIA_FINE_TRACE] service=ts-order-service endpoint=createOrder latency_ms=50
2026-03-11 16:25:00.144  INFO 1 --- [io-12031-exec-9] order.service.OrderServiceImpl           : [PYTHIA_FINE_TRACE] service=ts-order-service stage=service_create latency_ms=63
2026-03-11 16:25:00.144  INFO 1 --- [io-12031-exec-9] order.controller.OrderController         : [PYTHIA_FINE_TRACE] service=ts-order-service endpoint=createOrder latency_ms=63
2026-03-11 16:25:00.545  INFO 1 --- [o-12031-exec-10] order.service.OrderServiceImpl           : [PYTHIA_FINE_TRACE] service=ts-order-service stage=service_create latency_ms=64
2026-03-11 16:25:00.545  INFO 1 --- [o-12031-exec-10] order.controller.OrderController         : [PYTHIA_FINE_TRACE] service=ts-order-service endpoint=createOrder latency_ms=64
2026-03-11 16:25:00.920  INFO 1 --- [io-12031-exec-1] order.service.OrderServiceImpl           : [PYTHIA_FINE_TRACE] service=ts-order-service stage=service_create latency_ms=95
2026-03-11 16:25:00.920  INFO 1 --- [io-12031-exec-1] order.controller.OrderController         : [PYTHIA_FINE_TRACE] service=ts-order-service endpoint=createOrder latency_ms=95
2026-03-11 16:25:01.302  INFO 1 --- [io-12031-exec-2] order.service.OrderServiceImpl           : [PYTHIA_FINE_TRACE] service=ts-order-service stage=service_create latency_ms=79
2026-03-11 16:25:01.302  INFO 1 --- [io-12031-exec-2] order.controller.OrderController         : [PYTHIA_FINE_TRACE] service=ts-order-service endpoint=createOrder latency_ms=79
2026-03-11 16:25:01.714  INFO 1 --- [io-12031-exec-4] order.service.OrderServiceImpl           : [PYTHIA_FINE_TRACE] service=ts-order-service stage=service_create latency_ms=95
2026-03-11 16:25:01.714  INFO 1 --- [io-12031-exec-4] order.controller.OrderController         : [PYTHIA_FINE_TRACE] service=ts-order-service endpoint=createOrder latency_ms=95
2026-03-11 16:25:02.115  INFO 1 --- [io-12031-exec-3] order.service.OrderServiceImpl           : [PYTHIA_FINE_TRACE] service=ts-order-service stage=service_create latency_ms=85
2026-03-11 16:25:02.115  INFO 1 --- [io-12031-exec-3] order.controller.OrderController         : [PYTHIA_FINE_TRACE] service=ts-order-service endpoint=createOrder latency_ms=85
2026-03-11 16:25:02.518  INFO 1 --- [io-12031-exec-7] order.service.OrderServiceImpl           : [PYTHIA_FINE_TRACE] service=ts-order-service stage=service_create latency_ms=94
2026-03-11 16:25:02.518  INFO 1 --- [io-12031-exec-7] order.controller.OrderController         : [PYTHIA_FINE_TRACE] service=ts-order-service endpoint=createOrder latency_ms=94
2026-03-11 16:25:02.872  INFO 1 --- [io-12031-exec-6] order.service.OrderServiceImpl           : [PYTHIA_FINE_TRACE] service=ts-order-service stage=service_create latency_ms=50
2026-03-11 16:25:02.872  INFO 1 --- [io-12031-exec-6] order.controller.OrderController         : [PYTHIA_FINE_TRACE] service=ts-order-service endpoint=createOrder latency_ms=50
2026-03-11 16:25:03.317  INFO 1 --- [io-12031-exec-8] order.service.OrderServiceImpl           : [PYTHIA_FINE_TRACE] service=ts-order-service stage=service_create latency_ms=125
2026-03-11 16:25:03.317  INFO 1 --- [io-12031-exec-8] order.controller.OrderController         : [PYTHIA_FINE_TRACE] service=ts-order-service endpoint=createOrder latency_ms=125
2026-03-11 16:25:03.716  INFO 1 --- [io-12031-exec-9] order.service.OrderServiceImpl           : [PYTHIA_FINE_TRACE] service=ts-order-service stage=service_create latency_ms=89
2026-03-11 16:25:03.716  INFO 1 --- [io-12031-exec-9] order.controller.OrderController         : [PYTHIA_FINE_TRACE] service=ts-order-service endpoint=createOrder latency_ms=89
2026-03-11 16:25:04.124  INFO 1 --- [o-12031-exec-10] order.service.OrderServiceImpl           : [PYTHIA_FINE_TRACE] service=ts-order-service stage=service_create latency_ms=105
2026-03-11 16:25:04.124  INFO 1 --- [o-12031-exec-10] order.controller.OrderController         : [PYTHIA_FINE_TRACE] service=ts-order-service endpoint=createOrder latency_ms=105
2026-03-11 16:25:04.475  INFO 1 --- [io-12031-exec-1] order.service.OrderServiceImpl           : [PYTHIA_FINE_TRACE] service=ts-order-service stage=service_create latency_ms=51
2026-03-11 16:25:04.475  INFO 1 --- [io-12031-exec-1] order.controller.OrderController         : [PYTHIA_FINE_TRACE] service=ts-order-service endpoint=createOrder latency_ms=52
2026-03-11 16:25:04.856  INFO 1 --- [io-12031-exec-2] order.service.OrderServiceImpl           : [PYTHIA_FINE_TRACE] service=ts-order-service stage=service_create latency_ms=61
2026-03-11 16:25:04.856  INFO 1 --- [io-12031-exec-2] order.controller.OrderController         : [PYTHIA_FINE_TRACE] service=ts-order-service endpoint=createOrder latency_ms=61
2026-03-11 16:25:05.345  INFO 1 --- [io-12031-exec-4] order.service.OrderServiceImpl           : [PYTHIA_FINE_TRACE] service=ts-order-service stage=service_create latency_ms=62
2026-03-11 16:25:05.345  INFO 1 --- [io-12031-exec-4] order.controller.OrderController         : [PYTHIA_FINE_TRACE] service=ts-order-service endpoint=createOrder latency_ms=62
2026-03-11 16:25:05.672  INFO 1 --- [io-12031-exec-5] order.service.OrderServiceImpl           : [PYTHIA_FINE_TRACE] service=ts-order-service stage=service_create latency_ms=53
2026-03-11 16:25:05.672  INFO 1 --- [io-12031-exec-5] order.controller.OrderController         : [PYTHIA_FINE_TRACE] service=ts-order-service endpoint=createOrder latency_ms=53
2026-03-11 16:25:06.031  INFO 1 --- [io-12031-exec-3] order.service.OrderServiceImpl           : [PYTHIA_FINE_TRACE] service=ts-order-service stage=service_create latency_ms=50
2026-03-11 16:25:06.031  INFO 1 --- [io-12031-exec-3] order.controller.OrderController         : [PYTHIA_FINE_TRACE] service=ts-order-service endpoint=createOrder latency_ms=50
2026-03-11 16:25:06.413  INFO 1 --- [io-12031-exec-7] order.service.OrderServiceImpl           : [PYTHIA_FINE_TRACE] service=ts-order-service stage=service_create latency_ms=87
2026-03-11 16:25:06.413  INFO 1 --- [io-12031-exec-7] order.controller.OrderController         : [PYTHIA_FINE_TRACE] service=ts-order-service endpoint=createOrder latency_ms=87
2026-03-11 16:25:06.812  INFO 1 --- [io-12031-exec-6] order.service.OrderServiceImpl           : [PYTHIA_FINE_TRACE] service=ts-order-service stage=service_create latency_ms=87
2026-03-11 16:25:06.812  INFO 1 --- [io-12031-exec-6] order.controller.OrderController         : [PYTHIA_FINE_TRACE] service=ts-order-service endpoint=createOrder latency_ms=87
2026-03-11 16:25:07.176  INFO 1 --- [io-12031-exec-8] order.service.OrderServiceImpl           : [PYTHIA_FINE_TRACE] service=ts-order-service stage=service_create latency_ms=52
2026-03-11 16:25:07.176  INFO 1 --- [io-12031-exec-8] order.controller.OrderController         : [PYTHIA_FINE_TRACE] service=ts-order-service endpoint=createOrder latency_ms=52
2026-03-11 16:25:07.609  INFO 1 --- [io-12031-exec-9] order.service.OrderServiceImpl           : [PYTHIA_FINE_TRACE] service=ts-order-service stage=service_create latency_ms=93
2026-03-11 16:25:07.609  INFO 1 --- [io-12031-exec-9] order.controller.OrderController         : [PYTHIA_FINE_TRACE] service=ts-order-service endpoint=createOrder latency_ms=93
2026-03-11 16:25:08.012  INFO 1 --- [o-12031-exec-10] order.service.OrderServiceImpl           : [PYTHIA_FINE_TRACE] service=ts-order-service stage=service_create latency_ms=90
2026-03-11 16:25:08.012  INFO 1 --- [o-12031-exec-10] order.controller.OrderController         : [PYTHIA_FINE_TRACE] service=ts-order-service endpoint=createOrder latency_ms=90
2026-03-11 16:25:08.411  INFO 1 --- [io-12031-exec-1] order.service.OrderServiceImpl           : [PYTHIA_FINE_TRACE] service=ts-order-service stage=service_create latency_ms=88
2026-03-11 16:25:08.411  INFO 1 --- [io-12031-exec-1] order.controller.OrderController         : [PYTHIA_FINE_TRACE] service=ts-order-service endpoint=createOrder latency_ms=88
2026-03-11 16:25:08.778  INFO 1 --- [io-12031-exec-2] order.service.OrderServiceImpl           : [PYTHIA_FINE_TRACE] service=ts-order-service stage=service_create latency_ms=52
2026-03-11 16:25:08.778  INFO 1 --- [io-12031-exec-2] order.controller.OrderController         : [PYTHIA_FINE_TRACE] service=ts-order-service endpoint=createOrder latency_ms=52
2026-03-11 16:25:09.209  INFO 1 --- [io-12031-exec-4] order.service.OrderServiceImpl           : [PYTHIA_FINE_TRACE] service=ts-order-service stage=service_create latency_ms=96
2026-03-11 16:25:09.209  INFO 1 --- [io-12031-exec-4] order.controller.OrderController         : [PYTHIA_FINE_TRACE] service=ts-order-service endpoint=createOrder latency_ms=96
2026-03-11 16:25:09.612  INFO 1 --- [io-12031-exec-5] order.service.OrderServiceImpl           : [PYTHIA_FINE_TRACE] service=ts-order-service stage=service_create latency_ms=90
2026-03-11 16:25:09.612  INFO 1 --- [io-12031-exec-5] order.controller.OrderController         : [PYTHIA_FINE_TRACE] service=ts-order-service endpoint=createOrder latency_ms=90
2026-03-11 16:25:10.013  INFO 1 --- [io-12031-exec-3] order.service.OrderServiceImpl           : [PYTHIA_FINE_TRACE] service=ts-order-service stage=service_create latency_ms=96
2026-03-11 16:25:10.013  INFO 1 --- [io-12031-exec-3] order.controller.OrderController         : [PYTHIA_FINE_TRACE] service=ts-order-service endpoint=createOrder latency_ms=96
2026-03-11 16:25:10.371  INFO 1 --- [io-12031-exec-7] order.service.OrderServiceImpl           : [PYTHIA_FINE_TRACE] service=ts-order-service stage=service_create latency_ms=52
2026-03-11 16:25:10.371  INFO 1 --- [io-12031-exec-7] order.controller.OrderController         : [PYTHIA_FINE_TRACE] service=ts-order-service endpoint=createOrder latency_ms=52
2026-03-11 16:25:10.811  INFO 1 --- [io-12031-exec-6] order.service.OrderServiceImpl           : [PYTHIA_FINE_TRACE] service=ts-order-service stage=service_create latency_ms=96
2026-03-11 16:25:10.811  INFO 1 --- [io-12031-exec-6] order.controller.OrderController         : [PYTHIA_FINE_TRACE] service=ts-order-service endpoint=createOrder latency_ms=96
2026-03-11 16:25:11.241  INFO 1 --- [io-12031-exec-8] order.service.OrderServiceImpl           : [PYTHIA_FINE_TRACE] service=ts-order-service stage=service_create latency_ms=61
2026-03-11 16:25:11.241  INFO 1 --- [io-12031-exec-8] order.controller.OrderController         : [PYTHIA_FINE_TRACE] service=ts-order-service endpoint=createOrder latency_ms=61
2026-03-11 16:25:11.614  INFO 1 --- [io-12031-exec-9] order.service.OrderServiceImpl           : [PYTHIA_FINE_TRACE] service=ts-order-service stage=service_create latency_ms=87
2026-03-11 16:25:11.614  INFO 1 --- [io-12031-exec-9] order.controller.OrderController         : [PYTHIA_FINE_TRACE] service=ts-order-service endpoint=createOrder latency_ms=88
2026-03-11 16:25:12.028  INFO 1 --- [o-12031-exec-10] order.service.OrderServiceImpl           : [PYTHIA_FINE_TRACE] service=ts-order-service stage=service_create latency_ms=104
2026-03-11 16:25:12.028  INFO 1 --- [o-12031-exec-10] order.controller.OrderController         : [PYTHIA_FINE_TRACE] service=ts-order-service endpoint=createOrder latency_ms=104
2026-03-11 16:25:12.414  INFO 1 --- [io-12031-exec-2] order.service.OrderServiceImpl           : [PYTHIA_FINE_TRACE] service=ts-order-service stage=service_create latency_ms=75
2026-03-11 16:25:12.414  INFO 1 --- [io-12031-exec-2] order.controller.OrderController         : [PYTHIA_FINE_TRACE] service=ts-order-service endpoint=createOrder latency_ms=76
2026-03-11 16:25:12.813  INFO 1 --- [io-12031-exec-4] order.service.OrderServiceImpl           : [PYTHIA_FINE_TRACE] service=ts-order-service stage=service_create latency_ms=87
2026-03-11 16:25:12.813  INFO 1 --- [io-12031-exec-4] order.controller.OrderController         : [PYTHIA_FINE_TRACE] service=ts-order-service endpoint=createOrder latency_ms=87
2026-03-11 16:25:13.218  INFO 1 --- [io-12031-exec-5] order.service.OrderServiceImpl           : [PYTHIA_FINE_TRACE] service=ts-order-service stage=service_create latency_ms=91
2026-03-11 16:25:13.218  INFO 1 --- [io-12031-exec-5] order.controller.OrderController         : [PYTHIA_FINE_TRACE] service=ts-order-service endpoint=createOrder latency_ms=91
2026-03-11 16:25:13.602  INFO 1 --- [io-12031-exec-3] order.service.OrderServiceImpl           : [PYTHIA_FINE_TRACE] service=ts-order-service stage=service_create latency_ms=80
2026-03-11 16:25:13.602  INFO 1 --- [io-12031-exec-3] order.controller.OrderController         : [PYTHIA_FINE_TRACE] service=ts-order-service endpoint=createOrder latency_ms=80
2026-03-11 16:25:14.010  INFO 1 --- [io-12031-exec-7] order.service.OrderServiceImpl           : [PYTHIA_FINE_TRACE] service=ts-order-service stage=service_create latency_ms=94
2026-03-11 16:25:14.010  INFO 1 --- [io-12031-exec-7] order.controller.OrderController         : [PYTHIA_FINE_TRACE] service=ts-order-service endpoint=createOrder latency_ms=94
2026-03-11 16:25:14.418  INFO 1 --- [io-12031-exec-6] order.service.OrderServiceImpl           : [PYTHIA_FINE_TRACE] service=ts-order-service stage=service_create latency_ms=91
2026-03-11 16:25:14.418  INFO 1 --- [io-12031-exec-6] order.controller.OrderController         : [PYTHIA_FINE_TRACE] service=ts-order-service endpoint=createOrder latency_ms=92
2026-03-11 16:25:14.844  INFO 1 --- [io-12031-exec-8] order.service.OrderServiceImpl           : [PYTHIA_FINE_TRACE] service=ts-order-service stage=service_create latency_ms=64
2026-03-11 16:25:14.844  INFO 1 --- [io-12031-exec-8] order.controller.OrderController         : [PYTHIA_FINE_TRACE] service=ts-order-service endpoint=createOrder latency_ms=64
2026-03-11 16:25:15.228  INFO 1 --- [io-12031-exec-9] order.service.OrderServiceImpl           : [PYTHIA_FINE_TRACE] service=ts-order-service stage=service_create latency_ms=67
2026-03-11 16:25:15.228  INFO 1 --- [io-12031-exec-9] order.controller.OrderController         : [PYTHIA_FINE_TRACE] service=ts-order-service endpoint=createOrder latency_ms=68
2026-03-11 16:25:15.605  INFO 1 --- [io-12031-exec-1] order.service.OrderServiceImpl           : [PYTHIA_FINE_TRACE] service=ts-order-service stage=service_create latency_ms=81
2026-03-11 16:25:15.605  INFO 1 --- [io-12031-exec-1] order.controller.OrderController         : [PYTHIA_FINE_TRACE] service=ts-order-service endpoint=createOrder latency_ms=81
2026-03-11 16:25:16.019  INFO 1 --- [o-12031-exec-10] order.service.OrderServiceImpl           : [PYTHIA_FINE_TRACE] service=ts-order-service stage=service_create latency_ms=99
2026-03-11 16:25:16.019  INFO 1 --- [o-12031-exec-10] order.controller.OrderController         : [PYTHIA_FINE_TRACE] service=ts-order-service endpoint=createOrder latency_ms=99
2026-03-11 16:25:16.507  INFO 1 --- [io-12031-exec-2] order.service.OrderServiceImpl           : [PYTHIA_FINE_TRACE] service=ts-order-service stage=service_create latency_ms=121
2026-03-11 16:25:16.507  INFO 1 --- [io-12031-exec-2] order.controller.OrderController         : [PYTHIA_FINE_TRACE] service=ts-order-service endpoint=createOrder latency_ms=121
2026-03-11 16:25:17.428  INFO 1 --- [io-12031-exec-4] order.service.OrderServiceImpl           : [PYTHIA_FINE_TRACE] service=ts-order-service stage=service_create latency_ms=542
2026-03-11 16:25:17.428  INFO 1 --- [io-12031-exec-4] order.controller.OrderController         : [PYTHIA_FINE_TRACE] service=ts-order-service endpoint=createOrder latency_ms=542
2026-03-11 16:25:17.802  INFO 1 --- [io-12031-exec-5] order.service.OrderServiceImpl           : [PYTHIA_FINE_TRACE] service=ts-order-service stage=service_create latency_ms=79
2026-03-11 16:25:17.802  INFO 1 --- [io-12031-exec-5] order.controller.OrderController         : [PYTHIA_FINE_TRACE] service=ts-order-service endpoint=createOrder latency_ms=79
2026-03-11 16:25:18.218  INFO 1 --- [io-12031-exec-3] order.service.OrderServiceImpl           : [PYTHIA_FINE_TRACE] service=ts-order-service stage=service_create latency_ms=103
2026-03-11 16:25:18.218  INFO 1 --- [io-12031-exec-3] order.controller.OrderController         : [PYTHIA_FINE_TRACE] service=ts-order-service endpoint=createOrder latency_ms=103
2026-03-11 16:25:18.611  INFO 1 --- [io-12031-exec-7] order.service.OrderServiceImpl           : [PYTHIA_FINE_TRACE] service=ts-order-service stage=service_create latency_ms=91
2026-03-11 16:25:18.611  INFO 1 --- [io-12031-exec-7] order.controller.OrderController         : [PYTHIA_FINE_TRACE] service=ts-order-service endpoint=createOrder latency_ms=91
2026-03-11 16:25:19.019  INFO 1 --- [io-12031-exec-6] order.service.OrderServiceImpl           : [PYTHIA_FINE_TRACE] service=ts-order-service stage=service_create latency_ms=98
2026-03-11 16:25:19.019  INFO 1 --- [io-12031-exec-6] order.controller.OrderController         : [PYTHIA_FINE_TRACE] service=ts-order-service endpoint=createOrder latency_ms=98
2026-03-11 16:25:19.372  INFO 1 --- [io-12031-exec-8] order.service.OrderServiceImpl           : [PYTHIA_FINE_TRACE] service=ts-order-service stage=service_create latency_ms=52
2026-03-11 16:25:19.372  INFO 1 --- [io-12031-exec-8] order.controller.OrderController         : [PYTHIA_FINE_TRACE] service=ts-order-service endpoint=createOrder latency_ms=52
2026-03-11 16:25:19.748  INFO 1 --- [io-12031-exec-9] order.service.OrderServiceImpl           : [PYTHIA_FINE_TRACE] service=ts-order-service stage=service_create latency_ms=61
2026-03-11 16:25:19.748  INFO 1 --- [io-12031-exec-9] order.controller.OrderController         : [PYTHIA_FINE_TRACE] service=ts-order-service endpoint=createOrder latency_ms=61
2026-03-11 16:25:20.111  INFO 1 --- [io-12031-exec-1] order.service.OrderServiceImpl           : [PYTHIA_FINE_TRACE] service=ts-order-service stage=service_create latency_ms=91
2026-03-11 16:25:20.111  INFO 1 --- [io-12031-exec-1] order.controller.OrderController         : [PYTHIA_FINE_TRACE] service=ts-order-service endpoint=createOrder latency_ms=91
2026-03-11 16:25:20.517  INFO 1 --- [o-12031-exec-10] order.service.OrderServiceImpl           : [PYTHIA_FINE_TRACE] service=ts-order-service stage=service_create latency_ms=92
2026-03-11 16:25:20.517  INFO 1 --- [o-12031-exec-10] order.controller.OrderController         : [PYTHIA_FINE_TRACE] service=ts-order-service endpoint=createOrder latency_ms=93
2026-03-11 16:25:20.872  INFO 1 --- [io-12031-exec-2] order.service.OrderServiceImpl           : [PYTHIA_FINE_TRACE] service=ts-order-service stage=service_create latency_ms=52
2026-03-11 16:25:20.872  INFO 1 --- [io-12031-exec-2] order.controller.OrderController         : [PYTHIA_FINE_TRACE] service=ts-order-service endpoint=createOrder latency_ms=52
2026-03-11 16:25:21.255  INFO 1 --- [io-12031-exec-4] order.service.OrderServiceImpl           : [PYTHIA_FINE_TRACE] service=ts-order-service stage=service_create latency_ms=58
2026-03-11 16:25:21.255  INFO 1 --- [io-12031-exec-4] order.controller.OrderController         : [PYTHIA_FINE_TRACE] service=ts-order-service endpoint=createOrder latency_ms=58
2026-03-11 16:25:21.716  INFO 1 --- [io-12031-exec-5] order.service.OrderServiceImpl           : [PYTHIA_FINE_TRACE] service=ts-order-service stage=service_create latency_ms=97
2026-03-11 16:25:21.716  INFO 1 --- [io-12031-exec-5] order.controller.OrderController         : [PYTHIA_FINE_TRACE] service=ts-order-service endpoint=createOrder latency_ms=97
2026-03-11 16:25:22.120  INFO 1 --- [io-12031-exec-7] order.service.OrderServiceImpl           : [PYTHIA_FINE_TRACE] service=ts-order-service stage=service_create latency_ms=95
2026-03-11 16:25:22.120  INFO 1 --- [io-12031-exec-7] order.controller.OrderController         : [PYTHIA_FINE_TRACE] service=ts-order-service endpoint=createOrder latency_ms=95
2026-03-11 16:25:22.479  INFO 1 --- [io-12031-exec-6] order.service.OrderServiceImpl           : [PYTHIA_FINE_TRACE] service=ts-order-service stage=service_create latency_ms=50
2026-03-11 16:25:22.479  INFO 1 --- [io-12031-exec-6] order.controller.OrderController         : [PYTHIA_FINE_TRACE] service=ts-order-service endpoint=createOrder latency_ms=50
2026-03-11 16:25:22.909  INFO 1 --- [io-12031-exec-8] order.service.OrderServiceImpl           : [PYTHIA_FINE_TRACE] service=ts-order-service stage=service_create latency_ms=95
2026-03-11 16:25:22.909  INFO 1 --- [io-12031-exec-8] order.controller.OrderController         : [PYTHIA_FINE_TRACE] service=ts-order-service endpoint=createOrder latency_ms=95
2026-03-11 16:25:23.318  INFO 1 --- [io-12031-exec-9] order.service.OrderServiceImpl           : [PYTHIA_FINE_TRACE] service=ts-order-service stage=service_create latency_ms=97
2026-03-11 16:25:23.318  INFO 1 --- [io-12031-exec-9] order.controller.OrderController         : [PYTHIA_FINE_TRACE] service=ts-order-service endpoint=createOrder latency_ms=97
2026-03-11 16:25:23.719  INFO 1 --- [io-12031-exec-1] order.service.OrderServiceImpl           : [PYTHIA_FINE_TRACE] service=ts-order-service stage=service_create latency_ms=96
2026-03-11 16:25:23.719  INFO 1 --- [io-12031-exec-1] order.controller.OrderController         : [PYTHIA_FINE_TRACE] service=ts-order-service endpoint=createOrder latency_ms=96
2026-03-11 16:25:24.075  INFO 1 --- [o-12031-exec-10] order.service.OrderServiceImpl           : [PYTHIA_FINE_TRACE] service=ts-order-service stage=service_create latency_ms=51
2026-03-11 16:25:24.075  INFO 1 --- [o-12031-exec-10] order.controller.OrderController         : [PYTHIA_FINE_TRACE] service=ts-order-service endpoint=createOrder latency_ms=51
2026-03-11 16:25:24.514  INFO 1 --- [io-12031-exec-2] order.service.OrderServiceImpl           : [PYTHIA_FINE_TRACE] service=ts-order-service stage=service_create latency_ms=99
2026-03-11 16:25:24.514  INFO 1 --- [io-12031-exec-2] order.controller.OrderController         : [PYTHIA_FINE_TRACE] service=ts-order-service endpoint=createOrder latency_ms=99
2026-03-11 16:25:24.912  INFO 1 --- [io-12031-exec-4] order.service.OrderServiceImpl           : [PYTHIA_FINE_TRACE] service=ts-order-service stage=service_create latency_ms=89
2026-03-11 16:25:24.912  INFO 1 --- [io-12031-exec-4] order.controller.OrderController         : [PYTHIA_FINE_TRACE] service=ts-order-service endpoint=createOrder latency_ms=89
2026-03-11 16:25:25.317  INFO 1 --- [io-12031-exec-5] order.service.OrderServiceImpl           : [PYTHIA_FINE_TRACE] service=ts-order-service stage=service_create latency_ms=96
2026-03-11 16:25:25.317  INFO 1 --- [io-12031-exec-5] order.controller.OrderController         : [PYTHIA_FINE_TRACE] service=ts-order-service endpoint=createOrder latency_ms=96
2026-03-11 16:25:25.730  INFO 1 --- [io-12031-exec-3] order.service.OrderServiceImpl           : [PYTHIA_FINE_TRACE] service=ts-order-service stage=service_create latency_ms=53
2026-03-11 16:25:25.730  INFO 1 --- [io-12031-exec-3] order.controller.OrderController         : [PYTHIA_FINE_TRACE] service=ts-order-service endpoint=createOrder latency_ms=53
2026-03-11 16:25:26.108  INFO 1 --- [io-12031-exec-7] order.service.OrderServiceImpl           : [PYTHIA_FINE_TRACE] service=ts-order-service stage=service_create latency_ms=83
2026-03-11 16:25:26.108  INFO 1 --- [io-12031-exec-7] order.controller.OrderController         : [PYTHIA_FINE_TRACE] service=ts-order-service endpoint=createOrder latency_ms=83
2026-03-11 16:25:26.512  INFO 1 --- [io-12031-exec-6] order.service.OrderServiceImpl           : [PYTHIA_FINE_TRACE] service=ts-order-service stage=service_create latency_ms=94
2026-03-11 16:25:26.512  INFO 1 --- [io-12031-exec-6] order.controller.OrderController         : [PYTHIA_FINE_TRACE] service=ts-order-service endpoint=createOrder latency_ms=95
2026-03-11 16:25:26.923  INFO 1 --- [io-12031-exec-8] order.service.OrderServiceImpl           : [PYTHIA_FINE_TRACE] service=ts-order-service stage=service_create latency_ms=99
2026-03-11 16:25:26.923  INFO 1 --- [io-12031-exec-8] order.controller.OrderController         : [PYTHIA_FINE_TRACE] service=ts-order-service endpoint=createOrder latency_ms=99
2026-03-11 16:25:27.336  INFO 1 --- [io-12031-exec-9] order.service.OrderServiceImpl           : [PYTHIA_FINE_TRACE] service=ts-order-service stage=service_create latency_ms=57
2026-03-11 16:25:27.336  INFO 1 --- [io-12031-exec-9] order.controller.OrderController         : [PYTHIA_FINE_TRACE] service=ts-order-service endpoint=createOrder latency_ms=57
2026-03-11 16:25:27.844  INFO 1 --- [io-12031-exec-1] order.service.OrderServiceImpl           : [PYTHIA_FINE_TRACE] service=ts-order-service stage=service_create latency_ms=62
2026-03-11 16:25:27.844  INFO 1 --- [io-12031-exec-1] order.controller.OrderController         : [PYTHIA_FINE_TRACE] service=ts-order-service endpoint=createOrder latency_ms=62
2026-03-11 16:25:28.316  INFO 1 --- [o-12031-exec-10] order.service.OrderServiceImpl           : [PYTHIA_FINE_TRACE] service=ts-order-service stage=service_create latency_ms=88
2026-03-11 16:25:28.317  INFO 1 --- [o-12031-exec-10] order.controller.OrderController         : [PYTHIA_FINE_TRACE] service=ts-order-service endpoint=createOrder latency_ms=88
2026-03-11 16:25:28.750  INFO 1 --- [io-12031-exec-2] order.service.OrderServiceImpl           : [PYTHIA_FINE_TRACE] service=ts-order-service stage=service_create latency_ms=67
2026-03-11 16:25:28.750  INFO 1 --- [io-12031-exec-2] order.controller.OrderController         : [PYTHIA_FINE_TRACE] service=ts-order-service endpoint=createOrder latency_ms=67
2026-03-11 16:25:29.108  INFO 1 --- [io-12031-exec-4] order.service.OrderServiceImpl           : [PYTHIA_FINE_TRACE] service=ts-order-service stage=service_create latency_ms=90
2026-03-11 16:25:29.108  INFO 1 --- [io-12031-exec-4] order.controller.OrderController         : [PYTHIA_FINE_TRACE] service=ts-order-service endpoint=createOrder latency_ms=90
2026-03-11 16:25:29.502  INFO 1 --- [io-12031-exec-5] order.service.OrderServiceImpl           : [PYTHIA_FINE_TRACE] service=ts-order-service stage=service_create latency_ms=83
2026-03-11 16:25:29.502  INFO 1 --- [io-12031-exec-5] order.controller.OrderController         : [PYTHIA_FINE_TRACE] service=ts-order-service endpoint=createOrder latency_ms=83
2026-03-11 16:25:29.912  INFO 1 --- [io-12031-exec-3] order.service.OrderServiceImpl           : [PYTHIA_FINE_TRACE] service=ts-order-service stage=service_create latency_ms=95
2026-03-11 16:25:29.912  INFO 1 --- [io-12031-exec-3] order.controller.OrderController         : [PYTHIA_FINE_TRACE] service=ts-order-service endpoint=createOrder latency_ms=95
2026-03-11 16:25:30.319  INFO 1 --- [io-12031-exec-7] order.service.OrderServiceImpl           : [PYTHIA_FINE_TRACE] service=ts-order-service stage=service_create latency_ms=97
2026-03-11 16:25:30.319  INFO 1 --- [io-12031-exec-7] order.controller.OrderController         : [PYTHIA_FINE_TRACE] service=ts-order-service endpoint=createOrder latency_ms=97
2026-03-11 16:25:30.723  INFO 1 --- [io-12031-exec-6] order.service.OrderServiceImpl           : [PYTHIA_FINE_TRACE] service=ts-order-service stage=service_create latency_ms=103
2026-03-11 16:25:30.723  INFO 1 --- [io-12031-exec-6] order.controller.OrderController         : [PYTHIA_FINE_TRACE] service=ts-order-service endpoint=createOrder latency_ms=103
2026-03-11 16:25:31.102  INFO 1 --- [io-12031-exec-8] order.service.OrderServiceImpl           : [PYTHIA_FINE_TRACE] service=ts-order-service stage=service_create latency_ms=80
2026-03-11 16:25:31.102  INFO 1 --- [io-12031-exec-8] order.controller.OrderController         : [PYTHIA_FINE_TRACE] service=ts-order-service endpoint=createOrder latency_ms=80
2026-03-11 16:25:31.513  INFO 1 --- [io-12031-exec-9] order.service.OrderServiceImpl           : [PYTHIA_FINE_TRACE] service=ts-order-service stage=service_create latency_ms=100
2026-03-11 16:25:31.513  INFO 1 --- [io-12031-exec-9] order.controller.OrderController         : [PYTHIA_FINE_TRACE] service=ts-order-service endpoint=createOrder latency_ms=100
2026-03-11 16:25:32.105  INFO 1 --- [io-12031-exec-1] order.service.OrderServiceImpl           : [PYTHIA_FINE_TRACE] service=ts-order-service stage=service_create latency_ms=284
2026-03-11 16:25:32.105  INFO 1 --- [io-12031-exec-1] order.controller.OrderController         : [PYTHIA_FINE_TRACE] service=ts-order-service endpoint=createOrder latency_ms=284
2026-03-11 16:25:32.518  INFO 1 --- [io-12031-exec-2] order.service.OrderServiceImpl           : [PYTHIA_FINE_TRACE] service=ts-order-service stage=service_create latency_ms=96
2026-03-11 16:25:32.518  INFO 1 --- [io-12031-exec-2] order.controller.OrderController         : [PYTHIA_FINE_TRACE] service=ts-order-service endpoint=createOrder latency_ms=96
2026-03-11 16:25:32.871  INFO 1 --- [io-12031-exec-4] order.service.OrderServiceImpl           : [PYTHIA_FINE_TRACE] service=ts-order-service stage=service_create latency_ms=50
2026-03-11 16:25:32.871  INFO 1 --- [io-12031-exec-4] order.controller.OrderController         : [PYTHIA_FINE_TRACE] service=ts-order-service endpoint=createOrder latency_ms=50
2026-03-11 16:25:33.517  INFO 1 --- [io-12031-exec-5] order.service.OrderServiceImpl           : [PYTHIA_FINE_TRACE] service=ts-order-service stage=service_create latency_ms=228
2026-03-11 16:25:33.517  INFO 1 --- [io-12031-exec-5] order.controller.OrderController         : [PYTHIA_FINE_TRACE] service=ts-order-service endpoint=createOrder latency_ms=228
2026-03-11 16:25:33.918  INFO 1 --- [io-12031-exec-3] order.service.OrderServiceImpl           : [PYTHIA_FINE_TRACE] service=ts-order-service stage=service_create latency_ms=99
2026-03-11 16:25:33.918  INFO 1 --- [io-12031-exec-3] order.controller.OrderController         : [PYTHIA_FINE_TRACE] service=ts-order-service endpoint=createOrder latency_ms=99
2026-03-11 16:25:34.316  INFO 1 --- [io-12031-exec-7] order.service.OrderServiceImpl           : [PYTHIA_FINE_TRACE] service=ts-order-service stage=service_create latency_ms=91
2026-03-11 16:25:34.316  INFO 1 --- [io-12031-exec-7] order.controller.OrderController         : [PYTHIA_FINE_TRACE] service=ts-order-service endpoint=createOrder latency_ms=92
2026-03-11 16:25:34.742  INFO 1 --- [io-12031-exec-6] order.service.OrderServiceImpl           : [PYTHIA_FINE_TRACE] service=ts-order-service stage=service_create latency_ms=58
2026-03-11 16:25:34.742  INFO 1 --- [io-12031-exec-6] order.controller.OrderController         : [PYTHIA_FINE_TRACE] service=ts-order-service endpoint=createOrder latency_ms=58
2026-03-11 16:25:35.123  INFO 1 --- [io-12031-exec-8] order.service.OrderServiceImpl           : [PYTHIA_FINE_TRACE] service=ts-order-service stage=service_create latency_ms=100
2026-03-11 16:25:35.123  INFO 1 --- [io-12031-exec-8] order.controller.OrderController         : [PYTHIA_FINE_TRACE] service=ts-order-service endpoint=createOrder latency_ms=100
2026-03-11 16:25:35.542  INFO 1 --- [io-12031-exec-9] order.service.OrderServiceImpl           : [PYTHIA_FINE_TRACE] service=ts-order-service stage=service_create latency_ms=64
2026-03-11 16:25:35.542  INFO 1 --- [io-12031-exec-9] order.controller.OrderController         : [PYTHIA_FINE_TRACE] service=ts-order-service endpoint=createOrder latency_ms=65
2026-03-11 16:25:36.026  INFO 1 --- [o-12031-exec-10] order.service.OrderServiceImpl           : [PYTHIA_FINE_TRACE] service=ts-order-service stage=service_create latency_ms=205
2026-03-11 16:25:36.026  INFO 1 --- [o-12031-exec-10] order.controller.OrderController         : [PYTHIA_FINE_TRACE] service=ts-order-service endpoint=createOrder latency_ms=205
2026-03-11 16:25:36.514  INFO 1 --- [io-12031-exec-1] order.service.OrderServiceImpl           : [PYTHIA_FINE_TRACE] service=ts-order-service stage=service_create latency_ms=192
2026-03-11 16:25:36.514  INFO 1 --- [io-12031-exec-1] order.controller.OrderController         : [PYTHIA_FINE_TRACE] service=ts-order-service endpoint=createOrder latency_ms=192
2026-03-11 16:25:36.947  INFO 1 --- [io-12031-exec-2] order.service.OrderServiceImpl           : [PYTHIA_FINE_TRACE] service=ts-order-service stage=service_create latency_ms=65
2026-03-11 16:25:36.947  INFO 1 --- [io-12031-exec-2] order.controller.OrderController         : [PYTHIA_FINE_TRACE] service=ts-order-service endpoint=createOrder latency_ms=65
2026-03-11 16:25:37.321  INFO 1 --- [io-12031-exec-4] order.service.OrderServiceImpl           : [PYTHIA_FINE_TRACE] service=ts-order-service stage=service_create latency_ms=97
2026-03-11 16:25:37.321  INFO 1 --- [io-12031-exec-4] order.controller.OrderController         : [PYTHIA_FINE_TRACE] service=ts-order-service endpoint=createOrder latency_ms=97
2026-03-11 16:25:37.824  INFO 1 --- [io-12031-exec-5] order.service.OrderServiceImpl           : [PYTHIA_FINE_TRACE] service=ts-order-service stage=service_create latency_ms=198
2026-03-11 16:25:37.824  INFO 1 --- [io-12031-exec-5] order.controller.OrderController         : [PYTHIA_FINE_TRACE] service=ts-order-service endpoint=createOrder latency_ms=198
2026-03-11 16:25:38.202  INFO 1 --- [io-12031-exec-3] order.service.OrderServiceImpl           : [PYTHIA_FINE_TRACE] service=ts-order-service stage=service_create latency_ms=81
2026-03-11 16:25:38.202  INFO 1 --- [io-12031-exec-3] order.controller.OrderController         : [PYTHIA_FINE_TRACE] service=ts-order-service endpoint=createOrder latency_ms=81
2026-03-11 16:25:38.613  INFO 1 --- [io-12031-exec-7] order.service.OrderServiceImpl           : [PYTHIA_FINE_TRACE] service=ts-order-service stage=service_create latency_ms=91
2026-03-11 16:25:38.613  INFO 1 --- [io-12031-exec-7] order.controller.OrderController         : [PYTHIA_FINE_TRACE] service=ts-order-service endpoint=createOrder latency_ms=91
2026-03-11 16:25:39.014  INFO 1 --- [io-12031-exec-6] order.service.OrderServiceImpl           : [PYTHIA_FINE_TRACE] service=ts-order-service stage=service_create latency_ms=91
2026-03-11 16:25:39.015  INFO 1 --- [io-12031-exec-6] order.controller.OrderController         : [PYTHIA_FINE_TRACE] service=ts-order-service endpoint=createOrder latency_ms=92
2026-03-11 16:25:39.447  INFO 1 --- [io-12031-exec-8] order.service.OrderServiceImpl           : [PYTHIA_FINE_TRACE] service=ts-order-service stage=service_create latency_ms=64
2026-03-11 16:25:39.447  INFO 1 --- [io-12031-exec-8] order.controller.OrderController         : [PYTHIA_FINE_TRACE] service=ts-order-service endpoint=createOrder latency_ms=64
2026-03-11 16:25:39.817  INFO 1 --- [io-12031-exec-9] order.service.OrderServiceImpl           : [PYTHIA_FINE_TRACE] service=ts-order-service stage=service_create latency_ms=93
2026-03-11 16:25:39.817  INFO 1 --- [io-12031-exec-9] order.controller.OrderController         : [PYTHIA_FINE_TRACE] service=ts-order-service endpoint=createOrder latency_ms=93
2026-03-11 16:25:40.215  INFO 1 --- [o-12031-exec-10] order.service.OrderServiceImpl           : [PYTHIA_FINE_TRACE] service=ts-order-service stage=service_create latency_ms=91
2026-03-11 16:25:40.215  INFO 1 --- [o-12031-exec-10] order.controller.OrderController         : [PYTHIA_FINE_TRACE] service=ts-order-service endpoint=createOrder latency_ms=91
2026-03-11 16:25:40.626  INFO 1 --- [io-12031-exec-1] order.service.OrderServiceImpl           : [PYTHIA_FINE_TRACE] service=ts-order-service stage=service_create latency_ms=96
2026-03-11 16:25:40.626  INFO 1 --- [io-12031-exec-1] order.controller.OrderController         : [PYTHIA_FINE_TRACE] service=ts-order-service endpoint=createOrder latency_ms=96
2026-03-11 16:25:41.134  INFO 1 --- [io-12031-exec-2] order.service.OrderServiceImpl           : [PYTHIA_FINE_TRACE] service=ts-order-service stage=service_create latency_ms=149
2026-03-11 16:25:41.134  INFO 1 --- [io-12031-exec-2] order.controller.OrderController         : [PYTHIA_FINE_TRACE] service=ts-order-service endpoint=createOrder latency_ms=149
2026-03-11 16:25:41.526  INFO 1 --- [io-12031-exec-4] order.service.OrderServiceImpl           : [PYTHIA_FINE_TRACE] service=ts-order-service stage=service_create latency_ms=103
2026-03-11 16:25:41.526  INFO 1 --- [io-12031-exec-4] order.controller.OrderController         : [PYTHIA_FINE_TRACE] service=ts-order-service endpoint=createOrder latency_ms=103
2026-03-11 16:25:42.046  INFO 1 --- [io-12031-exec-3] order.service.OrderServiceImpl           : [PYTHIA_FINE_TRACE] service=ts-order-service stage=service_create latency_ms=57
2026-03-11 16:25:42.046  INFO 1 --- [io-12031-exec-3] order.controller.OrderController         : [PYTHIA_FINE_TRACE] service=ts-order-service endpoint=createOrder latency_ms=58
2026-03-11 16:25:42.419  INFO 1 --- [io-12031-exec-7] order.service.OrderServiceImpl           : [PYTHIA_FINE_TRACE] service=ts-order-service stage=service_create latency_ms=98
2026-03-11 16:25:42.419  INFO 1 --- [io-12031-exec-7] order.controller.OrderController         : [PYTHIA_FINE_TRACE] service=ts-order-service endpoint=createOrder latency_ms=98
2026-03-11 16:25:42.815  INFO 1 --- [io-12031-exec-6] order.service.OrderServiceImpl           : [PYTHIA_FINE_TRACE] service=ts-order-service stage=service_create latency_ms=92
2026-03-11 16:25:42.815  INFO 1 --- [io-12031-exec-6] order.controller.OrderController         : [PYTHIA_FINE_TRACE] service=ts-order-service endpoint=createOrder latency_ms=92
2026-03-11 16:25:43.217  INFO 1 --- [io-12031-exec-8] order.service.OrderServiceImpl           : [PYTHIA_FINE_TRACE] service=ts-order-service stage=service_create latency_ms=94
2026-03-11 16:25:43.217  INFO 1 --- [io-12031-exec-8] order.controller.OrderController         : [PYTHIA_FINE_TRACE] service=ts-order-service endpoint=createOrder latency_ms=94
2026-03-11 16:25:43.602  INFO 1 --- [io-12031-exec-9] order.service.OrderServiceImpl           : [PYTHIA_FINE_TRACE] service=ts-order-service stage=service_create latency_ms=76
2026-03-11 16:25:43.602  INFO 1 --- [io-12031-exec-9] order.controller.OrderController         : [PYTHIA_FINE_TRACE] service=ts-order-service endpoint=createOrder latency_ms=76
2026-03-11 16:25:44.015  INFO 1 --- [o-12031-exec-10] order.service.OrderServiceImpl           : [PYTHIA_FINE_TRACE] service=ts-order-service stage=service_create latency_ms=92
2026-03-11 16:25:44.015  INFO 1 --- [o-12031-exec-10] order.controller.OrderController         : [PYTHIA_FINE_TRACE] service=ts-order-service endpoint=createOrder latency_ms=93
2026-03-11 16:25:44.455  INFO 1 --- [io-12031-exec-1] order.service.OrderServiceImpl           : [PYTHIA_FINE_TRACE] service=ts-order-service stage=service_create latency_ms=63
2026-03-11 16:25:44.455  INFO 1 --- [io-12031-exec-1] order.controller.OrderController         : [PYTHIA_FINE_TRACE] service=ts-order-service endpoint=createOrder latency_ms=63
2026-03-11 16:25:44.822  INFO 1 --- [io-12031-exec-2] order.service.OrderServiceImpl           : [PYTHIA_FINE_TRACE] service=ts-order-service stage=service_create latency_ms=95
2026-03-11 16:25:44.822  INFO 1 --- [io-12031-exec-2] order.controller.OrderController         : [PYTHIA_FINE_TRACE] service=ts-order-service endpoint=createOrder latency_ms=95
2026-03-11 16:25:45.213  INFO 1 --- [io-12031-exec-4] order.service.OrderServiceImpl           : [PYTHIA_FINE_TRACE] service=ts-order-service stage=service_create latency_ms=92
2026-03-11 16:25:45.213  INFO 1 --- [io-12031-exec-4] order.controller.OrderController         : [PYTHIA_FINE_TRACE] service=ts-order-service endpoint=createOrder latency_ms=92
2026-03-11 16:25:45.610  INFO 1 --- [io-12031-exec-5] order.service.OrderServiceImpl           : [PYTHIA_FINE_TRACE] service=ts-order-service stage=service_create latency_ms=87
2026-03-11 16:25:45.610  INFO 1 --- [io-12031-exec-5] order.controller.OrderController         : [PYTHIA_FINE_TRACE] service=ts-order-service endpoint=createOrder latency_ms=87
2026-03-11 16:25:46.019  INFO 1 --- [io-12031-exec-3] order.service.OrderServiceImpl           : [PYTHIA_FINE_TRACE] service=ts-order-service stage=service_create latency_ms=95
2026-03-11 16:25:46.019  INFO 1 --- [io-12031-exec-3] order.controller.OrderController         : [PYTHIA_FINE_TRACE] service=ts-order-service endpoint=createOrder latency_ms=95
2026-03-11 16:25:46.414  INFO 1 --- [io-12031-exec-7] order.service.OrderServiceImpl           : [PYTHIA_FINE_TRACE] service=ts-order-service stage=service_create latency_ms=90
2026-03-11 16:25:46.414  INFO 1 --- [io-12031-exec-7] order.controller.OrderController         : [PYTHIA_FINE_TRACE] service=ts-order-service endpoint=createOrder latency_ms=90
2026-03-11 16:25:46.828  INFO 1 --- [io-12031-exec-6] order.service.OrderServiceImpl           : [PYTHIA_FINE_TRACE] service=ts-order-service stage=service_create latency_ms=107
2026-03-11 16:25:46.828  INFO 1 --- [io-12031-exec-6] order.controller.OrderController         : [PYTHIA_FINE_TRACE] service=ts-order-service endpoint=createOrder latency_ms=107
2026-03-11 16:25:47.231  INFO 1 --- [io-12031-exec-8] order.service.OrderServiceImpl           : [PYTHIA_FINE_TRACE] service=ts-order-service stage=service_create latency_ms=53
2026-03-11 16:25:47.231  INFO 1 --- [io-12031-exec-8] order.controller.OrderController         : [PYTHIA_FINE_TRACE] service=ts-order-service endpoint=createOrder latency_ms=53
2026-03-11 16:25:47.614  INFO 1 --- [io-12031-exec-9] order.service.OrderServiceImpl           : [PYTHIA_FINE_TRACE] service=ts-order-service stage=service_create latency_ms=89
2026-03-11 16:25:47.614  INFO 1 --- [io-12031-exec-9] order.controller.OrderController         : [PYTHIA_FINE_TRACE] service=ts-order-service endpoint=createOrder latency_ms=90
2026-03-11 16:25:48.018  INFO 1 --- [o-12031-exec-10] order.service.OrderServiceImpl           : [PYTHIA_FINE_TRACE] service=ts-order-service stage=service_create latency_ms=90
2026-03-11 16:25:48.018  INFO 1 --- [o-12031-exec-10] order.controller.OrderController         : [PYTHIA_FINE_TRACE] service=ts-order-service endpoint=createOrder latency_ms=90
2026-03-11 16:25:48.425  INFO 1 --- [io-12031-exec-1] order.service.OrderServiceImpl           : [PYTHIA_FINE_TRACE] service=ts-order-service stage=service_create latency_ms=102
2026-03-11 16:25:48.425  INFO 1 --- [io-12031-exec-1] order.controller.OrderController         : [PYTHIA_FINE_TRACE] service=ts-order-service endpoint=createOrder latency_ms=102
2026-03-11 16:25:48.839  INFO 1 --- [io-12031-exec-2] order.service.OrderServiceImpl           : [PYTHIA_FINE_TRACE] service=ts-order-service stage=service_create latency_ms=62
2026-03-11 16:25:48.839  INFO 1 --- [io-12031-exec-2] order.controller.OrderController         : [PYTHIA_FINE_TRACE] service=ts-order-service endpoint=createOrder latency_ms=62
2026-03-11 16:25:49.218  INFO 1 --- [io-12031-exec-4] order.service.OrderServiceImpl           : [PYTHIA_FINE_TRACE] service=ts-order-service stage=service_create latency_ms=96
2026-03-11 16:25:49.218  INFO 1 --- [io-12031-exec-4] order.controller.OrderController         : [PYTHIA_FINE_TRACE] service=ts-order-service endpoint=createOrder latency_ms=96
2026-03-11 16:25:49.626  INFO 1 --- [io-12031-exec-5] order.service.OrderServiceImpl           : [PYTHIA_FINE_TRACE] service=ts-order-service stage=service_create latency_ms=101
2026-03-11 16:25:49.626  INFO 1 --- [io-12031-exec-5] order.controller.OrderController         : [PYTHIA_FINE_TRACE] service=ts-order-service endpoint=createOrder latency_ms=101
2026-03-11 16:25:50.051  INFO 1 --- [io-12031-exec-3] order.service.OrderServiceImpl           : [PYTHIA_FINE_TRACE] service=ts-order-service stage=service_create latency_ms=70
2026-03-11 16:25:50.051  INFO 1 --- [io-12031-exec-3] order.controller.OrderController         : [PYTHIA_FINE_TRACE] service=ts-order-service endpoint=createOrder latency_ms=70
2026-03-11 16:25:50.445  INFO 1 --- [io-12031-exec-7] order.service.OrderServiceImpl           : [PYTHIA_FINE_TRACE] service=ts-order-service stage=service_create latency_ms=57
2026-03-11 16:25:50.445  INFO 1 --- [io-12031-exec-7] order.controller.OrderController         : [PYTHIA_FINE_TRACE] service=ts-order-service endpoint=createOrder latency_ms=57
2026-03-11 16:25:50.814  INFO 1 --- [io-12031-exec-6] order.service.OrderServiceImpl           : [PYTHIA_FINE_TRACE] service=ts-order-service stage=service_create latency_ms=88
2026-03-11 16:25:50.814  INFO 1 --- [io-12031-exec-6] order.controller.OrderController         : [PYTHIA_FINE_TRACE] service=ts-order-service endpoint=createOrder latency_ms=88
2026-03-11 16:25:51.213  INFO 1 --- [io-12031-exec-8] order.service.OrderServiceImpl           : [PYTHIA_FINE_TRACE] service=ts-order-service stage=service_create latency_ms=92
2026-03-11 16:25:51.213  INFO 1 --- [io-12031-exec-8] order.controller.OrderController         : [PYTHIA_FINE_TRACE] service=ts-order-service endpoint=createOrder latency_ms=92
2026-03-11 16:25:51.615  INFO 1 --- [io-12031-exec-9] order.service.OrderServiceImpl           : [PYTHIA_FINE_TRACE] service=ts-order-service stage=service_create latency_ms=92
2026-03-11 16:25:51.615  INFO 1 --- [io-12031-exec-9] order.controller.OrderController         : [PYTHIA_FINE_TRACE] service=ts-order-service endpoint=createOrder latency_ms=92
2026-03-11 16:25:52.027  INFO 1 --- [o-12031-exec-10] order.service.OrderServiceImpl           : [PYTHIA_FINE_TRACE] service=ts-order-service stage=service_create latency_ms=100
2026-03-11 16:25:52.027  INFO 1 --- [o-12031-exec-10] order.controller.OrderController         : [PYTHIA_FINE_TRACE] service=ts-order-service endpoint=createOrder latency_ms=100
2026-03-11 16:25:52.382  INFO 1 --- [io-12031-exec-2] order.service.OrderServiceImpl           : [PYTHIA_FINE_TRACE] service=ts-order-service stage=service_create latency_ms=54
2026-03-11 16:25:52.382  INFO 1 --- [io-12031-exec-2] order.controller.OrderController         : [PYTHIA_FINE_TRACE] service=ts-order-service endpoint=createOrder latency_ms=54
2026-03-11 16:25:52.809  INFO 1 --- [io-12031-exec-4] order.service.OrderServiceImpl           : [PYTHIA_FINE_TRACE] service=ts-order-service stage=service_create latency_ms=111
2026-03-11 16:25:52.809  INFO 1 --- [io-12031-exec-4] order.controller.OrderController         : [PYTHIA_FINE_TRACE] service=ts-order-service endpoint=createOrder latency_ms=111
2026-03-11 16:25:53.218  INFO 1 --- [io-12031-exec-5] order.service.OrderServiceImpl           : [PYTHIA_FINE_TRACE] service=ts-order-service stage=service_create latency_ms=81
2026-03-11 16:25:53.219  INFO 1 --- [io-12031-exec-5] order.controller.OrderController         : [PYTHIA_FINE_TRACE] service=ts-order-service endpoint=createOrder latency_ms=82
2026-03-11 16:25:53.619  INFO 1 --- [io-12031-exec-3] order.service.OrderServiceImpl           : [PYTHIA_FINE_TRACE] service=ts-order-service stage=service_create latency_ms=91
2026-03-11 16:25:53.619  INFO 1 --- [io-12031-exec-3] order.controller.OrderController         : [PYTHIA_FINE_TRACE] service=ts-order-service endpoint=createOrder latency_ms=91
2026-03-11 16:25:54.002  INFO 1 --- [io-12031-exec-7] order.service.OrderServiceImpl           : [PYTHIA_FINE_TRACE] service=ts-order-service stage=service_create latency_ms=80
2026-03-11 16:25:54.002  INFO 1 --- [io-12031-exec-7] order.controller.OrderController         : [PYTHIA_FINE_TRACE] service=ts-order-service endpoint=createOrder latency_ms=80
2026-03-11 16:25:54.419  INFO 1 --- [io-12031-exec-6] order.service.OrderServiceImpl           : [PYTHIA_FINE_TRACE] service=ts-order-service stage=service_create latency_ms=90
2026-03-11 16:25:54.419  INFO 1 --- [io-12031-exec-6] order.controller.OrderController         : [PYTHIA_FINE_TRACE] service=ts-order-service endpoint=createOrder latency_ms=90
2026-03-11 16:25:54.906  INFO 1 --- [io-12031-exec-8] order.service.OrderServiceImpl           : [PYTHIA_FINE_TRACE] service=ts-order-service stage=service_create latency_ms=124
2026-03-11 16:25:54.907  INFO 1 --- [io-12031-exec-8] order.controller.OrderController         : [PYTHIA_FINE_TRACE] service=ts-order-service endpoint=createOrder latency_ms=125
2026-03-11 16:25:55.316  INFO 1 --- [io-12031-exec-9] order.service.OrderServiceImpl           : [PYTHIA_FINE_TRACE] service=ts-order-service stage=service_create latency_ms=94
2026-03-11 16:25:55.316  INFO 1 --- [io-12031-exec-9] order.controller.OrderController         : [PYTHIA_FINE_TRACE] service=ts-order-service endpoint=createOrder latency_ms=94
2026-03-11 16:25:55.731  INFO 1 --- [io-12031-exec-1] order.service.OrderServiceImpl           : [PYTHIA_FINE_TRACE] service=ts-order-service stage=service_create latency_ms=53
2026-03-11 16:25:55.732  INFO 1 --- [io-12031-exec-1] order.controller.OrderController         : [PYTHIA_FINE_TRACE] service=ts-order-service endpoint=createOrder latency_ms=54
2026-03-11 16:25:56.202  INFO 1 --- [o-12031-exec-10] order.service.OrderServiceImpl           : [PYTHIA_FINE_TRACE] service=ts-order-service stage=service_create latency_ms=178
2026-03-11 16:25:56.202  INFO 1 --- [o-12031-exec-10] order.controller.OrderController         : [PYTHIA_FINE_TRACE] service=ts-order-service endpoint=createOrder latency_ms=178
2026-03-11 16:25:56.614  INFO 1 --- [io-12031-exec-2] order.service.OrderServiceImpl           : [PYTHIA_FINE_TRACE] service=ts-order-service stage=service_create latency_ms=89
2026-03-11 16:25:56.614  INFO 1 --- [io-12031-exec-2] order.controller.OrderController         : [PYTHIA_FINE_TRACE] service=ts-order-service endpoint=createOrder latency_ms=89
2026-03-11 16:25:57.015  INFO 1 --- [io-12031-exec-4] order.service.OrderServiceImpl           : [PYTHIA_FINE_TRACE] service=ts-order-service stage=service_create latency_ms=92
2026-03-11 16:25:57.015  INFO 1 --- [io-12031-exec-4] order.controller.OrderController         : [PYTHIA_FINE_TRACE] service=ts-order-service endpoint=createOrder latency_ms=92
2026-03-11 16:25:57.451  INFO 1 --- [io-12031-exec-5] order.service.OrderServiceImpl           : [PYTHIA_FINE_TRACE] service=ts-order-service stage=service_create latency_ms=71
2026-03-11 16:25:57.451  INFO 1 --- [io-12031-exec-5] order.controller.OrderController         : [PYTHIA_FINE_TRACE] service=ts-order-service endpoint=createOrder latency_ms=71
2026-03-11 16:25:57.815  INFO 1 --- [io-12031-exec-3] order.service.OrderServiceImpl           : [PYTHIA_FINE_TRACE] service=ts-order-service stage=service_create latency_ms=87
2026-03-11 16:25:57.815  INFO 1 --- [io-12031-exec-3] order.controller.OrderController         : [PYTHIA_FINE_TRACE] service=ts-order-service endpoint=createOrder latency_ms=87
2026-03-11 16:25:58.214  INFO 1 --- [io-12031-exec-7] order.service.OrderServiceImpl           : [PYTHIA_FINE_TRACE] service=ts-order-service stage=service_create latency_ms=92
2026-03-11 16:25:58.214  INFO 1 --- [io-12031-exec-7] order.controller.OrderController         : [PYTHIA_FINE_TRACE] service=ts-order-service endpoint=createOrder latency_ms=92
2026-03-11 16:25:58.623  INFO 1 --- [io-12031-exec-6] order.service.OrderServiceImpl           : [PYTHIA_FINE_TRACE] service=ts-order-service stage=service_create latency_ms=100
2026-03-11 16:25:58.623  INFO 1 --- [io-12031-exec-6] order.controller.OrderController         : [PYTHIA_FINE_TRACE] service=ts-order-service endpoint=createOrder latency_ms=100
2026-03-11 16:25:59.046  INFO 1 --- [io-12031-exec-8] order.service.OrderServiceImpl           : [PYTHIA_FINE_TRACE] service=ts-order-service stage=service_create latency_ms=67
2026-03-11 16:25:59.046  INFO 1 --- [io-12031-exec-8] order.controller.OrderController         : [PYTHIA_FINE_TRACE] service=ts-order-service endpoint=createOrder latency_ms=68
2026-03-11 16:25:59.434  INFO 1 --- [io-12031-exec-9] order.service.OrderServiceImpl           : [PYTHIA_FINE_TRACE] service=ts-order-service stage=service_create latency_ms=52
2026-03-11 16:25:59.434  INFO 1 --- [io-12031-exec-9] order.controller.OrderController         : [PYTHIA_FINE_TRACE] service=ts-order-service endpoint=createOrder latency_ms=52
2026-03-11 16:25:59.812  INFO 1 --- [io-12031-exec-1] order.service.OrderServiceImpl           : [PYTHIA_FINE_TRACE] service=ts-order-service stage=service_create latency_ms=83
2026-03-11 16:25:59.812  INFO 1 --- [io-12031-exec-1] order.controller.OrderController         : [PYTHIA_FINE_TRACE] service=ts-order-service endpoint=createOrder latency_ms=83
2026-03-11 16:26:00.215  INFO 1 --- [o-12031-exec-10] order.service.OrderServiceImpl           : [PYTHIA_FINE_TRACE] service=ts-order-service stage=service_create latency_ms=92
2026-03-11 16:26:00.215  INFO 1 --- [o-12031-exec-10] order.controller.OrderController         : [PYTHIA_FINE_TRACE] service=ts-order-service endpoint=createOrder latency_ms=92
2026-03-11 16:26:00.612  INFO 1 --- [io-12031-exec-2] order.service.OrderServiceImpl           : [PYTHIA_FINE_TRACE] service=ts-order-service stage=service_create latency_ms=91
2026-03-11 16:26:00.612  INFO 1 --- [io-12031-exec-2] order.controller.OrderController         : [PYTHIA_FINE_TRACE] service=ts-order-service endpoint=createOrder latency_ms=91
2026-03-11 16:26:01.029  INFO 1 --- [io-12031-exec-4] order.service.OrderServiceImpl           : [PYTHIA_FINE_TRACE] service=ts-order-service stage=service_create latency_ms=106
2026-03-11 16:26:01.029  INFO 1 --- [io-12031-exec-4] order.controller.OrderController         : [PYTHIA_FINE_TRACE] service=ts-order-service endpoint=createOrder latency_ms=106
2026-03-11 16:26:01.402  INFO 1 --- [io-12031-exec-5] order.service.OrderServiceImpl           : [PYTHIA_FINE_TRACE] service=ts-order-service stage=service_create latency_ms=83
2026-03-11 16:26:01.402  INFO 1 --- [io-12031-exec-5] order.controller.OrderController         : [PYTHIA_FINE_TRACE] service=ts-order-service endpoint=createOrder latency_ms=83
2026-03-11 16:26:01.818  INFO 1 --- [io-12031-exec-3] order.service.OrderServiceImpl           : [PYTHIA_FINE_TRACE] service=ts-order-service stage=service_create latency_ms=95
2026-03-11 16:26:01.819  INFO 1 --- [io-12031-exec-3] order.controller.OrderController         : [PYTHIA_FINE_TRACE] service=ts-order-service endpoint=createOrder latency_ms=96
2026-03-11 16:26:02.220  INFO 1 --- [io-12031-exec-6] order.service.OrderServiceImpl           : [PYTHIA_FINE_TRACE] service=ts-order-service stage=service_create latency_ms=92
2026-03-11 16:26:02.220  INFO 1 --- [io-12031-exec-6] order.controller.OrderController         : [PYTHIA_FINE_TRACE] service=ts-order-service endpoint=createOrder latency_ms=92
2026-03-11 16:26:02.709  INFO 1 --- [io-12031-exec-8] order.service.OrderServiceImpl           : [PYTHIA_FINE_TRACE] service=ts-order-service stage=service_create latency_ms=123
2026-03-11 16:26:02.709  INFO 1 --- [io-12031-exec-8] order.controller.OrderController         : [PYTHIA_FINE_TRACE] service=ts-order-service endpoint=createOrder latency_ms=123
2026-03-11 16:26:03.079  INFO 1 --- [io-12031-exec-9] order.service.OrderServiceImpl           : [PYTHIA_FINE_TRACE] service=ts-order-service stage=service_create latency_ms=53
2026-03-11 16:26:03.079  INFO 1 --- [io-12031-exec-9] order.controller.OrderController         : [PYTHIA_FINE_TRACE] service=ts-order-service endpoint=createOrder latency_ms=53
2026-03-11 16:26:03.513  INFO 1 --- [io-12031-exec-1] order.service.OrderServiceImpl           : [PYTHIA_FINE_TRACE] service=ts-order-service stage=service_create latency_ms=85
2026-03-11 16:26:03.513  INFO 1 --- [io-12031-exec-1] order.controller.OrderController         : [PYTHIA_FINE_TRACE] service=ts-order-service endpoint=createOrder latency_ms=85
2026-03-11 16:26:03.916  INFO 1 --- [o-12031-exec-10] order.service.OrderServiceImpl           : [PYTHIA_FINE_TRACE] service=ts-order-service stage=service_create latency_ms=96
2026-03-11 16:26:03.916  INFO 1 --- [o-12031-exec-10] order.controller.OrderController         : [PYTHIA_FINE_TRACE] service=ts-order-service endpoint=createOrder latency_ms=96
2026-03-11 16:26:04.312  INFO 1 --- [io-12031-exec-2] order.service.OrderServiceImpl           : [PYTHIA_FINE_TRACE] service=ts-order-service stage=service_create latency_ms=91
2026-03-11 16:26:04.312  INFO 1 --- [io-12031-exec-2] order.controller.OrderController         : [PYTHIA_FINE_TRACE] service=ts-order-service endpoint=createOrder latency_ms=91
2026-03-11 16:26:04.734  INFO 1 --- [io-12031-exec-4] order.service.OrderServiceImpl           : [PYTHIA_FINE_TRACE] service=ts-order-service stage=service_create latency_ms=104
2026-03-11 16:26:04.734  INFO 1 --- [io-12031-exec-4] order.controller.OrderController         : [PYTHIA_FINE_TRACE] service=ts-order-service endpoint=createOrder latency_ms=104
2026-03-11 16:26:05.102  INFO 1 --- [io-12031-exec-5] order.service.OrderServiceImpl           : [PYTHIA_FINE_TRACE] service=ts-order-service stage=service_create latency_ms=79
2026-03-11 16:26:05.102  INFO 1 --- [io-12031-exec-5] order.controller.OrderController         : [PYTHIA_FINE_TRACE] service=ts-order-service endpoint=createOrder latency_ms=79
2026-03-11 16:26:05.518  INFO 1 --- [io-12031-exec-3] order.service.OrderServiceImpl           : [PYTHIA_FINE_TRACE] service=ts-order-service stage=service_create latency_ms=96
2026-03-11 16:26:05.518  INFO 1 --- [io-12031-exec-3] order.controller.OrderController         : [PYTHIA_FINE_TRACE] service=ts-order-service endpoint=createOrder latency_ms=97
2026-03-11 16:26:05.913  INFO 1 --- [io-12031-exec-7] order.service.OrderServiceImpl           : [PYTHIA_FINE_TRACE] service=ts-order-service stage=service_create latency_ms=92
2026-03-11 16:26:05.913  INFO 1 --- [io-12031-exec-7] order.controller.OrderController         : [PYTHIA_FINE_TRACE] service=ts-order-service endpoint=createOrder latency_ms=92
2026-03-11 16:26:06.319  INFO 1 --- [io-12031-exec-6] order.service.OrderServiceImpl           : [PYTHIA_FINE_TRACE] service=ts-order-service stage=service_create latency_ms=95
2026-03-11 16:26:06.319  INFO 1 --- [io-12031-exec-6] order.controller.OrderController         : [PYTHIA_FINE_TRACE] service=ts-order-service endpoint=createOrder latency_ms=95
2026-03-11 16:26:06.673  INFO 1 --- [io-12031-exec-8] order.service.OrderServiceImpl           : [PYTHIA_FINE_TRACE] service=ts-order-service stage=service_create latency_ms=52
2026-03-11 16:26:06.673  INFO 1 --- [io-12031-exec-8] order.controller.OrderController         : [PYTHIA_FINE_TRACE] service=ts-order-service endpoint=createOrder latency_ms=52
2026-03-11 16:26:07.112  INFO 1 --- [io-12031-exec-9] order.service.OrderServiceImpl           : [PYTHIA_FINE_TRACE] service=ts-order-service stage=service_create latency_ms=113
2026-03-11 16:26:07.112  INFO 1 --- [io-12031-exec-9] order.controller.OrderController         : [PYTHIA_FINE_TRACE] service=ts-order-service endpoint=createOrder latency_ms=113
2026-03-11 16:26:07.518  INFO 1 --- [io-12031-exec-1] order.service.OrderServiceImpl           : [PYTHIA_FINE_TRACE] service=ts-order-service stage=service_create latency_ms=93
2026-03-11 16:26:07.518  INFO 1 --- [io-12031-exec-1] order.controller.OrderController         : [PYTHIA_FINE_TRACE] service=ts-order-service endpoint=createOrder latency_ms=93
2026-03-11 16:26:07.916  INFO 1 --- [o-12031-exec-10] order.service.OrderServiceImpl           : [PYTHIA_FINE_TRACE] service=ts-order-service stage=service_create latency_ms=91
2026-03-11 16:26:07.916  INFO 1 --- [o-12031-exec-10] order.controller.OrderController         : [PYTHIA_FINE_TRACE] service=ts-order-service endpoint=createOrder latency_ms=91
2026-03-11 16:26:08.302  INFO 1 --- [io-12031-exec-2] order.service.OrderServiceImpl           : [PYTHIA_FINE_TRACE] service=ts-order-service stage=service_create latency_ms=79
2026-03-11 16:26:08.302  INFO 1 --- [io-12031-exec-2] order.controller.OrderController         : [PYTHIA_FINE_TRACE] service=ts-order-service endpoint=createOrder latency_ms=79
2026-03-11 16:26:08.740  INFO 1 --- [io-12031-exec-4] order.service.OrderServiceImpl           : [PYTHIA_FINE_TRACE] service=ts-order-service stage=service_create latency_ms=56
2026-03-11 16:26:08.740  INFO 1 --- [io-12031-exec-4] order.controller.OrderController         : [PYTHIA_FINE_TRACE] service=ts-order-service endpoint=createOrder latency_ms=57
2026-03-11 16:26:09.154  INFO 1 --- [io-12031-exec-5] order.service.OrderServiceImpl           : [PYTHIA_FINE_TRACE] service=ts-order-service stage=service_create latency_ms=66
2026-03-11 16:26:09.154  INFO 1 --- [io-12031-exec-5] order.controller.OrderController         : [PYTHIA_FINE_TRACE] service=ts-order-service endpoint=createOrder latency_ms=66
2026-03-11 16:26:09.603  INFO 1 --- [io-12031-exec-3] order.service.OrderServiceImpl           : [PYTHIA_FINE_TRACE] service=ts-order-service stage=service_create latency_ms=174
2026-03-11 16:26:09.603  INFO 1 --- [io-12031-exec-3] order.controller.OrderController         : [PYTHIA_FINE_TRACE] service=ts-order-service endpoint=createOrder latency_ms=174
2026-03-11 16:26:10.027  INFO 1 --- [io-12031-exec-7] order.service.OrderServiceImpl           : [PYTHIA_FINE_TRACE] service=ts-order-service stage=service_create latency_ms=100
2026-03-11 16:26:10.027  INFO 1 --- [io-12031-exec-7] order.controller.OrderController         : [PYTHIA_FINE_TRACE] service=ts-order-service endpoint=createOrder latency_ms=100
2026-03-11 16:26:10.602  INFO 1 --- [io-12031-exec-6] order.service.OrderServiceImpl           : [PYTHIA_FINE_TRACE] service=ts-order-service stage=service_create latency_ms=84
2026-03-11 16:26:10.602  INFO 1 --- [io-12031-exec-6] order.controller.OrderController         : [PYTHIA_FINE_TRACE] service=ts-order-service endpoint=createOrder latency_ms=84
2026-03-11 16:26:11.051  INFO 1 --- [io-12031-exec-8] order.service.OrderServiceImpl           : [PYTHIA_FINE_TRACE] service=ts-order-service stage=service_create latency_ms=68
2026-03-11 16:26:11.052  INFO 1 --- [io-12031-exec-8] order.controller.OrderController         : [PYTHIA_FINE_TRACE] service=ts-order-service endpoint=createOrder latency_ms=69
2026-03-11 16:26:11.616  INFO 1 --- [io-12031-exec-9] order.service.OrderServiceImpl           : [PYTHIA_FINE_TRACE] service=ts-order-service stage=service_create latency_ms=90
2026-03-11 16:26:11.616  INFO 1 --- [io-12031-exec-9] order.controller.OrderController         : [PYTHIA_FINE_TRACE] service=ts-order-service endpoint=createOrder latency_ms=90
2026-03-11 16:26:12.028  INFO 1 --- [io-12031-exec-1] order.service.OrderServiceImpl           : [PYTHIA_FINE_TRACE] service=ts-order-service stage=service_create latency_ms=102
2026-03-11 16:26:12.028  INFO 1 --- [io-12031-exec-1] order.controller.OrderController         : [PYTHIA_FINE_TRACE] service=ts-order-service endpoint=createOrder latency_ms=102
2026-03-11 16:26:12.626  INFO 1 --- [io-12031-exec-2] order.service.OrderServiceImpl           : [PYTHIA_FINE_TRACE] service=ts-order-service stage=service_create latency_ms=129
2026-03-11 16:26:12.626  INFO 1 --- [io-12031-exec-2] order.controller.OrderController         : [PYTHIA_FINE_TRACE] service=ts-order-service endpoint=createOrder latency_ms=129
2026-03-11 16:26:13.007  INFO 1 --- [io-12031-exec-4] order.service.OrderServiceImpl           : [PYTHIA_FINE_TRACE] service=ts-order-service stage=service_create latency_ms=85
2026-03-11 16:26:13.007  INFO 1 --- [io-12031-exec-4] order.controller.OrderController         : [PYTHIA_FINE_TRACE] service=ts-order-service endpoint=createOrder latency_ms=85
2026-03-11 16:26:13.421  INFO 1 --- [io-12031-exec-5] order.service.OrderServiceImpl           : [PYTHIA_FINE_TRACE] service=ts-order-service stage=service_create latency_ms=95
2026-03-11 16:26:13.421  INFO 1 --- [io-12031-exec-5] order.controller.OrderController         : [PYTHIA_FINE_TRACE] service=ts-order-service endpoint=createOrder latency_ms=95
2026-03-11 16:26:13.816  INFO 1 --- [io-12031-exec-3] order.service.OrderServiceImpl           : [PYTHIA_FINE_TRACE] service=ts-order-service stage=service_create latency_ms=90
2026-03-11 16:26:13.816  INFO 1 --- [io-12031-exec-3] order.controller.OrderController         : [PYTHIA_FINE_TRACE] service=ts-order-service endpoint=createOrder latency_ms=90
2026-03-11 16:26:14.217  INFO 1 --- [io-12031-exec-7] order.service.OrderServiceImpl           : [PYTHIA_FINE_TRACE] service=ts-order-service stage=service_create latency_ms=93
2026-03-11 16:26:14.217  INFO 1 --- [io-12031-exec-7] order.controller.OrderController         : [PYTHIA_FINE_TRACE] service=ts-order-service endpoint=createOrder latency_ms=93
2026-03-11 16:26:14.602  INFO 1 --- [io-12031-exec-6] order.service.OrderServiceImpl           : [PYTHIA_FINE_TRACE] service=ts-order-service stage=service_create latency_ms=78
2026-03-11 16:26:14.602  INFO 1 --- [io-12031-exec-6] order.controller.OrderController         : [PYTHIA_FINE_TRACE] service=ts-order-service endpoint=createOrder latency_ms=79
2026-03-11 16:26:15.012  INFO 1 --- [io-12031-exec-8] order.service.OrderServiceImpl           : [PYTHIA_FINE_TRACE] service=ts-order-service stage=service_create latency_ms=88
2026-03-11 16:26:15.012  INFO 1 --- [io-12031-exec-8] order.controller.OrderController         : [PYTHIA_FINE_TRACE] service=ts-order-service endpoint=createOrder latency_ms=89
2026-03-11 16:26:15.421  INFO 1 --- [io-12031-exec-9] order.service.OrderServiceImpl           : [PYTHIA_FINE_TRACE] service=ts-order-service stage=service_create latency_ms=101
2026-03-11 16:26:15.421  INFO 1 --- [io-12031-exec-9] order.controller.OrderController         : [PYTHIA_FINE_TRACE] service=ts-order-service endpoint=createOrder latency_ms=101
2026-03-11 16:26:15.821  INFO 1 --- [o-12031-exec-10] order.service.OrderServiceImpl           : [PYTHIA_FINE_TRACE] service=ts-order-service stage=service_create latency_ms=101
2026-03-11 16:26:15.821  INFO 1 --- [o-12031-exec-10] order.controller.OrderController         : [PYTHIA_FINE_TRACE] service=ts-order-service endpoint=createOrder latency_ms=101
2026-03-11 16:26:16.711  INFO 1 --- [io-12031-exec-1] order.service.OrderServiceImpl           : [PYTHIA_FINE_TRACE] service=ts-order-service stage=service_create latency_ms=589
2026-03-11 16:26:16.711  INFO 1 --- [io-12031-exec-1] order.controller.OrderController         : [PYTHIA_FINE_TRACE] service=ts-order-service endpoint=createOrder latency_ms=589
2026-03-11 16:26:17.102  INFO 1 --- [io-12031-exec-2] order.service.OrderServiceImpl           : [PYTHIA_FINE_TRACE] service=ts-order-service stage=service_create latency_ms=75
2026-03-11 16:26:17.102  INFO 1 --- [io-12031-exec-2] order.controller.OrderController         : [PYTHIA_FINE_TRACE] service=ts-order-service endpoint=createOrder latency_ms=75
2026-03-11 16:26:17.555  INFO 1 --- [io-12031-exec-4] order.service.OrderServiceImpl           : [PYTHIA_FINE_TRACE] service=ts-order-service stage=service_create latency_ms=68
2026-03-11 16:26:17.555  INFO 1 --- [io-12031-exec-4] order.controller.OrderController         : [PYTHIA_FINE_TRACE] service=ts-order-service endpoint=createOrder latency_ms=68
2026-03-11 16:26:17.956  INFO 1 --- [io-12031-exec-5] order.service.OrderServiceImpl           : [PYTHIA_FINE_TRACE] service=ts-order-service stage=service_create latency_ms=68
2026-03-11 16:26:17.956  INFO 1 --- [io-12031-exec-5] order.controller.OrderController         : [PYTHIA_FINE_TRACE] service=ts-order-service endpoint=createOrder latency_ms=68
2026-03-11 16:26:18.419  INFO 1 --- [io-12031-exec-3] order.service.OrderServiceImpl           : [PYTHIA_FINE_TRACE] service=ts-order-service stage=service_create latency_ms=99
2026-03-11 16:26:18.419  INFO 1 --- [io-12031-exec-3] order.controller.OrderController         : [PYTHIA_FINE_TRACE] service=ts-order-service endpoint=createOrder latency_ms=99
2026-03-11 16:26:18.844  INFO 1 --- [io-12031-exec-7] order.service.OrderServiceImpl           : [PYTHIA_FINE_TRACE] service=ts-order-service stage=service_create latency_ms=60
2026-03-11 16:26:18.844  INFO 1 --- [io-12031-exec-7] order.controller.OrderController         : [PYTHIA_FINE_TRACE] service=ts-order-service endpoint=createOrder latency_ms=60
2026-03-11 16:26:19.215  INFO 1 --- [io-12031-exec-6] order.service.OrderServiceImpl           : [PYTHIA_FINE_TRACE] service=ts-order-service stage=service_create latency_ms=94
2026-03-11 16:26:19.215  INFO 1 --- [io-12031-exec-6] order.controller.OrderController         : [PYTHIA_FINE_TRACE] service=ts-order-service endpoint=createOrder latency_ms=94
2026-03-11 16:26:19.615  INFO 1 --- [io-12031-exec-8] order.service.OrderServiceImpl           : [PYTHIA_FINE_TRACE] service=ts-order-service stage=service_create latency_ms=94
2026-03-11 16:26:19.615  INFO 1 --- [io-12031-exec-8] order.controller.OrderController         : [PYTHIA_FINE_TRACE] service=ts-order-service endpoint=createOrder latency_ms=95
2026-03-11 16:26:20.112  INFO 1 --- [io-12031-exec-9] order.service.OrderServiceImpl           : [PYTHIA_FINE_TRACE] service=ts-order-service stage=service_create latency_ms=190
2026-03-11 16:26:20.112  INFO 1 --- [io-12031-exec-9] order.controller.OrderController         : [PYTHIA_FINE_TRACE] service=ts-order-service endpoint=createOrder latency_ms=190
2026-03-11 16:26:20.553  INFO 1 --- [o-12031-exec-10] order.service.OrderServiceImpl           : [PYTHIA_FINE_TRACE] service=ts-order-service stage=service_create latency_ms=73
2026-03-11 16:26:20.553  INFO 1 --- [o-12031-exec-10] order.controller.OrderController         : [PYTHIA_FINE_TRACE] service=ts-order-service endpoint=createOrder latency_ms=73
2026-03-11 16:26:20.902  INFO 1 --- [io-12031-exec-1] order.service.OrderServiceImpl           : [PYTHIA_FINE_TRACE] service=ts-order-service stage=service_create latency_ms=76
2026-03-11 16:26:20.902  INFO 1 --- [io-12031-exec-1] order.controller.OrderController         : [PYTHIA_FINE_TRACE] service=ts-order-service endpoint=createOrder latency_ms=76
2026-03-11 16:26:21.428  INFO 1 --- [io-12031-exec-2] order.service.OrderServiceImpl           : [PYTHIA_FINE_TRACE] service=ts-order-service stage=service_create latency_ms=128
2026-03-11 16:26:21.428  INFO 1 --- [io-12031-exec-2] order.controller.OrderController         : [PYTHIA_FINE_TRACE] service=ts-order-service endpoint=createOrder latency_ms=128
2026-03-11 16:26:21.920  INFO 1 --- [io-12031-exec-4] order.service.OrderServiceImpl           : [PYTHIA_FINE_TRACE] service=ts-order-service stage=service_create latency_ms=115
2026-03-11 16:26:21.920  INFO 1 --- [io-12031-exec-4] order.controller.OrderController         : [PYTHIA_FINE_TRACE] service=ts-order-service endpoint=createOrder latency_ms=115
2026-03-11 16:26:22.323  INFO 1 --- [io-12031-exec-3] order.service.OrderServiceImpl           : [PYTHIA_FINE_TRACE] service=ts-order-service stage=service_create latency_ms=96
2026-03-11 16:26:22.323  INFO 1 --- [io-12031-exec-3] order.controller.OrderController         : [PYTHIA_FINE_TRACE] service=ts-order-service endpoint=createOrder latency_ms=96
2026-03-11 16:26:22.725  INFO 1 --- [io-12031-exec-7] order.service.OrderServiceImpl           : [PYTHIA_FINE_TRACE] service=ts-order-service stage=service_create latency_ms=98
2026-03-11 16:26:22.725  INFO 1 --- [io-12031-exec-7] order.controller.OrderController         : [PYTHIA_FINE_TRACE] service=ts-order-service endpoint=createOrder latency_ms=98
2026-03-11 16:26:23.102  INFO 1 --- [io-12031-exec-6] order.service.OrderServiceImpl           : [PYTHIA_FINE_TRACE] service=ts-order-service stage=service_create latency_ms=77
2026-03-11 16:26:23.102  INFO 1 --- [io-12031-exec-6] order.controller.OrderController         : [PYTHIA_FINE_TRACE] service=ts-order-service endpoint=createOrder latency_ms=77
2026-03-11 16:26:23.514  INFO 1 --- [io-12031-exec-8] order.service.OrderServiceImpl           : [PYTHIA_FINE_TRACE] service=ts-order-service stage=service_create latency_ms=85
2026-03-11 16:26:23.514  INFO 1 --- [io-12031-exec-8] order.controller.OrderController         : [PYTHIA_FINE_TRACE] service=ts-order-service endpoint=createOrder latency_ms=85
2026-03-11 16:26:23.942  INFO 1 --- [io-12031-exec-9] order.service.OrderServiceImpl           : [PYTHIA_FINE_TRACE] service=ts-order-service stage=service_create latency_ms=63
2026-03-11 16:26:23.942  INFO 1 --- [io-12031-exec-9] order.controller.OrderController         : [PYTHIA_FINE_TRACE] service=ts-order-service endpoint=createOrder latency_ms=63
2026-03-11 16:26:24.321  INFO 1 --- [o-12031-exec-10] order.service.OrderServiceImpl           : [PYTHIA_FINE_TRACE] service=ts-order-service stage=service_create latency_ms=97
2026-03-11 16:26:24.321  INFO 1 --- [o-12031-exec-10] order.controller.OrderController         : [PYTHIA_FINE_TRACE] service=ts-order-service endpoint=createOrder latency_ms=97
2026-03-11 16:26:24.708  INFO 1 --- [io-12031-exec-1] order.service.OrderServiceImpl           : [PYTHIA_FINE_TRACE] service=ts-order-service stage=service_create latency_ms=83
2026-03-11 16:26:24.708  INFO 1 --- [io-12031-exec-1] order.controller.OrderController         : [PYTHIA_FINE_TRACE] service=ts-order-service endpoint=createOrder latency_ms=83
2026-03-11 16:26:25.115  INFO 1 --- [io-12031-exec-2] order.service.OrderServiceImpl           : [PYTHIA_FINE_TRACE] service=ts-order-service stage=service_create latency_ms=93
2026-03-11 16:26:25.115  INFO 1 --- [io-12031-exec-2] order.controller.OrderController         : [PYTHIA_FINE_TRACE] service=ts-order-service endpoint=createOrder latency_ms=93
2026-03-11 16:26:25.515  INFO 1 --- [io-12031-exec-4] order.service.OrderServiceImpl           : [PYTHIA_FINE_TRACE] service=ts-order-service stage=service_create latency_ms=96
2026-03-11 16:26:25.515  INFO 1 --- [io-12031-exec-4] order.controller.OrderController         : [PYTHIA_FINE_TRACE] service=ts-order-service endpoint=createOrder latency_ms=96
2026-03-11 16:26:25.920  INFO 1 --- [io-12031-exec-5] order.service.OrderServiceImpl           : [PYTHIA_FINE_TRACE] service=ts-order-service stage=service_create latency_ms=96
2026-03-11 16:26:25.920  INFO 1 --- [io-12031-exec-5] order.controller.OrderController         : [PYTHIA_FINE_TRACE] service=ts-order-service endpoint=createOrder latency_ms=96
2026-03-11 16:26:26.325  INFO 1 --- [io-12031-exec-3] order.service.OrderServiceImpl           : [PYTHIA_FINE_TRACE] service=ts-order-service stage=service_create latency_ms=103
2026-03-11 16:26:26.325  INFO 1 --- [io-12031-exec-3] order.controller.OrderController         : [PYTHIA_FINE_TRACE] service=ts-order-service endpoint=createOrder latency_ms=103
2026-03-11 16:26:26.673  INFO 1 --- [io-12031-exec-7] order.service.OrderServiceImpl           : [PYTHIA_FINE_TRACE] service=ts-order-service stage=service_create latency_ms=53
2026-03-11 16:26:26.673  INFO 1 --- [io-12031-exec-7] order.controller.OrderController         : [PYTHIA_FINE_TRACE] service=ts-order-service endpoint=createOrder latency_ms=53
2026-03-11 16:26:27.101  INFO 1 --- [io-12031-exec-6] order.service.OrderServiceImpl           : [PYTHIA_FINE_TRACE] service=ts-order-service stage=service_create latency_ms=111
2026-03-11 16:26:27.101  INFO 1 --- [io-12031-exec-6] order.controller.OrderController         : [PYTHIA_FINE_TRACE] service=ts-order-service endpoint=createOrder latency_ms=111
2026-03-11 16:26:27.543  INFO 1 --- [io-12031-exec-8] order.service.OrderServiceImpl           : [PYTHIA_FINE_TRACE] service=ts-order-service stage=service_create latency_ms=128
2026-03-11 16:26:27.543  INFO 1 --- [io-12031-exec-8] order.controller.OrderController         : [PYTHIA_FINE_TRACE] service=ts-order-service endpoint=createOrder latency_ms=128
2026-03-11 16:26:28.008  INFO 1 --- [io-12031-exec-9] order.service.OrderServiceImpl           : [PYTHIA_FINE_TRACE] service=ts-order-service stage=service_create latency_ms=123
2026-03-11 16:26:28.008  INFO 1 --- [io-12031-exec-9] order.controller.OrderController         : [PYTHIA_FINE_TRACE] service=ts-order-service endpoint=createOrder latency_ms=123
2026-03-11 16:26:28.516  INFO 1 --- [o-12031-exec-10] order.service.OrderServiceImpl           : [PYTHIA_FINE_TRACE] service=ts-order-service stage=service_create latency_ms=194
2026-03-11 16:26:28.516  INFO 1 --- [o-12031-exec-10] order.controller.OrderController         : [PYTHIA_FINE_TRACE] service=ts-order-service endpoint=createOrder latency_ms=194
2026-03-11 16:26:28.908  INFO 1 --- [io-12031-exec-1] order.service.OrderServiceImpl           : [PYTHIA_FINE_TRACE] service=ts-order-service stage=service_create latency_ms=87
2026-03-11 16:26:28.908  INFO 1 --- [io-12031-exec-1] order.controller.OrderController         : [PYTHIA_FINE_TRACE] service=ts-order-service endpoint=createOrder latency_ms=87
2026-03-11 16:26:29.402  INFO 1 --- [io-12031-exec-2] order.service.OrderServiceImpl           : [PYTHIA_FINE_TRACE] service=ts-order-service stage=service_create latency_ms=120
2026-03-11 16:26:29.402  INFO 1 --- [io-12031-exec-2] order.controller.OrderController         : [PYTHIA_FINE_TRACE] service=ts-order-service endpoint=createOrder latency_ms=120
2026-03-11 16:26:29.844  INFO 1 --- [io-12031-exec-4] order.service.OrderServiceImpl           : [PYTHIA_FINE_TRACE] service=ts-order-service stage=service_create latency_ms=63
2026-03-11 16:26:29.844  INFO 1 --- [io-12031-exec-4] order.controller.OrderController         : [PYTHIA_FINE_TRACE] service=ts-order-service endpoint=createOrder latency_ms=63
2026-03-11 16:26:30.217  INFO 1 --- [io-12031-exec-5] order.service.OrderServiceImpl           : [PYTHIA_FINE_TRACE] service=ts-order-service stage=service_create latency_ms=95
2026-03-11 16:26:30.217  INFO 1 --- [io-12031-exec-5] order.controller.OrderController         : [PYTHIA_FINE_TRACE] service=ts-order-service endpoint=createOrder latency_ms=95
2026-03-11 16:26:30.576  INFO 1 --- [io-12031-exec-3] order.service.OrderServiceImpl           : [PYTHIA_FINE_TRACE] service=ts-order-service stage=service_create latency_ms=52
2026-03-11 16:26:30.576  INFO 1 --- [io-12031-exec-3] order.controller.OrderController         : [PYTHIA_FINE_TRACE] service=ts-order-service endpoint=createOrder latency_ms=52
2026-03-11 16:26:31.017  INFO 1 --- [io-12031-exec-7] order.service.OrderServiceImpl           : [PYTHIA_FINE_TRACE] service=ts-order-service stage=service_create latency_ms=99
2026-03-11 16:26:31.017  INFO 1 --- [io-12031-exec-7] order.controller.OrderController         : [PYTHIA_FINE_TRACE] service=ts-order-service endpoint=createOrder latency_ms=99
2026-03-11 16:26:31.415  INFO 1 --- [io-12031-exec-6] order.service.OrderServiceImpl           : [PYTHIA_FINE_TRACE] service=ts-order-service stage=service_create latency_ms=96
2026-03-11 16:26:31.415  INFO 1 --- [io-12031-exec-6] order.controller.OrderController         : [PYTHIA_FINE_TRACE] service=ts-order-service endpoint=createOrder latency_ms=96
2026-03-11 16:26:31.820  INFO 1 --- [io-12031-exec-8] order.service.OrderServiceImpl           : [PYTHIA_FINE_TRACE] service=ts-order-service stage=service_create latency_ms=96
2026-03-11 16:26:31.820  INFO 1 --- [io-12031-exec-8] order.controller.OrderController         : [PYTHIA_FINE_TRACE] service=ts-order-service endpoint=createOrder latency_ms=96
2026-03-11 16:26:32.225  INFO 1 --- [o-12031-exec-10] order.service.OrderServiceImpl           : [PYTHIA_FINE_TRACE] service=ts-order-service stage=service_create latency_ms=100
2026-03-11 16:26:32.225  INFO 1 --- [o-12031-exec-10] order.controller.OrderController         : [PYTHIA_FINE_TRACE] service=ts-order-service endpoint=createOrder latency_ms=100
2026-03-11 16:26:32.632  INFO 1 --- [io-12031-exec-1] order.service.OrderServiceImpl           : [PYTHIA_FINE_TRACE] service=ts-order-service stage=service_create latency_ms=54
2026-03-11 16:26:32.632  INFO 1 --- [io-12031-exec-1] order.controller.OrderController         : [PYTHIA_FINE_TRACE] service=ts-order-service endpoint=createOrder latency_ms=54
2026-03-11 16:26:33.018  INFO 1 --- [io-12031-exec-2] order.service.OrderServiceImpl           : [PYTHIA_FINE_TRACE] service=ts-order-service stage=service_create latency_ms=98
2026-03-11 16:26:33.018  INFO 1 --- [io-12031-exec-2] order.controller.OrderController         : [PYTHIA_FINE_TRACE] service=ts-order-service endpoint=createOrder latency_ms=98
2026-03-11 16:26:33.431  INFO 1 --- [io-12031-exec-4] order.service.OrderServiceImpl           : [PYTHIA_FINE_TRACE] service=ts-order-service stage=service_create latency_ms=107
2026-03-11 16:26:33.431  INFO 1 --- [io-12031-exec-4] order.controller.OrderController         : [PYTHIA_FINE_TRACE] service=ts-order-service endpoint=createOrder latency_ms=107
2026-03-11 16:26:33.818  INFO 1 --- [io-12031-exec-5] order.service.OrderServiceImpl           : [PYTHIA_FINE_TRACE] service=ts-order-service stage=service_create latency_ms=94
2026-03-11 16:26:33.818  INFO 1 --- [io-12031-exec-5] order.controller.OrderController         : [PYTHIA_FINE_TRACE] service=ts-order-service endpoint=createOrder latency_ms=94
2026-03-11 16:26:34.219  INFO 1 --- [io-12031-exec-3] order.service.OrderServiceImpl           : [PYTHIA_FINE_TRACE] service=ts-order-service stage=service_create latency_ms=97
2026-03-11 16:26:34.219  INFO 1 --- [io-12031-exec-3] order.controller.OrderController         : [PYTHIA_FINE_TRACE] service=ts-order-service endpoint=createOrder latency_ms=97
2026-03-11 16:26:34.631  INFO 1 --- [io-12031-exec-7] order.service.OrderServiceImpl           : [PYTHIA_FINE_TRACE] service=ts-order-service stage=service_create latency_ms=107
2026-03-11 16:26:34.631  INFO 1 --- [io-12031-exec-7] order.controller.OrderController         : [PYTHIA_FINE_TRACE] service=ts-order-service endpoint=createOrder latency_ms=107
2026-03-11 16:26:35.019  INFO 1 --- [io-12031-exec-6] order.service.OrderServiceImpl           : [PYTHIA_FINE_TRACE] service=ts-order-service stage=service_create latency_ms=96
2026-03-11 16:26:35.019  INFO 1 --- [io-12031-exec-6] order.controller.OrderController         : [PYTHIA_FINE_TRACE] service=ts-order-service endpoint=createOrder latency_ms=96
2026-03-11 16:26:35.518  INFO 1 --- [io-12031-exec-8] order.service.OrderServiceImpl           : [PYTHIA_FINE_TRACE] service=ts-order-service stage=service_create latency_ms=195
2026-03-11 16:26:35.518  INFO 1 --- [io-12031-exec-8] order.controller.OrderController         : [PYTHIA_FINE_TRACE] service=ts-order-service endpoint=createOrder latency_ms=195
2026-03-11 16:26:35.928  INFO 1 --- [io-12031-exec-9] order.service.OrderServiceImpl           : [PYTHIA_FINE_TRACE] service=ts-order-service stage=service_create latency_ms=106
2026-03-11 16:26:35.928  INFO 1 --- [io-12031-exec-9] order.controller.OrderController         : [PYTHIA_FINE_TRACE] service=ts-order-service endpoint=createOrder latency_ms=106
2026-03-11 16:26:36.340  INFO 1 --- [o-12031-exec-10] order.service.OrderServiceImpl           : [PYTHIA_FINE_TRACE] service=ts-order-service stage=service_create latency_ms=114
2026-03-11 16:26:36.340  INFO 1 --- [o-12031-exec-10] order.controller.OrderController         : [PYTHIA_FINE_TRACE] service=ts-order-service endpoint=createOrder latency_ms=115
2026-03-11 16:26:36.701  INFO 1 --- [io-12031-exec-1] order.service.OrderServiceImpl           : [PYTHIA_FINE_TRACE] service=ts-order-service stage=service_create latency_ms=76
2026-03-11 16:26:36.701  INFO 1 --- [io-12031-exec-1] order.controller.OrderController         : [PYTHIA_FINE_TRACE] service=ts-order-service endpoint=createOrder latency_ms=76
2026-03-11 16:26:37.119  INFO 1 --- [io-12031-exec-2] order.service.OrderServiceImpl           : [PYTHIA_FINE_TRACE] service=ts-order-service stage=service_create latency_ms=88
2026-03-11 16:26:37.119  INFO 1 --- [io-12031-exec-2] order.controller.OrderController         : [PYTHIA_FINE_TRACE] service=ts-order-service endpoint=createOrder latency_ms=88
2026-03-11 16:26:37.653  INFO 1 --- [io-12031-exec-4] order.service.OrderServiceImpl           : [PYTHIA_FINE_TRACE] service=ts-order-service stage=service_create latency_ms=66
2026-03-11 16:26:37.653  INFO 1 --- [io-12031-exec-4] order.controller.OrderController         : [PYTHIA_FINE_TRACE] service=ts-order-service endpoint=createOrder latency_ms=66
2026-03-11 16:26:38.020  INFO 1 --- [io-12031-exec-5] order.service.OrderServiceImpl           : [PYTHIA_FINE_TRACE] service=ts-order-service stage=service_create latency_ms=95
2026-03-11 16:26:38.020  INFO 1 --- [io-12031-exec-5] order.controller.OrderController         : [PYTHIA_FINE_TRACE] service=ts-order-service endpoint=createOrder latency_ms=95
2026-03-11 16:26:38.454  INFO 1 --- [io-12031-exec-3] order.service.OrderServiceImpl           : [PYTHIA_FINE_TRACE] service=ts-order-service stage=service_create latency_ms=73
2026-03-11 16:26:38.454  INFO 1 --- [io-12031-exec-3] order.controller.OrderController         : [PYTHIA_FINE_TRACE] service=ts-order-service endpoint=createOrder latency_ms=73
2026-03-11 16:26:38.779  INFO 1 --- [io-12031-exec-7] order.service.OrderServiceImpl           : [PYTHIA_FINE_TRACE] service=ts-order-service stage=service_create latency_ms=54
2026-03-11 16:26:38.779  INFO 1 --- [io-12031-exec-7] order.controller.OrderController         : [PYTHIA_FINE_TRACE] service=ts-order-service endpoint=createOrder latency_ms=54
2026-03-11 16:26:39.213  INFO 1 --- [io-12031-exec-6] order.service.OrderServiceImpl           : [PYTHIA_FINE_TRACE] service=ts-order-service stage=service_create latency_ms=94
2026-03-11 16:26:39.213  INFO 1 --- [io-12031-exec-6] order.controller.OrderController         : [PYTHIA_FINE_TRACE] service=ts-order-service endpoint=createOrder latency_ms=94
2026-03-11 16:26:39.615  INFO 1 --- [io-12031-exec-8] order.service.OrderServiceImpl           : [PYTHIA_FINE_TRACE] service=ts-order-service stage=service_create latency_ms=92
2026-03-11 16:26:39.615  INFO 1 --- [io-12031-exec-8] order.controller.OrderController         : [PYTHIA_FINE_TRACE] service=ts-order-service endpoint=createOrder latency_ms=92
2026-03-11 16:26:40.016  INFO 1 --- [io-12031-exec-9] order.service.OrderServiceImpl           : [PYTHIA_FINE_TRACE] service=ts-order-service stage=service_create latency_ms=94
2026-03-11 16:26:40.017  INFO 1 --- [io-12031-exec-9] order.controller.OrderController         : [PYTHIA_FINE_TRACE] service=ts-order-service endpoint=createOrder latency_ms=95
2026-03-11 16:26:40.402  INFO 1 --- [o-12031-exec-10] order.service.OrderServiceImpl           : [PYTHIA_FINE_TRACE] service=ts-order-service stage=service_create latency_ms=77
2026-03-11 16:26:40.402  INFO 1 --- [o-12031-exec-10] order.controller.OrderController         : [PYTHIA_FINE_TRACE] service=ts-order-service endpoint=createOrder latency_ms=77
2026-03-11 16:26:40.816  INFO 1 --- [io-12031-exec-1] order.service.OrderServiceImpl           : [PYTHIA_FINE_TRACE] service=ts-order-service stage=service_create latency_ms=94
2026-03-11 16:26:40.816  INFO 1 --- [io-12031-exec-1] order.controller.OrderController         : [PYTHIA_FINE_TRACE] service=ts-order-service endpoint=createOrder latency_ms=94
2026-03-11 16:26:41.218  INFO 1 --- [io-12031-exec-2] order.service.OrderServiceImpl           : [PYTHIA_FINE_TRACE] service=ts-order-service stage=service_create latency_ms=96
2026-03-11 16:26:41.218  INFO 1 --- [io-12031-exec-2] order.controller.OrderController         : [PYTHIA_FINE_TRACE] service=ts-order-service endpoint=createOrder latency_ms=97
2026-03-11 16:26:41.618  INFO 1 --- [io-12031-exec-4] order.service.OrderServiceImpl           : [PYTHIA_FINE_TRACE] service=ts-order-service stage=service_create latency_ms=95
2026-03-11 16:26:41.618  INFO 1 --- [io-12031-exec-4] order.controller.OrderController         : [PYTHIA_FINE_TRACE] service=ts-order-service endpoint=createOrder latency_ms=95
2026-03-11 16:26:42.023  INFO 1 --- [io-12031-exec-5] order.service.OrderServiceImpl           : [PYTHIA_FINE_TRACE] service=ts-order-service stage=service_create latency_ms=99
2026-03-11 16:26:42.023  INFO 1 --- [io-12031-exec-5] order.controller.OrderController         : [PYTHIA_FINE_TRACE] service=ts-order-service endpoint=createOrder latency_ms=100
2026-03-11 16:26:42.426  INFO 1 --- [io-12031-exec-7] order.service.OrderServiceImpl           : [PYTHIA_FINE_TRACE] service=ts-order-service stage=service_create latency_ms=100
2026-03-11 16:26:42.426  INFO 1 --- [io-12031-exec-7] order.controller.OrderController         : [PYTHIA_FINE_TRACE] service=ts-order-service endpoint=createOrder latency_ms=100
2026-03-11 16:26:42.815  INFO 1 --- [io-12031-exec-6] order.service.OrderServiceImpl           : [PYTHIA_FINE_TRACE] service=ts-order-service stage=service_create latency_ms=94
2026-03-11 16:26:42.815  INFO 1 --- [io-12031-exec-6] order.controller.OrderController         : [PYTHIA_FINE_TRACE] service=ts-order-service endpoint=createOrder latency_ms=94
2026-03-11 16:26:43.215  INFO 1 --- [io-12031-exec-8] order.service.OrderServiceImpl           : [PYTHIA_FINE_TRACE] service=ts-order-service stage=service_create latency_ms=96
2026-03-11 16:26:43.215  INFO 1 --- [io-12031-exec-8] order.controller.OrderController         : [PYTHIA_FINE_TRACE] service=ts-order-service endpoint=createOrder latency_ms=96
2026-03-11 16:26:43.644  INFO 1 --- [io-12031-exec-9] order.service.OrderServiceImpl           : [PYTHIA_FINE_TRACE] service=ts-order-service stage=service_create latency_ms=122
2026-03-11 16:26:43.644  INFO 1 --- [io-12031-exec-9] order.controller.OrderController         : [PYTHIA_FINE_TRACE] service=ts-order-service endpoint=createOrder latency_ms=123
2026-03-11 16:26:44.119  INFO 1 --- [o-12031-exec-10] order.service.OrderServiceImpl           : [PYTHIA_FINE_TRACE] service=ts-order-service stage=service_create latency_ms=100
2026-03-11 16:26:44.119  INFO 1 --- [o-12031-exec-10] order.controller.OrderController         : [PYTHIA_FINE_TRACE] service=ts-order-service endpoint=createOrder latency_ms=100
2026-03-11 16:26:44.509  INFO 1 --- [io-12031-exec-1] order.service.OrderServiceImpl           : [PYTHIA_FINE_TRACE] service=ts-order-service stage=service_create latency_ms=89
2026-03-11 16:26:44.509  INFO 1 --- [io-12031-exec-1] order.controller.OrderController         : [PYTHIA_FINE_TRACE] service=ts-order-service endpoint=createOrder latency_ms=89
2026-03-11 16:26:44.950  INFO 1 --- [io-12031-exec-2] order.service.OrderServiceImpl           : [PYTHIA_FINE_TRACE] service=ts-order-service stage=service_create latency_ms=66
2026-03-11 16:26:44.950  INFO 1 --- [io-12031-exec-2] order.controller.OrderController         : [PYTHIA_FINE_TRACE] service=ts-order-service endpoint=createOrder latency_ms=66
2026-03-11 16:26:45.325  INFO 1 --- [io-12031-exec-4] order.service.OrderServiceImpl           : [PYTHIA_FINE_TRACE] service=ts-order-service stage=service_create latency_ms=106
2026-03-11 16:26:45.325  INFO 1 --- [io-12031-exec-4] order.controller.OrderController         : [PYTHIA_FINE_TRACE] service=ts-order-service endpoint=createOrder latency_ms=106
2026-03-11 16:26:45.812  INFO 1 --- [io-12031-exec-3] order.service.OrderServiceImpl           : [PYTHIA_FINE_TRACE] service=ts-order-service stage=service_create latency_ms=193
2026-03-11 16:26:45.812  INFO 1 --- [io-12031-exec-3] order.controller.OrderController         : [PYTHIA_FINE_TRACE] service=ts-order-service endpoint=createOrder latency_ms=194
2026-03-11 16:26:46.225  INFO 1 --- [io-12031-exec-5] order.service.OrderServiceImpl           : [PYTHIA_FINE_TRACE] service=ts-order-service stage=service_create latency_ms=96
2026-03-11 16:26:46.225  INFO 1 --- [io-12031-exec-5] order.controller.OrderController         : [PYTHIA_FINE_TRACE] service=ts-order-service endpoint=createOrder latency_ms=96
2026-03-11 16:26:46.575  INFO 1 --- [io-12031-exec-7] order.service.OrderServiceImpl           : [PYTHIA_FINE_TRACE] service=ts-order-service stage=service_create latency_ms=54
2026-03-11 16:26:46.575  INFO 1 --- [io-12031-exec-7] order.controller.OrderController         : [PYTHIA_FINE_TRACE] service=ts-order-service endpoint=createOrder latency_ms=54
2026-03-11 16:26:47.022  INFO 1 --- [io-12031-exec-6] order.service.OrderServiceImpl           : [PYTHIA_FINE_TRACE] service=ts-order-service stage=service_create latency_ms=104
2026-03-11 16:26:47.022  INFO 1 --- [io-12031-exec-6] order.controller.OrderController         : [PYTHIA_FINE_TRACE] service=ts-order-service endpoint=createOrder latency_ms=104
2026-03-11 16:26:47.415  INFO 1 --- [io-12031-exec-8] order.service.OrderServiceImpl           : [PYTHIA_FINE_TRACE] service=ts-order-service stage=service_create latency_ms=94
2026-03-11 16:26:47.415  INFO 1 --- [io-12031-exec-8] order.controller.OrderController         : [PYTHIA_FINE_TRACE] service=ts-order-service endpoint=createOrder latency_ms=94
2026-03-11 16:26:47.817  INFO 1 --- [io-12031-exec-9] order.service.OrderServiceImpl           : [PYTHIA_FINE_TRACE] service=ts-order-service stage=service_create latency_ms=92
2026-03-11 16:26:47.817  INFO 1 --- [io-12031-exec-9] order.controller.OrderController         : [PYTHIA_FINE_TRACE] service=ts-order-service endpoint=createOrder latency_ms=92
2026-03-11 16:26:48.220  INFO 1 --- [o-12031-exec-10] order.service.OrderServiceImpl           : [PYTHIA_FINE_TRACE] service=ts-order-service stage=service_create latency_ms=100
2026-03-11 16:26:48.221  INFO 1 --- [o-12031-exec-10] order.controller.OrderController         : [PYTHIA_FINE_TRACE] service=ts-order-service endpoint=createOrder latency_ms=101
2026-03-11 16:26:48.606  INFO 1 --- [io-12031-exec-1] order.service.OrderServiceImpl           : [PYTHIA_FINE_TRACE] service=ts-order-service stage=service_create latency_ms=80
2026-03-11 16:26:48.606  INFO 1 --- [io-12031-exec-1] order.controller.OrderController         : [PYTHIA_FINE_TRACE] service=ts-order-service endpoint=createOrder latency_ms=80
2026-03-11 16:26:49.016  INFO 1 --- [io-12031-exec-2] order.service.OrderServiceImpl           : [PYTHIA_FINE_TRACE] service=ts-order-service stage=service_create latency_ms=96
2026-03-11 16:26:49.016  INFO 1 --- [io-12031-exec-2] order.controller.OrderController         : [PYTHIA_FINE_TRACE] service=ts-order-service endpoint=createOrder latency_ms=97
2026-03-11 16:26:49.415  INFO 1 --- [io-12031-exec-4] order.service.OrderServiceImpl           : [PYTHIA_FINE_TRACE] service=ts-order-service stage=service_create latency_ms=88
2026-03-11 16:26:49.415  INFO 1 --- [io-12031-exec-4] order.controller.OrderController         : [PYTHIA_FINE_TRACE] service=ts-order-service endpoint=createOrder latency_ms=88
2026-03-11 16:26:49.817  INFO 1 --- [io-12031-exec-3] order.service.OrderServiceImpl           : [PYTHIA_FINE_TRACE] service=ts-order-service stage=service_create latency_ms=91
2026-03-11 16:26:49.817  INFO 1 --- [io-12031-exec-3] order.controller.OrderController         : [PYTHIA_FINE_TRACE] service=ts-order-service endpoint=createOrder latency_ms=91
2026-03-11 16:26:50.220  INFO 1 --- [io-12031-exec-5] order.service.OrderServiceImpl           : [PYTHIA_FINE_TRACE] service=ts-order-service stage=service_create latency_ms=97
2026-03-11 16:26:50.220  INFO 1 --- [io-12031-exec-5] order.controller.OrderController         : [PYTHIA_FINE_TRACE] service=ts-order-service endpoint=createOrder latency_ms=97
2026-03-11 16:26:50.606  INFO 1 --- [io-12031-exec-7] order.service.OrderServiceImpl           : [PYTHIA_FINE_TRACE] service=ts-order-service stage=service_create latency_ms=83
2026-03-11 16:26:50.606  INFO 1 --- [io-12031-exec-7] order.controller.OrderController         : [PYTHIA_FINE_TRACE] service=ts-order-service endpoint=createOrder latency_ms=83
2026-03-11 16:26:51.017  INFO 1 --- [io-12031-exec-6] order.service.OrderServiceImpl           : [PYTHIA_FINE_TRACE] service=ts-order-service stage=service_create latency_ms=100
2026-03-11 16:26:51.017  INFO 1 --- [io-12031-exec-6] order.controller.OrderController         : [PYTHIA_FINE_TRACE] service=ts-order-service endpoint=createOrder latency_ms=100
2026-03-11 16:26:51.417  INFO 1 --- [io-12031-exec-8] order.service.OrderServiceImpl           : [PYTHIA_FINE_TRACE] service=ts-order-service stage=service_create latency_ms=97
2026-03-11 16:26:51.417  INFO 1 --- [io-12031-exec-8] order.controller.OrderController         : [PYTHIA_FINE_TRACE] service=ts-order-service endpoint=createOrder latency_ms=97
2026-03-11 16:26:51.816  INFO 1 --- [io-12031-exec-9] order.service.OrderServiceImpl           : [PYTHIA_FINE_TRACE] service=ts-order-service stage=service_create latency_ms=95
2026-03-11 16:26:51.816  INFO 1 --- [io-12031-exec-9] order.controller.OrderController         : [PYTHIA_FINE_TRACE] service=ts-order-service endpoint=createOrder latency_ms=95
2026-03-11 16:26:52.226  INFO 1 --- [io-12031-exec-1] order.service.OrderServiceImpl           : [PYTHIA_FINE_TRACE] service=ts-order-service stage=service_create latency_ms=96
2026-03-11 16:26:52.226  INFO 1 --- [io-12031-exec-1] order.controller.OrderController         : [PYTHIA_FINE_TRACE] service=ts-order-service endpoint=createOrder latency_ms=96
2026-03-11 16:26:52.619  INFO 1 --- [io-12031-exec-2] order.service.OrderServiceImpl           : [PYTHIA_FINE_TRACE] service=ts-order-service stage=service_create latency_ms=93
2026-03-11 16:26:52.619  INFO 1 --- [io-12031-exec-2] order.controller.OrderController         : [PYTHIA_FINE_TRACE] service=ts-order-service endpoint=createOrder latency_ms=94
2026-03-11 16:26:53.017  INFO 1 --- [io-12031-exec-4] order.service.OrderServiceImpl           : [PYTHIA_FINE_TRACE] service=ts-order-service stage=service_create latency_ms=98
2026-03-11 16:26:53.017  INFO 1 --- [io-12031-exec-4] order.controller.OrderController         : [PYTHIA_FINE_TRACE] service=ts-order-service endpoint=createOrder latency_ms=98
2026-03-11 16:26:53.417  INFO 1 --- [io-12031-exec-3] order.service.OrderServiceImpl           : [PYTHIA_FINE_TRACE] service=ts-order-service stage=service_create latency_ms=96
2026-03-11 16:26:53.417  INFO 1 --- [io-12031-exec-3] order.controller.OrderController         : [PYTHIA_FINE_TRACE] service=ts-order-service endpoint=createOrder latency_ms=97
2026-03-11 16:26:53.818  INFO 1 --- [io-12031-exec-5] order.service.OrderServiceImpl           : [PYTHIA_FINE_TRACE] service=ts-order-service stage=service_create latency_ms=99
2026-03-11 16:26:53.819  INFO 1 --- [io-12031-exec-5] order.controller.OrderController         : [PYTHIA_FINE_TRACE] service=ts-order-service endpoint=createOrder latency_ms=99
2026-03-11 16:26:54.216  INFO 1 --- [io-12031-exec-7] order.service.OrderServiceImpl           : [PYTHIA_FINE_TRACE] service=ts-order-service stage=service_create latency_ms=95
2026-03-11 16:26:54.216  INFO 1 --- [io-12031-exec-7] order.controller.OrderController         : [PYTHIA_FINE_TRACE] service=ts-order-service endpoint=createOrder latency_ms=95
2026-03-11 16:26:54.608  INFO 1 --- [io-12031-exec-6] order.service.OrderServiceImpl           : [PYTHIA_FINE_TRACE] service=ts-order-service stage=service_create latency_ms=85
2026-03-11 16:26:54.608  INFO 1 --- [io-12031-exec-6] order.controller.OrderController         : [PYTHIA_FINE_TRACE] service=ts-order-service endpoint=createOrder latency_ms=85
2026-03-11 16:26:55.041  INFO 1 --- [io-12031-exec-8] order.service.OrderServiceImpl           : [PYTHIA_FINE_TRACE] service=ts-order-service stage=service_create latency_ms=63
2026-03-11 16:26:55.041  INFO 1 --- [io-12031-exec-8] order.controller.OrderController         : [PYTHIA_FINE_TRACE] service=ts-order-service endpoint=createOrder latency_ms=63
2026-03-11 16:26:55.414  INFO 1 --- [io-12031-exec-9] order.service.OrderServiceImpl           : [PYTHIA_FINE_TRACE] service=ts-order-service stage=service_create latency_ms=87
2026-03-11 16:26:55.414  INFO 1 --- [io-12031-exec-9] order.controller.OrderController         : [PYTHIA_FINE_TRACE] service=ts-order-service endpoint=createOrder latency_ms=87
2026-03-11 16:26:55.817  INFO 1 --- [o-12031-exec-10] order.service.OrderServiceImpl           : [PYTHIA_FINE_TRACE] service=ts-order-service stage=service_create latency_ms=97
2026-03-11 16:26:55.817  INFO 1 --- [o-12031-exec-10] order.controller.OrderController         : [PYTHIA_FINE_TRACE] service=ts-order-service endpoint=createOrder latency_ms=97
2026-03-11 16:26:56.224  INFO 1 --- [io-12031-exec-1] order.service.OrderServiceImpl           : [PYTHIA_FINE_TRACE] service=ts-order-service stage=service_create latency_ms=104
2026-03-11 16:26:56.224  INFO 1 --- [io-12031-exec-1] order.controller.OrderController         : [PYTHIA_FINE_TRACE] service=ts-order-service endpoint=createOrder latency_ms=104
2026-03-11 16:26:56.602  INFO 1 --- [io-12031-exec-2] order.service.OrderServiceImpl           : [PYTHIA_FINE_TRACE] service=ts-order-service stage=service_create latency_ms=82
2026-03-11 16:26:56.602  INFO 1 --- [io-12031-exec-2] order.controller.OrderController         : [PYTHIA_FINE_TRACE] service=ts-order-service endpoint=createOrder latency_ms=82
2026-03-11 16:26:57.111  INFO 1 --- [io-12031-exec-4] order.service.OrderServiceImpl           : [PYTHIA_FINE_TRACE] service=ts-order-service stage=service_create latency_ms=199
2026-03-11 16:26:57.111  INFO 1 --- [io-12031-exec-4] order.controller.OrderController         : [PYTHIA_FINE_TRACE] service=ts-order-service endpoint=createOrder latency_ms=199
2026-03-11 16:26:57.515  INFO 1 --- [io-12031-exec-3] order.service.OrderServiceImpl           : [PYTHIA_FINE_TRACE] service=ts-order-service stage=service_create latency_ms=93
2026-03-11 16:26:57.515  INFO 1 --- [io-12031-exec-3] order.controller.OrderController         : [PYTHIA_FINE_TRACE] service=ts-order-service endpoint=createOrder latency_ms=93
2026-03-11 16:26:57.918  INFO 1 --- [io-12031-exec-5] order.service.OrderServiceImpl           : [PYTHIA_FINE_TRACE] service=ts-order-service stage=service_create latency_ms=98
2026-03-11 16:26:57.918  INFO 1 --- [io-12031-exec-5] order.controller.OrderController         : [PYTHIA_FINE_TRACE] service=ts-order-service endpoint=createOrder latency_ms=98
2026-03-11 16:26:58.321  INFO 1 --- [io-12031-exec-7] order.service.OrderServiceImpl           : [PYTHIA_FINE_TRACE] service=ts-order-service stage=service_create latency_ms=99
2026-03-11 16:26:58.321  INFO 1 --- [io-12031-exec-7] order.controller.OrderController         : [PYTHIA_FINE_TRACE] service=ts-order-service endpoint=createOrder latency_ms=100
2026-03-11 16:26:58.736  INFO 1 --- [io-12031-exec-6] order.service.OrderServiceImpl           : [PYTHIA_FINE_TRACE] service=ts-order-service stage=service_create latency_ms=56
2026-03-11 16:26:58.736  INFO 1 --- [io-12031-exec-6] order.controller.OrderController         : [PYTHIA_FINE_TRACE] service=ts-order-service endpoint=createOrder latency_ms=56
2026-03-11 16:26:59.116  INFO 1 --- [io-12031-exec-8] order.service.OrderServiceImpl           : [PYTHIA_FINE_TRACE] service=ts-order-service stage=service_create latency_ms=94
2026-03-11 16:26:59.116  INFO 1 --- [io-12031-exec-8] order.controller.OrderController         : [PYTHIA_FINE_TRACE] service=ts-order-service endpoint=createOrder latency_ms=94
2026-03-11 16:26:59.515  INFO 1 --- [io-12031-exec-9] order.service.OrderServiceImpl           : [PYTHIA_FINE_TRACE] service=ts-order-service stage=service_create latency_ms=96
2026-03-11 16:26:59.515  INFO 1 --- [io-12031-exec-9] order.controller.OrderController         : [PYTHIA_FINE_TRACE] service=ts-order-service endpoint=createOrder latency_ms=96
2026-03-11 16:26:59.916  INFO 1 --- [o-12031-exec-10] order.service.OrderServiceImpl           : [PYTHIA_FINE_TRACE] service=ts-order-service stage=service_create latency_ms=99
2026-03-11 16:26:59.916  INFO 1 --- [o-12031-exec-10] order.controller.OrderController         : [PYTHIA_FINE_TRACE] service=ts-order-service endpoint=createOrder latency_ms=99
2026-03-11 16:27:00.324  INFO 1 --- [io-12031-exec-1] order.service.OrderServiceImpl           : [PYTHIA_FINE_TRACE] service=ts-order-service stage=service_create latency_ms=104
2026-03-11 16:27:00.324  INFO 1 --- [io-12031-exec-1] order.controller.OrderController         : [PYTHIA_FINE_TRACE] service=ts-order-service endpoint=createOrder latency_ms=104
2026-03-11 16:27:00.737  INFO 1 --- [io-12031-exec-2] order.service.OrderServiceImpl           : [PYTHIA_FINE_TRACE] service=ts-order-service stage=service_create latency_ms=55
2026-03-11 16:27:00.737  INFO 1 --- [io-12031-exec-2] order.controller.OrderController         : [PYTHIA_FINE_TRACE] service=ts-order-service endpoint=createOrder latency_ms=55
2026-03-11 16:27:01.121  INFO 1 --- [io-12031-exec-4] order.service.OrderServiceImpl           : [PYTHIA_FINE_TRACE] service=ts-order-service stage=service_create latency_ms=103
2026-03-11 16:27:01.121  INFO 1 --- [io-12031-exec-4] order.controller.OrderController         : [PYTHIA_FINE_TRACE] service=ts-order-service endpoint=createOrder latency_ms=103
2026-03-11 16:27:01.519  INFO 1 --- [io-12031-exec-3] order.service.OrderServiceImpl           : [PYTHIA_FINE_TRACE] service=ts-order-service stage=service_create latency_ms=97
2026-03-11 16:27:01.519  INFO 1 --- [io-12031-exec-3] order.controller.OrderController         : [PYTHIA_FINE_TRACE] service=ts-order-service endpoint=createOrder latency_ms=97
2026-03-11 16:27:01.920  INFO 1 --- [io-12031-exec-5] order.service.OrderServiceImpl           : [PYTHIA_FINE_TRACE] service=ts-order-service stage=service_create latency_ms=93
2026-03-11 16:27:01.920  INFO 1 --- [io-12031-exec-5] order.controller.OrderController         : [PYTHIA_FINE_TRACE] service=ts-order-service endpoint=createOrder latency_ms=93
2026-03-11 16:27:02.321  INFO 1 --- [io-12031-exec-6] order.service.OrderServiceImpl           : [PYTHIA_FINE_TRACE] service=ts-order-service stage=service_create latency_ms=96
2026-03-11 16:27:02.321  INFO 1 --- [io-12031-exec-6] order.controller.OrderController         : [PYTHIA_FINE_TRACE] service=ts-order-service endpoint=createOrder latency_ms=96
2026-03-11 16:27:02.735  INFO 1 --- [io-12031-exec-8] order.service.OrderServiceImpl           : [PYTHIA_FINE_TRACE] service=ts-order-service stage=service_create latency_ms=56
2026-03-11 16:27:02.735  INFO 1 --- [io-12031-exec-8] order.controller.OrderController         : [PYTHIA_FINE_TRACE] service=ts-order-service endpoint=createOrder latency_ms=57
2026-03-11 16:27:03.141  INFO 1 --- [io-12031-exec-9] order.service.OrderServiceImpl           : [PYTHIA_FINE_TRACE] service=ts-order-service stage=service_create latency_ms=63
2026-03-11 16:27:03.141  INFO 1 --- [io-12031-exec-9] order.controller.OrderController         : [PYTHIA_FINE_TRACE] service=ts-order-service endpoint=createOrder latency_ms=63
2026-03-11 16:27:03.513  INFO 1 --- [o-12031-exec-10] order.service.OrderServiceImpl           : [PYTHIA_FINE_TRACE] service=ts-order-service stage=service_create latency_ms=91
2026-03-11 16:27:03.513  INFO 1 --- [o-12031-exec-10] order.controller.OrderController         : [PYTHIA_FINE_TRACE] service=ts-order-service endpoint=createOrder latency_ms=91
2026-03-11 16:27:03.922  INFO 1 --- [io-12031-exec-1] order.service.OrderServiceImpl           : [PYTHIA_FINE_TRACE] service=ts-order-service stage=service_create latency_ms=101
2026-03-11 16:27:03.922  INFO 1 --- [io-12031-exec-1] order.controller.OrderController         : [PYTHIA_FINE_TRACE] service=ts-order-service endpoint=createOrder latency_ms=101
2026-03-11 16:27:04.317  INFO 1 --- [io-12031-exec-2] order.service.OrderServiceImpl           : [PYTHIA_FINE_TRACE] service=ts-order-service stage=service_create latency_ms=91
2026-03-11 16:27:04.317  INFO 1 --- [io-12031-exec-2] order.controller.OrderController         : [PYTHIA_FINE_TRACE] service=ts-order-service endpoint=createOrder latency_ms=91
2026-03-11 16:27:04.702  INFO 1 --- [io-12031-exec-4] order.service.OrderServiceImpl           : [PYTHIA_FINE_TRACE] service=ts-order-service stage=service_create latency_ms=77
2026-03-11 16:27:04.702  INFO 1 --- [io-12031-exec-4] order.controller.OrderController         : [PYTHIA_FINE_TRACE] service=ts-order-service endpoint=createOrder latency_ms=77
2026-03-11 16:27:05.118  INFO 1 --- [io-12031-exec-3] order.service.OrderServiceImpl           : [PYTHIA_FINE_TRACE] service=ts-order-service stage=service_create latency_ms=102
2026-03-11 16:27:05.118  INFO 1 --- [io-12031-exec-3] order.controller.OrderController         : [PYTHIA_FINE_TRACE] service=ts-order-service endpoint=createOrder latency_ms=102
2026-03-11 16:27:05.519  INFO 1 --- [io-12031-exec-5] order.service.OrderServiceImpl           : [PYTHIA_FINE_TRACE] service=ts-order-service stage=service_create latency_ms=96
2026-03-11 16:27:05.519  INFO 1 --- [io-12031-exec-5] order.controller.OrderController         : [PYTHIA_FINE_TRACE] service=ts-order-service endpoint=createOrder latency_ms=97
2026-03-11 16:27:05.944  INFO 1 --- [io-12031-exec-7] order.service.OrderServiceImpl           : [PYTHIA_FINE_TRACE] service=ts-order-service stage=service_create latency_ms=67
2026-03-11 16:27:05.944  INFO 1 --- [io-12031-exec-7] order.controller.OrderController         : [PYTHIA_FINE_TRACE] service=ts-order-service endpoint=createOrder latency_ms=68
2026-03-11 16:27:06.416  INFO 1 --- [io-12031-exec-6] order.service.OrderServiceImpl           : [PYTHIA_FINE_TRACE] service=ts-order-service stage=service_create latency_ms=195
2026-03-11 16:27:06.416  INFO 1 --- [io-12031-exec-6] order.controller.OrderController         : [PYTHIA_FINE_TRACE] service=ts-order-service endpoint=createOrder latency_ms=195
2026-03-11 16:27:06.802  INFO 1 --- [io-12031-exec-8] order.service.OrderServiceImpl           : [PYTHIA_FINE_TRACE] service=ts-order-service stage=service_create latency_ms=81
2026-03-11 16:27:06.802  INFO 1 --- [io-12031-exec-8] order.controller.OrderController         : [PYTHIA_FINE_TRACE] service=ts-order-service endpoint=createOrder latency_ms=81
2026-03-11 16:27:07.214  INFO 1 --- [io-12031-exec-9] order.service.OrderServiceImpl           : [PYTHIA_FINE_TRACE] service=ts-order-service stage=service_create latency_ms=100
2026-03-11 16:27:07.214  INFO 1 --- [io-12031-exec-9] order.controller.OrderController         : [PYTHIA_FINE_TRACE] service=ts-order-service endpoint=createOrder latency_ms=100
2026-03-11 16:27:07.617  INFO 1 --- [o-12031-exec-10] order.service.OrderServiceImpl           : [PYTHIA_FINE_TRACE] service=ts-order-service stage=service_create latency_ms=98
2026-03-11 16:27:07.617  INFO 1 --- [o-12031-exec-10] order.controller.OrderController         : [PYTHIA_FINE_TRACE] service=ts-order-service endpoint=createOrder latency_ms=98
2026-03-11 16:27:08.045  INFO 1 --- [io-12031-exec-1] order.service.OrderServiceImpl           : [PYTHIA_FINE_TRACE] service=ts-order-service stage=service_create latency_ms=66
2026-03-11 16:27:08.045  INFO 1 --- [io-12031-exec-1] order.controller.OrderController         : [PYTHIA_FINE_TRACE] service=ts-order-service endpoint=createOrder latency_ms=66
2026-03-11 16:27:08.840  INFO 1 --- [io-12031-exec-2] order.service.OrderServiceImpl           : [PYTHIA_FINE_TRACE] service=ts-order-service stage=service_create latency_ms=514
2026-03-11 16:27:08.840  INFO 1 --- [io-12031-exec-2] order.controller.OrderController         : [PYTHIA_FINE_TRACE] service=ts-order-service endpoint=createOrder latency_ms=514
2026-03-11 16:27:09.232  INFO 1 --- [io-12031-exec-4] order.service.OrderServiceImpl           : [PYTHIA_FINE_TRACE] service=ts-order-service stage=service_create latency_ms=109
2026-03-11 16:27:09.232  INFO 1 --- [io-12031-exec-4] order.controller.OrderController         : [PYTHIA_FINE_TRACE] service=ts-order-service endpoint=createOrder latency_ms=109
2026-03-11 16:27:09.602  INFO 1 --- [io-12031-exec-3] order.service.OrderServiceImpl           : [PYTHIA_FINE_TRACE] service=ts-order-service stage=service_create latency_ms=80
2026-03-11 16:27:09.602  INFO 1 --- [io-12031-exec-3] order.controller.OrderController         : [PYTHIA_FINE_TRACE] service=ts-order-service endpoint=createOrder latency_ms=80
2026-03-11 16:27:10.024  INFO 1 --- [io-12031-exec-5] order.service.OrderServiceImpl           : [PYTHIA_FINE_TRACE] service=ts-order-service stage=service_create latency_ms=113
2026-03-11 16:27:10.024  INFO 1 --- [io-12031-exec-5] order.controller.OrderController         : [PYTHIA_FINE_TRACE] service=ts-order-service endpoint=createOrder latency_ms=113
2026-03-11 16:27:10.508  INFO 1 --- [io-12031-exec-7] order.service.OrderServiceImpl           : [PYTHIA_FINE_TRACE] service=ts-order-service stage=service_create latency_ms=125
2026-03-11 16:27:10.508  INFO 1 --- [io-12031-exec-7] order.controller.OrderController         : [PYTHIA_FINE_TRACE] service=ts-order-service endpoint=createOrder latency_ms=125
2026-03-11 16:27:10.923  INFO 1 --- [io-12031-exec-6] order.service.OrderServiceImpl           : [PYTHIA_FINE_TRACE] service=ts-order-service stage=service_create latency_ms=101
2026-03-11 16:27:10.923  INFO 1 --- [io-12031-exec-6] order.controller.OrderController         : [PYTHIA_FINE_TRACE] service=ts-order-service endpoint=createOrder latency_ms=101
2026-03-11 16:27:11.347  INFO 1 --- [io-12031-exec-8] order.service.OrderServiceImpl           : [PYTHIA_FINE_TRACE] service=ts-order-service stage=service_create latency_ms=69
2026-03-11 16:27:11.347  INFO 1 --- [io-12031-exec-8] order.controller.OrderController         : [PYTHIA_FINE_TRACE] service=ts-order-service endpoint=createOrder latency_ms=69
2026-03-11 16:27:11.709  INFO 1 --- [io-12031-exec-9] order.service.OrderServiceImpl           : [PYTHIA_FINE_TRACE] service=ts-order-service stage=service_create latency_ms=88
2026-03-11 16:27:11.709  INFO 1 --- [io-12031-exec-9] order.controller.OrderController         : [PYTHIA_FINE_TRACE] service=ts-order-service endpoint=createOrder latency_ms=89
2026-03-11 16:27:12.117  INFO 1 --- [io-12031-exec-1] order.service.OrderServiceImpl           : [PYTHIA_FINE_TRACE] service=ts-order-service stage=service_create latency_ms=82
2026-03-11 16:27:12.117  INFO 1 --- [io-12031-exec-1] order.controller.OrderController         : [PYTHIA_FINE_TRACE] service=ts-order-service endpoint=createOrder latency_ms=82
2026-03-11 16:27:12.548  INFO 1 --- [io-12031-exec-2] order.service.OrderServiceImpl           : [PYTHIA_FINE_TRACE] service=ts-order-service stage=service_create latency_ms=67
2026-03-11 16:27:12.548  INFO 1 --- [io-12031-exec-2] order.controller.OrderController         : [PYTHIA_FINE_TRACE] service=ts-order-service endpoint=createOrder latency_ms=67
2026-03-11 16:27:12.919  INFO 1 --- [io-12031-exec-4] order.service.OrderServiceImpl           : [PYTHIA_FINE_TRACE] service=ts-order-service stage=service_create latency_ms=98
2026-03-11 16:27:12.919  INFO 1 --- [io-12031-exec-4] order.controller.OrderController         : [PYTHIA_FINE_TRACE] service=ts-order-service endpoint=createOrder latency_ms=98
2026-03-11 16:27:13.323  INFO 1 --- [io-12031-exec-3] order.service.OrderServiceImpl           : [PYTHIA_FINE_TRACE] service=ts-order-service stage=service_create latency_ms=100
2026-03-11 16:27:13.323  INFO 1 --- [io-12031-exec-3] order.controller.OrderController         : [PYTHIA_FINE_TRACE] service=ts-order-service endpoint=createOrder latency_ms=100
2026-03-11 16:27:13.676  INFO 1 --- [io-12031-exec-5] order.service.OrderServiceImpl           : [PYTHIA_FINE_TRACE] service=ts-order-service stage=service_create latency_ms=53
2026-03-11 16:27:13.676  INFO 1 --- [io-12031-exec-5] order.controller.OrderController         : [PYTHIA_FINE_TRACE] service=ts-order-service endpoint=createOrder latency_ms=53
2026-03-11 16:27:14.113  INFO 1 --- [io-12031-exec-7] order.service.OrderServiceImpl           : [PYTHIA_FINE_TRACE] service=ts-order-service stage=service_create latency_ms=97
2026-03-11 16:27:14.113  INFO 1 --- [io-12031-exec-7] order.controller.OrderController         : [PYTHIA_FINE_TRACE] service=ts-order-service endpoint=createOrder latency_ms=97
2026-03-11 16:27:14.515  INFO 1 --- [io-12031-exec-6] order.service.OrderServiceImpl           : [PYTHIA_FINE_TRACE] service=ts-order-service stage=service_create latency_ms=93
2026-03-11 16:27:14.515  INFO 1 --- [io-12031-exec-6] order.controller.OrderController         : [PYTHIA_FINE_TRACE] service=ts-order-service endpoint=createOrder latency_ms=93
2026-03-11 16:27:14.943  INFO 1 --- [io-12031-exec-8] order.service.OrderServiceImpl           : [PYTHIA_FINE_TRACE] service=ts-order-service stage=service_create latency_ms=67
2026-03-11 16:27:14.943  INFO 1 --- [io-12031-exec-8] order.controller.OrderController         : [PYTHIA_FINE_TRACE] service=ts-order-service endpoint=createOrder latency_ms=67
2026-03-11 16:27:15.334  INFO 1 --- [io-12031-exec-9] order.service.OrderServiceImpl           : [PYTHIA_FINE_TRACE] service=ts-order-service stage=service_create latency_ms=113
2026-03-11 16:27:15.334  INFO 1 --- [io-12031-exec-9] order.controller.OrderController         : [PYTHIA_FINE_TRACE] service=ts-order-service endpoint=createOrder latency_ms=113
2026-03-11 16:27:15.736  INFO 1 --- [o-12031-exec-10] order.service.OrderServiceImpl           : [PYTHIA_FINE_TRACE] service=ts-order-service stage=service_create latency_ms=58
2026-03-11 16:27:15.736  INFO 1 --- [o-12031-exec-10] order.controller.OrderController         : [PYTHIA_FINE_TRACE] service=ts-order-service endpoint=createOrder latency_ms=58
2026-03-11 16:27:16.115  INFO 1 --- [io-12031-exec-1] order.service.OrderServiceImpl           : [PYTHIA_FINE_TRACE] service=ts-order-service stage=service_create latency_ms=85
2026-03-11 16:27:16.115  INFO 1 --- [io-12031-exec-1] order.controller.OrderController         : [PYTHIA_FINE_TRACE] service=ts-order-service endpoint=createOrder latency_ms=85
2026-03-11 16:27:16.621  INFO 1 --- [io-12031-exec-2] order.service.OrderServiceImpl           : [PYTHIA_FINE_TRACE] service=ts-order-service stage=service_create latency_ms=140
2026-03-11 16:27:16.621  INFO 1 --- [io-12031-exec-2] order.controller.OrderController         : [PYTHIA_FINE_TRACE] service=ts-order-service endpoint=createOrder latency_ms=140
2026-03-11 16:27:17.022  INFO 1 --- [io-12031-exec-4] order.service.OrderServiceImpl           : [PYTHIA_FINE_TRACE] service=ts-order-service stage=service_create latency_ms=99
2026-03-11 16:27:17.022  INFO 1 --- [io-12031-exec-4] order.controller.OrderController         : [PYTHIA_FINE_TRACE] service=ts-order-service endpoint=createOrder latency_ms=99
2026-03-11 16:27:17.423  INFO 1 --- [io-12031-exec-3] order.service.OrderServiceImpl           : [PYTHIA_FINE_TRACE] service=ts-order-service stage=service_create latency_ms=101
2026-03-11 16:27:17.423  INFO 1 --- [io-12031-exec-3] order.controller.OrderController         : [PYTHIA_FINE_TRACE] service=ts-order-service endpoint=createOrder latency_ms=101
