Picked up JAVA_TOOL_OPTIONS: -javaagent:/skywalking/agent/skywalking-agent.jar
DEBUG 2026-03-11 16:02:49:107 main AgentPackagePath : The beacon class location is jar:file:/skywalking/agent/skywalking-agent.jar!/org/apache/skywalking/apm/agent/core/boot/AgentPackagePath.class. 
INFO 2026-03-11 16:02:49:109 main SnifferConfigInitializer : Config file found in /skywalking/agent/config/agent.config. 

  .   ____          _            __ _ _
 /\\ / ___'_ __ _ _(_)_ __  __ _ \ \ \ \
( ( )\___ | '_ | '_| | '_ \/ _` | \ \ \ \
 \\/  ___)| |_)| | | | | || (_| |  ) ) ) )
  '  |____| .__|_| |_|_| |_\__, | / / / /
 =========|_|==============|___/=/_/_/_/
 :: Spring Boot ::       (v2.3.12.RELEASE)

2026-03-11 16:03:33.608  INFO 1 --- [           main] order.OrderApplication                   : No active profile set, falling back to default profiles: default
2026-03-11 16:03:50.424  INFO 1 --- [           main] .s.d.r.c.RepositoryConfigurationDelegate : Bootstrapping Spring Data JPA repositories in DEFAULT mode.
2026-03-11 16:03:55.815  INFO 1 --- [           main] .s.d.r.c.RepositoryConfigurationDelegate : Finished Spring Data repository scanning in 5296ms. Found 1 JPA repository interfaces.
2026-03-11 16:03:57.119  WARN 1 --- [           main] o.s.boot.actuate.endpoint.EndpointId     : Endpoint ID 'service-registry' contains invalid characters, please migrate to a valid format.
2026-03-11 16:03:59.316  INFO 1 --- [           main] o.s.cloud.context.scope.GenericScope     : BeanFactory id=ef1d0b1a-8a17-36e7-a2b7-09241cd1da3b
2026-03-11 16:03:59.522  INFO 1 --- [           main] faultConfiguringBeanFactoryPostProcessor : No bean named 'errorChannel' has been explicitly defined. Therefore, a default PublishSubscribeChannel will be created.
2026-03-11 16:03:59.816  INFO 1 --- [           main] faultConfiguringBeanFactoryPostProcessor : No bean named 'taskScheduler' has been explicitly defined. Therefore, a default ThreadPoolTaskScheduler will be created.
2026-03-11 16:03:59.918  INFO 1 --- [           main] faultConfiguringBeanFactoryPostProcessor : No bean named 'integrationHeaderChannelRegistry' has been explicitly defined. Therefore, a default DefaultHeaderChannelRegistry will be created.
2026-03-11 16:04:02.614  INFO 1 --- [           main] trationDelegate$BeanPostProcessorChecker : Bean 'org.springframework.security.access.expression.method.DefaultMethodSecurityExpressionHandler@577cf459' of type [org.springframework.security.access.expression.method.DefaultMethodSecurityExpressionHandler] is not eligible for getting processed by all BeanPostProcessors (for example: not eligible for auto-proxying)
2026-03-11 16:04:02.707  INFO 1 --- [           main] trationDelegate$BeanPostProcessorChecker : Bean 'methodSecurityMetadataSource' of type [org.springframework.security.access.method.DelegatingMethodSecurityMetadataSource] is not eligible for getting processed by all BeanPostProcessors (for example: not eligible for auto-proxying)
2026-03-11 16:04:02.916  INFO 1 --- [           main] trationDelegate$BeanPostProcessorChecker : Bean 'org.springframework.integration.config.IntegrationManagementConfiguration' of type [org.springframework.integration.config.IntegrationManagementConfiguration] is not eligible for getting processed by all BeanPostProcessors (for example: not eligible for auto-proxying)
2026-03-11 16:04:03.320  INFO 1 --- [           main] trationDelegate$BeanPostProcessorChecker : Bean 'integrationChannelResolver' of type [org.springframework.integration.support.channel.BeanFactoryChannelResolver] is not eligible for getting processed by all BeanPostProcessors (for example: not eligible for auto-proxying)
2026-03-11 16:04:03.401  INFO 1 --- [           main] trationDelegate$BeanPostProcessorChecker : Bean 'integrationDisposableAutoCreatedBeans' of type [org.springframework.integration.config.annotation.Disposables] is not eligible for getting processed by all BeanPostProcessors (for example: not eligible for auto-proxying)
2026-03-11 16:04:07.515  INFO 1 --- [           main] o.s.b.w.embedded.tomcat.TomcatWebServer  : Tomcat initialized with port(s): 12031 (http)
2026-03-11 16:04:07.616  INFO 1 --- [           main] o.apache.catalina.core.StandardService   : Starting service [Tomcat]
2026-03-11 16:04:07.616  INFO 1 --- [           main] org.apache.catalina.core.StandardEngine  : Starting Servlet engine: [Apache Tomcat/9.0.46]
2026-03-11 16:04:08.512  INFO 1 --- [           main] o.a.c.c.C.[Tomcat].[localhost].[/]       : Initializing Spring embedded WebApplicationContext
2026-03-11 16:04:08.512  INFO 1 --- [           main] w.s.c.ServletWebServerApplicationContext : Root WebApplicationContext: initialization completed in 34506 ms
2026-03-11 16:04:16.708  INFO 1 --- [           main] o.hibernate.jpa.internal.util.LogHelper  : HHH000204: Processing PersistenceUnitInfo [name: default]
2026-03-11 16:04:17.315  INFO 1 --- [           main] org.hibernate.Version                    : HHH000412: Hibernate ORM core version 5.4.32.Final
2026-03-11 16:04:19.617  INFO 1 --- [           main] o.hibernate.annotations.common.Version   : HCANN000001: Hibernate Commons Annotations {5.1.2.Final}
2026-03-11 16:04:20.938  INFO 1 --- [           main] com.zaxxer.hikari.HikariDataSource       : HikariPool-1 - Starting...
2026-03-11 16:04:24.412  INFO 1 --- [           main] com.zaxxer.hikari.HikariDataSource       : HikariPool-1 - Start completed.
2026-03-11 16:04:24.809  INFO 1 --- [           main] org.hibernate.dialect.Dialect            : HHH000400: Using dialect: org.hibernate.dialect.MySQL5Dialect
2026-03-11 16:04:32.420  INFO 1 --- [           main] o.h.e.t.j.p.i.JtaPlatformInitiator       : HHH000490: Using JtaPlatform implementation: [org.hibernate.engine.transaction.jta.platform.internal.NoJtaPlatform]
2026-03-11 16:04:32.519  INFO 1 --- [           main] j.LocalContainerEntityManagerFactoryBean : Initialized JPA EntityManagerFactory for persistence unit 'default'
2026-03-11 16:04:33.211  WARN 1 --- [           main] JpaBaseConfiguration$JpaWebConfiguration : spring.jpa.open-in-view is enabled by default. Therefore, database queries may be performed during view rendering. Explicitly configure spring.jpa.open-in-view to disable this warning
2026-03-11 16:04:47.825  INFO 1 --- [           main] org.reflections.Reflections              : Reflections took 603 ms to scan 1 urls, producing 3 keys and 6 values 
2026-03-11 16:04:48.522  INFO 1 --- [           main] org.reflections.Reflections              : Reflections took 298 ms to scan 1 urls, producing 4 keys and 9 values 
2026-03-11 16:04:48.820  INFO 1 --- [           main] org.reflections.Reflections              : Reflections took 215 ms to scan 1 urls, producing 3 keys and 10 values 
2026-03-11 16:04:50.229  INFO 1 --- [           main] org.reflections.Reflections              : Reflections took 1403 ms to scan 158 urls, producing 0 keys and 0 values 
2026-03-11 16:04:50.348  INFO 1 --- [           main] org.reflections.Reflections              : Reflections took 118 ms to scan 1 urls, producing 1 keys and 5 values 
2026-03-11 16:04:50.624  INFO 1 --- [           main] org.reflections.Reflections              : Reflections took 215 ms to scan 1 urls, producing 1 keys and 7 values 
2026-03-11 16:04:50.822  INFO 1 --- [           main] org.reflections.Reflections              : Reflections took 191 ms to scan 1 urls, producing 2 keys and 8 values 
2026-03-11 16:04:51.930  INFO 1 --- [           main] org.reflections.Reflections              : Reflections took 1102 ms to scan 158 urls, producing 0 keys and 0 values 
2026-03-11 16:05:00.921  INFO 1 --- [           main] o.s.b.a.e.web.EndpointLinksResolver      : Exposing 2 endpoint(s) beneath base path '/actuator'
2026-03-11 16:05:02.722  INFO 1 --- [           main] .s.s.UserDetailsServiceAutoConfiguration : 

Using generated security password: e0816eb6-5764-428e-8119-89b9d9f1677d

2026-03-11 16:05:04.108  INFO 1 --- [           main] o.s.s.web.DefaultSecurityFilterChain     : Creating filter chain: any request, [org.springframework.security.web.context.request.async.WebAsyncManagerIntegrationFilter@577d001f, org.springframework.security.web.context.SecurityContextPersistenceFilter@73cf33bd, org.springframework.security.web.header.HeaderWriterFilter@764f6eb0, org.springframework.security.web.authentication.logout.LogoutFilter@74055597, edu.fudan.common.security.jwt.JWTFilter@708f8545, org.springframework.security.web.savedrequest.RequestCacheAwareFilter@40a38a44, org.springframework.security.web.servletapi.SecurityContextHolderAwareRequestFilter@1d6daa8a, org.springframework.security.web.authentication.AnonymousAuthenticationFilter@2a19eaf0, org.springframework.security.web.session.SessionManagementFilter@47651c28, org.springframework.security.web.access.ExceptionTranslationFilter@7292470c, org.springframework.security.web.access.intercept.FilterSecurityInterceptor@36c222ef]
2026-03-11 16:05:04.503  WARN 1 --- [           main] c.n.c.sources.URLConfigurationSource     : No URLs will be polled as dynamic configuration sources.
2026-03-11 16:05:04.503  INFO 1 --- [           main] c.n.c.sources.URLConfigurationSource     : To enable URLs as dynamic configuration sources, define System property archaius.configurationSource.additionalUrls or make config.properties available on classpath.
2026-03-11 16:05:04.609  WARN 1 --- [           main] c.n.c.sources.URLConfigurationSource     : No URLs will be polled as dynamic configuration sources.
2026-03-11 16:05:04.609  INFO 1 --- [           main] c.n.c.sources.URLConfigurationSource     : To enable URLs as dynamic configuration sources, define System property archaius.configurationSource.additionalUrls or make config.properties available on classpath.
2026-03-11 16:05:05.413  INFO 1 --- [           main] o.s.s.concurrent.ThreadPoolTaskExecutor  : Initializing ExecutorService 'applicationTaskExecutor'
2026-03-11 16:05:07.220  INFO 1 --- [           main] o.s.s.c.ThreadPoolTaskScheduler          : Initializing ExecutorService 'Nacos-Watch-Task-Scheduler'
2026-03-11 16:05:10.313  INFO 1 --- [           main] o.s.s.c.ThreadPoolTaskScheduler          : Initializing ExecutorService 'taskScheduler'
2026-03-11 16:05:11.215  INFO 1 --- [           main] o.s.i.endpoint.EventDrivenConsumer       : Adding {logging-channel-adapter:_org.springframework.integration.errorLogger} as a subscriber to the 'errorChannel' channel
2026-03-11 16:05:11.215  INFO 1 --- [           main] o.s.i.channel.PublishSubscribeChannel    : Channel 'application-1.errorChannel' has 1 subscriber(s).
2026-03-11 16:05:11.215  INFO 1 --- [           main] o.s.i.endpoint.EventDrivenConsumer       : started bean '_org.springframework.integration.errorLogger'
2026-03-11 16:05:11.812  INFO 1 --- [           main] o.s.b.w.embedded.tomcat.TomcatWebServer  : Tomcat started on port(s): 12031 (http) with context path ''
2026-03-11 16:05:11.906  INFO 1 --- [           main] c.a.c.n.registry.NacosServiceRegistry    : nacos registry, DEFAULT_GROUP ts-order-service 10.244.0.80:12031 register finished
2026-03-11 16:05:12.110  INFO 1 --- [           main] d.s.w.p.DocumentationPluginsBootstrapper : Context refreshed
2026-03-11 16:05:12.619  INFO 1 --- [           main] d.s.w.p.DocumentationPluginsBootstrapper : Found 1 custom documentation plugin(s)
2026-03-11 16:05:12.721  INFO 1 --- [           main] s.d.s.w.s.ApiListingReferenceScanner     : Scanning for api listing references
2026-03-11 16:05:14.307  INFO 1 --- [io-12031-exec-1] o.a.c.c.C.[Tomcat].[localhost].[/]       : Initializing Spring DispatcherServlet 'dispatcherServlet'
2026-03-11 16:05:14.308  INFO 1 --- [io-12031-exec-1] o.s.web.servlet.DispatcherServlet        : Initializing Servlet 'dispatcherServlet'
2026-03-11 16:05:14.516  INFO 1 --- [io-12031-exec-1] o.s.web.servlet.DispatcherServlet        : Completed initialization in 208 ms
2026-03-11 16:05:16.812  INFO 1 --- [           main] .d.s.w.r.o.CachingOperationNameGenerator : Generating unique operation named: handleUsingGET_1
2026-03-11 16:05:16.902  INFO 1 --- [           main] .d.s.w.r.o.CachingOperationNameGenerator : Generating unique operation named: handleUsingGET_2
2026-03-11 16:05:18.204  INFO 1 --- [           main] order.OrderApplication                   : Started OrderApplication in 121.888 seconds (JVM running for 149.366)
2026-03-11 16:05:19.612  INFO 1 --- [io-12031-exec-1] order.controller.OrderController         : [createNewOrder][Create Order][from shanghai to taiyuan at 1970-01-02 18:17:36]
2026-03-11 16:05:19.612  INFO 1 --- [io-12031-exec-1] order.service.OrderServiceImpl           : [create][Create Order][Ready to Create Order]
2026-03-11 16:05:19.913  INFO 1 --- [io-12031-exec-1] order.service.OrderServiceImpl           : [PYTHIA_DELAY] artificial_delay=300ms
2026-03-11 16:05:20.603  INFO 1 --- [           main] order.service.OrderServiceImpl           : [initOrder][Init Order Success][OrderId: 5ad7750b-a68b-49c0-a8c0-32776b067703]
2026-03-11 16:05:20.710  INFO 1 --- [           main] order.service.OrderServiceImpl           : [initOrder][Init Order Success][OrderId: 8177ac5a-61ac-42f4-83f4-bd7b394d0531]
2026-03-11 16:05:20.902  INFO 1 --- [           main] order.service.OrderServiceImpl           : [initOrder][Init Order Success][OrderId: d3c91694-d5b8-424c-9974-e14c89226e49]
2026-03-11 16:05:23.303  INFO 1 --- [io-12031-exec-1] order.service.OrderServiceImpl           : [create][Order Create Success][Order Price][OrderId:5a1bd984-8fe8-42a9-890f-0228a6e01b82 , Price: 0.0]
2026-03-11 16:05:23.303  INFO 1 --- [io-12031-exec-1] order.service.OrderServiceImpl           : [PYTHIA_FINE_TRACE] service=ts-order-service stage=service_create latency_ms=3691
2026-03-11 16:05:23.308  INFO 1 --- [io-12031-exec-1] order.controller.OrderController         : [PYTHIA_FINE_TRACE] service=ts-order-service endpoint=createOrder latency_ms=3696
2026-03-11 16:05:54.427  INFO 1 --- [io-12031-exec-6] order.controller.OrderController         : [createNewOrder][Create Order][from shanghai to taiyuan at 1970-01-02 18:17:36]
2026-03-11 16:05:54.427  INFO 1 --- [io-12031-exec-6] order.service.OrderServiceImpl           : [create][Create Order][Ready to Create Order]
2026-03-11 16:05:54.727  INFO 1 --- [io-12031-exec-6] order.service.OrderServiceImpl           : [PYTHIA_DELAY] artificial_delay=300ms
2026-03-11 16:05:55.118  INFO 1 --- [io-12031-exec-6] order.service.OrderServiceImpl           : [create][Order Create Success][Order Price][OrderId:127b3d7c-288f-4601-bfe9-3a90a0aef120 , Price: 0.0]
2026-03-11 16:05:55.118  INFO 1 --- [io-12031-exec-6] order.service.OrderServiceImpl           : [PYTHIA_FINE_TRACE] service=ts-order-service stage=service_create latency_ms=691
2026-03-11 16:05:55.118  INFO 1 --- [io-12031-exec-6] order.controller.OrderController         : [PYTHIA_FINE_TRACE] service=ts-order-service endpoint=createOrder latency_ms=691
2026-03-11 16:05:55.429  INFO 1 --- [io-12031-exec-8] order.controller.OrderController         : [createNewOrder][Create Order][from shanghai to taiyuan at 1970-01-02 18:17:36]
2026-03-11 16:05:55.429  INFO 1 --- [io-12031-exec-8] order.service.OrderServiceImpl           : [create][Create Order][Ready to Create Order]
2026-03-11 16:05:55.801  INFO 1 --- [io-12031-exec-8] order.service.OrderServiceImpl           : [create][Order Create Success][Order Price][OrderId:aec39a11-df6b-4db6-acc4-e88514ac8134 , Price: 0.0]
2026-03-11 16:05:55.801  INFO 1 --- [io-12031-exec-8] order.service.OrderServiceImpl           : [PYTHIA_FINE_TRACE] service=ts-order-service stage=service_create latency_ms=372
2026-03-11 16:05:55.801  INFO 1 --- [io-12031-exec-8] order.controller.OrderController         : [PYTHIA_FINE_TRACE] service=ts-order-service endpoint=createOrder latency_ms=372
2026-03-11 16:05:56.124  INFO 1 --- [io-12031-exec-7] order.controller.OrderController         : [createNewOrder][Create Order][from shanghai to taiyuan at 1970-01-02 18:17:36]
2026-03-11 16:05:56.125  INFO 1 --- [io-12031-exec-7] order.service.OrderServiceImpl           : [create][Create Order][Ready to Create Order]
2026-03-11 16:05:56.425  INFO 1 --- [io-12031-exec-7] order.service.OrderServiceImpl           : [PYTHIA_DELAY] artificial_delay=300ms
2026-03-11 16:05:56.703  INFO 1 --- [io-12031-exec-7] order.service.OrderServiceImpl           : [create][Order Create Success][Order Price][OrderId:732c7298-0068-4928-afd5-0258fa103d83 , Price: 0.0]
2026-03-11 16:05:56.703  INFO 1 --- [io-12031-exec-7] order.service.OrderServiceImpl           : [PYTHIA_FINE_TRACE] service=ts-order-service stage=service_create latency_ms=578
2026-03-11 16:05:56.703  INFO 1 --- [io-12031-exec-7] order.controller.OrderController         : [PYTHIA_FINE_TRACE] service=ts-order-service endpoint=createOrder latency_ms=579
2026-03-11 16:05:57.031  INFO 1 --- [io-12031-exec-9] order.controller.OrderController         : [createNewOrder][Create Order][from shanghai to taiyuan at 1970-01-02 18:17:36]
2026-03-11 16:05:57.031  INFO 1 --- [io-12031-exec-9] order.service.OrderServiceImpl           : [create][Create Order][Ready to Create Order]
2026-03-11 16:05:57.332  INFO 1 --- [io-12031-exec-9] order.service.OrderServiceImpl           : [PYTHIA_DELAY] artificial_delay=300ms
2026-03-11 16:05:57.520  INFO 1 --- [io-12031-exec-9] order.service.OrderServiceImpl           : [create][Order Create Success][Order Price][OrderId:96f6c44c-c8f6-45ab-bc49-527b6d505dad , Price: 0.0]
2026-03-11 16:05:57.520  INFO 1 --- [io-12031-exec-9] order.service.OrderServiceImpl           : [PYTHIA_FINE_TRACE] service=ts-order-service stage=service_create latency_ms=489
2026-03-11 16:05:57.520  INFO 1 --- [io-12031-exec-9] order.controller.OrderController         : [PYTHIA_FINE_TRACE] service=ts-order-service endpoint=createOrder latency_ms=489
2026-03-11 16:05:57.985  INFO 1 --- [io-12031-exec-2] order.controller.OrderController         : [createNewOrder][Create Order][from shanghai to taiyuan at 1970-01-02 18:17:36]
2026-03-11 16:05:57.985  INFO 1 --- [io-12031-exec-2] order.service.OrderServiceImpl           : [create][Create Order][Ready to Create Order]
2026-03-11 16:05:58.202  INFO 1 --- [io-12031-exec-2] order.service.OrderServiceImpl           : [create][Order Create Success][Order Price][OrderId:72d96de5-ad7f-415b-9537-3eed675e1717 , Price: 0.0]
2026-03-11 16:05:58.202  INFO 1 --- [io-12031-exec-2] order.service.OrderServiceImpl           : [PYTHIA_FINE_TRACE] service=ts-order-service stage=service_create latency_ms=217
2026-03-11 16:05:58.202  INFO 1 --- [io-12031-exec-2] order.controller.OrderController         : [PYTHIA_FINE_TRACE] service=ts-order-service endpoint=createOrder latency_ms=217
2026-03-11 16:05:58.527  INFO 1 --- [io-12031-exec-1] order.controller.OrderController         : [createNewOrder][Create Order][from shanghai to taiyuan at 1970-01-02 18:17:36]
2026-03-11 16:05:58.527  INFO 1 --- [io-12031-exec-1] order.service.OrderServiceImpl           : [create][Create Order][Ready to Create Order]
2026-03-11 16:05:58.828  INFO 1 --- [io-12031-exec-1] order.service.OrderServiceImpl           : [PYTHIA_DELAY] artificial_delay=300ms
2026-03-11 16:05:59.114  INFO 1 --- [io-12031-exec-1] order.service.OrderServiceImpl           : [create][Order Create Success][Order Price][OrderId:9f084e3f-6b4a-4ce7-8fe7-06e497b69c4b , Price: 0.0]
2026-03-11 16:05:59.114  INFO 1 --- [io-12031-exec-1] order.service.OrderServiceImpl           : [PYTHIA_FINE_TRACE] service=ts-order-service stage=service_create latency_ms=587
2026-03-11 16:05:59.114  INFO 1 --- [io-12031-exec-1] order.controller.OrderController         : [PYTHIA_FINE_TRACE] service=ts-order-service endpoint=createOrder latency_ms=587
2026-03-11 16:05:59.430  INFO 1 --- [io-12031-exec-3] order.controller.OrderController         : [createNewOrder][Create Order][from shanghai to taiyuan at 1970-01-02 18:17:36]
2026-03-11 16:05:59.430  INFO 1 --- [io-12031-exec-3] order.service.OrderServiceImpl           : [create][Create Order][Ready to Create Order]
2026-03-11 16:05:59.721  INFO 1 --- [io-12031-exec-3] order.service.OrderServiceImpl           : [create][Order Create Success][Order Price][OrderId:14cb3333-81a4-4b69-8da1-3a65816dd552 , Price: 0.0]
2026-03-11 16:05:59.721  INFO 1 --- [io-12031-exec-3] order.service.OrderServiceImpl           : [PYTHIA_FINE_TRACE] service=ts-order-service stage=service_create latency_ms=291
2026-03-11 16:05:59.721  INFO 1 --- [io-12031-exec-3] order.controller.OrderController         : [PYTHIA_FINE_TRACE] service=ts-order-service endpoint=createOrder latency_ms=291
2026-03-11 16:06:00.119  INFO 1 --- [io-12031-exec-4] order.controller.OrderController         : [createNewOrder][Create Order][from shanghai to taiyuan at 1970-01-02 18:17:36]
2026-03-11 16:06:00.119  INFO 1 --- [io-12031-exec-4] order.service.OrderServiceImpl           : [create][Create Order][Ready to Create Order]
2026-03-11 16:06:00.419  INFO 1 --- [io-12031-exec-4] order.service.OrderServiceImpl           : [PYTHIA_DELAY] artificial_delay=300ms
2026-03-11 16:06:00.616  INFO 1 --- [io-12031-exec-4] order.service.OrderServiceImpl           : [create][Order Create Success][Order Price][OrderId:afc34c61-ad7e-4559-8f58-3b5f02670762 , Price: 0.0]
2026-03-11 16:06:00.616  INFO 1 --- [io-12031-exec-4] order.service.OrderServiceImpl           : [PYTHIA_FINE_TRACE] service=ts-order-service stage=service_create latency_ms=497
2026-03-11 16:06:00.616  INFO 1 --- [io-12031-exec-4] order.controller.OrderController         : [PYTHIA_FINE_TRACE] service=ts-order-service endpoint=createOrder latency_ms=497
2026-03-11 16:06:00.931  INFO 1 --- [io-12031-exec-5] order.controller.OrderController         : [createNewOrder][Create Order][from shanghai to taiyuan at 1970-01-02 18:17:36]
2026-03-11 16:06:00.931  INFO 1 --- [io-12031-exec-5] order.service.OrderServiceImpl           : [create][Create Order][Ready to Create Order]
2026-03-11 16:06:01.131  INFO 1 --- [io-12031-exec-5] order.service.OrderServiceImpl           : [create][Order Create Success][Order Price][OrderId:3b580157-07b1-48c4-8fac-c3e48ca560ca , Price: 0.0]
2026-03-11 16:06:01.131  INFO 1 --- [io-12031-exec-5] order.service.OrderServiceImpl           : [PYTHIA_FINE_TRACE] service=ts-order-service stage=service_create latency_ms=200
2026-03-11 16:06:01.131  INFO 1 --- [io-12031-exec-5] order.controller.OrderController         : [PYTHIA_FINE_TRACE] service=ts-order-service endpoint=createOrder latency_ms=200
2026-03-11 16:06:01.525  INFO 1 --- [io-12031-exec-6] order.controller.OrderController         : [createNewOrder][Create Order][from shanghai to taiyuan at 1970-01-02 18:17:36]
2026-03-11 16:06:01.525  INFO 1 --- [io-12031-exec-6] order.service.OrderServiceImpl           : [create][Create Order][Ready to Create Order]
2026-03-11 16:06:01.802  INFO 1 --- [io-12031-exec-6] order.service.OrderServiceImpl           : [create][Order Create Success][Order Price][OrderId:66d80523-f135-4096-b041-6817ee2a0218 , Price: 0.0]
2026-03-11 16:06:01.802  INFO 1 --- [io-12031-exec-6] order.service.OrderServiceImpl           : [PYTHIA_FINE_TRACE] service=ts-order-service stage=service_create latency_ms=277
2026-03-11 16:06:01.802  INFO 1 --- [io-12031-exec-6] order.controller.OrderController         : [PYTHIA_FINE_TRACE] service=ts-order-service endpoint=createOrder latency_ms=277
2026-03-11 16:06:02.129  INFO 1 --- [io-12031-exec-8] order.controller.OrderController         : [createNewOrder][Create Order][from shanghai to taiyuan at 1970-01-02 18:17:36]
2026-03-11 16:06:02.129  INFO 1 --- [io-12031-exec-8] order.service.OrderServiceImpl           : [create][Create Order][Ready to Create Order]
2026-03-11 16:06:02.429  INFO 1 --- [io-12031-exec-8] order.service.OrderServiceImpl           : [PYTHIA_DELAY] artificial_delay=300ms
2026-03-11 16:06:02.602  INFO 1 --- [io-12031-exec-8] order.service.OrderServiceImpl           : [create][Order Create Success][Order Price][OrderId:5428d3bd-57e3-48a2-a4a2-2a6d27b88338 , Price: 0.0]
2026-03-11 16:06:02.603  INFO 1 --- [io-12031-exec-8] order.service.OrderServiceImpl           : [PYTHIA_FINE_TRACE] service=ts-order-service stage=service_create latency_ms=474
2026-03-11 16:06:02.603  INFO 1 --- [io-12031-exec-8] order.controller.OrderController         : [PYTHIA_FINE_TRACE] service=ts-order-service endpoint=createOrder latency_ms=474
2026-03-11 16:06:02.934  INFO 1 --- [io-12031-exec-7] order.controller.OrderController         : [createNewOrder][Create Order][from shanghai to taiyuan at 1970-01-02 18:17:36]
2026-03-11 16:06:02.934  INFO 1 --- [io-12031-exec-7] order.service.OrderServiceImpl           : [create][Create Order][Ready to Create Order]
2026-03-11 16:06:03.234  INFO 1 --- [io-12031-exec-7] order.service.OrderServiceImpl           : [PYTHIA_DELAY] artificial_delay=300ms
2026-03-11 16:06:03.418  INFO 1 --- [io-12031-exec-7] order.service.OrderServiceImpl           : [create][Order Create Success][Order Price][OrderId:4b0466c8-b391-43d0-9be3-1d54ce899c5b , Price: 0.0]
2026-03-11 16:06:03.418  INFO 1 --- [io-12031-exec-7] order.service.OrderServiceImpl           : [PYTHIA_FINE_TRACE] service=ts-order-service stage=service_create latency_ms=484
2026-03-11 16:06:03.419  INFO 1 --- [io-12031-exec-7] order.controller.OrderController         : [PYTHIA_FINE_TRACE] service=ts-order-service endpoint=createOrder latency_ms=485
2026-03-11 16:06:03.728  INFO 1 --- [o-12031-exec-10] order.controller.OrderController         : [createNewOrder][Create Order][from shanghai to taiyuan at 1970-01-02 18:17:36]
2026-03-11 16:06:03.728  INFO 1 --- [o-12031-exec-10] order.service.OrderServiceImpl           : [create][Create Order][Ready to Create Order]
2026-03-11 16:06:03.821  INFO 1 --- [o-12031-exec-10] order.service.OrderServiceImpl           : [create][Order Create Success][Order Price][OrderId:201be638-ae02-4114-b5a4-3db01f018742 , Price: 0.0]
2026-03-11 16:06:03.821  INFO 1 --- [o-12031-exec-10] order.service.OrderServiceImpl           : [PYTHIA_FINE_TRACE] service=ts-order-service stage=service_create latency_ms=93
2026-03-11 16:06:03.821  INFO 1 --- [o-12031-exec-10] order.controller.OrderController         : [PYTHIA_FINE_TRACE] service=ts-order-service endpoint=createOrder latency_ms=93
2026-03-11 16:06:04.225  INFO 1 --- [io-12031-exec-9] order.controller.OrderController         : [createNewOrder][Create Order][from shanghai to taiyuan at 1970-01-02 18:17:36]
2026-03-11 16:06:04.225  INFO 1 --- [io-12031-exec-9] order.service.OrderServiceImpl           : [create][Create Order][Ready to Create Order]
2026-03-11 16:06:04.525  INFO 1 --- [io-12031-exec-9] order.service.OrderServiceImpl           : [PYTHIA_DELAY] artificial_delay=300ms
2026-03-11 16:06:04.619  INFO 1 --- [io-12031-exec-9] order.service.OrderServiceImpl           : [create][Order Create Success][Order Price][OrderId:f3d869b3-170f-4577-8adf-52dc5d8cbfdc , Price: 0.0]
2026-03-11 16:06:04.619  INFO 1 --- [io-12031-exec-9] order.service.OrderServiceImpl           : [PYTHIA_FINE_TRACE] service=ts-order-service stage=service_create latency_ms=394
2026-03-11 16:06:04.620  INFO 1 --- [io-12031-exec-9] order.controller.OrderController         : [PYTHIA_FINE_TRACE] service=ts-order-service endpoint=createOrder latency_ms=395
2026-03-11 16:06:05.094  INFO 1 --- [io-12031-exec-2] order.controller.OrderController         : [createNewOrder][Create Order][from shanghai to taiyuan at 1970-01-02 18:17:36]
2026-03-11 16:06:05.094  INFO 1 --- [io-12031-exec-2] order.service.OrderServiceImpl           : [create][Create Order][Ready to Create Order]
2026-03-11 16:06:05.212  INFO 1 --- [io-12031-exec-2] order.service.OrderServiceImpl           : [create][Order Create Success][Order Price][OrderId:2af0af41-c04b-4bfd-a739-b2db0b47aa84 , Price: 0.0]
2026-03-11 16:06:05.212  INFO 1 --- [io-12031-exec-2] order.service.OrderServiceImpl           : [PYTHIA_FINE_TRACE] service=ts-order-service stage=service_create latency_ms=118
2026-03-11 16:06:05.212  INFO 1 --- [io-12031-exec-2] order.controller.OrderController         : [PYTHIA_FINE_TRACE] service=ts-order-service endpoint=createOrder latency_ms=118
2026-03-11 16:06:05.528  INFO 1 --- [io-12031-exec-1] order.controller.OrderController         : [createNewOrder][Create Order][from shanghai to taiyuan at 1970-01-02 18:17:36]
2026-03-11 16:06:05.529  INFO 1 --- [io-12031-exec-1] order.service.OrderServiceImpl           : [create][Create Order][Ready to Create Order]
2026-03-11 16:06:05.702  INFO 1 --- [io-12031-exec-1] order.service.OrderServiceImpl           : [create][Order Create Success][Order Price][OrderId:199e6f9e-5ac9-43c7-a565-350261a3fd3f , Price: 0.0]
2026-03-11 16:06:05.702  INFO 1 --- [io-12031-exec-1] order.service.OrderServiceImpl           : [PYTHIA_FINE_TRACE] service=ts-order-service stage=service_create latency_ms=173
2026-03-11 16:06:05.702  INFO 1 --- [io-12031-exec-1] order.controller.OrderController         : [PYTHIA_FINE_TRACE] service=ts-order-service endpoint=createOrder latency_ms=174
2026-03-11 16:06:06.025  INFO 1 --- [io-12031-exec-3] order.controller.OrderController         : [createNewOrder][Create Order][from shanghai to taiyuan at 1970-01-02 18:17:36]
2026-03-11 16:06:06.025  INFO 1 --- [io-12031-exec-3] order.service.OrderServiceImpl           : [create][Create Order][Ready to Create Order]
2026-03-11 16:06:06.115  INFO 1 --- [io-12031-exec-3] order.service.OrderServiceImpl           : [create][Order Create Success][Order Price][OrderId:d63c9ddb-62a4-4b40-93e2-7258b9cdb0c0 , Price: 0.0]
2026-03-11 16:06:06.115  INFO 1 --- [io-12031-exec-3] order.service.OrderServiceImpl           : [PYTHIA_FINE_TRACE] service=ts-order-service stage=service_create latency_ms=90
2026-03-11 16:06:06.115  INFO 1 --- [io-12031-exec-3] order.controller.OrderController         : [PYTHIA_FINE_TRACE] service=ts-order-service endpoint=createOrder latency_ms=90
2026-03-11 16:06:06.428  INFO 1 --- [io-12031-exec-4] order.controller.OrderController         : [createNewOrder][Create Order][from shanghai to taiyuan at 1970-01-02 18:17:36]
2026-03-11 16:06:06.429  INFO 1 --- [io-12031-exec-4] order.service.OrderServiceImpl           : [create][Create Order][Ready to Create Order]
2026-03-11 16:06:06.729  INFO 1 --- [io-12031-exec-4] order.service.OrderServiceImpl           : [PYTHIA_DELAY] artificial_delay=300ms
2026-03-11 16:06:06.810  INFO 1 --- [io-12031-exec-4] order.service.OrderServiceImpl           : [create][Order Create Success][Order Price][OrderId:dd461a9a-0ea9-4f50-b9c8-2d65f8a0196b , Price: 0.0]
2026-03-11 16:06:06.810  INFO 1 --- [io-12031-exec-4] order.service.OrderServiceImpl           : [PYTHIA_FINE_TRACE] service=ts-order-service stage=service_create latency_ms=381
2026-03-11 16:06:06.810  INFO 1 --- [io-12031-exec-4] order.controller.OrderController         : [PYTHIA_FINE_TRACE] service=ts-order-service endpoint=createOrder latency_ms=382
2026-03-11 16:06:07.199  INFO 1 --- [io-12031-exec-6] order.controller.OrderController         : [createNewOrder][Create Order][from shanghai to taiyuan at 1970-01-02 18:17:36]
2026-03-11 16:06:07.199  INFO 1 --- [io-12031-exec-6] order.service.OrderServiceImpl           : [create][Create Order][Ready to Create Order]
2026-03-11 16:06:07.242  INFO 1 --- [io-12031-exec-6] order.service.OrderServiceImpl           : [create][Order Create Success][Order Price][OrderId:08c24cce-be63-495a-b2f7-1681812dac6f , Price: 0.0]
2026-03-11 16:06:07.242  INFO 1 --- [io-12031-exec-6] order.service.OrderServiceImpl           : [PYTHIA_FINE_TRACE] service=ts-order-service stage=service_create latency_ms=43
2026-03-11 16:06:07.242  INFO 1 --- [io-12031-exec-6] order.controller.OrderController         : [PYTHIA_FINE_TRACE] service=ts-order-service endpoint=createOrder latency_ms=43
2026-03-11 16:06:07.623  INFO 1 --- [io-12031-exec-8] order.controller.OrderController         : [createNewOrder][Create Order][from shanghai to taiyuan at 1970-01-02 18:17:36]
2026-03-11 16:06:07.623  INFO 1 --- [io-12031-exec-8] order.service.OrderServiceImpl           : [create][Create Order][Ready to Create Order]
2026-03-11 16:06:07.717  INFO 1 --- [io-12031-exec-8] order.service.OrderServiceImpl           : [create][Order Create Success][Order Price][OrderId:3fba8cf1-948a-4eb8-a04a-5ba03889a929 , Price: 0.0]
2026-03-11 16:06:07.717  INFO 1 --- [io-12031-exec-8] order.service.OrderServiceImpl           : [PYTHIA_FINE_TRACE] service=ts-order-service stage=service_create latency_ms=94
2026-03-11 16:06:07.718  INFO 1 --- [io-12031-exec-8] order.controller.OrderController         : [PYTHIA_FINE_TRACE] service=ts-order-service endpoint=createOrder latency_ms=95
2026-03-11 16:06:08.028  INFO 1 --- [io-12031-exec-7] order.controller.OrderController         : [createNewOrder][Create Order][from shanghai to taiyuan at 1970-01-02 18:17:36]
2026-03-11 16:06:08.028  INFO 1 --- [io-12031-exec-7] order.service.OrderServiceImpl           : [create][Create Order][Ready to Create Order]
2026-03-11 16:06:08.328  INFO 1 --- [io-12031-exec-7] order.service.OrderServiceImpl           : [PYTHIA_DELAY] artificial_delay=300ms
2026-03-11 16:06:08.372  INFO 1 --- [io-12031-exec-7] order.service.OrderServiceImpl           : [create][Order Create Success][Order Price][OrderId:9b3394c1-63e2-4c8d-9a23-a2ec83a8bccc , Price: 0.0]
2026-03-11 16:06:08.373  INFO 1 --- [io-12031-exec-7] order.service.OrderServiceImpl           : [PYTHIA_FINE_TRACE] service=ts-order-service stage=service_create latency_ms=345
2026-03-11 16:06:08.373  INFO 1 --- [io-12031-exec-7] order.controller.OrderController         : [PYTHIA_FINE_TRACE] service=ts-order-service endpoint=createOrder latency_ms=345
2026-03-11 16:06:08.707  INFO 1 --- [o-12031-exec-10] order.controller.OrderController         : [createNewOrder][Create Order][from shanghai to taiyuan at 1970-01-02 18:17:36]
2026-03-11 16:06:08.708  INFO 1 --- [o-12031-exec-10] order.service.OrderServiceImpl           : [create][Create Order][Ready to Create Order]
2026-03-11 16:06:09.008  INFO 1 --- [o-12031-exec-10] order.service.OrderServiceImpl           : [PYTHIA_DELAY] artificial_delay=300ms
2026-03-11 16:06:09.107  INFO 1 --- [o-12031-exec-10] order.service.OrderServiceImpl           : [create][Order Create Success][Order Price][OrderId:255814c8-91a3-4d22-93d6-bcf1b61fb54b , Price: 0.0]
2026-03-11 16:06:09.107  INFO 1 --- [o-12031-exec-10] order.service.OrderServiceImpl           : [PYTHIA_FINE_TRACE] service=ts-order-service stage=service_create latency_ms=400
2026-03-11 16:06:09.107  INFO 1 --- [o-12031-exec-10] order.controller.OrderController         : [PYTHIA_FINE_TRACE] service=ts-order-service endpoint=createOrder latency_ms=400
2026-03-11 16:06:09.431  INFO 1 --- [io-12031-exec-9] order.controller.OrderController         : [createNewOrder][Create Order][from shanghai to taiyuan at 1970-01-02 18:17:36]
2026-03-11 16:06:09.431  INFO 1 --- [io-12031-exec-9] order.service.OrderServiceImpl           : [create][Create Order][Ready to Create Order]
2026-03-11 16:06:09.732  INFO 1 --- [io-12031-exec-9] order.service.OrderServiceImpl           : [PYTHIA_DELAY] artificial_delay=300ms
2026-03-11 16:06:09.774  INFO 1 --- [io-12031-exec-9] order.service.OrderServiceImpl           : [create][Order Create Success][Order Price][OrderId:12fee7b1-fc0f-447e-8837-5dfabfba4af9 , Price: 0.0]
2026-03-11 16:06:09.774  INFO 1 --- [io-12031-exec-9] order.service.OrderServiceImpl           : [PYTHIA_FINE_TRACE] service=ts-order-service stage=service_create latency_ms=343
2026-03-11 16:06:09.774  INFO 1 --- [io-12031-exec-9] order.controller.OrderController         : [PYTHIA_FINE_TRACE] service=ts-order-service endpoint=createOrder latency_ms=343
2026-03-11 16:06:10.101  INFO 1 --- [io-12031-exec-2] order.controller.OrderController         : [createNewOrder][Create Order][from shanghai to taiyuan at 1970-01-02 18:17:36]
2026-03-11 16:06:10.101  INFO 1 --- [io-12031-exec-2] order.service.OrderServiceImpl           : [create][Create Order][Ready to Create Order]
2026-03-11 16:06:10.401  INFO 1 --- [io-12031-exec-2] order.service.OrderServiceImpl           : [PYTHIA_DELAY] artificial_delay=300ms
2026-03-11 16:06:10.515  INFO 1 --- [io-12031-exec-2] order.service.OrderServiceImpl           : [create][Order Create Success][Order Price][OrderId:7f4b01d6-c459-4a02-a67e-a520f6d55ee6 , Price: 0.0]
2026-03-11 16:06:10.516  INFO 1 --- [io-12031-exec-2] order.service.OrderServiceImpl           : [PYTHIA_FINE_TRACE] service=ts-order-service stage=service_create latency_ms=414
2026-03-11 16:06:10.516  INFO 1 --- [io-12031-exec-2] order.controller.OrderController         : [PYTHIA_FINE_TRACE] service=ts-order-service endpoint=createOrder latency_ms=415
2026-03-11 16:06:10.827  INFO 1 --- [io-12031-exec-1] order.controller.OrderController         : [createNewOrder][Create Order][from shanghai to taiyuan at 1970-01-02 18:17:36]
2026-03-11 16:06:10.827  INFO 1 --- [io-12031-exec-1] order.service.OrderServiceImpl           : [create][Create Order][Ready to Create Order]
2026-03-11 16:06:10.911  INFO 1 --- [io-12031-exec-1] order.service.OrderServiceImpl           : [create][Order Create Success][Order Price][OrderId:ff3ddaff-6cb8-47eb-a4e6-daca5e3685ad , Price: 0.0]
2026-03-11 16:06:10.911  INFO 1 --- [io-12031-exec-1] order.service.OrderServiceImpl           : [PYTHIA_FINE_TRACE] service=ts-order-service stage=service_create latency_ms=84
2026-03-11 16:06:10.911  INFO 1 --- [io-12031-exec-1] order.controller.OrderController         : [PYTHIA_FINE_TRACE] service=ts-order-service endpoint=createOrder latency_ms=84
2026-03-11 16:06:11.230  INFO 1 --- [io-12031-exec-3] order.controller.OrderController         : [createNewOrder][Create Order][from shanghai to taiyuan at 1970-01-02 18:17:36]
2026-03-11 16:06:11.231  INFO 1 --- [io-12031-exec-3] order.service.OrderServiceImpl           : [create][Create Order][Ready to Create Order]
2026-03-11 16:06:11.336  INFO 1 --- [io-12031-exec-3] order.service.OrderServiceImpl           : [create][Order Create Success][Order Price][OrderId:bd4c5b7b-577f-4b6d-98db-795c078953a2 , Price: 0.0]
2026-03-11 16:06:11.401  INFO 1 --- [io-12031-exec-3] order.service.OrderServiceImpl           : [PYTHIA_FINE_TRACE] service=ts-order-service stage=service_create latency_ms=170
2026-03-11 16:06:11.401  INFO 1 --- [io-12031-exec-3] order.controller.OrderController         : [PYTHIA_FINE_TRACE] service=ts-order-service endpoint=createOrder latency_ms=171
2026-03-11 16:06:11.718  INFO 1 --- [io-12031-exec-4] order.controller.OrderController         : [createNewOrder][Create Order][from shanghai to taiyuan at 1970-01-02 18:17:36]
2026-03-11 16:06:11.719  INFO 1 --- [io-12031-exec-4] order.service.OrderServiceImpl           : [create][Create Order][Ready to Create Order]
2026-03-11 16:06:12.019  INFO 1 --- [io-12031-exec-4] order.service.OrderServiceImpl           : [PYTHIA_DELAY] artificial_delay=300ms
2026-03-11 16:06:12.061  INFO 1 --- [io-12031-exec-4] order.service.OrderServiceImpl           : [create][Order Create Success][Order Price][OrderId:34707438-ef8a-4aff-ade0-dfb09b66690d , Price: 0.0]
2026-03-11 16:06:12.061  INFO 1 --- [io-12031-exec-4] order.service.OrderServiceImpl           : [PYTHIA_FINE_TRACE] service=ts-order-service stage=service_create latency_ms=342
2026-03-11 16:06:12.061  INFO 1 --- [io-12031-exec-4] order.controller.OrderController         : [PYTHIA_FINE_TRACE] service=ts-order-service endpoint=createOrder latency_ms=343
2026-03-11 16:06:12.484  INFO 1 --- [io-12031-exec-5] order.controller.OrderController         : [createNewOrder][Create Order][from shanghai to taiyuan at 1970-01-02 18:17:36]
2026-03-11 16:06:12.484  INFO 1 --- [io-12031-exec-5] order.service.OrderServiceImpl           : [create][Create Order][Ready to Create Order]
2026-03-11 16:06:12.525  INFO 1 --- [io-12031-exec-5] order.service.OrderServiceImpl           : [create][Order Create Success][Order Price][OrderId:639903db-8b1e-4d21-83af-9a31b97656bb , Price: 0.0]
2026-03-11 16:06:12.525  INFO 1 --- [io-12031-exec-5] order.service.OrderServiceImpl           : [PYTHIA_FINE_TRACE] service=ts-order-service stage=service_create latency_ms=41
2026-03-11 16:06:12.525  INFO 1 --- [io-12031-exec-5] order.controller.OrderController         : [PYTHIA_FINE_TRACE] service=ts-order-service endpoint=createOrder latency_ms=41
2026-03-11 16:06:12.828  INFO 1 --- [io-12031-exec-6] order.controller.OrderController         : [createNewOrder][Create Order][from shanghai to taiyuan at 1970-01-02 18:17:36]
2026-03-11 16:06:12.828  INFO 1 --- [io-12031-exec-6] order.service.OrderServiceImpl           : [create][Create Order][Ready to Create Order]
2026-03-11 16:06:13.129  INFO 1 --- [io-12031-exec-6] order.service.OrderServiceImpl           : [PYTHIA_DELAY] artificial_delay=300ms
2026-03-11 16:06:13.209  INFO 1 --- [io-12031-exec-6] order.service.OrderServiceImpl           : [create][Order Create Success][Order Price][OrderId:f685f649-cac8-4fde-9359-811e25181ad9 , Price: 0.0]
2026-03-11 16:06:13.209  INFO 1 --- [io-12031-exec-6] order.service.OrderServiceImpl           : [PYTHIA_FINE_TRACE] service=ts-order-service stage=service_create latency_ms=381
2026-03-11 16:06:13.209  INFO 1 --- [io-12031-exec-6] order.controller.OrderController         : [PYTHIA_FINE_TRACE] service=ts-order-service endpoint=createOrder latency_ms=381
2026-03-11 16:06:13.528  INFO 1 --- [io-12031-exec-8] order.controller.OrderController         : [createNewOrder][Create Order][from shanghai to taiyuan at 1970-01-02 18:17:36]
2026-03-11 16:06:13.528  INFO 1 --- [io-12031-exec-8] order.service.OrderServiceImpl           : [create][Create Order][Ready to Create Order]
2026-03-11 16:06:13.613  INFO 1 --- [io-12031-exec-8] order.service.OrderServiceImpl           : [create][Order Create Success][Order Price][OrderId:a85c96cf-902b-4143-887b-45c1b3525a1b , Price: 0.0]
2026-03-11 16:06:13.613  INFO 1 --- [io-12031-exec-8] order.service.OrderServiceImpl           : [PYTHIA_FINE_TRACE] service=ts-order-service stage=service_create latency_ms=85
2026-03-11 16:06:13.613  INFO 1 --- [io-12031-exec-8] order.controller.OrderController         : [PYTHIA_FINE_TRACE] service=ts-order-service endpoint=createOrder latency_ms=85
2026-03-11 16:06:13.926  INFO 1 --- [io-12031-exec-7] order.controller.OrderController         : [createNewOrder][Create Order][from shanghai to taiyuan at 1970-01-02 18:17:36]
2026-03-11 16:06:13.926  INFO 1 --- [io-12031-exec-7] order.service.OrderServiceImpl           : [create][Create Order][Ready to Create Order]
2026-03-11 16:06:14.010  INFO 1 --- [io-12031-exec-7] order.service.OrderServiceImpl           : [create][Order Create Success][Order Price][OrderId:3252bc2d-7f05-4657-9c1f-5336b87ccc53 , Price: 0.0]
2026-03-11 16:06:14.010  INFO 1 --- [io-12031-exec-7] order.service.OrderServiceImpl           : [PYTHIA_FINE_TRACE] service=ts-order-service stage=service_create latency_ms=84
2026-03-11 16:06:14.010  INFO 1 --- [io-12031-exec-7] order.controller.OrderController         : [PYTHIA_FINE_TRACE] service=ts-order-service endpoint=createOrder latency_ms=84
2026-03-11 16:06:14.323  INFO 1 --- [o-12031-exec-10] order.controller.OrderController         : [createNewOrder][Create Order][from shanghai to taiyuan at 1970-01-02 18:17:36]
2026-03-11 16:06:14.323  INFO 1 --- [o-12031-exec-10] order.service.OrderServiceImpl           : [create][Create Order][Ready to Create Order]
2026-03-11 16:06:14.361  INFO 1 --- [o-12031-exec-10] order.service.OrderServiceImpl           : [create][Order Create Success][Order Price][OrderId:c1fa90f7-88f6-43bf-ab07-a267af899066 , Price: 0.0]
2026-03-11 16:06:14.362  INFO 1 --- [o-12031-exec-10] order.service.OrderServiceImpl           : [PYTHIA_FINE_TRACE] service=ts-order-service stage=service_create latency_ms=39
2026-03-11 16:06:14.362  INFO 1 --- [o-12031-exec-10] order.controller.OrderController         : [PYTHIA_FINE_TRACE] service=ts-order-service endpoint=createOrder latency_ms=39
2026-03-11 16:06:14.786  INFO 1 --- [io-12031-exec-9] order.controller.OrderController         : [createNewOrder][Create Order][from shanghai to taiyuan at 1970-01-02 18:17:36]
2026-03-11 16:06:14.786  INFO 1 --- [io-12031-exec-9] order.service.OrderServiceImpl           : [create][Create Order][Ready to Create Order]
2026-03-11 16:06:14.833  INFO 1 --- [io-12031-exec-9] order.service.OrderServiceImpl           : [create][Order Create Success][Order Price][OrderId:aafd6492-5a5d-48e9-8809-4b3052ed6134 , Price: 0.0]
2026-03-11 16:06:14.833  INFO 1 --- [io-12031-exec-9] order.service.OrderServiceImpl           : [PYTHIA_FINE_TRACE] service=ts-order-service stage=service_create latency_ms=47
2026-03-11 16:06:14.833  INFO 1 --- [io-12031-exec-9] order.controller.OrderController         : [PYTHIA_FINE_TRACE] service=ts-order-service endpoint=createOrder latency_ms=47
2026-03-11 16:06:15.122  INFO 1 --- [io-12031-exec-2] order.controller.OrderController         : [createNewOrder][Create Order][from shanghai to taiyuan at 1970-01-02 18:17:36]
2026-03-11 16:06:15.122  INFO 1 --- [io-12031-exec-2] order.service.OrderServiceImpl           : [create][Create Order][Ready to Create Order]
2026-03-11 16:06:15.219  INFO 1 --- [io-12031-exec-2] order.service.OrderServiceImpl           : [create][Order Create Success][Order Price][OrderId:0e219167-c5a0-4cfc-98f6-cef64dd18446 , Price: 0.0]
2026-03-11 16:06:15.219  INFO 1 --- [io-12031-exec-2] order.service.OrderServiceImpl           : [PYTHIA_FINE_TRACE] service=ts-order-service stage=service_create latency_ms=97
2026-03-11 16:06:15.219  INFO 1 --- [io-12031-exec-2] order.controller.OrderController         : [PYTHIA_FINE_TRACE] service=ts-order-service endpoint=createOrder latency_ms=97
2026-03-11 16:06:15.528  INFO 1 --- [io-12031-exec-1] order.controller.OrderController         : [createNewOrder][Create Order][from shanghai to taiyuan at 1970-01-02 18:17:36]
2026-03-11 16:06:15.528  INFO 1 --- [io-12031-exec-1] order.service.OrderServiceImpl           : [create][Create Order][Ready to Create Order]
2026-03-11 16:06:15.622  INFO 1 --- [io-12031-exec-1] order.service.OrderServiceImpl           : [create][Order Create Success][Order Price][OrderId:068ad392-ee40-47ae-a833-e78643921041 , Price: 0.0]
2026-03-11 16:06:15.622  INFO 1 --- [io-12031-exec-1] order.service.OrderServiceImpl           : [PYTHIA_FINE_TRACE] service=ts-order-service stage=service_create latency_ms=94
2026-03-11 16:06:15.622  INFO 1 --- [io-12031-exec-1] order.controller.OrderController         : [PYTHIA_FINE_TRACE] service=ts-order-service endpoint=createOrder latency_ms=94
2026-03-11 16:06:15.924  INFO 1 --- [io-12031-exec-3] order.controller.OrderController         : [createNewOrder][Create Order][from shanghai to taiyuan at 1970-01-02 18:17:36]
2026-03-11 16:06:15.924  INFO 1 --- [io-12031-exec-3] order.service.OrderServiceImpl           : [create][Create Order][Ready to Create Order]
2026-03-11 16:06:16.013  INFO 1 --- [io-12031-exec-3] order.service.OrderServiceImpl           : [create][Order Create Success][Order Price][OrderId:1afeb1b0-b34e-422a-8fe1-961e8dfc5f8d , Price: 0.0]
2026-03-11 16:06:16.013  INFO 1 --- [io-12031-exec-3] order.service.OrderServiceImpl           : [PYTHIA_FINE_TRACE] service=ts-order-service stage=service_create latency_ms=89
2026-03-11 16:06:16.013  INFO 1 --- [io-12031-exec-3] order.controller.OrderController         : [PYTHIA_FINE_TRACE] service=ts-order-service endpoint=createOrder latency_ms=89
2026-03-11 16:06:16.366  INFO 1 --- [io-12031-exec-4] order.controller.OrderController         : [createNewOrder][Create Order][from shanghai to taiyuan at 1970-01-02 18:17:36]
2026-03-11 16:06:16.366  INFO 1 --- [io-12031-exec-4] order.service.OrderServiceImpl           : [create][Create Order][Ready to Create Order]
2026-03-11 16:06:16.415  INFO 1 --- [io-12031-exec-4] order.service.OrderServiceImpl           : [create][Order Create Success][Order Price][OrderId:c835af42-e2ee-44ad-96ca-ad40f50af0ba , Price: 0.0]
2026-03-11 16:06:16.415  INFO 1 --- [io-12031-exec-4] order.service.OrderServiceImpl           : [PYTHIA_FINE_TRACE] service=ts-order-service stage=service_create latency_ms=49
2026-03-11 16:06:16.415  INFO 1 --- [io-12031-exec-4] order.controller.OrderController         : [PYTHIA_FINE_TRACE] service=ts-order-service endpoint=createOrder latency_ms=49
2026-03-11 16:06:16.727  INFO 1 --- [io-12031-exec-5] order.controller.OrderController         : [createNewOrder][Create Order][from shanghai to taiyuan at 1970-01-02 18:17:36]
2026-03-11 16:06:16.728  INFO 1 --- [io-12031-exec-5] order.service.OrderServiceImpl           : [create][Create Order][Ready to Create Order]
2026-03-11 16:06:17.028  INFO 1 --- [io-12031-exec-5] order.service.OrderServiceImpl           : [PYTHIA_DELAY] artificial_delay=300ms
2026-03-11 16:06:17.071  INFO 1 --- [io-12031-exec-5] order.service.OrderServiceImpl           : [create][Order Create Success][Order Price][OrderId:dd6b9f73-8e40-4de2-bfd5-08cd06fd3f1e , Price: 0.0]
2026-03-11 16:06:17.071  INFO 1 --- [io-12031-exec-5] order.service.OrderServiceImpl           : [PYTHIA_FINE_TRACE] service=ts-order-service stage=service_create latency_ms=343
2026-03-11 16:06:17.071  INFO 1 --- [io-12031-exec-5] order.controller.OrderController         : [PYTHIA_FINE_TRACE] service=ts-order-service endpoint=createOrder latency_ms=344
2026-03-11 16:06:17.402  INFO 1 --- [io-12031-exec-8] order.controller.OrderController         : [createNewOrder][Create Order][from shanghai to taiyuan at 1970-01-02 18:17:36]
2026-03-11 16:06:17.403  INFO 1 --- [io-12031-exec-8] order.service.OrderServiceImpl           : [create][Create Order][Ready to Create Order]
2026-03-11 16:06:17.502  INFO 1 --- [io-12031-exec-8] order.service.OrderServiceImpl           : [create][Order Create Success][Order Price][OrderId:884041d5-ef65-4d9d-a88e-b7776c7478ad , Price: 0.0]
2026-03-11 16:06:17.502  INFO 1 --- [io-12031-exec-8] order.service.OrderServiceImpl           : [PYTHIA_FINE_TRACE] service=ts-order-service stage=service_create latency_ms=99
2026-03-11 16:06:17.502  INFO 1 --- [io-12031-exec-8] order.controller.OrderController         : [PYTHIA_FINE_TRACE] service=ts-order-service endpoint=createOrder latency_ms=100
2026-03-11 16:06:17.821  INFO 1 --- [io-12031-exec-7] order.controller.OrderController         : [createNewOrder][Create Order][from shanghai to taiyuan at 1970-01-02 18:17:36]
2026-03-11 16:06:17.821  INFO 1 --- [io-12031-exec-7] order.service.OrderServiceImpl           : [create][Create Order][Ready to Create Order]
2026-03-11 16:06:17.861  INFO 1 --- [io-12031-exec-7] order.service.OrderServiceImpl           : [create][Order Create Success][Order Price][OrderId:52a78dac-ebc1-48e4-8fea-a585235988a4 , Price: 0.0]
2026-03-11 16:06:17.862  INFO 1 --- [io-12031-exec-7] order.service.OrderServiceImpl           : [PYTHIA_FINE_TRACE] service=ts-order-service stage=service_create latency_ms=41
2026-03-11 16:06:17.862  INFO 1 --- [io-12031-exec-7] order.controller.OrderController         : [PYTHIA_FINE_TRACE] service=ts-order-service endpoint=createOrder latency_ms=41
2026-03-11 16:06:18.189  INFO 1 --- [o-12031-exec-10] order.controller.OrderController         : [createNewOrder][Create Order][from shanghai to taiyuan at 1970-01-02 18:17:36]
2026-03-11 16:06:18.189  INFO 1 --- [o-12031-exec-10] order.service.OrderServiceImpl           : [create][Create Order][Ready to Create Order]
2026-03-11 16:06:18.243  INFO 1 --- [o-12031-exec-10] order.service.OrderServiceImpl           : [create][Order Create Success][Order Price][OrderId:da7363ad-2238-44f4-9ece-01f3593f9579 , Price: 0.0]
2026-03-11 16:06:18.243  INFO 1 --- [o-12031-exec-10] order.service.OrderServiceImpl           : [PYTHIA_FINE_TRACE] service=ts-order-service stage=service_create latency_ms=54
2026-03-11 16:06:18.243  INFO 1 --- [o-12031-exec-10] order.controller.OrderController         : [PYTHIA_FINE_TRACE] service=ts-order-service endpoint=createOrder latency_ms=54
2026-03-11 16:06:18.531  INFO 1 --- [io-12031-exec-9] order.controller.OrderController         : [createNewOrder][Create Order][from shanghai to taiyuan at 1970-01-02 18:17:36]
2026-03-11 16:06:18.531  INFO 1 --- [io-12031-exec-9] order.service.OrderServiceImpl           : [create][Create Order][Ready to Create Order]
2026-03-11 16:06:18.831  INFO 1 --- [io-12031-exec-9] order.service.OrderServiceImpl           : [PYTHIA_DELAY] artificial_delay=300ms
2026-03-11 16:06:18.917  INFO 1 --- [io-12031-exec-9] order.service.OrderServiceImpl           : [create][Order Create Success][Order Price][OrderId:6be5c672-2447-4a8d-bb64-933a5e36ad24 , Price: 0.0]
2026-03-11 16:06:18.917  INFO 1 --- [io-12031-exec-9] order.service.OrderServiceImpl           : [PYTHIA_FINE_TRACE] service=ts-order-service stage=service_create latency_ms=386
2026-03-11 16:06:18.917  INFO 1 --- [io-12031-exec-9] order.controller.OrderController         : [PYTHIA_FINE_TRACE] service=ts-order-service endpoint=createOrder latency_ms=386
2026-03-11 16:06:19.285  INFO 1 --- [io-12031-exec-2] order.controller.OrderController         : [createNewOrder][Create Order][from shanghai to taiyuan at 1970-01-02 18:17:36]
2026-03-11 16:06:19.285  INFO 1 --- [io-12031-exec-2] order.service.OrderServiceImpl           : [create][Create Order][Ready to Create Order]
2026-03-11 16:06:19.586  INFO 1 --- [io-12031-exec-2] order.service.OrderServiceImpl           : [PYTHIA_DELAY] artificial_delay=300ms
2026-03-11 16:06:19.627  INFO 1 --- [io-12031-exec-2] order.service.OrderServiceImpl           : [create][Order Create Success][Order Price][OrderId:cb7a65c6-64ba-4552-8377-a8201b473a00 , Price: 0.0]
2026-03-11 16:06:19.627  INFO 1 --- [io-12031-exec-2] order.service.OrderServiceImpl           : [PYTHIA_FINE_TRACE] service=ts-order-service stage=service_create latency_ms=342
2026-03-11 16:06:19.627  INFO 1 --- [io-12031-exec-2] order.controller.OrderController         : [PYTHIA_FINE_TRACE] service=ts-order-service endpoint=createOrder latency_ms=342
2026-03-11 16:06:19.986  INFO 1 --- [io-12031-exec-1] order.controller.OrderController         : [createNewOrder][Create Order][from shanghai to taiyuan at 1970-01-02 18:17:36]
2026-03-11 16:06:19.986  INFO 1 --- [io-12031-exec-1] order.service.OrderServiceImpl           : [create][Create Order][Ready to Create Order]
2026-03-11 16:06:20.036  INFO 1 --- [io-12031-exec-1] order.service.OrderServiceImpl           : [create][Order Create Success][Order Price][OrderId:145384c4-075e-48b3-9d3a-397fbc6e48e7 , Price: 0.0]
2026-03-11 16:06:20.036  INFO 1 --- [io-12031-exec-1] order.service.OrderServiceImpl           : [PYTHIA_FINE_TRACE] service=ts-order-service stage=service_create latency_ms=50
2026-03-11 16:06:20.036  INFO 1 --- [io-12031-exec-1] order.controller.OrderController         : [PYTHIA_FINE_TRACE] service=ts-order-service endpoint=createOrder latency_ms=50
2026-03-11 16:06:20.381  INFO 1 --- [io-12031-exec-3] order.controller.OrderController         : [createNewOrder][Create Order][from shanghai to taiyuan at 1970-01-02 18:17:36]
2026-03-11 16:06:20.382  INFO 1 --- [io-12031-exec-3] order.service.OrderServiceImpl           : [create][Create Order][Ready to Create Order]
2026-03-11 16:06:20.426  INFO 1 --- [io-12031-exec-3] order.service.OrderServiceImpl           : [create][Order Create Success][Order Price][OrderId:b54e6a54-cf99-440d-8d62-1bf995028b7d , Price: 0.0]
2026-03-11 16:06:20.426  INFO 1 --- [io-12031-exec-3] order.service.OrderServiceImpl           : [PYTHIA_FINE_TRACE] service=ts-order-service stage=service_create latency_ms=44
2026-03-11 16:06:20.426  INFO 1 --- [io-12031-exec-3] order.controller.OrderController         : [PYTHIA_FINE_TRACE] service=ts-order-service endpoint=createOrder latency_ms=45
2026-03-11 16:06:20.724  INFO 1 --- [io-12031-exec-4] order.controller.OrderController         : [createNewOrder][Create Order][from shanghai to taiyuan at 1970-01-02 18:17:36]
2026-03-11 16:06:20.724  INFO 1 --- [io-12031-exec-4] order.service.OrderServiceImpl           : [create][Create Order][Ready to Create Order]
2026-03-11 16:06:21.024  INFO 1 --- [io-12031-exec-4] order.service.OrderServiceImpl           : [PYTHIA_DELAY] artificial_delay=300ms
2026-03-11 16:06:21.074  INFO 1 --- [io-12031-exec-4] order.service.OrderServiceImpl           : [create][Order Create Success][Order Price][OrderId:d4d8f85e-0f96-4580-9908-b6cbc05aa9e2 , Price: 0.0]
2026-03-11 16:06:21.074  INFO 1 --- [io-12031-exec-4] order.service.OrderServiceImpl           : [PYTHIA_FINE_TRACE] service=ts-order-service stage=service_create latency_ms=350
2026-03-11 16:06:21.074  INFO 1 --- [io-12031-exec-4] order.controller.OrderController         : [PYTHIA_FINE_TRACE] service=ts-order-service endpoint=createOrder latency_ms=350
2026-03-11 16:06:21.428  INFO 1 --- [io-12031-exec-5] order.controller.OrderController         : [createNewOrder][Create Order][from shanghai to taiyuan at 1970-01-02 18:17:36]
2026-03-11 16:06:21.429  INFO 1 --- [io-12031-exec-5] order.service.OrderServiceImpl           : [create][Create Order][Ready to Create Order]
2026-03-11 16:06:21.510  INFO 1 --- [io-12031-exec-5] order.service.OrderServiceImpl           : [create][Order Create Success][Order Price][OrderId:b3f6c287-429c-4075-9305-3f02c1a0eb3b , Price: 0.0]
2026-03-11 16:06:21.510  INFO 1 --- [io-12031-exec-5] order.service.OrderServiceImpl           : [PYTHIA_FINE_TRACE] service=ts-order-service stage=service_create latency_ms=81
2026-03-11 16:06:21.511  INFO 1 --- [io-12031-exec-5] order.controller.OrderController         : [PYTHIA_FINE_TRACE] service=ts-order-service endpoint=createOrder latency_ms=83
2026-03-11 16:06:21.828  INFO 1 --- [io-12031-exec-6] order.controller.OrderController         : [createNewOrder][Create Order][from shanghai to taiyuan at 1970-01-02 18:17:36]
2026-03-11 16:06:21.828  INFO 1 --- [io-12031-exec-6] order.service.OrderServiceImpl           : [create][Create Order][Ready to Create Order]
2026-03-11 16:06:21.901  INFO 1 --- [io-12031-exec-6] order.service.OrderServiceImpl           : [create][Order Create Success][Order Price][OrderId:f5bab055-b04c-4064-a77d-e7ebabbff9e3 , Price: 0.0]
2026-03-11 16:06:21.902  INFO 1 --- [io-12031-exec-6] order.service.OrderServiceImpl           : [PYTHIA_FINE_TRACE] service=ts-order-service stage=service_create latency_ms=74
2026-03-11 16:06:21.902  INFO 1 --- [io-12031-exec-6] order.controller.OrderController         : [PYTHIA_FINE_TRACE] service=ts-order-service endpoint=createOrder latency_ms=74
2026-03-11 16:06:22.229  INFO 1 --- [io-12031-exec-8] order.controller.OrderController         : [createNewOrder][Create Order][from shanghai to taiyuan at 1970-01-02 18:17:36]
2026-03-11 16:06:22.229  INFO 1 --- [io-12031-exec-8] order.service.OrderServiceImpl           : [create][Create Order][Ready to Create Order]
2026-03-11 16:06:22.312  INFO 1 --- [io-12031-exec-8] order.service.OrderServiceImpl           : [create][Order Create Success][Order Price][OrderId:d5b028d9-0d01-4649-a532-d193fa2f9a65 , Price: 0.0]
2026-03-11 16:06:22.312  INFO 1 --- [io-12031-exec-8] order.service.OrderServiceImpl           : [PYTHIA_FINE_TRACE] service=ts-order-service stage=service_create latency_ms=83
2026-03-11 16:06:22.312  INFO 1 --- [io-12031-exec-8] order.controller.OrderController         : [PYTHIA_FINE_TRACE] service=ts-order-service endpoint=createOrder latency_ms=83
2026-03-11 16:06:22.631  INFO 1 --- [io-12031-exec-7] order.controller.OrderController         : [createNewOrder][Create Order][from shanghai to taiyuan at 1970-01-02 18:17:36]
2026-03-11 16:06:22.631  INFO 1 --- [io-12031-exec-7] order.service.OrderServiceImpl           : [create][Create Order][Ready to Create Order]
2026-03-11 16:06:22.931  INFO 1 --- [io-12031-exec-7] order.service.OrderServiceImpl           : [PYTHIA_DELAY] artificial_delay=300ms
2026-03-11 16:06:23.008  INFO 1 --- [io-12031-exec-7] order.service.OrderServiceImpl           : [create][Order Create Success][Order Price][OrderId:21cb94f1-d6aa-4d70-93d3-7e222aadd72e , Price: 0.0]
2026-03-11 16:06:23.008  INFO 1 --- [io-12031-exec-7] order.service.OrderServiceImpl           : [PYTHIA_FINE_TRACE] service=ts-order-service stage=service_create latency_ms=377
2026-03-11 16:06:23.008  INFO 1 --- [io-12031-exec-7] order.controller.OrderController         : [PYTHIA_FINE_TRACE] service=ts-order-service endpoint=createOrder latency_ms=377
2026-03-11 16:06:23.332  INFO 1 --- [o-12031-exec-10] order.controller.OrderController         : [createNewOrder][Create Order][from shanghai to taiyuan at 1970-01-02 18:17:36]
2026-03-11 16:06:23.332  INFO 1 --- [o-12031-exec-10] order.service.OrderServiceImpl           : [create][Create Order][Ready to Create Order]
2026-03-11 16:06:23.376  INFO 1 --- [o-12031-exec-10] order.service.OrderServiceImpl           : [create][Order Create Success][Order Price][OrderId:b7465ac7-aad9-4da0-a4d3-73bed55df075 , Price: 0.0]
2026-03-11 16:06:23.376  INFO 1 --- [o-12031-exec-10] order.service.OrderServiceImpl           : [PYTHIA_FINE_TRACE] service=ts-order-service stage=service_create latency_ms=44
2026-03-11 16:06:23.376  INFO 1 --- [o-12031-exec-10] order.controller.OrderController         : [PYTHIA_FINE_TRACE] service=ts-order-service endpoint=createOrder latency_ms=44
2026-03-11 16:06:23.727  INFO 1 --- [io-12031-exec-9] order.controller.OrderController         : [createNewOrder][Create Order][from shanghai to taiyuan at 1970-01-02 18:17:36]
2026-03-11 16:06:23.728  INFO 1 --- [io-12031-exec-9] order.service.OrderServiceImpl           : [create][Create Order][Ready to Create Order]
2026-03-11 16:06:23.817  INFO 1 --- [io-12031-exec-9] order.service.OrderServiceImpl           : [create][Order Create Success][Order Price][OrderId:8d6e9b4b-6c6a-4aaa-b0fb-0536bb3c07d6 , Price: 0.0]
2026-03-11 16:06:23.817  INFO 1 --- [io-12031-exec-9] order.service.OrderServiceImpl           : [PYTHIA_FINE_TRACE] service=ts-order-service stage=service_create latency_ms=89
2026-03-11 16:06:23.817  INFO 1 --- [io-12031-exec-9] order.controller.OrderController         : [PYTHIA_FINE_TRACE] service=ts-order-service endpoint=createOrder latency_ms=90
2026-03-11 16:06:24.123  INFO 1 --- [io-12031-exec-2] order.controller.OrderController         : [createNewOrder][Create Order][from shanghai to taiyuan at 1970-01-02 18:17:36]
2026-03-11 16:06:24.123  INFO 1 --- [io-12031-exec-2] order.service.OrderServiceImpl           : [create][Create Order][Ready to Create Order]
2026-03-11 16:06:24.164  INFO 1 --- [io-12031-exec-2] order.service.OrderServiceImpl           : [create][Order Create Success][Order Price][OrderId:b7b220d3-46a6-40df-8d45-8a7aa0d432da , Price: 0.0]
2026-03-11 16:06:24.164  INFO 1 --- [io-12031-exec-2] order.service.OrderServiceImpl           : [PYTHIA_FINE_TRACE] service=ts-order-service stage=service_create latency_ms=41
2026-03-11 16:06:24.164  INFO 1 --- [io-12031-exec-2] order.controller.OrderController         : [PYTHIA_FINE_TRACE] service=ts-order-service endpoint=createOrder latency_ms=41
2026-03-11 16:06:24.523  INFO 1 --- [io-12031-exec-1] order.controller.OrderController         : [createNewOrder][Create Order][from shanghai to taiyuan at 1970-01-02 18:17:36]
2026-03-11 16:06:24.523  INFO 1 --- [io-12031-exec-1] order.service.OrderServiceImpl           : [create][Create Order][Ready to Create Order]
2026-03-11 16:06:24.823  INFO 1 --- [io-12031-exec-1] order.service.OrderServiceImpl           : [PYTHIA_DELAY] artificial_delay=300ms
2026-03-11 16:06:24.871  INFO 1 --- [io-12031-exec-1] order.service.OrderServiceImpl           : [create][Order Create Success][Order Price][OrderId:6c76af89-87ec-4ef6-b151-6c9b7dbac4ef , Price: 0.0]
2026-03-11 16:06:24.871  INFO 1 --- [io-12031-exec-1] order.service.OrderServiceImpl           : [PYTHIA_FINE_TRACE] service=ts-order-service stage=service_create latency_ms=348
2026-03-11 16:06:24.871  INFO 1 --- [io-12031-exec-1] order.controller.OrderController         : [PYTHIA_FINE_TRACE] service=ts-order-service endpoint=createOrder latency_ms=349
2026-03-11 16:06:25.225  INFO 1 --- [io-12031-exec-3] order.controller.OrderController         : [createNewOrder][Create Order][from shanghai to taiyuan at 1970-01-02 18:17:36]
2026-03-11 16:06:25.225  INFO 1 --- [io-12031-exec-3] order.service.OrderServiceImpl           : [create][Create Order][Ready to Create Order]
2026-03-11 16:06:25.263  INFO 1 --- [io-12031-exec-3] order.service.OrderServiceImpl           : [create][Order Create Success][Order Price][OrderId:7c96bcfd-d3e8-45f7-9a7b-a5797ef0f959 , Price: 0.0]
2026-03-11 16:06:25.263  INFO 1 --- [io-12031-exec-3] order.service.OrderServiceImpl           : [PYTHIA_FINE_TRACE] service=ts-order-service stage=service_create latency_ms=38
2026-03-11 16:06:25.263  INFO 1 --- [io-12031-exec-3] order.controller.OrderController         : [PYTHIA_FINE_TRACE] service=ts-order-service endpoint=createOrder latency_ms=38
2026-03-11 16:06:25.598  INFO 1 --- [io-12031-exec-4] order.controller.OrderController         : [createNewOrder][Create Order][from shanghai to taiyuan at 1970-01-02 18:17:36]
2026-03-11 16:06:25.599  INFO 1 --- [io-12031-exec-4] order.service.OrderServiceImpl           : [create][Create Order][Ready to Create Order]
2026-03-11 16:06:25.651  INFO 1 --- [io-12031-exec-4] order.service.OrderServiceImpl           : [create][Order Create Success][Order Price][OrderId:cc0633a1-9b95-46a9-bfdd-ed467a0bb3dc , Price: 0.0]
2026-03-11 16:06:25.652  INFO 1 --- [io-12031-exec-4] order.service.OrderServiceImpl           : [PYTHIA_FINE_TRACE] service=ts-order-service stage=service_create latency_ms=53
2026-03-11 16:06:25.652  INFO 1 --- [io-12031-exec-4] order.controller.OrderController         : [PYTHIA_FINE_TRACE] service=ts-order-service endpoint=createOrder latency_ms=54
2026-03-11 16:06:26.082  INFO 1 --- [io-12031-exec-5] order.controller.OrderController         : [createNewOrder][Create Order][from shanghai to taiyuan at 1970-01-02 18:17:36]
2026-03-11 16:06:26.082  INFO 1 --- [io-12031-exec-5] order.service.OrderServiceImpl           : [create][Create Order][Ready to Create Order]
2026-03-11 16:06:26.127  INFO 1 --- [io-12031-exec-5] order.service.OrderServiceImpl           : [create][Order Create Success][Order Price][OrderId:ba5a7740-a5f3-40cd-abfc-171d0447d092 , Price: 0.0]
2026-03-11 16:06:26.128  INFO 1 --- [io-12031-exec-5] order.service.OrderServiceImpl           : [PYTHIA_FINE_TRACE] service=ts-order-service stage=service_create latency_ms=46
2026-03-11 16:06:26.128  INFO 1 --- [io-12031-exec-5] order.controller.OrderController         : [PYTHIA_FINE_TRACE] service=ts-order-service endpoint=createOrder latency_ms=46
2026-03-11 16:06:26.424  INFO 1 --- [io-12031-exec-6] order.controller.OrderController         : [createNewOrder][Create Order][from shanghai to taiyuan at 1970-01-02 18:17:36]
2026-03-11 16:06:26.424  INFO 1 --- [io-12031-exec-6] order.service.OrderServiceImpl           : [create][Create Order][Ready to Create Order]
2026-03-11 16:06:26.502  INFO 1 --- [io-12031-exec-6] order.service.OrderServiceImpl           : [create][Order Create Success][Order Price][OrderId:dbf87617-29a7-400d-99e8-19d8770222b3 , Price: 0.0]
2026-03-11 16:06:26.502  INFO 1 --- [io-12031-exec-6] order.service.OrderServiceImpl           : [PYTHIA_FINE_TRACE] service=ts-order-service stage=service_create latency_ms=78
2026-03-11 16:06:26.502  INFO 1 --- [io-12031-exec-6] order.controller.OrderController         : [PYTHIA_FINE_TRACE] service=ts-order-service endpoint=createOrder latency_ms=78
2026-03-11 16:06:26.829  INFO 1 --- [io-12031-exec-8] order.controller.OrderController         : [createNewOrder][Create Order][from shanghai to taiyuan at 1970-01-02 18:17:36]
2026-03-11 16:06:26.829  INFO 1 --- [io-12031-exec-8] order.service.OrderServiceImpl           : [create][Create Order][Ready to Create Order]
2026-03-11 16:06:26.869  INFO 1 --- [io-12031-exec-8] order.service.OrderServiceImpl           : [create][Order Create Success][Order Price][OrderId:07b05dde-6e34-44af-8e8a-6af65394f43c , Price: 0.0]
2026-03-11 16:06:26.869  INFO 1 --- [io-12031-exec-8] order.service.OrderServiceImpl           : [PYTHIA_FINE_TRACE] service=ts-order-service stage=service_create latency_ms=40
2026-03-11 16:06:26.869  INFO 1 --- [io-12031-exec-8] order.controller.OrderController         : [PYTHIA_FINE_TRACE] service=ts-order-service endpoint=createOrder latency_ms=40
2026-03-11 16:06:27.193  INFO 1 --- [o-12031-exec-10] order.controller.OrderController         : [createNewOrder][Create Order][from shanghai to taiyuan at 1970-01-02 18:17:36]
2026-03-11 16:06:27.193  INFO 1 --- [o-12031-exec-10] order.service.OrderServiceImpl           : [create][Create Order][Ready to Create Order]
2026-03-11 16:06:27.246  INFO 1 --- [o-12031-exec-10] order.service.OrderServiceImpl           : [create][Order Create Success][Order Price][OrderId:316e8ad1-d5d2-4004-bb80-d929a6750d19 , Price: 0.0]
2026-03-11 16:06:27.247  INFO 1 --- [o-12031-exec-10] order.service.OrderServiceImpl           : [PYTHIA_FINE_TRACE] service=ts-order-service stage=service_create latency_ms=54
2026-03-11 16:06:27.247  INFO 1 --- [o-12031-exec-10] order.controller.OrderController         : [PYTHIA_FINE_TRACE] service=ts-order-service endpoint=createOrder latency_ms=54
2026-03-11 16:06:27.630  INFO 1 --- [io-12031-exec-9] order.controller.OrderController         : [createNewOrder][Create Order][from shanghai to taiyuan at 1970-01-02 18:17:36]
2026-03-11 16:06:27.631  INFO 1 --- [io-12031-exec-9] order.service.OrderServiceImpl           : [create][Create Order][Ready to Create Order]
2026-03-11 16:06:27.702  INFO 1 --- [io-12031-exec-9] order.service.OrderServiceImpl           : [create][Order Create Success][Order Price][OrderId:977626e5-dfed-4376-81ff-75d09fdaeded , Price: 0.0]
2026-03-11 16:06:27.702  INFO 1 --- [io-12031-exec-9] order.service.OrderServiceImpl           : [PYTHIA_FINE_TRACE] service=ts-order-service stage=service_create latency_ms=71
2026-03-11 16:06:27.702  INFO 1 --- [io-12031-exec-9] order.controller.OrderController         : [PYTHIA_FINE_TRACE] service=ts-order-service endpoint=createOrder latency_ms=72
2026-03-11 16:06:28.023  INFO 1 --- [io-12031-exec-2] order.controller.OrderController         : [createNewOrder][Create Order][from shanghai to taiyuan at 1970-01-02 18:17:36]
2026-03-11 16:06:28.023  INFO 1 --- [io-12031-exec-2] order.service.OrderServiceImpl           : [create][Create Order][Ready to Create Order]
2026-03-11 16:06:28.062  INFO 1 --- [io-12031-exec-2] order.service.OrderServiceImpl           : [create][Order Create Success][Order Price][OrderId:e00a3940-4cd3-47dc-90c4-ec4774c5fa22 , Price: 0.0]
2026-03-11 16:06:28.062  INFO 1 --- [io-12031-exec-2] order.service.OrderServiceImpl           : [PYTHIA_FINE_TRACE] service=ts-order-service stage=service_create latency_ms=39
2026-03-11 16:06:28.062  INFO 1 --- [io-12031-exec-2] order.controller.OrderController         : [PYTHIA_FINE_TRACE] service=ts-order-service endpoint=createOrder latency_ms=39
2026-03-11 16:06:28.385  INFO 1 --- [io-12031-exec-1] order.controller.OrderController         : [createNewOrder][Create Order][from shanghai to taiyuan at 1970-01-02 18:17:36]
2026-03-11 16:06:28.385  INFO 1 --- [io-12031-exec-1] order.service.OrderServiceImpl           : [create][Create Order][Ready to Create Order]
2026-03-11 16:06:28.431  INFO 1 --- [io-12031-exec-1] order.service.OrderServiceImpl           : [create][Order Create Success][Order Price][OrderId:48391e0d-76d8-49fc-a6ea-b316feb3a3f4 , Price: 0.0]
2026-03-11 16:06:28.432  INFO 1 --- [io-12031-exec-1] order.service.OrderServiceImpl           : [PYTHIA_FINE_TRACE] service=ts-order-service stage=service_create latency_ms=47
2026-03-11 16:06:28.432  INFO 1 --- [io-12031-exec-1] order.controller.OrderController         : [PYTHIA_FINE_TRACE] service=ts-order-service endpoint=createOrder latency_ms=47
2026-03-11 16:06:28.727  INFO 1 --- [io-12031-exec-3] order.controller.OrderController         : [createNewOrder][Create Order][from shanghai to taiyuan at 1970-01-02 18:17:36]
2026-03-11 16:06:28.727  INFO 1 --- [io-12031-exec-3] order.service.OrderServiceImpl           : [create][Create Order][Ready to Create Order]
2026-03-11 16:06:28.813  INFO 1 --- [io-12031-exec-3] order.service.OrderServiceImpl           : [create][Order Create Success][Order Price][OrderId:d4102034-ad05-4bc8-8db9-4733ab28325e , Price: 0.0]
2026-03-11 16:06:28.813  INFO 1 --- [io-12031-exec-3] order.service.OrderServiceImpl           : [PYTHIA_FINE_TRACE] service=ts-order-service stage=service_create latency_ms=86
2026-03-11 16:06:28.813  INFO 1 --- [io-12031-exec-3] order.controller.OrderController         : [PYTHIA_FINE_TRACE] service=ts-order-service endpoint=createOrder latency_ms=86
2026-03-11 16:06:29.127  INFO 1 --- [io-12031-exec-4] order.controller.OrderController         : [createNewOrder][Create Order][from shanghai to taiyuan at 1970-01-02 18:17:36]
2026-03-11 16:06:29.127  INFO 1 --- [io-12031-exec-4] order.service.OrderServiceImpl           : [create][Create Order][Ready to Create Order]
2026-03-11 16:06:29.211  INFO 1 --- [io-12031-exec-4] order.service.OrderServiceImpl           : [create][Order Create Success][Order Price][OrderId:706b08b3-81fe-407d-9f77-af9670c52b9a , Price: 0.0]
2026-03-11 16:06:29.211  INFO 1 --- [io-12031-exec-4] order.service.OrderServiceImpl           : [PYTHIA_FINE_TRACE] service=ts-order-service stage=service_create latency_ms=84
2026-03-11 16:06:29.211  INFO 1 --- [io-12031-exec-4] order.controller.OrderController         : [PYTHIA_FINE_TRACE] service=ts-order-service endpoint=createOrder latency_ms=84
2026-03-11 16:06:29.528  INFO 1 --- [io-12031-exec-5] order.controller.OrderController         : [createNewOrder][Create Order][from shanghai to taiyuan at 1970-01-02 18:17:36]
2026-03-11 16:06:29.528  INFO 1 --- [io-12031-exec-5] order.service.OrderServiceImpl           : [create][Create Order][Ready to Create Order]
2026-03-11 16:06:29.715  INFO 1 --- [io-12031-exec-5] order.service.OrderServiceImpl           : [create][Order Create Success][Order Price][OrderId:fba23f73-f194-4201-9539-a5a17d337875 , Price: 0.0]
2026-03-11 16:06:29.716  INFO 1 --- [io-12031-exec-5] order.service.OrderServiceImpl           : [PYTHIA_FINE_TRACE] service=ts-order-service stage=service_create latency_ms=188
2026-03-11 16:06:29.716  INFO 1 --- [io-12031-exec-5] order.controller.OrderController         : [PYTHIA_FINE_TRACE] service=ts-order-service endpoint=createOrder latency_ms=188
2026-03-11 16:06:30.021  INFO 1 --- [io-12031-exec-6] order.controller.OrderController         : [createNewOrder][Create Order][from shanghai to taiyuan at 1970-01-02 18:17:36]
2026-03-11 16:06:30.021  INFO 1 --- [io-12031-exec-6] order.service.OrderServiceImpl           : [create][Create Order][Ready to Create Order]
2026-03-11 16:06:30.322  INFO 1 --- [io-12031-exec-6] order.service.OrderServiceImpl           : [PYTHIA_DELAY] artificial_delay=300ms
2026-03-11 16:06:30.370  INFO 1 --- [io-12031-exec-6] order.service.OrderServiceImpl           : [create][Order Create Success][Order Price][OrderId:a9ca2f6c-1ff2-4ddd-8278-960941b2be28 , Price: 0.0]
2026-03-11 16:06:30.370  INFO 1 --- [io-12031-exec-6] order.service.OrderServiceImpl           : [PYTHIA_FINE_TRACE] service=ts-order-service stage=service_create latency_ms=349
2026-03-11 16:06:30.370  INFO 1 --- [io-12031-exec-6] order.controller.OrderController         : [PYTHIA_FINE_TRACE] service=ts-order-service endpoint=createOrder latency_ms=349
2026-03-11 16:06:30.699  INFO 1 --- [io-12031-exec-8] order.controller.OrderController         : [createNewOrder][Create Order][from shanghai to taiyuan at 1970-01-02 18:17:36]
2026-03-11 16:06:30.699  INFO 1 --- [io-12031-exec-8] order.service.OrderServiceImpl           : [create][Create Order][Ready to Create Order]
2026-03-11 16:06:30.740  INFO 1 --- [io-12031-exec-8] order.service.OrderServiceImpl           : [create][Order Create Success][Order Price][OrderId:9f74f7ee-4e05-4423-915d-c4bd6faa391a , Price: 0.0]
2026-03-11 16:06:30.740  INFO 1 --- [io-12031-exec-8] order.service.OrderServiceImpl           : [PYTHIA_FINE_TRACE] service=ts-order-service stage=service_create latency_ms=41
2026-03-11 16:06:30.740  INFO 1 --- [io-12031-exec-8] order.controller.OrderController         : [PYTHIA_FINE_TRACE] service=ts-order-service endpoint=createOrder latency_ms=41
2026-03-11 16:06:31.024  INFO 1 --- [io-12031-exec-7] order.controller.OrderController         : [createNewOrder][Create Order][from shanghai to taiyuan at 1970-01-02 18:17:36]
2026-03-11 16:06:31.024  INFO 1 --- [io-12031-exec-7] order.service.OrderServiceImpl           : [create][Create Order][Ready to Create Order]
2026-03-11 16:06:31.070  INFO 1 --- [io-12031-exec-7] order.service.OrderServiceImpl           : [create][Order Create Success][Order Price][OrderId:ec38269e-0f50-49e1-8168-e68ac909a8e6 , Price: 0.0]
2026-03-11 16:06:31.071  INFO 1 --- [io-12031-exec-7] order.service.OrderServiceImpl           : [PYTHIA_FINE_TRACE] service=ts-order-service stage=service_create latency_ms=47
2026-03-11 16:06:31.071  INFO 1 --- [io-12031-exec-7] order.controller.OrderController         : [PYTHIA_FINE_TRACE] service=ts-order-service endpoint=createOrder latency_ms=47
2026-03-11 16:06:31.425  INFO 1 --- [o-12031-exec-10] order.controller.OrderController         : [createNewOrder][Create Order][from shanghai to taiyuan at 1970-01-02 18:17:36]
2026-03-11 16:06:31.425  INFO 1 --- [o-12031-exec-10] order.service.OrderServiceImpl           : [create][Create Order][Ready to Create Order]
2026-03-11 16:06:31.465  INFO 1 --- [o-12031-exec-10] order.service.OrderServiceImpl           : [create][Order Create Success][Order Price][OrderId:e8fab48e-9333-4514-8eb1-6ad54a63faa7 , Price: 0.0]
2026-03-11 16:06:31.465  INFO 1 --- [o-12031-exec-10] order.service.OrderServiceImpl           : [PYTHIA_FINE_TRACE] service=ts-order-service stage=service_create latency_ms=40
2026-03-11 16:06:31.465  INFO 1 --- [o-12031-exec-10] order.controller.OrderController         : [PYTHIA_FINE_TRACE] service=ts-order-service endpoint=createOrder latency_ms=40
2026-03-11 16:06:31.796  INFO 1 --- [io-12031-exec-9] order.controller.OrderController         : [createNewOrder][Create Order][from shanghai to taiyuan at 1970-01-02 18:17:36]
2026-03-11 16:06:31.796  INFO 1 --- [io-12031-exec-9] order.service.OrderServiceImpl           : [create][Create Order][Ready to Create Order]
2026-03-11 16:06:31.850  INFO 1 --- [io-12031-exec-9] order.service.OrderServiceImpl           : [create][Order Create Success][Order Price][OrderId:07f9dcd9-076a-4f59-90af-f8ffd85a38f1 , Price: 0.0]
2026-03-11 16:06:31.850  INFO 1 --- [io-12031-exec-9] order.service.OrderServiceImpl           : [PYTHIA_FINE_TRACE] service=ts-order-service stage=service_create latency_ms=54
2026-03-11 16:06:31.851  INFO 1 --- [io-12031-exec-9] order.controller.OrderController         : [PYTHIA_FINE_TRACE] service=ts-order-service endpoint=createOrder latency_ms=55
2026-03-11 16:06:32.219  INFO 1 --- [io-12031-exec-2] order.controller.OrderController         : [createNewOrder][Create Order][from shanghai to taiyuan at 1970-01-02 18:17:36]
2026-03-11 16:06:32.219  INFO 1 --- [io-12031-exec-2] order.service.OrderServiceImpl           : [create][Create Order][Ready to Create Order]
2026-03-11 16:06:32.519  INFO 1 --- [io-12031-exec-2] order.service.OrderServiceImpl           : [PYTHIA_DELAY] artificial_delay=300ms
2026-03-11 16:06:32.558  INFO 1 --- [io-12031-exec-2] order.service.OrderServiceImpl           : [create][Order Create Success][Order Price][OrderId:6df35221-fb6e-4bf6-8926-2eedfc618fb5 , Price: 0.0]
2026-03-11 16:06:32.558  INFO 1 --- [io-12031-exec-2] order.service.OrderServiceImpl           : [PYTHIA_FINE_TRACE] service=ts-order-service stage=service_create latency_ms=339
2026-03-11 16:06:32.558  INFO 1 --- [io-12031-exec-2] order.controller.OrderController         : [PYTHIA_FINE_TRACE] service=ts-order-service endpoint=createOrder latency_ms=339
2026-03-11 16:06:32.880  INFO 1 --- [io-12031-exec-1] order.controller.OrderController         : [createNewOrder][Create Order][from shanghai to taiyuan at 1970-01-02 18:17:36]
2026-03-11 16:06:32.880  INFO 1 --- [io-12031-exec-1] order.service.OrderServiceImpl           : [create][Create Order][Ready to Create Order]
2026-03-11 16:06:32.929  INFO 1 --- [io-12031-exec-1] order.service.OrderServiceImpl           : [create][Order Create Success][Order Price][OrderId:667b609b-3729-4dba-be00-fe3a73402694 , Price: 0.0]
2026-03-11 16:06:32.929  INFO 1 --- [io-12031-exec-1] order.service.OrderServiceImpl           : [PYTHIA_FINE_TRACE] service=ts-order-service stage=service_create latency_ms=49
2026-03-11 16:06:32.929  INFO 1 --- [io-12031-exec-1] order.controller.OrderController         : [PYTHIA_FINE_TRACE] service=ts-order-service endpoint=createOrder latency_ms=49
2026-03-11 16:06:33.228  INFO 1 --- [io-12031-exec-3] order.controller.OrderController         : [createNewOrder][Create Order][from shanghai to taiyuan at 1970-01-02 18:17:36]
2026-03-11 16:06:33.228  INFO 1 --- [io-12031-exec-3] order.service.OrderServiceImpl           : [create][Create Order][Ready to Create Order]
2026-03-11 16:06:33.268  INFO 1 --- [io-12031-exec-3] order.service.OrderServiceImpl           : [create][Order Create Success][Order Price][OrderId:57545117-7db0-4860-859c-bf05acfb240f , Price: 0.0]
2026-03-11 16:06:33.268  INFO 1 --- [io-12031-exec-3] order.service.OrderServiceImpl           : [PYTHIA_FINE_TRACE] service=ts-order-service stage=service_create latency_ms=40
2026-03-11 16:06:33.268  INFO 1 --- [io-12031-exec-3] order.controller.OrderController         : [PYTHIA_FINE_TRACE] service=ts-order-service endpoint=createOrder latency_ms=40
2026-03-11 16:06:33.604  INFO 1 --- [io-12031-exec-4] order.controller.OrderController         : [createNewOrder][Create Order][from shanghai to taiyuan at 1970-01-02 18:17:36]
2026-03-11 16:06:33.604  INFO 1 --- [io-12031-exec-4] order.service.OrderServiceImpl           : [create][Create Order][Ready to Create Order]
2026-03-11 16:06:33.716  INFO 1 --- [io-12031-exec-4] order.service.OrderServiceImpl           : [create][Order Create Success][Order Price][OrderId:cde62010-c4b8-481f-8358-832e7fe28091 , Price: 0.0]
2026-03-11 16:06:33.716  INFO 1 --- [io-12031-exec-4] order.service.OrderServiceImpl           : [PYTHIA_FINE_TRACE] service=ts-order-service stage=service_create latency_ms=112
2026-03-11 16:06:33.716  INFO 1 --- [io-12031-exec-4] order.controller.OrderController         : [PYTHIA_FINE_TRACE] service=ts-order-service endpoint=createOrder latency_ms=112
2026-03-11 16:06:34.020  INFO 1 --- [io-12031-exec-5] order.controller.OrderController         : [createNewOrder][Create Order][from shanghai to taiyuan at 1970-01-02 18:17:36]
2026-03-11 16:06:34.020  INFO 1 --- [io-12031-exec-5] order.service.OrderServiceImpl           : [create][Create Order][Ready to Create Order]
2026-03-11 16:06:34.056  INFO 1 --- [io-12031-exec-5] order.service.OrderServiceImpl           : [create][Order Create Success][Order Price][OrderId:341ed223-1075-4a53-a589-772c9ddf3bc1 , Price: 0.0]
2026-03-11 16:06:34.056  INFO 1 --- [io-12031-exec-5] order.service.OrderServiceImpl           : [PYTHIA_FINE_TRACE] service=ts-order-service stage=service_create latency_ms=36
2026-03-11 16:06:34.057  INFO 1 --- [io-12031-exec-5] order.controller.OrderController         : [PYTHIA_FINE_TRACE] service=ts-order-service endpoint=createOrder latency_ms=37
2026-03-11 16:06:34.328  INFO 1 --- [io-12031-exec-6] order.controller.OrderController         : [createNewOrder][Create Order][from shanghai to taiyuan at 1970-01-02 18:17:36]
2026-03-11 16:06:34.328  INFO 1 --- [io-12031-exec-6] order.service.OrderServiceImpl           : [create][Create Order][Ready to Create Order]
2026-03-11 16:06:34.377  INFO 1 --- [io-12031-exec-6] order.service.OrderServiceImpl           : [create][Order Create Success][Order Price][OrderId:8dfa7a75-8c3f-441b-bd69-c3d564a90ede , Price: 0.0]
2026-03-11 16:06:34.377  INFO 1 --- [io-12031-exec-6] order.service.OrderServiceImpl           : [PYTHIA_FINE_TRACE] service=ts-order-service stage=service_create latency_ms=49
2026-03-11 16:06:34.377  INFO 1 --- [io-12031-exec-6] order.controller.OrderController         : [PYTHIA_FINE_TRACE] service=ts-order-service endpoint=createOrder latency_ms=50
2026-03-11 16:06:34.707  INFO 1 --- [io-12031-exec-8] order.controller.OrderController         : [createNewOrder][Create Order][from shanghai to taiyuan at 1970-01-02 18:17:36]
2026-03-11 16:06:34.707  INFO 1 --- [io-12031-exec-8] order.service.OrderServiceImpl           : [create][Create Order][Ready to Create Order]
2026-03-11 16:06:34.745  INFO 1 --- [io-12031-exec-8] order.service.OrderServiceImpl           : [create][Order Create Success][Order Price][OrderId:70abfe5d-3974-4f73-98a2-2c18f4af7dc7 , Price: 0.0]
2026-03-11 16:06:34.745  INFO 1 --- [io-12031-exec-8] order.service.OrderServiceImpl           : [PYTHIA_FINE_TRACE] service=ts-order-service stage=service_create latency_ms=38
2026-03-11 16:06:34.746  INFO 1 --- [io-12031-exec-8] order.controller.OrderController         : [PYTHIA_FINE_TRACE] service=ts-order-service endpoint=createOrder latency_ms=39
2026-03-11 16:06:35.023  INFO 1 --- [io-12031-exec-7] order.controller.OrderController         : [createNewOrder][Create Order][from shanghai to taiyuan at 1970-01-02 18:17:36]
2026-03-11 16:06:35.023  INFO 1 --- [io-12031-exec-7] order.service.OrderServiceImpl           : [create][Create Order][Ready to Create Order]
2026-03-11 16:06:35.102  INFO 1 --- [io-12031-exec-7] order.service.OrderServiceImpl           : [create][Order Create Success][Order Price][OrderId:f347b47a-87bc-4f3c-aa28-2538af90169b , Price: 0.0]
2026-03-11 16:06:35.102  INFO 1 --- [io-12031-exec-7] order.service.OrderServiceImpl           : [PYTHIA_FINE_TRACE] service=ts-order-service stage=service_create latency_ms=79
2026-03-11 16:06:35.102  INFO 1 --- [io-12031-exec-7] order.controller.OrderController         : [PYTHIA_FINE_TRACE] service=ts-order-service endpoint=createOrder latency_ms=79
2026-03-11 16:06:35.426  INFO 1 --- [o-12031-exec-10] order.controller.OrderController         : [createNewOrder][Create Order][from shanghai to taiyuan at 1970-01-02 18:17:36]
2026-03-11 16:06:35.426  INFO 1 --- [o-12031-exec-10] order.service.OrderServiceImpl           : [create][Create Order][Ready to Create Order]
2026-03-11 16:06:35.465  INFO 1 --- [o-12031-exec-10] order.service.OrderServiceImpl           : [create][Order Create Success][Order Price][OrderId:3de86ba3-622b-4826-91a3-5ad27881e14f , Price: 0.0]
2026-03-11 16:06:35.465  INFO 1 --- [o-12031-exec-10] order.service.OrderServiceImpl           : [PYTHIA_FINE_TRACE] service=ts-order-service stage=service_create latency_ms=39
2026-03-11 16:06:35.465  INFO 1 --- [o-12031-exec-10] order.controller.OrderController         : [PYTHIA_FINE_TRACE] service=ts-order-service endpoint=createOrder latency_ms=39
2026-03-11 16:06:35.787  INFO 1 --- [io-12031-exec-9] order.controller.OrderController         : [createNewOrder][Create Order][from shanghai to taiyuan at 1970-01-02 18:17:36]
2026-03-11 16:06:35.787  INFO 1 --- [io-12031-exec-9] order.service.OrderServiceImpl           : [create][Create Order][Ready to Create Order]
2026-03-11 16:06:35.826  INFO 1 --- [io-12031-exec-9] order.service.OrderServiceImpl           : [create][Order Create Success][Order Price][OrderId:26ed681c-d998-4fb7-b849-c9effe397442 , Price: 0.0]
2026-03-11 16:06:35.827  INFO 1 --- [io-12031-exec-9] order.service.OrderServiceImpl           : [PYTHIA_FINE_TRACE] service=ts-order-service stage=service_create latency_ms=39
2026-03-11 16:06:35.827  INFO 1 --- [io-12031-exec-9] order.controller.OrderController         : [PYTHIA_FINE_TRACE] service=ts-order-service endpoint=createOrder latency_ms=40
2026-03-11 16:06:36.126  INFO 1 --- [io-12031-exec-2] order.controller.OrderController         : [createNewOrder][Create Order][from shanghai to taiyuan at 1970-01-02 18:17:36]
2026-03-11 16:06:36.126  INFO 1 --- [io-12031-exec-2] order.service.OrderServiceImpl           : [create][Create Order][Ready to Create Order]
2026-03-11 16:06:36.426  INFO 1 --- [io-12031-exec-2] order.service.OrderServiceImpl           : [PYTHIA_DELAY] artificial_delay=300ms
2026-03-11 16:06:36.466  INFO 1 --- [io-12031-exec-2] order.service.OrderServiceImpl           : [create][Order Create Success][Order Price][OrderId:4617ea8c-6477-477a-a8cc-779a2aea180c , Price: 0.0]
2026-03-11 16:06:36.466  INFO 1 --- [io-12031-exec-2] order.service.OrderServiceImpl           : [PYTHIA_FINE_TRACE] service=ts-order-service stage=service_create latency_ms=340
2026-03-11 16:06:36.466  INFO 1 --- [io-12031-exec-2] order.controller.OrderController         : [PYTHIA_FINE_TRACE] service=ts-order-service endpoint=createOrder latency_ms=340
2026-03-11 16:06:36.786  INFO 1 --- [io-12031-exec-1] order.controller.OrderController         : [createNewOrder][Create Order][from shanghai to taiyuan at 1970-01-02 18:17:36]
2026-03-11 16:06:36.786  INFO 1 --- [io-12031-exec-1] order.service.OrderServiceImpl           : [create][Create Order][Ready to Create Order]
2026-03-11 16:06:37.086  INFO 1 --- [io-12031-exec-1] order.service.OrderServiceImpl           : [PYTHIA_DELAY] artificial_delay=300ms
2026-03-11 16:06:37.132  INFO 1 --- [io-12031-exec-1] order.service.OrderServiceImpl           : [create][Order Create Success][Order Price][OrderId:462f59ba-4fd9-4e8f-9b8f-337ad04b4152 , Price: 0.0]
2026-03-11 16:06:37.132  INFO 1 --- [io-12031-exec-1] order.service.OrderServiceImpl           : [PYTHIA_FINE_TRACE] service=ts-order-service stage=service_create latency_ms=346
2026-03-11 16:06:37.132  INFO 1 --- [io-12031-exec-1] order.controller.OrderController         : [PYTHIA_FINE_TRACE] service=ts-order-service endpoint=createOrder latency_ms=346
2026-03-11 16:06:37.429  INFO 1 --- [io-12031-exec-4] order.controller.OrderController         : [createNewOrder][Create Order][from shanghai to taiyuan at 1970-01-02 18:17:36]
2026-03-11 16:06:37.429  INFO 1 --- [io-12031-exec-4] order.service.OrderServiceImpl           : [create][Create Order][Ready to Create Order]
2026-03-11 16:06:37.729  INFO 1 --- [io-12031-exec-4] order.service.OrderServiceImpl           : [PYTHIA_DELAY] artificial_delay=300ms
2026-03-11 16:06:37.776  INFO 1 --- [io-12031-exec-4] order.service.OrderServiceImpl           : [create][Order Create Success][Order Price][OrderId:edb60885-234b-43f9-8b24-6322f70dccf9 , Price: 0.0]
2026-03-11 16:06:37.776  INFO 1 --- [io-12031-exec-4] order.service.OrderServiceImpl           : [PYTHIA_FINE_TRACE] service=ts-order-service stage=service_create latency_ms=347
2026-03-11 16:06:37.776  INFO 1 --- [io-12031-exec-4] order.controller.OrderController         : [PYTHIA_FINE_TRACE] service=ts-order-service endpoint=createOrder latency_ms=347
2026-03-11 16:06:38.099  INFO 1 --- [io-12031-exec-5] order.controller.OrderController         : [createNewOrder][Create Order][from shanghai to taiyuan at 1970-01-02 18:17:36]
2026-03-11 16:06:38.099  INFO 1 --- [io-12031-exec-5] order.service.OrderServiceImpl           : [create][Create Order][Ready to Create Order]
2026-03-11 16:06:38.140  INFO 1 --- [io-12031-exec-5] order.service.OrderServiceImpl           : [create][Order Create Success][Order Price][OrderId:471310fc-077a-4b5f-9c47-a4efc9ce49ab , Price: 0.0]
2026-03-11 16:06:38.140  INFO 1 --- [io-12031-exec-5] order.service.OrderServiceImpl           : [PYTHIA_FINE_TRACE] service=ts-order-service stage=service_create latency_ms=41
2026-03-11 16:06:38.140  INFO 1 --- [io-12031-exec-5] order.controller.OrderController         : [PYTHIA_FINE_TRACE] service=ts-order-service endpoint=createOrder latency_ms=41
2026-03-11 16:06:38.526  INFO 1 --- [io-12031-exec-6] order.controller.OrderController         : [createNewOrder][Create Order][from shanghai to taiyuan at 1970-01-02 18:17:36]
2026-03-11 16:06:38.526  INFO 1 --- [io-12031-exec-6] order.service.OrderServiceImpl           : [create][Create Order][Ready to Create Order]
2026-03-11 16:06:38.606  INFO 1 --- [io-12031-exec-6] order.service.OrderServiceImpl           : [create][Order Create Success][Order Price][OrderId:8ef6edf1-6e8f-4a12-a4bd-7755fd980dfb , Price: 0.0]
2026-03-11 16:06:38.607  INFO 1 --- [io-12031-exec-6] order.service.OrderServiceImpl           : [PYTHIA_FINE_TRACE] service=ts-order-service stage=service_create latency_ms=81
2026-03-11 16:06:38.607  INFO 1 --- [io-12031-exec-6] order.controller.OrderController         : [PYTHIA_FINE_TRACE] service=ts-order-service endpoint=createOrder latency_ms=81
2026-03-11 16:06:38.924  INFO 1 --- [io-12031-exec-8] order.controller.OrderController         : [createNewOrder][Create Order][from shanghai to taiyuan at 1970-01-02 18:17:36]
2026-03-11 16:06:38.924  INFO 1 --- [io-12031-exec-8] order.service.OrderServiceImpl           : [create][Create Order][Ready to Create Order]
2026-03-11 16:06:39.002  INFO 1 --- [io-12031-exec-8] order.service.OrderServiceImpl           : [create][Order Create Success][Order Price][OrderId:6fe27cda-da22-4278-a63c-f996e917db11 , Price: 0.0]
2026-03-11 16:06:39.003  INFO 1 --- [io-12031-exec-8] order.service.OrderServiceImpl           : [PYTHIA_FINE_TRACE] service=ts-order-service stage=service_create latency_ms=79
2026-03-11 16:06:39.003  INFO 1 --- [io-12031-exec-8] order.controller.OrderController         : [PYTHIA_FINE_TRACE] service=ts-order-service endpoint=createOrder latency_ms=80
2026-03-11 16:06:39.328  INFO 1 --- [io-12031-exec-7] order.controller.OrderController         : [createNewOrder][Create Order][from shanghai to taiyuan at 1970-01-02 18:17:36]
2026-03-11 16:06:39.328  INFO 1 --- [io-12031-exec-7] order.service.OrderServiceImpl           : [create][Create Order][Ready to Create Order]
2026-03-11 16:06:39.628  INFO 1 --- [io-12031-exec-7] order.service.OrderServiceImpl           : [PYTHIA_DELAY] artificial_delay=300ms
2026-03-11 16:06:39.712  INFO 1 --- [io-12031-exec-7] order.service.OrderServiceImpl           : [create][Order Create Success][Order Price][OrderId:3e54db37-fdbd-49ff-92ca-df1e34d018e7 , Price: 0.0]
2026-03-11 16:06:39.712  INFO 1 --- [io-12031-exec-7] order.service.OrderServiceImpl           : [PYTHIA_FINE_TRACE] service=ts-order-service stage=service_create latency_ms=384
2026-03-11 16:06:39.712  INFO 1 --- [io-12031-exec-7] order.controller.OrderController         : [PYTHIA_FINE_TRACE] service=ts-order-service endpoint=createOrder latency_ms=384
2026-03-11 16:06:40.026  INFO 1 --- [o-12031-exec-10] order.controller.OrderController         : [createNewOrder][Create Order][from shanghai to taiyuan at 1970-01-02 18:17:36]
2026-03-11 16:06:40.026  INFO 1 --- [o-12031-exec-10] order.service.OrderServiceImpl           : [create][Create Order][Ready to Create Order]
2026-03-11 16:06:40.065  INFO 1 --- [o-12031-exec-10] order.service.OrderServiceImpl           : [create][Order Create Success][Order Price][OrderId:e478c084-6bfb-48cc-804f-25e63208a8a2 , Price: 0.0]
2026-03-11 16:06:40.065  INFO 1 --- [o-12031-exec-10] order.service.OrderServiceImpl           : [PYTHIA_FINE_TRACE] service=ts-order-service stage=service_create latency_ms=39
2026-03-11 16:06:40.065  INFO 1 --- [o-12031-exec-10] order.controller.OrderController         : [PYTHIA_FINE_TRACE] service=ts-order-service endpoint=createOrder latency_ms=39
2026-03-11 16:06:40.388  INFO 1 --- [io-12031-exec-9] order.controller.OrderController         : [createNewOrder][Create Order][from shanghai to taiyuan at 1970-01-02 18:17:36]
2026-03-11 16:06:40.388  INFO 1 --- [io-12031-exec-9] order.service.OrderServiceImpl           : [create][Create Order][Ready to Create Order]
2026-03-11 16:06:40.435  INFO 1 --- [io-12031-exec-9] order.service.OrderServiceImpl           : [create][Order Create Success][Order Price][OrderId:670c3939-7455-4ca0-975b-93138ee8dfd3 , Price: 0.0]
2026-03-11 16:06:40.435  INFO 1 --- [io-12031-exec-9] order.service.OrderServiceImpl           : [PYTHIA_FINE_TRACE] service=ts-order-service stage=service_create latency_ms=47
2026-03-11 16:06:40.435  INFO 1 --- [io-12031-exec-9] order.controller.OrderController         : [PYTHIA_FINE_TRACE] service=ts-order-service endpoint=createOrder latency_ms=47
2026-03-11 16:06:40.726  INFO 1 --- [io-12031-exec-2] order.controller.OrderController         : [createNewOrder][Create Order][from shanghai to taiyuan at 1970-01-02 18:17:36]
2026-03-11 16:06:40.727  INFO 1 --- [io-12031-exec-2] order.service.OrderServiceImpl           : [create][Create Order][Ready to Create Order]
2026-03-11 16:06:41.027  INFO 1 --- [io-12031-exec-2] order.service.OrderServiceImpl           : [PYTHIA_DELAY] artificial_delay=300ms
2026-03-11 16:06:41.066  INFO 1 --- [io-12031-exec-2] order.service.OrderServiceImpl           : [create][Order Create Success][Order Price][OrderId:b625b0c0-7033-487e-a92e-524b9e122c6c , Price: 0.0]
2026-03-11 16:06:41.066  INFO 1 --- [io-12031-exec-2] order.service.OrderServiceImpl           : [PYTHIA_FINE_TRACE] service=ts-order-service stage=service_create latency_ms=339
2026-03-11 16:06:41.066  INFO 1 --- [io-12031-exec-2] order.controller.OrderController         : [PYTHIA_FINE_TRACE] service=ts-order-service endpoint=createOrder latency_ms=340
2026-03-11 16:06:41.507  INFO 1 --- [io-12031-exec-1] order.controller.OrderController         : [createNewOrder][Create Order][from shanghai to taiyuan at 1970-01-02 18:17:36]
2026-03-11 16:06:41.507  INFO 1 --- [io-12031-exec-1] order.service.OrderServiceImpl           : [create][Create Order][Ready to Create Order]
2026-03-11 16:06:41.720  INFO 1 --- [io-12031-exec-1] order.service.OrderServiceImpl           : [create][Order Create Success][Order Price][OrderId:0a9782b1-a55a-4908-8e09-b96b4e81a092 , Price: 0.0]
2026-03-11 16:06:41.720  INFO 1 --- [io-12031-exec-1] order.service.OrderServiceImpl           : [PYTHIA_FINE_TRACE] service=ts-order-service stage=service_create latency_ms=213
2026-03-11 16:06:41.720  INFO 1 --- [io-12031-exec-1] order.controller.OrderController         : [PYTHIA_FINE_TRACE] service=ts-order-service endpoint=createOrder latency_ms=213
2026-03-11 16:06:42.207  INFO 1 --- [io-12031-exec-3] order.controller.OrderController         : [createNewOrder][Create Order][from shanghai to taiyuan at 1970-01-02 18:17:36]
2026-03-11 16:06:42.207  INFO 1 --- [io-12031-exec-3] order.service.OrderServiceImpl           : [create][Create Order][Ready to Create Order]
2026-03-11 16:06:42.318  INFO 1 --- [io-12031-exec-3] order.service.OrderServiceImpl           : [create][Order Create Success][Order Price][OrderId:f53cb301-a9f5-4c04-bd5b-3005f90b9588 , Price: 0.0]
2026-03-11 16:06:42.318  INFO 1 --- [io-12031-exec-3] order.service.OrderServiceImpl           : [PYTHIA_FINE_TRACE] service=ts-order-service stage=service_create latency_ms=111
2026-03-11 16:06:42.318  INFO 1 --- [io-12031-exec-3] order.controller.OrderController         : [PYTHIA_FINE_TRACE] service=ts-order-service endpoint=createOrder latency_ms=111
2026-03-11 16:06:42.624  INFO 1 --- [io-12031-exec-4] order.controller.OrderController         : [createNewOrder][Create Order][from shanghai to taiyuan at 1970-01-02 18:17:36]
2026-03-11 16:06:42.624  INFO 1 --- [io-12031-exec-4] order.service.OrderServiceImpl           : [create][Create Order][Ready to Create Order]
2026-03-11 16:06:42.924  INFO 1 --- [io-12031-exec-4] order.service.OrderServiceImpl           : [PYTHIA_DELAY] artificial_delay=300ms
2026-03-11 16:06:42.972  INFO 1 --- [io-12031-exec-4] order.service.OrderServiceImpl           : [create][Order Create Success][Order Price][OrderId:b9e3f558-f12f-45ae-8603-0da5e2c0ea8b , Price: 0.0]
2026-03-11 16:06:42.972  INFO 1 --- [io-12031-exec-4] order.service.OrderServiceImpl           : [PYTHIA_FINE_TRACE] service=ts-order-service stage=service_create latency_ms=348
2026-03-11 16:06:42.972  INFO 1 --- [io-12031-exec-4] order.controller.OrderController         : [PYTHIA_FINE_TRACE] service=ts-order-service endpoint=createOrder latency_ms=348
2026-03-11 16:06:43.295  INFO 1 --- [io-12031-exec-5] order.controller.OrderController         : [createNewOrder][Create Order][from shanghai to taiyuan at 1970-01-02 18:17:36]
2026-03-11 16:06:43.295  INFO 1 --- [io-12031-exec-5] order.service.OrderServiceImpl           : [create][Create Order][Ready to Create Order]
2026-03-11 16:06:43.341  INFO 1 --- [io-12031-exec-5] order.service.OrderServiceImpl           : [create][Order Create Success][Order Price][OrderId:50d86d98-11be-4b14-991b-cccc693247ab , Price: 0.0]
2026-03-11 16:06:43.341  INFO 1 --- [io-12031-exec-5] order.service.OrderServiceImpl           : [PYTHIA_FINE_TRACE] service=ts-order-service stage=service_create latency_ms=46
2026-03-11 16:06:43.341  INFO 1 --- [io-12031-exec-5] order.controller.OrderController         : [PYTHIA_FINE_TRACE] service=ts-order-service endpoint=createOrder latency_ms=46
2026-03-11 16:06:43.628  INFO 1 --- [io-12031-exec-6] order.controller.OrderController         : [createNewOrder][Create Order][from shanghai to taiyuan at 1970-01-02 18:17:36]
2026-03-11 16:06:43.628  INFO 1 --- [io-12031-exec-6] order.service.OrderServiceImpl           : [create][Create Order][Ready to Create Order]
2026-03-11 16:06:43.675  INFO 1 --- [io-12031-exec-6] order.service.OrderServiceImpl           : [create][Order Create Success][Order Price][OrderId:62b970e0-9c33-496e-a9ab-c7b8815e6bcc , Price: 0.0]
2026-03-11 16:06:43.675  INFO 1 --- [io-12031-exec-6] order.service.OrderServiceImpl           : [PYTHIA_FINE_TRACE] service=ts-order-service stage=service_create latency_ms=47
2026-03-11 16:06:43.675  INFO 1 --- [io-12031-exec-6] order.controller.OrderController         : [PYTHIA_FINE_TRACE] service=ts-order-service endpoint=createOrder latency_ms=47
2026-03-11 16:06:43.999  INFO 1 --- [io-12031-exec-8] order.controller.OrderController         : [createNewOrder][Create Order][from shanghai to taiyuan at 1970-01-02 18:17:36]
2026-03-11 16:06:44.000  INFO 1 --- [io-12031-exec-8] order.service.OrderServiceImpl           : [create][Create Order][Ready to Create Order]
2026-03-11 16:06:44.039  INFO 1 --- [io-12031-exec-8] order.service.OrderServiceImpl           : [create][Order Create Success][Order Price][OrderId:9e314d53-5341-4dfe-9486-9b1947796afb , Price: 0.0]
2026-03-11 16:06:44.039  INFO 1 --- [io-12031-exec-8] order.service.OrderServiceImpl           : [PYTHIA_FINE_TRACE] service=ts-order-service stage=service_create latency_ms=39
2026-03-11 16:06:44.039  INFO 1 --- [io-12031-exec-8] order.controller.OrderController         : [PYTHIA_FINE_TRACE] service=ts-order-service endpoint=createOrder latency_ms=40
2026-03-11 16:06:44.325  INFO 1 --- [io-12031-exec-7] order.controller.OrderController         : [createNewOrder][Create Order][from shanghai to taiyuan at 1970-01-02 18:17:36]
2026-03-11 16:06:44.325  INFO 1 --- [io-12031-exec-7] order.service.OrderServiceImpl           : [create][Create Order][Ready to Create Order]
2026-03-11 16:06:44.625  INFO 1 --- [io-12031-exec-7] order.service.OrderServiceImpl           : [PYTHIA_DELAY] artificial_delay=300ms
2026-03-11 16:06:44.716  INFO 1 --- [io-12031-exec-7] order.service.OrderServiceImpl           : [create][Order Create Success][Order Price][OrderId:9ab0d1ca-bb9f-4636-b1e8-2ea32a07c0bc , Price: 0.0]
2026-03-11 16:06:44.716  INFO 1 --- [io-12031-exec-7] order.service.OrderServiceImpl           : [PYTHIA_FINE_TRACE] service=ts-order-service stage=service_create latency_ms=391
2026-03-11 16:06:44.716  INFO 1 --- [io-12031-exec-7] order.controller.OrderController         : [PYTHIA_FINE_TRACE] service=ts-order-service endpoint=createOrder latency_ms=391
2026-03-11 16:06:45.022  INFO 1 --- [o-12031-exec-10] order.controller.OrderController         : [createNewOrder][Create Order][from shanghai to taiyuan at 1970-01-02 18:17:36]
2026-03-11 16:06:45.022  INFO 1 --- [o-12031-exec-10] order.service.OrderServiceImpl           : [create][Create Order][Ready to Create Order]
2026-03-11 16:06:45.060  INFO 1 --- [o-12031-exec-10] order.service.OrderServiceImpl           : [create][Order Create Success][Order Price][OrderId:b6589ea3-d4fc-4e24-beb4-7d832d40c530 , Price: 0.0]
2026-03-11 16:06:45.060  INFO 1 --- [o-12031-exec-10] order.service.OrderServiceImpl           : [PYTHIA_FINE_TRACE] service=ts-order-service stage=service_create latency_ms=38
2026-03-11 16:06:45.061  INFO 1 --- [o-12031-exec-10] order.controller.OrderController         : [PYTHIA_FINE_TRACE] service=ts-order-service endpoint=createOrder latency_ms=39
2026-03-11 16:06:45.392  INFO 1 --- [io-12031-exec-9] order.controller.OrderController         : [createNewOrder][Create Order][from shanghai to taiyuan at 1970-01-02 18:17:36]
2026-03-11 16:06:45.392  INFO 1 --- [io-12031-exec-9] order.service.OrderServiceImpl           : [create][Create Order][Ready to Create Order]
2026-03-11 16:06:45.440  INFO 1 --- [io-12031-exec-9] order.service.OrderServiceImpl           : [create][Order Create Success][Order Price][OrderId:f48850fa-852b-48a7-99bc-7c2d9a85dad8 , Price: 0.0]
2026-03-11 16:06:45.440  INFO 1 --- [io-12031-exec-9] order.service.OrderServiceImpl           : [PYTHIA_FINE_TRACE] service=ts-order-service stage=service_create latency_ms=48
2026-03-11 16:06:45.440  INFO 1 --- [io-12031-exec-9] order.controller.OrderController         : [PYTHIA_FINE_TRACE] service=ts-order-service endpoint=createOrder latency_ms=48
2026-03-11 16:06:45.781  INFO 1 --- [io-12031-exec-2] order.controller.OrderController         : [createNewOrder][Create Order][from shanghai to taiyuan at 1970-01-02 18:17:36]
2026-03-11 16:06:45.781  INFO 1 --- [io-12031-exec-2] order.service.OrderServiceImpl           : [create][Create Order][Ready to Create Order]
2026-03-11 16:06:45.821  INFO 1 --- [io-12031-exec-2] order.service.OrderServiceImpl           : [create][Order Create Success][Order Price][OrderId:2730f4c0-9a2a-47d8-b130-b983961468b6 , Price: 0.0]
2026-03-11 16:06:45.821  INFO 1 --- [io-12031-exec-2] order.service.OrderServiceImpl           : [PYTHIA_FINE_TRACE] service=ts-order-service stage=service_create latency_ms=40
2026-03-11 16:06:45.821  INFO 1 --- [io-12031-exec-2] order.controller.OrderController         : [PYTHIA_FINE_TRACE] service=ts-order-service endpoint=createOrder latency_ms=40
2026-03-11 16:06:46.184  INFO 1 --- [io-12031-exec-1] order.controller.OrderController         : [createNewOrder][Create Order][from shanghai to taiyuan at 1970-01-02 18:17:36]
2026-03-11 16:06:46.184  INFO 1 --- [io-12031-exec-1] order.service.OrderServiceImpl           : [create][Create Order][Ready to Create Order]
2026-03-11 16:06:46.235  INFO 1 --- [io-12031-exec-1] order.service.OrderServiceImpl           : [create][Order Create Success][Order Price][OrderId:9fdc9e53-2e0f-4a54-9ba8-d8cfc65d9289 , Price: 0.0]
2026-03-11 16:06:46.235  INFO 1 --- [io-12031-exec-1] order.service.OrderServiceImpl           : [PYTHIA_FINE_TRACE] service=ts-order-service stage=service_create latency_ms=51
2026-03-11 16:06:46.235  INFO 1 --- [io-12031-exec-1] order.controller.OrderController         : [PYTHIA_FINE_TRACE] service=ts-order-service endpoint=createOrder latency_ms=51
2026-03-11 16:06:46.522  INFO 1 --- [io-12031-exec-3] order.controller.OrderController         : [createNewOrder][Create Order][from shanghai to taiyuan at 1970-01-02 18:17:36]
2026-03-11 16:06:46.522  INFO 1 --- [io-12031-exec-3] order.service.OrderServiceImpl           : [create][Create Order][Ready to Create Order]
2026-03-11 16:06:46.822  INFO 1 --- [io-12031-exec-3] order.service.OrderServiceImpl           : [PYTHIA_DELAY] artificial_delay=300ms
2026-03-11 16:06:47.009  INFO 1 --- [io-12031-exec-3] order.service.OrderServiceImpl           : [create][Order Create Success][Order Price][OrderId:2ea263fa-adfe-4a56-a98d-3d814cc3eec9 , Price: 0.0]
2026-03-11 16:06:47.009  INFO 1 --- [io-12031-exec-3] order.service.OrderServiceImpl           : [PYTHIA_FINE_TRACE] service=ts-order-service stage=service_create latency_ms=487
2026-03-11 16:06:47.009  INFO 1 --- [io-12031-exec-3] order.controller.OrderController         : [PYTHIA_FINE_TRACE] service=ts-order-service endpoint=createOrder latency_ms=487
2026-03-11 16:06:47.327  INFO 1 --- [io-12031-exec-5] order.controller.OrderController         : [createNewOrder][Create Order][from shanghai to taiyuan at 1970-01-02 18:17:36]
2026-03-11 16:06:47.327  INFO 1 --- [io-12031-exec-5] order.service.OrderServiceImpl           : [create][Create Order][Ready to Create Order]
2026-03-11 16:06:47.407  INFO 1 --- [io-12031-exec-5] order.service.OrderServiceImpl           : [create][Order Create Success][Order Price][OrderId:8a8a7ded-8245-419c-bf39-edef2c2dbc63 , Price: 0.0]
2026-03-11 16:06:47.407  INFO 1 --- [io-12031-exec-5] order.service.OrderServiceImpl           : [PYTHIA_FINE_TRACE] service=ts-order-service stage=service_create latency_ms=80
2026-03-11 16:06:47.407  INFO 1 --- [io-12031-exec-5] order.controller.OrderController         : [PYTHIA_FINE_TRACE] service=ts-order-service endpoint=createOrder latency_ms=80
2026-03-11 16:06:47.732  INFO 1 --- [io-12031-exec-6] order.controller.OrderController         : [createNewOrder][Create Order][from shanghai to taiyuan at 1970-01-02 18:17:36]
2026-03-11 16:06:47.732  INFO 1 --- [io-12031-exec-6] order.service.OrderServiceImpl           : [create][Create Order][Ready to Create Order]
2026-03-11 16:06:47.902  INFO 1 --- [io-12031-exec-6] order.service.OrderServiceImpl           : [create][Order Create Success][Order Price][OrderId:62d88a99-348f-45a6-b79f-965565bc699c , Price: 0.0]
2026-03-11 16:06:47.903  INFO 1 --- [io-12031-exec-6] order.service.OrderServiceImpl           : [PYTHIA_FINE_TRACE] service=ts-order-service stage=service_create latency_ms=171
2026-03-11 16:06:47.903  INFO 1 --- [io-12031-exec-6] order.controller.OrderController         : [PYTHIA_FINE_TRACE] service=ts-order-service endpoint=createOrder latency_ms=171
2026-03-11 16:06:48.228  INFO 1 --- [io-12031-exec-8] order.controller.OrderController         : [createNewOrder][Create Order][from shanghai to taiyuan at 1970-01-02 18:17:36]
2026-03-11 16:06:48.228  INFO 1 --- [io-12031-exec-8] order.service.OrderServiceImpl           : [create][Create Order][Ready to Create Order]
2026-03-11 16:06:48.528  INFO 1 --- [io-12031-exec-8] order.service.OrderServiceImpl           : [PYTHIA_DELAY] artificial_delay=300ms
2026-03-11 16:06:48.601  INFO 1 --- [io-12031-exec-8] order.service.OrderServiceImpl           : [create][Order Create Success][Order Price][OrderId:a85b7ed7-145c-4f96-a1ed-a7575c65bff3 , Price: 0.0]
2026-03-11 16:06:48.601  INFO 1 --- [io-12031-exec-8] order.service.OrderServiceImpl           : [PYTHIA_FINE_TRACE] service=ts-order-service stage=service_create latency_ms=373
2026-03-11 16:06:48.602  INFO 1 --- [io-12031-exec-8] order.controller.OrderController         : [PYTHIA_FINE_TRACE] service=ts-order-service endpoint=createOrder latency_ms=374
2026-03-11 16:06:48.929  INFO 1 --- [io-12031-exec-7] order.controller.OrderController         : [createNewOrder][Create Order][from shanghai to taiyuan at 1970-01-02 18:17:36]
2026-03-11 16:06:48.929  INFO 1 --- [io-12031-exec-7] order.service.OrderServiceImpl           : [create][Create Order][Ready to Create Order]
2026-03-11 16:06:48.970  INFO 1 --- [io-12031-exec-7] order.service.OrderServiceImpl           : [create][Order Create Success][Order Price][OrderId:bbc43178-5e2a-46c3-b15b-0277cc4b06a4 , Price: 0.0]
2026-03-11 16:06:48.970  INFO 1 --- [io-12031-exec-7] order.service.OrderServiceImpl           : [PYTHIA_FINE_TRACE] service=ts-order-service stage=service_create latency_ms=41
2026-03-11 16:06:48.970  INFO 1 --- [io-12031-exec-7] order.controller.OrderController         : [PYTHIA_FINE_TRACE] service=ts-order-service endpoint=createOrder latency_ms=41
2026-03-11 16:06:49.289  INFO 1 --- [o-12031-exec-10] order.controller.OrderController         : [createNewOrder][Create Order][from shanghai to taiyuan at 1970-01-02 18:17:36]
2026-03-11 16:06:49.289  INFO 1 --- [o-12031-exec-10] order.service.OrderServiceImpl           : [create][Create Order][Ready to Create Order]
2026-03-11 16:06:49.330  INFO 1 --- [o-12031-exec-10] order.service.OrderServiceImpl           : [create][Order Create Success][Order Price][OrderId:59503a71-475d-4a30-a052-a444b0f633a0 , Price: 0.0]
2026-03-11 16:06:49.330  INFO 1 --- [o-12031-exec-10] order.service.OrderServiceImpl           : [PYTHIA_FINE_TRACE] service=ts-order-service stage=service_create latency_ms=41
2026-03-11 16:06:49.330  INFO 1 --- [o-12031-exec-10] order.controller.OrderController         : [PYTHIA_FINE_TRACE] service=ts-order-service endpoint=createOrder latency_ms=41
2026-03-11 16:06:49.628  INFO 1 --- [io-12031-exec-9] order.controller.OrderController         : [createNewOrder][Create Order][from shanghai to taiyuan at 1970-01-02 18:17:36]
2026-03-11 16:06:49.628  INFO 1 --- [io-12031-exec-9] order.service.OrderServiceImpl           : [create][Create Order][Ready to Create Order]
2026-03-11 16:06:49.720  INFO 1 --- [io-12031-exec-9] order.service.OrderServiceImpl           : [create][Order Create Success][Order Price][OrderId:22eefe12-b396-44d0-95d9-8e6e9d94af21 , Price: 0.0]
2026-03-11 16:06:49.720  INFO 1 --- [io-12031-exec-9] order.service.OrderServiceImpl           : [PYTHIA_FINE_TRACE] service=ts-order-service stage=service_create latency_ms=92
2026-03-11 16:06:49.720  INFO 1 --- [io-12031-exec-9] order.controller.OrderController         : [PYTHIA_FINE_TRACE] service=ts-order-service endpoint=createOrder latency_ms=92
2026-03-11 16:06:50.026  INFO 1 --- [io-12031-exec-2] order.controller.OrderController         : [createNewOrder][Create Order][from shanghai to taiyuan at 1970-01-02 18:17:36]
2026-03-11 16:06:50.026  INFO 1 --- [io-12031-exec-2] order.service.OrderServiceImpl           : [create][Create Order][Ready to Create Order]
2026-03-11 16:06:50.067  INFO 1 --- [io-12031-exec-2] order.service.OrderServiceImpl           : [create][Order Create Success][Order Price][OrderId:1239e7ab-4107-4690-9311-832eadadbc7f , Price: 0.0]
2026-03-11 16:06:50.067  INFO 1 --- [io-12031-exec-2] order.service.OrderServiceImpl           : [PYTHIA_FINE_TRACE] service=ts-order-service stage=service_create latency_ms=41
2026-03-11 16:06:50.067  INFO 1 --- [io-12031-exec-2] order.controller.OrderController         : [PYTHIA_FINE_TRACE] service=ts-order-service endpoint=createOrder latency_ms=41
2026-03-11 16:06:50.402  INFO 1 --- [io-12031-exec-1] order.controller.OrderController         : [createNewOrder][Create Order][from shanghai to taiyuan at 1970-01-02 18:17:36]
2026-03-11 16:06:50.403  INFO 1 --- [io-12031-exec-1] order.service.OrderServiceImpl           : [create][Create Order][Ready to Create Order]
2026-03-11 16:06:50.703  INFO 1 --- [io-12031-exec-1] order.service.OrderServiceImpl           : [PYTHIA_DELAY] artificial_delay=300ms
2026-03-11 16:06:50.750  INFO 1 --- [io-12031-exec-1] order.service.OrderServiceImpl           : [create][Order Create Success][Order Price][OrderId:7c514d93-8e28-41a0-9c98-8a3262181152 , Price: 0.0]
2026-03-11 16:06:50.750  INFO 1 --- [io-12031-exec-1] order.service.OrderServiceImpl           : [PYTHIA_FINE_TRACE] service=ts-order-service stage=service_create latency_ms=347
2026-03-11 16:06:50.750  INFO 1 --- [io-12031-exec-1] order.controller.OrderController         : [PYTHIA_FINE_TRACE] service=ts-order-service endpoint=createOrder latency_ms=348
2026-03-11 16:06:51.123  INFO 1 --- [io-12031-exec-3] order.controller.OrderController         : [createNewOrder][Create Order][from shanghai to taiyuan at 1970-01-02 18:17:36]
2026-03-11 16:06:51.123  INFO 1 --- [io-12031-exec-3] order.service.OrderServiceImpl           : [create][Create Order][Ready to Create Order]
2026-03-11 16:06:51.164  INFO 1 --- [io-12031-exec-3] order.service.OrderServiceImpl           : [create][Order Create Success][Order Price][OrderId:df9386db-012f-438a-92bc-27e4277ad9e0 , Price: 0.0]
2026-03-11 16:06:51.164  INFO 1 --- [io-12031-exec-3] order.service.OrderServiceImpl           : [PYTHIA_FINE_TRACE] service=ts-order-service stage=service_create latency_ms=41
2026-03-11 16:06:51.164  INFO 1 --- [io-12031-exec-3] order.controller.OrderController         : [PYTHIA_FINE_TRACE] service=ts-order-service endpoint=createOrder latency_ms=41
2026-03-11 16:06:51.487  INFO 1 --- [io-12031-exec-4] order.controller.OrderController         : [createNewOrder][Create Order][from shanghai to taiyuan at 1970-01-02 18:17:36]
2026-03-11 16:06:51.487  INFO 1 --- [io-12031-exec-4] order.service.OrderServiceImpl           : [create][Create Order][Ready to Create Order]
2026-03-11 16:06:51.536  INFO 1 --- [io-12031-exec-4] order.service.OrderServiceImpl           : [create][Order Create Success][Order Price][OrderId:1c8d2225-ea75-4701-8b13-31db9f43585a , Price: 0.0]
2026-03-11 16:06:51.536  INFO 1 --- [io-12031-exec-4] order.service.OrderServiceImpl           : [PYTHIA_FINE_TRACE] service=ts-order-service stage=service_create latency_ms=49
2026-03-11 16:06:51.536  INFO 1 --- [io-12031-exec-4] order.controller.OrderController         : [PYTHIA_FINE_TRACE] service=ts-order-service endpoint=createOrder latency_ms=49
2026-03-11 16:06:51.828  INFO 1 --- [io-12031-exec-5] order.controller.OrderController         : [createNewOrder][Create Order][from shanghai to taiyuan at 1970-01-02 18:17:36]
2026-03-11 16:06:51.828  INFO 1 --- [io-12031-exec-5] order.service.OrderServiceImpl           : [create][Create Order][Ready to Create Order]
2026-03-11 16:06:51.866  INFO 1 --- [io-12031-exec-5] order.service.OrderServiceImpl           : [create][Order Create Success][Order Price][OrderId:f66755c8-d685-442a-b26a-59cb42e00a4e , Price: 0.0]
2026-03-11 16:06:51.866  INFO 1 --- [io-12031-exec-5] order.service.OrderServiceImpl           : [PYTHIA_FINE_TRACE] service=ts-order-service stage=service_create latency_ms=38
2026-03-11 16:06:51.866  INFO 1 --- [io-12031-exec-5] order.controller.OrderController         : [PYTHIA_FINE_TRACE] service=ts-order-service endpoint=createOrder latency_ms=38
2026-03-11 16:06:52.196  INFO 1 --- [io-12031-exec-6] order.controller.OrderController         : [createNewOrder][Create Order][from shanghai to taiyuan at 1970-01-02 18:17:36]
2026-03-11 16:06:52.196  INFO 1 --- [io-12031-exec-6] order.service.OrderServiceImpl           : [create][Create Order][Ready to Create Order]
2026-03-11 16:06:52.312  INFO 1 --- [io-12031-exec-6] order.service.OrderServiceImpl           : [create][Order Create Success][Order Price][OrderId:67df24ae-4a45-4fe6-80d6-dc75c14f6b9d , Price: 0.0]
2026-03-11 16:06:52.312  INFO 1 --- [io-12031-exec-6] order.service.OrderServiceImpl           : [PYTHIA_FINE_TRACE] service=ts-order-service stage=service_create latency_ms=116
2026-03-11 16:06:52.312  INFO 1 --- [io-12031-exec-6] order.controller.OrderController         : [PYTHIA_FINE_TRACE] service=ts-order-service endpoint=createOrder latency_ms=116
2026-03-11 16:06:52.624  INFO 1 --- [io-12031-exec-8] order.controller.OrderController         : [createNewOrder][Create Order][from shanghai to taiyuan at 1970-01-02 18:17:36]
2026-03-11 16:06:52.624  INFO 1 --- [io-12031-exec-8] order.service.OrderServiceImpl           : [create][Create Order][Ready to Create Order]
2026-03-11 16:06:52.663  INFO 1 --- [io-12031-exec-8] order.service.OrderServiceImpl           : [create][Order Create Success][Order Price][OrderId:e42320ac-5b87-4d81-a183-243c6613b2a8 , Price: 0.0]
2026-03-11 16:06:52.663  INFO 1 --- [io-12031-exec-8] order.service.OrderServiceImpl           : [PYTHIA_FINE_TRACE] service=ts-order-service stage=service_create latency_ms=39
2026-03-11 16:06:52.663  INFO 1 --- [io-12031-exec-8] order.controller.OrderController         : [PYTHIA_FINE_TRACE] service=ts-order-service endpoint=createOrder latency_ms=39
2026-03-11 16:06:52.985  INFO 1 --- [io-12031-exec-7] order.controller.OrderController         : [createNewOrder][Create Order][from shanghai to taiyuan at 1970-01-02 18:17:36]
2026-03-11 16:06:52.985  INFO 1 --- [io-12031-exec-7] order.service.OrderServiceImpl           : [create][Create Order][Ready to Create Order]
2026-03-11 16:06:53.033  INFO 1 --- [io-12031-exec-7] order.service.OrderServiceImpl           : [create][Order Create Success][Order Price][OrderId:9e3a29d0-be6d-4234-9d9f-a87a39ced093 , Price: 0.0]
2026-03-11 16:06:53.033  INFO 1 --- [io-12031-exec-7] order.service.OrderServiceImpl           : [PYTHIA_FINE_TRACE] service=ts-order-service stage=service_create latency_ms=48
2026-03-11 16:06:53.033  INFO 1 --- [io-12031-exec-7] order.controller.OrderController         : [PYTHIA_FINE_TRACE] service=ts-order-service endpoint=createOrder latency_ms=48
2026-03-11 16:06:53.324  INFO 1 --- [o-12031-exec-10] order.controller.OrderController         : [createNewOrder][Create Order][from shanghai to taiyuan at 1970-01-02 18:17:36]
2026-03-11 16:06:53.324  INFO 1 --- [o-12031-exec-10] order.service.OrderServiceImpl           : [create][Create Order][Ready to Create Order]
2026-03-11 16:06:53.402  INFO 1 --- [o-12031-exec-10] order.service.OrderServiceImpl           : [create][Order Create Success][Order Price][OrderId:58f98281-40f2-4af5-8fc3-b9be1866968b , Price: 0.0]
2026-03-11 16:06:53.402  INFO 1 --- [o-12031-exec-10] order.service.OrderServiceImpl           : [PYTHIA_FINE_TRACE] service=ts-order-service stage=service_create latency_ms=78
2026-03-11 16:06:53.402  INFO 1 --- [o-12031-exec-10] order.controller.OrderController         : [PYTHIA_FINE_TRACE] service=ts-order-service endpoint=createOrder latency_ms=78
2026-03-11 16:06:53.781  INFO 1 --- [io-12031-exec-9] order.controller.OrderController         : [createNewOrder][Create Order][from shanghai to taiyuan at 1970-01-02 18:17:36]
2026-03-11 16:06:53.781  INFO 1 --- [io-12031-exec-9] order.service.OrderServiceImpl           : [create][Create Order][Ready to Create Order]
2026-03-11 16:06:54.081  INFO 1 --- [io-12031-exec-9] order.service.OrderServiceImpl           : [PYTHIA_DELAY] artificial_delay=300ms
2026-03-11 16:06:54.128  INFO 1 --- [io-12031-exec-9] order.service.OrderServiceImpl           : [create][Order Create Success][Order Price][OrderId:aaa14af2-976e-46c6-92e7-dc90b7225840 , Price: 0.0]
2026-03-11 16:06:54.128  INFO 1 --- [io-12031-exec-9] order.service.OrderServiceImpl           : [PYTHIA_FINE_TRACE] service=ts-order-service stage=service_create latency_ms=347
2026-03-11 16:06:54.128  INFO 1 --- [io-12031-exec-9] order.controller.OrderController         : [PYTHIA_FINE_TRACE] service=ts-order-service endpoint=createOrder latency_ms=347
2026-03-11 16:06:54.426  INFO 1 --- [io-12031-exec-2] order.controller.OrderController         : [createNewOrder][Create Order][from shanghai to taiyuan at 1970-01-02 18:17:36]
2026-03-11 16:06:54.426  INFO 1 --- [io-12031-exec-2] order.service.OrderServiceImpl           : [create][Create Order][Ready to Create Order]
2026-03-11 16:06:54.726  INFO 1 --- [io-12031-exec-2] order.service.OrderServiceImpl           : [PYTHIA_DELAY] artificial_delay=300ms
2026-03-11 16:06:54.765  INFO 1 --- [io-12031-exec-2] order.service.OrderServiceImpl           : [create][Order Create Success][Order Price][OrderId:f5d5e0c1-09a5-46a2-a51f-132c94471578 , Price: 0.0]
2026-03-11 16:06:54.765  INFO 1 --- [io-12031-exec-2] order.service.OrderServiceImpl           : [PYTHIA_FINE_TRACE] service=ts-order-service stage=service_create latency_ms=339
2026-03-11 16:06:54.765  INFO 1 --- [io-12031-exec-2] order.controller.OrderController         : [PYTHIA_FINE_TRACE] service=ts-order-service endpoint=createOrder latency_ms=339
2026-03-11 16:06:55.086  INFO 1 --- [io-12031-exec-1] order.controller.OrderController         : [createNewOrder][Create Order][from shanghai to taiyuan at 1970-01-02 18:17:36]
2026-03-11 16:06:55.086  INFO 1 --- [io-12031-exec-1] order.service.OrderServiceImpl           : [create][Create Order][Ready to Create Order]
2026-03-11 16:06:55.386  INFO 1 --- [io-12031-exec-1] order.service.OrderServiceImpl           : [PYTHIA_DELAY] artificial_delay=300ms
2026-03-11 16:06:55.434  INFO 1 --- [io-12031-exec-1] order.service.OrderServiceImpl           : [create][Order Create Success][Order Price][OrderId:af72a838-825f-43c9-bc09-93186e61f72b , Price: 0.0]
2026-03-11 16:06:55.434  INFO 1 --- [io-12031-exec-1] order.service.OrderServiceImpl           : [PYTHIA_FINE_TRACE] service=ts-order-service stage=service_create latency_ms=348
2026-03-11 16:06:55.434  INFO 1 --- [io-12031-exec-1] order.controller.OrderController         : [PYTHIA_FINE_TRACE] service=ts-order-service endpoint=createOrder latency_ms=348
2026-03-11 16:06:55.733  INFO 1 --- [io-12031-exec-3] order.controller.OrderController         : [createNewOrder][Create Order][from shanghai to taiyuan at 1970-01-02 18:17:36]
2026-03-11 16:06:55.733  INFO 1 --- [io-12031-exec-3] order.service.OrderServiceImpl           : [create][Create Order][Ready to Create Order]
2026-03-11 16:06:55.775  INFO 1 --- [io-12031-exec-3] order.service.OrderServiceImpl           : [create][Order Create Success][Order Price][OrderId:db0085a2-76cc-4a0d-826c-932d6eefa516 , Price: 0.0]
2026-03-11 16:06:55.775  INFO 1 --- [io-12031-exec-3] order.service.OrderServiceImpl           : [PYTHIA_FINE_TRACE] service=ts-order-service stage=service_create latency_ms=42
2026-03-11 16:06:55.775  INFO 1 --- [io-12031-exec-3] order.controller.OrderController         : [PYTHIA_FINE_TRACE] service=ts-order-service endpoint=createOrder latency_ms=42
2026-03-11 16:06:56.125  INFO 1 --- [io-12031-exec-4] order.controller.OrderController         : [createNewOrder][Create Order][from shanghai to taiyuan at 1970-01-02 18:17:36]
2026-03-11 16:06:56.126  INFO 1 --- [io-12031-exec-4] order.service.OrderServiceImpl           : [create][Create Order][Ready to Create Order]
2026-03-11 16:06:56.217  INFO 1 --- [io-12031-exec-4] order.service.OrderServiceImpl           : [create][Order Create Success][Order Price][OrderId:4c7bd40e-5774-4a43-b3eb-d1d8e12c0ac0 , Price: 0.0]
2026-03-11 16:06:56.217  INFO 1 --- [io-12031-exec-4] order.service.OrderServiceImpl           : [PYTHIA_FINE_TRACE] service=ts-order-service stage=service_create latency_ms=91
2026-03-11 16:06:56.217  INFO 1 --- [io-12031-exec-4] order.controller.OrderController         : [PYTHIA_FINE_TRACE] service=ts-order-service endpoint=createOrder latency_ms=92
2026-03-11 16:06:56.524  INFO 1 --- [io-12031-exec-5] order.controller.OrderController         : [createNewOrder][Create Order][from shanghai to taiyuan at 1970-01-02 18:17:36]
2026-03-11 16:06:56.524  INFO 1 --- [io-12031-exec-5] order.service.OrderServiceImpl           : [create][Create Order][Ready to Create Order]
2026-03-11 16:06:56.602  INFO 1 --- [io-12031-exec-5] order.service.OrderServiceImpl           : [create][Order Create Success][Order Price][OrderId:bcc5c026-f834-4539-865b-e3836cb556b8 , Price: 0.0]
2026-03-11 16:06:56.602  INFO 1 --- [io-12031-exec-5] order.service.OrderServiceImpl           : [PYTHIA_FINE_TRACE] service=ts-order-service stage=service_create latency_ms=78
2026-03-11 16:06:56.602  INFO 1 --- [io-12031-exec-5] order.controller.OrderController         : [PYTHIA_FINE_TRACE] service=ts-order-service endpoint=createOrder latency_ms=78
2026-03-11 16:06:56.930  INFO 1 --- [io-12031-exec-6] order.controller.OrderController         : [createNewOrder][Create Order][from shanghai to taiyuan at 1970-01-02 18:17:36]
2026-03-11 16:06:56.930  INFO 1 --- [io-12031-exec-6] order.service.OrderServiceImpl           : [create][Create Order][Ready to Create Order]
2026-03-11 16:06:57.016  INFO 1 --- [io-12031-exec-6] order.service.OrderServiceImpl           : [create][Order Create Success][Order Price][OrderId:43df5c0c-54fe-443a-8295-e3967a953716 , Price: 0.0]
2026-03-11 16:06:57.016  INFO 1 --- [io-12031-exec-6] order.service.OrderServiceImpl           : [PYTHIA_FINE_TRACE] service=ts-order-service stage=service_create latency_ms=86
2026-03-11 16:06:57.016  INFO 1 --- [io-12031-exec-6] order.controller.OrderController         : [PYTHIA_FINE_TRACE] service=ts-order-service endpoint=createOrder latency_ms=86
2026-03-11 16:06:57.327  INFO 1 --- [io-12031-exec-7] order.controller.OrderController         : [createNewOrder][Create Order][from shanghai to taiyuan at 1970-01-02 18:17:36]
2026-03-11 16:06:57.327  INFO 1 --- [io-12031-exec-7] order.service.OrderServiceImpl           : [create][Create Order][Ready to Create Order]
2026-03-11 16:06:57.423  INFO 1 --- [io-12031-exec-7] order.service.OrderServiceImpl           : [create][Order Create Success][Order Price][OrderId:2565cf30-4f25-417a-b486-bf1649f24ab0 , Price: 0.0]
2026-03-11 16:06:57.423  INFO 1 --- [io-12031-exec-7] order.service.OrderServiceImpl           : [PYTHIA_FINE_TRACE] service=ts-order-service stage=service_create latency_ms=96
2026-03-11 16:06:57.423  INFO 1 --- [io-12031-exec-7] order.controller.OrderController         : [PYTHIA_FINE_TRACE] service=ts-order-service endpoint=createOrder latency_ms=96
2026-03-11 16:06:57.734  INFO 1 --- [o-12031-exec-10] order.controller.OrderController         : [createNewOrder][Create Order][from shanghai to taiyuan at 1970-01-02 18:17:36]
2026-03-11 16:06:57.734  INFO 1 --- [o-12031-exec-10] order.service.OrderServiceImpl           : [create][Create Order][Ready to Create Order]
2026-03-11 16:06:57.819  INFO 1 --- [o-12031-exec-10] order.service.OrderServiceImpl           : [create][Order Create Success][Order Price][OrderId:fbcb092b-f396-4a23-a4c2-5667160c8760 , Price: 0.0]
2026-03-11 16:06:57.819  INFO 1 --- [o-12031-exec-10] order.service.OrderServiceImpl           : [PYTHIA_FINE_TRACE] service=ts-order-service stage=service_create latency_ms=85
2026-03-11 16:06:57.819  INFO 1 --- [o-12031-exec-10] order.controller.OrderController         : [PYTHIA_FINE_TRACE] service=ts-order-service endpoint=createOrder latency_ms=85
2026-03-11 16:06:58.124  INFO 1 --- [io-12031-exec-9] order.controller.OrderController         : [createNewOrder][Create Order][from shanghai to taiyuan at 1970-01-02 18:17:36]
2026-03-11 16:06:58.124  INFO 1 --- [io-12031-exec-9] order.service.OrderServiceImpl           : [create][Create Order][Ready to Create Order]
2026-03-11 16:06:58.424  INFO 1 --- [io-12031-exec-9] order.service.OrderServiceImpl           : [PYTHIA_DELAY] artificial_delay=300ms
2026-03-11 16:06:58.463  INFO 1 --- [io-12031-exec-9] order.service.OrderServiceImpl           : [create][Order Create Success][Order Price][OrderId:795ba87f-ebf0-4210-930a-8a677f3481a1 , Price: 0.0]
2026-03-11 16:06:58.463  INFO 1 --- [io-12031-exec-9] order.service.OrderServiceImpl           : [PYTHIA_FINE_TRACE] service=ts-order-service stage=service_create latency_ms=339
2026-03-11 16:06:58.463  INFO 1 --- [io-12031-exec-9] order.controller.OrderController         : [PYTHIA_FINE_TRACE] service=ts-order-service endpoint=createOrder latency_ms=339
2026-03-11 16:06:58.826  INFO 1 --- [io-12031-exec-2] order.controller.OrderController         : [createNewOrder][Create Order][from shanghai to taiyuan at 1970-01-02 18:17:36]
2026-03-11 16:06:58.826  INFO 1 --- [io-12031-exec-2] order.service.OrderServiceImpl           : [create][Create Order][Ready to Create Order]
2026-03-11 16:06:58.925  INFO 1 --- [io-12031-exec-2] order.service.OrderServiceImpl           : [create][Order Create Success][Order Price][OrderId:c19e0caf-eeff-45fe-8ca1-958b3c528a7a , Price: 0.0]
2026-03-11 16:06:58.925  INFO 1 --- [io-12031-exec-2] order.service.OrderServiceImpl           : [PYTHIA_FINE_TRACE] service=ts-order-service stage=service_create latency_ms=99
2026-03-11 16:06:58.925  INFO 1 --- [io-12031-exec-2] order.controller.OrderController         : [PYTHIA_FINE_TRACE] service=ts-order-service endpoint=createOrder latency_ms=99
2026-03-11 16:06:59.285  INFO 1 --- [io-12031-exec-1] order.controller.OrderController         : [createNewOrder][Create Order][from shanghai to taiyuan at 1970-01-02 18:17:36]
2026-03-11 16:06:59.285  INFO 1 --- [io-12031-exec-1] order.service.OrderServiceImpl           : [create][Create Order][Ready to Create Order]
2026-03-11 16:06:59.325  INFO 1 --- [io-12031-exec-1] order.service.OrderServiceImpl           : [create][Order Create Success][Order Price][OrderId:4ae526cb-89c2-4c82-a463-e5abf67d490f , Price: 0.0]
2026-03-11 16:06:59.325  INFO 1 --- [io-12031-exec-1] order.service.OrderServiceImpl           : [PYTHIA_FINE_TRACE] service=ts-order-service stage=service_create latency_ms=40
2026-03-11 16:06:59.325  INFO 1 --- [io-12031-exec-1] order.controller.OrderController         : [PYTHIA_FINE_TRACE] service=ts-order-service endpoint=createOrder latency_ms=40
2026-03-11 16:06:59.620  INFO 1 --- [io-12031-exec-3] order.controller.OrderController         : [createNewOrder][Create Order][from shanghai to taiyuan at 1970-01-02 18:17:36]
2026-03-11 16:06:59.621  INFO 1 --- [io-12031-exec-3] order.service.OrderServiceImpl           : [create][Create Order][Ready to Create Order]
2026-03-11 16:06:59.702  INFO 1 --- [io-12031-exec-3] order.service.OrderServiceImpl           : [create][Order Create Success][Order Price][OrderId:94862d71-1565-4c31-943d-2783fda2eea4 , Price: 0.0]
2026-03-11 16:06:59.702  INFO 1 --- [io-12031-exec-3] order.service.OrderServiceImpl           : [PYTHIA_FINE_TRACE] service=ts-order-service stage=service_create latency_ms=81
2026-03-11 16:06:59.702  INFO 1 --- [io-12031-exec-3] order.controller.OrderController         : [PYTHIA_FINE_TRACE] service=ts-order-service endpoint=createOrder latency_ms=82
2026-03-11 16:07:00.024  INFO 1 --- [io-12031-exec-4] order.controller.OrderController         : [createNewOrder][Create Order][from shanghai to taiyuan at 1970-01-02 18:17:36]
2026-03-11 16:07:00.024  INFO 1 --- [io-12031-exec-4] order.service.OrderServiceImpl           : [create][Create Order][Ready to Create Order]
2026-03-11 16:07:00.064  INFO 1 --- [io-12031-exec-4] order.service.OrderServiceImpl           : [create][Order Create Success][Order Price][OrderId:bfe5b549-b77b-4e0a-9911-b5cbbe4ee51e , Price: 0.0]
2026-03-11 16:07:00.064  INFO 1 --- [io-12031-exec-4] order.service.OrderServiceImpl           : [PYTHIA_FINE_TRACE] service=ts-order-service stage=service_create latency_ms=40
2026-03-11 16:07:00.064  INFO 1 --- [io-12031-exec-4] order.controller.OrderController         : [PYTHIA_FINE_TRACE] service=ts-order-service endpoint=createOrder latency_ms=40
2026-03-11 16:07:00.383  INFO 1 --- [io-12031-exec-5] order.controller.OrderController         : [createNewOrder][Create Order][from shanghai to taiyuan at 1970-01-02 18:17:36]
2026-03-11 16:07:00.383  INFO 1 --- [io-12031-exec-5] order.service.OrderServiceImpl           : [create][Create Order][Ready to Create Order]
2026-03-11 16:07:00.433  INFO 1 --- [io-12031-exec-5] order.service.OrderServiceImpl           : [create][Order Create Success][Order Price][OrderId:40c9178c-cc22-431d-bdee-1df22d1860a6 , Price: 0.0]
2026-03-11 16:07:00.433  INFO 1 --- [io-12031-exec-5] order.service.OrderServiceImpl           : [PYTHIA_FINE_TRACE] service=ts-order-service stage=service_create latency_ms=50
2026-03-11 16:07:00.433  INFO 1 --- [io-12031-exec-5] order.controller.OrderController         : [PYTHIA_FINE_TRACE] service=ts-order-service endpoint=createOrder latency_ms=50
2026-03-11 16:07:00.726  INFO 1 --- [io-12031-exec-6] order.controller.OrderController         : [createNewOrder][Create Order][from shanghai to taiyuan at 1970-01-02 18:17:36]
2026-03-11 16:07:00.726  INFO 1 --- [io-12031-exec-6] order.service.OrderServiceImpl           : [create][Create Order][Ready to Create Order]
2026-03-11 16:07:00.764  INFO 1 --- [io-12031-exec-6] order.service.OrderServiceImpl           : [create][Order Create Success][Order Price][OrderId:a34e6549-59d8-49fb-9bec-08012349621b , Price: 0.0]
2026-03-11 16:07:00.764  INFO 1 --- [io-12031-exec-6] order.service.OrderServiceImpl           : [PYTHIA_FINE_TRACE] service=ts-order-service stage=service_create latency_ms=38
2026-03-11 16:07:00.764  INFO 1 --- [io-12031-exec-6] order.controller.OrderController         : [PYTHIA_FINE_TRACE] service=ts-order-service endpoint=createOrder latency_ms=38
2026-03-11 16:07:01.091  INFO 1 --- [io-12031-exec-8] order.controller.OrderController         : [createNewOrder][Create Order][from shanghai to taiyuan at 1970-01-02 18:17:36]
2026-03-11 16:07:01.091  INFO 1 --- [io-12031-exec-8] order.service.OrderServiceImpl           : [create][Create Order][Ready to Create Order]
2026-03-11 16:07:01.142  INFO 1 --- [io-12031-exec-8] order.service.OrderServiceImpl           : [create][Order Create Success][Order Price][OrderId:9ba1b93a-ab68-4aaa-a78e-815b7def2745 , Price: 0.0]
2026-03-11 16:07:01.142  INFO 1 --- [io-12031-exec-8] order.service.OrderServiceImpl           : [PYTHIA_FINE_TRACE] service=ts-order-service stage=service_create latency_ms=51
2026-03-11 16:07:01.142  INFO 1 --- [io-12031-exec-8] order.controller.OrderController         : [PYTHIA_FINE_TRACE] service=ts-order-service endpoint=createOrder latency_ms=51
2026-03-11 16:07:01.430  INFO 1 --- [io-12031-exec-7] order.controller.OrderController         : [createNewOrder][Create Order][from shanghai to taiyuan at 1970-01-02 18:17:36]
2026-03-11 16:07:01.430  INFO 1 --- [io-12031-exec-7] order.service.OrderServiceImpl           : [create][Create Order][Ready to Create Order]
2026-03-11 16:07:01.730  INFO 1 --- [io-12031-exec-7] order.service.OrderServiceImpl           : [PYTHIA_DELAY] artificial_delay=300ms
2026-03-11 16:07:01.776  INFO 1 --- [io-12031-exec-7] order.service.OrderServiceImpl           : [create][Order Create Success][Order Price][OrderId:2406b033-9232-4b11-9ff0-b63cceb92700 , Price: 0.0]
2026-03-11 16:07:01.776  INFO 1 --- [io-12031-exec-7] order.service.OrderServiceImpl           : [PYTHIA_FINE_TRACE] service=ts-order-service stage=service_create latency_ms=346
2026-03-11 16:07:01.776  INFO 1 --- [io-12031-exec-7] order.controller.OrderController         : [PYTHIA_FINE_TRACE] service=ts-order-service endpoint=createOrder latency_ms=346
2026-03-11 16:07:02.105  INFO 1 --- [o-12031-exec-10] order.controller.OrderController         : [createNewOrder][Create Order][from shanghai to taiyuan at 1970-01-02 18:17:36]
2026-03-11 16:07:02.105  INFO 1 --- [o-12031-exec-10] order.service.OrderServiceImpl           : [create][Create Order][Ready to Create Order]
2026-03-11 16:07:02.210  INFO 1 --- [o-12031-exec-10] order.service.OrderServiceImpl           : [create][Order Create Success][Order Price][OrderId:90364cc9-6d0a-4c63-a777-77fafa85d10f , Price: 0.0]
2026-03-11 16:07:02.210  INFO 1 --- [o-12031-exec-10] order.service.OrderServiceImpl           : [PYTHIA_FINE_TRACE] service=ts-order-service stage=service_create latency_ms=105
2026-03-11 16:07:02.210  INFO 1 --- [o-12031-exec-10] order.controller.OrderController         : [PYTHIA_FINE_TRACE] service=ts-order-service endpoint=createOrder latency_ms=105
2026-03-11 16:07:02.527  INFO 1 --- [io-12031-exec-9] order.controller.OrderController         : [createNewOrder][Create Order][from shanghai to taiyuan at 1970-01-02 18:17:36]
2026-03-11 16:07:02.527  INFO 1 --- [io-12031-exec-9] order.service.OrderServiceImpl           : [create][Create Order][Ready to Create Order]
2026-03-11 16:07:02.611  INFO 1 --- [io-12031-exec-9] order.service.OrderServiceImpl           : [create][Order Create Success][Order Price][OrderId:25fa4381-4ec6-4dd7-9e0d-3a03fb2dff6f , Price: 0.0]
2026-03-11 16:07:02.611  INFO 1 --- [io-12031-exec-9] order.service.OrderServiceImpl           : [PYTHIA_FINE_TRACE] service=ts-order-service stage=service_create latency_ms=84
2026-03-11 16:07:02.611  INFO 1 --- [io-12031-exec-9] order.controller.OrderController         : [PYTHIA_FINE_TRACE] service=ts-order-service endpoint=createOrder latency_ms=84
2026-03-11 16:07:02.981  INFO 1 --- [io-12031-exec-2] order.controller.OrderController         : [createNewOrder][Create Order][from shanghai to taiyuan at 1970-01-02 18:17:36]
2026-03-11 16:07:02.981  INFO 1 --- [io-12031-exec-2] order.service.OrderServiceImpl           : [create][Create Order][Ready to Create Order]
2026-03-11 16:07:03.033  INFO 1 --- [io-12031-exec-2] order.service.OrderServiceImpl           : [create][Order Create Success][Order Price][OrderId:cfec8ad9-2e6c-4dac-9137-467e9f82669b , Price: 0.0]
2026-03-11 16:07:03.033  INFO 1 --- [io-12031-exec-2] order.service.OrderServiceImpl           : [PYTHIA_FINE_TRACE] service=ts-order-service stage=service_create latency_ms=52
2026-03-11 16:07:03.033  INFO 1 --- [io-12031-exec-2] order.controller.OrderController         : [PYTHIA_FINE_TRACE] service=ts-order-service endpoint=createOrder latency_ms=52
2026-03-11 16:07:03.333  INFO 1 --- [io-12031-exec-1] order.controller.OrderController         : [createNewOrder][Create Order][from shanghai to taiyuan at 1970-01-02 18:17:36]
2026-03-11 16:07:03.333  INFO 1 --- [io-12031-exec-1] order.service.OrderServiceImpl           : [create][Create Order][Ready to Create Order]
2026-03-11 16:07:03.633  INFO 1 --- [io-12031-exec-1] order.service.OrderServiceImpl           : [PYTHIA_DELAY] artificial_delay=300ms
2026-03-11 16:07:03.672  INFO 1 --- [io-12031-exec-1] order.service.OrderServiceImpl           : [create][Order Create Success][Order Price][OrderId:922039a9-0eca-4681-ac26-c38304f28f6e , Price: 0.0]
2026-03-11 16:07:03.672  INFO 1 --- [io-12031-exec-1] order.service.OrderServiceImpl           : [PYTHIA_FINE_TRACE] service=ts-order-service stage=service_create latency_ms=339
2026-03-11 16:07:03.672  INFO 1 --- [io-12031-exec-1] order.controller.OrderController         : [PYTHIA_FINE_TRACE] service=ts-order-service endpoint=createOrder latency_ms=339
2026-03-11 16:07:04.000  INFO 1 --- [io-12031-exec-3] order.controller.OrderController         : [createNewOrder][Create Order][from shanghai to taiyuan at 1970-01-02 18:17:36]
2026-03-11 16:07:04.000  INFO 1 --- [io-12031-exec-3] order.service.OrderServiceImpl           : [create][Create Order][Ready to Create Order]
2026-03-11 16:07:04.050  INFO 1 --- [io-12031-exec-3] order.service.OrderServiceImpl           : [create][Order Create Success][Order Price][OrderId:8835012a-19d8-4033-8e37-d8d53e2c35b9 , Price: 0.0]
2026-03-11 16:07:04.050  INFO 1 --- [io-12031-exec-3] order.service.OrderServiceImpl           : [PYTHIA_FINE_TRACE] service=ts-order-service stage=service_create latency_ms=50
2026-03-11 16:07:04.050  INFO 1 --- [io-12031-exec-3] order.controller.OrderController         : [PYTHIA_FINE_TRACE] service=ts-order-service endpoint=createOrder latency_ms=50
2026-03-11 16:07:04.323  INFO 1 --- [io-12031-exec-4] order.controller.OrderController         : [createNewOrder][Create Order][from shanghai to taiyuan at 1970-01-02 18:17:36]
2026-03-11 16:07:04.323  INFO 1 --- [io-12031-exec-4] order.service.OrderServiceImpl           : [create][Create Order][Ready to Create Order]
2026-03-11 16:07:04.361  INFO 1 --- [io-12031-exec-4] order.service.OrderServiceImpl           : [create][Order Create Success][Order Price][OrderId:af3385ad-0b04-494b-9734-46c02b09fb04 , Price: 0.0]
2026-03-11 16:07:04.361  INFO 1 --- [io-12031-exec-4] order.service.OrderServiceImpl           : [PYTHIA_FINE_TRACE] service=ts-order-service stage=service_create latency_ms=38
2026-03-11 16:07:04.361  INFO 1 --- [io-12031-exec-4] order.controller.OrderController         : [PYTHIA_FINE_TRACE] service=ts-order-service endpoint=createOrder latency_ms=38
2026-03-11 16:07:04.682  INFO 1 --- [io-12031-exec-5] order.controller.OrderController         : [createNewOrder][Create Order][from shanghai to taiyuan at 1970-01-02 18:17:36]
2026-03-11 16:07:04.682  INFO 1 --- [io-12031-exec-5] order.service.OrderServiceImpl           : [create][Create Order][Ready to Create Order]
2026-03-11 16:07:04.723  INFO 1 --- [io-12031-exec-5] order.service.OrderServiceImpl           : [create][Order Create Success][Order Price][OrderId:f02437be-35ea-431c-9f39-95e279275925 , Price: 0.0]
2026-03-11 16:07:04.723  INFO 1 --- [io-12031-exec-5] order.service.OrderServiceImpl           : [PYTHIA_FINE_TRACE] service=ts-order-service stage=service_create latency_ms=41
2026-03-11 16:07:04.723  INFO 1 --- [io-12031-exec-5] order.controller.OrderController         : [PYTHIA_FINE_TRACE] service=ts-order-service endpoint=createOrder latency_ms=41
2026-03-11 16:07:05.025  INFO 1 --- [io-12031-exec-6] order.controller.OrderController         : [createNewOrder][Create Order][from shanghai to taiyuan at 1970-01-02 18:17:36]
2026-03-11 16:07:05.025  INFO 1 --- [io-12031-exec-6] order.service.OrderServiceImpl           : [create][Create Order][Ready to Create Order]
2026-03-11 16:07:05.325  INFO 1 --- [io-12031-exec-6] order.service.OrderServiceImpl           : [PYTHIA_DELAY] artificial_delay=300ms
2026-03-11 16:07:05.370  INFO 1 --- [io-12031-exec-6] order.service.OrderServiceImpl           : [create][Order Create Success][Order Price][OrderId:16912ac3-2098-4922-a71a-b8c5cf1eb3fc , Price: 0.0]
2026-03-11 16:07:05.371  INFO 1 --- [io-12031-exec-6] order.service.OrderServiceImpl           : [PYTHIA_FINE_TRACE] service=ts-order-service stage=service_create latency_ms=346
2026-03-11 16:07:05.371  INFO 1 --- [io-12031-exec-6] order.controller.OrderController         : [PYTHIA_FINE_TRACE] service=ts-order-service endpoint=createOrder latency_ms=346
2026-03-11 16:07:05.706  INFO 1 --- [io-12031-exec-8] order.controller.OrderController         : [createNewOrder][Create Order][from shanghai to taiyuan at 1970-01-02 18:17:36]
2026-03-11 16:07:05.706  INFO 1 --- [io-12031-exec-8] order.service.OrderServiceImpl           : [create][Create Order][Ready to Create Order]
2026-03-11 16:07:06.006  INFO 1 --- [io-12031-exec-8] order.service.OrderServiceImpl           : [PYTHIA_DELAY] artificial_delay=300ms
2026-03-11 16:07:06.107  INFO 1 --- [io-12031-exec-8] order.service.OrderServiceImpl           : [create][Order Create Success][Order Price][OrderId:da249897-0a2a-4754-8823-e9d1e56e57c9 , Price: 0.0]
2026-03-11 16:07:06.107  INFO 1 --- [io-12031-exec-8] order.service.OrderServiceImpl           : [PYTHIA_FINE_TRACE] service=ts-order-service stage=service_create latency_ms=401
2026-03-11 16:07:06.107  INFO 1 --- [io-12031-exec-8] order.controller.OrderController         : [PYTHIA_FINE_TRACE] service=ts-order-service endpoint=createOrder latency_ms=401
2026-03-11 16:07:06.427  INFO 1 --- [io-12031-exec-7] order.controller.OrderController         : [createNewOrder][Create Order][from shanghai to taiyuan at 1970-01-02 18:17:36]
2026-03-11 16:07:06.428  INFO 1 --- [io-12031-exec-7] order.service.OrderServiceImpl           : [create][Create Order][Ready to Create Order]
2026-03-11 16:07:06.473  INFO 1 --- [io-12031-exec-7] order.service.OrderServiceImpl           : [create][Order Create Success][Order Price][OrderId:ebf9e70a-20e3-4497-ba9e-8355a3e4a8ea , Price: 0.0]
2026-03-11 16:07:06.473  INFO 1 --- [io-12031-exec-7] order.service.OrderServiceImpl           : [PYTHIA_FINE_TRACE] service=ts-order-service stage=service_create latency_ms=45
2026-03-11 16:07:06.473  INFO 1 --- [io-12031-exec-7] order.controller.OrderController         : [PYTHIA_FINE_TRACE] service=ts-order-service endpoint=createOrder latency_ms=46
2026-03-11 16:07:06.790  INFO 1 --- [o-12031-exec-10] order.controller.OrderController         : [createNewOrder][Create Order][from shanghai to taiyuan at 1970-01-02 18:17:36]
2026-03-11 16:07:06.790  INFO 1 --- [o-12031-exec-10] order.service.OrderServiceImpl           : [create][Create Order][Ready to Create Order]
2026-03-11 16:07:06.832  INFO 1 --- [o-12031-exec-10] order.service.OrderServiceImpl           : [create][Order Create Success][Order Price][OrderId:43e3d05a-7939-4697-b5c1-7bbf12babee3 , Price: 0.0]
2026-03-11 16:07:06.832  INFO 1 --- [o-12031-exec-10] order.service.OrderServiceImpl           : [PYTHIA_FINE_TRACE] service=ts-order-service stage=service_create latency_ms=42
2026-03-11 16:07:06.832  INFO 1 --- [o-12031-exec-10] order.controller.OrderController         : [PYTHIA_FINE_TRACE] service=ts-order-service endpoint=createOrder latency_ms=42
2026-03-11 16:07:07.220  INFO 1 --- [io-12031-exec-2] order.controller.OrderController         : [createNewOrder][Create Order][from shanghai to taiyuan at 1970-01-02 18:17:36]
2026-03-11 16:07:07.220  INFO 1 --- [io-12031-exec-2] order.service.OrderServiceImpl           : [create][Create Order][Ready to Create Order]
2026-03-11 16:07:07.315  INFO 1 --- [io-12031-exec-2] order.service.OrderServiceImpl           : [create][Order Create Success][Order Price][OrderId:0a518f42-ab1b-40a6-94a7-90211aa92447 , Price: 0.0]
2026-03-11 16:07:07.315  INFO 1 --- [io-12031-exec-2] order.service.OrderServiceImpl           : [PYTHIA_FINE_TRACE] service=ts-order-service stage=service_create latency_ms=95
2026-03-11 16:07:07.315  INFO 1 --- [io-12031-exec-2] order.controller.OrderController         : [PYTHIA_FINE_TRACE] service=ts-order-service endpoint=createOrder latency_ms=95
2026-03-11 16:07:07.624  INFO 1 --- [io-12031-exec-1] order.controller.OrderController         : [createNewOrder][Create Order][from shanghai to taiyuan at 1970-01-02 18:17:36]
2026-03-11 16:07:07.624  INFO 1 --- [io-12031-exec-1] order.service.OrderServiceImpl           : [create][Create Order][Ready to Create Order]
2026-03-11 16:07:07.662  INFO 1 --- [io-12031-exec-1] order.service.OrderServiceImpl           : [create][Order Create Success][Order Price][OrderId:75f34451-b726-45a0-aa45-797ea5d86d0b , Price: 0.0]
2026-03-11 16:07:07.662  INFO 1 --- [io-12031-exec-1] order.service.OrderServiceImpl           : [PYTHIA_FINE_TRACE] service=ts-order-service stage=service_create latency_ms=38
2026-03-11 16:07:07.662  INFO 1 --- [io-12031-exec-1] order.controller.OrderController         : [PYTHIA_FINE_TRACE] service=ts-order-service endpoint=createOrder latency_ms=38
2026-03-11 16:07:07.982  INFO 1 --- [io-12031-exec-3] order.controller.OrderController         : [createNewOrder][Create Order][from shanghai to taiyuan at 1970-01-02 18:17:36]
2026-03-11 16:07:07.983  INFO 1 --- [io-12031-exec-3] order.service.OrderServiceImpl           : [create][Create Order][Ready to Create Order]
2026-03-11 16:07:08.030  INFO 1 --- [io-12031-exec-3] order.service.OrderServiceImpl           : [create][Order Create Success][Order Price][OrderId:3d52570f-9cda-42d5-9e07-1dfc3e109216 , Price: 0.0]
2026-03-11 16:07:08.030  INFO 1 --- [io-12031-exec-3] order.service.OrderServiceImpl           : [PYTHIA_FINE_TRACE] service=ts-order-service stage=service_create latency_ms=47
2026-03-11 16:07:08.030  INFO 1 --- [io-12031-exec-3] order.controller.OrderController         : [PYTHIA_FINE_TRACE] service=ts-order-service endpoint=createOrder latency_ms=48
2026-03-11 16:07:08.322  INFO 1 --- [io-12031-exec-4] order.controller.OrderController         : [createNewOrder][Create Order][from shanghai to taiyuan at 1970-01-02 18:17:36]
2026-03-11 16:07:08.322  INFO 1 --- [io-12031-exec-4] order.service.OrderServiceImpl           : [create][Create Order][Ready to Create Order]
2026-03-11 16:07:08.366  INFO 1 --- [io-12031-exec-4] order.service.OrderServiceImpl           : [create][Order Create Success][Order Price][OrderId:89ef1906-715a-4670-a829-9bf131c9c759 , Price: 0.0]
2026-03-11 16:07:08.366  INFO 1 --- [io-12031-exec-4] order.service.OrderServiceImpl           : [PYTHIA_FINE_TRACE] service=ts-order-service stage=service_create latency_ms=44
2026-03-11 16:07:08.366  INFO 1 --- [io-12031-exec-4] order.controller.OrderController         : [PYTHIA_FINE_TRACE] service=ts-order-service endpoint=createOrder latency_ms=44
2026-03-11 16:07:08.718  INFO 1 --- [io-12031-exec-5] order.controller.OrderController         : [createNewOrder][Create Order][from shanghai to taiyuan at 1970-01-02 18:17:36]
2026-03-11 16:07:08.718  INFO 1 --- [io-12031-exec-5] order.service.OrderServiceImpl           : [create][Create Order][Ready to Create Order]
2026-03-11 16:07:08.764  INFO 1 --- [io-12031-exec-5] order.service.OrderServiceImpl           : [create][Order Create Success][Order Price][OrderId:2013e094-eff0-4091-b33f-f1906604402e , Price: 0.0]
2026-03-11 16:07:08.764  INFO 1 --- [io-12031-exec-5] order.service.OrderServiceImpl           : [PYTHIA_FINE_TRACE] service=ts-order-service stage=service_create latency_ms=46
2026-03-11 16:07:08.764  INFO 1 --- [io-12031-exec-5] order.controller.OrderController         : [PYTHIA_FINE_TRACE] service=ts-order-service endpoint=createOrder latency_ms=46
2026-03-11 16:07:09.087  INFO 1 --- [io-12031-exec-6] order.controller.OrderController         : [createNewOrder][Create Order][from shanghai to taiyuan at 1970-01-02 18:17:36]
2026-03-11 16:07:09.087  INFO 1 --- [io-12031-exec-6] order.service.OrderServiceImpl           : [create][Create Order][Ready to Create Order]
2026-03-11 16:07:09.127  INFO 1 --- [io-12031-exec-6] order.service.OrderServiceImpl           : [create][Order Create Success][Order Price][OrderId:141c760d-50f6-455e-a503-0e15c963c2b3 , Price: 0.0]
2026-03-11 16:07:09.127  INFO 1 --- [io-12031-exec-6] order.service.OrderServiceImpl           : [PYTHIA_FINE_TRACE] service=ts-order-service stage=service_create latency_ms=40
2026-03-11 16:07:09.127  INFO 1 --- [io-12031-exec-6] order.controller.OrderController         : [PYTHIA_FINE_TRACE] service=ts-order-service endpoint=createOrder latency_ms=40
2026-03-11 16:07:09.426  INFO 1 --- [io-12031-exec-8] order.controller.OrderController         : [createNewOrder][Create Order][from shanghai to taiyuan at 1970-01-02 18:17:36]
2026-03-11 16:07:09.426  INFO 1 --- [io-12031-exec-8] order.service.OrderServiceImpl           : [create][Create Order][Ready to Create Order]
2026-03-11 16:07:09.473  INFO 1 --- [io-12031-exec-8] order.service.OrderServiceImpl           : [create][Order Create Success][Order Price][OrderId:c7656ac4-e775-442c-afaf-c594dd13d691 , Price: 0.0]
2026-03-11 16:07:09.473  INFO 1 --- [io-12031-exec-8] order.service.OrderServiceImpl           : [PYTHIA_FINE_TRACE] service=ts-order-service stage=service_create latency_ms=47
2026-03-11 16:07:09.473  INFO 1 --- [io-12031-exec-8] order.controller.OrderController         : [PYTHIA_FINE_TRACE] service=ts-order-service endpoint=createOrder latency_ms=47
2026-03-11 16:07:09.791  INFO 1 --- [io-12031-exec-7] order.controller.OrderController         : [createNewOrder][Create Order][from shanghai to taiyuan at 1970-01-02 18:17:36]
2026-03-11 16:07:09.791  INFO 1 --- [io-12031-exec-7] order.service.OrderServiceImpl           : [create][Create Order][Ready to Create Order]
2026-03-11 16:07:10.091  INFO 1 --- [io-12031-exec-7] order.service.OrderServiceImpl           : [PYTHIA_DELAY] artificial_delay=300ms
2026-03-11 16:07:10.131  INFO 1 --- [io-12031-exec-7] order.service.OrderServiceImpl           : [create][Order Create Success][Order Price][OrderId:b1ee48db-c3b6-4e09-ad26-d56516667adf , Price: 0.0]
2026-03-11 16:07:10.131  INFO 1 --- [io-12031-exec-7] order.service.OrderServiceImpl           : [PYTHIA_FINE_TRACE] service=ts-order-service stage=service_create latency_ms=340
2026-03-11 16:07:10.131  INFO 1 --- [io-12031-exec-7] order.controller.OrderController         : [PYTHIA_FINE_TRACE] service=ts-order-service endpoint=createOrder latency_ms=340
2026-03-11 16:07:10.428  INFO 1 --- [o-12031-exec-10] order.controller.OrderController         : [createNewOrder][Create Order][from shanghai to taiyuan at 1970-01-02 18:17:36]
2026-03-11 16:07:10.428  INFO 1 --- [o-12031-exec-10] order.service.OrderServiceImpl           : [create][Create Order][Ready to Create Order]
2026-03-11 16:07:10.477  INFO 1 --- [o-12031-exec-10] order.service.OrderServiceImpl           : [create][Order Create Success][Order Price][OrderId:c9bf1935-d57e-4a5d-a25f-a43a3eb0909e , Price: 0.0]
2026-03-11 16:07:10.477  INFO 1 --- [o-12031-exec-10] order.service.OrderServiceImpl           : [PYTHIA_FINE_TRACE] service=ts-order-service stage=service_create latency_ms=49
2026-03-11 16:07:10.477  INFO 1 --- [o-12031-exec-10] order.controller.OrderController         : [PYTHIA_FINE_TRACE] service=ts-order-service endpoint=createOrder latency_ms=49
2026-03-11 16:07:10.792  INFO 1 --- [io-12031-exec-9] order.controller.OrderController         : [createNewOrder][Create Order][from shanghai to taiyuan at 1970-01-02 18:17:36]
2026-03-11 16:07:10.792  INFO 1 --- [io-12031-exec-9] order.service.OrderServiceImpl           : [create][Create Order][Ready to Create Order]
2026-03-11 16:07:10.831  INFO 1 --- [io-12031-exec-9] order.service.OrderServiceImpl           : [create][Order Create Success][Order Price][OrderId:5cac1e60-fb2c-48e0-bf4c-4dd08ca54104 , Price: 0.0]
2026-03-11 16:07:10.831  INFO 1 --- [io-12031-exec-9] order.service.OrderServiceImpl           : [PYTHIA_FINE_TRACE] service=ts-order-service stage=service_create latency_ms=39
2026-03-11 16:07:10.831  INFO 1 --- [io-12031-exec-9] order.controller.OrderController         : [PYTHIA_FINE_TRACE] service=ts-order-service endpoint=createOrder latency_ms=39
2026-03-11 16:07:11.124  INFO 1 --- [io-12031-exec-2] order.controller.OrderController         : [createNewOrder][Create Order][from shanghai to taiyuan at 1970-01-02 18:17:36]
2026-03-11 16:07:11.124  INFO 1 --- [io-12031-exec-2] order.service.OrderServiceImpl           : [create][Create Order][Ready to Create Order]
2026-03-11 16:07:11.171  INFO 1 --- [io-12031-exec-2] order.service.OrderServiceImpl           : [create][Order Create Success][Order Price][OrderId:4344a0d5-6f87-4bf0-a8fa-8286fc914933 , Price: 0.0]
2026-03-11 16:07:11.171  INFO 1 --- [io-12031-exec-2] order.service.OrderServiceImpl           : [PYTHIA_FINE_TRACE] service=ts-order-service stage=service_create latency_ms=47
2026-03-11 16:07:11.171  INFO 1 --- [io-12031-exec-2] order.controller.OrderController         : [PYTHIA_FINE_TRACE] service=ts-order-service endpoint=createOrder latency_ms=47
2026-03-11 16:07:11.523  INFO 1 --- [io-12031-exec-1] order.controller.OrderController         : [createNewOrder][Create Order][from shanghai to taiyuan at 1970-01-02 18:17:36]
2026-03-11 16:07:11.523  INFO 1 --- [io-12031-exec-1] order.service.OrderServiceImpl           : [create][Create Order][Ready to Create Order]
2026-03-11 16:07:11.561  INFO 1 --- [io-12031-exec-1] order.service.OrderServiceImpl           : [create][Order Create Success][Order Price][OrderId:7194ca4c-652d-40d7-a214-213f12179714 , Price: 0.0]
2026-03-11 16:07:11.561  INFO 1 --- [io-12031-exec-1] order.service.OrderServiceImpl           : [PYTHIA_FINE_TRACE] service=ts-order-service stage=service_create latency_ms=38
2026-03-11 16:07:11.561  INFO 1 --- [io-12031-exec-1] order.controller.OrderController         : [PYTHIA_FINE_TRACE] service=ts-order-service endpoint=createOrder latency_ms=38
2026-03-11 16:07:11.898  INFO 1 --- [io-12031-exec-3] order.controller.OrderController         : [createNewOrder][Create Order][from shanghai to taiyuan at 1970-01-02 18:17:36]
2026-03-11 16:07:11.899  INFO 1 --- [io-12031-exec-3] order.service.OrderServiceImpl           : [create][Create Order][Ready to Create Order]
2026-03-11 16:07:11.948  INFO 1 --- [io-12031-exec-3] order.service.OrderServiceImpl           : [create][Order Create Success][Order Price][OrderId:02164767-b7b5-419d-957f-0383cc021757 , Price: 0.0]
2026-03-11 16:07:11.948  INFO 1 --- [io-12031-exec-3] order.service.OrderServiceImpl           : [PYTHIA_FINE_TRACE] service=ts-order-service stage=service_create latency_ms=49
2026-03-11 16:07:11.948  INFO 1 --- [io-12031-exec-3] order.controller.OrderController         : [PYTHIA_FINE_TRACE] service=ts-order-service endpoint=createOrder latency_ms=50
2026-03-11 16:07:12.300  INFO 1 --- [io-12031-exec-4] order.controller.OrderController         : [createNewOrder][Create Order][from shanghai to taiyuan at 1970-01-02 18:17:36]
2026-03-11 16:07:12.300  INFO 1 --- [io-12031-exec-4] order.service.OrderServiceImpl           : [create][Create Order][Ready to Create Order]
2026-03-11 16:07:12.600  INFO 1 --- [io-12031-exec-4] order.service.OrderServiceImpl           : [PYTHIA_DELAY] artificial_delay=300ms
2026-03-11 16:07:12.644  INFO 1 --- [io-12031-exec-4] order.service.OrderServiceImpl           : [create][Order Create Success][Order Price][OrderId:2a7cbdd7-98d6-4a7b-b5c9-4700133e9b2b , Price: 0.0]
2026-03-11 16:07:12.644  INFO 1 --- [io-12031-exec-4] order.service.OrderServiceImpl           : [PYTHIA_FINE_TRACE] service=ts-order-service stage=service_create latency_ms=344
2026-03-11 16:07:12.644  INFO 1 --- [io-12031-exec-4] order.controller.OrderController         : [PYTHIA_FINE_TRACE] service=ts-order-service endpoint=createOrder latency_ms=345
2026-03-11 16:07:12.927  INFO 1 --- [io-12031-exec-5] order.controller.OrderController         : [createNewOrder][Create Order][from shanghai to taiyuan at 1970-01-02 18:17:36]
2026-03-11 16:07:12.927  INFO 1 --- [io-12031-exec-5] order.service.OrderServiceImpl           : [create][Create Order][Ready to Create Order]
2026-03-11 16:07:12.974  INFO 1 --- [io-12031-exec-5] order.service.OrderServiceImpl           : [create][Order Create Success][Order Price][OrderId:256eb165-efaf-4565-9303-1cf4413d252c , Price: 0.0]
2026-03-11 16:07:12.974  INFO 1 --- [io-12031-exec-5] order.service.OrderServiceImpl           : [PYTHIA_FINE_TRACE] service=ts-order-service stage=service_create latency_ms=47
2026-03-11 16:07:12.974  INFO 1 --- [io-12031-exec-5] order.controller.OrderController         : [PYTHIA_FINE_TRACE] service=ts-order-service endpoint=createOrder latency_ms=47
2026-03-11 16:07:13.293  INFO 1 --- [io-12031-exec-6] order.controller.OrderController         : [createNewOrder][Create Order][from shanghai to taiyuan at 1970-01-02 18:17:36]
2026-03-11 16:07:13.293  INFO 1 --- [io-12031-exec-6] order.service.OrderServiceImpl           : [create][Create Order][Ready to Create Order]
2026-03-11 16:07:13.336  INFO 1 --- [io-12031-exec-6] order.service.OrderServiceImpl           : [create][Order Create Success][Order Price][OrderId:1e4525a6-44fa-4d05-99fd-5fbb59178427 , Price: 0.0]
2026-03-11 16:07:13.336  INFO 1 --- [io-12031-exec-6] order.service.OrderServiceImpl           : [PYTHIA_FINE_TRACE] service=ts-order-service stage=service_create latency_ms=43
2026-03-11 16:07:13.336  INFO 1 --- [io-12031-exec-6] order.controller.OrderController         : [PYTHIA_FINE_TRACE] service=ts-order-service endpoint=createOrder latency_ms=44
2026-03-11 16:07:13.623  INFO 1 --- [io-12031-exec-8] order.controller.OrderController         : [createNewOrder][Create Order][from shanghai to taiyuan at 1970-01-02 18:17:36]
2026-03-11 16:07:13.623  INFO 1 --- [io-12031-exec-8] order.service.OrderServiceImpl           : [create][Create Order][Ready to Create Order]
2026-03-11 16:07:13.673  INFO 1 --- [io-12031-exec-8] order.service.OrderServiceImpl           : [create][Order Create Success][Order Price][OrderId:1186f2a5-4f32-4724-81d0-228a01537fbd , Price: 0.0]
2026-03-11 16:07:13.673  INFO 1 --- [io-12031-exec-8] order.service.OrderServiceImpl           : [PYTHIA_FINE_TRACE] service=ts-order-service stage=service_create latency_ms=50
2026-03-11 16:07:13.673  INFO 1 --- [io-12031-exec-8] order.controller.OrderController         : [PYTHIA_FINE_TRACE] service=ts-order-service endpoint=createOrder latency_ms=50
2026-03-11 16:07:13.992  INFO 1 --- [io-12031-exec-7] order.controller.OrderController         : [createNewOrder][Create Order][from shanghai to taiyuan at 1970-01-02 18:17:36]
2026-03-11 16:07:13.992  INFO 1 --- [io-12031-exec-7] order.service.OrderServiceImpl           : [create][Create Order][Ready to Create Order]
2026-03-11 16:07:14.032  INFO 1 --- [io-12031-exec-7] order.service.OrderServiceImpl           : [create][Order Create Success][Order Price][OrderId:5ea378ec-8ce7-46d6-8236-3c599f6a9624 , Price: 0.0]
2026-03-11 16:07:14.032  INFO 1 --- [io-12031-exec-7] order.service.OrderServiceImpl           : [PYTHIA_FINE_TRACE] service=ts-order-service stage=service_create latency_ms=40
2026-03-11 16:07:14.032  INFO 1 --- [io-12031-exec-7] order.controller.OrderController         : [PYTHIA_FINE_TRACE] service=ts-order-service endpoint=createOrder latency_ms=40
2026-03-11 16:07:14.323  INFO 1 --- [o-12031-exec-10] order.controller.OrderController         : [createNewOrder][Create Order][from shanghai to taiyuan at 1970-01-02 18:17:36]
2026-03-11 16:07:14.323  INFO 1 --- [o-12031-exec-10] order.service.OrderServiceImpl           : [create][Create Order][Ready to Create Order]
2026-03-11 16:07:14.401  INFO 1 --- [o-12031-exec-10] order.service.OrderServiceImpl           : [create][Order Create Success][Order Price][OrderId:2e8e97d3-316f-4ab5-8efc-7d9f5852765a , Price: 0.0]
2026-03-11 16:07:14.401  INFO 1 --- [o-12031-exec-10] order.service.OrderServiceImpl           : [PYTHIA_FINE_TRACE] service=ts-order-service stage=service_create latency_ms=78
2026-03-11 16:07:14.402  INFO 1 --- [o-12031-exec-10] order.controller.OrderController         : [PYTHIA_FINE_TRACE] service=ts-order-service endpoint=createOrder latency_ms=79
2026-03-11 16:07:14.722  INFO 1 --- [io-12031-exec-9] order.controller.OrderController         : [createNewOrder][Create Order][from shanghai to taiyuan at 1970-01-02 18:17:36]
2026-03-11 16:07:14.722  INFO 1 --- [io-12031-exec-9] order.service.OrderServiceImpl           : [create][Create Order][Ready to Create Order]
2026-03-11 16:07:15.022  INFO 1 --- [io-12031-exec-9] order.service.OrderServiceImpl           : [PYTHIA_DELAY] artificial_delay=300ms
2026-03-11 16:07:15.061  INFO 1 --- [io-12031-exec-9] order.service.OrderServiceImpl           : [create][Order Create Success][Order Price][OrderId:2c05088d-4d05-492a-b476-573798c0672a , Price: 0.0]
2026-03-11 16:07:15.061  INFO 1 --- [io-12031-exec-9] order.service.OrderServiceImpl           : [PYTHIA_FINE_TRACE] service=ts-order-service stage=service_create latency_ms=339
2026-03-11 16:07:15.061  INFO 1 --- [io-12031-exec-9] order.controller.OrderController         : [PYTHIA_FINE_TRACE] service=ts-order-service endpoint=createOrder latency_ms=339
2026-03-11 16:07:15.387  INFO 1 --- [io-12031-exec-2] order.controller.OrderController         : [createNewOrder][Create Order][from shanghai to taiyuan at 1970-01-02 18:17:36]
2026-03-11 16:07:15.387  INFO 1 --- [io-12031-exec-2] order.service.OrderServiceImpl           : [create][Create Order][Ready to Create Order]
2026-03-11 16:07:15.687  INFO 1 --- [io-12031-exec-2] order.service.OrderServiceImpl           : [PYTHIA_DELAY] artificial_delay=300ms
2026-03-11 16:07:15.737  INFO 1 --- [io-12031-exec-2] order.service.OrderServiceImpl           : [create][Order Create Success][Order Price][OrderId:0e7f8ccc-c98f-4555-ac72-9869d87f5324 , Price: 0.0]
2026-03-11 16:07:15.737  INFO 1 --- [io-12031-exec-2] order.service.OrderServiceImpl           : [PYTHIA_FINE_TRACE] service=ts-order-service stage=service_create latency_ms=350
2026-03-11 16:07:15.737  INFO 1 --- [io-12031-exec-2] order.controller.OrderController         : [PYTHIA_FINE_TRACE] service=ts-order-service endpoint=createOrder latency_ms=350
2026-03-11 16:07:16.025  INFO 1 --- [io-12031-exec-1] order.controller.OrderController         : [createNewOrder][Create Order][from shanghai to taiyuan at 1970-01-02 18:17:36]
2026-03-11 16:07:16.025  INFO 1 --- [io-12031-exec-1] order.service.OrderServiceImpl           : [create][Create Order][Ready to Create Order]
2026-03-11 16:07:16.325  INFO 1 --- [io-12031-exec-1] order.service.OrderServiceImpl           : [PYTHIA_DELAY] artificial_delay=300ms
2026-03-11 16:07:16.365  INFO 1 --- [io-12031-exec-1] order.service.OrderServiceImpl           : [create][Order Create Success][Order Price][OrderId:3233fe5b-15b4-4a05-bbc0-60b9f1c3c8fb , Price: 0.0]
2026-03-11 16:07:16.365  INFO 1 --- [io-12031-exec-1] order.service.OrderServiceImpl           : [PYTHIA_FINE_TRACE] service=ts-order-service stage=service_create latency_ms=340
2026-03-11 16:07:16.365  INFO 1 --- [io-12031-exec-1] order.controller.OrderController         : [PYTHIA_FINE_TRACE] service=ts-order-service endpoint=createOrder latency_ms=340
2026-03-11 16:07:16.681  INFO 1 --- [io-12031-exec-3] order.controller.OrderController         : [createNewOrder][Create Order][from shanghai to taiyuan at 1970-01-02 18:17:36]
2026-03-11 16:07:16.681  INFO 1 --- [io-12031-exec-3] order.service.OrderServiceImpl           : [create][Create Order][Ready to Create Order]
2026-03-11 16:07:16.731  INFO 1 --- [io-12031-exec-3] order.service.OrderServiceImpl           : [create][Order Create Success][Order Price][OrderId:8821fd5b-830a-4117-89a2-2eb403fa757f , Price: 0.0]
2026-03-11 16:07:16.732  INFO 1 --- [io-12031-exec-3] order.service.OrderServiceImpl           : [PYTHIA_FINE_TRACE] service=ts-order-service stage=service_create latency_ms=51
2026-03-11 16:07:16.732  INFO 1 --- [io-12031-exec-3] order.controller.OrderController         : [PYTHIA_FINE_TRACE] service=ts-order-service endpoint=createOrder latency_ms=51
2026-03-11 16:07:17.027  INFO 1 --- [io-12031-exec-4] order.controller.OrderController         : [createNewOrder][Create Order][from shanghai to taiyuan at 1970-01-02 18:17:36]
2026-03-11 16:07:17.027  INFO 1 --- [io-12031-exec-4] order.service.OrderServiceImpl           : [create][Create Order][Ready to Create Order]
2026-03-11 16:07:17.327  INFO 1 --- [io-12031-exec-4] order.service.OrderServiceImpl           : [PYTHIA_DELAY] artificial_delay=300ms
2026-03-11 16:07:17.366  INFO 1 --- [io-12031-exec-4] order.service.OrderServiceImpl           : [create][Order Create Success][Order Price][OrderId:b8a4535d-8d7b-4329-aa75-18e2cd3a2580 , Price: 0.0]
2026-03-11 16:07:17.366  INFO 1 --- [io-12031-exec-4] order.service.OrderServiceImpl           : [PYTHIA_FINE_TRACE] service=ts-order-service stage=service_create latency_ms=339
2026-03-11 16:07:17.366  INFO 1 --- [io-12031-exec-4] order.controller.OrderController         : [PYTHIA_FINE_TRACE] service=ts-order-service endpoint=createOrder latency_ms=339
2026-03-11 16:07:17.691  INFO 1 --- [io-12031-exec-6] order.controller.OrderController         : [createNewOrder][Create Order][from shanghai to taiyuan at 1970-01-02 18:17:36]
2026-03-11 16:07:17.691  INFO 1 --- [io-12031-exec-6] order.service.OrderServiceImpl           : [create][Create Order][Ready to Create Order]
2026-03-11 16:07:17.742  INFO 1 --- [io-12031-exec-6] order.service.OrderServiceImpl           : [create][Order Create Success][Order Price][OrderId:78b526e0-4cc1-4516-a366-1913470915b9 , Price: 0.0]
2026-03-11 16:07:17.742  INFO 1 --- [io-12031-exec-6] order.service.OrderServiceImpl           : [PYTHIA_FINE_TRACE] service=ts-order-service stage=service_create latency_ms=51
2026-03-11 16:07:17.742  INFO 1 --- [io-12031-exec-6] order.controller.OrderController         : [PYTHIA_FINE_TRACE] service=ts-order-service endpoint=createOrder latency_ms=51
2026-03-11 16:07:18.028  INFO 1 --- [io-12031-exec-8] order.controller.OrderController         : [createNewOrder][Create Order][from shanghai to taiyuan at 1970-01-02 18:17:36]
2026-03-11 16:07:18.028  INFO 1 --- [io-12031-exec-8] order.service.OrderServiceImpl           : [create][Create Order][Ready to Create Order]
2026-03-11 16:07:18.072  INFO 1 --- [io-12031-exec-8] order.service.OrderServiceImpl           : [create][Order Create Success][Order Price][OrderId:91a61d09-688a-4c29-b566-2a687910059e , Price: 0.0]
2026-03-11 16:07:18.072  INFO 1 --- [io-12031-exec-8] order.service.OrderServiceImpl           : [PYTHIA_FINE_TRACE] service=ts-order-service stage=service_create latency_ms=44
2026-03-11 16:07:18.072  INFO 1 --- [io-12031-exec-8] order.controller.OrderController         : [PYTHIA_FINE_TRACE] service=ts-order-service endpoint=createOrder latency_ms=44
2026-03-11 16:07:18.412  INFO 1 --- [io-12031-exec-7] order.controller.OrderController         : [createNewOrder][Create Order][from shanghai to taiyuan at 1970-01-02 18:17:36]
2026-03-11 16:07:18.412  INFO 1 --- [io-12031-exec-7] order.service.OrderServiceImpl           : [create][Create Order][Ready to Create Order]
2026-03-11 16:07:18.712  INFO 1 --- [io-12031-exec-7] order.service.OrderServiceImpl           : [PYTHIA_DELAY] artificial_delay=300ms
2026-03-11 16:07:18.763  INFO 1 --- [io-12031-exec-7] order.service.OrderServiceImpl           : [create][Order Create Success][Order Price][OrderId:e0605b84-d33d-4547-879f-fd84fe69e7c2 , Price: 0.0]
2026-03-11 16:07:18.763  INFO 1 --- [io-12031-exec-7] order.service.OrderServiceImpl           : [PYTHIA_FINE_TRACE] service=ts-order-service stage=service_create latency_ms=351
2026-03-11 16:07:18.763  INFO 1 --- [io-12031-exec-7] order.controller.OrderController         : [PYTHIA_FINE_TRACE] service=ts-order-service endpoint=createOrder latency_ms=351
2026-03-11 16:07:19.090  INFO 1 --- [o-12031-exec-10] order.controller.OrderController         : [createNewOrder][Create Order][from shanghai to taiyuan at 1970-01-02 18:17:36]
2026-03-11 16:07:19.090  INFO 1 --- [o-12031-exec-10] order.service.OrderServiceImpl           : [create][Create Order][Ready to Create Order]
2026-03-11 16:07:19.130  INFO 1 --- [o-12031-exec-10] order.service.OrderServiceImpl           : [create][Order Create Success][Order Price][OrderId:4b48db39-d3be-4c6a-a135-bcc758d2e92d , Price: 0.0]
2026-03-11 16:07:19.130  INFO 1 --- [o-12031-exec-10] order.service.OrderServiceImpl           : [PYTHIA_FINE_TRACE] service=ts-order-service stage=service_create latency_ms=40
2026-03-11 16:07:19.131  INFO 1 --- [o-12031-exec-10] order.controller.OrderController         : [PYTHIA_FINE_TRACE] service=ts-order-service endpoint=createOrder latency_ms=41
2026-03-11 16:07:19.486  INFO 1 --- [io-12031-exec-9] order.controller.OrderController         : [createNewOrder][Create Order][from shanghai to taiyuan at 1970-01-02 18:17:36]
2026-03-11 16:07:19.486  INFO 1 --- [io-12031-exec-9] order.service.OrderServiceImpl           : [create][Create Order][Ready to Create Order]
2026-03-11 16:07:19.536  INFO 1 --- [io-12031-exec-9] order.service.OrderServiceImpl           : [create][Order Create Success][Order Price][OrderId:e77b6d37-64b7-4203-9939-d4501d9b73fc , Price: 0.0]
2026-03-11 16:07:19.536  INFO 1 --- [io-12031-exec-9] order.service.OrderServiceImpl           : [PYTHIA_FINE_TRACE] service=ts-order-service stage=service_create latency_ms=50
2026-03-11 16:07:19.536  INFO 1 --- [io-12031-exec-9] order.controller.OrderController         : [PYTHIA_FINE_TRACE] service=ts-order-service endpoint=createOrder latency_ms=50
2026-03-11 16:07:19.829  INFO 1 --- [io-12031-exec-2] order.controller.OrderController         : [createNewOrder][Create Order][from shanghai to taiyuan at 1970-01-02 18:17:36]
2026-03-11 16:07:19.829  INFO 1 --- [io-12031-exec-2] order.service.OrderServiceImpl           : [create][Create Order][Ready to Create Order]
2026-03-11 16:07:19.870  INFO 1 --- [io-12031-exec-2] order.service.OrderServiceImpl           : [create][Order Create Success][Order Price][OrderId:afc7a5a4-a24c-4d2f-8d3e-e6dccccbf833 , Price: 0.0]
2026-03-11 16:07:19.870  INFO 1 --- [io-12031-exec-2] order.service.OrderServiceImpl           : [PYTHIA_FINE_TRACE] service=ts-order-service stage=service_create latency_ms=41
2026-03-11 16:07:19.870  INFO 1 --- [io-12031-exec-2] order.controller.OrderController         : [PYTHIA_FINE_TRACE] service=ts-order-service endpoint=createOrder latency_ms=41
2026-03-11 16:07:20.187  INFO 1 --- [io-12031-exec-1] order.controller.OrderController         : [createNewOrder][Create Order][from shanghai to taiyuan at 1970-01-02 18:17:36]
2026-03-11 16:07:20.187  INFO 1 --- [io-12031-exec-1] order.service.OrderServiceImpl           : [create][Create Order][Ready to Create Order]
2026-03-11 16:07:20.314  INFO 1 --- [io-12031-exec-1] order.service.OrderServiceImpl           : [create][Order Create Success][Order Price][OrderId:d8f4d40f-bdd2-4122-9c19-5d0cf089541a , Price: 0.0]
2026-03-11 16:07:20.314  INFO 1 --- [io-12031-exec-1] order.service.OrderServiceImpl           : [PYTHIA_FINE_TRACE] service=ts-order-service stage=service_create latency_ms=127
2026-03-11 16:07:20.314  INFO 1 --- [io-12031-exec-1] order.controller.OrderController         : [PYTHIA_FINE_TRACE] service=ts-order-service endpoint=createOrder latency_ms=127
2026-03-11 16:07:20.623  INFO 1 --- [io-12031-exec-3] order.controller.OrderController         : [createNewOrder][Create Order][from shanghai to taiyuan at 1970-01-02 18:17:36]
2026-03-11 16:07:20.624  INFO 1 --- [io-12031-exec-3] order.service.OrderServiceImpl           : [create][Create Order][Ready to Create Order]
2026-03-11 16:07:20.662  INFO 1 --- [io-12031-exec-3] order.service.OrderServiceImpl           : [create][Order Create Success][Order Price][OrderId:f086dc3c-7a34-4f2e-9f79-7759aca75bb3 , Price: 0.0]
2026-03-11 16:07:20.662  INFO 1 --- [io-12031-exec-3] order.service.OrderServiceImpl           : [PYTHIA_FINE_TRACE] service=ts-order-service stage=service_create latency_ms=38
2026-03-11 16:07:20.662  INFO 1 --- [io-12031-exec-3] order.controller.OrderController         : [PYTHIA_FINE_TRACE] service=ts-order-service endpoint=createOrder latency_ms=39
2026-03-11 16:07:20.931  INFO 1 --- [io-12031-exec-5] order.controller.OrderController         : [createNewOrder][Create Order][from shanghai to taiyuan at 1970-01-02 18:17:36]
2026-03-11 16:07:20.931  INFO 1 --- [io-12031-exec-5] order.service.OrderServiceImpl           : [create][Create Order][Ready to Create Order]
2026-03-11 16:07:21.231  INFO 1 --- [io-12031-exec-5] order.service.OrderServiceImpl           : [PYTHIA_DELAY] artificial_delay=300ms
2026-03-11 16:07:21.280  INFO 1 --- [io-12031-exec-5] order.service.OrderServiceImpl           : [create][Order Create Success][Order Price][OrderId:9fc0337c-e291-4ed3-b9f5-5493d019e1cc , Price: 0.0]
2026-03-11 16:07:21.281  INFO 1 --- [io-12031-exec-5] order.service.OrderServiceImpl           : [PYTHIA_FINE_TRACE] service=ts-order-service stage=service_create latency_ms=350
2026-03-11 16:07:21.281  INFO 1 --- [io-12031-exec-5] order.controller.OrderController         : [PYTHIA_FINE_TRACE] service=ts-order-service endpoint=createOrder latency_ms=350
2026-03-11 16:07:21.603  INFO 1 --- [io-12031-exec-4] order.controller.OrderController         : [createNewOrder][Create Order][from shanghai to taiyuan at 1970-01-02 18:17:36]
2026-03-11 16:07:21.603  INFO 1 --- [io-12031-exec-4] order.service.OrderServiceImpl           : [create][Create Order][Ready to Create Order]
2026-03-11 16:07:21.642  INFO 1 --- [io-12031-exec-4] order.service.OrderServiceImpl           : [create][Order Create Success][Order Price][OrderId:c3438c1d-b0cc-4867-aa3a-954f19c37cd7 , Price: 0.0]
2026-03-11 16:07:21.642  INFO 1 --- [io-12031-exec-4] order.service.OrderServiceImpl           : [PYTHIA_FINE_TRACE] service=ts-order-service stage=service_create latency_ms=39
2026-03-11 16:07:21.642  INFO 1 --- [io-12031-exec-4] order.controller.OrderController         : [PYTHIA_FINE_TRACE] service=ts-order-service endpoint=createOrder latency_ms=39
2026-03-11 16:07:21.928  INFO 1 --- [io-12031-exec-6] order.controller.OrderController         : [createNewOrder][Create Order][from shanghai to taiyuan at 1970-01-02 18:17:36]
2026-03-11 16:07:21.928  INFO 1 --- [io-12031-exec-6] order.service.OrderServiceImpl           : [create][Create Order][Ready to Create Order]
2026-03-11 16:07:22.011  INFO 1 --- [io-12031-exec-6] order.service.OrderServiceImpl           : [create][Order Create Success][Order Price][OrderId:9a8d8a7a-de4f-483a-88a2-df248fa1382d , Price: 0.0]
2026-03-11 16:07:22.011  INFO 1 --- [io-12031-exec-6] order.service.OrderServiceImpl           : [PYTHIA_FINE_TRACE] service=ts-order-service stage=service_create latency_ms=83
2026-03-11 16:07:22.011  INFO 1 --- [io-12031-exec-6] order.controller.OrderController         : [PYTHIA_FINE_TRACE] service=ts-order-service endpoint=createOrder latency_ms=83
2026-03-11 16:07:22.364  INFO 1 --- [io-12031-exec-8] order.controller.OrderController         : [createNewOrder][Create Order][from shanghai to taiyuan at 1970-01-02 18:17:36]
2026-03-11 16:07:22.364  INFO 1 --- [io-12031-exec-8] order.service.OrderServiceImpl           : [create][Create Order][Ready to Create Order]
2026-03-11 16:07:22.665  INFO 1 --- [io-12031-exec-8] order.service.OrderServiceImpl           : [PYTHIA_DELAY] artificial_delay=300ms
2026-03-11 16:07:22.705  INFO 1 --- [io-12031-exec-8] order.service.OrderServiceImpl           : [create][Order Create Success][Order Price][OrderId:2d46a87a-7d07-4aac-ab5f-75ea57140bb5 , Price: 0.0]
2026-03-11 16:07:22.705  INFO 1 --- [io-12031-exec-8] order.service.OrderServiceImpl           : [PYTHIA_FINE_TRACE] service=ts-order-service stage=service_create latency_ms=341
2026-03-11 16:07:22.705  INFO 1 --- [io-12031-exec-8] order.controller.OrderController         : [PYTHIA_FINE_TRACE] service=ts-order-service endpoint=createOrder latency_ms=341
2026-03-11 16:07:23.026  INFO 1 --- [io-12031-exec-7] order.controller.OrderController         : [createNewOrder][Create Order][from shanghai to taiyuan at 1970-01-02 18:17:36]
2026-03-11 16:07:23.026  INFO 1 --- [io-12031-exec-7] order.service.OrderServiceImpl           : [create][Create Order][Ready to Create Order]
2026-03-11 16:07:23.326  INFO 1 --- [io-12031-exec-7] order.service.OrderServiceImpl           : [PYTHIA_DELAY] artificial_delay=300ms
2026-03-11 16:07:23.402  INFO 1 --- [io-12031-exec-7] order.service.OrderServiceImpl           : [create][Order Create Success][Order Price][OrderId:10ba7bee-1237-49f6-96f2-35f27bb3d635 , Price: 0.0]
2026-03-11 16:07:23.402  INFO 1 --- [io-12031-exec-7] order.service.OrderServiceImpl           : [PYTHIA_FINE_TRACE] service=ts-order-service stage=service_create latency_ms=376
2026-03-11 16:07:23.402  INFO 1 --- [io-12031-exec-7] order.controller.OrderController         : [PYTHIA_FINE_TRACE] service=ts-order-service endpoint=createOrder latency_ms=376
2026-03-11 16:07:23.732  INFO 1 --- [o-12031-exec-10] order.controller.OrderController         : [createNewOrder][Create Order][from shanghai to taiyuan at 1970-01-02 18:17:36]
2026-03-11 16:07:23.732  INFO 1 --- [o-12031-exec-10] order.service.OrderServiceImpl           : [create][Create Order][Ready to Create Order]
2026-03-11 16:07:23.814  INFO 1 --- [o-12031-exec-10] order.service.OrderServiceImpl           : [create][Order Create Success][Order Price][OrderId:74cea8a0-40be-4d0b-b0d0-db7bec33e48e , Price: 0.0]
2026-03-11 16:07:23.815  INFO 1 --- [o-12031-exec-10] order.service.OrderServiceImpl           : [PYTHIA_FINE_TRACE] service=ts-order-service stage=service_create latency_ms=82
2026-03-11 16:07:23.815  INFO 1 --- [o-12031-exec-10] order.controller.OrderController         : [PYTHIA_FINE_TRACE] service=ts-order-service endpoint=createOrder latency_ms=83
2026-03-11 16:07:24.181  INFO 1 --- [io-12031-exec-9] order.controller.OrderController         : [createNewOrder][Create Order][from shanghai to taiyuan at 1970-01-02 18:17:36]
2026-03-11 16:07:24.181  INFO 1 --- [io-12031-exec-9] order.service.OrderServiceImpl           : [create][Create Order][Ready to Create Order]
2026-03-11 16:07:24.231  INFO 1 --- [io-12031-exec-9] order.service.OrderServiceImpl           : [create][Order Create Success][Order Price][OrderId:3de82e14-0e2f-4ceb-b48e-3c22719a3919 , Price: 0.0]
2026-03-11 16:07:24.231  INFO 1 --- [io-12031-exec-9] order.service.OrderServiceImpl           : [PYTHIA_FINE_TRACE] service=ts-order-service stage=service_create latency_ms=50
2026-03-11 16:07:24.232  INFO 1 --- [io-12031-exec-9] order.controller.OrderController         : [PYTHIA_FINE_TRACE] service=ts-order-service endpoint=createOrder latency_ms=51
2026-03-11 16:07:24.523  INFO 1 --- [io-12031-exec-2] order.controller.OrderController         : [createNewOrder][Create Order][from shanghai to taiyuan at 1970-01-02 18:17:36]
2026-03-11 16:07:24.523  INFO 1 --- [io-12031-exec-2] order.service.OrderServiceImpl           : [create][Create Order][Ready to Create Order]
2026-03-11 16:07:24.564  INFO 1 --- [io-12031-exec-2] order.service.OrderServiceImpl           : [create][Order Create Success][Order Price][OrderId:573f9277-660c-4144-b92c-2e30172adfef , Price: 0.0]
2026-03-11 16:07:24.564  INFO 1 --- [io-12031-exec-2] order.service.OrderServiceImpl           : [PYTHIA_FINE_TRACE] service=ts-order-service stage=service_create latency_ms=41
2026-03-11 16:07:24.564  INFO 1 --- [io-12031-exec-2] order.controller.OrderController         : [PYTHIA_FINE_TRACE] service=ts-order-service endpoint=createOrder latency_ms=41
2026-03-11 16:07:24.888  INFO 1 --- [io-12031-exec-1] order.controller.OrderController         : [createNewOrder][Create Order][from shanghai to taiyuan at 1970-01-02 18:17:36]
2026-03-11 16:07:24.888  INFO 1 --- [io-12031-exec-1] order.service.OrderServiceImpl           : [create][Create Order][Ready to Create Order]
2026-03-11 16:07:25.188  INFO 1 --- [io-12031-exec-1] order.service.OrderServiceImpl           : [PYTHIA_DELAY] artificial_delay=300ms
2026-03-11 16:07:25.239  INFO 1 --- [io-12031-exec-1] order.service.OrderServiceImpl           : [create][Order Create Success][Order Price][OrderId:73b24f70-fbc1-4092-8124-5d2b76d222f7 , Price: 0.0]
2026-03-11 16:07:25.239  INFO 1 --- [io-12031-exec-1] order.service.OrderServiceImpl           : [PYTHIA_FINE_TRACE] service=ts-order-service stage=service_create latency_ms=351
2026-03-11 16:07:25.239  INFO 1 --- [io-12031-exec-1] order.controller.OrderController         : [PYTHIA_FINE_TRACE] service=ts-order-service endpoint=createOrder latency_ms=351
2026-03-11 16:07:25.522  INFO 1 --- [io-12031-exec-3] order.controller.OrderController         : [createNewOrder][Create Order][from shanghai to taiyuan at 1970-01-02 18:17:36]
2026-03-11 16:07:25.522  INFO 1 --- [io-12031-exec-3] order.service.OrderServiceImpl           : [create][Create Order][Ready to Create Order]
2026-03-11 16:07:25.562  INFO 1 --- [io-12031-exec-3] order.service.OrderServiceImpl           : [create][Order Create Success][Order Price][OrderId:db3284fc-0d89-4c91-80bc-66d530cd5fc6 , Price: 0.0]
2026-03-11 16:07:25.562  INFO 1 --- [io-12031-exec-3] order.service.OrderServiceImpl           : [PYTHIA_FINE_TRACE] service=ts-order-service stage=service_create latency_ms=40
2026-03-11 16:07:25.562  INFO 1 --- [io-12031-exec-3] order.controller.OrderController         : [PYTHIA_FINE_TRACE] service=ts-order-service endpoint=createOrder latency_ms=40
2026-03-11 16:07:25.882  INFO 1 --- [io-12031-exec-5] order.controller.OrderController         : [createNewOrder][Create Order][from shanghai to taiyuan at 1970-01-02 18:17:36]
2026-03-11 16:07:25.882  INFO 1 --- [io-12031-exec-5] order.service.OrderServiceImpl           : [create][Create Order][Ready to Create Order]
2026-03-11 16:07:25.944  INFO 1 --- [io-12031-exec-5] order.service.OrderServiceImpl           : [create][Order Create Success][Order Price][OrderId:9505cb45-24ac-4584-8c21-f5502eb0e327 , Price: 0.0]
2026-03-11 16:07:25.944  INFO 1 --- [io-12031-exec-5] order.service.OrderServiceImpl           : [PYTHIA_FINE_TRACE] service=ts-order-service stage=service_create latency_ms=62
2026-03-11 16:07:25.944  INFO 1 --- [io-12031-exec-5] order.controller.OrderController         : [PYTHIA_FINE_TRACE] service=ts-order-service endpoint=createOrder latency_ms=62
2026-03-11 16:07:26.280  INFO 1 --- [io-12031-exec-4] order.controller.OrderController         : [createNewOrder][Create Order][from shanghai to taiyuan at 1970-01-02 18:17:36]
2026-03-11 16:07:26.280  INFO 1 --- [io-12031-exec-4] order.service.OrderServiceImpl           : [create][Create Order][Ready to Create Order]
2026-03-11 16:07:26.580  INFO 1 --- [io-12031-exec-4] order.service.OrderServiceImpl           : [PYTHIA_DELAY] artificial_delay=300ms
2026-03-11 16:07:26.619  INFO 1 --- [io-12031-exec-4] order.service.OrderServiceImpl           : [create][Order Create Success][Order Price][OrderId:73106baf-3123-4435-b431-e0cf65e6abaf , Price: 0.0]
2026-03-11 16:07:26.619  INFO 1 --- [io-12031-exec-4] order.service.OrderServiceImpl           : [PYTHIA_FINE_TRACE] service=ts-order-service stage=service_create latency_ms=339
2026-03-11 16:07:26.619  INFO 1 --- [io-12031-exec-4] order.controller.OrderController         : [PYTHIA_FINE_TRACE] service=ts-order-service endpoint=createOrder latency_ms=339
2026-03-11 16:07:26.928  INFO 1 --- [io-12031-exec-6] order.controller.OrderController         : [createNewOrder][Create Order][from shanghai to taiyuan at 1970-01-02 18:17:36]
2026-03-11 16:07:26.928  INFO 1 --- [io-12031-exec-6] order.service.OrderServiceImpl           : [create][Create Order][Ready to Create Order]
2026-03-11 16:07:27.228  INFO 1 --- [io-12031-exec-6] order.service.OrderServiceImpl           : [PYTHIA_DELAY] artificial_delay=300ms
2026-03-11 16:07:27.319  INFO 1 --- [io-12031-exec-6] order.service.OrderServiceImpl           : [create][Order Create Success][Order Price][OrderId:6a3dfb14-ee9c-427a-820d-e7321f1a4655 , Price: 0.0]
2026-03-11 16:07:27.319  INFO 1 --- [io-12031-exec-6] order.service.OrderServiceImpl           : [PYTHIA_FINE_TRACE] service=ts-order-service stage=service_create latency_ms=391
2026-03-11 16:07:27.319  INFO 1 --- [io-12031-exec-6] order.controller.OrderController         : [PYTHIA_FINE_TRACE] service=ts-order-service endpoint=createOrder latency_ms=391
2026-03-11 16:07:27.678  INFO 1 --- [io-12031-exec-7] order.controller.OrderController         : [createNewOrder][Create Order][from shanghai to taiyuan at 1970-01-02 18:17:36]
2026-03-11 16:07:27.678  INFO 1 --- [io-12031-exec-7] order.service.OrderServiceImpl           : [create][Create Order][Ready to Create Order]
2026-03-11 16:07:27.721  INFO 1 --- [io-12031-exec-7] order.service.OrderServiceImpl           : [create][Order Create Success][Order Price][OrderId:14e73b98-1744-403d-a938-fd72c23dff57 , Price: 0.0]
2026-03-11 16:07:27.721  INFO 1 --- [io-12031-exec-7] order.service.OrderServiceImpl           : [PYTHIA_FINE_TRACE] service=ts-order-service stage=service_create latency_ms=43
2026-03-11 16:07:27.721  INFO 1 --- [io-12031-exec-7] order.controller.OrderController         : [PYTHIA_FINE_TRACE] service=ts-order-service endpoint=createOrder latency_ms=43
2026-03-11 16:07:28.022  INFO 1 --- [o-12031-exec-10] order.controller.OrderController         : [createNewOrder][Create Order][from shanghai to taiyuan at 1970-01-02 18:17:36]
2026-03-11 16:07:28.022  INFO 1 --- [o-12031-exec-10] order.service.OrderServiceImpl           : [create][Create Order][Ready to Create Order]
2026-03-11 16:07:28.322  INFO 1 --- [o-12031-exec-10] order.service.OrderServiceImpl           : [PYTHIA_DELAY] artificial_delay=300ms
2026-03-11 16:07:28.371  INFO 1 --- [o-12031-exec-10] order.service.OrderServiceImpl           : [create][Order Create Success][Order Price][OrderId:eec4775b-44d3-4f35-9cc8-427cbeb848f9 , Price: 0.0]
2026-03-11 16:07:28.372  INFO 1 --- [o-12031-exec-10] order.service.OrderServiceImpl           : [PYTHIA_FINE_TRACE] service=ts-order-service stage=service_create latency_ms=350
2026-03-11 16:07:28.372  INFO 1 --- [o-12031-exec-10] order.controller.OrderController         : [PYTHIA_FINE_TRACE] service=ts-order-service endpoint=createOrder latency_ms=350
2026-03-11 16:07:28.696  INFO 1 --- [io-12031-exec-9] order.controller.OrderController         : [createNewOrder][Create Order][from shanghai to taiyuan at 1970-01-02 18:17:36]
2026-03-11 16:07:28.696  INFO 1 --- [io-12031-exec-9] order.service.OrderServiceImpl           : [create][Create Order][Ready to Create Order]
2026-03-11 16:07:28.737  INFO 1 --- [io-12031-exec-9] order.service.OrderServiceImpl           : [create][Order Create Success][Order Price][OrderId:0e6abe7f-8af1-4bd8-bf4b-d7c9d49d5812 , Price: 0.0]
2026-03-11 16:07:28.737  INFO 1 --- [io-12031-exec-9] order.service.OrderServiceImpl           : [PYTHIA_FINE_TRACE] service=ts-order-service stage=service_create latency_ms=41
2026-03-11 16:07:28.738  INFO 1 --- [io-12031-exec-9] order.controller.OrderController         : [PYTHIA_FINE_TRACE] service=ts-order-service endpoint=createOrder latency_ms=42
2026-03-11 16:07:29.080  INFO 1 --- [io-12031-exec-2] order.controller.OrderController         : [createNewOrder][Create Order][from shanghai to taiyuan at 1970-01-02 18:17:36]
2026-03-11 16:07:29.080  INFO 1 --- [io-12031-exec-2] order.service.OrderServiceImpl           : [create][Create Order][Ready to Create Order]
2026-03-11 16:07:29.131  INFO 1 --- [io-12031-exec-2] order.service.OrderServiceImpl           : [create][Order Create Success][Order Price][OrderId:e82124bd-a226-43b4-a3f9-4786f43f17f0 , Price: 0.0]
2026-03-11 16:07:29.131  INFO 1 --- [io-12031-exec-2] order.service.OrderServiceImpl           : [PYTHIA_FINE_TRACE] service=ts-order-service stage=service_create latency_ms=51
2026-03-11 16:07:29.131  INFO 1 --- [io-12031-exec-2] order.controller.OrderController         : [PYTHIA_FINE_TRACE] service=ts-order-service endpoint=createOrder latency_ms=51
2026-03-11 16:07:29.424  INFO 1 --- [io-12031-exec-1] order.controller.OrderController         : [createNewOrder][Create Order][from shanghai to taiyuan at 1970-01-02 18:17:36]
2026-03-11 16:07:29.424  INFO 1 --- [io-12031-exec-1] order.service.OrderServiceImpl           : [create][Create Order][Ready to Create Order]
2026-03-11 16:07:29.502  INFO 1 --- [io-12031-exec-1] order.service.OrderServiceImpl           : [create][Order Create Success][Order Price][OrderId:74d2327e-4e35-48ce-ac0f-db616e67e95c , Price: 0.0]
2026-03-11 16:07:29.502  INFO 1 --- [io-12031-exec-1] order.service.OrderServiceImpl           : [PYTHIA_FINE_TRACE] service=ts-order-service stage=service_create latency_ms=78
2026-03-11 16:07:29.502  INFO 1 --- [io-12031-exec-1] order.controller.OrderController         : [PYTHIA_FINE_TRACE] service=ts-order-service endpoint=createOrder latency_ms=78
2026-03-11 16:07:29.814  INFO 1 --- [io-12031-exec-3] order.controller.OrderController         : [createNewOrder][Create Order][from shanghai to taiyuan at 1970-01-02 18:17:36]
2026-03-11 16:07:29.815  INFO 1 --- [io-12031-exec-3] order.service.OrderServiceImpl           : [create][Create Order][Ready to Create Order]
2026-03-11 16:07:29.916  INFO 1 --- [io-12031-exec-3] order.service.OrderServiceImpl           : [create][Order Create Success][Order Price][OrderId:cf491ec1-f46c-46af-ba4e-0e25aef5dec6 , Price: 0.0]
2026-03-11 16:07:29.916  INFO 1 --- [io-12031-exec-3] order.service.OrderServiceImpl           : [PYTHIA_FINE_TRACE] service=ts-order-service stage=service_create latency_ms=101
2026-03-11 16:07:29.916  INFO 1 --- [io-12031-exec-3] order.controller.OrderController         : [PYTHIA_FINE_TRACE] service=ts-order-service endpoint=createOrder latency_ms=102
2026-03-11 16:07:30.225  INFO 1 --- [io-12031-exec-5] order.controller.OrderController         : [createNewOrder][Create Order][from shanghai to taiyuan at 1970-01-02 18:17:36]
2026-03-11 16:07:30.225  INFO 1 --- [io-12031-exec-5] order.service.OrderServiceImpl           : [create][Create Order][Ready to Create Order]
2026-03-11 16:07:30.267  INFO 1 --- [io-12031-exec-5] order.service.OrderServiceImpl           : [create][Order Create Success][Order Price][OrderId:40eaa0ff-cbf0-4647-8111-95566fff0c11 , Price: 0.0]
2026-03-11 16:07:30.267  INFO 1 --- [io-12031-exec-5] order.service.OrderServiceImpl           : [PYTHIA_FINE_TRACE] service=ts-order-service stage=service_create latency_ms=42
2026-03-11 16:07:30.267  INFO 1 --- [io-12031-exec-5] order.controller.OrderController         : [PYTHIA_FINE_TRACE] service=ts-order-service endpoint=createOrder latency_ms=42
2026-03-11 16:07:30.589  INFO 1 --- [io-12031-exec-4] order.controller.OrderController         : [createNewOrder][Create Order][from shanghai to taiyuan at 1970-01-02 18:17:36]
2026-03-11 16:07:30.589  INFO 1 --- [io-12031-exec-4] order.service.OrderServiceImpl           : [create][Create Order][Ready to Create Order]
2026-03-11 16:07:30.639  INFO 1 --- [io-12031-exec-4] order.service.OrderServiceImpl           : [create][Order Create Success][Order Price][OrderId:40aa23a9-0d44-421c-86d6-8af98cd30736 , Price: 0.0]
2026-03-11 16:07:30.639  INFO 1 --- [io-12031-exec-4] order.service.OrderServiceImpl           : [PYTHIA_FINE_TRACE] service=ts-order-service stage=service_create latency_ms=50
2026-03-11 16:07:30.639  INFO 1 --- [io-12031-exec-4] order.controller.OrderController         : [PYTHIA_FINE_TRACE] service=ts-order-service endpoint=createOrder latency_ms=50
2026-03-11 16:07:30.982  INFO 1 --- [io-12031-exec-8] order.controller.OrderController         : [createNewOrder][Create Order][from shanghai to taiyuan at 1970-01-02 18:17:36]
2026-03-11 16:07:30.982  INFO 1 --- [io-12031-exec-8] order.service.OrderServiceImpl           : [create][Create Order][Ready to Create Order]
2026-03-11 16:07:31.282  INFO 1 --- [io-12031-exec-8] order.service.OrderServiceImpl           : [PYTHIA_DELAY] artificial_delay=300ms
2026-03-11 16:07:31.333  INFO 1 --- [io-12031-exec-8] order.service.OrderServiceImpl           : [create][Order Create Success][Order Price][OrderId:474207df-bb2f-4ff7-abe1-26700332b914 , Price: 0.0]
2026-03-11 16:07:31.333  INFO 1 --- [io-12031-exec-8] order.service.OrderServiceImpl           : [PYTHIA_FINE_TRACE] service=ts-order-service stage=service_create latency_ms=351
2026-03-11 16:07:31.333  INFO 1 --- [io-12031-exec-8] order.controller.OrderController         : [PYTHIA_FINE_TRACE] service=ts-order-service endpoint=createOrder latency_ms=351
2026-03-11 16:07:31.629  INFO 1 --- [io-12031-exec-6] order.controller.OrderController         : [createNewOrder][Create Order][from shanghai to taiyuan at 1970-01-02 18:17:36]
2026-03-11 16:07:31.629  INFO 1 --- [io-12031-exec-6] order.service.OrderServiceImpl           : [create][Create Order][Ready to Create Order]
2026-03-11 16:07:31.701  INFO 1 --- [io-12031-exec-6] order.service.OrderServiceImpl           : [create][Order Create Success][Order Price][OrderId:454351bb-444e-487d-8ce4-4315209d1532 , Price: 0.0]
2026-03-11 16:07:31.701  INFO 1 --- [io-12031-exec-6] order.service.OrderServiceImpl           : [PYTHIA_FINE_TRACE] service=ts-order-service stage=service_create latency_ms=72
2026-03-11 16:07:31.701  INFO 1 --- [io-12031-exec-6] order.controller.OrderController         : [PYTHIA_FINE_TRACE] service=ts-order-service endpoint=createOrder latency_ms=72
2026-03-11 16:07:32.084  INFO 1 --- [io-12031-exec-7] order.controller.OrderController         : [createNewOrder][Create Order][from shanghai to taiyuan at 1970-01-02 18:17:36]
2026-03-11 16:07:32.084  INFO 1 --- [io-12031-exec-7] order.service.OrderServiceImpl           : [create][Create Order][Ready to Create Order]
2026-03-11 16:07:32.384  INFO 1 --- [io-12031-exec-7] order.service.OrderServiceImpl           : [PYTHIA_DELAY] artificial_delay=300ms
2026-03-11 16:07:32.427  INFO 1 --- [io-12031-exec-7] order.service.OrderServiceImpl           : [create][Order Create Success][Order Price][OrderId:a00caf15-8fce-4e9e-89a1-541227b7f5c7 , Price: 0.0]
2026-03-11 16:07:32.427  INFO 1 --- [io-12031-exec-7] order.service.OrderServiceImpl           : [PYTHIA_FINE_TRACE] service=ts-order-service stage=service_create latency_ms=343
2026-03-11 16:07:32.427  INFO 1 --- [io-12031-exec-7] order.controller.OrderController         : [PYTHIA_FINE_TRACE] service=ts-order-service endpoint=createOrder latency_ms=343
2026-03-11 16:07:32.728  INFO 1 --- [o-12031-exec-10] order.controller.OrderController         : [createNewOrder][Create Order][from shanghai to taiyuan at 1970-01-02 18:17:36]
2026-03-11 16:07:32.728  INFO 1 --- [o-12031-exec-10] order.service.OrderServiceImpl           : [create][Create Order][Ready to Create Order]
2026-03-11 16:07:32.811  INFO 1 --- [o-12031-exec-10] order.service.OrderServiceImpl           : [create][Order Create Success][Order Price][OrderId:27fec125-b684-4d6e-b47a-dd60bb437ff9 , Price: 0.0]
2026-03-11 16:07:32.811  INFO 1 --- [o-12031-exec-10] order.service.OrderServiceImpl           : [PYTHIA_FINE_TRACE] service=ts-order-service stage=service_create latency_ms=83
2026-03-11 16:07:32.811  INFO 1 --- [o-12031-exec-10] order.controller.OrderController         : [PYTHIA_FINE_TRACE] service=ts-order-service endpoint=createOrder latency_ms=83
2026-03-11 16:07:33.127  INFO 1 --- [io-12031-exec-9] order.controller.OrderController         : [createNewOrder][Create Order][from shanghai to taiyuan at 1970-01-02 18:17:36]
2026-03-11 16:07:33.127  INFO 1 --- [io-12031-exec-9] order.service.OrderServiceImpl           : [create][Create Order][Ready to Create Order]
2026-03-11 16:07:33.202  INFO 1 --- [io-12031-exec-9] order.service.OrderServiceImpl           : [create][Order Create Success][Order Price][OrderId:bdb328c3-7763-4d35-b219-c0e6dd8d110b , Price: 0.0]
2026-03-11 16:07:33.202  INFO 1 --- [io-12031-exec-9] order.service.OrderServiceImpl           : [PYTHIA_FINE_TRACE] service=ts-order-service stage=service_create latency_ms=75
2026-03-11 16:07:33.202  INFO 1 --- [io-12031-exec-9] order.controller.OrderController         : [PYTHIA_FINE_TRACE] service=ts-order-service endpoint=createOrder latency_ms=75
2026-03-11 16:07:33.526  INFO 1 --- [io-12031-exec-2] order.controller.OrderController         : [createNewOrder][Create Order][from shanghai to taiyuan at 1970-01-02 18:17:36]
2026-03-11 16:07:33.526  INFO 1 --- [io-12031-exec-2] order.service.OrderServiceImpl           : [create][Create Order][Ready to Create Order]
2026-03-11 16:07:33.826  INFO 1 --- [io-12031-exec-2] order.service.OrderServiceImpl           : [PYTHIA_DELAY] artificial_delay=300ms
2026-03-11 16:07:33.876  INFO 1 --- [io-12031-exec-2] order.service.OrderServiceImpl           : [create][Order Create Success][Order Price][OrderId:e73e5905-751e-4d4b-975b-b3c5356bcb6f , Price: 0.0]
2026-03-11 16:07:33.877  INFO 1 --- [io-12031-exec-2] order.service.OrderServiceImpl           : [PYTHIA_FINE_TRACE] service=ts-order-service stage=service_create latency_ms=351
2026-03-11 16:07:33.877  INFO 1 --- [io-12031-exec-2] order.controller.OrderController         : [PYTHIA_FINE_TRACE] service=ts-order-service endpoint=createOrder latency_ms=351
2026-03-11 16:07:34.188  INFO 1 --- [io-12031-exec-1] order.controller.OrderController         : [createNewOrder][Create Order][from shanghai to taiyuan at 1970-01-02 18:17:36]
2026-03-11 16:07:34.188  INFO 1 --- [io-12031-exec-1] order.service.OrderServiceImpl           : [create][Create Order][Ready to Create Order]
2026-03-11 16:07:34.229  INFO 1 --- [io-12031-exec-1] order.service.OrderServiceImpl           : [create][Order Create Success][Order Price][OrderId:c32f8f65-f354-43bb-8597-9e7eb775db68 , Price: 0.0]
2026-03-11 16:07:34.229  INFO 1 --- [io-12031-exec-1] order.service.OrderServiceImpl           : [PYTHIA_FINE_TRACE] service=ts-order-service stage=service_create latency_ms=41
2026-03-11 16:07:34.229  INFO 1 --- [io-12031-exec-1] order.controller.OrderController         : [PYTHIA_FINE_TRACE] service=ts-order-service endpoint=createOrder latency_ms=41
2026-03-11 16:07:34.520  INFO 1 --- [io-12031-exec-3] order.controller.OrderController         : [createNewOrder][Create Order][from shanghai to taiyuan at 1970-01-02 18:17:36]
2026-03-11 16:07:34.520  INFO 1 --- [io-12031-exec-3] order.service.OrderServiceImpl           : [create][Create Order][Ready to Create Order]
2026-03-11 16:07:34.569  INFO 1 --- [io-12031-exec-3] order.service.OrderServiceImpl           : [create][Order Create Success][Order Price][OrderId:dc4e1f7a-5241-4975-a2f6-6c01ba1f3e48 , Price: 0.0]
2026-03-11 16:07:34.570  INFO 1 --- [io-12031-exec-3] order.service.OrderServiceImpl           : [PYTHIA_FINE_TRACE] service=ts-order-service stage=service_create latency_ms=50
2026-03-11 16:07:34.570  INFO 1 --- [io-12031-exec-3] order.controller.OrderController         : [PYTHIA_FINE_TRACE] service=ts-order-service endpoint=createOrder latency_ms=50
2026-03-11 16:07:34.891  INFO 1 --- [io-12031-exec-5] order.controller.OrderController         : [createNewOrder][Create Order][from shanghai to taiyuan at 1970-01-02 18:17:36]
2026-03-11 16:07:34.891  INFO 1 --- [io-12031-exec-5] order.service.OrderServiceImpl           : [create][Create Order][Ready to Create Order]
2026-03-11 16:07:35.191  INFO 1 --- [io-12031-exec-5] order.service.OrderServiceImpl           : [PYTHIA_DELAY] artificial_delay=300ms
2026-03-11 16:07:35.233  INFO 1 --- [io-12031-exec-5] order.service.OrderServiceImpl           : [create][Order Create Success][Order Price][OrderId:bb630fe1-9c3b-4e20-bf2b-b5ab2a2f0c6a , Price: 0.0]
2026-03-11 16:07:35.233  INFO 1 --- [io-12031-exec-5] order.service.OrderServiceImpl           : [PYTHIA_FINE_TRACE] service=ts-order-service stage=service_create latency_ms=342
2026-03-11 16:07:35.233  INFO 1 --- [io-12031-exec-5] order.controller.OrderController         : [PYTHIA_FINE_TRACE] service=ts-order-service endpoint=createOrder latency_ms=342
2026-03-11 16:07:35.527  INFO 1 --- [io-12031-exec-4] order.controller.OrderController         : [createNewOrder][Create Order][from shanghai to taiyuan at 1970-01-02 18:17:36]
2026-03-11 16:07:35.527  INFO 1 --- [io-12031-exec-4] order.service.OrderServiceImpl           : [create][Create Order][Ready to Create Order]
2026-03-11 16:07:35.628  INFO 1 --- [io-12031-exec-4] order.service.OrderServiceImpl           : [create][Order Create Success][Order Price][OrderId:15eae8cb-2e44-4a5c-a0c9-be66528a8878 , Price: 0.0]
2026-03-11 16:07:35.628  INFO 1 --- [io-12031-exec-4] order.service.OrderServiceImpl           : [PYTHIA_FINE_TRACE] service=ts-order-service stage=service_create latency_ms=101
2026-03-11 16:07:35.628  INFO 1 --- [io-12031-exec-4] order.controller.OrderController         : [PYTHIA_FINE_TRACE] service=ts-order-service endpoint=createOrder latency_ms=101
2026-03-11 16:07:35.921  INFO 1 --- [io-12031-exec-8] order.controller.OrderController         : [createNewOrder][Create Order][from shanghai to taiyuan at 1970-01-02 18:17:36]
2026-03-11 16:07:35.921  INFO 1 --- [io-12031-exec-8] order.service.OrderServiceImpl           : [create][Create Order][Ready to Create Order]
2026-03-11 16:07:36.011  INFO 1 --- [io-12031-exec-8] order.service.OrderServiceImpl           : [create][Order Create Success][Order Price][OrderId:86d7e256-9d62-4abe-a841-1ab0d45ab57b , Price: 0.0]
2026-03-11 16:07:36.012  INFO 1 --- [io-12031-exec-8] order.service.OrderServiceImpl           : [PYTHIA_FINE_TRACE] service=ts-order-service stage=service_create latency_ms=91
2026-03-11 16:07:36.012  INFO 1 --- [io-12031-exec-8] order.controller.OrderController         : [PYTHIA_FINE_TRACE] service=ts-order-service endpoint=createOrder latency_ms=91
2026-03-11 16:07:36.323  INFO 1 --- [io-12031-exec-6] order.controller.OrderController         : [createNewOrder][Create Order][from shanghai to taiyuan at 1970-01-02 18:17:36]
2026-03-11 16:07:36.323  INFO 1 --- [io-12031-exec-6] order.service.OrderServiceImpl           : [create][Create Order][Ready to Create Order]
2026-03-11 16:07:36.623  INFO 1 --- [io-12031-exec-6] order.service.OrderServiceImpl           : [PYTHIA_DELAY] artificial_delay=300ms
2026-03-11 16:07:36.673  INFO 1 --- [io-12031-exec-6] order.service.OrderServiceImpl           : [create][Order Create Success][Order Price][OrderId:79e2fce0-ce8d-4301-a49e-484d3e8a9943 , Price: 0.0]
2026-03-11 16:07:36.673  INFO 1 --- [io-12031-exec-6] order.service.OrderServiceImpl           : [PYTHIA_FINE_TRACE] service=ts-order-service stage=service_create latency_ms=350
2026-03-11 16:07:36.673  INFO 1 --- [io-12031-exec-6] order.controller.OrderController         : [PYTHIA_FINE_TRACE] service=ts-order-service endpoint=createOrder latency_ms=350
2026-03-11 16:07:37.000  INFO 1 --- [io-12031-exec-7] order.controller.OrderController         : [createNewOrder][Create Order][from shanghai to taiyuan at 1970-01-02 18:17:36]
2026-03-11 16:07:37.000  INFO 1 --- [io-12031-exec-7] order.service.OrderServiceImpl           : [create][Create Order][Ready to Create Order]
2026-03-11 16:07:37.039  INFO 1 --- [io-12031-exec-7] order.service.OrderServiceImpl           : [create][Order Create Success][Order Price][OrderId:2a75d299-6e5e-4301-9ba9-d255070b8cd0 , Price: 0.0]
2026-03-11 16:07:37.039  INFO 1 --- [io-12031-exec-7] order.service.OrderServiceImpl           : [PYTHIA_FINE_TRACE] service=ts-order-service stage=service_create latency_ms=39
2026-03-11 16:07:37.039  INFO 1 --- [io-12031-exec-7] order.controller.OrderController         : [PYTHIA_FINE_TRACE] service=ts-order-service endpoint=createOrder latency_ms=39
2026-03-11 16:07:37.427  INFO 1 --- [io-12031-exec-9] order.controller.OrderController         : [createNewOrder][Create Order][from shanghai to taiyuan at 1970-01-02 18:17:36]
2026-03-11 16:07:37.427  INFO 1 --- [io-12031-exec-9] order.service.OrderServiceImpl           : [create][Create Order][Ready to Create Order]
2026-03-11 16:07:37.475  INFO 1 --- [io-12031-exec-9] order.service.OrderServiceImpl           : [create][Order Create Success][Order Price][OrderId:bd963da5-05b1-41fd-a1bd-e93157079caf , Price: 0.0]
2026-03-11 16:07:37.475  INFO 1 --- [io-12031-exec-9] order.service.OrderServiceImpl           : [PYTHIA_FINE_TRACE] service=ts-order-service stage=service_create latency_ms=48
2026-03-11 16:07:37.475  INFO 1 --- [io-12031-exec-9] order.controller.OrderController         : [PYTHIA_FINE_TRACE] service=ts-order-service endpoint=createOrder latency_ms=48
2026-03-11 16:07:37.829  INFO 1 --- [io-12031-exec-2] order.controller.OrderController         : [createNewOrder][Create Order][from shanghai to taiyuan at 1970-01-02 18:17:36]
2026-03-11 16:07:37.829  INFO 1 --- [io-12031-exec-2] order.service.OrderServiceImpl           : [create][Create Order][Ready to Create Order]
2026-03-11 16:07:38.129  INFO 1 --- [io-12031-exec-2] order.service.OrderServiceImpl           : [PYTHIA_DELAY] artificial_delay=300ms
2026-03-11 16:07:38.170  INFO 1 --- [io-12031-exec-2] order.service.OrderServiceImpl           : [create][Order Create Success][Order Price][OrderId:a58878ce-6b5f-49fe-8f14-38d953860da7 , Price: 0.0]
2026-03-11 16:07:38.170  INFO 1 --- [io-12031-exec-2] order.service.OrderServiceImpl           : [PYTHIA_FINE_TRACE] service=ts-order-service stage=service_create latency_ms=341
2026-03-11 16:07:38.170  INFO 1 --- [io-12031-exec-2] order.controller.OrderController         : [PYTHIA_FINE_TRACE] service=ts-order-service endpoint=createOrder latency_ms=341
2026-03-11 16:07:38.492  INFO 1 --- [io-12031-exec-1] order.controller.OrderController         : [createNewOrder][Create Order][from shanghai to taiyuan at 1970-01-02 18:17:36]
2026-03-11 16:07:38.492  INFO 1 --- [io-12031-exec-1] order.service.OrderServiceImpl           : [create][Create Order][Ready to Create Order]
2026-03-11 16:07:38.543  INFO 1 --- [io-12031-exec-1] order.service.OrderServiceImpl           : [create][Order Create Success][Order Price][OrderId:ce111862-79e7-4dc6-a8c8-d87680e0f1cd , Price: 0.0]
2026-03-11 16:07:38.543  INFO 1 --- [io-12031-exec-1] order.service.OrderServiceImpl           : [PYTHIA_FINE_TRACE] service=ts-order-service stage=service_create latency_ms=51
2026-03-11 16:07:38.543  INFO 1 --- [io-12031-exec-1] order.controller.OrderController         : [PYTHIA_FINE_TRACE] service=ts-order-service endpoint=createOrder latency_ms=51
2026-03-11 16:07:38.824  INFO 1 --- [io-12031-exec-3] order.controller.OrderController         : [createNewOrder][Create Order][from shanghai to taiyuan at 1970-01-02 18:17:36]
2026-03-11 16:07:38.824  INFO 1 --- [io-12031-exec-3] order.service.OrderServiceImpl           : [create][Create Order][Ready to Create Order]
2026-03-11 16:07:38.864  INFO 1 --- [io-12031-exec-3] order.service.OrderServiceImpl           : [create][Order Create Success][Order Price][OrderId:069273fc-ddb7-4399-addc-d485673e96ef , Price: 0.0]
2026-03-11 16:07:38.864  INFO 1 --- [io-12031-exec-3] order.service.OrderServiceImpl           : [PYTHIA_FINE_TRACE] service=ts-order-service stage=service_create latency_ms=40
2026-03-11 16:07:38.864  INFO 1 --- [io-12031-exec-3] order.controller.OrderController         : [PYTHIA_FINE_TRACE] service=ts-order-service endpoint=createOrder latency_ms=40
2026-03-11 16:07:39.182  INFO 1 --- [io-12031-exec-5] order.controller.OrderController         : [createNewOrder][Create Order][from shanghai to taiyuan at 1970-01-02 18:17:36]
2026-03-11 16:07:39.182  INFO 1 --- [io-12031-exec-5] order.service.OrderServiceImpl           : [create][Create Order][Ready to Create Order]
2026-03-11 16:07:39.483  INFO 1 --- [io-12031-exec-5] order.service.OrderServiceImpl           : [PYTHIA_DELAY] artificial_delay=300ms
2026-03-11 16:07:39.531  INFO 1 --- [io-12031-exec-5] order.service.OrderServiceImpl           : [create][Order Create Success][Order Price][OrderId:f868fbf6-53e0-4e67-a6b0-6e58043ec8b3 , Price: 0.0]
2026-03-11 16:07:39.531  INFO 1 --- [io-12031-exec-5] order.service.OrderServiceImpl           : [PYTHIA_FINE_TRACE] service=ts-order-service stage=service_create latency_ms=349
2026-03-11 16:07:39.531  INFO 1 --- [io-12031-exec-5] order.controller.OrderController         : [PYTHIA_FINE_TRACE] service=ts-order-service endpoint=createOrder latency_ms=349
2026-03-11 16:07:39.880  INFO 1 --- [io-12031-exec-4] order.controller.OrderController         : [createNewOrder][Create Order][from shanghai to taiyuan at 1970-01-02 18:17:36]
2026-03-11 16:07:39.880  INFO 1 --- [io-12031-exec-4] order.service.OrderServiceImpl           : [create][Create Order][Ready to Create Order]
2026-03-11 16:07:39.922  INFO 1 --- [io-12031-exec-4] order.service.OrderServiceImpl           : [create][Order Create Success][Order Price][OrderId:29d470be-ec34-4f53-88ea-bad82776813c , Price: 0.0]
2026-03-11 16:07:39.922  INFO 1 --- [io-12031-exec-4] order.service.OrderServiceImpl           : [PYTHIA_FINE_TRACE] service=ts-order-service stage=service_create latency_ms=42
2026-03-11 16:07:39.922  INFO 1 --- [io-12031-exec-4] order.controller.OrderController         : [PYTHIA_FINE_TRACE] service=ts-order-service endpoint=createOrder latency_ms=42
2026-03-11 16:07:40.282  INFO 1 --- [io-12031-exec-8] order.controller.OrderController         : [createNewOrder][Create Order][from shanghai to taiyuan at 1970-01-02 18:17:36]
2026-03-11 16:07:40.282  INFO 1 --- [io-12031-exec-8] order.service.OrderServiceImpl           : [create][Create Order][Ready to Create Order]
2026-03-11 16:07:40.335  INFO 1 --- [io-12031-exec-8] order.service.OrderServiceImpl           : [create][Order Create Success][Order Price][OrderId:73bace54-7c41-48d7-86d9-4510aef96b5a , Price: 0.0]
2026-03-11 16:07:40.335  INFO 1 --- [io-12031-exec-8] order.service.OrderServiceImpl           : [PYTHIA_FINE_TRACE] service=ts-order-service stage=service_create latency_ms=53
2026-03-11 16:07:40.335  INFO 1 --- [io-12031-exec-8] order.controller.OrderController         : [PYTHIA_FINE_TRACE] service=ts-order-service endpoint=createOrder latency_ms=53
2026-03-11 16:07:40.623  INFO 1 --- [io-12031-exec-6] order.controller.OrderController         : [createNewOrder][Create Order][from shanghai to taiyuan at 1970-01-02 18:17:36]
2026-03-11 16:07:40.623  INFO 1 --- [io-12031-exec-6] order.service.OrderServiceImpl           : [create][Create Order][Ready to Create Order]
2026-03-11 16:07:40.923  INFO 1 --- [io-12031-exec-6] order.service.OrderServiceImpl           : [PYTHIA_DELAY] artificial_delay=300ms
2026-03-11 16:07:40.963  INFO 1 --- [io-12031-exec-6] order.service.OrderServiceImpl           : [create][Order Create Success][Order Price][OrderId:d6a55496-e4e0-46da-8fdc-c3077c7607e6 , Price: 0.0]
2026-03-11 16:07:40.963  INFO 1 --- [io-12031-exec-6] order.service.OrderServiceImpl           : [PYTHIA_FINE_TRACE] service=ts-order-service stage=service_create latency_ms=340
2026-03-11 16:07:40.964  INFO 1 --- [io-12031-exec-6] order.controller.OrderController         : [PYTHIA_FINE_TRACE] service=ts-order-service endpoint=createOrder latency_ms=340
2026-03-11 16:07:41.283  INFO 1 --- [io-12031-exec-7] order.controller.OrderController         : [createNewOrder][Create Order][from shanghai to taiyuan at 1970-01-02 18:17:36]
2026-03-11 16:07:41.283  INFO 1 --- [io-12031-exec-7] order.service.OrderServiceImpl           : [create][Create Order][Ready to Create Order]
2026-03-11 16:07:41.334  INFO 1 --- [io-12031-exec-7] order.service.OrderServiceImpl           : [create][Order Create Success][Order Price][OrderId:d3f380b2-1618-48eb-8ff9-70adb95cd31e , Price: 0.0]
2026-03-11 16:07:41.334  INFO 1 --- [io-12031-exec-7] order.service.OrderServiceImpl           : [PYTHIA_FINE_TRACE] service=ts-order-service stage=service_create latency_ms=51
2026-03-11 16:07:41.334  INFO 1 --- [io-12031-exec-7] order.controller.OrderController         : [PYTHIA_FINE_TRACE] service=ts-order-service endpoint=createOrder latency_ms=51
2026-03-11 16:07:41.625  INFO 1 --- [o-12031-exec-10] order.controller.OrderController         : [createNewOrder][Create Order][from shanghai to taiyuan at 1970-01-02 18:17:36]
2026-03-11 16:07:41.625  INFO 1 --- [o-12031-exec-10] order.service.OrderServiceImpl           : [create][Create Order][Ready to Create Order]
2026-03-11 16:07:41.925  INFO 1 --- [o-12031-exec-10] order.service.OrderServiceImpl           : [PYTHIA_DELAY] artificial_delay=300ms
2026-03-11 16:07:41.967  INFO 1 --- [o-12031-exec-10] order.service.OrderServiceImpl           : [create][Order Create Success][Order Price][OrderId:b8435011-f1fc-4ff4-99a7-635d78caf5da , Price: 0.0]
2026-03-11 16:07:41.967  INFO 1 --- [o-12031-exec-10] order.service.OrderServiceImpl           : [PYTHIA_FINE_TRACE] service=ts-order-service stage=service_create latency_ms=342
2026-03-11 16:07:41.967  INFO 1 --- [o-12031-exec-10] order.controller.OrderController         : [PYTHIA_FINE_TRACE] service=ts-order-service endpoint=createOrder latency_ms=342
2026-03-11 16:07:42.297  INFO 1 --- [io-12031-exec-9] order.controller.OrderController         : [createNewOrder][Create Order][from shanghai to taiyuan at 1970-01-02 18:17:36]
2026-03-11 16:07:42.297  INFO 1 --- [io-12031-exec-9] order.service.OrderServiceImpl           : [create][Create Order][Ready to Create Order]
2026-03-11 16:07:42.352  INFO 1 --- [io-12031-exec-9] order.service.OrderServiceImpl           : [create][Order Create Success][Order Price][OrderId:039f06bd-88b4-4806-bd74-fa00ad8b7ac7 , Price: 0.0]
2026-03-11 16:07:42.352  INFO 1 --- [io-12031-exec-9] order.service.OrderServiceImpl           : [PYTHIA_FINE_TRACE] service=ts-order-service stage=service_create latency_ms=55
2026-03-11 16:07:42.352  INFO 1 --- [io-12031-exec-9] order.controller.OrderController         : [PYTHIA_FINE_TRACE] service=ts-order-service endpoint=createOrder latency_ms=55
2026-03-11 16:07:42.628  INFO 1 --- [io-12031-exec-2] order.controller.OrderController         : [createNewOrder][Create Order][from shanghai to taiyuan at 1970-01-02 18:17:36]
2026-03-11 16:07:42.629  INFO 1 --- [io-12031-exec-2] order.service.OrderServiceImpl           : [create][Create Order][Ready to Create Order]
2026-03-11 16:07:42.669  INFO 1 --- [io-12031-exec-2] order.service.OrderServiceImpl           : [create][Order Create Success][Order Price][OrderId:f6cf4297-4b19-4bda-86ad-c6e851a60e58 , Price: 0.0]
2026-03-11 16:07:42.669  INFO 1 --- [io-12031-exec-2] order.service.OrderServiceImpl           : [PYTHIA_FINE_TRACE] service=ts-order-service stage=service_create latency_ms=40
2026-03-11 16:07:42.669  INFO 1 --- [io-12031-exec-2] order.controller.OrderController         : [PYTHIA_FINE_TRACE] service=ts-order-service endpoint=createOrder latency_ms=41
2026-03-11 16:07:42.986  INFO 1 --- [io-12031-exec-1] order.controller.OrderController         : [createNewOrder][Create Order][from shanghai to taiyuan at 1970-01-02 18:17:36]
2026-03-11 16:07:42.986  INFO 1 --- [io-12031-exec-1] order.service.OrderServiceImpl           : [create][Create Order][Ready to Create Order]
2026-03-11 16:07:43.286  INFO 1 --- [io-12031-exec-1] order.service.OrderServiceImpl           : [PYTHIA_DELAY] artificial_delay=300ms
2026-03-11 16:07:43.342  INFO 1 --- [io-12031-exec-1] order.service.OrderServiceImpl           : [create][Order Create Success][Order Price][OrderId:ec225b40-8c02-46c8-9cbd-788f8930570d , Price: 0.0]
2026-03-11 16:07:43.342  INFO 1 --- [io-12031-exec-1] order.service.OrderServiceImpl           : [PYTHIA_FINE_TRACE] service=ts-order-service stage=service_create latency_ms=356
2026-03-11 16:07:43.342  INFO 1 --- [io-12031-exec-1] order.controller.OrderController         : [PYTHIA_FINE_TRACE] service=ts-order-service endpoint=createOrder latency_ms=356
2026-03-11 16:07:43.714  INFO 1 --- [io-12031-exec-3] order.controller.OrderController         : [createNewOrder][Create Order][from shanghai to taiyuan at 1970-01-02 18:17:36]
2026-03-11 16:07:43.714  INFO 1 --- [io-12031-exec-3] order.service.OrderServiceImpl           : [create][Create Order][Ready to Create Order]
2026-03-11 16:07:43.754  INFO 1 --- [io-12031-exec-3] order.service.OrderServiceImpl           : [create][Order Create Success][Order Price][OrderId:b7155c09-8feb-45af-b41b-b8b13b13b913 , Price: 0.0]
2026-03-11 16:07:43.754  INFO 1 --- [io-12031-exec-3] order.service.OrderServiceImpl           : [PYTHIA_FINE_TRACE] service=ts-order-service stage=service_create latency_ms=40
2026-03-11 16:07:43.754  INFO 1 --- [io-12031-exec-3] order.controller.OrderController         : [PYTHIA_FINE_TRACE] service=ts-order-service endpoint=createOrder latency_ms=40
2026-03-11 16:07:44.026  INFO 1 --- [io-12031-exec-5] order.controller.OrderController         : [createNewOrder][Create Order][from shanghai to taiyuan at 1970-01-02 18:17:36]
2026-03-11 16:07:44.026  INFO 1 --- [io-12031-exec-5] order.service.OrderServiceImpl           : [create][Create Order][Ready to Create Order]
2026-03-11 16:07:44.107  INFO 1 --- [io-12031-exec-5] order.service.OrderServiceImpl           : [create][Order Create Success][Order Price][OrderId:23e57db5-9cea-4f59-8313-07b783606ad0 , Price: 0.0]
2026-03-11 16:07:44.107  INFO 1 --- [io-12031-exec-5] order.service.OrderServiceImpl           : [PYTHIA_FINE_TRACE] service=ts-order-service stage=service_create latency_ms=81
2026-03-11 16:07:44.107  INFO 1 --- [io-12031-exec-5] order.controller.OrderController         : [PYTHIA_FINE_TRACE] service=ts-order-service endpoint=createOrder latency_ms=81
2026-03-11 16:07:44.421  INFO 1 --- [io-12031-exec-4] order.controller.OrderController         : [createNewOrder][Create Order][from shanghai to taiyuan at 1970-01-02 18:17:36]
2026-03-11 16:07:44.421  INFO 1 --- [io-12031-exec-4] order.service.OrderServiceImpl           : [create][Create Order][Ready to Create Order]
2026-03-11 16:07:44.512  INFO 1 --- [io-12031-exec-4] order.service.OrderServiceImpl           : [create][Order Create Success][Order Price][OrderId:79194d99-1fc9-4968-bfc3-6956c5070878 , Price: 0.0]
2026-03-11 16:07:44.513  INFO 1 --- [io-12031-exec-4] order.service.OrderServiceImpl           : [PYTHIA_FINE_TRACE] service=ts-order-service stage=service_create latency_ms=91
2026-03-11 16:07:44.513  INFO 1 --- [io-12031-exec-4] order.controller.OrderController         : [PYTHIA_FINE_TRACE] service=ts-order-service endpoint=createOrder latency_ms=92
2026-03-11 16:07:44.821  INFO 1 --- [io-12031-exec-8] order.controller.OrderController         : [createNewOrder][Create Order][from shanghai to taiyuan at 1970-01-02 18:17:36]
2026-03-11 16:07:44.821  INFO 1 --- [io-12031-exec-8] order.service.OrderServiceImpl           : [create][Create Order][Ready to Create Order]
2026-03-11 16:07:44.869  INFO 1 --- [io-12031-exec-8] order.service.OrderServiceImpl           : [create][Order Create Success][Order Price][OrderId:d8ccacc6-9b65-4bae-b0df-975e8ae60094 , Price: 0.0]
2026-03-11 16:07:44.869  INFO 1 --- [io-12031-exec-8] order.service.OrderServiceImpl           : [PYTHIA_FINE_TRACE] service=ts-order-service stage=service_create latency_ms=48
2026-03-11 16:07:44.869  INFO 1 --- [io-12031-exec-8] order.controller.OrderController         : [PYTHIA_FINE_TRACE] service=ts-order-service endpoint=createOrder latency_ms=48
2026-03-11 16:07:45.186  INFO 1 --- [io-12031-exec-6] order.controller.OrderController         : [createNewOrder][Create Order][from shanghai to taiyuan at 1970-01-02 18:17:36]
2026-03-11 16:07:45.186  INFO 1 --- [io-12031-exec-6] order.service.OrderServiceImpl           : [create][Create Order][Ready to Create Order]
2026-03-11 16:07:45.487  INFO 1 --- [io-12031-exec-6] order.service.OrderServiceImpl           : [PYTHIA_DELAY] artificial_delay=300ms
2026-03-11 16:07:45.530  INFO 1 --- [io-12031-exec-6] order.service.OrderServiceImpl           : [create][Order Create Success][Order Price][OrderId:66aa0727-f00b-47da-a496-8b9b2c7a22d4 , Price: 0.0]
2026-03-11 16:07:45.530  INFO 1 --- [io-12031-exec-6] order.service.OrderServiceImpl           : [PYTHIA_FINE_TRACE] service=ts-order-service stage=service_create latency_ms=344
2026-03-11 16:07:45.530  INFO 1 --- [io-12031-exec-6] order.controller.OrderController         : [PYTHIA_FINE_TRACE] service=ts-order-service endpoint=createOrder latency_ms=344
2026-03-11 16:07:45.821  INFO 1 --- [io-12031-exec-7] order.controller.OrderController         : [createNewOrder][Create Order][from shanghai to taiyuan at 1970-01-02 18:17:36]
2026-03-11 16:07:45.821  INFO 1 --- [io-12031-exec-7] order.service.OrderServiceImpl           : [create][Create Order][Ready to Create Order]
2026-03-11 16:07:46.121  INFO 1 --- [io-12031-exec-7] order.service.OrderServiceImpl           : [PYTHIA_DELAY] artificial_delay=300ms
2026-03-11 16:07:46.170  INFO 1 --- [io-12031-exec-7] order.service.OrderServiceImpl           : [create][Order Create Success][Order Price][OrderId:abe6771b-465e-492c-ba75-8264f13b8563 , Price: 0.0]
2026-03-11 16:07:46.170  INFO 1 --- [io-12031-exec-7] order.service.OrderServiceImpl           : [PYTHIA_FINE_TRACE] service=ts-order-service stage=service_create latency_ms=349
2026-03-11 16:07:46.170  INFO 1 --- [io-12031-exec-7] order.controller.OrderController         : [PYTHIA_FINE_TRACE] service=ts-order-service endpoint=createOrder latency_ms=350
2026-03-11 16:07:46.494  INFO 1 --- [o-12031-exec-10] order.controller.OrderController         : [createNewOrder][Create Order][from shanghai to taiyuan at 1970-01-02 18:17:36]
2026-03-11 16:07:46.494  INFO 1 --- [o-12031-exec-10] order.service.OrderServiceImpl           : [create][Create Order][Ready to Create Order]
2026-03-11 16:07:46.539  INFO 1 --- [o-12031-exec-10] order.service.OrderServiceImpl           : [create][Order Create Success][Order Price][OrderId:7c4cd50d-84cb-49b6-9f07-a34e8bd56269 , Price: 0.0]
2026-03-11 16:07:46.539  INFO 1 --- [o-12031-exec-10] order.service.OrderServiceImpl           : [PYTHIA_FINE_TRACE] service=ts-order-service stage=service_create latency_ms=45
2026-03-11 16:07:46.539  INFO 1 --- [o-12031-exec-10] order.controller.OrderController         : [PYTHIA_FINE_TRACE] service=ts-order-service endpoint=createOrder latency_ms=45
2026-03-11 16:07:46.826  INFO 1 --- [io-12031-exec-9] order.controller.OrderController         : [createNewOrder][Create Order][from shanghai to taiyuan at 1970-01-02 18:17:36]
2026-03-11 16:07:46.826  INFO 1 --- [io-12031-exec-9] order.service.OrderServiceImpl           : [create][Create Order][Ready to Create Order]
2026-03-11 16:07:47.126  INFO 1 --- [io-12031-exec-9] order.service.OrderServiceImpl           : [PYTHIA_DELAY] artificial_delay=300ms
2026-03-11 16:07:47.176  INFO 1 --- [io-12031-exec-9] order.service.OrderServiceImpl           : [create][Order Create Success][Order Price][OrderId:912339dc-92b9-4dbe-be9b-3d2350ddc695 , Price: 0.0]
2026-03-11 16:07:47.176  INFO 1 --- [io-12031-exec-9] order.service.OrderServiceImpl           : [PYTHIA_FINE_TRACE] service=ts-order-service stage=service_create latency_ms=350
2026-03-11 16:07:47.176  INFO 1 --- [io-12031-exec-9] order.controller.OrderController         : [PYTHIA_FINE_TRACE] service=ts-order-service endpoint=createOrder latency_ms=350
2026-03-11 16:07:47.499  INFO 1 --- [io-12031-exec-1] order.controller.OrderController         : [createNewOrder][Create Order][from shanghai to taiyuan at 1970-01-02 18:17:36]
2026-03-11 16:07:47.499  INFO 1 --- [io-12031-exec-1] order.service.OrderServiceImpl           : [create][Create Order][Ready to Create Order]
2026-03-11 16:07:47.539  INFO 1 --- [io-12031-exec-1] order.service.OrderServiceImpl           : [create][Order Create Success][Order Price][OrderId:ab8761df-76a6-4365-8e40-bc421ae09167 , Price: 0.0]
2026-03-11 16:07:47.539  INFO 1 --- [io-12031-exec-1] order.service.OrderServiceImpl           : [PYTHIA_FINE_TRACE] service=ts-order-service stage=service_create latency_ms=40
2026-03-11 16:07:47.539  INFO 1 --- [io-12031-exec-1] order.controller.OrderController         : [PYTHIA_FINE_TRACE] service=ts-order-service endpoint=createOrder latency_ms=40
2026-03-11 16:07:47.831  INFO 1 --- [io-12031-exec-3] order.controller.OrderController         : [createNewOrder][Create Order][from shanghai to taiyuan at 1970-01-02 18:17:36]
2026-03-11 16:07:47.831  INFO 1 --- [io-12031-exec-3] order.service.OrderServiceImpl           : [create][Create Order][Ready to Create Order]
2026-03-11 16:07:47.921  INFO 1 --- [io-12031-exec-3] order.service.OrderServiceImpl           : [create][Order Create Success][Order Price][OrderId:4fb50d08-5374-4b3a-b81e-7045937fbf16 , Price: 0.0]
2026-03-11 16:07:47.921  INFO 1 --- [io-12031-exec-3] order.service.OrderServiceImpl           : [PYTHIA_FINE_TRACE] service=ts-order-service stage=service_create latency_ms=90
2026-03-11 16:07:47.921  INFO 1 --- [io-12031-exec-3] order.controller.OrderController         : [PYTHIA_FINE_TRACE] service=ts-order-service endpoint=createOrder latency_ms=90
2026-03-11 16:07:48.223  INFO 1 --- [io-12031-exec-5] order.controller.OrderController         : [createNewOrder][Create Order][from shanghai to taiyuan at 1970-01-02 18:17:36]
2026-03-11 16:07:48.223  INFO 1 --- [io-12031-exec-5] order.service.OrderServiceImpl           : [create][Create Order][Ready to Create Order]
2026-03-11 16:07:48.523  INFO 1 --- [io-12031-exec-5] order.service.OrderServiceImpl           : [PYTHIA_DELAY] artificial_delay=300ms
2026-03-11 16:07:48.568  INFO 1 --- [io-12031-exec-5] order.service.OrderServiceImpl           : [create][Order Create Success][Order Price][OrderId:fa6e409e-499a-436c-89aa-b030def04872 , Price: 0.0]
2026-03-11 16:07:48.568  INFO 1 --- [io-12031-exec-5] order.service.OrderServiceImpl           : [PYTHIA_FINE_TRACE] service=ts-order-service stage=service_create latency_ms=345
2026-03-11 16:07:48.568  INFO 1 --- [io-12031-exec-5] order.controller.OrderController         : [PYTHIA_FINE_TRACE] service=ts-order-service endpoint=createOrder latency_ms=345
2026-03-11 16:07:48.890  INFO 1 --- [io-12031-exec-4] order.controller.OrderController         : [createNewOrder][Create Order][from shanghai to taiyuan at 1970-01-02 18:17:36]
2026-03-11 16:07:48.890  INFO 1 --- [io-12031-exec-4] order.service.OrderServiceImpl           : [create][Create Order][Ready to Create Order]
2026-03-11 16:07:49.002  INFO 1 --- [io-12031-exec-4] order.service.OrderServiceImpl           : [create][Order Create Success][Order Price][OrderId:6c11bb90-a183-4992-bccc-a03e3a58470d , Price: 0.0]
2026-03-11 16:07:49.002  INFO 1 --- [io-12031-exec-4] order.service.OrderServiceImpl           : [PYTHIA_FINE_TRACE] service=ts-order-service stage=service_create latency_ms=112
2026-03-11 16:07:49.002  INFO 1 --- [io-12031-exec-4] order.controller.OrderController         : [PYTHIA_FINE_TRACE] service=ts-order-service endpoint=createOrder latency_ms=112
2026-03-11 16:07:49.326  INFO 1 --- [io-12031-exec-8] order.controller.OrderController         : [createNewOrder][Create Order][from shanghai to taiyuan at 1970-01-02 18:17:36]
2026-03-11 16:07:49.326  INFO 1 --- [io-12031-exec-8] order.service.OrderServiceImpl           : [create][Create Order][Ready to Create Order]
2026-03-11 16:07:49.626  INFO 1 --- [io-12031-exec-8] order.service.OrderServiceImpl           : [PYTHIA_DELAY] artificial_delay=300ms
2026-03-11 16:07:49.667  INFO 1 --- [io-12031-exec-8] order.service.OrderServiceImpl           : [create][Order Create Success][Order Price][OrderId:edcd557c-9e97-464e-b72f-b0a9cc7ced05 , Price: 0.0]
2026-03-11 16:07:49.667  INFO 1 --- [io-12031-exec-8] order.service.OrderServiceImpl           : [PYTHIA_FINE_TRACE] service=ts-order-service stage=service_create latency_ms=341
2026-03-11 16:07:49.667  INFO 1 --- [io-12031-exec-8] order.controller.OrderController         : [PYTHIA_FINE_TRACE] service=ts-order-service endpoint=createOrder latency_ms=341
2026-03-11 16:07:49.991  INFO 1 --- [io-12031-exec-6] order.controller.OrderController         : [createNewOrder][Create Order][from shanghai to taiyuan at 1970-01-02 18:17:36]
2026-03-11 16:07:49.992  INFO 1 --- [io-12031-exec-6] order.service.OrderServiceImpl           : [create][Create Order][Ready to Create Order]
2026-03-11 16:07:50.045  INFO 1 --- [io-12031-exec-6] order.service.OrderServiceImpl           : [create][Order Create Success][Order Price][OrderId:f00b8b7a-0ae5-4f83-b24f-380d4f702fde , Price: 0.0]
2026-03-11 16:07:50.045  INFO 1 --- [io-12031-exec-6] order.service.OrderServiceImpl           : [PYTHIA_FINE_TRACE] service=ts-order-service stage=service_create latency_ms=53
2026-03-11 16:07:50.045  INFO 1 --- [io-12031-exec-6] order.controller.OrderController         : [PYTHIA_FINE_TRACE] service=ts-order-service endpoint=createOrder latency_ms=54
2026-03-11 16:07:50.399  INFO 1 --- [io-12031-exec-7] order.controller.OrderController         : [createNewOrder][Create Order][from shanghai to taiyuan at 1970-01-02 18:17:36]
2026-03-11 16:07:50.399  INFO 1 --- [io-12031-exec-7] order.service.OrderServiceImpl           : [create][Create Order][Ready to Create Order]
2026-03-11 16:07:50.699  INFO 1 --- [io-12031-exec-7] order.service.OrderServiceImpl           : [PYTHIA_DELAY] artificial_delay=300ms
2026-03-11 16:07:50.740  INFO 1 --- [io-12031-exec-7] order.service.OrderServiceImpl           : [create][Order Create Success][Order Price][OrderId:5be75e9a-8c60-46a3-b4b6-ebd48dde5249 , Price: 0.0]
2026-03-11 16:07:50.740  INFO 1 --- [io-12031-exec-7] order.service.OrderServiceImpl           : [PYTHIA_FINE_TRACE] service=ts-order-service stage=service_create latency_ms=341
2026-03-11 16:07:50.740  INFO 1 --- [io-12031-exec-7] order.controller.OrderController         : [PYTHIA_FINE_TRACE] service=ts-order-service endpoint=createOrder latency_ms=341
2026-03-11 16:07:51.025  INFO 1 --- [o-12031-exec-10] order.controller.OrderController         : [createNewOrder][Create Order][from shanghai to taiyuan at 1970-01-02 18:17:36]
2026-03-11 16:07:51.025  INFO 1 --- [o-12031-exec-10] order.service.OrderServiceImpl           : [create][Create Order][Ready to Create Order]
2026-03-11 16:07:51.071  INFO 1 --- [o-12031-exec-10] order.service.OrderServiceImpl           : [create][Order Create Success][Order Price][OrderId:59c8ed32-8eb6-4edd-932b-e5005a952c58 , Price: 0.0]
2026-03-11 16:07:51.071  INFO 1 --- [o-12031-exec-10] order.service.OrderServiceImpl           : [PYTHIA_FINE_TRACE] service=ts-order-service stage=service_create latency_ms=46
2026-03-11 16:07:51.071  INFO 1 --- [o-12031-exec-10] order.controller.OrderController         : [PYTHIA_FINE_TRACE] service=ts-order-service endpoint=createOrder latency_ms=46
2026-03-11 16:07:51.390  INFO 1 --- [io-12031-exec-2] order.controller.OrderController         : [createNewOrder][Create Order][from shanghai to taiyuan at 1970-01-02 18:17:36]
2026-03-11 16:07:51.390  INFO 1 --- [io-12031-exec-2] order.service.OrderServiceImpl           : [create][Create Order][Ready to Create Order]
2026-03-11 16:07:51.430  INFO 1 --- [io-12031-exec-2] order.service.OrderServiceImpl           : [create][Order Create Success][Order Price][OrderId:c41230d7-2597-4830-999e-1b38e38f4c03 , Price: 0.0]
2026-03-11 16:07:51.430  INFO 1 --- [io-12031-exec-2] order.service.OrderServiceImpl           : [PYTHIA_FINE_TRACE] service=ts-order-service stage=service_create latency_ms=40
2026-03-11 16:07:51.430  INFO 1 --- [io-12031-exec-2] order.controller.OrderController         : [PYTHIA_FINE_TRACE] service=ts-order-service endpoint=createOrder latency_ms=40
2026-03-11 16:07:51.725  INFO 1 --- [io-12031-exec-9] order.controller.OrderController         : [createNewOrder][Create Order][from shanghai to taiyuan at 1970-01-02 18:17:36]
2026-03-11 16:07:51.725  INFO 1 --- [io-12031-exec-9] order.service.OrderServiceImpl           : [create][Create Order][Ready to Create Order]
2026-03-11 16:07:52.025  INFO 1 --- [io-12031-exec-9] order.service.OrderServiceImpl           : [PYTHIA_DELAY] artificial_delay=300ms
2026-03-11 16:07:52.076  INFO 1 --- [io-12031-exec-9] order.service.OrderServiceImpl           : [create][Order Create Success][Order Price][OrderId:ae9d5b64-7a04-4307-a419-39f12e024f3a , Price: 0.0]
2026-03-11 16:07:52.076  INFO 1 --- [io-12031-exec-9] order.service.OrderServiceImpl           : [PYTHIA_FINE_TRACE] service=ts-order-service stage=service_create latency_ms=351
2026-03-11 16:07:52.076  INFO 1 --- [io-12031-exec-9] order.controller.OrderController         : [PYTHIA_FINE_TRACE] service=ts-order-service endpoint=createOrder latency_ms=351
2026-03-11 16:07:52.404  INFO 1 --- [io-12031-exec-1] order.controller.OrderController         : [createNewOrder][Create Order][from shanghai to taiyuan at 1970-01-02 18:17:36]
2026-03-11 16:07:52.404  INFO 1 --- [io-12031-exec-1] order.service.OrderServiceImpl           : [create][Create Order][Ready to Create Order]
2026-03-11 16:07:52.445  INFO 1 --- [io-12031-exec-1] order.service.OrderServiceImpl           : [create][Order Create Success][Order Price][OrderId:4da50665-ebd0-4c21-9056-c971815e2ca1 , Price: 0.0]
2026-03-11 16:07:52.445  INFO 1 --- [io-12031-exec-1] order.service.OrderServiceImpl           : [PYTHIA_FINE_TRACE] service=ts-order-service stage=service_create latency_ms=41
2026-03-11 16:07:52.445  INFO 1 --- [io-12031-exec-1] order.controller.OrderController         : [PYTHIA_FINE_TRACE] service=ts-order-service endpoint=createOrder latency_ms=41
2026-03-11 16:07:52.722  INFO 1 --- [io-12031-exec-3] order.controller.OrderController         : [createNewOrder][Create Order][from shanghai to taiyuan at 1970-01-02 18:17:36]
2026-03-11 16:07:52.722  INFO 1 --- [io-12031-exec-3] order.service.OrderServiceImpl           : [create][Create Order][Ready to Create Order]
2026-03-11 16:07:52.770  INFO 1 --- [io-12031-exec-3] order.service.OrderServiceImpl           : [create][Order Create Success][Order Price][OrderId:dfc773c3-3561-4b2d-a375-4283752d52fa , Price: 0.0]
2026-03-11 16:07:52.770  INFO 1 --- [io-12031-exec-3] order.service.OrderServiceImpl           : [PYTHIA_FINE_TRACE] service=ts-order-service stage=service_create latency_ms=48
2026-03-11 16:07:52.770  INFO 1 --- [io-12031-exec-3] order.controller.OrderController         : [PYTHIA_FINE_TRACE] service=ts-order-service endpoint=createOrder latency_ms=48
2026-03-11 16:07:53.116  INFO 1 --- [io-12031-exec-5] order.controller.OrderController         : [createNewOrder][Create Order][from shanghai to taiyuan at 1970-01-02 18:17:36]
2026-03-11 16:07:53.116  INFO 1 --- [io-12031-exec-5] order.service.OrderServiceImpl           : [create][Create Order][Ready to Create Order]
2026-03-11 16:07:53.159  INFO 1 --- [io-12031-exec-5] order.service.OrderServiceImpl           : [create][Order Create Success][Order Price][OrderId:38fa95b9-1bd4-4d93-884c-86fefd9ac907 , Price: 0.0]
2026-03-11 16:07:53.159  INFO 1 --- [io-12031-exec-5] order.service.OrderServiceImpl           : [PYTHIA_FINE_TRACE] service=ts-order-service stage=service_create latency_ms=43
2026-03-11 16:07:53.159  INFO 1 --- [io-12031-exec-5] order.controller.OrderController         : [PYTHIA_FINE_TRACE] service=ts-order-service endpoint=createOrder latency_ms=43
2026-03-11 16:07:53.439  INFO 1 --- [io-12031-exec-4] order.controller.OrderController         : [createNewOrder][Create Order][from shanghai to taiyuan at 1970-01-02 18:17:36]
2026-03-11 16:07:53.439  INFO 1 --- [io-12031-exec-4] order.service.OrderServiceImpl           : [create][Create Order][Ready to Create Order]
2026-03-11 16:07:53.510  INFO 1 --- [io-12031-exec-4] order.service.OrderServiceImpl           : [create][Order Create Success][Order Price][OrderId:91daf9fc-7bb1-4a2a-917c-9b739edf20fe , Price: 0.0]
2026-03-11 16:07:53.510  INFO 1 --- [io-12031-exec-4] order.service.OrderServiceImpl           : [PYTHIA_FINE_TRACE] service=ts-order-service stage=service_create latency_ms=71
2026-03-11 16:07:53.510  INFO 1 --- [io-12031-exec-4] order.controller.OrderController         : [PYTHIA_FINE_TRACE] service=ts-order-service endpoint=createOrder latency_ms=71
2026-03-11 16:07:53.827  INFO 1 --- [io-12031-exec-8] order.controller.OrderController         : [createNewOrder][Create Order][from shanghai to taiyuan at 1970-01-02 18:17:36]
2026-03-11 16:07:53.827  INFO 1 --- [io-12031-exec-8] order.service.OrderServiceImpl           : [create][Create Order][Ready to Create Order]
2026-03-11 16:07:53.910  INFO 1 --- [io-12031-exec-8] order.service.OrderServiceImpl           : [create][Order Create Success][Order Price][OrderId:78308b1a-a840-4218-b968-12b4276c0b70 , Price: 0.0]
2026-03-11 16:07:53.910  INFO 1 --- [io-12031-exec-8] order.service.OrderServiceImpl           : [PYTHIA_FINE_TRACE] service=ts-order-service stage=service_create latency_ms=83
2026-03-11 16:07:53.910  INFO 1 --- [io-12031-exec-8] order.controller.OrderController         : [PYTHIA_FINE_TRACE] service=ts-order-service endpoint=createOrder latency_ms=83
2026-03-11 16:07:54.282  INFO 1 --- [io-12031-exec-6] order.controller.OrderController         : [createNewOrder][Create Order][from shanghai to taiyuan at 1970-01-02 18:17:36]
2026-03-11 16:07:54.282  INFO 1 --- [io-12031-exec-6] order.service.OrderServiceImpl           : [create][Create Order][Ready to Create Order]
2026-03-11 16:07:54.332  INFO 1 --- [io-12031-exec-6] order.service.OrderServiceImpl           : [create][Order Create Success][Order Price][OrderId:6b30d2ea-2286-4656-a1ce-a92708d257a4 , Price: 0.0]
2026-03-11 16:07:54.332  INFO 1 --- [io-12031-exec-6] order.service.OrderServiceImpl           : [PYTHIA_FINE_TRACE] service=ts-order-service stage=service_create latency_ms=50
2026-03-11 16:07:54.332  INFO 1 --- [io-12031-exec-6] order.controller.OrderController         : [PYTHIA_FINE_TRACE] service=ts-order-service endpoint=createOrder latency_ms=50
2026-03-11 16:07:54.626  INFO 1 --- [io-12031-exec-7] order.controller.OrderController         : [createNewOrder][Create Order][from shanghai to taiyuan at 1970-01-02 18:17:36]
2026-03-11 16:07:54.626  INFO 1 --- [io-12031-exec-7] order.service.OrderServiceImpl           : [create][Create Order][Ready to Create Order]
2026-03-11 16:07:54.666  INFO 1 --- [io-12031-exec-7] order.service.OrderServiceImpl           : [create][Order Create Success][Order Price][OrderId:7f246ff1-2810-460d-9342-892027cd4b82 , Price: 0.0]
2026-03-11 16:07:54.666  INFO 1 --- [io-12031-exec-7] order.service.OrderServiceImpl           : [PYTHIA_FINE_TRACE] service=ts-order-service stage=service_create latency_ms=40
2026-03-11 16:07:54.666  INFO 1 --- [io-12031-exec-7] order.controller.OrderController         : [PYTHIA_FINE_TRACE] service=ts-order-service endpoint=createOrder latency_ms=40
2026-03-11 16:07:54.991  INFO 1 --- [o-12031-exec-10] order.controller.OrderController         : [createNewOrder][Create Order][from shanghai to taiyuan at 1970-01-02 18:17:36]
2026-03-11 16:07:54.991  INFO 1 --- [o-12031-exec-10] order.service.OrderServiceImpl           : [create][Create Order][Ready to Create Order]
2026-03-11 16:07:55.038  INFO 1 --- [o-12031-exec-10] order.service.OrderServiceImpl           : [create][Order Create Success][Order Price][OrderId:ffd19c0f-e94f-478f-b264-95edf15391c1 , Price: 0.0]
2026-03-11 16:07:55.038  INFO 1 --- [o-12031-exec-10] order.service.OrderServiceImpl           : [PYTHIA_FINE_TRACE] service=ts-order-service stage=service_create latency_ms=47
2026-03-11 16:07:55.038  INFO 1 --- [o-12031-exec-10] order.controller.OrderController         : [PYTHIA_FINE_TRACE] service=ts-order-service endpoint=createOrder latency_ms=47
2026-03-11 16:07:55.324  INFO 1 --- [io-12031-exec-2] order.controller.OrderController         : [createNewOrder][Create Order][from shanghai to taiyuan at 1970-01-02 18:17:36]
2026-03-11 16:07:55.324  INFO 1 --- [io-12031-exec-2] order.service.OrderServiceImpl           : [create][Create Order][Ready to Create Order]
2026-03-11 16:07:55.625  INFO 1 --- [io-12031-exec-2] order.service.OrderServiceImpl           : [PYTHIA_DELAY] artificial_delay=300ms
2026-03-11 16:07:55.670  INFO 1 --- [io-12031-exec-2] order.service.OrderServiceImpl           : [create][Order Create Success][Order Price][OrderId:3012074b-9e1c-43ba-810d-0139ff61a0cb , Price: 0.0]
2026-03-11 16:07:55.670  INFO 1 --- [io-12031-exec-2] order.service.OrderServiceImpl           : [PYTHIA_FINE_TRACE] service=ts-order-service stage=service_create latency_ms=346
2026-03-11 16:07:55.670  INFO 1 --- [io-12031-exec-2] order.controller.OrderController         : [PYTHIA_FINE_TRACE] service=ts-order-service endpoint=createOrder latency_ms=346
2026-03-11 16:07:56.005  INFO 1 --- [io-12031-exec-9] order.controller.OrderController         : [createNewOrder][Create Order][from shanghai to taiyuan at 1970-01-02 18:17:36]
2026-03-11 16:07:56.005  INFO 1 --- [io-12031-exec-9] order.service.OrderServiceImpl           : [create][Create Order][Ready to Create Order]
2026-03-11 16:07:56.305  INFO 1 --- [io-12031-exec-9] order.service.OrderServiceImpl           : [PYTHIA_DELAY] artificial_delay=300ms
2026-03-11 16:07:56.415  INFO 1 --- [io-12031-exec-9] order.service.OrderServiceImpl           : [create][Order Create Success][Order Price][OrderId:d4a61824-9778-4580-832b-aef9f849b4aa , Price: 0.0]
2026-03-11 16:07:56.416  INFO 1 --- [io-12031-exec-9] order.service.OrderServiceImpl           : [PYTHIA_FINE_TRACE] service=ts-order-service stage=service_create latency_ms=411
2026-03-11 16:07:56.416  INFO 1 --- [io-12031-exec-9] order.controller.OrderController         : [PYTHIA_FINE_TRACE] service=ts-order-service endpoint=createOrder latency_ms=411
2026-03-11 16:07:56.724  INFO 1 --- [io-12031-exec-1] order.controller.OrderController         : [createNewOrder][Create Order][from shanghai to taiyuan at 1970-01-02 18:17:36]
2026-03-11 16:07:56.724  INFO 1 --- [io-12031-exec-1] order.service.OrderServiceImpl           : [create][Create Order][Ready to Create Order]
2026-03-11 16:07:56.823  INFO 1 --- [io-12031-exec-1] order.service.OrderServiceImpl           : [create][Order Create Success][Order Price][OrderId:1e409cc0-4cc0-4c5b-96dd-b8880ad2920e , Price: 0.0]
2026-03-11 16:07:56.823  INFO 1 --- [io-12031-exec-1] order.service.OrderServiceImpl           : [PYTHIA_FINE_TRACE] service=ts-order-service stage=service_create latency_ms=99
2026-03-11 16:07:56.823  INFO 1 --- [io-12031-exec-1] order.controller.OrderController         : [PYTHIA_FINE_TRACE] service=ts-order-service endpoint=createOrder latency_ms=99
2026-03-11 16:07:57.124  INFO 1 --- [io-12031-exec-3] order.controller.OrderController         : [createNewOrder][Create Order][from shanghai to taiyuan at 1970-01-02 18:17:36]
2026-03-11 16:07:57.124  INFO 1 --- [io-12031-exec-3] order.service.OrderServiceImpl           : [create][Create Order][Ready to Create Order]
2026-03-11 16:07:57.202  INFO 1 --- [io-12031-exec-3] order.service.OrderServiceImpl           : [create][Order Create Success][Order Price][OrderId:3ebe350a-26e7-4625-bacf-13b9dbdab6c3 , Price: 0.0]
2026-03-11 16:07:57.202  INFO 1 --- [io-12031-exec-3] order.service.OrderServiceImpl           : [PYTHIA_FINE_TRACE] service=ts-order-service stage=service_create latency_ms=78
2026-03-11 16:07:57.203  INFO 1 --- [io-12031-exec-3] order.controller.OrderController         : [PYTHIA_FINE_TRACE] service=ts-order-service endpoint=createOrder latency_ms=79
2026-03-11 16:07:57.521  INFO 1 --- [io-12031-exec-4] order.controller.OrderController         : [createNewOrder][Create Order][from shanghai to taiyuan at 1970-01-02 18:17:36]
2026-03-11 16:07:57.521  INFO 1 --- [io-12031-exec-4] order.service.OrderServiceImpl           : [create][Create Order][Ready to Create Order]
2026-03-11 16:07:57.562  INFO 1 --- [io-12031-exec-4] order.service.OrderServiceImpl           : [create][Order Create Success][Order Price][OrderId:6abe1d4e-d445-4026-a6ed-102ddad2059f , Price: 0.0]
2026-03-11 16:07:57.562  INFO 1 --- [io-12031-exec-4] order.service.OrderServiceImpl           : [PYTHIA_FINE_TRACE] service=ts-order-service stage=service_create latency_ms=41
2026-03-11 16:07:57.562  INFO 1 --- [io-12031-exec-4] order.controller.OrderController         : [PYTHIA_FINE_TRACE] service=ts-order-service endpoint=createOrder latency_ms=41
2026-03-11 16:07:57.888  INFO 1 --- [io-12031-exec-8] order.controller.OrderController         : [createNewOrder][Create Order][from shanghai to taiyuan at 1970-01-02 18:17:36]
2026-03-11 16:07:57.889  INFO 1 --- [io-12031-exec-8] order.service.OrderServiceImpl           : [create][Create Order][Ready to Create Order]
2026-03-11 16:07:58.189  INFO 1 --- [io-12031-exec-8] order.service.OrderServiceImpl           : [PYTHIA_DELAY] artificial_delay=300ms
2026-03-11 16:07:58.233  INFO 1 --- [io-12031-exec-8] order.service.OrderServiceImpl           : [create][Order Create Success][Order Price][OrderId:444f493a-7b62-4e5a-8ec3-3537b6a06201 , Price: 0.0]
2026-03-11 16:07:58.234  INFO 1 --- [io-12031-exec-8] order.service.OrderServiceImpl           : [PYTHIA_FINE_TRACE] service=ts-order-service stage=service_create latency_ms=345
2026-03-11 16:07:58.234  INFO 1 --- [io-12031-exec-8] order.controller.OrderController         : [PYTHIA_FINE_TRACE] service=ts-order-service endpoint=createOrder latency_ms=346
2026-03-11 16:07:58.521  INFO 1 --- [io-12031-exec-6] order.controller.OrderController         : [createNewOrder][Create Order][from shanghai to taiyuan at 1970-01-02 18:17:36]
2026-03-11 16:07:58.522  INFO 1 --- [io-12031-exec-6] order.service.OrderServiceImpl           : [create][Create Order][Ready to Create Order]
2026-03-11 16:07:58.607  INFO 1 --- [io-12031-exec-6] order.service.OrderServiceImpl           : [create][Order Create Success][Order Price][OrderId:61c69908-b0c8-414e-a7f7-9c745c28296f , Price: 0.0]
2026-03-11 16:07:58.607  INFO 1 --- [io-12031-exec-6] order.service.OrderServiceImpl           : [PYTHIA_FINE_TRACE] service=ts-order-service stage=service_create latency_ms=85
2026-03-11 16:07:58.607  INFO 1 --- [io-12031-exec-6] order.controller.OrderController         : [PYTHIA_FINE_TRACE] service=ts-order-service endpoint=createOrder latency_ms=86
2026-03-11 16:07:58.919  INFO 1 --- [io-12031-exec-7] order.controller.OrderController         : [createNewOrder][Create Order][from shanghai to taiyuan at 1970-01-02 18:17:36]
2026-03-11 16:07:58.920  INFO 1 --- [io-12031-exec-7] order.service.OrderServiceImpl           : [create][Create Order][Ready to Create Order]
2026-03-11 16:07:58.960  INFO 1 --- [io-12031-exec-7] order.service.OrderServiceImpl           : [create][Order Create Success][Order Price][OrderId:7ed3bd61-3c39-4197-aa18-3c605af27e19 , Price: 0.0]
2026-03-11 16:07:58.960  INFO 1 --- [io-12031-exec-7] order.service.OrderServiceImpl           : [PYTHIA_FINE_TRACE] service=ts-order-service stage=service_create latency_ms=40
2026-03-11 16:07:58.960  INFO 1 --- [io-12031-exec-7] order.controller.OrderController         : [PYTHIA_FINE_TRACE] service=ts-order-service endpoint=createOrder latency_ms=41
2026-03-11 16:07:59.236  INFO 1 --- [o-12031-exec-10] order.controller.OrderController         : [createNewOrder][Create Order][from shanghai to taiyuan at 1970-01-02 18:17:36]
2026-03-11 16:07:59.236  INFO 1 --- [o-12031-exec-10] order.service.OrderServiceImpl           : [create][Create Order][Ready to Create Order]
2026-03-11 16:07:59.302  INFO 1 --- [o-12031-exec-10] order.service.OrderServiceImpl           : [create][Order Create Success][Order Price][OrderId:f475e201-a4db-48cb-8f75-432682f91561 , Price: 0.0]
2026-03-11 16:07:59.302  INFO 1 --- [o-12031-exec-10] order.service.OrderServiceImpl           : [PYTHIA_FINE_TRACE] service=ts-order-service stage=service_create latency_ms=66
2026-03-11 16:07:59.302  INFO 1 --- [o-12031-exec-10] order.controller.OrderController         : [PYTHIA_FINE_TRACE] service=ts-order-service endpoint=createOrder latency_ms=66
2026-03-11 16:07:59.621  INFO 1 --- [io-12031-exec-2] order.controller.OrderController         : [createNewOrder][Create Order][from shanghai to taiyuan at 1970-01-02 18:17:36]
2026-03-11 16:07:59.622  INFO 1 --- [io-12031-exec-2] order.service.OrderServiceImpl           : [create][Create Order][Ready to Create Order]
2026-03-11 16:07:59.714  INFO 1 --- [io-12031-exec-2] order.service.OrderServiceImpl           : [create][Order Create Success][Order Price][OrderId:197c6cd4-5bc8-494b-bd8d-ed6e7a66f0ba , Price: 0.0]
2026-03-11 16:07:59.714  INFO 1 --- [io-12031-exec-2] order.service.OrderServiceImpl           : [PYTHIA_FINE_TRACE] service=ts-order-service stage=service_create latency_ms=92
2026-03-11 16:07:59.714  INFO 1 --- [io-12031-exec-2] order.controller.OrderController         : [PYTHIA_FINE_TRACE] service=ts-order-service endpoint=createOrder latency_ms=93
2026-03-11 16:08:00.020  INFO 1 --- [io-12031-exec-9] order.controller.OrderController         : [createNewOrder][Create Order][from shanghai to taiyuan at 1970-01-02 18:17:36]
2026-03-11 16:08:00.020  INFO 1 --- [io-12031-exec-9] order.service.OrderServiceImpl           : [create][Create Order][Ready to Create Order]
2026-03-11 16:08:00.102  INFO 1 --- [io-12031-exec-9] order.service.OrderServiceImpl           : [create][Order Create Success][Order Price][OrderId:1c8a68aa-6305-4816-93b6-1c19f7c0d868 , Price: 0.0]
2026-03-11 16:08:00.102  INFO 1 --- [io-12031-exec-9] order.service.OrderServiceImpl           : [PYTHIA_FINE_TRACE] service=ts-order-service stage=service_create latency_ms=82
2026-03-11 16:08:00.102  INFO 1 --- [io-12031-exec-9] order.controller.OrderController         : [PYTHIA_FINE_TRACE] service=ts-order-service endpoint=createOrder latency_ms=82
2026-03-11 16:08:00.424  INFO 1 --- [io-12031-exec-1] order.controller.OrderController         : [createNewOrder][Create Order][from shanghai to taiyuan at 1970-01-02 18:17:36]
2026-03-11 16:08:00.424  INFO 1 --- [io-12031-exec-1] order.service.OrderServiceImpl           : [create][Create Order][Ready to Create Order]
2026-03-11 16:08:00.464  INFO 1 --- [io-12031-exec-1] order.service.OrderServiceImpl           : [create][Order Create Success][Order Price][OrderId:b09ce389-767e-408d-af94-33d304b45361 , Price: 0.0]
2026-03-11 16:08:00.464  INFO 1 --- [io-12031-exec-1] order.service.OrderServiceImpl           : [PYTHIA_FINE_TRACE] service=ts-order-service stage=service_create latency_ms=40
2026-03-11 16:08:00.464  INFO 1 --- [io-12031-exec-1] order.controller.OrderController         : [PYTHIA_FINE_TRACE] service=ts-order-service endpoint=createOrder latency_ms=40
2026-03-11 16:08:00.781  INFO 1 --- [io-12031-exec-5] order.controller.OrderController         : [createNewOrder][Create Order][from shanghai to taiyuan at 1970-01-02 18:17:36]
2026-03-11 16:08:00.782  INFO 1 --- [io-12031-exec-5] order.service.OrderServiceImpl           : [create][Create Order][Ready to Create Order]
2026-03-11 16:08:00.832  INFO 1 --- [io-12031-exec-5] order.service.OrderServiceImpl           : [create][Order Create Success][Order Price][OrderId:2716fd56-a983-48bc-b899-b86660261e14 , Price: 0.0]
2026-03-11 16:08:00.832  INFO 1 --- [io-12031-exec-5] order.service.OrderServiceImpl           : [PYTHIA_FINE_TRACE] service=ts-order-service stage=service_create latency_ms=50
2026-03-11 16:08:00.832  INFO 1 --- [io-12031-exec-5] order.controller.OrderController         : [PYTHIA_FINE_TRACE] service=ts-order-service endpoint=createOrder latency_ms=51
2026-03-11 16:08:01.120  INFO 1 --- [io-12031-exec-3] order.controller.OrderController         : [createNewOrder][Create Order][from shanghai to taiyuan at 1970-01-02 18:17:36]
2026-03-11 16:08:01.120  INFO 1 --- [io-12031-exec-3] order.service.OrderServiceImpl           : [create][Create Order][Ready to Create Order]
2026-03-11 16:08:01.160  INFO 1 --- [io-12031-exec-3] order.service.OrderServiceImpl           : [create][Order Create Success][Order Price][OrderId:267afde4-b6d4-417b-8afe-632be881ac3d , Price: 0.0]
2026-03-11 16:08:01.161  INFO 1 --- [io-12031-exec-3] order.service.OrderServiceImpl           : [PYTHIA_FINE_TRACE] service=ts-order-service stage=service_create latency_ms=40
2026-03-11 16:08:01.161  INFO 1 --- [io-12031-exec-3] order.controller.OrderController         : [PYTHIA_FINE_TRACE] service=ts-order-service endpoint=createOrder latency_ms=41
2026-03-11 16:08:01.484  INFO 1 --- [io-12031-exec-4] order.controller.OrderController         : [createNewOrder][Create Order][from shanghai to taiyuan at 1970-01-02 18:17:36]
2026-03-11 16:08:01.484  INFO 1 --- [io-12031-exec-4] order.service.OrderServiceImpl           : [create][Create Order][Ready to Create Order]
2026-03-11 16:08:01.536  INFO 1 --- [io-12031-exec-4] order.service.OrderServiceImpl           : [create][Order Create Success][Order Price][OrderId:cf51e0c5-3083-40f5-8eee-5533a36ef29b , Price: 0.0]
2026-03-11 16:08:01.536  INFO 1 --- [io-12031-exec-4] order.service.OrderServiceImpl           : [PYTHIA_FINE_TRACE] service=ts-order-service stage=service_create latency_ms=52
2026-03-11 16:08:01.536  INFO 1 --- [io-12031-exec-4] order.controller.OrderController         : [PYTHIA_FINE_TRACE] service=ts-order-service endpoint=createOrder latency_ms=52
2026-03-11 16:08:01.832  INFO 1 --- [io-12031-exec-8] order.controller.OrderController         : [createNewOrder][Create Order][from shanghai to taiyuan at 1970-01-02 18:17:36]
2026-03-11 16:08:01.832  INFO 1 --- [io-12031-exec-8] order.service.OrderServiceImpl           : [create][Create Order][Ready to Create Order]
2026-03-11 16:08:01.908  INFO 1 --- [io-12031-exec-8] order.service.OrderServiceImpl           : [create][Order Create Success][Order Price][OrderId:08ef94dd-b47f-4248-a784-e678638eed4b , Price: 0.0]
2026-03-11 16:08:01.908  INFO 1 --- [io-12031-exec-8] order.service.OrderServiceImpl           : [PYTHIA_FINE_TRACE] service=ts-order-service stage=service_create latency_ms=76
2026-03-11 16:08:01.908  INFO 1 --- [io-12031-exec-8] order.controller.OrderController         : [PYTHIA_FINE_TRACE] service=ts-order-service endpoint=createOrder latency_ms=76
2026-03-11 16:08:02.284  INFO 1 --- [io-12031-exec-6] order.controller.OrderController         : [createNewOrder][Create Order][from shanghai to taiyuan at 1970-01-02 18:17:36]
2026-03-11 16:08:02.284  INFO 1 --- [io-12031-exec-6] order.service.OrderServiceImpl           : [create][Create Order][Ready to Create Order]
2026-03-11 16:08:02.337  INFO 1 --- [io-12031-exec-6] order.service.OrderServiceImpl           : [create][Order Create Success][Order Price][OrderId:0be76d7c-4bb5-414c-9afb-ee214445ded3 , Price: 0.0]
2026-03-11 16:08:02.337  INFO 1 --- [io-12031-exec-6] order.service.OrderServiceImpl           : [PYTHIA_FINE_TRACE] service=ts-order-service stage=service_create latency_ms=53
2026-03-11 16:08:02.337  INFO 1 --- [io-12031-exec-6] order.controller.OrderController         : [PYTHIA_FINE_TRACE] service=ts-order-service endpoint=createOrder latency_ms=53
2026-03-11 16:08:02.622  INFO 1 --- [io-12031-exec-7] order.controller.OrderController         : [createNewOrder][Create Order][from shanghai to taiyuan at 1970-01-02 18:17:36]
2026-03-11 16:08:02.622  INFO 1 --- [io-12031-exec-7] order.service.OrderServiceImpl           : [create][Create Order][Ready to Create Order]
2026-03-11 16:08:02.665  INFO 1 --- [io-12031-exec-7] order.service.OrderServiceImpl           : [create][Order Create Success][Order Price][OrderId:8c0f8e17-ba5a-49d9-b99a-5b3d5a998622 , Price: 0.0]
2026-03-11 16:08:02.665  INFO 1 --- [io-12031-exec-7] order.service.OrderServiceImpl           : [PYTHIA_FINE_TRACE] service=ts-order-service stage=service_create latency_ms=43
2026-03-11 16:08:02.665  INFO 1 --- [io-12031-exec-7] order.controller.OrderController         : [PYTHIA_FINE_TRACE] service=ts-order-service endpoint=createOrder latency_ms=43
2026-03-11 16:08:02.991  INFO 1 --- [o-12031-exec-10] order.controller.OrderController         : [createNewOrder][Create Order][from shanghai to taiyuan at 1970-01-02 18:17:36]
2026-03-11 16:08:02.992  INFO 1 --- [o-12031-exec-10] order.service.OrderServiceImpl           : [create][Create Order][Ready to Create Order]
2026-03-11 16:08:03.045  INFO 1 --- [o-12031-exec-10] order.service.OrderServiceImpl           : [create][Order Create Success][Order Price][OrderId:5e422754-2638-4898-89a9-0739bcd18c77 , Price: 0.0]
2026-03-11 16:08:03.045  INFO 1 --- [o-12031-exec-10] order.service.OrderServiceImpl           : [PYTHIA_FINE_TRACE] service=ts-order-service stage=service_create latency_ms=53
2026-03-11 16:08:03.045  INFO 1 --- [o-12031-exec-10] order.controller.OrderController         : [PYTHIA_FINE_TRACE] service=ts-order-service endpoint=createOrder latency_ms=54
2026-03-11 16:08:03.324  INFO 1 --- [io-12031-exec-2] order.controller.OrderController         : [createNewOrder][Create Order][from shanghai to taiyuan at 1970-01-02 18:17:36]
2026-03-11 16:08:03.324  INFO 1 --- [io-12031-exec-2] order.service.OrderServiceImpl           : [create][Create Order][Ready to Create Order]
2026-03-11 16:08:03.624  INFO 1 --- [io-12031-exec-2] order.service.OrderServiceImpl           : [PYTHIA_DELAY] artificial_delay=300ms
2026-03-11 16:08:03.669  INFO 1 --- [io-12031-exec-2] order.service.OrderServiceImpl           : [create][Order Create Success][Order Price][OrderId:e9db8f07-6417-43b2-b052-471cf78a02ca , Price: 0.0]
2026-03-11 16:08:03.669  INFO 1 --- [io-12031-exec-2] order.service.OrderServiceImpl           : [PYTHIA_FINE_TRACE] service=ts-order-service stage=service_create latency_ms=345
2026-03-11 16:08:03.669  INFO 1 --- [io-12031-exec-2] order.controller.OrderController         : [PYTHIA_FINE_TRACE] service=ts-order-service endpoint=createOrder latency_ms=345
2026-03-11 16:08:04.080  INFO 1 --- [io-12031-exec-9] order.controller.OrderController         : [createNewOrder][Create Order][from shanghai to taiyuan at 1970-01-02 18:17:36]
2026-03-11 16:08:04.080  INFO 1 --- [io-12031-exec-9] order.service.OrderServiceImpl           : [create][Create Order][Ready to Create Order]
2026-03-11 16:08:04.130  INFO 1 --- [io-12031-exec-9] order.service.OrderServiceImpl           : [create][Order Create Success][Order Price][OrderId:cecd97b6-96f6-4a78-bb1e-1e9e6c06e909 , Price: 0.0]
2026-03-11 16:08:04.130  INFO 1 --- [io-12031-exec-9] order.service.OrderServiceImpl           : [PYTHIA_FINE_TRACE] service=ts-order-service stage=service_create latency_ms=50
2026-03-11 16:08:04.130  INFO 1 --- [io-12031-exec-9] order.controller.OrderController         : [PYTHIA_FINE_TRACE] service=ts-order-service endpoint=createOrder latency_ms=50
2026-03-11 16:08:04.424  INFO 1 --- [io-12031-exec-1] order.controller.OrderController         : [createNewOrder][Create Order][from shanghai to taiyuan at 1970-01-02 18:17:36]
2026-03-11 16:08:04.424  INFO 1 --- [io-12031-exec-1] order.service.OrderServiceImpl           : [create][Create Order][Ready to Create Order]
2026-03-11 16:08:04.464  INFO 1 --- [io-12031-exec-1] order.service.OrderServiceImpl           : [create][Order Create Success][Order Price][OrderId:f3aa7810-1e5b-427a-874b-eee4b513e07d , Price: 0.0]
2026-03-11 16:08:04.464  INFO 1 --- [io-12031-exec-1] order.service.OrderServiceImpl           : [PYTHIA_FINE_TRACE] service=ts-order-service stage=service_create latency_ms=40
2026-03-11 16:08:04.464  INFO 1 --- [io-12031-exec-1] order.controller.OrderController         : [PYTHIA_FINE_TRACE] service=ts-order-service endpoint=createOrder latency_ms=40
2026-03-11 16:08:04.786  INFO 1 --- [io-12031-exec-5] order.controller.OrderController         : [createNewOrder][Create Order][from shanghai to taiyuan at 1970-01-02 18:17:36]
2026-03-11 16:08:04.786  INFO 1 --- [io-12031-exec-5] order.service.OrderServiceImpl           : [create][Create Order][Ready to Create Order]
2026-03-11 16:08:05.086  INFO 1 --- [io-12031-exec-5] order.service.OrderServiceImpl           : [PYTHIA_DELAY] artificial_delay=300ms
2026-03-11 16:08:05.137  INFO 1 --- [io-12031-exec-5] order.service.OrderServiceImpl           : [create][Order Create Success][Order Price][OrderId:c8115201-f05e-4c0c-b026-0eb7d0ef77e2 , Price: 0.0]
2026-03-11 16:08:05.138  INFO 1 --- [io-12031-exec-5] order.service.OrderServiceImpl           : [PYTHIA_FINE_TRACE] service=ts-order-service stage=service_create latency_ms=352
2026-03-11 16:08:05.138  INFO 1 --- [io-12031-exec-5] order.controller.OrderController         : [PYTHIA_FINE_TRACE] service=ts-order-service endpoint=createOrder latency_ms=352
2026-03-11 16:08:05.422  INFO 1 --- [io-12031-exec-3] order.controller.OrderController         : [createNewOrder][Create Order][from shanghai to taiyuan at 1970-01-02 18:17:36]
2026-03-11 16:08:05.422  INFO 1 --- [io-12031-exec-3] order.service.OrderServiceImpl           : [create][Create Order][Ready to Create Order]
2026-03-11 16:08:05.462  INFO 1 --- [io-12031-exec-3] order.service.OrderServiceImpl           : [create][Order Create Success][Order Price][OrderId:d9bad118-e9e4-4b95-b6df-853d6df76981 , Price: 0.0]
2026-03-11 16:08:05.462  INFO 1 --- [io-12031-exec-3] order.service.OrderServiceImpl           : [PYTHIA_FINE_TRACE] service=ts-order-service stage=service_create latency_ms=40
2026-03-11 16:08:05.462  INFO 1 --- [io-12031-exec-3] order.controller.OrderController         : [PYTHIA_FINE_TRACE] service=ts-order-service endpoint=createOrder latency_ms=40
2026-03-11 16:08:05.779  INFO 1 --- [io-12031-exec-4] order.controller.OrderController         : [createNewOrder][Create Order][from shanghai to taiyuan at 1970-01-02 18:17:36]
2026-03-11 16:08:05.779  INFO 1 --- [io-12031-exec-4] order.service.OrderServiceImpl           : [create][Create Order][Ready to Create Order]
2026-03-11 16:08:05.833  INFO 1 --- [io-12031-exec-4] order.service.OrderServiceImpl           : [create][Order Create Success][Order Price][OrderId:690d5e30-3e1b-493e-9a43-998743132a05 , Price: 0.0]
2026-03-11 16:08:05.833  INFO 1 --- [io-12031-exec-4] order.service.OrderServiceImpl           : [PYTHIA_FINE_TRACE] service=ts-order-service stage=service_create latency_ms=54
2026-03-11 16:08:05.833  INFO 1 --- [io-12031-exec-4] order.controller.OrderController         : [PYTHIA_FINE_TRACE] service=ts-order-service endpoint=createOrder latency_ms=54
2026-03-11 16:08:06.125  INFO 1 --- [io-12031-exec-8] order.controller.OrderController         : [createNewOrder][Create Order][from shanghai to taiyuan at 1970-01-02 18:17:36]
2026-03-11 16:08:06.125  INFO 1 --- [io-12031-exec-8] order.service.OrderServiceImpl           : [create][Create Order][Ready to Create Order]
2026-03-11 16:08:06.168  INFO 1 --- [io-12031-exec-8] order.service.OrderServiceImpl           : [create][Order Create Success][Order Price][OrderId:1713a14c-9580-4ab2-a745-783ca528a97f , Price: 0.0]
2026-03-11 16:08:06.168  INFO 1 --- [io-12031-exec-8] order.service.OrderServiceImpl           : [PYTHIA_FINE_TRACE] service=ts-order-service stage=service_create latency_ms=43
2026-03-11 16:08:06.168  INFO 1 --- [io-12031-exec-8] order.controller.OrderController         : [PYTHIA_FINE_TRACE] service=ts-order-service endpoint=createOrder latency_ms=43
2026-03-11 16:08:06.515  INFO 1 --- [io-12031-exec-6] order.controller.OrderController         : [createNewOrder][Create Order][from shanghai to taiyuan at 1970-01-02 18:17:36]
2026-03-11 16:08:06.515  INFO 1 --- [io-12031-exec-6] order.service.OrderServiceImpl           : [create][Create Order][Ready to Create Order]
2026-03-11 16:08:06.816  INFO 1 --- [io-12031-exec-6] order.service.OrderServiceImpl           : [PYTHIA_DELAY] artificial_delay=300ms
2026-03-11 16:08:06.909  INFO 1 --- [io-12031-exec-6] order.service.OrderServiceImpl           : [create][Order Create Success][Order Price][OrderId:3ce2b601-aaf6-4f96-a9bf-a8f02b7310bb , Price: 0.0]
2026-03-11 16:08:06.909  INFO 1 --- [io-12031-exec-6] order.service.OrderServiceImpl           : [PYTHIA_FINE_TRACE] service=ts-order-service stage=service_create latency_ms=394
2026-03-11 16:08:06.909  INFO 1 --- [io-12031-exec-6] order.controller.OrderController         : [PYTHIA_FINE_TRACE] service=ts-order-service endpoint=createOrder latency_ms=394
2026-03-11 16:08:07.224  INFO 1 --- [o-12031-exec-10] order.controller.OrderController         : [createNewOrder][Create Order][from shanghai to taiyuan at 1970-01-02 18:17:36]
2026-03-11 16:08:07.225  INFO 1 --- [o-12031-exec-10] order.service.OrderServiceImpl           : [create][Create Order][Ready to Create Order]
2026-03-11 16:08:07.267  INFO 1 --- [o-12031-exec-10] order.service.OrderServiceImpl           : [create][Order Create Success][Order Price][OrderId:31a9c988-9dec-4a3d-9d9d-eb0bb1513016 , Price: 0.0]
2026-03-11 16:08:07.268  INFO 1 --- [o-12031-exec-10] order.service.OrderServiceImpl           : [PYTHIA_FINE_TRACE] service=ts-order-service stage=service_create latency_ms=43
2026-03-11 16:08:07.268  INFO 1 --- [o-12031-exec-10] order.controller.OrderController         : [PYTHIA_FINE_TRACE] service=ts-order-service endpoint=createOrder latency_ms=44
2026-03-11 16:08:07.582  INFO 1 --- [io-12031-exec-2] order.controller.OrderController         : [createNewOrder][Create Order][from shanghai to taiyuan at 1970-01-02 18:17:36]
2026-03-11 16:08:07.583  INFO 1 --- [io-12031-exec-2] order.service.OrderServiceImpl           : [create][Create Order][Ready to Create Order]
2026-03-11 16:08:07.631  INFO 1 --- [io-12031-exec-2] order.service.OrderServiceImpl           : [create][Order Create Success][Order Price][OrderId:b5f66fe4-a337-4603-adf0-0b2e1c2ebfac , Price: 0.0]
2026-03-11 16:08:07.631  INFO 1 --- [io-12031-exec-2] order.service.OrderServiceImpl           : [PYTHIA_FINE_TRACE] service=ts-order-service stage=service_create latency_ms=49
2026-03-11 16:08:07.631  INFO 1 --- [io-12031-exec-2] order.controller.OrderController         : [PYTHIA_FINE_TRACE] service=ts-order-service endpoint=createOrder latency_ms=49
2026-03-11 16:08:07.929  INFO 1 --- [io-12031-exec-9] order.controller.OrderController         : [createNewOrder][Create Order][from shanghai to taiyuan at 1970-01-02 18:17:36]
2026-03-11 16:08:07.929  INFO 1 --- [io-12031-exec-9] order.service.OrderServiceImpl           : [create][Create Order][Ready to Create Order]
2026-03-11 16:08:08.229  INFO 1 --- [io-12031-exec-9] order.service.OrderServiceImpl           : [PYTHIA_DELAY] artificial_delay=300ms
2026-03-11 16:08:08.274  INFO 1 --- [io-12031-exec-9] order.service.OrderServiceImpl           : [create][Order Create Success][Order Price][OrderId:d6da00aa-658c-4cbc-9279-3d24237d9f4c , Price: 0.0]
2026-03-11 16:08:08.274  INFO 1 --- [io-12031-exec-9] order.service.OrderServiceImpl           : [PYTHIA_FINE_TRACE] service=ts-order-service stage=service_create latency_ms=345
2026-03-11 16:08:08.274  INFO 1 --- [io-12031-exec-9] order.controller.OrderController         : [PYTHIA_FINE_TRACE] service=ts-order-service endpoint=createOrder latency_ms=345
2026-03-11 16:08:08.605  INFO 1 --- [io-12031-exec-1] order.controller.OrderController         : [createNewOrder][Create Order][from shanghai to taiyuan at 1970-01-02 18:17:36]
2026-03-11 16:08:08.605  INFO 1 --- [io-12031-exec-1] order.service.OrderServiceImpl           : [create][Create Order][Ready to Create Order]
2026-03-11 16:08:08.711  INFO 1 --- [io-12031-exec-1] order.service.OrderServiceImpl           : [create][Order Create Success][Order Price][OrderId:b0c039d1-0882-4bfc-98e3-1bc5ee2eff70 , Price: 0.0]
2026-03-11 16:08:08.711  INFO 1 --- [io-12031-exec-1] order.service.OrderServiceImpl           : [PYTHIA_FINE_TRACE] service=ts-order-service stage=service_create latency_ms=106
2026-03-11 16:08:08.711  INFO 1 --- [io-12031-exec-1] order.controller.OrderController         : [PYTHIA_FINE_TRACE] service=ts-order-service endpoint=createOrder latency_ms=106
2026-03-11 16:08:09.026  INFO 1 --- [io-12031-exec-5] order.controller.OrderController         : [createNewOrder][Create Order][from shanghai to taiyuan at 1970-01-02 18:17:36]
2026-03-11 16:08:09.026  INFO 1 --- [io-12031-exec-5] order.service.OrderServiceImpl           : [create][Create Order][Ready to Create Order]
2026-03-11 16:08:09.067  INFO 1 --- [io-12031-exec-5] order.service.OrderServiceImpl           : [create][Order Create Success][Order Price][OrderId:e8c73931-d441-4709-9bf7-74354273940e , Price: 0.0]
2026-03-11 16:08:09.067  INFO 1 --- [io-12031-exec-5] order.service.OrderServiceImpl           : [PYTHIA_FINE_TRACE] service=ts-order-service stage=service_create latency_ms=41
2026-03-11 16:08:09.067  INFO 1 --- [io-12031-exec-5] order.controller.OrderController         : [PYTHIA_FINE_TRACE] service=ts-order-service endpoint=createOrder latency_ms=41
2026-03-11 16:08:09.384  INFO 1 --- [io-12031-exec-3] order.controller.OrderController         : [createNewOrder][Create Order][from shanghai to taiyuan at 1970-01-02 18:17:36]
2026-03-11 16:08:09.384  INFO 1 --- [io-12031-exec-3] order.service.OrderServiceImpl           : [create][Create Order][Ready to Create Order]
2026-03-11 16:08:09.684  INFO 1 --- [io-12031-exec-3] order.service.OrderServiceImpl           : [PYTHIA_DELAY] artificial_delay=300ms
2026-03-11 16:08:09.731  INFO 1 --- [io-12031-exec-3] order.service.OrderServiceImpl           : [create][Order Create Success][Order Price][OrderId:77f3fa79-0eaf-47f4-83a7-60d370c7758f , Price: 0.0]
2026-03-11 16:08:09.732  INFO 1 --- [io-12031-exec-3] order.service.OrderServiceImpl           : [PYTHIA_FINE_TRACE] service=ts-order-service stage=service_create latency_ms=348
2026-03-11 16:08:09.732  INFO 1 --- [io-12031-exec-3] order.controller.OrderController         : [PYTHIA_FINE_TRACE] service=ts-order-service endpoint=createOrder latency_ms=348
2026-03-11 16:08:10.021  INFO 1 --- [io-12031-exec-4] order.controller.OrderController         : [createNewOrder][Create Order][from shanghai to taiyuan at 1970-01-02 18:17:36]
2026-03-11 16:08:10.021  INFO 1 --- [io-12031-exec-4] order.service.OrderServiceImpl           : [create][Create Order][Ready to Create Order]
2026-03-11 16:08:10.062  INFO 1 --- [io-12031-exec-4] order.service.OrderServiceImpl           : [create][Order Create Success][Order Price][OrderId:ec483232-f5ff-4475-a530-74c76052737b , Price: 0.0]
2026-03-11 16:08:10.062  INFO 1 --- [io-12031-exec-4] order.service.OrderServiceImpl           : [PYTHIA_FINE_TRACE] service=ts-order-service stage=service_create latency_ms=41
2026-03-11 16:08:10.062  INFO 1 --- [io-12031-exec-4] order.controller.OrderController         : [PYTHIA_FINE_TRACE] service=ts-order-service endpoint=createOrder latency_ms=41
2026-03-11 16:08:10.382  INFO 1 --- [io-12031-exec-8] order.controller.OrderController         : [createNewOrder][Create Order][from shanghai to taiyuan at 1970-01-02 18:17:36]
2026-03-11 16:08:10.382  INFO 1 --- [io-12031-exec-8] order.service.OrderServiceImpl           : [create][Create Order][Ready to Create Order]
2026-03-11 16:08:10.430  INFO 1 --- [io-12031-exec-8] order.service.OrderServiceImpl           : [create][Order Create Success][Order Price][OrderId:8c865f8e-837d-4567-afc5-16b674faf4d7 , Price: 0.0]
2026-03-11 16:08:10.430  INFO 1 --- [io-12031-exec-8] order.service.OrderServiceImpl           : [PYTHIA_FINE_TRACE] service=ts-order-service stage=service_create latency_ms=48
2026-03-11 16:08:10.430  INFO 1 --- [io-12031-exec-8] order.controller.OrderController         : [PYTHIA_FINE_TRACE] service=ts-order-service endpoint=createOrder latency_ms=48
2026-03-11 16:08:10.724  INFO 1 --- [io-12031-exec-6] order.controller.OrderController         : [createNewOrder][Create Order][from shanghai to taiyuan at 1970-01-02 18:17:36]
2026-03-11 16:08:10.724  INFO 1 --- [io-12031-exec-6] order.service.OrderServiceImpl           : [create][Create Order][Ready to Create Order]
2026-03-11 16:08:10.764  INFO 1 --- [io-12031-exec-6] order.service.OrderServiceImpl           : [create][Order Create Success][Order Price][OrderId:0f354296-9cff-4b91-bee4-5e2af9de1ae7 , Price: 0.0]
2026-03-11 16:08:10.764  INFO 1 --- [io-12031-exec-6] order.service.OrderServiceImpl           : [PYTHIA_FINE_TRACE] service=ts-order-service stage=service_create latency_ms=40
2026-03-11 16:08:10.764  INFO 1 --- [io-12031-exec-6] order.controller.OrderController         : [PYTHIA_FINE_TRACE] service=ts-order-service endpoint=createOrder latency_ms=40
2026-03-11 16:08:11.088  INFO 1 --- [io-12031-exec-7] order.controller.OrderController         : [createNewOrder][Create Order][from shanghai to taiyuan at 1970-01-02 18:17:36]
2026-03-11 16:08:11.089  INFO 1 --- [io-12031-exec-7] order.service.OrderServiceImpl           : [create][Create Order][Ready to Create Order]
2026-03-11 16:08:11.389  INFO 1 --- [io-12031-exec-7] order.service.OrderServiceImpl           : [PYTHIA_DELAY] artificial_delay=300ms
2026-03-11 16:08:11.439  INFO 1 --- [io-12031-exec-7] order.service.OrderServiceImpl           : [create][Order Create Success][Order Price][OrderId:bce1b79b-6e73-4649-939e-07a188164c11 , Price: 0.0]
2026-03-11 16:08:11.439  INFO 1 --- [io-12031-exec-7] order.service.OrderServiceImpl           : [PYTHIA_FINE_TRACE] service=ts-order-service stage=service_create latency_ms=350
2026-03-11 16:08:11.439  INFO 1 --- [io-12031-exec-7] order.controller.OrderController         : [PYTHIA_FINE_TRACE] service=ts-order-service endpoint=createOrder latency_ms=351
2026-03-11 16:08:11.787  INFO 1 --- [o-12031-exec-10] order.controller.OrderController         : [createNewOrder][Create Order][from shanghai to taiyuan at 1970-01-02 18:17:36]
2026-03-11 16:08:11.787  INFO 1 --- [o-12031-exec-10] order.service.OrderServiceImpl           : [create][Create Order][Ready to Create Order]
2026-03-11 16:08:12.087  INFO 1 --- [o-12031-exec-10] order.service.OrderServiceImpl           : [PYTHIA_DELAY] artificial_delay=300ms
2026-03-11 16:08:12.128  INFO 1 --- [o-12031-exec-10] order.service.OrderServiceImpl           : [create][Order Create Success][Order Price][OrderId:903386cb-9586-483f-bb33-3e38d2ba39b5 , Price: 0.0]
2026-03-11 16:08:12.128  INFO 1 --- [o-12031-exec-10] order.service.OrderServiceImpl           : [PYTHIA_FINE_TRACE] service=ts-order-service stage=service_create latency_ms=341
2026-03-11 16:08:12.128  INFO 1 --- [o-12031-exec-10] order.controller.OrderController         : [PYTHIA_FINE_TRACE] service=ts-order-service endpoint=createOrder latency_ms=341
2026-03-11 16:08:12.485  INFO 1 --- [io-12031-exec-2] order.controller.OrderController         : [createNewOrder][Create Order][from shanghai to taiyuan at 1970-01-02 18:17:36]
2026-03-11 16:08:12.485  INFO 1 --- [io-12031-exec-2] order.service.OrderServiceImpl           : [create][Create Order][Ready to Create Order]
2026-03-11 16:08:12.785  INFO 1 --- [io-12031-exec-2] order.service.OrderServiceImpl           : [PYTHIA_DELAY] artificial_delay=300ms
2026-03-11 16:08:12.834  INFO 1 --- [io-12031-exec-2] order.service.OrderServiceImpl           : [create][Order Create Success][Order Price][OrderId:13006d48-8485-4f12-8039-fba17567ad9c , Price: 0.0]
2026-03-11 16:08:12.834  INFO 1 --- [io-12031-exec-2] order.service.OrderServiceImpl           : [PYTHIA_FINE_TRACE] service=ts-order-service stage=service_create latency_ms=349
2026-03-11 16:08:12.834  INFO 1 --- [io-12031-exec-2] order.controller.OrderController         : [PYTHIA_FINE_TRACE] service=ts-order-service endpoint=createOrder latency_ms=349
2026-03-11 16:08:13.196  INFO 1 --- [io-12031-exec-9] order.controller.OrderController         : [createNewOrder][Create Order][from shanghai to taiyuan at 1970-01-02 18:17:36]
2026-03-11 16:08:13.196  INFO 1 --- [io-12031-exec-9] order.service.OrderServiceImpl           : [create][Create Order][Ready to Create Order]
2026-03-11 16:08:13.237  INFO 1 --- [io-12031-exec-9] order.service.OrderServiceImpl           : [create][Order Create Success][Order Price][OrderId:004b9dbe-f46c-4d1a-a9d1-9087c28300de , Price: 0.0]
2026-03-11 16:08:13.237  INFO 1 --- [io-12031-exec-9] order.service.OrderServiceImpl           : [PYTHIA_FINE_TRACE] service=ts-order-service stage=service_create latency_ms=41
2026-03-11 16:08:13.237  INFO 1 --- [io-12031-exec-9] order.controller.OrderController         : [PYTHIA_FINE_TRACE] service=ts-order-service endpoint=createOrder latency_ms=41
2026-03-11 16:08:13.525  INFO 1 --- [io-12031-exec-1] order.controller.OrderController         : [createNewOrder][Create Order][from shanghai to taiyuan at 1970-01-02 18:17:36]
2026-03-11 16:08:13.525  INFO 1 --- [io-12031-exec-1] order.service.OrderServiceImpl           : [create][Create Order][Ready to Create Order]
2026-03-11 16:08:13.825  INFO 1 --- [io-12031-exec-1] order.service.OrderServiceImpl           : [PYTHIA_DELAY] artificial_delay=300ms
2026-03-11 16:08:13.872  INFO 1 --- [io-12031-exec-1] order.service.OrderServiceImpl           : [create][Order Create Success][Order Price][OrderId:eca40610-c43f-4548-ae92-30d71a21f15e , Price: 0.0]
2026-03-11 16:08:13.872  INFO 1 --- [io-12031-exec-1] order.service.OrderServiceImpl           : [PYTHIA_FINE_TRACE] service=ts-order-service stage=service_create latency_ms=347
2026-03-11 16:08:13.872  INFO 1 --- [io-12031-exec-1] order.controller.OrderController         : [PYTHIA_FINE_TRACE] service=ts-order-service endpoint=createOrder latency_ms=347
2026-03-11 16:08:14.309  INFO 1 --- [io-12031-exec-5] order.controller.OrderController         : [createNewOrder][Create Order][from shanghai to taiyuan at 1970-01-02 18:17:36]
2026-03-11 16:08:14.309  INFO 1 --- [io-12031-exec-5] order.service.OrderServiceImpl           : [create][Create Order][Ready to Create Order]
2026-03-11 16:08:14.402  INFO 1 --- [io-12031-exec-5] order.service.OrderServiceImpl           : [create][Order Create Success][Order Price][OrderId:118f69b7-3efe-4929-98eb-ccb6c7c46ac3 , Price: 0.0]
2026-03-11 16:08:14.402  INFO 1 --- [io-12031-exec-5] order.service.OrderServiceImpl           : [PYTHIA_FINE_TRACE] service=ts-order-service stage=service_create latency_ms=93
2026-03-11 16:08:14.402  INFO 1 --- [io-12031-exec-5] order.controller.OrderController         : [PYTHIA_FINE_TRACE] service=ts-order-service endpoint=createOrder latency_ms=93
2026-03-11 16:08:14.717  INFO 1 --- [io-12031-exec-3] order.controller.OrderController         : [createNewOrder][Create Order][from shanghai to taiyuan at 1970-01-02 18:17:36]
2026-03-11 16:08:14.717  INFO 1 --- [io-12031-exec-3] order.service.OrderServiceImpl           : [create][Create Order][Ready to Create Order]
2026-03-11 16:08:14.821  INFO 1 --- [io-12031-exec-3] order.service.OrderServiceImpl           : [create][Order Create Success][Order Price][OrderId:9c880db5-6ad5-40c2-a408-e7fa9aa5d33d , Price: 0.0]
2026-03-11 16:08:14.821  INFO 1 --- [io-12031-exec-3] order.service.OrderServiceImpl           : [PYTHIA_FINE_TRACE] service=ts-order-service stage=service_create latency_ms=104
2026-03-11 16:08:14.821  INFO 1 --- [io-12031-exec-3] order.controller.OrderController         : [PYTHIA_FINE_TRACE] service=ts-order-service endpoint=createOrder latency_ms=104
2026-03-11 16:08:15.120  INFO 1 --- [io-12031-exec-4] order.controller.OrderController         : [createNewOrder][Create Order][from shanghai to taiyuan at 1970-01-02 18:17:36]
2026-03-11 16:08:15.120  INFO 1 --- [io-12031-exec-4] order.service.OrderServiceImpl           : [create][Create Order][Ready to Create Order]
2026-03-11 16:08:15.318  INFO 1 --- [io-12031-exec-4] order.service.OrderServiceImpl           : [create][Order Create Success][Order Price][OrderId:8e060e9e-b728-4142-a551-77f77307d848 , Price: 0.0]
2026-03-11 16:08:15.318  INFO 1 --- [io-12031-exec-4] order.service.OrderServiceImpl           : [PYTHIA_FINE_TRACE] service=ts-order-service stage=service_create latency_ms=198
2026-03-11 16:08:15.318  INFO 1 --- [io-12031-exec-4] order.controller.OrderController         : [PYTHIA_FINE_TRACE] service=ts-order-service endpoint=createOrder latency_ms=198
2026-03-11 16:08:15.621  INFO 1 --- [io-12031-exec-8] order.controller.OrderController         : [createNewOrder][Create Order][from shanghai to taiyuan at 1970-01-02 18:17:36]
2026-03-11 16:08:15.621  INFO 1 --- [io-12031-exec-8] order.service.OrderServiceImpl           : [create][Create Order][Ready to Create Order]
2026-03-11 16:08:15.725  INFO 1 --- [io-12031-exec-8] order.service.OrderServiceImpl           : [create][Order Create Success][Order Price][OrderId:1f645113-e360-4592-9c98-f27351201dac , Price: 0.0]
2026-03-11 16:08:15.726  INFO 1 --- [io-12031-exec-8] order.service.OrderServiceImpl           : [PYTHIA_FINE_TRACE] service=ts-order-service stage=service_create latency_ms=105
2026-03-11 16:08:15.726  INFO 1 --- [io-12031-exec-8] order.controller.OrderController         : [PYTHIA_FINE_TRACE] service=ts-order-service endpoint=createOrder latency_ms=105
2026-03-11 16:08:16.025  INFO 1 --- [io-12031-exec-6] order.controller.OrderController         : [createNewOrder][Create Order][from shanghai to taiyuan at 1970-01-02 18:17:36]
2026-03-11 16:08:16.025  INFO 1 --- [io-12031-exec-6] order.service.OrderServiceImpl           : [create][Create Order][Ready to Create Order]
2026-03-11 16:08:16.214  INFO 1 --- [io-12031-exec-6] order.service.OrderServiceImpl           : [create][Order Create Success][Order Price][OrderId:9129848c-a724-47e9-bac4-d5d134e09573 , Price: 0.0]
2026-03-11 16:08:16.214  INFO 1 --- [io-12031-exec-6] order.service.OrderServiceImpl           : [PYTHIA_FINE_TRACE] service=ts-order-service stage=service_create latency_ms=189
2026-03-11 16:08:16.214  INFO 1 --- [io-12031-exec-6] order.controller.OrderController         : [PYTHIA_FINE_TRACE] service=ts-order-service endpoint=createOrder latency_ms=189
2026-03-11 16:08:16.523  INFO 1 --- [io-12031-exec-7] order.controller.OrderController         : [createNewOrder][Create Order][from shanghai to taiyuan at 1970-01-02 18:17:36]
2026-03-11 16:08:16.523  INFO 1 --- [io-12031-exec-7] order.service.OrderServiceImpl           : [create][Create Order][Ready to Create Order]
2026-03-11 16:08:16.823  INFO 1 --- [io-12031-exec-7] order.service.OrderServiceImpl           : [PYTHIA_DELAY] artificial_delay=300ms
2026-03-11 16:08:16.864  INFO 1 --- [io-12031-exec-7] order.service.OrderServiceImpl           : [create][Order Create Success][Order Price][OrderId:87dbfc73-6c46-41f9-9609-b5f9d4eaf587 , Price: 0.0]
2026-03-11 16:08:16.864  INFO 1 --- [io-12031-exec-7] order.service.OrderServiceImpl           : [PYTHIA_FINE_TRACE] service=ts-order-service stage=service_create latency_ms=341
2026-03-11 16:08:16.864  INFO 1 --- [io-12031-exec-7] order.controller.OrderController         : [PYTHIA_FINE_TRACE] service=ts-order-service endpoint=createOrder latency_ms=341
2026-03-11 16:08:17.208  INFO 1 --- [io-12031-exec-2] order.controller.OrderController         : [createNewOrder][Create Order][from shanghai to taiyuan at 1970-01-02 18:17:36]
2026-03-11 16:08:17.208  INFO 1 --- [io-12031-exec-2] order.service.OrderServiceImpl           : [create][Create Order][Ready to Create Order]
2026-03-11 16:08:17.309  INFO 1 --- [io-12031-exec-2] order.service.OrderServiceImpl           : [create][Order Create Success][Order Price][OrderId:df94e1b0-7df2-4d1e-99f3-ba3a382f0ff7 , Price: 0.0]
2026-03-11 16:08:17.309  INFO 1 --- [io-12031-exec-2] order.service.OrderServiceImpl           : [PYTHIA_FINE_TRACE] service=ts-order-service stage=service_create latency_ms=101
2026-03-11 16:08:17.309  INFO 1 --- [io-12031-exec-2] order.controller.OrderController         : [PYTHIA_FINE_TRACE] service=ts-order-service endpoint=createOrder latency_ms=101
2026-03-11 16:08:17.686  INFO 1 --- [io-12031-exec-9] order.controller.OrderController         : [createNewOrder][Create Order][from shanghai to taiyuan at 1970-01-02 18:17:36]
2026-03-11 16:08:17.686  INFO 1 --- [io-12031-exec-9] order.service.OrderServiceImpl           : [create][Create Order][Ready to Create Order]
2026-03-11 16:08:17.731  INFO 1 --- [io-12031-exec-9] order.service.OrderServiceImpl           : [create][Order Create Success][Order Price][OrderId:36fd7949-d969-451d-9657-a2e9318af919 , Price: 0.0]
2026-03-11 16:08:17.731  INFO 1 --- [io-12031-exec-9] order.service.OrderServiceImpl           : [PYTHIA_FINE_TRACE] service=ts-order-service stage=service_create latency_ms=45
2026-03-11 16:08:17.731  INFO 1 --- [io-12031-exec-9] order.controller.OrderController         : [PYTHIA_FINE_TRACE] service=ts-order-service endpoint=createOrder latency_ms=45
2026-03-11 16:08:18.087  INFO 1 --- [io-12031-exec-1] order.controller.OrderController         : [createNewOrder][Create Order][from shanghai to taiyuan at 1970-01-02 18:17:36]
2026-03-11 16:08:18.087  INFO 1 --- [io-12031-exec-1] order.service.OrderServiceImpl           : [create][Create Order][Ready to Create Order]
2026-03-11 16:08:18.387  INFO 1 --- [io-12031-exec-1] order.service.OrderServiceImpl           : [PYTHIA_DELAY] artificial_delay=300ms
2026-03-11 16:08:18.506  INFO 1 --- [io-12031-exec-1] order.service.OrderServiceImpl           : [create][Order Create Success][Order Price][OrderId:c34fc225-42be-4332-8bed-b3a263944969 , Price: 0.0]
2026-03-11 16:08:18.506  INFO 1 --- [io-12031-exec-1] order.service.OrderServiceImpl           : [PYTHIA_FINE_TRACE] service=ts-order-service stage=service_create latency_ms=419
2026-03-11 16:08:18.506  INFO 1 --- [io-12031-exec-1] order.controller.OrderController         : [PYTHIA_FINE_TRACE] service=ts-order-service endpoint=createOrder latency_ms=419
2026-03-11 16:08:18.892  INFO 1 --- [io-12031-exec-5] order.controller.OrderController         : [createNewOrder][Create Order][from shanghai to taiyuan at 1970-01-02 18:17:36]
2026-03-11 16:08:18.892  INFO 1 --- [io-12031-exec-5] order.service.OrderServiceImpl           : [create][Create Order][Ready to Create Order]
2026-03-11 16:08:18.931  INFO 1 --- [io-12031-exec-5] order.service.OrderServiceImpl           : [create][Order Create Success][Order Price][OrderId:e2d3bfac-d18f-45d1-97c1-7d745f666b4c , Price: 0.0]
2026-03-11 16:08:18.931  INFO 1 --- [io-12031-exec-5] order.service.OrderServiceImpl           : [PYTHIA_FINE_TRACE] service=ts-order-service stage=service_create latency_ms=39
2026-03-11 16:08:18.931  INFO 1 --- [io-12031-exec-5] order.controller.OrderController         : [PYTHIA_FINE_TRACE] service=ts-order-service endpoint=createOrder latency_ms=39
2026-03-11 16:08:19.227  INFO 1 --- [io-12031-exec-3] order.controller.OrderController         : [createNewOrder][Create Order][from shanghai to taiyuan at 1970-01-02 18:17:36]
2026-03-11 16:08:19.227  INFO 1 --- [io-12031-exec-3] order.service.OrderServiceImpl           : [create][Create Order][Ready to Create Order]
2026-03-11 16:08:19.307  INFO 1 --- [io-12031-exec-3] order.service.OrderServiceImpl           : [create][Order Create Success][Order Price][OrderId:8dd89717-6742-4c30-8fcb-38205b124fcb , Price: 0.0]
2026-03-11 16:08:19.307  INFO 1 --- [io-12031-exec-3] order.service.OrderServiceImpl           : [PYTHIA_FINE_TRACE] service=ts-order-service stage=service_create latency_ms=80
2026-03-11 16:08:19.307  INFO 1 --- [io-12031-exec-3] order.controller.OrderController         : [PYTHIA_FINE_TRACE] service=ts-order-service endpoint=createOrder latency_ms=80
2026-03-11 16:08:19.624  INFO 1 --- [io-12031-exec-4] order.controller.OrderController         : [createNewOrder][Create Order][from shanghai to taiyuan at 1970-01-02 18:17:36]
2026-03-11 16:08:19.624  INFO 1 --- [io-12031-exec-4] order.service.OrderServiceImpl           : [create][Create Order][Ready to Create Order]
2026-03-11 16:08:19.713  INFO 1 --- [io-12031-exec-4] order.service.OrderServiceImpl           : [create][Order Create Success][Order Price][OrderId:4bbbb11b-dffd-4b91-a76f-65814b46c58d , Price: 0.0]
2026-03-11 16:08:19.713  INFO 1 --- [io-12031-exec-4] order.service.OrderServiceImpl           : [PYTHIA_FINE_TRACE] service=ts-order-service stage=service_create latency_ms=89
2026-03-11 16:08:19.713  INFO 1 --- [io-12031-exec-4] order.controller.OrderController         : [PYTHIA_FINE_TRACE] service=ts-order-service endpoint=createOrder latency_ms=89
2026-03-11 16:08:20.021  INFO 1 --- [io-12031-exec-8] order.controller.OrderController         : [createNewOrder][Create Order][from shanghai to taiyuan at 1970-01-02 18:17:36]
2026-03-11 16:08:20.021  INFO 1 --- [io-12031-exec-8] order.service.OrderServiceImpl           : [create][Create Order][Ready to Create Order]
2026-03-11 16:08:20.071  INFO 1 --- [io-12031-exec-8] order.service.OrderServiceImpl           : [create][Order Create Success][Order Price][OrderId:e97d2632-7885-44da-b4e5-8a105782de01 , Price: 0.0]
2026-03-11 16:08:20.071  INFO 1 --- [io-12031-exec-8] order.service.OrderServiceImpl           : [PYTHIA_FINE_TRACE] service=ts-order-service stage=service_create latency_ms=50
2026-03-11 16:08:20.071  INFO 1 --- [io-12031-exec-8] order.controller.OrderController         : [PYTHIA_FINE_TRACE] service=ts-order-service endpoint=createOrder latency_ms=50
2026-03-11 16:08:20.407  INFO 1 --- [io-12031-exec-6] order.controller.OrderController         : [createNewOrder][Create Order][from shanghai to taiyuan at 1970-01-02 18:17:36]
2026-03-11 16:08:20.407  INFO 1 --- [io-12031-exec-6] order.service.OrderServiceImpl           : [create][Create Order][Ready to Create Order]
2026-03-11 16:08:20.449  INFO 1 --- [io-12031-exec-6] order.service.OrderServiceImpl           : [create][Order Create Success][Order Price][OrderId:879d7685-753f-4bc8-8601-7ee9b6eefb14 , Price: 0.0]
2026-03-11 16:08:20.450  INFO 1 --- [io-12031-exec-6] order.service.OrderServiceImpl           : [PYTHIA_FINE_TRACE] service=ts-order-service stage=service_create latency_ms=43
2026-03-11 16:08:20.450  INFO 1 --- [io-12031-exec-6] order.controller.OrderController         : [PYTHIA_FINE_TRACE] service=ts-order-service endpoint=createOrder latency_ms=43
2026-03-11 16:08:20.760  INFO 1 --- [io-12031-exec-7] order.controller.OrderController         : [createNewOrder][Create Order][from shanghai to taiyuan at 1970-01-02 18:17:36]
2026-03-11 16:08:20.760  INFO 1 --- [io-12031-exec-7] order.service.OrderServiceImpl           : [create][Create Order][Ready to Create Order]
2026-03-11 16:08:20.808  INFO 1 --- [io-12031-exec-7] order.service.OrderServiceImpl           : [create][Order Create Success][Order Price][OrderId:c645d739-39db-4774-b1af-75126e9a1f63 , Price: 0.0]
2026-03-11 16:08:20.808  INFO 1 --- [io-12031-exec-7] order.service.OrderServiceImpl           : [PYTHIA_FINE_TRACE] service=ts-order-service stage=service_create latency_ms=48
2026-03-11 16:08:20.808  INFO 1 --- [io-12031-exec-7] order.controller.OrderController         : [PYTHIA_FINE_TRACE] service=ts-order-service endpoint=createOrder latency_ms=48
2026-03-11 16:08:21.160  INFO 1 --- [o-12031-exec-10] order.controller.OrderController         : [createNewOrder][Create Order][from shanghai to taiyuan at 1970-01-02 18:17:36]
2026-03-11 16:08:21.160  INFO 1 --- [o-12031-exec-10] order.service.OrderServiceImpl           : [create][Create Order][Ready to Create Order]
2026-03-11 16:08:21.202  INFO 1 --- [o-12031-exec-10] order.service.OrderServiceImpl           : [create][Order Create Success][Order Price][OrderId:d30b48c4-58d6-43cc-a50e-72f7aae903ef , Price: 0.0]
2026-03-11 16:08:21.202  INFO 1 --- [o-12031-exec-10] order.service.OrderServiceImpl           : [PYTHIA_FINE_TRACE] service=ts-order-service stage=service_create latency_ms=42
2026-03-11 16:08:21.202  INFO 1 --- [o-12031-exec-10] order.controller.OrderController         : [PYTHIA_FINE_TRACE] service=ts-order-service endpoint=createOrder latency_ms=42
2026-03-11 16:08:21.584  INFO 1 --- [io-12031-exec-2] order.controller.OrderController         : [createNewOrder][Create Order][from shanghai to taiyuan at 1970-01-02 18:17:36]
2026-03-11 16:08:21.584  INFO 1 --- [io-12031-exec-2] order.service.OrderServiceImpl           : [create][Create Order][Ready to Create Order]
2026-03-11 16:08:21.884  INFO 1 --- [io-12031-exec-2] order.service.OrderServiceImpl           : [PYTHIA_DELAY] artificial_delay=300ms
2026-03-11 16:08:21.935  INFO 1 --- [io-12031-exec-2] order.service.OrderServiceImpl           : [create][Order Create Success][Order Price][OrderId:a5472fe6-b297-4f5b-990a-8a7237195645 , Price: 0.0]
2026-03-11 16:08:21.935  INFO 1 --- [io-12031-exec-2] order.service.OrderServiceImpl           : [PYTHIA_FINE_TRACE] service=ts-order-service stage=service_create latency_ms=351
2026-03-11 16:08:21.935  INFO 1 --- [io-12031-exec-2] order.controller.OrderController         : [PYTHIA_FINE_TRACE] service=ts-order-service endpoint=createOrder latency_ms=351
2026-03-11 16:08:22.262  INFO 1 --- [io-12031-exec-9] order.controller.OrderController         : [createNewOrder][Create Order][from shanghai to taiyuan at 1970-01-02 18:17:36]
2026-03-11 16:08:22.262  INFO 1 --- [io-12031-exec-9] order.service.OrderServiceImpl           : [create][Create Order][Ready to Create Order]
2026-03-11 16:08:22.563  INFO 1 --- [io-12031-exec-9] order.service.OrderServiceImpl           : [PYTHIA_DELAY] artificial_delay=300ms
2026-03-11 16:08:22.605  INFO 1 --- [io-12031-exec-9] order.service.OrderServiceImpl           : [create][Order Create Success][Order Price][OrderId:15a23676-3340-4e00-b55c-1f22835cf73a , Price: 0.0]
2026-03-11 16:08:22.606  INFO 1 --- [io-12031-exec-9] order.service.OrderServiceImpl           : [PYTHIA_FINE_TRACE] service=ts-order-service stage=service_create latency_ms=344
2026-03-11 16:08:22.606  INFO 1 --- [io-12031-exec-9] order.controller.OrderController         : [PYTHIA_FINE_TRACE] service=ts-order-service endpoint=createOrder latency_ms=344
2026-03-11 16:08:22.924  INFO 1 --- [io-12031-exec-1] order.controller.OrderController         : [createNewOrder][Create Order][from shanghai to taiyuan at 1970-01-02 18:17:36]
2026-03-11 16:08:22.925  INFO 1 --- [io-12031-exec-1] order.service.OrderServiceImpl           : [create][Create Order][Ready to Create Order]
2026-03-11 16:08:23.225  INFO 1 --- [io-12031-exec-1] order.service.OrderServiceImpl           : [PYTHIA_DELAY] artificial_delay=300ms
2026-03-11 16:08:23.274  INFO 1 --- [io-12031-exec-1] order.service.OrderServiceImpl           : [create][Order Create Success][Order Price][OrderId:241a8c04-5a32-4603-b965-86be7fd4a754 , Price: 0.0]
2026-03-11 16:08:23.274  INFO 1 --- [io-12031-exec-1] order.service.OrderServiceImpl           : [PYTHIA_FINE_TRACE] service=ts-order-service stage=service_create latency_ms=349
2026-03-11 16:08:23.274  INFO 1 --- [io-12031-exec-1] order.controller.OrderController         : [PYTHIA_FINE_TRACE] service=ts-order-service endpoint=createOrder latency_ms=350
2026-03-11 16:08:23.599  INFO 1 --- [io-12031-exec-5] order.controller.OrderController         : [createNewOrder][Create Order][from shanghai to taiyuan at 1970-01-02 18:17:36]
2026-03-11 16:08:23.599  INFO 1 --- [io-12031-exec-5] order.service.OrderServiceImpl           : [create][Create Order][Ready to Create Order]
2026-03-11 16:08:23.713  INFO 1 --- [io-12031-exec-5] order.service.OrderServiceImpl           : [create][Order Create Success][Order Price][OrderId:98032c20-b994-4455-8df3-fff0c9e93bc9 , Price: 0.0]
2026-03-11 16:08:23.714  INFO 1 --- [io-12031-exec-5] order.service.OrderServiceImpl           : [PYTHIA_FINE_TRACE] service=ts-order-service stage=service_create latency_ms=115
2026-03-11 16:08:23.714  INFO 1 --- [io-12031-exec-5] order.controller.OrderController         : [PYTHIA_FINE_TRACE] service=ts-order-service endpoint=createOrder latency_ms=115
2026-03-11 16:08:24.022  INFO 1 --- [io-12031-exec-3] order.controller.OrderController         : [createNewOrder][Create Order][from shanghai to taiyuan at 1970-01-02 18:17:36]
2026-03-11 16:08:24.022  INFO 1 --- [io-12031-exec-3] order.service.OrderServiceImpl           : [create][Create Order][Ready to Create Order]
2026-03-11 16:08:24.102  INFO 1 --- [io-12031-exec-3] order.service.OrderServiceImpl           : [create][Order Create Success][Order Price][OrderId:a9ea530a-c457-4ae4-8043-bc90ee041be2 , Price: 0.0]
2026-03-11 16:08:24.102  INFO 1 --- [io-12031-exec-3] order.service.OrderServiceImpl           : [PYTHIA_FINE_TRACE] service=ts-order-service stage=service_create latency_ms=80
2026-03-11 16:08:24.102  INFO 1 --- [io-12031-exec-3] order.controller.OrderController         : [PYTHIA_FINE_TRACE] service=ts-order-service endpoint=createOrder latency_ms=80
2026-03-11 16:08:24.486  INFO 1 --- [io-12031-exec-4] order.controller.OrderController         : [createNewOrder][Create Order][from shanghai to taiyuan at 1970-01-02 18:17:36]
2026-03-11 16:08:24.486  INFO 1 --- [io-12031-exec-4] order.service.OrderServiceImpl           : [create][Create Order][Ready to Create Order]
2026-03-11 16:08:24.531  INFO 1 --- [io-12031-exec-4] order.service.OrderServiceImpl           : [create][Order Create Success][Order Price][OrderId:27a1cd33-a4bc-4153-9148-55443fdd2dc4 , Price: 0.0]
2026-03-11 16:08:24.531  INFO 1 --- [io-12031-exec-4] order.service.OrderServiceImpl           : [PYTHIA_FINE_TRACE] service=ts-order-service stage=service_create latency_ms=45
2026-03-11 16:08:24.531  INFO 1 --- [io-12031-exec-4] order.controller.OrderController         : [PYTHIA_FINE_TRACE] service=ts-order-service endpoint=createOrder latency_ms=45
2026-03-11 16:08:24.828  INFO 1 --- [io-12031-exec-8] order.controller.OrderController         : [createNewOrder][Create Order][from shanghai to taiyuan at 1970-01-02 18:17:36]
2026-03-11 16:08:24.828  INFO 1 --- [io-12031-exec-8] order.service.OrderServiceImpl           : [create][Create Order][Ready to Create Order]
2026-03-11 16:08:25.129  INFO 1 --- [io-12031-exec-8] order.service.OrderServiceImpl           : [PYTHIA_DELAY] artificial_delay=300ms
2026-03-11 16:08:25.175  INFO 1 --- [io-12031-exec-8] order.service.OrderServiceImpl           : [create][Order Create Success][Order Price][OrderId:6330fd96-d22b-4c8a-9375-23147dfe495f , Price: 0.0]
2026-03-11 16:08:25.175  INFO 1 --- [io-12031-exec-8] order.service.OrderServiceImpl           : [PYTHIA_FINE_TRACE] service=ts-order-service stage=service_create latency_ms=347
2026-03-11 16:08:25.175  INFO 1 --- [io-12031-exec-8] order.controller.OrderController         : [PYTHIA_FINE_TRACE] service=ts-order-service endpoint=createOrder latency_ms=347
2026-03-11 16:08:25.521  INFO 1 --- [io-12031-exec-6] order.controller.OrderController         : [createNewOrder][Create Order][from shanghai to taiyuan at 1970-01-02 18:17:36]
2026-03-11 16:08:25.521  INFO 1 --- [io-12031-exec-6] order.service.OrderServiceImpl           : [create][Create Order][Ready to Create Order]
2026-03-11 16:08:25.563  INFO 1 --- [io-12031-exec-6] order.service.OrderServiceImpl           : [create][Order Create Success][Order Price][OrderId:c7f33ee0-8d4b-4efe-8528-dec9dd49eb22 , Price: 0.0]
2026-03-11 16:08:25.563  INFO 1 --- [io-12031-exec-6] order.service.OrderServiceImpl           : [PYTHIA_FINE_TRACE] service=ts-order-service stage=service_create latency_ms=42
2026-03-11 16:08:25.563  INFO 1 --- [io-12031-exec-6] order.controller.OrderController         : [PYTHIA_FINE_TRACE] service=ts-order-service endpoint=createOrder latency_ms=42
2026-03-11 16:08:25.878  INFO 1 --- [io-12031-exec-7] order.controller.OrderController         : [createNewOrder][Create Order][from shanghai to taiyuan at 1970-01-02 18:17:36]
2026-03-11 16:08:25.878  INFO 1 --- [io-12031-exec-7] order.service.OrderServiceImpl           : [create][Create Order][Ready to Create Order]
2026-03-11 16:08:25.926  INFO 1 --- [io-12031-exec-7] order.service.OrderServiceImpl           : [create][Order Create Success][Order Price][OrderId:c1b2d33d-9782-46cb-8087-50a2425cabc9 , Price: 0.0]
2026-03-11 16:08:25.926  INFO 1 --- [io-12031-exec-7] order.service.OrderServiceImpl           : [PYTHIA_FINE_TRACE] service=ts-order-service stage=service_create latency_ms=48
2026-03-11 16:08:25.926  INFO 1 --- [io-12031-exec-7] order.controller.OrderController         : [PYTHIA_FINE_TRACE] service=ts-order-service endpoint=createOrder latency_ms=48
2026-03-11 16:08:26.278  INFO 1 --- [o-12031-exec-10] order.controller.OrderController         : [createNewOrder][Create Order][from shanghai to taiyuan at 1970-01-02 18:17:36]
2026-03-11 16:08:26.278  INFO 1 --- [o-12031-exec-10] order.service.OrderServiceImpl           : [create][Create Order][Ready to Create Order]
2026-03-11 16:08:26.331  INFO 1 --- [o-12031-exec-10] order.service.OrderServiceImpl           : [create][Order Create Success][Order Price][OrderId:daa17c72-606f-407a-998e-9402e6c14ef7 , Price: 0.0]
2026-03-11 16:08:26.331  INFO 1 --- [o-12031-exec-10] order.service.OrderServiceImpl           : [PYTHIA_FINE_TRACE] service=ts-order-service stage=service_create latency_ms=53
2026-03-11 16:08:26.331  INFO 1 --- [o-12031-exec-10] order.controller.OrderController         : [PYTHIA_FINE_TRACE] service=ts-order-service endpoint=createOrder latency_ms=53
2026-03-11 16:08:26.624  INFO 1 --- [io-12031-exec-2] order.controller.OrderController         : [createNewOrder][Create Order][from shanghai to taiyuan at 1970-01-02 18:17:36]
2026-03-11 16:08:26.624  INFO 1 --- [io-12031-exec-2] order.service.OrderServiceImpl           : [create][Create Order][Ready to Create Order]
2026-03-11 16:08:26.665  INFO 1 --- [io-12031-exec-2] order.service.OrderServiceImpl           : [create][Order Create Success][Order Price][OrderId:c8d9ee07-b316-4065-b300-c3f6033f973a , Price: 0.0]
2026-03-11 16:08:26.666  INFO 1 --- [io-12031-exec-2] order.service.OrderServiceImpl           : [PYTHIA_FINE_TRACE] service=ts-order-service stage=service_create latency_ms=42
2026-03-11 16:08:26.666  INFO 1 --- [io-12031-exec-2] order.controller.OrderController         : [PYTHIA_FINE_TRACE] service=ts-order-service endpoint=createOrder latency_ms=42
2026-03-11 16:08:26.986  INFO 1 --- [io-12031-exec-9] order.controller.OrderController         : [createNewOrder][Create Order][from shanghai to taiyuan at 1970-01-02 18:17:36]
2026-03-11 16:08:26.986  INFO 1 --- [io-12031-exec-9] order.service.OrderServiceImpl           : [create][Create Order][Ready to Create Order]
2026-03-11 16:08:27.039  INFO 1 --- [io-12031-exec-9] order.service.OrderServiceImpl           : [create][Order Create Success][Order Price][OrderId:f16a0f96-deb4-46b3-abd8-1d15aef41598 , Price: 0.0]
2026-03-11 16:08:27.039  INFO 1 --- [io-12031-exec-9] order.service.OrderServiceImpl           : [PYTHIA_FINE_TRACE] service=ts-order-service stage=service_create latency_ms=53
2026-03-11 16:08:27.039  INFO 1 --- [io-12031-exec-9] order.controller.OrderController         : [PYTHIA_FINE_TRACE] service=ts-order-service endpoint=createOrder latency_ms=53
2026-03-11 16:08:27.324  INFO 1 --- [io-12031-exec-5] order.controller.OrderController         : [createNewOrder][Create Order][from shanghai to taiyuan at 1970-01-02 18:17:36]
2026-03-11 16:08:27.325  INFO 1 --- [io-12031-exec-5] order.service.OrderServiceImpl           : [create][Create Order][Ready to Create Order]
2026-03-11 16:08:27.625  INFO 1 --- [io-12031-exec-5] order.service.OrderServiceImpl           : [PYTHIA_DELAY] artificial_delay=300ms
2026-03-11 16:08:27.667  INFO 1 --- [io-12031-exec-5] order.service.OrderServiceImpl           : [create][Order Create Success][Order Price][OrderId:ca016144-62ac-49c7-9cc8-c3afa2367c59 , Price: 0.0]
2026-03-11 16:08:27.667  INFO 1 --- [io-12031-exec-5] order.service.OrderServiceImpl           : [PYTHIA_FINE_TRACE] service=ts-order-service stage=service_create latency_ms=342
2026-03-11 16:08:27.667  INFO 1 --- [io-12031-exec-5] order.controller.OrderController         : [PYTHIA_FINE_TRACE] service=ts-order-service endpoint=createOrder latency_ms=343
2026-03-11 16:08:27.996  INFO 1 --- [io-12031-exec-3] order.controller.OrderController         : [createNewOrder][Create Order][from shanghai to taiyuan at 1970-01-02 18:17:36]
2026-03-11 16:08:27.996  INFO 1 --- [io-12031-exec-3] order.service.OrderServiceImpl           : [create][Create Order][Ready to Create Order]
2026-03-11 16:08:28.050  INFO 1 --- [io-12031-exec-3] order.service.OrderServiceImpl           : [create][Order Create Success][Order Price][OrderId:116cbc16-5187-463a-a9a5-e0c8130f05cf , Price: 0.0]
2026-03-11 16:08:28.050  INFO 1 --- [io-12031-exec-3] order.service.OrderServiceImpl           : [PYTHIA_FINE_TRACE] service=ts-order-service stage=service_create latency_ms=54
2026-03-11 16:08:28.050  INFO 1 --- [io-12031-exec-3] order.controller.OrderController         : [PYTHIA_FINE_TRACE] service=ts-order-service endpoint=createOrder latency_ms=54
2026-03-11 16:08:28.325  INFO 1 --- [io-12031-exec-4] order.controller.OrderController         : [createNewOrder][Create Order][from shanghai to taiyuan at 1970-01-02 18:17:36]
2026-03-11 16:08:28.325  INFO 1 --- [io-12031-exec-4] order.service.OrderServiceImpl           : [create][Create Order][Ready to Create Order]
2026-03-11 16:08:28.625  INFO 1 --- [io-12031-exec-4] order.service.OrderServiceImpl           : [PYTHIA_DELAY] artificial_delay=300ms
2026-03-11 16:08:28.667  INFO 1 --- [io-12031-exec-4] order.service.OrderServiceImpl           : [create][Order Create Success][Order Price][OrderId:13c2297a-da65-41e6-809b-52877b2680f1 , Price: 0.0]
2026-03-11 16:08:28.667  INFO 1 --- [io-12031-exec-4] order.service.OrderServiceImpl           : [PYTHIA_FINE_TRACE] service=ts-order-service stage=service_create latency_ms=342
2026-03-11 16:08:28.667  INFO 1 --- [io-12031-exec-4] order.controller.OrderController         : [PYTHIA_FINE_TRACE] service=ts-order-service endpoint=createOrder latency_ms=342
2026-03-11 16:08:28.990  INFO 1 --- [io-12031-exec-8] order.controller.OrderController         : [createNewOrder][Create Order][from shanghai to taiyuan at 1970-01-02 18:17:36]
2026-03-11 16:08:28.990  INFO 1 --- [io-12031-exec-8] order.service.OrderServiceImpl           : [create][Create Order][Ready to Create Order]
2026-03-11 16:08:29.290  INFO 1 --- [io-12031-exec-8] order.service.OrderServiceImpl           : [PYTHIA_DELAY] artificial_delay=300ms
2026-03-11 16:08:29.344  INFO 1 --- [io-12031-exec-8] order.service.OrderServiceImpl           : [create][Order Create Success][Order Price][OrderId:243e730c-06ea-4f47-876a-7be9b51bc0a1 , Price: 0.0]
2026-03-11 16:08:29.344  INFO 1 --- [io-12031-exec-8] order.service.OrderServiceImpl           : [PYTHIA_FINE_TRACE] service=ts-order-service stage=service_create latency_ms=354
2026-03-11 16:08:29.344  INFO 1 --- [io-12031-exec-8] order.controller.OrderController         : [PYTHIA_FINE_TRACE] service=ts-order-service endpoint=createOrder latency_ms=354
2026-03-11 16:08:29.624  INFO 1 --- [io-12031-exec-6] order.controller.OrderController         : [createNewOrder][Create Order][from shanghai to taiyuan at 1970-01-02 18:17:36]
2026-03-11 16:08:29.624  INFO 1 --- [io-12031-exec-6] order.service.OrderServiceImpl           : [create][Create Order][Ready to Create Order]
2026-03-11 16:08:29.664  INFO 1 --- [io-12031-exec-6] order.service.OrderServiceImpl           : [create][Order Create Success][Order Price][OrderId:246c3b9e-29b2-46e9-88fd-9c239b6897e2 , Price: 0.0]
2026-03-11 16:08:29.664  INFO 1 --- [io-12031-exec-6] order.service.OrderServiceImpl           : [PYTHIA_FINE_TRACE] service=ts-order-service stage=service_create latency_ms=40
2026-03-11 16:08:29.664  INFO 1 --- [io-12031-exec-6] order.controller.OrderController         : [PYTHIA_FINE_TRACE] service=ts-order-service endpoint=createOrder latency_ms=40
2026-03-11 16:08:29.982  INFO 1 --- [io-12031-exec-7] order.controller.OrderController         : [createNewOrder][Create Order][from shanghai to taiyuan at 1970-01-02 18:17:36]
2026-03-11 16:08:29.982  INFO 1 --- [io-12031-exec-7] order.service.OrderServiceImpl           : [create][Create Order][Ready to Create Order]
2026-03-11 16:08:30.031  INFO 1 --- [io-12031-exec-7] order.service.OrderServiceImpl           : [create][Order Create Success][Order Price][OrderId:c0f4ca7d-b7d7-4763-bfe9-8f28918f2439 , Price: 0.0]
2026-03-11 16:08:30.031  INFO 1 --- [io-12031-exec-7] order.service.OrderServiceImpl           : [PYTHIA_FINE_TRACE] service=ts-order-service stage=service_create latency_ms=49
2026-03-11 16:08:30.031  INFO 1 --- [io-12031-exec-7] order.controller.OrderController         : [PYTHIA_FINE_TRACE] service=ts-order-service endpoint=createOrder latency_ms=49
2026-03-11 16:08:30.322  INFO 1 --- [o-12031-exec-10] order.controller.OrderController         : [createNewOrder][Create Order][from shanghai to taiyuan at 1970-01-02 18:17:36]
2026-03-11 16:08:30.322  INFO 1 --- [o-12031-exec-10] order.service.OrderServiceImpl           : [create][Create Order][Ready to Create Order]
2026-03-11 16:08:30.363  INFO 1 --- [o-12031-exec-10] order.service.OrderServiceImpl           : [create][Order Create Success][Order Price][OrderId:8949cd17-8ea5-4e1b-b6e2-bd5e1a001200 , Price: 0.0]
2026-03-11 16:08:30.363  INFO 1 --- [o-12031-exec-10] order.service.OrderServiceImpl           : [PYTHIA_FINE_TRACE] service=ts-order-service stage=service_create latency_ms=41
2026-03-11 16:08:30.363  INFO 1 --- [o-12031-exec-10] order.controller.OrderController         : [PYTHIA_FINE_TRACE] service=ts-order-service endpoint=createOrder latency_ms=41
2026-03-11 16:08:30.723  INFO 1 --- [io-12031-exec-2] order.controller.OrderController         : [createNewOrder][Create Order][from shanghai to taiyuan at 1970-01-02 18:17:36]
2026-03-11 16:08:30.723  INFO 1 --- [io-12031-exec-2] order.service.OrderServiceImpl           : [create][Create Order][Ready to Create Order]
2026-03-11 16:08:30.772  INFO 1 --- [io-12031-exec-2] order.service.OrderServiceImpl           : [create][Order Create Success][Order Price][OrderId:5b46f1e1-309a-4e99-b939-3bd1a68a1171 , Price: 0.0]
2026-03-11 16:08:30.772  INFO 1 --- [io-12031-exec-2] order.service.OrderServiceImpl           : [PYTHIA_FINE_TRACE] service=ts-order-service stage=service_create latency_ms=49
2026-03-11 16:08:30.772  INFO 1 --- [io-12031-exec-2] order.controller.OrderController         : [PYTHIA_FINE_TRACE] service=ts-order-service endpoint=createOrder latency_ms=49
2026-03-11 16:08:31.113  INFO 1 --- [io-12031-exec-9] order.controller.OrderController         : [createNewOrder][Create Order][from shanghai to taiyuan at 1970-01-02 18:17:36]
2026-03-11 16:08:31.113  INFO 1 --- [io-12031-exec-9] order.service.OrderServiceImpl           : [create][Create Order][Ready to Create Order]
2026-03-11 16:08:31.413  INFO 1 --- [io-12031-exec-9] order.service.OrderServiceImpl           : [PYTHIA_DELAY] artificial_delay=300ms
2026-03-11 16:08:31.507  INFO 1 --- [io-12031-exec-9] order.service.OrderServiceImpl           : [create][Order Create Success][Order Price][OrderId:e230f457-32e5-4271-80d5-19b51d3258ec , Price: 0.0]
2026-03-11 16:08:31.507  INFO 1 --- [io-12031-exec-9] order.service.OrderServiceImpl           : [PYTHIA_FINE_TRACE] service=ts-order-service stage=service_create latency_ms=394
2026-03-11 16:08:31.507  INFO 1 --- [io-12031-exec-9] order.controller.OrderController         : [PYTHIA_FINE_TRACE] service=ts-order-service endpoint=createOrder latency_ms=394
2026-03-11 16:08:31.829  INFO 1 --- [io-12031-exec-1] order.controller.OrderController         : [createNewOrder][Create Order][from shanghai to taiyuan at 1970-01-02 18:17:36]
2026-03-11 16:08:31.829  INFO 1 --- [io-12031-exec-1] order.service.OrderServiceImpl           : [create][Create Order][Ready to Create Order]
2026-03-11 16:08:31.907  INFO 1 --- [io-12031-exec-1] order.service.OrderServiceImpl           : [create][Order Create Success][Order Price][OrderId:4a39bde4-b603-4fe1-9645-76b3b23d8830 , Price: 0.0]
2026-03-11 16:08:31.907  INFO 1 --- [io-12031-exec-1] order.service.OrderServiceImpl           : [PYTHIA_FINE_TRACE] service=ts-order-service stage=service_create latency_ms=78
2026-03-11 16:08:31.907  INFO 1 --- [io-12031-exec-1] order.controller.OrderController         : [PYTHIA_FINE_TRACE] service=ts-order-service endpoint=createOrder latency_ms=78
2026-03-11 16:08:32.329  INFO 1 --- [io-12031-exec-5] order.controller.OrderController         : [createNewOrder][Create Order][from shanghai to taiyuan at 1970-01-02 18:17:36]
2026-03-11 16:08:32.329  INFO 1 --- [io-12031-exec-5] order.service.OrderServiceImpl           : [create][Create Order][Ready to Create Order]
2026-03-11 16:08:32.429  INFO 1 --- [io-12031-exec-5] order.service.OrderServiceImpl           : [create][Order Create Success][Order Price][OrderId:3f710ea2-44dd-421c-b2ce-1cd953c3a083 , Price: 0.0]
2026-03-11 16:08:32.429  INFO 1 --- [io-12031-exec-5] order.service.OrderServiceImpl           : [PYTHIA_FINE_TRACE] service=ts-order-service stage=service_create latency_ms=100
2026-03-11 16:08:32.429  INFO 1 --- [io-12031-exec-5] order.controller.OrderController         : [PYTHIA_FINE_TRACE] service=ts-order-service endpoint=createOrder latency_ms=100
2026-03-11 16:08:32.730  INFO 1 --- [io-12031-exec-3] order.controller.OrderController         : [createNewOrder][Create Order][from shanghai to taiyuan at 1970-01-02 18:17:36]
2026-03-11 16:08:32.730  INFO 1 --- [io-12031-exec-3] order.service.OrderServiceImpl           : [create][Create Order][Ready to Create Order]
2026-03-11 16:08:32.781  INFO 1 --- [io-12031-exec-3] order.service.OrderServiceImpl           : [create][Order Create Success][Order Price][OrderId:60da3918-bf10-4fd3-b6cf-99d4956827e9 , Price: 0.0]
2026-03-11 16:08:32.781  INFO 1 --- [io-12031-exec-3] order.service.OrderServiceImpl           : [PYTHIA_FINE_TRACE] service=ts-order-service stage=service_create latency_ms=51
2026-03-11 16:08:32.781  INFO 1 --- [io-12031-exec-3] order.controller.OrderController         : [PYTHIA_FINE_TRACE] service=ts-order-service endpoint=createOrder latency_ms=51
2026-03-11 16:08:33.103  INFO 1 --- [io-12031-exec-4] order.controller.OrderController         : [createNewOrder][Create Order][from shanghai to taiyuan at 1970-01-02 18:17:36]
2026-03-11 16:08:33.103  INFO 1 --- [io-12031-exec-4] order.service.OrderServiceImpl           : [create][Create Order][Ready to Create Order]
2026-03-11 16:08:33.403  INFO 1 --- [io-12031-exec-4] order.service.OrderServiceImpl           : [PYTHIA_DELAY] artificial_delay=300ms
2026-03-11 16:08:33.445  INFO 1 --- [io-12031-exec-4] order.service.OrderServiceImpl           : [create][Order Create Success][Order Price][OrderId:585d360e-49e4-48db-b6e4-cb65cf83e1a5 , Price: 0.0]
2026-03-11 16:08:33.445  INFO 1 --- [io-12031-exec-4] order.service.OrderServiceImpl           : [PYTHIA_FINE_TRACE] service=ts-order-service stage=service_create latency_ms=342
2026-03-11 16:08:33.445  INFO 1 --- [io-12031-exec-4] order.controller.OrderController         : [PYTHIA_FINE_TRACE] service=ts-order-service endpoint=createOrder latency_ms=342
2026-03-11 16:08:33.780  INFO 1 --- [io-12031-exec-8] order.controller.OrderController         : [createNewOrder][Create Order][from shanghai to taiyuan at 1970-01-02 18:17:36]
2026-03-11 16:08:33.780  INFO 1 --- [io-12031-exec-8] order.service.OrderServiceImpl           : [create][Create Order][Ready to Create Order]
2026-03-11 16:08:33.830  INFO 1 --- [io-12031-exec-8] order.service.OrderServiceImpl           : [create][Order Create Success][Order Price][OrderId:32111812-d851-49cb-aa7b-36ed380e550a , Price: 0.0]
2026-03-11 16:08:33.830  INFO 1 --- [io-12031-exec-8] order.service.OrderServiceImpl           : [PYTHIA_FINE_TRACE] service=ts-order-service stage=service_create latency_ms=50
2026-03-11 16:08:33.830  INFO 1 --- [io-12031-exec-8] order.controller.OrderController         : [PYTHIA_FINE_TRACE] service=ts-order-service endpoint=createOrder latency_ms=50
2026-03-11 16:08:34.125  INFO 1 --- [io-12031-exec-6] order.controller.OrderController         : [createNewOrder][Create Order][from shanghai to taiyuan at 1970-01-02 18:17:36]
2026-03-11 16:08:34.125  INFO 1 --- [io-12031-exec-6] order.service.OrderServiceImpl           : [create][Create Order][Ready to Create Order]
2026-03-11 16:08:34.166  INFO 1 --- [io-12031-exec-6] order.service.OrderServiceImpl           : [create][Order Create Success][Order Price][OrderId:784c8397-1bc5-48a5-8cc4-5c089621785c , Price: 0.0]
2026-03-11 16:08:34.167  INFO 1 --- [io-12031-exec-6] order.service.OrderServiceImpl           : [PYTHIA_FINE_TRACE] service=ts-order-service stage=service_create latency_ms=42
2026-03-11 16:08:34.167  INFO 1 --- [io-12031-exec-6] order.controller.OrderController         : [PYTHIA_FINE_TRACE] service=ts-order-service endpoint=createOrder latency_ms=42
2026-03-11 16:08:34.501  INFO 1 --- [io-12031-exec-7] order.controller.OrderController         : [createNewOrder][Create Order][from shanghai to taiyuan at 1970-01-02 18:17:36]
2026-03-11 16:08:34.501  INFO 1 --- [io-12031-exec-7] order.service.OrderServiceImpl           : [create][Create Order][Ready to Create Order]
2026-03-11 16:08:34.551  INFO 1 --- [io-12031-exec-7] order.service.OrderServiceImpl           : [create][Order Create Success][Order Price][OrderId:b9f17823-ba30-43ed-9590-e8963ac57a65 , Price: 0.0]
2026-03-11 16:08:34.552  INFO 1 --- [io-12031-exec-7] order.service.OrderServiceImpl           : [PYTHIA_FINE_TRACE] service=ts-order-service stage=service_create latency_ms=51
2026-03-11 16:08:34.552  INFO 1 --- [io-12031-exec-7] order.controller.OrderController         : [PYTHIA_FINE_TRACE] service=ts-order-service endpoint=createOrder latency_ms=51
2026-03-11 16:08:34.881  INFO 1 --- [o-12031-exec-10] order.controller.OrderController         : [createNewOrder][Create Order][from shanghai to taiyuan at 1970-01-02 18:17:36]
2026-03-11 16:08:34.881  INFO 1 --- [o-12031-exec-10] order.service.OrderServiceImpl           : [create][Create Order][Ready to Create Order]
2026-03-11 16:08:34.924  INFO 1 --- [o-12031-exec-10] order.service.OrderServiceImpl           : [create][Order Create Success][Order Price][OrderId:0affef26-d587-4bce-8b5b-26d1e2382d33 , Price: 0.0]
2026-03-11 16:08:34.924  INFO 1 --- [o-12031-exec-10] order.service.OrderServiceImpl           : [PYTHIA_FINE_TRACE] service=ts-order-service stage=service_create latency_ms=43
2026-03-11 16:08:34.924  INFO 1 --- [o-12031-exec-10] order.controller.OrderController         : [PYTHIA_FINE_TRACE] service=ts-order-service endpoint=createOrder latency_ms=43
2026-03-11 16:08:35.224  INFO 1 --- [io-12031-exec-2] order.controller.OrderController         : [createNewOrder][Create Order][from shanghai to taiyuan at 1970-01-02 18:17:36]
2026-03-11 16:08:35.225  INFO 1 --- [io-12031-exec-2] order.service.OrderServiceImpl           : [create][Create Order][Ready to Create Order]
2026-03-11 16:08:35.270  INFO 1 --- [io-12031-exec-2] order.service.OrderServiceImpl           : [create][Order Create Success][Order Price][OrderId:163f3439-53fb-41d5-a197-eedbe164446b , Price: 0.0]
2026-03-11 16:08:35.270  INFO 1 --- [io-12031-exec-2] order.service.OrderServiceImpl           : [PYTHIA_FINE_TRACE] service=ts-order-service stage=service_create latency_ms=45
2026-03-11 16:08:35.270  INFO 1 --- [io-12031-exec-2] order.controller.OrderController         : [PYTHIA_FINE_TRACE] service=ts-order-service endpoint=createOrder latency_ms=46
2026-03-11 16:08:35.600  INFO 1 --- [io-12031-exec-9] order.controller.OrderController         : [createNewOrder][Create Order][from shanghai to taiyuan at 1970-01-02 18:17:36]
2026-03-11 16:08:35.600  INFO 1 --- [io-12031-exec-9] order.service.OrderServiceImpl           : [create][Create Order][Ready to Create Order]
2026-03-11 16:08:35.654  INFO 1 --- [io-12031-exec-9] order.service.OrderServiceImpl           : [create][Order Create Success][Order Price][OrderId:fd99489f-ef95-4b57-bea7-511849a7937f , Price: 0.0]
2026-03-11 16:08:35.654  INFO 1 --- [io-12031-exec-9] order.service.OrderServiceImpl           : [PYTHIA_FINE_TRACE] service=ts-order-service stage=service_create latency_ms=54
2026-03-11 16:08:35.654  INFO 1 --- [io-12031-exec-9] order.controller.OrderController         : [PYTHIA_FINE_TRACE] service=ts-order-service endpoint=createOrder latency_ms=54
2026-03-11 16:08:35.928  INFO 1 --- [io-12031-exec-1] order.controller.OrderController         : [createNewOrder][Create Order][from shanghai to taiyuan at 1970-01-02 18:17:36]
2026-03-11 16:08:35.928  INFO 1 --- [io-12031-exec-1] order.service.OrderServiceImpl           : [create][Create Order][Ready to Create Order]
2026-03-11 16:08:35.970  INFO 1 --- [io-12031-exec-1] order.service.OrderServiceImpl           : [create][Order Create Success][Order Price][OrderId:a19cb0c8-5e7c-4dbc-b1b1-5c3a624a30d4 , Price: 0.0]
2026-03-11 16:08:35.970  INFO 1 --- [io-12031-exec-1] order.service.OrderServiceImpl           : [PYTHIA_FINE_TRACE] service=ts-order-service stage=service_create latency_ms=42
2026-03-11 16:08:35.970  INFO 1 --- [io-12031-exec-1] order.controller.OrderController         : [PYTHIA_FINE_TRACE] service=ts-order-service endpoint=createOrder latency_ms=42
2026-03-11 16:08:36.290  INFO 1 --- [io-12031-exec-5] order.controller.OrderController         : [createNewOrder][Create Order][from shanghai to taiyuan at 1970-01-02 18:17:36]
2026-03-11 16:08:36.290  INFO 1 --- [io-12031-exec-5] order.service.OrderServiceImpl           : [create][Create Order][Ready to Create Order]
2026-03-11 16:08:36.590  INFO 1 --- [io-12031-exec-5] order.service.OrderServiceImpl           : [PYTHIA_DELAY] artificial_delay=300ms
2026-03-11 16:08:36.643  INFO 1 --- [io-12031-exec-5] order.service.OrderServiceImpl           : [create][Order Create Success][Order Price][OrderId:26c72d2c-0cec-4f15-9fc6-eb5626297fb4 , Price: 0.0]
2026-03-11 16:08:36.643  INFO 1 --- [io-12031-exec-5] order.service.OrderServiceImpl           : [PYTHIA_FINE_TRACE] service=ts-order-service stage=service_create latency_ms=353
2026-03-11 16:08:36.643  INFO 1 --- [io-12031-exec-5] order.controller.OrderController         : [PYTHIA_FINE_TRACE] service=ts-order-service endpoint=createOrder latency_ms=353
2026-03-11 16:08:36.928  INFO 1 --- [io-12031-exec-3] order.controller.OrderController         : [createNewOrder][Create Order][from shanghai to taiyuan at 1970-01-02 18:17:36]
2026-03-11 16:08:36.929  INFO 1 --- [io-12031-exec-3] order.service.OrderServiceImpl           : [create][Create Order][Ready to Create Order]
2026-03-11 16:08:37.229  INFO 1 --- [io-12031-exec-3] order.service.OrderServiceImpl           : [PYTHIA_DELAY] artificial_delay=300ms
2026-03-11 16:08:37.271  INFO 1 --- [io-12031-exec-3] order.service.OrderServiceImpl           : [create][Order Create Success][Order Price][OrderId:f088e030-2abb-44a6-a754-4bbe4c56ba0a , Price: 0.0]
2026-03-11 16:08:37.272  INFO 1 --- [io-12031-exec-3] order.service.OrderServiceImpl           : [PYTHIA_FINE_TRACE] service=ts-order-service stage=service_create latency_ms=343
2026-03-11 16:08:37.272  INFO 1 --- [io-12031-exec-3] order.controller.OrderController         : [PYTHIA_FINE_TRACE] service=ts-order-service endpoint=createOrder latency_ms=344
2026-03-11 16:08:37.606  INFO 1 --- [io-12031-exec-8] order.controller.OrderController         : [createNewOrder][Create Order][from shanghai to taiyuan at 1970-01-02 18:17:36]
2026-03-11 16:08:37.606  INFO 1 --- [io-12031-exec-8] order.service.OrderServiceImpl           : [create][Create Order][Ready to Create Order]
2026-03-11 16:08:37.702  INFO 1 --- [io-12031-exec-8] order.service.OrderServiceImpl           : [create][Order Create Success][Order Price][OrderId:0f23392c-e144-4665-b51a-abdc0114e2c9 , Price: 0.0]
2026-03-11 16:08:37.702  INFO 1 --- [io-12031-exec-8] order.service.OrderServiceImpl           : [PYTHIA_FINE_TRACE] service=ts-order-service stage=service_create latency_ms=96
2026-03-11 16:08:37.702  INFO 1 --- [io-12031-exec-8] order.controller.OrderController         : [PYTHIA_FINE_TRACE] service=ts-order-service endpoint=createOrder latency_ms=96
2026-03-11 16:08:38.023  INFO 1 --- [io-12031-exec-6] order.controller.OrderController         : [createNewOrder][Create Order][from shanghai to taiyuan at 1970-01-02 18:17:36]
2026-03-11 16:08:38.023  INFO 1 --- [io-12031-exec-6] order.service.OrderServiceImpl           : [create][Create Order][Ready to Create Order]
2026-03-11 16:08:38.064  INFO 1 --- [io-12031-exec-6] order.service.OrderServiceImpl           : [create][Order Create Success][Order Price][OrderId:3471c1a2-6c07-424b-8d3b-9b38b55ee770 , Price: 0.0]
2026-03-11 16:08:38.064  INFO 1 --- [io-12031-exec-6] order.service.OrderServiceImpl           : [PYTHIA_FINE_TRACE] service=ts-order-service stage=service_create latency_ms=41
2026-03-11 16:08:38.064  INFO 1 --- [io-12031-exec-6] order.controller.OrderController         : [PYTHIA_FINE_TRACE] service=ts-order-service endpoint=createOrder latency_ms=41
2026-03-11 16:08:38.389  INFO 1 --- [io-12031-exec-7] order.controller.OrderController         : [createNewOrder][Create Order][from shanghai to taiyuan at 1970-01-02 18:17:36]
2026-03-11 16:08:38.389  INFO 1 --- [io-12031-exec-7] order.service.OrderServiceImpl           : [create][Create Order][Ready to Create Order]
2026-03-11 16:08:38.442  INFO 1 --- [io-12031-exec-7] order.service.OrderServiceImpl           : [create][Order Create Success][Order Price][OrderId:7f5816ff-cecd-4537-9c57-9646ee670188 , Price: 0.0]
2026-03-11 16:08:38.443  INFO 1 --- [io-12031-exec-7] order.service.OrderServiceImpl           : [PYTHIA_FINE_TRACE] service=ts-order-service stage=service_create latency_ms=54
2026-03-11 16:08:38.443  INFO 1 --- [io-12031-exec-7] order.controller.OrderController         : [PYTHIA_FINE_TRACE] service=ts-order-service endpoint=createOrder latency_ms=54
2026-03-11 16:08:38.795  INFO 1 --- [o-12031-exec-10] order.controller.OrderController         : [createNewOrder][Create Order][from shanghai to taiyuan at 1970-01-02 18:17:36]
2026-03-11 16:08:38.796  INFO 1 --- [o-12031-exec-10] order.service.OrderServiceImpl           : [create][Create Order][Ready to Create Order]
2026-03-11 16:08:38.839  INFO 1 --- [o-12031-exec-10] order.service.OrderServiceImpl           : [create][Order Create Success][Order Price][OrderId:9e203426-8f11-4f33-9ee9-b5c86bf4567b , Price: 0.0]
2026-03-11 16:08:38.839  INFO 1 --- [o-12031-exec-10] order.service.OrderServiceImpl           : [PYTHIA_FINE_TRACE] service=ts-order-service stage=service_create latency_ms=43
2026-03-11 16:08:38.839  INFO 1 --- [o-12031-exec-10] order.controller.OrderController         : [PYTHIA_FINE_TRACE] service=ts-order-service endpoint=createOrder latency_ms=44
2026-03-11 16:08:39.182  INFO 1 --- [io-12031-exec-2] order.controller.OrderController         : [createNewOrder][Create Order][from shanghai to taiyuan at 1970-01-02 18:17:36]
2026-03-11 16:08:39.182  INFO 1 --- [io-12031-exec-2] order.service.OrderServiceImpl           : [create][Create Order][Ready to Create Order]
2026-03-11 16:08:39.483  INFO 1 --- [io-12031-exec-2] order.service.OrderServiceImpl           : [PYTHIA_DELAY] artificial_delay=300ms
2026-03-11 16:08:39.534  INFO 1 --- [io-12031-exec-2] order.service.OrderServiceImpl           : [create][Order Create Success][Order Price][OrderId:6ceb75ca-369d-45be-a8d7-c05f4d9ca0b0 , Price: 0.0]
2026-03-11 16:08:39.535  INFO 1 --- [io-12031-exec-2] order.service.OrderServiceImpl           : [PYTHIA_FINE_TRACE] service=ts-order-service stage=service_create latency_ms=353
2026-03-11 16:08:39.535  INFO 1 --- [io-12031-exec-2] order.controller.OrderController         : [PYTHIA_FINE_TRACE] service=ts-order-service endpoint=createOrder latency_ms=353
2026-03-11 16:08:39.824  INFO 1 --- [io-12031-exec-9] order.controller.OrderController         : [createNewOrder][Create Order][from shanghai to taiyuan at 1970-01-02 18:17:36]
2026-03-11 16:08:39.824  INFO 1 --- [io-12031-exec-9] order.service.OrderServiceImpl           : [create][Create Order][Ready to Create Order]
2026-03-11 16:08:40.124  INFO 1 --- [io-12031-exec-9] order.service.OrderServiceImpl           : [PYTHIA_DELAY] artificial_delay=300ms
2026-03-11 16:08:40.166  INFO 1 --- [io-12031-exec-9] order.service.OrderServiceImpl           : [create][Order Create Success][Order Price][OrderId:7f2c5a1d-2023-4182-9623-e9c5ba93ce0a , Price: 0.0]
2026-03-11 16:08:40.166  INFO 1 --- [io-12031-exec-9] order.service.OrderServiceImpl           : [PYTHIA_FINE_TRACE] service=ts-order-service stage=service_create latency_ms=342
2026-03-11 16:08:40.166  INFO 1 --- [io-12031-exec-9] order.controller.OrderController         : [PYTHIA_FINE_TRACE] service=ts-order-service endpoint=createOrder latency_ms=342
2026-03-11 16:08:40.490  INFO 1 --- [io-12031-exec-1] order.controller.OrderController         : [createNewOrder][Create Order][from shanghai to taiyuan at 1970-01-02 18:17:36]
2026-03-11 16:08:40.490  INFO 1 --- [io-12031-exec-1] order.service.OrderServiceImpl           : [create][Create Order][Ready to Create Order]
2026-03-11 16:08:40.538  INFO 1 --- [io-12031-exec-1] order.service.OrderServiceImpl           : [create][Order Create Success][Order Price][OrderId:f068ca04-de54-4485-9691-66622d1a849a , Price: 0.0]
2026-03-11 16:08:40.539  INFO 1 --- [io-12031-exec-1] order.service.OrderServiceImpl           : [PYTHIA_FINE_TRACE] service=ts-order-service stage=service_create latency_ms=49
2026-03-11 16:08:40.539  INFO 1 --- [io-12031-exec-1] order.controller.OrderController         : [PYTHIA_FINE_TRACE] service=ts-order-service endpoint=createOrder latency_ms=49
2026-03-11 16:08:40.824  INFO 1 --- [io-12031-exec-5] order.controller.OrderController         : [createNewOrder][Create Order][from shanghai to taiyuan at 1970-01-02 18:17:36]
2026-03-11 16:08:40.824  INFO 1 --- [io-12031-exec-5] order.service.OrderServiceImpl           : [create][Create Order][Ready to Create Order]
2026-03-11 16:08:40.864  INFO 1 --- [io-12031-exec-5] order.service.OrderServiceImpl           : [create][Order Create Success][Order Price][OrderId:6a048f6c-b64b-4b43-ab95-126887ddede2 , Price: 0.0]
2026-03-11 16:08:40.864  INFO 1 --- [io-12031-exec-5] order.service.OrderServiceImpl           : [PYTHIA_FINE_TRACE] service=ts-order-service stage=service_create latency_ms=40
2026-03-11 16:08:40.864  INFO 1 --- [io-12031-exec-5] order.controller.OrderController         : [PYTHIA_FINE_TRACE] service=ts-order-service endpoint=createOrder latency_ms=40
2026-03-11 16:08:41.193  INFO 1 --- [io-12031-exec-4] order.controller.OrderController         : [createNewOrder][Create Order][from shanghai to taiyuan at 1970-01-02 18:17:36]
2026-03-11 16:08:41.193  INFO 1 --- [io-12031-exec-4] order.service.OrderServiceImpl           : [create][Create Order][Ready to Create Order]
2026-03-11 16:08:41.308  INFO 1 --- [io-12031-exec-4] order.service.OrderServiceImpl           : [create][Order Create Success][Order Price][OrderId:93cacc32-eb84-4b9e-a9d9-fa54e8b6e264 , Price: 0.0]
2026-03-11 16:08:41.308  INFO 1 --- [io-12031-exec-4] order.service.OrderServiceImpl           : [PYTHIA_FINE_TRACE] service=ts-order-service stage=service_create latency_ms=115
2026-03-11 16:08:41.308  INFO 1 --- [io-12031-exec-4] order.controller.OrderController         : [PYTHIA_FINE_TRACE] service=ts-order-service endpoint=createOrder latency_ms=115
2026-03-11 16:08:41.623  INFO 1 --- [io-12031-exec-3] order.controller.OrderController         : [createNewOrder][Create Order][from shanghai to taiyuan at 1970-01-02 18:17:36]
2026-03-11 16:08:41.623  INFO 1 --- [io-12031-exec-3] order.service.OrderServiceImpl           : [create][Create Order][Ready to Create Order]
2026-03-11 16:08:41.719  INFO 1 --- [io-12031-exec-3] order.service.OrderServiceImpl           : [create][Order Create Success][Order Price][OrderId:75b45bfe-4f64-4d95-8fdf-b2b6c20f6ee1 , Price: 0.0]
2026-03-11 16:08:41.719  INFO 1 --- [io-12031-exec-3] order.service.OrderServiceImpl           : [PYTHIA_FINE_TRACE] service=ts-order-service stage=service_create latency_ms=96
2026-03-11 16:08:41.719  INFO 1 --- [io-12031-exec-3] order.controller.OrderController         : [PYTHIA_FINE_TRACE] service=ts-order-service endpoint=createOrder latency_ms=96
2026-03-11 16:08:42.084  INFO 1 --- [io-12031-exec-8] order.controller.OrderController         : [createNewOrder][Create Order][from shanghai to taiyuan at 1970-01-02 18:17:36]
2026-03-11 16:08:42.084  INFO 1 --- [io-12031-exec-8] order.service.OrderServiceImpl           : [create][Create Order][Ready to Create Order]
2026-03-11 16:08:42.384  INFO 1 --- [io-12031-exec-8] order.service.OrderServiceImpl           : [PYTHIA_DELAY] artificial_delay=300ms
2026-03-11 16:08:42.438  INFO 1 --- [io-12031-exec-8] order.service.OrderServiceImpl           : [create][Order Create Success][Order Price][OrderId:fc309b49-8ab4-4688-a90c-95b05b6bb443 , Price: 0.0]
2026-03-11 16:08:42.439  INFO 1 --- [io-12031-exec-8] order.service.OrderServiceImpl           : [PYTHIA_FINE_TRACE] service=ts-order-service stage=service_create latency_ms=354
2026-03-11 16:08:42.439  INFO 1 --- [io-12031-exec-8] order.controller.OrderController         : [PYTHIA_FINE_TRACE] service=ts-order-service endpoint=createOrder latency_ms=355
2026-03-11 16:08:42.725  INFO 1 --- [io-12031-exec-6] order.controller.OrderController         : [createNewOrder][Create Order][from shanghai to taiyuan at 1970-01-02 18:17:36]
2026-03-11 16:08:42.725  INFO 1 --- [io-12031-exec-6] order.service.OrderServiceImpl           : [create][Create Order][Ready to Create Order]
2026-03-11 16:08:43.025  INFO 1 --- [io-12031-exec-6] order.service.OrderServiceImpl           : [PYTHIA_DELAY] artificial_delay=300ms
2026-03-11 16:08:43.068  INFO 1 --- [io-12031-exec-6] order.service.OrderServiceImpl           : [create][Order Create Success][Order Price][OrderId:099edc18-95a9-4eb2-8bc1-a1545757ba24 , Price: 0.0]
2026-03-11 16:08:43.068  INFO 1 --- [io-12031-exec-6] order.service.OrderServiceImpl           : [PYTHIA_FINE_TRACE] service=ts-order-service stage=service_create latency_ms=343
2026-03-11 16:08:43.068  INFO 1 --- [io-12031-exec-6] order.controller.OrderController         : [PYTHIA_FINE_TRACE] service=ts-order-service endpoint=createOrder latency_ms=343
2026-03-11 16:08:43.394  INFO 1 --- [io-12031-exec-7] order.controller.OrderController         : [createNewOrder][Create Order][from shanghai to taiyuan at 1970-01-02 18:17:36]
2026-03-11 16:08:43.394  INFO 1 --- [io-12031-exec-7] order.service.OrderServiceImpl           : [create][Create Order][Ready to Create Order]
2026-03-11 16:08:43.445  INFO 1 --- [io-12031-exec-7] order.service.OrderServiceImpl           : [create][Order Create Success][Order Price][OrderId:75c72ea2-ac13-4acf-9db4-502d0b6cf1d0 , Price: 0.0]
2026-03-11 16:08:43.446  INFO 1 --- [io-12031-exec-7] order.service.OrderServiceImpl           : [PYTHIA_FINE_TRACE] service=ts-order-service stage=service_create latency_ms=52
2026-03-11 16:08:43.446  INFO 1 --- [io-12031-exec-7] order.controller.OrderController         : [PYTHIA_FINE_TRACE] service=ts-order-service endpoint=createOrder latency_ms=52
2026-03-11 16:08:43.727  INFO 1 --- [o-12031-exec-10] order.controller.OrderController         : [createNewOrder][Create Order][from shanghai to taiyuan at 1970-01-02 18:17:36]
2026-03-11 16:08:43.727  INFO 1 --- [o-12031-exec-10] order.service.OrderServiceImpl           : [create][Create Order][Ready to Create Order]
2026-03-11 16:08:43.780  INFO 1 --- [o-12031-exec-10] order.service.OrderServiceImpl           : [create][Order Create Success][Order Price][OrderId:92b7dbf1-24ce-4444-8920-c815b01bad75 , Price: 0.0]
2026-03-11 16:08:43.780  INFO 1 --- [o-12031-exec-10] order.service.OrderServiceImpl           : [PYTHIA_FINE_TRACE] service=ts-order-service stage=service_create latency_ms=53
2026-03-11 16:08:43.780  INFO 1 --- [o-12031-exec-10] order.controller.OrderController         : [PYTHIA_FINE_TRACE] service=ts-order-service endpoint=createOrder latency_ms=53
2026-03-11 16:08:44.114  INFO 1 --- [io-12031-exec-2] order.controller.OrderController         : [createNewOrder][Create Order][from shanghai to taiyuan at 1970-01-02 18:17:36]
2026-03-11 16:08:44.114  INFO 1 --- [io-12031-exec-2] order.service.OrderServiceImpl           : [create][Create Order][Ready to Create Order]
2026-03-11 16:08:44.414  INFO 1 --- [io-12031-exec-2] order.service.OrderServiceImpl           : [PYTHIA_DELAY] artificial_delay=300ms
2026-03-11 16:08:44.457  INFO 1 --- [io-12031-exec-2] order.service.OrderServiceImpl           : [create][Order Create Success][Order Price][OrderId:d6a92f4a-b429-44cd-8f62-b85db29cd439 , Price: 0.0]
2026-03-11 16:08:44.457  INFO 1 --- [io-12031-exec-2] order.service.OrderServiceImpl           : [PYTHIA_FINE_TRACE] service=ts-order-service stage=service_create latency_ms=343
2026-03-11 16:08:44.457  INFO 1 --- [io-12031-exec-2] order.controller.OrderController         : [PYTHIA_FINE_TRACE] service=ts-order-service endpoint=createOrder latency_ms=343
2026-03-11 16:08:44.784  INFO 1 --- [io-12031-exec-9] order.controller.OrderController         : [createNewOrder][Create Order][from shanghai to taiyuan at 1970-01-02 18:17:36]
2026-03-11 16:08:44.784  INFO 1 --- [io-12031-exec-9] order.service.OrderServiceImpl           : [create][Create Order][Ready to Create Order]
2026-03-11 16:08:45.085  INFO 1 --- [io-12031-exec-9] order.service.OrderServiceImpl           : [PYTHIA_DELAY] artificial_delay=300ms
2026-03-11 16:08:45.143  INFO 1 --- [io-12031-exec-9] order.service.OrderServiceImpl           : [create][Order Create Success][Order Price][OrderId:513a1aad-dd22-42a7-b5f1-365e371308cc , Price: 0.0]
2026-03-11 16:08:45.143  INFO 1 --- [io-12031-exec-9] order.service.OrderServiceImpl           : [PYTHIA_FINE_TRACE] service=ts-order-service stage=service_create latency_ms=359
2026-03-11 16:08:45.143  INFO 1 --- [io-12031-exec-9] order.controller.OrderController         : [PYTHIA_FINE_TRACE] service=ts-order-service endpoint=createOrder latency_ms=359
2026-03-11 16:08:45.483  INFO 1 --- [io-12031-exec-1] order.controller.OrderController         : [createNewOrder][Create Order][from shanghai to taiyuan at 1970-01-02 18:17:36]
2026-03-11 16:08:45.483  INFO 1 --- [io-12031-exec-1] order.service.OrderServiceImpl           : [create][Create Order][Ready to Create Order]
2026-03-11 16:08:45.527  INFO 1 --- [io-12031-exec-1] order.service.OrderServiceImpl           : [create][Order Create Success][Order Price][OrderId:4157ced2-3041-4d7e-8915-b75dad68d2ff , Price: 0.0]
2026-03-11 16:08:45.527  INFO 1 --- [io-12031-exec-1] order.service.OrderServiceImpl           : [PYTHIA_FINE_TRACE] service=ts-order-service stage=service_create latency_ms=44
2026-03-11 16:08:45.527  INFO 1 --- [io-12031-exec-1] order.controller.OrderController         : [PYTHIA_FINE_TRACE] service=ts-order-service endpoint=createOrder latency_ms=44
2026-03-11 16:08:45.822  INFO 1 --- [io-12031-exec-5] order.controller.OrderController         : [createNewOrder][Create Order][from shanghai to taiyuan at 1970-01-02 18:17:36]
2026-03-11 16:08:45.822  INFO 1 --- [io-12031-exec-5] order.service.OrderServiceImpl           : [create][Create Order][Ready to Create Order]
2026-03-11 16:08:45.873  INFO 1 --- [io-12031-exec-5] order.service.OrderServiceImpl           : [create][Order Create Success][Order Price][OrderId:18c5596c-546f-43d7-87a9-1a66a10dace1 , Price: 0.0]
2026-03-11 16:08:45.873  INFO 1 --- [io-12031-exec-5] order.service.OrderServiceImpl           : [PYTHIA_FINE_TRACE] service=ts-order-service stage=service_create latency_ms=51
2026-03-11 16:08:45.873  INFO 1 --- [io-12031-exec-5] order.controller.OrderController         : [PYTHIA_FINE_TRACE] service=ts-order-service endpoint=createOrder latency_ms=51
2026-03-11 16:08:46.200  INFO 1 --- [io-12031-exec-4] order.controller.OrderController         : [createNewOrder][Create Order][from shanghai to taiyuan at 1970-01-02 18:17:36]
2026-03-11 16:08:46.200  INFO 1 --- [io-12031-exec-4] order.service.OrderServiceImpl           : [create][Create Order][Ready to Create Order]
2026-03-11 16:08:46.249  INFO 1 --- [io-12031-exec-4] order.service.OrderServiceImpl           : [create][Order Create Success][Order Price][OrderId:e902669c-d1ae-41e5-8d7f-6df77a810358 , Price: 0.0]
2026-03-11 16:08:46.249  INFO 1 --- [io-12031-exec-4] order.service.OrderServiceImpl           : [PYTHIA_FINE_TRACE] service=ts-order-service stage=service_create latency_ms=49
2026-03-11 16:08:46.249  INFO 1 --- [io-12031-exec-4] order.controller.OrderController         : [PYTHIA_FINE_TRACE] service=ts-order-service endpoint=createOrder latency_ms=49
2026-03-11 16:08:46.587  INFO 1 --- [io-12031-exec-3] order.controller.OrderController         : [createNewOrder][Create Order][from shanghai to taiyuan at 1970-01-02 18:17:36]
2026-03-11 16:08:46.587  INFO 1 --- [io-12031-exec-3] order.service.OrderServiceImpl           : [create][Create Order][Ready to Create Order]
2026-03-11 16:08:46.887  INFO 1 --- [io-12031-exec-3] order.service.OrderServiceImpl           : [PYTHIA_DELAY] artificial_delay=300ms
2026-03-11 16:08:46.941  INFO 1 --- [io-12031-exec-3] order.service.OrderServiceImpl           : [create][Order Create Success][Order Price][OrderId:81867d08-9bbb-4cb1-94db-bcdda5dee180 , Price: 0.0]
2026-03-11 16:08:46.941  INFO 1 --- [io-12031-exec-3] order.service.OrderServiceImpl           : [PYTHIA_FINE_TRACE] service=ts-order-service stage=service_create latency_ms=354
2026-03-11 16:08:46.941  INFO 1 --- [io-12031-exec-3] order.controller.OrderController         : [PYTHIA_FINE_TRACE] service=ts-order-service endpoint=createOrder latency_ms=354
2026-03-11 16:08:47.226  INFO 1 --- [io-12031-exec-6] order.controller.OrderController         : [createNewOrder][Create Order][from shanghai to taiyuan at 1970-01-02 18:17:36]
2026-03-11 16:08:47.227  INFO 1 --- [io-12031-exec-6] order.service.OrderServiceImpl           : [create][Create Order][Ready to Create Order]
2026-03-11 16:08:47.527  INFO 1 --- [io-12031-exec-6] order.service.OrderServiceImpl           : [PYTHIA_DELAY] artificial_delay=300ms
2026-03-11 16:08:47.574  INFO 1 --- [io-12031-exec-6] order.service.OrderServiceImpl           : [create][Order Create Success][Order Price][OrderId:38450f11-1d14-4594-9dfa-be1fc90ed80e , Price: 0.0]
2026-03-11 16:08:47.574  INFO 1 --- [io-12031-exec-6] order.service.OrderServiceImpl           : [PYTHIA_FINE_TRACE] service=ts-order-service stage=service_create latency_ms=347
2026-03-11 16:08:47.574  INFO 1 --- [io-12031-exec-6] order.controller.OrderController         : [PYTHIA_FINE_TRACE] service=ts-order-service endpoint=createOrder latency_ms=348
2026-03-11 16:08:47.896  INFO 1 --- [io-12031-exec-7] order.controller.OrderController         : [createNewOrder][Create Order][from shanghai to taiyuan at 1970-01-02 18:17:36]
2026-03-11 16:08:47.896  INFO 1 --- [io-12031-exec-7] order.service.OrderServiceImpl           : [create][Create Order][Ready to Create Order]
2026-03-11 16:08:47.948  INFO 1 --- [io-12031-exec-7] order.service.OrderServiceImpl           : [create][Order Create Success][Order Price][OrderId:4e3828c5-7dd8-4a4c-beec-622c4402bf89 , Price: 0.0]
2026-03-11 16:08:47.948  INFO 1 --- [io-12031-exec-7] order.service.OrderServiceImpl           : [PYTHIA_FINE_TRACE] service=ts-order-service stage=service_create latency_ms=52
2026-03-11 16:08:47.948  INFO 1 --- [io-12031-exec-7] order.controller.OrderController         : [PYTHIA_FINE_TRACE] service=ts-order-service endpoint=createOrder latency_ms=52
2026-03-11 16:08:48.495  INFO 1 --- [o-12031-exec-10] order.controller.OrderController         : [createNewOrder][Create Order][from shanghai to taiyuan at 1970-01-02 18:17:36]
2026-03-11 16:08:48.495  INFO 1 --- [o-12031-exec-10] order.service.OrderServiceImpl           : [create][Create Order][Ready to Create Order]
2026-03-11 16:08:48.537  INFO 1 --- [o-12031-exec-10] order.service.OrderServiceImpl           : [create][Order Create Success][Order Price][OrderId:fc65fe7c-c92a-4acc-8f08-06501c363763 , Price: 0.0]
2026-03-11 16:08:48.537  INFO 1 --- [o-12031-exec-10] order.service.OrderServiceImpl           : [PYTHIA_FINE_TRACE] service=ts-order-service stage=service_create latency_ms=42
2026-03-11 16:08:48.537  INFO 1 --- [o-12031-exec-10] order.controller.OrderController         : [PYTHIA_FINE_TRACE] service=ts-order-service endpoint=createOrder latency_ms=42
2026-03-11 16:08:49.105  INFO 1 --- [io-12031-exec-2] order.controller.OrderController         : [createNewOrder][Create Order][from shanghai to taiyuan at 1970-01-02 18:17:36]
2026-03-11 16:08:49.105  INFO 1 --- [io-12031-exec-2] order.service.OrderServiceImpl           : [create][Create Order][Ready to Create Order]
2026-03-11 16:08:49.226  INFO 1 --- [io-12031-exec-2] order.service.OrderServiceImpl           : [create][Order Create Success][Order Price][OrderId:fde3d30b-6c7f-4c51-a263-81ce95e12013 , Price: 0.0]
2026-03-11 16:08:49.226  INFO 1 --- [io-12031-exec-2] order.service.OrderServiceImpl           : [PYTHIA_FINE_TRACE] service=ts-order-service stage=service_create latency_ms=121
2026-03-11 16:08:49.226  INFO 1 --- [io-12031-exec-2] order.controller.OrderController         : [PYTHIA_FINE_TRACE] service=ts-order-service endpoint=createOrder latency_ms=121
2026-03-11 16:08:49.988  INFO 1 --- [io-12031-exec-9] order.controller.OrderController         : [createNewOrder][Create Order][from shanghai to taiyuan at 1970-01-02 18:17:36]
2026-03-11 16:08:49.988  INFO 1 --- [io-12031-exec-9] order.service.OrderServiceImpl           : [create][Create Order][Ready to Create Order]
2026-03-11 16:08:50.031  INFO 1 --- [io-12031-exec-9] order.service.OrderServiceImpl           : [create][Order Create Success][Order Price][OrderId:ce25d408-f29c-4327-b496-5451ba35f3b2 , Price: 0.0]
2026-03-11 16:08:50.031  INFO 1 --- [io-12031-exec-9] order.service.OrderServiceImpl           : [PYTHIA_FINE_TRACE] service=ts-order-service stage=service_create latency_ms=43
2026-03-11 16:08:50.031  INFO 1 --- [io-12031-exec-9] order.controller.OrderController         : [PYTHIA_FINE_TRACE] service=ts-order-service endpoint=createOrder latency_ms=43
2026-03-11 16:08:50.884  INFO 1 --- [io-12031-exec-1] order.controller.OrderController         : [createNewOrder][Create Order][from shanghai to taiyuan at 1970-01-02 18:17:36]
2026-03-11 16:08:50.884  INFO 1 --- [io-12031-exec-1] order.service.OrderServiceImpl           : [create][Create Order][Ready to Create Order]
2026-03-11 16:08:50.935  INFO 1 --- [io-12031-exec-1] order.service.OrderServiceImpl           : [create][Order Create Success][Order Price][OrderId:4d964e32-4b2f-47ed-a3c9-c58629248461 , Price: 0.0]
2026-03-11 16:08:50.935  INFO 1 --- [io-12031-exec-1] order.service.OrderServiceImpl           : [PYTHIA_FINE_TRACE] service=ts-order-service stage=service_create latency_ms=51
2026-03-11 16:08:50.935  INFO 1 --- [io-12031-exec-1] order.controller.OrderController         : [PYTHIA_FINE_TRACE] service=ts-order-service endpoint=createOrder latency_ms=51
2026-03-11 16:08:51.594  INFO 1 --- [io-12031-exec-5] order.controller.OrderController         : [createNewOrder][Create Order][from shanghai to taiyuan at 1970-01-02 18:17:36]
2026-03-11 16:08:51.594  INFO 1 --- [io-12031-exec-5] order.service.OrderServiceImpl           : [create][Create Order][Ready to Create Order]
2026-03-11 16:08:51.636  INFO 1 --- [io-12031-exec-5] order.service.OrderServiceImpl           : [create][Order Create Success][Order Price][OrderId:397261c1-3a6c-45ec-9cb0-a9d65f4d95af , Price: 0.0]
2026-03-11 16:08:51.636  INFO 1 --- [io-12031-exec-5] order.service.OrderServiceImpl           : [PYTHIA_FINE_TRACE] service=ts-order-service stage=service_create latency_ms=42
2026-03-11 16:08:51.636  INFO 1 --- [io-12031-exec-5] order.controller.OrderController         : [PYTHIA_FINE_TRACE] service=ts-order-service endpoint=createOrder latency_ms=42
2026-03-11 16:08:52.293  INFO 1 --- [io-12031-exec-4] order.controller.OrderController         : [createNewOrder][Create Order][from shanghai to taiyuan at 1970-01-02 18:17:36]
2026-03-11 16:08:52.294  INFO 1 --- [io-12031-exec-4] order.service.OrderServiceImpl           : [create][Create Order][Ready to Create Order]
2026-03-11 16:08:52.594  INFO 1 --- [io-12031-exec-4] order.service.OrderServiceImpl           : [PYTHIA_DELAY] artificial_delay=300ms
2026-03-11 16:08:52.645  INFO 1 --- [io-12031-exec-4] order.service.OrderServiceImpl           : [create][Order Create Success][Order Price][OrderId:1b7a2a76-73ea-4912-b456-3989aacea4e7 , Price: 0.0]
2026-03-11 16:08:52.645  INFO 1 --- [io-12031-exec-4] order.service.OrderServiceImpl           : [PYTHIA_FINE_TRACE] service=ts-order-service stage=service_create latency_ms=351
2026-03-11 16:08:52.645  INFO 1 --- [io-12031-exec-4] order.controller.OrderController         : [PYTHIA_FINE_TRACE] service=ts-order-service endpoint=createOrder latency_ms=352
2026-03-11 16:08:52.924  INFO 1 --- [io-12031-exec-3] order.controller.OrderController         : [createNewOrder][Create Order][from shanghai to taiyuan at 1970-01-02 18:17:36]
2026-03-11 16:08:52.924  INFO 1 --- [io-12031-exec-3] order.service.OrderServiceImpl           : [create][Create Order][Ready to Create Order]
2026-03-11 16:08:53.224  INFO 1 --- [io-12031-exec-3] order.service.OrderServiceImpl           : [PYTHIA_DELAY] artificial_delay=300ms
2026-03-11 16:08:53.314  INFO 1 --- [io-12031-exec-3] order.service.OrderServiceImpl           : [create][Order Create Success][Order Price][OrderId:7dac086b-787f-4e5f-b9c2-26503c9cd4d4 , Price: 0.0]
2026-03-11 16:08:53.314  INFO 1 --- [io-12031-exec-3] order.service.OrderServiceImpl           : [PYTHIA_FINE_TRACE] service=ts-order-service stage=service_create latency_ms=390
2026-03-11 16:08:53.315  INFO 1 --- [io-12031-exec-3] order.controller.OrderController         : [PYTHIA_FINE_TRACE] service=ts-order-service endpoint=createOrder latency_ms=391
2026-03-11 16:08:53.681  INFO 1 --- [io-12031-exec-8] order.controller.OrderController         : [createNewOrder][Create Order][from shanghai to taiyuan at 1970-01-02 18:17:36]
2026-03-11 16:08:53.681  INFO 1 --- [io-12031-exec-8] order.service.OrderServiceImpl           : [create][Create Order][Ready to Create Order]
2026-03-11 16:08:53.730  INFO 1 --- [io-12031-exec-8] order.service.OrderServiceImpl           : [create][Order Create Success][Order Price][OrderId:ed92413a-5b0e-4d06-8e84-005f65b11f99 , Price: 0.0]
2026-03-11 16:08:53.731  INFO 1 --- [io-12031-exec-8] order.service.OrderServiceImpl           : [PYTHIA_FINE_TRACE] service=ts-order-service stage=service_create latency_ms=49
2026-03-11 16:08:53.731  INFO 1 --- [io-12031-exec-8] order.controller.OrderController         : [PYTHIA_FINE_TRACE] service=ts-order-service endpoint=createOrder latency_ms=50
2026-03-11 16:08:54.020  INFO 1 --- [io-12031-exec-6] order.controller.OrderController         : [createNewOrder][Create Order][from shanghai to taiyuan at 1970-01-02 18:17:36]
2026-03-11 16:08:54.020  INFO 1 --- [io-12031-exec-6] order.service.OrderServiceImpl           : [create][Create Order][Ready to Create Order]
2026-03-11 16:08:54.111  INFO 1 --- [io-12031-exec-6] order.service.OrderServiceImpl           : [create][Order Create Success][Order Price][OrderId:e434a304-25ea-4c46-9a8a-059df0fd2fbd , Price: 0.0]
2026-03-11 16:08:54.111  INFO 1 --- [io-12031-exec-6] order.service.OrderServiceImpl           : [PYTHIA_FINE_TRACE] service=ts-order-service stage=service_create latency_ms=91
2026-03-11 16:08:54.111  INFO 1 --- [io-12031-exec-6] order.controller.OrderController         : [PYTHIA_FINE_TRACE] service=ts-order-service endpoint=createOrder latency_ms=91
2026-03-11 16:08:54.423  INFO 1 --- [io-12031-exec-7] order.controller.OrderController         : [createNewOrder][Create Order][from shanghai to taiyuan at 1970-01-02 18:17:36]
2026-03-11 16:08:54.423  INFO 1 --- [io-12031-exec-7] order.service.OrderServiceImpl           : [create][Create Order][Ready to Create Order]
2026-03-11 16:08:54.464  INFO 1 --- [io-12031-exec-7] order.service.OrderServiceImpl           : [create][Order Create Success][Order Price][OrderId:cda1a6a0-a42e-4e8e-b3ef-46ee632814e7 , Price: 0.0]
2026-03-11 16:08:54.464  INFO 1 --- [io-12031-exec-7] order.service.OrderServiceImpl           : [PYTHIA_FINE_TRACE] service=ts-order-service stage=service_create latency_ms=41
2026-03-11 16:08:54.464  INFO 1 --- [io-12031-exec-7] order.controller.OrderController         : [PYTHIA_FINE_TRACE] service=ts-order-service endpoint=createOrder latency_ms=41
2026-03-11 16:08:54.790  INFO 1 --- [o-12031-exec-10] order.controller.OrderController         : [createNewOrder][Create Order][from shanghai to taiyuan at 1970-01-02 18:17:36]
2026-03-11 16:08:54.790  INFO 1 --- [o-12031-exec-10] order.service.OrderServiceImpl           : [create][Create Order][Ready to Create Order]
2026-03-11 16:08:55.090  INFO 1 --- [o-12031-exec-10] order.service.OrderServiceImpl           : [PYTHIA_DELAY] artificial_delay=300ms
2026-03-11 16:08:55.143  INFO 1 --- [o-12031-exec-10] order.service.OrderServiceImpl           : [create][Order Create Success][Order Price][OrderId:e39bfef3-ade6-4f90-b1f7-313c2aadfd62 , Price: 0.0]
2026-03-11 16:08:55.143  INFO 1 --- [o-12031-exec-10] order.service.OrderServiceImpl           : [PYTHIA_FINE_TRACE] service=ts-order-service stage=service_create latency_ms=353
2026-03-11 16:08:55.143  INFO 1 --- [o-12031-exec-10] order.controller.OrderController         : [PYTHIA_FINE_TRACE] service=ts-order-service endpoint=createOrder latency_ms=353
2026-03-11 16:08:55.426  INFO 1 --- [io-12031-exec-2] order.controller.OrderController         : [createNewOrder][Create Order][from shanghai to taiyuan at 1970-01-02 18:17:36]
2026-03-11 16:08:55.426  INFO 1 --- [io-12031-exec-2] order.service.OrderServiceImpl           : [create][Create Order][Ready to Create Order]
2026-03-11 16:08:55.528  INFO 1 --- [io-12031-exec-2] order.service.OrderServiceImpl           : [create][Order Create Success][Order Price][OrderId:e51fd901-d9c5-4293-be57-ceb010903d5a , Price: 0.0]
2026-03-11 16:08:55.529  INFO 1 --- [io-12031-exec-2] order.service.OrderServiceImpl           : [PYTHIA_FINE_TRACE] service=ts-order-service stage=service_create latency_ms=103
2026-03-11 16:08:55.529  INFO 1 --- [io-12031-exec-2] order.controller.OrderController         : [PYTHIA_FINE_TRACE] service=ts-order-service endpoint=createOrder latency_ms=103
2026-03-11 16:08:55.825  INFO 1 --- [io-12031-exec-9] order.controller.OrderController         : [createNewOrder][Create Order][from shanghai to taiyuan at 1970-01-02 18:17:36]
2026-03-11 16:08:55.825  INFO 1 --- [io-12031-exec-9] order.service.OrderServiceImpl           : [create][Create Order][Ready to Create Order]
2026-03-11 16:08:56.125  INFO 1 --- [io-12031-exec-9] order.service.OrderServiceImpl           : [PYTHIA_DELAY] artificial_delay=300ms
2026-03-11 16:08:56.177  INFO 1 --- [io-12031-exec-9] order.service.OrderServiceImpl           : [create][Order Create Success][Order Price][OrderId:2afd05be-a346-4f8a-b277-d69b18fac06e , Price: 0.0]
2026-03-11 16:08:56.177  INFO 1 --- [io-12031-exec-9] order.service.OrderServiceImpl           : [PYTHIA_FINE_TRACE] service=ts-order-service stage=service_create latency_ms=352
2026-03-11 16:08:56.177  INFO 1 --- [io-12031-exec-9] order.controller.OrderController         : [PYTHIA_FINE_TRACE] service=ts-order-service endpoint=createOrder latency_ms=352
2026-03-11 16:08:56.497  INFO 1 --- [io-12031-exec-1] order.controller.OrderController         : [createNewOrder][Create Order][from shanghai to taiyuan at 1970-01-02 18:17:36]
2026-03-11 16:08:56.497  INFO 1 --- [io-12031-exec-1] order.service.OrderServiceImpl           : [create][Create Order][Ready to Create Order]
2026-03-11 16:08:56.544  INFO 1 --- [io-12031-exec-1] order.service.OrderServiceImpl           : [create][Order Create Success][Order Price][OrderId:2388b6c6-ccdb-4660-b9aa-37dc66e9bab8 , Price: 0.0]
2026-03-11 16:08:56.544  INFO 1 --- [io-12031-exec-1] order.service.OrderServiceImpl           : [PYTHIA_FINE_TRACE] service=ts-order-service stage=service_create latency_ms=47
2026-03-11 16:08:56.544  INFO 1 --- [io-12031-exec-1] order.controller.OrderController         : [PYTHIA_FINE_TRACE] service=ts-order-service endpoint=createOrder latency_ms=47
2026-03-11 16:08:56.825  INFO 1 --- [io-12031-exec-5] order.controller.OrderController         : [createNewOrder][Create Order][from shanghai to taiyuan at 1970-01-02 18:17:36]
2026-03-11 16:08:56.825  INFO 1 --- [io-12031-exec-5] order.service.OrderServiceImpl           : [create][Create Order][Ready to Create Order]
2026-03-11 16:08:57.125  INFO 1 --- [io-12031-exec-5] order.service.OrderServiceImpl           : [PYTHIA_DELAY] artificial_delay=300ms
2026-03-11 16:08:57.175  INFO 1 --- [io-12031-exec-5] order.service.OrderServiceImpl           : [create][Order Create Success][Order Price][OrderId:36e778ea-9b3a-44c4-bff2-ac751a7f31a9 , Price: 0.0]
2026-03-11 16:08:57.175  INFO 1 --- [io-12031-exec-5] order.service.OrderServiceImpl           : [PYTHIA_FINE_TRACE] service=ts-order-service stage=service_create latency_ms=350
2026-03-11 16:08:57.175  INFO 1 --- [io-12031-exec-5] order.controller.OrderController         : [PYTHIA_FINE_TRACE] service=ts-order-service endpoint=createOrder latency_ms=350
2026-03-11 16:08:57.494  INFO 1 --- [io-12031-exec-3] order.controller.OrderController         : [createNewOrder][Create Order][from shanghai to taiyuan at 1970-01-02 18:17:36]
2026-03-11 16:08:57.494  INFO 1 --- [io-12031-exec-3] order.service.OrderServiceImpl           : [create][Create Order][Ready to Create Order]
2026-03-11 16:08:57.537  INFO 1 --- [io-12031-exec-3] order.service.OrderServiceImpl           : [create][Order Create Success][Order Price][OrderId:0fc78b6d-79e5-4abe-9e29-7d4661e0e0a7 , Price: 0.0]
2026-03-11 16:08:57.537  INFO 1 --- [io-12031-exec-3] order.service.OrderServiceImpl           : [PYTHIA_FINE_TRACE] service=ts-order-service stage=service_create latency_ms=43
2026-03-11 16:08:57.537  INFO 1 --- [io-12031-exec-3] order.controller.OrderController         : [PYTHIA_FINE_TRACE] service=ts-order-service endpoint=createOrder latency_ms=43
2026-03-11 16:08:57.825  INFO 1 --- [io-12031-exec-8] order.controller.OrderController         : [createNewOrder][Create Order][from shanghai to taiyuan at 1970-01-02 18:17:36]
2026-03-11 16:08:57.825  INFO 1 --- [io-12031-exec-8] order.service.OrderServiceImpl           : [create][Create Order][Ready to Create Order]
2026-03-11 16:08:58.125  INFO 1 --- [io-12031-exec-8] order.service.OrderServiceImpl           : [PYTHIA_DELAY] artificial_delay=300ms
2026-03-11 16:08:58.176  INFO 1 --- [io-12031-exec-8] order.service.OrderServiceImpl           : [create][Order Create Success][Order Price][OrderId:b23283d0-e9fd-4d79-82e2-071630305596 , Price: 0.0]
2026-03-11 16:08:58.176  INFO 1 --- [io-12031-exec-8] order.service.OrderServiceImpl           : [PYTHIA_FINE_TRACE] service=ts-order-service stage=service_create latency_ms=351
2026-03-11 16:08:58.176  INFO 1 --- [io-12031-exec-8] order.controller.OrderController         : [PYTHIA_FINE_TRACE] service=ts-order-service endpoint=createOrder latency_ms=351
2026-03-11 16:08:58.495  INFO 1 --- [io-12031-exec-6] order.controller.OrderController         : [createNewOrder][Create Order][from shanghai to taiyuan at 1970-01-02 18:17:36]
2026-03-11 16:08:58.496  INFO 1 --- [io-12031-exec-6] order.service.OrderServiceImpl           : [create][Create Order][Ready to Create Order]
2026-03-11 16:08:58.544  INFO 1 --- [io-12031-exec-6] order.service.OrderServiceImpl           : [create][Order Create Success][Order Price][OrderId:c17cec90-2228-44e5-a327-f5253f47550d , Price: 0.0]
2026-03-11 16:08:58.544  INFO 1 --- [io-12031-exec-6] order.service.OrderServiceImpl           : [PYTHIA_FINE_TRACE] service=ts-order-service stage=service_create latency_ms=48
2026-03-11 16:08:58.545  INFO 1 --- [io-12031-exec-6] order.controller.OrderController         : [PYTHIA_FINE_TRACE] service=ts-order-service endpoint=createOrder latency_ms=50
2026-03-11 16:08:58.825  INFO 1 --- [io-12031-exec-7] order.controller.OrderController         : [createNewOrder][Create Order][from shanghai to taiyuan at 1970-01-02 18:17:36]
2026-03-11 16:08:58.825  INFO 1 --- [io-12031-exec-7] order.service.OrderServiceImpl           : [create][Create Order][Ready to Create Order]
2026-03-11 16:08:58.874  INFO 1 --- [io-12031-exec-7] order.service.OrderServiceImpl           : [create][Order Create Success][Order Price][OrderId:2cf1fe11-9d79-4608-b5f5-bcc61709ac26 , Price: 0.0]
2026-03-11 16:08:58.874  INFO 1 --- [io-12031-exec-7] order.service.OrderServiceImpl           : [PYTHIA_FINE_TRACE] service=ts-order-service stage=service_create latency_ms=49
2026-03-11 16:08:58.874  INFO 1 --- [io-12031-exec-7] order.controller.OrderController         : [PYTHIA_FINE_TRACE] service=ts-order-service endpoint=createOrder latency_ms=49
2026-03-11 16:08:59.195  INFO 1 --- [o-12031-exec-10] order.controller.OrderController         : [createNewOrder][Create Order][from shanghai to taiyuan at 1970-01-02 18:17:36]
2026-03-11 16:08:59.195  INFO 1 --- [o-12031-exec-10] order.service.OrderServiceImpl           : [create][Create Order][Ready to Create Order]
2026-03-11 16:08:59.237  INFO 1 --- [o-12031-exec-10] order.service.OrderServiceImpl           : [create][Order Create Success][Order Price][OrderId:073d48dd-4860-44ea-a7ea-8a8ac89a4b84 , Price: 0.0]
2026-03-11 16:08:59.237  INFO 1 --- [o-12031-exec-10] order.service.OrderServiceImpl           : [PYTHIA_FINE_TRACE] service=ts-order-service stage=service_create latency_ms=42
2026-03-11 16:08:59.237  INFO 1 --- [o-12031-exec-10] order.controller.OrderController         : [PYTHIA_FINE_TRACE] service=ts-order-service endpoint=createOrder latency_ms=42
2026-03-11 16:08:59.522  INFO 1 --- [io-12031-exec-2] order.controller.OrderController         : [createNewOrder][Create Order][from shanghai to taiyuan at 1970-01-02 18:17:36]
2026-03-11 16:08:59.522  INFO 1 --- [io-12031-exec-2] order.service.OrderServiceImpl           : [create][Create Order][Ready to Create Order]
2026-03-11 16:08:59.569  INFO 1 --- [io-12031-exec-2] order.service.OrderServiceImpl           : [create][Order Create Success][Order Price][OrderId:6e5ba103-5dd3-412a-a311-af288bb92412 , Price: 0.0]
2026-03-11 16:08:59.569  INFO 1 --- [io-12031-exec-2] order.service.OrderServiceImpl           : [PYTHIA_FINE_TRACE] service=ts-order-service stage=service_create latency_ms=47
2026-03-11 16:08:59.569  INFO 1 --- [io-12031-exec-2] order.controller.OrderController         : [PYTHIA_FINE_TRACE] service=ts-order-service endpoint=createOrder latency_ms=47
2026-03-11 16:08:59.883  INFO 1 --- [io-12031-exec-9] order.controller.OrderController         : [createNewOrder][Create Order][from shanghai to taiyuan at 1970-01-02 18:17:36]
2026-03-11 16:08:59.883  INFO 1 --- [io-12031-exec-9] order.service.OrderServiceImpl           : [create][Create Order][Ready to Create Order]
2026-03-11 16:08:59.938  INFO 1 --- [io-12031-exec-9] order.service.OrderServiceImpl           : [create][Order Create Success][Order Price][OrderId:d3f2fdbe-7bcc-4fe7-9bbf-f85a7a8b7a63 , Price: 0.0]
2026-03-11 16:08:59.938  INFO 1 --- [io-12031-exec-9] order.service.OrderServiceImpl           : [PYTHIA_FINE_TRACE] service=ts-order-service stage=service_create latency_ms=55
2026-03-11 16:08:59.938  INFO 1 --- [io-12031-exec-9] order.controller.OrderController         : [PYTHIA_FINE_TRACE] service=ts-order-service endpoint=createOrder latency_ms=55
2026-03-11 16:09:00.222  INFO 1 --- [io-12031-exec-1] order.controller.OrderController         : [createNewOrder][Create Order][from shanghai to taiyuan at 1970-01-02 18:17:36]
2026-03-11 16:09:00.222  INFO 1 --- [io-12031-exec-1] order.service.OrderServiceImpl           : [create][Create Order][Ready to Create Order]
2026-03-11 16:09:00.263  INFO 1 --- [io-12031-exec-1] order.service.OrderServiceImpl           : [create][Order Create Success][Order Price][OrderId:38ab62d0-b36c-4cb7-8fc9-bd1ab65eda7c , Price: 0.0]
2026-03-11 16:09:00.264  INFO 1 --- [io-12031-exec-1] order.service.OrderServiceImpl           : [PYTHIA_FINE_TRACE] service=ts-order-service stage=service_create latency_ms=42
2026-03-11 16:09:00.264  INFO 1 --- [io-12031-exec-1] order.controller.OrderController         : [PYTHIA_FINE_TRACE] service=ts-order-service endpoint=createOrder latency_ms=42
2026-03-11 16:09:00.617  INFO 1 --- [io-12031-exec-5] order.controller.OrderController         : [createNewOrder][Create Order][from shanghai to taiyuan at 1970-01-02 18:17:36]
2026-03-11 16:09:00.617  INFO 1 --- [io-12031-exec-5] order.service.OrderServiceImpl           : [create][Create Order][Ready to Create Order]
2026-03-11 16:09:00.701  INFO 1 --- [io-12031-exec-5] order.service.OrderServiceImpl           : [create][Order Create Success][Order Price][OrderId:16ac55c6-0dbe-414e-810c-cfc78b6bcd4e , Price: 0.0]
2026-03-11 16:09:00.702  INFO 1 --- [io-12031-exec-5] order.service.OrderServiceImpl           : [PYTHIA_FINE_TRACE] service=ts-order-service stage=service_create latency_ms=85
2026-03-11 16:09:00.702  INFO 1 --- [io-12031-exec-5] order.controller.OrderController         : [PYTHIA_FINE_TRACE] service=ts-order-service endpoint=createOrder latency_ms=85
2026-03-11 16:09:01.021  INFO 1 --- [io-12031-exec-4] order.controller.OrderController         : [createNewOrder][Create Order][from shanghai to taiyuan at 1970-01-02 18:17:36]
2026-03-11 16:09:01.021  INFO 1 --- [io-12031-exec-4] order.service.OrderServiceImpl           : [create][Create Order][Ready to Create Order]
2026-03-11 16:09:01.061  INFO 1 --- [io-12031-exec-4] order.service.OrderServiceImpl           : [create][Order Create Success][Order Price][OrderId:6b3042dc-e292-43bb-a684-c5d48238bd95 , Price: 0.0]
2026-03-11 16:09:01.061  INFO 1 --- [io-12031-exec-4] order.service.OrderServiceImpl           : [PYTHIA_FINE_TRACE] service=ts-order-service stage=service_create latency_ms=40
2026-03-11 16:09:01.061  INFO 1 --- [io-12031-exec-4] order.controller.OrderController         : [PYTHIA_FINE_TRACE] service=ts-order-service endpoint=createOrder latency_ms=40
2026-03-11 16:09:01.327  INFO 1 --- [io-12031-exec-3] order.controller.OrderController         : [createNewOrder][Create Order][from shanghai to taiyuan at 1970-01-02 18:17:36]
2026-03-11 16:09:01.327  INFO 1 --- [io-12031-exec-3] order.service.OrderServiceImpl           : [create][Create Order][Ready to Create Order]
2026-03-11 16:09:01.402  INFO 1 --- [io-12031-exec-3] order.service.OrderServiceImpl           : [create][Order Create Success][Order Price][OrderId:4a03cd14-dbab-4fc9-8198-2e2701d721c0 , Price: 0.0]
2026-03-11 16:09:01.402  INFO 1 --- [io-12031-exec-3] order.service.OrderServiceImpl           : [PYTHIA_FINE_TRACE] service=ts-order-service stage=service_create latency_ms=75
2026-03-11 16:09:01.402  INFO 1 --- [io-12031-exec-3] order.controller.OrderController         : [PYTHIA_FINE_TRACE] service=ts-order-service endpoint=createOrder latency_ms=75
2026-03-11 16:09:01.726  INFO 1 --- [io-12031-exec-8] order.controller.OrderController         : [createNewOrder][Create Order][from shanghai to taiyuan at 1970-01-02 18:17:36]
2026-03-11 16:09:01.726  INFO 1 --- [io-12031-exec-8] order.service.OrderServiceImpl           : [create][Create Order][Ready to Create Order]
2026-03-11 16:09:02.027  INFO 1 --- [io-12031-exec-8] order.service.OrderServiceImpl           : [PYTHIA_DELAY] artificial_delay=300ms
2026-03-11 16:09:02.070  INFO 1 --- [io-12031-exec-8] order.service.OrderServiceImpl           : [create][Order Create Success][Order Price][OrderId:8777cd96-c624-48a4-8045-786d410b0a72 , Price: 0.0]
2026-03-11 16:09:02.070  INFO 1 --- [io-12031-exec-8] order.service.OrderServiceImpl           : [PYTHIA_FINE_TRACE] service=ts-order-service stage=service_create latency_ms=344
2026-03-11 16:09:02.070  INFO 1 --- [io-12031-exec-8] order.controller.OrderController         : [PYTHIA_FINE_TRACE] service=ts-order-service endpoint=createOrder latency_ms=344
2026-03-11 16:09:02.387  INFO 1 --- [io-12031-exec-6] order.controller.OrderController         : [createNewOrder][Create Order][from shanghai to taiyuan at 1970-01-02 18:17:36]
2026-03-11 16:09:02.387  INFO 1 --- [io-12031-exec-6] order.service.OrderServiceImpl           : [create][Create Order][Ready to Create Order]
2026-03-11 16:09:02.443  INFO 1 --- [io-12031-exec-6] order.service.OrderServiceImpl           : [create][Order Create Success][Order Price][OrderId:9bb47f27-114a-4260-ae2c-c09b8e96981d , Price: 0.0]
2026-03-11 16:09:02.443  INFO 1 --- [io-12031-exec-6] order.service.OrderServiceImpl           : [PYTHIA_FINE_TRACE] service=ts-order-service stage=service_create latency_ms=56
2026-03-11 16:09:02.443  INFO 1 --- [io-12031-exec-6] order.controller.OrderController         : [PYTHIA_FINE_TRACE] service=ts-order-service endpoint=createOrder latency_ms=56
2026-03-11 16:09:02.726  INFO 1 --- [io-12031-exec-7] order.controller.OrderController         : [createNewOrder][Create Order][from shanghai to taiyuan at 1970-01-02 18:17:36]
2026-03-11 16:09:02.726  INFO 1 --- [io-12031-exec-7] order.service.OrderServiceImpl           : [create][Create Order][Ready to Create Order]
2026-03-11 16:09:02.767  INFO 1 --- [io-12031-exec-7] order.service.OrderServiceImpl           : [create][Order Create Success][Order Price][OrderId:69959c7e-2103-41bf-aac7-1ff5628c9a78 , Price: 0.0]
2026-03-11 16:09:02.767  INFO 1 --- [io-12031-exec-7] order.service.OrderServiceImpl           : [PYTHIA_FINE_TRACE] service=ts-order-service stage=service_create latency_ms=41
2026-03-11 16:09:02.767  INFO 1 --- [io-12031-exec-7] order.controller.OrderController         : [PYTHIA_FINE_TRACE] service=ts-order-service endpoint=createOrder latency_ms=41
2026-03-11 16:09:03.085  INFO 1 --- [o-12031-exec-10] order.controller.OrderController         : [createNewOrder][Create Order][from shanghai to taiyuan at 1970-01-02 18:17:36]
2026-03-11 16:09:03.085  INFO 1 --- [o-12031-exec-10] order.service.OrderServiceImpl           : [create][Create Order][Ready to Create Order]
2026-03-11 16:09:03.135  INFO 1 --- [o-12031-exec-10] order.service.OrderServiceImpl           : [create][Order Create Success][Order Price][OrderId:2ac13d46-76c5-4cdf-9dc3-0fe62bdc42f7 , Price: 0.0]
2026-03-11 16:09:03.135  INFO 1 --- [o-12031-exec-10] order.service.OrderServiceImpl           : [PYTHIA_FINE_TRACE] service=ts-order-service stage=service_create latency_ms=50
2026-03-11 16:09:03.135  INFO 1 --- [o-12031-exec-10] order.controller.OrderController         : [PYTHIA_FINE_TRACE] service=ts-order-service endpoint=createOrder latency_ms=50
2026-03-11 16:09:03.427  INFO 1 --- [io-12031-exec-2] order.controller.OrderController         : [createNewOrder][Create Order][from shanghai to taiyuan at 1970-01-02 18:17:36]
2026-03-11 16:09:03.427  INFO 1 --- [io-12031-exec-2] order.service.OrderServiceImpl           : [create][Create Order][Ready to Create Order]
2026-03-11 16:09:03.728  INFO 1 --- [io-12031-exec-2] order.service.OrderServiceImpl           : [PYTHIA_DELAY] artificial_delay=300ms
2026-03-11 16:09:03.767  INFO 1 --- [io-12031-exec-2] order.service.OrderServiceImpl           : [create][Order Create Success][Order Price][OrderId:6da06848-9ffb-4a4c-ab0a-f18aca713cd4 , Price: 0.0]
2026-03-11 16:09:03.767  INFO 1 --- [io-12031-exec-2] order.service.OrderServiceImpl           : [PYTHIA_FINE_TRACE] service=ts-order-service stage=service_create latency_ms=340
2026-03-11 16:09:03.767  INFO 1 --- [io-12031-exec-2] order.controller.OrderController         : [PYTHIA_FINE_TRACE] service=ts-order-service endpoint=createOrder latency_ms=340
2026-03-11 16:09:04.086  INFO 1 --- [io-12031-exec-9] order.controller.OrderController         : [createNewOrder][Create Order][from shanghai to taiyuan at 1970-01-02 18:17:36]
2026-03-11 16:09:04.086  INFO 1 --- [io-12031-exec-9] order.service.OrderServiceImpl           : [create][Create Order][Ready to Create Order]
2026-03-11 16:09:04.386  INFO 1 --- [io-12031-exec-9] order.service.OrderServiceImpl           : [PYTHIA_DELAY] artificial_delay=300ms
2026-03-11 16:09:04.439  INFO 1 --- [io-12031-exec-9] order.service.OrderServiceImpl           : [create][Order Create Success][Order Price][OrderId:8441b462-8a59-4a71-9829-d6cfdbdcff83 , Price: 0.0]
2026-03-11 16:09:04.439  INFO 1 --- [io-12031-exec-9] order.service.OrderServiceImpl           : [PYTHIA_FINE_TRACE] service=ts-order-service stage=service_create latency_ms=353
2026-03-11 16:09:04.439  INFO 1 --- [io-12031-exec-9] order.controller.OrderController         : [PYTHIA_FINE_TRACE] service=ts-order-service endpoint=createOrder latency_ms=353
2026-03-11 16:09:04.725  INFO 1 --- [io-12031-exec-1] order.controller.OrderController         : [createNewOrder][Create Order][from shanghai to taiyuan at 1970-01-02 18:17:36]
2026-03-11 16:09:04.725  INFO 1 --- [io-12031-exec-1] order.service.OrderServiceImpl           : [create][Create Order][Ready to Create Order]
2026-03-11 16:09:05.025  INFO 1 --- [io-12031-exec-1] order.service.OrderServiceImpl           : [PYTHIA_DELAY] artificial_delay=300ms
2026-03-11 16:09:05.069  INFO 1 --- [io-12031-exec-1] order.service.OrderServiceImpl           : [create][Order Create Success][Order Price][OrderId:93746c30-2d17-4f7a-8f04-e553376fea7b , Price: 0.0]
2026-03-11 16:09:05.069  INFO 1 --- [io-12031-exec-1] order.service.OrderServiceImpl           : [PYTHIA_FINE_TRACE] service=ts-order-service stage=service_create latency_ms=344
2026-03-11 16:09:05.069  INFO 1 --- [io-12031-exec-1] order.controller.OrderController         : [PYTHIA_FINE_TRACE] service=ts-order-service endpoint=createOrder latency_ms=344
2026-03-11 16:09:05.407  INFO 1 --- [io-12031-exec-5] order.controller.OrderController         : [createNewOrder][Create Order][from shanghai to taiyuan at 1970-01-02 18:17:36]
2026-03-11 16:09:05.407  INFO 1 --- [io-12031-exec-5] order.service.OrderServiceImpl           : [create][Create Order][Ready to Create Order]
2026-03-11 16:09:05.501  INFO 1 --- [io-12031-exec-5] order.service.OrderServiceImpl           : [create][Order Create Success][Order Price][OrderId:b0c028aa-c2ac-4e64-928b-eded0ce01bab , Price: 0.0]
2026-03-11 16:09:05.501  INFO 1 --- [io-12031-exec-5] order.service.OrderServiceImpl           : [PYTHIA_FINE_TRACE] service=ts-order-service stage=service_create latency_ms=94
2026-03-11 16:09:05.502  INFO 1 --- [io-12031-exec-5] order.controller.OrderController         : [PYTHIA_FINE_TRACE] service=ts-order-service endpoint=createOrder latency_ms=95
2026-03-11 16:09:05.822  INFO 1 --- [io-12031-exec-4] order.controller.OrderController         : [createNewOrder][Create Order][from shanghai to taiyuan at 1970-01-02 18:17:36]
2026-03-11 16:09:05.822  INFO 1 --- [io-12031-exec-4] order.service.OrderServiceImpl           : [create][Create Order][Ready to Create Order]
2026-03-11 16:09:06.122  INFO 1 --- [io-12031-exec-4] order.service.OrderServiceImpl           : [PYTHIA_DELAY] artificial_delay=300ms
2026-03-11 16:09:06.202  INFO 1 --- [io-12031-exec-4] order.service.OrderServiceImpl           : [create][Order Create Success][Order Price][OrderId:609fc26d-5532-49e5-a8a3-5d3449074fe6 , Price: 0.0]
2026-03-11 16:09:06.202  INFO 1 --- [io-12031-exec-4] order.service.OrderServiceImpl           : [PYTHIA_FINE_TRACE] service=ts-order-service stage=service_create latency_ms=380
2026-03-11 16:09:06.202  INFO 1 --- [io-12031-exec-4] order.controller.OrderController         : [PYTHIA_FINE_TRACE] service=ts-order-service endpoint=createOrder latency_ms=380
2026-03-11 16:09:06.526  INFO 1 --- [io-12031-exec-3] order.controller.OrderController         : [createNewOrder][Create Order][from shanghai to taiyuan at 1970-01-02 18:17:36]
2026-03-11 16:09:06.526  INFO 1 --- [io-12031-exec-3] order.service.OrderServiceImpl           : [create][Create Order][Ready to Create Order]
2026-03-11 16:09:06.568  INFO 1 --- [io-12031-exec-3] order.service.OrderServiceImpl           : [create][Order Create Success][Order Price][OrderId:ecec5332-3274-4924-9c45-1b23bdbd7180 , Price: 0.0]
2026-03-11 16:09:06.568  INFO 1 --- [io-12031-exec-3] order.service.OrderServiceImpl           : [PYTHIA_FINE_TRACE] service=ts-order-service stage=service_create latency_ms=42
2026-03-11 16:09:06.568  INFO 1 --- [io-12031-exec-3] order.controller.OrderController         : [PYTHIA_FINE_TRACE] service=ts-order-service endpoint=createOrder latency_ms=42
2026-03-11 16:09:06.888  INFO 1 --- [io-12031-exec-8] order.controller.OrderController         : [createNewOrder][Create Order][from shanghai to taiyuan at 1970-01-02 18:17:36]
2026-03-11 16:09:06.888  INFO 1 --- [io-12031-exec-8] order.service.OrderServiceImpl           : [create][Create Order][Ready to Create Order]
2026-03-11 16:09:06.942  INFO 1 --- [io-12031-exec-8] order.service.OrderServiceImpl           : [create][Order Create Success][Order Price][OrderId:1facd4c5-726a-438c-b19a-04e0206b2f32 , Price: 0.0]
2026-03-11 16:09:06.942  INFO 1 --- [io-12031-exec-8] order.service.OrderServiceImpl           : [PYTHIA_FINE_TRACE] service=ts-order-service stage=service_create latency_ms=54
2026-03-11 16:09:06.942  INFO 1 --- [io-12031-exec-8] order.controller.OrderController         : [PYTHIA_FINE_TRACE] service=ts-order-service endpoint=createOrder latency_ms=54
2026-03-11 16:09:07.221  INFO 1 --- [io-12031-exec-7] order.controller.OrderController         : [createNewOrder][Create Order][from shanghai to taiyuan at 1970-01-02 18:17:36]
2026-03-11 16:09:07.221  INFO 1 --- [io-12031-exec-7] order.service.OrderServiceImpl           : [create][Create Order][Ready to Create Order]
2026-03-11 16:09:07.262  INFO 1 --- [io-12031-exec-7] order.service.OrderServiceImpl           : [create][Order Create Success][Order Price][OrderId:97d59966-dded-4e1e-8e4b-783216ff9c7c , Price: 0.0]
2026-03-11 16:09:07.262  INFO 1 --- [io-12031-exec-7] order.service.OrderServiceImpl           : [PYTHIA_FINE_TRACE] service=ts-order-service stage=service_create latency_ms=41
2026-03-11 16:09:07.262  INFO 1 --- [io-12031-exec-7] order.controller.OrderController         : [PYTHIA_FINE_TRACE] service=ts-order-service endpoint=createOrder latency_ms=41
2026-03-11 16:09:07.580  INFO 1 --- [o-12031-exec-10] order.controller.OrderController         : [createNewOrder][Create Order][from shanghai to taiyuan at 1970-01-02 18:17:36]
2026-03-11 16:09:07.580  INFO 1 --- [o-12031-exec-10] order.service.OrderServiceImpl           : [create][Create Order][Ready to Create Order]
2026-03-11 16:09:07.633  INFO 1 --- [o-12031-exec-10] order.service.OrderServiceImpl           : [create][Order Create Success][Order Price][OrderId:7d9b747b-a5ae-4e6a-ab3c-7ef8a0435d99 , Price: 0.0]
2026-03-11 16:09:07.633  INFO 1 --- [o-12031-exec-10] order.service.OrderServiceImpl           : [PYTHIA_FINE_TRACE] service=ts-order-service stage=service_create latency_ms=53
2026-03-11 16:09:07.633  INFO 1 --- [o-12031-exec-10] order.controller.OrderController         : [PYTHIA_FINE_TRACE] service=ts-order-service endpoint=createOrder latency_ms=53
2026-03-11 16:09:07.978  INFO 1 --- [io-12031-exec-2] order.controller.OrderController         : [createNewOrder][Create Order][from shanghai to taiyuan at 1970-01-02 18:17:36]
2026-03-11 16:09:07.978  INFO 1 --- [io-12031-exec-2] order.service.OrderServiceImpl           : [create][Create Order][Ready to Create Order]
2026-03-11 16:09:08.278  INFO 1 --- [io-12031-exec-2] order.service.OrderServiceImpl           : [PYTHIA_DELAY] artificial_delay=300ms
2026-03-11 16:09:08.322  INFO 1 --- [io-12031-exec-2] order.service.OrderServiceImpl           : [create][Order Create Success][Order Price][OrderId:f6f65e10-06e2-405a-88a3-f06c02e1e08a , Price: 0.0]
2026-03-11 16:09:08.322  INFO 1 --- [io-12031-exec-2] order.service.OrderServiceImpl           : [PYTHIA_FINE_TRACE] service=ts-order-service stage=service_create latency_ms=344
2026-03-11 16:09:08.322  INFO 1 --- [io-12031-exec-2] order.controller.OrderController         : [PYTHIA_FINE_TRACE] service=ts-order-service endpoint=createOrder latency_ms=344
2026-03-11 16:09:08.630  INFO 1 --- [io-12031-exec-9] order.controller.OrderController         : [createNewOrder][Create Order][from shanghai to taiyuan at 1970-01-02 18:17:36]
2026-03-11 16:09:08.630  INFO 1 --- [io-12031-exec-9] order.service.OrderServiceImpl           : [create][Create Order][Ready to Create Order]
2026-03-11 16:09:08.705  INFO 1 --- [io-12031-exec-9] order.service.OrderServiceImpl           : [create][Order Create Success][Order Price][OrderId:becd1424-34ca-46c8-9454-a73671768df7 , Price: 0.0]
2026-03-11 16:09:08.705  INFO 1 --- [io-12031-exec-9] order.service.OrderServiceImpl           : [PYTHIA_FINE_TRACE] service=ts-order-service stage=service_create latency_ms=75
2026-03-11 16:09:08.705  INFO 1 --- [io-12031-exec-9] order.controller.OrderController         : [PYTHIA_FINE_TRACE] service=ts-order-service endpoint=createOrder latency_ms=75
2026-03-11 16:09:09.021  INFO 1 --- [io-12031-exec-1] order.controller.OrderController         : [createNewOrder][Create Order][from shanghai to taiyuan at 1970-01-02 18:17:36]
2026-03-11 16:09:09.021  INFO 1 --- [io-12031-exec-1] order.service.OrderServiceImpl           : [create][Create Order][Ready to Create Order]
2026-03-11 16:09:09.063  INFO 1 --- [io-12031-exec-1] order.service.OrderServiceImpl           : [create][Order Create Success][Order Price][OrderId:10722ca7-d2a4-40f3-8d96-d41992ba2ddf , Price: 0.0]
2026-03-11 16:09:09.063  INFO 1 --- [io-12031-exec-1] order.service.OrderServiceImpl           : [PYTHIA_FINE_TRACE] service=ts-order-service stage=service_create latency_ms=42
2026-03-11 16:09:09.063  INFO 1 --- [io-12031-exec-1] order.controller.OrderController         : [PYTHIA_FINE_TRACE] service=ts-order-service endpoint=createOrder latency_ms=42
2026-03-11 16:09:09.382  INFO 1 --- [io-12031-exec-5] order.controller.OrderController         : [createNewOrder][Create Order][from shanghai to taiyuan at 1970-01-02 18:17:36]
2026-03-11 16:09:09.382  INFO 1 --- [io-12031-exec-5] order.service.OrderServiceImpl           : [create][Create Order][Ready to Create Order]
2026-03-11 16:09:09.435  INFO 1 --- [io-12031-exec-5] order.service.OrderServiceImpl           : [create][Order Create Success][Order Price][OrderId:794e55fa-e40d-4739-96d3-22a69f076cae , Price: 0.0]
2026-03-11 16:09:09.435  INFO 1 --- [io-12031-exec-5] order.service.OrderServiceImpl           : [PYTHIA_FINE_TRACE] service=ts-order-service stage=service_create latency_ms=53
2026-03-11 16:09:09.435  INFO 1 --- [io-12031-exec-5] order.controller.OrderController         : [PYTHIA_FINE_TRACE] service=ts-order-service endpoint=createOrder latency_ms=53
2026-03-11 16:09:09.719  INFO 1 --- [io-12031-exec-4] order.controller.OrderController         : [createNewOrder][Create Order][from shanghai to taiyuan at 1970-01-02 18:17:36]
2026-03-11 16:09:09.719  INFO 1 --- [io-12031-exec-4] order.service.OrderServiceImpl           : [create][Create Order][Ready to Create Order]
2026-03-11 16:09:10.019  INFO 1 --- [io-12031-exec-4] order.service.OrderServiceImpl           : [PYTHIA_DELAY] artificial_delay=300ms
2026-03-11 16:09:10.062  INFO 1 --- [io-12031-exec-4] order.service.OrderServiceImpl           : [create][Order Create Success][Order Price][OrderId:6ed7c956-5db2-4be2-86e7-13e168a149ba , Price: 0.0]
2026-03-11 16:09:10.062  INFO 1 --- [io-12031-exec-4] order.service.OrderServiceImpl           : [PYTHIA_FINE_TRACE] service=ts-order-service stage=service_create latency_ms=343
2026-03-11 16:09:10.062  INFO 1 --- [io-12031-exec-4] order.controller.OrderController         : [PYTHIA_FINE_TRACE] service=ts-order-service endpoint=createOrder latency_ms=343
2026-03-11 16:09:10.392  INFO 1 --- [io-12031-exec-3] order.controller.OrderController         : [createNewOrder][Create Order][from shanghai to taiyuan at 1970-01-02 18:17:36]
2026-03-11 16:09:10.392  INFO 1 --- [io-12031-exec-3] order.service.OrderServiceImpl           : [create][Create Order][Ready to Create Order]
2026-03-11 16:09:10.513  INFO 1 --- [io-12031-exec-3] order.service.OrderServiceImpl           : [create][Order Create Success][Order Price][OrderId:d54afe40-10e3-4b18-a54c-94ef17e3b6d0 , Price: 0.0]
2026-03-11 16:09:10.513  INFO 1 --- [io-12031-exec-3] order.service.OrderServiceImpl           : [PYTHIA_FINE_TRACE] service=ts-order-service stage=service_create latency_ms=121
2026-03-11 16:09:10.513  INFO 1 --- [io-12031-exec-3] order.controller.OrderController         : [PYTHIA_FINE_TRACE] service=ts-order-service endpoint=createOrder latency_ms=121
2026-03-11 16:09:10.825  INFO 1 --- [io-12031-exec-8] order.controller.OrderController         : [createNewOrder][Create Order][from shanghai to taiyuan at 1970-01-02 18:17:36]
2026-03-11 16:09:10.825  INFO 1 --- [io-12031-exec-8] order.service.OrderServiceImpl           : [create][Create Order][Ready to Create Order]
2026-03-11 16:09:10.902  INFO 1 --- [io-12031-exec-8] order.service.OrderServiceImpl           : [create][Order Create Success][Order Price][OrderId:6af858a4-cfe3-49cc-a5d8-2761fac5c0ef , Price: 0.0]
2026-03-11 16:09:10.902  INFO 1 --- [io-12031-exec-8] order.service.OrderServiceImpl           : [PYTHIA_FINE_TRACE] service=ts-order-service stage=service_create latency_ms=77
2026-03-11 16:09:10.902  INFO 1 --- [io-12031-exec-8] order.controller.OrderController         : [PYTHIA_FINE_TRACE] service=ts-order-service endpoint=createOrder latency_ms=77
2026-03-11 16:09:11.217  INFO 1 --- [io-12031-exec-6] order.controller.OrderController         : [createNewOrder][Create Order][from shanghai to taiyuan at 1970-01-02 18:17:36]
2026-03-11 16:09:11.217  INFO 1 --- [io-12031-exec-6] order.service.OrderServiceImpl           : [create][Create Order][Ready to Create Order]
2026-03-11 16:09:11.258  INFO 1 --- [io-12031-exec-6] order.service.OrderServiceImpl           : [create][Order Create Success][Order Price][OrderId:9ec6923f-ef34-442e-b588-20c0eb86bacf , Price: 0.0]
2026-03-11 16:09:11.258  INFO 1 --- [io-12031-exec-6] order.service.OrderServiceImpl           : [PYTHIA_FINE_TRACE] service=ts-order-service stage=service_create latency_ms=41
2026-03-11 16:09:11.258  INFO 1 --- [io-12031-exec-6] order.controller.OrderController         : [PYTHIA_FINE_TRACE] service=ts-order-service endpoint=createOrder latency_ms=41
2026-03-11 16:09:11.532  INFO 1 --- [io-12031-exec-7] order.controller.OrderController         : [createNewOrder][Create Order][from shanghai to taiyuan at 1970-01-02 18:17:36]
2026-03-11 16:09:11.532  INFO 1 --- [io-12031-exec-7] order.service.OrderServiceImpl           : [create][Create Order][Ready to Create Order]
2026-03-11 16:09:11.832  INFO 1 --- [io-12031-exec-7] order.service.OrderServiceImpl           : [PYTHIA_DELAY] artificial_delay=300ms
2026-03-11 16:09:11.886  INFO 1 --- [io-12031-exec-7] order.service.OrderServiceImpl           : [create][Order Create Success][Order Price][OrderId:114a7004-099e-43e6-8b89-81d4cba221bc , Price: 0.0]
2026-03-11 16:09:11.886  INFO 1 --- [io-12031-exec-7] order.service.OrderServiceImpl           : [PYTHIA_FINE_TRACE] service=ts-order-service stage=service_create latency_ms=354
2026-03-11 16:09:11.886  INFO 1 --- [io-12031-exec-7] order.controller.OrderController         : [PYTHIA_FINE_TRACE] service=ts-order-service endpoint=createOrder latency_ms=354
2026-03-11 16:09:12.226  INFO 1 --- [o-12031-exec-10] order.controller.OrderController         : [createNewOrder][Create Order][from shanghai to taiyuan at 1970-01-02 18:17:36]
2026-03-11 16:09:12.226  INFO 1 --- [o-12031-exec-10] order.service.OrderServiceImpl           : [create][Create Order][Ready to Create Order]
2026-03-11 16:09:12.271  INFO 1 --- [o-12031-exec-10] order.service.OrderServiceImpl           : [create][Order Create Success][Order Price][OrderId:a09e157e-5dc9-4e89-8637-e5e5fe122d54 , Price: 0.0]
2026-03-11 16:09:12.271  INFO 1 --- [o-12031-exec-10] order.service.OrderServiceImpl           : [PYTHIA_FINE_TRACE] service=ts-order-service stage=service_create latency_ms=45
2026-03-11 16:09:12.271  INFO 1 --- [o-12031-exec-10] order.controller.OrderController         : [PYTHIA_FINE_TRACE] service=ts-order-service endpoint=createOrder latency_ms=45
2026-03-11 16:09:12.608  INFO 1 --- [io-12031-exec-2] order.controller.OrderController         : [createNewOrder][Create Order][from shanghai to taiyuan at 1970-01-02 18:17:36]
2026-03-11 16:09:12.608  INFO 1 --- [io-12031-exec-2] order.service.OrderServiceImpl           : [create][Create Order][Ready to Create Order]
2026-03-11 16:09:12.908  INFO 1 --- [io-12031-exec-2] order.service.OrderServiceImpl           : [PYTHIA_DELAY] artificial_delay=300ms
2026-03-11 16:09:12.960  INFO 1 --- [io-12031-exec-2] order.service.OrderServiceImpl           : [create][Order Create Success][Order Price][OrderId:2e703073-4018-48f9-a1b5-3e6da213c654 , Price: 0.0]
2026-03-11 16:09:12.961  INFO 1 --- [io-12031-exec-2] order.service.OrderServiceImpl           : [PYTHIA_FINE_TRACE] service=ts-order-service stage=service_create latency_ms=353
2026-03-11 16:09:12.961  INFO 1 --- [io-12031-exec-2] order.controller.OrderController         : [PYTHIA_FINE_TRACE] service=ts-order-service endpoint=createOrder latency_ms=353
2026-03-11 16:09:13.284  INFO 1 --- [io-12031-exec-9] order.controller.OrderController         : [createNewOrder][Create Order][from shanghai to taiyuan at 1970-01-02 18:17:36]
2026-03-11 16:09:13.284  INFO 1 --- [io-12031-exec-9] order.service.OrderServiceImpl           : [create][Create Order][Ready to Create Order]
2026-03-11 16:09:13.332  INFO 1 --- [io-12031-exec-9] order.service.OrderServiceImpl           : [create][Order Create Success][Order Price][OrderId:128e932a-e5a1-4540-b37c-b59177d6ad5e , Price: 0.0]
2026-03-11 16:09:13.332  INFO 1 --- [io-12031-exec-9] order.service.OrderServiceImpl           : [PYTHIA_FINE_TRACE] service=ts-order-service stage=service_create latency_ms=48
2026-03-11 16:09:13.332  INFO 1 --- [io-12031-exec-9] order.controller.OrderController         : [PYTHIA_FINE_TRACE] service=ts-order-service endpoint=createOrder latency_ms=48
2026-03-11 16:09:13.620  INFO 1 --- [io-12031-exec-1] order.controller.OrderController         : [createNewOrder][Create Order][from shanghai to taiyuan at 1970-01-02 18:17:36]
2026-03-11 16:09:13.620  INFO 1 --- [io-12031-exec-1] order.service.OrderServiceImpl           : [create][Create Order][Ready to Create Order]
2026-03-11 16:09:13.671  INFO 1 --- [io-12031-exec-1] order.service.OrderServiceImpl           : [create][Order Create Success][Order Price][OrderId:46fc0d55-b71b-4dd3-9c2f-78c0abd8cafa , Price: 0.0]
2026-03-11 16:09:13.671  INFO 1 --- [io-12031-exec-1] order.service.OrderServiceImpl           : [PYTHIA_FINE_TRACE] service=ts-order-service stage=service_create latency_ms=51
2026-03-11 16:09:13.671  INFO 1 --- [io-12031-exec-1] order.controller.OrderController         : [PYTHIA_FINE_TRACE] service=ts-order-service endpoint=createOrder latency_ms=51
2026-03-11 16:09:14.023  INFO 1 --- [io-12031-exec-5] order.controller.OrderController         : [createNewOrder][Create Order][from shanghai to taiyuan at 1970-01-02 18:17:36]
2026-03-11 16:09:14.023  INFO 1 --- [io-12031-exec-5] order.service.OrderServiceImpl           : [create][Create Order][Ready to Create Order]
2026-03-11 16:09:14.064  INFO 1 --- [io-12031-exec-5] order.service.OrderServiceImpl           : [create][Order Create Success][Order Price][OrderId:b25db806-3424-42c8-8982-31cf981a2ce6 , Price: 0.0]
2026-03-11 16:09:14.064  INFO 1 --- [io-12031-exec-5] order.service.OrderServiceImpl           : [PYTHIA_FINE_TRACE] service=ts-order-service stage=service_create latency_ms=41
2026-03-11 16:09:14.064  INFO 1 --- [io-12031-exec-5] order.controller.OrderController         : [PYTHIA_FINE_TRACE] service=ts-order-service endpoint=createOrder latency_ms=41
2026-03-11 16:09:14.379  INFO 1 --- [io-12031-exec-4] order.controller.OrderController         : [createNewOrder][Create Order][from shanghai to taiyuan at 1970-01-02 18:17:36]
2026-03-11 16:09:14.379  INFO 1 --- [io-12031-exec-4] order.service.OrderServiceImpl           : [create][Create Order][Ready to Create Order]
2026-03-11 16:09:14.680  INFO 1 --- [io-12031-exec-4] order.service.OrderServiceImpl           : [PYTHIA_DELAY] artificial_delay=300ms
2026-03-11 16:09:14.732  INFO 1 --- [io-12031-exec-4] order.service.OrderServiceImpl           : [create][Order Create Success][Order Price][OrderId:29409d92-700c-45a0-926b-84afdbb43452 , Price: 0.0]
2026-03-11 16:09:14.732  INFO 1 --- [io-12031-exec-4] order.service.OrderServiceImpl           : [PYTHIA_FINE_TRACE] service=ts-order-service stage=service_create latency_ms=353
2026-03-11 16:09:14.732  INFO 1 --- [io-12031-exec-4] order.controller.OrderController         : [PYTHIA_FINE_TRACE] service=ts-order-service endpoint=createOrder latency_ms=353
2026-03-11 16:09:15.023  INFO 1 --- [io-12031-exec-3] order.controller.OrderController         : [createNewOrder][Create Order][from shanghai to taiyuan at 1970-01-02 18:17:36]
2026-03-11 16:09:15.023  INFO 1 --- [io-12031-exec-3] order.service.OrderServiceImpl           : [create][Create Order][Ready to Create Order]
2026-03-11 16:09:15.068  INFO 1 --- [io-12031-exec-3] order.service.OrderServiceImpl           : [create][Order Create Success][Order Price][OrderId:957e63c4-98cb-49c2-8187-7582078f8ac1 , Price: 0.0]
2026-03-11 16:09:15.068  INFO 1 --- [io-12031-exec-3] order.service.OrderServiceImpl           : [PYTHIA_FINE_TRACE] service=ts-order-service stage=service_create latency_ms=45
2026-03-11 16:09:15.068  INFO 1 --- [io-12031-exec-3] order.controller.OrderController         : [PYTHIA_FINE_TRACE] service=ts-order-service endpoint=createOrder latency_ms=45
2026-03-11 16:09:15.393  INFO 1 --- [io-12031-exec-8] order.controller.OrderController         : [createNewOrder][Create Order][from shanghai to taiyuan at 1970-01-02 18:17:36]
2026-03-11 16:09:15.393  INFO 1 --- [io-12031-exec-8] order.service.OrderServiceImpl           : [create][Create Order][Ready to Create Order]
2026-03-11 16:09:15.511  INFO 1 --- [io-12031-exec-8] order.service.OrderServiceImpl           : [create][Order Create Success][Order Price][OrderId:c46b8c60-b55c-4676-aeca-b447d0d639e3 , Price: 0.0]
2026-03-11 16:09:15.512  INFO 1 --- [io-12031-exec-8] order.service.OrderServiceImpl           : [PYTHIA_FINE_TRACE] service=ts-order-service stage=service_create latency_ms=119
2026-03-11 16:09:15.512  INFO 1 --- [io-12031-exec-8] order.controller.OrderController         : [PYTHIA_FINE_TRACE] service=ts-order-service endpoint=createOrder latency_ms=119
2026-03-11 16:09:15.823  INFO 1 --- [io-12031-exec-6] order.controller.OrderController         : [createNewOrder][Create Order][from shanghai to taiyuan at 1970-01-02 18:17:36]
2026-03-11 16:09:15.823  INFO 1 --- [io-12031-exec-6] order.service.OrderServiceImpl           : [create][Create Order][Ready to Create Order]
2026-03-11 16:09:15.864  INFO 1 --- [io-12031-exec-6] order.service.OrderServiceImpl           : [create][Order Create Success][Order Price][OrderId:63110be1-ee4e-4564-a4bd-9f0682a7171b , Price: 0.0]
2026-03-11 16:09:15.864  INFO 1 --- [io-12031-exec-6] order.service.OrderServiceImpl           : [PYTHIA_FINE_TRACE] service=ts-order-service stage=service_create latency_ms=41
2026-03-11 16:09:15.864  INFO 1 --- [io-12031-exec-6] order.controller.OrderController         : [PYTHIA_FINE_TRACE] service=ts-order-service endpoint=createOrder latency_ms=41
2026-03-11 16:09:16.190  INFO 1 --- [io-12031-exec-7] order.controller.OrderController         : [createNewOrder][Create Order][from shanghai to taiyuan at 1970-01-02 18:17:36]
2026-03-11 16:09:16.190  INFO 1 --- [io-12031-exec-7] order.service.OrderServiceImpl           : [create][Create Order][Ready to Create Order]
2026-03-11 16:09:16.232  INFO 1 --- [io-12031-exec-7] order.service.OrderServiceImpl           : [create][Order Create Success][Order Price][OrderId:4ae8481e-c591-4739-a748-9375cc050b83 , Price: 0.0]
2026-03-11 16:09:16.232  INFO 1 --- [io-12031-exec-7] order.service.OrderServiceImpl           : [PYTHIA_FINE_TRACE] service=ts-order-service stage=service_create latency_ms=42
2026-03-11 16:09:16.232  INFO 1 --- [io-12031-exec-7] order.controller.OrderController         : [PYTHIA_FINE_TRACE] service=ts-order-service endpoint=createOrder latency_ms=42
2026-03-11 16:09:16.520  INFO 1 --- [o-12031-exec-10] order.controller.OrderController         : [createNewOrder][Create Order][from shanghai to taiyuan at 1970-01-02 18:17:36]
2026-03-11 16:09:16.520  INFO 1 --- [o-12031-exec-10] order.service.OrderServiceImpl           : [create][Create Order][Ready to Create Order]
2026-03-11 16:09:16.602  INFO 1 --- [o-12031-exec-10] order.service.OrderServiceImpl           : [create][Order Create Success][Order Price][OrderId:26123f3e-8d3e-4e8f-b76a-ea2d4960df51 , Price: 0.0]
2026-03-11 16:09:16.602  INFO 1 --- [o-12031-exec-10] order.service.OrderServiceImpl           : [PYTHIA_FINE_TRACE] service=ts-order-service stage=service_create latency_ms=82
2026-03-11 16:09:16.602  INFO 1 --- [o-12031-exec-10] order.controller.OrderController         : [PYTHIA_FINE_TRACE] service=ts-order-service endpoint=createOrder latency_ms=82
2026-03-11 16:09:16.929  INFO 1 --- [io-12031-exec-2] order.controller.OrderController         : [createNewOrder][Create Order][from shanghai to taiyuan at 1970-01-02 18:17:36]
2026-03-11 16:09:16.929  INFO 1 --- [io-12031-exec-2] order.service.OrderServiceImpl           : [create][Create Order][Ready to Create Order]
2026-03-11 16:09:17.230  INFO 1 --- [io-12031-exec-2] order.service.OrderServiceImpl           : [PYTHIA_DELAY] artificial_delay=300ms
2026-03-11 16:09:17.274  INFO 1 --- [io-12031-exec-2] order.service.OrderServiceImpl           : [create][Order Create Success][Order Price][OrderId:4cb3993f-b544-4728-83f2-b2c8e5da10b7 , Price: 0.0]
2026-03-11 16:09:17.274  INFO 1 --- [io-12031-exec-2] order.service.OrderServiceImpl           : [PYTHIA_FINE_TRACE] service=ts-order-service stage=service_create latency_ms=345
2026-03-11 16:09:17.274  INFO 1 --- [io-12031-exec-2] order.controller.OrderController         : [PYTHIA_FINE_TRACE] service=ts-order-service endpoint=createOrder latency_ms=345
2026-03-11 16:09:17.601  INFO 1 --- [io-12031-exec-1] order.controller.OrderController         : [createNewOrder][Create Order][from shanghai to taiyuan at 1970-01-02 18:17:36]
2026-03-11 16:09:17.601  INFO 1 --- [io-12031-exec-1] order.service.OrderServiceImpl           : [create][Create Order][Ready to Create Order]
2026-03-11 16:09:17.721  INFO 1 --- [io-12031-exec-1] order.service.OrderServiceImpl           : [create][Order Create Success][Order Price][OrderId:ba1866d1-32fc-490c-a64f-c43e4b974e34 , Price: 0.0]
2026-03-11 16:09:17.721  INFO 1 --- [io-12031-exec-1] order.service.OrderServiceImpl           : [PYTHIA_FINE_TRACE] service=ts-order-service stage=service_create latency_ms=120
2026-03-11 16:09:17.721  INFO 1 --- [io-12031-exec-1] order.controller.OrderController         : [PYTHIA_FINE_TRACE] service=ts-order-service endpoint=createOrder latency_ms=120
2026-03-11 16:09:18.026  INFO 1 --- [io-12031-exec-5] order.controller.OrderController         : [createNewOrder][Create Order][from shanghai to taiyuan at 1970-01-02 18:17:36]
2026-03-11 16:09:18.026  INFO 1 --- [io-12031-exec-5] order.service.OrderServiceImpl           : [create][Create Order][Ready to Create Order]
2026-03-11 16:09:18.070  INFO 1 --- [io-12031-exec-5] order.service.OrderServiceImpl           : [create][Order Create Success][Order Price][OrderId:9f468e1a-cb2e-4c87-957f-a4e6d8ed6881 , Price: 0.0]
2026-03-11 16:09:18.070  INFO 1 --- [io-12031-exec-5] order.service.OrderServiceImpl           : [PYTHIA_FINE_TRACE] service=ts-order-service stage=service_create latency_ms=44
2026-03-11 16:09:18.070  INFO 1 --- [io-12031-exec-5] order.controller.OrderController         : [PYTHIA_FINE_TRACE] service=ts-order-service endpoint=createOrder latency_ms=44
2026-03-11 16:09:18.393  INFO 1 --- [io-12031-exec-4] order.controller.OrderController         : [createNewOrder][Create Order][from shanghai to taiyuan at 1970-01-02 18:17:36]
2026-03-11 16:09:18.393  INFO 1 --- [io-12031-exec-4] order.service.OrderServiceImpl           : [create][Create Order][Ready to Create Order]
2026-03-11 16:09:18.505  INFO 1 --- [io-12031-exec-4] order.service.OrderServiceImpl           : [create][Order Create Success][Order Price][OrderId:362a559f-4311-4767-90a2-fd1b72b3b6be , Price: 0.0]
2026-03-11 16:09:18.505  INFO 1 --- [io-12031-exec-4] order.service.OrderServiceImpl           : [PYTHIA_FINE_TRACE] service=ts-order-service stage=service_create latency_ms=112
2026-03-11 16:09:18.505  INFO 1 --- [io-12031-exec-4] order.controller.OrderController         : [PYTHIA_FINE_TRACE] service=ts-order-service endpoint=createOrder latency_ms=112
2026-03-11 16:09:18.884  INFO 1 --- [io-12031-exec-3] order.controller.OrderController         : [createNewOrder][Create Order][from shanghai to taiyuan at 1970-01-02 18:17:36]
2026-03-11 16:09:18.884  INFO 1 --- [io-12031-exec-3] order.service.OrderServiceImpl           : [create][Create Order][Ready to Create Order]
2026-03-11 16:09:19.184  INFO 1 --- [io-12031-exec-3] order.service.OrderServiceImpl           : [PYTHIA_DELAY] artificial_delay=300ms
2026-03-11 16:09:19.230  INFO 1 --- [io-12031-exec-3] order.service.OrderServiceImpl           : [create][Order Create Success][Order Price][OrderId:58107c43-78bb-404f-ba1b-72d02dc0310a , Price: 0.0]
2026-03-11 16:09:19.230  INFO 1 --- [io-12031-exec-3] order.service.OrderServiceImpl           : [PYTHIA_FINE_TRACE] service=ts-order-service stage=service_create latency_ms=346
2026-03-11 16:09:19.230  INFO 1 --- [io-12031-exec-3] order.controller.OrderController         : [PYTHIA_FINE_TRACE] service=ts-order-service endpoint=createOrder latency_ms=346
2026-03-11 16:09:19.577  INFO 1 --- [io-12031-exec-8] order.controller.OrderController         : [createNewOrder][Create Order][from shanghai to taiyuan at 1970-01-02 18:17:36]
2026-03-11 16:09:19.577  INFO 1 --- [io-12031-exec-8] order.service.OrderServiceImpl           : [create][Create Order][Ready to Create Order]
2026-03-11 16:09:19.628  INFO 1 --- [io-12031-exec-8] order.service.OrderServiceImpl           : [create][Order Create Success][Order Price][OrderId:bcc3f41e-d784-4ebe-ba47-04970acfce89 , Price: 0.0]
2026-03-11 16:09:19.628  INFO 1 --- [io-12031-exec-8] order.service.OrderServiceImpl           : [PYTHIA_FINE_TRACE] service=ts-order-service stage=service_create latency_ms=51
2026-03-11 16:09:19.628  INFO 1 --- [io-12031-exec-8] order.controller.OrderController         : [PYTHIA_FINE_TRACE] service=ts-order-service endpoint=createOrder latency_ms=51
2026-03-11 16:09:20.025  INFO 1 --- [io-12031-exec-6] order.controller.OrderController         : [createNewOrder][Create Order][from shanghai to taiyuan at 1970-01-02 18:17:36]
2026-03-11 16:09:20.025  INFO 1 --- [io-12031-exec-6] order.service.OrderServiceImpl           : [create][Create Order][Ready to Create Order]
2026-03-11 16:09:20.067  INFO 1 --- [io-12031-exec-6] order.service.OrderServiceImpl           : [create][Order Create Success][Order Price][OrderId:cddfe2a8-84dc-4b5d-ab3a-50d5aa35e7f6 , Price: 0.0]
2026-03-11 16:09:20.067  INFO 1 --- [io-12031-exec-6] order.service.OrderServiceImpl           : [PYTHIA_FINE_TRACE] service=ts-order-service stage=service_create latency_ms=42
2026-03-11 16:09:20.067  INFO 1 --- [io-12031-exec-6] order.controller.OrderController         : [PYTHIA_FINE_TRACE] service=ts-order-service endpoint=createOrder latency_ms=42
2026-03-11 16:09:20.409  INFO 1 --- [io-12031-exec-7] order.controller.OrderController         : [createNewOrder][Create Order][from shanghai to taiyuan at 1970-01-02 18:17:36]
2026-03-11 16:09:20.409  INFO 1 --- [io-12031-exec-7] order.service.OrderServiceImpl           : [create][Create Order][Ready to Create Order]
2026-03-11 16:09:20.502  INFO 1 --- [io-12031-exec-7] order.service.OrderServiceImpl           : [create][Order Create Success][Order Price][OrderId:ed4a3c3a-5f06-4ee4-a20b-a507e49b74d3 , Price: 0.0]
2026-03-11 16:09:20.502  INFO 1 --- [io-12031-exec-7] order.service.OrderServiceImpl           : [PYTHIA_FINE_TRACE] service=ts-order-service stage=service_create latency_ms=93
2026-03-11 16:09:20.502  INFO 1 --- [io-12031-exec-7] order.controller.OrderController         : [PYTHIA_FINE_TRACE] service=ts-order-service endpoint=createOrder latency_ms=93
2026-03-11 16:09:20.825  INFO 1 --- [o-12031-exec-10] order.controller.OrderController         : [createNewOrder][Create Order][from shanghai to taiyuan at 1970-01-02 18:17:36]
2026-03-11 16:09:20.825  INFO 1 --- [o-12031-exec-10] order.service.OrderServiceImpl           : [create][Create Order][Ready to Create Order]
2026-03-11 16:09:20.867  INFO 1 --- [o-12031-exec-10] order.service.OrderServiceImpl           : [create][Order Create Success][Order Price][OrderId:72e64304-e2d7-493d-b3ec-010049243957 , Price: 0.0]
2026-03-11 16:09:20.867  INFO 1 --- [o-12031-exec-10] order.service.OrderServiceImpl           : [PYTHIA_FINE_TRACE] service=ts-order-service stage=service_create latency_ms=42
2026-03-11 16:09:20.867  INFO 1 --- [o-12031-exec-10] order.controller.OrderController         : [PYTHIA_FINE_TRACE] service=ts-order-service endpoint=createOrder latency_ms=42
2026-03-11 16:09:21.204  INFO 1 --- [io-12031-exec-9] order.controller.OrderController         : [createNewOrder][Create Order][from shanghai to taiyuan at 1970-01-02 18:17:36]
2026-03-11 16:09:21.204  INFO 1 --- [io-12031-exec-9] order.service.OrderServiceImpl           : [create][Create Order][Ready to Create Order]
2026-03-11 16:09:21.504  INFO 1 --- [io-12031-exec-9] order.service.OrderServiceImpl           : [PYTHIA_DELAY] artificial_delay=300ms
2026-03-11 16:09:21.547  INFO 1 --- [io-12031-exec-9] order.service.OrderServiceImpl           : [create][Order Create Success][Order Price][OrderId:fe378f18-c710-4e9b-b35c-69dda90ed622 , Price: 0.0]
2026-03-11 16:09:21.547  INFO 1 --- [io-12031-exec-9] order.service.OrderServiceImpl           : [PYTHIA_FINE_TRACE] service=ts-order-service stage=service_create latency_ms=343
2026-03-11 16:09:21.547  INFO 1 --- [io-12031-exec-9] order.controller.OrderController         : [PYTHIA_FINE_TRACE] service=ts-order-service endpoint=createOrder latency_ms=343
2026-03-11 16:09:21.882  INFO 1 --- [io-12031-exec-2] order.controller.OrderController         : [createNewOrder][Create Order][from shanghai to taiyuan at 1970-01-02 18:17:36]
2026-03-11 16:09:21.883  INFO 1 --- [io-12031-exec-2] order.service.OrderServiceImpl           : [create][Create Order][Ready to Create Order]
2026-03-11 16:09:21.939  INFO 1 --- [io-12031-exec-2] order.service.OrderServiceImpl           : [create][Order Create Success][Order Price][OrderId:9ddb3f8f-e8da-439d-9784-59413ca899c8 , Price: 0.0]
2026-03-11 16:09:21.939  INFO 1 --- [io-12031-exec-2] order.service.OrderServiceImpl           : [PYTHIA_FINE_TRACE] service=ts-order-service stage=service_create latency_ms=56
2026-03-11 16:09:21.939  INFO 1 --- [io-12031-exec-2] order.controller.OrderController         : [PYTHIA_FINE_TRACE] service=ts-order-service endpoint=createOrder latency_ms=57
2026-03-11 16:09:22.279  INFO 1 --- [io-12031-exec-1] order.controller.OrderController         : [createNewOrder][Create Order][from shanghai to taiyuan at 1970-01-02 18:17:36]
2026-03-11 16:09:22.279  INFO 1 --- [io-12031-exec-1] order.service.OrderServiceImpl           : [create][Create Order][Ready to Create Order]
2026-03-11 16:09:22.323  INFO 1 --- [io-12031-exec-1] order.service.OrderServiceImpl           : [create][Order Create Success][Order Price][OrderId:eac5523d-df31-410f-86d8-4b56caa77b9e , Price: 0.0]
2026-03-11 16:09:22.323  INFO 1 --- [io-12031-exec-1] order.service.OrderServiceImpl           : [PYTHIA_FINE_TRACE] service=ts-order-service stage=service_create latency_ms=44
2026-03-11 16:09:22.323  INFO 1 --- [io-12031-exec-1] order.controller.OrderController         : [PYTHIA_FINE_TRACE] service=ts-order-service endpoint=createOrder latency_ms=44
2026-03-11 16:09:22.662  INFO 1 --- [io-12031-exec-5] order.controller.OrderController         : [createNewOrder][Create Order][from shanghai to taiyuan at 1970-01-02 18:17:36]
2026-03-11 16:09:22.662  INFO 1 --- [io-12031-exec-5] order.service.OrderServiceImpl           : [create][Create Order][Ready to Create Order]
2026-03-11 16:09:22.962  INFO 1 --- [io-12031-exec-5] order.service.OrderServiceImpl           : [PYTHIA_DELAY] artificial_delay=300ms
2026-03-11 16:09:23.021  INFO 1 --- [io-12031-exec-5] order.service.OrderServiceImpl           : [create][Order Create Success][Order Price][OrderId:b0839e02-acff-4313-abe0-2a3560e10df9 , Price: 0.0]
2026-03-11 16:09:23.021  INFO 1 --- [io-12031-exec-5] order.service.OrderServiceImpl           : [PYTHIA_FINE_TRACE] service=ts-order-service stage=service_create latency_ms=359
2026-03-11 16:09:23.021  INFO 1 --- [io-12031-exec-5] order.controller.OrderController         : [PYTHIA_FINE_TRACE] service=ts-order-service endpoint=createOrder latency_ms=359
2026-03-11 16:09:23.362  INFO 1 --- [io-12031-exec-4] order.controller.OrderController         : [createNewOrder][Create Order][from shanghai to taiyuan at 1970-01-02 18:17:36]
2026-03-11 16:09:23.362  INFO 1 --- [io-12031-exec-4] order.service.OrderServiceImpl           : [create][Create Order][Ready to Create Order]
2026-03-11 16:09:23.412  INFO 1 --- [io-12031-exec-4] order.service.OrderServiceImpl           : [create][Order Create Success][Order Price][OrderId:10b7ce93-4480-431c-906e-090cbe5c20c1 , Price: 0.0]
2026-03-11 16:09:23.412  INFO 1 --- [io-12031-exec-4] order.service.OrderServiceImpl           : [PYTHIA_FINE_TRACE] service=ts-order-service stage=service_create latency_ms=50
2026-03-11 16:09:23.412  INFO 1 --- [io-12031-exec-4] order.controller.OrderController         : [PYTHIA_FINE_TRACE] service=ts-order-service endpoint=createOrder latency_ms=50
2026-03-11 16:09:23.728  INFO 1 --- [io-12031-exec-3] order.controller.OrderController         : [createNewOrder][Create Order][from shanghai to taiyuan at 1970-01-02 18:17:36]
2026-03-11 16:09:23.728  INFO 1 --- [io-12031-exec-3] order.service.OrderServiceImpl           : [create][Create Order][Ready to Create Order]
2026-03-11 16:09:23.778  INFO 1 --- [io-12031-exec-3] order.service.OrderServiceImpl           : [create][Order Create Success][Order Price][OrderId:26db9079-af7a-46dd-a1ff-6e5863e23876 , Price: 0.0]
2026-03-11 16:09:23.778  INFO 1 --- [io-12031-exec-3] order.service.OrderServiceImpl           : [PYTHIA_FINE_TRACE] service=ts-order-service stage=service_create latency_ms=50
2026-03-11 16:09:23.778  INFO 1 --- [io-12031-exec-3] order.controller.OrderController         : [PYTHIA_FINE_TRACE] service=ts-order-service endpoint=createOrder latency_ms=50
2026-03-11 16:09:24.099  INFO 1 --- [io-12031-exec-8] order.controller.OrderController         : [createNewOrder][Create Order][from shanghai to taiyuan at 1970-01-02 18:17:36]
2026-03-11 16:09:24.099  INFO 1 --- [io-12031-exec-8] order.service.OrderServiceImpl           : [create][Create Order][Ready to Create Order]
2026-03-11 16:09:24.141  INFO 1 --- [io-12031-exec-8] order.service.OrderServiceImpl           : [create][Order Create Success][Order Price][OrderId:9bc1502c-c30d-45b1-a09d-5e89fc7e8062 , Price: 0.0]
2026-03-11 16:09:24.141  INFO 1 --- [io-12031-exec-8] order.service.OrderServiceImpl           : [PYTHIA_FINE_TRACE] service=ts-order-service stage=service_create latency_ms=42
2026-03-11 16:09:24.141  INFO 1 --- [io-12031-exec-8] order.controller.OrderController         : [PYTHIA_FINE_TRACE] service=ts-order-service endpoint=createOrder latency_ms=42
2026-03-11 16:09:24.423  INFO 1 --- [io-12031-exec-6] order.controller.OrderController         : [createNewOrder][Create Order][from shanghai to taiyuan at 1970-01-02 18:17:36]
2026-03-11 16:09:24.423  INFO 1 --- [io-12031-exec-6] order.service.OrderServiceImpl           : [create][Create Order][Ready to Create Order]
2026-03-11 16:09:24.527  INFO 1 --- [io-12031-exec-6] order.service.OrderServiceImpl           : [create][Order Create Success][Order Price][OrderId:6a60ca68-84ed-4dcc-acf3-3e5904a4f273 , Price: 0.0]
2026-03-11 16:09:24.527  INFO 1 --- [io-12031-exec-6] order.service.OrderServiceImpl           : [PYTHIA_FINE_TRACE] service=ts-order-service stage=service_create latency_ms=104
2026-03-11 16:09:24.527  INFO 1 --- [io-12031-exec-6] order.controller.OrderController         : [PYTHIA_FINE_TRACE] service=ts-order-service endpoint=createOrder latency_ms=104
2026-03-11 16:09:24.825  INFO 1 --- [io-12031-exec-7] order.controller.OrderController         : [createNewOrder][Create Order][from shanghai to taiyuan at 1970-01-02 18:17:36]
2026-03-11 16:09:24.825  INFO 1 --- [io-12031-exec-7] order.service.OrderServiceImpl           : [create][Create Order][Ready to Create Order]
2026-03-11 16:09:25.125  INFO 1 --- [io-12031-exec-7] order.service.OrderServiceImpl           : [PYTHIA_DELAY] artificial_delay=300ms
2026-03-11 16:09:25.203  INFO 1 --- [io-12031-exec-7] order.service.OrderServiceImpl           : [create][Order Create Success][Order Price][OrderId:fab3663b-13a4-4810-a5ca-3d8595a54d3a , Price: 0.0]
2026-03-11 16:09:25.203  INFO 1 --- [io-12031-exec-7] order.service.OrderServiceImpl           : [PYTHIA_FINE_TRACE] service=ts-order-service stage=service_create latency_ms=378
2026-03-11 16:09:25.203  INFO 1 --- [io-12031-exec-7] order.controller.OrderController         : [PYTHIA_FINE_TRACE] service=ts-order-service endpoint=createOrder latency_ms=378
2026-03-11 16:09:25.591  INFO 1 --- [o-12031-exec-10] order.controller.OrderController         : [createNewOrder][Create Order][from shanghai to taiyuan at 1970-01-02 18:17:36]
2026-03-11 16:09:25.591  INFO 1 --- [o-12031-exec-10] order.service.OrderServiceImpl           : [create][Create Order][Ready to Create Order]
2026-03-11 16:09:25.643  INFO 1 --- [o-12031-exec-10] order.service.OrderServiceImpl           : [create][Order Create Success][Order Price][OrderId:e6686506-27c3-46d2-b5c2-c4fea3e03bef , Price: 0.0]
2026-03-11 16:09:25.643  INFO 1 --- [o-12031-exec-10] order.service.OrderServiceImpl           : [PYTHIA_FINE_TRACE] service=ts-order-service stage=service_create latency_ms=52
2026-03-11 16:09:25.643  INFO 1 --- [o-12031-exec-10] order.controller.OrderController         : [PYTHIA_FINE_TRACE] service=ts-order-service endpoint=createOrder latency_ms=52
2026-03-11 16:09:25.981  INFO 1 --- [io-12031-exec-9] order.controller.OrderController         : [createNewOrder][Create Order][from shanghai to taiyuan at 1970-01-02 18:17:36]
2026-03-11 16:09:25.982  INFO 1 --- [io-12031-exec-9] order.service.OrderServiceImpl           : [create][Create Order][Ready to Create Order]
2026-03-11 16:09:26.039  INFO 1 --- [io-12031-exec-9] order.service.OrderServiceImpl           : [create][Order Create Success][Order Price][OrderId:d061f711-9c54-46e8-8fc9-b65f48fb34a7 , Price: 0.0]
2026-03-11 16:09:26.039  INFO 1 --- [io-12031-exec-9] order.service.OrderServiceImpl           : [PYTHIA_FINE_TRACE] service=ts-order-service stage=service_create latency_ms=57
2026-03-11 16:09:26.039  INFO 1 --- [io-12031-exec-9] order.controller.OrderController         : [PYTHIA_FINE_TRACE] service=ts-order-service endpoint=createOrder latency_ms=58
2026-03-11 16:09:26.322  INFO 1 --- [io-12031-exec-2] order.controller.OrderController         : [createNewOrder][Create Order][from shanghai to taiyuan at 1970-01-02 18:17:36]
2026-03-11 16:09:26.322  INFO 1 --- [io-12031-exec-2] order.service.OrderServiceImpl           : [create][Create Order][Ready to Create Order]
2026-03-11 16:09:26.365  INFO 1 --- [io-12031-exec-2] order.service.OrderServiceImpl           : [create][Order Create Success][Order Price][OrderId:b2ebb954-c549-44c5-8589-79aeb6ec81cd , Price: 0.0]
2026-03-11 16:09:26.365  INFO 1 --- [io-12031-exec-2] order.service.OrderServiceImpl           : [PYTHIA_FINE_TRACE] service=ts-order-service stage=service_create latency_ms=43
2026-03-11 16:09:26.365  INFO 1 --- [io-12031-exec-2] order.controller.OrderController         : [PYTHIA_FINE_TRACE] service=ts-order-service endpoint=createOrder latency_ms=43
2026-03-11 16:09:26.680  INFO 1 --- [io-12031-exec-1] order.controller.OrderController         : [createNewOrder][Create Order][from shanghai to taiyuan at 1970-01-02 18:17:36]
2026-03-11 16:09:26.680  INFO 1 --- [io-12031-exec-1] order.service.OrderServiceImpl           : [create][Create Order][Ready to Create Order]
2026-03-11 16:09:26.981  INFO 1 --- [io-12031-exec-1] order.service.OrderServiceImpl           : [PYTHIA_DELAY] artificial_delay=300ms
2026-03-11 16:09:27.037  INFO 1 --- [io-12031-exec-1] order.service.OrderServiceImpl           : [create][Order Create Success][Order Price][OrderId:95456970-7dce-4767-aac5-6c2587a4ad39 , Price: 0.0]
2026-03-11 16:09:27.037  INFO 1 --- [io-12031-exec-1] order.service.OrderServiceImpl           : [PYTHIA_FINE_TRACE] service=ts-order-service stage=service_create latency_ms=357
2026-03-11 16:09:27.037  INFO 1 --- [io-12031-exec-1] order.controller.OrderController         : [PYTHIA_FINE_TRACE] service=ts-order-service endpoint=createOrder latency_ms=357
2026-03-11 16:09:27.329  INFO 1 --- [io-12031-exec-4] order.controller.OrderController         : [createNewOrder][Create Order][from shanghai to taiyuan at 1970-01-02 18:17:36]
2026-03-11 16:09:27.329  INFO 1 --- [io-12031-exec-4] order.service.OrderServiceImpl           : [create][Create Order][Ready to Create Order]
2026-03-11 16:09:27.630  INFO 1 --- [io-12031-exec-4] order.service.OrderServiceImpl           : [PYTHIA_DELAY] artificial_delay=300ms
2026-03-11 16:09:27.673  INFO 1 --- [io-12031-exec-4] order.service.OrderServiceImpl           : [create][Order Create Success][Order Price][OrderId:72a216b1-1afb-4e48-a06f-71374fc32bf0 , Price: 0.0]
2026-03-11 16:09:27.673  INFO 1 --- [io-12031-exec-4] order.service.OrderServiceImpl           : [PYTHIA_FINE_TRACE] service=ts-order-service stage=service_create latency_ms=344
2026-03-11 16:09:27.674  INFO 1 --- [io-12031-exec-4] order.controller.OrderController         : [PYTHIA_FINE_TRACE] service=ts-order-service endpoint=createOrder latency_ms=345
2026-03-11 16:09:27.991  INFO 1 --- [io-12031-exec-3] order.controller.OrderController         : [createNewOrder][Create Order][from shanghai to taiyuan at 1970-01-02 18:17:36]
2026-03-11 16:09:27.991  INFO 1 --- [io-12031-exec-3] order.service.OrderServiceImpl           : [create][Create Order][Ready to Create Order]
2026-03-11 16:09:28.291  INFO 1 --- [io-12031-exec-3] order.service.OrderServiceImpl           : [PYTHIA_DELAY] artificial_delay=300ms
2026-03-11 16:09:28.344  INFO 1 --- [io-12031-exec-3] order.service.OrderServiceImpl           : [create][Order Create Success][Order Price][OrderId:27d555d0-d657-4b55-8f94-db08bc113af1 , Price: 0.0]
2026-03-11 16:09:28.344  INFO 1 --- [io-12031-exec-3] order.service.OrderServiceImpl           : [PYTHIA_FINE_TRACE] service=ts-order-service stage=service_create latency_ms=353
2026-03-11 16:09:28.344  INFO 1 --- [io-12031-exec-3] order.controller.OrderController         : [PYTHIA_FINE_TRACE] service=ts-order-service endpoint=createOrder latency_ms=353
2026-03-11 16:09:28.683  INFO 1 --- [io-12031-exec-8] order.controller.OrderController         : [createNewOrder][Create Order][from shanghai to taiyuan at 1970-01-02 18:17:36]
2026-03-11 16:09:28.683  INFO 1 --- [io-12031-exec-8] order.service.OrderServiceImpl           : [create][Create Order][Ready to Create Order]
2026-03-11 16:09:28.983  INFO 1 --- [io-12031-exec-8] order.service.OrderServiceImpl           : [PYTHIA_DELAY] artificial_delay=300ms
2026-03-11 16:09:29.027  INFO 1 --- [io-12031-exec-8] order.service.OrderServiceImpl           : [create][Order Create Success][Order Price][OrderId:959c995c-cb6b-4466-b51b-83a87b7430b2 , Price: 0.0]
2026-03-11 16:09:29.028  INFO 1 --- [io-12031-exec-8] order.service.OrderServiceImpl           : [PYTHIA_FINE_TRACE] service=ts-order-service stage=service_create latency_ms=345
2026-03-11 16:09:29.028  INFO 1 --- [io-12031-exec-8] order.controller.OrderController         : [PYTHIA_FINE_TRACE] service=ts-order-service endpoint=createOrder latency_ms=345
2026-03-11 16:09:29.396  INFO 1 --- [io-12031-exec-6] order.controller.OrderController         : [createNewOrder][Create Order][from shanghai to taiyuan at 1970-01-02 18:17:36]
2026-03-11 16:09:29.396  INFO 1 --- [io-12031-exec-6] order.service.OrderServiceImpl           : [create][Create Order][Ready to Create Order]
2026-03-11 16:09:29.449  INFO 1 --- [io-12031-exec-6] order.service.OrderServiceImpl           : [create][Order Create Success][Order Price][OrderId:ca2bcc61-c097-4449-8587-df3897158bb7 , Price: 0.0]
2026-03-11 16:09:29.449  INFO 1 --- [io-12031-exec-6] order.service.OrderServiceImpl           : [PYTHIA_FINE_TRACE] service=ts-order-service stage=service_create latency_ms=53
2026-03-11 16:09:29.449  INFO 1 --- [io-12031-exec-6] order.controller.OrderController         : [PYTHIA_FINE_TRACE] service=ts-order-service endpoint=createOrder latency_ms=53
2026-03-11 16:09:29.728  INFO 1 --- [io-12031-exec-7] order.controller.OrderController         : [createNewOrder][Create Order][from shanghai to taiyuan at 1970-01-02 18:17:36]
2026-03-11 16:09:29.728  INFO 1 --- [io-12031-exec-7] order.service.OrderServiceImpl           : [create][Create Order][Ready to Create Order]
2026-03-11 16:09:30.029  INFO 1 --- [io-12031-exec-7] order.service.OrderServiceImpl           : [PYTHIA_DELAY] artificial_delay=300ms
2026-03-11 16:09:30.072  INFO 1 --- [io-12031-exec-7] order.service.OrderServiceImpl           : [create][Order Create Success][Order Price][OrderId:6c8a64dd-1915-4f18-b6fd-ec1c2c97924d , Price: 0.0]
2026-03-11 16:09:30.072  INFO 1 --- [io-12031-exec-7] order.service.OrderServiceImpl           : [PYTHIA_FINE_TRACE] service=ts-order-service stage=service_create latency_ms=344
2026-03-11 16:09:30.072  INFO 1 --- [io-12031-exec-7] order.controller.OrderController         : [PYTHIA_FINE_TRACE] service=ts-order-service endpoint=createOrder latency_ms=344
2026-03-11 16:09:30.392  INFO 1 --- [o-12031-exec-10] order.controller.OrderController         : [createNewOrder][Create Order][from shanghai to taiyuan at 1970-01-02 18:17:36]
2026-03-11 16:09:30.392  INFO 1 --- [o-12031-exec-10] order.service.OrderServiceImpl           : [create][Create Order][Ready to Create Order]
2026-03-11 16:09:30.445  INFO 1 --- [o-12031-exec-10] order.service.OrderServiceImpl           : [create][Order Create Success][Order Price][OrderId:cea0bbb2-3d05-4e6a-bf55-05277099b656 , Price: 0.0]
2026-03-11 16:09:30.445  INFO 1 --- [o-12031-exec-10] order.service.OrderServiceImpl           : [PYTHIA_FINE_TRACE] service=ts-order-service stage=service_create latency_ms=53
2026-03-11 16:09:30.445  INFO 1 --- [o-12031-exec-10] order.controller.OrderController         : [PYTHIA_FINE_TRACE] service=ts-order-service endpoint=createOrder latency_ms=53
2026-03-11 16:09:30.722  INFO 1 --- [io-12031-exec-9] order.controller.OrderController         : [createNewOrder][Create Order][from shanghai to taiyuan at 1970-01-02 18:17:36]
2026-03-11 16:09:30.722  INFO 1 --- [io-12031-exec-9] order.service.OrderServiceImpl           : [create][Create Order][Ready to Create Order]
2026-03-11 16:09:30.762  INFO 1 --- [io-12031-exec-9] order.service.OrderServiceImpl           : [create][Order Create Success][Order Price][OrderId:281020b5-591b-4a25-9f09-5d30b38ca52a , Price: 0.0]
2026-03-11 16:09:30.762  INFO 1 --- [io-12031-exec-9] order.service.OrderServiceImpl           : [PYTHIA_FINE_TRACE] service=ts-order-service stage=service_create latency_ms=40
2026-03-11 16:09:30.762  INFO 1 --- [io-12031-exec-9] order.controller.OrderController         : [PYTHIA_FINE_TRACE] service=ts-order-service endpoint=createOrder latency_ms=40
2026-03-11 16:09:31.081  INFO 1 --- [io-12031-exec-2] order.controller.OrderController         : [createNewOrder][Create Order][from shanghai to taiyuan at 1970-01-02 18:17:36]
2026-03-11 16:09:31.081  INFO 1 --- [io-12031-exec-2] order.service.OrderServiceImpl           : [create][Create Order][Ready to Create Order]
2026-03-11 16:09:31.381  INFO 1 --- [io-12031-exec-2] order.service.OrderServiceImpl           : [PYTHIA_DELAY] artificial_delay=300ms
2026-03-11 16:09:31.431  INFO 1 --- [io-12031-exec-2] order.service.OrderServiceImpl           : [create][Order Create Success][Order Price][OrderId:815d8aff-b8ca-4d54-9dbe-5a06272e77fc , Price: 0.0]
2026-03-11 16:09:31.431  INFO 1 --- [io-12031-exec-2] order.service.OrderServiceImpl           : [PYTHIA_FINE_TRACE] service=ts-order-service stage=service_create latency_ms=350
2026-03-11 16:09:31.431  INFO 1 --- [io-12031-exec-2] order.controller.OrderController         : [PYTHIA_FINE_TRACE] service=ts-order-service endpoint=createOrder latency_ms=350
2026-03-11 16:09:31.721  INFO 1 --- [io-12031-exec-1] order.controller.OrderController         : [createNewOrder][Create Order][from shanghai to taiyuan at 1970-01-02 18:17:36]
2026-03-11 16:09:31.721  INFO 1 --- [io-12031-exec-1] order.service.OrderServiceImpl           : [create][Create Order][Ready to Create Order]
2026-03-11 16:09:32.021  INFO 1 --- [io-12031-exec-1] order.service.OrderServiceImpl           : [PYTHIA_DELAY] artificial_delay=300ms
2026-03-11 16:09:32.076  INFO 1 --- [io-12031-exec-1] order.service.OrderServiceImpl           : [create][Order Create Success][Order Price][OrderId:f581401f-270f-4fb0-a18a-94091cf6b087 , Price: 0.0]
2026-03-11 16:09:32.076  INFO 1 --- [io-12031-exec-1] order.service.OrderServiceImpl           : [PYTHIA_FINE_TRACE] service=ts-order-service stage=service_create latency_ms=355
2026-03-11 16:09:32.076  INFO 1 --- [io-12031-exec-1] order.controller.OrderController         : [PYTHIA_FINE_TRACE] service=ts-order-service endpoint=createOrder latency_ms=355
2026-03-11 16:09:32.482  INFO 1 --- [io-12031-exec-5] order.controller.OrderController         : [createNewOrder][Create Order][from shanghai to taiyuan at 1970-01-02 18:17:36]
2026-03-11 16:09:32.482  INFO 1 --- [io-12031-exec-5] order.service.OrderServiceImpl           : [create][Create Order][Ready to Create Order]
2026-03-11 16:09:32.527  INFO 1 --- [io-12031-exec-5] order.service.OrderServiceImpl           : [create][Order Create Success][Order Price][OrderId:201398a7-035c-4229-a07e-2b05c078980b , Price: 0.0]
2026-03-11 16:09:32.527  INFO 1 --- [io-12031-exec-5] order.service.OrderServiceImpl           : [PYTHIA_FINE_TRACE] service=ts-order-service stage=service_create latency_ms=45
2026-03-11 16:09:32.527  INFO 1 --- [io-12031-exec-5] order.controller.OrderController         : [PYTHIA_FINE_TRACE] service=ts-order-service endpoint=createOrder latency_ms=45
2026-03-11 16:09:32.829  INFO 1 --- [io-12031-exec-4] order.controller.OrderController         : [createNewOrder][Create Order][from shanghai to taiyuan at 1970-01-02 18:17:36]
2026-03-11 16:09:32.829  INFO 1 --- [io-12031-exec-4] order.service.OrderServiceImpl           : [create][Create Order][Ready to Create Order]
2026-03-11 16:09:32.905  INFO 1 --- [io-12031-exec-4] order.service.OrderServiceImpl           : [create][Order Create Success][Order Price][OrderId:69bc1395-072b-41e2-9e06-836befbea54d , Price: 0.0]
2026-03-11 16:09:32.906  INFO 1 --- [io-12031-exec-4] order.service.OrderServiceImpl           : [PYTHIA_FINE_TRACE] service=ts-order-service stage=service_create latency_ms=77
2026-03-11 16:09:32.906  INFO 1 --- [io-12031-exec-4] order.controller.OrderController         : [PYTHIA_FINE_TRACE] service=ts-order-service endpoint=createOrder latency_ms=77
2026-03-11 16:09:33.230  INFO 1 --- [io-12031-exec-3] order.controller.OrderController         : [createNewOrder][Create Order][from shanghai to taiyuan at 1970-01-02 18:17:36]
2026-03-11 16:09:33.230  INFO 1 --- [io-12031-exec-3] order.service.OrderServiceImpl           : [create][Create Order][Ready to Create Order]
2026-03-11 16:09:33.274  INFO 1 --- [io-12031-exec-3] order.service.OrderServiceImpl           : [create][Order Create Success][Order Price][OrderId:7d09fd1b-97cd-4c69-a0c0-065cb951d223 , Price: 0.0]
2026-03-11 16:09:33.274  INFO 1 --- [io-12031-exec-3] order.service.OrderServiceImpl           : [PYTHIA_FINE_TRACE] service=ts-order-service stage=service_create latency_ms=44
2026-03-11 16:09:33.274  INFO 1 --- [io-12031-exec-3] order.controller.OrderController         : [PYTHIA_FINE_TRACE] service=ts-order-service endpoint=createOrder latency_ms=44
2026-03-11 16:09:33.628  INFO 1 --- [io-12031-exec-8] order.controller.OrderController         : [createNewOrder][Create Order][from shanghai to taiyuan at 1970-01-02 18:17:36]
2026-03-11 16:09:33.628  INFO 1 --- [io-12031-exec-8] order.service.OrderServiceImpl           : [create][Create Order][Ready to Create Order]
2026-03-11 16:09:33.709  INFO 1 --- [io-12031-exec-8] order.service.OrderServiceImpl           : [create][Order Create Success][Order Price][OrderId:81a07688-ca9b-4ca2-bb89-c07c492d800a , Price: 0.0]
2026-03-11 16:09:33.709  INFO 1 --- [io-12031-exec-8] order.service.OrderServiceImpl           : [PYTHIA_FINE_TRACE] service=ts-order-service stage=service_create latency_ms=81
2026-03-11 16:09:33.709  INFO 1 --- [io-12031-exec-8] order.controller.OrderController         : [PYTHIA_FINE_TRACE] service=ts-order-service endpoint=createOrder latency_ms=81
2026-03-11 16:09:34.021  INFO 1 --- [io-12031-exec-6] order.controller.OrderController         : [createNewOrder][Create Order][from shanghai to taiyuan at 1970-01-02 18:17:36]
2026-03-11 16:09:34.021  INFO 1 --- [io-12031-exec-6] order.service.OrderServiceImpl           : [create][Create Order][Ready to Create Order]
2026-03-11 16:09:34.322  INFO 1 --- [io-12031-exec-6] order.service.OrderServiceImpl           : [PYTHIA_DELAY] artificial_delay=300ms
2026-03-11 16:09:34.367  INFO 1 --- [io-12031-exec-6] order.service.OrderServiceImpl           : [create][Order Create Success][Order Price][OrderId:e0a866f1-e9bf-43c0-9119-bd19d06f6e04 , Price: 0.0]
2026-03-11 16:09:34.367  INFO 1 --- [io-12031-exec-6] order.service.OrderServiceImpl           : [PYTHIA_FINE_TRACE] service=ts-order-service stage=service_create latency_ms=346
2026-03-11 16:09:34.367  INFO 1 --- [io-12031-exec-6] order.controller.OrderController         : [PYTHIA_FINE_TRACE] service=ts-order-service endpoint=createOrder latency_ms=346
2026-03-11 16:09:34.689  INFO 1 --- [io-12031-exec-7] order.controller.OrderController         : [createNewOrder][Create Order][from shanghai to taiyuan at 1970-01-02 18:17:36]
2026-03-11 16:09:34.689  INFO 1 --- [io-12031-exec-7] order.service.OrderServiceImpl           : [create][Create Order][Ready to Create Order]
2026-03-11 16:09:34.742  INFO 1 --- [io-12031-exec-7] order.service.OrderServiceImpl           : [create][Order Create Success][Order Price][OrderId:6d3cc51f-1355-41e7-9c91-d4ff858231c4 , Price: 0.0]
2026-03-11 16:09:34.742  INFO 1 --- [io-12031-exec-7] order.service.OrderServiceImpl           : [PYTHIA_FINE_TRACE] service=ts-order-service stage=service_create latency_ms=53
2026-03-11 16:09:34.742  INFO 1 --- [io-12031-exec-7] order.controller.OrderController         : [PYTHIA_FINE_TRACE] service=ts-order-service endpoint=createOrder latency_ms=53
2026-03-11 16:09:35.020  INFO 1 --- [o-12031-exec-10] order.controller.OrderController         : [createNewOrder][Create Order][from shanghai to taiyuan at 1970-01-02 18:17:36]
2026-03-11 16:09:35.020  INFO 1 --- [o-12031-exec-10] order.service.OrderServiceImpl           : [create][Create Order][Ready to Create Order]
2026-03-11 16:09:35.063  INFO 1 --- [o-12031-exec-10] order.service.OrderServiceImpl           : [create][Order Create Success][Order Price][OrderId:658c01d7-eaf2-482b-a22c-473fce2e1013 , Price: 0.0]
2026-03-11 16:09:35.063  INFO 1 --- [o-12031-exec-10] order.service.OrderServiceImpl           : [PYTHIA_FINE_TRACE] service=ts-order-service stage=service_create latency_ms=43
2026-03-11 16:09:35.064  INFO 1 --- [o-12031-exec-10] order.controller.OrderController         : [PYTHIA_FINE_TRACE] service=ts-order-service endpoint=createOrder latency_ms=44
2026-03-11 16:09:35.397  INFO 1 --- [io-12031-exec-9] order.controller.OrderController         : [createNewOrder][Create Order][from shanghai to taiyuan at 1970-01-02 18:17:36]
2026-03-11 16:09:35.397  INFO 1 --- [io-12031-exec-9] order.service.OrderServiceImpl           : [create][Create Order][Ready to Create Order]
2026-03-11 16:09:35.451  INFO 1 --- [io-12031-exec-9] order.service.OrderServiceImpl           : [create][Order Create Success][Order Price][OrderId:28de864a-690f-42f7-bbe1-4b8747cfe6a5 , Price: 0.0]
2026-03-11 16:09:35.451  INFO 1 --- [io-12031-exec-9] order.service.OrderServiceImpl           : [PYTHIA_FINE_TRACE] service=ts-order-service stage=service_create latency_ms=54
2026-03-11 16:09:35.451  INFO 1 --- [io-12031-exec-9] order.controller.OrderController         : [PYTHIA_FINE_TRACE] service=ts-order-service endpoint=createOrder latency_ms=54
2026-03-11 16:09:35.815  INFO 1 --- [io-12031-exec-2] order.controller.OrderController         : [createNewOrder][Create Order][from shanghai to taiyuan at 1970-01-02 18:17:36]
2026-03-11 16:09:35.815  INFO 1 --- [io-12031-exec-2] order.service.OrderServiceImpl           : [create][Create Order][Ready to Create Order]
2026-03-11 16:09:35.907  INFO 1 --- [io-12031-exec-2] order.service.OrderServiceImpl           : [create][Order Create Success][Order Price][OrderId:6ad9a89d-65cb-44f0-b782-61c20fc50c6d , Price: 0.0]
2026-03-11 16:09:35.907  INFO 1 --- [io-12031-exec-2] order.service.OrderServiceImpl           : [PYTHIA_FINE_TRACE] service=ts-order-service stage=service_create latency_ms=92
2026-03-11 16:09:35.907  INFO 1 --- [io-12031-exec-2] order.controller.OrderController         : [PYTHIA_FINE_TRACE] service=ts-order-service endpoint=createOrder latency_ms=92
2026-03-11 16:09:36.223  INFO 1 --- [io-12031-exec-1] order.controller.OrderController         : [createNewOrder][Create Order][from shanghai to taiyuan at 1970-01-02 18:17:36]
2026-03-11 16:09:36.224  INFO 1 --- [io-12031-exec-1] order.service.OrderServiceImpl           : [create][Create Order][Ready to Create Order]
2026-03-11 16:09:36.524  INFO 1 --- [io-12031-exec-1] order.service.OrderServiceImpl           : [PYTHIA_DELAY] artificial_delay=300ms
2026-03-11 16:09:36.567  INFO 1 --- [io-12031-exec-1] order.service.OrderServiceImpl           : [create][Order Create Success][Order Price][OrderId:8df397d9-75c8-443d-aacd-2bdfba10cccb , Price: 0.0]
2026-03-11 16:09:36.567  INFO 1 --- [io-12031-exec-1] order.service.OrderServiceImpl           : [PYTHIA_FINE_TRACE] service=ts-order-service stage=service_create latency_ms=343
2026-03-11 16:09:36.567  INFO 1 --- [io-12031-exec-1] order.controller.OrderController         : [PYTHIA_FINE_TRACE] service=ts-order-service endpoint=createOrder latency_ms=344
2026-03-11 16:09:36.887  INFO 1 --- [io-12031-exec-5] order.controller.OrderController         : [createNewOrder][Create Order][from shanghai to taiyuan at 1970-01-02 18:17:36]
2026-03-11 16:09:36.887  INFO 1 --- [io-12031-exec-5] order.service.OrderServiceImpl           : [create][Create Order][Ready to Create Order]
2026-03-11 16:09:36.943  INFO 1 --- [io-12031-exec-5] order.service.OrderServiceImpl           : [create][Order Create Success][Order Price][OrderId:7ae4a032-eb51-4f6b-8181-90852f5bfda2 , Price: 0.0]
2026-03-11 16:09:36.943  INFO 1 --- [io-12031-exec-5] order.service.OrderServiceImpl           : [PYTHIA_FINE_TRACE] service=ts-order-service stage=service_create latency_ms=56
2026-03-11 16:09:36.943  INFO 1 --- [io-12031-exec-5] order.controller.OrderController         : [PYTHIA_FINE_TRACE] service=ts-order-service endpoint=createOrder latency_ms=56
2026-03-11 16:09:37.227  INFO 1 --- [io-12031-exec-3] order.controller.OrderController         : [createNewOrder][Create Order][from shanghai to taiyuan at 1970-01-02 18:17:36]
2026-03-11 16:09:37.227  INFO 1 --- [io-12031-exec-3] order.service.OrderServiceImpl           : [create][Create Order][Ready to Create Order]
2026-03-11 16:09:37.527  INFO 1 --- [io-12031-exec-3] order.service.OrderServiceImpl           : [PYTHIA_DELAY] artificial_delay=300ms
2026-03-11 16:09:37.576  INFO 1 --- [io-12031-exec-3] order.service.OrderServiceImpl           : [create][Order Create Success][Order Price][OrderId:92e7cf53-092e-4091-ba98-e0fb66b5c757 , Price: 0.0]
2026-03-11 16:09:37.576  INFO 1 --- [io-12031-exec-3] order.service.OrderServiceImpl           : [PYTHIA_FINE_TRACE] service=ts-order-service stage=service_create latency_ms=349
2026-03-11 16:09:37.576  INFO 1 --- [io-12031-exec-3] order.controller.OrderController         : [PYTHIA_FINE_TRACE] service=ts-order-service endpoint=createOrder latency_ms=349
2026-03-11 16:09:37.893  INFO 1 --- [io-12031-exec-8] order.controller.OrderController         : [createNewOrder][Create Order][from shanghai to taiyuan at 1970-01-02 18:17:36]
2026-03-11 16:09:37.893  INFO 1 --- [io-12031-exec-8] order.service.OrderServiceImpl           : [create][Create Order][Ready to Create Order]
2026-03-11 16:09:37.947  INFO 1 --- [io-12031-exec-8] order.service.OrderServiceImpl           : [create][Order Create Success][Order Price][OrderId:5612de99-7e69-4a56-a431-befdab27829d , Price: 0.0]
2026-03-11 16:09:37.947  INFO 1 --- [io-12031-exec-8] order.service.OrderServiceImpl           : [PYTHIA_FINE_TRACE] service=ts-order-service stage=service_create latency_ms=54
2026-03-11 16:09:37.947  INFO 1 --- [io-12031-exec-8] order.controller.OrderController         : [PYTHIA_FINE_TRACE] service=ts-order-service endpoint=createOrder latency_ms=54
2026-03-11 16:09:38.224  INFO 1 --- [io-12031-exec-6] order.controller.OrderController         : [createNewOrder][Create Order][from shanghai to taiyuan at 1970-01-02 18:17:36]
2026-03-11 16:09:38.224  INFO 1 --- [io-12031-exec-6] order.service.OrderServiceImpl           : [create][Create Order][Ready to Create Order]
2026-03-11 16:09:38.323  INFO 1 --- [io-12031-exec-6] order.service.OrderServiceImpl           : [create][Order Create Success][Order Price][OrderId:b4fbad2c-b698-4b15-b7e3-32379570586a , Price: 0.0]
2026-03-11 16:09:38.324  INFO 1 --- [io-12031-exec-6] order.service.OrderServiceImpl           : [PYTHIA_FINE_TRACE] service=ts-order-service stage=service_create latency_ms=100
2026-03-11 16:09:38.324  INFO 1 --- [io-12031-exec-6] order.controller.OrderController         : [PYTHIA_FINE_TRACE] service=ts-order-service endpoint=createOrder latency_ms=100
2026-03-11 16:09:38.621  INFO 1 --- [io-12031-exec-7] order.controller.OrderController         : [createNewOrder][Create Order][from shanghai to taiyuan at 1970-01-02 18:17:36]
2026-03-11 16:09:38.621  INFO 1 --- [io-12031-exec-7] order.service.OrderServiceImpl           : [create][Create Order][Ready to Create Order]
2026-03-11 16:09:38.922  INFO 1 --- [io-12031-exec-7] order.service.OrderServiceImpl           : [PYTHIA_DELAY] artificial_delay=300ms
2026-03-11 16:09:38.973  INFO 1 --- [io-12031-exec-7] order.service.OrderServiceImpl           : [create][Order Create Success][Order Price][OrderId:2785dd46-5c94-40a4-bbaa-2623f1e6eda5 , Price: 0.0]
2026-03-11 16:09:38.973  INFO 1 --- [io-12031-exec-7] order.service.OrderServiceImpl           : [PYTHIA_FINE_TRACE] service=ts-order-service stage=service_create latency_ms=352
2026-03-11 16:09:38.973  INFO 1 --- [io-12031-exec-7] order.controller.OrderController         : [PYTHIA_FINE_TRACE] service=ts-order-service endpoint=createOrder latency_ms=352
2026-03-11 16:09:39.298  INFO 1 --- [o-12031-exec-10] order.controller.OrderController         : [createNewOrder][Create Order][from shanghai to taiyuan at 1970-01-02 18:17:36]
2026-03-11 16:09:39.298  INFO 1 --- [o-12031-exec-10] order.service.OrderServiceImpl           : [create][Create Order][Ready to Create Order]
2026-03-11 16:09:39.345  INFO 1 --- [o-12031-exec-10] order.service.OrderServiceImpl           : [create][Order Create Success][Order Price][OrderId:5d08e4d6-b5cb-40b3-83c9-83d89ab09148 , Price: 0.0]
2026-03-11 16:09:39.345  INFO 1 --- [o-12031-exec-10] order.service.OrderServiceImpl           : [PYTHIA_FINE_TRACE] service=ts-order-service stage=service_create latency_ms=47
2026-03-11 16:09:39.345  INFO 1 --- [o-12031-exec-10] order.controller.OrderController         : [PYTHIA_FINE_TRACE] service=ts-order-service endpoint=createOrder latency_ms=47
2026-03-11 16:09:39.625  INFO 1 --- [io-12031-exec-9] order.controller.OrderController         : [createNewOrder][Create Order][from shanghai to taiyuan at 1970-01-02 18:17:36]
2026-03-11 16:09:39.625  INFO 1 --- [io-12031-exec-9] order.service.OrderServiceImpl           : [create][Create Order][Ready to Create Order]
2026-03-11 16:09:39.676  INFO 1 --- [io-12031-exec-9] order.service.OrderServiceImpl           : [create][Order Create Success][Order Price][OrderId:027c5683-d083-4a5c-8e5f-c45549d48277 , Price: 0.0]
2026-03-11 16:09:39.676  INFO 1 --- [io-12031-exec-9] order.service.OrderServiceImpl           : [PYTHIA_FINE_TRACE] service=ts-order-service stage=service_create latency_ms=51
2026-03-11 16:09:39.676  INFO 1 --- [io-12031-exec-9] order.controller.OrderController         : [PYTHIA_FINE_TRACE] service=ts-order-service endpoint=createOrder latency_ms=51
2026-03-11 16:09:40.015  INFO 1 --- [io-12031-exec-2] order.controller.OrderController         : [createNewOrder][Create Order][from shanghai to taiyuan at 1970-01-02 18:17:36]
2026-03-11 16:09:40.015  INFO 1 --- [io-12031-exec-2] order.service.OrderServiceImpl           : [create][Create Order][Ready to Create Order]
2026-03-11 16:09:40.102  INFO 1 --- [io-12031-exec-2] order.service.OrderServiceImpl           : [create][Order Create Success][Order Price][OrderId:f5c54c2f-c85b-4f41-835a-0fee5713eb53 , Price: 0.0]
2026-03-11 16:09:40.102  INFO 1 --- [io-12031-exec-2] order.service.OrderServiceImpl           : [PYTHIA_FINE_TRACE] service=ts-order-service stage=service_create latency_ms=87
2026-03-11 16:09:40.102  INFO 1 --- [io-12031-exec-2] order.controller.OrderController         : [PYTHIA_FINE_TRACE] service=ts-order-service endpoint=createOrder latency_ms=87
2026-03-11 16:09:40.478  INFO 1 --- [io-12031-exec-1] order.controller.OrderController         : [createNewOrder][Create Order][from shanghai to taiyuan at 1970-01-02 18:17:36]
2026-03-11 16:09:40.478  INFO 1 --- [io-12031-exec-1] order.service.OrderServiceImpl           : [create][Create Order][Ready to Create Order]
2026-03-11 16:09:40.523  INFO 1 --- [io-12031-exec-1] order.service.OrderServiceImpl           : [create][Order Create Success][Order Price][OrderId:f91448ea-854e-4870-8e49-93423269d04d , Price: 0.0]
2026-03-11 16:09:40.523  INFO 1 --- [io-12031-exec-1] order.service.OrderServiceImpl           : [PYTHIA_FINE_TRACE] service=ts-order-service stage=service_create latency_ms=45
2026-03-11 16:09:40.523  INFO 1 --- [io-12031-exec-1] order.controller.OrderController         : [PYTHIA_FINE_TRACE] service=ts-order-service endpoint=createOrder latency_ms=45
2026-03-11 16:09:40.878  INFO 1 --- [io-12031-exec-5] order.controller.OrderController         : [createNewOrder][Create Order][from shanghai to taiyuan at 1970-01-02 18:17:36]
2026-03-11 16:09:40.878  INFO 1 --- [io-12031-exec-5] order.service.OrderServiceImpl           : [create][Create Order][Ready to Create Order]
2026-03-11 16:09:41.178  INFO 1 --- [io-12031-exec-5] order.service.OrderServiceImpl           : [PYTHIA_DELAY] artificial_delay=300ms
2026-03-11 16:09:41.231  INFO 1 --- [io-12031-exec-5] order.service.OrderServiceImpl           : [create][Order Create Success][Order Price][OrderId:e14a3031-8877-4d46-a999-c0886b8f3697 , Price: 0.0]
2026-03-11 16:09:41.231  INFO 1 --- [io-12031-exec-5] order.service.OrderServiceImpl           : [PYTHIA_FINE_TRACE] service=ts-order-service stage=service_create latency_ms=353
2026-03-11 16:09:41.231  INFO 1 --- [io-12031-exec-5] order.controller.OrderController         : [PYTHIA_FINE_TRACE] service=ts-order-service endpoint=createOrder latency_ms=353
2026-03-11 16:09:41.578  INFO 1 --- [io-12031-exec-4] order.controller.OrderController         : [createNewOrder][Create Order][from shanghai to taiyuan at 1970-01-02 18:17:36]
2026-03-11 16:09:41.578  INFO 1 --- [io-12031-exec-4] order.service.OrderServiceImpl           : [create][Create Order][Ready to Create Order]
2026-03-11 16:09:41.619  INFO 1 --- [io-12031-exec-4] order.service.OrderServiceImpl           : [create][Order Create Success][Order Price][OrderId:ab70271f-b5f3-4461-9959-da9eb32b5f2f , Price: 0.0]
2026-03-11 16:09:41.620  INFO 1 --- [io-12031-exec-4] order.service.OrderServiceImpl           : [PYTHIA_FINE_TRACE] service=ts-order-service stage=service_create latency_ms=42
2026-03-11 16:09:41.620  INFO 1 --- [io-12031-exec-4] order.controller.OrderController         : [PYTHIA_FINE_TRACE] service=ts-order-service endpoint=createOrder latency_ms=42
2026-03-11 16:09:41.923  INFO 1 --- [io-12031-exec-3] order.controller.OrderController         : [createNewOrder][Create Order][from shanghai to taiyuan at 1970-01-02 18:17:36]
2026-03-11 16:09:41.923  INFO 1 --- [io-12031-exec-3] order.service.OrderServiceImpl           : [create][Create Order][Ready to Create Order]
2026-03-11 16:09:42.013  INFO 1 --- [io-12031-exec-3] order.service.OrderServiceImpl           : [create][Order Create Success][Order Price][OrderId:38dcfe86-c267-4756-900e-2bb27c873433 , Price: 0.0]
2026-03-11 16:09:42.013  INFO 1 --- [io-12031-exec-3] order.service.OrderServiceImpl           : [PYTHIA_FINE_TRACE] service=ts-order-service stage=service_create latency_ms=90
2026-03-11 16:09:42.013  INFO 1 --- [io-12031-exec-3] order.controller.OrderController         : [PYTHIA_FINE_TRACE] service=ts-order-service endpoint=createOrder latency_ms=90
2026-03-11 16:09:42.324  INFO 1 --- [io-12031-exec-8] order.controller.OrderController         : [createNewOrder][Create Order][from shanghai to taiyuan at 1970-01-02 18:17:36]
2026-03-11 16:09:42.324  INFO 1 --- [io-12031-exec-8] order.service.OrderServiceImpl           : [create][Create Order][Ready to Create Order]
2026-03-11 16:09:42.370  INFO 1 --- [io-12031-exec-8] order.service.OrderServiceImpl           : [create][Order Create Success][Order Price][OrderId:7e78ff8e-9af0-4cd9-85d5-f45162045144 , Price: 0.0]
2026-03-11 16:09:42.370  INFO 1 --- [io-12031-exec-8] order.service.OrderServiceImpl           : [PYTHIA_FINE_TRACE] service=ts-order-service stage=service_create latency_ms=46
2026-03-11 16:09:42.370  INFO 1 --- [io-12031-exec-8] order.controller.OrderController         : [PYTHIA_FINE_TRACE] service=ts-order-service endpoint=createOrder latency_ms=46
2026-03-11 16:09:42.695  INFO 1 --- [io-12031-exec-6] order.controller.OrderController         : [createNewOrder][Create Order][from shanghai to taiyuan at 1970-01-02 18:17:36]
2026-03-11 16:09:42.696  INFO 1 --- [io-12031-exec-6] order.service.OrderServiceImpl           : [create][Create Order][Ready to Create Order]
2026-03-11 16:09:42.747  INFO 1 --- [io-12031-exec-6] order.service.OrderServiceImpl           : [create][Order Create Success][Order Price][OrderId:c0070c2e-fae1-43e1-b12d-dabf3a4fdd4c , Price: 0.0]
2026-03-11 16:09:42.747  INFO 1 --- [io-12031-exec-6] order.service.OrderServiceImpl           : [PYTHIA_FINE_TRACE] service=ts-order-service stage=service_create latency_ms=51
2026-03-11 16:09:42.747  INFO 1 --- [io-12031-exec-6] order.controller.OrderController         : [PYTHIA_FINE_TRACE] service=ts-order-service endpoint=createOrder latency_ms=52
2026-03-11 16:09:43.082  INFO 1 --- [io-12031-exec-7] order.controller.OrderController         : [createNewOrder][Create Order][from shanghai to taiyuan at 1970-01-02 18:17:36]
2026-03-11 16:09:43.083  INFO 1 --- [io-12031-exec-7] order.service.OrderServiceImpl           : [create][Create Order][Ready to Create Order]
2026-03-11 16:09:43.129  INFO 1 --- [io-12031-exec-7] order.service.OrderServiceImpl           : [create][Order Create Success][Order Price][OrderId:58d32abc-ee27-45cc-b2c3-851b3dca27c4 , Price: 0.0]
2026-03-11 16:09:43.129  INFO 1 --- [io-12031-exec-7] order.service.OrderServiceImpl           : [PYTHIA_FINE_TRACE] service=ts-order-service stage=service_create latency_ms=46
2026-03-11 16:09:43.129  INFO 1 --- [io-12031-exec-7] order.controller.OrderController         : [PYTHIA_FINE_TRACE] service=ts-order-service endpoint=createOrder latency_ms=47
2026-03-11 16:09:43.425  INFO 1 --- [o-12031-exec-10] order.controller.OrderController         : [createNewOrder][Create Order][from shanghai to taiyuan at 1970-01-02 18:17:36]
2026-03-11 16:09:43.425  INFO 1 --- [o-12031-exec-10] order.service.OrderServiceImpl           : [create][Create Order][Ready to Create Order]
2026-03-11 16:09:43.514  INFO 1 --- [o-12031-exec-10] order.service.OrderServiceImpl           : [create][Order Create Success][Order Price][OrderId:d78ad4b9-87a6-4c5f-b9f5-98fc6300c601 , Price: 0.0]
2026-03-11 16:09:43.514  INFO 1 --- [o-12031-exec-10] order.service.OrderServiceImpl           : [PYTHIA_FINE_TRACE] service=ts-order-service stage=service_create latency_ms=89
2026-03-11 16:09:43.514  INFO 1 --- [o-12031-exec-10] order.controller.OrderController         : [PYTHIA_FINE_TRACE] service=ts-order-service endpoint=createOrder latency_ms=89
2026-03-11 16:09:43.823  INFO 1 --- [io-12031-exec-9] order.controller.OrderController         : [createNewOrder][Create Order][from shanghai to taiyuan at 1970-01-02 18:17:36]
2026-03-11 16:09:43.823  INFO 1 --- [io-12031-exec-9] order.service.OrderServiceImpl           : [create][Create Order][Ready to Create Order]
2026-03-11 16:09:43.864  INFO 1 --- [io-12031-exec-9] order.service.OrderServiceImpl           : [create][Order Create Success][Order Price][OrderId:6301d548-2caa-4d91-8e34-9cb476a20916 , Price: 0.0]
2026-03-11 16:09:43.864  INFO 1 --- [io-12031-exec-9] order.service.OrderServiceImpl           : [PYTHIA_FINE_TRACE] service=ts-order-service stage=service_create latency_ms=41
2026-03-11 16:09:43.864  INFO 1 --- [io-12031-exec-9] order.controller.OrderController         : [PYTHIA_FINE_TRACE] service=ts-order-service endpoint=createOrder latency_ms=41
2026-03-11 16:09:44.177  INFO 1 --- [io-12031-exec-2] order.controller.OrderController         : [createNewOrder][Create Order][from shanghai to taiyuan at 1970-01-02 18:17:36]
2026-03-11 16:09:44.177  INFO 1 --- [io-12031-exec-2] order.service.OrderServiceImpl           : [create][Create Order][Ready to Create Order]
2026-03-11 16:09:44.477  INFO 1 --- [io-12031-exec-2] order.service.OrderServiceImpl           : [PYTHIA_DELAY] artificial_delay=300ms
2026-03-11 16:09:44.520  INFO 1 --- [io-12031-exec-2] order.service.OrderServiceImpl           : [create][Order Create Success][Order Price][OrderId:5b0ae2d8-bef0-4245-9b58-bab534d6caac , Price: 0.0]
2026-03-11 16:09:44.520  INFO 1 --- [io-12031-exec-2] order.service.OrderServiceImpl           : [PYTHIA_FINE_TRACE] service=ts-order-service stage=service_create latency_ms=343
2026-03-11 16:09:44.520  INFO 1 --- [io-12031-exec-2] order.controller.OrderController         : [PYTHIA_FINE_TRACE] service=ts-order-service endpoint=createOrder latency_ms=343
2026-03-11 16:09:44.878  INFO 1 --- [io-12031-exec-1] order.controller.OrderController         : [createNewOrder][Create Order][from shanghai to taiyuan at 1970-01-02 18:17:36]
2026-03-11 16:09:44.878  INFO 1 --- [io-12031-exec-1] order.service.OrderServiceImpl           : [create][Create Order][Ready to Create Order]
2026-03-11 16:09:44.935  INFO 1 --- [io-12031-exec-1] order.service.OrderServiceImpl           : [create][Order Create Success][Order Price][OrderId:03d41602-98bc-4ec1-a8c3-3b6de45da58c , Price: 0.0]
2026-03-11 16:09:44.935  INFO 1 --- [io-12031-exec-1] order.service.OrderServiceImpl           : [PYTHIA_FINE_TRACE] service=ts-order-service stage=service_create latency_ms=57
2026-03-11 16:09:44.935  INFO 1 --- [io-12031-exec-1] order.controller.OrderController         : [PYTHIA_FINE_TRACE] service=ts-order-service endpoint=createOrder latency_ms=57
2026-03-11 16:09:45.222  INFO 1 --- [io-12031-exec-5] order.controller.OrderController         : [createNewOrder][Create Order][from shanghai to taiyuan at 1970-01-02 18:17:36]
2026-03-11 16:09:45.222  INFO 1 --- [io-12031-exec-5] order.service.OrderServiceImpl           : [create][Create Order][Ready to Create Order]
2026-03-11 16:09:45.265  INFO 1 --- [io-12031-exec-5] order.service.OrderServiceImpl           : [create][Order Create Success][Order Price][OrderId:42e10a28-c284-4c9a-b399-9565953b8915 , Price: 0.0]
2026-03-11 16:09:45.265  INFO 1 --- [io-12031-exec-5] order.service.OrderServiceImpl           : [PYTHIA_FINE_TRACE] service=ts-order-service stage=service_create latency_ms=43
2026-03-11 16:09:45.265  INFO 1 --- [io-12031-exec-5] order.controller.OrderController         : [PYTHIA_FINE_TRACE] service=ts-order-service endpoint=createOrder latency_ms=43
2026-03-11 16:09:45.598  INFO 1 --- [io-12031-exec-4] order.controller.OrderController         : [createNewOrder][Create Order][from shanghai to taiyuan at 1970-01-02 18:17:36]
2026-03-11 16:09:45.598  INFO 1 --- [io-12031-exec-4] order.service.OrderServiceImpl           : [create][Create Order][Ready to Create Order]
2026-03-11 16:09:45.898  INFO 1 --- [io-12031-exec-4] order.service.OrderServiceImpl           : [PYTHIA_DELAY] artificial_delay=300ms
2026-03-11 16:09:45.952  INFO 1 --- [io-12031-exec-4] order.service.OrderServiceImpl           : [create][Order Create Success][Order Price][OrderId:945ed249-be72-4d7c-8ae9-b53b4fa6df77 , Price: 0.0]
2026-03-11 16:09:45.952  INFO 1 --- [io-12031-exec-4] order.service.OrderServiceImpl           : [PYTHIA_FINE_TRACE] service=ts-order-service stage=service_create latency_ms=354
2026-03-11 16:09:45.952  INFO 1 --- [io-12031-exec-4] order.controller.OrderController         : [PYTHIA_FINE_TRACE] service=ts-order-service endpoint=createOrder latency_ms=354
2026-03-11 16:09:46.225  INFO 1 --- [io-12031-exec-3] order.controller.OrderController         : [createNewOrder][Create Order][from shanghai to taiyuan at 1970-01-02 18:17:36]
2026-03-11 16:09:46.225  INFO 1 --- [io-12031-exec-3] order.service.OrderServiceImpl           : [create][Create Order][Ready to Create Order]
2026-03-11 16:09:46.268  INFO 1 --- [io-12031-exec-3] order.service.OrderServiceImpl           : [create][Order Create Success][Order Price][OrderId:3b064d71-7b7b-47b2-89da-0e9042eccc4a , Price: 0.0]
2026-03-11 16:09:46.268  INFO 1 --- [io-12031-exec-3] order.service.OrderServiceImpl           : [PYTHIA_FINE_TRACE] service=ts-order-service stage=service_create latency_ms=43
2026-03-11 16:09:46.268  INFO 1 --- [io-12031-exec-3] order.controller.OrderController         : [PYTHIA_FINE_TRACE] service=ts-order-service endpoint=createOrder latency_ms=43
2026-03-11 16:09:46.592  INFO 1 --- [io-12031-exec-8] order.controller.OrderController         : [createNewOrder][Create Order][from shanghai to taiyuan at 1970-01-02 18:17:36]
2026-03-11 16:09:46.592  INFO 1 --- [io-12031-exec-8] order.service.OrderServiceImpl           : [create][Create Order][Ready to Create Order]
2026-03-11 16:09:46.645  INFO 1 --- [io-12031-exec-8] order.service.OrderServiceImpl           : [create][Order Create Success][Order Price][OrderId:2643fe23-a9b7-4c0a-b6f8-0ac555b7a81f , Price: 0.0]
2026-03-11 16:09:46.645  INFO 1 --- [io-12031-exec-8] order.service.OrderServiceImpl           : [PYTHIA_FINE_TRACE] service=ts-order-service stage=service_create latency_ms=53
2026-03-11 16:09:46.645  INFO 1 --- [io-12031-exec-8] order.controller.OrderController         : [PYTHIA_FINE_TRACE] service=ts-order-service endpoint=createOrder latency_ms=53
2026-03-11 16:09:46.989  INFO 1 --- [io-12031-exec-6] order.controller.OrderController         : [createNewOrder][Create Order][from shanghai to taiyuan at 1970-01-02 18:17:36]
2026-03-11 16:09:46.989  INFO 1 --- [io-12031-exec-6] order.service.OrderServiceImpl           : [create][Create Order][Ready to Create Order]
2026-03-11 16:09:47.036  INFO 1 --- [io-12031-exec-6] order.service.OrderServiceImpl           : [create][Order Create Success][Order Price][OrderId:ed89a9a5-f5cf-4982-851c-716144876e84 , Price: 0.0]
2026-03-11 16:09:47.036  INFO 1 --- [io-12031-exec-6] order.service.OrderServiceImpl           : [PYTHIA_FINE_TRACE] service=ts-order-service stage=service_create latency_ms=47
2026-03-11 16:09:47.036  INFO 1 --- [io-12031-exec-6] order.controller.OrderController         : [PYTHIA_FINE_TRACE] service=ts-order-service endpoint=createOrder latency_ms=47
2026-03-11 16:09:47.325  INFO 1 --- [o-12031-exec-10] order.controller.OrderController         : [createNewOrder][Create Order][from shanghai to taiyuan at 1970-01-02 18:17:36]
2026-03-11 16:09:47.325  INFO 1 --- [o-12031-exec-10] order.service.OrderServiceImpl           : [create][Create Order][Ready to Create Order]
2026-03-11 16:09:47.375  INFO 1 --- [o-12031-exec-10] order.service.OrderServiceImpl           : [create][Order Create Success][Order Price][OrderId:d030a204-019f-4f89-a129-2b4163589f0d , Price: 0.0]
2026-03-11 16:09:47.375  INFO 1 --- [o-12031-exec-10] order.service.OrderServiceImpl           : [PYTHIA_FINE_TRACE] service=ts-order-service stage=service_create latency_ms=50
2026-03-11 16:09:47.375  INFO 1 --- [o-12031-exec-10] order.controller.OrderController         : [PYTHIA_FINE_TRACE] service=ts-order-service endpoint=createOrder latency_ms=50
2026-03-11 16:09:47.690  INFO 1 --- [io-12031-exec-9] order.controller.OrderController         : [createNewOrder][Create Order][from shanghai to taiyuan at 1970-01-02 18:17:36]
2026-03-11 16:09:47.690  INFO 1 --- [io-12031-exec-9] order.service.OrderServiceImpl           : [create][Create Order][Ready to Create Order]
2026-03-11 16:09:47.750  INFO 1 --- [io-12031-exec-9] order.service.OrderServiceImpl           : [create][Order Create Success][Order Price][OrderId:e8795cf0-1346-4dcf-b51b-0cdfe934ed9a , Price: 0.0]
2026-03-11 16:09:47.750  INFO 1 --- [io-12031-exec-9] order.service.OrderServiceImpl           : [PYTHIA_FINE_TRACE] service=ts-order-service stage=service_create latency_ms=60
2026-03-11 16:09:47.750  INFO 1 --- [io-12031-exec-9] order.controller.OrderController         : [PYTHIA_FINE_TRACE] service=ts-order-service endpoint=createOrder latency_ms=60
2026-03-11 16:09:48.026  INFO 1 --- [io-12031-exec-2] order.controller.OrderController         : [createNewOrder][Create Order][from shanghai to taiyuan at 1970-01-02 18:17:36]
2026-03-11 16:09:48.026  INFO 1 --- [io-12031-exec-2] order.service.OrderServiceImpl           : [create][Create Order][Ready to Create Order]
2026-03-11 16:09:48.070  INFO 1 --- [io-12031-exec-2] order.service.OrderServiceImpl           : [create][Order Create Success][Order Price][OrderId:f0109b52-ff5c-4a81-952d-a3570bcc7b62 , Price: 0.0]
2026-03-11 16:09:48.070  INFO 1 --- [io-12031-exec-2] order.service.OrderServiceImpl           : [PYTHIA_FINE_TRACE] service=ts-order-service stage=service_create latency_ms=44
2026-03-11 16:09:48.070  INFO 1 --- [io-12031-exec-2] order.controller.OrderController         : [PYTHIA_FINE_TRACE] service=ts-order-service endpoint=createOrder latency_ms=44
2026-03-11 16:09:48.382  INFO 1 --- [io-12031-exec-1] order.controller.OrderController         : [createNewOrder][Create Order][from shanghai to taiyuan at 1970-01-02 18:17:36]
2026-03-11 16:09:48.382  INFO 1 --- [io-12031-exec-1] order.service.OrderServiceImpl           : [create][Create Order][Ready to Create Order]
2026-03-11 16:09:48.435  INFO 1 --- [io-12031-exec-1] order.service.OrderServiceImpl           : [create][Order Create Success][Order Price][OrderId:c9c83f75-4fcc-420f-8471-f3d21c0a3d35 , Price: 0.0]
2026-03-11 16:09:48.435  INFO 1 --- [io-12031-exec-1] order.service.OrderServiceImpl           : [PYTHIA_FINE_TRACE] service=ts-order-service stage=service_create latency_ms=53
2026-03-11 16:09:48.435  INFO 1 --- [io-12031-exec-1] order.controller.OrderController         : [PYTHIA_FINE_TRACE] service=ts-order-service endpoint=createOrder latency_ms=53
2026-03-11 16:09:48.720  INFO 1 --- [io-12031-exec-5] order.controller.OrderController         : [createNewOrder][Create Order][from shanghai to taiyuan at 1970-01-02 18:17:36]
2026-03-11 16:09:48.721  INFO 1 --- [io-12031-exec-5] order.service.OrderServiceImpl           : [create][Create Order][Ready to Create Order]
2026-03-11 16:09:48.763  INFO 1 --- [io-12031-exec-5] order.service.OrderServiceImpl           : [create][Order Create Success][Order Price][OrderId:a1c3cdf4-5ae9-4a86-949f-a71110621873 , Price: 0.0]
2026-03-11 16:09:48.763  INFO 1 --- [io-12031-exec-5] order.service.OrderServiceImpl           : [PYTHIA_FINE_TRACE] service=ts-order-service stage=service_create latency_ms=42
2026-03-11 16:09:48.763  INFO 1 --- [io-12031-exec-5] order.controller.OrderController         : [PYTHIA_FINE_TRACE] service=ts-order-service endpoint=createOrder latency_ms=43
2026-03-11 16:09:49.083  INFO 1 --- [io-12031-exec-4] order.controller.OrderController         : [createNewOrder][Create Order][from shanghai to taiyuan at 1970-01-02 18:17:36]
2026-03-11 16:09:49.083  INFO 1 --- [io-12031-exec-4] order.service.OrderServiceImpl           : [create][Create Order][Ready to Create Order]
2026-03-11 16:09:49.147  INFO 1 --- [io-12031-exec-4] order.service.OrderServiceImpl           : [create][Order Create Success][Order Price][OrderId:e9bde54c-525d-4fe0-b058-9d44fbb45284 , Price: 0.0]
2026-03-11 16:09:49.147  INFO 1 --- [io-12031-exec-4] order.service.OrderServiceImpl           : [PYTHIA_FINE_TRACE] service=ts-order-service stage=service_create latency_ms=64
2026-03-11 16:09:49.147  INFO 1 --- [io-12031-exec-4] order.controller.OrderController         : [PYTHIA_FINE_TRACE] service=ts-order-service endpoint=createOrder latency_ms=64
2026-03-11 16:09:49.423  INFO 1 --- [io-12031-exec-3] order.controller.OrderController         : [createNewOrder][Create Order][from shanghai to taiyuan at 1970-01-02 18:17:36]
2026-03-11 16:09:49.423  INFO 1 --- [io-12031-exec-3] order.service.OrderServiceImpl           : [create][Create Order][Ready to Create Order]
2026-03-11 16:09:49.723  INFO 1 --- [io-12031-exec-3] order.service.OrderServiceImpl           : [PYTHIA_DELAY] artificial_delay=300ms
2026-03-11 16:09:49.769  INFO 1 --- [io-12031-exec-3] order.service.OrderServiceImpl           : [create][Order Create Success][Order Price][OrderId:73b20d6a-56c9-48e7-a161-8b6a3061a961 , Price: 0.0]
2026-03-11 16:09:49.770  INFO 1 --- [io-12031-exec-3] order.service.OrderServiceImpl           : [PYTHIA_FINE_TRACE] service=ts-order-service stage=service_create latency_ms=347
2026-03-11 16:09:49.770  INFO 1 --- [io-12031-exec-3] order.controller.OrderController         : [PYTHIA_FINE_TRACE] service=ts-order-service endpoint=createOrder latency_ms=347
2026-03-11 16:09:50.104  INFO 1 --- [io-12031-exec-8] order.controller.OrderController         : [createNewOrder][Create Order][from shanghai to taiyuan at 1970-01-02 18:17:36]
2026-03-11 16:09:50.104  INFO 1 --- [io-12031-exec-8] order.service.OrderServiceImpl           : [create][Create Order][Ready to Create Order]
2026-03-11 16:09:50.157  INFO 1 --- [io-12031-exec-8] order.service.OrderServiceImpl           : [create][Order Create Success][Order Price][OrderId:0545074d-b5ac-4024-ad6e-c22ab2d5ce1d , Price: 0.0]
2026-03-11 16:09:50.158  INFO 1 --- [io-12031-exec-8] order.service.OrderServiceImpl           : [PYTHIA_FINE_TRACE] service=ts-order-service stage=service_create latency_ms=54
2026-03-11 16:09:50.158  INFO 1 --- [io-12031-exec-8] order.controller.OrderController         : [PYTHIA_FINE_TRACE] service=ts-order-service endpoint=createOrder latency_ms=54
2026-03-11 16:09:50.484  INFO 1 --- [io-12031-exec-6] order.controller.OrderController         : [createNewOrder][Create Order][from shanghai to taiyuan at 1970-01-02 18:17:36]
2026-03-11 16:09:50.484  INFO 1 --- [io-12031-exec-6] order.service.OrderServiceImpl           : [create][Create Order][Ready to Create Order]
2026-03-11 16:09:50.532  INFO 1 --- [io-12031-exec-6] order.service.OrderServiceImpl           : [create][Order Create Success][Order Price][OrderId:cecf8b2f-b41c-436c-b856-df80bd482616 , Price: 0.0]
2026-03-11 16:09:50.532  INFO 1 --- [io-12031-exec-6] order.service.OrderServiceImpl           : [PYTHIA_FINE_TRACE] service=ts-order-service stage=service_create latency_ms=48
2026-03-11 16:09:50.532  INFO 1 --- [io-12031-exec-6] order.controller.OrderController         : [PYTHIA_FINE_TRACE] service=ts-order-service endpoint=createOrder latency_ms=48
2026-03-11 16:09:50.983  INFO 1 --- [io-12031-exec-7] order.controller.OrderController         : [createNewOrder][Create Order][from shanghai to taiyuan at 1970-01-02 18:17:36]
2026-03-11 16:09:50.983  INFO 1 --- [io-12031-exec-7] order.service.OrderServiceImpl           : [create][Create Order][Ready to Create Order]
2026-03-11 16:09:51.283  INFO 1 --- [io-12031-exec-7] order.service.OrderServiceImpl           : [PYTHIA_DELAY] artificial_delay=300ms
2026-03-11 16:09:51.334  INFO 1 --- [io-12031-exec-7] order.service.OrderServiceImpl           : [create][Order Create Success][Order Price][OrderId:cff3fa8a-735d-42b1-b3ba-5c2218429608 , Price: 0.0]
2026-03-11 16:09:51.334  INFO 1 --- [io-12031-exec-7] order.service.OrderServiceImpl           : [PYTHIA_FINE_TRACE] service=ts-order-service stage=service_create latency_ms=351
2026-03-11 16:09:51.334  INFO 1 --- [io-12031-exec-7] order.controller.OrderController         : [PYTHIA_FINE_TRACE] service=ts-order-service endpoint=createOrder latency_ms=351
2026-03-11 16:09:51.627  INFO 1 --- [o-12031-exec-10] order.controller.OrderController         : [createNewOrder][Create Order][from shanghai to taiyuan at 1970-01-02 18:17:36]
2026-03-11 16:09:51.627  INFO 1 --- [o-12031-exec-10] order.service.OrderServiceImpl           : [create][Create Order][Ready to Create Order]
2026-03-11 16:09:51.713  INFO 1 --- [o-12031-exec-10] order.service.OrderServiceImpl           : [create][Order Create Success][Order Price][OrderId:8747a0a1-f1e4-4e7c-b7e2-7b98eb6309d8 , Price: 0.0]
2026-03-11 16:09:51.713  INFO 1 --- [o-12031-exec-10] order.service.OrderServiceImpl           : [PYTHIA_FINE_TRACE] service=ts-order-service stage=service_create latency_ms=86
2026-03-11 16:09:51.713  INFO 1 --- [o-12031-exec-10] order.controller.OrderController         : [PYTHIA_FINE_TRACE] service=ts-order-service endpoint=createOrder latency_ms=86
2026-03-11 16:09:52.083  INFO 1 --- [io-12031-exec-9] order.controller.OrderController         : [createNewOrder][Create Order][from shanghai to taiyuan at 1970-01-02 18:17:36]
2026-03-11 16:09:52.083  INFO 1 --- [io-12031-exec-9] order.service.OrderServiceImpl           : [create][Create Order][Ready to Create Order]
2026-03-11 16:09:52.126  INFO 1 --- [io-12031-exec-9] order.service.OrderServiceImpl           : [create][Order Create Success][Order Price][OrderId:9caf4304-69f5-429c-aadc-7846844177a6 , Price: 0.0]
2026-03-11 16:09:52.126  INFO 1 --- [io-12031-exec-9] order.service.OrderServiceImpl           : [PYTHIA_FINE_TRACE] service=ts-order-service stage=service_create latency_ms=43
2026-03-11 16:09:52.126  INFO 1 --- [io-12031-exec-9] order.controller.OrderController         : [PYTHIA_FINE_TRACE] service=ts-order-service endpoint=createOrder latency_ms=43
2026-03-11 16:09:52.421  INFO 1 --- [io-12031-exec-2] order.controller.OrderController         : [createNewOrder][Create Order][from shanghai to taiyuan at 1970-01-02 18:17:36]
2026-03-11 16:09:52.421  INFO 1 --- [io-12031-exec-2] order.service.OrderServiceImpl           : [create][Create Order][Ready to Create Order]
2026-03-11 16:09:52.721  INFO 1 --- [io-12031-exec-2] order.service.OrderServiceImpl           : [PYTHIA_DELAY] artificial_delay=300ms
2026-03-11 16:09:52.802  INFO 1 --- [io-12031-exec-2] order.service.OrderServiceImpl           : [create][Order Create Success][Order Price][OrderId:ca646211-ae7a-4f6a-b867-4bc88340893b , Price: 0.0]
2026-03-11 16:09:52.802  INFO 1 --- [io-12031-exec-2] order.service.OrderServiceImpl           : [PYTHIA_FINE_TRACE] service=ts-order-service stage=service_create latency_ms=381
2026-03-11 16:09:52.802  INFO 1 --- [io-12031-exec-2] order.controller.OrderController         : [PYTHIA_FINE_TRACE] service=ts-order-service endpoint=createOrder latency_ms=381
2026-03-11 16:09:53.118  INFO 1 --- [io-12031-exec-1] order.controller.OrderController         : [createNewOrder][Create Order][from shanghai to taiyuan at 1970-01-02 18:17:36]
2026-03-11 16:09:53.118  INFO 1 --- [io-12031-exec-1] order.service.OrderServiceImpl           : [create][Create Order][Ready to Create Order]
2026-03-11 16:09:53.216  INFO 1 --- [io-12031-exec-1] order.service.OrderServiceImpl           : [create][Order Create Success][Order Price][OrderId:2d841fd0-a4c4-45d2-95ff-f1cc4fab03f7 , Price: 0.0]
2026-03-11 16:09:53.217  INFO 1 --- [io-12031-exec-1] order.service.OrderServiceImpl           : [PYTHIA_FINE_TRACE] service=ts-order-service stage=service_create latency_ms=99
2026-03-11 16:09:53.217  INFO 1 --- [io-12031-exec-1] order.controller.OrderController         : [PYTHIA_FINE_TRACE] service=ts-order-service endpoint=createOrder latency_ms=99
2026-03-11 16:09:53.526  INFO 1 --- [io-12031-exec-5] order.controller.OrderController         : [createNewOrder][Create Order][from shanghai to taiyuan at 1970-01-02 18:17:36]
2026-03-11 16:09:53.526  INFO 1 --- [io-12031-exec-5] order.service.OrderServiceImpl           : [create][Create Order][Ready to Create Order]
2026-03-11 16:09:53.826  INFO 1 --- [io-12031-exec-5] order.service.OrderServiceImpl           : [PYTHIA_DELAY] artificial_delay=300ms
2026-03-11 16:09:53.878  INFO 1 --- [io-12031-exec-5] order.service.OrderServiceImpl           : [create][Order Create Success][Order Price][OrderId:e884ae96-2e75-48d4-9474-0e70899a0b61 , Price: 0.0]
2026-03-11 16:09:53.878  INFO 1 --- [io-12031-exec-5] order.service.OrderServiceImpl           : [PYTHIA_FINE_TRACE] service=ts-order-service stage=service_create latency_ms=352
2026-03-11 16:09:53.878  INFO 1 --- [io-12031-exec-5] order.controller.OrderController         : [PYTHIA_FINE_TRACE] service=ts-order-service endpoint=createOrder latency_ms=352
2026-03-11 16:09:54.213  INFO 1 --- [io-12031-exec-4] order.controller.OrderController         : [createNewOrder][Create Order][from shanghai to taiyuan at 1970-01-02 18:17:36]
2026-03-11 16:09:54.213  INFO 1 --- [io-12031-exec-4] order.service.OrderServiceImpl           : [create][Create Order][Ready to Create Order]
2026-03-11 16:09:54.307  INFO 1 --- [io-12031-exec-4] order.service.OrderServiceImpl           : [create][Order Create Success][Order Price][OrderId:c4c64c5f-d8d3-431e-b21c-542cc2617e74 , Price: 0.0]
2026-03-11 16:09:54.307  INFO 1 --- [io-12031-exec-4] order.service.OrderServiceImpl           : [PYTHIA_FINE_TRACE] service=ts-order-service stage=service_create latency_ms=94
2026-03-11 16:09:54.307  INFO 1 --- [io-12031-exec-4] order.controller.OrderController         : [PYTHIA_FINE_TRACE] service=ts-order-service endpoint=createOrder latency_ms=94
2026-03-11 16:09:54.622  INFO 1 --- [io-12031-exec-3] order.controller.OrderController         : [createNewOrder][Create Order][from shanghai to taiyuan at 1970-01-02 18:17:36]
2026-03-11 16:09:54.622  INFO 1 --- [io-12031-exec-3] order.service.OrderServiceImpl           : [create][Create Order][Ready to Create Order]
2026-03-11 16:09:54.702  INFO 1 --- [io-12031-exec-3] order.service.OrderServiceImpl           : [create][Order Create Success][Order Price][OrderId:232b1be1-c0df-4abf-873a-7d63804310bd , Price: 0.0]
2026-03-11 16:09:54.703  INFO 1 --- [io-12031-exec-3] order.service.OrderServiceImpl           : [PYTHIA_FINE_TRACE] service=ts-order-service stage=service_create latency_ms=81
2026-03-11 16:09:54.703  INFO 1 --- [io-12031-exec-3] order.controller.OrderController         : [PYTHIA_FINE_TRACE] service=ts-order-service endpoint=createOrder latency_ms=81
2026-03-11 16:09:55.020  INFO 1 --- [io-12031-exec-8] order.controller.OrderController         : [createNewOrder][Create Order][from shanghai to taiyuan at 1970-01-02 18:17:36]
2026-03-11 16:09:55.020  INFO 1 --- [io-12031-exec-8] order.service.OrderServiceImpl           : [create][Create Order][Ready to Create Order]
2026-03-11 16:09:55.321  INFO 1 --- [io-12031-exec-8] order.service.OrderServiceImpl           : [PYTHIA_DELAY] artificial_delay=300ms
2026-03-11 16:09:55.409  INFO 1 --- [io-12031-exec-8] order.service.OrderServiceImpl           : [create][Order Create Success][Order Price][OrderId:e41014e9-b173-4049-bd21-5eeacd56251c , Price: 0.0]
2026-03-11 16:09:55.410  INFO 1 --- [io-12031-exec-8] order.service.OrderServiceImpl           : [PYTHIA_FINE_TRACE] service=ts-order-service stage=service_create latency_ms=390
2026-03-11 16:09:55.410  INFO 1 --- [io-12031-exec-8] order.controller.OrderController         : [PYTHIA_FINE_TRACE] service=ts-order-service endpoint=createOrder latency_ms=390
2026-03-11 16:09:55.725  INFO 1 --- [io-12031-exec-6] order.controller.OrderController         : [createNewOrder][Create Order][from shanghai to taiyuan at 1970-01-02 18:17:36]
2026-03-11 16:09:55.725  INFO 1 --- [io-12031-exec-6] order.service.OrderServiceImpl           : [create][Create Order][Ready to Create Order]
2026-03-11 16:09:55.815  INFO 1 --- [io-12031-exec-6] order.service.OrderServiceImpl           : [create][Order Create Success][Order Price][OrderId:6fc3e6a9-c57d-49c7-b0a8-176f8206ea07 , Price: 0.0]
2026-03-11 16:09:55.816  INFO 1 --- [io-12031-exec-6] order.service.OrderServiceImpl           : [PYTHIA_FINE_TRACE] service=ts-order-service stage=service_create latency_ms=91
2026-03-11 16:09:55.816  INFO 1 --- [io-12031-exec-6] order.controller.OrderController         : [PYTHIA_FINE_TRACE] service=ts-order-service endpoint=createOrder latency_ms=91
2026-03-11 16:09:56.123  INFO 1 --- [io-12031-exec-7] order.controller.OrderController         : [createNewOrder][Create Order][from shanghai to taiyuan at 1970-01-02 18:17:36]
2026-03-11 16:09:56.123  INFO 1 --- [io-12031-exec-7] order.service.OrderServiceImpl           : [create][Create Order][Ready to Create Order]
2026-03-11 16:09:56.424  INFO 1 --- [io-12031-exec-7] order.service.OrderServiceImpl           : [PYTHIA_DELAY] artificial_delay=300ms
2026-03-11 16:09:56.501  INFO 1 --- [io-12031-exec-7] order.service.OrderServiceImpl           : [create][Order Create Success][Order Price][OrderId:7d5fa6dd-c7fe-408a-bdf7-f477b7592d3b , Price: 0.0]
2026-03-11 16:09:56.502  INFO 1 --- [io-12031-exec-7] order.service.OrderServiceImpl           : [PYTHIA_FINE_TRACE] service=ts-order-service stage=service_create latency_ms=379
2026-03-11 16:09:56.502  INFO 1 --- [io-12031-exec-7] order.controller.OrderController         : [PYTHIA_FINE_TRACE] service=ts-order-service endpoint=createOrder latency_ms=379
2026-03-11 16:09:56.827  INFO 1 --- [o-12031-exec-10] order.controller.OrderController         : [createNewOrder][Create Order][from shanghai to taiyuan at 1970-01-02 18:17:36]
2026-03-11 16:09:56.827  INFO 1 --- [o-12031-exec-10] order.service.OrderServiceImpl           : [create][Create Order][Ready to Create Order]
2026-03-11 16:09:56.871  INFO 1 --- [o-12031-exec-10] order.service.OrderServiceImpl           : [create][Order Create Success][Order Price][OrderId:380af82c-431f-490c-820c-688bf55d7638 , Price: 0.0]
2026-03-11 16:09:56.871  INFO 1 --- [o-12031-exec-10] order.service.OrderServiceImpl           : [PYTHIA_FINE_TRACE] service=ts-order-service stage=service_create latency_ms=44
2026-03-11 16:09:56.871  INFO 1 --- [o-12031-exec-10] order.controller.OrderController         : [PYTHIA_FINE_TRACE] service=ts-order-service endpoint=createOrder latency_ms=44
2026-03-11 16:09:57.205  INFO 1 --- [io-12031-exec-2] order.controller.OrderController         : [createNewOrder][Create Order][from shanghai to taiyuan at 1970-01-02 18:17:36]
2026-03-11 16:09:57.205  INFO 1 --- [io-12031-exec-2] order.service.OrderServiceImpl           : [create][Create Order][Ready to Create Order]
2026-03-11 16:09:57.336  INFO 1 --- [io-12031-exec-2] order.service.OrderServiceImpl           : [create][Order Create Success][Order Price][OrderId:420d9f89-b9dc-4bed-9de2-40a35d9c1d24 , Price: 0.0]
2026-03-11 16:09:57.336  INFO 1 --- [io-12031-exec-2] order.service.OrderServiceImpl           : [PYTHIA_FINE_TRACE] service=ts-order-service stage=service_create latency_ms=131
2026-03-11 16:09:57.336  INFO 1 --- [io-12031-exec-2] order.controller.OrderController         : [PYTHIA_FINE_TRACE] service=ts-order-service endpoint=createOrder latency_ms=131
2026-03-11 16:09:57.625  INFO 1 --- [io-12031-exec-1] order.controller.OrderController         : [createNewOrder][Create Order][from shanghai to taiyuan at 1970-01-02 18:17:36]
2026-03-11 16:09:57.625  INFO 1 --- [io-12031-exec-1] order.service.OrderServiceImpl           : [create][Create Order][Ready to Create Order]
2026-03-11 16:09:57.925  INFO 1 --- [io-12031-exec-1] order.service.OrderServiceImpl           : [PYTHIA_DELAY] artificial_delay=300ms
2026-03-11 16:09:57.970  INFO 1 --- [io-12031-exec-1] order.service.OrderServiceImpl           : [create][Order Create Success][Order Price][OrderId:41d02239-92b3-4e77-b830-530e9b1c3b3c , Price: 0.0]
2026-03-11 16:09:57.970  INFO 1 --- [io-12031-exec-1] order.service.OrderServiceImpl           : [PYTHIA_FINE_TRACE] service=ts-order-service stage=service_create latency_ms=345
2026-03-11 16:09:57.971  INFO 1 --- [io-12031-exec-1] order.controller.OrderController         : [PYTHIA_FINE_TRACE] service=ts-order-service endpoint=createOrder latency_ms=346
2026-03-11 16:09:58.290  INFO 1 --- [io-12031-exec-5] order.controller.OrderController         : [createNewOrder][Create Order][from shanghai to taiyuan at 1970-01-02 18:17:36]
2026-03-11 16:09:58.290  INFO 1 --- [io-12031-exec-5] order.service.OrderServiceImpl           : [create][Create Order][Ready to Create Order]
2026-03-11 16:09:58.342  INFO 1 --- [io-12031-exec-5] order.service.OrderServiceImpl           : [create][Order Create Success][Order Price][OrderId:3bea6ebe-0b50-493d-8eee-5d45dbb57d72 , Price: 0.0]
2026-03-11 16:09:58.342  INFO 1 --- [io-12031-exec-5] order.service.OrderServiceImpl           : [PYTHIA_FINE_TRACE] service=ts-order-service stage=service_create latency_ms=52
2026-03-11 16:09:58.342  INFO 1 --- [io-12031-exec-5] order.controller.OrderController         : [PYTHIA_FINE_TRACE] service=ts-order-service endpoint=createOrder latency_ms=52
2026-03-11 16:09:58.627  INFO 1 --- [io-12031-exec-4] order.controller.OrderController         : [createNewOrder][Create Order][from shanghai to taiyuan at 1970-01-02 18:17:36]
2026-03-11 16:09:58.627  INFO 1 --- [io-12031-exec-4] order.service.OrderServiceImpl           : [create][Create Order][Ready to Create Order]
2026-03-11 16:09:58.670  INFO 1 --- [io-12031-exec-4] order.service.OrderServiceImpl           : [create][Order Create Success][Order Price][OrderId:cb52510b-6761-4ed5-a85e-f5fc9149aef8 , Price: 0.0]
2026-03-11 16:09:58.670  INFO 1 --- [io-12031-exec-4] order.service.OrderServiceImpl           : [PYTHIA_FINE_TRACE] service=ts-order-service stage=service_create latency_ms=43
2026-03-11 16:09:58.670  INFO 1 --- [io-12031-exec-4] order.controller.OrderController         : [PYTHIA_FINE_TRACE] service=ts-order-service endpoint=createOrder latency_ms=43
2026-03-11 16:09:59.005  INFO 1 --- [io-12031-exec-3] order.controller.OrderController         : [createNewOrder][Create Order][from shanghai to taiyuan at 1970-01-02 18:17:36]
2026-03-11 16:09:59.005  INFO 1 --- [io-12031-exec-3] order.service.OrderServiceImpl           : [create][Create Order][Ready to Create Order]
2026-03-11 16:09:59.056  INFO 1 --- [io-12031-exec-3] order.service.OrderServiceImpl           : [create][Order Create Success][Order Price][OrderId:b71a0ec9-3899-4f5a-ae86-635cc2f39b11 , Price: 0.0]
2026-03-11 16:09:59.056  INFO 1 --- [io-12031-exec-3] order.service.OrderServiceImpl           : [PYTHIA_FINE_TRACE] service=ts-order-service stage=service_create latency_ms=51
2026-03-11 16:09:59.056  INFO 1 --- [io-12031-exec-3] order.controller.OrderController         : [PYTHIA_FINE_TRACE] service=ts-order-service endpoint=createOrder latency_ms=51
2026-03-11 16:09:59.381  INFO 1 --- [io-12031-exec-8] order.controller.OrderController         : [createNewOrder][Create Order][from shanghai to taiyuan at 1970-01-02 18:17:36]
2026-03-11 16:09:59.381  INFO 1 --- [io-12031-exec-8] order.service.OrderServiceImpl           : [create][Create Order][Ready to Create Order]
2026-03-11 16:09:59.440  INFO 1 --- [io-12031-exec-8] order.service.OrderServiceImpl           : [create][Order Create Success][Order Price][OrderId:e17e8151-5542-44f7-a5b0-c412e95556f9 , Price: 0.0]
2026-03-11 16:09:59.440  INFO 1 --- [io-12031-exec-8] order.service.OrderServiceImpl           : [PYTHIA_FINE_TRACE] service=ts-order-service stage=service_create latency_ms=59
2026-03-11 16:09:59.440  INFO 1 --- [io-12031-exec-8] order.controller.OrderController         : [PYTHIA_FINE_TRACE] service=ts-order-service endpoint=createOrder latency_ms=59
2026-03-11 16:09:59.730  INFO 1 --- [io-12031-exec-6] order.controller.OrderController         : [createNewOrder][Create Order][from shanghai to taiyuan at 1970-01-02 18:17:36]
2026-03-11 16:09:59.730  INFO 1 --- [io-12031-exec-6] order.service.OrderServiceImpl           : [create][Create Order][Ready to Create Order]
2026-03-11 16:10:00.030  INFO 1 --- [io-12031-exec-6] order.service.OrderServiceImpl           : [PYTHIA_DELAY] artificial_delay=300ms
2026-03-11 16:10:00.075  INFO 1 --- [io-12031-exec-6] order.service.OrderServiceImpl           : [create][Order Create Success][Order Price][OrderId:e29ec810-cddf-4619-9354-bf921d896c21 , Price: 0.0]
2026-03-11 16:10:00.075  INFO 1 --- [io-12031-exec-6] order.service.OrderServiceImpl           : [PYTHIA_FINE_TRACE] service=ts-order-service stage=service_create latency_ms=345
2026-03-11 16:10:00.075  INFO 1 --- [io-12031-exec-6] order.controller.OrderController         : [PYTHIA_FINE_TRACE] service=ts-order-service endpoint=createOrder latency_ms=345
2026-03-11 16:10:00.393  INFO 1 --- [io-12031-exec-7] order.controller.OrderController         : [createNewOrder][Create Order][from shanghai to taiyuan at 1970-01-02 18:17:36]
2026-03-11 16:10:00.393  INFO 1 --- [io-12031-exec-7] order.service.OrderServiceImpl           : [create][Create Order][Ready to Create Order]
2026-03-11 16:10:00.447  INFO 1 --- [io-12031-exec-7] order.service.OrderServiceImpl           : [create][Order Create Success][Order Price][OrderId:14ae9804-1266-4df5-ab1a-f46f0afbc7e9 , Price: 0.0]
2026-03-11 16:10:00.447  INFO 1 --- [io-12031-exec-7] order.service.OrderServiceImpl           : [PYTHIA_FINE_TRACE] service=ts-order-service stage=service_create latency_ms=54
2026-03-11 16:10:00.447  INFO 1 --- [io-12031-exec-7] order.controller.OrderController         : [PYTHIA_FINE_TRACE] service=ts-order-service endpoint=createOrder latency_ms=54
2026-03-11 16:10:00.722  INFO 1 --- [o-12031-exec-10] order.controller.OrderController         : [createNewOrder][Create Order][from shanghai to taiyuan at 1970-01-02 18:17:36]
2026-03-11 16:10:00.722  INFO 1 --- [o-12031-exec-10] order.service.OrderServiceImpl           : [create][Create Order][Ready to Create Order]
2026-03-11 16:10:00.765  INFO 1 --- [o-12031-exec-10] order.service.OrderServiceImpl           : [create][Order Create Success][Order Price][OrderId:631d953a-7429-46ec-bd9c-23dbf4435aba , Price: 0.0]
2026-03-11 16:10:00.765  INFO 1 --- [o-12031-exec-10] order.service.OrderServiceImpl           : [PYTHIA_FINE_TRACE] service=ts-order-service stage=service_create latency_ms=43
2026-03-11 16:10:00.765  INFO 1 --- [o-12031-exec-10] order.controller.OrderController         : [PYTHIA_FINE_TRACE] service=ts-order-service endpoint=createOrder latency_ms=43
2026-03-11 16:10:01.083  INFO 1 --- [io-12031-exec-9] order.controller.OrderController         : [createNewOrder][Create Order][from shanghai to taiyuan at 1970-01-02 18:17:36]
2026-03-11 16:10:01.083  INFO 1 --- [io-12031-exec-9] order.service.OrderServiceImpl           : [create][Create Order][Ready to Create Order]
2026-03-11 16:10:01.383  INFO 1 --- [io-12031-exec-9] order.service.OrderServiceImpl           : [PYTHIA_DELAY] artificial_delay=300ms
2026-03-11 16:10:01.436  INFO 1 --- [io-12031-exec-9] order.service.OrderServiceImpl           : [create][Order Create Success][Order Price][OrderId:483c4edb-a20f-4bae-a464-4ea996cad710 , Price: 0.0]
2026-03-11 16:10:01.436  INFO 1 --- [io-12031-exec-9] order.service.OrderServiceImpl           : [PYTHIA_FINE_TRACE] service=ts-order-service stage=service_create latency_ms=353
2026-03-11 16:10:01.436  INFO 1 --- [io-12031-exec-9] order.controller.OrderController         : [PYTHIA_FINE_TRACE] service=ts-order-service endpoint=createOrder latency_ms=353
2026-03-11 16:10:01.725  INFO 1 --- [io-12031-exec-2] order.controller.OrderController         : [createNewOrder][Create Order][from shanghai to taiyuan at 1970-01-02 18:17:36]
2026-03-11 16:10:01.725  INFO 1 --- [io-12031-exec-2] order.service.OrderServiceImpl           : [create][Create Order][Ready to Create Order]
2026-03-11 16:10:01.770  INFO 1 --- [io-12031-exec-2] order.service.OrderServiceImpl           : [create][Order Create Success][Order Price][OrderId:c0c1d9ed-0159-4f83-95b9-b78d41f76e10 , Price: 0.0]
2026-03-11 16:10:01.770  INFO 1 --- [io-12031-exec-2] order.service.OrderServiceImpl           : [PYTHIA_FINE_TRACE] service=ts-order-service stage=service_create latency_ms=45
2026-03-11 16:10:01.770  INFO 1 --- [io-12031-exec-2] order.controller.OrderController         : [PYTHIA_FINE_TRACE] service=ts-order-service endpoint=createOrder latency_ms=45
2026-03-11 16:10:02.105  INFO 1 --- [io-12031-exec-1] order.controller.OrderController         : [createNewOrder][Create Order][from shanghai to taiyuan at 1970-01-02 18:17:36]
2026-03-11 16:10:02.105  INFO 1 --- [io-12031-exec-1] order.service.OrderServiceImpl           : [create][Create Order][Ready to Create Order]
2026-03-11 16:10:02.216  INFO 1 --- [io-12031-exec-1] order.service.OrderServiceImpl           : [create][Order Create Success][Order Price][OrderId:d3df69be-9146-47f8-90cd-532e03837159 , Price: 0.0]
2026-03-11 16:10:02.216  INFO 1 --- [io-12031-exec-1] order.service.OrderServiceImpl           : [PYTHIA_FINE_TRACE] service=ts-order-service stage=service_create latency_ms=111
2026-03-11 16:10:02.216  INFO 1 --- [io-12031-exec-1] order.controller.OrderController         : [PYTHIA_FINE_TRACE] service=ts-order-service endpoint=createOrder latency_ms=111
2026-03-11 16:10:02.523  INFO 1 --- [io-12031-exec-5] order.controller.OrderController         : [createNewOrder][Create Order][from shanghai to taiyuan at 1970-01-02 18:17:36]
2026-03-11 16:10:02.523  INFO 1 --- [io-12031-exec-5] order.service.OrderServiceImpl           : [create][Create Order][Ready to Create Order]
2026-03-11 16:10:02.567  INFO 1 --- [io-12031-exec-5] order.service.OrderServiceImpl           : [create][Order Create Success][Order Price][OrderId:2d44b26a-1c7b-41eb-84b9-470d2d29618f , Price: 0.0]
2026-03-11 16:10:02.567  INFO 1 --- [io-12031-exec-5] order.service.OrderServiceImpl           : [PYTHIA_FINE_TRACE] service=ts-order-service stage=service_create latency_ms=44
2026-03-11 16:10:02.567  INFO 1 --- [io-12031-exec-5] order.controller.OrderController         : [PYTHIA_FINE_TRACE] service=ts-order-service endpoint=createOrder latency_ms=44
2026-03-11 16:10:02.880  INFO 1 --- [io-12031-exec-4] order.controller.OrderController         : [createNewOrder][Create Order][from shanghai to taiyuan at 1970-01-02 18:17:36]
2026-03-11 16:10:02.880  INFO 1 --- [io-12031-exec-4] order.service.OrderServiceImpl           : [create][Create Order][Ready to Create Order]
2026-03-11 16:10:02.934  INFO 1 --- [io-12031-exec-4] order.service.OrderServiceImpl           : [create][Order Create Success][Order Price][OrderId:679d234f-941e-490a-af24-6dd8771e3fa0 , Price: 0.0]
2026-03-11 16:10:02.934  INFO 1 --- [io-12031-exec-4] order.service.OrderServiceImpl           : [PYTHIA_FINE_TRACE] service=ts-order-service stage=service_create latency_ms=54
2026-03-11 16:10:02.934  INFO 1 --- [io-12031-exec-4] order.controller.OrderController         : [PYTHIA_FINE_TRACE] service=ts-order-service endpoint=createOrder latency_ms=54
2026-03-11 16:10:03.229  INFO 1 --- [io-12031-exec-3] order.controller.OrderController         : [createNewOrder][Create Order][from shanghai to taiyuan at 1970-01-02 18:17:36]
2026-03-11 16:10:03.229  INFO 1 --- [io-12031-exec-3] order.service.OrderServiceImpl           : [create][Create Order][Ready to Create Order]
2026-03-11 16:10:03.314  INFO 1 --- [io-12031-exec-3] order.service.OrderServiceImpl           : [create][Order Create Success][Order Price][OrderId:9c4c471e-c2a6-4e67-8a22-90472704ef5f , Price: 0.0]
2026-03-11 16:10:03.314  INFO 1 --- [io-12031-exec-3] order.service.OrderServiceImpl           : [PYTHIA_FINE_TRACE] service=ts-order-service stage=service_create latency_ms=85
2026-03-11 16:10:03.314  INFO 1 --- [io-12031-exec-3] order.controller.OrderController         : [PYTHIA_FINE_TRACE] service=ts-order-service endpoint=createOrder latency_ms=85
2026-03-11 16:10:03.678  INFO 1 --- [io-12031-exec-8] order.controller.OrderController         : [createNewOrder][Create Order][from shanghai to taiyuan at 1970-01-02 18:17:36]
2026-03-11 16:10:03.679  INFO 1 --- [io-12031-exec-8] order.service.OrderServiceImpl           : [create][Create Order][Ready to Create Order]
2026-03-11 16:10:03.722  INFO 1 --- [io-12031-exec-8] order.service.OrderServiceImpl           : [create][Order Create Success][Order Price][OrderId:635e9389-1c25-4825-a1c0-a173104dee21 , Price: 0.0]
2026-03-11 16:10:03.722  INFO 1 --- [io-12031-exec-8] order.service.OrderServiceImpl           : [PYTHIA_FINE_TRACE] service=ts-order-service stage=service_create latency_ms=43
2026-03-11 16:10:03.722  INFO 1 --- [io-12031-exec-8] order.controller.OrderController         : [PYTHIA_FINE_TRACE] service=ts-order-service endpoint=createOrder latency_ms=44
2026-03-11 16:10:04.020  INFO 1 --- [io-12031-exec-6] order.controller.OrderController         : [createNewOrder][Create Order][from shanghai to taiyuan at 1970-01-02 18:17:36]
2026-03-11 16:10:04.020  INFO 1 --- [io-12031-exec-6] order.service.OrderServiceImpl           : [create][Create Order][Ready to Create Order]
2026-03-11 16:10:04.106  INFO 1 --- [io-12031-exec-6] order.service.OrderServiceImpl           : [create][Order Create Success][Order Price][OrderId:130e1aeb-4401-423a-9367-d17ab3a52770 , Price: 0.0]
2026-03-11 16:10:04.106  INFO 1 --- [io-12031-exec-6] order.service.OrderServiceImpl           : [PYTHIA_FINE_TRACE] service=ts-order-service stage=service_create latency_ms=86
2026-03-11 16:10:04.106  INFO 1 --- [io-12031-exec-6] order.controller.OrderController         : [PYTHIA_FINE_TRACE] service=ts-order-service endpoint=createOrder latency_ms=86
2026-03-11 16:10:04.423  INFO 1 --- [io-12031-exec-7] order.controller.OrderController         : [createNewOrder][Create Order][from shanghai to taiyuan at 1970-01-02 18:17:36]
2026-03-11 16:10:04.423  INFO 1 --- [io-12031-exec-7] order.service.OrderServiceImpl           : [create][Create Order][Ready to Create Order]
2026-03-11 16:10:04.723  INFO 1 --- [io-12031-exec-7] order.service.OrderServiceImpl           : [PYTHIA_DELAY] artificial_delay=300ms
2026-03-11 16:10:04.769  INFO 1 --- [io-12031-exec-7] order.service.OrderServiceImpl           : [create][Order Create Success][Order Price][OrderId:4cd8715e-cc7f-4cc4-9ed9-309077511600 , Price: 0.0]
2026-03-11 16:10:04.769  INFO 1 --- [io-12031-exec-7] order.service.OrderServiceImpl           : [PYTHIA_FINE_TRACE] service=ts-order-service stage=service_create latency_ms=346
2026-03-11 16:10:04.769  INFO 1 --- [io-12031-exec-7] order.controller.OrderController         : [PYTHIA_FINE_TRACE] service=ts-order-service endpoint=createOrder latency_ms=346
2026-03-11 16:10:05.091  INFO 1 --- [o-12031-exec-10] order.controller.OrderController         : [createNewOrder][Create Order][from shanghai to taiyuan at 1970-01-02 18:17:36]
2026-03-11 16:10:05.091  INFO 1 --- [o-12031-exec-10] order.service.OrderServiceImpl           : [create][Create Order][Ready to Create Order]
2026-03-11 16:10:05.392  INFO 1 --- [o-12031-exec-10] order.service.OrderServiceImpl           : [PYTHIA_DELAY] artificial_delay=300ms
2026-03-11 16:10:05.446  INFO 1 --- [o-12031-exec-10] order.service.OrderServiceImpl           : [create][Order Create Success][Order Price][OrderId:b5e75671-63d0-47c0-ac82-32f1d03d8a03 , Price: 0.0]
2026-03-11 16:10:05.446  INFO 1 --- [o-12031-exec-10] order.service.OrderServiceImpl           : [PYTHIA_FINE_TRACE] service=ts-order-service stage=service_create latency_ms=355
2026-03-11 16:10:05.446  INFO 1 --- [o-12031-exec-10] order.controller.OrderController         : [PYTHIA_FINE_TRACE] service=ts-order-service endpoint=createOrder latency_ms=355
2026-03-11 16:10:05.727  INFO 1 --- [io-12031-exec-9] order.controller.OrderController         : [createNewOrder][Create Order][from shanghai to taiyuan at 1970-01-02 18:17:36]
2026-03-11 16:10:05.727  INFO 1 --- [io-12031-exec-9] order.service.OrderServiceImpl           : [create][Create Order][Ready to Create Order]
2026-03-11 16:10:06.027  INFO 1 --- [io-12031-exec-9] order.service.OrderServiceImpl           : [PYTHIA_DELAY] artificial_delay=300ms
2026-03-11 16:10:06.073  INFO 1 --- [io-12031-exec-9] order.service.OrderServiceImpl           : [create][Order Create Success][Order Price][OrderId:03798d81-9c0b-409d-9f59-16c707697a12 , Price: 0.0]
2026-03-11 16:10:06.073  INFO 1 --- [io-12031-exec-9] order.service.OrderServiceImpl           : [PYTHIA_FINE_TRACE] service=ts-order-service stage=service_create latency_ms=346
2026-03-11 16:10:06.073  INFO 1 --- [io-12031-exec-9] order.controller.OrderController         : [PYTHIA_FINE_TRACE] service=ts-order-service endpoint=createOrder latency_ms=346
2026-03-11 16:10:06.394  INFO 1 --- [io-12031-exec-2] order.controller.OrderController         : [createNewOrder][Create Order][from shanghai to taiyuan at 1970-01-02 18:17:36]
2026-03-11 16:10:06.394  INFO 1 --- [io-12031-exec-2] order.service.OrderServiceImpl           : [create][Create Order][Ready to Create Order]
2026-03-11 16:10:06.450  INFO 1 --- [io-12031-exec-2] order.service.OrderServiceImpl           : [create][Order Create Success][Order Price][OrderId:83c0d86a-4c55-4259-919d-619c9868c0df , Price: 0.0]
2026-03-11 16:10:06.450  INFO 1 --- [io-12031-exec-2] order.service.OrderServiceImpl           : [PYTHIA_FINE_TRACE] service=ts-order-service stage=service_create latency_ms=56
2026-03-11 16:10:06.450  INFO 1 --- [io-12031-exec-2] order.controller.OrderController         : [PYTHIA_FINE_TRACE] service=ts-order-service endpoint=createOrder latency_ms=56
2026-03-11 16:10:06.722  INFO 1 --- [io-12031-exec-1] order.controller.OrderController         : [createNewOrder][Create Order][from shanghai to taiyuan at 1970-01-02 18:17:36]
2026-03-11 16:10:06.722  INFO 1 --- [io-12031-exec-1] order.service.OrderServiceImpl           : [create][Create Order][Ready to Create Order]
2026-03-11 16:10:07.022  INFO 1 --- [io-12031-exec-1] order.service.OrderServiceImpl           : [PYTHIA_DELAY] artificial_delay=300ms
2026-03-11 16:10:07.207  INFO 1 --- [io-12031-exec-1] order.service.OrderServiceImpl           : [create][Order Create Success][Order Price][OrderId:96cad8eb-71fd-4184-978d-54ee1ced1aad , Price: 0.0]
2026-03-11 16:10:07.208  INFO 1 --- [io-12031-exec-1] order.service.OrderServiceImpl           : [PYTHIA_FINE_TRACE] service=ts-order-service stage=service_create latency_ms=486
2026-03-11 16:10:07.208  INFO 1 --- [io-12031-exec-1] order.controller.OrderController         : [PYTHIA_FINE_TRACE] service=ts-order-service endpoint=createOrder latency_ms=486
2026-03-11 16:10:07.526  INFO 1 --- [io-12031-exec-4] order.controller.OrderController         : [createNewOrder][Create Order][from shanghai to taiyuan at 1970-01-02 18:17:36]
2026-03-11 16:10:07.526  INFO 1 --- [io-12031-exec-4] order.service.OrderServiceImpl           : [create][Create Order][Ready to Create Order]
2026-03-11 16:10:07.572  INFO 1 --- [io-12031-exec-4] order.service.OrderServiceImpl           : [create][Order Create Success][Order Price][OrderId:32445d14-f0ae-4b6b-a9a3-a39357ffb9e1 , Price: 0.0]
2026-03-11 16:10:07.572  INFO 1 --- [io-12031-exec-4] order.service.OrderServiceImpl           : [PYTHIA_FINE_TRACE] service=ts-order-service stage=service_create latency_ms=46
2026-03-11 16:10:07.572  INFO 1 --- [io-12031-exec-4] order.controller.OrderController         : [PYTHIA_FINE_TRACE] service=ts-order-service endpoint=createOrder latency_ms=46
2026-03-11 16:10:07.893  INFO 1 --- [io-12031-exec-3] order.controller.OrderController         : [createNewOrder][Create Order][from shanghai to taiyuan at 1970-01-02 18:17:36]
2026-03-11 16:10:07.893  INFO 1 --- [io-12031-exec-3] order.service.OrderServiceImpl           : [create][Create Order][Ready to Create Order]
2026-03-11 16:10:07.949  INFO 1 --- [io-12031-exec-3] order.service.OrderServiceImpl           : [create][Order Create Success][Order Price][OrderId:21497762-3b11-4df0-8469-12c33be2de8a , Price: 0.0]
2026-03-11 16:10:07.949  INFO 1 --- [io-12031-exec-3] order.service.OrderServiceImpl           : [PYTHIA_FINE_TRACE] service=ts-order-service stage=service_create latency_ms=56
2026-03-11 16:10:07.949  INFO 1 --- [io-12031-exec-3] order.controller.OrderController         : [PYTHIA_FINE_TRACE] service=ts-order-service endpoint=createOrder latency_ms=56
2026-03-11 16:10:08.227  INFO 1 --- [io-12031-exec-8] order.controller.OrderController         : [createNewOrder][Create Order][from shanghai to taiyuan at 1970-01-02 18:17:36]
2026-03-11 16:10:08.228  INFO 1 --- [io-12031-exec-8] order.service.OrderServiceImpl           : [create][Create Order][Ready to Create Order]
2026-03-11 16:10:08.271  INFO 1 --- [io-12031-exec-8] order.service.OrderServiceImpl           : [create][Order Create Success][Order Price][OrderId:348ba389-2299-418c-a560-ca2ea94d8800 , Price: 0.0]
2026-03-11 16:10:08.271  INFO 1 --- [io-12031-exec-8] order.service.OrderServiceImpl           : [PYTHIA_FINE_TRACE] service=ts-order-service stage=service_create latency_ms=43
2026-03-11 16:10:08.271  INFO 1 --- [io-12031-exec-8] order.controller.OrderController         : [PYTHIA_FINE_TRACE] service=ts-order-service endpoint=createOrder latency_ms=44
2026-03-11 16:10:08.697  INFO 1 --- [io-12031-exec-6] order.controller.OrderController         : [createNewOrder][Create Order][from shanghai to taiyuan at 1970-01-02 18:17:36]
2026-03-11 16:10:08.697  INFO 1 --- [io-12031-exec-6] order.service.OrderServiceImpl           : [create][Create Order][Ready to Create Order]
2026-03-11 16:10:08.754  INFO 1 --- [io-12031-exec-6] order.service.OrderServiceImpl           : [create][Order Create Success][Order Price][OrderId:2f30f57e-6375-4bfa-861d-17d48d4b1e5d , Price: 0.0]
2026-03-11 16:10:08.754  INFO 1 --- [io-12031-exec-6] order.service.OrderServiceImpl           : [PYTHIA_FINE_TRACE] service=ts-order-service stage=service_create latency_ms=57
2026-03-11 16:10:08.754  INFO 1 --- [io-12031-exec-6] order.controller.OrderController         : [PYTHIA_FINE_TRACE] service=ts-order-service endpoint=createOrder latency_ms=57
2026-03-11 16:10:09.024  INFO 1 --- [io-12031-exec-7] order.controller.OrderController         : [createNewOrder][Create Order][from shanghai to taiyuan at 1970-01-02 18:17:36]
2026-03-11 16:10:09.024  INFO 1 --- [io-12031-exec-7] order.service.OrderServiceImpl           : [create][Create Order][Ready to Create Order]
2026-03-11 16:10:09.067  INFO 1 --- [io-12031-exec-7] order.service.OrderServiceImpl           : [create][Order Create Success][Order Price][OrderId:bd1dd366-48f3-4a28-880e-9e66c64ce31f , Price: 0.0]
2026-03-11 16:10:09.067  INFO 1 --- [io-12031-exec-7] order.service.OrderServiceImpl           : [PYTHIA_FINE_TRACE] service=ts-order-service stage=service_create latency_ms=43
2026-03-11 16:10:09.067  INFO 1 --- [io-12031-exec-7] order.controller.OrderController         : [PYTHIA_FINE_TRACE] service=ts-order-service endpoint=createOrder latency_ms=43
2026-03-11 16:10:09.388  INFO 1 --- [o-12031-exec-10] order.controller.OrderController         : [createNewOrder][Create Order][from shanghai to taiyuan at 1970-01-02 18:17:36]
2026-03-11 16:10:09.388  INFO 1 --- [o-12031-exec-10] order.service.OrderServiceImpl           : [create][Create Order][Ready to Create Order]
2026-03-11 16:10:09.688  INFO 1 --- [o-12031-exec-10] order.service.OrderServiceImpl           : [PYTHIA_DELAY] artificial_delay=300ms
2026-03-11 16:10:09.739  INFO 1 --- [o-12031-exec-10] order.service.OrderServiceImpl           : [create][Order Create Success][Order Price][OrderId:e36c6dd7-a16c-4eff-bb14-59860dfc1c96 , Price: 0.0]
2026-03-11 16:10:09.740  INFO 1 --- [o-12031-exec-10] order.service.OrderServiceImpl           : [PYTHIA_FINE_TRACE] service=ts-order-service stage=service_create latency_ms=352
2026-03-11 16:10:09.740  INFO 1 --- [o-12031-exec-10] order.controller.OrderController         : [PYTHIA_FINE_TRACE] service=ts-order-service endpoint=createOrder latency_ms=352
2026-03-11 16:10:10.025  INFO 1 --- [io-12031-exec-9] order.controller.OrderController         : [createNewOrder][Create Order][from shanghai to taiyuan at 1970-01-02 18:17:36]
2026-03-11 16:10:10.025  INFO 1 --- [io-12031-exec-9] order.service.OrderServiceImpl           : [create][Create Order][Ready to Create Order]
2026-03-11 16:10:10.072  INFO 1 --- [io-12031-exec-9] order.service.OrderServiceImpl           : [create][Order Create Success][Order Price][OrderId:689839c6-dd71-475b-ad85-929d18ac10f4 , Price: 0.0]
2026-03-11 16:10:10.072  INFO 1 --- [io-12031-exec-9] order.service.OrderServiceImpl           : [PYTHIA_FINE_TRACE] service=ts-order-service stage=service_create latency_ms=47
2026-03-11 16:10:10.072  INFO 1 --- [io-12031-exec-9] order.controller.OrderController         : [PYTHIA_FINE_TRACE] service=ts-order-service endpoint=createOrder latency_ms=47
2026-03-11 16:10:10.423  INFO 1 --- [io-12031-exec-2] order.controller.OrderController         : [createNewOrder][Create Order][from shanghai to taiyuan at 1970-01-02 18:17:36]
2026-03-11 16:10:10.423  INFO 1 --- [io-12031-exec-2] order.service.OrderServiceImpl           : [create][Create Order][Ready to Create Order]
2026-03-11 16:10:10.475  INFO 1 --- [io-12031-exec-2] order.service.OrderServiceImpl           : [create][Order Create Success][Order Price][OrderId:3233ba48-e732-44e4-a744-e0bbbf66f58d , Price: 0.0]
2026-03-11 16:10:10.476  INFO 1 --- [io-12031-exec-2] order.service.OrderServiceImpl           : [PYTHIA_FINE_TRACE] service=ts-order-service stage=service_create latency_ms=53
2026-03-11 16:10:10.476  INFO 1 --- [io-12031-exec-2] order.controller.OrderController         : [PYTHIA_FINE_TRACE] service=ts-order-service endpoint=createOrder latency_ms=53
2026-03-11 16:10:10.822  INFO 1 --- [io-12031-exec-5] order.controller.OrderController         : [createNewOrder][Create Order][from shanghai to taiyuan at 1970-01-02 18:17:36]
2026-03-11 16:10:10.822  INFO 1 --- [io-12031-exec-5] order.service.OrderServiceImpl           : [create][Create Order][Ready to Create Order]
2026-03-11 16:10:11.122  INFO 1 --- [io-12031-exec-5] order.service.OrderServiceImpl           : [PYTHIA_DELAY] artificial_delay=300ms
2026-03-11 16:10:11.177  INFO 1 --- [io-12031-exec-5] order.service.OrderServiceImpl           : [create][Order Create Success][Order Price][OrderId:ef9a2e2c-4c96-4f77-8373-9b78d04f4bac , Price: 0.0]
2026-03-11 16:10:11.201  INFO 1 --- [io-12031-exec-5] order.service.OrderServiceImpl           : [PYTHIA_FINE_TRACE] service=ts-order-service stage=service_create latency_ms=379
2026-03-11 16:10:11.201  INFO 1 --- [io-12031-exec-5] order.controller.OrderController         : [PYTHIA_FINE_TRACE] service=ts-order-service endpoint=createOrder latency_ms=379
2026-03-11 16:10:11.580  INFO 1 --- [io-12031-exec-1] order.controller.OrderController         : [createNewOrder][Create Order][from shanghai to taiyuan at 1970-01-02 18:17:36]
2026-03-11 16:10:11.580  INFO 1 --- [io-12031-exec-1] order.service.OrderServiceImpl           : [create][Create Order][Ready to Create Order]
2026-03-11 16:10:11.880  INFO 1 --- [io-12031-exec-1] order.service.OrderServiceImpl           : [PYTHIA_DELAY] artificial_delay=300ms
2026-03-11 16:10:11.929  INFO 1 --- [io-12031-exec-1] order.service.OrderServiceImpl           : [create][Order Create Success][Order Price][OrderId:59dfd3da-a386-4bad-940f-ea3c12925aab , Price: 0.0]
2026-03-11 16:10:11.929  INFO 1 --- [io-12031-exec-1] order.service.OrderServiceImpl           : [PYTHIA_FINE_TRACE] service=ts-order-service stage=service_create latency_ms=349
2026-03-11 16:10:11.929  INFO 1 --- [io-12031-exec-1] order.controller.OrderController         : [PYTHIA_FINE_TRACE] service=ts-order-service endpoint=createOrder latency_ms=349
2026-03-11 16:10:12.231  INFO 1 --- [io-12031-exec-4] order.controller.OrderController         : [createNewOrder][Create Order][from shanghai to taiyuan at 1970-01-02 18:17:36]
2026-03-11 16:10:12.231  INFO 1 --- [io-12031-exec-4] order.service.OrderServiceImpl           : [create][Create Order][Ready to Create Order]
2026-03-11 16:10:12.324  INFO 1 --- [io-12031-exec-4] order.service.OrderServiceImpl           : [create][Order Create Success][Order Price][OrderId:e8a7f139-f039-4855-9597-9840ae62e4e5 , Price: 0.0]
2026-03-11 16:10:12.324  INFO 1 --- [io-12031-exec-4] order.service.OrderServiceImpl           : [PYTHIA_FINE_TRACE] service=ts-order-service stage=service_create latency_ms=93
2026-03-11 16:10:12.324  INFO 1 --- [io-12031-exec-4] order.controller.OrderController         : [PYTHIA_FINE_TRACE] service=ts-order-service endpoint=createOrder latency_ms=94
2026-03-11 16:10:12.680  INFO 1 --- [io-12031-exec-3] order.controller.OrderController         : [createNewOrder][Create Order][from shanghai to taiyuan at 1970-01-02 18:17:36]
2026-03-11 16:10:12.680  INFO 1 --- [io-12031-exec-3] order.service.OrderServiceImpl           : [create][Create Order][Ready to Create Order]
2026-03-11 16:10:12.725  INFO 1 --- [io-12031-exec-3] order.service.OrderServiceImpl           : [create][Order Create Success][Order Price][OrderId:25d59707-b460-491f-9ade-b5b4688ab7f5 , Price: 0.0]
2026-03-11 16:10:12.726  INFO 1 --- [io-12031-exec-3] order.service.OrderServiceImpl           : [PYTHIA_FINE_TRACE] service=ts-order-service stage=service_create latency_ms=46
2026-03-11 16:10:12.726  INFO 1 --- [io-12031-exec-3] order.controller.OrderController         : [PYTHIA_FINE_TRACE] service=ts-order-service endpoint=createOrder latency_ms=46
2026-03-11 16:10:13.022  INFO 1 --- [io-12031-exec-8] order.controller.OrderController         : [createNewOrder][Create Order][from shanghai to taiyuan at 1970-01-02 18:17:36]
2026-03-11 16:10:13.022  INFO 1 --- [io-12031-exec-8] order.service.OrderServiceImpl           : [create][Create Order][Ready to Create Order]
2026-03-11 16:10:13.074  INFO 1 --- [io-12031-exec-8] order.service.OrderServiceImpl           : [create][Order Create Success][Order Price][OrderId:681b88e8-1844-4190-95e3-59bf71ebaadb , Price: 0.0]
2026-03-11 16:10:13.074  INFO 1 --- [io-12031-exec-8] order.service.OrderServiceImpl           : [PYTHIA_FINE_TRACE] service=ts-order-service stage=service_create latency_ms=52
2026-03-11 16:10:13.074  INFO 1 --- [io-12031-exec-8] order.controller.OrderController         : [PYTHIA_FINE_TRACE] service=ts-order-service endpoint=createOrder latency_ms=52
2026-03-11 16:10:13.402  INFO 1 --- [io-12031-exec-6] order.controller.OrderController         : [createNewOrder][Create Order][from shanghai to taiyuan at 1970-01-02 18:17:36]
2026-03-11 16:10:13.402  INFO 1 --- [io-12031-exec-6] order.service.OrderServiceImpl           : [create][Create Order][Ready to Create Order]
2026-03-11 16:10:13.450  INFO 1 --- [io-12031-exec-6] order.service.OrderServiceImpl           : [create][Order Create Success][Order Price][OrderId:18b0f2c3-0637-4d3f-9746-a7dbb9602319 , Price: 0.0]
2026-03-11 16:10:13.451  INFO 1 --- [io-12031-exec-6] order.service.OrderServiceImpl           : [PYTHIA_FINE_TRACE] service=ts-order-service stage=service_create latency_ms=49
2026-03-11 16:10:13.451  INFO 1 --- [io-12031-exec-6] order.controller.OrderController         : [PYTHIA_FINE_TRACE] service=ts-order-service endpoint=createOrder latency_ms=49
2026-03-11 16:10:13.727  INFO 1 --- [io-12031-exec-7] order.controller.OrderController         : [createNewOrder][Create Order][from shanghai to taiyuan at 1970-01-02 18:17:36]
2026-03-11 16:10:13.727  INFO 1 --- [io-12031-exec-7] order.service.OrderServiceImpl           : [create][Create Order][Ready to Create Order]
2026-03-11 16:10:14.028  INFO 1 --- [io-12031-exec-7] order.service.OrderServiceImpl           : [PYTHIA_DELAY] artificial_delay=300ms
2026-03-11 16:10:14.079  INFO 1 --- [io-12031-exec-7] order.service.OrderServiceImpl           : [create][Order Create Success][Order Price][OrderId:fd8ebbbd-b365-4a79-ba28-5679b94764cc , Price: 0.0]
2026-03-11 16:10:14.079  INFO 1 --- [io-12031-exec-7] order.service.OrderServiceImpl           : [PYTHIA_FINE_TRACE] service=ts-order-service stage=service_create latency_ms=352
2026-03-11 16:10:14.079  INFO 1 --- [io-12031-exec-7] order.controller.OrderController         : [PYTHIA_FINE_TRACE] service=ts-order-service endpoint=createOrder latency_ms=352
2026-03-11 16:10:14.397  INFO 1 --- [o-12031-exec-10] order.controller.OrderController         : [createNewOrder][Create Order][from shanghai to taiyuan at 1970-01-02 18:17:36]
2026-03-11 16:10:14.397  INFO 1 --- [o-12031-exec-10] order.service.OrderServiceImpl           : [create][Create Order][Ready to Create Order]
2026-03-11 16:10:14.697  INFO 1 --- [o-12031-exec-10] order.service.OrderServiceImpl           : [PYTHIA_DELAY] artificial_delay=300ms
2026-03-11 16:10:14.755  INFO 1 --- [o-12031-exec-10] order.service.OrderServiceImpl           : [create][Order Create Success][Order Price][OrderId:ac5f0750-9a2a-4ab5-bb84-6753ce3b6498 , Price: 0.0]
2026-03-11 16:10:14.755  INFO 1 --- [o-12031-exec-10] order.service.OrderServiceImpl           : [PYTHIA_FINE_TRACE] service=ts-order-service stage=service_create latency_ms=358
2026-03-11 16:10:14.755  INFO 1 --- [o-12031-exec-10] order.controller.OrderController         : [PYTHIA_FINE_TRACE] service=ts-order-service endpoint=createOrder latency_ms=358
2026-03-11 16:10:15.024  INFO 1 --- [io-12031-exec-9] order.controller.OrderController         : [createNewOrder][Create Order][from shanghai to taiyuan at 1970-01-02 18:17:36]
2026-03-11 16:10:15.024  INFO 1 --- [io-12031-exec-9] order.service.OrderServiceImpl           : [create][Create Order][Ready to Create Order]
2026-03-11 16:10:15.067  INFO 1 --- [io-12031-exec-9] order.service.OrderServiceImpl           : [create][Order Create Success][Order Price][OrderId:3519fd37-771b-4d3e-981f-164966fff913 , Price: 0.0]
2026-03-11 16:10:15.067  INFO 1 --- [io-12031-exec-9] order.service.OrderServiceImpl           : [PYTHIA_FINE_TRACE] service=ts-order-service stage=service_create latency_ms=43
2026-03-11 16:10:15.067  INFO 1 --- [io-12031-exec-9] order.controller.OrderController         : [PYTHIA_FINE_TRACE] service=ts-order-service endpoint=createOrder latency_ms=43
2026-03-11 16:10:15.399  INFO 1 --- [io-12031-exec-2] order.controller.OrderController         : [createNewOrder][Create Order][from shanghai to taiyuan at 1970-01-02 18:17:36]
2026-03-11 16:10:15.399  INFO 1 --- [io-12031-exec-2] order.service.OrderServiceImpl           : [create][Create Order][Ready to Create Order]
2026-03-11 16:10:15.452  INFO 1 --- [io-12031-exec-2] order.service.OrderServiceImpl           : [create][Order Create Success][Order Price][OrderId:8044801d-3d41-4dd0-b0b9-6f7009555b07 , Price: 0.0]
2026-03-11 16:10:15.452  INFO 1 --- [io-12031-exec-2] order.service.OrderServiceImpl           : [PYTHIA_FINE_TRACE] service=ts-order-service stage=service_create latency_ms=53
2026-03-11 16:10:15.452  INFO 1 --- [io-12031-exec-2] order.controller.OrderController         : [PYTHIA_FINE_TRACE] service=ts-order-service endpoint=createOrder latency_ms=53
2026-03-11 16:10:15.724  INFO 1 --- [io-12031-exec-5] order.controller.OrderController         : [createNewOrder][Create Order][from shanghai to taiyuan at 1970-01-02 18:17:36]
2026-03-11 16:10:15.724  INFO 1 --- [io-12031-exec-5] order.service.OrderServiceImpl           : [create][Create Order][Ready to Create Order]
2026-03-11 16:10:15.772  INFO 1 --- [io-12031-exec-5] order.service.OrderServiceImpl           : [create][Order Create Success][Order Price][OrderId:d5220840-5378-4472-baab-b72679413fd7 , Price: 0.0]
2026-03-11 16:10:15.773  INFO 1 --- [io-12031-exec-5] order.service.OrderServiceImpl           : [PYTHIA_FINE_TRACE] service=ts-order-service stage=service_create latency_ms=49
2026-03-11 16:10:15.773  INFO 1 --- [io-12031-exec-5] order.controller.OrderController         : [PYTHIA_FINE_TRACE] service=ts-order-service endpoint=createOrder latency_ms=49
2026-03-11 16:10:16.092  INFO 1 --- [io-12031-exec-1] order.controller.OrderController         : [createNewOrder][Create Order][from shanghai to taiyuan at 1970-01-02 18:17:36]
2026-03-11 16:10:16.093  INFO 1 --- [io-12031-exec-1] order.service.OrderServiceImpl           : [create][Create Order][Ready to Create Order]
2026-03-11 16:10:16.144  INFO 1 --- [io-12031-exec-1] order.service.OrderServiceImpl           : [create][Order Create Success][Order Price][OrderId:cc734f73-0696-4dab-aa9e-178e54643cf7 , Price: 0.0]
2026-03-11 16:10:16.145  INFO 1 --- [io-12031-exec-1] order.service.OrderServiceImpl           : [PYTHIA_FINE_TRACE] service=ts-order-service stage=service_create latency_ms=52
2026-03-11 16:10:16.145  INFO 1 --- [io-12031-exec-1] order.controller.OrderController         : [PYTHIA_FINE_TRACE] service=ts-order-service endpoint=createOrder latency_ms=53
2026-03-11 16:10:16.422  INFO 1 --- [io-12031-exec-4] order.controller.OrderController         : [createNewOrder][Create Order][from shanghai to taiyuan at 1970-01-02 18:17:36]
2026-03-11 16:10:16.422  INFO 1 --- [io-12031-exec-4] order.service.OrderServiceImpl           : [create][Create Order][Ready to Create Order]
2026-03-11 16:10:16.502  INFO 1 --- [io-12031-exec-4] order.service.OrderServiceImpl           : [create][Order Create Success][Order Price][OrderId:13fafddc-6a8b-4770-8365-f79ad7b8c4bd , Price: 0.0]
2026-03-11 16:10:16.502  INFO 1 --- [io-12031-exec-4] order.service.OrderServiceImpl           : [PYTHIA_FINE_TRACE] service=ts-order-service stage=service_create latency_ms=80
2026-03-11 16:10:16.502  INFO 1 --- [io-12031-exec-4] order.controller.OrderController         : [PYTHIA_FINE_TRACE] service=ts-order-service endpoint=createOrder latency_ms=80
2026-03-11 16:10:16.822  INFO 1 --- [io-12031-exec-3] order.controller.OrderController         : [createNewOrder][Create Order][from shanghai to taiyuan at 1970-01-02 18:17:36]
2026-03-11 16:10:16.822  INFO 1 --- [io-12031-exec-3] order.service.OrderServiceImpl           : [create][Create Order][Ready to Create Order]
2026-03-11 16:10:17.122  INFO 1 --- [io-12031-exec-3] order.service.OrderServiceImpl           : [PYTHIA_DELAY] artificial_delay=300ms
2026-03-11 16:10:17.174  INFO 1 --- [io-12031-exec-3] order.service.OrderServiceImpl           : [create][Order Create Success][Order Price][OrderId:36f0f38f-1761-4cfa-b5a8-3d91d67c3f6e , Price: 0.0]
2026-03-11 16:10:17.174  INFO 1 --- [io-12031-exec-3] order.service.OrderServiceImpl           : [PYTHIA_FINE_TRACE] service=ts-order-service stage=service_create latency_ms=352
2026-03-11 16:10:17.174  INFO 1 --- [io-12031-exec-3] order.controller.OrderController         : [PYTHIA_FINE_TRACE] service=ts-order-service endpoint=createOrder latency_ms=352
2026-03-11 16:10:17.504  INFO 1 --- [io-12031-exec-6] order.controller.OrderController         : [createNewOrder][Create Order][from shanghai to taiyuan at 1970-01-02 18:17:36]
2026-03-11 16:10:17.504  INFO 1 --- [io-12031-exec-6] order.service.OrderServiceImpl           : [create][Create Order][Ready to Create Order]
2026-03-11 16:10:17.611  INFO 1 --- [io-12031-exec-6] order.service.OrderServiceImpl           : [create][Order Create Success][Order Price][OrderId:1d7f39e4-e387-476c-8c88-1aa2e7526392 , Price: 0.0]
2026-03-11 16:10:17.611  INFO 1 --- [io-12031-exec-6] order.service.OrderServiceImpl           : [PYTHIA_FINE_TRACE] service=ts-order-service stage=service_create latency_ms=107
2026-03-11 16:10:17.611  INFO 1 --- [io-12031-exec-6] order.controller.OrderController         : [PYTHIA_FINE_TRACE] service=ts-order-service endpoint=createOrder latency_ms=107
2026-03-11 16:10:17.928  INFO 1 --- [io-12031-exec-7] order.controller.OrderController         : [createNewOrder][Create Order][from shanghai to taiyuan at 1970-01-02 18:17:36]
2026-03-11 16:10:17.928  INFO 1 --- [io-12031-exec-7] order.service.OrderServiceImpl           : [create][Create Order][Ready to Create Order]
2026-03-11 16:10:17.979  INFO 1 --- [io-12031-exec-7] order.service.OrderServiceImpl           : [create][Order Create Success][Order Price][OrderId:6eccc66b-275c-45e9-b48a-36ff49c1f8a5 , Price: 0.0]
2026-03-11 16:10:17.979  INFO 1 --- [io-12031-exec-7] order.service.OrderServiceImpl           : [PYTHIA_FINE_TRACE] service=ts-order-service stage=service_create latency_ms=51
2026-03-11 16:10:17.979  INFO 1 --- [io-12031-exec-7] order.controller.OrderController         : [PYTHIA_FINE_TRACE] service=ts-order-service endpoint=createOrder latency_ms=51
2026-03-11 16:10:18.303  INFO 1 --- [o-12031-exec-10] order.controller.OrderController         : [createNewOrder][Create Order][from shanghai to taiyuan at 1970-01-02 18:17:36]
2026-03-11 16:10:18.303  INFO 1 --- [o-12031-exec-10] order.service.OrderServiceImpl           : [create][Create Order][Ready to Create Order]
2026-03-11 16:10:18.408  INFO 1 --- [o-12031-exec-10] order.service.OrderServiceImpl           : [create][Order Create Success][Order Price][OrderId:720c893b-9264-4384-9039-1d55d60bc95f , Price: 0.0]
2026-03-11 16:10:18.408  INFO 1 --- [o-12031-exec-10] order.service.OrderServiceImpl           : [PYTHIA_FINE_TRACE] service=ts-order-service stage=service_create latency_ms=105
2026-03-11 16:10:18.408  INFO 1 --- [o-12031-exec-10] order.controller.OrderController         : [PYTHIA_FINE_TRACE] service=ts-order-service endpoint=createOrder latency_ms=105
2026-03-11 16:10:18.731  INFO 1 --- [io-12031-exec-9] order.controller.OrderController         : [createNewOrder][Create Order][from shanghai to taiyuan at 1970-01-02 18:17:36]
2026-03-11 16:10:18.731  INFO 1 --- [io-12031-exec-9] order.service.OrderServiceImpl           : [create][Create Order][Ready to Create Order]
2026-03-11 16:10:18.775  INFO 1 --- [io-12031-exec-9] order.service.OrderServiceImpl           : [create][Order Create Success][Order Price][OrderId:be01da6e-4a57-46f8-a713-0f6351133856 , Price: 0.0]
2026-03-11 16:10:18.776  INFO 1 --- [io-12031-exec-9] order.service.OrderServiceImpl           : [PYTHIA_FINE_TRACE] service=ts-order-service stage=service_create latency_ms=45
2026-03-11 16:10:18.776  INFO 1 --- [io-12031-exec-9] order.controller.OrderController         : [PYTHIA_FINE_TRACE] service=ts-order-service endpoint=createOrder latency_ms=45
2026-03-11 16:10:19.093  INFO 1 --- [io-12031-exec-2] order.controller.OrderController         : [createNewOrder][Create Order][from shanghai to taiyuan at 1970-01-02 18:17:36]
2026-03-11 16:10:19.093  INFO 1 --- [io-12031-exec-2] order.service.OrderServiceImpl           : [create][Create Order][Ready to Create Order]
2026-03-11 16:10:19.202  INFO 1 --- [io-12031-exec-2] order.service.OrderServiceImpl           : [create][Order Create Success][Order Price][OrderId:5fd88349-ca8b-4b35-914a-0d226123a696 , Price: 0.0]
2026-03-11 16:10:19.202  INFO 1 --- [io-12031-exec-2] order.service.OrderServiceImpl           : [PYTHIA_FINE_TRACE] service=ts-order-service stage=service_create latency_ms=109
2026-03-11 16:10:19.202  INFO 1 --- [io-12031-exec-2] order.controller.OrderController         : [PYTHIA_FINE_TRACE] service=ts-order-service endpoint=createOrder latency_ms=109
2026-03-11 16:10:19.519  INFO 1 --- [io-12031-exec-5] order.controller.OrderController         : [createNewOrder][Create Order][from shanghai to taiyuan at 1970-01-02 18:17:36]
2026-03-11 16:10:19.519  INFO 1 --- [io-12031-exec-5] order.service.OrderServiceImpl           : [create][Create Order][Ready to Create Order]
2026-03-11 16:10:19.564  INFO 1 --- [io-12031-exec-5] order.service.OrderServiceImpl           : [create][Order Create Success][Order Price][OrderId:dff25b22-072e-4821-83f1-c2a278a9d90c , Price: 0.0]
2026-03-11 16:10:19.564  INFO 1 --- [io-12031-exec-5] order.service.OrderServiceImpl           : [PYTHIA_FINE_TRACE] service=ts-order-service stage=service_create latency_ms=45
2026-03-11 16:10:19.564  INFO 1 --- [io-12031-exec-5] order.controller.OrderController         : [PYTHIA_FINE_TRACE] service=ts-order-service endpoint=createOrder latency_ms=45
2026-03-11 16:10:19.891  INFO 1 --- [io-12031-exec-1] order.controller.OrderController         : [createNewOrder][Create Order][from shanghai to taiyuan at 1970-01-02 18:17:36]
2026-03-11 16:10:19.892  INFO 1 --- [io-12031-exec-1] order.service.OrderServiceImpl           : [create][Create Order][Ready to Create Order]
2026-03-11 16:10:19.946  INFO 1 --- [io-12031-exec-1] order.service.OrderServiceImpl           : [create][Order Create Success][Order Price][OrderId:c571db1a-d7b9-427c-8eaf-7caf13cd9483 , Price: 0.0]
2026-03-11 16:10:19.946  INFO 1 --- [io-12031-exec-1] order.service.OrderServiceImpl           : [PYTHIA_FINE_TRACE] service=ts-order-service stage=service_create latency_ms=54
2026-03-11 16:10:19.946  INFO 1 --- [io-12031-exec-1] order.controller.OrderController         : [PYTHIA_FINE_TRACE] service=ts-order-service endpoint=createOrder latency_ms=55
2026-03-11 16:10:20.286  INFO 1 --- [io-12031-exec-4] order.controller.OrderController         : [createNewOrder][Create Order][from shanghai to taiyuan at 1970-01-02 18:17:36]
2026-03-11 16:10:20.286  INFO 1 --- [io-12031-exec-4] order.service.OrderServiceImpl           : [create][Create Order][Ready to Create Order]
2026-03-11 16:10:20.345  INFO 1 --- [io-12031-exec-4] order.service.OrderServiceImpl           : [create][Order Create Success][Order Price][OrderId:971d8c8f-d1bd-4524-b22c-d0356de993e7 , Price: 0.0]
2026-03-11 16:10:20.345  INFO 1 --- [io-12031-exec-4] order.service.OrderServiceImpl           : [PYTHIA_FINE_TRACE] service=ts-order-service stage=service_create latency_ms=59
2026-03-11 16:10:20.345  INFO 1 --- [io-12031-exec-4] order.controller.OrderController         : [PYTHIA_FINE_TRACE] service=ts-order-service endpoint=createOrder latency_ms=59
2026-03-11 16:10:20.621  INFO 1 --- [io-12031-exec-3] order.controller.OrderController         : [createNewOrder][Create Order][from shanghai to taiyuan at 1970-01-02 18:17:36]
2026-03-11 16:10:20.621  INFO 1 --- [io-12031-exec-3] order.service.OrderServiceImpl           : [create][Create Order][Ready to Create Order]
2026-03-11 16:10:20.718  INFO 1 --- [io-12031-exec-3] order.service.OrderServiceImpl           : [create][Order Create Success][Order Price][OrderId:0ae7a491-27cb-4d68-a3ba-9ce70fa88157 , Price: 0.0]
2026-03-11 16:10:20.718  INFO 1 --- [io-12031-exec-3] order.service.OrderServiceImpl           : [PYTHIA_FINE_TRACE] service=ts-order-service stage=service_create latency_ms=97
2026-03-11 16:10:20.718  INFO 1 --- [io-12031-exec-3] order.controller.OrderController         : [PYTHIA_FINE_TRACE] service=ts-order-service endpoint=createOrder latency_ms=97
2026-03-11 16:10:21.022  INFO 1 --- [io-12031-exec-8] order.controller.OrderController         : [createNewOrder][Create Order][from shanghai to taiyuan at 1970-01-02 18:17:36]
2026-03-11 16:10:21.022  INFO 1 --- [io-12031-exec-8] order.service.OrderServiceImpl           : [create][Create Order][Ready to Create Order]
2026-03-11 16:10:21.322  INFO 1 --- [io-12031-exec-8] order.service.OrderServiceImpl           : [PYTHIA_DELAY] artificial_delay=300ms
2026-03-11 16:10:21.379  INFO 1 --- [io-12031-exec-8] order.service.OrderServiceImpl           : [create][Order Create Success][Order Price][OrderId:31731923-915e-4efe-953f-b85c77f96f7b , Price: 0.0]
2026-03-11 16:10:21.379  INFO 1 --- [io-12031-exec-8] order.service.OrderServiceImpl           : [PYTHIA_FINE_TRACE] service=ts-order-service stage=service_create latency_ms=357
2026-03-11 16:10:21.379  INFO 1 --- [io-12031-exec-8] order.controller.OrderController         : [PYTHIA_FINE_TRACE] service=ts-order-service endpoint=createOrder latency_ms=357
2026-03-11 16:10:21.704  INFO 1 --- [io-12031-exec-6] order.controller.OrderController         : [createNewOrder][Create Order][from shanghai to taiyuan at 1970-01-02 18:17:36]
2026-03-11 16:10:21.704  INFO 1 --- [io-12031-exec-6] order.service.OrderServiceImpl           : [create][Create Order][Ready to Create Order]
2026-03-11 16:10:21.914  INFO 1 --- [io-12031-exec-6] order.service.OrderServiceImpl           : [create][Order Create Success][Order Price][OrderId:3d2de903-bb19-4b29-88b3-15fd14756397 , Price: 0.0]
2026-03-11 16:10:21.914  INFO 1 --- [io-12031-exec-6] order.service.OrderServiceImpl           : [PYTHIA_FINE_TRACE] service=ts-order-service stage=service_create latency_ms=210
2026-03-11 16:10:21.914  INFO 1 --- [io-12031-exec-6] order.controller.OrderController         : [PYTHIA_FINE_TRACE] service=ts-order-service endpoint=createOrder latency_ms=210
2026-03-11 16:10:22.228  INFO 1 --- [io-12031-exec-7] order.controller.OrderController         : [createNewOrder][Create Order][from shanghai to taiyuan at 1970-01-02 18:17:36]
2026-03-11 16:10:22.228  INFO 1 --- [io-12031-exec-7] order.service.OrderServiceImpl           : [create][Create Order][Ready to Create Order]
2026-03-11 16:10:22.312  INFO 1 --- [io-12031-exec-7] order.service.OrderServiceImpl           : [create][Order Create Success][Order Price][OrderId:de34a63d-cd96-42d5-8d9c-4a4df1b6b496 , Price: 0.0]
2026-03-11 16:10:22.312  INFO 1 --- [io-12031-exec-7] order.service.OrderServiceImpl           : [PYTHIA_FINE_TRACE] service=ts-order-service stage=service_create latency_ms=84
2026-03-11 16:10:22.312  INFO 1 --- [io-12031-exec-7] order.controller.OrderController         : [PYTHIA_FINE_TRACE] service=ts-order-service endpoint=createOrder latency_ms=84
2026-03-11 16:10:22.685  INFO 1 --- [o-12031-exec-10] order.controller.OrderController         : [createNewOrder][Create Order][from shanghai to taiyuan at 1970-01-02 18:17:36]
2026-03-11 16:10:22.685  INFO 1 --- [o-12031-exec-10] order.service.OrderServiceImpl           : [create][Create Order][Ready to Create Order]
2026-03-11 16:10:22.985  INFO 1 --- [o-12031-exec-10] order.service.OrderServiceImpl           : [PYTHIA_DELAY] artificial_delay=300ms
2026-03-11 16:10:23.032  INFO 1 --- [o-12031-exec-10] order.service.OrderServiceImpl           : [create][Order Create Success][Order Price][OrderId:cc887edc-8fce-40ec-85fb-1b4099eb378a , Price: 0.0]
2026-03-11 16:10:23.032  INFO 1 --- [o-12031-exec-10] order.service.OrderServiceImpl           : [PYTHIA_FINE_TRACE] service=ts-order-service stage=service_create latency_ms=347
2026-03-11 16:10:23.032  INFO 1 --- [o-12031-exec-10] order.controller.OrderController         : [PYTHIA_FINE_TRACE] service=ts-order-service endpoint=createOrder latency_ms=347
2026-03-11 16:10:23.327  INFO 1 --- [io-12031-exec-9] order.controller.OrderController         : [createNewOrder][Create Order][from shanghai to taiyuan at 1970-01-02 18:17:36]
2026-03-11 16:10:23.327  INFO 1 --- [io-12031-exec-9] order.service.OrderServiceImpl           : [create][Create Order][Ready to Create Order]
2026-03-11 16:10:23.408  INFO 1 --- [io-12031-exec-9] order.service.OrderServiceImpl           : [create][Order Create Success][Order Price][OrderId:35075219-f863-4371-be24-8df871351e05 , Price: 0.0]
2026-03-11 16:10:23.408  INFO 1 --- [io-12031-exec-9] order.service.OrderServiceImpl           : [PYTHIA_FINE_TRACE] service=ts-order-service stage=service_create latency_ms=81
2026-03-11 16:10:23.408  INFO 1 --- [io-12031-exec-9] order.controller.OrderController         : [PYTHIA_FINE_TRACE] service=ts-order-service endpoint=createOrder latency_ms=81
2026-03-11 16:10:23.782  INFO 1 --- [io-12031-exec-2] order.controller.OrderController         : [createNewOrder][Create Order][from shanghai to taiyuan at 1970-01-02 18:17:36]
2026-03-11 16:10:23.782  INFO 1 --- [io-12031-exec-2] order.service.OrderServiceImpl           : [create][Create Order][Ready to Create Order]
2026-03-11 16:10:23.837  INFO 1 --- [io-12031-exec-2] order.service.OrderServiceImpl           : [create][Order Create Success][Order Price][OrderId:3f079650-62b6-4b64-a0b0-c9a5ad190939 , Price: 0.0]
2026-03-11 16:10:23.837  INFO 1 --- [io-12031-exec-2] order.service.OrderServiceImpl           : [PYTHIA_FINE_TRACE] service=ts-order-service stage=service_create latency_ms=55
2026-03-11 16:10:23.837  INFO 1 --- [io-12031-exec-2] order.controller.OrderController         : [PYTHIA_FINE_TRACE] service=ts-order-service endpoint=createOrder latency_ms=55
2026-03-11 16:10:24.125  INFO 1 --- [io-12031-exec-5] order.controller.OrderController         : [createNewOrder][Create Order][from shanghai to taiyuan at 1970-01-02 18:17:36]
2026-03-11 16:10:24.125  INFO 1 --- [io-12031-exec-5] order.service.OrderServiceImpl           : [create][Create Order][Ready to Create Order]
2026-03-11 16:10:24.170  INFO 1 --- [io-12031-exec-5] order.service.OrderServiceImpl           : [create][Order Create Success][Order Price][OrderId:97a4359f-23e1-4cde-8a91-253dca6c0fd1 , Price: 0.0]
2026-03-11 16:10:24.170  INFO 1 --- [io-12031-exec-5] order.service.OrderServiceImpl           : [PYTHIA_FINE_TRACE] service=ts-order-service stage=service_create latency_ms=45
2026-03-11 16:10:24.170  INFO 1 --- [io-12031-exec-5] order.controller.OrderController         : [PYTHIA_FINE_TRACE] service=ts-order-service endpoint=createOrder latency_ms=45
2026-03-11 16:10:24.485  INFO 1 --- [io-12031-exec-1] order.controller.OrderController         : [createNewOrder][Create Order][from shanghai to taiyuan at 1970-01-02 18:17:36]
2026-03-11 16:10:24.485  INFO 1 --- [io-12031-exec-1] order.service.OrderServiceImpl           : [create][Create Order][Ready to Create Order]
2026-03-11 16:10:24.540  INFO 1 --- [io-12031-exec-1] order.service.OrderServiceImpl           : [create][Order Create Success][Order Price][OrderId:0778d391-9eb5-48be-bd81-facbe9ac339c , Price: 0.0]
2026-03-11 16:10:24.540  INFO 1 --- [io-12031-exec-1] order.service.OrderServiceImpl           : [PYTHIA_FINE_TRACE] service=ts-order-service stage=service_create latency_ms=55
2026-03-11 16:10:24.540  INFO 1 --- [io-12031-exec-1] order.controller.OrderController         : [PYTHIA_FINE_TRACE] service=ts-order-service endpoint=createOrder latency_ms=55
2026-03-11 16:10:24.822  INFO 1 --- [io-12031-exec-4] order.controller.OrderController         : [createNewOrder][Create Order][from shanghai to taiyuan at 1970-01-02 18:17:36]
2026-03-11 16:10:24.822  INFO 1 --- [io-12031-exec-4] order.service.OrderServiceImpl           : [create][Create Order][Ready to Create Order]
2026-03-11 16:10:24.866  INFO 1 --- [io-12031-exec-4] order.service.OrderServiceImpl           : [create][Order Create Success][Order Price][OrderId:4f1e7441-1fa6-4c26-996b-e2bf7129fcac , Price: 0.0]
2026-03-11 16:10:24.866  INFO 1 --- [io-12031-exec-4] order.service.OrderServiceImpl           : [PYTHIA_FINE_TRACE] service=ts-order-service stage=service_create latency_ms=44
2026-03-11 16:10:24.866  INFO 1 --- [io-12031-exec-4] order.controller.OrderController         : [PYTHIA_FINE_TRACE] service=ts-order-service endpoint=createOrder latency_ms=44
2026-03-11 16:10:25.189  INFO 1 --- [io-12031-exec-3] order.controller.OrderController         : [createNewOrder][Create Order][from shanghai to taiyuan at 1970-01-02 18:17:36]
2026-03-11 16:10:25.189  INFO 1 --- [io-12031-exec-3] order.service.OrderServiceImpl           : [create][Create Order][Ready to Create Order]
2026-03-11 16:10:25.243  INFO 1 --- [io-12031-exec-3] order.service.OrderServiceImpl           : [create][Order Create Success][Order Price][OrderId:f7f05813-5464-423c-a1e8-0207c83a6f48 , Price: 0.0]
2026-03-11 16:10:25.243  INFO 1 --- [io-12031-exec-3] order.service.OrderServiceImpl           : [PYTHIA_FINE_TRACE] service=ts-order-service stage=service_create latency_ms=54
2026-03-11 16:10:25.243  INFO 1 --- [io-12031-exec-3] order.controller.OrderController         : [PYTHIA_FINE_TRACE] service=ts-order-service endpoint=createOrder latency_ms=54
2026-03-11 16:10:25.522  INFO 1 --- [io-12031-exec-8] order.controller.OrderController         : [createNewOrder][Create Order][from shanghai to taiyuan at 1970-01-02 18:17:36]
2026-03-11 16:10:25.522  INFO 1 --- [io-12031-exec-8] order.service.OrderServiceImpl           : [create][Create Order][Ready to Create Order]
2026-03-11 16:10:25.565  INFO 1 --- [io-12031-exec-8] order.service.OrderServiceImpl           : [create][Order Create Success][Order Price][OrderId:de5fc3d7-8bee-4fea-a1d9-80bb6e244383 , Price: 0.0]
2026-03-11 16:10:25.565  INFO 1 --- [io-12031-exec-8] order.service.OrderServiceImpl           : [PYTHIA_FINE_TRACE] service=ts-order-service stage=service_create latency_ms=43
2026-03-11 16:10:25.565  INFO 1 --- [io-12031-exec-8] order.controller.OrderController         : [PYTHIA_FINE_TRACE] service=ts-order-service endpoint=createOrder latency_ms=43
2026-03-11 16:10:25.892  INFO 1 --- [io-12031-exec-6] order.controller.OrderController         : [createNewOrder][Create Order][from shanghai to taiyuan at 1970-01-02 18:17:36]
2026-03-11 16:10:25.892  INFO 1 --- [io-12031-exec-6] order.service.OrderServiceImpl           : [create][Create Order][Ready to Create Order]
2026-03-11 16:10:26.018  INFO 1 --- [io-12031-exec-6] order.service.OrderServiceImpl           : [create][Order Create Success][Order Price][OrderId:b3cf95ab-e4de-4c81-be79-e994796334e3 , Price: 0.0]
2026-03-11 16:10:26.018  INFO 1 --- [io-12031-exec-6] order.service.OrderServiceImpl           : [PYTHIA_FINE_TRACE] service=ts-order-service stage=service_create latency_ms=126
2026-03-11 16:10:26.018  INFO 1 --- [io-12031-exec-6] order.controller.OrderController         : [PYTHIA_FINE_TRACE] service=ts-order-service endpoint=createOrder latency_ms=126
2026-03-11 16:10:26.324  INFO 1 --- [io-12031-exec-7] order.controller.OrderController         : [createNewOrder][Create Order][from shanghai to taiyuan at 1970-01-02 18:17:36]
2026-03-11 16:10:26.324  INFO 1 --- [io-12031-exec-7] order.service.OrderServiceImpl           : [create][Create Order][Ready to Create Order]
2026-03-11 16:10:26.408  INFO 1 --- [io-12031-exec-7] order.service.OrderServiceImpl           : [create][Order Create Success][Order Price][OrderId:eae5e57d-1b9d-4b4e-a0c7-54e24a8bd9d4 , Price: 0.0]
2026-03-11 16:10:26.408  INFO 1 --- [io-12031-exec-7] order.service.OrderServiceImpl           : [PYTHIA_FINE_TRACE] service=ts-order-service stage=service_create latency_ms=84
2026-03-11 16:10:26.408  INFO 1 --- [io-12031-exec-7] order.controller.OrderController         : [PYTHIA_FINE_TRACE] service=ts-order-service endpoint=createOrder latency_ms=84
2026-03-11 16:10:26.721  INFO 1 --- [o-12031-exec-10] order.controller.OrderController         : [createNewOrder][Create Order][from shanghai to taiyuan at 1970-01-02 18:17:36]
2026-03-11 16:10:26.721  INFO 1 --- [o-12031-exec-10] order.service.OrderServiceImpl           : [create][Create Order][Ready to Create Order]
2026-03-11 16:10:26.766  INFO 1 --- [o-12031-exec-10] order.service.OrderServiceImpl           : [create][Order Create Success][Order Price][OrderId:c0eb0322-3cec-48b3-a093-a0ebdbd0c74e , Price: 0.0]
2026-03-11 16:10:26.766  INFO 1 --- [o-12031-exec-10] order.service.OrderServiceImpl           : [PYTHIA_FINE_TRACE] service=ts-order-service stage=service_create latency_ms=45
2026-03-11 16:10:26.766  INFO 1 --- [o-12031-exec-10] order.controller.OrderController         : [PYTHIA_FINE_TRACE] service=ts-order-service endpoint=createOrder latency_ms=45
2026-03-11 16:10:27.092  INFO 1 --- [io-12031-exec-9] order.controller.OrderController         : [createNewOrder][Create Order][from shanghai to taiyuan at 1970-01-02 18:17:36]
2026-03-11 16:10:27.092  INFO 1 --- [io-12031-exec-9] order.service.OrderServiceImpl           : [create][Create Order][Ready to Create Order]
2026-03-11 16:10:27.392  INFO 1 --- [io-12031-exec-9] order.service.OrderServiceImpl           : [PYTHIA_DELAY] artificial_delay=300ms
2026-03-11 16:10:27.511  INFO 1 --- [io-12031-exec-9] order.service.OrderServiceImpl           : [create][Order Create Success][Order Price][OrderId:c65dde8c-4b68-47b0-a9b4-daab6c20cd02 , Price: 0.0]
2026-03-11 16:10:27.511  INFO 1 --- [io-12031-exec-9] order.service.OrderServiceImpl           : [PYTHIA_FINE_TRACE] service=ts-order-service stage=service_create latency_ms=419
2026-03-11 16:10:27.511  INFO 1 --- [io-12031-exec-9] order.controller.OrderController         : [PYTHIA_FINE_TRACE] service=ts-order-service endpoint=createOrder latency_ms=419
2026-03-11 16:10:27.827  INFO 1 --- [io-12031-exec-5] order.controller.OrderController         : [createNewOrder][Create Order][from shanghai to taiyuan at 1970-01-02 18:17:36]
2026-03-11 16:10:27.827  INFO 1 --- [io-12031-exec-5] order.service.OrderServiceImpl           : [create][Create Order][Ready to Create Order]
2026-03-11 16:10:27.873  INFO 1 --- [io-12031-exec-5] order.service.OrderServiceImpl           : [create][Order Create Success][Order Price][OrderId:6bad0aca-af35-484a-b280-1e9fa59e4815 , Price: 0.0]
2026-03-11 16:10:27.873  INFO 1 --- [io-12031-exec-5] order.service.OrderServiceImpl           : [PYTHIA_FINE_TRACE] service=ts-order-service stage=service_create latency_ms=46
2026-03-11 16:10:27.873  INFO 1 --- [io-12031-exec-5] order.controller.OrderController         : [PYTHIA_FINE_TRACE] service=ts-order-service endpoint=createOrder latency_ms=46
2026-03-11 16:10:28.204  INFO 1 --- [io-12031-exec-1] order.controller.OrderController         : [createNewOrder][Create Order][from shanghai to taiyuan at 1970-01-02 18:17:36]
2026-03-11 16:10:28.204  INFO 1 --- [io-12031-exec-1] order.service.OrderServiceImpl           : [create][Create Order][Ready to Create Order]
2026-03-11 16:10:28.504  INFO 1 --- [io-12031-exec-1] order.service.OrderServiceImpl           : [PYTHIA_DELAY] artificial_delay=300ms
2026-03-11 16:10:28.602  INFO 1 --- [io-12031-exec-1] order.service.OrderServiceImpl           : [create][Order Create Success][Order Price][OrderId:98675d9e-4df1-47b7-a06e-34fa9f4b8a27 , Price: 0.0]
2026-03-11 16:10:28.602  INFO 1 --- [io-12031-exec-1] order.service.OrderServiceImpl           : [PYTHIA_FINE_TRACE] service=ts-order-service stage=service_create latency_ms=398
2026-03-11 16:10:28.602  INFO 1 --- [io-12031-exec-1] order.controller.OrderController         : [PYTHIA_FINE_TRACE] service=ts-order-service endpoint=createOrder latency_ms=398
2026-03-11 16:10:28.925  INFO 1 --- [io-12031-exec-4] order.controller.OrderController         : [createNewOrder][Create Order][from shanghai to taiyuan at 1970-01-02 18:17:36]
2026-03-11 16:10:28.925  INFO 1 --- [io-12031-exec-4] order.service.OrderServiceImpl           : [create][Create Order][Ready to Create Order]
2026-03-11 16:10:29.225  INFO 1 --- [io-12031-exec-4] order.service.OrderServiceImpl           : [PYTHIA_DELAY] artificial_delay=300ms
2026-03-11 16:10:29.273  INFO 1 --- [io-12031-exec-4] order.service.OrderServiceImpl           : [create][Order Create Success][Order Price][OrderId:fa6a6daf-1647-4795-84ba-7e981fd559cd , Price: 0.0]
2026-03-11 16:10:29.273  INFO 1 --- [io-12031-exec-4] order.service.OrderServiceImpl           : [PYTHIA_FINE_TRACE] service=ts-order-service stage=service_create latency_ms=348
2026-03-11 16:10:29.273  INFO 1 --- [io-12031-exec-4] order.controller.OrderController         : [PYTHIA_FINE_TRACE] service=ts-order-service endpoint=createOrder latency_ms=348
2026-03-11 16:10:29.596  INFO 1 --- [io-12031-exec-3] order.controller.OrderController         : [createNewOrder][Create Order][from shanghai to taiyuan at 1970-01-02 18:17:36]
2026-03-11 16:10:29.596  INFO 1 --- [io-12031-exec-3] order.service.OrderServiceImpl           : [create][Create Order][Ready to Create Order]
2026-03-11 16:10:29.646  INFO 1 --- [io-12031-exec-3] order.service.OrderServiceImpl           : [create][Order Create Success][Order Price][OrderId:fdd1466d-123a-4e90-9e2c-3a1e7cbc34d8 , Price: 0.0]
2026-03-11 16:10:29.646  INFO 1 --- [io-12031-exec-3] order.service.OrderServiceImpl           : [PYTHIA_FINE_TRACE] service=ts-order-service stage=service_create latency_ms=50
2026-03-11 16:10:29.646  INFO 1 --- [io-12031-exec-3] order.controller.OrderController         : [PYTHIA_FINE_TRACE] service=ts-order-service endpoint=createOrder latency_ms=50
2026-03-11 16:10:29.924  INFO 1 --- [io-12031-exec-8] order.controller.OrderController         : [createNewOrder][Create Order][from shanghai to taiyuan at 1970-01-02 18:17:36]
2026-03-11 16:10:29.924  INFO 1 --- [io-12031-exec-8] order.service.OrderServiceImpl           : [create][Create Order][Ready to Create Order]
2026-03-11 16:10:30.009  INFO 1 --- [io-12031-exec-8] order.service.OrderServiceImpl           : [create][Order Create Success][Order Price][OrderId:78012527-2478-4aab-823f-62c5eff5cef6 , Price: 0.0]
2026-03-11 16:10:30.009  INFO 1 --- [io-12031-exec-8] order.service.OrderServiceImpl           : [PYTHIA_FINE_TRACE] service=ts-order-service stage=service_create latency_ms=85
2026-03-11 16:10:30.009  INFO 1 --- [io-12031-exec-8] order.controller.OrderController         : [PYTHIA_FINE_TRACE] service=ts-order-service endpoint=createOrder latency_ms=85
2026-03-11 16:10:30.324  INFO 1 --- [io-12031-exec-6] order.controller.OrderController         : [createNewOrder][Create Order][from shanghai to taiyuan at 1970-01-02 18:17:36]
2026-03-11 16:10:30.324  INFO 1 --- [io-12031-exec-6] order.service.OrderServiceImpl           : [create][Create Order][Ready to Create Order]
2026-03-11 16:10:30.367  INFO 1 --- [io-12031-exec-6] order.service.OrderServiceImpl           : [create][Order Create Success][Order Price][OrderId:f77e55cd-fa77-4b7b-86a4-6c7590ef923b , Price: 0.0]
2026-03-11 16:10:30.367  INFO 1 --- [io-12031-exec-6] order.service.OrderServiceImpl           : [PYTHIA_FINE_TRACE] service=ts-order-service stage=service_create latency_ms=43
2026-03-11 16:10:30.367  INFO 1 --- [io-12031-exec-6] order.controller.OrderController         : [PYTHIA_FINE_TRACE] service=ts-order-service endpoint=createOrder latency_ms=43
2026-03-11 16:10:30.693  INFO 1 --- [io-12031-exec-7] order.controller.OrderController         : [createNewOrder][Create Order][from shanghai to taiyuan at 1970-01-02 18:17:36]
2026-03-11 16:10:30.693  INFO 1 --- [io-12031-exec-7] order.service.OrderServiceImpl           : [create][Create Order][Ready to Create Order]
2026-03-11 16:10:30.747  INFO 1 --- [io-12031-exec-7] order.service.OrderServiceImpl           : [create][Order Create Success][Order Price][OrderId:79f6d7c5-ee1e-42d7-a27b-651deba37349 , Price: 0.0]
2026-03-11 16:10:30.747  INFO 1 --- [io-12031-exec-7] order.service.OrderServiceImpl           : [PYTHIA_FINE_TRACE] service=ts-order-service stage=service_create latency_ms=54
2026-03-11 16:10:30.747  INFO 1 --- [io-12031-exec-7] order.controller.OrderController         : [PYTHIA_FINE_TRACE] service=ts-order-service endpoint=createOrder latency_ms=54
2026-03-11 16:10:31.027  INFO 1 --- [o-12031-exec-10] order.controller.OrderController         : [createNewOrder][Create Order][from shanghai to taiyuan at 1970-01-02 18:17:36]
2026-03-11 16:10:31.027  INFO 1 --- [o-12031-exec-10] order.service.OrderServiceImpl           : [create][Create Order][Ready to Create Order]
2026-03-11 16:10:31.072  INFO 1 --- [o-12031-exec-10] order.service.OrderServiceImpl           : [create][Order Create Success][Order Price][OrderId:9964dab3-30a8-4dd3-94bf-ed9f0b120ea5 , Price: 0.0]
2026-03-11 16:10:31.072  INFO 1 --- [o-12031-exec-10] order.service.OrderServiceImpl           : [PYTHIA_FINE_TRACE] service=ts-order-service stage=service_create latency_ms=45
2026-03-11 16:10:31.072  INFO 1 --- [o-12031-exec-10] order.controller.OrderController         : [PYTHIA_FINE_TRACE] service=ts-order-service endpoint=createOrder latency_ms=45
2026-03-11 16:10:31.392  INFO 1 --- [io-12031-exec-2] order.controller.OrderController         : [createNewOrder][Create Order][from shanghai to taiyuan at 1970-01-02 18:17:36]
2026-03-11 16:10:31.393  INFO 1 --- [io-12031-exec-2] order.service.OrderServiceImpl           : [create][Create Order][Ready to Create Order]
2026-03-11 16:10:31.450  INFO 1 --- [io-12031-exec-2] order.service.OrderServiceImpl           : [create][Order Create Success][Order Price][OrderId:9107658c-dc10-49dd-95b3-5aa5af1c642e , Price: 0.0]
2026-03-11 16:10:31.450  INFO 1 --- [io-12031-exec-2] order.service.OrderServiceImpl           : [PYTHIA_FINE_TRACE] service=ts-order-service stage=service_create latency_ms=57
2026-03-11 16:10:31.450  INFO 1 --- [io-12031-exec-2] order.controller.OrderController         : [PYTHIA_FINE_TRACE] service=ts-order-service endpoint=createOrder latency_ms=58
2026-03-11 16:10:31.729  INFO 1 --- [io-12031-exec-9] order.controller.OrderController         : [createNewOrder][Create Order][from shanghai to taiyuan at 1970-01-02 18:17:36]
2026-03-11 16:10:31.730  INFO 1 --- [io-12031-exec-9] order.service.OrderServiceImpl           : [create][Create Order][Ready to Create Order]
2026-03-11 16:10:31.777  INFO 1 --- [io-12031-exec-9] order.service.OrderServiceImpl           : [create][Order Create Success][Order Price][OrderId:7fcf3bbe-ad36-4906-bcab-0409e51f592d , Price: 0.0]
2026-03-11 16:10:31.777  INFO 1 --- [io-12031-exec-9] order.service.OrderServiceImpl           : [PYTHIA_FINE_TRACE] service=ts-order-service stage=service_create latency_ms=47
2026-03-11 16:10:31.777  INFO 1 --- [io-12031-exec-9] order.controller.OrderController         : [PYTHIA_FINE_TRACE] service=ts-order-service endpoint=createOrder latency_ms=48
2026-03-11 16:10:32.100  INFO 1 --- [io-12031-exec-5] order.controller.OrderController         : [createNewOrder][Create Order][from shanghai to taiyuan at 1970-01-02 18:17:36]
2026-03-11 16:10:32.100  INFO 1 --- [io-12031-exec-5] order.service.OrderServiceImpl           : [create][Create Order][Ready to Create Order]
2026-03-11 16:10:32.400  INFO 1 --- [io-12031-exec-5] order.service.OrderServiceImpl           : [PYTHIA_DELAY] artificial_delay=300ms
2026-03-11 16:10:32.517  INFO 1 --- [io-12031-exec-5] order.service.OrderServiceImpl           : [create][Order Create Success][Order Price][OrderId:fa70c7ec-bf1a-4a59-ab89-d0719748fe2c , Price: 0.0]
2026-03-11 16:10:32.517  INFO 1 --- [io-12031-exec-5] order.service.OrderServiceImpl           : [PYTHIA_FINE_TRACE] service=ts-order-service stage=service_create latency_ms=417
2026-03-11 16:10:32.517  INFO 1 --- [io-12031-exec-5] order.controller.OrderController         : [PYTHIA_FINE_TRACE] service=ts-order-service endpoint=createOrder latency_ms=417
2026-03-11 16:10:32.880  INFO 1 --- [io-12031-exec-1] order.controller.OrderController         : [createNewOrder][Create Order][from shanghai to taiyuan at 1970-01-02 18:17:36]
2026-03-11 16:10:32.880  INFO 1 --- [io-12031-exec-1] order.service.OrderServiceImpl           : [create][Create Order][Ready to Create Order]
2026-03-11 16:10:33.180  INFO 1 --- [io-12031-exec-1] order.service.OrderServiceImpl           : [PYTHIA_DELAY] artificial_delay=300ms
2026-03-11 16:10:33.238  INFO 1 --- [io-12031-exec-1] order.service.OrderServiceImpl           : [create][Order Create Success][Order Price][OrderId:17dd2f82-33dc-4a3f-81fc-fd1b209a881d , Price: 0.0]
2026-03-11 16:10:33.238  INFO 1 --- [io-12031-exec-1] order.service.OrderServiceImpl           : [PYTHIA_FINE_TRACE] service=ts-order-service stage=service_create latency_ms=358
2026-03-11 16:10:33.238  INFO 1 --- [io-12031-exec-1] order.controller.OrderController         : [PYTHIA_FINE_TRACE] service=ts-order-service endpoint=createOrder latency_ms=358
2026-03-11 16:10:33.581  INFO 1 --- [io-12031-exec-4] order.controller.OrderController         : [createNewOrder][Create Order][from shanghai to taiyuan at 1970-01-02 18:17:36]
2026-03-11 16:10:33.581  INFO 1 --- [io-12031-exec-4] order.service.OrderServiceImpl           : [create][Create Order][Ready to Create Order]
2026-03-11 16:10:33.628  INFO 1 --- [io-12031-exec-4] order.service.OrderServiceImpl           : [create][Order Create Success][Order Price][OrderId:3e1ea123-1b05-44ac-b877-247064e06c3d , Price: 0.0]
2026-03-11 16:10:33.628  INFO 1 --- [io-12031-exec-4] order.service.OrderServiceImpl           : [PYTHIA_FINE_TRACE] service=ts-order-service stage=service_create latency_ms=47
2026-03-11 16:10:33.628  INFO 1 --- [io-12031-exec-4] order.controller.OrderController         : [PYTHIA_FINE_TRACE] service=ts-order-service endpoint=createOrder latency_ms=47
2026-03-11 16:10:33.977  INFO 1 --- [io-12031-exec-3] order.controller.OrderController         : [createNewOrder][Create Order][from shanghai to taiyuan at 1970-01-02 18:17:36]
2026-03-11 16:10:33.977  INFO 1 --- [io-12031-exec-3] order.service.OrderServiceImpl           : [create][Create Order][Ready to Create Order]
2026-03-11 16:10:34.032  INFO 1 --- [io-12031-exec-3] order.service.OrderServiceImpl           : [create][Order Create Success][Order Price][OrderId:741cc185-71c1-41bb-b0bb-56036f8edae5 , Price: 0.0]
2026-03-11 16:10:34.032  INFO 1 --- [io-12031-exec-3] order.service.OrderServiceImpl           : [PYTHIA_FINE_TRACE] service=ts-order-service stage=service_create latency_ms=55
2026-03-11 16:10:34.032  INFO 1 --- [io-12031-exec-3] order.controller.OrderController         : [PYTHIA_FINE_TRACE] service=ts-order-service endpoint=createOrder latency_ms=55
2026-03-11 16:10:34.394  INFO 1 --- [io-12031-exec-8] order.controller.OrderController         : [createNewOrder][Create Order][from shanghai to taiyuan at 1970-01-02 18:17:36]
2026-03-11 16:10:34.394  INFO 1 --- [io-12031-exec-8] order.service.OrderServiceImpl           : [create][Create Order][Ready to Create Order]
2026-03-11 16:10:34.438  INFO 1 --- [io-12031-exec-8] order.service.OrderServiceImpl           : [create][Order Create Success][Order Price][OrderId:d1da4a18-6316-460b-8c35-a8455b45767c , Price: 0.0]
2026-03-11 16:10:34.438  INFO 1 --- [io-12031-exec-8] order.service.OrderServiceImpl           : [PYTHIA_FINE_TRACE] service=ts-order-service stage=service_create latency_ms=44
2026-03-11 16:10:34.438  INFO 1 --- [io-12031-exec-8] order.controller.OrderController         : [PYTHIA_FINE_TRACE] service=ts-order-service endpoint=createOrder latency_ms=44
2026-03-11 16:10:34.727  INFO 1 --- [io-12031-exec-6] order.controller.OrderController         : [createNewOrder][Create Order][from shanghai to taiyuan at 1970-01-02 18:17:36]
2026-03-11 16:10:34.727  INFO 1 --- [io-12031-exec-6] order.service.OrderServiceImpl           : [create][Create Order][Ready to Create Order]
2026-03-11 16:10:34.802  INFO 1 --- [io-12031-exec-6] order.service.OrderServiceImpl           : [create][Order Create Success][Order Price][OrderId:b091e5d8-7234-4838-9c2d-e83765108741 , Price: 0.0]
2026-03-11 16:10:34.802  INFO 1 --- [io-12031-exec-6] order.service.OrderServiceImpl           : [PYTHIA_FINE_TRACE] service=ts-order-service stage=service_create latency_ms=75
2026-03-11 16:10:34.802  INFO 1 --- [io-12031-exec-6] order.controller.OrderController         : [PYTHIA_FINE_TRACE] service=ts-order-service endpoint=createOrder latency_ms=75
2026-03-11 16:10:35.115  INFO 1 --- [io-12031-exec-7] order.controller.OrderController         : [createNewOrder][Create Order][from shanghai to taiyuan at 1970-01-02 18:17:36]
2026-03-11 16:10:35.115  INFO 1 --- [io-12031-exec-7] order.service.OrderServiceImpl           : [create][Create Order][Ready to Create Order]
2026-03-11 16:10:35.416  INFO 1 --- [io-12031-exec-7] order.service.OrderServiceImpl           : [PYTHIA_DELAY] artificial_delay=300ms
2026-03-11 16:10:35.472  INFO 1 --- [io-12031-exec-7] order.service.OrderServiceImpl           : [create][Order Create Success][Order Price][OrderId:e302daa0-7d57-4e45-8822-ce0e689da0e2 , Price: 0.0]
2026-03-11 16:10:35.472  INFO 1 --- [io-12031-exec-7] order.service.OrderServiceImpl           : [PYTHIA_FINE_TRACE] service=ts-order-service stage=service_create latency_ms=357
2026-03-11 16:10:35.472  INFO 1 --- [io-12031-exec-7] order.controller.OrderController         : [PYTHIA_FINE_TRACE] service=ts-order-service endpoint=createOrder latency_ms=357
2026-03-11 16:10:35.821  INFO 1 --- [o-12031-exec-10] order.controller.OrderController         : [createNewOrder][Create Order][from shanghai to taiyuan at 1970-01-02 18:17:36]
2026-03-11 16:10:35.821  INFO 1 --- [o-12031-exec-10] order.service.OrderServiceImpl           : [create][Create Order][Ready to Create Order]
2026-03-11 16:10:35.863  INFO 1 --- [o-12031-exec-10] order.service.OrderServiceImpl           : [create][Order Create Success][Order Price][OrderId:98d60fc7-daeb-4ad1-b5a2-ac6b2a2d8b77 , Price: 0.0]
2026-03-11 16:10:35.863  INFO 1 --- [o-12031-exec-10] order.service.OrderServiceImpl           : [PYTHIA_FINE_TRACE] service=ts-order-service stage=service_create latency_ms=42
2026-03-11 16:10:35.863  INFO 1 --- [o-12031-exec-10] order.controller.OrderController         : [PYTHIA_FINE_TRACE] service=ts-order-service endpoint=createOrder latency_ms=42
2026-03-11 16:10:36.187  INFO 1 --- [io-12031-exec-2] order.controller.OrderController         : [createNewOrder][Create Order][from shanghai to taiyuan at 1970-01-02 18:17:36]
2026-03-11 16:10:36.187  INFO 1 --- [io-12031-exec-2] order.service.OrderServiceImpl           : [create][Create Order][Ready to Create Order]
2026-03-11 16:10:36.313  INFO 1 --- [io-12031-exec-2] order.service.OrderServiceImpl           : [create][Order Create Success][Order Price][OrderId:9efc52ee-b2c9-45d3-986f-e5eba375d24b , Price: 0.0]
2026-03-11 16:10:36.313  INFO 1 --- [io-12031-exec-2] order.service.OrderServiceImpl           : [PYTHIA_FINE_TRACE] service=ts-order-service stage=service_create latency_ms=126
2026-03-11 16:10:36.313  INFO 1 --- [io-12031-exec-2] order.controller.OrderController         : [PYTHIA_FINE_TRACE] service=ts-order-service endpoint=createOrder latency_ms=126
2026-03-11 16:10:36.619  INFO 1 --- [io-12031-exec-9] order.controller.OrderController         : [createNewOrder][Create Order][from shanghai to taiyuan at 1970-01-02 18:17:36]
2026-03-11 16:10:36.619  INFO 1 --- [io-12031-exec-9] order.service.OrderServiceImpl           : [create][Create Order][Ready to Create Order]
2026-03-11 16:10:36.919  INFO 1 --- [io-12031-exec-9] order.service.OrderServiceImpl           : [PYTHIA_DELAY] artificial_delay=300ms
2026-03-11 16:10:36.963  INFO 1 --- [io-12031-exec-9] order.service.OrderServiceImpl           : [create][Order Create Success][Order Price][OrderId:034492c1-2535-4f9b-b03d-e8938f344ff4 , Price: 0.0]
2026-03-11 16:10:36.963  INFO 1 --- [io-12031-exec-9] order.service.OrderServiceImpl           : [PYTHIA_FINE_TRACE] service=ts-order-service stage=service_create latency_ms=344
2026-03-11 16:10:36.963  INFO 1 --- [io-12031-exec-9] order.controller.OrderController         : [PYTHIA_FINE_TRACE] service=ts-order-service endpoint=createOrder latency_ms=344
2026-03-11 16:10:37.283  INFO 1 --- [io-12031-exec-1] order.controller.OrderController         : [createNewOrder][Create Order][from shanghai to taiyuan at 1970-01-02 18:17:36]
2026-03-11 16:10:37.283  INFO 1 --- [io-12031-exec-1] order.service.OrderServiceImpl           : [create][Create Order][Ready to Create Order]
2026-03-11 16:10:37.336  INFO 1 --- [io-12031-exec-1] order.service.OrderServiceImpl           : [create][Order Create Success][Order Price][OrderId:40cf4135-d269-4e79-b8eb-87a68ebfa7a7 , Price: 0.0]
2026-03-11 16:10:37.337  INFO 1 --- [io-12031-exec-1] order.service.OrderServiceImpl           : [PYTHIA_FINE_TRACE] service=ts-order-service stage=service_create latency_ms=54
2026-03-11 16:10:37.337  INFO 1 --- [io-12031-exec-1] order.controller.OrderController         : [PYTHIA_FINE_TRACE] service=ts-order-service endpoint=createOrder latency_ms=54
2026-03-11 16:10:37.624  INFO 1 --- [io-12031-exec-4] order.controller.OrderController         : [createNewOrder][Create Order][from shanghai to taiyuan at 1970-01-02 18:17:36]
2026-03-11 16:10:37.624  INFO 1 --- [io-12031-exec-4] order.service.OrderServiceImpl           : [create][Create Order][Ready to Create Order]
2026-03-11 16:10:37.669  INFO 1 --- [io-12031-exec-4] order.service.OrderServiceImpl           : [create][Order Create Success][Order Price][OrderId:6cf3f2f4-15a0-43dd-bafa-1247599f8eac , Price: 0.0]
2026-03-11 16:10:37.669  INFO 1 --- [io-12031-exec-4] order.service.OrderServiceImpl           : [PYTHIA_FINE_TRACE] service=ts-order-service stage=service_create latency_ms=45
2026-03-11 16:10:37.669  INFO 1 --- [io-12031-exec-4] order.controller.OrderController         : [PYTHIA_FINE_TRACE] service=ts-order-service endpoint=createOrder latency_ms=45
2026-03-11 16:10:37.986  INFO 1 --- [io-12031-exec-3] order.controller.OrderController         : [createNewOrder][Create Order][from shanghai to taiyuan at 1970-01-02 18:17:36]
2026-03-11 16:10:37.986  INFO 1 --- [io-12031-exec-3] order.service.OrderServiceImpl           : [create][Create Order][Ready to Create Order]
2026-03-11 16:10:38.286  INFO 1 --- [io-12031-exec-3] order.service.OrderServiceImpl           : [PYTHIA_DELAY] artificial_delay=300ms
2026-03-11 16:10:38.343  INFO 1 --- [io-12031-exec-3] order.service.OrderServiceImpl           : [create][Order Create Success][Order Price][OrderId:f6ae405a-9aa9-4a23-8629-e6f86d281743 , Price: 0.0]
2026-03-11 16:10:38.343  INFO 1 --- [io-12031-exec-3] order.service.OrderServiceImpl           : [PYTHIA_FINE_TRACE] service=ts-order-service stage=service_create latency_ms=357
2026-03-11 16:10:38.343  INFO 1 --- [io-12031-exec-3] order.controller.OrderController         : [PYTHIA_FINE_TRACE] service=ts-order-service endpoint=createOrder latency_ms=357
2026-03-11 16:10:38.622  INFO 1 --- [io-12031-exec-8] order.controller.OrderController         : [createNewOrder][Create Order][from shanghai to taiyuan at 1970-01-02 18:17:36]
2026-03-11 16:10:38.622  INFO 1 --- [io-12031-exec-8] order.service.OrderServiceImpl           : [create][Create Order][Ready to Create Order]
2026-03-11 16:10:38.711  INFO 1 --- [io-12031-exec-8] order.service.OrderServiceImpl           : [create][Order Create Success][Order Price][OrderId:aef429f6-4736-4bc0-ac90-fbca4b3cdc12 , Price: 0.0]
2026-03-11 16:10:38.711  INFO 1 --- [io-12031-exec-8] order.service.OrderServiceImpl           : [PYTHIA_FINE_TRACE] service=ts-order-service stage=service_create latency_ms=89
2026-03-11 16:10:38.711  INFO 1 --- [io-12031-exec-8] order.controller.OrderController         : [PYTHIA_FINE_TRACE] service=ts-order-service endpoint=createOrder latency_ms=89
2026-03-11 16:10:39.080  INFO 1 --- [io-12031-exec-6] order.controller.OrderController         : [createNewOrder][Create Order][from shanghai to taiyuan at 1970-01-02 18:17:36]
2026-03-11 16:10:39.080  INFO 1 --- [io-12031-exec-6] order.service.OrderServiceImpl           : [create][Create Order][Ready to Create Order]
2026-03-11 16:10:39.125  INFO 1 --- [io-12031-exec-6] order.service.OrderServiceImpl           : [create][Order Create Success][Order Price][OrderId:f91eb787-e469-46a0-b79f-1c11d05b774d , Price: 0.0]
2026-03-11 16:10:39.125  INFO 1 --- [io-12031-exec-6] order.service.OrderServiceImpl           : [PYTHIA_FINE_TRACE] service=ts-order-service stage=service_create latency_ms=45
2026-03-11 16:10:39.125  INFO 1 --- [io-12031-exec-6] order.controller.OrderController         : [PYTHIA_FINE_TRACE] service=ts-order-service endpoint=createOrder latency_ms=45
2026-03-11 16:10:39.424  INFO 1 --- [io-12031-exec-7] order.controller.OrderController         : [createNewOrder][Create Order][from shanghai to taiyuan at 1970-01-02 18:17:36]
2026-03-11 16:10:39.424  INFO 1 --- [io-12031-exec-7] order.service.OrderServiceImpl           : [create][Create Order][Ready to Create Order]
2026-03-11 16:10:39.502  INFO 1 --- [io-12031-exec-7] order.service.OrderServiceImpl           : [create][Order Create Success][Order Price][OrderId:19a3de2f-f275-41a8-b749-37e76c482d30 , Price: 0.0]
2026-03-11 16:10:39.502  INFO 1 --- [io-12031-exec-7] order.service.OrderServiceImpl           : [PYTHIA_FINE_TRACE] service=ts-order-service stage=service_create latency_ms=78
2026-03-11 16:10:39.502  INFO 1 --- [io-12031-exec-7] order.controller.OrderController         : [PYTHIA_FINE_TRACE] service=ts-order-service endpoint=createOrder latency_ms=78
2026-03-11 16:10:39.817  INFO 1 --- [o-12031-exec-10] order.controller.OrderController         : [createNewOrder][Create Order][from shanghai to taiyuan at 1970-01-02 18:17:36]
2026-03-11 16:10:39.817  INFO 1 --- [o-12031-exec-10] order.service.OrderServiceImpl           : [create][Create Order][Ready to Create Order]
2026-03-11 16:10:40.117  INFO 1 --- [o-12031-exec-10] order.service.OrderServiceImpl           : [PYTHIA_DELAY] artificial_delay=300ms
2026-03-11 16:10:40.161  INFO 1 --- [o-12031-exec-10] order.service.OrderServiceImpl           : [create][Order Create Success][Order Price][OrderId:b68bd9ab-f203-4b8a-9572-adabbd4f5a65 , Price: 0.0]
2026-03-11 16:10:40.161  INFO 1 --- [o-12031-exec-10] order.service.OrderServiceImpl           : [PYTHIA_FINE_TRACE] service=ts-order-service stage=service_create latency_ms=344
2026-03-11 16:10:40.161  INFO 1 --- [o-12031-exec-10] order.controller.OrderController         : [PYTHIA_FINE_TRACE] service=ts-order-service endpoint=createOrder latency_ms=344
2026-03-11 16:10:40.486  INFO 1 --- [io-12031-exec-2] order.controller.OrderController         : [createNewOrder][Create Order][from shanghai to taiyuan at 1970-01-02 18:17:36]
2026-03-11 16:10:40.486  INFO 1 --- [io-12031-exec-2] order.service.OrderServiceImpl           : [create][Create Order][Ready to Create Order]
2026-03-11 16:10:40.539  INFO 1 --- [io-12031-exec-2] order.service.OrderServiceImpl           : [create][Order Create Success][Order Price][OrderId:fd16612f-6b67-4a96-8e13-29b016c66821 , Price: 0.0]
2026-03-11 16:10:40.539  INFO 1 --- [io-12031-exec-2] order.service.OrderServiceImpl           : [PYTHIA_FINE_TRACE] service=ts-order-service stage=service_create latency_ms=53
2026-03-11 16:10:40.540  INFO 1 --- [io-12031-exec-2] order.controller.OrderController         : [PYTHIA_FINE_TRACE] service=ts-order-service endpoint=createOrder latency_ms=54
2026-03-11 16:10:40.879  INFO 1 --- [io-12031-exec-9] order.controller.OrderController         : [createNewOrder][Create Order][from shanghai to taiyuan at 1970-01-02 18:17:36]
2026-03-11 16:10:40.879  INFO 1 --- [io-12031-exec-9] order.service.OrderServiceImpl           : [create][Create Order][Ready to Create Order]
2026-03-11 16:10:41.179  INFO 1 --- [io-12031-exec-9] order.service.OrderServiceImpl           : [PYTHIA_DELAY] artificial_delay=300ms
2026-03-11 16:10:41.224  INFO 1 --- [io-12031-exec-9] order.service.OrderServiceImpl           : [create][Order Create Success][Order Price][OrderId:21671931-5bef-4553-aa50-27829608d031 , Price: 0.0]
2026-03-11 16:10:41.224  INFO 1 --- [io-12031-exec-9] order.service.OrderServiceImpl           : [PYTHIA_FINE_TRACE] service=ts-order-service stage=service_create latency_ms=345
2026-03-11 16:10:41.225  INFO 1 --- [io-12031-exec-9] order.controller.OrderController         : [PYTHIA_FINE_TRACE] service=ts-order-service endpoint=createOrder latency_ms=346
2026-03-11 16:10:41.521  INFO 1 --- [io-12031-exec-5] order.controller.OrderController         : [createNewOrder][Create Order][from shanghai to taiyuan at 1970-01-02 18:17:36]
2026-03-11 16:10:41.521  INFO 1 --- [io-12031-exec-5] order.service.OrderServiceImpl           : [create][Create Order][Ready to Create Order]
2026-03-11 16:10:41.571  INFO 1 --- [io-12031-exec-5] order.service.OrderServiceImpl           : [create][Order Create Success][Order Price][OrderId:a9909f7d-7297-4df5-b74c-8f79eb24a869 , Price: 0.0]
2026-03-11 16:10:41.571  INFO 1 --- [io-12031-exec-5] order.service.OrderServiceImpl           : [PYTHIA_FINE_TRACE] service=ts-order-service stage=service_create latency_ms=50
2026-03-11 16:10:41.571  INFO 1 --- [io-12031-exec-5] order.controller.OrderController         : [PYTHIA_FINE_TRACE] service=ts-order-service endpoint=createOrder latency_ms=50
2026-03-11 16:10:41.894  INFO 1 --- [io-12031-exec-1] order.controller.OrderController         : [createNewOrder][Create Order][from shanghai to taiyuan at 1970-01-02 18:17:36]
2026-03-11 16:10:41.894  INFO 1 --- [io-12031-exec-1] order.service.OrderServiceImpl           : [create][Create Order][Ready to Create Order]
2026-03-11 16:10:42.013  INFO 1 --- [io-12031-exec-1] order.service.OrderServiceImpl           : [create][Order Create Success][Order Price][OrderId:1abdbfe2-41d4-4a5f-8a79-869b9e476dd5 , Price: 0.0]
2026-03-11 16:10:42.013  INFO 1 --- [io-12031-exec-1] order.service.OrderServiceImpl           : [PYTHIA_FINE_TRACE] service=ts-order-service stage=service_create latency_ms=119
2026-03-11 16:10:42.013  INFO 1 --- [io-12031-exec-1] order.controller.OrderController         : [PYTHIA_FINE_TRACE] service=ts-order-service endpoint=createOrder latency_ms=119
2026-03-11 16:10:42.328  INFO 1 --- [io-12031-exec-4] order.controller.OrderController         : [createNewOrder][Create Order][from shanghai to taiyuan at 1970-01-02 18:17:36]
2026-03-11 16:10:42.328  INFO 1 --- [io-12031-exec-4] order.service.OrderServiceImpl           : [create][Create Order][Ready to Create Order]
2026-03-11 16:10:42.375  INFO 1 --- [io-12031-exec-4] order.service.OrderServiceImpl           : [create][Order Create Success][Order Price][OrderId:4748f00e-db18-428c-8d02-39fd8c04eb85 , Price: 0.0]
2026-03-11 16:10:42.375  INFO 1 --- [io-12031-exec-4] order.service.OrderServiceImpl           : [PYTHIA_FINE_TRACE] service=ts-order-service stage=service_create latency_ms=47
2026-03-11 16:10:42.375  INFO 1 --- [io-12031-exec-4] order.controller.OrderController         : [PYTHIA_FINE_TRACE] service=ts-order-service endpoint=createOrder latency_ms=47
2026-03-11 16:10:42.702  INFO 1 --- [io-12031-exec-3] order.controller.OrderController         : [createNewOrder][Create Order][from shanghai to taiyuan at 1970-01-02 18:17:36]
2026-03-11 16:10:42.702  INFO 1 --- [io-12031-exec-3] order.service.OrderServiceImpl           : [create][Create Order][Ready to Create Order]
2026-03-11 16:10:42.755  INFO 1 --- [io-12031-exec-3] order.service.OrderServiceImpl           : [create][Order Create Success][Order Price][OrderId:9e3456ce-2e9a-4cf6-a915-8c9593e9d734 , Price: 0.0]
2026-03-11 16:10:42.756  INFO 1 --- [io-12031-exec-3] order.service.OrderServiceImpl           : [PYTHIA_FINE_TRACE] service=ts-order-service stage=service_create latency_ms=54
2026-03-11 16:10:42.756  INFO 1 --- [io-12031-exec-3] order.controller.OrderController         : [PYTHIA_FINE_TRACE] service=ts-order-service endpoint=createOrder latency_ms=55
2026-03-11 16:10:43.084  INFO 1 --- [io-12031-exec-8] order.controller.OrderController         : [createNewOrder][Create Order][from shanghai to taiyuan at 1970-01-02 18:17:36]
2026-03-11 16:10:43.084  INFO 1 --- [io-12031-exec-8] order.service.OrderServiceImpl           : [create][Create Order][Ready to Create Order]
2026-03-11 16:10:43.384  INFO 1 --- [io-12031-exec-8] order.service.OrderServiceImpl           : [PYTHIA_DELAY] artificial_delay=300ms
2026-03-11 16:10:43.431  INFO 1 --- [io-12031-exec-8] order.service.OrderServiceImpl           : [create][Order Create Success][Order Price][OrderId:b24f4a1a-e0e3-4437-b35e-3e4d2746c6db , Price: 0.0]
2026-03-11 16:10:43.431  INFO 1 --- [io-12031-exec-8] order.service.OrderServiceImpl           : [PYTHIA_FINE_TRACE] service=ts-order-service stage=service_create latency_ms=347
2026-03-11 16:10:43.431  INFO 1 --- [io-12031-exec-8] order.controller.OrderController         : [PYTHIA_FINE_TRACE] service=ts-order-service endpoint=createOrder latency_ms=347
2026-03-11 16:10:43.728  INFO 1 --- [io-12031-exec-6] order.controller.OrderController         : [createNewOrder][Create Order][from shanghai to taiyuan at 1970-01-02 18:17:36]
2026-03-11 16:10:43.728  INFO 1 --- [io-12031-exec-6] order.service.OrderServiceImpl           : [create][Create Order][Ready to Create Order]
2026-03-11 16:10:44.028  INFO 1 --- [io-12031-exec-6] order.service.OrderServiceImpl           : [PYTHIA_DELAY] artificial_delay=300ms
2026-03-11 16:10:44.082  INFO 1 --- [io-12031-exec-6] order.service.OrderServiceImpl           : [create][Order Create Success][Order Price][OrderId:dbb0c8d0-2aad-4a26-8248-f7fa2b7d99c7 , Price: 0.0]
2026-03-11 16:10:44.082  INFO 1 --- [io-12031-exec-6] order.service.OrderServiceImpl           : [PYTHIA_FINE_TRACE] service=ts-order-service stage=service_create latency_ms=354
2026-03-11 16:10:44.082  INFO 1 --- [io-12031-exec-6] order.controller.OrderController         : [PYTHIA_FINE_TRACE] service=ts-order-service endpoint=createOrder latency_ms=354
2026-03-11 16:10:44.404  INFO 1 --- [io-12031-exec-7] order.controller.OrderController         : [createNewOrder][Create Order][from shanghai to taiyuan at 1970-01-02 18:17:36]
2026-03-11 16:10:44.404  INFO 1 --- [io-12031-exec-7] order.service.OrderServiceImpl           : [create][Create Order][Ready to Create Order]
2026-03-11 16:10:44.511  INFO 1 --- [io-12031-exec-7] order.service.OrderServiceImpl           : [create][Order Create Success][Order Price][OrderId:86707718-9789-4a7f-9da9-ad524287578a , Price: 0.0]
2026-03-11 16:10:44.511  INFO 1 --- [io-12031-exec-7] order.service.OrderServiceImpl           : [PYTHIA_FINE_TRACE] service=ts-order-service stage=service_create latency_ms=107
2026-03-11 16:10:44.511  INFO 1 --- [io-12031-exec-7] order.controller.OrderController         : [PYTHIA_FINE_TRACE] service=ts-order-service endpoint=createOrder latency_ms=107
2026-03-11 16:10:44.826  INFO 1 --- [o-12031-exec-10] order.controller.OrderController         : [createNewOrder][Create Order][from shanghai to taiyuan at 1970-01-02 18:17:36]
2026-03-11 16:10:44.827  INFO 1 --- [o-12031-exec-10] order.service.OrderServiceImpl           : [create][Create Order][Ready to Create Order]
2026-03-11 16:10:44.870  INFO 1 --- [o-12031-exec-10] order.service.OrderServiceImpl           : [create][Order Create Success][Order Price][OrderId:b9391bc7-a770-4b0c-8f18-70c01e438b32 , Price: 0.0]
2026-03-11 16:10:44.870  INFO 1 --- [o-12031-exec-10] order.service.OrderServiceImpl           : [PYTHIA_FINE_TRACE] service=ts-order-service stage=service_create latency_ms=43
2026-03-11 16:10:44.870  INFO 1 --- [o-12031-exec-10] order.controller.OrderController         : [PYTHIA_FINE_TRACE] service=ts-order-service endpoint=createOrder latency_ms=44
