2026-03-11 16:05:19.913  INFO 1 --- [io-12031-exec-1] order.service.OrderServiceImpl           : [PYTHIA_DELAY] artificial_delay=300ms
2026-03-11 16:05:23.303  INFO 1 --- [io-12031-exec-1] order.service.OrderServiceImpl           : [PYTHIA_FINE_TRACE] service=ts-order-service stage=service_create latency_ms=3691
2026-03-11 16:05:23.308  INFO 1 --- [io-12031-exec-1] order.controller.OrderController         : [PYTHIA_FINE_TRACE] service=ts-order-service endpoint=createOrder latency_ms=3696
2026-03-11 16:05:54.727  INFO 1 --- [io-12031-exec-6] order.service.OrderServiceImpl           : [PYTHIA_DELAY] artificial_delay=300ms
2026-03-11 16:05:55.118  INFO 1 --- [io-12031-exec-6] order.service.OrderServiceImpl           : [PYTHIA_FINE_TRACE] service=ts-order-service stage=service_create latency_ms=691
2026-03-11 16:05:55.118  INFO 1 --- [io-12031-exec-6] order.controller.OrderController         : [PYTHIA_FINE_TRACE] service=ts-order-service endpoint=createOrder latency_ms=691
2026-03-11 16:05:55.801  INFO 1 --- [io-12031-exec-8] order.service.OrderServiceImpl           : [PYTHIA_FINE_TRACE] service=ts-order-service stage=service_create latency_ms=372
2026-03-11 16:05:55.801  INFO 1 --- [io-12031-exec-8] order.controller.OrderController         : [PYTHIA_FINE_TRACE] service=ts-order-service endpoint=createOrder latency_ms=372
2026-03-11 16:05:56.425  INFO 1 --- [io-12031-exec-7] order.service.OrderServiceImpl           : [PYTHIA_DELAY] artificial_delay=300ms
2026-03-11 16:05:56.703  INFO 1 --- [io-12031-exec-7] order.service.OrderServiceImpl           : [PYTHIA_FINE_TRACE] service=ts-order-service stage=service_create latency_ms=578
2026-03-11 16:05:56.703  INFO 1 --- [io-12031-exec-7] order.controller.OrderController         : [PYTHIA_FINE_TRACE] service=ts-order-service endpoint=createOrder latency_ms=579
2026-03-11 16:05:57.332  INFO 1 --- [io-12031-exec-9] order.service.OrderServiceImpl           : [PYTHIA_DELAY] artificial_delay=300ms
2026-03-11 16:05:57.520  INFO 1 --- [io-12031-exec-9] order.service.OrderServiceImpl           : [PYTHIA_FINE_TRACE] service=ts-order-service stage=service_create latency_ms=489
2026-03-11 16:05:57.520  INFO 1 --- [io-12031-exec-9] order.controller.OrderController         : [PYTHIA_FINE_TRACE] service=ts-order-service endpoint=createOrder latency_ms=489
2026-03-11 16:05:58.202  INFO 1 --- [io-12031-exec-2] order.service.OrderServiceImpl           : [PYTHIA_FINE_TRACE] service=ts-order-service stage=service_create latency_ms=217
2026-03-11 16:05:58.202  INFO 1 --- [io-12031-exec-2] order.controller.OrderController         : [PYTHIA_FINE_TRACE] service=ts-order-service endpoint=createOrder latency_ms=217
2026-03-11 16:05:58.828  INFO 1 --- [io-12031-exec-1] order.service.OrderServiceImpl           : [PYTHIA_DELAY] artificial_delay=300ms
2026-03-11 16:05:59.114  INFO 1 --- [io-12031-exec-1] order.service.OrderServiceImpl           : [PYTHIA_FINE_TRACE] service=ts-order-service stage=service_create latency_ms=587
2026-03-11 16:05:59.114  INFO 1 --- [io-12031-exec-1] order.controller.OrderController         : [PYTHIA_FINE_TRACE] service=ts-order-service endpoint=createOrder latency_ms=587
2026-03-11 16:05:59.721  INFO 1 --- [io-12031-exec-3] order.service.OrderServiceImpl           : [PYTHIA_FINE_TRACE] service=ts-order-service stage=service_create latency_ms=291
2026-03-11 16:05:59.721  INFO 1 --- [io-12031-exec-3] order.controller.OrderController         : [PYTHIA_FINE_TRACE] service=ts-order-service endpoint=createOrder latency_ms=291
2026-03-11 16:06:00.419  INFO 1 --- [io-12031-exec-4] order.service.OrderServiceImpl           : [PYTHIA_DELAY] artificial_delay=300ms
2026-03-11 16:06:00.616  INFO 1 --- [io-12031-exec-4] order.service.OrderServiceImpl           : [PYTHIA_FINE_TRACE] service=ts-order-service stage=service_create latency_ms=497
2026-03-11 16:06:00.616  INFO 1 --- [io-12031-exec-4] order.controller.OrderController         : [PYTHIA_FINE_TRACE] service=ts-order-service endpoint=createOrder latency_ms=497
2026-03-11 16:06:01.131  INFO 1 --- [io-12031-exec-5] order.service.OrderServiceImpl           : [PYTHIA_FINE_TRACE] service=ts-order-service stage=service_create latency_ms=200
2026-03-11 16:06:01.131  INFO 1 --- [io-12031-exec-5] order.controller.OrderController         : [PYTHIA_FINE_TRACE] service=ts-order-service endpoint=createOrder latency_ms=200
2026-03-11 16:06:01.802  INFO 1 --- [io-12031-exec-6] order.service.OrderServiceImpl           : [PYTHIA_FINE_TRACE] service=ts-order-service stage=service_create latency_ms=277
2026-03-11 16:06:01.802  INFO 1 --- [io-12031-exec-6] order.controller.OrderController         : [PYTHIA_FINE_TRACE] service=ts-order-service endpoint=createOrder latency_ms=277
2026-03-11 16:06:02.429  INFO 1 --- [io-12031-exec-8] order.service.OrderServiceImpl           : [PYTHIA_DELAY] artificial_delay=300ms
2026-03-11 16:06:02.603  INFO 1 --- [io-12031-exec-8] order.service.OrderServiceImpl           : [PYTHIA_FINE_TRACE] service=ts-order-service stage=service_create latency_ms=474
2026-03-11 16:06:02.603  INFO 1 --- [io-12031-exec-8] order.controller.OrderController         : [PYTHIA_FINE_TRACE] service=ts-order-service endpoint=createOrder latency_ms=474
2026-03-11 16:06:03.234  INFO 1 --- [io-12031-exec-7] order.service.OrderServiceImpl           : [PYTHIA_DELAY] artificial_delay=300ms
2026-03-11 16:06:03.418  INFO 1 --- [io-12031-exec-7] order.service.OrderServiceImpl           : [PYTHIA_FINE_TRACE] service=ts-order-service stage=service_create latency_ms=484
2026-03-11 16:06:03.419  INFO 1 --- [io-12031-exec-7] order.controller.OrderController         : [PYTHIA_FINE_TRACE] service=ts-order-service endpoint=createOrder latency_ms=485
2026-03-11 16:06:03.821  INFO 1 --- [o-12031-exec-10] order.service.OrderServiceImpl           : [PYTHIA_FINE_TRACE] service=ts-order-service stage=service_create latency_ms=93
2026-03-11 16:06:03.821  INFO 1 --- [o-12031-exec-10] order.controller.OrderController         : [PYTHIA_FINE_TRACE] service=ts-order-service endpoint=createOrder latency_ms=93
2026-03-11 16:06:04.525  INFO 1 --- [io-12031-exec-9] order.service.OrderServiceImpl           : [PYTHIA_DELAY] artificial_delay=300ms
2026-03-11 16:06:04.619  INFO 1 --- [io-12031-exec-9] order.service.OrderServiceImpl           : [PYTHIA_FINE_TRACE] service=ts-order-service stage=service_create latency_ms=394
2026-03-11 16:06:04.620  INFO 1 --- [io-12031-exec-9] order.controller.OrderController         : [PYTHIA_FINE_TRACE] service=ts-order-service endpoint=createOrder latency_ms=395
2026-03-11 16:06:05.212  INFO 1 --- [io-12031-exec-2] order.service.OrderServiceImpl           : [PYTHIA_FINE_TRACE] service=ts-order-service stage=service_create latency_ms=118
2026-03-11 16:06:05.212  INFO 1 --- [io-12031-exec-2] order.controller.OrderController         : [PYTHIA_FINE_TRACE] service=ts-order-service endpoint=createOrder latency_ms=118
2026-03-11 16:06:05.702  INFO 1 --- [io-12031-exec-1] order.service.OrderServiceImpl           : [PYTHIA_FINE_TRACE] service=ts-order-service stage=service_create latency_ms=173
2026-03-11 16:06:05.702  INFO 1 --- [io-12031-exec-1] order.controller.OrderController         : [PYTHIA_FINE_TRACE] service=ts-order-service endpoint=createOrder latency_ms=174
2026-03-11 16:06:06.115  INFO 1 --- [io-12031-exec-3] order.service.OrderServiceImpl           : [PYTHIA_FINE_TRACE] service=ts-order-service stage=service_create latency_ms=90
2026-03-11 16:06:06.115  INFO 1 --- [io-12031-exec-3] order.controller.OrderController         : [PYTHIA_FINE_TRACE] service=ts-order-service endpoint=createOrder latency_ms=90
2026-03-11 16:06:06.729  INFO 1 --- [io-12031-exec-4] order.service.OrderServiceImpl           : [PYTHIA_DELAY] artificial_delay=300ms
2026-03-11 16:06:06.810  INFO 1 --- [io-12031-exec-4] order.service.OrderServiceImpl           : [PYTHIA_FINE_TRACE] service=ts-order-service stage=service_create latency_ms=381
2026-03-11 16:06:06.810  INFO 1 --- [io-12031-exec-4] order.controller.OrderController         : [PYTHIA_FINE_TRACE] service=ts-order-service endpoint=createOrder latency_ms=382
2026-03-11 16:06:07.242  INFO 1 --- [io-12031-exec-6] order.service.OrderServiceImpl           : [PYTHIA_FINE_TRACE] service=ts-order-service stage=service_create latency_ms=43
2026-03-11 16:06:07.242  INFO 1 --- [io-12031-exec-6] order.controller.OrderController         : [PYTHIA_FINE_TRACE] service=ts-order-service endpoint=createOrder latency_ms=43
2026-03-11 16:06:07.717  INFO 1 --- [io-12031-exec-8] order.service.OrderServiceImpl           : [PYTHIA_FINE_TRACE] service=ts-order-service stage=service_create latency_ms=94
2026-03-11 16:06:07.718  INFO 1 --- [io-12031-exec-8] order.controller.OrderController         : [PYTHIA_FINE_TRACE] service=ts-order-service endpoint=createOrder latency_ms=95
2026-03-11 16:06:08.328  INFO 1 --- [io-12031-exec-7] order.service.OrderServiceImpl           : [PYTHIA_DELAY] artificial_delay=300ms
2026-03-11 16:06:08.373  INFO 1 --- [io-12031-exec-7] order.service.OrderServiceImpl           : [PYTHIA_FINE_TRACE] service=ts-order-service stage=service_create latency_ms=345
2026-03-11 16:06:08.373  INFO 1 --- [io-12031-exec-7] order.controller.OrderController         : [PYTHIA_FINE_TRACE] service=ts-order-service endpoint=createOrder latency_ms=345
2026-03-11 16:06:09.008  INFO 1 --- [o-12031-exec-10] order.service.OrderServiceImpl           : [PYTHIA_DELAY] artificial_delay=300ms
2026-03-11 16:06:09.107  INFO 1 --- [o-12031-exec-10] order.service.OrderServiceImpl           : [PYTHIA_FINE_TRACE] service=ts-order-service stage=service_create latency_ms=400
2026-03-11 16:06:09.107  INFO 1 --- [o-12031-exec-10] order.controller.OrderController         : [PYTHIA_FINE_TRACE] service=ts-order-service endpoint=createOrder latency_ms=400
2026-03-11 16:06:09.732  INFO 1 --- [io-12031-exec-9] order.service.OrderServiceImpl           : [PYTHIA_DELAY] artificial_delay=300ms
2026-03-11 16:06:09.774  INFO 1 --- [io-12031-exec-9] order.service.OrderServiceImpl           : [PYTHIA_FINE_TRACE] service=ts-order-service stage=service_create latency_ms=343
2026-03-11 16:06:09.774  INFO 1 --- [io-12031-exec-9] order.controller.OrderController         : [PYTHIA_FINE_TRACE] service=ts-order-service endpoint=createOrder latency_ms=343
2026-03-11 16:06:10.401  INFO 1 --- [io-12031-exec-2] order.service.OrderServiceImpl           : [PYTHIA_DELAY] artificial_delay=300ms
2026-03-11 16:06:10.516  INFO 1 --- [io-12031-exec-2] order.service.OrderServiceImpl           : [PYTHIA_FINE_TRACE] service=ts-order-service stage=service_create latency_ms=414
2026-03-11 16:06:10.516  INFO 1 --- [io-12031-exec-2] order.controller.OrderController         : [PYTHIA_FINE_TRACE] service=ts-order-service endpoint=createOrder latency_ms=415
2026-03-11 16:06:10.911  INFO 1 --- [io-12031-exec-1] order.service.OrderServiceImpl           : [PYTHIA_FINE_TRACE] service=ts-order-service stage=service_create latency_ms=84
2026-03-11 16:06:10.911  INFO 1 --- [io-12031-exec-1] order.controller.OrderController         : [PYTHIA_FINE_TRACE] service=ts-order-service endpoint=createOrder latency_ms=84
2026-03-11 16:06:11.401  INFO 1 --- [io-12031-exec-3] order.service.OrderServiceImpl           : [PYTHIA_FINE_TRACE] service=ts-order-service stage=service_create latency_ms=170
2026-03-11 16:06:11.401  INFO 1 --- [io-12031-exec-3] order.controller.OrderController         : [PYTHIA_FINE_TRACE] service=ts-order-service endpoint=createOrder latency_ms=171
2026-03-11 16:06:12.019  INFO 1 --- [io-12031-exec-4] order.service.OrderServiceImpl           : [PYTHIA_DELAY] artificial_delay=300ms
2026-03-11 16:06:12.061  INFO 1 --- [io-12031-exec-4] order.service.OrderServiceImpl           : [PYTHIA_FINE_TRACE] service=ts-order-service stage=service_create latency_ms=342
2026-03-11 16:06:12.061  INFO 1 --- [io-12031-exec-4] order.controller.OrderController         : [PYTHIA_FINE_TRACE] service=ts-order-service endpoint=createOrder latency_ms=343
2026-03-11 16:06:12.525  INFO 1 --- [io-12031-exec-5] order.service.OrderServiceImpl           : [PYTHIA_FINE_TRACE] service=ts-order-service stage=service_create latency_ms=41
2026-03-11 16:06:12.525  INFO 1 --- [io-12031-exec-5] order.controller.OrderController         : [PYTHIA_FINE_TRACE] service=ts-order-service endpoint=createOrder latency_ms=41
2026-03-11 16:06:13.129  INFO 1 --- [io-12031-exec-6] order.service.OrderServiceImpl           : [PYTHIA_DELAY] artificial_delay=300ms
2026-03-11 16:06:13.209  INFO 1 --- [io-12031-exec-6] order.service.OrderServiceImpl           : [PYTHIA_FINE_TRACE] service=ts-order-service stage=service_create latency_ms=381
2026-03-11 16:06:13.209  INFO 1 --- [io-12031-exec-6] order.controller.OrderController         : [PYTHIA_FINE_TRACE] service=ts-order-service endpoint=createOrder latency_ms=381
2026-03-11 16:06:13.613  INFO 1 --- [io-12031-exec-8] order.service.OrderServiceImpl           : [PYTHIA_FINE_TRACE] service=ts-order-service stage=service_create latency_ms=85
2026-03-11 16:06:13.613  INFO 1 --- [io-12031-exec-8] order.controller.OrderController         : [PYTHIA_FINE_TRACE] service=ts-order-service endpoint=createOrder latency_ms=85
2026-03-11 16:06:14.010  INFO 1 --- [io-12031-exec-7] order.service.OrderServiceImpl           : [PYTHIA_FINE_TRACE] service=ts-order-service stage=service_create latency_ms=84
2026-03-11 16:06:14.010  INFO 1 --- [io-12031-exec-7] order.controller.OrderController         : [PYTHIA_FINE_TRACE] service=ts-order-service endpoint=createOrder latency_ms=84
2026-03-11 16:06:14.362  INFO 1 --- [o-12031-exec-10] order.service.OrderServiceImpl           : [PYTHIA_FINE_TRACE] service=ts-order-service stage=service_create latency_ms=39
2026-03-11 16:06:14.362  INFO 1 --- [o-12031-exec-10] order.controller.OrderController         : [PYTHIA_FINE_TRACE] service=ts-order-service endpoint=createOrder latency_ms=39
2026-03-11 16:06:14.833  INFO 1 --- [io-12031-exec-9] order.service.OrderServiceImpl           : [PYTHIA_FINE_TRACE] service=ts-order-service stage=service_create latency_ms=47
2026-03-11 16:06:14.833  INFO 1 --- [io-12031-exec-9] order.controller.OrderController         : [PYTHIA_FINE_TRACE] service=ts-order-service endpoint=createOrder latency_ms=47
2026-03-11 16:06:15.219  INFO 1 --- [io-12031-exec-2] order.service.OrderServiceImpl           : [PYTHIA_FINE_TRACE] service=ts-order-service stage=service_create latency_ms=97
2026-03-11 16:06:15.219  INFO 1 --- [io-12031-exec-2] order.controller.OrderController         : [PYTHIA_FINE_TRACE] service=ts-order-service endpoint=createOrder latency_ms=97
2026-03-11 16:06:15.622  INFO 1 --- [io-12031-exec-1] order.service.OrderServiceImpl           : [PYTHIA_FINE_TRACE] service=ts-order-service stage=service_create latency_ms=94
2026-03-11 16:06:15.622  INFO 1 --- [io-12031-exec-1] order.controller.OrderController         : [PYTHIA_FINE_TRACE] service=ts-order-service endpoint=createOrder latency_ms=94
2026-03-11 16:06:16.013  INFO 1 --- [io-12031-exec-3] order.service.OrderServiceImpl           : [PYTHIA_FINE_TRACE] service=ts-order-service stage=service_create latency_ms=89
2026-03-11 16:06:16.013  INFO 1 --- [io-12031-exec-3] order.controller.OrderController         : [PYTHIA_FINE_TRACE] service=ts-order-service endpoint=createOrder latency_ms=89
2026-03-11 16:06:16.415  INFO 1 --- [io-12031-exec-4] order.service.OrderServiceImpl           : [PYTHIA_FINE_TRACE] service=ts-order-service stage=service_create latency_ms=49
2026-03-11 16:06:16.415  INFO 1 --- [io-12031-exec-4] order.controller.OrderController         : [PYTHIA_FINE_TRACE] service=ts-order-service endpoint=createOrder latency_ms=49
2026-03-11 16:06:17.028  INFO 1 --- [io-12031-exec-5] order.service.OrderServiceImpl           : [PYTHIA_DELAY] artificial_delay=300ms
2026-03-11 16:06:17.071  INFO 1 --- [io-12031-exec-5] order.service.OrderServiceImpl           : [PYTHIA_FINE_TRACE] service=ts-order-service stage=service_create latency_ms=343
2026-03-11 16:06:17.071  INFO 1 --- [io-12031-exec-5] order.controller.OrderController         : [PYTHIA_FINE_TRACE] service=ts-order-service endpoint=createOrder latency_ms=344
2026-03-11 16:06:17.502  INFO 1 --- [io-12031-exec-8] order.service.OrderServiceImpl           : [PYTHIA_FINE_TRACE] service=ts-order-service stage=service_create latency_ms=99
2026-03-11 16:06:17.502  INFO 1 --- [io-12031-exec-8] order.controller.OrderController         : [PYTHIA_FINE_TRACE] service=ts-order-service endpoint=createOrder latency_ms=100
2026-03-11 16:06:17.862  INFO 1 --- [io-12031-exec-7] order.service.OrderServiceImpl           : [PYTHIA_FINE_TRACE] service=ts-order-service stage=service_create latency_ms=41
2026-03-11 16:06:17.862  INFO 1 --- [io-12031-exec-7] order.controller.OrderController         : [PYTHIA_FINE_TRACE] service=ts-order-service endpoint=createOrder latency_ms=41
2026-03-11 16:06:18.243  INFO 1 --- [o-12031-exec-10] order.service.OrderServiceImpl           : [PYTHIA_FINE_TRACE] service=ts-order-service stage=service_create latency_ms=54
2026-03-11 16:06:18.243  INFO 1 --- [o-12031-exec-10] order.controller.OrderController         : [PYTHIA_FINE_TRACE] service=ts-order-service endpoint=createOrder latency_ms=54
2026-03-11 16:06:18.831  INFO 1 --- [io-12031-exec-9] order.service.OrderServiceImpl           : [PYTHIA_DELAY] artificial_delay=300ms
2026-03-11 16:06:18.917  INFO 1 --- [io-12031-exec-9] order.service.OrderServiceImpl           : [PYTHIA_FINE_TRACE] service=ts-order-service stage=service_create latency_ms=386
2026-03-11 16:06:18.917  INFO 1 --- [io-12031-exec-9] order.controller.OrderController         : [PYTHIA_FINE_TRACE] service=ts-order-service endpoint=createOrder latency_ms=386
2026-03-11 16:06:19.586  INFO 1 --- [io-12031-exec-2] order.service.OrderServiceImpl           : [PYTHIA_DELAY] artificial_delay=300ms
2026-03-11 16:06:19.627  INFO 1 --- [io-12031-exec-2] order.service.OrderServiceImpl           : [PYTHIA_FINE_TRACE] service=ts-order-service stage=service_create latency_ms=342
2026-03-11 16:06:19.627  INFO 1 --- [io-12031-exec-2] order.controller.OrderController         : [PYTHIA_FINE_TRACE] service=ts-order-service endpoint=createOrder latency_ms=342
2026-03-11 16:06:20.036  INFO 1 --- [io-12031-exec-1] order.service.OrderServiceImpl           : [PYTHIA_FINE_TRACE] service=ts-order-service stage=service_create latency_ms=50
2026-03-11 16:06:20.036  INFO 1 --- [io-12031-exec-1] order.controller.OrderController         : [PYTHIA_FINE_TRACE] service=ts-order-service endpoint=createOrder latency_ms=50
2026-03-11 16:06:20.426  INFO 1 --- [io-12031-exec-3] order.service.OrderServiceImpl           : [PYTHIA_FINE_TRACE] service=ts-order-service stage=service_create latency_ms=44
2026-03-11 16:06:20.426  INFO 1 --- [io-12031-exec-3] order.controller.OrderController         : [PYTHIA_FINE_TRACE] service=ts-order-service endpoint=createOrder latency_ms=45
2026-03-11 16:06:21.024  INFO 1 --- [io-12031-exec-4] order.service.OrderServiceImpl           : [PYTHIA_DELAY] artificial_delay=300ms
2026-03-11 16:06:21.074  INFO 1 --- [io-12031-exec-4] order.service.OrderServiceImpl           : [PYTHIA_FINE_TRACE] service=ts-order-service stage=service_create latency_ms=350
2026-03-11 16:06:21.074  INFO 1 --- [io-12031-exec-4] order.controller.OrderController         : [PYTHIA_FINE_TRACE] service=ts-order-service endpoint=createOrder latency_ms=350
2026-03-11 16:06:21.510  INFO 1 --- [io-12031-exec-5] order.service.OrderServiceImpl           : [PYTHIA_FINE_TRACE] service=ts-order-service stage=service_create latency_ms=81
2026-03-11 16:06:21.511  INFO 1 --- [io-12031-exec-5] order.controller.OrderController         : [PYTHIA_FINE_TRACE] service=ts-order-service endpoint=createOrder latency_ms=83
2026-03-11 16:06:21.902  INFO 1 --- [io-12031-exec-6] order.service.OrderServiceImpl           : [PYTHIA_FINE_TRACE] service=ts-order-service stage=service_create latency_ms=74
2026-03-11 16:06:21.902  INFO 1 --- [io-12031-exec-6] order.controller.OrderController         : [PYTHIA_FINE_TRACE] service=ts-order-service endpoint=createOrder latency_ms=74
2026-03-11 16:06:22.312  INFO 1 --- [io-12031-exec-8] order.service.OrderServiceImpl           : [PYTHIA_FINE_TRACE] service=ts-order-service stage=service_create latency_ms=83
2026-03-11 16:06:22.312  INFO 1 --- [io-12031-exec-8] order.controller.OrderController         : [PYTHIA_FINE_TRACE] service=ts-order-service endpoint=createOrder latency_ms=83
2026-03-11 16:06:22.931  INFO 1 --- [io-12031-exec-7] order.service.OrderServiceImpl           : [PYTHIA_DELAY] artificial_delay=300ms
2026-03-11 16:06:23.008  INFO 1 --- [io-12031-exec-7] order.service.OrderServiceImpl           : [PYTHIA_FINE_TRACE] service=ts-order-service stage=service_create latency_ms=377
2026-03-11 16:06:23.008  INFO 1 --- [io-12031-exec-7] order.controller.OrderController         : [PYTHIA_FINE_TRACE] service=ts-order-service endpoint=createOrder latency_ms=377
2026-03-11 16:06:23.376  INFO 1 --- [o-12031-exec-10] order.service.OrderServiceImpl           : [PYTHIA_FINE_TRACE] service=ts-order-service stage=service_create latency_ms=44
2026-03-11 16:06:23.376  INFO 1 --- [o-12031-exec-10] order.controller.OrderController         : [PYTHIA_FINE_TRACE] service=ts-order-service endpoint=createOrder latency_ms=44
2026-03-11 16:06:23.817  INFO 1 --- [io-12031-exec-9] order.service.OrderServiceImpl           : [PYTHIA_FINE_TRACE] service=ts-order-service stage=service_create latency_ms=89
2026-03-11 16:06:23.817  INFO 1 --- [io-12031-exec-9] order.controller.OrderController         : [PYTHIA_FINE_TRACE] service=ts-order-service endpoint=createOrder latency_ms=90
2026-03-11 16:06:24.164  INFO 1 --- [io-12031-exec-2] order.service.OrderServiceImpl           : [PYTHIA_FINE_TRACE] service=ts-order-service stage=service_create latency_ms=41
2026-03-11 16:06:24.164  INFO 1 --- [io-12031-exec-2] order.controller.OrderController         : [PYTHIA_FINE_TRACE] service=ts-order-service endpoint=createOrder latency_ms=41
2026-03-11 16:06:24.823  INFO 1 --- [io-12031-exec-1] order.service.OrderServiceImpl           : [PYTHIA_DELAY] artificial_delay=300ms
2026-03-11 16:06:24.871  INFO 1 --- [io-12031-exec-1] order.service.OrderServiceImpl           : [PYTHIA_FINE_TRACE] service=ts-order-service stage=service_create latency_ms=348
2026-03-11 16:06:24.871  INFO 1 --- [io-12031-exec-1] order.controller.OrderController         : [PYTHIA_FINE_TRACE] service=ts-order-service endpoint=createOrder latency_ms=349
2026-03-11 16:06:25.263  INFO 1 --- [io-12031-exec-3] order.service.OrderServiceImpl           : [PYTHIA_FINE_TRACE] service=ts-order-service stage=service_create latency_ms=38
2026-03-11 16:06:25.263  INFO 1 --- [io-12031-exec-3] order.controller.OrderController         : [PYTHIA_FINE_TRACE] service=ts-order-service endpoint=createOrder latency_ms=38
2026-03-11 16:06:25.652  INFO 1 --- [io-12031-exec-4] order.service.OrderServiceImpl           : [PYTHIA_FINE_TRACE] service=ts-order-service stage=service_create latency_ms=53
2026-03-11 16:06:25.652  INFO 1 --- [io-12031-exec-4] order.controller.OrderController         : [PYTHIA_FINE_TRACE] service=ts-order-service endpoint=createOrder latency_ms=54
2026-03-11 16:06:26.128  INFO 1 --- [io-12031-exec-5] order.service.OrderServiceImpl           : [PYTHIA_FINE_TRACE] service=ts-order-service stage=service_create latency_ms=46
2026-03-11 16:06:26.128  INFO 1 --- [io-12031-exec-5] order.controller.OrderController         : [PYTHIA_FINE_TRACE] service=ts-order-service endpoint=createOrder latency_ms=46
2026-03-11 16:06:26.502  INFO 1 --- [io-12031-exec-6] order.service.OrderServiceImpl           : [PYTHIA_FINE_TRACE] service=ts-order-service stage=service_create latency_ms=78
2026-03-11 16:06:26.502  INFO 1 --- [io-12031-exec-6] order.controller.OrderController         : [PYTHIA_FINE_TRACE] service=ts-order-service endpoint=createOrder latency_ms=78
2026-03-11 16:06:26.869  INFO 1 --- [io-12031-exec-8] order.service.OrderServiceImpl           : [PYTHIA_FINE_TRACE] service=ts-order-service stage=service_create latency_ms=40
2026-03-11 16:06:26.869  INFO 1 --- [io-12031-exec-8] order.controller.OrderController         : [PYTHIA_FINE_TRACE] service=ts-order-service endpoint=createOrder latency_ms=40
2026-03-11 16:06:27.247  INFO 1 --- [o-12031-exec-10] order.service.OrderServiceImpl           : [PYTHIA_FINE_TRACE] service=ts-order-service stage=service_create latency_ms=54
2026-03-11 16:06:27.247  INFO 1 --- [o-12031-exec-10] order.controller.OrderController         : [PYTHIA_FINE_TRACE] service=ts-order-service endpoint=createOrder latency_ms=54
2026-03-11 16:06:27.702  INFO 1 --- [io-12031-exec-9] order.service.OrderServiceImpl           : [PYTHIA_FINE_TRACE] service=ts-order-service stage=service_create latency_ms=71
2026-03-11 16:06:27.702  INFO 1 --- [io-12031-exec-9] order.controller.OrderController         : [PYTHIA_FINE_TRACE] service=ts-order-service endpoint=createOrder latency_ms=72
2026-03-11 16:06:28.062  INFO 1 --- [io-12031-exec-2] order.service.OrderServiceImpl           : [PYTHIA_FINE_TRACE] service=ts-order-service stage=service_create latency_ms=39
2026-03-11 16:06:28.062  INFO 1 --- [io-12031-exec-2] order.controller.OrderController         : [PYTHIA_FINE_TRACE] service=ts-order-service endpoint=createOrder latency_ms=39
2026-03-11 16:06:28.432  INFO 1 --- [io-12031-exec-1] order.service.OrderServiceImpl           : [PYTHIA_FINE_TRACE] service=ts-order-service stage=service_create latency_ms=47
2026-03-11 16:06:28.432  INFO 1 --- [io-12031-exec-1] order.controller.OrderController         : [PYTHIA_FINE_TRACE] service=ts-order-service endpoint=createOrder latency_ms=47
2026-03-11 16:06:28.813  INFO 1 --- [io-12031-exec-3] order.service.OrderServiceImpl           : [PYTHIA_FINE_TRACE] service=ts-order-service stage=service_create latency_ms=86
2026-03-11 16:06:28.813  INFO 1 --- [io-12031-exec-3] order.controller.OrderController         : [PYTHIA_FINE_TRACE] service=ts-order-service endpoint=createOrder latency_ms=86
2026-03-11 16:06:29.211  INFO 1 --- [io-12031-exec-4] order.service.OrderServiceImpl           : [PYTHIA_FINE_TRACE] service=ts-order-service stage=service_create latency_ms=84
2026-03-11 16:06:29.211  INFO 1 --- [io-12031-exec-4] order.controller.OrderController         : [PYTHIA_FINE_TRACE] service=ts-order-service endpoint=createOrder latency_ms=84
2026-03-11 16:06:29.716  INFO 1 --- [io-12031-exec-5] order.service.OrderServiceImpl           : [PYTHIA_FINE_TRACE] service=ts-order-service stage=service_create latency_ms=188
2026-03-11 16:06:29.716  INFO 1 --- [io-12031-exec-5] order.controller.OrderController         : [PYTHIA_FINE_TRACE] service=ts-order-service endpoint=createOrder latency_ms=188
2026-03-11 16:06:30.322  INFO 1 --- [io-12031-exec-6] order.service.OrderServiceImpl           : [PYTHIA_DELAY] artificial_delay=300ms
2026-03-11 16:06:30.370  INFO 1 --- [io-12031-exec-6] order.service.OrderServiceImpl           : [PYTHIA_FINE_TRACE] service=ts-order-service stage=service_create latency_ms=349
2026-03-11 16:06:30.370  INFO 1 --- [io-12031-exec-6] order.controller.OrderController         : [PYTHIA_FINE_TRACE] service=ts-order-service endpoint=createOrder latency_ms=349
2026-03-11 16:06:30.740  INFO 1 --- [io-12031-exec-8] order.service.OrderServiceImpl           : [PYTHIA_FINE_TRACE] service=ts-order-service stage=service_create latency_ms=41
2026-03-11 16:06:30.740  INFO 1 --- [io-12031-exec-8] order.controller.OrderController         : [PYTHIA_FINE_TRACE] service=ts-order-service endpoint=createOrder latency_ms=41
2026-03-11 16:06:31.071  INFO 1 --- [io-12031-exec-7] order.service.OrderServiceImpl           : [PYTHIA_FINE_TRACE] service=ts-order-service stage=service_create latency_ms=47
2026-03-11 16:06:31.071  INFO 1 --- [io-12031-exec-7] order.controller.OrderController         : [PYTHIA_FINE_TRACE] service=ts-order-service endpoint=createOrder latency_ms=47
2026-03-11 16:06:31.465  INFO 1 --- [o-12031-exec-10] order.service.OrderServiceImpl           : [PYTHIA_FINE_TRACE] service=ts-order-service stage=service_create latency_ms=40
2026-03-11 16:06:31.465  INFO 1 --- [o-12031-exec-10] order.controller.OrderController         : [PYTHIA_FINE_TRACE] service=ts-order-service endpoint=createOrder latency_ms=40
2026-03-11 16:06:31.850  INFO 1 --- [io-12031-exec-9] order.service.OrderServiceImpl           : [PYTHIA_FINE_TRACE] service=ts-order-service stage=service_create latency_ms=54
2026-03-11 16:06:31.851  INFO 1 --- [io-12031-exec-9] order.controller.OrderController         : [PYTHIA_FINE_TRACE] service=ts-order-service endpoint=createOrder latency_ms=55
2026-03-11 16:06:32.519  INFO 1 --- [io-12031-exec-2] order.service.OrderServiceImpl           : [PYTHIA_DELAY] artificial_delay=300ms
2026-03-11 16:06:32.558  INFO 1 --- [io-12031-exec-2] order.service.OrderServiceImpl           : [PYTHIA_FINE_TRACE] service=ts-order-service stage=service_create latency_ms=339
2026-03-11 16:06:32.558  INFO 1 --- [io-12031-exec-2] order.controller.OrderController         : [PYTHIA_FINE_TRACE] service=ts-order-service endpoint=createOrder latency_ms=339
2026-03-11 16:06:32.929  INFO 1 --- [io-12031-exec-1] order.service.OrderServiceImpl           : [PYTHIA_FINE_TRACE] service=ts-order-service stage=service_create latency_ms=49
2026-03-11 16:06:32.929  INFO 1 --- [io-12031-exec-1] order.controller.OrderController         : [PYTHIA_FINE_TRACE] service=ts-order-service endpoint=createOrder latency_ms=49
2026-03-11 16:06:33.268  INFO 1 --- [io-12031-exec-3] order.service.OrderServiceImpl           : [PYTHIA_FINE_TRACE] service=ts-order-service stage=service_create latency_ms=40
2026-03-11 16:06:33.268  INFO 1 --- [io-12031-exec-3] order.controller.OrderController         : [PYTHIA_FINE_TRACE] service=ts-order-service endpoint=createOrder latency_ms=40
2026-03-11 16:06:33.716  INFO 1 --- [io-12031-exec-4] order.service.OrderServiceImpl           : [PYTHIA_FINE_TRACE] service=ts-order-service stage=service_create latency_ms=112
2026-03-11 16:06:33.716  INFO 1 --- [io-12031-exec-4] order.controller.OrderController         : [PYTHIA_FINE_TRACE] service=ts-order-service endpoint=createOrder latency_ms=112
2026-03-11 16:06:34.056  INFO 1 --- [io-12031-exec-5] order.service.OrderServiceImpl           : [PYTHIA_FINE_TRACE] service=ts-order-service stage=service_create latency_ms=36
2026-03-11 16:06:34.057  INFO 1 --- [io-12031-exec-5] order.controller.OrderController         : [PYTHIA_FINE_TRACE] service=ts-order-service endpoint=createOrder latency_ms=37
2026-03-11 16:06:34.377  INFO 1 --- [io-12031-exec-6] order.service.OrderServiceImpl           : [PYTHIA_FINE_TRACE] service=ts-order-service stage=service_create latency_ms=49
2026-03-11 16:06:34.377  INFO 1 --- [io-12031-exec-6] order.controller.OrderController         : [PYTHIA_FINE_TRACE] service=ts-order-service endpoint=createOrder latency_ms=50
2026-03-11 16:06:34.745  INFO 1 --- [io-12031-exec-8] order.service.OrderServiceImpl           : [PYTHIA_FINE_TRACE] service=ts-order-service stage=service_create latency_ms=38
2026-03-11 16:06:34.746  INFO 1 --- [io-12031-exec-8] order.controller.OrderController         : [PYTHIA_FINE_TRACE] service=ts-order-service endpoint=createOrder latency_ms=39
2026-03-11 16:06:35.102  INFO 1 --- [io-12031-exec-7] order.service.OrderServiceImpl           : [PYTHIA_FINE_TRACE] service=ts-order-service stage=service_create latency_ms=79
2026-03-11 16:06:35.102  INFO 1 --- [io-12031-exec-7] order.controller.OrderController         : [PYTHIA_FINE_TRACE] service=ts-order-service endpoint=createOrder latency_ms=79
2026-03-11 16:06:35.465  INFO 1 --- [o-12031-exec-10] order.service.OrderServiceImpl           : [PYTHIA_FINE_TRACE] service=ts-order-service stage=service_create latency_ms=39
2026-03-11 16:06:35.465  INFO 1 --- [o-12031-exec-10] order.controller.OrderController         : [PYTHIA_FINE_TRACE] service=ts-order-service endpoint=createOrder latency_ms=39
2026-03-11 16:06:35.827  INFO 1 --- [io-12031-exec-9] order.service.OrderServiceImpl           : [PYTHIA_FINE_TRACE] service=ts-order-service stage=service_create latency_ms=39
2026-03-11 16:06:35.827  INFO 1 --- [io-12031-exec-9] order.controller.OrderController         : [PYTHIA_FINE_TRACE] service=ts-order-service endpoint=createOrder latency_ms=40
2026-03-11 16:06:36.426  INFO 1 --- [io-12031-exec-2] order.service.OrderServiceImpl           : [PYTHIA_DELAY] artificial_delay=300ms
2026-03-11 16:06:36.466  INFO 1 --- [io-12031-exec-2] order.service.OrderServiceImpl           : [PYTHIA_FINE_TRACE] service=ts-order-service stage=service_create latency_ms=340
2026-03-11 16:06:36.466  INFO 1 --- [io-12031-exec-2] order.controller.OrderController         : [PYTHIA_FINE_TRACE] service=ts-order-service endpoint=createOrder latency_ms=340
2026-03-11 16:06:37.086  INFO 1 --- [io-12031-exec-1] order.service.OrderServiceImpl           : [PYTHIA_DELAY] artificial_delay=300ms
2026-03-11 16:06:37.132  INFO 1 --- [io-12031-exec-1] order.service.OrderServiceImpl           : [PYTHIA_FINE_TRACE] service=ts-order-service stage=service_create latency_ms=346
2026-03-11 16:06:37.132  INFO 1 --- [io-12031-exec-1] order.controller.OrderController         : [PYTHIA_FINE_TRACE] service=ts-order-service endpoint=createOrder latency_ms=346
2026-03-11 16:06:37.729  INFO 1 --- [io-12031-exec-4] order.service.OrderServiceImpl           : [PYTHIA_DELAY] artificial_delay=300ms
2026-03-11 16:06:37.776  INFO 1 --- [io-12031-exec-4] order.service.OrderServiceImpl           : [PYTHIA_FINE_TRACE] service=ts-order-service stage=service_create latency_ms=347
2026-03-11 16:06:37.776  INFO 1 --- [io-12031-exec-4] order.controller.OrderController         : [PYTHIA_FINE_TRACE] service=ts-order-service endpoint=createOrder latency_ms=347
2026-03-11 16:06:38.140  INFO 1 --- [io-12031-exec-5] order.service.OrderServiceImpl           : [PYTHIA_FINE_TRACE] service=ts-order-service stage=service_create latency_ms=41
2026-03-11 16:06:38.140  INFO 1 --- [io-12031-exec-5] order.controller.OrderController         : [PYTHIA_FINE_TRACE] service=ts-order-service endpoint=createOrder latency_ms=41
2026-03-11 16:06:38.607  INFO 1 --- [io-12031-exec-6] order.service.OrderServiceImpl           : [PYTHIA_FINE_TRACE] service=ts-order-service stage=service_create latency_ms=81
2026-03-11 16:06:38.607  INFO 1 --- [io-12031-exec-6] order.controller.OrderController         : [PYTHIA_FINE_TRACE] service=ts-order-service endpoint=createOrder latency_ms=81
2026-03-11 16:06:39.003  INFO 1 --- [io-12031-exec-8] order.service.OrderServiceImpl           : [PYTHIA_FINE_TRACE] service=ts-order-service stage=service_create latency_ms=79
2026-03-11 16:06:39.003  INFO 1 --- [io-12031-exec-8] order.controller.OrderController         : [PYTHIA_FINE_TRACE] service=ts-order-service endpoint=createOrder latency_ms=80
2026-03-11 16:06:39.628  INFO 1 --- [io-12031-exec-7] order.service.OrderServiceImpl           : [PYTHIA_DELAY] artificial_delay=300ms
2026-03-11 16:06:39.712  INFO 1 --- [io-12031-exec-7] order.service.OrderServiceImpl           : [PYTHIA_FINE_TRACE] service=ts-order-service stage=service_create latency_ms=384
2026-03-11 16:06:39.712  INFO 1 --- [io-12031-exec-7] order.controller.OrderController         : [PYTHIA_FINE_TRACE] service=ts-order-service endpoint=createOrder latency_ms=384
2026-03-11 16:06:40.065  INFO 1 --- [o-12031-exec-10] order.service.OrderServiceImpl           : [PYTHIA_FINE_TRACE] service=ts-order-service stage=service_create latency_ms=39
2026-03-11 16:06:40.065  INFO 1 --- [o-12031-exec-10] order.controller.OrderController         : [PYTHIA_FINE_TRACE] service=ts-order-service endpoint=createOrder latency_ms=39
2026-03-11 16:06:40.435  INFO 1 --- [io-12031-exec-9] order.service.OrderServiceImpl           : [PYTHIA_FINE_TRACE] service=ts-order-service stage=service_create latency_ms=47
2026-03-11 16:06:40.435  INFO 1 --- [io-12031-exec-9] order.controller.OrderController         : [PYTHIA_FINE_TRACE] service=ts-order-service endpoint=createOrder latency_ms=47
2026-03-11 16:06:41.027  INFO 1 --- [io-12031-exec-2] order.service.OrderServiceImpl           : [PYTHIA_DELAY] artificial_delay=300ms
2026-03-11 16:06:41.066  INFO 1 --- [io-12031-exec-2] order.service.OrderServiceImpl           : [PYTHIA_FINE_TRACE] service=ts-order-service stage=service_create latency_ms=339
2026-03-11 16:06:41.066  INFO 1 --- [io-12031-exec-2] order.controller.OrderController         : [PYTHIA_FINE_TRACE] service=ts-order-service endpoint=createOrder latency_ms=340
2026-03-11 16:06:41.720  INFO 1 --- [io-12031-exec-1] order.service.OrderServiceImpl           : [PYTHIA_FINE_TRACE] service=ts-order-service stage=service_create latency_ms=213
2026-03-11 16:06:41.720  INFO 1 --- [io-12031-exec-1] order.controller.OrderController         : [PYTHIA_FINE_TRACE] service=ts-order-service endpoint=createOrder latency_ms=213
2026-03-11 16:06:42.318  INFO 1 --- [io-12031-exec-3] order.service.OrderServiceImpl           : [PYTHIA_FINE_TRACE] service=ts-order-service stage=service_create latency_ms=111
2026-03-11 16:06:42.318  INFO 1 --- [io-12031-exec-3] order.controller.OrderController         : [PYTHIA_FINE_TRACE] service=ts-order-service endpoint=createOrder latency_ms=111
2026-03-11 16:06:42.924  INFO 1 --- [io-12031-exec-4] order.service.OrderServiceImpl           : [PYTHIA_DELAY] artificial_delay=300ms
2026-03-11 16:06:42.972  INFO 1 --- [io-12031-exec-4] order.service.OrderServiceImpl           : [PYTHIA_FINE_TRACE] service=ts-order-service stage=service_create latency_ms=348
2026-03-11 16:06:42.972  INFO 1 --- [io-12031-exec-4] order.controller.OrderController         : [PYTHIA_FINE_TRACE] service=ts-order-service endpoint=createOrder latency_ms=348
2026-03-11 16:06:43.341  INFO 1 --- [io-12031-exec-5] order.service.OrderServiceImpl           : [PYTHIA_FINE_TRACE] service=ts-order-service stage=service_create latency_ms=46
2026-03-11 16:06:43.341  INFO 1 --- [io-12031-exec-5] order.controller.OrderController         : [PYTHIA_FINE_TRACE] service=ts-order-service endpoint=createOrder latency_ms=46
2026-03-11 16:06:43.675  INFO 1 --- [io-12031-exec-6] order.service.OrderServiceImpl           : [PYTHIA_FINE_TRACE] service=ts-order-service stage=service_create latency_ms=47
2026-03-11 16:06:43.675  INFO 1 --- [io-12031-exec-6] order.controller.OrderController         : [PYTHIA_FINE_TRACE] service=ts-order-service endpoint=createOrder latency_ms=47
2026-03-11 16:06:44.039  INFO 1 --- [io-12031-exec-8] order.service.OrderServiceImpl           : [PYTHIA_FINE_TRACE] service=ts-order-service stage=service_create latency_ms=39
2026-03-11 16:06:44.039  INFO 1 --- [io-12031-exec-8] order.controller.OrderController         : [PYTHIA_FINE_TRACE] service=ts-order-service endpoint=createOrder latency_ms=40
2026-03-11 16:06:44.625  INFO 1 --- [io-12031-exec-7] order.service.OrderServiceImpl           : [PYTHIA_DELAY] artificial_delay=300ms
2026-03-11 16:06:44.716  INFO 1 --- [io-12031-exec-7] order.service.OrderServiceImpl           : [PYTHIA_FINE_TRACE] service=ts-order-service stage=service_create latency_ms=391
2026-03-11 16:06:44.716  INFO 1 --- [io-12031-exec-7] order.controller.OrderController         : [PYTHIA_FINE_TRACE] service=ts-order-service endpoint=createOrder latency_ms=391
2026-03-11 16:06:45.060  INFO 1 --- [o-12031-exec-10] order.service.OrderServiceImpl           : [PYTHIA_FINE_TRACE] service=ts-order-service stage=service_create latency_ms=38
2026-03-11 16:06:45.061  INFO 1 --- [o-12031-exec-10] order.controller.OrderController         : [PYTHIA_FINE_TRACE] service=ts-order-service endpoint=createOrder latency_ms=39
2026-03-11 16:06:45.440  INFO 1 --- [io-12031-exec-9] order.service.OrderServiceImpl           : [PYTHIA_FINE_TRACE] service=ts-order-service stage=service_create latency_ms=48
2026-03-11 16:06:45.440  INFO 1 --- [io-12031-exec-9] order.controller.OrderController         : [PYTHIA_FINE_TRACE] service=ts-order-service endpoint=createOrder latency_ms=48
2026-03-11 16:06:45.821  INFO 1 --- [io-12031-exec-2] order.service.OrderServiceImpl           : [PYTHIA_FINE_TRACE] service=ts-order-service stage=service_create latency_ms=40
2026-03-11 16:06:45.821  INFO 1 --- [io-12031-exec-2] order.controller.OrderController         : [PYTHIA_FINE_TRACE] service=ts-order-service endpoint=createOrder latency_ms=40
2026-03-11 16:06:46.235  INFO 1 --- [io-12031-exec-1] order.service.OrderServiceImpl           : [PYTHIA_FINE_TRACE] service=ts-order-service stage=service_create latency_ms=51
2026-03-11 16:06:46.235  INFO 1 --- [io-12031-exec-1] order.controller.OrderController         : [PYTHIA_FINE_TRACE] service=ts-order-service endpoint=createOrder latency_ms=51
2026-03-11 16:06:46.822  INFO 1 --- [io-12031-exec-3] order.service.OrderServiceImpl           : [PYTHIA_DELAY] artificial_delay=300ms
2026-03-11 16:06:47.009  INFO 1 --- [io-12031-exec-3] order.service.OrderServiceImpl           : [PYTHIA_FINE_TRACE] service=ts-order-service stage=service_create latency_ms=487
2026-03-11 16:06:47.009  INFO 1 --- [io-12031-exec-3] order.controller.OrderController         : [PYTHIA_FINE_TRACE] service=ts-order-service endpoint=createOrder latency_ms=487
2026-03-11 16:06:47.407  INFO 1 --- [io-12031-exec-5] order.service.OrderServiceImpl           : [PYTHIA_FINE_TRACE] service=ts-order-service stage=service_create latency_ms=80
2026-03-11 16:06:47.407  INFO 1 --- [io-12031-exec-5] order.controller.OrderController         : [PYTHIA_FINE_TRACE] service=ts-order-service endpoint=createOrder latency_ms=80
2026-03-11 16:06:47.903  INFO 1 --- [io-12031-exec-6] order.service.OrderServiceImpl           : [PYTHIA_FINE_TRACE] service=ts-order-service stage=service_create latency_ms=171
2026-03-11 16:06:47.903  INFO 1 --- [io-12031-exec-6] order.controller.OrderController         : [PYTHIA_FINE_TRACE] service=ts-order-service endpoint=createOrder latency_ms=171
2026-03-11 16:06:48.528  INFO 1 --- [io-12031-exec-8] order.service.OrderServiceImpl           : [PYTHIA_DELAY] artificial_delay=300ms
2026-03-11 16:06:48.601  INFO 1 --- [io-12031-exec-8] order.service.OrderServiceImpl           : [PYTHIA_FINE_TRACE] service=ts-order-service stage=service_create latency_ms=373
2026-03-11 16:06:48.602  INFO 1 --- [io-12031-exec-8] order.controller.OrderController         : [PYTHIA_FINE_TRACE] service=ts-order-service endpoint=createOrder latency_ms=374
2026-03-11 16:06:48.970  INFO 1 --- [io-12031-exec-7] order.service.OrderServiceImpl           : [PYTHIA_FINE_TRACE] service=ts-order-service stage=service_create latency_ms=41
2026-03-11 16:06:48.970  INFO 1 --- [io-12031-exec-7] order.controller.OrderController         : [PYTHIA_FINE_TRACE] service=ts-order-service endpoint=createOrder latency_ms=41
2026-03-11 16:06:49.330  INFO 1 --- [o-12031-exec-10] order.service.OrderServiceImpl           : [PYTHIA_FINE_TRACE] service=ts-order-service stage=service_create latency_ms=41
2026-03-11 16:06:49.330  INFO 1 --- [o-12031-exec-10] order.controller.OrderController         : [PYTHIA_FINE_TRACE] service=ts-order-service endpoint=createOrder latency_ms=41
2026-03-11 16:06:49.720  INFO 1 --- [io-12031-exec-9] order.service.OrderServiceImpl           : [PYTHIA_FINE_TRACE] service=ts-order-service stage=service_create latency_ms=92
2026-03-11 16:06:49.720  INFO 1 --- [io-12031-exec-9] order.controller.OrderController         : [PYTHIA_FINE_TRACE] service=ts-order-service endpoint=createOrder latency_ms=92
2026-03-11 16:06:50.067  INFO 1 --- [io-12031-exec-2] order.service.OrderServiceImpl           : [PYTHIA_FINE_TRACE] service=ts-order-service stage=service_create latency_ms=41
2026-03-11 16:06:50.067  INFO 1 --- [io-12031-exec-2] order.controller.OrderController         : [PYTHIA_FINE_TRACE] service=ts-order-service endpoint=createOrder latency_ms=41
2026-03-11 16:06:50.703  INFO 1 --- [io-12031-exec-1] order.service.OrderServiceImpl           : [PYTHIA_DELAY] artificial_delay=300ms
2026-03-11 16:06:50.750  INFO 1 --- [io-12031-exec-1] order.service.OrderServiceImpl           : [PYTHIA_FINE_TRACE] service=ts-order-service stage=service_create latency_ms=347
2026-03-11 16:06:50.750  INFO 1 --- [io-12031-exec-1] order.controller.OrderController         : [PYTHIA_FINE_TRACE] service=ts-order-service endpoint=createOrder latency_ms=348
2026-03-11 16:06:51.164  INFO 1 --- [io-12031-exec-3] order.service.OrderServiceImpl           : [PYTHIA_FINE_TRACE] service=ts-order-service stage=service_create latency_ms=41
2026-03-11 16:06:51.164  INFO 1 --- [io-12031-exec-3] order.controller.OrderController         : [PYTHIA_FINE_TRACE] service=ts-order-service endpoint=createOrder latency_ms=41
2026-03-11 16:06:51.536  INFO 1 --- [io-12031-exec-4] order.service.OrderServiceImpl           : [PYTHIA_FINE_TRACE] service=ts-order-service stage=service_create latency_ms=49
2026-03-11 16:06:51.536  INFO 1 --- [io-12031-exec-4] order.controller.OrderController         : [PYTHIA_FINE_TRACE] service=ts-order-service endpoint=createOrder latency_ms=49
2026-03-11 16:06:51.866  INFO 1 --- [io-12031-exec-5] order.service.OrderServiceImpl           : [PYTHIA_FINE_TRACE] service=ts-order-service stage=service_create latency_ms=38
2026-03-11 16:06:51.866  INFO 1 --- [io-12031-exec-5] order.controller.OrderController         : [PYTHIA_FINE_TRACE] service=ts-order-service endpoint=createOrder latency_ms=38
2026-03-11 16:06:52.312  INFO 1 --- [io-12031-exec-6] order.service.OrderServiceImpl           : [PYTHIA_FINE_TRACE] service=ts-order-service stage=service_create latency_ms=116
2026-03-11 16:06:52.312  INFO 1 --- [io-12031-exec-6] order.controller.OrderController         : [PYTHIA_FINE_TRACE] service=ts-order-service endpoint=createOrder latency_ms=116
2026-03-11 16:06:52.663  INFO 1 --- [io-12031-exec-8] order.service.OrderServiceImpl           : [PYTHIA_FINE_TRACE] service=ts-order-service stage=service_create latency_ms=39
2026-03-11 16:06:52.663  INFO 1 --- [io-12031-exec-8] order.controller.OrderController         : [PYTHIA_FINE_TRACE] service=ts-order-service endpoint=createOrder latency_ms=39
2026-03-11 16:06:53.033  INFO 1 --- [io-12031-exec-7] order.service.OrderServiceImpl           : [PYTHIA_FINE_TRACE] service=ts-order-service stage=service_create latency_ms=48
2026-03-11 16:06:53.033  INFO 1 --- [io-12031-exec-7] order.controller.OrderController         : [PYTHIA_FINE_TRACE] service=ts-order-service endpoint=createOrder latency_ms=48
2026-03-11 16:06:53.402  INFO 1 --- [o-12031-exec-10] order.service.OrderServiceImpl           : [PYTHIA_FINE_TRACE] service=ts-order-service stage=service_create latency_ms=78
2026-03-11 16:06:53.402  INFO 1 --- [o-12031-exec-10] order.controller.OrderController         : [PYTHIA_FINE_TRACE] service=ts-order-service endpoint=createOrder latency_ms=78
2026-03-11 16:06:54.081  INFO 1 --- [io-12031-exec-9] order.service.OrderServiceImpl           : [PYTHIA_DELAY] artificial_delay=300ms
2026-03-11 16:06:54.128  INFO 1 --- [io-12031-exec-9] order.service.OrderServiceImpl           : [PYTHIA_FINE_TRACE] service=ts-order-service stage=service_create latency_ms=347
2026-03-11 16:06:54.128  INFO 1 --- [io-12031-exec-9] order.controller.OrderController         : [PYTHIA_FINE_TRACE] service=ts-order-service endpoint=createOrder latency_ms=347
2026-03-11 16:06:54.726  INFO 1 --- [io-12031-exec-2] order.service.OrderServiceImpl           : [PYTHIA_DELAY] artificial_delay=300ms
2026-03-11 16:06:54.765  INFO 1 --- [io-12031-exec-2] order.service.OrderServiceImpl           : [PYTHIA_FINE_TRACE] service=ts-order-service stage=service_create latency_ms=339
2026-03-11 16:06:54.765  INFO 1 --- [io-12031-exec-2] order.controller.OrderController         : [PYTHIA_FINE_TRACE] service=ts-order-service endpoint=createOrder latency_ms=339
2026-03-11 16:06:55.386  INFO 1 --- [io-12031-exec-1] order.service.OrderServiceImpl           : [PYTHIA_DELAY] artificial_delay=300ms
2026-03-11 16:06:55.434  INFO 1 --- [io-12031-exec-1] order.service.OrderServiceImpl           : [PYTHIA_FINE_TRACE] service=ts-order-service stage=service_create latency_ms=348
2026-03-11 16:06:55.434  INFO 1 --- [io-12031-exec-1] order.controller.OrderController         : [PYTHIA_FINE_TRACE] service=ts-order-service endpoint=createOrder latency_ms=348
2026-03-11 16:06:55.775  INFO 1 --- [io-12031-exec-3] order.service.OrderServiceImpl           : [PYTHIA_FINE_TRACE] service=ts-order-service stage=service_create latency_ms=42
2026-03-11 16:06:55.775  INFO 1 --- [io-12031-exec-3] order.controller.OrderController         : [PYTHIA_FINE_TRACE] service=ts-order-service endpoint=createOrder latency_ms=42
2026-03-11 16:06:56.217  INFO 1 --- [io-12031-exec-4] order.service.OrderServiceImpl           : [PYTHIA_FINE_TRACE] service=ts-order-service stage=service_create latency_ms=91
2026-03-11 16:06:56.217  INFO 1 --- [io-12031-exec-4] order.controller.OrderController         : [PYTHIA_FINE_TRACE] service=ts-order-service endpoint=createOrder latency_ms=92
2026-03-11 16:06:56.602  INFO 1 --- [io-12031-exec-5] order.service.OrderServiceImpl           : [PYTHIA_FINE_TRACE] service=ts-order-service stage=service_create latency_ms=78
2026-03-11 16:06:56.602  INFO 1 --- [io-12031-exec-5] order.controller.OrderController         : [PYTHIA_FINE_TRACE] service=ts-order-service endpoint=createOrder latency_ms=78
2026-03-11 16:06:57.016  INFO 1 --- [io-12031-exec-6] order.service.OrderServiceImpl           : [PYTHIA_FINE_TRACE] service=ts-order-service stage=service_create latency_ms=86
2026-03-11 16:06:57.016  INFO 1 --- [io-12031-exec-6] order.controller.OrderController         : [PYTHIA_FINE_TRACE] service=ts-order-service endpoint=createOrder latency_ms=86
2026-03-11 16:06:57.423  INFO 1 --- [io-12031-exec-7] order.service.OrderServiceImpl           : [PYTHIA_FINE_TRACE] service=ts-order-service stage=service_create latency_ms=96
2026-03-11 16:06:57.423  INFO 1 --- [io-12031-exec-7] order.controller.OrderController         : [PYTHIA_FINE_TRACE] service=ts-order-service endpoint=createOrder latency_ms=96
2026-03-11 16:06:57.819  INFO 1 --- [o-12031-exec-10] order.service.OrderServiceImpl           : [PYTHIA_FINE_TRACE] service=ts-order-service stage=service_create latency_ms=85
2026-03-11 16:06:57.819  INFO 1 --- [o-12031-exec-10] order.controller.OrderController         : [PYTHIA_FINE_TRACE] service=ts-order-service endpoint=createOrder latency_ms=85
2026-03-11 16:06:58.424  INFO 1 --- [io-12031-exec-9] order.service.OrderServiceImpl           : [PYTHIA_DELAY] artificial_delay=300ms
2026-03-11 16:06:58.463  INFO 1 --- [io-12031-exec-9] order.service.OrderServiceImpl           : [PYTHIA_FINE_TRACE] service=ts-order-service stage=service_create latency_ms=339
2026-03-11 16:06:58.463  INFO 1 --- [io-12031-exec-9] order.controller.OrderController         : [PYTHIA_FINE_TRACE] service=ts-order-service endpoint=createOrder latency_ms=339
2026-03-11 16:06:58.925  INFO 1 --- [io-12031-exec-2] order.service.OrderServiceImpl           : [PYTHIA_FINE_TRACE] service=ts-order-service stage=service_create latency_ms=99
2026-03-11 16:06:58.925  INFO 1 --- [io-12031-exec-2] order.controller.OrderController         : [PYTHIA_FINE_TRACE] service=ts-order-service endpoint=createOrder latency_ms=99
2026-03-11 16:06:59.325  INFO 1 --- [io-12031-exec-1] order.service.OrderServiceImpl           : [PYTHIA_FINE_TRACE] service=ts-order-service stage=service_create latency_ms=40
2026-03-11 16:06:59.325  INFO 1 --- [io-12031-exec-1] order.controller.OrderController         : [PYTHIA_FINE_TRACE] service=ts-order-service endpoint=createOrder latency_ms=40
2026-03-11 16:06:59.702  INFO 1 --- [io-12031-exec-3] order.service.OrderServiceImpl           : [PYTHIA_FINE_TRACE] service=ts-order-service stage=service_create latency_ms=81
2026-03-11 16:06:59.702  INFO 1 --- [io-12031-exec-3] order.controller.OrderController         : [PYTHIA_FINE_TRACE] service=ts-order-service endpoint=createOrder latency_ms=82
2026-03-11 16:07:00.064  INFO 1 --- [io-12031-exec-4] order.service.OrderServiceImpl           : [PYTHIA_FINE_TRACE] service=ts-order-service stage=service_create latency_ms=40
2026-03-11 16:07:00.064  INFO 1 --- [io-12031-exec-4] order.controller.OrderController         : [PYTHIA_FINE_TRACE] service=ts-order-service endpoint=createOrder latency_ms=40
2026-03-11 16:07:00.433  INFO 1 --- [io-12031-exec-5] order.service.OrderServiceImpl           : [PYTHIA_FINE_TRACE] service=ts-order-service stage=service_create latency_ms=50
2026-03-11 16:07:00.433  INFO 1 --- [io-12031-exec-5] order.controller.OrderController         : [PYTHIA_FINE_TRACE] service=ts-order-service endpoint=createOrder latency_ms=50
2026-03-11 16:07:00.764  INFO 1 --- [io-12031-exec-6] order.service.OrderServiceImpl           : [PYTHIA_FINE_TRACE] service=ts-order-service stage=service_create latency_ms=38
2026-03-11 16:07:00.764  INFO 1 --- [io-12031-exec-6] order.controller.OrderController         : [PYTHIA_FINE_TRACE] service=ts-order-service endpoint=createOrder latency_ms=38
2026-03-11 16:07:01.142  INFO 1 --- [io-12031-exec-8] order.service.OrderServiceImpl           : [PYTHIA_FINE_TRACE] service=ts-order-service stage=service_create latency_ms=51
2026-03-11 16:07:01.142  INFO 1 --- [io-12031-exec-8] order.controller.OrderController         : [PYTHIA_FINE_TRACE] service=ts-order-service endpoint=createOrder latency_ms=51
2026-03-11 16:07:01.730  INFO 1 --- [io-12031-exec-7] order.service.OrderServiceImpl           : [PYTHIA_DELAY] artificial_delay=300ms
2026-03-11 16:07:01.776  INFO 1 --- [io-12031-exec-7] order.service.OrderServiceImpl           : [PYTHIA_FINE_TRACE] service=ts-order-service stage=service_create latency_ms=346
2026-03-11 16:07:01.776  INFO 1 --- [io-12031-exec-7] order.controller.OrderController         : [PYTHIA_FINE_TRACE] service=ts-order-service endpoint=createOrder latency_ms=346
2026-03-11 16:07:02.210  INFO 1 --- [o-12031-exec-10] order.service.OrderServiceImpl           : [PYTHIA_FINE_TRACE] service=ts-order-service stage=service_create latency_ms=105
2026-03-11 16:07:02.210  INFO 1 --- [o-12031-exec-10] order.controller.OrderController         : [PYTHIA_FINE_TRACE] service=ts-order-service endpoint=createOrder latency_ms=105
2026-03-11 16:07:02.611  INFO 1 --- [io-12031-exec-9] order.service.OrderServiceImpl           : [PYTHIA_FINE_TRACE] service=ts-order-service stage=service_create latency_ms=84
2026-03-11 16:07:02.611  INFO 1 --- [io-12031-exec-9] order.controller.OrderController         : [PYTHIA_FINE_TRACE] service=ts-order-service endpoint=createOrder latency_ms=84
2026-03-11 16:07:03.033  INFO 1 --- [io-12031-exec-2] order.service.OrderServiceImpl           : [PYTHIA_FINE_TRACE] service=ts-order-service stage=service_create latency_ms=52
2026-03-11 16:07:03.033  INFO 1 --- [io-12031-exec-2] order.controller.OrderController         : [PYTHIA_FINE_TRACE] service=ts-order-service endpoint=createOrder latency_ms=52
2026-03-11 16:07:03.633  INFO 1 --- [io-12031-exec-1] order.service.OrderServiceImpl           : [PYTHIA_DELAY] artificial_delay=300ms
2026-03-11 16:07:03.672  INFO 1 --- [io-12031-exec-1] order.service.OrderServiceImpl           : [PYTHIA_FINE_TRACE] service=ts-order-service stage=service_create latency_ms=339
2026-03-11 16:07:03.672  INFO 1 --- [io-12031-exec-1] order.controller.OrderController         : [PYTHIA_FINE_TRACE] service=ts-order-service endpoint=createOrder latency_ms=339
2026-03-11 16:07:04.050  INFO 1 --- [io-12031-exec-3] order.service.OrderServiceImpl           : [PYTHIA_FINE_TRACE] service=ts-order-service stage=service_create latency_ms=50
2026-03-11 16:07:04.050  INFO 1 --- [io-12031-exec-3] order.controller.OrderController         : [PYTHIA_FINE_TRACE] service=ts-order-service endpoint=createOrder latency_ms=50
2026-03-11 16:07:04.361  INFO 1 --- [io-12031-exec-4] order.service.OrderServiceImpl           : [PYTHIA_FINE_TRACE] service=ts-order-service stage=service_create latency_ms=38
2026-03-11 16:07:04.361  INFO 1 --- [io-12031-exec-4] order.controller.OrderController         : [PYTHIA_FINE_TRACE] service=ts-order-service endpoint=createOrder latency_ms=38
2026-03-11 16:07:04.723  INFO 1 --- [io-12031-exec-5] order.service.OrderServiceImpl           : [PYTHIA_FINE_TRACE] service=ts-order-service stage=service_create latency_ms=41
2026-03-11 16:07:04.723  INFO 1 --- [io-12031-exec-5] order.controller.OrderController         : [PYTHIA_FINE_TRACE] service=ts-order-service endpoint=createOrder latency_ms=41
2026-03-11 16:07:05.325  INFO 1 --- [io-12031-exec-6] order.service.OrderServiceImpl           : [PYTHIA_DELAY] artificial_delay=300ms
2026-03-11 16:07:05.371  INFO 1 --- [io-12031-exec-6] order.service.OrderServiceImpl           : [PYTHIA_FINE_TRACE] service=ts-order-service stage=service_create latency_ms=346
2026-03-11 16:07:05.371  INFO 1 --- [io-12031-exec-6] order.controller.OrderController         : [PYTHIA_FINE_TRACE] service=ts-order-service endpoint=createOrder latency_ms=346
2026-03-11 16:07:06.006  INFO 1 --- [io-12031-exec-8] order.service.OrderServiceImpl           : [PYTHIA_DELAY] artificial_delay=300ms
2026-03-11 16:07:06.107  INFO 1 --- [io-12031-exec-8] order.service.OrderServiceImpl           : [PYTHIA_FINE_TRACE] service=ts-order-service stage=service_create latency_ms=401
2026-03-11 16:07:06.107  INFO 1 --- [io-12031-exec-8] order.controller.OrderController         : [PYTHIA_FINE_TRACE] service=ts-order-service endpoint=createOrder latency_ms=401
2026-03-11 16:07:06.473  INFO 1 --- [io-12031-exec-7] order.service.OrderServiceImpl           : [PYTHIA_FINE_TRACE] service=ts-order-service stage=service_create latency_ms=45
2026-03-11 16:07:06.473  INFO 1 --- [io-12031-exec-7] order.controller.OrderController         : [PYTHIA_FINE_TRACE] service=ts-order-service endpoint=createOrder latency_ms=46
2026-03-11 16:07:06.832  INFO 1 --- [o-12031-exec-10] order.service.OrderServiceImpl           : [PYTHIA_FINE_TRACE] service=ts-order-service stage=service_create latency_ms=42
2026-03-11 16:07:06.832  INFO 1 --- [o-12031-exec-10] order.controller.OrderController         : [PYTHIA_FINE_TRACE] service=ts-order-service endpoint=createOrder latency_ms=42
2026-03-11 16:07:07.315  INFO 1 --- [io-12031-exec-2] order.service.OrderServiceImpl           : [PYTHIA_FINE_TRACE] service=ts-order-service stage=service_create latency_ms=95
2026-03-11 16:07:07.315  INFO 1 --- [io-12031-exec-2] order.controller.OrderController         : [PYTHIA_FINE_TRACE] service=ts-order-service endpoint=createOrder latency_ms=95
2026-03-11 16:07:07.662  INFO 1 --- [io-12031-exec-1] order.service.OrderServiceImpl           : [PYTHIA_FINE_TRACE] service=ts-order-service stage=service_create latency_ms=38
2026-03-11 16:07:07.662  INFO 1 --- [io-12031-exec-1] order.controller.OrderController         : [PYTHIA_FINE_TRACE] service=ts-order-service endpoint=createOrder latency_ms=38
2026-03-11 16:07:08.030  INFO 1 --- [io-12031-exec-3] order.service.OrderServiceImpl           : [PYTHIA_FINE_TRACE] service=ts-order-service stage=service_create latency_ms=47
2026-03-11 16:07:08.030  INFO 1 --- [io-12031-exec-3] order.controller.OrderController         : [PYTHIA_FINE_TRACE] service=ts-order-service endpoint=createOrder latency_ms=48
2026-03-11 16:07:08.366  INFO 1 --- [io-12031-exec-4] order.service.OrderServiceImpl           : [PYTHIA_FINE_TRACE] service=ts-order-service stage=service_create latency_ms=44
2026-03-11 16:07:08.366  INFO 1 --- [io-12031-exec-4] order.controller.OrderController         : [PYTHIA_FINE_TRACE] service=ts-order-service endpoint=createOrder latency_ms=44
2026-03-11 16:07:08.764  INFO 1 --- [io-12031-exec-5] order.service.OrderServiceImpl           : [PYTHIA_FINE_TRACE] service=ts-order-service stage=service_create latency_ms=46
2026-03-11 16:07:08.764  INFO 1 --- [io-12031-exec-5] order.controller.OrderController         : [PYTHIA_FINE_TRACE] service=ts-order-service endpoint=createOrder latency_ms=46
2026-03-11 16:07:09.127  INFO 1 --- [io-12031-exec-6] order.service.OrderServiceImpl           : [PYTHIA_FINE_TRACE] service=ts-order-service stage=service_create latency_ms=40
2026-03-11 16:07:09.127  INFO 1 --- [io-12031-exec-6] order.controller.OrderController         : [PYTHIA_FINE_TRACE] service=ts-order-service endpoint=createOrder latency_ms=40
2026-03-11 16:07:09.473  INFO 1 --- [io-12031-exec-8] order.service.OrderServiceImpl           : [PYTHIA_FINE_TRACE] service=ts-order-service stage=service_create latency_ms=47
2026-03-11 16:07:09.473  INFO 1 --- [io-12031-exec-8] order.controller.OrderController         : [PYTHIA_FINE_TRACE] service=ts-order-service endpoint=createOrder latency_ms=47
2026-03-11 16:07:10.091  INFO 1 --- [io-12031-exec-7] order.service.OrderServiceImpl           : [PYTHIA_DELAY] artificial_delay=300ms
2026-03-11 16:07:10.131  INFO 1 --- [io-12031-exec-7] order.service.OrderServiceImpl           : [PYTHIA_FINE_TRACE] service=ts-order-service stage=service_create latency_ms=340
2026-03-11 16:07:10.131  INFO 1 --- [io-12031-exec-7] order.controller.OrderController         : [PYTHIA_FINE_TRACE] service=ts-order-service endpoint=createOrder latency_ms=340
2026-03-11 16:07:10.477  INFO 1 --- [o-12031-exec-10] order.service.OrderServiceImpl           : [PYTHIA_FINE_TRACE] service=ts-order-service stage=service_create latency_ms=49
2026-03-11 16:07:10.477  INFO 1 --- [o-12031-exec-10] order.controller.OrderController         : [PYTHIA_FINE_TRACE] service=ts-order-service endpoint=createOrder latency_ms=49
2026-03-11 16:07:10.831  INFO 1 --- [io-12031-exec-9] order.service.OrderServiceImpl           : [PYTHIA_FINE_TRACE] service=ts-order-service stage=service_create latency_ms=39
2026-03-11 16:07:10.831  INFO 1 --- [io-12031-exec-9] order.controller.OrderController         : [PYTHIA_FINE_TRACE] service=ts-order-service endpoint=createOrder latency_ms=39
2026-03-11 16:07:11.171  INFO 1 --- [io-12031-exec-2] order.service.OrderServiceImpl           : [PYTHIA_FINE_TRACE] service=ts-order-service stage=service_create latency_ms=47
2026-03-11 16:07:11.171  INFO 1 --- [io-12031-exec-2] order.controller.OrderController         : [PYTHIA_FINE_TRACE] service=ts-order-service endpoint=createOrder latency_ms=47
2026-03-11 16:07:11.561  INFO 1 --- [io-12031-exec-1] order.service.OrderServiceImpl           : [PYTHIA_FINE_TRACE] service=ts-order-service stage=service_create latency_ms=38
2026-03-11 16:07:11.561  INFO 1 --- [io-12031-exec-1] order.controller.OrderController         : [PYTHIA_FINE_TRACE] service=ts-order-service endpoint=createOrder latency_ms=38
2026-03-11 16:07:11.948  INFO 1 --- [io-12031-exec-3] order.service.OrderServiceImpl           : [PYTHIA_FINE_TRACE] service=ts-order-service stage=service_create latency_ms=49
2026-03-11 16:07:11.948  INFO 1 --- [io-12031-exec-3] order.controller.OrderController         : [PYTHIA_FINE_TRACE] service=ts-order-service endpoint=createOrder latency_ms=50
2026-03-11 16:07:12.600  INFO 1 --- [io-12031-exec-4] order.service.OrderServiceImpl           : [PYTHIA_DELAY] artificial_delay=300ms
2026-03-11 16:07:12.644  INFO 1 --- [io-12031-exec-4] order.service.OrderServiceImpl           : [PYTHIA_FINE_TRACE] service=ts-order-service stage=service_create latency_ms=344
2026-03-11 16:07:12.644  INFO 1 --- [io-12031-exec-4] order.controller.OrderController         : [PYTHIA_FINE_TRACE] service=ts-order-service endpoint=createOrder latency_ms=345
2026-03-11 16:07:12.974  INFO 1 --- [io-12031-exec-5] order.service.OrderServiceImpl           : [PYTHIA_FINE_TRACE] service=ts-order-service stage=service_create latency_ms=47
2026-03-11 16:07:12.974  INFO 1 --- [io-12031-exec-5] order.controller.OrderController         : [PYTHIA_FINE_TRACE] service=ts-order-service endpoint=createOrder latency_ms=47
2026-03-11 16:07:13.336  INFO 1 --- [io-12031-exec-6] order.service.OrderServiceImpl           : [PYTHIA_FINE_TRACE] service=ts-order-service stage=service_create latency_ms=43
2026-03-11 16:07:13.336  INFO 1 --- [io-12031-exec-6] order.controller.OrderController         : [PYTHIA_FINE_TRACE] service=ts-order-service endpoint=createOrder latency_ms=44
2026-03-11 16:07:13.673  INFO 1 --- [io-12031-exec-8] order.service.OrderServiceImpl           : [PYTHIA_FINE_TRACE] service=ts-order-service stage=service_create latency_ms=50
2026-03-11 16:07:13.673  INFO 1 --- [io-12031-exec-8] order.controller.OrderController         : [PYTHIA_FINE_TRACE] service=ts-order-service endpoint=createOrder latency_ms=50
2026-03-11 16:07:14.032  INFO 1 --- [io-12031-exec-7] order.service.OrderServiceImpl           : [PYTHIA_FINE_TRACE] service=ts-order-service stage=service_create latency_ms=40
2026-03-11 16:07:14.032  INFO 1 --- [io-12031-exec-7] order.controller.OrderController         : [PYTHIA_FINE_TRACE] service=ts-order-service endpoint=createOrder latency_ms=40
2026-03-11 16:07:14.401  INFO 1 --- [o-12031-exec-10] order.service.OrderServiceImpl           : [PYTHIA_FINE_TRACE] service=ts-order-service stage=service_create latency_ms=78
2026-03-11 16:07:14.402  INFO 1 --- [o-12031-exec-10] order.controller.OrderController         : [PYTHIA_FINE_TRACE] service=ts-order-service endpoint=createOrder latency_ms=79
2026-03-11 16:07:15.022  INFO 1 --- [io-12031-exec-9] order.service.OrderServiceImpl           : [PYTHIA_DELAY] artificial_delay=300ms
2026-03-11 16:07:15.061  INFO 1 --- [io-12031-exec-9] order.service.OrderServiceImpl           : [PYTHIA_FINE_TRACE] service=ts-order-service stage=service_create latency_ms=339
2026-03-11 16:07:15.061  INFO 1 --- [io-12031-exec-9] order.controller.OrderController         : [PYTHIA_FINE_TRACE] service=ts-order-service endpoint=createOrder latency_ms=339
2026-03-11 16:07:15.687  INFO 1 --- [io-12031-exec-2] order.service.OrderServiceImpl           : [PYTHIA_DELAY] artificial_delay=300ms
2026-03-11 16:07:15.737  INFO 1 --- [io-12031-exec-2] order.service.OrderServiceImpl           : [PYTHIA_FINE_TRACE] service=ts-order-service stage=service_create latency_ms=350
2026-03-11 16:07:15.737  INFO 1 --- [io-12031-exec-2] order.controller.OrderController         : [PYTHIA_FINE_TRACE] service=ts-order-service endpoint=createOrder latency_ms=350
2026-03-11 16:07:16.325  INFO 1 --- [io-12031-exec-1] order.service.OrderServiceImpl           : [PYTHIA_DELAY] artificial_delay=300ms
2026-03-11 16:07:16.365  INFO 1 --- [io-12031-exec-1] order.service.OrderServiceImpl           : [PYTHIA_FINE_TRACE] service=ts-order-service stage=service_create latency_ms=340
2026-03-11 16:07:16.365  INFO 1 --- [io-12031-exec-1] order.controller.OrderController         : [PYTHIA_FINE_TRACE] service=ts-order-service endpoint=createOrder latency_ms=340
2026-03-11 16:07:16.732  INFO 1 --- [io-12031-exec-3] order.service.OrderServiceImpl           : [PYTHIA_FINE_TRACE] service=ts-order-service stage=service_create latency_ms=51
2026-03-11 16:07:16.732  INFO 1 --- [io-12031-exec-3] order.controller.OrderController         : [PYTHIA_FINE_TRACE] service=ts-order-service endpoint=createOrder latency_ms=51
2026-03-11 16:07:17.327  INFO 1 --- [io-12031-exec-4] order.service.OrderServiceImpl           : [PYTHIA_DELAY] artificial_delay=300ms
2026-03-11 16:07:17.366  INFO 1 --- [io-12031-exec-4] order.service.OrderServiceImpl           : [PYTHIA_FINE_TRACE] service=ts-order-service stage=service_create latency_ms=339
2026-03-11 16:07:17.366  INFO 1 --- [io-12031-exec-4] order.controller.OrderController         : [PYTHIA_FINE_TRACE] service=ts-order-service endpoint=createOrder latency_ms=339
2026-03-11 16:07:17.742  INFO 1 --- [io-12031-exec-6] order.service.OrderServiceImpl           : [PYTHIA_FINE_TRACE] service=ts-order-service stage=service_create latency_ms=51
2026-03-11 16:07:17.742  INFO 1 --- [io-12031-exec-6] order.controller.OrderController         : [PYTHIA_FINE_TRACE] service=ts-order-service endpoint=createOrder latency_ms=51
2026-03-11 16:07:18.072  INFO 1 --- [io-12031-exec-8] order.service.OrderServiceImpl           : [PYTHIA_FINE_TRACE] service=ts-order-service stage=service_create latency_ms=44
2026-03-11 16:07:18.072  INFO 1 --- [io-12031-exec-8] order.controller.OrderController         : [PYTHIA_FINE_TRACE] service=ts-order-service endpoint=createOrder latency_ms=44
2026-03-11 16:07:18.712  INFO 1 --- [io-12031-exec-7] order.service.OrderServiceImpl           : [PYTHIA_DELAY] artificial_delay=300ms
2026-03-11 16:07:18.763  INFO 1 --- [io-12031-exec-7] order.service.OrderServiceImpl           : [PYTHIA_FINE_TRACE] service=ts-order-service stage=service_create latency_ms=351
2026-03-11 16:07:18.763  INFO 1 --- [io-12031-exec-7] order.controller.OrderController         : [PYTHIA_FINE_TRACE] service=ts-order-service endpoint=createOrder latency_ms=351
2026-03-11 16:07:19.130  INFO 1 --- [o-12031-exec-10] order.service.OrderServiceImpl           : [PYTHIA_FINE_TRACE] service=ts-order-service stage=service_create latency_ms=40
2026-03-11 16:07:19.131  INFO 1 --- [o-12031-exec-10] order.controller.OrderController         : [PYTHIA_FINE_TRACE] service=ts-order-service endpoint=createOrder latency_ms=41
2026-03-11 16:07:19.536  INFO 1 --- [io-12031-exec-9] order.service.OrderServiceImpl           : [PYTHIA_FINE_TRACE] service=ts-order-service stage=service_create latency_ms=50
2026-03-11 16:07:19.536  INFO 1 --- [io-12031-exec-9] order.controller.OrderController         : [PYTHIA_FINE_TRACE] service=ts-order-service endpoint=createOrder latency_ms=50
2026-03-11 16:07:19.870  INFO 1 --- [io-12031-exec-2] order.service.OrderServiceImpl           : [PYTHIA_FINE_TRACE] service=ts-order-service stage=service_create latency_ms=41
2026-03-11 16:07:19.870  INFO 1 --- [io-12031-exec-2] order.controller.OrderController         : [PYTHIA_FINE_TRACE] service=ts-order-service endpoint=createOrder latency_ms=41
2026-03-11 16:07:20.314  INFO 1 --- [io-12031-exec-1] order.service.OrderServiceImpl           : [PYTHIA_FINE_TRACE] service=ts-order-service stage=service_create latency_ms=127
2026-03-11 16:07:20.314  INFO 1 --- [io-12031-exec-1] order.controller.OrderController         : [PYTHIA_FINE_TRACE] service=ts-order-service endpoint=createOrder latency_ms=127
2026-03-11 16:07:20.662  INFO 1 --- [io-12031-exec-3] order.service.OrderServiceImpl           : [PYTHIA_FINE_TRACE] service=ts-order-service stage=service_create latency_ms=38
2026-03-11 16:07:20.662  INFO 1 --- [io-12031-exec-3] order.controller.OrderController         : [PYTHIA_FINE_TRACE] service=ts-order-service endpoint=createOrder latency_ms=39
2026-03-11 16:07:21.231  INFO 1 --- [io-12031-exec-5] order.service.OrderServiceImpl           : [PYTHIA_DELAY] artificial_delay=300ms
2026-03-11 16:07:21.281  INFO 1 --- [io-12031-exec-5] order.service.OrderServiceImpl           : [PYTHIA_FINE_TRACE] service=ts-order-service stage=service_create latency_ms=350
2026-03-11 16:07:21.281  INFO 1 --- [io-12031-exec-5] order.controller.OrderController         : [PYTHIA_FINE_TRACE] service=ts-order-service endpoint=createOrder latency_ms=350
2026-03-11 16:07:21.642  INFO 1 --- [io-12031-exec-4] order.service.OrderServiceImpl           : [PYTHIA_FINE_TRACE] service=ts-order-service stage=service_create latency_ms=39
2026-03-11 16:07:21.642  INFO 1 --- [io-12031-exec-4] order.controller.OrderController         : [PYTHIA_FINE_TRACE] service=ts-order-service endpoint=createOrder latency_ms=39
2026-03-11 16:07:22.011  INFO 1 --- [io-12031-exec-6] order.service.OrderServiceImpl           : [PYTHIA_FINE_TRACE] service=ts-order-service stage=service_create latency_ms=83
2026-03-11 16:07:22.011  INFO 1 --- [io-12031-exec-6] order.controller.OrderController         : [PYTHIA_FINE_TRACE] service=ts-order-service endpoint=createOrder latency_ms=83
2026-03-11 16:07:22.665  INFO 1 --- [io-12031-exec-8] order.service.OrderServiceImpl           : [PYTHIA_DELAY] artificial_delay=300ms
2026-03-11 16:07:22.705  INFO 1 --- [io-12031-exec-8] order.service.OrderServiceImpl           : [PYTHIA_FINE_TRACE] service=ts-order-service stage=service_create latency_ms=341
2026-03-11 16:07:22.705  INFO 1 --- [io-12031-exec-8] order.controller.OrderController         : [PYTHIA_FINE_TRACE] service=ts-order-service endpoint=createOrder latency_ms=341
2026-03-11 16:07:23.326  INFO 1 --- [io-12031-exec-7] order.service.OrderServiceImpl           : [PYTHIA_DELAY] artificial_delay=300ms
2026-03-11 16:07:23.402  INFO 1 --- [io-12031-exec-7] order.service.OrderServiceImpl           : [PYTHIA_FINE_TRACE] service=ts-order-service stage=service_create latency_ms=376
2026-03-11 16:07:23.402  INFO 1 --- [io-12031-exec-7] order.controller.OrderController         : [PYTHIA_FINE_TRACE] service=ts-order-service endpoint=createOrder latency_ms=376
2026-03-11 16:07:23.815  INFO 1 --- [o-12031-exec-10] order.service.OrderServiceImpl           : [PYTHIA_FINE_TRACE] service=ts-order-service stage=service_create latency_ms=82
2026-03-11 16:07:23.815  INFO 1 --- [o-12031-exec-10] order.controller.OrderController         : [PYTHIA_FINE_TRACE] service=ts-order-service endpoint=createOrder latency_ms=83
2026-03-11 16:07:24.231  INFO 1 --- [io-12031-exec-9] order.service.OrderServiceImpl           : [PYTHIA_FINE_TRACE] service=ts-order-service stage=service_create latency_ms=50
2026-03-11 16:07:24.232  INFO 1 --- [io-12031-exec-9] order.controller.OrderController         : [PYTHIA_FINE_TRACE] service=ts-order-service endpoint=createOrder latency_ms=51
2026-03-11 16:07:24.564  INFO 1 --- [io-12031-exec-2] order.service.OrderServiceImpl           : [PYTHIA_FINE_TRACE] service=ts-order-service stage=service_create latency_ms=41
2026-03-11 16:07:24.564  INFO 1 --- [io-12031-exec-2] order.controller.OrderController         : [PYTHIA_FINE_TRACE] service=ts-order-service endpoint=createOrder latency_ms=41
2026-03-11 16:07:25.188  INFO 1 --- [io-12031-exec-1] order.service.OrderServiceImpl           : [PYTHIA_DELAY] artificial_delay=300ms
2026-03-11 16:07:25.239  INFO 1 --- [io-12031-exec-1] order.service.OrderServiceImpl           : [PYTHIA_FINE_TRACE] service=ts-order-service stage=service_create latency_ms=351
2026-03-11 16:07:25.239  INFO 1 --- [io-12031-exec-1] order.controller.OrderController         : [PYTHIA_FINE_TRACE] service=ts-order-service endpoint=createOrder latency_ms=351
2026-03-11 16:07:25.562  INFO 1 --- [io-12031-exec-3] order.service.OrderServiceImpl           : [PYTHIA_FINE_TRACE] service=ts-order-service stage=service_create latency_ms=40
2026-03-11 16:07:25.562  INFO 1 --- [io-12031-exec-3] order.controller.OrderController         : [PYTHIA_FINE_TRACE] service=ts-order-service endpoint=createOrder latency_ms=40
2026-03-11 16:07:25.944  INFO 1 --- [io-12031-exec-5] order.service.OrderServiceImpl           : [PYTHIA_FINE_TRACE] service=ts-order-service stage=service_create latency_ms=62
2026-03-11 16:07:25.944  INFO 1 --- [io-12031-exec-5] order.controller.OrderController         : [PYTHIA_FINE_TRACE] service=ts-order-service endpoint=createOrder latency_ms=62
2026-03-11 16:07:26.580  INFO 1 --- [io-12031-exec-4] order.service.OrderServiceImpl           : [PYTHIA_DELAY] artificial_delay=300ms
2026-03-11 16:07:26.619  INFO 1 --- [io-12031-exec-4] order.service.OrderServiceImpl           : [PYTHIA_FINE_TRACE] service=ts-order-service stage=service_create latency_ms=339
2026-03-11 16:07:26.619  INFO 1 --- [io-12031-exec-4] order.controller.OrderController         : [PYTHIA_FINE_TRACE] service=ts-order-service endpoint=createOrder latency_ms=339
2026-03-11 16:07:27.228  INFO 1 --- [io-12031-exec-6] order.service.OrderServiceImpl           : [PYTHIA_DELAY] artificial_delay=300ms
2026-03-11 16:07:27.319  INFO 1 --- [io-12031-exec-6] order.service.OrderServiceImpl           : [PYTHIA_FINE_TRACE] service=ts-order-service stage=service_create latency_ms=391
2026-03-11 16:07:27.319  INFO 1 --- [io-12031-exec-6] order.controller.OrderController         : [PYTHIA_FINE_TRACE] service=ts-order-service endpoint=createOrder latency_ms=391
2026-03-11 16:07:27.721  INFO 1 --- [io-12031-exec-7] order.service.OrderServiceImpl           : [PYTHIA_FINE_TRACE] service=ts-order-service stage=service_create latency_ms=43
2026-03-11 16:07:27.721  INFO 1 --- [io-12031-exec-7] order.controller.OrderController         : [PYTHIA_FINE_TRACE] service=ts-order-service endpoint=createOrder latency_ms=43
2026-03-11 16:07:28.322  INFO 1 --- [o-12031-exec-10] order.service.OrderServiceImpl           : [PYTHIA_DELAY] artificial_delay=300ms
2026-03-11 16:07:28.372  INFO 1 --- [o-12031-exec-10] order.service.OrderServiceImpl           : [PYTHIA_FINE_TRACE] service=ts-order-service stage=service_create latency_ms=350
2026-03-11 16:07:28.372  INFO 1 --- [o-12031-exec-10] order.controller.OrderController         : [PYTHIA_FINE_TRACE] service=ts-order-service endpoint=createOrder latency_ms=350
2026-03-11 16:07:28.737  INFO 1 --- [io-12031-exec-9] order.service.OrderServiceImpl           : [PYTHIA_FINE_TRACE] service=ts-order-service stage=service_create latency_ms=41
2026-03-11 16:07:28.738  INFO 1 --- [io-12031-exec-9] order.controller.OrderController         : [PYTHIA_FINE_TRACE] service=ts-order-service endpoint=createOrder latency_ms=42
2026-03-11 16:07:29.131  INFO 1 --- [io-12031-exec-2] order.service.OrderServiceImpl           : [PYTHIA_FINE_TRACE] service=ts-order-service stage=service_create latency_ms=51
2026-03-11 16:07:29.131  INFO 1 --- [io-12031-exec-2] order.controller.OrderController         : [PYTHIA_FINE_TRACE] service=ts-order-service endpoint=createOrder latency_ms=51
2026-03-11 16:07:29.502  INFO 1 --- [io-12031-exec-1] order.service.OrderServiceImpl           : [PYTHIA_FINE_TRACE] service=ts-order-service stage=service_create latency_ms=78
2026-03-11 16:07:29.502  INFO 1 --- [io-12031-exec-1] order.controller.OrderController         : [PYTHIA_FINE_TRACE] service=ts-order-service endpoint=createOrder latency_ms=78
2026-03-11 16:07:29.916  INFO 1 --- [io-12031-exec-3] order.service.OrderServiceImpl           : [PYTHIA_FINE_TRACE] service=ts-order-service stage=service_create latency_ms=101
2026-03-11 16:07:29.916  INFO 1 --- [io-12031-exec-3] order.controller.OrderController         : [PYTHIA_FINE_TRACE] service=ts-order-service endpoint=createOrder latency_ms=102
2026-03-11 16:07:30.267  INFO 1 --- [io-12031-exec-5] order.service.OrderServiceImpl           : [PYTHIA_FINE_TRACE] service=ts-order-service stage=service_create latency_ms=42
2026-03-11 16:07:30.267  INFO 1 --- [io-12031-exec-5] order.controller.OrderController         : [PYTHIA_FINE_TRACE] service=ts-order-service endpoint=createOrder latency_ms=42
2026-03-11 16:07:30.639  INFO 1 --- [io-12031-exec-4] order.service.OrderServiceImpl           : [PYTHIA_FINE_TRACE] service=ts-order-service stage=service_create latency_ms=50
2026-03-11 16:07:30.639  INFO 1 --- [io-12031-exec-4] order.controller.OrderController         : [PYTHIA_FINE_TRACE] service=ts-order-service endpoint=createOrder latency_ms=50
2026-03-11 16:07:31.282  INFO 1 --- [io-12031-exec-8] order.service.OrderServiceImpl           : [PYTHIA_DELAY] artificial_delay=300ms
2026-03-11 16:07:31.333  INFO 1 --- [io-12031-exec-8] order.service.OrderServiceImpl           : [PYTHIA_FINE_TRACE] service=ts-order-service stage=service_create latency_ms=351
2026-03-11 16:07:31.333  INFO 1 --- [io-12031-exec-8] order.controller.OrderController         : [PYTHIA_FINE_TRACE] service=ts-order-service endpoint=createOrder latency_ms=351
2026-03-11 16:07:31.701  INFO 1 --- [io-12031-exec-6] order.service.OrderServiceImpl           : [PYTHIA_FINE_TRACE] service=ts-order-service stage=service_create latency_ms=72
2026-03-11 16:07:31.701  INFO 1 --- [io-12031-exec-6] order.controller.OrderController         : [PYTHIA_FINE_TRACE] service=ts-order-service endpoint=createOrder latency_ms=72
2026-03-11 16:07:32.384  INFO 1 --- [io-12031-exec-7] order.service.OrderServiceImpl           : [PYTHIA_DELAY] artificial_delay=300ms
2026-03-11 16:07:32.427  INFO 1 --- [io-12031-exec-7] order.service.OrderServiceImpl           : [PYTHIA_FINE_TRACE] service=ts-order-service stage=service_create latency_ms=343
2026-03-11 16:07:32.427  INFO 1 --- [io-12031-exec-7] order.controller.OrderController         : [PYTHIA_FINE_TRACE] service=ts-order-service endpoint=createOrder latency_ms=343
2026-03-11 16:07:32.811  INFO 1 --- [o-12031-exec-10] order.service.OrderServiceImpl           : [PYTHIA_FINE_TRACE] service=ts-order-service stage=service_create latency_ms=83
2026-03-11 16:07:32.811  INFO 1 --- [o-12031-exec-10] order.controller.OrderController         : [PYTHIA_FINE_TRACE] service=ts-order-service endpoint=createOrder latency_ms=83
2026-03-11 16:07:33.202  INFO 1 --- [io-12031-exec-9] order.service.OrderServiceImpl           : [PYTHIA_FINE_TRACE] service=ts-order-service stage=service_create latency_ms=75
2026-03-11 16:07:33.202  INFO 1 --- [io-12031-exec-9] order.controller.OrderController         : [PYTHIA_FINE_TRACE] service=ts-order-service endpoint=createOrder latency_ms=75
2026-03-11 16:07:33.826  INFO 1 --- [io-12031-exec-2] order.service.OrderServiceImpl           : [PYTHIA_DELAY] artificial_delay=300ms
2026-03-11 16:07:33.877  INFO 1 --- [io-12031-exec-2] order.service.OrderServiceImpl           : [PYTHIA_FINE_TRACE] service=ts-order-service stage=service_create latency_ms=351
2026-03-11 16:07:33.877  INFO 1 --- [io-12031-exec-2] order.controller.OrderController         : [PYTHIA_FINE_TRACE] service=ts-order-service endpoint=createOrder latency_ms=351
2026-03-11 16:07:34.229  INFO 1 --- [io-12031-exec-1] order.service.OrderServiceImpl           : [PYTHIA_FINE_TRACE] service=ts-order-service stage=service_create latency_ms=41
2026-03-11 16:07:34.229  INFO 1 --- [io-12031-exec-1] order.controller.OrderController         : [PYTHIA_FINE_TRACE] service=ts-order-service endpoint=createOrder latency_ms=41
2026-03-11 16:07:34.570  INFO 1 --- [io-12031-exec-3] order.service.OrderServiceImpl           : [PYTHIA_FINE_TRACE] service=ts-order-service stage=service_create latency_ms=50
2026-03-11 16:07:34.570  INFO 1 --- [io-12031-exec-3] order.controller.OrderController         : [PYTHIA_FINE_TRACE] service=ts-order-service endpoint=createOrder latency_ms=50
2026-03-11 16:07:35.191  INFO 1 --- [io-12031-exec-5] order.service.OrderServiceImpl           : [PYTHIA_DELAY] artificial_delay=300ms
2026-03-11 16:07:35.233  INFO 1 --- [io-12031-exec-5] order.service.OrderServiceImpl           : [PYTHIA_FINE_TRACE] service=ts-order-service stage=service_create latency_ms=342
2026-03-11 16:07:35.233  INFO 1 --- [io-12031-exec-5] order.controller.OrderController         : [PYTHIA_FINE_TRACE] service=ts-order-service endpoint=createOrder latency_ms=342
2026-03-11 16:07:35.628  INFO 1 --- [io-12031-exec-4] order.service.OrderServiceImpl           : [PYTHIA_FINE_TRACE] service=ts-order-service stage=service_create latency_ms=101
2026-03-11 16:07:35.628  INFO 1 --- [io-12031-exec-4] order.controller.OrderController         : [PYTHIA_FINE_TRACE] service=ts-order-service endpoint=createOrder latency_ms=101
2026-03-11 16:07:36.012  INFO 1 --- [io-12031-exec-8] order.service.OrderServiceImpl           : [PYTHIA_FINE_TRACE] service=ts-order-service stage=service_create latency_ms=91
2026-03-11 16:07:36.012  INFO 1 --- [io-12031-exec-8] order.controller.OrderController         : [PYTHIA_FINE_TRACE] service=ts-order-service endpoint=createOrder latency_ms=91
2026-03-11 16:07:36.623  INFO 1 --- [io-12031-exec-6] order.service.OrderServiceImpl           : [PYTHIA_DELAY] artificial_delay=300ms
2026-03-11 16:07:36.673  INFO 1 --- [io-12031-exec-6] order.service.OrderServiceImpl           : [PYTHIA_FINE_TRACE] service=ts-order-service stage=service_create latency_ms=350
2026-03-11 16:07:36.673  INFO 1 --- [io-12031-exec-6] order.controller.OrderController         : [PYTHIA_FINE_TRACE] service=ts-order-service endpoint=createOrder latency_ms=350
2026-03-11 16:07:37.039  INFO 1 --- [io-12031-exec-7] order.service.OrderServiceImpl           : [PYTHIA_FINE_TRACE] service=ts-order-service stage=service_create latency_ms=39
2026-03-11 16:07:37.039  INFO 1 --- [io-12031-exec-7] order.controller.OrderController         : [PYTHIA_FINE_TRACE] service=ts-order-service endpoint=createOrder latency_ms=39
2026-03-11 16:07:37.475  INFO 1 --- [io-12031-exec-9] order.service.OrderServiceImpl           : [PYTHIA_FINE_TRACE] service=ts-order-service stage=service_create latency_ms=48
2026-03-11 16:07:37.475  INFO 1 --- [io-12031-exec-9] order.controller.OrderController         : [PYTHIA_FINE_TRACE] service=ts-order-service endpoint=createOrder latency_ms=48
2026-03-11 16:07:38.129  INFO 1 --- [io-12031-exec-2] order.service.OrderServiceImpl           : [PYTHIA_DELAY] artificial_delay=300ms
2026-03-11 16:07:38.170  INFO 1 --- [io-12031-exec-2] order.service.OrderServiceImpl           : [PYTHIA_FINE_TRACE] service=ts-order-service stage=service_create latency_ms=341
2026-03-11 16:07:38.170  INFO 1 --- [io-12031-exec-2] order.controller.OrderController         : [PYTHIA_FINE_TRACE] service=ts-order-service endpoint=createOrder latency_ms=341
2026-03-11 16:07:38.543  INFO 1 --- [io-12031-exec-1] order.service.OrderServiceImpl           : [PYTHIA_FINE_TRACE] service=ts-order-service stage=service_create latency_ms=51
2026-03-11 16:07:38.543  INFO 1 --- [io-12031-exec-1] order.controller.OrderController         : [PYTHIA_FINE_TRACE] service=ts-order-service endpoint=createOrder latency_ms=51
2026-03-11 16:07:38.864  INFO 1 --- [io-12031-exec-3] order.service.OrderServiceImpl           : [PYTHIA_FINE_TRACE] service=ts-order-service stage=service_create latency_ms=40
2026-03-11 16:07:38.864  INFO 1 --- [io-12031-exec-3] order.controller.OrderController         : [PYTHIA_FINE_TRACE] service=ts-order-service endpoint=createOrder latency_ms=40
2026-03-11 16:07:39.483  INFO 1 --- [io-12031-exec-5] order.service.OrderServiceImpl           : [PYTHIA_DELAY] artificial_delay=300ms
2026-03-11 16:07:39.531  INFO 1 --- [io-12031-exec-5] order.service.OrderServiceImpl           : [PYTHIA_FINE_TRACE] service=ts-order-service stage=service_create latency_ms=349
2026-03-11 16:07:39.531  INFO 1 --- [io-12031-exec-5] order.controller.OrderController         : [PYTHIA_FINE_TRACE] service=ts-order-service endpoint=createOrder latency_ms=349
2026-03-11 16:07:39.922  INFO 1 --- [io-12031-exec-4] order.service.OrderServiceImpl           : [PYTHIA_FINE_TRACE] service=ts-order-service stage=service_create latency_ms=42
2026-03-11 16:07:39.922  INFO 1 --- [io-12031-exec-4] order.controller.OrderController         : [PYTHIA_FINE_TRACE] service=ts-order-service endpoint=createOrder latency_ms=42
2026-03-11 16:07:40.335  INFO 1 --- [io-12031-exec-8] order.service.OrderServiceImpl           : [PYTHIA_FINE_TRACE] service=ts-order-service stage=service_create latency_ms=53
2026-03-11 16:07:40.335  INFO 1 --- [io-12031-exec-8] order.controller.OrderController         : [PYTHIA_FINE_TRACE] service=ts-order-service endpoint=createOrder latency_ms=53
2026-03-11 16:07:40.923  INFO 1 --- [io-12031-exec-6] order.service.OrderServiceImpl           : [PYTHIA_DELAY] artificial_delay=300ms
2026-03-11 16:07:40.963  INFO 1 --- [io-12031-exec-6] order.service.OrderServiceImpl           : [PYTHIA_FINE_TRACE] service=ts-order-service stage=service_create latency_ms=340
2026-03-11 16:07:40.964  INFO 1 --- [io-12031-exec-6] order.controller.OrderController         : [PYTHIA_FINE_TRACE] service=ts-order-service endpoint=createOrder latency_ms=340
2026-03-11 16:07:41.334  INFO 1 --- [io-12031-exec-7] order.service.OrderServiceImpl           : [PYTHIA_FINE_TRACE] service=ts-order-service stage=service_create latency_ms=51
2026-03-11 16:07:41.334  INFO 1 --- [io-12031-exec-7] order.controller.OrderController         : [PYTHIA_FINE_TRACE] service=ts-order-service endpoint=createOrder latency_ms=51
2026-03-11 16:07:41.925  INFO 1 --- [o-12031-exec-10] order.service.OrderServiceImpl           : [PYTHIA_DELAY] artificial_delay=300ms
2026-03-11 16:07:41.967  INFO 1 --- [o-12031-exec-10] order.service.OrderServiceImpl           : [PYTHIA_FINE_TRACE] service=ts-order-service stage=service_create latency_ms=342
2026-03-11 16:07:41.967  INFO 1 --- [o-12031-exec-10] order.controller.OrderController         : [PYTHIA_FINE_TRACE] service=ts-order-service endpoint=createOrder latency_ms=342
2026-03-11 16:07:42.352  INFO 1 --- [io-12031-exec-9] order.service.OrderServiceImpl           : [PYTHIA_FINE_TRACE] service=ts-order-service stage=service_create latency_ms=55
2026-03-11 16:07:42.352  INFO 1 --- [io-12031-exec-9] order.controller.OrderController         : [PYTHIA_FINE_TRACE] service=ts-order-service endpoint=createOrder latency_ms=55
2026-03-11 16:07:42.669  INFO 1 --- [io-12031-exec-2] order.service.OrderServiceImpl           : [PYTHIA_FINE_TRACE] service=ts-order-service stage=service_create latency_ms=40
2026-03-11 16:07:42.669  INFO 1 --- [io-12031-exec-2] order.controller.OrderController         : [PYTHIA_FINE_TRACE] service=ts-order-service endpoint=createOrder latency_ms=41
2026-03-11 16:07:43.286  INFO 1 --- [io-12031-exec-1] order.service.OrderServiceImpl           : [PYTHIA_DELAY] artificial_delay=300ms
2026-03-11 16:07:43.342  INFO 1 --- [io-12031-exec-1] order.service.OrderServiceImpl           : [PYTHIA_FINE_TRACE] service=ts-order-service stage=service_create latency_ms=356
2026-03-11 16:07:43.342  INFO 1 --- [io-12031-exec-1] order.controller.OrderController         : [PYTHIA_FINE_TRACE] service=ts-order-service endpoint=createOrder latency_ms=356
2026-03-11 16:07:43.754  INFO 1 --- [io-12031-exec-3] order.service.OrderServiceImpl           : [PYTHIA_FINE_TRACE] service=ts-order-service stage=service_create latency_ms=40
2026-03-11 16:07:43.754  INFO 1 --- [io-12031-exec-3] order.controller.OrderController         : [PYTHIA_FINE_TRACE] service=ts-order-service endpoint=createOrder latency_ms=40
2026-03-11 16:07:44.107  INFO 1 --- [io-12031-exec-5] order.service.OrderServiceImpl           : [PYTHIA_FINE_TRACE] service=ts-order-service stage=service_create latency_ms=81
2026-03-11 16:07:44.107  INFO 1 --- [io-12031-exec-5] order.controller.OrderController         : [PYTHIA_FINE_TRACE] service=ts-order-service endpoint=createOrder latency_ms=81
2026-03-11 16:07:44.513  INFO 1 --- [io-12031-exec-4] order.service.OrderServiceImpl           : [PYTHIA_FINE_TRACE] service=ts-order-service stage=service_create latency_ms=91
2026-03-11 16:07:44.513  INFO 1 --- [io-12031-exec-4] order.controller.OrderController         : [PYTHIA_FINE_TRACE] service=ts-order-service endpoint=createOrder latency_ms=92
2026-03-11 16:07:44.869  INFO 1 --- [io-12031-exec-8] order.service.OrderServiceImpl           : [PYTHIA_FINE_TRACE] service=ts-order-service stage=service_create latency_ms=48
2026-03-11 16:07:44.869  INFO 1 --- [io-12031-exec-8] order.controller.OrderController         : [PYTHIA_FINE_TRACE] service=ts-order-service endpoint=createOrder latency_ms=48
2026-03-11 16:07:45.487  INFO 1 --- [io-12031-exec-6] order.service.OrderServiceImpl           : [PYTHIA_DELAY] artificial_delay=300ms
2026-03-11 16:07:45.530  INFO 1 --- [io-12031-exec-6] order.service.OrderServiceImpl           : [PYTHIA_FINE_TRACE] service=ts-order-service stage=service_create latency_ms=344
2026-03-11 16:07:45.530  INFO 1 --- [io-12031-exec-6] order.controller.OrderController         : [PYTHIA_FINE_TRACE] service=ts-order-service endpoint=createOrder latency_ms=344
2026-03-11 16:07:46.121  INFO 1 --- [io-12031-exec-7] order.service.OrderServiceImpl           : [PYTHIA_DELAY] artificial_delay=300ms
2026-03-11 16:07:46.170  INFO 1 --- [io-12031-exec-7] order.service.OrderServiceImpl           : [PYTHIA_FINE_TRACE] service=ts-order-service stage=service_create latency_ms=349
2026-03-11 16:07:46.170  INFO 1 --- [io-12031-exec-7] order.controller.OrderController         : [PYTHIA_FINE_TRACE] service=ts-order-service endpoint=createOrder latency_ms=350
2026-03-11 16:07:46.539  INFO 1 --- [o-12031-exec-10] order.service.OrderServiceImpl           : [PYTHIA_FINE_TRACE] service=ts-order-service stage=service_create latency_ms=45
2026-03-11 16:07:46.539  INFO 1 --- [o-12031-exec-10] order.controller.OrderController         : [PYTHIA_FINE_TRACE] service=ts-order-service endpoint=createOrder latency_ms=45
2026-03-11 16:07:47.126  INFO 1 --- [io-12031-exec-9] order.service.OrderServiceImpl           : [PYTHIA_DELAY] artificial_delay=300ms
2026-03-11 16:07:47.176  INFO 1 --- [io-12031-exec-9] order.service.OrderServiceImpl           : [PYTHIA_FINE_TRACE] service=ts-order-service stage=service_create latency_ms=350
2026-03-11 16:07:47.176  INFO 1 --- [io-12031-exec-9] order.controller.OrderController         : [PYTHIA_FINE_TRACE] service=ts-order-service endpoint=createOrder latency_ms=350
2026-03-11 16:07:47.539  INFO 1 --- [io-12031-exec-1] order.service.OrderServiceImpl           : [PYTHIA_FINE_TRACE] service=ts-order-service stage=service_create latency_ms=40
2026-03-11 16:07:47.539  INFO 1 --- [io-12031-exec-1] order.controller.OrderController         : [PYTHIA_FINE_TRACE] service=ts-order-service endpoint=createOrder latency_ms=40
2026-03-11 16:07:47.921  INFO 1 --- [io-12031-exec-3] order.service.OrderServiceImpl           : [PYTHIA_FINE_TRACE] service=ts-order-service stage=service_create latency_ms=90
2026-03-11 16:07:47.921  INFO 1 --- [io-12031-exec-3] order.controller.OrderController         : [PYTHIA_FINE_TRACE] service=ts-order-service endpoint=createOrder latency_ms=90
2026-03-11 16:07:48.523  INFO 1 --- [io-12031-exec-5] order.service.OrderServiceImpl           : [PYTHIA_DELAY] artificial_delay=300ms
2026-03-11 16:07:48.568  INFO 1 --- [io-12031-exec-5] order.service.OrderServiceImpl           : [PYTHIA_FINE_TRACE] service=ts-order-service stage=service_create latency_ms=345
2026-03-11 16:07:48.568  INFO 1 --- [io-12031-exec-5] order.controller.OrderController         : [PYTHIA_FINE_TRACE] service=ts-order-service endpoint=createOrder latency_ms=345
2026-03-11 16:07:49.002  INFO 1 --- [io-12031-exec-4] order.service.OrderServiceImpl           : [PYTHIA_FINE_TRACE] service=ts-order-service stage=service_create latency_ms=112
2026-03-11 16:07:49.002  INFO 1 --- [io-12031-exec-4] order.controller.OrderController         : [PYTHIA_FINE_TRACE] service=ts-order-service endpoint=createOrder latency_ms=112
2026-03-11 16:07:49.626  INFO 1 --- [io-12031-exec-8] order.service.OrderServiceImpl           : [PYTHIA_DELAY] artificial_delay=300ms
2026-03-11 16:07:49.667  INFO 1 --- [io-12031-exec-8] order.service.OrderServiceImpl           : [PYTHIA_FINE_TRACE] service=ts-order-service stage=service_create latency_ms=341
2026-03-11 16:07:49.667  INFO 1 --- [io-12031-exec-8] order.controller.OrderController         : [PYTHIA_FINE_TRACE] service=ts-order-service endpoint=createOrder latency_ms=341
2026-03-11 16:07:50.045  INFO 1 --- [io-12031-exec-6] order.service.OrderServiceImpl           : [PYTHIA_FINE_TRACE] service=ts-order-service stage=service_create latency_ms=53
2026-03-11 16:07:50.045  INFO 1 --- [io-12031-exec-6] order.controller.OrderController         : [PYTHIA_FINE_TRACE] service=ts-order-service endpoint=createOrder latency_ms=54
2026-03-11 16:07:50.699  INFO 1 --- [io-12031-exec-7] order.service.OrderServiceImpl           : [PYTHIA_DELAY] artificial_delay=300ms
2026-03-11 16:07:50.740  INFO 1 --- [io-12031-exec-7] order.service.OrderServiceImpl           : [PYTHIA_FINE_TRACE] service=ts-order-service stage=service_create latency_ms=341
2026-03-11 16:07:50.740  INFO 1 --- [io-12031-exec-7] order.controller.OrderController         : [PYTHIA_FINE_TRACE] service=ts-order-service endpoint=createOrder latency_ms=341
2026-03-11 16:07:51.071  INFO 1 --- [o-12031-exec-10] order.service.OrderServiceImpl           : [PYTHIA_FINE_TRACE] service=ts-order-service stage=service_create latency_ms=46
2026-03-11 16:07:51.071  INFO 1 --- [o-12031-exec-10] order.controller.OrderController         : [PYTHIA_FINE_TRACE] service=ts-order-service endpoint=createOrder latency_ms=46
2026-03-11 16:07:51.430  INFO 1 --- [io-12031-exec-2] order.service.OrderServiceImpl           : [PYTHIA_FINE_TRACE] service=ts-order-service stage=service_create latency_ms=40
2026-03-11 16:07:51.430  INFO 1 --- [io-12031-exec-2] order.controller.OrderController         : [PYTHIA_FINE_TRACE] service=ts-order-service endpoint=createOrder latency_ms=40
2026-03-11 16:07:52.025  INFO 1 --- [io-12031-exec-9] order.service.OrderServiceImpl           : [PYTHIA_DELAY] artificial_delay=300ms
2026-03-11 16:07:52.076  INFO 1 --- [io-12031-exec-9] order.service.OrderServiceImpl           : [PYTHIA_FINE_TRACE] service=ts-order-service stage=service_create latency_ms=351
2026-03-11 16:07:52.076  INFO 1 --- [io-12031-exec-9] order.controller.OrderController         : [PYTHIA_FINE_TRACE] service=ts-order-service endpoint=createOrder latency_ms=351
2026-03-11 16:07:52.445  INFO 1 --- [io-12031-exec-1] order.service.OrderServiceImpl           : [PYTHIA_FINE_TRACE] service=ts-order-service stage=service_create latency_ms=41
2026-03-11 16:07:52.445  INFO 1 --- [io-12031-exec-1] order.controller.OrderController         : [PYTHIA_FINE_TRACE] service=ts-order-service endpoint=createOrder latency_ms=41
2026-03-11 16:07:52.770  INFO 1 --- [io-12031-exec-3] order.service.OrderServiceImpl           : [PYTHIA_FINE_TRACE] service=ts-order-service stage=service_create latency_ms=48
2026-03-11 16:07:52.770  INFO 1 --- [io-12031-exec-3] order.controller.OrderController         : [PYTHIA_FINE_TRACE] service=ts-order-service endpoint=createOrder latency_ms=48
2026-03-11 16:07:53.159  INFO 1 --- [io-12031-exec-5] order.service.OrderServiceImpl           : [PYTHIA_FINE_TRACE] service=ts-order-service stage=service_create latency_ms=43
2026-03-11 16:07:53.159  INFO 1 --- [io-12031-exec-5] order.controller.OrderController         : [PYTHIA_FINE_TRACE] service=ts-order-service endpoint=createOrder latency_ms=43
2026-03-11 16:07:53.510  INFO 1 --- [io-12031-exec-4] order.service.OrderServiceImpl           : [PYTHIA_FINE_TRACE] service=ts-order-service stage=service_create latency_ms=71
2026-03-11 16:07:53.510  INFO 1 --- [io-12031-exec-4] order.controller.OrderController         : [PYTHIA_FINE_TRACE] service=ts-order-service endpoint=createOrder latency_ms=71
2026-03-11 16:07:53.910  INFO 1 --- [io-12031-exec-8] order.service.OrderServiceImpl           : [PYTHIA_FINE_TRACE] service=ts-order-service stage=service_create latency_ms=83
2026-03-11 16:07:53.910  INFO 1 --- [io-12031-exec-8] order.controller.OrderController         : [PYTHIA_FINE_TRACE] service=ts-order-service endpoint=createOrder latency_ms=83
2026-03-11 16:07:54.332  INFO 1 --- [io-12031-exec-6] order.service.OrderServiceImpl           : [PYTHIA_FINE_TRACE] service=ts-order-service stage=service_create latency_ms=50
2026-03-11 16:07:54.332  INFO 1 --- [io-12031-exec-6] order.controller.OrderController         : [PYTHIA_FINE_TRACE] service=ts-order-service endpoint=createOrder latency_ms=50
2026-03-11 16:07:54.666  INFO 1 --- [io-12031-exec-7] order.service.OrderServiceImpl           : [PYTHIA_FINE_TRACE] service=ts-order-service stage=service_create latency_ms=40
2026-03-11 16:07:54.666  INFO 1 --- [io-12031-exec-7] order.controller.OrderController         : [PYTHIA_FINE_TRACE] service=ts-order-service endpoint=createOrder latency_ms=40
2026-03-11 16:07:55.038  INFO 1 --- [o-12031-exec-10] order.service.OrderServiceImpl           : [PYTHIA_FINE_TRACE] service=ts-order-service stage=service_create latency_ms=47
2026-03-11 16:07:55.038  INFO 1 --- [o-12031-exec-10] order.controller.OrderController         : [PYTHIA_FINE_TRACE] service=ts-order-service endpoint=createOrder latency_ms=47
2026-03-11 16:07:55.625  INFO 1 --- [io-12031-exec-2] order.service.OrderServiceImpl           : [PYTHIA_DELAY] artificial_delay=300ms
2026-03-11 16:07:55.670  INFO 1 --- [io-12031-exec-2] order.service.OrderServiceImpl           : [PYTHIA_FINE_TRACE] service=ts-order-service stage=service_create latency_ms=346
2026-03-11 16:07:55.670  INFO 1 --- [io-12031-exec-2] order.controller.OrderController         : [PYTHIA_FINE_TRACE] service=ts-order-service endpoint=createOrder latency_ms=346
2026-03-11 16:07:56.305  INFO 1 --- [io-12031-exec-9] order.service.OrderServiceImpl           : [PYTHIA_DELAY] artificial_delay=300ms
2026-03-11 16:07:56.416  INFO 1 --- [io-12031-exec-9] order.service.OrderServiceImpl           : [PYTHIA_FINE_TRACE] service=ts-order-service stage=service_create latency_ms=411
2026-03-11 16:07:56.416  INFO 1 --- [io-12031-exec-9] order.controller.OrderController         : [PYTHIA_FINE_TRACE] service=ts-order-service endpoint=createOrder latency_ms=411
2026-03-11 16:07:56.823  INFO 1 --- [io-12031-exec-1] order.service.OrderServiceImpl           : [PYTHIA_FINE_TRACE] service=ts-order-service stage=service_create latency_ms=99
2026-03-11 16:07:56.823  INFO 1 --- [io-12031-exec-1] order.controller.OrderController         : [PYTHIA_FINE_TRACE] service=ts-order-service endpoint=createOrder latency_ms=99
2026-03-11 16:07:57.202  INFO 1 --- [io-12031-exec-3] order.service.OrderServiceImpl           : [PYTHIA_FINE_TRACE] service=ts-order-service stage=service_create latency_ms=78
2026-03-11 16:07:57.203  INFO 1 --- [io-12031-exec-3] order.controller.OrderController         : [PYTHIA_FINE_TRACE] service=ts-order-service endpoint=createOrder latency_ms=79
2026-03-11 16:07:57.562  INFO 1 --- [io-12031-exec-4] order.service.OrderServiceImpl           : [PYTHIA_FINE_TRACE] service=ts-order-service stage=service_create latency_ms=41
2026-03-11 16:07:57.562  INFO 1 --- [io-12031-exec-4] order.controller.OrderController         : [PYTHIA_FINE_TRACE] service=ts-order-service endpoint=createOrder latency_ms=41
2026-03-11 16:07:58.189  INFO 1 --- [io-12031-exec-8] order.service.OrderServiceImpl           : [PYTHIA_DELAY] artificial_delay=300ms
2026-03-11 16:07:58.234  INFO 1 --- [io-12031-exec-8] order.service.OrderServiceImpl           : [PYTHIA_FINE_TRACE] service=ts-order-service stage=service_create latency_ms=345
2026-03-11 16:07:58.234  INFO 1 --- [io-12031-exec-8] order.controller.OrderController         : [PYTHIA_FINE_TRACE] service=ts-order-service endpoint=createOrder latency_ms=346
2026-03-11 16:07:58.607  INFO 1 --- [io-12031-exec-6] order.service.OrderServiceImpl           : [PYTHIA_FINE_TRACE] service=ts-order-service stage=service_create latency_ms=85
2026-03-11 16:07:58.607  INFO 1 --- [io-12031-exec-6] order.controller.OrderController         : [PYTHIA_FINE_TRACE] service=ts-order-service endpoint=createOrder latency_ms=86
2026-03-11 16:07:58.960  INFO 1 --- [io-12031-exec-7] order.service.OrderServiceImpl           : [PYTHIA_FINE_TRACE] service=ts-order-service stage=service_create latency_ms=40
2026-03-11 16:07:58.960  INFO 1 --- [io-12031-exec-7] order.controller.OrderController         : [PYTHIA_FINE_TRACE] service=ts-order-service endpoint=createOrder latency_ms=41
2026-03-11 16:07:59.302  INFO 1 --- [o-12031-exec-10] order.service.OrderServiceImpl           : [PYTHIA_FINE_TRACE] service=ts-order-service stage=service_create latency_ms=66
2026-03-11 16:07:59.302  INFO 1 --- [o-12031-exec-10] order.controller.OrderController         : [PYTHIA_FINE_TRACE] service=ts-order-service endpoint=createOrder latency_ms=66
2026-03-11 16:07:59.714  INFO 1 --- [io-12031-exec-2] order.service.OrderServiceImpl           : [PYTHIA_FINE_TRACE] service=ts-order-service stage=service_create latency_ms=92
2026-03-11 16:07:59.714  INFO 1 --- [io-12031-exec-2] order.controller.OrderController         : [PYTHIA_FINE_TRACE] service=ts-order-service endpoint=createOrder latency_ms=93
2026-03-11 16:08:00.102  INFO 1 --- [io-12031-exec-9] order.service.OrderServiceImpl           : [PYTHIA_FINE_TRACE] service=ts-order-service stage=service_create latency_ms=82
2026-03-11 16:08:00.102  INFO 1 --- [io-12031-exec-9] order.controller.OrderController         : [PYTHIA_FINE_TRACE] service=ts-order-service endpoint=createOrder latency_ms=82
2026-03-11 16:08:00.464  INFO 1 --- [io-12031-exec-1] order.service.OrderServiceImpl           : [PYTHIA_FINE_TRACE] service=ts-order-service stage=service_create latency_ms=40
2026-03-11 16:08:00.464  INFO 1 --- [io-12031-exec-1] order.controller.OrderController         : [PYTHIA_FINE_TRACE] service=ts-order-service endpoint=createOrder latency_ms=40
2026-03-11 16:08:00.832  INFO 1 --- [io-12031-exec-5] order.service.OrderServiceImpl           : [PYTHIA_FINE_TRACE] service=ts-order-service stage=service_create latency_ms=50
2026-03-11 16:08:00.832  INFO 1 --- [io-12031-exec-5] order.controller.OrderController         : [PYTHIA_FINE_TRACE] service=ts-order-service endpoint=createOrder latency_ms=51
2026-03-11 16:08:01.161  INFO 1 --- [io-12031-exec-3] order.service.OrderServiceImpl           : [PYTHIA_FINE_TRACE] service=ts-order-service stage=service_create latency_ms=40
2026-03-11 16:08:01.161  INFO 1 --- [io-12031-exec-3] order.controller.OrderController         : [PYTHIA_FINE_TRACE] service=ts-order-service endpoint=createOrder latency_ms=41
2026-03-11 16:08:01.536  INFO 1 --- [io-12031-exec-4] order.service.OrderServiceImpl           : [PYTHIA_FINE_TRACE] service=ts-order-service stage=service_create latency_ms=52
2026-03-11 16:08:01.536  INFO 1 --- [io-12031-exec-4] order.controller.OrderController         : [PYTHIA_FINE_TRACE] service=ts-order-service endpoint=createOrder latency_ms=52
2026-03-11 16:08:01.908  INFO 1 --- [io-12031-exec-8] order.service.OrderServiceImpl           : [PYTHIA_FINE_TRACE] service=ts-order-service stage=service_create latency_ms=76
2026-03-11 16:08:01.908  INFO 1 --- [io-12031-exec-8] order.controller.OrderController         : [PYTHIA_FINE_TRACE] service=ts-order-service endpoint=createOrder latency_ms=76
2026-03-11 16:08:02.337  INFO 1 --- [io-12031-exec-6] order.service.OrderServiceImpl           : [PYTHIA_FINE_TRACE] service=ts-order-service stage=service_create latency_ms=53
2026-03-11 16:08:02.337  INFO 1 --- [io-12031-exec-6] order.controller.OrderController         : [PYTHIA_FINE_TRACE] service=ts-order-service endpoint=createOrder latency_ms=53
2026-03-11 16:08:02.665  INFO 1 --- [io-12031-exec-7] order.service.OrderServiceImpl           : [PYTHIA_FINE_TRACE] service=ts-order-service stage=service_create latency_ms=43
2026-03-11 16:08:02.665  INFO 1 --- [io-12031-exec-7] order.controller.OrderController         : [PYTHIA_FINE_TRACE] service=ts-order-service endpoint=createOrder latency_ms=43
2026-03-11 16:08:03.045  INFO 1 --- [o-12031-exec-10] order.service.OrderServiceImpl           : [PYTHIA_FINE_TRACE] service=ts-order-service stage=service_create latency_ms=53
2026-03-11 16:08:03.045  INFO 1 --- [o-12031-exec-10] order.controller.OrderController         : [PYTHIA_FINE_TRACE] service=ts-order-service endpoint=createOrder latency_ms=54
2026-03-11 16:08:03.624  INFO 1 --- [io-12031-exec-2] order.service.OrderServiceImpl           : [PYTHIA_DELAY] artificial_delay=300ms
2026-03-11 16:08:03.669  INFO 1 --- [io-12031-exec-2] order.service.OrderServiceImpl           : [PYTHIA_FINE_TRACE] service=ts-order-service stage=service_create latency_ms=345
2026-03-11 16:08:03.669  INFO 1 --- [io-12031-exec-2] order.controller.OrderController         : [PYTHIA_FINE_TRACE] service=ts-order-service endpoint=createOrder latency_ms=345
2026-03-11 16:08:04.130  INFO 1 --- [io-12031-exec-9] order.service.OrderServiceImpl           : [PYTHIA_FINE_TRACE] service=ts-order-service stage=service_create latency_ms=50
2026-03-11 16:08:04.130  INFO 1 --- [io-12031-exec-9] order.controller.OrderController         : [PYTHIA_FINE_TRACE] service=ts-order-service endpoint=createOrder latency_ms=50
2026-03-11 16:08:04.464  INFO 1 --- [io-12031-exec-1] order.service.OrderServiceImpl           : [PYTHIA_FINE_TRACE] service=ts-order-service stage=service_create latency_ms=40
2026-03-11 16:08:04.464  INFO 1 --- [io-12031-exec-1] order.controller.OrderController         : [PYTHIA_FINE_TRACE] service=ts-order-service endpoint=createOrder latency_ms=40
2026-03-11 16:08:05.086  INFO 1 --- [io-12031-exec-5] order.service.OrderServiceImpl           : [PYTHIA_DELAY] artificial_delay=300ms
2026-03-11 16:08:05.138  INFO 1 --- [io-12031-exec-5] order.service.OrderServiceImpl           : [PYTHIA_FINE_TRACE] service=ts-order-service stage=service_create latency_ms=352
2026-03-11 16:08:05.138  INFO 1 --- [io-12031-exec-5] order.controller.OrderController         : [PYTHIA_FINE_TRACE] service=ts-order-service endpoint=createOrder latency_ms=352
2026-03-11 16:08:05.462  INFO 1 --- [io-12031-exec-3] order.service.OrderServiceImpl           : [PYTHIA_FINE_TRACE] service=ts-order-service stage=service_create latency_ms=40
2026-03-11 16:08:05.462  INFO 1 --- [io-12031-exec-3] order.controller.OrderController         : [PYTHIA_FINE_TRACE] service=ts-order-service endpoint=createOrder latency_ms=40
2026-03-11 16:08:05.833  INFO 1 --- [io-12031-exec-4] order.service.OrderServiceImpl           : [PYTHIA_FINE_TRACE] service=ts-order-service stage=service_create latency_ms=54
2026-03-11 16:08:05.833  INFO 1 --- [io-12031-exec-4] order.controller.OrderController         : [PYTHIA_FINE_TRACE] service=ts-order-service endpoint=createOrder latency_ms=54
2026-03-11 16:08:06.168  INFO 1 --- [io-12031-exec-8] order.service.OrderServiceImpl           : [PYTHIA_FINE_TRACE] service=ts-order-service stage=service_create latency_ms=43
2026-03-11 16:08:06.168  INFO 1 --- [io-12031-exec-8] order.controller.OrderController         : [PYTHIA_FINE_TRACE] service=ts-order-service endpoint=createOrder latency_ms=43
2026-03-11 16:08:06.816  INFO 1 --- [io-12031-exec-6] order.service.OrderServiceImpl           : [PYTHIA_DELAY] artificial_delay=300ms
2026-03-11 16:08:06.909  INFO 1 --- [io-12031-exec-6] order.service.OrderServiceImpl           : [PYTHIA_FINE_TRACE] service=ts-order-service stage=service_create latency_ms=394
2026-03-11 16:08:06.909  INFO 1 --- [io-12031-exec-6] order.controller.OrderController         : [PYTHIA_FINE_TRACE] service=ts-order-service endpoint=createOrder latency_ms=394
2026-03-11 16:08:07.268  INFO 1 --- [o-12031-exec-10] order.service.OrderServiceImpl           : [PYTHIA_FINE_TRACE] service=ts-order-service stage=service_create latency_ms=43
2026-03-11 16:08:07.268  INFO 1 --- [o-12031-exec-10] order.controller.OrderController         : [PYTHIA_FINE_TRACE] service=ts-order-service endpoint=createOrder latency_ms=44
2026-03-11 16:08:07.631  INFO 1 --- [io-12031-exec-2] order.service.OrderServiceImpl           : [PYTHIA_FINE_TRACE] service=ts-order-service stage=service_create latency_ms=49
2026-03-11 16:08:07.631  INFO 1 --- [io-12031-exec-2] order.controller.OrderController         : [PYTHIA_FINE_TRACE] service=ts-order-service endpoint=createOrder latency_ms=49
2026-03-11 16:08:08.229  INFO 1 --- [io-12031-exec-9] order.service.OrderServiceImpl           : [PYTHIA_DELAY] artificial_delay=300ms
2026-03-11 16:08:08.274  INFO 1 --- [io-12031-exec-9] order.service.OrderServiceImpl           : [PYTHIA_FINE_TRACE] service=ts-order-service stage=service_create latency_ms=345
2026-03-11 16:08:08.274  INFO 1 --- [io-12031-exec-9] order.controller.OrderController         : [PYTHIA_FINE_TRACE] service=ts-order-service endpoint=createOrder latency_ms=345
2026-03-11 16:08:08.711  INFO 1 --- [io-12031-exec-1] order.service.OrderServiceImpl           : [PYTHIA_FINE_TRACE] service=ts-order-service stage=service_create latency_ms=106
2026-03-11 16:08:08.711  INFO 1 --- [io-12031-exec-1] order.controller.OrderController         : [PYTHIA_FINE_TRACE] service=ts-order-service endpoint=createOrder latency_ms=106
2026-03-11 16:08:09.067  INFO 1 --- [io-12031-exec-5] order.service.OrderServiceImpl           : [PYTHIA_FINE_TRACE] service=ts-order-service stage=service_create latency_ms=41
2026-03-11 16:08:09.067  INFO 1 --- [io-12031-exec-5] order.controller.OrderController         : [PYTHIA_FINE_TRACE] service=ts-order-service endpoint=createOrder latency_ms=41
2026-03-11 16:08:09.684  INFO 1 --- [io-12031-exec-3] order.service.OrderServiceImpl           : [PYTHIA_DELAY] artificial_delay=300ms
2026-03-11 16:08:09.732  INFO 1 --- [io-12031-exec-3] order.service.OrderServiceImpl           : [PYTHIA_FINE_TRACE] service=ts-order-service stage=service_create latency_ms=348
2026-03-11 16:08:09.732  INFO 1 --- [io-12031-exec-3] order.controller.OrderController         : [PYTHIA_FINE_TRACE] service=ts-order-service endpoint=createOrder latency_ms=348
2026-03-11 16:08:10.062  INFO 1 --- [io-12031-exec-4] order.service.OrderServiceImpl           : [PYTHIA_FINE_TRACE] service=ts-order-service stage=service_create latency_ms=41
2026-03-11 16:08:10.062  INFO 1 --- [io-12031-exec-4] order.controller.OrderController         : [PYTHIA_FINE_TRACE] service=ts-order-service endpoint=createOrder latency_ms=41
2026-03-11 16:08:10.430  INFO 1 --- [io-12031-exec-8] order.service.OrderServiceImpl           : [PYTHIA_FINE_TRACE] service=ts-order-service stage=service_create latency_ms=48
2026-03-11 16:08:10.430  INFO 1 --- [io-12031-exec-8] order.controller.OrderController         : [PYTHIA_FINE_TRACE] service=ts-order-service endpoint=createOrder latency_ms=48
2026-03-11 16:08:10.764  INFO 1 --- [io-12031-exec-6] order.service.OrderServiceImpl           : [PYTHIA_FINE_TRACE] service=ts-order-service stage=service_create latency_ms=40
2026-03-11 16:08:10.764  INFO 1 --- [io-12031-exec-6] order.controller.OrderController         : [PYTHIA_FINE_TRACE] service=ts-order-service endpoint=createOrder latency_ms=40
2026-03-11 16:08:11.389  INFO 1 --- [io-12031-exec-7] order.service.OrderServiceImpl           : [PYTHIA_DELAY] artificial_delay=300ms
2026-03-11 16:08:11.439  INFO 1 --- [io-12031-exec-7] order.service.OrderServiceImpl           : [PYTHIA_FINE_TRACE] service=ts-order-service stage=service_create latency_ms=350
2026-03-11 16:08:11.439  INFO 1 --- [io-12031-exec-7] order.controller.OrderController         : [PYTHIA_FINE_TRACE] service=ts-order-service endpoint=createOrder latency_ms=351
2026-03-11 16:08:12.087  INFO 1 --- [o-12031-exec-10] order.service.OrderServiceImpl           : [PYTHIA_DELAY] artificial_delay=300ms
2026-03-11 16:08:12.128  INFO 1 --- [o-12031-exec-10] order.service.OrderServiceImpl           : [PYTHIA_FINE_TRACE] service=ts-order-service stage=service_create latency_ms=341
2026-03-11 16:08:12.128  INFO 1 --- [o-12031-exec-10] order.controller.OrderController         : [PYTHIA_FINE_TRACE] service=ts-order-service endpoint=createOrder latency_ms=341
2026-03-11 16:08:12.785  INFO 1 --- [io-12031-exec-2] order.service.OrderServiceImpl           : [PYTHIA_DELAY] artificial_delay=300ms
2026-03-11 16:08:12.834  INFO 1 --- [io-12031-exec-2] order.service.OrderServiceImpl           : [PYTHIA_FINE_TRACE] service=ts-order-service stage=service_create latency_ms=349
2026-03-11 16:08:12.834  INFO 1 --- [io-12031-exec-2] order.controller.OrderController         : [PYTHIA_FINE_TRACE] service=ts-order-service endpoint=createOrder latency_ms=349
2026-03-11 16:08:13.237  INFO 1 --- [io-12031-exec-9] order.service.OrderServiceImpl           : [PYTHIA_FINE_TRACE] service=ts-order-service stage=service_create latency_ms=41
2026-03-11 16:08:13.237  INFO 1 --- [io-12031-exec-9] order.controller.OrderController         : [PYTHIA_FINE_TRACE] service=ts-order-service endpoint=createOrder latency_ms=41
2026-03-11 16:08:13.825  INFO 1 --- [io-12031-exec-1] order.service.OrderServiceImpl           : [PYTHIA_DELAY] artificial_delay=300ms
2026-03-11 16:08:13.872  INFO 1 --- [io-12031-exec-1] order.service.OrderServiceImpl           : [PYTHIA_FINE_TRACE] service=ts-order-service stage=service_create latency_ms=347
2026-03-11 16:08:13.872  INFO 1 --- [io-12031-exec-1] order.controller.OrderController         : [PYTHIA_FINE_TRACE] service=ts-order-service endpoint=createOrder latency_ms=347
2026-03-11 16:08:14.402  INFO 1 --- [io-12031-exec-5] order.service.OrderServiceImpl           : [PYTHIA_FINE_TRACE] service=ts-order-service stage=service_create latency_ms=93
2026-03-11 16:08:14.402  INFO 1 --- [io-12031-exec-5] order.controller.OrderController         : [PYTHIA_FINE_TRACE] service=ts-order-service endpoint=createOrder latency_ms=93
2026-03-11 16:08:14.821  INFO 1 --- [io-12031-exec-3] order.service.OrderServiceImpl           : [PYTHIA_FINE_TRACE] service=ts-order-service stage=service_create latency_ms=104
2026-03-11 16:08:14.821  INFO 1 --- [io-12031-exec-3] order.controller.OrderController         : [PYTHIA_FINE_TRACE] service=ts-order-service endpoint=createOrder latency_ms=104
2026-03-11 16:08:15.318  INFO 1 --- [io-12031-exec-4] order.service.OrderServiceImpl           : [PYTHIA_FINE_TRACE] service=ts-order-service stage=service_create latency_ms=198
2026-03-11 16:08:15.318  INFO 1 --- [io-12031-exec-4] order.controller.OrderController         : [PYTHIA_FINE_TRACE] service=ts-order-service endpoint=createOrder latency_ms=198
2026-03-11 16:08:15.726  INFO 1 --- [io-12031-exec-8] order.service.OrderServiceImpl           : [PYTHIA_FINE_TRACE] service=ts-order-service stage=service_create latency_ms=105
2026-03-11 16:08:15.726  INFO 1 --- [io-12031-exec-8] order.controller.OrderController         : [PYTHIA_FINE_TRACE] service=ts-order-service endpoint=createOrder latency_ms=105
2026-03-11 16:08:16.214  INFO 1 --- [io-12031-exec-6] order.service.OrderServiceImpl           : [PYTHIA_FINE_TRACE] service=ts-order-service stage=service_create latency_ms=189
2026-03-11 16:08:16.214  INFO 1 --- [io-12031-exec-6] order.controller.OrderController         : [PYTHIA_FINE_TRACE] service=ts-order-service endpoint=createOrder latency_ms=189
2026-03-11 16:08:16.823  INFO 1 --- [io-12031-exec-7] order.service.OrderServiceImpl           : [PYTHIA_DELAY] artificial_delay=300ms
2026-03-11 16:08:16.864  INFO 1 --- [io-12031-exec-7] order.service.OrderServiceImpl           : [PYTHIA_FINE_TRACE] service=ts-order-service stage=service_create latency_ms=341
2026-03-11 16:08:16.864  INFO 1 --- [io-12031-exec-7] order.controller.OrderController         : [PYTHIA_FINE_TRACE] service=ts-order-service endpoint=createOrder latency_ms=341
2026-03-11 16:08:17.309  INFO 1 --- [io-12031-exec-2] order.service.OrderServiceImpl           : [PYTHIA_FINE_TRACE] service=ts-order-service stage=service_create latency_ms=101
2026-03-11 16:08:17.309  INFO 1 --- [io-12031-exec-2] order.controller.OrderController         : [PYTHIA_FINE_TRACE] service=ts-order-service endpoint=createOrder latency_ms=101
2026-03-11 16:08:17.731  INFO 1 --- [io-12031-exec-9] order.service.OrderServiceImpl           : [PYTHIA_FINE_TRACE] service=ts-order-service stage=service_create latency_ms=45
2026-03-11 16:08:17.731  INFO 1 --- [io-12031-exec-9] order.controller.OrderController         : [PYTHIA_FINE_TRACE] service=ts-order-service endpoint=createOrder latency_ms=45
2026-03-11 16:08:18.387  INFO 1 --- [io-12031-exec-1] order.service.OrderServiceImpl           : [PYTHIA_DELAY] artificial_delay=300ms
2026-03-11 16:08:18.506  INFO 1 --- [io-12031-exec-1] order.service.OrderServiceImpl           : [PYTHIA_FINE_TRACE] service=ts-order-service stage=service_create latency_ms=419
2026-03-11 16:08:18.506  INFO 1 --- [io-12031-exec-1] order.controller.OrderController         : [PYTHIA_FINE_TRACE] service=ts-order-service endpoint=createOrder latency_ms=419
2026-03-11 16:08:18.931  INFO 1 --- [io-12031-exec-5] order.service.OrderServiceImpl           : [PYTHIA_FINE_TRACE] service=ts-order-service stage=service_create latency_ms=39
2026-03-11 16:08:18.931  INFO 1 --- [io-12031-exec-5] order.controller.OrderController         : [PYTHIA_FINE_TRACE] service=ts-order-service endpoint=createOrder latency_ms=39
2026-03-11 16:08:19.307  INFO 1 --- [io-12031-exec-3] order.service.OrderServiceImpl           : [PYTHIA_FINE_TRACE] service=ts-order-service stage=service_create latency_ms=80
2026-03-11 16:08:19.307  INFO 1 --- [io-12031-exec-3] order.controller.OrderController         : [PYTHIA_FINE_TRACE] service=ts-order-service endpoint=createOrder latency_ms=80
2026-03-11 16:08:19.713  INFO 1 --- [io-12031-exec-4] order.service.OrderServiceImpl           : [PYTHIA_FINE_TRACE] service=ts-order-service stage=service_create latency_ms=89
2026-03-11 16:08:19.713  INFO 1 --- [io-12031-exec-4] order.controller.OrderController         : [PYTHIA_FINE_TRACE] service=ts-order-service endpoint=createOrder latency_ms=89
2026-03-11 16:08:20.071  INFO 1 --- [io-12031-exec-8] order.service.OrderServiceImpl           : [PYTHIA_FINE_TRACE] service=ts-order-service stage=service_create latency_ms=50
2026-03-11 16:08:20.071  INFO 1 --- [io-12031-exec-8] order.controller.OrderController         : [PYTHIA_FINE_TRACE] service=ts-order-service endpoint=createOrder latency_ms=50
2026-03-11 16:08:20.450  INFO 1 --- [io-12031-exec-6] order.service.OrderServiceImpl           : [PYTHIA_FINE_TRACE] service=ts-order-service stage=service_create latency_ms=43
2026-03-11 16:08:20.450  INFO 1 --- [io-12031-exec-6] order.controller.OrderController         : [PYTHIA_FINE_TRACE] service=ts-order-service endpoint=createOrder latency_ms=43
2026-03-11 16:08:20.808  INFO 1 --- [io-12031-exec-7] order.service.OrderServiceImpl           : [PYTHIA_FINE_TRACE] service=ts-order-service stage=service_create latency_ms=48
2026-03-11 16:08:20.808  INFO 1 --- [io-12031-exec-7] order.controller.OrderController         : [PYTHIA_FINE_TRACE] service=ts-order-service endpoint=createOrder latency_ms=48
2026-03-11 16:08:21.202  INFO 1 --- [o-12031-exec-10] order.service.OrderServiceImpl           : [PYTHIA_FINE_TRACE] service=ts-order-service stage=service_create latency_ms=42
2026-03-11 16:08:21.202  INFO 1 --- [o-12031-exec-10] order.controller.OrderController         : [PYTHIA_FINE_TRACE] service=ts-order-service endpoint=createOrder latency_ms=42
2026-03-11 16:08:21.884  INFO 1 --- [io-12031-exec-2] order.service.OrderServiceImpl           : [PYTHIA_DELAY] artificial_delay=300ms
2026-03-11 16:08:21.935  INFO 1 --- [io-12031-exec-2] order.service.OrderServiceImpl           : [PYTHIA_FINE_TRACE] service=ts-order-service stage=service_create latency_ms=351
2026-03-11 16:08:21.935  INFO 1 --- [io-12031-exec-2] order.controller.OrderController         : [PYTHIA_FINE_TRACE] service=ts-order-service endpoint=createOrder latency_ms=351
2026-03-11 16:08:22.563  INFO 1 --- [io-12031-exec-9] order.service.OrderServiceImpl           : [PYTHIA_DELAY] artificial_delay=300ms
2026-03-11 16:08:22.606  INFO 1 --- [io-12031-exec-9] order.service.OrderServiceImpl           : [PYTHIA_FINE_TRACE] service=ts-order-service stage=service_create latency_ms=344
2026-03-11 16:08:22.606  INFO 1 --- [io-12031-exec-9] order.controller.OrderController         : [PYTHIA_FINE_TRACE] service=ts-order-service endpoint=createOrder latency_ms=344
2026-03-11 16:08:23.225  INFO 1 --- [io-12031-exec-1] order.service.OrderServiceImpl           : [PYTHIA_DELAY] artificial_delay=300ms
2026-03-11 16:08:23.274  INFO 1 --- [io-12031-exec-1] order.service.OrderServiceImpl           : [PYTHIA_FINE_TRACE] service=ts-order-service stage=service_create latency_ms=349
2026-03-11 16:08:23.274  INFO 1 --- [io-12031-exec-1] order.controller.OrderController         : [PYTHIA_FINE_TRACE] service=ts-order-service endpoint=createOrder latency_ms=350
2026-03-11 16:08:23.714  INFO 1 --- [io-12031-exec-5] order.service.OrderServiceImpl           : [PYTHIA_FINE_TRACE] service=ts-order-service stage=service_create latency_ms=115
2026-03-11 16:08:23.714  INFO 1 --- [io-12031-exec-5] order.controller.OrderController         : [PYTHIA_FINE_TRACE] service=ts-order-service endpoint=createOrder latency_ms=115
2026-03-11 16:08:24.102  INFO 1 --- [io-12031-exec-3] order.service.OrderServiceImpl           : [PYTHIA_FINE_TRACE] service=ts-order-service stage=service_create latency_ms=80
2026-03-11 16:08:24.102  INFO 1 --- [io-12031-exec-3] order.controller.OrderController         : [PYTHIA_FINE_TRACE] service=ts-order-service endpoint=createOrder latency_ms=80
2026-03-11 16:08:24.531  INFO 1 --- [io-12031-exec-4] order.service.OrderServiceImpl           : [PYTHIA_FINE_TRACE] service=ts-order-service stage=service_create latency_ms=45
2026-03-11 16:08:24.531  INFO 1 --- [io-12031-exec-4] order.controller.OrderController         : [PYTHIA_FINE_TRACE] service=ts-order-service endpoint=createOrder latency_ms=45
2026-03-11 16:08:25.129  INFO 1 --- [io-12031-exec-8] order.service.OrderServiceImpl           : [PYTHIA_DELAY] artificial_delay=300ms
2026-03-11 16:08:25.175  INFO 1 --- [io-12031-exec-8] order.service.OrderServiceImpl           : [PYTHIA_FINE_TRACE] service=ts-order-service stage=service_create latency_ms=347
2026-03-11 16:08:25.175  INFO 1 --- [io-12031-exec-8] order.controller.OrderController         : [PYTHIA_FINE_TRACE] service=ts-order-service endpoint=createOrder latency_ms=347
2026-03-11 16:08:25.563  INFO 1 --- [io-12031-exec-6] order.service.OrderServiceImpl           : [PYTHIA_FINE_TRACE] service=ts-order-service stage=service_create latency_ms=42
2026-03-11 16:08:25.563  INFO 1 --- [io-12031-exec-6] order.controller.OrderController         : [PYTHIA_FINE_TRACE] service=ts-order-service endpoint=createOrder latency_ms=42
2026-03-11 16:08:25.926  INFO 1 --- [io-12031-exec-7] order.service.OrderServiceImpl           : [PYTHIA_FINE_TRACE] service=ts-order-service stage=service_create latency_ms=48
2026-03-11 16:08:25.926  INFO 1 --- [io-12031-exec-7] order.controller.OrderController         : [PYTHIA_FINE_TRACE] service=ts-order-service endpoint=createOrder latency_ms=48
2026-03-11 16:08:26.331  INFO 1 --- [o-12031-exec-10] order.service.OrderServiceImpl           : [PYTHIA_FINE_TRACE] service=ts-order-service stage=service_create latency_ms=53
2026-03-11 16:08:26.331  INFO 1 --- [o-12031-exec-10] order.controller.OrderController         : [PYTHIA_FINE_TRACE] service=ts-order-service endpoint=createOrder latency_ms=53
2026-03-11 16:08:26.666  INFO 1 --- [io-12031-exec-2] order.service.OrderServiceImpl           : [PYTHIA_FINE_TRACE] service=ts-order-service stage=service_create latency_ms=42
2026-03-11 16:08:26.666  INFO 1 --- [io-12031-exec-2] order.controller.OrderController         : [PYTHIA_FINE_TRACE] service=ts-order-service endpoint=createOrder latency_ms=42
2026-03-11 16:08:27.039  INFO 1 --- [io-12031-exec-9] order.service.OrderServiceImpl           : [PYTHIA_FINE_TRACE] service=ts-order-service stage=service_create latency_ms=53
2026-03-11 16:08:27.039  INFO 1 --- [io-12031-exec-9] order.controller.OrderController         : [PYTHIA_FINE_TRACE] service=ts-order-service endpoint=createOrder latency_ms=53
2026-03-11 16:08:27.625  INFO 1 --- [io-12031-exec-5] order.service.OrderServiceImpl           : [PYTHIA_DELAY] artificial_delay=300ms
2026-03-11 16:08:27.667  INFO 1 --- [io-12031-exec-5] order.service.OrderServiceImpl           : [PYTHIA_FINE_TRACE] service=ts-order-service stage=service_create latency_ms=342
2026-03-11 16:08:27.667  INFO 1 --- [io-12031-exec-5] order.controller.OrderController         : [PYTHIA_FINE_TRACE] service=ts-order-service endpoint=createOrder latency_ms=343
2026-03-11 16:08:28.050  INFO 1 --- [io-12031-exec-3] order.service.OrderServiceImpl           : [PYTHIA_FINE_TRACE] service=ts-order-service stage=service_create latency_ms=54
2026-03-11 16:08:28.050  INFO 1 --- [io-12031-exec-3] order.controller.OrderController         : [PYTHIA_FINE_TRACE] service=ts-order-service endpoint=createOrder latency_ms=54
2026-03-11 16:08:28.625  INFO 1 --- [io-12031-exec-4] order.service.OrderServiceImpl           : [PYTHIA_DELAY] artificial_delay=300ms
2026-03-11 16:08:28.667  INFO 1 --- [io-12031-exec-4] order.service.OrderServiceImpl           : [PYTHIA_FINE_TRACE] service=ts-order-service stage=service_create latency_ms=342
2026-03-11 16:08:28.667  INFO 1 --- [io-12031-exec-4] order.controller.OrderController         : [PYTHIA_FINE_TRACE] service=ts-order-service endpoint=createOrder latency_ms=342
2026-03-11 16:08:29.290  INFO 1 --- [io-12031-exec-8] order.service.OrderServiceImpl           : [PYTHIA_DELAY] artificial_delay=300ms
2026-03-11 16:08:29.344  INFO 1 --- [io-12031-exec-8] order.service.OrderServiceImpl           : [PYTHIA_FINE_TRACE] service=ts-order-service stage=service_create latency_ms=354
2026-03-11 16:08:29.344  INFO 1 --- [io-12031-exec-8] order.controller.OrderController         : [PYTHIA_FINE_TRACE] service=ts-order-service endpoint=createOrder latency_ms=354
2026-03-11 16:08:29.664  INFO 1 --- [io-12031-exec-6] order.service.OrderServiceImpl           : [PYTHIA_FINE_TRACE] service=ts-order-service stage=service_create latency_ms=40
2026-03-11 16:08:29.664  INFO 1 --- [io-12031-exec-6] order.controller.OrderController         : [PYTHIA_FINE_TRACE] service=ts-order-service endpoint=createOrder latency_ms=40
2026-03-11 16:08:30.031  INFO 1 --- [io-12031-exec-7] order.service.OrderServiceImpl           : [PYTHIA_FINE_TRACE] service=ts-order-service stage=service_create latency_ms=49
2026-03-11 16:08:30.031  INFO 1 --- [io-12031-exec-7] order.controller.OrderController         : [PYTHIA_FINE_TRACE] service=ts-order-service endpoint=createOrder latency_ms=49
2026-03-11 16:08:30.363  INFO 1 --- [o-12031-exec-10] order.service.OrderServiceImpl           : [PYTHIA_FINE_TRACE] service=ts-order-service stage=service_create latency_ms=41
2026-03-11 16:08:30.363  INFO 1 --- [o-12031-exec-10] order.controller.OrderController         : [PYTHIA_FINE_TRACE] service=ts-order-service endpoint=createOrder latency_ms=41
2026-03-11 16:08:30.772  INFO 1 --- [io-12031-exec-2] order.service.OrderServiceImpl           : [PYTHIA_FINE_TRACE] service=ts-order-service stage=service_create latency_ms=49
2026-03-11 16:08:30.772  INFO 1 --- [io-12031-exec-2] order.controller.OrderController         : [PYTHIA_FINE_TRACE] service=ts-order-service endpoint=createOrder latency_ms=49
2026-03-11 16:08:31.413  INFO 1 --- [io-12031-exec-9] order.service.OrderServiceImpl           : [PYTHIA_DELAY] artificial_delay=300ms
2026-03-11 16:08:31.507  INFO 1 --- [io-12031-exec-9] order.service.OrderServiceImpl           : [PYTHIA_FINE_TRACE] service=ts-order-service stage=service_create latency_ms=394
2026-03-11 16:08:31.507  INFO 1 --- [io-12031-exec-9] order.controller.OrderController         : [PYTHIA_FINE_TRACE] service=ts-order-service endpoint=createOrder latency_ms=394
2026-03-11 16:08:31.907  INFO 1 --- [io-12031-exec-1] order.service.OrderServiceImpl           : [PYTHIA_FINE_TRACE] service=ts-order-service stage=service_create latency_ms=78
2026-03-11 16:08:31.907  INFO 1 --- [io-12031-exec-1] order.controller.OrderController         : [PYTHIA_FINE_TRACE] service=ts-order-service endpoint=createOrder latency_ms=78
2026-03-11 16:08:32.429  INFO 1 --- [io-12031-exec-5] order.service.OrderServiceImpl           : [PYTHIA_FINE_TRACE] service=ts-order-service stage=service_create latency_ms=100
2026-03-11 16:08:32.429  INFO 1 --- [io-12031-exec-5] order.controller.OrderController         : [PYTHIA_FINE_TRACE] service=ts-order-service endpoint=createOrder latency_ms=100
2026-03-11 16:08:32.781  INFO 1 --- [io-12031-exec-3] order.service.OrderServiceImpl           : [PYTHIA_FINE_TRACE] service=ts-order-service stage=service_create latency_ms=51
2026-03-11 16:08:32.781  INFO 1 --- [io-12031-exec-3] order.controller.OrderController         : [PYTHIA_FINE_TRACE] service=ts-order-service endpoint=createOrder latency_ms=51
2026-03-11 16:08:33.403  INFO 1 --- [io-12031-exec-4] order.service.OrderServiceImpl           : [PYTHIA_DELAY] artificial_delay=300ms
2026-03-11 16:08:33.445  INFO 1 --- [io-12031-exec-4] order.service.OrderServiceImpl           : [PYTHIA_FINE_TRACE] service=ts-order-service stage=service_create latency_ms=342
2026-03-11 16:08:33.445  INFO 1 --- [io-12031-exec-4] order.controller.OrderController         : [PYTHIA_FINE_TRACE] service=ts-order-service endpoint=createOrder latency_ms=342
2026-03-11 16:08:33.830  INFO 1 --- [io-12031-exec-8] order.service.OrderServiceImpl           : [PYTHIA_FINE_TRACE] service=ts-order-service stage=service_create latency_ms=50
2026-03-11 16:08:33.830  INFO 1 --- [io-12031-exec-8] order.controller.OrderController         : [PYTHIA_FINE_TRACE] service=ts-order-service endpoint=createOrder latency_ms=50
2026-03-11 16:08:34.167  INFO 1 --- [io-12031-exec-6] order.service.OrderServiceImpl           : [PYTHIA_FINE_TRACE] service=ts-order-service stage=service_create latency_ms=42
2026-03-11 16:08:34.167  INFO 1 --- [io-12031-exec-6] order.controller.OrderController         : [PYTHIA_FINE_TRACE] service=ts-order-service endpoint=createOrder latency_ms=42
2026-03-11 16:08:34.552  INFO 1 --- [io-12031-exec-7] order.service.OrderServiceImpl           : [PYTHIA_FINE_TRACE] service=ts-order-service stage=service_create latency_ms=51
2026-03-11 16:08:34.552  INFO 1 --- [io-12031-exec-7] order.controller.OrderController         : [PYTHIA_FINE_TRACE] service=ts-order-service endpoint=createOrder latency_ms=51
2026-03-11 16:08:34.924  INFO 1 --- [o-12031-exec-10] order.service.OrderServiceImpl           : [PYTHIA_FINE_TRACE] service=ts-order-service stage=service_create latency_ms=43
2026-03-11 16:08:34.924  INFO 1 --- [o-12031-exec-10] order.controller.OrderController         : [PYTHIA_FINE_TRACE] service=ts-order-service endpoint=createOrder latency_ms=43
2026-03-11 16:08:35.270  INFO 1 --- [io-12031-exec-2] order.service.OrderServiceImpl           : [PYTHIA_FINE_TRACE] service=ts-order-service stage=service_create latency_ms=45
2026-03-11 16:08:35.270  INFO 1 --- [io-12031-exec-2] order.controller.OrderController         : [PYTHIA_FINE_TRACE] service=ts-order-service endpoint=createOrder latency_ms=46
2026-03-11 16:08:35.654  INFO 1 --- [io-12031-exec-9] order.service.OrderServiceImpl           : [PYTHIA_FINE_TRACE] service=ts-order-service stage=service_create latency_ms=54
2026-03-11 16:08:35.654  INFO 1 --- [io-12031-exec-9] order.controller.OrderController         : [PYTHIA_FINE_TRACE] service=ts-order-service endpoint=createOrder latency_ms=54
2026-03-11 16:08:35.970  INFO 1 --- [io-12031-exec-1] order.service.OrderServiceImpl           : [PYTHIA_FINE_TRACE] service=ts-order-service stage=service_create latency_ms=42
2026-03-11 16:08:35.970  INFO 1 --- [io-12031-exec-1] order.controller.OrderController         : [PYTHIA_FINE_TRACE] service=ts-order-service endpoint=createOrder latency_ms=42
2026-03-11 16:08:36.590  INFO 1 --- [io-12031-exec-5] order.service.OrderServiceImpl           : [PYTHIA_DELAY] artificial_delay=300ms
2026-03-11 16:08:36.643  INFO 1 --- [io-12031-exec-5] order.service.OrderServiceImpl           : [PYTHIA_FINE_TRACE] service=ts-order-service stage=service_create latency_ms=353
2026-03-11 16:08:36.643  INFO 1 --- [io-12031-exec-5] order.controller.OrderController         : [PYTHIA_FINE_TRACE] service=ts-order-service endpoint=createOrder latency_ms=353
2026-03-11 16:08:37.229  INFO 1 --- [io-12031-exec-3] order.service.OrderServiceImpl           : [PYTHIA_DELAY] artificial_delay=300ms
2026-03-11 16:08:37.272  INFO 1 --- [io-12031-exec-3] order.service.OrderServiceImpl           : [PYTHIA_FINE_TRACE] service=ts-order-service stage=service_create latency_ms=343
2026-03-11 16:08:37.272  INFO 1 --- [io-12031-exec-3] order.controller.OrderController         : [PYTHIA_FINE_TRACE] service=ts-order-service endpoint=createOrder latency_ms=344
2026-03-11 16:08:37.702  INFO 1 --- [io-12031-exec-8] order.service.OrderServiceImpl           : [PYTHIA_FINE_TRACE] service=ts-order-service stage=service_create latency_ms=96
2026-03-11 16:08:37.702  INFO 1 --- [io-12031-exec-8] order.controller.OrderController         : [PYTHIA_FINE_TRACE] service=ts-order-service endpoint=createOrder latency_ms=96
2026-03-11 16:08:38.064  INFO 1 --- [io-12031-exec-6] order.service.OrderServiceImpl           : [PYTHIA_FINE_TRACE] service=ts-order-service stage=service_create latency_ms=41
2026-03-11 16:08:38.064  INFO 1 --- [io-12031-exec-6] order.controller.OrderController         : [PYTHIA_FINE_TRACE] service=ts-order-service endpoint=createOrder latency_ms=41
2026-03-11 16:08:38.443  INFO 1 --- [io-12031-exec-7] order.service.OrderServiceImpl           : [PYTHIA_FINE_TRACE] service=ts-order-service stage=service_create latency_ms=54
2026-03-11 16:08:38.443  INFO 1 --- [io-12031-exec-7] order.controller.OrderController         : [PYTHIA_FINE_TRACE] service=ts-order-service endpoint=createOrder latency_ms=54
2026-03-11 16:08:38.839  INFO 1 --- [o-12031-exec-10] order.service.OrderServiceImpl           : [PYTHIA_FINE_TRACE] service=ts-order-service stage=service_create latency_ms=43
2026-03-11 16:08:38.839  INFO 1 --- [o-12031-exec-10] order.controller.OrderController         : [PYTHIA_FINE_TRACE] service=ts-order-service endpoint=createOrder latency_ms=44
2026-03-11 16:08:39.483  INFO 1 --- [io-12031-exec-2] order.service.OrderServiceImpl           : [PYTHIA_DELAY] artificial_delay=300ms
2026-03-11 16:08:39.535  INFO 1 --- [io-12031-exec-2] order.service.OrderServiceImpl           : [PYTHIA_FINE_TRACE] service=ts-order-service stage=service_create latency_ms=353
2026-03-11 16:08:39.535  INFO 1 --- [io-12031-exec-2] order.controller.OrderController         : [PYTHIA_FINE_TRACE] service=ts-order-service endpoint=createOrder latency_ms=353
2026-03-11 16:08:40.124  INFO 1 --- [io-12031-exec-9] order.service.OrderServiceImpl           : [PYTHIA_DELAY] artificial_delay=300ms
2026-03-11 16:08:40.166  INFO 1 --- [io-12031-exec-9] order.service.OrderServiceImpl           : [PYTHIA_FINE_TRACE] service=ts-order-service stage=service_create latency_ms=342
2026-03-11 16:08:40.166  INFO 1 --- [io-12031-exec-9] order.controller.OrderController         : [PYTHIA_FINE_TRACE] service=ts-order-service endpoint=createOrder latency_ms=342
2026-03-11 16:08:40.539  INFO 1 --- [io-12031-exec-1] order.service.OrderServiceImpl           : [PYTHIA_FINE_TRACE] service=ts-order-service stage=service_create latency_ms=49
2026-03-11 16:08:40.539  INFO 1 --- [io-12031-exec-1] order.controller.OrderController         : [PYTHIA_FINE_TRACE] service=ts-order-service endpoint=createOrder latency_ms=49
2026-03-11 16:08:40.864  INFO 1 --- [io-12031-exec-5] order.service.OrderServiceImpl           : [PYTHIA_FINE_TRACE] service=ts-order-service stage=service_create latency_ms=40
2026-03-11 16:08:40.864  INFO 1 --- [io-12031-exec-5] order.controller.OrderController         : [PYTHIA_FINE_TRACE] service=ts-order-service endpoint=createOrder latency_ms=40
2026-03-11 16:08:41.308  INFO 1 --- [io-12031-exec-4] order.service.OrderServiceImpl           : [PYTHIA_FINE_TRACE] service=ts-order-service stage=service_create latency_ms=115
2026-03-11 16:08:41.308  INFO 1 --- [io-12031-exec-4] order.controller.OrderController         : [PYTHIA_FINE_TRACE] service=ts-order-service endpoint=createOrder latency_ms=115
2026-03-11 16:08:41.719  INFO 1 --- [io-12031-exec-3] order.service.OrderServiceImpl           : [PYTHIA_FINE_TRACE] service=ts-order-service stage=service_create latency_ms=96
2026-03-11 16:08:41.719  INFO 1 --- [io-12031-exec-3] order.controller.OrderController         : [PYTHIA_FINE_TRACE] service=ts-order-service endpoint=createOrder latency_ms=96
2026-03-11 16:08:42.384  INFO 1 --- [io-12031-exec-8] order.service.OrderServiceImpl           : [PYTHIA_DELAY] artificial_delay=300ms
2026-03-11 16:08:42.439  INFO 1 --- [io-12031-exec-8] order.service.OrderServiceImpl           : [PYTHIA_FINE_TRACE] service=ts-order-service stage=service_create latency_ms=354
2026-03-11 16:08:42.439  INFO 1 --- [io-12031-exec-8] order.controller.OrderController         : [PYTHIA_FINE_TRACE] service=ts-order-service endpoint=createOrder latency_ms=355
2026-03-11 16:08:43.025  INFO 1 --- [io-12031-exec-6] order.service.OrderServiceImpl           : [PYTHIA_DELAY] artificial_delay=300ms
2026-03-11 16:08:43.068  INFO 1 --- [io-12031-exec-6] order.service.OrderServiceImpl           : [PYTHIA_FINE_TRACE] service=ts-order-service stage=service_create latency_ms=343
2026-03-11 16:08:43.068  INFO 1 --- [io-12031-exec-6] order.controller.OrderController         : [PYTHIA_FINE_TRACE] service=ts-order-service endpoint=createOrder latency_ms=343
2026-03-11 16:08:43.446  INFO 1 --- [io-12031-exec-7] order.service.OrderServiceImpl           : [PYTHIA_FINE_TRACE] service=ts-order-service stage=service_create latency_ms=52
2026-03-11 16:08:43.446  INFO 1 --- [io-12031-exec-7] order.controller.OrderController         : [PYTHIA_FINE_TRACE] service=ts-order-service endpoint=createOrder latency_ms=52
2026-03-11 16:08:43.780  INFO 1 --- [o-12031-exec-10] order.service.OrderServiceImpl           : [PYTHIA_FINE_TRACE] service=ts-order-service stage=service_create latency_ms=53
2026-03-11 16:08:43.780  INFO 1 --- [o-12031-exec-10] order.controller.OrderController         : [PYTHIA_FINE_TRACE] service=ts-order-service endpoint=createOrder latency_ms=53
2026-03-11 16:08:44.414  INFO 1 --- [io-12031-exec-2] order.service.OrderServiceImpl           : [PYTHIA_DELAY] artificial_delay=300ms
2026-03-11 16:08:44.457  INFO 1 --- [io-12031-exec-2] order.service.OrderServiceImpl           : [PYTHIA_FINE_TRACE] service=ts-order-service stage=service_create latency_ms=343
2026-03-11 16:08:44.457  INFO 1 --- [io-12031-exec-2] order.controller.OrderController         : [PYTHIA_FINE_TRACE] service=ts-order-service endpoint=createOrder latency_ms=343
2026-03-11 16:08:45.085  INFO 1 --- [io-12031-exec-9] order.service.OrderServiceImpl           : [PYTHIA_DELAY] artificial_delay=300ms
2026-03-11 16:08:45.143  INFO 1 --- [io-12031-exec-9] order.service.OrderServiceImpl           : [PYTHIA_FINE_TRACE] service=ts-order-service stage=service_create latency_ms=359
2026-03-11 16:08:45.143  INFO 1 --- [io-12031-exec-9] order.controller.OrderController         : [PYTHIA_FINE_TRACE] service=ts-order-service endpoint=createOrder latency_ms=359
2026-03-11 16:08:45.527  INFO 1 --- [io-12031-exec-1] order.service.OrderServiceImpl           : [PYTHIA_FINE_TRACE] service=ts-order-service stage=service_create latency_ms=44
2026-03-11 16:08:45.527  INFO 1 --- [io-12031-exec-1] order.controller.OrderController         : [PYTHIA_FINE_TRACE] service=ts-order-service endpoint=createOrder latency_ms=44
2026-03-11 16:08:45.873  INFO 1 --- [io-12031-exec-5] order.service.OrderServiceImpl           : [PYTHIA_FINE_TRACE] service=ts-order-service stage=service_create latency_ms=51
2026-03-11 16:08:45.873  INFO 1 --- [io-12031-exec-5] order.controller.OrderController         : [PYTHIA_FINE_TRACE] service=ts-order-service endpoint=createOrder latency_ms=51
2026-03-11 16:08:46.249  INFO 1 --- [io-12031-exec-4] order.service.OrderServiceImpl           : [PYTHIA_FINE_TRACE] service=ts-order-service stage=service_create latency_ms=49
2026-03-11 16:08:46.249  INFO 1 --- [io-12031-exec-4] order.controller.OrderController         : [PYTHIA_FINE_TRACE] service=ts-order-service endpoint=createOrder latency_ms=49
2026-03-11 16:08:46.887  INFO 1 --- [io-12031-exec-3] order.service.OrderServiceImpl           : [PYTHIA_DELAY] artificial_delay=300ms
2026-03-11 16:08:46.941  INFO 1 --- [io-12031-exec-3] order.service.OrderServiceImpl           : [PYTHIA_FINE_TRACE] service=ts-order-service stage=service_create latency_ms=354
2026-03-11 16:08:46.941  INFO 1 --- [io-12031-exec-3] order.controller.OrderController         : [PYTHIA_FINE_TRACE] service=ts-order-service endpoint=createOrder latency_ms=354
2026-03-11 16:08:47.527  INFO 1 --- [io-12031-exec-6] order.service.OrderServiceImpl           : [PYTHIA_DELAY] artificial_delay=300ms
2026-03-11 16:08:47.574  INFO 1 --- [io-12031-exec-6] order.service.OrderServiceImpl           : [PYTHIA_FINE_TRACE] service=ts-order-service stage=service_create latency_ms=347
2026-03-11 16:08:47.574  INFO 1 --- [io-12031-exec-6] order.controller.OrderController         : [PYTHIA_FINE_TRACE] service=ts-order-service endpoint=createOrder latency_ms=348
2026-03-11 16:08:47.948  INFO 1 --- [io-12031-exec-7] order.service.OrderServiceImpl           : [PYTHIA_FINE_TRACE] service=ts-order-service stage=service_create latency_ms=52
2026-03-11 16:08:47.948  INFO 1 --- [io-12031-exec-7] order.controller.OrderController         : [PYTHIA_FINE_TRACE] service=ts-order-service endpoint=createOrder latency_ms=52
2026-03-11 16:08:48.537  INFO 1 --- [o-12031-exec-10] order.service.OrderServiceImpl           : [PYTHIA_FINE_TRACE] service=ts-order-service stage=service_create latency_ms=42
2026-03-11 16:08:48.537  INFO 1 --- [o-12031-exec-10] order.controller.OrderController         : [PYTHIA_FINE_TRACE] service=ts-order-service endpoint=createOrder latency_ms=42
2026-03-11 16:08:49.226  INFO 1 --- [io-12031-exec-2] order.service.OrderServiceImpl           : [PYTHIA_FINE_TRACE] service=ts-order-service stage=service_create latency_ms=121
2026-03-11 16:08:49.226  INFO 1 --- [io-12031-exec-2] order.controller.OrderController         : [PYTHIA_FINE_TRACE] service=ts-order-service endpoint=createOrder latency_ms=121
2026-03-11 16:08:50.031  INFO 1 --- [io-12031-exec-9] order.service.OrderServiceImpl           : [PYTHIA_FINE_TRACE] service=ts-order-service stage=service_create latency_ms=43
2026-03-11 16:08:50.031  INFO 1 --- [io-12031-exec-9] order.controller.OrderController         : [PYTHIA_FINE_TRACE] service=ts-order-service endpoint=createOrder latency_ms=43
2026-03-11 16:08:50.935  INFO 1 --- [io-12031-exec-1] order.service.OrderServiceImpl           : [PYTHIA_FINE_TRACE] service=ts-order-service stage=service_create latency_ms=51
2026-03-11 16:08:50.935  INFO 1 --- [io-12031-exec-1] order.controller.OrderController         : [PYTHIA_FINE_TRACE] service=ts-order-service endpoint=createOrder latency_ms=51
2026-03-11 16:08:51.636  INFO 1 --- [io-12031-exec-5] order.service.OrderServiceImpl           : [PYTHIA_FINE_TRACE] service=ts-order-service stage=service_create latency_ms=42
2026-03-11 16:08:51.636  INFO 1 --- [io-12031-exec-5] order.controller.OrderController         : [PYTHIA_FINE_TRACE] service=ts-order-service endpoint=createOrder latency_ms=42
2026-03-11 16:08:52.594  INFO 1 --- [io-12031-exec-4] order.service.OrderServiceImpl           : [PYTHIA_DELAY] artificial_delay=300ms
2026-03-11 16:08:52.645  INFO 1 --- [io-12031-exec-4] order.service.OrderServiceImpl           : [PYTHIA_FINE_TRACE] service=ts-order-service stage=service_create latency_ms=351
2026-03-11 16:08:52.645  INFO 1 --- [io-12031-exec-4] order.controller.OrderController         : [PYTHIA_FINE_TRACE] service=ts-order-service endpoint=createOrder latency_ms=352
2026-03-11 16:08:53.224  INFO 1 --- [io-12031-exec-3] order.service.OrderServiceImpl           : [PYTHIA_DELAY] artificial_delay=300ms
2026-03-11 16:08:53.314  INFO 1 --- [io-12031-exec-3] order.service.OrderServiceImpl           : [PYTHIA_FINE_TRACE] service=ts-order-service stage=service_create latency_ms=390
2026-03-11 16:08:53.315  INFO 1 --- [io-12031-exec-3] order.controller.OrderController         : [PYTHIA_FINE_TRACE] service=ts-order-service endpoint=createOrder latency_ms=391
2026-03-11 16:08:53.731  INFO 1 --- [io-12031-exec-8] order.service.OrderServiceImpl           : [PYTHIA_FINE_TRACE] service=ts-order-service stage=service_create latency_ms=49
2026-03-11 16:08:53.731  INFO 1 --- [io-12031-exec-8] order.controller.OrderController         : [PYTHIA_FINE_TRACE] service=ts-order-service endpoint=createOrder latency_ms=50
2026-03-11 16:08:54.111  INFO 1 --- [io-12031-exec-6] order.service.OrderServiceImpl           : [PYTHIA_FINE_TRACE] service=ts-order-service stage=service_create latency_ms=91
2026-03-11 16:08:54.111  INFO 1 --- [io-12031-exec-6] order.controller.OrderController         : [PYTHIA_FINE_TRACE] service=ts-order-service endpoint=createOrder latency_ms=91
2026-03-11 16:08:54.464  INFO 1 --- [io-12031-exec-7] order.service.OrderServiceImpl           : [PYTHIA_FINE_TRACE] service=ts-order-service stage=service_create latency_ms=41
2026-03-11 16:08:54.464  INFO 1 --- [io-12031-exec-7] order.controller.OrderController         : [PYTHIA_FINE_TRACE] service=ts-order-service endpoint=createOrder latency_ms=41
2026-03-11 16:08:55.090  INFO 1 --- [o-12031-exec-10] order.service.OrderServiceImpl           : [PYTHIA_DELAY] artificial_delay=300ms
2026-03-11 16:08:55.143  INFO 1 --- [o-12031-exec-10] order.service.OrderServiceImpl           : [PYTHIA_FINE_TRACE] service=ts-order-service stage=service_create latency_ms=353
2026-03-11 16:08:55.143  INFO 1 --- [o-12031-exec-10] order.controller.OrderController         : [PYTHIA_FINE_TRACE] service=ts-order-service endpoint=createOrder latency_ms=353
2026-03-11 16:08:55.529  INFO 1 --- [io-12031-exec-2] order.service.OrderServiceImpl           : [PYTHIA_FINE_TRACE] service=ts-order-service stage=service_create latency_ms=103
2026-03-11 16:08:55.529  INFO 1 --- [io-12031-exec-2] order.controller.OrderController         : [PYTHIA_FINE_TRACE] service=ts-order-service endpoint=createOrder latency_ms=103
2026-03-11 16:08:56.125  INFO 1 --- [io-12031-exec-9] order.service.OrderServiceImpl           : [PYTHIA_DELAY] artificial_delay=300ms
2026-03-11 16:08:56.177  INFO 1 --- [io-12031-exec-9] order.service.OrderServiceImpl           : [PYTHIA_FINE_TRACE] service=ts-order-service stage=service_create latency_ms=352
2026-03-11 16:08:56.177  INFO 1 --- [io-12031-exec-9] order.controller.OrderController         : [PYTHIA_FINE_TRACE] service=ts-order-service endpoint=createOrder latency_ms=352
2026-03-11 16:08:56.544  INFO 1 --- [io-12031-exec-1] order.service.OrderServiceImpl           : [PYTHIA_FINE_TRACE] service=ts-order-service stage=service_create latency_ms=47
2026-03-11 16:08:56.544  INFO 1 --- [io-12031-exec-1] order.controller.OrderController         : [PYTHIA_FINE_TRACE] service=ts-order-service endpoint=createOrder latency_ms=47
2026-03-11 16:08:57.125  INFO 1 --- [io-12031-exec-5] order.service.OrderServiceImpl           : [PYTHIA_DELAY] artificial_delay=300ms
2026-03-11 16:08:57.175  INFO 1 --- [io-12031-exec-5] order.service.OrderServiceImpl           : [PYTHIA_FINE_TRACE] service=ts-order-service stage=service_create latency_ms=350
2026-03-11 16:08:57.175  INFO 1 --- [io-12031-exec-5] order.controller.OrderController         : [PYTHIA_FINE_TRACE] service=ts-order-service endpoint=createOrder latency_ms=350
2026-03-11 16:08:57.537  INFO 1 --- [io-12031-exec-3] order.service.OrderServiceImpl           : [PYTHIA_FINE_TRACE] service=ts-order-service stage=service_create latency_ms=43
2026-03-11 16:08:57.537  INFO 1 --- [io-12031-exec-3] order.controller.OrderController         : [PYTHIA_FINE_TRACE] service=ts-order-service endpoint=createOrder latency_ms=43
2026-03-11 16:08:58.125  INFO 1 --- [io-12031-exec-8] order.service.OrderServiceImpl           : [PYTHIA_DELAY] artificial_delay=300ms
2026-03-11 16:08:58.176  INFO 1 --- [io-12031-exec-8] order.service.OrderServiceImpl           : [PYTHIA_FINE_TRACE] service=ts-order-service stage=service_create latency_ms=351
2026-03-11 16:08:58.176  INFO 1 --- [io-12031-exec-8] order.controller.OrderController         : [PYTHIA_FINE_TRACE] service=ts-order-service endpoint=createOrder latency_ms=351
2026-03-11 16:08:58.544  INFO 1 --- [io-12031-exec-6] order.service.OrderServiceImpl           : [PYTHIA_FINE_TRACE] service=ts-order-service stage=service_create latency_ms=48
2026-03-11 16:08:58.545  INFO 1 --- [io-12031-exec-6] order.controller.OrderController         : [PYTHIA_FINE_TRACE] service=ts-order-service endpoint=createOrder latency_ms=50
2026-03-11 16:08:58.874  INFO 1 --- [io-12031-exec-7] order.service.OrderServiceImpl           : [PYTHIA_FINE_TRACE] service=ts-order-service stage=service_create latency_ms=49
2026-03-11 16:08:58.874  INFO 1 --- [io-12031-exec-7] order.controller.OrderController         : [PYTHIA_FINE_TRACE] service=ts-order-service endpoint=createOrder latency_ms=49
2026-03-11 16:08:59.237  INFO 1 --- [o-12031-exec-10] order.service.OrderServiceImpl           : [PYTHIA_FINE_TRACE] service=ts-order-service stage=service_create latency_ms=42
2026-03-11 16:08:59.237  INFO 1 --- [o-12031-exec-10] order.controller.OrderController         : [PYTHIA_FINE_TRACE] service=ts-order-service endpoint=createOrder latency_ms=42
2026-03-11 16:08:59.569  INFO 1 --- [io-12031-exec-2] order.service.OrderServiceImpl           : [PYTHIA_FINE_TRACE] service=ts-order-service stage=service_create latency_ms=47
2026-03-11 16:08:59.569  INFO 1 --- [io-12031-exec-2] order.controller.OrderController         : [PYTHIA_FINE_TRACE] service=ts-order-service endpoint=createOrder latency_ms=47
2026-03-11 16:08:59.938  INFO 1 --- [io-12031-exec-9] order.service.OrderServiceImpl           : [PYTHIA_FINE_TRACE] service=ts-order-service stage=service_create latency_ms=55
2026-03-11 16:08:59.938  INFO 1 --- [io-12031-exec-9] order.controller.OrderController         : [PYTHIA_FINE_TRACE] service=ts-order-service endpoint=createOrder latency_ms=55
2026-03-11 16:09:00.264  INFO 1 --- [io-12031-exec-1] order.service.OrderServiceImpl           : [PYTHIA_FINE_TRACE] service=ts-order-service stage=service_create latency_ms=42
2026-03-11 16:09:00.264  INFO 1 --- [io-12031-exec-1] order.controller.OrderController         : [PYTHIA_FINE_TRACE] service=ts-order-service endpoint=createOrder latency_ms=42
2026-03-11 16:09:00.702  INFO 1 --- [io-12031-exec-5] order.service.OrderServiceImpl           : [PYTHIA_FINE_TRACE] service=ts-order-service stage=service_create latency_ms=85
2026-03-11 16:09:00.702  INFO 1 --- [io-12031-exec-5] order.controller.OrderController         : [PYTHIA_FINE_TRACE] service=ts-order-service endpoint=createOrder latency_ms=85
2026-03-11 16:09:01.061  INFO 1 --- [io-12031-exec-4] order.service.OrderServiceImpl           : [PYTHIA_FINE_TRACE] service=ts-order-service stage=service_create latency_ms=40
2026-03-11 16:09:01.061  INFO 1 --- [io-12031-exec-4] order.controller.OrderController         : [PYTHIA_FINE_TRACE] service=ts-order-service endpoint=createOrder latency_ms=40
2026-03-11 16:09:01.402  INFO 1 --- [io-12031-exec-3] order.service.OrderServiceImpl           : [PYTHIA_FINE_TRACE] service=ts-order-service stage=service_create latency_ms=75
2026-03-11 16:09:01.402  INFO 1 --- [io-12031-exec-3] order.controller.OrderController         : [PYTHIA_FINE_TRACE] service=ts-order-service endpoint=createOrder latency_ms=75
2026-03-11 16:09:02.027  INFO 1 --- [io-12031-exec-8] order.service.OrderServiceImpl           : [PYTHIA_DELAY] artificial_delay=300ms
2026-03-11 16:09:02.070  INFO 1 --- [io-12031-exec-8] order.service.OrderServiceImpl           : [PYTHIA_FINE_TRACE] service=ts-order-service stage=service_create latency_ms=344
2026-03-11 16:09:02.070  INFO 1 --- [io-12031-exec-8] order.controller.OrderController         : [PYTHIA_FINE_TRACE] service=ts-order-service endpoint=createOrder latency_ms=344
2026-03-11 16:09:02.443  INFO 1 --- [io-12031-exec-6] order.service.OrderServiceImpl           : [PYTHIA_FINE_TRACE] service=ts-order-service stage=service_create latency_ms=56
2026-03-11 16:09:02.443  INFO 1 --- [io-12031-exec-6] order.controller.OrderController         : [PYTHIA_FINE_TRACE] service=ts-order-service endpoint=createOrder latency_ms=56
2026-03-11 16:09:02.767  INFO 1 --- [io-12031-exec-7] order.service.OrderServiceImpl           : [PYTHIA_FINE_TRACE] service=ts-order-service stage=service_create latency_ms=41
2026-03-11 16:09:02.767  INFO 1 --- [io-12031-exec-7] order.controller.OrderController         : [PYTHIA_FINE_TRACE] service=ts-order-service endpoint=createOrder latency_ms=41
2026-03-11 16:09:03.135  INFO 1 --- [o-12031-exec-10] order.service.OrderServiceImpl           : [PYTHIA_FINE_TRACE] service=ts-order-service stage=service_create latency_ms=50
2026-03-11 16:09:03.135  INFO 1 --- [o-12031-exec-10] order.controller.OrderController         : [PYTHIA_FINE_TRACE] service=ts-order-service endpoint=createOrder latency_ms=50
2026-03-11 16:09:03.728  INFO 1 --- [io-12031-exec-2] order.service.OrderServiceImpl           : [PYTHIA_DELAY] artificial_delay=300ms
2026-03-11 16:09:03.767  INFO 1 --- [io-12031-exec-2] order.service.OrderServiceImpl           : [PYTHIA_FINE_TRACE] service=ts-order-service stage=service_create latency_ms=340
2026-03-11 16:09:03.767  INFO 1 --- [io-12031-exec-2] order.controller.OrderController         : [PYTHIA_FINE_TRACE] service=ts-order-service endpoint=createOrder latency_ms=340
2026-03-11 16:09:04.386  INFO 1 --- [io-12031-exec-9] order.service.OrderServiceImpl           : [PYTHIA_DELAY] artificial_delay=300ms
2026-03-11 16:09:04.439  INFO 1 --- [io-12031-exec-9] order.service.OrderServiceImpl           : [PYTHIA_FINE_TRACE] service=ts-order-service stage=service_create latency_ms=353
2026-03-11 16:09:04.439  INFO 1 --- [io-12031-exec-9] order.controller.OrderController         : [PYTHIA_FINE_TRACE] service=ts-order-service endpoint=createOrder latency_ms=353
2026-03-11 16:09:05.025  INFO 1 --- [io-12031-exec-1] order.service.OrderServiceImpl           : [PYTHIA_DELAY] artificial_delay=300ms
2026-03-11 16:09:05.069  INFO 1 --- [io-12031-exec-1] order.service.OrderServiceImpl           : [PYTHIA_FINE_TRACE] service=ts-order-service stage=service_create latency_ms=344
2026-03-11 16:09:05.069  INFO 1 --- [io-12031-exec-1] order.controller.OrderController         : [PYTHIA_FINE_TRACE] service=ts-order-service endpoint=createOrder latency_ms=344
2026-03-11 16:09:05.501  INFO 1 --- [io-12031-exec-5] order.service.OrderServiceImpl           : [PYTHIA_FINE_TRACE] service=ts-order-service stage=service_create latency_ms=94
2026-03-11 16:09:05.502  INFO 1 --- [io-12031-exec-5] order.controller.OrderController         : [PYTHIA_FINE_TRACE] service=ts-order-service endpoint=createOrder latency_ms=95
2026-03-11 16:09:06.122  INFO 1 --- [io-12031-exec-4] order.service.OrderServiceImpl           : [PYTHIA_DELAY] artificial_delay=300ms
2026-03-11 16:09:06.202  INFO 1 --- [io-12031-exec-4] order.service.OrderServiceImpl           : [PYTHIA_FINE_TRACE] service=ts-order-service stage=service_create latency_ms=380
2026-03-11 16:09:06.202  INFO 1 --- [io-12031-exec-4] order.controller.OrderController         : [PYTHIA_FINE_TRACE] service=ts-order-service endpoint=createOrder latency_ms=380
2026-03-11 16:09:06.568  INFO 1 --- [io-12031-exec-3] order.service.OrderServiceImpl           : [PYTHIA_FINE_TRACE] service=ts-order-service stage=service_create latency_ms=42
2026-03-11 16:09:06.568  INFO 1 --- [io-12031-exec-3] order.controller.OrderController         : [PYTHIA_FINE_TRACE] service=ts-order-service endpoint=createOrder latency_ms=42
2026-03-11 16:09:06.942  INFO 1 --- [io-12031-exec-8] order.service.OrderServiceImpl           : [PYTHIA_FINE_TRACE] service=ts-order-service stage=service_create latency_ms=54
2026-03-11 16:09:06.942  INFO 1 --- [io-12031-exec-8] order.controller.OrderController         : [PYTHIA_FINE_TRACE] service=ts-order-service endpoint=createOrder latency_ms=54
2026-03-11 16:09:07.262  INFO 1 --- [io-12031-exec-7] order.service.OrderServiceImpl           : [PYTHIA_FINE_TRACE] service=ts-order-service stage=service_create latency_ms=41
2026-03-11 16:09:07.262  INFO 1 --- [io-12031-exec-7] order.controller.OrderController         : [PYTHIA_FINE_TRACE] service=ts-order-service endpoint=createOrder latency_ms=41
2026-03-11 16:09:07.633  INFO 1 --- [o-12031-exec-10] order.service.OrderServiceImpl           : [PYTHIA_FINE_TRACE] service=ts-order-service stage=service_create latency_ms=53
2026-03-11 16:09:07.633  INFO 1 --- [o-12031-exec-10] order.controller.OrderController         : [PYTHIA_FINE_TRACE] service=ts-order-service endpoint=createOrder latency_ms=53
2026-03-11 16:09:08.278  INFO 1 --- [io-12031-exec-2] order.service.OrderServiceImpl           : [PYTHIA_DELAY] artificial_delay=300ms
2026-03-11 16:09:08.322  INFO 1 --- [io-12031-exec-2] order.service.OrderServiceImpl           : [PYTHIA_FINE_TRACE] service=ts-order-service stage=service_create latency_ms=344
2026-03-11 16:09:08.322  INFO 1 --- [io-12031-exec-2] order.controller.OrderController         : [PYTHIA_FINE_TRACE] service=ts-order-service endpoint=createOrder latency_ms=344
2026-03-11 16:09:08.705  INFO 1 --- [io-12031-exec-9] order.service.OrderServiceImpl           : [PYTHIA_FINE_TRACE] service=ts-order-service stage=service_create latency_ms=75
2026-03-11 16:09:08.705  INFO 1 --- [io-12031-exec-9] order.controller.OrderController         : [PYTHIA_FINE_TRACE] service=ts-order-service endpoint=createOrder latency_ms=75
2026-03-11 16:09:09.063  INFO 1 --- [io-12031-exec-1] order.service.OrderServiceImpl           : [PYTHIA_FINE_TRACE] service=ts-order-service stage=service_create latency_ms=42
2026-03-11 16:09:09.063  INFO 1 --- [io-12031-exec-1] order.controller.OrderController         : [PYTHIA_FINE_TRACE] service=ts-order-service endpoint=createOrder latency_ms=42
2026-03-11 16:09:09.435  INFO 1 --- [io-12031-exec-5] order.service.OrderServiceImpl           : [PYTHIA_FINE_TRACE] service=ts-order-service stage=service_create latency_ms=53
2026-03-11 16:09:09.435  INFO 1 --- [io-12031-exec-5] order.controller.OrderController         : [PYTHIA_FINE_TRACE] service=ts-order-service endpoint=createOrder latency_ms=53
2026-03-11 16:09:10.019  INFO 1 --- [io-12031-exec-4] order.service.OrderServiceImpl           : [PYTHIA_DELAY] artificial_delay=300ms
2026-03-11 16:09:10.062  INFO 1 --- [io-12031-exec-4] order.service.OrderServiceImpl           : [PYTHIA_FINE_TRACE] service=ts-order-service stage=service_create latency_ms=343
2026-03-11 16:09:10.062  INFO 1 --- [io-12031-exec-4] order.controller.OrderController         : [PYTHIA_FINE_TRACE] service=ts-order-service endpoint=createOrder latency_ms=343
2026-03-11 16:09:10.513  INFO 1 --- [io-12031-exec-3] order.service.OrderServiceImpl           : [PYTHIA_FINE_TRACE] service=ts-order-service stage=service_create latency_ms=121
2026-03-11 16:09:10.513  INFO 1 --- [io-12031-exec-3] order.controller.OrderController         : [PYTHIA_FINE_TRACE] service=ts-order-service endpoint=createOrder latency_ms=121
2026-03-11 16:09:10.902  INFO 1 --- [io-12031-exec-8] order.service.OrderServiceImpl           : [PYTHIA_FINE_TRACE] service=ts-order-service stage=service_create latency_ms=77
2026-03-11 16:09:10.902  INFO 1 --- [io-12031-exec-8] order.controller.OrderController         : [PYTHIA_FINE_TRACE] service=ts-order-service endpoint=createOrder latency_ms=77
2026-03-11 16:09:11.258  INFO 1 --- [io-12031-exec-6] order.service.OrderServiceImpl           : [PYTHIA_FINE_TRACE] service=ts-order-service stage=service_create latency_ms=41
2026-03-11 16:09:11.258  INFO 1 --- [io-12031-exec-6] order.controller.OrderController         : [PYTHIA_FINE_TRACE] service=ts-order-service endpoint=createOrder latency_ms=41
2026-03-11 16:09:11.832  INFO 1 --- [io-12031-exec-7] order.service.OrderServiceImpl           : [PYTHIA_DELAY] artificial_delay=300ms
2026-03-11 16:09:11.886  INFO 1 --- [io-12031-exec-7] order.service.OrderServiceImpl           : [PYTHIA_FINE_TRACE] service=ts-order-service stage=service_create latency_ms=354
2026-03-11 16:09:11.886  INFO 1 --- [io-12031-exec-7] order.controller.OrderController         : [PYTHIA_FINE_TRACE] service=ts-order-service endpoint=createOrder latency_ms=354
2026-03-11 16:09:12.271  INFO 1 --- [o-12031-exec-10] order.service.OrderServiceImpl           : [PYTHIA_FINE_TRACE] service=ts-order-service stage=service_create latency_ms=45
2026-03-11 16:09:12.271  INFO 1 --- [o-12031-exec-10] order.controller.OrderController         : [PYTHIA_FINE_TRACE] service=ts-order-service endpoint=createOrder latency_ms=45
2026-03-11 16:09:12.908  INFO 1 --- [io-12031-exec-2] order.service.OrderServiceImpl           : [PYTHIA_DELAY] artificial_delay=300ms
2026-03-11 16:09:12.961  INFO 1 --- [io-12031-exec-2] order.service.OrderServiceImpl           : [PYTHIA_FINE_TRACE] service=ts-order-service stage=service_create latency_ms=353
2026-03-11 16:09:12.961  INFO 1 --- [io-12031-exec-2] order.controller.OrderController         : [PYTHIA_FINE_TRACE] service=ts-order-service endpoint=createOrder latency_ms=353
2026-03-11 16:09:13.332  INFO 1 --- [io-12031-exec-9] order.service.OrderServiceImpl           : [PYTHIA_FINE_TRACE] service=ts-order-service stage=service_create latency_ms=48
2026-03-11 16:09:13.332  INFO 1 --- [io-12031-exec-9] order.controller.OrderController         : [PYTHIA_FINE_TRACE] service=ts-order-service endpoint=createOrder latency_ms=48
2026-03-11 16:09:13.671  INFO 1 --- [io-12031-exec-1] order.service.OrderServiceImpl           : [PYTHIA_FINE_TRACE] service=ts-order-service stage=service_create latency_ms=51
2026-03-11 16:09:13.671  INFO 1 --- [io-12031-exec-1] order.controller.OrderController         : [PYTHIA_FINE_TRACE] service=ts-order-service endpoint=createOrder latency_ms=51
2026-03-11 16:09:14.064  INFO 1 --- [io-12031-exec-5] order.service.OrderServiceImpl           : [PYTHIA_FINE_TRACE] service=ts-order-service stage=service_create latency_ms=41
2026-03-11 16:09:14.064  INFO 1 --- [io-12031-exec-5] order.controller.OrderController         : [PYTHIA_FINE_TRACE] service=ts-order-service endpoint=createOrder latency_ms=41
2026-03-11 16:09:14.680  INFO 1 --- [io-12031-exec-4] order.service.OrderServiceImpl           : [PYTHIA_DELAY] artificial_delay=300ms
2026-03-11 16:09:14.732  INFO 1 --- [io-12031-exec-4] order.service.OrderServiceImpl           : [PYTHIA_FINE_TRACE] service=ts-order-service stage=service_create latency_ms=353
2026-03-11 16:09:14.732  INFO 1 --- [io-12031-exec-4] order.controller.OrderController         : [PYTHIA_FINE_TRACE] service=ts-order-service endpoint=createOrder latency_ms=353
2026-03-11 16:09:15.068  INFO 1 --- [io-12031-exec-3] order.service.OrderServiceImpl           : [PYTHIA_FINE_TRACE] service=ts-order-service stage=service_create latency_ms=45
2026-03-11 16:09:15.068  INFO 1 --- [io-12031-exec-3] order.controller.OrderController         : [PYTHIA_FINE_TRACE] service=ts-order-service endpoint=createOrder latency_ms=45
2026-03-11 16:09:15.512  INFO 1 --- [io-12031-exec-8] order.service.OrderServiceImpl           : [PYTHIA_FINE_TRACE] service=ts-order-service stage=service_create latency_ms=119
2026-03-11 16:09:15.512  INFO 1 --- [io-12031-exec-8] order.controller.OrderController         : [PYTHIA_FINE_TRACE] service=ts-order-service endpoint=createOrder latency_ms=119
2026-03-11 16:09:15.864  INFO 1 --- [io-12031-exec-6] order.service.OrderServiceImpl           : [PYTHIA_FINE_TRACE] service=ts-order-service stage=service_create latency_ms=41
2026-03-11 16:09:15.864  INFO 1 --- [io-12031-exec-6] order.controller.OrderController         : [PYTHIA_FINE_TRACE] service=ts-order-service endpoint=createOrder latency_ms=41
2026-03-11 16:09:16.232  INFO 1 --- [io-12031-exec-7] order.service.OrderServiceImpl           : [PYTHIA_FINE_TRACE] service=ts-order-service stage=service_create latency_ms=42
2026-03-11 16:09:16.232  INFO 1 --- [io-12031-exec-7] order.controller.OrderController         : [PYTHIA_FINE_TRACE] service=ts-order-service endpoint=createOrder latency_ms=42
2026-03-11 16:09:16.602  INFO 1 --- [o-12031-exec-10] order.service.OrderServiceImpl           : [PYTHIA_FINE_TRACE] service=ts-order-service stage=service_create latency_ms=82
2026-03-11 16:09:16.602  INFO 1 --- [o-12031-exec-10] order.controller.OrderController         : [PYTHIA_FINE_TRACE] service=ts-order-service endpoint=createOrder latency_ms=82
2026-03-11 16:09:17.230  INFO 1 --- [io-12031-exec-2] order.service.OrderServiceImpl           : [PYTHIA_DELAY] artificial_delay=300ms
2026-03-11 16:09:17.274  INFO 1 --- [io-12031-exec-2] order.service.OrderServiceImpl           : [PYTHIA_FINE_TRACE] service=ts-order-service stage=service_create latency_ms=345
2026-03-11 16:09:17.274  INFO 1 --- [io-12031-exec-2] order.controller.OrderController         : [PYTHIA_FINE_TRACE] service=ts-order-service endpoint=createOrder latency_ms=345
2026-03-11 16:09:17.721  INFO 1 --- [io-12031-exec-1] order.service.OrderServiceImpl           : [PYTHIA_FINE_TRACE] service=ts-order-service stage=service_create latency_ms=120
2026-03-11 16:09:17.721  INFO 1 --- [io-12031-exec-1] order.controller.OrderController         : [PYTHIA_FINE_TRACE] service=ts-order-service endpoint=createOrder latency_ms=120
2026-03-11 16:09:18.070  INFO 1 --- [io-12031-exec-5] order.service.OrderServiceImpl           : [PYTHIA_FINE_TRACE] service=ts-order-service stage=service_create latency_ms=44
2026-03-11 16:09:18.070  INFO 1 --- [io-12031-exec-5] order.controller.OrderController         : [PYTHIA_FINE_TRACE] service=ts-order-service endpoint=createOrder latency_ms=44
2026-03-11 16:09:18.505  INFO 1 --- [io-12031-exec-4] order.service.OrderServiceImpl           : [PYTHIA_FINE_TRACE] service=ts-order-service stage=service_create latency_ms=112
2026-03-11 16:09:18.505  INFO 1 --- [io-12031-exec-4] order.controller.OrderController         : [PYTHIA_FINE_TRACE] service=ts-order-service endpoint=createOrder latency_ms=112
2026-03-11 16:09:19.184  INFO 1 --- [io-12031-exec-3] order.service.OrderServiceImpl           : [PYTHIA_DELAY] artificial_delay=300ms
2026-03-11 16:09:19.230  INFO 1 --- [io-12031-exec-3] order.service.OrderServiceImpl           : [PYTHIA_FINE_TRACE] service=ts-order-service stage=service_create latency_ms=346
2026-03-11 16:09:19.230  INFO 1 --- [io-12031-exec-3] order.controller.OrderController         : [PYTHIA_FINE_TRACE] service=ts-order-service endpoint=createOrder latency_ms=346
2026-03-11 16:09:19.628  INFO 1 --- [io-12031-exec-8] order.service.OrderServiceImpl           : [PYTHIA_FINE_TRACE] service=ts-order-service stage=service_create latency_ms=51
2026-03-11 16:09:19.628  INFO 1 --- [io-12031-exec-8] order.controller.OrderController         : [PYTHIA_FINE_TRACE] service=ts-order-service endpoint=createOrder latency_ms=51
2026-03-11 16:09:20.067  INFO 1 --- [io-12031-exec-6] order.service.OrderServiceImpl           : [PYTHIA_FINE_TRACE] service=ts-order-service stage=service_create latency_ms=42
2026-03-11 16:09:20.067  INFO 1 --- [io-12031-exec-6] order.controller.OrderController         : [PYTHIA_FINE_TRACE] service=ts-order-service endpoint=createOrder latency_ms=42
2026-03-11 16:09:20.502  INFO 1 --- [io-12031-exec-7] order.service.OrderServiceImpl           : [PYTHIA_FINE_TRACE] service=ts-order-service stage=service_create latency_ms=93
2026-03-11 16:09:20.502  INFO 1 --- [io-12031-exec-7] order.controller.OrderController         : [PYTHIA_FINE_TRACE] service=ts-order-service endpoint=createOrder latency_ms=93
2026-03-11 16:09:20.867  INFO 1 --- [o-12031-exec-10] order.service.OrderServiceImpl           : [PYTHIA_FINE_TRACE] service=ts-order-service stage=service_create latency_ms=42
2026-03-11 16:09:20.867  INFO 1 --- [o-12031-exec-10] order.controller.OrderController         : [PYTHIA_FINE_TRACE] service=ts-order-service endpoint=createOrder latency_ms=42
2026-03-11 16:09:21.504  INFO 1 --- [io-12031-exec-9] order.service.OrderServiceImpl           : [PYTHIA_DELAY] artificial_delay=300ms
2026-03-11 16:09:21.547  INFO 1 --- [io-12031-exec-9] order.service.OrderServiceImpl           : [PYTHIA_FINE_TRACE] service=ts-order-service stage=service_create latency_ms=343
2026-03-11 16:09:21.547  INFO 1 --- [io-12031-exec-9] order.controller.OrderController         : [PYTHIA_FINE_TRACE] service=ts-order-service endpoint=createOrder latency_ms=343
2026-03-11 16:09:21.939  INFO 1 --- [io-12031-exec-2] order.service.OrderServiceImpl           : [PYTHIA_FINE_TRACE] service=ts-order-service stage=service_create latency_ms=56
2026-03-11 16:09:21.939  INFO 1 --- [io-12031-exec-2] order.controller.OrderController         : [PYTHIA_FINE_TRACE] service=ts-order-service endpoint=createOrder latency_ms=57
2026-03-11 16:09:22.323  INFO 1 --- [io-12031-exec-1] order.service.OrderServiceImpl           : [PYTHIA_FINE_TRACE] service=ts-order-service stage=service_create latency_ms=44
2026-03-11 16:09:22.323  INFO 1 --- [io-12031-exec-1] order.controller.OrderController         : [PYTHIA_FINE_TRACE] service=ts-order-service endpoint=createOrder latency_ms=44
2026-03-11 16:09:22.962  INFO 1 --- [io-12031-exec-5] order.service.OrderServiceImpl           : [PYTHIA_DELAY] artificial_delay=300ms
2026-03-11 16:09:23.021  INFO 1 --- [io-12031-exec-5] order.service.OrderServiceImpl           : [PYTHIA_FINE_TRACE] service=ts-order-service stage=service_create latency_ms=359
2026-03-11 16:09:23.021  INFO 1 --- [io-12031-exec-5] order.controller.OrderController         : [PYTHIA_FINE_TRACE] service=ts-order-service endpoint=createOrder latency_ms=359
2026-03-11 16:09:23.412  INFO 1 --- [io-12031-exec-4] order.service.OrderServiceImpl           : [PYTHIA_FINE_TRACE] service=ts-order-service stage=service_create latency_ms=50
2026-03-11 16:09:23.412  INFO 1 --- [io-12031-exec-4] order.controller.OrderController         : [PYTHIA_FINE_TRACE] service=ts-order-service endpoint=createOrder latency_ms=50
2026-03-11 16:09:23.778  INFO 1 --- [io-12031-exec-3] order.service.OrderServiceImpl           : [PYTHIA_FINE_TRACE] service=ts-order-service stage=service_create latency_ms=50
2026-03-11 16:09:23.778  INFO 1 --- [io-12031-exec-3] order.controller.OrderController         : [PYTHIA_FINE_TRACE] service=ts-order-service endpoint=createOrder latency_ms=50
2026-03-11 16:09:24.141  INFO 1 --- [io-12031-exec-8] order.service.OrderServiceImpl           : [PYTHIA_FINE_TRACE] service=ts-order-service stage=service_create latency_ms=42
2026-03-11 16:09:24.141  INFO 1 --- [io-12031-exec-8] order.controller.OrderController         : [PYTHIA_FINE_TRACE] service=ts-order-service endpoint=createOrder latency_ms=42
2026-03-11 16:09:24.527  INFO 1 --- [io-12031-exec-6] order.service.OrderServiceImpl           : [PYTHIA_FINE_TRACE] service=ts-order-service stage=service_create latency_ms=104
2026-03-11 16:09:24.527  INFO 1 --- [io-12031-exec-6] order.controller.OrderController         : [PYTHIA_FINE_TRACE] service=ts-order-service endpoint=createOrder latency_ms=104
2026-03-11 16:09:25.125  INFO 1 --- [io-12031-exec-7] order.service.OrderServiceImpl           : [PYTHIA_DELAY] artificial_delay=300ms
2026-03-11 16:09:25.203  INFO 1 --- [io-12031-exec-7] order.service.OrderServiceImpl           : [PYTHIA_FINE_TRACE] service=ts-order-service stage=service_create latency_ms=378
2026-03-11 16:09:25.203  INFO 1 --- [io-12031-exec-7] order.controller.OrderController         : [PYTHIA_FINE_TRACE] service=ts-order-service endpoint=createOrder latency_ms=378
2026-03-11 16:09:25.643  INFO 1 --- [o-12031-exec-10] order.service.OrderServiceImpl           : [PYTHIA_FINE_TRACE] service=ts-order-service stage=service_create latency_ms=52
2026-03-11 16:09:25.643  INFO 1 --- [o-12031-exec-10] order.controller.OrderController         : [PYTHIA_FINE_TRACE] service=ts-order-service endpoint=createOrder latency_ms=52
2026-03-11 16:09:26.039  INFO 1 --- [io-12031-exec-9] order.service.OrderServiceImpl           : [PYTHIA_FINE_TRACE] service=ts-order-service stage=service_create latency_ms=57
2026-03-11 16:09:26.039  INFO 1 --- [io-12031-exec-9] order.controller.OrderController         : [PYTHIA_FINE_TRACE] service=ts-order-service endpoint=createOrder latency_ms=58
2026-03-11 16:09:26.365  INFO 1 --- [io-12031-exec-2] order.service.OrderServiceImpl           : [PYTHIA_FINE_TRACE] service=ts-order-service stage=service_create latency_ms=43
2026-03-11 16:09:26.365  INFO 1 --- [io-12031-exec-2] order.controller.OrderController         : [PYTHIA_FINE_TRACE] service=ts-order-service endpoint=createOrder latency_ms=43
2026-03-11 16:09:26.981  INFO 1 --- [io-12031-exec-1] order.service.OrderServiceImpl           : [PYTHIA_DELAY] artificial_delay=300ms
2026-03-11 16:09:27.037  INFO 1 --- [io-12031-exec-1] order.service.OrderServiceImpl           : [PYTHIA_FINE_TRACE] service=ts-order-service stage=service_create latency_ms=357
2026-03-11 16:09:27.037  INFO 1 --- [io-12031-exec-1] order.controller.OrderController         : [PYTHIA_FINE_TRACE] service=ts-order-service endpoint=createOrder latency_ms=357
2026-03-11 16:09:27.630  INFO 1 --- [io-12031-exec-4] order.service.OrderServiceImpl           : [PYTHIA_DELAY] artificial_delay=300ms
2026-03-11 16:09:27.673  INFO 1 --- [io-12031-exec-4] order.service.OrderServiceImpl           : [PYTHIA_FINE_TRACE] service=ts-order-service stage=service_create latency_ms=344
2026-03-11 16:09:27.674  INFO 1 --- [io-12031-exec-4] order.controller.OrderController         : [PYTHIA_FINE_TRACE] service=ts-order-service endpoint=createOrder latency_ms=345
2026-03-11 16:09:28.291  INFO 1 --- [io-12031-exec-3] order.service.OrderServiceImpl           : [PYTHIA_DELAY] artificial_delay=300ms
2026-03-11 16:09:28.344  INFO 1 --- [io-12031-exec-3] order.service.OrderServiceImpl           : [PYTHIA_FINE_TRACE] service=ts-order-service stage=service_create latency_ms=353
2026-03-11 16:09:28.344  INFO 1 --- [io-12031-exec-3] order.controller.OrderController         : [PYTHIA_FINE_TRACE] service=ts-order-service endpoint=createOrder latency_ms=353
2026-03-11 16:09:28.983  INFO 1 --- [io-12031-exec-8] order.service.OrderServiceImpl           : [PYTHIA_DELAY] artificial_delay=300ms
2026-03-11 16:09:29.028  INFO 1 --- [io-12031-exec-8] order.service.OrderServiceImpl           : [PYTHIA_FINE_TRACE] service=ts-order-service stage=service_create latency_ms=345
2026-03-11 16:09:29.028  INFO 1 --- [io-12031-exec-8] order.controller.OrderController         : [PYTHIA_FINE_TRACE] service=ts-order-service endpoint=createOrder latency_ms=345
2026-03-11 16:09:29.449  INFO 1 --- [io-12031-exec-6] order.service.OrderServiceImpl           : [PYTHIA_FINE_TRACE] service=ts-order-service stage=service_create latency_ms=53
2026-03-11 16:09:29.449  INFO 1 --- [io-12031-exec-6] order.controller.OrderController         : [PYTHIA_FINE_TRACE] service=ts-order-service endpoint=createOrder latency_ms=53
2026-03-11 16:09:30.029  INFO 1 --- [io-12031-exec-7] order.service.OrderServiceImpl           : [PYTHIA_DELAY] artificial_delay=300ms
2026-03-11 16:09:30.072  INFO 1 --- [io-12031-exec-7] order.service.OrderServiceImpl           : [PYTHIA_FINE_TRACE] service=ts-order-service stage=service_create latency_ms=344
2026-03-11 16:09:30.072  INFO 1 --- [io-12031-exec-7] order.controller.OrderController         : [PYTHIA_FINE_TRACE] service=ts-order-service endpoint=createOrder latency_ms=344
2026-03-11 16:09:30.445  INFO 1 --- [o-12031-exec-10] order.service.OrderServiceImpl           : [PYTHIA_FINE_TRACE] service=ts-order-service stage=service_create latency_ms=53
2026-03-11 16:09:30.445  INFO 1 --- [o-12031-exec-10] order.controller.OrderController         : [PYTHIA_FINE_TRACE] service=ts-order-service endpoint=createOrder latency_ms=53
2026-03-11 16:09:30.762  INFO 1 --- [io-12031-exec-9] order.service.OrderServiceImpl           : [PYTHIA_FINE_TRACE] service=ts-order-service stage=service_create latency_ms=40
2026-03-11 16:09:30.762  INFO 1 --- [io-12031-exec-9] order.controller.OrderController         : [PYTHIA_FINE_TRACE] service=ts-order-service endpoint=createOrder latency_ms=40
2026-03-11 16:09:31.381  INFO 1 --- [io-12031-exec-2] order.service.OrderServiceImpl           : [PYTHIA_DELAY] artificial_delay=300ms
2026-03-11 16:09:31.431  INFO 1 --- [io-12031-exec-2] order.service.OrderServiceImpl           : [PYTHIA_FINE_TRACE] service=ts-order-service stage=service_create latency_ms=350
2026-03-11 16:09:31.431  INFO 1 --- [io-12031-exec-2] order.controller.OrderController         : [PYTHIA_FINE_TRACE] service=ts-order-service endpoint=createOrder latency_ms=350
2026-03-11 16:09:32.021  INFO 1 --- [io-12031-exec-1] order.service.OrderServiceImpl           : [PYTHIA_DELAY] artificial_delay=300ms
2026-03-11 16:09:32.076  INFO 1 --- [io-12031-exec-1] order.service.OrderServiceImpl           : [PYTHIA_FINE_TRACE] service=ts-order-service stage=service_create latency_ms=355
2026-03-11 16:09:32.076  INFO 1 --- [io-12031-exec-1] order.controller.OrderController         : [PYTHIA_FINE_TRACE] service=ts-order-service endpoint=createOrder latency_ms=355
2026-03-11 16:09:32.527  INFO 1 --- [io-12031-exec-5] order.service.OrderServiceImpl           : [PYTHIA_FINE_TRACE] service=ts-order-service stage=service_create latency_ms=45
2026-03-11 16:09:32.527  INFO 1 --- [io-12031-exec-5] order.controller.OrderController         : [PYTHIA_FINE_TRACE] service=ts-order-service endpoint=createOrder latency_ms=45
2026-03-11 16:09:32.906  INFO 1 --- [io-12031-exec-4] order.service.OrderServiceImpl           : [PYTHIA_FINE_TRACE] service=ts-order-service stage=service_create latency_ms=77
2026-03-11 16:09:32.906  INFO 1 --- [io-12031-exec-4] order.controller.OrderController         : [PYTHIA_FINE_TRACE] service=ts-order-service endpoint=createOrder latency_ms=77
2026-03-11 16:09:33.274  INFO 1 --- [io-12031-exec-3] order.service.OrderServiceImpl           : [PYTHIA_FINE_TRACE] service=ts-order-service stage=service_create latency_ms=44
2026-03-11 16:09:33.274  INFO 1 --- [io-12031-exec-3] order.controller.OrderController         : [PYTHIA_FINE_TRACE] service=ts-order-service endpoint=createOrder latency_ms=44
2026-03-11 16:09:33.709  INFO 1 --- [io-12031-exec-8] order.service.OrderServiceImpl           : [PYTHIA_FINE_TRACE] service=ts-order-service stage=service_create latency_ms=81
2026-03-11 16:09:33.709  INFO 1 --- [io-12031-exec-8] order.controller.OrderController         : [PYTHIA_FINE_TRACE] service=ts-order-service endpoint=createOrder latency_ms=81
2026-03-11 16:09:34.322  INFO 1 --- [io-12031-exec-6] order.service.OrderServiceImpl           : [PYTHIA_DELAY] artificial_delay=300ms
2026-03-11 16:09:34.367  INFO 1 --- [io-12031-exec-6] order.service.OrderServiceImpl           : [PYTHIA_FINE_TRACE] service=ts-order-service stage=service_create latency_ms=346
2026-03-11 16:09:34.367  INFO 1 --- [io-12031-exec-6] order.controller.OrderController         : [PYTHIA_FINE_TRACE] service=ts-order-service endpoint=createOrder latency_ms=346
2026-03-11 16:09:34.742  INFO 1 --- [io-12031-exec-7] order.service.OrderServiceImpl           : [PYTHIA_FINE_TRACE] service=ts-order-service stage=service_create latency_ms=53
2026-03-11 16:09:34.742  INFO 1 --- [io-12031-exec-7] order.controller.OrderController         : [PYTHIA_FINE_TRACE] service=ts-order-service endpoint=createOrder latency_ms=53
2026-03-11 16:09:35.063  INFO 1 --- [o-12031-exec-10] order.service.OrderServiceImpl           : [PYTHIA_FINE_TRACE] service=ts-order-service stage=service_create latency_ms=43
2026-03-11 16:09:35.064  INFO 1 --- [o-12031-exec-10] order.controller.OrderController         : [PYTHIA_FINE_TRACE] service=ts-order-service endpoint=createOrder latency_ms=44
2026-03-11 16:09:35.451  INFO 1 --- [io-12031-exec-9] order.service.OrderServiceImpl           : [PYTHIA_FINE_TRACE] service=ts-order-service stage=service_create latency_ms=54
2026-03-11 16:09:35.451  INFO 1 --- [io-12031-exec-9] order.controller.OrderController         : [PYTHIA_FINE_TRACE] service=ts-order-service endpoint=createOrder latency_ms=54
2026-03-11 16:09:35.907  INFO 1 --- [io-12031-exec-2] order.service.OrderServiceImpl           : [PYTHIA_FINE_TRACE] service=ts-order-service stage=service_create latency_ms=92
2026-03-11 16:09:35.907  INFO 1 --- [io-12031-exec-2] order.controller.OrderController         : [PYTHIA_FINE_TRACE] service=ts-order-service endpoint=createOrder latency_ms=92
2026-03-11 16:09:36.524  INFO 1 --- [io-12031-exec-1] order.service.OrderServiceImpl           : [PYTHIA_DELAY] artificial_delay=300ms
2026-03-11 16:09:36.567  INFO 1 --- [io-12031-exec-1] order.service.OrderServiceImpl           : [PYTHIA_FINE_TRACE] service=ts-order-service stage=service_create latency_ms=343
2026-03-11 16:09:36.567  INFO 1 --- [io-12031-exec-1] order.controller.OrderController         : [PYTHIA_FINE_TRACE] service=ts-order-service endpoint=createOrder latency_ms=344
2026-03-11 16:09:36.943  INFO 1 --- [io-12031-exec-5] order.service.OrderServiceImpl           : [PYTHIA_FINE_TRACE] service=ts-order-service stage=service_create latency_ms=56
2026-03-11 16:09:36.943  INFO 1 --- [io-12031-exec-5] order.controller.OrderController         : [PYTHIA_FINE_TRACE] service=ts-order-service endpoint=createOrder latency_ms=56
2026-03-11 16:09:37.527  INFO 1 --- [io-12031-exec-3] order.service.OrderServiceImpl           : [PYTHIA_DELAY] artificial_delay=300ms
2026-03-11 16:09:37.576  INFO 1 --- [io-12031-exec-3] order.service.OrderServiceImpl           : [PYTHIA_FINE_TRACE] service=ts-order-service stage=service_create latency_ms=349
2026-03-11 16:09:37.576  INFO 1 --- [io-12031-exec-3] order.controller.OrderController         : [PYTHIA_FINE_TRACE] service=ts-order-service endpoint=createOrder latency_ms=349
2026-03-11 16:09:37.947  INFO 1 --- [io-12031-exec-8] order.service.OrderServiceImpl           : [PYTHIA_FINE_TRACE] service=ts-order-service stage=service_create latency_ms=54
2026-03-11 16:09:37.947  INFO 1 --- [io-12031-exec-8] order.controller.OrderController         : [PYTHIA_FINE_TRACE] service=ts-order-service endpoint=createOrder latency_ms=54
2026-03-11 16:09:38.324  INFO 1 --- [io-12031-exec-6] order.service.OrderServiceImpl           : [PYTHIA_FINE_TRACE] service=ts-order-service stage=service_create latency_ms=100
2026-03-11 16:09:38.324  INFO 1 --- [io-12031-exec-6] order.controller.OrderController         : [PYTHIA_FINE_TRACE] service=ts-order-service endpoint=createOrder latency_ms=100
2026-03-11 16:09:38.922  INFO 1 --- [io-12031-exec-7] order.service.OrderServiceImpl           : [PYTHIA_DELAY] artificial_delay=300ms
2026-03-11 16:09:38.973  INFO 1 --- [io-12031-exec-7] order.service.OrderServiceImpl           : [PYTHIA_FINE_TRACE] service=ts-order-service stage=service_create latency_ms=352
2026-03-11 16:09:38.973  INFO 1 --- [io-12031-exec-7] order.controller.OrderController         : [PYTHIA_FINE_TRACE] service=ts-order-service endpoint=createOrder latency_ms=352
2026-03-11 16:09:39.345  INFO 1 --- [o-12031-exec-10] order.service.OrderServiceImpl           : [PYTHIA_FINE_TRACE] service=ts-order-service stage=service_create latency_ms=47
2026-03-11 16:09:39.345  INFO 1 --- [o-12031-exec-10] order.controller.OrderController         : [PYTHIA_FINE_TRACE] service=ts-order-service endpoint=createOrder latency_ms=47
2026-03-11 16:09:39.676  INFO 1 --- [io-12031-exec-9] order.service.OrderServiceImpl           : [PYTHIA_FINE_TRACE] service=ts-order-service stage=service_create latency_ms=51
2026-03-11 16:09:39.676  INFO 1 --- [io-12031-exec-9] order.controller.OrderController         : [PYTHIA_FINE_TRACE] service=ts-order-service endpoint=createOrder latency_ms=51
2026-03-11 16:09:40.102  INFO 1 --- [io-12031-exec-2] order.service.OrderServiceImpl           : [PYTHIA_FINE_TRACE] service=ts-order-service stage=service_create latency_ms=87
2026-03-11 16:09:40.102  INFO 1 --- [io-12031-exec-2] order.controller.OrderController         : [PYTHIA_FINE_TRACE] service=ts-order-service endpoint=createOrder latency_ms=87
2026-03-11 16:09:40.523  INFO 1 --- [io-12031-exec-1] order.service.OrderServiceImpl           : [PYTHIA_FINE_TRACE] service=ts-order-service stage=service_create latency_ms=45
2026-03-11 16:09:40.523  INFO 1 --- [io-12031-exec-1] order.controller.OrderController         : [PYTHIA_FINE_TRACE] service=ts-order-service endpoint=createOrder latency_ms=45
2026-03-11 16:09:41.178  INFO 1 --- [io-12031-exec-5] order.service.OrderServiceImpl           : [PYTHIA_DELAY] artificial_delay=300ms
2026-03-11 16:09:41.231  INFO 1 --- [io-12031-exec-5] order.service.OrderServiceImpl           : [PYTHIA_FINE_TRACE] service=ts-order-service stage=service_create latency_ms=353
2026-03-11 16:09:41.231  INFO 1 --- [io-12031-exec-5] order.controller.OrderController         : [PYTHIA_FINE_TRACE] service=ts-order-service endpoint=createOrder latency_ms=353
2026-03-11 16:09:41.620  INFO 1 --- [io-12031-exec-4] order.service.OrderServiceImpl           : [PYTHIA_FINE_TRACE] service=ts-order-service stage=service_create latency_ms=42
2026-03-11 16:09:41.620  INFO 1 --- [io-12031-exec-4] order.controller.OrderController         : [PYTHIA_FINE_TRACE] service=ts-order-service endpoint=createOrder latency_ms=42
2026-03-11 16:09:42.013  INFO 1 --- [io-12031-exec-3] order.service.OrderServiceImpl           : [PYTHIA_FINE_TRACE] service=ts-order-service stage=service_create latency_ms=90
2026-03-11 16:09:42.013  INFO 1 --- [io-12031-exec-3] order.controller.OrderController         : [PYTHIA_FINE_TRACE] service=ts-order-service endpoint=createOrder latency_ms=90
2026-03-11 16:09:42.370  INFO 1 --- [io-12031-exec-8] order.service.OrderServiceImpl           : [PYTHIA_FINE_TRACE] service=ts-order-service stage=service_create latency_ms=46
2026-03-11 16:09:42.370  INFO 1 --- [io-12031-exec-8] order.controller.OrderController         : [PYTHIA_FINE_TRACE] service=ts-order-service endpoint=createOrder latency_ms=46
2026-03-11 16:09:42.747  INFO 1 --- [io-12031-exec-6] order.service.OrderServiceImpl           : [PYTHIA_FINE_TRACE] service=ts-order-service stage=service_create latency_ms=51
2026-03-11 16:09:42.747  INFO 1 --- [io-12031-exec-6] order.controller.OrderController         : [PYTHIA_FINE_TRACE] service=ts-order-service endpoint=createOrder latency_ms=52
2026-03-11 16:09:43.129  INFO 1 --- [io-12031-exec-7] order.service.OrderServiceImpl           : [PYTHIA_FINE_TRACE] service=ts-order-service stage=service_create latency_ms=46
2026-03-11 16:09:43.129  INFO 1 --- [io-12031-exec-7] order.controller.OrderController         : [PYTHIA_FINE_TRACE] service=ts-order-service endpoint=createOrder latency_ms=47
2026-03-11 16:09:43.514  INFO 1 --- [o-12031-exec-10] order.service.OrderServiceImpl           : [PYTHIA_FINE_TRACE] service=ts-order-service stage=service_create latency_ms=89
2026-03-11 16:09:43.514  INFO 1 --- [o-12031-exec-10] order.controller.OrderController         : [PYTHIA_FINE_TRACE] service=ts-order-service endpoint=createOrder latency_ms=89
2026-03-11 16:09:43.864  INFO 1 --- [io-12031-exec-9] order.service.OrderServiceImpl           : [PYTHIA_FINE_TRACE] service=ts-order-service stage=service_create latency_ms=41
2026-03-11 16:09:43.864  INFO 1 --- [io-12031-exec-9] order.controller.OrderController         : [PYTHIA_FINE_TRACE] service=ts-order-service endpoint=createOrder latency_ms=41
2026-03-11 16:09:44.477  INFO 1 --- [io-12031-exec-2] order.service.OrderServiceImpl           : [PYTHIA_DELAY] artificial_delay=300ms
2026-03-11 16:09:44.520  INFO 1 --- [io-12031-exec-2] order.service.OrderServiceImpl           : [PYTHIA_FINE_TRACE] service=ts-order-service stage=service_create latency_ms=343
2026-03-11 16:09:44.520  INFO 1 --- [io-12031-exec-2] order.controller.OrderController         : [PYTHIA_FINE_TRACE] service=ts-order-service endpoint=createOrder latency_ms=343
2026-03-11 16:09:44.935  INFO 1 --- [io-12031-exec-1] order.service.OrderServiceImpl           : [PYTHIA_FINE_TRACE] service=ts-order-service stage=service_create latency_ms=57
2026-03-11 16:09:44.935  INFO 1 --- [io-12031-exec-1] order.controller.OrderController         : [PYTHIA_FINE_TRACE] service=ts-order-service endpoint=createOrder latency_ms=57
2026-03-11 16:09:45.265  INFO 1 --- [io-12031-exec-5] order.service.OrderServiceImpl           : [PYTHIA_FINE_TRACE] service=ts-order-service stage=service_create latency_ms=43
2026-03-11 16:09:45.265  INFO 1 --- [io-12031-exec-5] order.controller.OrderController         : [PYTHIA_FINE_TRACE] service=ts-order-service endpoint=createOrder latency_ms=43
2026-03-11 16:09:45.898  INFO 1 --- [io-12031-exec-4] order.service.OrderServiceImpl           : [PYTHIA_DELAY] artificial_delay=300ms
2026-03-11 16:09:45.952  INFO 1 --- [io-12031-exec-4] order.service.OrderServiceImpl           : [PYTHIA_FINE_TRACE] service=ts-order-service stage=service_create latency_ms=354
2026-03-11 16:09:45.952  INFO 1 --- [io-12031-exec-4] order.controller.OrderController         : [PYTHIA_FINE_TRACE] service=ts-order-service endpoint=createOrder latency_ms=354
2026-03-11 16:09:46.268  INFO 1 --- [io-12031-exec-3] order.service.OrderServiceImpl           : [PYTHIA_FINE_TRACE] service=ts-order-service stage=service_create latency_ms=43
2026-03-11 16:09:46.268  INFO 1 --- [io-12031-exec-3] order.controller.OrderController         : [PYTHIA_FINE_TRACE] service=ts-order-service endpoint=createOrder latency_ms=43
2026-03-11 16:09:46.645  INFO 1 --- [io-12031-exec-8] order.service.OrderServiceImpl           : [PYTHIA_FINE_TRACE] service=ts-order-service stage=service_create latency_ms=53
2026-03-11 16:09:46.645  INFO 1 --- [io-12031-exec-8] order.controller.OrderController         : [PYTHIA_FINE_TRACE] service=ts-order-service endpoint=createOrder latency_ms=53
2026-03-11 16:09:47.036  INFO 1 --- [io-12031-exec-6] order.service.OrderServiceImpl           : [PYTHIA_FINE_TRACE] service=ts-order-service stage=service_create latency_ms=47
2026-03-11 16:09:47.036  INFO 1 --- [io-12031-exec-6] order.controller.OrderController         : [PYTHIA_FINE_TRACE] service=ts-order-service endpoint=createOrder latency_ms=47
2026-03-11 16:09:47.375  INFO 1 --- [o-12031-exec-10] order.service.OrderServiceImpl           : [PYTHIA_FINE_TRACE] service=ts-order-service stage=service_create latency_ms=50
2026-03-11 16:09:47.375  INFO 1 --- [o-12031-exec-10] order.controller.OrderController         : [PYTHIA_FINE_TRACE] service=ts-order-service endpoint=createOrder latency_ms=50
2026-03-11 16:09:47.750  INFO 1 --- [io-12031-exec-9] order.service.OrderServiceImpl           : [PYTHIA_FINE_TRACE] service=ts-order-service stage=service_create latency_ms=60
2026-03-11 16:09:47.750  INFO 1 --- [io-12031-exec-9] order.controller.OrderController         : [PYTHIA_FINE_TRACE] service=ts-order-service endpoint=createOrder latency_ms=60
2026-03-11 16:09:48.070  INFO 1 --- [io-12031-exec-2] order.service.OrderServiceImpl           : [PYTHIA_FINE_TRACE] service=ts-order-service stage=service_create latency_ms=44
2026-03-11 16:09:48.070  INFO 1 --- [io-12031-exec-2] order.controller.OrderController         : [PYTHIA_FINE_TRACE] service=ts-order-service endpoint=createOrder latency_ms=44
2026-03-11 16:09:48.435  INFO 1 --- [io-12031-exec-1] order.service.OrderServiceImpl           : [PYTHIA_FINE_TRACE] service=ts-order-service stage=service_create latency_ms=53
2026-03-11 16:09:48.435  INFO 1 --- [io-12031-exec-1] order.controller.OrderController         : [PYTHIA_FINE_TRACE] service=ts-order-service endpoint=createOrder latency_ms=53
2026-03-11 16:09:48.763  INFO 1 --- [io-12031-exec-5] order.service.OrderServiceImpl           : [PYTHIA_FINE_TRACE] service=ts-order-service stage=service_create latency_ms=42
2026-03-11 16:09:48.763  INFO 1 --- [io-12031-exec-5] order.controller.OrderController         : [PYTHIA_FINE_TRACE] service=ts-order-service endpoint=createOrder latency_ms=43
2026-03-11 16:09:49.147  INFO 1 --- [io-12031-exec-4] order.service.OrderServiceImpl           : [PYTHIA_FINE_TRACE] service=ts-order-service stage=service_create latency_ms=64
2026-03-11 16:09:49.147  INFO 1 --- [io-12031-exec-4] order.controller.OrderController         : [PYTHIA_FINE_TRACE] service=ts-order-service endpoint=createOrder latency_ms=64
2026-03-11 16:09:49.723  INFO 1 --- [io-12031-exec-3] order.service.OrderServiceImpl           : [PYTHIA_DELAY] artificial_delay=300ms
2026-03-11 16:09:49.770  INFO 1 --- [io-12031-exec-3] order.service.OrderServiceImpl           : [PYTHIA_FINE_TRACE] service=ts-order-service stage=service_create latency_ms=347
2026-03-11 16:09:49.770  INFO 1 --- [io-12031-exec-3] order.controller.OrderController         : [PYTHIA_FINE_TRACE] service=ts-order-service endpoint=createOrder latency_ms=347
2026-03-11 16:09:50.158  INFO 1 --- [io-12031-exec-8] order.service.OrderServiceImpl           : [PYTHIA_FINE_TRACE] service=ts-order-service stage=service_create latency_ms=54
2026-03-11 16:09:50.158  INFO 1 --- [io-12031-exec-8] order.controller.OrderController         : [PYTHIA_FINE_TRACE] service=ts-order-service endpoint=createOrder latency_ms=54
2026-03-11 16:09:50.532  INFO 1 --- [io-12031-exec-6] order.service.OrderServiceImpl           : [PYTHIA_FINE_TRACE] service=ts-order-service stage=service_create latency_ms=48
2026-03-11 16:09:50.532  INFO 1 --- [io-12031-exec-6] order.controller.OrderController         : [PYTHIA_FINE_TRACE] service=ts-order-service endpoint=createOrder latency_ms=48
2026-03-11 16:09:51.283  INFO 1 --- [io-12031-exec-7] order.service.OrderServiceImpl           : [PYTHIA_DELAY] artificial_delay=300ms
2026-03-11 16:09:51.334  INFO 1 --- [io-12031-exec-7] order.service.OrderServiceImpl           : [PYTHIA_FINE_TRACE] service=ts-order-service stage=service_create latency_ms=351
2026-03-11 16:09:51.334  INFO 1 --- [io-12031-exec-7] order.controller.OrderController         : [PYTHIA_FINE_TRACE] service=ts-order-service endpoint=createOrder latency_ms=351
2026-03-11 16:09:51.713  INFO 1 --- [o-12031-exec-10] order.service.OrderServiceImpl           : [PYTHIA_FINE_TRACE] service=ts-order-service stage=service_create latency_ms=86
2026-03-11 16:09:51.713  INFO 1 --- [o-12031-exec-10] order.controller.OrderController         : [PYTHIA_FINE_TRACE] service=ts-order-service endpoint=createOrder latency_ms=86
2026-03-11 16:09:52.126  INFO 1 --- [io-12031-exec-9] order.service.OrderServiceImpl           : [PYTHIA_FINE_TRACE] service=ts-order-service stage=service_create latency_ms=43
2026-03-11 16:09:52.126  INFO 1 --- [io-12031-exec-9] order.controller.OrderController         : [PYTHIA_FINE_TRACE] service=ts-order-service endpoint=createOrder latency_ms=43
2026-03-11 16:09:52.721  INFO 1 --- [io-12031-exec-2] order.service.OrderServiceImpl           : [PYTHIA_DELAY] artificial_delay=300ms
2026-03-11 16:09:52.802  INFO 1 --- [io-12031-exec-2] order.service.OrderServiceImpl           : [PYTHIA_FINE_TRACE] service=ts-order-service stage=service_create latency_ms=381
2026-03-11 16:09:52.802  INFO 1 --- [io-12031-exec-2] order.controller.OrderController         : [PYTHIA_FINE_TRACE] service=ts-order-service endpoint=createOrder latency_ms=381
2026-03-11 16:09:53.217  INFO 1 --- [io-12031-exec-1] order.service.OrderServiceImpl           : [PYTHIA_FINE_TRACE] service=ts-order-service stage=service_create latency_ms=99
2026-03-11 16:09:53.217  INFO 1 --- [io-12031-exec-1] order.controller.OrderController         : [PYTHIA_FINE_TRACE] service=ts-order-service endpoint=createOrder latency_ms=99
2026-03-11 16:09:53.826  INFO 1 --- [io-12031-exec-5] order.service.OrderServiceImpl           : [PYTHIA_DELAY] artificial_delay=300ms
2026-03-11 16:09:53.878  INFO 1 --- [io-12031-exec-5] order.service.OrderServiceImpl           : [PYTHIA_FINE_TRACE] service=ts-order-service stage=service_create latency_ms=352
2026-03-11 16:09:53.878  INFO 1 --- [io-12031-exec-5] order.controller.OrderController         : [PYTHIA_FINE_TRACE] service=ts-order-service endpoint=createOrder latency_ms=352
2026-03-11 16:09:54.307  INFO 1 --- [io-12031-exec-4] order.service.OrderServiceImpl           : [PYTHIA_FINE_TRACE] service=ts-order-service stage=service_create latency_ms=94
2026-03-11 16:09:54.307  INFO 1 --- [io-12031-exec-4] order.controller.OrderController         : [PYTHIA_FINE_TRACE] service=ts-order-service endpoint=createOrder latency_ms=94
2026-03-11 16:09:54.703  INFO 1 --- [io-12031-exec-3] order.service.OrderServiceImpl           : [PYTHIA_FINE_TRACE] service=ts-order-service stage=service_create latency_ms=81
2026-03-11 16:09:54.703  INFO 1 --- [io-12031-exec-3] order.controller.OrderController         : [PYTHIA_FINE_TRACE] service=ts-order-service endpoint=createOrder latency_ms=81
2026-03-11 16:09:55.321  INFO 1 --- [io-12031-exec-8] order.service.OrderServiceImpl           : [PYTHIA_DELAY] artificial_delay=300ms
2026-03-11 16:09:55.410  INFO 1 --- [io-12031-exec-8] order.service.OrderServiceImpl           : [PYTHIA_FINE_TRACE] service=ts-order-service stage=service_create latency_ms=390
2026-03-11 16:09:55.410  INFO 1 --- [io-12031-exec-8] order.controller.OrderController         : [PYTHIA_FINE_TRACE] service=ts-order-service endpoint=createOrder latency_ms=390
2026-03-11 16:09:55.816  INFO 1 --- [io-12031-exec-6] order.service.OrderServiceImpl           : [PYTHIA_FINE_TRACE] service=ts-order-service stage=service_create latency_ms=91
2026-03-11 16:09:55.816  INFO 1 --- [io-12031-exec-6] order.controller.OrderController         : [PYTHIA_FINE_TRACE] service=ts-order-service endpoint=createOrder latency_ms=91
2026-03-11 16:09:56.424  INFO 1 --- [io-12031-exec-7] order.service.OrderServiceImpl           : [PYTHIA_DELAY] artificial_delay=300ms
2026-03-11 16:09:56.502  INFO 1 --- [io-12031-exec-7] order.service.OrderServiceImpl           : [PYTHIA_FINE_TRACE] service=ts-order-service stage=service_create latency_ms=379
2026-03-11 16:09:56.502  INFO 1 --- [io-12031-exec-7] order.controller.OrderController         : [PYTHIA_FINE_TRACE] service=ts-order-service endpoint=createOrder latency_ms=379
2026-03-11 16:09:56.871  INFO 1 --- [o-12031-exec-10] order.service.OrderServiceImpl           : [PYTHIA_FINE_TRACE] service=ts-order-service stage=service_create latency_ms=44
2026-03-11 16:09:56.871  INFO 1 --- [o-12031-exec-10] order.controller.OrderController         : [PYTHIA_FINE_TRACE] service=ts-order-service endpoint=createOrder latency_ms=44
2026-03-11 16:09:57.336  INFO 1 --- [io-12031-exec-2] order.service.OrderServiceImpl           : [PYTHIA_FINE_TRACE] service=ts-order-service stage=service_create latency_ms=131
2026-03-11 16:09:57.336  INFO 1 --- [io-12031-exec-2] order.controller.OrderController         : [PYTHIA_FINE_TRACE] service=ts-order-service endpoint=createOrder latency_ms=131
2026-03-11 16:09:57.925  INFO 1 --- [io-12031-exec-1] order.service.OrderServiceImpl           : [PYTHIA_DELAY] artificial_delay=300ms
2026-03-11 16:09:57.970  INFO 1 --- [io-12031-exec-1] order.service.OrderServiceImpl           : [PYTHIA_FINE_TRACE] service=ts-order-service stage=service_create latency_ms=345
2026-03-11 16:09:57.971  INFO 1 --- [io-12031-exec-1] order.controller.OrderController         : [PYTHIA_FINE_TRACE] service=ts-order-service endpoint=createOrder latency_ms=346
2026-03-11 16:09:58.342  INFO 1 --- [io-12031-exec-5] order.service.OrderServiceImpl           : [PYTHIA_FINE_TRACE] service=ts-order-service stage=service_create latency_ms=52
2026-03-11 16:09:58.342  INFO 1 --- [io-12031-exec-5] order.controller.OrderController         : [PYTHIA_FINE_TRACE] service=ts-order-service endpoint=createOrder latency_ms=52
2026-03-11 16:09:58.670  INFO 1 --- [io-12031-exec-4] order.service.OrderServiceImpl           : [PYTHIA_FINE_TRACE] service=ts-order-service stage=service_create latency_ms=43
2026-03-11 16:09:58.670  INFO 1 --- [io-12031-exec-4] order.controller.OrderController         : [PYTHIA_FINE_TRACE] service=ts-order-service endpoint=createOrder latency_ms=43
2026-03-11 16:09:59.056  INFO 1 --- [io-12031-exec-3] order.service.OrderServiceImpl           : [PYTHIA_FINE_TRACE] service=ts-order-service stage=service_create latency_ms=51
2026-03-11 16:09:59.056  INFO 1 --- [io-12031-exec-3] order.controller.OrderController         : [PYTHIA_FINE_TRACE] service=ts-order-service endpoint=createOrder latency_ms=51
2026-03-11 16:09:59.440  INFO 1 --- [io-12031-exec-8] order.service.OrderServiceImpl           : [PYTHIA_FINE_TRACE] service=ts-order-service stage=service_create latency_ms=59
2026-03-11 16:09:59.440  INFO 1 --- [io-12031-exec-8] order.controller.OrderController         : [PYTHIA_FINE_TRACE] service=ts-order-service endpoint=createOrder latency_ms=59
2026-03-11 16:10:00.030  INFO 1 --- [io-12031-exec-6] order.service.OrderServiceImpl           : [PYTHIA_DELAY] artificial_delay=300ms
2026-03-11 16:10:00.075  INFO 1 --- [io-12031-exec-6] order.service.OrderServiceImpl           : [PYTHIA_FINE_TRACE] service=ts-order-service stage=service_create latency_ms=345
2026-03-11 16:10:00.075  INFO 1 --- [io-12031-exec-6] order.controller.OrderController         : [PYTHIA_FINE_TRACE] service=ts-order-service endpoint=createOrder latency_ms=345
2026-03-11 16:10:00.447  INFO 1 --- [io-12031-exec-7] order.service.OrderServiceImpl           : [PYTHIA_FINE_TRACE] service=ts-order-service stage=service_create latency_ms=54
2026-03-11 16:10:00.447  INFO 1 --- [io-12031-exec-7] order.controller.OrderController         : [PYTHIA_FINE_TRACE] service=ts-order-service endpoint=createOrder latency_ms=54
2026-03-11 16:10:00.765  INFO 1 --- [o-12031-exec-10] order.service.OrderServiceImpl           : [PYTHIA_FINE_TRACE] service=ts-order-service stage=service_create latency_ms=43
2026-03-11 16:10:00.765  INFO 1 --- [o-12031-exec-10] order.controller.OrderController         : [PYTHIA_FINE_TRACE] service=ts-order-service endpoint=createOrder latency_ms=43
2026-03-11 16:10:01.383  INFO 1 --- [io-12031-exec-9] order.service.OrderServiceImpl           : [PYTHIA_DELAY] artificial_delay=300ms
2026-03-11 16:10:01.436  INFO 1 --- [io-12031-exec-9] order.service.OrderServiceImpl           : [PYTHIA_FINE_TRACE] service=ts-order-service stage=service_create latency_ms=353
2026-03-11 16:10:01.436  INFO 1 --- [io-12031-exec-9] order.controller.OrderController         : [PYTHIA_FINE_TRACE] service=ts-order-service endpoint=createOrder latency_ms=353
2026-03-11 16:10:01.770  INFO 1 --- [io-12031-exec-2] order.service.OrderServiceImpl           : [PYTHIA_FINE_TRACE] service=ts-order-service stage=service_create latency_ms=45
2026-03-11 16:10:01.770  INFO 1 --- [io-12031-exec-2] order.controller.OrderController         : [PYTHIA_FINE_TRACE] service=ts-order-service endpoint=createOrder latency_ms=45
2026-03-11 16:10:02.216  INFO 1 --- [io-12031-exec-1] order.service.OrderServiceImpl           : [PYTHIA_FINE_TRACE] service=ts-order-service stage=service_create latency_ms=111
2026-03-11 16:10:02.216  INFO 1 --- [io-12031-exec-1] order.controller.OrderController         : [PYTHIA_FINE_TRACE] service=ts-order-service endpoint=createOrder latency_ms=111
2026-03-11 16:10:02.567  INFO 1 --- [io-12031-exec-5] order.service.OrderServiceImpl           : [PYTHIA_FINE_TRACE] service=ts-order-service stage=service_create latency_ms=44
2026-03-11 16:10:02.567  INFO 1 --- [io-12031-exec-5] order.controller.OrderController         : [PYTHIA_FINE_TRACE] service=ts-order-service endpoint=createOrder latency_ms=44
2026-03-11 16:10:02.934  INFO 1 --- [io-12031-exec-4] order.service.OrderServiceImpl           : [PYTHIA_FINE_TRACE] service=ts-order-service stage=service_create latency_ms=54
2026-03-11 16:10:02.934  INFO 1 --- [io-12031-exec-4] order.controller.OrderController         : [PYTHIA_FINE_TRACE] service=ts-order-service endpoint=createOrder latency_ms=54
2026-03-11 16:10:03.314  INFO 1 --- [io-12031-exec-3] order.service.OrderServiceImpl           : [PYTHIA_FINE_TRACE] service=ts-order-service stage=service_create latency_ms=85
2026-03-11 16:10:03.314  INFO 1 --- [io-12031-exec-3] order.controller.OrderController         : [PYTHIA_FINE_TRACE] service=ts-order-service endpoint=createOrder latency_ms=85
2026-03-11 16:10:03.722  INFO 1 --- [io-12031-exec-8] order.service.OrderServiceImpl           : [PYTHIA_FINE_TRACE] service=ts-order-service stage=service_create latency_ms=43
2026-03-11 16:10:03.722  INFO 1 --- [io-12031-exec-8] order.controller.OrderController         : [PYTHIA_FINE_TRACE] service=ts-order-service endpoint=createOrder latency_ms=44
2026-03-11 16:10:04.106  INFO 1 --- [io-12031-exec-6] order.service.OrderServiceImpl           : [PYTHIA_FINE_TRACE] service=ts-order-service stage=service_create latency_ms=86
2026-03-11 16:10:04.106  INFO 1 --- [io-12031-exec-6] order.controller.OrderController         : [PYTHIA_FINE_TRACE] service=ts-order-service endpoint=createOrder latency_ms=86
2026-03-11 16:10:04.723  INFO 1 --- [io-12031-exec-7] order.service.OrderServiceImpl           : [PYTHIA_DELAY] artificial_delay=300ms
2026-03-11 16:10:04.769  INFO 1 --- [io-12031-exec-7] order.service.OrderServiceImpl           : [PYTHIA_FINE_TRACE] service=ts-order-service stage=service_create latency_ms=346
2026-03-11 16:10:04.769  INFO 1 --- [io-12031-exec-7] order.controller.OrderController         : [PYTHIA_FINE_TRACE] service=ts-order-service endpoint=createOrder latency_ms=346
2026-03-11 16:10:05.392  INFO 1 --- [o-12031-exec-10] order.service.OrderServiceImpl           : [PYTHIA_DELAY] artificial_delay=300ms
2026-03-11 16:10:05.446  INFO 1 --- [o-12031-exec-10] order.service.OrderServiceImpl           : [PYTHIA_FINE_TRACE] service=ts-order-service stage=service_create latency_ms=355
2026-03-11 16:10:05.446  INFO 1 --- [o-12031-exec-10] order.controller.OrderController         : [PYTHIA_FINE_TRACE] service=ts-order-service endpoint=createOrder latency_ms=355
2026-03-11 16:10:06.027  INFO 1 --- [io-12031-exec-9] order.service.OrderServiceImpl           : [PYTHIA_DELAY] artificial_delay=300ms
2026-03-11 16:10:06.073  INFO 1 --- [io-12031-exec-9] order.service.OrderServiceImpl           : [PYTHIA_FINE_TRACE] service=ts-order-service stage=service_create latency_ms=346
2026-03-11 16:10:06.073  INFO 1 --- [io-12031-exec-9] order.controller.OrderController         : [PYTHIA_FINE_TRACE] service=ts-order-service endpoint=createOrder latency_ms=346
2026-03-11 16:10:06.450  INFO 1 --- [io-12031-exec-2] order.service.OrderServiceImpl           : [PYTHIA_FINE_TRACE] service=ts-order-service stage=service_create latency_ms=56
2026-03-11 16:10:06.450  INFO 1 --- [io-12031-exec-2] order.controller.OrderController         : [PYTHIA_FINE_TRACE] service=ts-order-service endpoint=createOrder latency_ms=56
2026-03-11 16:10:07.022  INFO 1 --- [io-12031-exec-1] order.service.OrderServiceImpl           : [PYTHIA_DELAY] artificial_delay=300ms
2026-03-11 16:10:07.208  INFO 1 --- [io-12031-exec-1] order.service.OrderServiceImpl           : [PYTHIA_FINE_TRACE] service=ts-order-service stage=service_create latency_ms=486
2026-03-11 16:10:07.208  INFO 1 --- [io-12031-exec-1] order.controller.OrderController         : [PYTHIA_FINE_TRACE] service=ts-order-service endpoint=createOrder latency_ms=486
2026-03-11 16:10:07.572  INFO 1 --- [io-12031-exec-4] order.service.OrderServiceImpl           : [PYTHIA_FINE_TRACE] service=ts-order-service stage=service_create latency_ms=46
2026-03-11 16:10:07.572  INFO 1 --- [io-12031-exec-4] order.controller.OrderController         : [PYTHIA_FINE_TRACE] service=ts-order-service endpoint=createOrder latency_ms=46
2026-03-11 16:10:07.949  INFO 1 --- [io-12031-exec-3] order.service.OrderServiceImpl           : [PYTHIA_FINE_TRACE] service=ts-order-service stage=service_create latency_ms=56
2026-03-11 16:10:07.949  INFO 1 --- [io-12031-exec-3] order.controller.OrderController         : [PYTHIA_FINE_TRACE] service=ts-order-service endpoint=createOrder latency_ms=56
2026-03-11 16:10:08.271  INFO 1 --- [io-12031-exec-8] order.service.OrderServiceImpl           : [PYTHIA_FINE_TRACE] service=ts-order-service stage=service_create latency_ms=43
2026-03-11 16:10:08.271  INFO 1 --- [io-12031-exec-8] order.controller.OrderController         : [PYTHIA_FINE_TRACE] service=ts-order-service endpoint=createOrder latency_ms=44
2026-03-11 16:10:08.754  INFO 1 --- [io-12031-exec-6] order.service.OrderServiceImpl           : [PYTHIA_FINE_TRACE] service=ts-order-service stage=service_create latency_ms=57
2026-03-11 16:10:08.754  INFO 1 --- [io-12031-exec-6] order.controller.OrderController         : [PYTHIA_FINE_TRACE] service=ts-order-service endpoint=createOrder latency_ms=57
2026-03-11 16:10:09.067  INFO 1 --- [io-12031-exec-7] order.service.OrderServiceImpl           : [PYTHIA_FINE_TRACE] service=ts-order-service stage=service_create latency_ms=43
2026-03-11 16:10:09.067  INFO 1 --- [io-12031-exec-7] order.controller.OrderController         : [PYTHIA_FINE_TRACE] service=ts-order-service endpoint=createOrder latency_ms=43
2026-03-11 16:10:09.688  INFO 1 --- [o-12031-exec-10] order.service.OrderServiceImpl           : [PYTHIA_DELAY] artificial_delay=300ms
2026-03-11 16:10:09.740  INFO 1 --- [o-12031-exec-10] order.service.OrderServiceImpl           : [PYTHIA_FINE_TRACE] service=ts-order-service stage=service_create latency_ms=352
2026-03-11 16:10:09.740  INFO 1 --- [o-12031-exec-10] order.controller.OrderController         : [PYTHIA_FINE_TRACE] service=ts-order-service endpoint=createOrder latency_ms=352
2026-03-11 16:10:10.072  INFO 1 --- [io-12031-exec-9] order.service.OrderServiceImpl           : [PYTHIA_FINE_TRACE] service=ts-order-service stage=service_create latency_ms=47
2026-03-11 16:10:10.072  INFO 1 --- [io-12031-exec-9] order.controller.OrderController         : [PYTHIA_FINE_TRACE] service=ts-order-service endpoint=createOrder latency_ms=47
2026-03-11 16:10:10.476  INFO 1 --- [io-12031-exec-2] order.service.OrderServiceImpl           : [PYTHIA_FINE_TRACE] service=ts-order-service stage=service_create latency_ms=53
2026-03-11 16:10:10.476  INFO 1 --- [io-12031-exec-2] order.controller.OrderController         : [PYTHIA_FINE_TRACE] service=ts-order-service endpoint=createOrder latency_ms=53
2026-03-11 16:10:11.122  INFO 1 --- [io-12031-exec-5] order.service.OrderServiceImpl           : [PYTHIA_DELAY] artificial_delay=300ms
2026-03-11 16:10:11.201  INFO 1 --- [io-12031-exec-5] order.service.OrderServiceImpl           : [PYTHIA_FINE_TRACE] service=ts-order-service stage=service_create latency_ms=379
2026-03-11 16:10:11.201  INFO 1 --- [io-12031-exec-5] order.controller.OrderController         : [PYTHIA_FINE_TRACE] service=ts-order-service endpoint=createOrder latency_ms=379
2026-03-11 16:10:11.880  INFO 1 --- [io-12031-exec-1] order.service.OrderServiceImpl           : [PYTHIA_DELAY] artificial_delay=300ms
2026-03-11 16:10:11.929  INFO 1 --- [io-12031-exec-1] order.service.OrderServiceImpl           : [PYTHIA_FINE_TRACE] service=ts-order-service stage=service_create latency_ms=349
2026-03-11 16:10:11.929  INFO 1 --- [io-12031-exec-1] order.controller.OrderController         : [PYTHIA_FINE_TRACE] service=ts-order-service endpoint=createOrder latency_ms=349
2026-03-11 16:10:12.324  INFO 1 --- [io-12031-exec-4] order.service.OrderServiceImpl           : [PYTHIA_FINE_TRACE] service=ts-order-service stage=service_create latency_ms=93
2026-03-11 16:10:12.324  INFO 1 --- [io-12031-exec-4] order.controller.OrderController         : [PYTHIA_FINE_TRACE] service=ts-order-service endpoint=createOrder latency_ms=94
2026-03-11 16:10:12.726  INFO 1 --- [io-12031-exec-3] order.service.OrderServiceImpl           : [PYTHIA_FINE_TRACE] service=ts-order-service stage=service_create latency_ms=46
2026-03-11 16:10:12.726  INFO 1 --- [io-12031-exec-3] order.controller.OrderController         : [PYTHIA_FINE_TRACE] service=ts-order-service endpoint=createOrder latency_ms=46
2026-03-11 16:10:13.074  INFO 1 --- [io-12031-exec-8] order.service.OrderServiceImpl           : [PYTHIA_FINE_TRACE] service=ts-order-service stage=service_create latency_ms=52
2026-03-11 16:10:13.074  INFO 1 --- [io-12031-exec-8] order.controller.OrderController         : [PYTHIA_FINE_TRACE] service=ts-order-service endpoint=createOrder latency_ms=52
2026-03-11 16:10:13.451  INFO 1 --- [io-12031-exec-6] order.service.OrderServiceImpl           : [PYTHIA_FINE_TRACE] service=ts-order-service stage=service_create latency_ms=49
2026-03-11 16:10:13.451  INFO 1 --- [io-12031-exec-6] order.controller.OrderController         : [PYTHIA_FINE_TRACE] service=ts-order-service endpoint=createOrder latency_ms=49
2026-03-11 16:10:14.028  INFO 1 --- [io-12031-exec-7] order.service.OrderServiceImpl           : [PYTHIA_DELAY] artificial_delay=300ms
2026-03-11 16:10:14.079  INFO 1 --- [io-12031-exec-7] order.service.OrderServiceImpl           : [PYTHIA_FINE_TRACE] service=ts-order-service stage=service_create latency_ms=352
2026-03-11 16:10:14.079  INFO 1 --- [io-12031-exec-7] order.controller.OrderController         : [PYTHIA_FINE_TRACE] service=ts-order-service endpoint=createOrder latency_ms=352
2026-03-11 16:10:14.697  INFO 1 --- [o-12031-exec-10] order.service.OrderServiceImpl           : [PYTHIA_DELAY] artificial_delay=300ms
2026-03-11 16:10:14.755  INFO 1 --- [o-12031-exec-10] order.service.OrderServiceImpl           : [PYTHIA_FINE_TRACE] service=ts-order-service stage=service_create latency_ms=358
2026-03-11 16:10:14.755  INFO 1 --- [o-12031-exec-10] order.controller.OrderController         : [PYTHIA_FINE_TRACE] service=ts-order-service endpoint=createOrder latency_ms=358
2026-03-11 16:10:15.067  INFO 1 --- [io-12031-exec-9] order.service.OrderServiceImpl           : [PYTHIA_FINE_TRACE] service=ts-order-service stage=service_create latency_ms=43
2026-03-11 16:10:15.067  INFO 1 --- [io-12031-exec-9] order.controller.OrderController         : [PYTHIA_FINE_TRACE] service=ts-order-service endpoint=createOrder latency_ms=43
2026-03-11 16:10:15.452  INFO 1 --- [io-12031-exec-2] order.service.OrderServiceImpl           : [PYTHIA_FINE_TRACE] service=ts-order-service stage=service_create latency_ms=53
2026-03-11 16:10:15.452  INFO 1 --- [io-12031-exec-2] order.controller.OrderController         : [PYTHIA_FINE_TRACE] service=ts-order-service endpoint=createOrder latency_ms=53
2026-03-11 16:10:15.773  INFO 1 --- [io-12031-exec-5] order.service.OrderServiceImpl           : [PYTHIA_FINE_TRACE] service=ts-order-service stage=service_create latency_ms=49
2026-03-11 16:10:15.773  INFO 1 --- [io-12031-exec-5] order.controller.OrderController         : [PYTHIA_FINE_TRACE] service=ts-order-service endpoint=createOrder latency_ms=49
2026-03-11 16:10:16.145  INFO 1 --- [io-12031-exec-1] order.service.OrderServiceImpl           : [PYTHIA_FINE_TRACE] service=ts-order-service stage=service_create latency_ms=52
2026-03-11 16:10:16.145  INFO 1 --- [io-12031-exec-1] order.controller.OrderController         : [PYTHIA_FINE_TRACE] service=ts-order-service endpoint=createOrder latency_ms=53
2026-03-11 16:10:16.502  INFO 1 --- [io-12031-exec-4] order.service.OrderServiceImpl           : [PYTHIA_FINE_TRACE] service=ts-order-service stage=service_create latency_ms=80
2026-03-11 16:10:16.502  INFO 1 --- [io-12031-exec-4] order.controller.OrderController         : [PYTHIA_FINE_TRACE] service=ts-order-service endpoint=createOrder latency_ms=80
2026-03-11 16:10:17.122  INFO 1 --- [io-12031-exec-3] order.service.OrderServiceImpl           : [PYTHIA_DELAY] artificial_delay=300ms
2026-03-11 16:10:17.174  INFO 1 --- [io-12031-exec-3] order.service.OrderServiceImpl           : [PYTHIA_FINE_TRACE] service=ts-order-service stage=service_create latency_ms=352
2026-03-11 16:10:17.174  INFO 1 --- [io-12031-exec-3] order.controller.OrderController         : [PYTHIA_FINE_TRACE] service=ts-order-service endpoint=createOrder latency_ms=352
2026-03-11 16:10:17.611  INFO 1 --- [io-12031-exec-6] order.service.OrderServiceImpl           : [PYTHIA_FINE_TRACE] service=ts-order-service stage=service_create latency_ms=107
2026-03-11 16:10:17.611  INFO 1 --- [io-12031-exec-6] order.controller.OrderController         : [PYTHIA_FINE_TRACE] service=ts-order-service endpoint=createOrder latency_ms=107
2026-03-11 16:10:17.979  INFO 1 --- [io-12031-exec-7] order.service.OrderServiceImpl           : [PYTHIA_FINE_TRACE] service=ts-order-service stage=service_create latency_ms=51
2026-03-11 16:10:17.979  INFO 1 --- [io-12031-exec-7] order.controller.OrderController         : [PYTHIA_FINE_TRACE] service=ts-order-service endpoint=createOrder latency_ms=51
2026-03-11 16:10:18.408  INFO 1 --- [o-12031-exec-10] order.service.OrderServiceImpl           : [PYTHIA_FINE_TRACE] service=ts-order-service stage=service_create latency_ms=105
2026-03-11 16:10:18.408  INFO 1 --- [o-12031-exec-10] order.controller.OrderController         : [PYTHIA_FINE_TRACE] service=ts-order-service endpoint=createOrder latency_ms=105
2026-03-11 16:10:18.776  INFO 1 --- [io-12031-exec-9] order.service.OrderServiceImpl           : [PYTHIA_FINE_TRACE] service=ts-order-service stage=service_create latency_ms=45
2026-03-11 16:10:18.776  INFO 1 --- [io-12031-exec-9] order.controller.OrderController         : [PYTHIA_FINE_TRACE] service=ts-order-service endpoint=createOrder latency_ms=45
2026-03-11 16:10:19.202  INFO 1 --- [io-12031-exec-2] order.service.OrderServiceImpl           : [PYTHIA_FINE_TRACE] service=ts-order-service stage=service_create latency_ms=109
2026-03-11 16:10:19.202  INFO 1 --- [io-12031-exec-2] order.controller.OrderController         : [PYTHIA_FINE_TRACE] service=ts-order-service endpoint=createOrder latency_ms=109
2026-03-11 16:10:19.564  INFO 1 --- [io-12031-exec-5] order.service.OrderServiceImpl           : [PYTHIA_FINE_TRACE] service=ts-order-service stage=service_create latency_ms=45
2026-03-11 16:10:19.564  INFO 1 --- [io-12031-exec-5] order.controller.OrderController         : [PYTHIA_FINE_TRACE] service=ts-order-service endpoint=createOrder latency_ms=45
2026-03-11 16:10:19.946  INFO 1 --- [io-12031-exec-1] order.service.OrderServiceImpl           : [PYTHIA_FINE_TRACE] service=ts-order-service stage=service_create latency_ms=54
2026-03-11 16:10:19.946  INFO 1 --- [io-12031-exec-1] order.controller.OrderController         : [PYTHIA_FINE_TRACE] service=ts-order-service endpoint=createOrder latency_ms=55
2026-03-11 16:10:20.345  INFO 1 --- [io-12031-exec-4] order.service.OrderServiceImpl           : [PYTHIA_FINE_TRACE] service=ts-order-service stage=service_create latency_ms=59
2026-03-11 16:10:20.345  INFO 1 --- [io-12031-exec-4] order.controller.OrderController         : [PYTHIA_FINE_TRACE] service=ts-order-service endpoint=createOrder latency_ms=59
2026-03-11 16:10:20.718  INFO 1 --- [io-12031-exec-3] order.service.OrderServiceImpl           : [PYTHIA_FINE_TRACE] service=ts-order-service stage=service_create latency_ms=97
2026-03-11 16:10:20.718  INFO 1 --- [io-12031-exec-3] order.controller.OrderController         : [PYTHIA_FINE_TRACE] service=ts-order-service endpoint=createOrder latency_ms=97
2026-03-11 16:10:21.322  INFO 1 --- [io-12031-exec-8] order.service.OrderServiceImpl           : [PYTHIA_DELAY] artificial_delay=300ms
2026-03-11 16:10:21.379  INFO 1 --- [io-12031-exec-8] order.service.OrderServiceImpl           : [PYTHIA_FINE_TRACE] service=ts-order-service stage=service_create latency_ms=357
2026-03-11 16:10:21.379  INFO 1 --- [io-12031-exec-8] order.controller.OrderController         : [PYTHIA_FINE_TRACE] service=ts-order-service endpoint=createOrder latency_ms=357
2026-03-11 16:10:21.914  INFO 1 --- [io-12031-exec-6] order.service.OrderServiceImpl           : [PYTHIA_FINE_TRACE] service=ts-order-service stage=service_create latency_ms=210
2026-03-11 16:10:21.914  INFO 1 --- [io-12031-exec-6] order.controller.OrderController         : [PYTHIA_FINE_TRACE] service=ts-order-service endpoint=createOrder latency_ms=210
2026-03-11 16:10:22.312  INFO 1 --- [io-12031-exec-7] order.service.OrderServiceImpl           : [PYTHIA_FINE_TRACE] service=ts-order-service stage=service_create latency_ms=84
2026-03-11 16:10:22.312  INFO 1 --- [io-12031-exec-7] order.controller.OrderController         : [PYTHIA_FINE_TRACE] service=ts-order-service endpoint=createOrder latency_ms=84
2026-03-11 16:10:22.985  INFO 1 --- [o-12031-exec-10] order.service.OrderServiceImpl           : [PYTHIA_DELAY] artificial_delay=300ms
2026-03-11 16:10:23.032  INFO 1 --- [o-12031-exec-10] order.service.OrderServiceImpl           : [PYTHIA_FINE_TRACE] service=ts-order-service stage=service_create latency_ms=347
2026-03-11 16:10:23.032  INFO 1 --- [o-12031-exec-10] order.controller.OrderController         : [PYTHIA_FINE_TRACE] service=ts-order-service endpoint=createOrder latency_ms=347
2026-03-11 16:10:23.408  INFO 1 --- [io-12031-exec-9] order.service.OrderServiceImpl           : [PYTHIA_FINE_TRACE] service=ts-order-service stage=service_create latency_ms=81
2026-03-11 16:10:23.408  INFO 1 --- [io-12031-exec-9] order.controller.OrderController         : [PYTHIA_FINE_TRACE] service=ts-order-service endpoint=createOrder latency_ms=81
2026-03-11 16:10:23.837  INFO 1 --- [io-12031-exec-2] order.service.OrderServiceImpl           : [PYTHIA_FINE_TRACE] service=ts-order-service stage=service_create latency_ms=55
2026-03-11 16:10:23.837  INFO 1 --- [io-12031-exec-2] order.controller.OrderController         : [PYTHIA_FINE_TRACE] service=ts-order-service endpoint=createOrder latency_ms=55
2026-03-11 16:10:24.170  INFO 1 --- [io-12031-exec-5] order.service.OrderServiceImpl           : [PYTHIA_FINE_TRACE] service=ts-order-service stage=service_create latency_ms=45
2026-03-11 16:10:24.170  INFO 1 --- [io-12031-exec-5] order.controller.OrderController         : [PYTHIA_FINE_TRACE] service=ts-order-service endpoint=createOrder latency_ms=45
2026-03-11 16:10:24.540  INFO 1 --- [io-12031-exec-1] order.service.OrderServiceImpl           : [PYTHIA_FINE_TRACE] service=ts-order-service stage=service_create latency_ms=55
2026-03-11 16:10:24.540  INFO 1 --- [io-12031-exec-1] order.controller.OrderController         : [PYTHIA_FINE_TRACE] service=ts-order-service endpoint=createOrder latency_ms=55
2026-03-11 16:10:24.866  INFO 1 --- [io-12031-exec-4] order.service.OrderServiceImpl           : [PYTHIA_FINE_TRACE] service=ts-order-service stage=service_create latency_ms=44
2026-03-11 16:10:24.866  INFO 1 --- [io-12031-exec-4] order.controller.OrderController         : [PYTHIA_FINE_TRACE] service=ts-order-service endpoint=createOrder latency_ms=44
2026-03-11 16:10:25.243  INFO 1 --- [io-12031-exec-3] order.service.OrderServiceImpl           : [PYTHIA_FINE_TRACE] service=ts-order-service stage=service_create latency_ms=54
2026-03-11 16:10:25.243  INFO 1 --- [io-12031-exec-3] order.controller.OrderController         : [PYTHIA_FINE_TRACE] service=ts-order-service endpoint=createOrder latency_ms=54
2026-03-11 16:10:25.565  INFO 1 --- [io-12031-exec-8] order.service.OrderServiceImpl           : [PYTHIA_FINE_TRACE] service=ts-order-service stage=service_create latency_ms=43
2026-03-11 16:10:25.565  INFO 1 --- [io-12031-exec-8] order.controller.OrderController         : [PYTHIA_FINE_TRACE] service=ts-order-service endpoint=createOrder latency_ms=43
2026-03-11 16:10:26.018  INFO 1 --- [io-12031-exec-6] order.service.OrderServiceImpl           : [PYTHIA_FINE_TRACE] service=ts-order-service stage=service_create latency_ms=126
2026-03-11 16:10:26.018  INFO 1 --- [io-12031-exec-6] order.controller.OrderController         : [PYTHIA_FINE_TRACE] service=ts-order-service endpoint=createOrder latency_ms=126
2026-03-11 16:10:26.408  INFO 1 --- [io-12031-exec-7] order.service.OrderServiceImpl           : [PYTHIA_FINE_TRACE] service=ts-order-service stage=service_create latency_ms=84
2026-03-11 16:10:26.408  INFO 1 --- [io-12031-exec-7] order.controller.OrderController         : [PYTHIA_FINE_TRACE] service=ts-order-service endpoint=createOrder latency_ms=84
2026-03-11 16:10:26.766  INFO 1 --- [o-12031-exec-10] order.service.OrderServiceImpl           : [PYTHIA_FINE_TRACE] service=ts-order-service stage=service_create latency_ms=45
2026-03-11 16:10:26.766  INFO 1 --- [o-12031-exec-10] order.controller.OrderController         : [PYTHIA_FINE_TRACE] service=ts-order-service endpoint=createOrder latency_ms=45
2026-03-11 16:10:27.392  INFO 1 --- [io-12031-exec-9] order.service.OrderServiceImpl           : [PYTHIA_DELAY] artificial_delay=300ms
2026-03-11 16:10:27.511  INFO 1 --- [io-12031-exec-9] order.service.OrderServiceImpl           : [PYTHIA_FINE_TRACE] service=ts-order-service stage=service_create latency_ms=419
2026-03-11 16:10:27.511  INFO 1 --- [io-12031-exec-9] order.controller.OrderController         : [PYTHIA_FINE_TRACE] service=ts-order-service endpoint=createOrder latency_ms=419
2026-03-11 16:10:27.873  INFO 1 --- [io-12031-exec-5] order.service.OrderServiceImpl           : [PYTHIA_FINE_TRACE] service=ts-order-service stage=service_create latency_ms=46
2026-03-11 16:10:27.873  INFO 1 --- [io-12031-exec-5] order.controller.OrderController         : [PYTHIA_FINE_TRACE] service=ts-order-service endpoint=createOrder latency_ms=46
2026-03-11 16:10:28.504  INFO 1 --- [io-12031-exec-1] order.service.OrderServiceImpl           : [PYTHIA_DELAY] artificial_delay=300ms
2026-03-11 16:10:28.602  INFO 1 --- [io-12031-exec-1] order.service.OrderServiceImpl           : [PYTHIA_FINE_TRACE] service=ts-order-service stage=service_create latency_ms=398
2026-03-11 16:10:28.602  INFO 1 --- [io-12031-exec-1] order.controller.OrderController         : [PYTHIA_FINE_TRACE] service=ts-order-service endpoint=createOrder latency_ms=398
2026-03-11 16:10:29.225  INFO 1 --- [io-12031-exec-4] order.service.OrderServiceImpl           : [PYTHIA_DELAY] artificial_delay=300ms
2026-03-11 16:10:29.273  INFO 1 --- [io-12031-exec-4] order.service.OrderServiceImpl           : [PYTHIA_FINE_TRACE] service=ts-order-service stage=service_create latency_ms=348
2026-03-11 16:10:29.273  INFO 1 --- [io-12031-exec-4] order.controller.OrderController         : [PYTHIA_FINE_TRACE] service=ts-order-service endpoint=createOrder latency_ms=348
2026-03-11 16:10:29.646  INFO 1 --- [io-12031-exec-3] order.service.OrderServiceImpl           : [PYTHIA_FINE_TRACE] service=ts-order-service stage=service_create latency_ms=50
2026-03-11 16:10:29.646  INFO 1 --- [io-12031-exec-3] order.controller.OrderController         : [PYTHIA_FINE_TRACE] service=ts-order-service endpoint=createOrder latency_ms=50
2026-03-11 16:10:30.009  INFO 1 --- [io-12031-exec-8] order.service.OrderServiceImpl           : [PYTHIA_FINE_TRACE] service=ts-order-service stage=service_create latency_ms=85
2026-03-11 16:10:30.009  INFO 1 --- [io-12031-exec-8] order.controller.OrderController         : [PYTHIA_FINE_TRACE] service=ts-order-service endpoint=createOrder latency_ms=85
2026-03-11 16:10:30.367  INFO 1 --- [io-12031-exec-6] order.service.OrderServiceImpl           : [PYTHIA_FINE_TRACE] service=ts-order-service stage=service_create latency_ms=43
2026-03-11 16:10:30.367  INFO 1 --- [io-12031-exec-6] order.controller.OrderController         : [PYTHIA_FINE_TRACE] service=ts-order-service endpoint=createOrder latency_ms=43
2026-03-11 16:10:30.747  INFO 1 --- [io-12031-exec-7] order.service.OrderServiceImpl           : [PYTHIA_FINE_TRACE] service=ts-order-service stage=service_create latency_ms=54
2026-03-11 16:10:30.747  INFO 1 --- [io-12031-exec-7] order.controller.OrderController         : [PYTHIA_FINE_TRACE] service=ts-order-service endpoint=createOrder latency_ms=54
2026-03-11 16:10:31.072  INFO 1 --- [o-12031-exec-10] order.service.OrderServiceImpl           : [PYTHIA_FINE_TRACE] service=ts-order-service stage=service_create latency_ms=45
2026-03-11 16:10:31.072  INFO 1 --- [o-12031-exec-10] order.controller.OrderController         : [PYTHIA_FINE_TRACE] service=ts-order-service endpoint=createOrder latency_ms=45
2026-03-11 16:10:31.450  INFO 1 --- [io-12031-exec-2] order.service.OrderServiceImpl           : [PYTHIA_FINE_TRACE] service=ts-order-service stage=service_create latency_ms=57
2026-03-11 16:10:31.450  INFO 1 --- [io-12031-exec-2] order.controller.OrderController         : [PYTHIA_FINE_TRACE] service=ts-order-service endpoint=createOrder latency_ms=58
2026-03-11 16:10:31.777  INFO 1 --- [io-12031-exec-9] order.service.OrderServiceImpl           : [PYTHIA_FINE_TRACE] service=ts-order-service stage=service_create latency_ms=47
2026-03-11 16:10:31.777  INFO 1 --- [io-12031-exec-9] order.controller.OrderController         : [PYTHIA_FINE_TRACE] service=ts-order-service endpoint=createOrder latency_ms=48
2026-03-11 16:10:32.400  INFO 1 --- [io-12031-exec-5] order.service.OrderServiceImpl           : [PYTHIA_DELAY] artificial_delay=300ms
2026-03-11 16:10:32.517  INFO 1 --- [io-12031-exec-5] order.service.OrderServiceImpl           : [PYTHIA_FINE_TRACE] service=ts-order-service stage=service_create latency_ms=417
2026-03-11 16:10:32.517  INFO 1 --- [io-12031-exec-5] order.controller.OrderController         : [PYTHIA_FINE_TRACE] service=ts-order-service endpoint=createOrder latency_ms=417
2026-03-11 16:10:33.180  INFO 1 --- [io-12031-exec-1] order.service.OrderServiceImpl           : [PYTHIA_DELAY] artificial_delay=300ms
2026-03-11 16:10:33.238  INFO 1 --- [io-12031-exec-1] order.service.OrderServiceImpl           : [PYTHIA_FINE_TRACE] service=ts-order-service stage=service_create latency_ms=358
2026-03-11 16:10:33.238  INFO 1 --- [io-12031-exec-1] order.controller.OrderController         : [PYTHIA_FINE_TRACE] service=ts-order-service endpoint=createOrder latency_ms=358
2026-03-11 16:10:33.628  INFO 1 --- [io-12031-exec-4] order.service.OrderServiceImpl           : [PYTHIA_FINE_TRACE] service=ts-order-service stage=service_create latency_ms=47
2026-03-11 16:10:33.628  INFO 1 --- [io-12031-exec-4] order.controller.OrderController         : [PYTHIA_FINE_TRACE] service=ts-order-service endpoint=createOrder latency_ms=47
2026-03-11 16:10:34.032  INFO 1 --- [io-12031-exec-3] order.service.OrderServiceImpl           : [PYTHIA_FINE_TRACE] service=ts-order-service stage=service_create latency_ms=55
2026-03-11 16:10:34.032  INFO 1 --- [io-12031-exec-3] order.controller.OrderController         : [PYTHIA_FINE_TRACE] service=ts-order-service endpoint=createOrder latency_ms=55
2026-03-11 16:10:34.438  INFO 1 --- [io-12031-exec-8] order.service.OrderServiceImpl           : [PYTHIA_FINE_TRACE] service=ts-order-service stage=service_create latency_ms=44
2026-03-11 16:10:34.438  INFO 1 --- [io-12031-exec-8] order.controller.OrderController         : [PYTHIA_FINE_TRACE] service=ts-order-service endpoint=createOrder latency_ms=44
2026-03-11 16:10:34.802  INFO 1 --- [io-12031-exec-6] order.service.OrderServiceImpl           : [PYTHIA_FINE_TRACE] service=ts-order-service stage=service_create latency_ms=75
2026-03-11 16:10:34.802  INFO 1 --- [io-12031-exec-6] order.controller.OrderController         : [PYTHIA_FINE_TRACE] service=ts-order-service endpoint=createOrder latency_ms=75
2026-03-11 16:10:35.416  INFO 1 --- [io-12031-exec-7] order.service.OrderServiceImpl           : [PYTHIA_DELAY] artificial_delay=300ms
2026-03-11 16:10:35.472  INFO 1 --- [io-12031-exec-7] order.service.OrderServiceImpl           : [PYTHIA_FINE_TRACE] service=ts-order-service stage=service_create latency_ms=357
2026-03-11 16:10:35.472  INFO 1 --- [io-12031-exec-7] order.controller.OrderController         : [PYTHIA_FINE_TRACE] service=ts-order-service endpoint=createOrder latency_ms=357
2026-03-11 16:10:35.863  INFO 1 --- [o-12031-exec-10] order.service.OrderServiceImpl           : [PYTHIA_FINE_TRACE] service=ts-order-service stage=service_create latency_ms=42
2026-03-11 16:10:35.863  INFO 1 --- [o-12031-exec-10] order.controller.OrderController         : [PYTHIA_FINE_TRACE] service=ts-order-service endpoint=createOrder latency_ms=42
2026-03-11 16:10:36.313  INFO 1 --- [io-12031-exec-2] order.service.OrderServiceImpl           : [PYTHIA_FINE_TRACE] service=ts-order-service stage=service_create latency_ms=126
2026-03-11 16:10:36.313  INFO 1 --- [io-12031-exec-2] order.controller.OrderController         : [PYTHIA_FINE_TRACE] service=ts-order-service endpoint=createOrder latency_ms=126
2026-03-11 16:10:36.919  INFO 1 --- [io-12031-exec-9] order.service.OrderServiceImpl           : [PYTHIA_DELAY] artificial_delay=300ms
2026-03-11 16:10:36.963  INFO 1 --- [io-12031-exec-9] order.service.OrderServiceImpl           : [PYTHIA_FINE_TRACE] service=ts-order-service stage=service_create latency_ms=344
2026-03-11 16:10:36.963  INFO 1 --- [io-12031-exec-9] order.controller.OrderController         : [PYTHIA_FINE_TRACE] service=ts-order-service endpoint=createOrder latency_ms=344
2026-03-11 16:10:37.337  INFO 1 --- [io-12031-exec-1] order.service.OrderServiceImpl           : [PYTHIA_FINE_TRACE] service=ts-order-service stage=service_create latency_ms=54
2026-03-11 16:10:37.337  INFO 1 --- [io-12031-exec-1] order.controller.OrderController         : [PYTHIA_FINE_TRACE] service=ts-order-service endpoint=createOrder latency_ms=54
2026-03-11 16:10:37.669  INFO 1 --- [io-12031-exec-4] order.service.OrderServiceImpl           : [PYTHIA_FINE_TRACE] service=ts-order-service stage=service_create latency_ms=45
2026-03-11 16:10:37.669  INFO 1 --- [io-12031-exec-4] order.controller.OrderController         : [PYTHIA_FINE_TRACE] service=ts-order-service endpoint=createOrder latency_ms=45
2026-03-11 16:10:38.286  INFO 1 --- [io-12031-exec-3] order.service.OrderServiceImpl           : [PYTHIA_DELAY] artificial_delay=300ms
2026-03-11 16:10:38.343  INFO 1 --- [io-12031-exec-3] order.service.OrderServiceImpl           : [PYTHIA_FINE_TRACE] service=ts-order-service stage=service_create latency_ms=357
2026-03-11 16:10:38.343  INFO 1 --- [io-12031-exec-3] order.controller.OrderController         : [PYTHIA_FINE_TRACE] service=ts-order-service endpoint=createOrder latency_ms=357
2026-03-11 16:10:38.711  INFO 1 --- [io-12031-exec-8] order.service.OrderServiceImpl           : [PYTHIA_FINE_TRACE] service=ts-order-service stage=service_create latency_ms=89
2026-03-11 16:10:38.711  INFO 1 --- [io-12031-exec-8] order.controller.OrderController         : [PYTHIA_FINE_TRACE] service=ts-order-service endpoint=createOrder latency_ms=89
2026-03-11 16:10:39.125  INFO 1 --- [io-12031-exec-6] order.service.OrderServiceImpl           : [PYTHIA_FINE_TRACE] service=ts-order-service stage=service_create latency_ms=45
2026-03-11 16:10:39.125  INFO 1 --- [io-12031-exec-6] order.controller.OrderController         : [PYTHIA_FINE_TRACE] service=ts-order-service endpoint=createOrder latency_ms=45
2026-03-11 16:10:39.502  INFO 1 --- [io-12031-exec-7] order.service.OrderServiceImpl           : [PYTHIA_FINE_TRACE] service=ts-order-service stage=service_create latency_ms=78
2026-03-11 16:10:39.502  INFO 1 --- [io-12031-exec-7] order.controller.OrderController         : [PYTHIA_FINE_TRACE] service=ts-order-service endpoint=createOrder latency_ms=78
2026-03-11 16:10:40.117  INFO 1 --- [o-12031-exec-10] order.service.OrderServiceImpl           : [PYTHIA_DELAY] artificial_delay=300ms
2026-03-11 16:10:40.161  INFO 1 --- [o-12031-exec-10] order.service.OrderServiceImpl           : [PYTHIA_FINE_TRACE] service=ts-order-service stage=service_create latency_ms=344
2026-03-11 16:10:40.161  INFO 1 --- [o-12031-exec-10] order.controller.OrderController         : [PYTHIA_FINE_TRACE] service=ts-order-service endpoint=createOrder latency_ms=344
2026-03-11 16:10:40.539  INFO 1 --- [io-12031-exec-2] order.service.OrderServiceImpl           : [PYTHIA_FINE_TRACE] service=ts-order-service stage=service_create latency_ms=53
2026-03-11 16:10:40.540  INFO 1 --- [io-12031-exec-2] order.controller.OrderController         : [PYTHIA_FINE_TRACE] service=ts-order-service endpoint=createOrder latency_ms=54
2026-03-11 16:10:41.179  INFO 1 --- [io-12031-exec-9] order.service.OrderServiceImpl           : [PYTHIA_DELAY] artificial_delay=300ms
2026-03-11 16:10:41.224  INFO 1 --- [io-12031-exec-9] order.service.OrderServiceImpl           : [PYTHIA_FINE_TRACE] service=ts-order-service stage=service_create latency_ms=345
2026-03-11 16:10:41.225  INFO 1 --- [io-12031-exec-9] order.controller.OrderController         : [PYTHIA_FINE_TRACE] service=ts-order-service endpoint=createOrder latency_ms=346
2026-03-11 16:10:41.571  INFO 1 --- [io-12031-exec-5] order.service.OrderServiceImpl           : [PYTHIA_FINE_TRACE] service=ts-order-service stage=service_create latency_ms=50
2026-03-11 16:10:41.571  INFO 1 --- [io-12031-exec-5] order.controller.OrderController         : [PYTHIA_FINE_TRACE] service=ts-order-service endpoint=createOrder latency_ms=50
2026-03-11 16:10:42.013  INFO 1 --- [io-12031-exec-1] order.service.OrderServiceImpl           : [PYTHIA_FINE_TRACE] service=ts-order-service stage=service_create latency_ms=119
2026-03-11 16:10:42.013  INFO 1 --- [io-12031-exec-1] order.controller.OrderController         : [PYTHIA_FINE_TRACE] service=ts-order-service endpoint=createOrder latency_ms=119
2026-03-11 16:10:42.375  INFO 1 --- [io-12031-exec-4] order.service.OrderServiceImpl           : [PYTHIA_FINE_TRACE] service=ts-order-service stage=service_create latency_ms=47
2026-03-11 16:10:42.375  INFO 1 --- [io-12031-exec-4] order.controller.OrderController         : [PYTHIA_FINE_TRACE] service=ts-order-service endpoint=createOrder latency_ms=47
2026-03-11 16:10:42.756  INFO 1 --- [io-12031-exec-3] order.service.OrderServiceImpl           : [PYTHIA_FINE_TRACE] service=ts-order-service stage=service_create latency_ms=54
2026-03-11 16:10:42.756  INFO 1 --- [io-12031-exec-3] order.controller.OrderController         : [PYTHIA_FINE_TRACE] service=ts-order-service endpoint=createOrder latency_ms=55
2026-03-11 16:10:43.384  INFO 1 --- [io-12031-exec-8] order.service.OrderServiceImpl           : [PYTHIA_DELAY] artificial_delay=300ms
2026-03-11 16:10:43.431  INFO 1 --- [io-12031-exec-8] order.service.OrderServiceImpl           : [PYTHIA_FINE_TRACE] service=ts-order-service stage=service_create latency_ms=347
2026-03-11 16:10:43.431  INFO 1 --- [io-12031-exec-8] order.controller.OrderController         : [PYTHIA_FINE_TRACE] service=ts-order-service endpoint=createOrder latency_ms=347
2026-03-11 16:10:44.028  INFO 1 --- [io-12031-exec-6] order.service.OrderServiceImpl           : [PYTHIA_DELAY] artificial_delay=300ms
2026-03-11 16:10:44.082  INFO 1 --- [io-12031-exec-6] order.service.OrderServiceImpl           : [PYTHIA_FINE_TRACE] service=ts-order-service stage=service_create latency_ms=354
2026-03-11 16:10:44.082  INFO 1 --- [io-12031-exec-6] order.controller.OrderController         : [PYTHIA_FINE_TRACE] service=ts-order-service endpoint=createOrder latency_ms=354
2026-03-11 16:10:44.511  INFO 1 --- [io-12031-exec-7] order.service.OrderServiceImpl           : [PYTHIA_FINE_TRACE] service=ts-order-service stage=service_create latency_ms=107
2026-03-11 16:10:44.511  INFO 1 --- [io-12031-exec-7] order.controller.OrderController         : [PYTHIA_FINE_TRACE] service=ts-order-service endpoint=createOrder latency_ms=107
2026-03-11 16:10:44.870  INFO 1 --- [o-12031-exec-10] order.service.OrderServiceImpl           : [PYTHIA_FINE_TRACE] service=ts-order-service stage=service_create latency_ms=43
2026-03-11 16:10:44.870  INFO 1 --- [o-12031-exec-10] order.controller.OrderController         : [PYTHIA_FINE_TRACE] service=ts-order-service endpoint=createOrder latency_ms=44
