service,endpoint,type,layer,count,mean_latency,variance,stddev,cov
"dHMtZ2F0ZXdheS1zZXJ2aWNl.1","POST:/api/v1/users/login","UNKNOWN_TYPE","UNKNOWN_LAYER",1000,3.94,7276.3824,85.301714,21.650181
"dHMtaW5zaWRlLXBheW1lbnQtc2VydmljZQ==.1","POST:/api/v1/inside_pay_service/pay","UNKNOWN_TYPE","UNKNOWN_LAYER",1000,18.328,143348.852416,378.614385,20.657703
"dHMtb3JkZXItc2VydmljZQ==.1","POST:/api/v1/orderservice/order","UNKNOWN_TYPE","UNKNOWN_LAYER",1000,36.412,144137.760256,379.654791,10.426639
"dHMtdHJhdmVsLXNlcnZpY2U=.1","GET:/api/v1/travelservice/trips/{tripId}","UNKNOWN_TYPE","UNKNOWN_LAYER",1000,6.595,4397.894975,66.316627,10.055592
"dHMtdHJhdmVsMi1zZXJ2aWNl.1","Mysql/JDBI/Connection/close","UNKNOWN_TYPE","UNKNOWN_LAYER",420,0.62619,19.324552,4.39597,7.02018
"dHMtY29uZmlnLXNlcnZpY2U=.1","Mysql/JDBI/Connection/close","UNKNOWN_TYPE","UNKNOWN_LAYER",420,0.702381,23.980471,4.896986,6.97198
"dHMtY29uc2lnbi1wcmljZS1zZXJ2aWNl.1","Mysql/JDBI/Connection/close","UNKNOWN_TYPE","UNKNOWN_LAYER",420,0.578571,11.762874,3.429705,5.927885
"dHMtb3JkZXItb3RoZXItc2VydmljZQ==.1","Mysql/JDBI/Connection/close","UNKNOWN_TYPE","UNKNOWN_LAYER",420,0.507143,2.935663,1.713378,3.378491
"dHMtcHJpY2Utc2VydmljZQ==.1","Mysql/JDBI/Connection/close","UNKNOWN_TYPE","UNKNOWN_LAYER",420,0.471429,1.268231,1.126158,2.388819
"dHMtZ2F0ZXdheS1zZXJ2aWNl.1","POST:/api/v1/orderservice/order","UNKNOWN_TYPE","UNKNOWN_LAYER",1000,1.327,7.944071,2.818523,2.123981
"dHMtY29uc2lnbi1zZXJ2aWNl.1","Mysql/JDBI/Connection/close","UNKNOWN_TYPE","UNKNOWN_LAYER",420,0.483333,1.016389,1.008161,2.085851
"dHMtZ2F0ZXdheS1zZXJ2aWNl.1","GET:/api/v1/travelservice/trips/left","UNKNOWN_TYPE","UNKNOWN_LAYER",1000,1.503,9.769991,3.125698,2.07964
"dHMtc3RhdGlvbi1zZXJ2aWNl.1","Mysql/JDBI/Connection/close","UNKNOWN_TYPE","UNKNOWN_LAYER",420,0.447619,0.518685,0.720198,1.608952
"dHMtZ2F0ZXdheS1zZXJ2aWNl.1","POST:/api/v1/inside_pay_service/pay","UNKNOWN_TYPE","UNKNOWN_LAYER",1000,1.298,4.249196,2.061358,1.588103
"dHMtZm9vZC1kZWxpdmVyeS1zZXJ2aWNl.1","Mysql/JDBI/Connection/close","UNKNOWN_TYPE","UNKNOWN_LAYER",420,0.359524,0.235028,0.484797,1.348443
"dHMtY29udGFjdHMtc2VydmljZQ==.1","Mysql/JDBI/Connection/close","UNKNOWN_TYPE","UNKNOWN_LAYER",420,0.378571,0.249541,0.499541,1.319541
"dHMtdHJhdmVsLXNlcnZpY2U=.1","Mysql/JDBI/Connection/close","UNKNOWN_TYPE","UNKNOWN_LAYER",420,0.37381,0.238838,0.48871,1.307378
"dHMtZm9vZC1zZXJ2aWNl.1","Mysql/JDBI/Connection/close","UNKNOWN_TYPE","UNKNOWN_LAYER",420,0.390476,0.257052,0.507003,1.298423
"dHMtdHJhaW4tZm9vZC1zZXJ2aWNl.1","Mysql/JDBI/Connection/close","UNKNOWN_TYPE","UNKNOWN_LAYER",420,0.390476,0.25229,0.502285,1.28634
"dHMtcm91dGUtc2VydmljZQ==.1","Mysql/JDBI/Connection/close","UNKNOWN_TYPE","UNKNOWN_LAYER",420,0.4,0.26381,0.513624,1.28406
"dHMtd2FpdC1vcmRlci1zZXJ2aWNl.1","Mysql/JDBI/Connection/close","UNKNOWN_TYPE","UNKNOWN_LAYER",420,0.395238,0.253311,0.5033,1.273409
"dHMtYXNzdXJhbmNlLXNlcnZpY2U=.1","Mysql/JDBI/Connection/close","UNKNOWN_TYPE","UNKNOWN_LAYER",420,0.411905,0.270811,0.520395,1.263386
"dHMtdXNlci1zZXJ2aWNl.1","Mysql/JDBI/Connection/close","UNKNOWN_TYPE","UNKNOWN_LAYER",420,0.435714,0.30301,0.550464,1.263359
"dHMtYXV0aC1zZXJ2aWNl.1","POST:/api/v1/users/login","UNKNOWN_TYPE","UNKNOWN_LAYER",1000,169.267,45715.885711,213.812735,1.263168
"dHMtc3RhdGlvbi1mb29kLXNlcnZpY2U=.1","Mysql/JDBI/Connection/close","UNKNOWN_TYPE","UNKNOWN_LAYER",420,0.407143,0.260425,0.510319,1.253414
"dHMtYXV0aC1zZXJ2aWNl.1","Mysql/JDBI/Connection/close","UNKNOWN_TYPE","UNKNOWN_LAYER",420,0.445238,0.308906,0.555793,1.248305
"dHMtb3JkZXItc2VydmljZQ==.1","Mysql/JDBI/Connection/close","UNKNOWN_TYPE","UNKNOWN_LAYER",420,0.416667,0.266865,0.51659,1.239816
"dHMtdHJhaW4tc2VydmljZQ==.1","Mysql/JDBI/Connection/close","UNKNOWN_TYPE","UNKNOWN_LAYER",420,0.409524,0.2561,0.506063,1.235735
"dHMtc2VjdXJpdHktc2VydmljZQ==.1","Mysql/JDBI/Connection/close","UNKNOWN_TYPE","UNKNOWN_LAYER",420,0.433333,0.264603,0.514396,1.187068
"dHMtaW5zaWRlLXBheW1lbnQtc2VydmljZQ==.1","Mysql/JDBI/Connection/close","UNKNOWN_TYPE","UNKNOWN_LAYER",420,0.438095,0.265215,0.514991,1.175522
"dHMtbm90aWZpY2F0aW9uLXNlcnZpY2U=.1","Mysql/JDBI/Connection/close","UNKNOWN_TYPE","UNKNOWN_LAYER",420,0.45,0.261786,0.51165,1.137
"dHMtZGVsaXZlcnktc2VydmljZQ==.1","Mysql/JDBI/Connection/close","UNKNOWN_TYPE","UNKNOWN_LAYER",420,0.466667,0.272698,0.522205,1.119011
"dHMtcGF5bWVudC1zZXJ2aWNl.1","Mysql/JDBI/Connection/close","UNKNOWN_TYPE","UNKNOWN_LAYER",420,0.469048,0.26809,0.517774,1.103883
"dHMtY2FuY2VsLXNlcnZpY2U=.1","POST:/api/v1/cancelservice/cancel/09e690cd-5436-4df5-b910-30d8c6d670f5","UNKNOWN_TYPE","UNKNOWN_LAYER",1,9.0,0.0,0.0,0.0
"dHMtY2FuY2VsLXNlcnZpY2U=.1","POST:/api/v1/cancelservice/cancel/04b8850a-af97-4476-b099-bee2815e4b60","UNKNOWN_TYPE","UNKNOWN_LAYER",1,7.0,0.0,0.0,0.0
"dHMtZ2F0ZXdheS1zZXJ2aWNl.1","POST:/api/v1/cancelservice/cancel/55c69a56-23e1-4849-bb17-1e8f08203b5b","UNKNOWN_TYPE","UNKNOWN_LAYER",1,3.0,0.0,0.0,0.0
"dHMtY2FuY2VsLXNlcnZpY2U=.1","POST:/api/v1/cancelservice/cancel/6cfb23e7-abe2-45ac-892a-61018b399b06","UNKNOWN_TYPE","UNKNOWN_LAYER",1,7.0,0.0,0.0,0.0
"dHMtZ2F0ZXdheS1zZXJ2aWNl.1","POST:/api/v1/cancelservice/cancel/81dfa903-c672-41f1-a99c-ad1eb6d92669","UNKNOWN_TYPE","UNKNOWN_LAYER",1,4.0,0.0,0.0,0.0
"dHMtY2FuY2VsLXNlcnZpY2U=.1","POST:/api/v1/cancelservice/cancel/81dfa903-c672-41f1-a99c-ad1eb6d92669","UNKNOWN_TYPE","UNKNOWN_LAYER",1,14.0,0.0,0.0,0.0
"dHMtZ2F0ZXdheS1zZXJ2aWNl.1","POST:/api/v1/cancelservice/cancel/386ca95d-b82c-4883-bc80-cdd8004c4601","UNKNOWN_TYPE","UNKNOWN_LAYER",1,1.0,0.0,0.0,0.0
"dHMtY2FuY2VsLXNlcnZpY2U=.1","POST:/api/v1/cancelservice/cancel/9fff0327-cdca-41f9-892f-8154acfb6c1b","UNKNOWN_TYPE","UNKNOWN_LAYER",1,3.0,0.0,0.0,0.0
"dHMtY2FuY2VsLXNlcnZpY2U=.1","POST:/api/v1/cancelservice/cancel/0fc62dd2-9950-4dc3-adae-089ef88acf84","UNKNOWN_TYPE","UNKNOWN_LAYER",1,4.0,0.0,0.0,0.0
"dHMtZ2F0ZXdheS1zZXJ2aWNl.1","POST:/api/v1/cancelservice/cancel/bbcf0a17-10ef-435b-b85c-311829f4be2d","UNKNOWN_TYPE","UNKNOWN_LAYER",1,1.0,0.0,0.0,0.0
"dHMtZ2F0ZXdheS1zZXJ2aWNl.1","POST:/api/v1/cancelservice/cancel/97cbb240-684a-43cc-8714-2804a3845c5d","UNKNOWN_TYPE","UNKNOWN_LAYER",1,1.0,0.0,0.0,0.0
"dHMtZ2F0ZXdheS1zZXJ2aWNl.1","POST:/api/v1/cancelservice/cancel/693297af-2ebc-4cae-ac52-93e1834e2729","UNKNOWN_TYPE","UNKNOWN_LAYER",1,1.0,0.0,0.0,0.0
"dHMtY2FuY2VsLXNlcnZpY2U=.1","POST:/api/v1/cancelservice/cancel/2f120cf5-266d-4d1a-a0a1-f174cfb5a9ef","UNKNOWN_TYPE","UNKNOWN_LAYER",1,4.0,0.0,0.0,0.0
"dHMtZ2F0ZXdheS1zZXJ2aWNl.1","POST:/api/v1/cancelservice/cancel/2f120cf5-266d-4d1a-a0a1-f174cfb5a9ef","UNKNOWN_TYPE","UNKNOWN_LAYER",1,1.0,0.0,0.0,0.0
"dHMtY2FuY2VsLXNlcnZpY2U=.1","POST:/api/v1/cancelservice/cancel/fae5a075-606a-4e0d-9cb4-f9393efabd73","UNKNOWN_TYPE","UNKNOWN_LAYER",1,4.0,0.0,0.0,0.0
"dHMtZ2F0ZXdheS1zZXJ2aWNl.1","POST:/api/v1/cancelservice/cancel/142bb88c-2b85-4dfb-ba2d-42d00d16923e","UNKNOWN_TYPE","UNKNOWN_LAYER",1,1.0,0.0,0.0,0.0
"dHMtY2FuY2VsLXNlcnZpY2U=.1","POST:/api/v1/cancelservice/cancel/7f9979a7-7dbd-445c-8174-c4c5ec78be5f","UNKNOWN_TYPE","UNKNOWN_LAYER",1,4.0,0.0,0.0,0.0
"dHMtY2FuY2VsLXNlcnZpY2U=.1","POST:/api/v1/cancelservice/cancel/00c1409e-f0d1-4a1b-9df2-ace587b1e216","UNKNOWN_TYPE","UNKNOWN_LAYER",1,4.0,0.0,0.0,0.0
"dHMtZ2F0ZXdheS1zZXJ2aWNl.1","POST:/api/v1/cancelservice/cancel/81835c01-d5aa-41b0-a19c-e496fafc5513","UNKNOWN_TYPE","UNKNOWN_LAYER",1,1.0,0.0,0.0,0.0
"dHMtY2FuY2VsLXNlcnZpY2U=.1","POST:/api/v1/cancelservice/cancel/3a3faf52-a907-4cd7-8444-cd72370af99f","UNKNOWN_TYPE","UNKNOWN_LAYER",1,3.0,0.0,0.0,0.0
"dHMtY2FuY2VsLXNlcnZpY2U=.1","POST:/api/v1/cancelservice/cancel/9ed02371-d7c3-4405-9a48-09c86eba9e02","UNKNOWN_TYPE","UNKNOWN_LAYER",1,4.0,0.0,0.0,0.0
"dHMtZ2F0ZXdheS1zZXJ2aWNl.1","POST:/api/v1/cancelservice/cancel/3524b910-f2ad-4dea-b788-286acc8ea6a2","UNKNOWN_TYPE","UNKNOWN_LAYER",1,1.0,0.0,0.0,0.0
"dHMtZ2F0ZXdheS1zZXJ2aWNl.1","POST:/api/v1/cancelservice/cancel/edbb68d2-0ca2-42b4-be62-07c9b52f58b0","UNKNOWN_TYPE","UNKNOWN_LAYER",1,1.0,0.0,0.0,0.0
"dHMtZ2F0ZXdheS1zZXJ2aWNl.1","POST:/api/v1/cancelservice/cancel/4183f394-df0c-4016-a49c-b49eb1bfe5c4","UNKNOWN_TYPE","UNKNOWN_LAYER",1,1.0,0.0,0.0,0.0
"dHMtZ2F0ZXdheS1zZXJ2aWNl.1","POST:/api/v1/cancelservice/cancel/6c0fc2d5-369c-40a7-a383-a421f44c2fb5","UNKNOWN_TYPE","UNKNOWN_LAYER",1,1.0,0.0,0.0,0.0
"dHMtZ2F0ZXdheS1zZXJ2aWNl.1","POST:/api/v1/cancelservice/cancel/08e36ac8-277b-4d52-88b1-8a3d3ef81ef4","UNKNOWN_TYPE","UNKNOWN_LAYER",1,1.0,0.0,0.0,0.0
"dHMtZ2F0ZXdheS1zZXJ2aWNl.1","POST:/api/v1/cancelservice/cancel/8ef0271a-da24-4560-914f-4e0a381fd03e","UNKNOWN_TYPE","UNKNOWN_LAYER",1,1.0,0.0,0.0,0.0
"dHMtY2FuY2VsLXNlcnZpY2U=.1","POST:/api/v1/cancelservice/cancel/adb8ed45-3dba-429b-b84d-86c2cbc34024","UNKNOWN_TYPE","UNKNOWN_LAYER",1,4.0,0.0,0.0,0.0
"dHMtY2FuY2VsLXNlcnZpY2U=.1","POST:/api/v1/cancelservice/cancel/08035377-5bcf-4cf1-bb0b-77de7456ab23","UNKNOWN_TYPE","UNKNOWN_LAYER",1,14.0,0.0,0.0,0.0
"dHMtY2FuY2VsLXNlcnZpY2U=.1","POST:/api/v1/cancelservice/cancel/6d0840f2-fb86-4a1c-8856-4d488d9d936e","UNKNOWN_TYPE","UNKNOWN_LAYER",1,6.0,0.0,0.0,0.0
"dHMtZ2F0ZXdheS1zZXJ2aWNl.1","POST:/api/v1/cancelservice/cancel/fefd31b2-2438-4f9d-ba0b-5413884e3d0e","UNKNOWN_TYPE","UNKNOWN_LAYER",1,1.0,0.0,0.0,0.0
"dHMtZ2F0ZXdheS1zZXJ2aWNl.1","POST:/api/v1/cancelservice/cancel/37df6e19-608a-4e4c-bfdc-c18c21d0fb27","UNKNOWN_TYPE","UNKNOWN_LAYER",1,1.0,0.0,0.0,0.0
"dHMtZ2F0ZXdheS1zZXJ2aWNl.1","POST:/api/v1/cancelservice/cancel/560010cf-b3ca-49ad-a61d-8cf3436477fd","UNKNOWN_TYPE","UNKNOWN_LAYER",1,1.0,0.0,0.0,0.0
"dHMtZ2F0ZXdheS1zZXJ2aWNl.1","POST:/api/v1/cancelservice/cancel/4f0c0e2a-4c67-4346-ae57-25b0327a76b3","UNKNOWN_TYPE","UNKNOWN_LAYER",1,1.0,0.0,0.0,0.0
"dHMtY2FuY2VsLXNlcnZpY2U=.1","POST:/api/v1/cancelservice/cancel/4f0c0e2a-4c67-4346-ae57-25b0327a76b3","UNKNOWN_TYPE","UNKNOWN_LAYER",1,3.0,0.0,0.0,0.0
"dHMtZ2F0ZXdheS1zZXJ2aWNl.1","POST:/api/v1/cancelservice/cancel/9e29bd6b-9e8c-499c-8086-d15b53a394fe","UNKNOWN_TYPE","UNKNOWN_LAYER",1,1.0,0.0,0.0,0.0
"dHMtY2FuY2VsLXNlcnZpY2U=.1","POST:/api/v1/cancelservice/cancel/b9d4fd6a-3cef-434a-a197-e92a3a880403","UNKNOWN_TYPE","UNKNOWN_LAYER",1,4.0,0.0,0.0,0.0
"dHMtZ2F0ZXdheS1zZXJ2aWNl.1","POST:/api/v1/cancelservice/cancel/b32cd44c-a62d-41f9-8d50-d45e7e2dbc3f","UNKNOWN_TYPE","UNKNOWN_LAYER",1,1.0,0.0,0.0,0.0
"dHMtZ2F0ZXdheS1zZXJ2aWNl.1","POST:/api/v1/cancelservice/cancel/2fd5dfcf-5417-437a-b3f2-6c64648c1267","UNKNOWN_TYPE","UNKNOWN_LAYER",1,2.0,0.0,0.0,0.0
"dHMtY2FuY2VsLXNlcnZpY2U=.1","POST:/api/v1/cancelservice/cancel/2fd5dfcf-5417-437a-b3f2-6c64648c1267","UNKNOWN_TYPE","UNKNOWN_LAYER",1,4.0,0.0,0.0,0.0
"dHMtZ2F0ZXdheS1zZXJ2aWNl.1","POST:/api/v1/cancelservice/cancel/dc0aa456-a437-4d35-a5d9-4a099ea4faa6","UNKNOWN_TYPE","UNKNOWN_LAYER",1,2.0,0.0,0.0,0.0
"dHMtY2FuY2VsLXNlcnZpY2U=.1","POST:/api/v1/cancelservice/cancel/b20ac8e7-34e3-4d1a-a10b-5ca5006aed31","UNKNOWN_TYPE","UNKNOWN_LAYER",1,4.0,0.0,0.0,0.0
"dHMtY2FuY2VsLXNlcnZpY2U=.1","POST:/api/v1/cancelservice/cancel/9bc060a9-c830-44f6-8b32-2eacdaf83339","UNKNOWN_TYPE","UNKNOWN_LAYER",1,4.0,0.0,0.0,0.0
"dHMtZ2F0ZXdheS1zZXJ2aWNl.1","POST:/api/v1/cancelservice/cancel/7ca512d5-8ef4-4758-be33-46a495f8f4ac","UNKNOWN_TYPE","UNKNOWN_LAYER",1,1.0,0.0,0.0,0.0
"dHMtZ2F0ZXdheS1zZXJ2aWNl.1","POST:/api/v1/cancelservice/cancel/4ec42973-9f26-45b3-9ab8-6b7b9279772c","UNKNOWN_TYPE","UNKNOWN_LAYER",1,1.0,0.0,0.0,0.0
"dHMtY2FuY2VsLXNlcnZpY2U=.1","POST:/api/v1/cancelservice/cancel/913948de-f4bd-46f1-9be1-09607b218503","UNKNOWN_TYPE","UNKNOWN_LAYER",1,4.0,0.0,0.0,0.0
"dHMtZ2F0ZXdheS1zZXJ2aWNl.1","POST:/api/v1/cancelservice/cancel/7145b317-9495-4cf1-a75f-440d8e147734","UNKNOWN_TYPE","UNKNOWN_LAYER",1,1.0,0.0,0.0,0.0
"dHMtZ2F0ZXdheS1zZXJ2aWNl.1","POST:/api/v1/cancelservice/cancel/f455c3bf-a72d-46df-a517-c8144c773191","UNKNOWN_TYPE","UNKNOWN_LAYER",1,2.0,0.0,0.0,0.0
"dHMtY2FuY2VsLXNlcnZpY2U=.1","POST:/api/v1/cancelservice/cancel/c15ad26b-bbe3-497b-b942-30409a8ae114","UNKNOWN_TYPE","UNKNOWN_LAYER",1,4.0,0.0,0.0,0.0
"dHMtZ2F0ZXdheS1zZXJ2aWNl.1","POST:/api/v1/cancelservice/cancel/128d9799-1769-4f3f-9258-a08eed77c81c","UNKNOWN_TYPE","UNKNOWN_LAYER",1,1.0,0.0,0.0,0.0
"dHMtZ2F0ZXdheS1zZXJ2aWNl.1","POST:/api/v1/cancelservice/cancel/b1d96cab-feaa-4386-8d35-e5b5e4a0011e","UNKNOWN_TYPE","UNKNOWN_LAYER",1,1.0,0.0,0.0,0.0
"dHMtZ2F0ZXdheS1zZXJ2aWNl.1","POST:/api/v1/cancelservice/cancel/4f8fd4ab-20fd-4fbb-a0c3-7b38f5c30cb4","UNKNOWN_TYPE","UNKNOWN_LAYER",1,1.0,0.0,0.0,0.0
"dHMtY2FuY2VsLXNlcnZpY2U=.1","POST:/api/v1/cancelservice/cancel/0be92556-33af-48d2-b58d-6df9189f22fa","UNKNOWN_TYPE","UNKNOWN_LAYER",1,5.0,0.0,0.0,0.0
"dHMtZ2F0ZXdheS1zZXJ2aWNl.1","POST:/api/v1/cancelservice/cancel/f3be8dd0-6d45-4c2b-8dcf-b439a6829b68","UNKNOWN_TYPE","UNKNOWN_LAYER",1,1.0,0.0,0.0,0.0
"dHMtZ2F0ZXdheS1zZXJ2aWNl.1","POST:/api/v1/cancelservice/cancel/4eb51de3-a916-4f31-8310-35dbe57f02ba","UNKNOWN_TYPE","UNKNOWN_LAYER",1,1.0,0.0,0.0,0.0
"dHMtZ2F0ZXdheS1zZXJ2aWNl.1","POST:/api/v1/cancelservice/cancel/1564f58b-bcc1-46c5-89d0-9259e33f6fb0","UNKNOWN_TYPE","UNKNOWN_LAYER",1,1.0,0.0,0.0,0.0
"dHMtY2FuY2VsLXNlcnZpY2U=.1","POST:/api/v1/cancelservice/cancel/4fcd07a4-2453-4776-8b6a-7d38c1db7ffa","UNKNOWN_TYPE","UNKNOWN_LAYER",1,4.0,0.0,0.0,0.0
"dHMtZ2F0ZXdheS1zZXJ2aWNl.1","POST:/api/v1/cancelservice/cancel/e235691b-1626-4aa9-9188-bccf7983d940","UNKNOWN_TYPE","UNKNOWN_LAYER",1,1.0,0.0,0.0,0.0
"dHMtY2FuY2VsLXNlcnZpY2U=.1","POST:/api/v1/cancelservice/cancel/9a1def22-7357-4448-955c-e8b5a80e4c0e","UNKNOWN_TYPE","UNKNOWN_LAYER",1,4.0,0.0,0.0,0.0
"dHMtZ2F0ZXdheS1zZXJ2aWNl.1","POST:/api/v1/cancelservice/cancel/4c3e856c-abe1-4f65-a11f-818a44066682","UNKNOWN_TYPE","UNKNOWN_LAYER",1,1.0,0.0,0.0,0.0
"dHMtY2FuY2VsLXNlcnZpY2U=.1","POST:/api/v1/cancelservice/cancel/4c3e856c-abe1-4f65-a11f-818a44066682","UNKNOWN_TYPE","UNKNOWN_LAYER",1,4.0,0.0,0.0,0.0
"dHMtY2FuY2VsLXNlcnZpY2U=.1","POST:/api/v1/cancelservice/cancel/4451fa01-db6d-4ed9-81d3-90c16af4e258","UNKNOWN_TYPE","UNKNOWN_LAYER",1,4.0,0.0,0.0,0.0
"dHMtZ2F0ZXdheS1zZXJ2aWNl.1","POST:/api/v1/cancelservice/cancel/120dc75a-568a-46b8-a261-31a5ab9e8497","UNKNOWN_TYPE","UNKNOWN_LAYER",1,1.0,0.0,0.0,0.0
"dHMtZ2F0ZXdheS1zZXJ2aWNl.1","POST:/api/v1/cancelservice/cancel/592532ac-f322-42b9-ae7f-2b26e0646621","UNKNOWN_TYPE","UNKNOWN_LAYER",1,2.0,0.0,0.0,0.0
"dHMtZ2F0ZXdheS1zZXJ2aWNl.1","POST:/api/v1/cancelservice/cancel/ed9f93fb-e534-4afc-83bf-86a4326f3812","UNKNOWN_TYPE","UNKNOWN_LAYER",1,2.0,0.0,0.0,0.0
"dHMtY2FuY2VsLXNlcnZpY2U=.1","POST:/api/v1/cancelservice/cancel/46f61788-fda0-4123-ad56-8a7183cef3ac","UNKNOWN_TYPE","UNKNOWN_LAYER",1,4.0,0.0,0.0,0.0
"dHMtZ2F0ZXdheS1zZXJ2aWNl.1","POST:/api/v1/cancelservice/cancel/5b47fc80-86db-442a-8f27-3c313ac133ec","UNKNOWN_TYPE","UNKNOWN_LAYER",1,2.0,0.0,0.0,0.0
"dHMtZ2F0ZXdheS1zZXJ2aWNl.1","POST:/api/v1/cancelservice/cancel/231d2aeb-0588-4c77-98f5-ff89289331f4","UNKNOWN_TYPE","UNKNOWN_LAYER",1,2.0,0.0,0.0,0.0
"dHMtY2FuY2VsLXNlcnZpY2U=.1","POST:/api/v1/cancelservice/cancel/562eb5eb-b52f-4e7a-b48e-19f450103d36","UNKNOWN_TYPE","UNKNOWN_LAYER",1,4.0,0.0,0.0,0.0
"dHMtZ2F0ZXdheS1zZXJ2aWNl.1","POST:/api/v1/cancelservice/cancel/f215cbfb-0677-473f-aee4-5fe72978554a","UNKNOWN_TYPE","UNKNOWN_LAYER",1,1.0,0.0,0.0,0.0
"dHMtZ2F0ZXdheS1zZXJ2aWNl.1","POST:/api/v1/cancelservice/cancel/59e040e8-2f2c-4549-918a-e8b1336640a0","UNKNOWN_TYPE","UNKNOWN_LAYER",1,1.0,0.0,0.0,0.0
"dHMtY2FuY2VsLXNlcnZpY2U=.1","POST:/api/v1/cancelservice/cancel/59e040e8-2f2c-4549-918a-e8b1336640a0","UNKNOWN_TYPE","UNKNOWN_LAYER",1,5.0,0.0,0.0,0.0
"dHMtY2FuY2VsLXNlcnZpY2U=.1","POST:/api/v1/cancelservice/cancel/dd4bd5c5-4221-4dc9-9a48-baa18f227fd4","UNKNOWN_TYPE","UNKNOWN_LAYER",1,12.0,0.0,0.0,0.0
"dHMtY2FuY2VsLXNlcnZpY2U=.1","POST:/api/v1/cancelservice/cancel/d383fd53-4e58-40b2-8024-42270327b037","UNKNOWN_TYPE","UNKNOWN_LAYER",1,3.0,0.0,0.0,0.0
"dHMtY2FuY2VsLXNlcnZpY2U=.1","POST:/api/v1/cancelservice/cancel/a9ac304c-8b58-4af4-a52e-6ece8c94949f","UNKNOWN_TYPE","UNKNOWN_LAYER",1,5.0,0.0,0.0,0.0
"dHMtZ2F0ZXdheS1zZXJ2aWNl.1","POST:/api/v1/cancelservice/cancel/a9ac304c-8b58-4af4-a52e-6ece8c94949f","UNKNOWN_TYPE","UNKNOWN_LAYER",1,1.0,0.0,0.0,0.0
"dHMtY2FuY2VsLXNlcnZpY2U=.1","POST:/api/v1/cancelservice/cancel/c20db49e-f4a6-4311-a7d9-313aa24db5c7","UNKNOWN_TYPE","UNKNOWN_LAYER",1,4.0,0.0,0.0,0.0
"dHMtY2FuY2VsLXNlcnZpY2U=.1","POST:/api/v1/cancelservice/cancel/a3cbab7a-eb98-43e4-a7fc-b204c93fa8f8","UNKNOWN_TYPE","UNKNOWN_LAYER",1,4.0,0.0,0.0,0.0
"dHMtZ2F0ZXdheS1zZXJ2aWNl.1","POST:/api/v1/cancelservice/cancel/8980f08b-bc0c-4ffe-a901-6b8c7e399452","UNKNOWN_TYPE","UNKNOWN_LAYER",1,2.0,0.0,0.0,0.0
"dHMtZ2F0ZXdheS1zZXJ2aWNl.1","POST:/api/v1/cancelservice/cancel/a544114c-bc12-42d8-954e-08413d2aab95","UNKNOWN_TYPE","UNKNOWN_LAYER",1,2.0,0.0,0.0,0.0
"dHMtZ2F0ZXdheS1zZXJ2aWNl.1","POST:/api/v1/cancelservice/cancel/8b9fe183-a668-42b0-935c-53d53c8b0424","UNKNOWN_TYPE","UNKNOWN_LAYER",1,1.0,0.0,0.0,0.0
"dHMtZ2F0ZXdheS1zZXJ2aWNl.1","POST:/api/v1/cancelservice/cancel/1a8add7c-6a73-425d-802c-b34cf7510a7c","UNKNOWN_TYPE","UNKNOWN_LAYER",1,2.0,0.0,0.0,0.0
"dHMtZ2F0ZXdheS1zZXJ2aWNl.1","POST:/api/v1/cancelservice/cancel/81b1c426-e351-420e-bc70-ffc4f6fd35fd","UNKNOWN_TYPE","UNKNOWN_LAYER",1,2.0,0.0,0.0,0.0
"dHMtZ2F0ZXdheS1zZXJ2aWNl.1","POST:/api/v1/cancelservice/cancel/99abedd5-5284-4152-a836-b31383d751c9","UNKNOWN_TYPE","UNKNOWN_LAYER",1,1.0,0.0,0.0,0.0
"dHMtZ2F0ZXdheS1zZXJ2aWNl.1","POST:/api/v1/cancelservice/cancel/dc925b89-d461-411e-ac8b-15d4bea2d728","UNKNOWN_TYPE","UNKNOWN_LAYER",1,1.0,0.0,0.0,0.0
"dHMtZ2F0ZXdheS1zZXJ2aWNl.1","POST:/api/v1/cancelservice/cancel/19fbed12-5aef-4663-989f-c1e8fc87e097","UNKNOWN_TYPE","UNKNOWN_LAYER",1,1.0,0.0,0.0,0.0
"dHMtZ2F0ZXdheS1zZXJ2aWNl.1","POST:/api/v1/cancelservice/cancel/81498ad5-04f2-4db8-8d58-6bbf2e1c66c1","UNKNOWN_TYPE","UNKNOWN_LAYER",1,1.0,0.0,0.0,0.0
"dHMtZ2F0ZXdheS1zZXJ2aWNl.1","POST:/api/v1/cancelservice/cancel/89af40ec-4854-4923-bbe0-ac05966617f4","UNKNOWN_TYPE","UNKNOWN_LAYER",1,1.0,0.0,0.0,0.0
"dHMtY2FuY2VsLXNlcnZpY2U=.1","POST:/api/v1/cancelservice/cancel/136e9540-4821-4900-b2a8-4116f3ccb507","UNKNOWN_TYPE","UNKNOWN_LAYER",1,4.0,0.0,0.0,0.0
"dHMtZ2F0ZXdheS1zZXJ2aWNl.1","POST:/api/v1/cancelservice/cancel/037e2a65-a7a3-4709-bf0a-b423e04312f2","UNKNOWN_TYPE","UNKNOWN_LAYER",1,1.0,0.0,0.0,0.0
"dHMtZ2F0ZXdheS1zZXJ2aWNl.1","POST:/api/v1/cancelservice/cancel/f298b96e-cfc8-4c18-88bf-9bbe237faa2d","UNKNOWN_TYPE","UNKNOWN_LAYER",1,1.0,0.0,0.0,0.0
"dHMtY2FuY2VsLXNlcnZpY2U=.1","POST:/api/v1/cancelservice/cancel/6f431b31-e016-40ea-a099-458a5ade5f4d","UNKNOWN_TYPE","UNKNOWN_LAYER",1,4.0,0.0,0.0,0.0
"dHMtY2FuY2VsLXNlcnZpY2U=.1","POST:/api/v1/cancelservice/cancel/6de54f70-2c0d-4505-82b8-ea430832b623","UNKNOWN_TYPE","UNKNOWN_LAYER",1,4.0,0.0,0.0,0.0
"dHMtY2FuY2VsLXNlcnZpY2U=.1","POST:/api/v1/cancelservice/cancel/22a64137-6cf2-4f17-81c2-4da1959ff225","UNKNOWN_TYPE","UNKNOWN_LAYER",1,3.0,0.0,0.0,0.0
"dHMtZ2F0ZXdheS1zZXJ2aWNl.1","POST:/api/v1/cancelservice/cancel/22a64137-6cf2-4f17-81c2-4da1959ff225","UNKNOWN_TYPE","UNKNOWN_LAYER",1,1.0,0.0,0.0,0.0
"dHMtY2FuY2VsLXNlcnZpY2U=.1","POST:/api/v1/cancelservice/cancel/169a1040-154c-4952-9a74-5793f3e7722b","UNKNOWN_TYPE","UNKNOWN_LAYER",1,4.0,0.0,0.0,0.0
"dHMtZ2F0ZXdheS1zZXJ2aWNl.1","POST:/api/v1/cancelservice/cancel/169a1040-154c-4952-9a74-5793f3e7722b","UNKNOWN_TYPE","UNKNOWN_LAYER",1,1.0,0.0,0.0,0.0
"dHMtY2FuY2VsLXNlcnZpY2U=.1","POST:/api/v1/cancelservice/cancel/26089190-3f26-4287-9673-4a8448441c35","UNKNOWN_TYPE","UNKNOWN_LAYER",1,3.0,0.0,0.0,0.0
"dHMtZ2F0ZXdheS1zZXJ2aWNl.1","POST:/api/v1/cancelservice/cancel/ee9c0080-4a92-4cae-949c-6496d647a76c","UNKNOWN_TYPE","UNKNOWN_LAYER",1,1.0,0.0,0.0,0.0
"dHMtZ2F0ZXdheS1zZXJ2aWNl.1","POST:/api/v1/cancelservice/cancel/1e0a1e5d-8dcd-4454-9157-0013534d2132","UNKNOWN_TYPE","UNKNOWN_LAYER",1,0.0,0.0,0.0,0.0
"dHMtY2FuY2VsLXNlcnZpY2U=.1","POST:/api/v1/cancelservice/cancel/710cac42-ddfc-4e73-8065-dfc79f192bd5","UNKNOWN_TYPE","UNKNOWN_LAYER",1,3.0,0.0,0.0,0.0
"dHMtZ2F0ZXdheS1zZXJ2aWNl.1","POST:/api/v1/cancelservice/cancel/279b958f-4752-4776-a58a-462bc42e3266","UNKNOWN_TYPE","UNKNOWN_LAYER",1,1.0,0.0,0.0,0.0
"dHMtZ2F0ZXdheS1zZXJ2aWNl.1","POST:/api/v1/cancelservice/cancel/461a51e0-f596-4ea1-88a9-208da9b9dc09","UNKNOWN_TYPE","UNKNOWN_LAYER",1,1.0,0.0,0.0,0.0
"dHMtY2FuY2VsLXNlcnZpY2U=.1","POST:/api/v1/cancelservice/cancel/461a51e0-f596-4ea1-88a9-208da9b9dc09","UNKNOWN_TYPE","UNKNOWN_LAYER",1,3.0,0.0,0.0,0.0
"dHMtY2FuY2VsLXNlcnZpY2U=.1","POST:/api/v1/cancelservice/cancel/35741068-cd3b-41f3-ac94-8947b065ec2f","UNKNOWN_TYPE","UNKNOWN_LAYER",1,4.0,0.0,0.0,0.0
"dHMtY2FuY2VsLXNlcnZpY2U=.1","POST:/api/v1/cancelservice/cancel/bda229f2-c87e-4bf6-8c68-b19a8864f600","UNKNOWN_TYPE","UNKNOWN_LAYER",1,3.0,0.0,0.0,0.0
"dHMtZ2F0ZXdheS1zZXJ2aWNl.1","POST:/api/v1/cancelservice/cancel/2b28edee-b6c1-4f7a-9087-326787e7e86b","UNKNOWN_TYPE","UNKNOWN_LAYER",1,1.0,0.0,0.0,0.0
"dHMtY2FuY2VsLXNlcnZpY2U=.1","POST:/api/v1/cancelservice/cancel/2b28edee-b6c1-4f7a-9087-326787e7e86b","UNKNOWN_TYPE","UNKNOWN_LAYER",1,4.0,0.0,0.0,0.0
"dHMtZ2F0ZXdheS1zZXJ2aWNl.1","POST:/api/v1/cancelservice/cancel/8b8bb767-49c2-4dca-973b-aec947a2f418","UNKNOWN_TYPE","UNKNOWN_LAYER",1,1.0,0.0,0.0,0.0
"dHMtZ2F0ZXdheS1zZXJ2aWNl.1","POST:/api/v1/cancelservice/cancel/177ee91e-c942-40af-ab31-29b1fbce56dc","UNKNOWN_TYPE","UNKNOWN_LAYER",1,1.0,0.0,0.0,0.0
"dHMtZ2F0ZXdheS1zZXJ2aWNl.1","POST:/api/v1/cancelservice/cancel/50a150ac-5d89-4874-9be8-42f51aaffde8","UNKNOWN_TYPE","UNKNOWN_LAYER",1,1.0,0.0,0.0,0.0
"dHMtY2FuY2VsLXNlcnZpY2U=.1","POST:/api/v1/cancelservice/cancel/2b3c885e-09dc-4f51-832c-ddfaa9e8294b","UNKNOWN_TYPE","UNKNOWN_LAYER",1,4.0,0.0,0.0,0.0
"dHMtY2FuY2VsLXNlcnZpY2U=.1","POST:/api/v1/cancelservice/cancel/b37c4282-437f-4ce9-a132-9650bf47162c","UNKNOWN_TYPE","UNKNOWN_LAYER",1,5.0,0.0,0.0,0.0
"dHMtY2FuY2VsLXNlcnZpY2U=.1","POST:/api/v1/cancelservice/cancel/caa6282a-14e2-4d09-9f6c-17abcfc51a63","UNKNOWN_TYPE","UNKNOWN_LAYER",1,3.0,0.0,0.0,0.0
"dHMtY2FuY2VsLXNlcnZpY2U=.1","POST:/api/v1/cancelservice/cancel/36b64276-f9f7-4c66-94ec-0009510f4319","UNKNOWN_TYPE","UNKNOWN_LAYER",1,4.0,0.0,0.0,0.0
"dHMtY2FuY2VsLXNlcnZpY2U=.1","POST:/api/v1/cancelservice/cancel/f75ccfa8-cf69-4591-b12c-8f0b35aff4fc","UNKNOWN_TYPE","UNKNOWN_LAYER",1,3.0,0.0,0.0,0.0
"dHMtZ2F0ZXdheS1zZXJ2aWNl.1","POST:/api/v1/cancelservice/cancel/bd0c6342-371d-4caa-94fd-7ea688f48192","UNKNOWN_TYPE","UNKNOWN_LAYER",1,0.0,0.0,0.0,0.0
"dHMtZ2F0ZXdheS1zZXJ2aWNl.1","POST:/api/v1/cancelservice/cancel/828910b0-2673-4187-96a9-40d7816fef9b","UNKNOWN_TYPE","UNKNOWN_LAYER",1,1.0,0.0,0.0,0.0
"dHMtZ2F0ZXdheS1zZXJ2aWNl.1","POST:/api/v1/cancelservice/cancel/cdd8cde2-56ac-484e-9ca9-9502af6ceff2","UNKNOWN_TYPE","UNKNOWN_LAYER",1,1.0,0.0,0.0,0.0
"dHMtY2FuY2VsLXNlcnZpY2U=.1","POST:/api/v1/cancelservice/cancel/cdd8cde2-56ac-484e-9ca9-9502af6ceff2","UNKNOWN_TYPE","UNKNOWN_LAYER",1,3.0,0.0,0.0,0.0
"dHMtZ2F0ZXdheS1zZXJ2aWNl.1","POST:/api/v1/cancelservice/cancel/ae90c817-7b84-4244-8b01-9fcc62d2d8a4","UNKNOWN_TYPE","UNKNOWN_LAYER",1,1.0,0.0,0.0,0.0
"dHMtZ2F0ZXdheS1zZXJ2aWNl.1","POST:/api/v1/cancelservice/cancel/5e0e3f0e-7b31-4097-9ec4-725657190627","UNKNOWN_TYPE","UNKNOWN_LAYER",1,1.0,0.0,0.0,0.0
"dHMtY2FuY2VsLXNlcnZpY2U=.1","POST:/api/v1/cancelservice/cancel/a6532ebe-2335-4534-98fd-f36ffb87742b","UNKNOWN_TYPE","UNKNOWN_LAYER",1,3.0,0.0,0.0,0.0
"dHMtY2FuY2VsLXNlcnZpY2U=.1","POST:/api/v1/cancelservice/cancel/8444309f-3bf2-4a1c-82a0-f00d8d76064e","UNKNOWN_TYPE","UNKNOWN_LAYER",1,3.0,0.0,0.0,0.0
"dHMtY2FuY2VsLXNlcnZpY2U=.1","POST:/api/v1/cancelservice/cancel/0f8235cd-2c88-4e87-aecc-193457d565ca","UNKNOWN_TYPE","UNKNOWN_LAYER",1,3.0,0.0,0.0,0.0
"dHMtZ2F0ZXdheS1zZXJ2aWNl.1","POST:/api/v1/cancelservice/cancel/7b7d5f1d-8a18-46dd-a079-ccfb4e8255f6","UNKNOWN_TYPE","UNKNOWN_LAYER",1,1.0,0.0,0.0,0.0
"dHMtY2FuY2VsLXNlcnZpY2U=.1","POST:/api/v1/cancelservice/cancel/8c31c9fb-0350-4dcd-9db7-8e216ece6b8d","UNKNOWN_TYPE","UNKNOWN_LAYER",1,3.0,0.0,0.0,0.0
"dHMtZ2F0ZXdheS1zZXJ2aWNl.1","POST:/api/v1/cancelservice/cancel/fc0f095c-e1a0-47d4-8d95-d7bd22890bda","UNKNOWN_TYPE","UNKNOWN_LAYER",1,0.0,0.0,0.0,0.0
"dHMtZ2F0ZXdheS1zZXJ2aWNl.1","POST:/api/v1/cancelservice/cancel/75454a07-84bc-4876-beb9-057f413a39b9","UNKNOWN_TYPE","UNKNOWN_LAYER",1,1.0,0.0,0.0,0.0
"dHMtY2FuY2VsLXNlcnZpY2U=.1","POST:/api/v1/cancelservice/cancel/75454a07-84bc-4876-beb9-057f413a39b9","UNKNOWN_TYPE","UNKNOWN_LAYER",1,3.0,0.0,0.0,0.0
"dHMtZ2F0ZXdheS1zZXJ2aWNl.1","POST:/api/v1/cancelservice/cancel/28457f44-a0b7-49ca-b12d-fd812f9a6ada","UNKNOWN_TYPE","UNKNOWN_LAYER",1,1.0,0.0,0.0,0.0
"dHMtZ2F0ZXdheS1zZXJ2aWNl.1","POST:/api/v1/cancelservice/cancel/19b7023a-91ac-410b-b200-ab54ce32549b","UNKNOWN_TYPE","UNKNOWN_LAYER",1,1.0,0.0,0.0,0.0
"dHMtZ2F0ZXdheS1zZXJ2aWNl.1","POST:/api/v1/cancelservice/cancel/bb7daba2-6122-415b-9c89-8842a3a92041","UNKNOWN_TYPE","UNKNOWN_LAYER",1,1.0,0.0,0.0,0.0
"dHMtZ2F0ZXdheS1zZXJ2aWNl.1","POST:/api/v1/cancelservice/cancel/1bfe1d67-c6bc-4a80-9b8c-bb7ac0ba1fb8","UNKNOWN_TYPE","UNKNOWN_LAYER",1,1.0,0.0,0.0,0.0
"dHMtZ2F0ZXdheS1zZXJ2aWNl.1","POST:/api/v1/cancelservice/cancel/b9e9e2b2-a4ed-4e42-84d0-a7d9ecf63296","UNKNOWN_TYPE","UNKNOWN_LAYER",1,1.0,0.0,0.0,0.0
"dHMtZ2F0ZXdheS1zZXJ2aWNl.1","POST:/api/v1/cancelservice/cancel/f098087b-ce9a-4f75-b512-e20d4e3a6311","UNKNOWN_TYPE","UNKNOWN_LAYER",1,1.0,0.0,0.0,0.0
"dHMtZ2F0ZXdheS1zZXJ2aWNl.1","POST:/api/v1/cancelservice/cancel/4b045d1a-77f8-448a-ad2a-cdfc7b27e063","UNKNOWN_TYPE","UNKNOWN_LAYER",1,1.0,0.0,0.0,0.0
"dHMtY2FuY2VsLXNlcnZpY2U=.1","POST:/api/v1/cancelservice/cancel/4b045d1a-77f8-448a-ad2a-cdfc7b27e063","UNKNOWN_TYPE","UNKNOWN_LAYER",1,4.0,0.0,0.0,0.0
"dHMtZ2F0ZXdheS1zZXJ2aWNl.1","POST:/api/v1/cancelservice/cancel/79bf165b-6725-4bab-b7db-095ba42a9635","UNKNOWN_TYPE","UNKNOWN_LAYER",1,1.0,0.0,0.0,0.0
"dHMtY2FuY2VsLXNlcnZpY2U=.1","POST:/api/v1/cancelservice/cancel/ce7d7952-4d9c-4f6e-805f-585d07b9442c","UNKNOWN_TYPE","UNKNOWN_LAYER",1,4.0,0.0,0.0,0.0
"dHMtY2FuY2VsLXNlcnZpY2U=.1","POST:/api/v1/cancelservice/cancel/4047453e-85be-4bb4-a6e8-dd8723862aaa","UNKNOWN_TYPE","UNKNOWN_LAYER",1,3.0,0.0,0.0,0.0
"dHMtZ2F0ZXdheS1zZXJ2aWNl.1","POST:/api/v1/cancelservice/cancel/1654000d-3f80-4194-8afe-7b04862b0d4a","UNKNOWN_TYPE","UNKNOWN_LAYER",1,1.0,0.0,0.0,0.0
"dHMtZ2F0ZXdheS1zZXJ2aWNl.1","POST:/api/v1/cancelservice/cancel/585c20ab-8021-4853-8413-e5377d79bee7","UNKNOWN_TYPE","UNKNOWN_LAYER",1,1.0,0.0,0.0,0.0
"dHMtY2FuY2VsLXNlcnZpY2U=.1","POST:/api/v1/cancelservice/cancel/585c20ab-8021-4853-8413-e5377d79bee7","UNKNOWN_TYPE","UNKNOWN_LAYER",1,3.0,0.0,0.0,0.0
"dHMtY2FuY2VsLXNlcnZpY2U=.1","POST:/api/v1/cancelservice/cancel/95e7045a-0da5-4b06-bafb-2d09c5647fab","UNKNOWN_TYPE","UNKNOWN_LAYER",1,14.0,0.0,0.0,0.0
"dHMtZ2F0ZXdheS1zZXJ2aWNl.1","POST:/api/v1/cancelservice/cancel/60aa1a37-5a7d-42fb-baf5-6288789f6317","UNKNOWN_TYPE","UNKNOWN_LAYER",1,1.0,0.0,0.0,0.0
"dHMtZ2F0ZXdheS1zZXJ2aWNl.1","POST:/api/v1/cancelservice/cancel/5e0a965f-7060-4404-9a3a-2249a217aefc","UNKNOWN_TYPE","UNKNOWN_LAYER",1,1.0,0.0,0.0,0.0
"dHMtZ2F0ZXdheS1zZXJ2aWNl.1","POST:/api/v1/cancelservice/cancel/1bb2054e-3735-44bc-aaac-0af1f74480fb","UNKNOWN_TYPE","UNKNOWN_LAYER",1,1.0,0.0,0.0,0.0
"dHMtY2FuY2VsLXNlcnZpY2U=.1","POST:/api/v1/cancelservice/cancel/381814a3-3862-4a20-a611-eeca90af6825","UNKNOWN_TYPE","UNKNOWN_LAYER",1,3.0,0.0,0.0,0.0
"dHMtZ2F0ZXdheS1zZXJ2aWNl.1","POST:/api/v1/cancelservice/cancel/381814a3-3862-4a20-a611-eeca90af6825","UNKNOWN_TYPE","UNKNOWN_LAYER",1,1.0,0.0,0.0,0.0
"dHMtZ2F0ZXdheS1zZXJ2aWNl.1","POST:/api/v1/cancelservice/cancel/844f161d-353e-4803-a306-1726dd33d88b","UNKNOWN_TYPE","UNKNOWN_LAYER",1,1.0,0.0,0.0,0.0
"dHMtY2FuY2VsLXNlcnZpY2U=.1","POST:/api/v1/cancelservice/cancel/7990e9cd-5ae5-45ac-89b0-9c14c36a180c","UNKNOWN_TYPE","UNKNOWN_LAYER",1,3.0,0.0,0.0,0.0
"dHMtZ2F0ZXdheS1zZXJ2aWNl.1","POST:/api/v1/cancelservice/cancel/9a92e5b9-06a6-4378-8161-ec0048887cd0","UNKNOWN_TYPE","UNKNOWN_LAYER",1,1.0,0.0,0.0,0.0
"dHMtZ2F0ZXdheS1zZXJ2aWNl.1","POST:/api/v1/cancelservice/cancel/afee3fbe-f99f-43a3-9dde-ad4d540308df","UNKNOWN_TYPE","UNKNOWN_LAYER",1,1.0,0.0,0.0,0.0
"dHMtY2FuY2VsLXNlcnZpY2U=.1","POST:/api/v1/cancelservice/cancel/05b21531-23d3-42f9-80d9-20ba6f4076ac","UNKNOWN_TYPE","UNKNOWN_LAYER",1,16.0,0.0,0.0,0.0
"dHMtZ2F0ZXdheS1zZXJ2aWNl.1","POST:/api/v1/cancelservice/cancel/39f48a24-aae7-42db-a5a3-25f489b318b7","UNKNOWN_TYPE","UNKNOWN_LAYER",1,1.0,0.0,0.0,0.0
"dHMtZ2F0ZXdheS1zZXJ2aWNl.1","POST:/api/v1/cancelservice/cancel/41b143f5-2489-4e85-baa2-9bd4bb001baa","UNKNOWN_TYPE","UNKNOWN_LAYER",1,1.0,0.0,0.0,0.0
"dHMtZ2F0ZXdheS1zZXJ2aWNl.1","POST:/api/v1/cancelservice/cancel/b0161c8f-83d3-4337-9411-f74748e574b0","UNKNOWN_TYPE","UNKNOWN_LAYER",1,0.0,0.0,0.0,0.0
"dHMtY2FuY2VsLXNlcnZpY2U=.1","POST:/api/v1/cancelservice/cancel/b0161c8f-83d3-4337-9411-f74748e574b0","UNKNOWN_TYPE","UNKNOWN_LAYER",1,3.0,0.0,0.0,0.0
"dHMtY2FuY2VsLXNlcnZpY2U=.1","POST:/api/v1/cancelservice/cancel/9b043b77-1dec-4cc5-b908-fd251af01bae","UNKNOWN_TYPE","UNKNOWN_LAYER",1,3.0,0.0,0.0,0.0
"dHMtY2FuY2VsLXNlcnZpY2U=.1","POST:/api/v1/cancelservice/cancel/53ff9c5a-8c58-49f2-a59e-0a98ccae141d","UNKNOWN_TYPE","UNKNOWN_LAYER",1,3.0,0.0,0.0,0.0
"dHMtZ2F0ZXdheS1zZXJ2aWNl.1","POST:/api/v1/cancelservice/cancel/d81754ef-2e7d-45d9-9447-c29611e783b3","UNKNOWN_TYPE","UNKNOWN_LAYER",1,1.0,0.0,0.0,0.0
"dHMtZ2F0ZXdheS1zZXJ2aWNl.1","POST:/api/v1/cancelservice/cancel/dc9c3535-7d48-48a3-bdb9-2848ffe7c9b7","UNKNOWN_TYPE","UNKNOWN_LAYER",1,1.0,0.0,0.0,0.0
"dHMtZ2F0ZXdheS1zZXJ2aWNl.1","POST:/api/v1/cancelservice/cancel/8a80d555-a525-4c7b-8ba9-c233339443c7","UNKNOWN_TYPE","UNKNOWN_LAYER",1,1.0,0.0,0.0,0.0
"dHMtY2FuY2VsLXNlcnZpY2U=.1","POST:/api/v1/cancelservice/cancel/8a80d555-a525-4c7b-8ba9-c233339443c7","UNKNOWN_TYPE","UNKNOWN_LAYER",1,3.0,0.0,0.0,0.0
"dHMtZ2F0ZXdheS1zZXJ2aWNl.1","POST:/api/v1/cancelservice/cancel/9c880e45-cba0-4e54-8c30-c2798ae5c213","UNKNOWN_TYPE","UNKNOWN_LAYER",1,1.0,0.0,0.0,0.0
"dHMtY2FuY2VsLXNlcnZpY2U=.1","POST:/api/v1/cancelservice/cancel/7fc50688-1c78-4723-8986-43cf30efca82","UNKNOWN_TYPE","UNKNOWN_LAYER",1,3.0,0.0,0.0,0.0
"dHMtZ2F0ZXdheS1zZXJ2aWNl.1","POST:/api/v1/cancelservice/cancel/d68904b7-e628-460d-bf46-15d89497fbba","UNKNOWN_TYPE","UNKNOWN_LAYER",1,1.0,0.0,0.0,0.0
"dHMtZ2F0ZXdheS1zZXJ2aWNl.1","POST:/api/v1/cancelservice/cancel/e78af78b-94ea-434b-967f-c8595ae3ad38","UNKNOWN_TYPE","UNKNOWN_LAYER",1,1.0,0.0,0.0,0.0
"dHMtY2FuY2VsLXNlcnZpY2U=.1","POST:/api/v1/cancelservice/cancel/99464320-3128-410e-b195-61fa8c36290a","UNKNOWN_TYPE","UNKNOWN_LAYER",1,3.0,0.0,0.0,0.0
"dHMtY2FuY2VsLXNlcnZpY2U=.1","POST:/api/v1/cancelservice/cancel/db7aa061-077a-44c9-9cb5-4e05bc0fc32d","UNKNOWN_TYPE","UNKNOWN_LAYER",1,3.0,0.0,0.0,0.0
"dHMtZ2F0ZXdheS1zZXJ2aWNl.1","POST:/api/v1/cancelservice/cancel/310e2136-e118-4530-8ac9-aeb69d444612","UNKNOWN_TYPE","UNKNOWN_LAYER",1,1.0,0.0,0.0,0.0
"dHMtY2FuY2VsLXNlcnZpY2U=.1","POST:/api/v1/cancelservice/cancel/310e2136-e118-4530-8ac9-aeb69d444612","UNKNOWN_TYPE","UNKNOWN_LAYER",1,3.0,0.0,0.0,0.0
"dHMtZ2F0ZXdheS1zZXJ2aWNl.1","POST:/api/v1/cancelservice/cancel/f39e951c-3fff-4993-9d74-ee39ea5b48e0","UNKNOWN_TYPE","UNKNOWN_LAYER",1,1.0,0.0,0.0,0.0
"dHMtY2FuY2VsLXNlcnZpY2U=.1","POST:/api/v1/cancelservice/cancel/9a2050c9-1c2c-414c-8bc5-4e0c28a19b9a","UNKNOWN_TYPE","UNKNOWN_LAYER",1,3.0,0.0,0.0,0.0
"dHMtZ2F0ZXdheS1zZXJ2aWNl.1","POST:/api/v1/cancelservice/cancel/da87c1c0-784f-4daa-83b7-e52cca148f25","UNKNOWN_TYPE","UNKNOWN_LAYER",1,1.0,0.0,0.0,0.0
"dHMtY2FuY2VsLXNlcnZpY2U=.1","POST:/api/v1/cancelservice/cancel/0be492cb-dbcb-43b8-b44e-530cfa21bf53","UNKNOWN_TYPE","UNKNOWN_LAYER",1,4.0,0.0,0.0,0.0
"dHMtZ2F0ZXdheS1zZXJ2aWNl.1","POST:/api/v1/cancelservice/cancel/603eaa7c-63f8-4bae-ad9f-731530073a7f","UNKNOWN_TYPE","UNKNOWN_LAYER",1,1.0,0.0,0.0,0.0
"dHMtZ2F0ZXdheS1zZXJ2aWNl.1","POST:/api/v1/cancelservice/cancel/a59574c7-2920-46a9-8343-7bef1ab01cfa","UNKNOWN_TYPE","UNKNOWN_LAYER",1,1.0,0.0,0.0,0.0
"dHMtZ2F0ZXdheS1zZXJ2aWNl.1","POST:/api/v1/cancelservice/cancel/9e989d55-43e9-4b5e-833e-faf3a59db24d","UNKNOWN_TYPE","UNKNOWN_LAYER",1,1.0,0.0,0.0,0.0
"dHMtZ2F0ZXdheS1zZXJ2aWNl.1","POST:/api/v1/cancelservice/cancel/14441a2f-d027-40da-b5dd-a47c8b4d681c","UNKNOWN_TYPE","UNKNOWN_LAYER",1,1.0,0.0,0.0,0.0
"dHMtZ2F0ZXdheS1zZXJ2aWNl.1","POST:/api/v1/cancelservice/cancel/4ff0552f-f245-4885-bf56-71ca12b2be2d","UNKNOWN_TYPE","UNKNOWN_LAYER",1,1.0,0.0,0.0,0.0
"dHMtZ2F0ZXdheS1zZXJ2aWNl.1","POST:/api/v1/cancelservice/cancel/cbf22afd-c999-4521-a9ff-6330b42de2ed","UNKNOWN_TYPE","UNKNOWN_LAYER",1,1.0,0.0,0.0,0.0
"dHMtY2FuY2VsLXNlcnZpY2U=.1","POST:/api/v1/cancelservice/cancel/b3766968-b0f6-4b18-9579-d053bb4ae423","UNKNOWN_TYPE","UNKNOWN_LAYER",1,4.0,0.0,0.0,0.0
"dHMtY2FuY2VsLXNlcnZpY2U=.1","POST:/api/v1/cancelservice/cancel/9169d0f5-2f16-4f9d-905a-3fd78c2d5969","UNKNOWN_TYPE","UNKNOWN_LAYER",1,3.0,0.0,0.0,0.0
"dHMtZ2F0ZXdheS1zZXJ2aWNl.1","POST:/api/v1/cancelservice/cancel/21db3b44-f7bb-419f-848a-494c123f6373","UNKNOWN_TYPE","UNKNOWN_LAYER",1,1.0,0.0,0.0,0.0
"dHMtY2FuY2VsLXNlcnZpY2U=.1","POST:/api/v1/cancelservice/cancel/24189f91-5522-4e8a-88ae-3a03ea4867bc","UNKNOWN_TYPE","UNKNOWN_LAYER",1,4.0,0.0,0.0,0.0
"dHMtZ2F0ZXdheS1zZXJ2aWNl.1","POST:/api/v1/cancelservice/cancel/8038cb60-ee4a-4dbe-bac3-bcee8dc13536","UNKNOWN_TYPE","UNKNOWN_LAYER",1,1.0,0.0,0.0,0.0
"dHMtY2FuY2VsLXNlcnZpY2U=.1","POST:/api/v1/cancelservice/cancel/8038cb60-ee4a-4dbe-bac3-bcee8dc13536","UNKNOWN_TYPE","UNKNOWN_LAYER",1,4.0,0.0,0.0,0.0
"dHMtY2FuY2VsLXNlcnZpY2U=.1","POST:/api/v1/cancelservice/cancel/788c5f8f-2caa-4af2-baf8-085fdca7dea7","UNKNOWN_TYPE","UNKNOWN_LAYER",1,3.0,0.0,0.0,0.0
"dHMtY2FuY2VsLXNlcnZpY2U=.1","POST:/api/v1/cancelservice/cancel/cd99a8dc-9d7d-4a07-8129-fb6b31157f79","UNKNOWN_TYPE","UNKNOWN_LAYER",1,3.0,0.0,0.0,0.0
"dHMtY2FuY2VsLXNlcnZpY2U=.1","POST:/api/v1/cancelservice/cancel/552f70be-28cd-4136-829a-535760bb35d2","UNKNOWN_TYPE","UNKNOWN_LAYER",1,13.0,0.0,0.0,0.0
"dHMtY2FuY2VsLXNlcnZpY2U=.1","POST:/api/v1/cancelservice/cancel/2260a93f-f286-474e-b63f-6b940396131f","UNKNOWN_TYPE","UNKNOWN_LAYER",1,91.0,0.0,0.0,0.0
"dHMtZ2F0ZXdheS1zZXJ2aWNl.1","POST:/api/v1/cancelservice/cancel/072e79c0-103d-4a88-b49b-a06140205c70","UNKNOWN_TYPE","UNKNOWN_LAYER",1,1.0,0.0,0.0,0.0
"dHMtZ2F0ZXdheS1zZXJ2aWNl.1","POST:/api/v1/cancelservice/cancel/8d7c4cfd-60d2-412a-8630-00b7720b4525","UNKNOWN_TYPE","UNKNOWN_LAYER",1,1.0,0.0,0.0,0.0
"dHMtZ2F0ZXdheS1zZXJ2aWNl.1","POST:/api/v1/cancelservice/cancel/5d37f02e-e099-4691-8f35-6de871b7d6ce","UNKNOWN_TYPE","UNKNOWN_LAYER",1,1.0,0.0,0.0,0.0
"dHMtY2FuY2VsLXNlcnZpY2U=.1","POST:/api/v1/cancelservice/cancel/f433fa3a-ce0b-4fd9-b968-0a7eeff56b26","UNKNOWN_TYPE","UNKNOWN_LAYER",1,4.0,0.0,0.0,0.0
"dHMtY2FuY2VsLXNlcnZpY2U=.1","POST:/api/v1/cancelservice/cancel/aa4a9e3f-6c89-4d32-87de-e88a0e56d2f4","UNKNOWN_TYPE","UNKNOWN_LAYER",1,4.0,0.0,0.0,0.0
"dHMtZ2F0ZXdheS1zZXJ2aWNl.1","POST:/api/v1/cancelservice/cancel/a5dbeeb0-0d15-4432-950e-2ea295f1c794","UNKNOWN_TYPE","UNKNOWN_LAYER",1,1.0,0.0,0.0,0.0
"dHMtY2FuY2VsLXNlcnZpY2U=.1","POST:/api/v1/cancelservice/cancel/1025c2b8-aa40-4ad6-9f0f-f671512c5986","UNKNOWN_TYPE","UNKNOWN_LAYER",1,4.0,0.0,0.0,0.0
"dHMtY2FuY2VsLXNlcnZpY2U=.1","POST:/api/v1/cancelservice/cancel/3a45df48-0dd4-40b2-8141-50ae2526221a","UNKNOWN_TYPE","UNKNOWN_LAYER",1,4.0,0.0,0.0,0.0
"dHMtY2FuY2VsLXNlcnZpY2U=.1","POST:/api/v1/cancelservice/cancel/991e6c9d-f4ab-4e21-9443-7474936099b8","UNKNOWN_TYPE","UNKNOWN_LAYER",1,4.0,0.0,0.0,0.0
"dHMtY2FuY2VsLXNlcnZpY2U=.1","POST:/api/v1/cancelservice/cancel/1fe6a181-6e6c-48fb-bcbf-3ad4ec4761d3","UNKNOWN_TYPE","UNKNOWN_LAYER",1,5.0,0.0,0.0,0.0
"dHMtZ2F0ZXdheS1zZXJ2aWNl.1","POST:/api/v1/cancelservice/cancel/ede3aef5-e1b6-42d7-82fd-68e0a05cf976","UNKNOWN_TYPE","UNKNOWN_LAYER",1,1.0,0.0,0.0,0.0
"dHMtY2FuY2VsLXNlcnZpY2U=.1","POST:/api/v1/cancelservice/cancel/2c639ae4-2709-4656-b1f7-03b7d40a9d8b","UNKNOWN_TYPE","UNKNOWN_LAYER",1,4.0,0.0,0.0,0.0
"dHMtY2FuY2VsLXNlcnZpY2U=.1","POST:/api/v1/cancelservice/cancel/1af447d7-2bfa-4e6c-8c3d-386484f63b92","UNKNOWN_TYPE","UNKNOWN_LAYER",1,5.0,0.0,0.0,0.0
"dHMtZ2F0ZXdheS1zZXJ2aWNl.1","POST:/api/v1/cancelservice/cancel/d6228926-837f-41ab-9a9e-be36b3a0758f","UNKNOWN_TYPE","UNKNOWN_LAYER",1,1.0,0.0,0.0,0.0
"dHMtZ2F0ZXdheS1zZXJ2aWNl.1","POST:/api/v1/cancelservice/cancel/d2097e14-ea3f-42d4-9f1e-82d4ac9bd0ae","UNKNOWN_TYPE","UNKNOWN_LAYER",1,1.0,0.0,0.0,0.0
"dHMtZ2F0ZXdheS1zZXJ2aWNl.1","POST:/api/v1/cancelservice/cancel/d233fc47-a90c-42bc-85c2-cd89ac296f98","UNKNOWN_TYPE","UNKNOWN_LAYER",1,2.0,0.0,0.0,0.0
"dHMtZ2F0ZXdheS1zZXJ2aWNl.1","POST:/api/v1/cancelservice/cancel/d7ab2510-8fe8-4970-8739-8bc75e70c6bd","UNKNOWN_TYPE","UNKNOWN_LAYER",1,1.0,0.0,0.0,0.0
"dHMtZ2F0ZXdheS1zZXJ2aWNl.1","POST:/api/v1/cancelservice/cancel/e86147dd-7fc5-44ea-bb9f-b28a3f04bcfa","UNKNOWN_TYPE","UNKNOWN_LAYER",1,1.0,0.0,0.0,0.0
"dHMtZ2F0ZXdheS1zZXJ2aWNl.1","POST:/api/v1/cancelservice/cancel/af3da6b6-96db-43fa-a39a-93e0c54cdf09","UNKNOWN_TYPE","UNKNOWN_LAYER",1,2.0,0.0,0.0,0.0
"dHMtY2FuY2VsLXNlcnZpY2U=.1","POST:/api/v1/cancelservice/cancel/af3da6b6-96db-43fa-a39a-93e0c54cdf09","UNKNOWN_TYPE","UNKNOWN_LAYER",1,4.0,0.0,0.0,0.0
"dHMtY2FuY2VsLXNlcnZpY2U=.1","POST:/api/v1/cancelservice/cancel/b8ac9081-1249-4251-9c48-906b5eb46288","UNKNOWN_TYPE","UNKNOWN_LAYER",1,8.0,0.0,0.0,0.0
"dHMtY2FuY2VsLXNlcnZpY2U=.1","POST:/api/v1/cancelservice/cancel/5372bf6b-f9dc-4562-856b-071bb92157a5","UNKNOWN_TYPE","UNKNOWN_LAYER",1,5.0,0.0,0.0,0.0
"dHMtY2FuY2VsLXNlcnZpY2U=.1","POST:/api/v1/cancelservice/cancel/e1492899-75aa-469d-a4b4-b461749ee48f","UNKNOWN_TYPE","UNKNOWN_LAYER",1,5.0,0.0,0.0,0.0
"dHMtY2FuY2VsLXNlcnZpY2U=.1","POST:/api/v1/cancelservice/cancel/1af132ba-da83-425e-adf2-19908108736a","UNKNOWN_TYPE","UNKNOWN_LAYER",1,5.0,0.0,0.0,0.0
"dHMtZ2F0ZXdheS1zZXJ2aWNl.1","POST:/api/v1/cancelservice/cancel/d9ba4af1-e133-46cc-b352-de483cb0b87a","UNKNOWN_TYPE","UNKNOWN_LAYER",1,2.0,0.0,0.0,0.0
"dHMtZ2F0ZXdheS1zZXJ2aWNl.1","POST:/api/v1/cancelservice/cancel/1d2a60e3-8a99-46c3-9a08-624b56ea1e73","UNKNOWN_TYPE","UNKNOWN_LAYER",1,1.0,0.0,0.0,0.0
"dHMtY2FuY2VsLXNlcnZpY2U=.1","POST:/api/v1/cancelservice/cancel/606db283-3aa2-40a5-82b8-5d2d47088d6b","UNKNOWN_TYPE","UNKNOWN_LAYER",1,5.0,0.0,0.0,0.0
"dHMtY2FuY2VsLXNlcnZpY2U=.1","POST:/api/v1/cancelservice/cancel/78249eb3-2145-4443-85d6-dbc7a72804d9","UNKNOWN_TYPE","UNKNOWN_LAYER",1,82.0,0.0,0.0,0.0
"dHMtZ2F0ZXdheS1zZXJ2aWNl.1","POST:/api/v1/cancelservice/cancel/57e15b00-136b-441b-8b74-b85808ee5345","UNKNOWN_TYPE","UNKNOWN_LAYER",1,1.0,0.0,0.0,0.0
"dHMtZ2F0ZXdheS1zZXJ2aWNl.1","POST:/api/v1/cancelservice/cancel/7ff76873-6d89-4ecb-a3da-f988583726ff","UNKNOWN_TYPE","UNKNOWN_LAYER",1,2.0,0.0,0.0,0.0
"dHMtY2FuY2VsLXNlcnZpY2U=.1","POST:/api/v1/cancelservice/cancel/a09250cc-20cb-4055-85bf-20f1580cd4de","UNKNOWN_TYPE","UNKNOWN_LAYER",1,5.0,0.0,0.0,0.0
"dHMtZ2F0ZXdheS1zZXJ2aWNl.1","POST:/api/v1/cancelservice/cancel/f883686f-fa15-4c27-acea-b0e6832bdd03","UNKNOWN_TYPE","UNKNOWN_LAYER",1,2.0,0.0,0.0,0.0
"dHMtY2FuY2VsLXNlcnZpY2U=.1","POST:/api/v1/cancelservice/cancel/733b74b9-7cde-4dc5-9da1-0d4213024422","UNKNOWN_TYPE","UNKNOWN_LAYER",1,10.0,0.0,0.0,0.0
"dHMtY2FuY2VsLXNlcnZpY2U=.1","POST:/api/v1/cancelservice/cancel/7161d279-7e6c-4240-b8bd-579951d5ab24","UNKNOWN_TYPE","UNKNOWN_LAYER",1,5.0,0.0,0.0,0.0
"dHMtZ2F0ZXdheS1zZXJ2aWNl.1","POST:/api/v1/cancelservice/cancel/a200d676-dd20-4d1e-80d4-2a78f2a956b7","UNKNOWN_TYPE","UNKNOWN_LAYER",1,2.0,0.0,0.0,0.0
"dHMtZ2F0ZXdheS1zZXJ2aWNl.1","POST:/api/v1/cancelservice/cancel/4c62e81a-1aa6-45b3-8ce7-f63527a8929c","UNKNOWN_TYPE","UNKNOWN_LAYER",1,1.0,0.0,0.0,0.0
"dHMtZ2F0ZXdheS1zZXJ2aWNl.1","POST:/api/v1/cancelservice/cancel/24ea3a3d-eef1-49e1-a167-b0c7eecc67a1","UNKNOWN_TYPE","UNKNOWN_LAYER",1,2.0,0.0,0.0,0.0
"dHMtZ2F0ZXdheS1zZXJ2aWNl.1","POST:/api/v1/cancelservice/cancel/13f1d6e6-49eb-4518-8e1c-baa002a2a2d1","UNKNOWN_TYPE","UNKNOWN_LAYER",1,2.0,0.0,0.0,0.0
"dHMtY2FuY2VsLXNlcnZpY2U=.1","POST:/api/v1/cancelservice/cancel/01d52839-2ecc-428d-8099-9761e4146001","UNKNOWN_TYPE","UNKNOWN_LAYER",1,5.0,0.0,0.0,0.0
"dHMtZ2F0ZXdheS1zZXJ2aWNl.1","POST:/api/v1/cancelservice/cancel/58c1dd3c-07c2-411c-8287-ee39bd03c4a1","UNKNOWN_TYPE","UNKNOWN_LAYER",1,2.0,0.0,0.0,0.0
"dHMtY2FuY2VsLXNlcnZpY2U=.1","POST:/api/v1/cancelservice/cancel/58c1dd3c-07c2-411c-8287-ee39bd03c4a1","UNKNOWN_TYPE","UNKNOWN_LAYER",1,5.0,0.0,0.0,0.0
"dHMtZ2F0ZXdheS1zZXJ2aWNl.1","POST:/api/v1/cancelservice/cancel/83407c85-f6a5-4d3d-bd1c-41e297fccee5","UNKNOWN_TYPE","UNKNOWN_LAYER",1,2.0,0.0,0.0,0.0
"dHMtY2FuY2VsLXNlcnZpY2U=.1","POST:/api/v1/cancelservice/cancel/f921f5af-135f-4a73-ac24-93535c648b40","UNKNOWN_TYPE","UNKNOWN_LAYER",1,5.0,0.0,0.0,0.0
"dHMtZ2F0ZXdheS1zZXJ2aWNl.1","POST:/api/v1/cancelservice/cancel/f921f5af-135f-4a73-ac24-93535c648b40","UNKNOWN_TYPE","UNKNOWN_LAYER",1,1.0,0.0,0.0,0.0
"dHMtY2FuY2VsLXNlcnZpY2U=.1","POST:/api/v1/cancelservice/cancel/0ff38248-b2ae-4dc9-92c5-70ce0dbad5a4","UNKNOWN_TYPE","UNKNOWN_LAYER",1,6.0,0.0,0.0,0.0
"dHMtY2FuY2VsLXNlcnZpY2U=.1","POST:/api/v1/cancelservice/cancel/27ad229a-b3c4-4cf6-8b9e-be7f274949ec","UNKNOWN_TYPE","UNKNOWN_LAYER",1,6.0,0.0,0.0,0.0
"dHMtY2FuY2VsLXNlcnZpY2U=.1","POST:/api/v1/cancelservice/cancel/d85ca226-3704-4688-9867-63fae7f11518","UNKNOWN_TYPE","UNKNOWN_LAYER",1,7.0,0.0,0.0,0.0
"dHMtY2FuY2VsLXNlcnZpY2U=.1","POST:/api/v1/cancelservice/cancel/25bb6dfe-2442-456b-a025-6a61894c91f7","UNKNOWN_TYPE","UNKNOWN_LAYER",1,6.0,0.0,0.0,0.0
"dHMtY2FuY2VsLXNlcnZpY2U=.1","POST:/api/v1/cancelservice/cancel/5ebf5269-2702-42fa-8901-98519524002a","UNKNOWN_TYPE","UNKNOWN_LAYER",1,6.0,0.0,0.0,0.0
"dHMtZ2F0ZXdheS1zZXJ2aWNl.1","POST:/api/v1/cancelservice/cancel/f930e006-e004-4b86-80a1-ebbd3e8c58f7","UNKNOWN_TYPE","UNKNOWN_LAYER",1,2.0,0.0,0.0,0.0
"dHMtY2FuY2VsLXNlcnZpY2U=.1","POST:/api/v1/cancelservice/cancel/5984d82c-80df-4c05-b48d-c0f268371e20","UNKNOWN_TYPE","UNKNOWN_LAYER",1,6.0,0.0,0.0,0.0
"dHMtY2FuY2VsLXNlcnZpY2U=.1","POST:/api/v1/cancelservice/cancel/4262d6e2-fdb4-456a-8682-382ae1a78dfd","UNKNOWN_TYPE","UNKNOWN_LAYER",1,6.0,0.0,0.0,0.0
"dHMtY2FuY2VsLXNlcnZpY2U=.1","POST:/api/v1/cancelservice/cancel/49f7cb31-bfa1-4d59-baa8-21f6a22fa355","UNKNOWN_TYPE","UNKNOWN_LAYER",1,5.0,0.0,0.0,0.0
"dHMtZ2F0ZXdheS1zZXJ2aWNl.1","POST:/api/v1/cancelservice/cancel/f713ea3a-e144-499e-b2bd-9c9c28785708","UNKNOWN_TYPE","UNKNOWN_LAYER",1,3.0,0.0,0.0,0.0
"dHMtY2FuY2VsLXNlcnZpY2U=.1","POST:/api/v1/cancelservice/cancel/f713ea3a-e144-499e-b2bd-9c9c28785708","UNKNOWN_TYPE","UNKNOWN_LAYER",1,10.0,0.0,0.0,0.0
"dHMtZ2F0ZXdheS1zZXJ2aWNl.1","POST:/api/v1/cancelservice/cancel/43284aaa-d199-498d-a595-88a581f8cb46","UNKNOWN_TYPE","UNKNOWN_LAYER",1,1.0,0.0,0.0,0.0
"dHMtZ2F0ZXdheS1zZXJ2aWNl.1","POST:/api/v1/cancelservice/cancel/15e08b85-3241-41da-8cac-991e7f1222d7","UNKNOWN_TYPE","UNKNOWN_LAYER",1,3.0,0.0,0.0,0.0
"dHMtY2FuY2VsLXNlcnZpY2U=.1","POST:/api/v1/cancelservice/cancel/a65fdf0f-5b9c-430f-81fd-f1dbed7e4282","UNKNOWN_TYPE","UNKNOWN_LAYER",1,4.0,0.0,0.0,0.0
"dHMtY2FuY2VsLXNlcnZpY2U=.1","POST:/api/v1/cancelservice/cancel/1e4ba57f-65c8-4336-9bf2-d6f9cf41d093","UNKNOWN_TYPE","UNKNOWN_LAYER",1,5.0,0.0,0.0,0.0
"dHMtY2FuY2VsLXNlcnZpY2U=.1","POST:/api/v1/cancelservice/cancel/a7a17a2b-d9da-4fc8-ac7a-816da779732a","UNKNOWN_TYPE","UNKNOWN_LAYER",1,4.0,0.0,0.0,0.0
"dHMtY2FuY2VsLXNlcnZpY2U=.1","POST:/api/v1/cancelservice/cancel/599475ec-96c5-4823-8474-6e00de529c1e","UNKNOWN_TYPE","UNKNOWN_LAYER",1,4.0,0.0,0.0,0.0
"dHMtZ2F0ZXdheS1zZXJ2aWNl.1","POST:/api/v1/cancelservice/cancel/80b7f090-3de4-467b-becd-1b0faad3dc34","UNKNOWN_TYPE","UNKNOWN_LAYER",1,2.0,0.0,0.0,0.0
"dHMtY2FuY2VsLXNlcnZpY2U=.1","POST:/api/v1/cancelservice/cancel/70086f2f-a070-4d46-a869-83455ece1ab4","UNKNOWN_TYPE","UNKNOWN_LAYER",1,4.0,0.0,0.0,0.0
"dHMtZ2F0ZXdheS1zZXJ2aWNl.1","POST:/api/v1/cancelservice/cancel/0fb04eeb-46b0-4ea7-b87d-8f1b5f768bbd","UNKNOWN_TYPE","UNKNOWN_LAYER",1,2.0,0.0,0.0,0.0
"dHMtZ2F0ZXdheS1zZXJ2aWNl.1","POST:/api/v1/cancelservice/cancel/700d173c-635e-4a7c-a85f-9c6184dfe98a","UNKNOWN_TYPE","UNKNOWN_LAYER",1,2.0,0.0,0.0,0.0
"dHMtZ2F0ZXdheS1zZXJ2aWNl.1","POST:/api/v1/cancelservice/cancel/12fa26c6-d7da-40af-a796-f62a0df62b8b","UNKNOWN_TYPE","UNKNOWN_LAYER",1,2.0,0.0,0.0,0.0
"dHMtZ2F0ZXdheS1zZXJ2aWNl.1","POST:/api/v1/cancelservice/cancel/e2415b6c-975d-470c-95c9-e14a8baf0779","UNKNOWN_TYPE","UNKNOWN_LAYER",1,2.0,0.0,0.0,0.0
"dHMtZ2F0ZXdheS1zZXJ2aWNl.1","POST:/api/v1/cancelservice/cancel/5a3bb46d-ddad-4609-917e-e05e50f5e127","UNKNOWN_TYPE","UNKNOWN_LAYER",1,2.0,0.0,0.0,0.0
"dHMtY2FuY2VsLXNlcnZpY2U=.1","POST:/api/v1/cancelservice/cancel/f143f5f7-b5c2-4f36-bb24-80a3a1af50de","UNKNOWN_TYPE","UNKNOWN_LAYER",1,14.0,0.0,0.0,0.0
"dHMtZ2F0ZXdheS1zZXJ2aWNl.1","POST:/api/v1/cancelservice/cancel/e71c6b88-7c2f-46e5-84dd-dfdec0c8c3e8","UNKNOWN_TYPE","UNKNOWN_LAYER",1,1.0,0.0,0.0,0.0
"dHMtY2FuY2VsLXNlcnZpY2U=.1","POST:/api/v1/cancelservice/cancel/f161d6f7-30c5-4489-b60c-1aed6531c5b2","UNKNOWN_TYPE","UNKNOWN_LAYER",1,4.0,0.0,0.0,0.0
"dHMtZ2F0ZXdheS1zZXJ2aWNl.1","POST:/api/v1/cancelservice/cancel/56aa878b-5742-4213-b556-1bf7d321113a","UNKNOWN_TYPE","UNKNOWN_LAYER",1,2.0,0.0,0.0,0.0
"dHMtZ2F0ZXdheS1zZXJ2aWNl.1","POST:/api/v1/cancelservice/cancel/b08dfdcf-051e-4c1d-84f6-48494a50fa91","UNKNOWN_TYPE","UNKNOWN_LAYER",1,2.0,0.0,0.0,0.0
"dHMtZ2F0ZXdheS1zZXJ2aWNl.1","POST:/api/v1/cancelservice/cancel/49f96f3e-c001-464a-b285-a1a403296c58","UNKNOWN_TYPE","UNKNOWN_LAYER",1,2.0,0.0,0.0,0.0
"dHMtY2FuY2VsLXNlcnZpY2U=.1","POST:/api/v1/cancelservice/cancel/49f96f3e-c001-464a-b285-a1a403296c58","UNKNOWN_TYPE","UNKNOWN_LAYER",1,4.0,0.0,0.0,0.0
"dHMtZ2F0ZXdheS1zZXJ2aWNl.1","POST:/api/v1/cancelservice/cancel/55b15004-b54d-41ed-9a9e-e7d7ce27c339","UNKNOWN_TYPE","UNKNOWN_LAYER",1,2.0,0.0,0.0,0.0
"dHMtZ2F0ZXdheS1zZXJ2aWNl.1","POST:/api/v1/cancelservice/cancel/6369ba8d-7d6e-4e7a-aa97-f9840a641faf","UNKNOWN_TYPE","UNKNOWN_LAYER",1,1.0,0.0,0.0,0.0
"dHMtZ2F0ZXdheS1zZXJ2aWNl.1","POST:/api/v1/cancelservice/cancel/5ff5a710-28f5-4e1a-9573-5d44ee78fe2d","UNKNOWN_TYPE","UNKNOWN_LAYER",1,2.0,0.0,0.0,0.0
"dHMtZ2F0ZXdheS1zZXJ2aWNl.1","POST:/api/v1/cancelservice/cancel/71fe6b03-0885-4f0f-a005-8128b1a475bc","UNKNOWN_TYPE","UNKNOWN_LAYER",1,2.0,0.0,0.0,0.0
"dHMtZ2F0ZXdheS1zZXJ2aWNl.1","POST:/api/v1/cancelservice/cancel/560892b9-cdb4-4db5-b6bc-d4873deded16","UNKNOWN_TYPE","UNKNOWN_LAYER",1,2.0,0.0,0.0,0.0
"dHMtY2FuY2VsLXNlcnZpY2U=.1","POST:/api/v1/cancelservice/cancel/bd0ab652-2cdf-4a19-ba2f-a2c45445aaba","UNKNOWN_TYPE","UNKNOWN_LAYER",1,3.0,0.0,0.0,0.0
"dHMtZ2F0ZXdheS1zZXJ2aWNl.1","POST:/api/v1/cancelservice/cancel/bd0ab652-2cdf-4a19-ba2f-a2c45445aaba","UNKNOWN_TYPE","UNKNOWN_LAYER",1,1.0,0.0,0.0,0.0
"dHMtY2FuY2VsLXNlcnZpY2U=.1","POST:/api/v1/cancelservice/cancel/bfbf697f-28cd-4b0b-94f0-83ece7a9d95c","UNKNOWN_TYPE","UNKNOWN_LAYER",1,4.0,0.0,0.0,0.0
"dHMtZ2F0ZXdheS1zZXJ2aWNl.1","POST:/api/v1/cancelservice/cancel/e9c5b97f-fc9d-4b9c-848f-8c99235d8ad3","UNKNOWN_TYPE","UNKNOWN_LAYER",1,3.0,0.0,0.0,0.0
"dHMtZ2F0ZXdheS1zZXJ2aWNl.1","POST:/api/v1/cancelservice/cancel/979a66b4-6d89-4f7b-963e-4a2566347133","UNKNOWN_TYPE","UNKNOWN_LAYER",1,2.0,0.0,0.0,0.0
"dHMtZ2F0ZXdheS1zZXJ2aWNl.1","POST:/api/v1/cancelservice/cancel/8ce7ab52-8e9d-4089-9af3-941326a262bb","UNKNOWN_TYPE","UNKNOWN_LAYER",1,2.0,0.0,0.0,0.0
"dHMtZ2F0ZXdheS1zZXJ2aWNl.1","POST:/api/v1/cancelservice/cancel/9e9954bb-4680-4140-9ea7-5896f0e07c4d","UNKNOWN_TYPE","UNKNOWN_LAYER",1,1.0,0.0,0.0,0.0
"dHMtY2FuY2VsLXNlcnZpY2U=.1","POST:/api/v1/cancelservice/cancel/b312c4da-a1a1-4c1f-8e8a-d720262dd2d7","UNKNOWN_TYPE","UNKNOWN_LAYER",1,6.0,0.0,0.0,0.0
"dHMtZ2F0ZXdheS1zZXJ2aWNl.1","POST:/api/v1/cancelservice/cancel/6662b885-3ac8-4172-8e84-d30fd58ad7e3","UNKNOWN_TYPE","UNKNOWN_LAYER",1,2.0,0.0,0.0,0.0
"dHMtY2FuY2VsLXNlcnZpY2U=.1","POST:/api/v1/cancelservice/cancel/1807e7ec-266b-4495-81b4-7e231d9e2934","UNKNOWN_TYPE","UNKNOWN_LAYER",1,4.0,0.0,0.0,0.0
"dHMtZ2F0ZXdheS1zZXJ2aWNl.1","POST:/api/v1/cancelservice/cancel/77bffe3b-3739-4d7a-950a-931fff74bf2b","UNKNOWN_TYPE","UNKNOWN_LAYER",1,1.0,0.0,0.0,0.0
"dHMtY2FuY2VsLXNlcnZpY2U=.1","POST:/api/v1/cancelservice/cancel/77bffe3b-3739-4d7a-950a-931fff74bf2b","UNKNOWN_TYPE","UNKNOWN_LAYER",1,5.0,0.0,0.0,0.0
"dHMtY2FuY2VsLXNlcnZpY2U=.1","POST:/api/v1/cancelservice/cancel/5df41415-f18b-4d15-a9a0-a485b415c71c","UNKNOWN_TYPE","UNKNOWN_LAYER",1,3.0,0.0,0.0,0.0
"dHMtZ2F0ZXdheS1zZXJ2aWNl.1","POST:/api/v1/cancelservice/cancel/af234177-59e7-4419-a1e9-be0eb08374df","UNKNOWN_TYPE","UNKNOWN_LAYER",1,1.0,0.0,0.0,0.0
"dHMtY2FuY2VsLXNlcnZpY2U=.1","POST:/api/v1/cancelservice/cancel/426e4476-a4b0-4bc8-b99f-199b4cf72915","UNKNOWN_TYPE","UNKNOWN_LAYER",1,3.0,0.0,0.0,0.0
"dHMtZ2F0ZXdheS1zZXJ2aWNl.1","POST:/api/v1/cancelservice/cancel/eb43583e-550f-414b-92e7-3651a6268983","UNKNOWN_TYPE","UNKNOWN_LAYER",1,1.0,0.0,0.0,0.0
"dHMtZ2F0ZXdheS1zZXJ2aWNl.1","POST:/api/v1/cancelservice/cancel/1d8ae19e-8f35-419d-a683-bb7f3ee3d28f","UNKNOWN_TYPE","UNKNOWN_LAYER",1,1.0,0.0,0.0,0.0
"dHMtY2FuY2VsLXNlcnZpY2U=.1","POST:/api/v1/cancelservice/cancel/1506f763-ba36-42a4-af50-370d687cc2da","UNKNOWN_TYPE","UNKNOWN_LAYER",1,3.0,0.0,0.0,0.0
"dHMtY2FuY2VsLXNlcnZpY2U=.1","POST:/api/v1/cancelservice/cancel/c021406e-02ba-4e60-8466-75fb89c1ec46","UNKNOWN_TYPE","UNKNOWN_LAYER",1,5.0,0.0,0.0,0.0
"dHMtY2FuY2VsLXNlcnZpY2U=.1","POST:/api/v1/cancelservice/cancel/ab5161b4-be66-44e0-a8b1-af0d1feede25","UNKNOWN_TYPE","UNKNOWN_LAYER",1,4.0,0.0,0.0,0.0
"dHMtZ2F0ZXdheS1zZXJ2aWNl.1","POST:/api/v1/cancelservice/cancel/2d6d6dd2-f655-4d8a-aa1e-7b2adfad5f38","UNKNOWN_TYPE","UNKNOWN_LAYER",1,1.0,0.0,0.0,0.0
"dHMtZ2F0ZXdheS1zZXJ2aWNl.1","POST:/api/v1/cancelservice/cancel/a0ab1fc1-1a45-4871-84dd-4dc592b2b514","UNKNOWN_TYPE","UNKNOWN_LAYER",1,1.0,0.0,0.0,0.0
"dHMtZ2F0ZXdheS1zZXJ2aWNl.1","POST:/api/v1/cancelservice/cancel/1be01921-26b7-4720-b0cf-a72b961e41cc","UNKNOWN_TYPE","UNKNOWN_LAYER",1,1.0,0.0,0.0,0.0
"dHMtY2FuY2VsLXNlcnZpY2U=.1","POST:/api/v1/cancelservice/cancel/f2199882-b5f5-4674-832a-6b79e8cf7dd9","UNKNOWN_TYPE","UNKNOWN_LAYER",1,4.0,0.0,0.0,0.0
"dHMtZ2F0ZXdheS1zZXJ2aWNl.1","POST:/api/v1/cancelservice/cancel/e28e9a17-1553-461f-a126-315304bb9da3","UNKNOWN_TYPE","UNKNOWN_LAYER",1,1.0,0.0,0.0,0.0
"dHMtY2FuY2VsLXNlcnZpY2U=.1","POST:/api/v1/cancelservice/cancel/e28e9a17-1553-461f-a126-315304bb9da3","UNKNOWN_TYPE","UNKNOWN_LAYER",1,4.0,0.0,0.0,0.0
"dHMtY2FuY2VsLXNlcnZpY2U=.1","POST:/api/v1/cancelservice/cancel/393251ca-cef4-4e71-b9de-2ae0adb3afe9","UNKNOWN_TYPE","UNKNOWN_LAYER",1,4.0,0.0,0.0,0.0
"dHMtY2FuY2VsLXNlcnZpY2U=.1","POST:/api/v1/cancelservice/cancel/2f52542a-bd9e-4628-960d-6d2bf717775e","UNKNOWN_TYPE","UNKNOWN_LAYER",1,4.0,0.0,0.0,0.0
"dHMtZ2F0ZXdheS1zZXJ2aWNl.1","POST:/api/v1/cancelservice/cancel/4b65eda5-3766-4423-841c-202cc4f66506","UNKNOWN_TYPE","UNKNOWN_LAYER",1,1.0,0.0,0.0,0.0
"dHMtZ2F0ZXdheS1zZXJ2aWNl.1","POST:/api/v1/cancelservice/cancel/d7c2feb7-425a-4e2b-b9a4-cb6cfcef8a90","UNKNOWN_TYPE","UNKNOWN_LAYER",1,1.0,0.0,0.0,0.0
"dHMtY2FuY2VsLXNlcnZpY2U=.1","POST:/api/v1/cancelservice/cancel/d7c2feb7-425a-4e2b-b9a4-cb6cfcef8a90","UNKNOWN_TYPE","UNKNOWN_LAYER",1,4.0,0.0,0.0,0.0
"dHMtY2FuY2VsLXNlcnZpY2U=.1","POST:/api/v1/cancelservice/cancel/1375492a-ff96-472c-8718-68c2025aecac","UNKNOWN_TYPE","UNKNOWN_LAYER",1,4.0,0.0,0.0,0.0
"dHMtY2FuY2VsLXNlcnZpY2U=.1","POST:/api/v1/cancelservice/cancel/1239c4e1-c9bf-4096-bc2d-0834e14cf8eb","UNKNOWN_TYPE","UNKNOWN_LAYER",1,3.0,0.0,0.0,0.0
"dHMtZ2F0ZXdheS1zZXJ2aWNl.1","POST:/api/v1/cancelservice/cancel/32e35dda-dd9f-45e6-8653-4ffceb5d9094","UNKNOWN_TYPE","UNKNOWN_LAYER",1,1.0,0.0,0.0,0.0
"dHMtZ2F0ZXdheS1zZXJ2aWNl.1","POST:/api/v1/cancelservice/cancel/4c408d43-bb90-4114-b4be-371988443b12","UNKNOWN_TYPE","UNKNOWN_LAYER",1,1.0,0.0,0.0,0.0
"dHMtY2FuY2VsLXNlcnZpY2U=.1","POST:/api/v1/cancelservice/cancel/b9b7db5e-ee0c-4be1-bb7d-68350e36ef52","UNKNOWN_TYPE","UNKNOWN_LAYER",1,4.0,0.0,0.0,0.0
"dHMtZ2F0ZXdheS1zZXJ2aWNl.1","POST:/api/v1/cancelservice/cancel/cad433b0-3b17-4269-be3b-c9b9bb6096d7","UNKNOWN_TYPE","UNKNOWN_LAYER",1,1.0,0.0,0.0,0.0
"dHMtZ2F0ZXdheS1zZXJ2aWNl.1","POST:/api/v1/cancelservice/cancel/0cd2e991-309a-42bb-9ffc-35d380eceb96","UNKNOWN_TYPE","UNKNOWN_LAYER",1,1.0,0.0,0.0,0.0
"dHMtY2FuY2VsLXNlcnZpY2U=.1","POST:/api/v1/cancelservice/cancel/0cd2e991-309a-42bb-9ffc-35d380eceb96","UNKNOWN_TYPE","UNKNOWN_LAYER",1,4.0,0.0,0.0,0.0
"dHMtZ2F0ZXdheS1zZXJ2aWNl.1","POST:/api/v1/cancelservice/cancel/bf80dba3-18cb-4f0b-ac22-f764e5c06736","UNKNOWN_TYPE","UNKNOWN_LAYER",1,1.0,0.0,0.0,0.0
"dHMtZ2F0ZXdheS1zZXJ2aWNl.1","POST:/api/v1/cancelservice/cancel/46a6d961-cf45-441e-9352-5ea0a18ea11e","UNKNOWN_TYPE","UNKNOWN_LAYER",1,1.0,0.0,0.0,0.0
"dHMtY2FuY2VsLXNlcnZpY2U=.1","POST:/api/v1/cancelservice/cancel/89b12249-42dc-4afe-a8f0-66a1cfcd5897","UNKNOWN_TYPE","UNKNOWN_LAYER",1,3.0,0.0,0.0,0.0
"dHMtY2FuY2VsLXNlcnZpY2U=.1","POST:/api/v1/cancelservice/cancel/c4be0d71-3497-471e-afbe-c2c060c6cf22","UNKNOWN_TYPE","UNKNOWN_LAYER",1,3.0,0.0,0.0,0.0
"dHMtZ2F0ZXdheS1zZXJ2aWNl.1","POST:/api/v1/cancelservice/cancel/c4be0d71-3497-471e-afbe-c2c060c6cf22","UNKNOWN_TYPE","UNKNOWN_LAYER",1,1.0,0.0,0.0,0.0
"dHMtY2FuY2VsLXNlcnZpY2U=.1","POST:/api/v1/cancelservice/cancel/520851ad-9caa-494b-9db8-5a9fab5af4be","UNKNOWN_TYPE","UNKNOWN_LAYER",1,3.0,0.0,0.0,0.0
"dHMtZ2F0ZXdheS1zZXJ2aWNl.1","POST:/api/v1/cancelservice/cancel/553e01f2-bad9-4aee-9b6e-3f22ff7e2173","UNKNOWN_TYPE","UNKNOWN_LAYER",1,1.0,0.0,0.0,0.0
"dHMtY2FuY2VsLXNlcnZpY2U=.1","POST:/api/v1/cancelservice/cancel/0def9024-b98a-43d4-9301-82e526c3e7fb","UNKNOWN_TYPE","UNKNOWN_LAYER",1,4.0,0.0,0.0,0.0
"dHMtY2FuY2VsLXNlcnZpY2U=.1","POST:/api/v1/cancelservice/cancel/d05d7d65-cc4b-4bb1-b18a-a8ef66a1d631","UNKNOWN_TYPE","UNKNOWN_LAYER",1,3.0,0.0,0.0,0.0
"dHMtZ2F0ZXdheS1zZXJ2aWNl.1","POST:/api/v1/cancelservice/cancel/7d4d98fa-4e2e-41e2-bd8c-60de1f149987","UNKNOWN_TYPE","UNKNOWN_LAYER",1,1.0,0.0,0.0,0.0
"dHMtY2FuY2VsLXNlcnZpY2U=.1","POST:/api/v1/cancelservice/cancel/7d4d98fa-4e2e-41e2-bd8c-60de1f149987","UNKNOWN_TYPE","UNKNOWN_LAYER",1,4.0,0.0,0.0,0.0
"dHMtZ2F0ZXdheS1zZXJ2aWNl.1","POST:/api/v1/cancelservice/cancel/582314cf-a322-4c67-b0aa-86412eb45ade","UNKNOWN_TYPE","UNKNOWN_LAYER",1,1.0,0.0,0.0,0.0
"dHMtZ2F0ZXdheS1zZXJ2aWNl.1","POST:/api/v1/cancelservice/cancel/02e4adca-3985-48f6-8c90-42dae7d774dc","UNKNOWN_TYPE","UNKNOWN_LAYER",1,1.0,0.0,0.0,0.0
"dHMtZ2F0ZXdheS1zZXJ2aWNl.1","POST:/api/v1/cancelservice/cancel/c6f31d05-3ba7-4b89-bae6-60992e52eb10","UNKNOWN_TYPE","UNKNOWN_LAYER",1,1.0,0.0,0.0,0.0
"dHMtY2FuY2VsLXNlcnZpY2U=.1","POST:/api/v1/cancelservice/cancel/fcdd1660-8183-4ac1-8d19-0654d698fe7f","UNKNOWN_TYPE","UNKNOWN_LAYER",1,4.0,0.0,0.0,0.0
"dHMtZ2F0ZXdheS1zZXJ2aWNl.1","POST:/api/v1/cancelservice/cancel/ad600092-ed62-4005-a4cc-90be10dae663","UNKNOWN_TYPE","UNKNOWN_LAYER",1,1.0,0.0,0.0,0.0
"dHMtY2FuY2VsLXNlcnZpY2U=.1","POST:/api/v1/cancelservice/cancel/b8bf25cb-d2ff-4205-9f55-f6b9a0a46576","UNKNOWN_TYPE","UNKNOWN_LAYER",1,14.0,0.0,0.0,0.0
"dHMtZ2F0ZXdheS1zZXJ2aWNl.1","POST:/api/v1/cancelservice/cancel/8733537c-fc5d-4f90-8644-4fbf8687a4bc","UNKNOWN_TYPE","UNKNOWN_LAYER",1,1.0,0.0,0.0,0.0
"dHMtY2FuY2VsLXNlcnZpY2U=.1","POST:/api/v1/cancelservice/cancel/c2450e40-d84d-48b7-adb2-23aa13006770","UNKNOWN_TYPE","UNKNOWN_LAYER",1,3.0,0.0,0.0,0.0
"dHMtZ2F0ZXdheS1zZXJ2aWNl.1","POST:/api/v1/cancelservice/cancel/23e72554-7450-49e4-9cbb-799d9c3d2c47","UNKNOWN_TYPE","UNKNOWN_LAYER",1,1.0,0.0,0.0,0.0
"dHMtZ2F0ZXdheS1zZXJ2aWNl.1","POST:/api/v1/cancelservice/cancel/7b027de1-14d5-4dca-ab02-113fa0ad44e7","UNKNOWN_TYPE","UNKNOWN_LAYER",1,1.0,0.0,0.0,0.0
"dHMtZ2F0ZXdheS1zZXJ2aWNl.1","POST:/api/v1/cancelservice/cancel/48b7cdaa-13f6-493d-948f-c6fe2a74355a","UNKNOWN_TYPE","UNKNOWN_LAYER",1,1.0,0.0,0.0,0.0
"dHMtZ2F0ZXdheS1zZXJ2aWNl.1","POST:/api/v1/cancelservice/cancel/1640d565-8c19-4e4e-8688-35f1d26a7935","UNKNOWN_TYPE","UNKNOWN_LAYER",1,1.0,0.0,0.0,0.0
"dHMtY2FuY2VsLXNlcnZpY2U=.1","POST:/api/v1/cancelservice/cancel/d2f78a66-a46a-42d1-ad53-6291ce6978d5","UNKNOWN_TYPE","UNKNOWN_LAYER",1,4.0,0.0,0.0,0.0
"dHMtY2FuY2VsLXNlcnZpY2U=.1","POST:/api/v1/cancelservice/cancel/8f1e75e4-f5ee-4e96-b3a7-08b38ecd1ebe","UNKNOWN_TYPE","UNKNOWN_LAYER",1,4.0,0.0,0.0,0.0
"dHMtZ2F0ZXdheS1zZXJ2aWNl.1","POST:/api/v1/cancelservice/cancel/744544f4-f77f-4392-b779-a0f0b62929d5","UNKNOWN_TYPE","UNKNOWN_LAYER",1,1.0,0.0,0.0,0.0
"dHMtZ2F0ZXdheS1zZXJ2aWNl.1","POST:/api/v1/cancelservice/cancel/abc5e2d4-de28-4df3-938d-35695ac4c5c6","UNKNOWN_TYPE","UNKNOWN_LAYER",1,1.0,0.0,0.0,0.0
"dHMtZ2F0ZXdheS1zZXJ2aWNl.1","POST:/api/v1/cancelservice/cancel/694ec8fb-92e5-4b12-9a85-61aca3383517","UNKNOWN_TYPE","UNKNOWN_LAYER",1,0.0,0.0,0.0,0.0
"dHMtZ2F0ZXdheS1zZXJ2aWNl.1","POST:/api/v1/cancelservice/cancel/8d5c8ac9-a80a-4bc9-ad6b-cf6aff088803","UNKNOWN_TYPE","UNKNOWN_LAYER",1,1.0,0.0,0.0,0.0
"dHMtY2FuY2VsLXNlcnZpY2U=.1","POST:/api/v1/cancelservice/cancel/c4eb6442-8efc-4f99-b518-80bb6a0d04a0","UNKNOWN_TYPE","UNKNOWN_LAYER",1,4.0,0.0,0.0,0.0
"dHMtZ2F0ZXdheS1zZXJ2aWNl.1","POST:/api/v1/cancelservice/cancel/c562956b-a04a-455e-b8d0-1ea76895bd92","UNKNOWN_TYPE","UNKNOWN_LAYER",1,1.0,0.0,0.0,0.0
"dHMtY2FuY2VsLXNlcnZpY2U=.1","POST:/api/v1/cancelservice/cancel/ad64b3f6-36e5-41c0-86e9-3bdb19fd808a","UNKNOWN_TYPE","UNKNOWN_LAYER",1,4.0,0.0,0.0,0.0
"dHMtY2FuY2VsLXNlcnZpY2U=.1","POST:/api/v1/cancelservice/cancel/7384126b-af84-4ed4-a957-ef35c31bfdfd","UNKNOWN_TYPE","UNKNOWN_LAYER",1,16.0,0.0,0.0,0.0
"dHMtZ2F0ZXdheS1zZXJ2aWNl.1","POST:/api/v1/cancelservice/cancel/220d220a-8cac-45a8-99fc-dc52ff4bddcd","UNKNOWN_TYPE","UNKNOWN_LAYER",1,1.0,0.0,0.0,0.0
"dHMtY2FuY2VsLXNlcnZpY2U=.1","POST:/api/v1/cancelservice/cancel/349a1e3c-72a7-4e05-a604-d410a5f6ceca","UNKNOWN_TYPE","UNKNOWN_LAYER",1,4.0,0.0,0.0,0.0
"dHMtZ2F0ZXdheS1zZXJ2aWNl.1","POST:/api/v1/cancelservice/cancel/2b23526f-f846-41af-a917-dea05ce6fbf7","UNKNOWN_TYPE","UNKNOWN_LAYER",1,1.0,0.0,0.0,0.0
"dHMtY2FuY2VsLXNlcnZpY2U=.1","POST:/api/v1/cancelservice/cancel/eddf9945-3e7a-41e5-af88-01caba797cc4","UNKNOWN_TYPE","UNKNOWN_LAYER",1,4.0,0.0,0.0,0.0
"dHMtY2FuY2VsLXNlcnZpY2U=.1","POST:/api/v1/cancelservice/cancel/7c895ef5-7396-4bb4-b1b7-af9138782890","UNKNOWN_TYPE","UNKNOWN_LAYER",1,3.0,0.0,0.0,0.0
"dHMtY2FuY2VsLXNlcnZpY2U=.1","POST:/api/v1/cancelservice/cancel/72f04a86-4c41-4347-bc3d-f4cb61871b4f","UNKNOWN_TYPE","UNKNOWN_LAYER",1,3.0,0.0,0.0,0.0
"dHMtZ2F0ZXdheS1zZXJ2aWNl.1","POST:/api/v1/cancelservice/cancel/b28a8b80-7c28-4352-8297-09f86da5b921","UNKNOWN_TYPE","UNKNOWN_LAYER",1,1.0,0.0,0.0,0.0
"dHMtZ2F0ZXdheS1zZXJ2aWNl.1","POST:/api/v1/cancelservice/cancel/7e7fbfec-510f-45fe-bea4-aed0150ac2e9","UNKNOWN_TYPE","UNKNOWN_LAYER",1,0.0,0.0,0.0,0.0
"dHMtY2FuY2VsLXNlcnZpY2U=.1","POST:/api/v1/cancelservice/cancel/fb310dc7-cae1-493b-a73b-84f6c5da38f5","UNKNOWN_TYPE","UNKNOWN_LAYER",1,4.0,0.0,0.0,0.0
"dHMtZ2F0ZXdheS1zZXJ2aWNl.1","POST:/api/v1/cancelservice/cancel/c0cf2d45-c6fe-4d98-8804-40b823fe8520","UNKNOWN_TYPE","UNKNOWN_LAYER",1,0.0,0.0,0.0,0.0
"dHMtZ2F0ZXdheS1zZXJ2aWNl.1","POST:/api/v1/cancelservice/cancel/a8fc9442-6b6e-45f9-b236-3bba0ffca0db","UNKNOWN_TYPE","UNKNOWN_LAYER",1,0.0,0.0,0.0,0.0
"dHMtY2FuY2VsLXNlcnZpY2U=.1","POST:/api/v1/cancelservice/cancel/52336938-0597-46e9-81eb-a87e90b1642c","UNKNOWN_TYPE","UNKNOWN_LAYER",1,3.0,0.0,0.0,0.0
"dHMtY2FuY2VsLXNlcnZpY2U=.1","POST:/api/v1/cancelservice/cancel/864afcd2-e9d0-4e7b-a79d-999ce2345b18","UNKNOWN_TYPE","UNKNOWN_LAYER",1,3.0,0.0,0.0,0.0
"dHMtY2FuY2VsLXNlcnZpY2U=.1","POST:/api/v1/cancelservice/cancel/98498999-f52a-44ef-8034-b7712a0dc655","UNKNOWN_TYPE","UNKNOWN_LAYER",1,4.0,0.0,0.0,0.0
"dHMtY2FuY2VsLXNlcnZpY2U=.1","POST:/api/v1/cancelservice/cancel/41c66a59-88ef-4cc7-84ec-f68defa999f1","UNKNOWN_TYPE","UNKNOWN_LAYER",1,4.0,0.0,0.0,0.0
"dHMtZ2F0ZXdheS1zZXJ2aWNl.1","POST:/api/v1/cancelservice/cancel/c487f6c0-3965-439c-97ed-07e668778e6b","UNKNOWN_TYPE","UNKNOWN_LAYER",1,1.0,0.0,0.0,0.0
"dHMtY2FuY2VsLXNlcnZpY2U=.1","POST:/api/v1/cancelservice/cancel/c487f6c0-3965-439c-97ed-07e668778e6b","UNKNOWN_TYPE","UNKNOWN_LAYER",1,4.0,0.0,0.0,0.0
"dHMtZ2F0ZXdheS1zZXJ2aWNl.1","POST:/api/v1/cancelservice/cancel/8752603f-2d56-4444-bbcf-d18e1084ca6b","UNKNOWN_TYPE","UNKNOWN_LAYER",1,1.0,0.0,0.0,0.0
"dHMtZ2F0ZXdheS1zZXJ2aWNl.1","POST:/api/v1/cancelservice/cancel/7a62c5e2-e49c-4403-9005-014313a2649a","UNKNOWN_TYPE","UNKNOWN_LAYER",1,2.0,0.0,0.0,0.0
"dHMtY2FuY2VsLXNlcnZpY2U=.1","POST:/api/v1/cancelservice/cancel/d38723c2-62ba-478f-a92b-8d0d3f2bccde","UNKNOWN_TYPE","UNKNOWN_LAYER",1,4.0,0.0,0.0,0.0
"dHMtZ2F0ZXdheS1zZXJ2aWNl.1","POST:/api/v1/cancelservice/cancel/e64a4a89-cac4-4947-a11c-402380a50e9f","UNKNOWN_TYPE","UNKNOWN_LAYER",1,1.0,0.0,0.0,0.0
"dHMtY2FuY2VsLXNlcnZpY2U=.1","POST:/api/v1/cancelservice/cancel/e64a4a89-cac4-4947-a11c-402380a50e9f","UNKNOWN_TYPE","UNKNOWN_LAYER",1,4.0,0.0,0.0,0.0
"dHMtZ2F0ZXdheS1zZXJ2aWNl.1","POST:/api/v1/cancelservice/cancel/8aebb8c8-62e5-4ce8-85b1-79f4949f7fde","UNKNOWN_TYPE","UNKNOWN_LAYER",1,1.0,0.0,0.0,0.0
"dHMtZ2F0ZXdheS1zZXJ2aWNl.1","POST:/api/v1/cancelservice/cancel/9271930e-67be-4743-b32d-9701d467d0c2","UNKNOWN_TYPE","UNKNOWN_LAYER",1,1.0,0.0,0.0,0.0
"dHMtY2FuY2VsLXNlcnZpY2U=.1","POST:/api/v1/cancelservice/cancel/1f6b62db-2b21-4493-a98f-2257d86ca276","UNKNOWN_TYPE","UNKNOWN_LAYER",1,4.0,0.0,0.0,0.0
"dHMtZ2F0ZXdheS1zZXJ2aWNl.1","POST:/api/v1/cancelservice/cancel/13eff9a8-a073-44f8-a165-687dcd1c1ad3","UNKNOWN_TYPE","UNKNOWN_LAYER",1,1.0,0.0,0.0,0.0
"dHMtY2FuY2VsLXNlcnZpY2U=.1","POST:/api/v1/cancelservice/cancel/305f88cf-5034-41e5-a37c-8a97578280fb","UNKNOWN_TYPE","UNKNOWN_LAYER",1,4.0,0.0,0.0,0.0
"dHMtZ2F0ZXdheS1zZXJ2aWNl.1","POST:/api/v1/cancelservice/cancel/246a3949-22d5-425c-8d04-aa9bd2815ab9","UNKNOWN_TYPE","UNKNOWN_LAYER",1,1.0,0.0,0.0,0.0
"dHMtZ2F0ZXdheS1zZXJ2aWNl.1","POST:/api/v1/cancelservice/cancel/c0da42a8-3f44-4c1a-8fc2-612ffcd9131c","UNKNOWN_TYPE","UNKNOWN_LAYER",1,1.0,0.0,0.0,0.0
"dHMtY2FuY2VsLXNlcnZpY2U=.1","POST:/api/v1/cancelservice/cancel/e8673a1e-dda0-43d4-94cb-2f995f4d55ff","UNKNOWN_TYPE","UNKNOWN_LAYER",1,5.0,0.0,0.0,0.0
"dHMtY2FuY2VsLXNlcnZpY2U=.1","POST:/api/v1/cancelservice/cancel/11a3e32e-462b-45c2-ad64-ca093a8d4e0e","UNKNOWN_TYPE","UNKNOWN_LAYER",1,3.0,0.0,0.0,0.0
"dHMtY2FuY2VsLXNlcnZpY2U=.1","POST:/api/v1/cancelservice/cancel/2a03b387-93a3-458d-9ae0-97443e813497","UNKNOWN_TYPE","UNKNOWN_LAYER",1,3.0,0.0,0.0,0.0
"dHMtZ2F0ZXdheS1zZXJ2aWNl.1","POST:/api/v1/cancelservice/cancel/f66c05fb-2a79-46d2-9194-5336b117c1a7","UNKNOWN_TYPE","UNKNOWN_LAYER",1,1.0,0.0,0.0,0.0
"dHMtZ2F0ZXdheS1zZXJ2aWNl.1","POST:/api/v1/cancelservice/cancel/097214c4-dc12-475a-adbc-1437a94cde05","UNKNOWN_TYPE","UNKNOWN_LAYER",1,1.0,0.0,0.0,0.0
"dHMtZ2F0ZXdheS1zZXJ2aWNl.1","POST:/api/v1/cancelservice/cancel/98ac39e0-b38f-4249-8217-b911dc9d34ab","UNKNOWN_TYPE","UNKNOWN_LAYER",1,1.0,0.0,0.0,0.0
"dHMtZ2F0ZXdheS1zZXJ2aWNl.1","POST:/api/v1/cancelservice/cancel/de9e2cbb-1e8b-41da-b5c0-08a6b76233de","UNKNOWN_TYPE","UNKNOWN_LAYER",1,1.0,0.0,0.0,0.0
"dHMtZ2F0ZXdheS1zZXJ2aWNl.1","POST:/api/v1/cancelservice/cancel/ff7f8583-9812-4f72-87fc-d311284278eb","UNKNOWN_TYPE","UNKNOWN_LAYER",1,1.0,0.0,0.0,0.0
"dHMtY2FuY2VsLXNlcnZpY2U=.1","POST:/api/v1/cancelservice/cancel/f225344e-0887-4755-9111-e0000f31da37","UNKNOWN_TYPE","UNKNOWN_LAYER",1,3.0,0.0,0.0,0.0
"dHMtY2FuY2VsLXNlcnZpY2U=.1","POST:/api/v1/cancelservice/cancel/5b23fbb0-7b78-4d8d-8677-f1641ba811da","UNKNOWN_TYPE","UNKNOWN_LAYER",1,3.0,0.0,0.0,0.0
"dHMtY2FuY2VsLXNlcnZpY2U=.1","POST:/api/v1/cancelservice/cancel/d1767a7b-58e7-4dee-bad1-3c431d004d7b","UNKNOWN_TYPE","UNKNOWN_LAYER",1,3.0,0.0,0.0,0.0
"dHMtZ2F0ZXdheS1zZXJ2aWNl.1","POST:/api/v1/cancelservice/cancel/37e54b8a-2e49-4481-8d67-23ad31ad1497","UNKNOWN_TYPE","UNKNOWN_LAYER",1,0.0,0.0,0.0,0.0
"dHMtY2FuY2VsLXNlcnZpY2U=.1","POST:/api/v1/cancelservice/cancel/92a86564-f1bb-4f3f-96c7-0aad4a31b44f","UNKNOWN_TYPE","UNKNOWN_LAYER",1,4.0,0.0,0.0,0.0
"dHMtZ2F0ZXdheS1zZXJ2aWNl.1","POST:/api/v1/cancelservice/cancel/ef87ece7-635f-463a-91a1-25c91baac4a8","UNKNOWN_TYPE","UNKNOWN_LAYER",1,1.0,0.0,0.0,0.0
"dHMtY2FuY2VsLXNlcnZpY2U=.1","POST:/api/v1/cancelservice/cancel/97f273db-bfe8-49aa-ad74-1fb97b1ed7df","UNKNOWN_TYPE","UNKNOWN_LAYER",1,14.0,0.0,0.0,0.0
"dHMtY2FuY2VsLXNlcnZpY2U=.1","POST:/api/v1/cancelservice/cancel/987e342a-7c8a-41f4-a08e-8cc99decb67e","UNKNOWN_TYPE","UNKNOWN_LAYER",1,4.0,0.0,0.0,0.0
"dHMtZ2F0ZXdheS1zZXJ2aWNl.1","POST:/api/v1/cancelservice/cancel/987e342a-7c8a-41f4-a08e-8cc99decb67e","UNKNOWN_TYPE","UNKNOWN_LAYER",1,1.0,0.0,0.0,0.0
"dHMtY2FuY2VsLXNlcnZpY2U=.1","POST:/api/v1/cancelservice/cancel/8980f08b-bc0c-4ffe-a901-6b8c7e399452","UNKNOWN_TYPE","UNKNOWN_LAYER",1,4.0,0.0,0.0,0.0
"dHMtZ2F0ZXdheS1zZXJ2aWNl.1","POST:/api/v1/cancelservice/cancel/375a2466-32fa-422c-be01-10911eb624cf","UNKNOWN_TYPE","UNKNOWN_LAYER",1,1.0,0.0,0.0,0.0
"dHMtY2FuY2VsLXNlcnZpY2U=.1","POST:/api/v1/cancelservice/cancel/a544114c-bc12-42d8-954e-08413d2aab95","UNKNOWN_TYPE","UNKNOWN_LAYER",1,4.0,0.0,0.0,0.0
"dHMtZ2F0ZXdheS1zZXJ2aWNl.1","POST:/api/v1/cancelservice/cancel/beb4925f-ac6f-4f5f-ba7c-e53fdc3e9aa8","UNKNOWN_TYPE","UNKNOWN_LAYER",1,1.0,0.0,0.0,0.0
"dHMtY2FuY2VsLXNlcnZpY2U=.1","POST:/api/v1/cancelservice/cancel/1a8add7c-6a73-425d-802c-b34cf7510a7c","UNKNOWN_TYPE","UNKNOWN_LAYER",1,4.0,0.0,0.0,0.0
"dHMtY2FuY2VsLXNlcnZpY2U=.1","POST:/api/v1/cancelservice/cancel/81b1c426-e351-420e-bc70-ffc4f6fd35fd","UNKNOWN_TYPE","UNKNOWN_LAYER",1,6.0,0.0,0.0,0.0
"dHMtY2FuY2VsLXNlcnZpY2U=.1","POST:/api/v1/cancelservice/cancel/99abedd5-5284-4152-a836-b31383d751c9","UNKNOWN_TYPE","UNKNOWN_LAYER",1,4.0,0.0,0.0,0.0
"dHMtY2FuY2VsLXNlcnZpY2U=.1","POST:/api/v1/cancelservice/cancel/7ad7f5ae-4e65-4382-805f-bd5e3d5db4f8","UNKNOWN_TYPE","UNKNOWN_LAYER",1,4.0,0.0,0.0,0.0
"dHMtZ2F0ZXdheS1zZXJ2aWNl.1","POST:/api/v1/cancelservice/cancel/e2edbde7-58e3-44fa-82f8-0349711c2590","UNKNOWN_TYPE","UNKNOWN_LAYER",1,1.0,0.0,0.0,0.0
"dHMtZ2F0ZXdheS1zZXJ2aWNl.1","POST:/api/v1/cancelservice/cancel/3fd9af32-771c-436e-8979-b508eb27880e","UNKNOWN_TYPE","UNKNOWN_LAYER",1,1.0,0.0,0.0,0.0
"dHMtZ2F0ZXdheS1zZXJ2aWNl.1","POST:/api/v1/cancelservice/cancel/7062c69f-6212-4318-a0d7-80bc05c26081","UNKNOWN_TYPE","UNKNOWN_LAYER",1,1.0,0.0,0.0,0.0
"dHMtZ2F0ZXdheS1zZXJ2aWNl.1","POST:/api/v1/cancelservice/cancel/a5b713e5-0b5e-45d0-bfc2-81b91fec355f","UNKNOWN_TYPE","UNKNOWN_LAYER",1,1.0,0.0,0.0,0.0
"dHMtZ2F0ZXdheS1zZXJ2aWNl.1","POST:/api/v1/cancelservice/cancel/07e64e3f-9793-427b-abb0-2912320b9229","UNKNOWN_TYPE","UNKNOWN_LAYER",1,2.0,0.0,0.0,0.0
"dHMtY2FuY2VsLXNlcnZpY2U=.1","POST:/api/v1/cancelservice/cancel/8609b018-c914-4236-b97c-8705eca53668","UNKNOWN_TYPE","UNKNOWN_LAYER",1,16.0,0.0,0.0,0.0
"dHMtY2FuY2VsLXNlcnZpY2U=.1","POST:/api/v1/cancelservice/cancel/dc0aa456-a437-4d35-a5d9-4a099ea4faa6","UNKNOWN_TYPE","UNKNOWN_LAYER",1,3.0,0.0,0.0,0.0
"dHMtY2FuY2VsLXNlcnZpY2U=.1","POST:/api/v1/cancelservice/cancel/2684db62-f082-4376-8a00-6b9976abee91","UNKNOWN_TYPE","UNKNOWN_LAYER",1,4.0,0.0,0.0,0.0
"dHMtZ2F0ZXdheS1zZXJ2aWNl.1","POST:/api/v1/cancelservice/cancel/993551cd-c42d-4527-b919-fbad380f143b","UNKNOWN_TYPE","UNKNOWN_LAYER",1,1.0,0.0,0.0,0.0
"dHMtY2FuY2VsLXNlcnZpY2U=.1","POST:/api/v1/cancelservice/cancel/993551cd-c42d-4527-b919-fbad380f143b","UNKNOWN_TYPE","UNKNOWN_LAYER",1,4.0,0.0,0.0,0.0
"dHMtZ2F0ZXdheS1zZXJ2aWNl.1","POST:/api/v1/cancelservice/cancel/f748d57b-398f-45d1-a4a3-11a25e04fdf2","UNKNOWN_TYPE","UNKNOWN_LAYER",1,1.0,0.0,0.0,0.0
"dHMtZ2F0ZXdheS1zZXJ2aWNl.1","POST:/api/v1/cancelservice/cancel/219c0209-2f42-4f0e-be66-6fdec9896553","UNKNOWN_TYPE","UNKNOWN_LAYER",1,2.0,0.0,0.0,0.0
"dHMtZ2F0ZXdheS1zZXJ2aWNl.1","POST:/api/v1/cancelservice/cancel/3618be09-b704-4170-afea-65cb155b7ba2","UNKNOWN_TYPE","UNKNOWN_LAYER",1,1.0,0.0,0.0,0.0
"dHMtY2FuY2VsLXNlcnZpY2U=.1","POST:/api/v1/cancelservice/cancel/03e2efd3-40ba-45de-a85a-277ec4892aa4","UNKNOWN_TYPE","UNKNOWN_LAYER",1,4.0,0.0,0.0,0.0
"dHMtZ2F0ZXdheS1zZXJ2aWNl.1","POST:/api/v1/cancelservice/cancel/9bc060a9-c830-44f6-8b32-2eacdaf83339","UNKNOWN_TYPE","UNKNOWN_LAYER",1,1.0,0.0,0.0,0.0
"dHMtZ2F0ZXdheS1zZXJ2aWNl.1","POST:/api/v1/cancelservice/cancel/8219c3e5-6e0f-4e3f-99d3-d321a37b8da3","UNKNOWN_TYPE","UNKNOWN_LAYER",1,1.0,0.0,0.0,0.0
"dHMtZ2F0ZXdheS1zZXJ2aWNl.1","POST:/api/v1/cancelservice/cancel/b8ac9081-1249-4251-9c48-906b5eb46288","UNKNOWN_TYPE","UNKNOWN_LAYER",1,3.0,0.0,0.0,0.0
"dHMtY2FuY2VsLXNlcnZpY2U=.1","POST:/api/v1/cancelservice/cancel/cb67376d-9673-4cee-8139-0df3a916349f","UNKNOWN_TYPE","UNKNOWN_LAYER",1,5.0,0.0,0.0,0.0
"dHMtY2FuY2VsLXNlcnZpY2U=.1","POST:/api/v1/cancelservice/cancel/0ce1984a-851c-41fc-b74b-fb508ceae6ff","UNKNOWN_TYPE","UNKNOWN_LAYER",1,5.0,0.0,0.0,0.0
"dHMtZ2F0ZXdheS1zZXJ2aWNl.1","POST:/api/v1/cancelservice/cancel/e1492899-75aa-469d-a4b4-b461749ee48f","UNKNOWN_TYPE","UNKNOWN_LAYER",1,2.0,0.0,0.0,0.0
"dHMtZ2F0ZXdheS1zZXJ2aWNl.1","POST:/api/v1/cancelservice/cancel/1af132ba-da83-425e-adf2-19908108736a","UNKNOWN_TYPE","UNKNOWN_LAYER",1,2.0,0.0,0.0,0.0
"dHMtY2FuY2VsLXNlcnZpY2U=.1","POST:/api/v1/cancelservice/cancel/e2449bbc-779c-420b-9c10-d0d5f3bfda8a","UNKNOWN_TYPE","UNKNOWN_LAYER",1,5.0,0.0,0.0,0.0
"dHMtY2FuY2VsLXNlcnZpY2U=.1","POST:/api/v1/cancelservice/cancel/d9ba4af1-e133-46cc-b352-de483cb0b87a","UNKNOWN_TYPE","UNKNOWN_LAYER",1,7.0,0.0,0.0,0.0
"dHMtY2FuY2VsLXNlcnZpY2U=.1","POST:/api/v1/cancelservice/cancel/bdbe8e98-6139-41e3-938e-f26b80f82245","UNKNOWN_TYPE","UNKNOWN_LAYER",1,7.0,0.0,0.0,0.0
"dHMtZ2F0ZXdheS1zZXJ2aWNl.1","POST:/api/v1/cancelservice/cancel/c16cac3e-e476-42ec-b943-274b95839941","UNKNOWN_TYPE","UNKNOWN_LAYER",1,2.0,0.0,0.0,0.0
"dHMtZ2F0ZXdheS1zZXJ2aWNl.1","POST:/api/v1/cancelservice/cancel/ecbab6a5-1c24-4089-954b-ca4b0800b4a7","UNKNOWN_TYPE","UNKNOWN_LAYER",1,1.0,0.0,0.0,0.0
"dHMtY2FuY2VsLXNlcnZpY2U=.1","POST:/api/v1/cancelservice/cancel/ecbab6a5-1c24-4089-954b-ca4b0800b4a7","UNKNOWN_TYPE","UNKNOWN_LAYER",1,5.0,0.0,0.0,0.0
"dHMtY2FuY2VsLXNlcnZpY2U=.1","POST:/api/v1/cancelservice/cancel/29943782-4c99-4d05-97c0-3abb943e5feb","UNKNOWN_TYPE","UNKNOWN_LAYER",1,4.0,0.0,0.0,0.0
"dHMtZ2F0ZXdheS1zZXJ2aWNl.1","POST:/api/v1/cancelservice/cancel/3c87479e-d32b-42a2-bed5-9aca05e2f096","UNKNOWN_TYPE","UNKNOWN_LAYER",1,2.0,0.0,0.0,0.0
"dHMtY2FuY2VsLXNlcnZpY2U=.1","POST:/api/v1/cancelservice/cancel/3c87479e-d32b-42a2-bed5-9aca05e2f096","UNKNOWN_TYPE","UNKNOWN_LAYER",1,5.0,0.0,0.0,0.0
"dHMtZ2F0ZXdheS1zZXJ2aWNl.1","POST:/api/v1/cancelservice/cancel/606db283-3aa2-40a5-82b8-5d2d47088d6b","UNKNOWN_TYPE","UNKNOWN_LAYER",1,2.0,0.0,0.0,0.0
"dHMtZ2F0ZXdheS1zZXJ2aWNl.1","POST:/api/v1/cancelservice/cancel/991e6c9d-f4ab-4e21-9443-7474936099b8","UNKNOWN_TYPE","UNKNOWN_LAYER",1,2.0,0.0,0.0,0.0
"dHMtZ2F0ZXdheS1zZXJ2aWNl.1","POST:/api/v1/cancelservice/cancel/f9ff2c06-0ba5-4309-93e2-f86cc0d5d5a7","UNKNOWN_TYPE","UNKNOWN_LAYER",1,1.0,0.0,0.0,0.0
"dHMtY2FuY2VsLXNlcnZpY2U=.1","POST:/api/v1/cancelservice/cancel/fc5f7790-2ee0-4a07-ac19-93e4be6d79fe","UNKNOWN_TYPE","UNKNOWN_LAYER",1,14.0,0.0,0.0,0.0
"dHMtY2FuY2VsLXNlcnZpY2U=.1","POST:/api/v1/cancelservice/cancel/05320bb5-d997-4840-94d6-367e82f077ea","UNKNOWN_TYPE","UNKNOWN_LAYER",1,4.0,0.0,0.0,0.0
"dHMtZ2F0ZXdheS1zZXJ2aWNl.1","POST:/api/v1/cancelservice/cancel/1fe6a181-6e6c-48fb-bcbf-3ad4ec4761d3","UNKNOWN_TYPE","UNKNOWN_LAYER",1,1.0,0.0,0.0,0.0
"dHMtY2FuY2VsLXNlcnZpY2U=.1","POST:/api/v1/cancelservice/cancel/d6228926-837f-41ab-9a9e-be36b3a0758f","UNKNOWN_TYPE","UNKNOWN_LAYER",1,4.0,0.0,0.0,0.0
"dHMtY2FuY2VsLXNlcnZpY2U=.1","POST:/api/v1/cancelservice/cancel/d2097e14-ea3f-42d4-9f1e-82d4ac9bd0ae","UNKNOWN_TYPE","UNKNOWN_LAYER",1,5.0,0.0,0.0,0.0
"dHMtY2FuY2VsLXNlcnZpY2U=.1","POST:/api/v1/cancelservice/cancel/5330e914-90ec-4bf5-9498-ce299b8e392c","UNKNOWN_TYPE","UNKNOWN_LAYER",1,4.0,0.0,0.0,0.0
"dHMtY2FuY2VsLXNlcnZpY2U=.1","POST:/api/v1/cancelservice/cancel/2deede1d-0afb-4b34-91fe-80c2e552d724","UNKNOWN_TYPE","UNKNOWN_LAYER",1,5.0,0.0,0.0,0.0
"dHMtY2FuY2VsLXNlcnZpY2U=.1","POST:/api/v1/cancelservice/cancel/e86147dd-7fc5-44ea-bb9f-b28a3f04bcfa","UNKNOWN_TYPE","UNKNOWN_LAYER",1,5.0,0.0,0.0,0.0
"dHMtZ2F0ZXdheS1zZXJ2aWNl.1","POST:/api/v1/cancelservice/cancel/815c4ab7-8b8d-4618-9d79-7f6a35017673","UNKNOWN_TYPE","UNKNOWN_LAYER",1,1.0,0.0,0.0,0.0
"dHMtY2FuY2VsLXNlcnZpY2U=.1","POST:/api/v1/cancelservice/cancel/079ee30a-252e-4186-8399-827ca0bf28e1","UNKNOWN_TYPE","UNKNOWN_LAYER",1,4.0,0.0,0.0,0.0
"dHMtY2FuY2VsLXNlcnZpY2U=.1","POST:/api/v1/cancelservice/cancel/e48535af-ed36-4929-bf80-52c6aa625e5f","UNKNOWN_TYPE","UNKNOWN_LAYER",1,5.0,0.0,0.0,0.0
"dHMtZ2F0ZXdheS1zZXJ2aWNl.1","POST:/api/v1/cancelservice/cancel/af04391d-247a-44aa-b09f-2f5482dc7ddf","UNKNOWN_TYPE","UNKNOWN_LAYER",1,1.0,0.0,0.0,0.0
"dHMtY2FuY2VsLXNlcnZpY2U=.1","POST:/api/v1/cancelservice/cancel/560892b9-cdb4-4db5-b6bc-d4873deded16","UNKNOWN_TYPE","UNKNOWN_LAYER",1,4.0,0.0,0.0,0.0
"dHMtZ2F0ZXdheS1zZXJ2aWNl.1","POST:/api/v1/cancelservice/cancel/ee24c5d2-1d42-43ad-8bf5-8ffa2229f3e6","UNKNOWN_TYPE","UNKNOWN_LAYER",1,2.0,0.0,0.0,0.0
"dHMtY2FuY2VsLXNlcnZpY2U=.1","POST:/api/v1/cancelservice/cancel/c60f1a84-776d-49af-b1cf-01a201cb5d17","UNKNOWN_TYPE","UNKNOWN_LAYER",1,5.0,0.0,0.0,0.0
"dHMtZ2F0ZXdheS1zZXJ2aWNl.1","POST:/api/v1/cancelservice/cancel/bfbf697f-28cd-4b0b-94f0-83ece7a9d95c","UNKNOWN_TYPE","UNKNOWN_LAYER",1,1.0,0.0,0.0,0.0
"dHMtY2FuY2VsLXNlcnZpY2U=.1","POST:/api/v1/cancelservice/cancel/6d69c819-4357-482c-8a18-e0c1f4f6ac37","UNKNOWN_TYPE","UNKNOWN_LAYER",1,5.0,0.0,0.0,0.0
"dHMtZ2F0ZXdheS1zZXJ2aWNl.1","POST:/api/v1/cancelservice/cancel/6d69c819-4357-482c-8a18-e0c1f4f6ac37","UNKNOWN_TYPE","UNKNOWN_LAYER",1,1.0,0.0,0.0,0.0
"dHMtZ2F0ZXdheS1zZXJ2aWNl.1","POST:/api/v1/cancelservice/cancel/f00ac3d2-c0ed-4400-8f39-03903bb7d55b","UNKNOWN_TYPE","UNKNOWN_LAYER",1,2.0,0.0,0.0,0.0
"dHMtY2FuY2VsLXNlcnZpY2U=.1","POST:/api/v1/cancelservice/cancel/f00ac3d2-c0ed-4400-8f39-03903bb7d55b","UNKNOWN_TYPE","UNKNOWN_LAYER",1,9.0,0.0,0.0,0.0
"dHMtZ2F0ZXdheS1zZXJ2aWNl.1","POST:/api/v1/cancelservice/cancel/ccd1aebb-d2c0-4315-a748-292fd21982ae","UNKNOWN_TYPE","UNKNOWN_LAYER",1,2.0,0.0,0.0,0.0
"dHMtY2FuY2VsLXNlcnZpY2U=.1","POST:/api/v1/cancelservice/cancel/04cea6c5-a31e-4e88-b423-beb37c26d1a1","UNKNOWN_TYPE","UNKNOWN_LAYER",1,4.0,0.0,0.0,0.0
"dHMtY2FuY2VsLXNlcnZpY2U=.1","POST:/api/v1/cancelservice/cancel/80b7f090-3de4-467b-becd-1b0faad3dc34","UNKNOWN_TYPE","UNKNOWN_LAYER",1,4.0,0.0,0.0,0.0
"dHMtY2FuY2VsLXNlcnZpY2U=.1","POST:/api/v1/cancelservice/cancel/241bba56-d10e-427f-8755-75ead39c2a8b","UNKNOWN_TYPE","UNKNOWN_LAYER",1,4.0,0.0,0.0,0.0
"dHMtY2FuY2VsLXNlcnZpY2U=.1","POST:/api/v1/cancelservice/cancel/afcce230-7cb8-4eab-a92a-2adb79ac642f","UNKNOWN_TYPE","UNKNOWN_LAYER",1,5.0,0.0,0.0,0.0
"dHMtY2FuY2VsLXNlcnZpY2U=.1","POST:/api/v1/cancelservice/cancel/99c8e92a-868e-4405-b228-fdd0613db282","UNKNOWN_TYPE","UNKNOWN_LAYER",1,4.0,0.0,0.0,0.0
"dHMtY2FuY2VsLXNlcnZpY2U=.1","POST:/api/v1/cancelservice/cancel/700d173c-635e-4a7c-a85f-9c6184dfe98a","UNKNOWN_TYPE","UNKNOWN_LAYER",1,4.0,0.0,0.0,0.0
"dHMtY2FuY2VsLXNlcnZpY2U=.1","POST:/api/v1/cancelservice/cancel/5a3bb46d-ddad-4609-917e-e05e50f5e127","UNKNOWN_TYPE","UNKNOWN_LAYER",1,4.0,0.0,0.0,0.0
"dHMtY2FuY2VsLXNlcnZpY2U=.1","POST:/api/v1/cancelservice/cancel/93a24ad9-8f56-4d4f-a0f3-0031bc8d4732","UNKNOWN_TYPE","UNKNOWN_LAYER",1,4.0,0.0,0.0,0.0
"dHMtZ2F0ZXdheS1zZXJ2aWNl.1","POST:/api/v1/cancelservice/cancel/d033fd1e-d328-4c67-9042-b44634958825","UNKNOWN_TYPE","UNKNOWN_LAYER",1,1.0,0.0,0.0,0.0
"dHMtY2FuY2VsLXNlcnZpY2U=.1","POST:/api/v1/cancelservice/cancel/d033fd1e-d328-4c67-9042-b44634958825","UNKNOWN_TYPE","UNKNOWN_LAYER",1,4.0,0.0,0.0,0.0
"dHMtZ2F0ZXdheS1zZXJ2aWNl.1","POST:/api/v1/cancelservice/cancel/39b66ba8-d9c9-4041-82f5-1cb94b4c76a8","UNKNOWN_TYPE","UNKNOWN_LAYER",1,2.0,0.0,0.0,0.0
"dHMtZ2F0ZXdheS1zZXJ2aWNl.1","POST:/api/v1/cancelservice/cancel/9cce6974-51e1-4b0e-a886-9567686921c5","UNKNOWN_TYPE","UNKNOWN_LAYER",1,2.0,0.0,0.0,0.0
"dHMtZ2F0ZXdheS1zZXJ2aWNl.1","POST:/api/v1/cancelservice/cancel/276fb4f5-b19f-4954-84b0-c5d6c73fad23","UNKNOWN_TYPE","UNKNOWN_LAYER",1,2.0,0.0,0.0,0.0
"dHMtY2FuY2VsLXNlcnZpY2U=.1","POST:/api/v1/cancelservice/cancel/b3a2f994-716f-436b-ab3a-2d04519c58f8","UNKNOWN_TYPE","UNKNOWN_LAYER",1,5.0,0.0,0.0,0.0
"dHMtY2FuY2VsLXNlcnZpY2U=.1","POST:/api/v1/cancelservice/cancel/a8fe91fd-df48-4772-ba57-0e27f7558137","UNKNOWN_TYPE","UNKNOWN_LAYER",1,8.0,0.0,0.0,0.0
"dHMtZ2F0ZXdheS1zZXJ2aWNl.1","POST:/api/v1/cancelservice/cancel/0e43732e-0c56-4101-8629-a2ad44418bcd","UNKNOWN_TYPE","UNKNOWN_LAYER",1,2.0,0.0,0.0,0.0
"dHMtZ2F0ZXdheS1zZXJ2aWNl.1","POST:/api/v1/cancelservice/cancel/16f77c0c-7a87-474e-af7e-04cc51a8767e","UNKNOWN_TYPE","UNKNOWN_LAYER",1,2.0,0.0,0.0,0.0
"dHMtY2FuY2VsLXNlcnZpY2U=.1","POST:/api/v1/cancelservice/cancel/16f77c0c-7a87-474e-af7e-04cc51a8767e","UNKNOWN_TYPE","UNKNOWN_LAYER",1,5.0,0.0,0.0,0.0
"dHMtZ2F0ZXdheS1zZXJ2aWNl.1","POST:/api/v1/cancelservice/cancel/06f69e7f-c341-4d7a-b30d-6b6ad929d599","UNKNOWN_TYPE","UNKNOWN_LAYER",1,2.0,0.0,0.0,0.0
"dHMtY2FuY2VsLXNlcnZpY2U=.1","POST:/api/v1/cancelservice/cancel/06f69e7f-c341-4d7a-b30d-6b6ad929d599","UNKNOWN_TYPE","UNKNOWN_LAYER",1,5.0,0.0,0.0,0.0
"dHMtY2FuY2VsLXNlcnZpY2U=.1","POST:/api/v1/cancelservice/cancel/ca02c65e-5dfc-451b-9d62-96d78c216147","UNKNOWN_TYPE","UNKNOWN_LAYER",1,5.0,0.0,0.0,0.0
"dHMtZ2F0ZXdheS1zZXJ2aWNl.1","POST:/api/v1/cancelservice/cancel/65a49c45-c42a-4388-99ff-2264af43e1ac","UNKNOWN_TYPE","UNKNOWN_LAYER",1,2.0,0.0,0.0,0.0
"dHMtY2FuY2VsLXNlcnZpY2U=.1","POST:/api/v1/cancelservice/cancel/65a49c45-c42a-4388-99ff-2264af43e1ac","UNKNOWN_TYPE","UNKNOWN_LAYER",1,5.0,0.0,0.0,0.0
"dHMtZ2F0ZXdheS1zZXJ2aWNl.1","POST:/api/v1/cancelservice/cancel/7af38a60-00f8-443b-9645-e2970a99d301","UNKNOWN_TYPE","UNKNOWN_LAYER",1,2.0,0.0,0.0,0.0
"dHMtZ2F0ZXdheS1zZXJ2aWNl.1","POST:/api/v1/cancelservice/cancel/c35a0927-d369-4748-898e-ed5ec4970a4c","UNKNOWN_TYPE","UNKNOWN_LAYER",1,2.0,0.0,0.0,0.0
"dHMtZ2F0ZXdheS1zZXJ2aWNl.1","POST:/api/v1/cancelservice/cancel/fee2312a-2d91-4869-88c1-ba6961d279e0","UNKNOWN_TYPE","UNKNOWN_LAYER",1,2.0,0.0,0.0,0.0
"dHMtZ2F0ZXdheS1zZXJ2aWNl.1","POST:/api/v1/cancelservice/cancel/7161d279-7e6c-4240-b8bd-579951d5ab24","UNKNOWN_TYPE","UNKNOWN_LAYER",1,2.0,0.0,0.0,0.0
"dHMtY2FuY2VsLXNlcnZpY2U=.1","POST:/api/v1/cancelservice/cancel/87a8105b-2cd3-484b-9a17-f3b487349e2d","UNKNOWN_TYPE","UNKNOWN_LAYER",1,6.0,0.0,0.0,0.0
"dHMtY2FuY2VsLXNlcnZpY2U=.1","POST:/api/v1/cancelservice/cancel/69edb3e4-297b-4d3f-a77d-5ce78fd5fb17","UNKNOWN_TYPE","UNKNOWN_LAYER",1,5.0,0.0,0.0,0.0
"dHMtY2FuY2VsLXNlcnZpY2U=.1","POST:/api/v1/cancelservice/cancel/1691e81b-55b8-4c4b-8727-65e7fae0be3e","UNKNOWN_TYPE","UNKNOWN_LAYER",1,6.0,0.0,0.0,0.0
"dHMtZ2F0ZXdheS1zZXJ2aWNl.1","POST:/api/v1/cancelservice/cancel/00048602-a85b-4c2f-91e8-0fd39385752f","UNKNOWN_TYPE","UNKNOWN_LAYER",1,1.0,0.0,0.0,0.0
"dHMtY2FuY2VsLXNlcnZpY2U=.1","POST:/api/v1/cancelservice/cancel/d016c6a4-38fe-4fa9-abe3-0223ff6957ad","UNKNOWN_TYPE","UNKNOWN_LAYER",1,16.0,0.0,0.0,0.0
"dHMtZ2F0ZXdheS1zZXJ2aWNl.1","POST:/api/v1/cancelservice/cancel/5819458f-8618-4f0a-9274-70108e98a732","UNKNOWN_TYPE","UNKNOWN_LAYER",1,1.0,0.0,0.0,0.0
"dHMtZ2F0ZXdheS1zZXJ2aWNl.1","POST:/api/v1/cancelservice/cancel/4c062847-d2c4-4ed4-99af-787a07788915","UNKNOWN_TYPE","UNKNOWN_LAYER",1,1.0,0.0,0.0,0.0
"dHMtY2FuY2VsLXNlcnZpY2U=.1","POST:/api/v1/cancelservice/cancel/4c062847-d2c4-4ed4-99af-787a07788915","UNKNOWN_TYPE","UNKNOWN_LAYER",1,3.0,0.0,0.0,0.0
"dHMtY2FuY2VsLXNlcnZpY2U=.1","POST:/api/v1/cancelservice/cancel/68a3eaf0-04f1-4580-b698-abf7cd328238","UNKNOWN_TYPE","UNKNOWN_LAYER",1,3.0,0.0,0.0,0.0
"dHMtZ2F0ZXdheS1zZXJ2aWNl.1","POST:/api/v1/cancelservice/cancel/5df41415-f18b-4d15-a9a0-a485b415c71c","UNKNOWN_TYPE","UNKNOWN_LAYER",1,1.0,0.0,0.0,0.0
"dHMtY2FuY2VsLXNlcnZpY2U=.1","POST:/api/v1/cancelservice/cancel/eb43583e-550f-414b-92e7-3651a6268983","UNKNOWN_TYPE","UNKNOWN_LAYER",1,4.0,0.0,0.0,0.0
"dHMtY2FuY2VsLXNlcnZpY2U=.1","POST:/api/v1/cancelservice/cancel/cd1ad32c-338d-4ea8-bb2b-83231b86b193","UNKNOWN_TYPE","UNKNOWN_LAYER",1,3.0,0.0,0.0,0.0
"dHMtZ2F0ZXdheS1zZXJ2aWNl.1","POST:/api/v1/cancelservice/cancel/bc0738c4-0473-4c2b-b0a8-fb2399894c0b","UNKNOWN_TYPE","UNKNOWN_LAYER",1,1.0,0.0,0.0,0.0
"dHMtY2FuY2VsLXNlcnZpY2U=.1","POST:/api/v1/cancelservice/cancel/65abd845-5b1d-4544-8a7f-e0903408f59e","UNKNOWN_TYPE","UNKNOWN_LAYER",1,4.0,0.0,0.0,0.0
"dHMtZ2F0ZXdheS1zZXJ2aWNl.1","POST:/api/v1/cancelservice/cancel/f3060aff-a9f5-404c-8e9a-33847a3f375c","UNKNOWN_TYPE","UNKNOWN_LAYER",1,1.0,0.0,0.0,0.0
"dHMtZ2F0ZXdheS1zZXJ2aWNl.1","POST:/api/v1/cancelservice/cancel/71cc7db0-da9e-42f2-9942-c9ffc6646ef0","UNKNOWN_TYPE","UNKNOWN_LAYER",1,1.0,0.0,0.0,0.0
"dHMtY2FuY2VsLXNlcnZpY2U=.1","POST:/api/v1/cancelservice/cancel/71cc7db0-da9e-42f2-9942-c9ffc6646ef0","UNKNOWN_TYPE","UNKNOWN_LAYER",1,33.0,0.0,0.0,0.0
"dHMtZ2F0ZXdheS1zZXJ2aWNl.1","POST:/api/v1/cancelservice/cancel/7362e854-27d1-4475-949c-bfde48d77c9a","UNKNOWN_TYPE","UNKNOWN_LAYER",1,1.0,0.0,0.0,0.0
"dHMtY2FuY2VsLXNlcnZpY2U=.1","POST:/api/v1/cancelservice/cancel/a79f633c-71ed-4e9d-b667-a35655b95781","UNKNOWN_TYPE","UNKNOWN_LAYER",1,4.0,0.0,0.0,0.0
"dHMtY2FuY2VsLXNlcnZpY2U=.1","POST:/api/v1/cancelservice/cancel/be33a8bd-047c-421d-baa0-e51e07db6c3c","UNKNOWN_TYPE","UNKNOWN_LAYER",1,4.0,0.0,0.0,0.0
"dHMtY2FuY2VsLXNlcnZpY2U=.1","POST:/api/v1/cancelservice/cancel/d95a7b51-f05c-4b02-94ec-1ce693cc3dee","UNKNOWN_TYPE","UNKNOWN_LAYER",1,4.0,0.0,0.0,0.0
"dHMtY2FuY2VsLXNlcnZpY2U=.1","POST:/api/v1/cancelservice/cancel/a0ab1fc1-1a45-4871-84dd-4dc592b2b514","UNKNOWN_TYPE","UNKNOWN_LAYER",1,4.0,0.0,0.0,0.0
"dHMtY2FuY2VsLXNlcnZpY2U=.1","POST:/api/v1/cancelservice/cancel/03ba78ea-ddd4-4f63-aa91-b44016f9ebc2","UNKNOWN_TYPE","UNKNOWN_LAYER",1,3.0,0.0,0.0,0.0
"dHMtZ2F0ZXdheS1zZXJ2aWNl.1","POST:/api/v1/cancelservice/cancel/100aed78-a34c-4c52-b171-989de3e22bb8","UNKNOWN_TYPE","UNKNOWN_LAYER",1,1.0,0.0,0.0,0.0
"dHMtY2FuY2VsLXNlcnZpY2U=.1","POST:/api/v1/cancelservice/cancel/100aed78-a34c-4c52-b171-989de3e22bb8","UNKNOWN_TYPE","UNKNOWN_LAYER",1,3.0,0.0,0.0,0.0
"dHMtZ2F0ZXdheS1zZXJ2aWNl.1","POST:/api/v1/cancelservice/cancel/ec9dda3e-96ad-4b52-89e4-e6df2cd72c88","UNKNOWN_TYPE","UNKNOWN_LAYER",1,1.0,0.0,0.0,0.0
"dHMtY2FuY2VsLXNlcnZpY2U=.1","POST:/api/v1/cancelservice/cancel/f66c05fb-2a79-46d2-9194-5336b117c1a7","UNKNOWN_TYPE","UNKNOWN_LAYER",1,4.0,0.0,0.0,0.0
"dHMtZ2F0ZXdheS1zZXJ2aWNl.1","POST:/api/v1/cancelservice/cancel/dc2bb595-5f5a-43f2-897b-2cb005cfe222","UNKNOWN_TYPE","UNKNOWN_LAYER",1,0.0,0.0,0.0,0.0
"dHMtY2FuY2VsLXNlcnZpY2U=.1","POST:/api/v1/cancelservice/cancel/98ac39e0-b38f-4249-8217-b911dc9d34ab","UNKNOWN_TYPE","UNKNOWN_LAYER",1,4.0,0.0,0.0,0.0
"dHMtY2FuY2VsLXNlcnZpY2U=.1","POST:/api/v1/cancelservice/cancel/5227bdd5-171c-4d2a-b6c8-ddacd06ebef4","UNKNOWN_TYPE","UNKNOWN_LAYER",1,3.0,0.0,0.0,0.0
"dHMtY2FuY2VsLXNlcnZpY2U=.1","POST:/api/v1/cancelservice/cancel/ff7f8583-9812-4f72-87fc-d311284278eb","UNKNOWN_TYPE","UNKNOWN_LAYER",1,4.0,0.0,0.0,0.0
"dHMtY2FuY2VsLXNlcnZpY2U=.1","POST:/api/v1/cancelservice/cancel/7613c49c-1faf-477d-b186-fc6f454e35b1","UNKNOWN_TYPE","UNKNOWN_LAYER",1,4.0,0.0,0.0,0.0
"dHMtZ2F0ZXdheS1zZXJ2aWNl.1","POST:/api/v1/cancelservice/cancel/7613c49c-1faf-477d-b186-fc6f454e35b1","UNKNOWN_TYPE","UNKNOWN_LAYER",1,1.0,0.0,0.0,0.0
"dHMtY2FuY2VsLXNlcnZpY2U=.1","POST:/api/v1/cancelservice/cancel/e2396f66-ec9e-4c2c-8454-b647c8ba0d34","UNKNOWN_TYPE","UNKNOWN_LAYER",1,4.0,0.0,0.0,0.0
"dHMtZ2F0ZXdheS1zZXJ2aWNl.1","POST:/api/v1/cancelservice/cancel/d1326953-bdd1-44ce-a621-45b44a2aa79c","UNKNOWN_TYPE","UNKNOWN_LAYER",1,2.0,0.0,0.0,0.0
"dHMtY2FuY2VsLXNlcnZpY2U=.1","POST:/api/v1/cancelservice/cancel/d1326953-bdd1-44ce-a621-45b44a2aa79c","UNKNOWN_TYPE","UNKNOWN_LAYER",1,4.0,0.0,0.0,0.0
"dHMtZ2F0ZXdheS1zZXJ2aWNl.1","POST:/api/v1/cancelservice/cancel/f225344e-0887-4755-9111-e0000f31da37","UNKNOWN_TYPE","UNKNOWN_LAYER",1,1.0,0.0,0.0,0.0
"dHMtZ2F0ZXdheS1zZXJ2aWNl.1","POST:/api/v1/cancelservice/cancel/4741d10e-df5c-4de7-9364-f792c95d8642","UNKNOWN_TYPE","UNKNOWN_LAYER",1,0.0,0.0,0.0,0.0
"dHMtZ2F0ZXdheS1zZXJ2aWNl.1","POST:/api/v1/cancelservice/cancel/c23a5b43-3610-4b68-96b9-dd754252e3fe","UNKNOWN_TYPE","UNKNOWN_LAYER",1,1.0,0.0,0.0,0.0
"dHMtZ2F0ZXdheS1zZXJ2aWNl.1","POST:/api/v1/cancelservice/cancel/84db6ebb-9551-442a-a201-caaae579882a","UNKNOWN_TYPE","UNKNOWN_LAYER",1,1.0,0.0,0.0,0.0
"dHMtZ2F0ZXdheS1zZXJ2aWNl.1","POST:/api/v1/cancelservice/cancel/ce16e7b8-75bb-4e9b-8d76-c6f345ec4b99","UNKNOWN_TYPE","UNKNOWN_LAYER",1,1.0,0.0,0.0,0.0
"dHMtY2FuY2VsLXNlcnZpY2U=.1","POST:/api/v1/cancelservice/cancel/a0306bec-4e6b-44e0-a1b1-7f491262601c","UNKNOWN_TYPE","UNKNOWN_LAYER",1,4.0,0.0,0.0,0.0
"dHMtZ2F0ZXdheS1zZXJ2aWNl.1","POST:/api/v1/cancelservice/cancel/10f5e1b0-4e52-4eba-9898-2828cfbc34c2","UNKNOWN_TYPE","UNKNOWN_LAYER",1,1.0,0.0,0.0,0.0
"dHMtZ2F0ZXdheS1zZXJ2aWNl.1","POST:/api/v1/cancelservice/cancel/ad64b3f6-36e5-41c0-86e9-3bdb19fd808a","UNKNOWN_TYPE","UNKNOWN_LAYER",1,1.0,0.0,0.0,0.0
"dHMtY2FuY2VsLXNlcnZpY2U=.1","POST:/api/v1/cancelservice/cancel/202a52a4-74ae-4f5f-880d-f96dc8d24583","UNKNOWN_TYPE","UNKNOWN_LAYER",1,4.0,0.0,0.0,0.0
"dHMtZ2F0ZXdheS1zZXJ2aWNl.1","POST:/api/v1/cancelservice/cancel/7384126b-af84-4ed4-a957-ef35c31bfdfd","UNKNOWN_TYPE","UNKNOWN_LAYER",1,1.0,0.0,0.0,0.0
"dHMtY2FuY2VsLXNlcnZpY2U=.1","POST:/api/v1/cancelservice/cancel/220d220a-8cac-45a8-99fc-dc52ff4bddcd","UNKNOWN_TYPE","UNKNOWN_LAYER",1,4.0,0.0,0.0,0.0
"dHMtY2FuY2VsLXNlcnZpY2U=.1","POST:/api/v1/cancelservice/cancel/f5a169b1-6eaa-4391-bd2d-b1b021593ba0","UNKNOWN_TYPE","UNKNOWN_LAYER",1,3.0,0.0,0.0,0.0
"dHMtY2FuY2VsLXNlcnZpY2U=.1","POST:/api/v1/cancelservice/cancel/a79c4b50-8d04-4987-a18b-aaaee75ca161","UNKNOWN_TYPE","UNKNOWN_LAYER",1,4.0,0.0,0.0,0.0
"dHMtZ2F0ZXdheS1zZXJ2aWNl.1","POST:/api/v1/cancelservice/cancel/a79c4b50-8d04-4987-a18b-aaaee75ca161","UNKNOWN_TYPE","UNKNOWN_LAYER",1,1.0,0.0,0.0,0.0
"dHMtZ2F0ZXdheS1zZXJ2aWNl.1","POST:/api/v1/cancelservice/cancel/54e85827-04f9-4502-8c15-ec9ebc4a1191","UNKNOWN_TYPE","UNKNOWN_LAYER",1,1.0,0.0,0.0,0.0
"dHMtY2FuY2VsLXNlcnZpY2U=.1","POST:/api/v1/cancelservice/cancel/54e85827-04f9-4502-8c15-ec9ebc4a1191","UNKNOWN_TYPE","UNKNOWN_LAYER",1,3.0,0.0,0.0,0.0
"dHMtZ2F0ZXdheS1zZXJ2aWNl.1","POST:/api/v1/cancelservice/cancel/5eb142a9-7b4c-4e09-a20c-f003e05e2b80","UNKNOWN_TYPE","UNKNOWN_LAYER",1,1.0,0.0,0.0,0.0
"dHMtY2FuY2VsLXNlcnZpY2U=.1","POST:/api/v1/cancelservice/cancel/5eb142a9-7b4c-4e09-a20c-f003e05e2b80","UNKNOWN_TYPE","UNKNOWN_LAYER",1,4.0,0.0,0.0,0.0
"dHMtZ2F0ZXdheS1zZXJ2aWNl.1","POST:/api/v1/cancelservice/cancel/dbd63004-f4ed-4089-bcd5-f67a14a3c261","UNKNOWN_TYPE","UNKNOWN_LAYER",1,1.0,0.0,0.0,0.0
"dHMtY2FuY2VsLXNlcnZpY2U=.1","POST:/api/v1/cancelservice/cancel/5c4a2922-e4e6-43a5-b55f-1bc1621e2c1e","UNKNOWN_TYPE","UNKNOWN_LAYER",1,4.0,0.0,0.0,0.0
"dHMtY2FuY2VsLXNlcnZpY2U=.1","POST:/api/v1/cancelservice/cancel/bd4c98b5-5d94-4234-b7a9-db592437023f","UNKNOWN_TYPE","UNKNOWN_LAYER",1,4.0,0.0,0.0,0.0
"dHMtZ2F0ZXdheS1zZXJ2aWNl.1","POST:/api/v1/cancelservice/cancel/dca39d70-5a9b-45b0-9e4b-6109a8388c91","UNKNOWN_TYPE","UNKNOWN_LAYER",1,0.0,0.0,0.0,0.0
"dHMtY2FuY2VsLXNlcnZpY2U=.1","POST:/api/v1/cancelservice/cancel/b28a8b80-7c28-4352-8297-09f86da5b921","UNKNOWN_TYPE","UNKNOWN_LAYER",1,3.0,0.0,0.0,0.0
"dHMtY2FuY2VsLXNlcnZpY2U=.1","POST:/api/v1/cancelservice/cancel/7e7fbfec-510f-45fe-bea4-aed0150ac2e9","UNKNOWN_TYPE","UNKNOWN_LAYER",1,3.0,0.0,0.0,0.0
"dHMtZ2F0ZXdheS1zZXJ2aWNl.1","POST:/api/v1/cancelservice/cancel/7caa7193-34cf-4f0b-a257-4d6ab31bfacd","UNKNOWN_TYPE","UNKNOWN_LAYER",1,1.0,0.0,0.0,0.0
"dHMtY2FuY2VsLXNlcnZpY2U=.1","POST:/api/v1/cancelservice/cancel/7caa7193-34cf-4f0b-a257-4d6ab31bfacd","UNKNOWN_TYPE","UNKNOWN_LAYER",1,3.0,0.0,0.0,0.0
"dHMtZ2F0ZXdheS1zZXJ2aWNl.1","POST:/api/v1/cancelservice/cancel/fb310dc7-cae1-493b-a73b-84f6c5da38f5","UNKNOWN_TYPE","UNKNOWN_LAYER",1,1.0,0.0,0.0,0.0
"dHMtY2FuY2VsLXNlcnZpY2U=.1","POST:/api/v1/cancelservice/cancel/ae119ac7-90ce-421c-ba82-20032bcc84c8","UNKNOWN_TYPE","UNKNOWN_LAYER",1,4.0,0.0,0.0,0.0
"dHMtZ2F0ZXdheS1zZXJ2aWNl.1","POST:/api/v1/cancelservice/cancel/b7a6155d-6bd4-4333-8cd4-594bddbd93dd","UNKNOWN_TYPE","UNKNOWN_LAYER",1,0.0,0.0,0.0,0.0
"dHMtZ2F0ZXdheS1zZXJ2aWNl.1","POST:/api/v1/cancelservice/cancel/3d336d89-412c-480d-bd03-13a2a97d44b8","UNKNOWN_TYPE","UNKNOWN_LAYER",1,1.0,0.0,0.0,0.0
"dHMtZ2F0ZXdheS1zZXJ2aWNl.1","POST:/api/v1/cancelservice/cancel/fa527883-25b7-4102-88b0-f3eda1714a50","UNKNOWN_TYPE","UNKNOWN_LAYER",1,1.0,0.0,0.0,0.0
"dHMtZ2F0ZXdheS1zZXJ2aWNl.1","POST:/api/v1/cancelservice/cancel/52336938-0597-46e9-81eb-a87e90b1642c","UNKNOWN_TYPE","UNKNOWN_LAYER",1,1.0,0.0,0.0,0.0
"dHMtY2FuY2VsLXNlcnZpY2U=.1","POST:/api/v1/cancelservice/cancel/ff54b62e-5569-44aa-9d06-633d6c66fe51","UNKNOWN_TYPE","UNKNOWN_LAYER",1,3.0,0.0,0.0,0.0
"dHMtY2FuY2VsLXNlcnZpY2U=.1","POST:/api/v1/cancelservice/cancel/cad433b0-3b17-4269-be3b-c9b9bb6096d7","UNKNOWN_TYPE","UNKNOWN_LAYER",1,4.0,0.0,0.0,0.0
"dHMtZ2F0ZXdheS1zZXJ2aWNl.1","POST:/api/v1/cancelservice/cancel/61d13599-fdff-4637-957a-edd0baa8a703","UNKNOWN_TYPE","UNKNOWN_LAYER",1,1.0,0.0,0.0,0.0
"dHMtZ2F0ZXdheS1zZXJ2aWNl.1","POST:/api/v1/cancelservice/cancel/3b3665d8-e603-4a7c-b8d0-803885203f21","UNKNOWN_TYPE","UNKNOWN_LAYER",1,1.0,0.0,0.0,0.0
"dHMtY2FuY2VsLXNlcnZpY2U=.1","POST:/api/v1/cancelservice/cancel/bf80dba3-18cb-4f0b-ac22-f764e5c06736","UNKNOWN_TYPE","UNKNOWN_LAYER",1,3.0,0.0,0.0,0.0
"dHMtZ2F0ZXdheS1zZXJ2aWNl.1","POST:/api/v1/cancelservice/cancel/89b12249-42dc-4afe-a8f0-66a1cfcd5897","UNKNOWN_TYPE","UNKNOWN_LAYER",1,1.0,0.0,0.0,0.0
"dHMtY2FuY2VsLXNlcnZpY2U=.1","POST:/api/v1/cancelservice/cancel/c85d7f7e-314e-4909-964d-b0c077a6a613","UNKNOWN_TYPE","UNKNOWN_LAYER",1,4.0,0.0,0.0,0.0
"dHMtZ2F0ZXdheS1zZXJ2aWNl.1","POST:/api/v1/cancelservice/cancel/c9694e8e-0127-4bba-a4fe-6539994c9cb8","UNKNOWN_TYPE","UNKNOWN_LAYER",1,1.0,0.0,0.0,0.0
"dHMtY2FuY2VsLXNlcnZpY2U=.1","POST:/api/v1/cancelservice/cancel/c9694e8e-0127-4bba-a4fe-6539994c9cb8","UNKNOWN_TYPE","UNKNOWN_LAYER",1,3.0,0.0,0.0,0.0
"dHMtY2FuY2VsLXNlcnZpY2U=.1","POST:/api/v1/cancelservice/cancel/d1cdb5a5-32bb-4dbc-ad7a-52d8242956aa","UNKNOWN_TYPE","UNKNOWN_LAYER",1,4.0,0.0,0.0,0.0
"dHMtZ2F0ZXdheS1zZXJ2aWNl.1","POST:/api/v1/cancelservice/cancel/776c75e6-81d3-4dce-ad28-a839540b69b7","UNKNOWN_TYPE","UNKNOWN_LAYER",1,1.0,0.0,0.0,0.0
"dHMtZ2F0ZXdheS1zZXJ2aWNl.1","POST:/api/v1/cancelservice/cancel/5d5dfcb3-11c2-42dc-aec1-de29da983db4","UNKNOWN_TYPE","UNKNOWN_LAYER",1,1.0,0.0,0.0,0.0
"dHMtY2FuY2VsLXNlcnZpY2U=.1","POST:/api/v1/cancelservice/cancel/22b2c715-44ae-47b6-afad-c74e070500c1","UNKNOWN_TYPE","UNKNOWN_LAYER",1,3.0,0.0,0.0,0.0
"dHMtZ2F0ZXdheS1zZXJ2aWNl.1","POST:/api/v1/cancelservice/cancel/039cd3d2-d627-42df-a9f4-303dae49f874","UNKNOWN_TYPE","UNKNOWN_LAYER",1,1.0,0.0,0.0,0.0
"dHMtY2FuY2VsLXNlcnZpY2U=.1","POST:/api/v1/cancelservice/cancel/d68904b7-e628-460d-bf46-15d89497fbba","UNKNOWN_TYPE","UNKNOWN_LAYER",1,3.0,0.0,0.0,0.0
"dHMtZ2F0ZXdheS1zZXJ2aWNl.1","POST:/api/v1/cancelservice/cancel/d9269ef5-5650-45a2-a17c-af2685af8132","UNKNOWN_TYPE","UNKNOWN_LAYER",1,1.0,0.0,0.0,0.0
"dHMtZ2F0ZXdheS1zZXJ2aWNl.1","POST:/api/v1/cancelservice/cancel/99464320-3128-410e-b195-61fa8c36290a","UNKNOWN_TYPE","UNKNOWN_LAYER",1,0.0,0.0,0.0,0.0
"dHMtZ2F0ZXdheS1zZXJ2aWNl.1","POST:/api/v1/cancelservice/cancel/a8b710d8-45f4-4587-abee-e988d2cfde38","UNKNOWN_TYPE","UNKNOWN_LAYER",1,1.0,0.0,0.0,0.0
"dHMtZ2F0ZXdheS1zZXJ2aWNl.1","POST:/api/v1/cancelservice/cancel/9a2050c9-1c2c-414c-8bc5-4e0c28a19b9a","UNKNOWN_TYPE","UNKNOWN_LAYER",1,1.0,0.0,0.0,0.0
"dHMtY2FuY2VsLXNlcnZpY2U=.1","POST:/api/v1/cancelservice/cancel/0cefbb48-6a2d-46c3-ae6a-9574d45fccfa","UNKNOWN_TYPE","UNKNOWN_LAYER",1,4.0,0.0,0.0,0.0
"dHMtY2FuY2VsLXNlcnZpY2U=.1","POST:/api/v1/cancelservice/cancel/02398ab6-4edc-48a3-a2c8-e0a6739532fe","UNKNOWN_TYPE","UNKNOWN_LAYER",1,4.0,0.0,0.0,0.0
"dHMtY2FuY2VsLXNlcnZpY2U=.1","POST:/api/v1/cancelservice/cancel/9e989d55-43e9-4b5e-833e-faf3a59db24d","UNKNOWN_TYPE","UNKNOWN_LAYER",1,4.0,0.0,0.0,0.0
"dHMtZ2F0ZXdheS1zZXJ2aWNl.1","POST:/api/v1/cancelservice/cancel/733bd54d-fb3b-40f1-9355-100b53fd16d6","UNKNOWN_TYPE","UNKNOWN_LAYER",1,1.0,0.0,0.0,0.0
"dHMtY2FuY2VsLXNlcnZpY2U=.1","POST:/api/v1/cancelservice/cancel/10042c84-b207-43bb-a1ab-36a4ac1a2e9a","UNKNOWN_TYPE","UNKNOWN_LAYER",1,3.0,0.0,0.0,0.0
"dHMtZ2F0ZXdheS1zZXJ2aWNl.1","POST:/api/v1/cancelservice/cancel/9bd3c40d-5e47-42bb-8b7b-bf32bbb6f276","UNKNOWN_TYPE","UNKNOWN_LAYER",1,1.0,0.0,0.0,0.0
"dHMtY2FuY2VsLXNlcnZpY2U=.1","POST:/api/v1/cancelservice/cancel/1be01921-26b7-4720-b0cf-a72b961e41cc","UNKNOWN_TYPE","UNKNOWN_LAYER",1,3.0,0.0,0.0,0.0
"dHMtZ2F0ZXdheS1zZXJ2aWNl.1","POST:/api/v1/cancelservice/cancel/c14ab499-cdb1-4cee-807a-e4f6e93f1d2b","UNKNOWN_TYPE","UNKNOWN_LAYER",1,1.0,0.0,0.0,0.0
"dHMtY2FuY2VsLXNlcnZpY2U=.1","POST:/api/v1/cancelservice/cancel/c14ab499-cdb1-4cee-807a-e4f6e93f1d2b","UNKNOWN_TYPE","UNKNOWN_LAYER",1,4.0,0.0,0.0,0.0
"dHMtZ2F0ZXdheS1zZXJ2aWNl.1","POST:/api/v1/cancelservice/cancel/e6f5d2ae-1a9d-4bdf-9804-4f0f7dd08538","UNKNOWN_TYPE","UNKNOWN_LAYER",1,1.0,0.0,0.0,0.0
"dHMtZ2F0ZXdheS1zZXJ2aWNl.1","POST:/api/v1/cancelservice/cancel/cad54c37-5175-4a3c-977f-439bbdd780e1","UNKNOWN_TYPE","UNKNOWN_LAYER",1,1.0,0.0,0.0,0.0
"dHMtY2FuY2VsLXNlcnZpY2U=.1","POST:/api/v1/cancelservice/cancel/d73a4801-ef9a-4458-988b-6bfe18ab78a6","UNKNOWN_TYPE","UNKNOWN_LAYER",1,4.0,0.0,0.0,0.0
"dHMtZ2F0ZXdheS1zZXJ2aWNl.1","POST:/api/v1/cancelservice/cancel/aed8905f-6f49-42cc-8c7a-8e6d0520e4ae","UNKNOWN_TYPE","UNKNOWN_LAYER",1,1.0,0.0,0.0,0.0
"dHMtY2FuY2VsLXNlcnZpY2U=.1","POST:/api/v1/cancelservice/cancel/33467b97-a18a-46ab-bf2f-14766a655210","UNKNOWN_TYPE","UNKNOWN_LAYER",1,5.0,0.0,0.0,0.0
"dHMtZ2F0ZXdheS1zZXJ2aWNl.1","POST:/api/v1/cancelservice/cancel/4d2222ab-d78a-48b2-b462-de86088126fa","UNKNOWN_TYPE","UNKNOWN_LAYER",1,1.0,0.0,0.0,0.0
"dHMtY2FuY2VsLXNlcnZpY2U=.1","POST:/api/v1/cancelservice/cancel/24c976c4-38df-4884-9602-f4536424e2e5","UNKNOWN_TYPE","UNKNOWN_LAYER",1,3.0,0.0,0.0,0.0
"dHMtY2FuY2VsLXNlcnZpY2U=.1","POST:/api/v1/cancelservice/cancel/26b2939a-ed03-4f8e-8dd2-2aa14e10ecb3","UNKNOWN_TYPE","UNKNOWN_LAYER",1,4.0,0.0,0.0,0.0
"dHMtY2FuY2VsLXNlcnZpY2U=.1","POST:/api/v1/cancelservice/cancel/6c84bf86-63ac-49d2-ab2a-38d09ff0bf2b","UNKNOWN_TYPE","UNKNOWN_LAYER",1,3.0,0.0,0.0,0.0
"dHMtZ2F0ZXdheS1zZXJ2aWNl.1","POST:/api/v1/cancelservice/cancel/cf507ab6-f542-492b-a44e-9f64b5f529b8","UNKNOWN_TYPE","UNKNOWN_LAYER",1,1.0,0.0,0.0,0.0
"dHMtZ2F0ZXdheS1zZXJ2aWNl.1","POST:/api/v1/cancelservice/cancel/635b7687-92f3-4ed7-af59-3e4fdd8ac96b","UNKNOWN_TYPE","UNKNOWN_LAYER",1,1.0,0.0,0.0,0.0
"dHMtZ2F0ZXdheS1zZXJ2aWNl.1","POST:/api/v1/cancelservice/cancel/27f5f824-30ae-4c78-adfc-b446f9a548f0","UNKNOWN_TYPE","UNKNOWN_LAYER",1,1.0,0.0,0.0,0.0
"dHMtY2FuY2VsLXNlcnZpY2U=.1","POST:/api/v1/cancelservice/cancel/04354e07-f31d-4544-a778-e9f8ede2ccba","UNKNOWN_TYPE","UNKNOWN_LAYER",1,4.0,0.0,0.0,0.0
"dHMtZ2F0ZXdheS1zZXJ2aWNl.1","POST:/api/v1/cancelservice/cancel/9dca2ef2-6f05-4dec-81d5-7eff7a4543a9","UNKNOWN_TYPE","UNKNOWN_LAYER",1,1.0,0.0,0.0,0.0
"dHMtZ2F0ZXdheS1zZXJ2aWNl.1","POST:/api/v1/cancelservice/cancel/9169d0f5-2f16-4f9d-905a-3fd78c2d5969","UNKNOWN_TYPE","UNKNOWN_LAYER",1,1.0,0.0,0.0,0.0
"dHMtY2FuY2VsLXNlcnZpY2U=.1","POST:/api/v1/cancelservice/cancel/21db3b44-f7bb-419f-848a-494c123f6373","UNKNOWN_TYPE","UNKNOWN_LAYER",1,3.0,0.0,0.0,0.0
"dHMtZ2F0ZXdheS1zZXJ2aWNl.1","POST:/api/v1/cancelservice/cancel/24189f91-5522-4e8a-88ae-3a03ea4867bc","UNKNOWN_TYPE","UNKNOWN_LAYER",1,1.0,0.0,0.0,0.0
"dHMtZ2F0ZXdheS1zZXJ2aWNl.1","POST:/api/v1/cancelservice/cancel/d91e598b-b54f-4b90-900d-adfcaf53236b","UNKNOWN_TYPE","UNKNOWN_LAYER",1,1.0,0.0,0.0,0.0
"dHMtY2FuY2VsLXNlcnZpY2U=.1","POST:/api/v1/cancelservice/cancel/f5abcb58-df11-478d-ae72-df1856213a20","UNKNOWN_TYPE","UNKNOWN_LAYER",1,4.0,0.0,0.0,0.0
"dHMtZ2F0ZXdheS1zZXJ2aWNl.1","POST:/api/v1/cancelservice/cancel/4c2f269e-f578-4994-b1a1-359dd38a91a4","UNKNOWN_TYPE","UNKNOWN_LAYER",1,1.0,0.0,0.0,0.0
"dHMtZ2F0ZXdheS1zZXJ2aWNl.1","POST:/api/v1/cancelservice/cancel/fcfce499-a17c-4d0f-8add-dea4a2e94b06","UNKNOWN_TYPE","UNKNOWN_LAYER",1,1.0,0.0,0.0,0.0
"dHMtY2FuY2VsLXNlcnZpY2U=.1","POST:/api/v1/cancelservice/cancel/48b7cdaa-13f6-493d-948f-c6fe2a74355a","UNKNOWN_TYPE","UNKNOWN_LAYER",1,4.0,0.0,0.0,0.0
"dHMtZ2F0ZXdheS1zZXJ2aWNl.1","POST:/api/v1/cancelservice/cancel/ada8493f-19ef-40f1-b898-5a4db7b72ca4","UNKNOWN_TYPE","UNKNOWN_LAYER",1,1.0,0.0,0.0,0.0
"dHMtY2FuY2VsLXNlcnZpY2U=.1","POST:/api/v1/cancelservice/cancel/1640d565-8c19-4e4e-8688-35f1d26a7935","UNKNOWN_TYPE","UNKNOWN_LAYER",1,4.0,0.0,0.0,0.0
"dHMtY2FuY2VsLXNlcnZpY2U=.1","POST:/api/v1/cancelservice/cancel/744544f4-f77f-4392-b779-a0f0b62929d5","UNKNOWN_TYPE","UNKNOWN_LAYER",1,3.0,0.0,0.0,0.0
"dHMtY2FuY2VsLXNlcnZpY2U=.1","POST:/api/v1/cancelservice/cancel/694ec8fb-92e5-4b12-9a85-61aca3383517","UNKNOWN_TYPE","UNKNOWN_LAYER",1,4.0,0.0,0.0,0.0
"dHMtZ2F0ZXdheS1zZXJ2aWNl.1","POST:/api/v1/cancelservice/cancel/e6028c5f-e4d0-4c5a-b5e6-b942363b51f4","UNKNOWN_TYPE","UNKNOWN_LAYER",1,2.0,0.0,0.0,0.0
"dHMtZ2F0ZXdheS1zZXJ2aWNl.1","POST:/api/v1/cancelservice/cancel/f2627560-e7c1-4da4-ac38-56e564191580","UNKNOWN_TYPE","UNKNOWN_LAYER",1,2.0,0.0,0.0,0.0
"dHMtZ2F0ZXdheS1zZXJ2aWNl.1","POST:/api/v1/cancelservice/cancel/27ad229a-b3c4-4cf6-8b9e-be7f274949ec","UNKNOWN_TYPE","UNKNOWN_LAYER",1,2.0,0.0,0.0,0.0
"dHMtZ2F0ZXdheS1zZXJ2aWNl.1","POST:/api/v1/cancelservice/cancel/5ebf5269-2702-42fa-8901-98519524002a","UNKNOWN_TYPE","UNKNOWN_LAYER",1,2.0,0.0,0.0,0.0
"dHMtY2FuY2VsLXNlcnZpY2U=.1","POST:/api/v1/cancelservice/cancel/c0e0e44e-b74b-4a9a-b764-af037dde13a9","UNKNOWN_TYPE","UNKNOWN_LAYER",1,5.0,0.0,0.0,0.0
"dHMtZ2F0ZXdheS1zZXJ2aWNl.1","POST:/api/v1/cancelservice/cancel/f3746c31-e643-4a26-8a5c-28c024d1e715","UNKNOWN_TYPE","UNKNOWN_LAYER",1,2.0,0.0,0.0,0.0
"dHMtZ2F0ZXdheS1zZXJ2aWNl.1","POST:/api/v1/cancelservice/cancel/53db93c7-e7a1-4ff7-89c1-00fdbff2a43a","UNKNOWN_TYPE","UNKNOWN_LAYER",1,1.0,0.0,0.0,0.0
"dHMtZ2F0ZXdheS1zZXJ2aWNl.1","POST:/api/v1/cancelservice/cancel/525d3fa4-443e-4a47-9d4e-fb1e9c4ac07a","UNKNOWN_TYPE","UNKNOWN_LAYER",1,2.0,0.0,0.0,0.0
"dHMtY2FuY2VsLXNlcnZpY2U=.1","POST:/api/v1/cancelservice/cancel/e159a178-138c-4eac-b396-cc337d867749","UNKNOWN_TYPE","UNKNOWN_LAYER",1,9.0,0.0,0.0,0.0
"dHMtZ2F0ZXdheS1zZXJ2aWNl.1","POST:/api/v1/cancelservice/cancel/9858b919-8b6c-45ca-b071-2681b532c46c","UNKNOWN_TYPE","UNKNOWN_LAYER",1,2.0,0.0,0.0,0.0
"dHMtZ2F0ZXdheS1zZXJ2aWNl.1","POST:/api/v1/cancelservice/cancel/56327c52-4bc8-413f-ae3b-123786688b29","UNKNOWN_TYPE","UNKNOWN_LAYER",1,3.0,0.0,0.0,0.0
"dHMtZ2F0ZXdheS1zZXJ2aWNl.1","POST:/api/v1/cancelservice/cancel/017aa89c-27ad-439a-a5c7-4432137f62ef","UNKNOWN_TYPE","UNKNOWN_LAYER",1,3.0,0.0,0.0,0.0
"dHMtZ2F0ZXdheS1zZXJ2aWNl.1","POST:/api/v1/cancelservice/cancel/7b030374-cf1c-4532-9b86-04549d305d8e","UNKNOWN_TYPE","UNKNOWN_LAYER",1,3.0,0.0,0.0,0.0
"dHMtY2FuY2VsLXNlcnZpY2U=.1","POST:/api/v1/cancelservice/cancel/6121092a-5346-4108-8dc5-011d9a38905c","UNKNOWN_TYPE","UNKNOWN_LAYER",1,10.0,0.0,0.0,0.0
"dHMtZ2F0ZXdheS1zZXJ2aWNl.1","POST:/api/v1/cancelservice/cancel/09e690cd-5436-4df5-b910-30d8c6d670f5","UNKNOWN_TYPE","UNKNOWN_LAYER",1,3.0,0.0,0.0,0.0
"dHMtY2FuY2VsLXNlcnZpY2U=.1","POST:/api/v1/cancelservice/cancel/292de7ee-1f7f-4f2a-b765-2a1091fe12b5","UNKNOWN_TYPE","UNKNOWN_LAYER",1,8.0,0.0,0.0,0.0
"dHMtY2FuY2VsLXNlcnZpY2U=.1","POST:/api/v1/cancelservice/cancel/e7c50fdb-c071-4408-8c54-6e955f50d0ff","UNKNOWN_TYPE","UNKNOWN_LAYER",1,12.0,0.0,0.0,0.0
"dHMtZ2F0ZXdheS1zZXJ2aWNl.1","POST:/api/v1/cancelservice/cancel/7f422108-b68b-4bb8-b26c-9aa4e59b6bef","UNKNOWN_TYPE","UNKNOWN_LAYER",1,3.0,0.0,0.0,0.0
"dHMtY2FuY2VsLXNlcnZpY2U=.1","POST:/api/v1/cancelservice/cancel/fd2efb9b-f854-4971-9954-ebbdc2ed3acd","UNKNOWN_TYPE","UNKNOWN_LAYER",1,8.0,0.0,0.0,0.0
"dHMtZ2F0ZXdheS1zZXJ2aWNl.1","POST:/api/v1/cancelservice/cancel/6cfb23e7-abe2-45ac-892a-61018b399b06","UNKNOWN_TYPE","UNKNOWN_LAYER",1,2.0,0.0,0.0,0.0
"dHMtY2FuY2VsLXNlcnZpY2U=.1","POST:/api/v1/cancelservice/cancel/44a386e3-817e-4567-9524-27833a982c9a","UNKNOWN_TYPE","UNKNOWN_LAYER",1,9.0,0.0,0.0,0.0
"dHMtY2FuY2VsLXNlcnZpY2U=.1","POST:/api/v1/cancelservice/cancel/94a764b9-6e65-45b5-91e8-8d8ddc37439f","UNKNOWN_TYPE","UNKNOWN_LAYER",1,7.0,0.0,0.0,0.0
"dHMtZ2F0ZXdheS1zZXJ2aWNl.1","POST:/api/v1/cancelservice/cancel/b49d4bab-2228-4363-8463-7d8841223954","UNKNOWN_TYPE","UNKNOWN_LAYER",1,2.0,0.0,0.0,0.0
"dHMtY2FuY2VsLXNlcnZpY2U=.1","POST:/api/v1/cancelservice/cancel/b49d4bab-2228-4363-8463-7d8841223954","UNKNOWN_TYPE","UNKNOWN_LAYER",1,19.0,0.0,0.0,0.0
"dHMtY2FuY2VsLXNlcnZpY2U=.1","POST:/api/v1/cancelservice/cancel/fd566519-ecb8-4975-9012-5e46c1e2daec","UNKNOWN_TYPE","UNKNOWN_LAYER",1,10.0,0.0,0.0,0.0
"dHMtY2FuY2VsLXNlcnZpY2U=.1","POST:/api/v1/cancelservice/cancel/0bc42475-1ba8-4f0d-9d0e-c3ff2753d87c","UNKNOWN_TYPE","UNKNOWN_LAYER",1,6.0,0.0,0.0,0.0
"dHMtZ2F0ZXdheS1zZXJ2aWNl.1","POST:/api/v1/cancelservice/cancel/3761ef05-c6b7-4038-b411-187b12050f41","UNKNOWN_TYPE","UNKNOWN_LAYER",1,2.0,0.0,0.0,0.0
"dHMtZ2F0ZXdheS1zZXJ2aWNl.1","POST:/api/v1/cancelservice/cancel/0fde7e8e-f28f-4c45-bbdc-b8cea9d9edea","UNKNOWN_TYPE","UNKNOWN_LAYER",1,2.0,0.0,0.0,0.0
"dHMtZ2F0ZXdheS1zZXJ2aWNl.1","POST:/api/v1/cancelservice/cancel/e7eca4d9-c590-4c65-a2db-0286c0449474","UNKNOWN_TYPE","UNKNOWN_LAYER",1,3.0,0.0,0.0,0.0
"dHMtZ2F0ZXdheS1zZXJ2aWNl.1","POST:/api/v1/cancelservice/cancel/5fa9fab4-ca3c-4878-8206-5066b86e02cc","UNKNOWN_TYPE","UNKNOWN_LAYER",1,1.0,0.0,0.0,0.0
"dHMtY2FuY2VsLXNlcnZpY2U=.1","POST:/api/v1/cancelservice/cancel/cfe21416-2922-4431-b02b-ba07a48d64a2","UNKNOWN_TYPE","UNKNOWN_LAYER",1,3998.0,0.0,0.0,0.0
"dHMtZ2F0ZXdheS1zZXJ2aWNl.1","POST:/api/v1/cancelservice/cancel/2745e95e-d551-4557-8332-0445dcb5e268","UNKNOWN_TYPE","UNKNOWN_LAYER",1,1.0,0.0,0.0,0.0
"dHMtZ2F0ZXdheS1zZXJ2aWNl.1","POST:/api/v1/cancelservice/cancel/a0e2d87e-78f2-4af3-a516-a45d5182b697","UNKNOWN_TYPE","UNKNOWN_LAYER",1,1.0,0.0,0.0,0.0
"dHMtZ2F0ZXdheS1zZXJ2aWNl.1","POST:/api/v1/cancelservice/cancel/c9edecdd-1669-437c-a177-7ca30ef88409","UNKNOWN_TYPE","UNKNOWN_LAYER",1,1.0,0.0,0.0,0.0
"dHMtZ2F0ZXdheS1zZXJ2aWNl.1","POST:/api/v1/cancelservice/cancel/6d8a47d3-f498-4be8-8f96-0d7d07828c61","UNKNOWN_TYPE","UNKNOWN_LAYER",1,1.0,0.0,0.0,0.0
"dHMtY2FuY2VsLXNlcnZpY2U=.1","POST:/api/v1/cancelservice/cancel/6d8a47d3-f498-4be8-8f96-0d7d07828c61","UNKNOWN_TYPE","UNKNOWN_LAYER",1,4.0,0.0,0.0,0.0
"dHMtY2FuY2VsLXNlcnZpY2U=.1","POST:/api/v1/cancelservice/cancel/ad67f281-aa72-488e-ac06-f5ac6ee1d38a","UNKNOWN_TYPE","UNKNOWN_LAYER",1,4.0,0.0,0.0,0.0
"dHMtZ2F0ZXdheS1zZXJ2aWNl.1","POST:/api/v1/cancelservice/cancel/fae5a075-606a-4e0d-9cb4-f9393efabd73","UNKNOWN_TYPE","UNKNOWN_LAYER",1,1.0,0.0,0.0,0.0
"dHMtY2FuY2VsLXNlcnZpY2U=.1","POST:/api/v1/cancelservice/cancel/d69a9180-d346-40cf-a7c6-6139ffcdee61","UNKNOWN_TYPE","UNKNOWN_LAYER",1,4.0,0.0,0.0,0.0
"dHMtY2FuY2VsLXNlcnZpY2U=.1","POST:/api/v1/cancelservice/cancel/36a1fae7-585f-41b7-8035-493592b12038","UNKNOWN_TYPE","UNKNOWN_LAYER",1,5.0,0.0,0.0,0.0
"dHMtZ2F0ZXdheS1zZXJ2aWNl.1","POST:/api/v1/cancelservice/cancel/cf0bafa7-a985-4835-ac04-7963c144bb2b","UNKNOWN_TYPE","UNKNOWN_LAYER",1,1.0,0.0,0.0,0.0
"dHMtZ2F0ZXdheS1zZXJ2aWNl.1","POST:/api/v1/cancelservice/cancel/fc064001-daec-4153-8450-8d40f79e9b9c","UNKNOWN_TYPE","UNKNOWN_LAYER",1,1.0,0.0,0.0,0.0
"dHMtZ2F0ZXdheS1zZXJ2aWNl.1","POST:/api/v1/cancelservice/cancel/2d8d8097-c7c3-47ac-9d6c-329b31ca2c79","UNKNOWN_TYPE","UNKNOWN_LAYER",1,1.0,0.0,0.0,0.0
"dHMtY2FuY2VsLXNlcnZpY2U=.1","POST:/api/v1/cancelservice/cancel/a6280481-fb61-459e-a275-d9e09cb378f4","UNKNOWN_TYPE","UNKNOWN_LAYER",1,4.0,0.0,0.0,0.0
"dHMtZ2F0ZXdheS1zZXJ2aWNl.1","POST:/api/v1/cancelservice/cancel/a6280481-fb61-459e-a275-d9e09cb378f4","UNKNOWN_TYPE","UNKNOWN_LAYER",1,1.0,0.0,0.0,0.0
"dHMtY2FuY2VsLXNlcnZpY2U=.1","POST:/api/v1/cancelservice/cancel/0350ec42-02cd-47e4-a449-cb387cbc9f01","UNKNOWN_TYPE","UNKNOWN_LAYER",1,4.0,0.0,0.0,0.0
"dHMtY2FuY2VsLXNlcnZpY2U=.1","POST:/api/v1/cancelservice/cancel/c0da42a8-3f44-4c1a-8fc2-612ffcd9131c","UNKNOWN_TYPE","UNKNOWN_LAYER",1,3.0,0.0,0.0,0.0
"dHMtZ2F0ZXdheS1zZXJ2aWNl.1","POST:/api/v1/cancelservice/cancel/0daec725-05ef-4f2b-aba9-4707438b9556","UNKNOWN_TYPE","UNKNOWN_LAYER",1,1.0,0.0,0.0,0.0
"dHMtZ2F0ZXdheS1zZXJ2aWNl.1","POST:/api/v1/cancelservice/cancel/d91c7bf8-a6ad-41c7-96e7-e413046562fd","UNKNOWN_TYPE","UNKNOWN_LAYER",1,1.0,0.0,0.0,0.0
"dHMtY2FuY2VsLXNlcnZpY2U=.1","POST:/api/v1/cancelservice/cancel/61dd8e03-f0f1-476c-9f6b-18810fd69955","UNKNOWN_TYPE","UNKNOWN_LAYER",1,4.0,0.0,0.0,0.0
"dHMtZ2F0ZXdheS1zZXJ2aWNl.1","POST:/api/v1/cancelservice/cancel/a3673836-9473-4fcd-ba8c-5c4e2ccbf242","UNKNOWN_TYPE","UNKNOWN_LAYER",1,1.0,0.0,0.0,0.0
"dHMtY2FuY2VsLXNlcnZpY2U=.1","POST:/api/v1/cancelservice/cancel/a3673836-9473-4fcd-ba8c-5c4e2ccbf242","UNKNOWN_TYPE","UNKNOWN_LAYER",1,4.0,0.0,0.0,0.0
"dHMtY2FuY2VsLXNlcnZpY2U=.1","POST:/api/v1/cancelservice/cancel/e04f6d81-8089-4551-920f-f5dc4c700f2e","UNKNOWN_TYPE","UNKNOWN_LAYER",1,3.0,0.0,0.0,0.0
"dHMtZ2F0ZXdheS1zZXJ2aWNl.1","POST:/api/v1/cancelservice/cancel/e04f6d81-8089-4551-920f-f5dc4c700f2e","UNKNOWN_TYPE","UNKNOWN_LAYER",1,1.0,0.0,0.0,0.0
"dHMtZ2F0ZXdheS1zZXJ2aWNl.1","POST:/api/v1/cancelservice/cancel/adb8ed45-3dba-429b-b84d-86c2cbc34024","UNKNOWN_TYPE","UNKNOWN_LAYER",1,1.0,0.0,0.0,0.0
"dHMtZ2F0ZXdheS1zZXJ2aWNl.1","POST:/api/v1/cancelservice/cancel/dbe54236-6d2f-4377-8332-01c3718f21b0","UNKNOWN_TYPE","UNKNOWN_LAYER",1,1.0,0.0,0.0,0.0
"dHMtY2FuY2VsLXNlcnZpY2U=.1","POST:/api/v1/cancelservice/cancel/dbe54236-6d2f-4377-8332-01c3718f21b0","UNKNOWN_TYPE","UNKNOWN_LAYER",1,3.0,0.0,0.0,0.0
"dHMtZ2F0ZXdheS1zZXJ2aWNl.1","POST:/api/v1/cancelservice/cancel/fa3be432-0495-4b35-987c-f692876c04e3","UNKNOWN_TYPE","UNKNOWN_LAYER",1,1.0,0.0,0.0,0.0
"dHMtZ2F0ZXdheS1zZXJ2aWNl.1","POST:/api/v1/cancelservice/cancel/629bfc0a-87c9-43b3-9746-0f934d5741d9","UNKNOWN_TYPE","UNKNOWN_LAYER",1,1.0,0.0,0.0,0.0
"dHMtY2FuY2VsLXNlcnZpY2U=.1","POST:/api/v1/cancelservice/cancel/c029192d-1699-460a-84f4-1f1479f4f4f6","UNKNOWN_TYPE","UNKNOWN_LAYER",1,4.0,0.0,0.0,0.0
"dHMtY2FuY2VsLXNlcnZpY2U=.1","POST:/api/v1/cancelservice/cancel/21a92a47-4c28-4001-afeb-a1ff528c7c3a","UNKNOWN_TYPE","UNKNOWN_LAYER",1,4.0,0.0,0.0,0.0
"dHMtY2FuY2VsLXNlcnZpY2U=.1","POST:/api/v1/cancelservice/cancel/ca13462d-9ffa-4872-8a5a-87464ae4d806","UNKNOWN_TYPE","UNKNOWN_LAYER",1,3.0,0.0,0.0,0.0
"dHMtZ2F0ZXdheS1zZXJ2aWNl.1","POST:/api/v1/cancelservice/cancel/99d0d39e-583c-4421-ad62-dd7b70091873","UNKNOWN_TYPE","UNKNOWN_LAYER",1,1.0,0.0,0.0,0.0
"dHMtY2FuY2VsLXNlcnZpY2U=.1","POST:/api/v1/cancelservice/cancel/9e29bd6b-9e8c-499c-8086-d15b53a394fe","UNKNOWN_TYPE","UNKNOWN_LAYER",1,3.0,0.0,0.0,0.0
"dHMtY2FuY2VsLXNlcnZpY2U=.1","POST:/api/v1/cancelservice/cancel/2aa3c22f-3d7f-40bc-9775-8b167a4e6eae","UNKNOWN_TYPE","UNKNOWN_LAYER",1,4.0,0.0,0.0,0.0
"dHMtZ2F0ZXdheS1zZXJ2aWNl.1","POST:/api/v1/cancelservice/cancel/4af558bd-c5e3-4e01-99e9-33b3e488c8c1","UNKNOWN_TYPE","UNKNOWN_LAYER",1,1.0,0.0,0.0,0.0
"dHMtZ2F0ZXdheS1zZXJ2aWNl.1","POST:/api/v1/cancelservice/cancel/ff95d1ed-c8d7-4e19-b869-3db2e92ee568","UNKNOWN_TYPE","UNKNOWN_LAYER",1,1.0,0.0,0.0,0.0
"dHMtZ2F0ZXdheS1zZXJ2aWNl.1","POST:/api/v1/cancelservice/cancel/b5b29457-27f8-4a25-b848-94d886673995","UNKNOWN_TYPE","UNKNOWN_LAYER",1,1.0,0.0,0.0,0.0
"dHMtZ2F0ZXdheS1zZXJ2aWNl.1","POST:/api/v1/cancelservice/cancel/4fcd07a4-2453-4776-8b6a-7d38c1db7ffa","UNKNOWN_TYPE","UNKNOWN_LAYER",1,1.0,0.0,0.0,0.0
"dHMtZ2F0ZXdheS1zZXJ2aWNl.1","POST:/api/v1/cancelservice/cancel/3ca2c473-5514-46ba-8c88-e977b079e358","UNKNOWN_TYPE","UNKNOWN_LAYER",1,1.0,0.0,0.0,0.0
"dHMtZ2F0ZXdheS1zZXJ2aWNl.1","POST:/api/v1/cancelservice/cancel/a958ab8e-8884-412a-8b74-ad81ae01207a","UNKNOWN_TYPE","UNKNOWN_LAYER",1,2.0,0.0,0.0,0.0
"dHMtY2FuY2VsLXNlcnZpY2U=.1","POST:/api/v1/cancelservice/cancel/e235691b-1626-4aa9-9188-bccf7983d940","UNKNOWN_TYPE","UNKNOWN_LAYER",1,4.0,0.0,0.0,0.0
"dHMtY2FuY2VsLXNlcnZpY2U=.1","POST:/api/v1/cancelservice/cancel/32fcd75c-dbf5-404b-ab95-05f9c91ecc93","UNKNOWN_TYPE","UNKNOWN_LAYER",1,4.0,0.0,0.0,0.0
"dHMtY2FuY2VsLXNlcnZpY2U=.1","POST:/api/v1/cancelservice/cancel/f2e7a8ca-346b-4ff3-aaa4-a9f604d3b593","UNKNOWN_TYPE","UNKNOWN_LAYER",1,3.0,0.0,0.0,0.0
"dHMtY2FuY2VsLXNlcnZpY2U=.1","POST:/api/v1/cancelservice/cancel/f14b0369-17b1-43ec-b15b-e2db6e8485e9","UNKNOWN_TYPE","UNKNOWN_LAYER",1,4.0,0.0,0.0,0.0
"dHMtZ2F0ZXdheS1zZXJ2aWNl.1","POST:/api/v1/cancelservice/cancel/9b7e68e4-9972-466d-a02a-8ebeb0b76514","UNKNOWN_TYPE","UNKNOWN_LAYER",1,1.0,0.0,0.0,0.0
"dHMtZ2F0ZXdheS1zZXJ2aWNl.1","POST:/api/v1/cancelservice/cancel/824dcf85-db54-4acd-9f9a-e0be47b7d6c8","UNKNOWN_TYPE","UNKNOWN_LAYER",1,1.0,0.0,0.0,0.0
"dHMtY2FuY2VsLXNlcnZpY2U=.1","POST:/api/v1/cancelservice/cancel/aefd478d-042c-4cd6-ab9f-9ee86cbd3c52","UNKNOWN_TYPE","UNKNOWN_LAYER",1,6.0,0.0,0.0,0.0
"dHMtZ2F0ZXdheS1zZXJ2aWNl.1","POST:/api/v1/cancelservice/cancel/9ed02371-d7c3-4405-9a48-09c86eba9e02","UNKNOWN_TYPE","UNKNOWN_LAYER",1,1.0,0.0,0.0,0.0
"dHMtZ2F0ZXdheS1zZXJ2aWNl.1","POST:/api/v1/cancelservice/cancel/38dae476-1849-4ded-aede-d8b7e63f66f4","UNKNOWN_TYPE","UNKNOWN_LAYER",1,1.0,0.0,0.0,0.0
"dHMtY2FuY2VsLXNlcnZpY2U=.1","POST:/api/v1/cancelservice/cancel/67e24d89-319d-401c-900d-79bc4a78b6e1","UNKNOWN_TYPE","UNKNOWN_LAYER",1,4.0,0.0,0.0,0.0
"dHMtY2FuY2VsLXNlcnZpY2U=.1","POST:/api/v1/cancelservice/cancel/3524b910-f2ad-4dea-b788-286acc8ea6a2","UNKNOWN_TYPE","UNKNOWN_LAYER",1,4.0,0.0,0.0,0.0
"dHMtY2FuY2VsLXNlcnZpY2U=.1","POST:/api/v1/cancelservice/cancel/6c0fc2d5-369c-40a7-a383-a421f44c2fb5","UNKNOWN_TYPE","UNKNOWN_LAYER",1,4.0,0.0,0.0,0.0
"dHMtY2FuY2VsLXNlcnZpY2U=.1","POST:/api/v1/cancelservice/cancel/7e375b7c-2a8c-48fa-b318-802a39c7d76f","UNKNOWN_TYPE","UNKNOWN_LAYER",1,4.0,0.0,0.0,0.0
"dHMtZ2F0ZXdheS1zZXJ2aWNl.1","POST:/api/v1/cancelservice/cancel/8acefa44-94a9-402c-9256-4d118b6e0e5d","UNKNOWN_TYPE","UNKNOWN_LAYER",1,1.0,0.0,0.0,0.0
"dHMtY2FuY2VsLXNlcnZpY2U=.1","POST:/api/v1/cancelservice/cancel/8acefa44-94a9-402c-9256-4d118b6e0e5d","UNKNOWN_TYPE","UNKNOWN_LAYER",1,4.0,0.0,0.0,0.0
"dHMtY2FuY2VsLXNlcnZpY2U=.1","POST:/api/v1/cancelservice/cancel/83b544cc-5cef-4902-ab09-b759394d1550","UNKNOWN_TYPE","UNKNOWN_LAYER",1,3.0,0.0,0.0,0.0
"dHMtZ2F0ZXdheS1zZXJ2aWNl.1","POST:/api/v1/cancelservice/cancel/59a131a3-8421-48df-b5f8-5d4155789474","UNKNOWN_TYPE","UNKNOWN_LAYER",1,1.0,0.0,0.0,0.0
"dHMtY2FuY2VsLXNlcnZpY2U=.1","POST:/api/v1/cancelservice/cancel/6e565db0-4a13-481e-a15b-618e30f92176","UNKNOWN_TYPE","UNKNOWN_LAYER",1,4.0,0.0,0.0,0.0
"dHMtY2FuY2VsLXNlcnZpY2U=.1","POST:/api/v1/cancelservice/cancel/af9e14d5-7d2b-47c8-a8ec-b0f4f242ff74","UNKNOWN_TYPE","UNKNOWN_LAYER",1,4.0,0.0,0.0,0.0
"dHMtZ2F0ZXdheS1zZXJ2aWNl.1","POST:/api/v1/cancelservice/cancel/b8e7462e-c5d9-4518-9e92-fcb5bab883f5","UNKNOWN_TYPE","UNKNOWN_LAYER",1,1.0,0.0,0.0,0.0
"dHMtY2FuY2VsLXNlcnZpY2U=.1","POST:/api/v1/cancelservice/cancel/89af40ec-4854-4923-bbe0-ac05966617f4","UNKNOWN_TYPE","UNKNOWN_LAYER",1,4.0,0.0,0.0,0.0
"dHMtZ2F0ZXdheS1zZXJ2aWNl.1","POST:/api/v1/cancelservice/cancel/6ce62597-3e9a-486a-a017-cfbc11eef01a","UNKNOWN_TYPE","UNKNOWN_LAYER",1,1.0,0.0,0.0,0.0
"dHMtY2FuY2VsLXNlcnZpY2U=.1","POST:/api/v1/cancelservice/cancel/83425ea8-a8ab-4903-8aeb-1c65c947edd2","UNKNOWN_TYPE","UNKNOWN_LAYER",1,4.0,0.0,0.0,0.0
"dHMtZ2F0ZXdheS1zZXJ2aWNl.1","POST:/api/v1/cancelservice/cancel/83425ea8-a8ab-4903-8aeb-1c65c947edd2","UNKNOWN_TYPE","UNKNOWN_LAYER",1,1.0,0.0,0.0,0.0
"dHMtZ2F0ZXdheS1zZXJ2aWNl.1","POST:/api/v1/cancelservice/cancel/454d6ec6-d8e4-4678-a2d9-d9d1ab0221ab","UNKNOWN_TYPE","UNKNOWN_LAYER",1,1.0,0.0,0.0,0.0
"dHMtY2FuY2VsLXNlcnZpY2U=.1","POST:/api/v1/cancelservice/cancel/454d6ec6-d8e4-4678-a2d9-d9d1ab0221ab","UNKNOWN_TYPE","UNKNOWN_LAYER",1,3.0,0.0,0.0,0.0
"dHMtY2FuY2VsLXNlcnZpY2U=.1","POST:/api/v1/cancelservice/cancel/19037a6b-0cd4-44f8-9b13-96e6e3a75cde","UNKNOWN_TYPE","UNKNOWN_LAYER",1,5.0,0.0,0.0,0.0
"dHMtZ2F0ZXdheS1zZXJ2aWNl.1","POST:/api/v1/cancelservice/cancel/42204dd5-64ff-4de7-9621-3df37bd86017","UNKNOWN_TYPE","UNKNOWN_LAYER",1,1.0,0.0,0.0,0.0
"dHMtY2FuY2VsLXNlcnZpY2U=.1","POST:/api/v1/cancelservice/cancel/4efae5de-1135-423b-a843-2db736f15aa1","UNKNOWN_TYPE","UNKNOWN_LAYER",1,3.0,0.0,0.0,0.0
"dHMtY2FuY2VsLXNlcnZpY2U=.1","POST:/api/v1/cancelservice/cancel/dca0c64a-65cb-4860-8e05-1ee7b8f26a66","UNKNOWN_TYPE","UNKNOWN_LAYER",1,13.0,0.0,0.0,0.0
"dHMtY2FuY2VsLXNlcnZpY2U=.1","POST:/api/v1/cancelservice/cancel/7a62c5e2-e49c-4403-9005-014313a2649a","UNKNOWN_TYPE","UNKNOWN_LAYER",1,4.0,0.0,0.0,0.0
"dHMtY2FuY2VsLXNlcnZpY2U=.1","POST:/api/v1/cancelservice/cancel/386ad63c-61b8-4677-a857-fd07dfa138db","UNKNOWN_TYPE","UNKNOWN_LAYER",1,6.0,0.0,0.0,0.0
"dHMtY2FuY2VsLXNlcnZpY2U=.1","POST:/api/v1/cancelservice/cancel/95e9e9f2-f2fb-4106-b67b-fd6f2389c416","UNKNOWN_TYPE","UNKNOWN_LAYER",1,7.0,0.0,0.0,0.0
"dHMtZ2F0ZXdheS1zZXJ2aWNl.1","POST:/api/v1/cancelservice/cancel/edf101b6-8501-41bb-8672-35432a803e8d","UNKNOWN_TYPE","UNKNOWN_LAYER",1,1.0,0.0,0.0,0.0
"dHMtZ2F0ZXdheS1zZXJ2aWNl.1","POST:/api/v1/cancelservice/cancel/b0575bca-3152-4af3-a1cf-a85d0aaee29b","UNKNOWN_TYPE","UNKNOWN_LAYER",1,1.0,0.0,0.0,0.0
"dHMtY2FuY2VsLXNlcnZpY2U=.1","POST:/api/v1/cancelservice/cancel/8aebb8c8-62e5-4ce8-85b1-79f4949f7fde","UNKNOWN_TYPE","UNKNOWN_LAYER",1,5.0,0.0,0.0,0.0
"dHMtY2FuY2VsLXNlcnZpY2U=.1","POST:/api/v1/cancelservice/cancel/ae3459f2-4882-49db-888e-e086cbb4079e","UNKNOWN_TYPE","UNKNOWN_LAYER",1,4.0,0.0,0.0,0.0
"dHMtY2FuY2VsLXNlcnZpY2U=.1","POST:/api/v1/cancelservice/cancel/9271930e-67be-4743-b32d-9701d467d0c2","UNKNOWN_TYPE","UNKNOWN_LAYER",1,4.0,0.0,0.0,0.0
"dHMtZ2F0ZXdheS1zZXJ2aWNl.1","POST:/api/v1/cancelservice/cancel/ac4833a3-8cd7-4738-8dca-5b6834314330","UNKNOWN_TYPE","UNKNOWN_LAYER",1,1.0,0.0,0.0,0.0
"dHMtY2FuY2VsLXNlcnZpY2U=.1","POST:/api/v1/cancelservice/cancel/ac4833a3-8cd7-4738-8dca-5b6834314330","UNKNOWN_TYPE","UNKNOWN_LAYER",1,4.0,0.0,0.0,0.0
"dHMtY2FuY2VsLXNlcnZpY2U=.1","POST:/api/v1/cancelservice/cancel/17f8f421-736c-4acc-bb20-71e83ccfcaba","UNKNOWN_TYPE","UNKNOWN_LAYER",1,4.0,0.0,0.0,0.0
"dHMtZ2F0ZXdheS1zZXJ2aWNl.1","POST:/api/v1/cancelservice/cancel/a4b77ea8-bc13-4fdc-8dd2-8487f663055a","UNKNOWN_TYPE","UNKNOWN_LAYER",1,1.0,0.0,0.0,0.0
"dHMtY2FuY2VsLXNlcnZpY2U=.1","POST:/api/v1/cancelservice/cancel/7ca512d5-8ef4-4758-be33-46a495f8f4ac","UNKNOWN_TYPE","UNKNOWN_LAYER",1,4.0,0.0,0.0,0.0
"dHMtZ2F0ZXdheS1zZXJ2aWNl.1","POST:/api/v1/cancelservice/cancel/c576d8ea-8ae9-4373-8bf8-fbbc665c8e15","UNKNOWN_TYPE","UNKNOWN_LAYER",1,1.0,0.0,0.0,0.0
"dHMtY2FuY2VsLXNlcnZpY2U=.1","POST:/api/v1/cancelservice/cancel/c576d8ea-8ae9-4373-8bf8-fbbc665c8e15","UNKNOWN_TYPE","UNKNOWN_LAYER",1,4.0,0.0,0.0,0.0
"dHMtZ2F0ZXdheS1zZXJ2aWNl.1","POST:/api/v1/cancelservice/cancel/e2375678-708f-4193-9e7f-d32161053a9c","UNKNOWN_TYPE","UNKNOWN_LAYER",1,1.0,0.0,0.0,0.0
"dHMtY2FuY2VsLXNlcnZpY2U=.1","POST:/api/v1/cancelservice/cancel/e2375678-708f-4193-9e7f-d32161053a9c","UNKNOWN_TYPE","UNKNOWN_LAYER",1,4.0,0.0,0.0,0.0
"dHMtY2FuY2VsLXNlcnZpY2U=.1","POST:/api/v1/cancelservice/cancel/f87e50ee-dc3d-44e2-8b0e-61aad5605645","UNKNOWN_TYPE","UNKNOWN_LAYER",1,5.0,0.0,0.0,0.0
"dHMtZ2F0ZXdheS1zZXJ2aWNl.1","POST:/api/v1/cancelservice/cancel/7d9d9b33-7247-43b8-9e73-fc601640a4b7","UNKNOWN_TYPE","UNKNOWN_LAYER",1,1.0,0.0,0.0,0.0
"dHMtY2FuY2VsLXNlcnZpY2U=.1","POST:/api/v1/cancelservice/cancel/253a7029-db7e-4733-ac66-d50a252a5d95","UNKNOWN_TYPE","UNKNOWN_LAYER",1,4.0,0.0,0.0,0.0
"dHMtY2FuY2VsLXNlcnZpY2U=.1","POST:/api/v1/cancelservice/cancel/812ef147-8724-4f89-a0f8-69e72a839e40","UNKNOWN_TYPE","UNKNOWN_LAYER",1,3.0,0.0,0.0,0.0
"dHMtZ2F0ZXdheS1zZXJ2aWNl.1","POST:/api/v1/cancelservice/cancel/52ad793a-6c72-4865-aafe-bca6c6c41c94","UNKNOWN_TYPE","UNKNOWN_LAYER",1,1.0,0.0,0.0,0.0
"dHMtY2FuY2VsLXNlcnZpY2U=.1","POST:/api/v1/cancelservice/cancel/f455c3bf-a72d-46df-a517-c8144c773191","UNKNOWN_TYPE","UNKNOWN_LAYER",1,4.0,0.0,0.0,0.0
"dHMtY2FuY2VsLXNlcnZpY2U=.1","POST:/api/v1/cancelservice/cancel/b1d96cab-feaa-4386-8d35-e5b5e4a0011e","UNKNOWN_TYPE","UNKNOWN_LAYER",1,3.0,0.0,0.0,0.0
"dHMtZ2F0ZXdheS1zZXJ2aWNl.1","POST:/api/v1/cancelservice/cancel/9d9fc69e-9ded-4a50-9ddf-d8d77c9177f6","UNKNOWN_TYPE","UNKNOWN_LAYER",1,1.0,0.0,0.0,0.0
"dHMtY2FuY2VsLXNlcnZpY2U=.1","POST:/api/v1/cancelservice/cancel/997a325a-3912-4cac-ab36-1af6b35e8273","UNKNOWN_TYPE","UNKNOWN_LAYER",1,3.0,0.0,0.0,0.0
"dHMtZ2F0ZXdheS1zZXJ2aWNl.1","POST:/api/v1/cancelservice/cancel/8808f5c9-db39-426f-9a1e-81affb270cca","UNKNOWN_TYPE","UNKNOWN_LAYER",1,2.0,0.0,0.0,0.0
"dHMtZ2F0ZXdheS1zZXJ2aWNl.1","POST:/api/v1/cancelservice/cancel/b3ed262d-b147-4acd-8205-a933a9857547","UNKNOWN_TYPE","UNKNOWN_LAYER",1,1.0,0.0,0.0,0.0
"dHMtY2FuY2VsLXNlcnZpY2U=.1","POST:/api/v1/cancelservice/cancel/9c4c17af-1273-4831-85c4-e91fa7efd533","UNKNOWN_TYPE","UNKNOWN_LAYER",1,5.0,0.0,0.0,0.0
"dHMtZ2F0ZXdheS1zZXJ2aWNl.1","POST:/api/v1/cancelservice/cancel/dd4bd5c5-4221-4dc9-9a48-baa18f227fd4","UNKNOWN_TYPE","UNKNOWN_LAYER",1,1.0,0.0,0.0,0.0
"dHMtZ2F0ZXdheS1zZXJ2aWNl.1","POST:/api/v1/cancelservice/cancel/64da939b-e845-4bd1-bd86-eaa605a4bdd0","UNKNOWN_TYPE","UNKNOWN_LAYER",1,1.0,0.0,0.0,0.0
"dHMtZ2F0ZXdheS1zZXJ2aWNl.1","POST:/api/v1/cancelservice/cancel/0716889c-d79b-41a9-92e3-5b522d221cbf","UNKNOWN_TYPE","UNKNOWN_LAYER",1,1.0,0.0,0.0,0.0
"dHMtZ2F0ZXdheS1zZXJ2aWNl.1","POST:/api/v1/cancelservice/cancel/d383fd53-4e58-40b2-8024-42270327b037","UNKNOWN_TYPE","UNKNOWN_LAYER",1,2.0,0.0,0.0,0.0
"dHMtY2FuY2VsLXNlcnZpY2U=.1","POST:/api/v1/cancelservice/cancel/4113f1e4-6bc8-4bd5-ae1c-36df2faff007","UNKNOWN_TYPE","UNKNOWN_LAYER",1,3.0,0.0,0.0,0.0
"dHMtZ2F0ZXdheS1zZXJ2aWNl.1","POST:/api/v1/cancelservice/cancel/4113f1e4-6bc8-4bd5-ae1c-36df2faff007","UNKNOWN_TYPE","UNKNOWN_LAYER",1,1.0,0.0,0.0,0.0
"dHMtY2FuY2VsLXNlcnZpY2U=.1","POST:/api/v1/cancelservice/cancel/3dc5c90e-96ee-41a0-aa37-5531f2604890","UNKNOWN_TYPE","UNKNOWN_LAYER",1,3.0,0.0,0.0,0.0
"dHMtY2FuY2VsLXNlcnZpY2U=.1","POST:/api/v1/cancelservice/cancel/844f161d-353e-4803-a306-1726dd33d88b","UNKNOWN_TYPE","UNKNOWN_LAYER",1,3.0,0.0,0.0,0.0
"dHMtY2FuY2VsLXNlcnZpY2U=.1","POST:/api/v1/cancelservice/cancel/cb95b872-25d2-42c6-8c11-3581db72f2cc","UNKNOWN_TYPE","UNKNOWN_LAYER",1,4.0,0.0,0.0,0.0
"dHMtY2FuY2VsLXNlcnZpY2U=.1","POST:/api/v1/cancelservice/cancel/79e0c677-8407-4fe4-9213-13b096b26dc4","UNKNOWN_TYPE","UNKNOWN_LAYER",1,4.0,0.0,0.0,0.0
"dHMtZ2F0ZXdheS1zZXJ2aWNl.1","POST:/api/v1/cancelservice/cancel/34e92726-3100-4deb-b6ec-ce77ee1c1c95","UNKNOWN_TYPE","UNKNOWN_LAYER",1,1.0,0.0,0.0,0.0
"dHMtY2FuY2VsLXNlcnZpY2U=.1","POST:/api/v1/cancelservice/cancel/21a8ed3c-dc39-4323-aa53-80530416574c","UNKNOWN_TYPE","UNKNOWN_LAYER",1,4.0,0.0,0.0,0.0
"dHMtZ2F0ZXdheS1zZXJ2aWNl.1","POST:/api/v1/cancelservice/cancel/393e38bb-5aae-4c7c-99bb-f77edb2c79d5","UNKNOWN_TYPE","UNKNOWN_LAYER",1,1.0,0.0,0.0,0.0
"dHMtZ2F0ZXdheS1zZXJ2aWNl.1","POST:/api/v1/cancelservice/cancel/8fd1e1cb-0339-4367-8c37-75d002904709","UNKNOWN_TYPE","UNKNOWN_LAYER",1,1.0,0.0,0.0,0.0
"dHMtZ2F0ZXdheS1zZXJ2aWNl.1","POST:/api/v1/cancelservice/cancel/dd5058d7-6c20-4872-a9f7-82e5e00b8f89","UNKNOWN_TYPE","UNKNOWN_LAYER",1,1.0,0.0,0.0,0.0
"dHMtY2FuY2VsLXNlcnZpY2U=.1","POST:/api/v1/cancelservice/cancel/736638cb-696f-4e53-adff-199525823d12","UNKNOWN_TYPE","UNKNOWN_LAYER",1,3.0,0.0,0.0,0.0
"dHMtZ2F0ZXdheS1zZXJ2aWNl.1","POST:/api/v1/cancelservice/cancel/736638cb-696f-4e53-adff-199525823d12","UNKNOWN_TYPE","UNKNOWN_LAYER",1,1.0,0.0,0.0,0.0
"dHMtZ2F0ZXdheS1zZXJ2aWNl.1","POST:/api/v1/cancelservice/cancel/bda229f2-c87e-4bf6-8c68-b19a8864f600","UNKNOWN_TYPE","UNKNOWN_LAYER",1,1.0,0.0,0.0,0.0
"dHMtY2FuY2VsLXNlcnZpY2U=.1","POST:/api/v1/cancelservice/cancel/3ad01339-f153-4007-8432-9825f5c875e7","UNKNOWN_TYPE","UNKNOWN_LAYER",1,3.0,0.0,0.0,0.0
"dHMtY2FuY2VsLXNlcnZpY2U=.1","POST:/api/v1/cancelservice/cancel/609611f3-a215-4fab-9993-40c2d12aef6c","UNKNOWN_TYPE","UNKNOWN_LAYER",1,3.0,0.0,0.0,0.0
"dHMtZ2F0ZXdheS1zZXJ2aWNl.1","POST:/api/v1/cancelservice/cancel/609611f3-a215-4fab-9993-40c2d12aef6c","UNKNOWN_TYPE","UNKNOWN_LAYER",1,1.0,0.0,0.0,0.0
"dHMtZ2F0ZXdheS1zZXJ2aWNl.1","POST:/api/v1/cancelservice/cancel/2b3c885e-09dc-4f51-832c-ddfaa9e8294b","UNKNOWN_TYPE","UNKNOWN_LAYER",1,1.0,0.0,0.0,0.0
"dHMtZ2F0ZXdheS1zZXJ2aWNl.1","POST:/api/v1/cancelservice/cancel/dd638d3d-094f-4ce4-b0d0-2cdf1bda9e06","UNKNOWN_TYPE","UNKNOWN_LAYER",1,1.0,0.0,0.0,0.0
"dHMtY2FuY2VsLXNlcnZpY2U=.1","POST:/api/v1/cancelservice/cancel/cb341df0-9093-44c4-ac1b-6e06e539328d","UNKNOWN_TYPE","UNKNOWN_LAYER",1,3.0,0.0,0.0,0.0
"dHMtZ2F0ZXdheS1zZXJ2aWNl.1","POST:/api/v1/cancelservice/cancel/caa6282a-14e2-4d09-9f6c-17abcfc51a63","UNKNOWN_TYPE","UNKNOWN_LAYER",1,1.0,0.0,0.0,0.0
"dHMtZ2F0ZXdheS1zZXJ2aWNl.1","POST:/api/v1/cancelservice/cancel/f75ccfa8-cf69-4591-b12c-8f0b35aff4fc","UNKNOWN_TYPE","UNKNOWN_LAYER",1,1.0,0.0,0.0,0.0
"dHMtZ2F0ZXdheS1zZXJ2aWNl.1","POST:/api/v1/cancelservice/cancel/132e0809-4d03-4f2c-b7d7-71571199b3e4","UNKNOWN_TYPE","UNKNOWN_LAYER",1,0.0,0.0,0.0,0.0
"dHMtY2FuY2VsLXNlcnZpY2U=.1","POST:/api/v1/cancelservice/cancel/bd0c6342-371d-4caa-94fd-7ea688f48192","UNKNOWN_TYPE","UNKNOWN_LAYER",1,4.0,0.0,0.0,0.0
"dHMtY2FuY2VsLXNlcnZpY2U=.1","POST:/api/v1/cancelservice/cancel/828910b0-2673-4187-96a9-40d7816fef9b","UNKNOWN_TYPE","UNKNOWN_LAYER",1,4.0,0.0,0.0,0.0
"dHMtZ2F0ZXdheS1zZXJ2aWNl.1","POST:/api/v1/cancelservice/cancel/c7ff992f-8dfc-4c2c-ade8-acab7f57db1d","UNKNOWN_TYPE","UNKNOWN_LAYER",1,1.0,0.0,0.0,0.0
"dHMtY2FuY2VsLXNlcnZpY2U=.1","POST:/api/v1/cancelservice/cancel/c7ff992f-8dfc-4c2c-ade8-acab7f57db1d","UNKNOWN_TYPE","UNKNOWN_LAYER",1,4.0,0.0,0.0,0.0
"dHMtY2FuY2VsLXNlcnZpY2U=.1","POST:/api/v1/cancelservice/cancel/072e79c0-103d-4a88-b49b-a06140205c70","UNKNOWN_TYPE","UNKNOWN_LAYER",1,4.0,0.0,0.0,0.0
"dHMtY2FuY2VsLXNlcnZpY2U=.1","POST:/api/v1/cancelservice/cancel/83a2df4d-5d93-4542-b4ec-424227cc147d","UNKNOWN_TYPE","UNKNOWN_LAYER",1,3.0,0.0,0.0,0.0
"dHMtY2FuY2VsLXNlcnZpY2U=.1","POST:/api/v1/cancelservice/cancel/8d7c4cfd-60d2-412a-8630-00b7720b4525","UNKNOWN_TYPE","UNKNOWN_LAYER",1,3.0,0.0,0.0,0.0
"dHMtY2FuY2VsLXNlcnZpY2U=.1","POST:/api/v1/cancelservice/cancel/5d37f02e-e099-4691-8f35-6de871b7d6ce","UNKNOWN_TYPE","UNKNOWN_LAYER",1,4.0,0.0,0.0,0.0
"dHMtZ2F0ZXdheS1zZXJ2aWNl.1","POST:/api/v1/cancelservice/cancel/9fbc33a0-0f26-4c4d-a77b-445092313d4b","UNKNOWN_TYPE","UNKNOWN_LAYER",1,1.0,0.0,0.0,0.0
"dHMtY2FuY2VsLXNlcnZpY2U=.1","POST:/api/v1/cancelservice/cancel/a5dbeeb0-0d15-4432-950e-2ea295f1c794","UNKNOWN_TYPE","UNKNOWN_LAYER",1,3.0,0.0,0.0,0.0
"dHMtZ2F0ZXdheS1zZXJ2aWNl.1","POST:/api/v1/cancelservice/cancel/9f7b2251-10c1-4db3-9ae9-47acb032e4db","UNKNOWN_TYPE","UNKNOWN_LAYER",1,1.0,0.0,0.0,0.0
"dHMtZ2F0ZXdheS1zZXJ2aWNl.1","POST:/api/v1/cancelservice/cancel/3173142c-b8ca-4ca5-8646-e96d7a017583","UNKNOWN_TYPE","UNKNOWN_LAYER",1,1.0,0.0,0.0,0.0
"dHMtZ2F0ZXdheS1zZXJ2aWNl.1","POST:/api/v1/cancelservice/cancel/72079e90-2aaf-431f-8718-bf1253c22ba5","UNKNOWN_TYPE","UNKNOWN_LAYER",1,0.0,0.0,0.0,0.0
"dHMtZ2F0ZXdheS1zZXJ2aWNl.1","POST:/api/v1/cancelservice/cancel/30933774-5812-4b38-9d39-b9de48c7fe2f","UNKNOWN_TYPE","UNKNOWN_LAYER",1,1.0,0.0,0.0,0.0
"dHMtY2FuY2VsLXNlcnZpY2U=.1","POST:/api/v1/cancelservice/cancel/87eb33ad-ecd1-41c3-8bfd-c015bc9367dc","UNKNOWN_TYPE","UNKNOWN_LAYER",1,3.0,0.0,0.0,0.0
"dHMtZ2F0ZXdheS1zZXJ2aWNl.1","POST:/api/v1/cancelservice/cancel/70ab2e01-5e64-4342-b3eb-001fb7ccf6a0","UNKNOWN_TYPE","UNKNOWN_LAYER",1,1.0,0.0,0.0,0.0
"dHMtY2FuY2VsLXNlcnZpY2U=.1","POST:/api/v1/cancelservice/cancel/049e1400-b46b-4327-b8a2-90831db5f5c7","UNKNOWN_TYPE","UNKNOWN_LAYER",1,3.0,0.0,0.0,0.0
"dHMtZ2F0ZXdheS1zZXJ2aWNl.1","POST:/api/v1/cancelservice/cancel/049e1400-b46b-4327-b8a2-90831db5f5c7","UNKNOWN_TYPE","UNKNOWN_LAYER",1,1.0,0.0,0.0,0.0
"dHMtZ2F0ZXdheS1zZXJ2aWNl.1","POST:/api/v1/cancelservice/cancel/237131e0-1bae-4e09-996a-8e79e568faa0","UNKNOWN_TYPE","UNKNOWN_LAYER",1,1.0,0.0,0.0,0.0
"dHMtY2FuY2VsLXNlcnZpY2U=.1","POST:/api/v1/cancelservice/cancel/fcfc5a04-acc9-4961-8980-9f80be2f0635","UNKNOWN_TYPE","UNKNOWN_LAYER",1,3.0,0.0,0.0,0.0
"dHMtY2FuY2VsLXNlcnZpY2U=.1","POST:/api/v1/cancelservice/cancel/49016e0f-ae9e-4f3c-9e83-d83b01aa8eb9","UNKNOWN_TYPE","UNKNOWN_LAYER",1,6.0,0.0,0.0,0.0
"dHMtZ2F0ZXdheS1zZXJ2aWNl.1","POST:/api/v1/cancelservice/cancel/b8b74f07-139e-4429-9c8b-649d6a5496b7","UNKNOWN_TYPE","UNKNOWN_LAYER",1,1.0,0.0,0.0,0.0
"dHMtY2FuY2VsLXNlcnZpY2U=.1","POST:/api/v1/cancelservice/cancel/ba7fb017-3780-4683-a1ef-f9edaf6a9809","UNKNOWN_TYPE","UNKNOWN_LAYER",1,3.0,0.0,0.0,0.0
"dHMtY2FuY2VsLXNlcnZpY2U=.1","POST:/api/v1/cancelservice/cancel/7e453e09-2767-426c-a41b-66799453c9c7","UNKNOWN_TYPE","UNKNOWN_LAYER",1,3.0,0.0,0.0,0.0
"dHMtZ2F0ZXdheS1zZXJ2aWNl.1","POST:/api/v1/cancelservice/cancel/93039e11-a489-4418-9de9-af7d14463219","UNKNOWN_TYPE","UNKNOWN_LAYER",1,1.0,0.0,0.0,0.0
"dHMtY2FuY2VsLXNlcnZpY2U=.1","POST:/api/v1/cancelservice/cancel/ccb8c485-8ce3-4b6e-849f-b4bef41752e1","UNKNOWN_TYPE","UNKNOWN_LAYER",1,4.0,0.0,0.0,0.0
"dHMtY2FuY2VsLXNlcnZpY2U=.1","POST:/api/v1/cancelservice/cancel/fc0f095c-e1a0-47d4-8d95-d7bd22890bda","UNKNOWN_TYPE","UNKNOWN_LAYER",1,3.0,0.0,0.0,0.0
"dHMtZ2F0ZXdheS1zZXJ2aWNl.1","POST:/api/v1/cancelservice/cancel/8a0c3901-7dd5-4486-a57d-5c87f8ae446b","UNKNOWN_TYPE","UNKNOWN_LAYER",1,1.0,0.0,0.0,0.0
"dHMtY2FuY2VsLXNlcnZpY2U=.1","POST:/api/v1/cancelservice/cancel/8a0c3901-7dd5-4486-a57d-5c87f8ae446b","UNKNOWN_TYPE","UNKNOWN_LAYER",1,4.0,0.0,0.0,0.0
"dHMtY2FuY2VsLXNlcnZpY2U=.1","POST:/api/v1/cancelservice/cancel/4e2c8368-ceec-4250-a36a-d467f2224440","UNKNOWN_TYPE","UNKNOWN_LAYER",1,3.0,0.0,0.0,0.0
"dHMtY2FuY2VsLXNlcnZpY2U=.1","POST:/api/v1/cancelservice/cancel/ac2a89a8-76da-45c5-83b3-00c91c1ee7fc","UNKNOWN_TYPE","UNKNOWN_LAYER",1,3.0,0.0,0.0,0.0
"dHMtZ2F0ZXdheS1zZXJ2aWNl.1","POST:/api/v1/cancelservice/cancel/3a1c0ab5-38f9-413e-8571-99efd13eb5d9","UNKNOWN_TYPE","UNKNOWN_LAYER",1,1.0,0.0,0.0,0.0
"dHMtY2FuY2VsLXNlcnZpY2U=.1","POST:/api/v1/cancelservice/cancel/41b143f5-2489-4e85-baa2-9bd4bb001baa","UNKNOWN_TYPE","UNKNOWN_LAYER",1,4.0,0.0,0.0,0.0
"dHMtZ2F0ZXdheS1zZXJ2aWNl.1","POST:/api/v1/cancelservice/cancel/8b767410-0769-45da-aed7-fabde1f3ceb1","UNKNOWN_TYPE","UNKNOWN_LAYER",1,1.0,0.0,0.0,0.0
"dHMtY2FuY2VsLXNlcnZpY2U=.1","POST:/api/v1/cancelservice/cancel/250b3509-694f-4363-ba8c-bcaa168ba015","UNKNOWN_TYPE","UNKNOWN_LAYER",1,4.0,0.0,0.0,0.0
"dHMtZ2F0ZXdheS1zZXJ2aWNl.1","POST:/api/v1/cancelservice/cancel/dc321b35-6c8b-4b04-bf92-ba491e4c9111","UNKNOWN_TYPE","UNKNOWN_LAYER",1,1.0,0.0,0.0,0.0
"dHMtY2FuY2VsLXNlcnZpY2U=.1","POST:/api/v1/cancelservice/cancel/81e54fef-1199-4b7c-b927-ce70e2e83d59","UNKNOWN_TYPE","UNKNOWN_LAYER",1,2.0,0.0,0.0,0.0
"dHMtZ2F0ZXdheS1zZXJ2aWNl.1","POST:/api/v1/cancelservice/cancel/9b043b77-1dec-4cc5-b908-fd251af01bae","UNKNOWN_TYPE","UNKNOWN_LAYER",1,0.0,0.0,0.0,0.0
"dHMtY2FuY2VsLXNlcnZpY2U=.1","POST:/api/v1/cancelservice/cancel/031d4eb2-4de1-4b41-bdfc-be1762974cfc","UNKNOWN_TYPE","UNKNOWN_LAYER",1,3.0,0.0,0.0,0.0
"dHMtY2FuY2VsLXNlcnZpY2U=.1","POST:/api/v1/cancelservice/cancel/46ee66e4-41ec-441e-9b13-8aacb3cd4a65","UNKNOWN_TYPE","UNKNOWN_LAYER",1,3.0,0.0,0.0,0.0
"dHMtY2FuY2VsLXNlcnZpY2U=.1","POST:/api/v1/cancelservice/cancel/c88b7e76-97cc-4a2a-bb15-9f885f71285f","UNKNOWN_TYPE","UNKNOWN_LAYER",1,3.0,0.0,0.0,0.0
"dHMtZ2F0ZXdheS1zZXJ2aWNl.1","POST:/api/v1/cancelservice/cancel/998fc249-7a01-404b-8d73-961a9da0794b","UNKNOWN_TYPE","UNKNOWN_LAYER",1,1.0,0.0,0.0,0.0
"dHMtY2FuY2VsLXNlcnZpY2U=.1","POST:/api/v1/cancelservice/cancel/cda6041b-b72d-4cc0-9b85-e49a7a0f7243","UNKNOWN_TYPE","UNKNOWN_LAYER",1,3.0,0.0,0.0,0.0
"dHMtY2FuY2VsLXNlcnZpY2U=.1","POST:/api/v1/cancelservice/cancel/9c880e45-cba0-4e54-8c30-c2798ae5c213","UNKNOWN_TYPE","UNKNOWN_LAYER",1,3.0,0.0,0.0,0.0
"dHMtZ2F0ZXdheS1zZXJ2aWNl.1","POST:/api/v1/cancelservice/cancel/2572840f-081d-4a93-8794-1573581a9d2d","UNKNOWN_TYPE","UNKNOWN_LAYER",1,1.0,0.0,0.0,0.0
"dHMtZ2F0ZXdheS1zZXJ2aWNl.1","POST:/api/v1/cancelservice/cancel/1a09faa6-0247-4f70-923d-d92c91f63a65","UNKNOWN_TYPE","UNKNOWN_LAYER",1,1.0,0.0,0.0,0.0
"dHMtZ2F0ZXdheS1zZXJ2aWNl.1","POST:/api/v1/cancelservice/cancel/45950280-5c1d-480c-8ba8-a6936bdfad5f","UNKNOWN_TYPE","UNKNOWN_LAYER",1,0.0,0.0,0.0,0.0
"dHMtY2FuY2VsLXNlcnZpY2U=.1","POST:/api/v1/cancelservice/cancel/1d0668cd-9c56-42aa-8ab9-29bfda4f230b","UNKNOWN_TYPE","UNKNOWN_LAYER",1,3.0,0.0,0.0,0.0
"dHMtZ2F0ZXdheS1zZXJ2aWNl.1","POST:/api/v1/cancelservice/cancel/4291b310-03b3-4e1d-8916-90f6c0ad82b6","UNKNOWN_TYPE","UNKNOWN_LAYER",1,1.0,0.0,0.0,0.0
"dHMtY2FuY2VsLXNlcnZpY2U=.1","POST:/api/v1/cancelservice/cancel/604929a5-3c1e-45c9-b681-19c6e4683b0d","UNKNOWN_TYPE","UNKNOWN_LAYER",1,3.0,0.0,0.0,0.0
"dHMtY2FuY2VsLXNlcnZpY2U=.1","POST:/api/v1/cancelservice/cancel/6b0f9a2e-6ed6-4714-bcf5-d802128eefdc","UNKNOWN_TYPE","UNKNOWN_LAYER",1,3.0,0.0,0.0,0.0
"dHMtZ2F0ZXdheS1zZXJ2aWNl.1","POST:/api/v1/cancelservice/cancel/7e136359-b005-4691-8ca2-8ea528a2206c","UNKNOWN_TYPE","UNKNOWN_LAYER",1,1.0,0.0,0.0,0.0
"dHMtY2FuY2VsLXNlcnZpY2U=.1","POST:/api/v1/cancelservice/cancel/342ba056-f030-4540-b2ba-bb0cc2ec5596","UNKNOWN_TYPE","UNKNOWN_LAYER",1,3.0,0.0,0.0,0.0
"dHMtZ2F0ZXdheS1zZXJ2aWNl.1","POST:/api/v1/cancelservice/cancel/9d220ffa-1eb6-4fa5-be49-69a0814c99aa","UNKNOWN_TYPE","UNKNOWN_LAYER",1,0.0,0.0,0.0,0.0
"dHMtZ2F0ZXdheS1zZXJ2aWNl.1","POST:/api/v1/cancelservice/cancel/73afdb67-55d5-49a0-b38e-6ae98b9e772a","UNKNOWN_TYPE","UNKNOWN_LAYER",1,1.0,0.0,0.0,0.0
"dHMtZ2F0ZXdheS1zZXJ2aWNl.1","POST:/api/v1/cancelservice/cancel/2403ca00-c372-45c9-88d9-cbcc39422a37","UNKNOWN_TYPE","UNKNOWN_LAYER",1,1.0,0.0,0.0,0.0
"dHMtY2FuY2VsLXNlcnZpY2U=.1","POST:/api/v1/cancelservice/cancel/d50f479b-9b27-4954-ad25-e3a6e03c50e2","UNKNOWN_TYPE","UNKNOWN_LAYER",1,2.0,0.0,0.0,0.0
"dHMtY2FuY2VsLXNlcnZpY2U=.1","POST:/api/v1/cancelservice/cancel/b5b593b0-ef64-4d70-a030-7ded68f6b265","UNKNOWN_TYPE","UNKNOWN_LAYER",1,3.0,0.0,0.0,0.0
"dHMtY2FuY2VsLXNlcnZpY2U=.1","POST:/api/v1/cancelservice/cancel/1b9e4527-0a2f-4a31-9c57-86de1a919034","UNKNOWN_TYPE","UNKNOWN_LAYER",1,4.0,0.0,0.0,0.0
"dHMtZ2F0ZXdheS1zZXJ2aWNl.1","POST:/api/v1/cancelservice/cancel/1b9e4527-0a2f-4a31-9c57-86de1a919034","UNKNOWN_TYPE","UNKNOWN_LAYER",1,1.0,0.0,0.0,0.0
"dHMtZ2F0ZXdheS1zZXJ2aWNl.1","POST:/api/v1/cancelservice/cancel/356819fd-cbc7-4f92-81d8-b102787b21c6","UNKNOWN_TYPE","UNKNOWN_LAYER",1,1.0,0.0,0.0,0.0
"dHMtZ2F0ZXdheS1zZXJ2aWNl.1","POST:/api/v1/cancelservice/cancel/2a85f901-3f12-4b69-b386-33b692ce18f2","UNKNOWN_TYPE","UNKNOWN_LAYER",1,1.0,0.0,0.0,0.0
"dHMtZ2F0ZXdheS1zZXJ2aWNl.1","POST:/api/v1/cancelservice/cancel/d5601dbc-bdfc-4e18-8a39-ef2107862617","UNKNOWN_TYPE","UNKNOWN_LAYER",1,2.0,0.0,0.0,0.0
"dHMtY2FuY2VsLXNlcnZpY2U=.1","POST:/api/v1/cancelservice/cancel/d5601dbc-bdfc-4e18-8a39-ef2107862617","UNKNOWN_TYPE","UNKNOWN_LAYER",1,6.0,0.0,0.0,0.0
"dHMtZ2F0ZXdheS1zZXJ2aWNl.1","POST:/api/v1/cancelservice/cancel/d86cb267-2a77-4fd3-8ab0-17176f5acbe6","UNKNOWN_TYPE","UNKNOWN_LAYER",1,1.0,0.0,0.0,0.0
"dHMtZ2F0ZXdheS1zZXJ2aWNl.1","POST:/api/v1/cancelservice/cancel/7483a083-1d15-40ff-8ba0-b8003e8b17b1","UNKNOWN_TYPE","UNKNOWN_LAYER",1,1.0,0.0,0.0,0.0
"dHMtZ2F0ZXdheS1zZXJ2aWNl.1","POST:/api/v1/cancelservice/cancel/25bb6dfe-2442-456b-a025-6a61894c91f7","UNKNOWN_TYPE","UNKNOWN_LAYER",1,1.0,0.0,0.0,0.0
"dHMtZ2F0ZXdheS1zZXJ2aWNl.1","POST:/api/v1/cancelservice/cancel/4990b4be-41cf-44a4-9b3b-250c51bb3345","UNKNOWN_TYPE","UNKNOWN_LAYER",1,2.0,0.0,0.0,0.0
"dHMtY2FuY2VsLXNlcnZpY2U=.1","POST:/api/v1/cancelservice/cancel/4990b4be-41cf-44a4-9b3b-250c51bb3345","UNKNOWN_TYPE","UNKNOWN_LAYER",1,5.0,0.0,0.0,0.0
"dHMtZ2F0ZXdheS1zZXJ2aWNl.1","POST:/api/v1/cancelservice/cancel/49f7cb31-bfa1-4d59-baa8-21f6a22fa355","UNKNOWN_TYPE","UNKNOWN_LAYER",1,2.0,0.0,0.0,0.0
"dHMtY2FuY2VsLXNlcnZpY2U=.1","POST:/api/v1/cancelservice/cancel/53db93c7-e7a1-4ff7-89c1-00fdbff2a43a","UNKNOWN_TYPE","UNKNOWN_LAYER",1,5.0,0.0,0.0,0.0
"dHMtZ2F0ZXdheS1zZXJ2aWNl.1","POST:/api/v1/cancelservice/cancel/d1a9299c-3c7b-40b5-af46-453a7b96ee4f","UNKNOWN_TYPE","UNKNOWN_LAYER",1,1.0,0.0,0.0,0.0
"dHMtY2FuY2VsLXNlcnZpY2U=.1","POST:/api/v1/cancelservice/cancel/43284aaa-d199-498d-a595-88a581f8cb46","UNKNOWN_TYPE","UNKNOWN_LAYER",1,6.0,0.0,0.0,0.0
"dHMtY2FuY2VsLXNlcnZpY2U=.1","POST:/api/v1/cancelservice/cancel/e2b0a0d9-f911-4a65-b571-78478a4454f1","UNKNOWN_TYPE","UNKNOWN_LAYER",1,11.0,0.0,0.0,0.0
"dHMtZ2F0ZXdheS1zZXJ2aWNl.1","POST:/api/v1/cancelservice/cancel/e159a178-138c-4eac-b396-cc337d867749","UNKNOWN_TYPE","UNKNOWN_LAYER",1,2.0,0.0,0.0,0.0
"dHMtY2FuY2VsLXNlcnZpY2U=.1","POST:/api/v1/cancelservice/cancel/9858b919-8b6c-45ca-b071-2681b532c46c","UNKNOWN_TYPE","UNKNOWN_LAYER",1,10.0,0.0,0.0,0.0
"dHMtY2FuY2VsLXNlcnZpY2U=.1","POST:/api/v1/cancelservice/cancel/56327c52-4bc8-413f-ae3b-123786688b29","UNKNOWN_TYPE","UNKNOWN_LAYER",1,10.0,0.0,0.0,0.0
"dHMtZ2F0ZXdheS1zZXJ2aWNl.1","POST:/api/v1/cancelservice/cancel/e7c50fdb-c071-4408-8c54-6e955f50d0ff","UNKNOWN_TYPE","UNKNOWN_LAYER",1,2.0,0.0,0.0,0.0
"dHMtZ2F0ZXdheS1zZXJ2aWNl.1","POST:/api/v1/cancelservice/cancel/04b8850a-af97-4476-b099-bee2815e4b60","UNKNOWN_TYPE","UNKNOWN_LAYER",1,2.0,0.0,0.0,0.0
"dHMtY2FuY2VsLXNlcnZpY2U=.1","POST:/api/v1/cancelservice/cancel/55c69a56-23e1-4849-bb17-1e8f08203b5b","UNKNOWN_TYPE","UNKNOWN_LAYER",1,9.0,0.0,0.0,0.0
"dHMtZ2F0ZXdheS1zZXJ2aWNl.1","POST:/api/v1/cancelservice/cancel/44a386e3-817e-4567-9524-27833a982c9a","UNKNOWN_TYPE","UNKNOWN_LAYER",1,2.0,0.0,0.0,0.0
"dHMtY2FuY2VsLXNlcnZpY2U=.1","POST:/api/v1/cancelservice/cancel/0b7c4efe-956e-43d5-9a36-4ccf3123c0db","UNKNOWN_TYPE","UNKNOWN_LAYER",1,7.0,0.0,0.0,0.0
"dHMtZ2F0ZXdheS1zZXJ2aWNl.1","POST:/api/v1/cancelservice/cancel/cb67376d-9673-4cee-8139-0df3a916349f","UNKNOWN_TYPE","UNKNOWN_LAYER",1,2.0,0.0,0.0,0.0
"dHMtY2FuY2VsLXNlcnZpY2U=.1","POST:/api/v1/cancelservice/cancel/109218d2-f514-4ef4-ab2b-4f961fb94ad8","UNKNOWN_TYPE","UNKNOWN_LAYER",1,5.0,0.0,0.0,0.0
"dHMtZ2F0ZXdheS1zZXJ2aWNl.1","POST:/api/v1/cancelservice/cancel/d3908f82-5620-4802-9867-92e0036b7a60","UNKNOWN_TYPE","UNKNOWN_LAYER",1,2.0,0.0,0.0,0.0
"dHMtY2FuY2VsLXNlcnZpY2U=.1","POST:/api/v1/cancelservice/cancel/d3908f82-5620-4802-9867-92e0036b7a60","UNKNOWN_TYPE","UNKNOWN_LAYER",1,15.0,0.0,0.0,0.0
"dHMtZ2F0ZXdheS1zZXJ2aWNl.1","POST:/api/v1/cancelservice/cancel/0ce1984a-851c-41fc-b74b-fb508ceae6ff","UNKNOWN_TYPE","UNKNOWN_LAYER",1,2.0,0.0,0.0,0.0
"dHMtZ2F0ZXdheS1zZXJ2aWNl.1","POST:/api/v1/cancelservice/cancel/5372bf6b-f9dc-4562-856b-071bb92157a5","UNKNOWN_TYPE","UNKNOWN_LAYER",1,2.0,0.0,0.0,0.0
"dHMtZ2F0ZXdheS1zZXJ2aWNl.1","POST:/api/v1/cancelservice/cancel/e2449bbc-779c-420b-9c10-d0d5f3bfda8a","UNKNOWN_TYPE","UNKNOWN_LAYER",1,2.0,0.0,0.0,0.0
"dHMtZ2F0ZXdheS1zZXJ2aWNl.1","POST:/api/v1/cancelservice/cancel/c2815f2f-8c45-4226-ba66-1ec2b96831cc","UNKNOWN_TYPE","UNKNOWN_LAYER",1,2.0,0.0,0.0,0.0
"dHMtZ2F0ZXdheS1zZXJ2aWNl.1","POST:/api/v1/cancelservice/cancel/bdbe8e98-6139-41e3-938e-f26b80f82245","UNKNOWN_TYPE","UNKNOWN_LAYER",1,2.0,0.0,0.0,0.0
"dHMtZ2F0ZXdheS1zZXJ2aWNl.1","POST:/api/v1/cancelservice/cancel/703f7ab5-99b5-4af1-a6c7-5eca258625f1","UNKNOWN_TYPE","UNKNOWN_LAYER",1,2.0,0.0,0.0,0.0
"dHMtY2FuY2VsLXNlcnZpY2U=.1","POST:/api/v1/cancelservice/cancel/3d0041b6-fd5d-4454-82e6-de58b79eaab1","UNKNOWN_TYPE","UNKNOWN_LAYER",1,5.0,0.0,0.0,0.0
"dHMtY2FuY2VsLXNlcnZpY2U=.1","POST:/api/v1/cancelservice/cancel/4aa4b642-9771-4495-96e9-17cd05e5789c","UNKNOWN_TYPE","UNKNOWN_LAYER",1,200.0,0.0,0.0,0.0
"dHMtY2FuY2VsLXNlcnZpY2U=.1","POST:/api/v1/cancelservice/cancel/621ce0fa-ccdd-4fc0-bed9-2208f703a754","UNKNOWN_TYPE","UNKNOWN_LAYER",1,4.0,0.0,0.0,0.0
"dHMtZ2F0ZXdheS1zZXJ2aWNl.1","POST:/api/v1/cancelservice/cancel/f143f5f7-b5c2-4f36-bb24-80a3a1af50de","UNKNOWN_TYPE","UNKNOWN_LAYER",1,2.0,0.0,0.0,0.0
"dHMtY2FuY2VsLXNlcnZpY2U=.1","POST:/api/v1/cancelservice/cancel/276fb4f5-b19f-4954-84b0-c5d6c73fad23","UNKNOWN_TYPE","UNKNOWN_LAYER",1,4.0,0.0,0.0,0.0
"dHMtY2FuY2VsLXNlcnZpY2U=.1","POST:/api/v1/cancelservice/cancel/56aa878b-5742-4213-b556-1bf7d321113a","UNKNOWN_TYPE","UNKNOWN_LAYER",1,4.0,0.0,0.0,0.0
"dHMtZ2F0ZXdheS1zZXJ2aWNl.1","POST:/api/v1/cancelservice/cancel/b3a2f994-716f-436b-ab3a-2d04519c58f8","UNKNOWN_TYPE","UNKNOWN_LAYER",1,1.0,0.0,0.0,0.0
"dHMtZ2F0ZXdheS1zZXJ2aWNl.1","POST:/api/v1/cancelservice/cancel/a8fe91fd-df48-4772-ba57-0e27f7558137","UNKNOWN_TYPE","UNKNOWN_LAYER",1,3.0,0.0,0.0,0.0
"dHMtZ2F0ZXdheS1zZXJ2aWNl.1","POST:/api/v1/cancelservice/cancel/7e335160-0cfb-4999-a4a7-f4ee7a200429","UNKNOWN_TYPE","UNKNOWN_LAYER",1,4.0,0.0,0.0,0.0
"dHMtY2FuY2VsLXNlcnZpY2U=.1","POST:/api/v1/cancelservice/cancel/77ad55b1-95af-41ea-94b3-561a51f5ca9d","UNKNOWN_TYPE","UNKNOWN_LAYER",1,6.0,0.0,0.0,0.0
"dHMtY2FuY2VsLXNlcnZpY2U=.1","POST:/api/v1/cancelservice/cancel/15e08b85-3241-41da-8cac-991e7f1222d7","UNKNOWN_TYPE","UNKNOWN_LAYER",1,6.0,0.0,0.0,0.0
"dHMtZ2F0ZXdheS1zZXJ2aWNl.1","POST:/api/v1/cancelservice/cancel/1e4ba57f-65c8-4336-9bf2-d6f9cf41d093","UNKNOWN_TYPE","UNKNOWN_LAYER",1,3.0,0.0,0.0,0.0
"dHMtZ2F0ZXdheS1zZXJ2aWNl.1","POST:/api/v1/cancelservice/cancel/61edddb8-3489-4c1b-b74b-6c786a59c75d","UNKNOWN_TYPE","UNKNOWN_LAYER",1,2.0,0.0,0.0,0.0
"dHMtZ2F0ZXdheS1zZXJ2aWNl.1","POST:/api/v1/cancelservice/cancel/599475ec-96c5-4823-8474-6e00de529c1e","UNKNOWN_TYPE","UNKNOWN_LAYER",1,2.0,0.0,0.0,0.0
"dHMtZ2F0ZXdheS1zZXJ2aWNl.1","POST:/api/v1/cancelservice/cancel/87c22ac3-8de8-4682-a3ca-1c598c538cdb","UNKNOWN_TYPE","UNKNOWN_LAYER",1,2.0,0.0,0.0,0.0
"dHMtZ2F0ZXdheS1zZXJ2aWNl.1","POST:/api/v1/cancelservice/cancel/241bba56-d10e-427f-8755-75ead39c2a8b","UNKNOWN_TYPE","UNKNOWN_LAYER",1,2.0,0.0,0.0,0.0
"dHMtZ2F0ZXdheS1zZXJ2aWNl.1","POST:/api/v1/cancelservice/cancel/9fc2b5a1-bb0e-4379-9a67-698157431bcc","UNKNOWN_TYPE","UNKNOWN_LAYER",1,2.0,0.0,0.0,0.0
"dHMtZ2F0ZXdheS1zZXJ2aWNl.1","POST:/api/v1/cancelservice/cancel/926db11b-a4d0-4cfe-8c99-d3deb3f55cde","UNKNOWN_TYPE","UNKNOWN_LAYER",1,2.0,0.0,0.0,0.0
"dHMtY2FuY2VsLXNlcnZpY2U=.1","POST:/api/v1/cancelservice/cancel/926db11b-a4d0-4cfe-8c99-d3deb3f55cde","UNKNOWN_TYPE","UNKNOWN_LAYER",1,4.0,0.0,0.0,0.0
"dHMtY2FuY2VsLXNlcnZpY2U=.1","POST:/api/v1/cancelservice/cancel/0fb04eeb-46b0-4ea7-b87d-8f1b5f768bbd","UNKNOWN_TYPE","UNKNOWN_LAYER",1,4.0,0.0,0.0,0.0
"dHMtZ2F0ZXdheS1zZXJ2aWNl.1","POST:/api/v1/cancelservice/cancel/99c8e92a-868e-4405-b228-fdd0613db282","UNKNOWN_TYPE","UNKNOWN_LAYER",1,2.0,0.0,0.0,0.0
"dHMtY2FuY2VsLXNlcnZpY2U=.1","POST:/api/v1/cancelservice/cancel/e9c5b97f-fc9d-4b9c-848f-8c99235d8ad3","UNKNOWN_TYPE","UNKNOWN_LAYER",1,8.0,0.0,0.0,0.0
"dHMtZ2F0ZXdheS1zZXJ2aWNl.1","POST:/api/v1/cancelservice/cancel/e3156032-eefa-4f13-9f27-f6f62127c587","UNKNOWN_TYPE","UNKNOWN_LAYER",1,1.0,0.0,0.0,0.0
"dHMtZ2F0ZXdheS1zZXJ2aWNl.1","POST:/api/v1/cancelservice/cancel/69d77882-1096-426b-ba72-94f6d3c27f9f","UNKNOWN_TYPE","UNKNOWN_LAYER",1,2.0,0.0,0.0,0.0
"dHMtY2FuY2VsLXNlcnZpY2U=.1","POST:/api/v1/cancelservice/cancel/8ce7ab52-8e9d-4089-9af3-941326a262bb","UNKNOWN_TYPE","UNKNOWN_LAYER",1,7.0,0.0,0.0,0.0
"dHMtY2FuY2VsLXNlcnZpY2U=.1","POST:/api/v1/cancelservice/cancel/96c68446-5fdf-45b5-91cb-81ae2473157d","UNKNOWN_TYPE","UNKNOWN_LAYER",1,6.0,0.0,0.0,0.0
"dHMtZ2F0ZXdheS1zZXJ2aWNl.1","POST:/api/v1/cancelservice/cancel/a2e8b0e9-2fea-48f4-a8b5-3c2317a88a04","UNKNOWN_TYPE","UNKNOWN_LAYER",1,2.0,0.0,0.0,0.0
"dHMtZ2F0ZXdheS1zZXJ2aWNl.1","POST:/api/v1/cancelservice/cancel/07e515ef-6eeb-4af9-b303-3a25d8e8107b","UNKNOWN_TYPE","UNKNOWN_LAYER",1,2.0,0.0,0.0,0.0
"dHMtY2FuY2VsLXNlcnZpY2U=.1","POST:/api/v1/cancelservice/cancel/6662b885-3ac8-4172-8e84-d30fd58ad7e3","UNKNOWN_TYPE","UNKNOWN_LAYER",1,7.0,0.0,0.0,0.0
"dHMtZ2F0ZXdheS1zZXJ2aWNl.1","POST:/api/v1/cancelservice/cancel/20f35df4-9a07-4db7-a296-50f10bcd9678","UNKNOWN_TYPE","UNKNOWN_LAYER",1,2.0,0.0,0.0,0.0
"dHMtY2FuY2VsLXNlcnZpY2U=.1","POST:/api/v1/cancelservice/cancel/20f35df4-9a07-4db7-a296-50f10bcd9678","UNKNOWN_TYPE","UNKNOWN_LAYER",1,5.0,0.0,0.0,0.0
"dHMtY2FuY2VsLXNlcnZpY2U=.1","POST:/api/v1/cancelservice/cancel/0e43732e-0c56-4101-8629-a2ad44418bcd","UNKNOWN_TYPE","UNKNOWN_LAYER",1,84.0,0.0,0.0,0.0
"dHMtZ2F0ZXdheS1zZXJ2aWNl.1","POST:/api/v1/cancelservice/cancel/78249eb3-2145-4443-85d6-dbc7a72804d9","UNKNOWN_TYPE","UNKNOWN_LAYER",1,2.0,0.0,0.0,0.0
"dHMtY2FuY2VsLXNlcnZpY2U=.1","POST:/api/v1/cancelservice/cancel/7ff76873-6d89-4ecb-a3da-f988583726ff","UNKNOWN_TYPE","UNKNOWN_LAYER",1,7.0,0.0,0.0,0.0
"dHMtY2FuY2VsLXNlcnZpY2U=.1","POST:/api/v1/cancelservice/cancel/7af38a60-00f8-443b-9645-e2970a99d301","UNKNOWN_TYPE","UNKNOWN_LAYER",1,6.0,0.0,0.0,0.0
"dHMtY2FuY2VsLXNlcnZpY2U=.1","POST:/api/v1/cancelservice/cancel/f883686f-fa15-4c27-acea-b0e6832bdd03","UNKNOWN_TYPE","UNKNOWN_LAYER",1,6.0,0.0,0.0,0.0
"dHMtZ2F0ZXdheS1zZXJ2aWNl.1","POST:/api/v1/cancelservice/cancel/d98da265-9c86-4808-92ec-a7dfe90a0ae8","UNKNOWN_TYPE","UNKNOWN_LAYER",1,2.0,0.0,0.0,0.0
"dHMtZ2F0ZXdheS1zZXJ2aWNl.1","POST:/api/v1/cancelservice/cancel/69edb3e4-297b-4d3f-a77d-5ce78fd5fb17","UNKNOWN_TYPE","UNKNOWN_LAYER",1,2.0,0.0,0.0,0.0
"dHMtY2FuY2VsLXNlcnZpY2U=.1","POST:/api/v1/cancelservice/cancel/4c62e81a-1aa6-45b3-8ce7-f63527a8929c","UNKNOWN_TYPE","UNKNOWN_LAYER",1,5.0,0.0,0.0,0.0
"dHMtZ2F0ZXdheS1zZXJ2aWNl.1","POST:/api/v1/cancelservice/cancel/1691e81b-55b8-4c4b-8727-65e7fae0be3e","UNKNOWN_TYPE","UNKNOWN_LAYER",1,1.0,0.0,0.0,0.0
"dHMtZ2F0ZXdheS1zZXJ2aWNl.1","POST:/api/v1/cancelservice/cancel/5828da8b-5525-4445-93a4-3cb94feab293","UNKNOWN_TYPE","UNKNOWN_LAYER",1,2.0,0.0,0.0,0.0
"dHMtZ2F0ZXdheS1zZXJ2aWNl.1","POST:/api/v1/cancelservice/cancel/0ff38248-b2ae-4dc9-92c5-70ce0dbad5a4","UNKNOWN_TYPE","UNKNOWN_LAYER",1,2.0,0.0,0.0,0.0
"dHMtY2FuY2VsLXNlcnZpY2U=.1","POST:/api/v1/cancelservice/cancel/a328f750-fc07-420a-a9b0-4d0308ede8e7","UNKNOWN_TYPE","UNKNOWN_LAYER",1,3.0,0.0,0.0,0.0
"dHMtY2FuY2VsLXNlcnZpY2U=.1","POST:/api/v1/cancelservice/cancel/4ec42973-9f26-45b3-9ab8-6b7b9279772c","UNKNOWN_TYPE","UNKNOWN_LAYER",1,4.0,0.0,0.0,0.0
"dHMtY2FuY2VsLXNlcnZpY2U=.1","POST:/api/v1/cancelservice/cancel/20ec49d2-3ea3-4d9b-9f21-dd644caa15ad","UNKNOWN_TYPE","UNKNOWN_LAYER",1,7.0,0.0,0.0,0.0
"dHMtZ2F0ZXdheS1zZXJ2aWNl.1","POST:/api/v1/cancelservice/cancel/913948de-f4bd-46f1-9be1-09607b218503","UNKNOWN_TYPE","UNKNOWN_LAYER",1,1.0,0.0,0.0,0.0
"dHMtZ2F0ZXdheS1zZXJ2aWNl.1","POST:/api/v1/cancelservice/cancel/f87e50ee-dc3d-44e2-8b0e-61aad5605645","UNKNOWN_TYPE","UNKNOWN_LAYER",1,1.0,0.0,0.0,0.0
"dHMtZ2F0ZXdheS1zZXJ2aWNl.1","POST:/api/v1/cancelservice/cancel/812ef147-8724-4f89-a0f8-69e72a839e40","UNKNOWN_TYPE","UNKNOWN_LAYER",1,1.0,0.0,0.0,0.0
"dHMtY2FuY2VsLXNlcnZpY2U=.1","POST:/api/v1/cancelservice/cancel/2500b4a7-6f03-42d2-ad2d-3611aac4d4aa","UNKNOWN_TYPE","UNKNOWN_LAYER",1,4.0,0.0,0.0,0.0
"dHMtZ2F0ZXdheS1zZXJ2aWNl.1","POST:/api/v1/cancelservice/cancel/2500b4a7-6f03-42d2-ad2d-3611aac4d4aa","UNKNOWN_TYPE","UNKNOWN_LAYER",1,1.0,0.0,0.0,0.0
"dHMtY2FuY2VsLXNlcnZpY2U=.1","POST:/api/v1/cancelservice/cancel/2d566a0d-e7bd-450e-9d5d-e9c4eb179550","UNKNOWN_TYPE","UNKNOWN_LAYER",1,4.0,0.0,0.0,0.0
"dHMtY2FuY2VsLXNlcnZpY2U=.1","POST:/api/v1/cancelservice/cancel/f3be8dd0-6d45-4c2b-8dcf-b439a6829b68","UNKNOWN_TYPE","UNKNOWN_LAYER",1,5.0,0.0,0.0,0.0
"dHMtZ2F0ZXdheS1zZXJ2aWNl.1","POST:/api/v1/cancelservice/cancel/0d0fd3a9-4072-4236-9869-740f7e38fc98","UNKNOWN_TYPE","UNKNOWN_LAYER",1,1.0,0.0,0.0,0.0
"dHMtY2FuY2VsLXNlcnZpY2U=.1","POST:/api/v1/cancelservice/cancel/fc064001-daec-4153-8450-8d40f79e9b9c","UNKNOWN_TYPE","UNKNOWN_LAYER",1,4.0,0.0,0.0,0.0
"dHMtY2FuY2VsLXNlcnZpY2U=.1","POST:/api/v1/cancelservice/cancel/3c0fbe79-dadb-4b91-a57a-109f96fa4e6d","UNKNOWN_TYPE","UNKNOWN_LAYER",1,21.0,0.0,0.0,0.0
"dHMtY2FuY2VsLXNlcnZpY2U=.1","POST:/api/v1/cancelservice/cancel/2d8d8097-c7c3-47ac-9d6c-329b31ca2c79","UNKNOWN_TYPE","UNKNOWN_LAYER",1,3.0,0.0,0.0,0.0
"dHMtY2FuY2VsLXNlcnZpY2U=.1","POST:/api/v1/cancelservice/cancel/7bac5313-55e0-4f7d-9420-f4670fe24c91","UNKNOWN_TYPE","UNKNOWN_LAYER",1,3.0,0.0,0.0,0.0
"dHMtZ2F0ZXdheS1zZXJ2aWNl.1","POST:/api/v1/cancelservice/cancel/f5e008f5-678b-4d6a-a175-22ea917bd299","UNKNOWN_TYPE","UNKNOWN_LAYER",1,1.0,0.0,0.0,0.0
"dHMtZ2F0ZXdheS1zZXJ2aWNl.1","POST:/api/v1/cancelservice/cancel/305f88cf-5034-41e5-a37c-8a97578280fb","UNKNOWN_TYPE","UNKNOWN_LAYER",1,1.0,0.0,0.0,0.0
"dHMtY2FuY2VsLXNlcnZpY2U=.1","POST:/api/v1/cancelservice/cancel/246a3949-22d5-425c-8d04-aa9bd2815ab9","UNKNOWN_TYPE","UNKNOWN_LAYER",1,4.0,0.0,0.0,0.0
"dHMtZ2F0ZXdheS1zZXJ2aWNl.1","POST:/api/v1/cancelservice/cancel/0350ec42-02cd-47e4-a449-cb387cbc9f01","UNKNOWN_TYPE","UNKNOWN_LAYER",1,1.0,0.0,0.0,0.0
"dHMtY2FuY2VsLXNlcnZpY2U=.1","POST:/api/v1/cancelservice/cancel/b9dc1573-1599-468f-9327-ea89907f5308","UNKNOWN_TYPE","UNKNOWN_LAYER",1,4.0,0.0,0.0,0.0
"dHMtY2FuY2VsLXNlcnZpY2U=.1","POST:/api/v1/cancelservice/cancel/d5b02605-a9a4-425b-b9c2-342a44b495cf","UNKNOWN_TYPE","UNKNOWN_LAYER",1,8.0,0.0,0.0,0.0
"dHMtZ2F0ZXdheS1zZXJ2aWNl.1","POST:/api/v1/cancelservice/cancel/76e43a5e-bd43-498e-b573-dff8c046a363","UNKNOWN_TYPE","UNKNOWN_LAYER",1,1.0,0.0,0.0,0.0
"dHMtZ2F0ZXdheS1zZXJ2aWNl.1","POST:/api/v1/cancelservice/cancel/e8673a1e-dda0-43d4-94cb-2f995f4d55ff","UNKNOWN_TYPE","UNKNOWN_LAYER",1,1.0,0.0,0.0,0.0
"dHMtZ2F0ZXdheS1zZXJ2aWNl.1","POST:/api/v1/cancelservice/cancel/e601d0d8-5d8b-4379-b052-6711d4f3b56e","UNKNOWN_TYPE","UNKNOWN_LAYER",1,1.0,0.0,0.0,0.0
"dHMtY2FuY2VsLXNlcnZpY2U=.1","POST:/api/v1/cancelservice/cancel/88e09248-016c-4b8f-9698-2edd2c0a4db2","UNKNOWN_TYPE","UNKNOWN_LAYER",1,3.0,0.0,0.0,0.0
"dHMtY2FuY2VsLXNlcnZpY2U=.1","POST:/api/v1/cancelservice/cancel/d91c7bf8-a6ad-41c7-96e7-e413046562fd","UNKNOWN_TYPE","UNKNOWN_LAYER",1,4.0,0.0,0.0,0.0
"dHMtZ2F0ZXdheS1zZXJ2aWNl.1","POST:/api/v1/cancelservice/cancel/2a03b387-93a3-458d-9ae0-97443e813497","UNKNOWN_TYPE","UNKNOWN_LAYER",1,1.0,0.0,0.0,0.0
"dHMtZ2F0ZXdheS1zZXJ2aWNl.1","POST:/api/v1/cancelservice/cancel/ad261026-5a92-4fb9-b20f-5f0c6636de63","UNKNOWN_TYPE","UNKNOWN_LAYER",1,1.0,0.0,0.0,0.0
"dHMtZ2F0ZXdheS1zZXJ2aWNl.1","POST:/api/v1/cancelservice/cancel/87016ac7-98f3-4199-bc4a-a93a2a229cc6","UNKNOWN_TYPE","UNKNOWN_LAYER",1,1.0,0.0,0.0,0.0
"dHMtZ2F0ZXdheS1zZXJ2aWNl.1","POST:/api/v1/cancelservice/cancel/dd0b0448-41ee-4cb8-963c-f68b39b2555b","UNKNOWN_TYPE","UNKNOWN_LAYER",1,1.0,0.0,0.0,0.0
"dHMtZ2F0ZXdheS1zZXJ2aWNl.1","POST:/api/v1/cancelservice/cancel/4193c730-39c6-472e-a190-7e7c2e863f8c","UNKNOWN_TYPE","UNKNOWN_LAYER",1,0.0,0.0,0.0,0.0
"dHMtY2FuY2VsLXNlcnZpY2U=.1","POST:/api/v1/cancelservice/cancel/4193c730-39c6-472e-a190-7e7c2e863f8c","UNKNOWN_TYPE","UNKNOWN_LAYER",1,4.0,0.0,0.0,0.0
"dHMtY2FuY2VsLXNlcnZpY2U=.1","POST:/api/v1/cancelservice/cancel/d75e9e47-1e0a-4335-8b0d-7c63111778d7","UNKNOWN_TYPE","UNKNOWN_LAYER",1,4.0,0.0,0.0,0.0
"dHMtY2FuY2VsLXNlcnZpY2U=.1","POST:/api/v1/cancelservice/cancel/2b23526f-f846-41af-a917-dea05ce6fbf7","UNKNOWN_TYPE","UNKNOWN_LAYER",1,4.0,0.0,0.0,0.0
"dHMtY2FuY2VsLXNlcnZpY2U=.1","POST:/api/v1/cancelservice/cancel/57a3216d-679b-4053-816a-90d9c3427972","UNKNOWN_TYPE","UNKNOWN_LAYER",1,3.0,0.0,0.0,0.0
"dHMtZ2F0ZXdheS1zZXJ2aWNl.1","POST:/api/v1/cancelservice/cancel/83866a6f-dcd6-482c-9b9e-fe8e277ec4e4","UNKNOWN_TYPE","UNKNOWN_LAYER",1,1.0,0.0,0.0,0.0
"dHMtZ2F0ZXdheS1zZXJ2aWNl.1","POST:/api/v1/cancelservice/cancel/7c895ef5-7396-4bb4-b1b7-af9138782890","UNKNOWN_TYPE","UNKNOWN_LAYER",1,1.0,0.0,0.0,0.0
"dHMtZ2F0ZXdheS1zZXJ2aWNl.1","POST:/api/v1/cancelservice/cancel/fcdd1660-8183-4ac1-8d19-0654d698fe7f","UNKNOWN_TYPE","UNKNOWN_LAYER",1,1.0,0.0,0.0,0.0
"dHMtY2FuY2VsLXNlcnZpY2U=.1","POST:/api/v1/cancelservice/cancel/ad600092-ed62-4005-a4cc-90be10dae663","UNKNOWN_TYPE","UNKNOWN_LAYER",1,5.0,0.0,0.0,0.0
"dHMtZ2F0ZXdheS1zZXJ2aWNl.1","POST:/api/v1/cancelservice/cancel/b8bf25cb-d2ff-4205-9f55-f6b9a0a46576","UNKNOWN_TYPE","UNKNOWN_LAYER",1,1.0,0.0,0.0,0.0
"dHMtY2FuY2VsLXNlcnZpY2U=.1","POST:/api/v1/cancelservice/cancel/23e72554-7450-49e4-9cbb-799d9c3d2c47","UNKNOWN_TYPE","UNKNOWN_LAYER",1,4.0,0.0,0.0,0.0
"dHMtY2FuY2VsLXNlcnZpY2U=.1","POST:/api/v1/cancelservice/cancel/7b027de1-14d5-4dca-ab02-113fa0ad44e7","UNKNOWN_TYPE","UNKNOWN_LAYER",1,3.0,0.0,0.0,0.0
"dHMtY2FuY2VsLXNlcnZpY2U=.1","POST:/api/v1/cancelservice/cancel/adb4adef-cf71-4ff2-939b-2c4792a54741","UNKNOWN_TYPE","UNKNOWN_LAYER",1,4.0,0.0,0.0,0.0
"dHMtZ2F0ZXdheS1zZXJ2aWNl.1","POST:/api/v1/cancelservice/cancel/ffec6f77-44da-41a9-a9a3-20e290308e64","UNKNOWN_TYPE","UNKNOWN_LAYER",1,1.0,0.0,0.0,0.0
"dHMtY2FuY2VsLXNlcnZpY2U=.1","POST:/api/v1/cancelservice/cancel/abc5e2d4-de28-4df3-938d-35695ac4c5c6","UNKNOWN_TYPE","UNKNOWN_LAYER",1,4.0,0.0,0.0,0.0
"dHMtY2FuY2VsLXNlcnZpY2U=.1","POST:/api/v1/cancelservice/cancel/3b3665d8-e603-4a7c-b8d0-803885203f21","UNKNOWN_TYPE","UNKNOWN_LAYER",1,4.0,0.0,0.0,0.0
"dHMtZ2F0ZXdheS1zZXJ2aWNl.1","POST:/api/v1/cancelservice/cancel/eaa6510f-c3c8-4680-b2c3-b0a621a3d1a3","UNKNOWN_TYPE","UNKNOWN_LAYER",1,1.0,0.0,0.0,0.0
"dHMtY2FuY2VsLXNlcnZpY2U=.1","POST:/api/v1/cancelservice/cancel/eaa6510f-c3c8-4680-b2c3-b0a621a3d1a3","UNKNOWN_TYPE","UNKNOWN_LAYER",1,13.0,0.0,0.0,0.0
"dHMtY2FuY2VsLXNlcnZpY2U=.1","POST:/api/v1/cancelservice/cancel/46a6d961-cf45-441e-9352-5ea0a18ea11e","UNKNOWN_TYPE","UNKNOWN_LAYER",1,4.0,0.0,0.0,0.0
"dHMtZ2F0ZXdheS1zZXJ2aWNl.1","POST:/api/v1/cancelservice/cancel/b4865034-4d22-4c45-aec5-021e3fae168a","UNKNOWN_TYPE","UNKNOWN_LAYER",1,1.0,0.0,0.0,0.0
"dHMtZ2F0ZXdheS1zZXJ2aWNl.1","POST:/api/v1/cancelservice/cancel/0def9024-b98a-43d4-9301-82e526c3e7fb","UNKNOWN_TYPE","UNKNOWN_LAYER",1,1.0,0.0,0.0,0.0
"dHMtZ2F0ZXdheS1zZXJ2aWNl.1","POST:/api/v1/cancelservice/cancel/d05d7d65-cc4b-4bb1-b18a-a8ef66a1d631","UNKNOWN_TYPE","UNKNOWN_LAYER",1,1.0,0.0,0.0,0.0
"dHMtY2FuY2VsLXNlcnZpY2U=.1","POST:/api/v1/cancelservice/cancel/5d5dfcb3-11c2-42dc-aec1-de29da983db4","UNKNOWN_TYPE","UNKNOWN_LAYER",1,3.0,0.0,0.0,0.0
"dHMtY2FuY2VsLXNlcnZpY2U=.1","POST:/api/v1/cancelservice/cancel/582314cf-a322-4c67-b0aa-86412eb45ade","UNKNOWN_TYPE","UNKNOWN_LAYER",1,4.0,0.0,0.0,0.0
"dHMtY2FuY2VsLXNlcnZpY2U=.1","POST:/api/v1/cancelservice/cancel/039cd3d2-d627-42df-a9f4-303dae49f874","UNKNOWN_TYPE","UNKNOWN_LAYER",1,4.0,0.0,0.0,0.0
"dHMtY2FuY2VsLXNlcnZpY2U=.1","POST:/api/v1/cancelservice/cancel/02e4adca-3985-48f6-8c90-42dae7d774dc","UNKNOWN_TYPE","UNKNOWN_LAYER",1,4.0,0.0,0.0,0.0
"dHMtZ2F0ZXdheS1zZXJ2aWNl.1","POST:/api/v1/cancelservice/cancel/f2199882-b5f5-4674-832a-6b79e8cf7dd9","UNKNOWN_TYPE","UNKNOWN_LAYER",1,2.0,0.0,0.0,0.0
"dHMtY2FuY2VsLXNlcnZpY2U=.1","POST:/api/v1/cancelservice/cancel/cad54c37-5175-4a3c-977f-439bbdd780e1","UNKNOWN_TYPE","UNKNOWN_LAYER",1,16.0,0.0,0.0,0.0
"dHMtZ2F0ZXdheS1zZXJ2aWNl.1","POST:/api/v1/cancelservice/cancel/393251ca-cef4-4e71-b9de-2ae0adb3afe9","UNKNOWN_TYPE","UNKNOWN_LAYER",1,1.0,0.0,0.0,0.0
"dHMtZ2F0ZXdheS1zZXJ2aWNl.1","POST:/api/v1/cancelservice/cancel/2f52542a-bd9e-4628-960d-6d2bf717775e","UNKNOWN_TYPE","UNKNOWN_LAYER",1,1.0,0.0,0.0,0.0
"dHMtZ2F0ZXdheS1zZXJ2aWNl.1","POST:/api/v1/cancelservice/cancel/0664bd77-9e4b-4166-8164-da953f2d126f","UNKNOWN_TYPE","UNKNOWN_LAYER",1,1.0,0.0,0.0,0.0
"dHMtY2FuY2VsLXNlcnZpY2U=.1","POST:/api/v1/cancelservice/cancel/0664bd77-9e4b-4166-8164-da953f2d126f","UNKNOWN_TYPE","UNKNOWN_LAYER",1,4.0,0.0,0.0,0.0
"dHMtZ2F0ZXdheS1zZXJ2aWNl.1","POST:/api/v1/cancelservice/cancel/43bcd911-1326-476c-93e0-4cbce04703cc","UNKNOWN_TYPE","UNKNOWN_LAYER",1,1.0,0.0,0.0,0.0
"dHMtZ2F0ZXdheS1zZXJ2aWNl.1","POST:/api/v1/cancelservice/cancel/9a9a5dc9-53ce-4fa7-9ed0-e9fcf0653820","UNKNOWN_TYPE","UNKNOWN_LAYER",1,1.0,0.0,0.0,0.0
"dHMtY2FuY2VsLXNlcnZpY2U=.1","POST:/api/v1/cancelservice/cancel/97abf255-722b-4f49-acd5-b348c878d9a7","UNKNOWN_TYPE","UNKNOWN_LAYER",1,3.0,0.0,0.0,0.0
"dHMtY2FuY2VsLXNlcnZpY2U=.1","POST:/api/v1/cancelservice/cancel/386ca95d-b82c-4883-bc80-cdd8004c4601","UNKNOWN_TYPE","UNKNOWN_LAYER",1,4.0,0.0,0.0,0.0
"dHMtY2FuY2VsLXNlcnZpY2U=.1","POST:/api/v1/cancelservice/cancel/5efb2732-74bb-451a-9904-f88669c936d5","UNKNOWN_TYPE","UNKNOWN_LAYER",1,13.0,0.0,0.0,0.0
"dHMtZ2F0ZXdheS1zZXJ2aWNl.1","POST:/api/v1/cancelservice/cancel/07bafef4-86db-4884-9a6d-277346ad7311","UNKNOWN_TYPE","UNKNOWN_LAYER",1,1.0,0.0,0.0,0.0
"dHMtZ2F0ZXdheS1zZXJ2aWNl.1","POST:/api/v1/cancelservice/cancel/aee76d81-9294-4291-8d5a-c0f85aba9a29","UNKNOWN_TYPE","UNKNOWN_LAYER",1,1.0,0.0,0.0,0.0
"dHMtY2FuY2VsLXNlcnZpY2U=.1","POST:/api/v1/cancelservice/cancel/7e1d4073-5183-4202-a02c-f0840f672b09","UNKNOWN_TYPE","UNKNOWN_LAYER",1,4.0,0.0,0.0,0.0
"dHMtZ2F0ZXdheS1zZXJ2aWNl.1","POST:/api/v1/cancelservice/cancel/501d446b-4b0e-4815-b713-33a2ecbee4cb","UNKNOWN_TYPE","UNKNOWN_LAYER",1,1.0,0.0,0.0,0.0
"dHMtZ2F0ZXdheS1zZXJ2aWNl.1","POST:/api/v1/cancelservice/cancel/36a1fae7-585f-41b7-8035-493592b12038","UNKNOWN_TYPE","UNKNOWN_LAYER",1,1.0,0.0,0.0,0.0
"dHMtY2FuY2VsLXNlcnZpY2U=.1","POST:/api/v1/cancelservice/cancel/2dabd182-2702-45f6-b21a-7349b091a2c7","UNKNOWN_TYPE","UNKNOWN_LAYER",1,4.0,0.0,0.0,0.0
"dHMtY2FuY2VsLXNlcnZpY2U=.1","POST:/api/v1/cancelservice/cancel/cf0bafa7-a985-4835-ac04-7963c144bb2b","UNKNOWN_TYPE","UNKNOWN_LAYER",1,4.0,0.0,0.0,0.0
"dHMtZ2F0ZXdheS1zZXJ2aWNl.1","POST:/api/v1/cancelservice/cancel/c4e87ee9-b575-490d-9103-45f730ca28aa","UNKNOWN_TYPE","UNKNOWN_LAYER",1,1.0,0.0,0.0,0.0
"dHMtY2FuY2VsLXNlcnZpY2U=.1","POST:/api/v1/cancelservice/cancel/c4e87ee9-b575-490d-9103-45f730ca28aa","UNKNOWN_TYPE","UNKNOWN_LAYER",1,4.0,0.0,0.0,0.0
"dHMtZ2F0ZXdheS1zZXJ2aWNl.1","POST:/api/v1/cancelservice/cancel/41c66a59-88ef-4cc7-84ec-f68defa999f1","UNKNOWN_TYPE","UNKNOWN_LAYER",1,1.0,0.0,0.0,0.0
"dHMtZ2F0ZXdheS1zZXJ2aWNl.1","POST:/api/v1/cancelservice/cancel/4efae5de-1135-423b-a843-2db736f15aa1","UNKNOWN_TYPE","UNKNOWN_LAYER",1,1.0,0.0,0.0,0.0
"dHMtZ2F0ZXdheS1zZXJ2aWNl.1","POST:/api/v1/cancelservice/cancel/b4c3306c-f695-4a43-8f45-e0489ccdcdab","UNKNOWN_TYPE","UNKNOWN_LAYER",1,1.0,0.0,0.0,0.0
"dHMtY2FuY2VsLXNlcnZpY2U=.1","POST:/api/v1/cancelservice/cancel/edf101b6-8501-41bb-8672-35432a803e8d","UNKNOWN_TYPE","UNKNOWN_LAYER",1,4.0,0.0,0.0,0.0
"dHMtZ2F0ZXdheS1zZXJ2aWNl.1","POST:/api/v1/cancelservice/cancel/72ada413-c3b0-449c-b3e1-e40271756252","UNKNOWN_TYPE","UNKNOWN_LAYER",1,1.0,0.0,0.0,0.0
"dHMtY2FuY2VsLXNlcnZpY2U=.1","POST:/api/v1/cancelservice/cancel/78ff711f-7301-44fd-9aac-9a93d2cf613a","UNKNOWN_TYPE","UNKNOWN_LAYER",1,4.0,0.0,0.0,0.0
"dHMtZ2F0ZXdheS1zZXJ2aWNl.1","POST:/api/v1/cancelservice/cancel/ae3459f2-4882-49db-888e-e086cbb4079e","UNKNOWN_TYPE","UNKNOWN_LAYER",1,1.0,0.0,0.0,0.0
"dHMtY2FuY2VsLXNlcnZpY2U=.1","POST:/api/v1/cancelservice/cancel/6a2fc11d-d196-4c45-b0db-9e5a252222bb","UNKNOWN_TYPE","UNKNOWN_LAYER",1,4.0,0.0,0.0,0.0
"dHMtZ2F0ZXdheS1zZXJ2aWNl.1","POST:/api/v1/cancelservice/cancel/2588f32d-7c16-45a9-8a56-d9724f929c70","UNKNOWN_TYPE","UNKNOWN_LAYER",1,1.0,0.0,0.0,0.0
"dHMtY2FuY2VsLXNlcnZpY2U=.1","POST:/api/v1/cancelservice/cancel/2588f32d-7c16-45a9-8a56-d9724f929c70","UNKNOWN_TYPE","UNKNOWN_LAYER",1,3.0,0.0,0.0,0.0
"dHMtY2FuY2VsLXNlcnZpY2U=.1","POST:/api/v1/cancelservice/cancel/60e7459b-cc59-4ea6-8a17-41c04bc38f7e","UNKNOWN_TYPE","UNKNOWN_LAYER",1,3.0,0.0,0.0,0.0
"dHMtY2FuY2VsLXNlcnZpY2U=.1","POST:/api/v1/cancelservice/cancel/af234177-59e7-4419-a1e9-be0eb08374df","UNKNOWN_TYPE","UNKNOWN_LAYER",1,4.0,0.0,0.0,0.0
"dHMtZ2F0ZXdheS1zZXJ2aWNl.1","POST:/api/v1/cancelservice/cancel/426e4476-a4b0-4bc8-b99f-199b4cf72915","UNKNOWN_TYPE","UNKNOWN_LAYER",1,1.0,0.0,0.0,0.0
"dHMtZ2F0ZXdheS1zZXJ2aWNl.1","POST:/api/v1/cancelservice/cancel/cd1ad32c-338d-4ea8-bb2b-83231b86b193","UNKNOWN_TYPE","UNKNOWN_LAYER",1,1.0,0.0,0.0,0.0
"dHMtY2FuY2VsLXNlcnZpY2U=.1","POST:/api/v1/cancelservice/cancel/18b04761-df98-40eb-b0eb-40d75fe63b8d","UNKNOWN_TYPE","UNKNOWN_LAYER",1,4.0,0.0,0.0,0.0
"dHMtZ2F0ZXdheS1zZXJ2aWNl.1","POST:/api/v1/cancelservice/cancel/1506f763-ba36-42a4-af50-370d687cc2da","UNKNOWN_TYPE","UNKNOWN_LAYER",1,1.0,0.0,0.0,0.0
"dHMtZ2F0ZXdheS1zZXJ2aWNl.1","POST:/api/v1/cancelservice/cancel/ab5161b4-be66-44e0-a8b1-af0d1feede25","UNKNOWN_TYPE","UNKNOWN_LAYER",1,1.0,0.0,0.0,0.0
"dHMtZ2F0ZXdheS1zZXJ2aWNl.1","POST:/api/v1/cancelservice/cancel/03ba78ea-ddd4-4f63-aa91-b44016f9ebc2","UNKNOWN_TYPE","UNKNOWN_LAYER",1,1.0,0.0,0.0,0.0
"dHMtY2FuY2VsLXNlcnZpY2U=.1","POST:/api/v1/cancelservice/cancel/f808da92-816b-4958-a434-1fea0bdf3f5c","UNKNOWN_TYPE","UNKNOWN_LAYER",1,4.0,0.0,0.0,0.0
"dHMtZ2F0ZXdheS1zZXJ2aWNl.1","POST:/api/v1/cancelservice/cancel/299148cb-a73e-44d2-af60-811a49ca4520","UNKNOWN_TYPE","UNKNOWN_LAYER",1,2.0,0.0,0.0,0.0
"dHMtZ2F0ZXdheS1zZXJ2aWNl.1","POST:/api/v1/cancelservice/cancel/040443d3-e119-465d-b5bd-90855c0546b5","UNKNOWN_TYPE","UNKNOWN_LAYER",1,2.0,0.0,0.0,0.0
"dHMtZ2F0ZXdheS1zZXJ2aWNl.1","POST:/api/v1/cancelservice/cancel/fc5f7790-2ee0-4a07-ac19-93e4be6d79fe","UNKNOWN_TYPE","UNKNOWN_LAYER",1,2.0,0.0,0.0,0.0
"dHMtZ2F0ZXdheS1zZXJ2aWNl.1","POST:/api/v1/cancelservice/cancel/452b2358-ae63-425b-bf36-00b6e20eb3a3","UNKNOWN_TYPE","UNKNOWN_LAYER",1,2.0,0.0,0.0,0.0
"dHMtY2FuY2VsLXNlcnZpY2U=.1","POST:/api/v1/cancelservice/cancel/62b650a9-8a55-441b-a230-6490a3bcf9d9","UNKNOWN_TYPE","UNKNOWN_LAYER",1,4.0,0.0,0.0,0.0
"dHMtY2FuY2VsLXNlcnZpY2U=.1","POST:/api/v1/cancelservice/cancel/ffd73ae1-582d-46e3-95ff-f05be14d18d5","UNKNOWN_TYPE","UNKNOWN_LAYER",1,6.0,0.0,0.0,0.0
"dHMtZ2F0ZXdheS1zZXJ2aWNl.1","POST:/api/v1/cancelservice/cancel/2c639ae4-2709-4656-b1f7-03b7d40a9d8b","UNKNOWN_TYPE","UNKNOWN_LAYER",1,2.0,0.0,0.0,0.0
"dHMtZ2F0ZXdheS1zZXJ2aWNl.1","POST:/api/v1/cancelservice/cancel/2c5e0b65-4168-4bee-87e9-326cf14830ba","UNKNOWN_TYPE","UNKNOWN_LAYER",1,2.0,0.0,0.0,0.0
"dHMtZ2F0ZXdheS1zZXJ2aWNl.1","POST:/api/v1/cancelservice/cancel/5330e914-90ec-4bf5-9498-ce299b8e392c","UNKNOWN_TYPE","UNKNOWN_LAYER",1,1.0,0.0,0.0,0.0
"dHMtY2FuY2VsLXNlcnZpY2U=.1","POST:/api/v1/cancelservice/cancel/d7ab2510-8fe8-4970-8739-8bc75e70c6bd","UNKNOWN_TYPE","UNKNOWN_LAYER",1,4.0,0.0,0.0,0.0
"dHMtZ2F0ZXdheS1zZXJ2aWNl.1","POST:/api/v1/cancelservice/cancel/2deede1d-0afb-4b34-91fe-80c2e552d724","UNKNOWN_TYPE","UNKNOWN_LAYER",1,1.0,0.0,0.0,0.0
"dHMtY2FuY2VsLXNlcnZpY2U=.1","POST:/api/v1/cancelservice/cancel/815c4ab7-8b8d-4618-9d79-7f6a35017673","UNKNOWN_TYPE","UNKNOWN_LAYER",1,5.0,0.0,0.0,0.0
"dHMtY2FuY2VsLXNlcnZpY2U=.1","POST:/api/v1/cancelservice/cancel/4c5459ee-4adf-4c92-ae10-8d2b552a64c3","UNKNOWN_TYPE","UNKNOWN_LAYER",1,4.0,0.0,0.0,0.0
"dHMtY2FuY2VsLXNlcnZpY2U=.1","POST:/api/v1/cancelservice/cancel/f665a038-b5fe-4b6a-904c-11a5c9dba9a5","UNKNOWN_TYPE","UNKNOWN_LAYER",1,4.0,0.0,0.0,0.0
"dHMtZ2F0ZXdheS1zZXJ2aWNl.1","POST:/api/v1/cancelservice/cancel/c029192d-1699-460a-84f4-1f1479f4f4f6","UNKNOWN_TYPE","UNKNOWN_LAYER",1,1.0,0.0,0.0,0.0
"dHMtY2FuY2VsLXNlcnZpY2U=.1","POST:/api/v1/cancelservice/cancel/4c61f5b5-6eef-4c41-ad4d-2445132d43b9","UNKNOWN_TYPE","UNKNOWN_LAYER",1,5.0,0.0,0.0,0.0
"dHMtZ2F0ZXdheS1zZXJ2aWNl.1","POST:/api/v1/cancelservice/cancel/b9d4fd6a-3cef-434a-a197-e92a3a880403","UNKNOWN_TYPE","UNKNOWN_LAYER",1,1.0,0.0,0.0,0.0
"dHMtZ2F0ZXdheS1zZXJ2aWNl.1","POST:/api/v1/cancelservice/cancel/3f755c6c-2fe6-4b52-84f9-afbb113fdbf7","UNKNOWN_TYPE","UNKNOWN_LAYER",1,1.0,0.0,0.0,0.0
"dHMtZ2F0ZXdheS1zZXJ2aWNl.1","POST:/api/v1/cancelservice/cancel/b394837d-8515-4ed1-8b0a-3f1f8bb977c2","UNKNOWN_TYPE","UNKNOWN_LAYER",1,1.0,0.0,0.0,0.0
"dHMtZ2F0ZXdheS1zZXJ2aWNl.1","POST:/api/v1/cancelservice/cancel/46f61788-fda0-4123-ad56-8a7183cef3ac","UNKNOWN_TYPE","UNKNOWN_LAYER",1,2.0,0.0,0.0,0.0
"dHMtZ2F0ZXdheS1zZXJ2aWNl.1","POST:/api/v1/cancelservice/cancel/997a325a-3912-4cac-ab36-1af6b35e8273","UNKNOWN_TYPE","UNKNOWN_LAYER",1,2.0,0.0,0.0,0.0
"dHMtZ2F0ZXdheS1zZXJ2aWNl.1","POST:/api/v1/cancelservice/cancel/5aedfcc5-3f3a-4cd9-b6c9-068717d21f41","UNKNOWN_TYPE","UNKNOWN_LAYER",1,2.0,0.0,0.0,0.0
"dHMtY2FuY2VsLXNlcnZpY2U=.1","POST:/api/v1/cancelservice/cancel/b3ed262d-b147-4acd-8205-a933a9857547","UNKNOWN_TYPE","UNKNOWN_LAYER",1,5.0,0.0,0.0,0.0
"dHMtZ2F0ZXdheS1zZXJ2aWNl.1","POST:/api/v1/cancelservice/cancel/4925a791-ad39-4d8c-8f05-32c5e438ec6d","UNKNOWN_TYPE","UNKNOWN_LAYER",1,2.0,0.0,0.0,0.0
"dHMtZ2F0ZXdheS1zZXJ2aWNl.1","POST:/api/v1/cancelservice/cancel/9c4c17af-1273-4831-85c4-e91fa7efd533","UNKNOWN_TYPE","UNKNOWN_LAYER",1,2.0,0.0,0.0,0.0
"dHMtZ2F0ZXdheS1zZXJ2aWNl.1","POST:/api/v1/cancelservice/cancel/ede385fc-b0e0-429e-86a3-02b0eeb47123","UNKNOWN_TYPE","UNKNOWN_LAYER",1,1.0,0.0,0.0,0.0
"dHMtZ2F0ZXdheS1zZXJ2aWNl.1","POST:/api/v1/cancelservice/cancel/ac24db0c-1d02-4fe3-a644-64c9b3bfb08e","UNKNOWN_TYPE","UNKNOWN_LAYER",1,1.0,0.0,0.0,0.0
"dHMtZ2F0ZXdheS1zZXJ2aWNl.1","POST:/api/v1/cancelservice/cancel/e48535af-ed36-4929-bf80-52c6aa625e5f","UNKNOWN_TYPE","UNKNOWN_LAYER",1,2.0,0.0,0.0,0.0
"dHMtZ2F0ZXdheS1zZXJ2aWNl.1","POST:/api/v1/cancelservice/cancel/e7df1749-e8df-45b8-b8f1-232c8084318f","UNKNOWN_TYPE","UNKNOWN_LAYER",1,1.0,0.0,0.0,0.0
"dHMtZ2F0ZXdheS1zZXJ2aWNl.1","POST:/api/v1/cancelservice/cancel/24216e2c-f742-4d3e-b44d-ca91b546600c","UNKNOWN_TYPE","UNKNOWN_LAYER",1,2.0,0.0,0.0,0.0
"dHMtZ2F0ZXdheS1zZXJ2aWNl.1","POST:/api/v1/cancelservice/cancel/c1976214-8f5c-4ce2-bff6-ca27cc70e44f","UNKNOWN_TYPE","UNKNOWN_LAYER",1,2.0,0.0,0.0,0.0
"dHMtZ2F0ZXdheS1zZXJ2aWNl.1","POST:/api/v1/cancelservice/cancel/96791ff8-0e2a-438f-85fb-7173cd4f463b","UNKNOWN_TYPE","UNKNOWN_LAYER",1,1.0,0.0,0.0,0.0
"dHMtY2FuY2VsLXNlcnZpY2U=.1","POST:/api/v1/cancelservice/cancel/96791ff8-0e2a-438f-85fb-7173cd4f463b","UNKNOWN_TYPE","UNKNOWN_LAYER",1,5.0,0.0,0.0,0.0
"dHMtZ2F0ZXdheS1zZXJ2aWNl.1","POST:/api/v1/cancelservice/cancel/1d1ed0c2-1bca-423b-b992-3920b7420d53","UNKNOWN_TYPE","UNKNOWN_LAYER",1,1.0,0.0,0.0,0.0
"dHMtY2FuY2VsLXNlcnZpY2U=.1","POST:/api/v1/cancelservice/cancel/1d1ed0c2-1bca-423b-b992-3920b7420d53","UNKNOWN_TYPE","UNKNOWN_LAYER",1,4.0,0.0,0.0,0.0
"dHMtY2FuY2VsLXNlcnZpY2U=.1","POST:/api/v1/cancelservice/cancel/b7865c8a-ed05-41a0-91a0-ae2949a283e1","UNKNOWN_TYPE","UNKNOWN_LAYER",1,4.0,0.0,0.0,0.0
"dHMtY2FuY2VsLXNlcnZpY2U=.1","POST:/api/v1/cancelservice/cancel/1adc86f5-934a-4a92-a0d4-8bccb9832a14","UNKNOWN_TYPE","UNKNOWN_LAYER",1,4.0,0.0,0.0,0.0
"dHMtY2FuY2VsLXNlcnZpY2U=.1","POST:/api/v1/cancelservice/cancel/3bbb9694-22e5-4329-b6e6-0acbb3bd6f3e","UNKNOWN_TYPE","UNKNOWN_LAYER",1,4.0,0.0,0.0,0.0
"dHMtZ2F0ZXdheS1zZXJ2aWNl.1","POST:/api/v1/cancelservice/cancel/3bbb9694-22e5-4329-b6e6-0acbb3bd6f3e","UNKNOWN_TYPE","UNKNOWN_LAYER",1,1.0,0.0,0.0,0.0
"dHMtY2FuY2VsLXNlcnZpY2U=.1","POST:/api/v1/cancelservice/cancel/1564f58b-bcc1-46c5-89d0-9259e33f6fb0","UNKNOWN_TYPE","UNKNOWN_LAYER",1,4.0,0.0,0.0,0.0
"dHMtY2FuY2VsLXNlcnZpY2U=.1","POST:/api/v1/cancelservice/cancel/ff95d1ed-c8d7-4e19-b869-3db2e92ee568","UNKNOWN_TYPE","UNKNOWN_LAYER",1,3.0,0.0,0.0,0.0
"dHMtY2FuY2VsLXNlcnZpY2U=.1","POST:/api/v1/cancelservice/cancel/a958ab8e-8884-412a-8b74-ad81ae01207a","UNKNOWN_TYPE","UNKNOWN_LAYER",1,5.0,0.0,0.0,0.0
"dHMtZ2F0ZXdheS1zZXJ2aWNl.1","POST:/api/v1/cancelservice/cancel/9a1def22-7357-4448-955c-e8b5a80e4c0e","UNKNOWN_TYPE","UNKNOWN_LAYER",1,1.0,0.0,0.0,0.0
"dHMtY2FuY2VsLXNlcnZpY2U=.1","POST:/api/v1/cancelservice/cancel/64c17932-632f-4920-a9de-c342685b256c","UNKNOWN_TYPE","UNKNOWN_LAYER",1,4.0,0.0,0.0,0.0
"dHMtZ2F0ZXdheS1zZXJ2aWNl.1","POST:/api/v1/cancelservice/cancel/ccf031f4-8d99-49cc-b35c-285d364e6e7c","UNKNOWN_TYPE","UNKNOWN_LAYER",1,1.0,0.0,0.0,0.0
"dHMtY2FuY2VsLXNlcnZpY2U=.1","POST:/api/v1/cancelservice/cancel/df257a9a-858e-4bc5-a237-3b07d25a1456","UNKNOWN_TYPE","UNKNOWN_LAYER",1,3.0,0.0,0.0,0.0
"dHMtY2FuY2VsLXNlcnZpY2U=.1","POST:/api/v1/cancelservice/cancel/120dc75a-568a-46b8-a261-31a5ab9e8497","UNKNOWN_TYPE","UNKNOWN_LAYER",1,4.0,0.0,0.0,0.0
"dHMtY2FuY2VsLXNlcnZpY2U=.1","POST:/api/v1/cancelservice/cancel/592532ac-f322-42b9-ae7f-2b26e0646621","UNKNOWN_TYPE","UNKNOWN_LAYER",1,20.0,0.0,0.0,0.0
"dHMtZ2F0ZXdheS1zZXJ2aWNl.1","POST:/api/v1/cancelservice/cancel/3cb31799-c38b-4d47-9d6e-cdba9831806e","UNKNOWN_TYPE","UNKNOWN_LAYER",1,2.0,0.0,0.0,0.0
"dHMtY2FuY2VsLXNlcnZpY2U=.1","POST:/api/v1/cancelservice/cancel/b67388db-ef9a-430e-80fc-081b87f5f495","UNKNOWN_TYPE","UNKNOWN_LAYER",1,6.0,0.0,0.0,0.0
"dHMtZ2F0ZXdheS1zZXJ2aWNl.1","POST:/api/v1/cancelservice/cancel/b67388db-ef9a-430e-80fc-081b87f5f495","UNKNOWN_TYPE","UNKNOWN_LAYER",1,1.0,0.0,0.0,0.0
"dHMtY2FuY2VsLXNlcnZpY2U=.1","POST:/api/v1/cancelservice/cancel/375a2466-32fa-422c-be01-10911eb624cf","UNKNOWN_TYPE","UNKNOWN_LAYER",1,5.0,0.0,0.0,0.0
"dHMtY2FuY2VsLXNlcnZpY2U=.1","POST:/api/v1/cancelservice/cancel/beb4925f-ac6f-4f5f-ba7c-e53fdc3e9aa8","UNKNOWN_TYPE","UNKNOWN_LAYER",1,5.0,0.0,0.0,0.0
"dHMtZ2F0ZXdheS1zZXJ2aWNl.1","POST:/api/v1/cancelservice/cancel/7ad7f5ae-4e65-4382-805f-bd5e3d5db4f8","UNKNOWN_TYPE","UNKNOWN_LAYER",1,1.0,0.0,0.0,0.0
"dHMtY2FuY2VsLXNlcnZpY2U=.1","POST:/api/v1/cancelservice/cancel/3488416a-bef8-4437-9452-d978c899b7f4","UNKNOWN_TYPE","UNKNOWN_LAYER",1,5.0,0.0,0.0,0.0
"dHMtY2FuY2VsLXNlcnZpY2U=.1","POST:/api/v1/cancelservice/cancel/695cfde4-b9d4-414c-a8be-548db4166810","UNKNOWN_TYPE","UNKNOWN_LAYER",1,8.0,0.0,0.0,0.0
"dHMtY2FuY2VsLXNlcnZpY2U=.1","POST:/api/v1/cancelservice/cancel/569b42e1-63c3-4936-a895-149cdd394fe7","UNKNOWN_TYPE","UNKNOWN_LAYER",1,6.0,0.0,0.0,0.0
"dHMtZ2F0ZXdheS1zZXJ2aWNl.1","POST:/api/v1/cancelservice/cancel/3a3faf52-a907-4cd7-8444-cd72370af99f","UNKNOWN_TYPE","UNKNOWN_LAYER",1,1.0,0.0,0.0,0.0
"dHMtZ2F0ZXdheS1zZXJ2aWNl.1","POST:/api/v1/cancelservice/cancel/87df0cb3-23e2-4aa8-b852-75af758d6795","UNKNOWN_TYPE","UNKNOWN_LAYER",1,1.0,0.0,0.0,0.0
"dHMtZ2F0ZXdheS1zZXJ2aWNl.1","POST:/api/v1/cancelservice/cancel/98c11c13-eb2b-4ee0-8a2d-8f8a75434e8d","UNKNOWN_TYPE","UNKNOWN_LAYER",1,1.0,0.0,0.0,0.0
"dHMtZ2F0ZXdheS1zZXJ2aWNl.1","POST:/api/v1/cancelservice/cancel/7e375b7c-2a8c-48fa-b318-802a39c7d76f","UNKNOWN_TYPE","UNKNOWN_LAYER",1,1.0,0.0,0.0,0.0
"dHMtZ2F0ZXdheS1zZXJ2aWNl.1","POST:/api/v1/cancelservice/cancel/f3999962-d7a7-44c8-8ec2-36a42b75a69b","UNKNOWN_TYPE","UNKNOWN_LAYER",1,1.0,0.0,0.0,0.0
"dHMtY2FuY2VsLXNlcnZpY2U=.1","POST:/api/v1/cancelservice/cancel/8ef0271a-da24-4560-914f-4e0a381fd03e","UNKNOWN_TYPE","UNKNOWN_LAYER",1,4.0,0.0,0.0,0.0
"dHMtZ2F0ZXdheS1zZXJ2aWNl.1","POST:/api/v1/cancelservice/cancel/fc555997-5cb1-4670-90d1-6d694bffee6b","UNKNOWN_TYPE","UNKNOWN_LAYER",1,1.0,0.0,0.0,0.0
"dHMtZ2F0ZXdheS1zZXJ2aWNl.1","POST:/api/v1/cancelservice/cancel/00e3bf22-0eb3-4719-a864-3b8f750de52a","UNKNOWN_TYPE","UNKNOWN_LAYER",1,2.0,0.0,0.0,0.0
"dHMtY2FuY2VsLXNlcnZpY2U=.1","POST:/api/v1/cancelservice/cancel/7a41acfa-8f28-4927-aded-64e3af16712e","UNKNOWN_TYPE","UNKNOWN_LAYER",1,3.0,0.0,0.0,0.0
"dHMtZ2F0ZXdheS1zZXJ2aWNl.1","POST:/api/v1/cancelservice/cancel/6e565db0-4a13-481e-a15b-618e30f92176","UNKNOWN_TYPE","UNKNOWN_LAYER",1,1.0,0.0,0.0,0.0
"dHMtY2FuY2VsLXNlcnZpY2U=.1","POST:/api/v1/cancelservice/cancel/72f3e8fd-dc54-4af4-8e16-d2ae76a1c51f","UNKNOWN_TYPE","UNKNOWN_LAYER",1,4.0,0.0,0.0,0.0
"dHMtY2FuY2VsLXNlcnZpY2U=.1","POST:/api/v1/cancelservice/cancel/866e3ee7-b172-464f-8729-f2a532232793","UNKNOWN_TYPE","UNKNOWN_LAYER",1,3.0,0.0,0.0,0.0
"dHMtZ2F0ZXdheS1zZXJ2aWNl.1","POST:/api/v1/cancelservice/cancel/85bf876e-54c4-4613-b0e5-b5761242a451","UNKNOWN_TYPE","UNKNOWN_LAYER",1,2.0,0.0,0.0,0.0
"dHMtZ2F0ZXdheS1zZXJ2aWNl.1","POST:/api/v1/cancelservice/cancel/67741f97-a6d7-4ce3-901e-270108d5080b","UNKNOWN_TYPE","UNKNOWN_LAYER",1,2.0,0.0,0.0,0.0
"dHMtY2FuY2VsLXNlcnZpY2U=.1","POST:/api/v1/cancelservice/cancel/2c916082-4e91-47bd-9838-fad545a49865","UNKNOWN_TYPE","UNKNOWN_LAYER",1,5.0,0.0,0.0,0.0
"dHMtY2FuY2VsLXNlcnZpY2U=.1","POST:/api/v1/cancelservice/cancel/21957e4d-bee9-44e0-bd3b-aa01865f0526","UNKNOWN_TYPE","UNKNOWN_LAYER",1,4.0,0.0,0.0,0.0
"dHMtY2FuY2VsLXNlcnZpY2U=.1","POST:/api/v1/cancelservice/cancel/6ce62597-3e9a-486a-a017-cfbc11eef01a","UNKNOWN_TYPE","UNKNOWN_LAYER",1,4.0,0.0,0.0,0.0
"dHMtZ2F0ZXdheS1zZXJ2aWNl.1","POST:/api/v1/cancelservice/cancel/c64ca9c9-8ae1-4c36-8f3d-d848346c2bec","UNKNOWN_TYPE","UNKNOWN_LAYER",1,1.0,0.0,0.0,0.0
"dHMtZ2F0ZXdheS1zZXJ2aWNl.1","POST:/api/v1/cancelservice/cancel/19037a6b-0cd4-44f8-9b13-96e6e3a75cde","UNKNOWN_TYPE","UNKNOWN_LAYER",1,1.0,0.0,0.0,0.0
"dHMtY2FuY2VsLXNlcnZpY2U=.1","POST:/api/v1/cancelservice/cancel/baa16e67-8e18-428a-80ff-45226d915735","UNKNOWN_TYPE","UNKNOWN_LAYER",1,4.0,0.0,0.0,0.0
"dHMtZ2F0ZXdheS1zZXJ2aWNl.1","POST:/api/v1/cancelservice/cancel/fdde6046-6881-442c-8ca5-325c697c8bc5","UNKNOWN_TYPE","UNKNOWN_LAYER",1,2.0,0.0,0.0,0.0
"dHMtZ2F0ZXdheS1zZXJ2aWNl.1","POST:/api/v1/cancelservice/cancel/8609b018-c914-4236-b97c-8705eca53668","UNKNOWN_TYPE","UNKNOWN_LAYER",1,1.0,0.0,0.0,0.0
"dHMtY2FuY2VsLXNlcnZpY2U=.1","POST:/api/v1/cancelservice/cancel/867e9a0c-d1dd-4339-a860-dc8bd0567e98","UNKNOWN_TYPE","UNKNOWN_LAYER",1,4.0,0.0,0.0,0.0
"dHMtZ2F0ZXdheS1zZXJ2aWNl.1","POST:/api/v1/cancelservice/cancel/867e9a0c-d1dd-4339-a860-dc8bd0567e98","UNKNOWN_TYPE","UNKNOWN_LAYER",1,2.0,0.0,0.0,0.0
"dHMtY2FuY2VsLXNlcnZpY2U=.1","POST:/api/v1/cancelservice/cancel/c8464e28-db62-428f-879e-63b405d89e31","UNKNOWN_TYPE","UNKNOWN_LAYER",1,5.0,0.0,0.0,0.0
"dHMtY2FuY2VsLXNlcnZpY2U=.1","POST:/api/v1/cancelservice/cancel/5c3e6d30-fd9e-4084-ab84-ca98f5b4ab99","UNKNOWN_TYPE","UNKNOWN_LAYER",1,5.0,0.0,0.0,0.0
"dHMtZ2F0ZXdheS1zZXJ2aWNl.1","POST:/api/v1/cancelservice/cancel/b20ac8e7-34e3-4d1a-a10b-5ca5006aed31","UNKNOWN_TYPE","UNKNOWN_LAYER",1,1.0,0.0,0.0,0.0
"dHMtZ2F0ZXdheS1zZXJ2aWNl.1","POST:/api/v1/cancelservice/cancel/03e2efd3-40ba-45de-a85a-277ec4892aa4","UNKNOWN_TYPE","UNKNOWN_LAYER",1,1.0,0.0,0.0,0.0
"dHMtY2FuY2VsLXNlcnZpY2U=.1","POST:/api/v1/cancelservice/cancel/1be67d44-0438-4ce8-ad20-38a12aeed2c1","UNKNOWN_TYPE","UNKNOWN_LAYER",1,4.0,0.0,0.0,0.0
"dHMtZ2F0ZXdheS1zZXJ2aWNl.1","POST:/api/v1/cancelservice/cancel/c179b25c-b53c-4423-8aaa-57b250c9d282","UNKNOWN_TYPE","UNKNOWN_LAYER",1,1.0,0.0,0.0,0.0
"dHMtZ2F0ZXdheS1zZXJ2aWNl.1","POST:/api/v1/cancelservice/cancel/788c5f8f-2caa-4af2-baf8-085fdca7dea7","UNKNOWN_TYPE","UNKNOWN_LAYER",1,1.0,0.0,0.0,0.0
"dHMtZ2F0ZXdheS1zZXJ2aWNl.1","POST:/api/v1/cancelservice/cancel/cd99a8dc-9d7d-4a07-8129-fb6b31157f79","UNKNOWN_TYPE","UNKNOWN_LAYER",1,1.0,0.0,0.0,0.0
"dHMtZ2F0ZXdheS1zZXJ2aWNl.1","POST:/api/v1/cancelservice/cancel/552f70be-28cd-4136-829a-535760bb35d2","UNKNOWN_TYPE","UNKNOWN_LAYER",1,1.0,0.0,0.0,0.0
"dHMtY2FuY2VsLXNlcnZpY2U=.1","POST:/api/v1/cancelservice/cancel/b3fe801a-8172-46cd-b612-064cf33140af","UNKNOWN_TYPE","UNKNOWN_LAYER",1,3.0,0.0,0.0,0.0
"dHMtZ2F0ZXdheS1zZXJ2aWNl.1","POST:/api/v1/cancelservice/cancel/2260a93f-f286-474e-b63f-6b940396131f","UNKNOWN_TYPE","UNKNOWN_LAYER",1,1.0,0.0,0.0,0.0
"dHMtZ2F0ZXdheS1zZXJ2aWNl.1","POST:/api/v1/cancelservice/cancel/db46b664-2fd7-4568-a599-91fe6e708b7c","UNKNOWN_TYPE","UNKNOWN_LAYER",1,2.0,0.0,0.0,0.0
"dHMtZ2F0ZXdheS1zZXJ2aWNl.1","POST:/api/v1/cancelservice/cancel/e060298c-5a3c-4718-a9e8-5a6368c1b078","UNKNOWN_TYPE","UNKNOWN_LAYER",1,1.0,0.0,0.0,0.0
"dHMtZ2F0ZXdheS1zZXJ2aWNl.1","POST:/api/v1/cancelservice/cancel/e7c4fb6e-09e9-45c2-a8a2-d208ad7f0073","UNKNOWN_TYPE","UNKNOWN_LAYER",1,1.0,0.0,0.0,0.0
"dHMtY2FuY2VsLXNlcnZpY2U=.1","POST:/api/v1/cancelservice/cancel/9fbc33a0-0f26-4c4d-a77b-445092313d4b","UNKNOWN_TYPE","UNKNOWN_LAYER",1,4.0,0.0,0.0,0.0
"dHMtZ2F0ZXdheS1zZXJ2aWNl.1","POST:/api/v1/cancelservice/cancel/1cd16e1d-8aa7-4f21-896b-8450ebad335e","UNKNOWN_TYPE","UNKNOWN_LAYER",1,1.0,0.0,0.0,0.0
"dHMtY2FuY2VsLXNlcnZpY2U=.1","POST:/api/v1/cancelservice/cancel/1d292bc0-0dc3-48bf-897c-14250c2c8adc","UNKNOWN_TYPE","UNKNOWN_LAYER",1,4.0,0.0,0.0,0.0
"dHMtZ2F0ZXdheS1zZXJ2aWNl.1","POST:/api/v1/cancelservice/cancel/1025c2b8-aa40-4ad6-9f0f-f671512c5986","UNKNOWN_TYPE","UNKNOWN_LAYER",1,1.0,0.0,0.0,0.0
"dHMtZ2F0ZXdheS1zZXJ2aWNl.1","POST:/api/v1/cancelservice/cancel/ce07f9a8-f901-4f3d-bc13-324d6006b868","UNKNOWN_TYPE","UNKNOWN_LAYER",1,1.0,0.0,0.0,0.0
"dHMtY2FuY2VsLXNlcnZpY2U=.1","POST:/api/v1/cancelservice/cancel/ce07f9a8-f901-4f3d-bc13-324d6006b868","UNKNOWN_TYPE","UNKNOWN_LAYER",1,3.0,0.0,0.0,0.0
"dHMtZ2F0ZXdheS1zZXJ2aWNl.1","POST:/api/v1/cancelservice/cancel/52474ca1-4a9e-4176-b891-6282a629dbe5","UNKNOWN_TYPE","UNKNOWN_LAYER",1,1.0,0.0,0.0,0.0
"dHMtY2FuY2VsLXNlcnZpY2U=.1","POST:/api/v1/cancelservice/cancel/52474ca1-4a9e-4176-b891-6282a629dbe5","UNKNOWN_TYPE","UNKNOWN_LAYER",1,3.0,0.0,0.0,0.0
"dHMtZ2F0ZXdheS1zZXJ2aWNl.1","POST:/api/v1/cancelservice/cancel/095c155b-ea76-4f7f-a3b1-353f6635b76e","UNKNOWN_TYPE","UNKNOWN_LAYER",1,1.0,0.0,0.0,0.0
"dHMtZ2F0ZXdheS1zZXJ2aWNl.1","POST:/api/v1/cancelservice/cancel/58881eaa-0d84-49a5-ad6b-440bb85c8bb3","UNKNOWN_TYPE","UNKNOWN_LAYER",1,1.0,0.0,0.0,0.0
"dHMtY2FuY2VsLXNlcnZpY2U=.1","POST:/api/v1/cancelservice/cancel/58881eaa-0d84-49a5-ad6b-440bb85c8bb3","UNKNOWN_TYPE","UNKNOWN_LAYER",1,4.0,0.0,0.0,0.0
"dHMtZ2F0ZXdheS1zZXJ2aWNl.1","POST:/api/v1/cancelservice/cancel/c74a8ae7-b40e-4f25-bbea-7ec16a64308c","UNKNOWN_TYPE","UNKNOWN_LAYER",1,1.0,0.0,0.0,0.0
"dHMtY2FuY2VsLXNlcnZpY2U=.1","POST:/api/v1/cancelservice/cancel/c74a8ae7-b40e-4f25-bbea-7ec16a64308c","UNKNOWN_TYPE","UNKNOWN_LAYER",1,3.0,0.0,0.0,0.0
"dHMtY2FuY2VsLXNlcnZpY2U=.1","POST:/api/v1/cancelservice/cancel/60aa1a37-5a7d-42fb-baf5-6288789f6317","UNKNOWN_TYPE","UNKNOWN_LAYER",1,3.0,0.0,0.0,0.0
"dHMtY2FuY2VsLXNlcnZpY2U=.1","POST:/api/v1/cancelservice/cancel/943b1541-aa54-4d91-b996-c94d8e36e89a","UNKNOWN_TYPE","UNKNOWN_LAYER",1,3.0,0.0,0.0,0.0
"dHMtZ2F0ZXdheS1zZXJ2aWNl.1","POST:/api/v1/cancelservice/cancel/943b1541-aa54-4d91-b996-c94d8e36e89a","UNKNOWN_TYPE","UNKNOWN_LAYER",1,0.0,0.0,0.0,0.0
"dHMtY2FuY2VsLXNlcnZpY2U=.1","POST:/api/v1/cancelservice/cancel/5f1deed3-1378-436a-8fe3-c07404d22252","UNKNOWN_TYPE","UNKNOWN_LAYER",1,3.0,0.0,0.0,0.0
"dHMtZ2F0ZXdheS1zZXJ2aWNl.1","POST:/api/v1/cancelservice/cancel/79e0c677-8407-4fe4-9213-13b096b26dc4","UNKNOWN_TYPE","UNKNOWN_LAYER",1,1.0,0.0,0.0,0.0
"dHMtY2FuY2VsLXNlcnZpY2U=.1","POST:/api/v1/cancelservice/cancel/9a92e5b9-06a6-4378-8161-ec0048887cd0","UNKNOWN_TYPE","UNKNOWN_LAYER",1,3.0,0.0,0.0,0.0
"dHMtZ2F0ZXdheS1zZXJ2aWNl.1","POST:/api/v1/cancelservice/cancel/21a8ed3c-dc39-4323-aa53-80530416574c","UNKNOWN_TYPE","UNKNOWN_LAYER",1,1.0,0.0,0.0,0.0
"dHMtY2FuY2VsLXNlcnZpY2U=.1","POST:/api/v1/cancelservice/cancel/393e38bb-5aae-4c7c-99bb-f77edb2c79d5","UNKNOWN_TYPE","UNKNOWN_LAYER",1,3.0,0.0,0.0,0.0
"dHMtY2FuY2VsLXNlcnZpY2U=.1","POST:/api/v1/cancelservice/cancel/34c48fc3-eb04-4bba-95d0-3908da71381c","UNKNOWN_TYPE","UNKNOWN_LAYER",1,3.0,0.0,0.0,0.0
"dHMtY2FuY2VsLXNlcnZpY2U=.1","POST:/api/v1/cancelservice/cancel/e78af78b-94ea-434b-967f-c8595ae3ad38","UNKNOWN_TYPE","UNKNOWN_LAYER",1,13.0,0.0,0.0,0.0
"dHMtZ2F0ZXdheS1zZXJ2aWNl.1","POST:/api/v1/cancelservice/cancel/58073f0a-b3bd-4824-88e4-2c206cacd733","UNKNOWN_TYPE","UNKNOWN_LAYER",1,1.0,0.0,0.0,0.0
"dHMtY2FuY2VsLXNlcnZpY2U=.1","POST:/api/v1/cancelservice/cancel/58073f0a-b3bd-4824-88e4-2c206cacd733","UNKNOWN_TYPE","UNKNOWN_LAYER",1,3.0,0.0,0.0,0.0
"dHMtY2FuY2VsLXNlcnZpY2U=.1","POST:/api/v1/cancelservice/cancel/21b09138-3273-48b5-a16f-9592d0c30031","UNKNOWN_TYPE","UNKNOWN_LAYER",1,3.0,0.0,0.0,0.0
"dHMtY2FuY2VsLXNlcnZpY2U=.1","POST:/api/v1/cancelservice/cancel/dbd5a030-f763-4fd8-bfeb-4b43e3ab7c8a","UNKNOWN_TYPE","UNKNOWN_LAYER",1,4.0,0.0,0.0,0.0
"dHMtZ2F0ZXdheS1zZXJ2aWNl.1","POST:/api/v1/cancelservice/cancel/31890979-baee-4237-b90a-e6028b0b03e5","UNKNOWN_TYPE","UNKNOWN_LAYER",1,1.0,0.0,0.0,0.0
"dHMtZ2F0ZXdheS1zZXJ2aWNl.1","POST:/api/v1/cancelservice/cancel/0be492cb-dbcb-43b8-b44e-530cfa21bf53","UNKNOWN_TYPE","UNKNOWN_LAYER",1,1.0,0.0,0.0,0.0
"dHMtZ2F0ZXdheS1zZXJ2aWNl.1","POST:/api/v1/cancelservice/cancel/4211a20b-42c2-44cc-9eb2-8079366bc52d","UNKNOWN_TYPE","UNKNOWN_LAYER",1,1.0,0.0,0.0,0.0
"dHMtY2FuY2VsLXNlcnZpY2U=.1","POST:/api/v1/cancelservice/cancel/4211a20b-42c2-44cc-9eb2-8079366bc52d","UNKNOWN_TYPE","UNKNOWN_LAYER",1,4.0,0.0,0.0,0.0
"dHMtY2FuY2VsLXNlcnZpY2U=.1","POST:/api/v1/cancelservice/cancel/603eaa7c-63f8-4bae-ad9f-731530073a7f","UNKNOWN_TYPE","UNKNOWN_LAYER",1,3.0,0.0,0.0,0.0
"dHMtZ2F0ZXdheS1zZXJ2aWNl.1","POST:/api/v1/cancelservice/cancel/c2c3661d-7d3e-4fd0-aae4-75d4f115e0e6","UNKNOWN_TYPE","UNKNOWN_LAYER",1,1.0,0.0,0.0,0.0
"dHMtY2FuY2VsLXNlcnZpY2U=.1","POST:/api/v1/cancelservice/cancel/c2c3661d-7d3e-4fd0-aae4-75d4f115e0e6","UNKNOWN_TYPE","UNKNOWN_LAYER",1,3.0,0.0,0.0,0.0
"dHMtY2FuY2VsLXNlcnZpY2U=.1","POST:/api/v1/cancelservice/cancel/de1d5245-7625-4a51-91fe-8565bd89ff17","UNKNOWN_TYPE","UNKNOWN_LAYER",1,3.0,0.0,0.0,0.0
"dHMtY2FuY2VsLXNlcnZpY2U=.1","POST:/api/v1/cancelservice/cancel/d9ef4925-45b6-4e69-bc8b-04c714a80add","UNKNOWN_TYPE","UNKNOWN_LAYER",1,4.0,0.0,0.0,0.0
"dHMtZ2F0ZXdheS1zZXJ2aWNl.1","POST:/api/v1/cancelservice/cancel/d9ef4925-45b6-4e69-bc8b-04c714a80add","UNKNOWN_TYPE","UNKNOWN_LAYER",1,1.0,0.0,0.0,0.0
"dHMtY2FuY2VsLXNlcnZpY2U=.1","POST:/api/v1/cancelservice/cancel/097214c4-dc12-475a-adbc-1437a94cde05","UNKNOWN_TYPE","UNKNOWN_LAYER",1,3.0,0.0,0.0,0.0
"dHMtY2FuY2VsLXNlcnZpY2U=.1","POST:/api/v1/cancelservice/cancel/c7b33dfd-f484-43b8-9a10-47155a79de4e","UNKNOWN_TYPE","UNKNOWN_LAYER",1,3.0,0.0,0.0,0.0
"dHMtY2FuY2VsLXNlcnZpY2U=.1","POST:/api/v1/cancelservice/cancel/cbaa7ae5-0993-4962-abbe-227144199206","UNKNOWN_TYPE","UNKNOWN_LAYER",1,3.0,0.0,0.0,0.0
"dHMtZ2F0ZXdheS1zZXJ2aWNl.1","POST:/api/v1/cancelservice/cancel/e2396f66-ec9e-4c2c-8454-b647c8ba0d34","UNKNOWN_TYPE","UNKNOWN_LAYER",1,1.0,0.0,0.0,0.0
"dHMtZ2F0ZXdheS1zZXJ2aWNl.1","POST:/api/v1/cancelservice/cancel/237b16ad-caff-4fd2-9561-76c008dc8b88","UNKNOWN_TYPE","UNKNOWN_LAYER",1,1.0,0.0,0.0,0.0
"dHMtY2FuY2VsLXNlcnZpY2U=.1","POST:/api/v1/cancelservice/cancel/237b16ad-caff-4fd2-9561-76c008dc8b88","UNKNOWN_TYPE","UNKNOWN_LAYER",1,4.0,0.0,0.0,0.0
"dHMtY2FuY2VsLXNlcnZpY2U=.1","POST:/api/v1/cancelservice/cancel/c23a5b43-3610-4b68-96b9-dd754252e3fe","UNKNOWN_TYPE","UNKNOWN_LAYER",1,5.0,0.0,0.0,0.0
"dHMtY2FuY2VsLXNlcnZpY2U=.1","POST:/api/v1/cancelservice/cancel/84db6ebb-9551-442a-a201-caaae579882a","UNKNOWN_TYPE","UNKNOWN_LAYER",1,3.0,0.0,0.0,0.0
"dHMtY2FuY2VsLXNlcnZpY2U=.1","POST:/api/v1/cancelservice/cancel/3173142c-b8ca-4ca5-8646-e96d7a017583","UNKNOWN_TYPE","UNKNOWN_LAYER",1,3.0,0.0,0.0,0.0
"dHMtY2FuY2VsLXNlcnZpY2U=.1","POST:/api/v1/cancelservice/cancel/2b29117c-86d0-4592-a4c1-59cd54c50a78","UNKNOWN_TYPE","UNKNOWN_LAYER",1,3.0,0.0,0.0,0.0
"dHMtY2FuY2VsLXNlcnZpY2U=.1","POST:/api/v1/cancelservice/cancel/ae3585a0-0d63-454b-b90f-1a82f1b228a2","UNKNOWN_TYPE","UNKNOWN_LAYER",1,3.0,0.0,0.0,0.0
"dHMtY2FuY2VsLXNlcnZpY2U=.1","POST:/api/v1/cancelservice/cancel/72079e90-2aaf-431f-8718-bf1253c22ba5","UNKNOWN_TYPE","UNKNOWN_LAYER",1,3.0,0.0,0.0,0.0
"dHMtZ2F0ZXdheS1zZXJ2aWNl.1","POST:/api/v1/cancelservice/cancel/1a971dee-0a1f-4f7e-956c-aa90f3d09e30","UNKNOWN_TYPE","UNKNOWN_LAYER",1,0.0,0.0,0.0,0.0
"dHMtZ2F0ZXdheS1zZXJ2aWNl.1","POST:/api/v1/cancelservice/cancel/6de54f70-2c0d-4505-82b8-ea430832b623","UNKNOWN_TYPE","UNKNOWN_LAYER",1,1.0,0.0,0.0,0.0
"dHMtY2FuY2VsLXNlcnZpY2U=.1","POST:/api/v1/cancelservice/cancel/eb165de3-ad3b-4874-b947-a14947675d89","UNKNOWN_TYPE","UNKNOWN_LAYER",1,90.0,0.0,0.0,0.0
"dHMtY2FuY2VsLXNlcnZpY2U=.1","POST:/api/v1/cancelservice/cancel/1e0a1e5d-8dcd-4454-9157-0013534d2132","UNKNOWN_TYPE","UNKNOWN_LAYER",1,4.0,0.0,0.0,0.0
"dHMtY2FuY2VsLXNlcnZpY2U=.1","POST:/api/v1/cancelservice/cancel/2214d414-be5d-456b-bd62-872ff18771f3","UNKNOWN_TYPE","UNKNOWN_LAYER",1,3.0,0.0,0.0,0.0
"dHMtY2FuY2VsLXNlcnZpY2U=.1","POST:/api/v1/cancelservice/cancel/237131e0-1bae-4e09-996a-8e79e568faa0","UNKNOWN_TYPE","UNKNOWN_LAYER",1,4.0,0.0,0.0,0.0
"dHMtY2FuY2VsLXNlcnZpY2U=.1","POST:/api/v1/cancelservice/cancel/279b958f-4752-4776-a58a-462bc42e3266","UNKNOWN_TYPE","UNKNOWN_LAYER",1,3.0,0.0,0.0,0.0
"dHMtZ2F0ZXdheS1zZXJ2aWNl.1","POST:/api/v1/cancelservice/cancel/5c4a2922-e4e6-43a5-b55f-1bc1621e2c1e","UNKNOWN_TYPE","UNKNOWN_LAYER",1,1.0,0.0,0.0,0.0
"dHMtZ2F0ZXdheS1zZXJ2aWNl.1","POST:/api/v1/cancelservice/cancel/af673545-cde8-4a8c-a34b-1b2fbbad9fdb","UNKNOWN_TYPE","UNKNOWN_LAYER",1,1.0,0.0,0.0,0.0
"dHMtY2FuY2VsLXNlcnZpY2U=.1","POST:/api/v1/cancelservice/cancel/5227ac9d-1721-4a2d-97b9-e74255e2b4be","UNKNOWN_TYPE","UNKNOWN_LAYER",1,4.0,0.0,0.0,0.0
"dHMtZ2F0ZXdheS1zZXJ2aWNl.1","POST:/api/v1/cancelservice/cancel/ae119ac7-90ce-421c-ba82-20032bcc84c8","UNKNOWN_TYPE","UNKNOWN_LAYER",1,1.0,0.0,0.0,0.0
"dHMtZ2F0ZXdheS1zZXJ2aWNl.1","POST:/api/v1/cancelservice/cancel/2aa3db77-0c5b-4e4e-9068-e59fcf415aac","UNKNOWN_TYPE","UNKNOWN_LAYER",1,1.0,0.0,0.0,0.0
"dHMtY2FuY2VsLXNlcnZpY2U=.1","POST:/api/v1/cancelservice/cancel/2aa3db77-0c5b-4e4e-9068-e59fcf415aac","UNKNOWN_TYPE","UNKNOWN_LAYER",1,3.0,0.0,0.0,0.0
"dHMtY2FuY2VsLXNlcnZpY2U=.1","POST:/api/v1/cancelservice/cancel/0caa4d56-8668-4ca0-b4fc-ab5551ff5d46","UNKNOWN_TYPE","UNKNOWN_LAYER",1,4.0,0.0,0.0,0.0
"dHMtY2FuY2VsLXNlcnZpY2U=.1","POST:/api/v1/cancelservice/cancel/fa527883-25b7-4102-88b0-f3eda1714a50","UNKNOWN_TYPE","UNKNOWN_LAYER",1,3.0,0.0,0.0,0.0
"dHMtZ2F0ZXdheS1zZXJ2aWNl.1","POST:/api/v1/cancelservice/cancel/44888a31-7b61-4ad0-bb17-80bae157d64a","UNKNOWN_TYPE","UNKNOWN_LAYER",1,1.0,0.0,0.0,0.0
"dHMtZ2F0ZXdheS1zZXJ2aWNl.1","POST:/api/v1/cancelservice/cancel/6c84bf86-63ac-49d2-ab2a-38d09ff0bf2b","UNKNOWN_TYPE","UNKNOWN_LAYER",1,1.0,0.0,0.0,0.0
"dHMtZ2F0ZXdheS1zZXJ2aWNl.1","POST:/api/v1/cancelservice/cancel/fc861d8c-c168-44f9-ba4a-b02667017025","UNKNOWN_TYPE","UNKNOWN_LAYER",1,1.0,0.0,0.0,0.0
"dHMtZ2F0ZXdheS1zZXJ2aWNl.1","POST:/api/v1/cancelservice/cancel/6fd8ae43-d795-43c0-afed-ccac16e4fad7","UNKNOWN_TYPE","UNKNOWN_LAYER",1,1.0,0.0,0.0,0.0
"dHMtY2FuY2VsLXNlcnZpY2U=.1","POST:/api/v1/cancelservice/cancel/6fd8ae43-d795-43c0-afed-ccac16e4fad7","UNKNOWN_TYPE","UNKNOWN_LAYER",1,3.0,0.0,0.0,0.0
"dHMtY2FuY2VsLXNlcnZpY2U=.1","POST:/api/v1/cancelservice/cancel/38bb0f7b-8c1e-444d-a1d4-227e95b7e4fa","UNKNOWN_TYPE","UNKNOWN_LAYER",1,16.0,0.0,0.0,0.0
"dHMtZ2F0ZXdheS1zZXJ2aWNl.1","POST:/api/v1/cancelservice/cancel/b3766968-b0f6-4b18-9579-d053bb4ae423","UNKNOWN_TYPE","UNKNOWN_LAYER",1,1.0,0.0,0.0,0.0
"dHMtY2FuY2VsLXNlcnZpY2U=.1","POST:/api/v1/cancelservice/cancel/0133af97-a6c9-4526-a858-d8611686ce77","UNKNOWN_TYPE","UNKNOWN_LAYER",1,4.0,0.0,0.0,0.0
"dHMtZ2F0ZXdheS1zZXJ2aWNl.1","POST:/api/v1/cancelservice/cancel/55bea46b-f891-4dd9-aa36-241cfedbd733","UNKNOWN_TYPE","UNKNOWN_LAYER",1,1.0,0.0,0.0,0.0
"dHMtY2FuY2VsLXNlcnZpY2U=.1","POST:/api/v1/cancelservice/cancel/5b0e5220-4d0b-4e5e-82e6-0335909e87f5","UNKNOWN_TYPE","UNKNOWN_LAYER",1,3.0,0.0,0.0,0.0
"dHMtZ2F0ZXdheS1zZXJ2aWNl.1","POST:/api/v1/cancelservice/cancel/5094c714-41e7-4dd9-833f-ec54052165b8","UNKNOWN_TYPE","UNKNOWN_LAYER",1,1.0,0.0,0.0,0.0
"dHMtY2FuY2VsLXNlcnZpY2U=.1","POST:/api/v1/cancelservice/cancel/5094c714-41e7-4dd9-833f-ec54052165b8","UNKNOWN_TYPE","UNKNOWN_LAYER",1,4.0,0.0,0.0,0.0
"dHMtZ2F0ZXdheS1zZXJ2aWNl.1","POST:/api/v1/cancelservice/cancel/4d330c37-82d6-4501-8df6-95bfc04adbab","UNKNOWN_TYPE","UNKNOWN_LAYER",1,1.0,0.0,0.0,0.0
"dHMtY2FuY2VsLXNlcnZpY2U=.1","POST:/api/v1/cancelservice/cancel/b8b74f07-139e-4429-9c8b-649d6a5496b7","UNKNOWN_TYPE","UNKNOWN_LAYER",1,13.0,0.0,0.0,0.0
"dHMtY2FuY2VsLXNlcnZpY2U=.1","POST:/api/v1/cancelservice/cancel/ab8e4eff-3a23-4081-82d7-b3c8c32e594c","UNKNOWN_TYPE","UNKNOWN_LAYER",1,3.0,0.0,0.0,0.0
"dHMtZ2F0ZXdheS1zZXJ2aWNl.1","POST:/api/v1/cancelservice/cancel/d58a04d6-93b7-4ec6-ba75-09574d5d2089","UNKNOWN_TYPE","UNKNOWN_LAYER",1,1.0,0.0,0.0,0.0
"dHMtY2FuY2VsLXNlcnZpY2U=.1","POST:/api/v1/cancelservice/cancel/d5b0468a-8c29-4025-a178-6b75ef229194","UNKNOWN_TYPE","UNKNOWN_LAYER",1,3.0,0.0,0.0,0.0
"dHMtY2FuY2VsLXNlcnZpY2U=.1","POST:/api/v1/cancelservice/cancel/7b7d5f1d-8a18-46dd-a079-ccfb4e8255f6","UNKNOWN_TYPE","UNKNOWN_LAYER",1,3.0,0.0,0.0,0.0
"dHMtY2FuY2VsLXNlcnZpY2U=.1","POST:/api/v1/cancelservice/cancel/93039e11-a489-4418-9de9-af7d14463219","UNKNOWN_TYPE","UNKNOWN_LAYER",1,3.0,0.0,0.0,0.0
"dHMtY2FuY2VsLXNlcnZpY2U=.1","POST:/api/v1/cancelservice/cancel/4b860cb4-58ae-4bcf-8649-04b0aa95b35f","UNKNOWN_TYPE","UNKNOWN_LAYER",1,3.0,0.0,0.0,0.0
"dHMtZ2F0ZXdheS1zZXJ2aWNl.1","POST:/api/v1/cancelservice/cancel/ccb8c485-8ce3-4b6e-849f-b4bef41752e1","UNKNOWN_TYPE","UNKNOWN_LAYER",1,1.0,0.0,0.0,0.0
"dHMtZ2F0ZXdheS1zZXJ2aWNl.1","POST:/api/v1/cancelservice/cancel/37e9c23f-f4d7-42b6-8715-400794babb2c","UNKNOWN_TYPE","UNKNOWN_LAYER",1,1.0,0.0,0.0,0.0
"dHMtY2FuY2VsLXNlcnZpY2U=.1","POST:/api/v1/cancelservice/cancel/894d4682-46bc-45bd-a378-8fd6fe644364","UNKNOWN_TYPE","UNKNOWN_LAYER",1,4.0,0.0,0.0,0.0
"dHMtZ2F0ZXdheS1zZXJ2aWNl.1","POST:/api/v1/cancelservice/cancel/3ad01339-f153-4007-8432-9825f5c875e7","UNKNOWN_TYPE","UNKNOWN_LAYER",1,1.0,0.0,0.0,0.0
"dHMtZ2F0ZXdheS1zZXJ2aWNl.1","POST:/api/v1/cancelservice/cancel/abce1262-dbed-48ce-bb7c-6cf318e13a6d","UNKNOWN_TYPE","UNKNOWN_LAYER",1,1.0,0.0,0.0,0.0
"dHMtZ2F0ZXdheS1zZXJ2aWNl.1","POST:/api/v1/cancelservice/cancel/c5237837-8a2e-44b1-adbb-8d9d16e36ec4","UNKNOWN_TYPE","UNKNOWN_LAYER",1,1.0,0.0,0.0,0.0
"dHMtZ2F0ZXdheS1zZXJ2aWNl.1","POST:/api/v1/cancelservice/cancel/cb341df0-9093-44c4-ac1b-6e06e539328d","UNKNOWN_TYPE","UNKNOWN_LAYER",1,1.0,0.0,0.0,0.0
"dHMtZ2F0ZXdheS1zZXJ2aWNl.1","POST:/api/v1/cancelservice/cancel/36b64276-f9f7-4c66-94ec-0009510f4319","UNKNOWN_TYPE","UNKNOWN_LAYER",1,2.0,0.0,0.0,0.0
"dHMtZ2F0ZXdheS1zZXJ2aWNl.1","POST:/api/v1/cancelservice/cancel/ab68a296-f83b-4cf9-9a10-810141d31d31","UNKNOWN_TYPE","UNKNOWN_LAYER",1,0.0,0.0,0.0,0.0
"dHMtY2FuY2VsLXNlcnZpY2U=.1","POST:/api/v1/cancelservice/cancel/132e0809-4d03-4f2c-b7d7-71571199b3e4","UNKNOWN_TYPE","UNKNOWN_LAYER",1,3.0,0.0,0.0,0.0
"dHMtZ2F0ZXdheS1zZXJ2aWNl.1","POST:/api/v1/cancelservice/cancel/ac2a89a8-76da-45c5-83b3-00c91c1ee7fc","UNKNOWN_TYPE","UNKNOWN_LAYER",1,1.0,0.0,0.0,0.0
"dHMtY2FuY2VsLXNlcnZpY2U=.1","POST:/api/v1/cancelservice/cancel/05d8330e-437a-49bf-ab1b-b812ea2d6b70","UNKNOWN_TYPE","UNKNOWN_LAYER",1,3.0,0.0,0.0,0.0
"dHMtY2FuY2VsLXNlcnZpY2U=.1","POST:/api/v1/cancelservice/cancel/a3e42876-5d71-4576-a635-4f561e1e3b25","UNKNOWN_TYPE","UNKNOWN_LAYER",1,3.0,0.0,0.0,0.0
"dHMtY2FuY2VsLXNlcnZpY2U=.1","POST:/api/v1/cancelservice/cancel/8f8fd4fd-8aeb-4bdb-8644-bbc68e37e4a2","UNKNOWN_TYPE","UNKNOWN_LAYER",1,2.0,0.0,0.0,0.0
"dHMtZ2F0ZXdheS1zZXJ2aWNl.1","POST:/api/v1/cancelservice/cancel/53ff9c5a-8c58-49f2-a59e-0a98ccae141d","UNKNOWN_TYPE","UNKNOWN_LAYER",1,1.0,0.0,0.0,0.0
"dHMtZ2F0ZXdheS1zZXJ2aWNl.1","POST:/api/v1/cancelservice/cancel/46ee66e4-41ec-441e-9b13-8aacb3cd4a65","UNKNOWN_TYPE","UNKNOWN_LAYER",1,1.0,0.0,0.0,0.0
"dHMtZ2F0ZXdheS1zZXJ2aWNl.1","POST:/api/v1/cancelservice/cancel/c88b7e76-97cc-4a2a-bb15-9f885f71285f","UNKNOWN_TYPE","UNKNOWN_LAYER",1,1.0,0.0,0.0,0.0
"dHMtY2FuY2VsLXNlcnZpY2U=.1","POST:/api/v1/cancelservice/cancel/45950280-5c1d-480c-8ba8-a6936bdfad5f","UNKNOWN_TYPE","UNKNOWN_LAYER",1,3.0,0.0,0.0,0.0
"dHMtZ2F0ZXdheS1zZXJ2aWNl.1","POST:/api/v1/cancelservice/cancel/affeb026-e5d2-48cf-99f7-d2af83f00843","UNKNOWN_TYPE","UNKNOWN_LAYER",1,1.0,0.0,0.0,0.0
"dHMtY2FuY2VsLXNlcnZpY2U=.1","POST:/api/v1/cancelservice/cancel/affeb026-e5d2-48cf-99f7-d2af83f00843","UNKNOWN_TYPE","UNKNOWN_LAYER",1,3.0,0.0,0.0,0.0
"dHMtY2FuY2VsLXNlcnZpY2U=.1","POST:/api/v1/cancelservice/cancel/dec764e0-2e0a-4825-8f37-a51f17af81a1","UNKNOWN_TYPE","UNKNOWN_LAYER",1,4.0,0.0,0.0,0.0
"dHMtZ2F0ZXdheS1zZXJ2aWNl.1","POST:/api/v1/cancelservice/cancel/629f4414-49f4-425b-bb18-5744314ea463","UNKNOWN_TYPE","UNKNOWN_LAYER",1,1.0,0.0,0.0,0.0
"dHMtZ2F0ZXdheS1zZXJ2aWNl.1","POST:/api/v1/cancelservice/cancel/1d0668cd-9c56-42aa-8ab9-29bfda4f230b","UNKNOWN_TYPE","UNKNOWN_LAYER",1,1.0,0.0,0.0,0.0
"dHMtZ2F0ZXdheS1zZXJ2aWNl.1","POST:/api/v1/cancelservice/cancel/faf8aa7c-1b09-4447-9d66-e8f17283971a","UNKNOWN_TYPE","UNKNOWN_LAYER",1,1.0,0.0,0.0,0.0
"dHMtY2FuY2VsLXNlcnZpY2U=.1","POST:/api/v1/cancelservice/cancel/0591d8e2-67eb-4440-b4ee-637a69bcc2d1","UNKNOWN_TYPE","UNKNOWN_LAYER",1,3.0,0.0,0.0,0.0
"dHMtY2FuY2VsLXNlcnZpY2U=.1","POST:/api/v1/cancelservice/cancel/4291b310-03b3-4e1d-8916-90f6c0ad82b6","UNKNOWN_TYPE","UNKNOWN_LAYER",1,4.0,0.0,0.0,0.0
"dHMtY2FuY2VsLXNlcnZpY2U=.1","POST:/api/v1/cancelservice/cancel/db948f47-bfc7-4917-bbe8-c7671d4e3a95","UNKNOWN_TYPE","UNKNOWN_LAYER",1,4.0,0.0,0.0,0.0
"dHMtZ2F0ZXdheS1zZXJ2aWNl.1","POST:/api/v1/cancelservice/cancel/c3418a22-291c-4145-849a-866018be0d1c","UNKNOWN_TYPE","UNKNOWN_LAYER",1,1.0,0.0,0.0,0.0
"dHMtZ2F0ZXdheS1zZXJ2aWNl.1","POST:/api/v1/cancelservice/cancel/ce7d7952-4d9c-4f6e-805f-585d07b9442c","UNKNOWN_TYPE","UNKNOWN_LAYER",1,1.0,0.0,0.0,0.0
"dHMtZ2F0ZXdheS1zZXJ2aWNl.1","POST:/api/v1/cancelservice/cancel/4047453e-85be-4bb4-a6e8-dd8723862aaa","UNKNOWN_TYPE","UNKNOWN_LAYER",1,1.0,0.0,0.0,0.0
"dHMtY2FuY2VsLXNlcnZpY2U=.1","POST:/api/v1/cancelservice/cancel/ffa143a0-89a8-4502-9f41-ff7adeababe8","UNKNOWN_TYPE","UNKNOWN_LAYER",1,3.0,0.0,0.0,0.0
"dHMtZ2F0ZXdheS1zZXJ2aWNl.1","POST:/api/v1/cancelservice/cancel/342ba056-f030-4540-b2ba-bb0cc2ec5596","UNKNOWN_TYPE","UNKNOWN_LAYER",1,0.0,0.0,0.0,0.0
"dHMtY2FuY2VsLXNlcnZpY2U=.1","POST:/api/v1/cancelservice/cancel/9d220ffa-1eb6-4fa5-be49-69a0814c99aa","UNKNOWN_TYPE","UNKNOWN_LAYER",1,3.0,0.0,0.0,0.0
"dHMtY2FuY2VsLXNlcnZpY2U=.1","POST:/api/v1/cancelservice/cancel/547063f4-e814-4d5c-a183-e82e0dd0f7a4","UNKNOWN_TYPE","UNKNOWN_LAYER",1,3.0,0.0,0.0,0.0
"dHMtZ2F0ZXdheS1zZXJ2aWNl.1","POST:/api/v1/cancelservice/cancel/547063f4-e814-4d5c-a183-e82e0dd0f7a4","UNKNOWN_TYPE","UNKNOWN_LAYER",1,1.0,0.0,0.0,0.0
"dHMtY2FuY2VsLXNlcnZpY2U=.1","POST:/api/v1/cancelservice/cancel/2403ca00-c372-45c9-88d9-cbcc39422a37","UNKNOWN_TYPE","UNKNOWN_LAYER",1,15.0,0.0,0.0,0.0
"dHMtY2FuY2VsLXNlcnZpY2U=.1","POST:/api/v1/cancelservice/cancel/01512fe1-1663-485a-8782-cfb082b0ffcd","UNKNOWN_TYPE","UNKNOWN_LAYER",1,4.0,0.0,0.0,0.0
"dHMtZ2F0ZXdheS1zZXJ2aWNl.1","POST:/api/v1/cancelservice/cancel/87c89021-05e4-44dc-8ecd-67142228f978","UNKNOWN_TYPE","UNKNOWN_LAYER",1,1.0,0.0,0.0,0.0
"dHMtY2FuY2VsLXNlcnZpY2U=.1","POST:/api/v1/cancelservice/cancel/87c89021-05e4-44dc-8ecd-67142228f978","UNKNOWN_TYPE","UNKNOWN_LAYER",1,3.0,0.0,0.0,0.0
"dHMtZ2F0ZXdheS1zZXJ2aWNl.1","POST:/api/v1/cancelservice/cancel/d1767a7b-58e7-4dee-bad1-3c431d004d7b","UNKNOWN_TYPE","UNKNOWN_LAYER",1,1.0,0.0,0.0,0.0
"dHMtZ2F0ZXdheS1zZXJ2aWNl.1","POST:/api/v1/cancelservice/cancel/0b7f51b8-4b11-4d26-9a3c-7405bf17692a","UNKNOWN_TYPE","UNKNOWN_LAYER",1,0.0,0.0,0.0,0.0
"dHMtY2FuY2VsLXNlcnZpY2U=.1","POST:/api/v1/cancelservice/cancel/356819fd-cbc7-4f92-81d8-b102787b21c6","UNKNOWN_TYPE","UNKNOWN_LAYER",1,3.0,0.0,0.0,0.0
"dHMtY2FuY2VsLXNlcnZpY2U=.1","POST:/api/v1/cancelservice/cancel/37e54b8a-2e49-4481-8d67-23ad31ad1497","UNKNOWN_TYPE","UNKNOWN_LAYER",1,3.0,0.0,0.0,0.0
"dHMtY2FuY2VsLXNlcnZpY2U=.1","POST:/api/v1/cancelservice/cancel/2a4076f0-fd7b-480f-887b-123434aae038","UNKNOWN_TYPE","UNKNOWN_LAYER",1,3.0,0.0,0.0,0.0
"dHMtZ2F0ZXdheS1zZXJ2aWNl.1","POST:/api/v1/cancelservice/cancel/581ef961-39e5-42d7-8ccd-6056f10d6669","UNKNOWN_TYPE","UNKNOWN_LAYER",1,1.0,0.0,0.0,0.0
"dHMtY2FuY2VsLXNlcnZpY2U=.1","POST:/api/v1/cancelservice/cancel/8fcb1d8e-62e0-498f-9e24-41f433b81983","UNKNOWN_TYPE","UNKNOWN_LAYER",1,4.0,0.0,0.0,0.0
"dHMtZ2F0ZXdheS1zZXJ2aWNl.1","POST:/api/v1/cancelservice/cancel/e2b0a0d9-f911-4a65-b571-78478a4454f1","UNKNOWN_TYPE","UNKNOWN_LAYER",1,3.0,0.0,0.0,0.0
"dHMtZ2F0ZXdheS1zZXJ2aWNl.1","POST:/api/v1/cancelservice/cancel/a4991978-316c-4d1b-af19-649fce4936ce","UNKNOWN_TYPE","UNKNOWN_LAYER",1,3.0,0.0,0.0,0.0
"dHMtZ2F0ZXdheS1zZXJ2aWNl.1","POST:/api/v1/cancelservice/cancel/3abba533-358a-456c-bd21-9344caa76ea6","UNKNOWN_TYPE","UNKNOWN_LAYER",1,3.0,0.0,0.0,0.0
"dHMtY2FuY2VsLXNlcnZpY2U=.1","POST:/api/v1/cancelservice/cancel/3abba533-358a-456c-bd21-9344caa76ea6","UNKNOWN_TYPE","UNKNOWN_LAYER",1,20.0,0.0,0.0,0.0
"dHMtZ2F0ZXdheS1zZXJ2aWNl.1","POST:/api/v1/cancelservice/cancel/292de7ee-1f7f-4f2a-b765-2a1091fe12b5","UNKNOWN_TYPE","UNKNOWN_LAYER",1,3.0,0.0,0.0,0.0
"dHMtY2FuY2VsLXNlcnZpY2U=.1","POST:/api/v1/cancelservice/cancel/e0bc6d95-7bdf-4120-8e82-9e2799fdad6d","UNKNOWN_TYPE","UNKNOWN_LAYER",1,7.0,0.0,0.0,0.0
"dHMtZ2F0ZXdheS1zZXJ2aWNl.1","POST:/api/v1/cancelservice/cancel/fd2efb9b-f854-4971-9954-ebbdc2ed3acd","UNKNOWN_TYPE","UNKNOWN_LAYER",1,2.0,0.0,0.0,0.0
"dHMtZ2F0ZXdheS1zZXJ2aWNl.1","POST:/api/v1/cancelservice/cancel/cfe21416-2922-4431-b02b-ba07a48d64a2","UNKNOWN_TYPE","UNKNOWN_LAYER",1,65.0,0.0,0.0,0.0
"dHMtY2FuY2VsLXNlcnZpY2U=.1","POST:/api/v1/cancelservice/cancel/bbcf0a17-10ef-435b-b85c-311829f4be2d","UNKNOWN_TYPE","UNKNOWN_LAYER",1,4.0,0.0,0.0,0.0
"dHMtY2FuY2VsLXNlcnZpY2U=.1","POST:/api/v1/cancelservice/cancel/97cbb240-684a-43cc-8714-2804a3845c5d","UNKNOWN_TYPE","UNKNOWN_LAYER",1,3.0,0.0,0.0,0.0
"dHMtY2FuY2VsLXNlcnZpY2U=.1","POST:/api/v1/cancelservice/cancel/c6b6e5b9-0d35-478d-8ddf-5c0426db722b","UNKNOWN_TYPE","UNKNOWN_LAYER",1,4.0,0.0,0.0,0.0
"dHMtY2FuY2VsLXNlcnZpY2U=.1","POST:/api/v1/cancelservice/cancel/693297af-2ebc-4cae-ac52-93e1834e2729","UNKNOWN_TYPE","UNKNOWN_LAYER",1,4.0,0.0,0.0,0.0
"dHMtZ2F0ZXdheS1zZXJ2aWNl.1","POST:/api/v1/cancelservice/cancel/68e65fe4-de0b-4982-9ddc-5aa0a97b3f98","UNKNOWN_TYPE","UNKNOWN_LAYER",1,1.0,0.0,0.0,0.0
"dHMtY2FuY2VsLXNlcnZpY2U=.1","POST:/api/v1/cancelservice/cancel/02edb0fc-d8ac-4f3f-98ff-d97b5ee3ff1f","UNKNOWN_TYPE","UNKNOWN_LAYER",1,4.0,0.0,0.0,0.0
"dHMtY2FuY2VsLXNlcnZpY2U=.1","POST:/api/v1/cancelservice/cancel/152a41b8-8849-406e-b0a4-409b93d5c56c","UNKNOWN_TYPE","UNKNOWN_LAYER",1,4.0,0.0,0.0,0.0
"dHMtZ2F0ZXdheS1zZXJ2aWNl.1","POST:/api/v1/cancelservice/cancel/d69a9180-d346-40cf-a7c6-6139ffcdee61","UNKNOWN_TYPE","UNKNOWN_LAYER",1,1.0,0.0,0.0,0.0
"dHMtY2FuY2VsLXNlcnZpY2U=.1","POST:/api/v1/cancelservice/cancel/4af558bd-c5e3-4e01-99e9-33b3e488c8c1","UNKNOWN_TYPE","UNKNOWN_LAYER",1,4.0,0.0,0.0,0.0
"dHMtY2FuY2VsLXNlcnZpY2U=.1","POST:/api/v1/cancelservice/cancel/82989173-446f-4890-9569-3a3f3a6a40ef","UNKNOWN_TYPE","UNKNOWN_LAYER",1,4.0,0.0,0.0,0.0
"dHMtY2FuY2VsLXNlcnZpY2U=.1","POST:/api/v1/cancelservice/cancel/b5b29457-27f8-4a25-b848-94d886673995","UNKNOWN_TYPE","UNKNOWN_LAYER",1,14.0,0.0,0.0,0.0
"dHMtZ2F0ZXdheS1zZXJ2aWNl.1","POST:/api/v1/cancelservice/cancel/ae0b71c9-61fb-4d54-8073-13fb2e53c69e","UNKNOWN_TYPE","UNKNOWN_LAYER",1,1.0,0.0,0.0,0.0
"dHMtZ2F0ZXdheS1zZXJ2aWNl.1","POST:/api/v1/cancelservice/cancel/a19d0ac3-58c8-447e-be13-7e43bb31370a","UNKNOWN_TYPE","UNKNOWN_LAYER",1,1.0,0.0,0.0,0.0
"dHMtY2FuY2VsLXNlcnZpY2U=.1","POST:/api/v1/cancelservice/cancel/a19d0ac3-58c8-447e-be13-7e43bb31370a","UNKNOWN_TYPE","UNKNOWN_LAYER",1,4.0,0.0,0.0,0.0
"dHMtZ2F0ZXdheS1zZXJ2aWNl.1","POST:/api/v1/cancelservice/cancel/f2e7a8ca-346b-4ff3-aaa4-a9f604d3b593","UNKNOWN_TYPE","UNKNOWN_LAYER",1,1.0,0.0,0.0,0.0
"dHMtZ2F0ZXdheS1zZXJ2aWNl.1","POST:/api/v1/cancelservice/cancel/64c17932-632f-4920-a9de-c342685b256c","UNKNOWN_TYPE","UNKNOWN_LAYER",1,1.0,0.0,0.0,0.0
"dHMtZ2F0ZXdheS1zZXJ2aWNl.1","POST:/api/v1/cancelservice/cancel/f14b0369-17b1-43ec-b15b-e2db6e8485e9","UNKNOWN_TYPE","UNKNOWN_LAYER",1,1.0,0.0,0.0,0.0
"dHMtY2FuY2VsLXNlcnZpY2U=.1","POST:/api/v1/cancelservice/cancel/ccf031f4-8d99-49cc-b35c-285d364e6e7c","UNKNOWN_TYPE","UNKNOWN_LAYER",1,4.0,0.0,0.0,0.0
"dHMtZ2F0ZXdheS1zZXJ2aWNl.1","POST:/api/v1/cancelservice/cancel/4451fa01-db6d-4ed9-81d3-90c16af4e258","UNKNOWN_TYPE","UNKNOWN_LAYER",1,1.0,0.0,0.0,0.0
"dHMtY2FuY2VsLXNlcnZpY2U=.1","POST:/api/v1/cancelservice/cancel/9b7e68e4-9972-466d-a02a-8ebeb0b76514","UNKNOWN_TYPE","UNKNOWN_LAYER",1,4.0,0.0,0.0,0.0
"dHMtY2FuY2VsLXNlcnZpY2U=.1","POST:/api/v1/cancelservice/cancel/824dcf85-db54-4acd-9f9a-e0be47b7d6c8","UNKNOWN_TYPE","UNKNOWN_LAYER",1,4.0,0.0,0.0,0.0
"dHMtY2FuY2VsLXNlcnZpY2U=.1","POST:/api/v1/cancelservice/cancel/f370f906-94b9-4de8-aa38-b396ed81ae74","UNKNOWN_TYPE","UNKNOWN_LAYER",1,4.0,0.0,0.0,0.0
"dHMtZ2F0ZXdheS1zZXJ2aWNl.1","POST:/api/v1/cancelservice/cancel/61dd8e03-f0f1-476c-9f6b-18810fd69955","UNKNOWN_TYPE","UNKNOWN_LAYER",1,1.0,0.0,0.0,0.0
"dHMtZ2F0ZXdheS1zZXJ2aWNl.1","POST:/api/v1/cancelservice/cancel/08035377-5bcf-4cf1-bb0b-77de7456ab23","UNKNOWN_TYPE","UNKNOWN_LAYER",1,1.0,0.0,0.0,0.0
"dHMtZ2F0ZXdheS1zZXJ2aWNl.1","POST:/api/v1/cancelservice/cancel/4c5459ee-4adf-4c92-ae10-8d2b552a64c3","UNKNOWN_TYPE","UNKNOWN_LAYER",1,2.0,0.0,0.0,0.0
"dHMtZ2F0ZXdheS1zZXJ2aWNl.1","POST:/api/v1/cancelservice/cancel/f665a038-b5fe-4b6a-904c-11a5c9dba9a5","UNKNOWN_TYPE","UNKNOWN_LAYER",1,1.0,0.0,0.0,0.0
"dHMtY2FuY2VsLXNlcnZpY2U=.1","POST:/api/v1/cancelservice/cancel/96a7e5fa-ad56-4e65-9f59-b90fce0c795a","UNKNOWN_TYPE","UNKNOWN_LAYER",1,4.0,0.0,0.0,0.0
"dHMtZ2F0ZXdheS1zZXJ2aWNl.1","POST:/api/v1/cancelservice/cancel/21a92a47-4c28-4001-afeb-a1ff528c7c3a","UNKNOWN_TYPE","UNKNOWN_LAYER",1,1.0,0.0,0.0,0.0
"dHMtY2FuY2VsLXNlcnZpY2U=.1","POST:/api/v1/cancelservice/cancel/560010cf-b3ca-49ad-a61d-8cf3436477fd","UNKNOWN_TYPE","UNKNOWN_LAYER",1,4.0,0.0,0.0,0.0
"dHMtY2FuY2VsLXNlcnZpY2U=.1","POST:/api/v1/cancelservice/cancel/1ebdf6d5-9420-47f7-9f97-8b2320a88557","UNKNOWN_TYPE","UNKNOWN_LAYER",1,4.0,0.0,0.0,0.0
"dHMtZ2F0ZXdheS1zZXJ2aWNl.1","POST:/api/v1/cancelservice/cancel/ca13462d-9ffa-4872-8a5a-87464ae4d806","UNKNOWN_TYPE","UNKNOWN_LAYER",1,1.0,0.0,0.0,0.0
"dHMtY2FuY2VsLXNlcnZpY2U=.1","POST:/api/v1/cancelservice/cancel/99d0d39e-583c-4421-ad62-dd7b70091873","UNKNOWN_TYPE","UNKNOWN_LAYER",1,4.0,0.0,0.0,0.0
"dHMtY2FuY2VsLXNlcnZpY2U=.1","POST:/api/v1/cancelservice/cancel/3f755c6c-2fe6-4b52-84f9-afbb113fdbf7","UNKNOWN_TYPE","UNKNOWN_LAYER",1,3.0,0.0,0.0,0.0
"dHMtY2FuY2VsLXNlcnZpY2U=.1","POST:/api/v1/cancelservice/cancel/9d9fc69e-9ded-4a50-9ddf-d8d77c9177f6","UNKNOWN_TYPE","UNKNOWN_LAYER",1,4.0,0.0,0.0,0.0
"dHMtY2FuY2VsLXNlcnZpY2U=.1","POST:/api/v1/cancelservice/cancel/b394837d-8515-4ed1-8b0a-3f1f8bb977c2","UNKNOWN_TYPE","UNKNOWN_LAYER",1,5.0,0.0,0.0,0.0
"dHMtY2FuY2VsLXNlcnZpY2U=.1","POST:/api/v1/cancelservice/cancel/64ed4e0b-0756-474f-9d87-cefb7675cc76","UNKNOWN_TYPE","UNKNOWN_LAYER",1,15.0,0.0,0.0,0.0
"dHMtZ2F0ZXdheS1zZXJ2aWNl.1","POST:/api/v1/cancelservice/cancel/a5f2cb97-488b-4f7e-9738-225920cb81e2","UNKNOWN_TYPE","UNKNOWN_LAYER",1,1.0,0.0,0.0,0.0
"dHMtY2FuY2VsLXNlcnZpY2U=.1","POST:/api/v1/cancelservice/cancel/231d2aeb-0588-4c77-98f5-ff89289331f4","UNKNOWN_TYPE","UNKNOWN_LAYER",1,4.0,0.0,0.0,0.0
"dHMtY2FuY2VsLXNlcnZpY2U=.1","POST:/api/v1/cancelservice/cancel/a879249a-d312-48a8-88ab-b7d37029c4b4","UNKNOWN_TYPE","UNKNOWN_LAYER",1,4.0,0.0,0.0,0.0
"dHMtZ2F0ZXdheS1zZXJ2aWNl.1","POST:/api/v1/cancelservice/cancel/562eb5eb-b52f-4e7a-b48e-19f450103d36","UNKNOWN_TYPE","UNKNOWN_LAYER",1,1.0,0.0,0.0,0.0
"dHMtY2FuY2VsLXNlcnZpY2U=.1","POST:/api/v1/cancelservice/cancel/4925a791-ad39-4d8c-8f05-32c5e438ec6d","UNKNOWN_TYPE","UNKNOWN_LAYER",1,5.0,0.0,0.0,0.0
"dHMtY2FuY2VsLXNlcnZpY2U=.1","POST:/api/v1/cancelservice/cancel/64da939b-e845-4bd1-bd86-eaa605a4bdd0","UNKNOWN_TYPE","UNKNOWN_LAYER",1,4.0,0.0,0.0,0.0
"dHMtY2FuY2VsLXNlcnZpY2U=.1","POST:/api/v1/cancelservice/cancel/6d6367bf-c812-4542-be32-7366383e6ad7","UNKNOWN_TYPE","UNKNOWN_LAYER",1,5.0,0.0,0.0,0.0
"dHMtZ2F0ZXdheS1zZXJ2aWNl.1","POST:/api/v1/cancelservice/cancel/6d6367bf-c812-4542-be32-7366383e6ad7","UNKNOWN_TYPE","UNKNOWN_LAYER",1,1.0,0.0,0.0,0.0
"dHMtY2FuY2VsLXNlcnZpY2U=.1","POST:/api/v1/cancelservice/cancel/ede385fc-b0e0-429e-86a3-02b0eeb47123","UNKNOWN_TYPE","UNKNOWN_LAYER",1,6.0,0.0,0.0,0.0
"dHMtZ2F0ZXdheS1zZXJ2aWNl.1","POST:/api/v1/cancelservice/cancel/aefd478d-042c-4cd6-ab9f-9ee86cbd3c52","UNKNOWN_TYPE","UNKNOWN_LAYER",1,2.0,0.0,0.0,0.0
"dHMtY2FuY2VsLXNlcnZpY2U=.1","POST:/api/v1/cancelservice/cancel/81835c01-d5aa-41b0-a19c-e496fafc5513","UNKNOWN_TYPE","UNKNOWN_LAYER",1,4.0,0.0,0.0,0.0
"dHMtZ2F0ZXdheS1zZXJ2aWNl.1","POST:/api/v1/cancelservice/cancel/7efddf62-46dd-422d-8101-88611c6bc7ea","UNKNOWN_TYPE","UNKNOWN_LAYER",1,2.0,0.0,0.0,0.0
"dHMtZ2F0ZXdheS1zZXJ2aWNl.1","POST:/api/v1/cancelservice/cancel/23c2f490-b096-4658-9278-e7b3448c2fcf","UNKNOWN_TYPE","UNKNOWN_LAYER",1,1.0,0.0,0.0,0.0
"dHMtY2FuY2VsLXNlcnZpY2U=.1","POST:/api/v1/cancelservice/cancel/87df0cb3-23e2-4aa8-b852-75af758d6795","UNKNOWN_TYPE","UNKNOWN_LAYER",1,4.0,0.0,0.0,0.0
"dHMtY2FuY2VsLXNlcnZpY2U=.1","POST:/api/v1/cancelservice/cancel/38dae476-1849-4ded-aede-d8b7e63f66f4","UNKNOWN_TYPE","UNKNOWN_LAYER",1,3.0,0.0,0.0,0.0
"dHMtZ2F0ZXdheS1zZXJ2aWNl.1","POST:/api/v1/cancelservice/cancel/67e24d89-319d-401c-900d-79bc4a78b6e1","UNKNOWN_TYPE","UNKNOWN_LAYER",1,1.0,0.0,0.0,0.0
"dHMtY2FuY2VsLXNlcnZpY2U=.1","POST:/api/v1/cancelservice/cancel/c78214c1-8beb-415a-91fe-8c83cedf8e5a","UNKNOWN_TYPE","UNKNOWN_LAYER",1,4.0,0.0,0.0,0.0
"dHMtY2FuY2VsLXNlcnZpY2U=.1","POST:/api/v1/cancelservice/cancel/bec51a67-cb1f-4f8b-b860-bb529bc47217","UNKNOWN_TYPE","UNKNOWN_LAYER",1,3.0,0.0,0.0,0.0
"dHMtY2FuY2VsLXNlcnZpY2U=.1","POST:/api/v1/cancelservice/cancel/08e36ac8-277b-4d52-88b1-8a3d3ef81ef4","UNKNOWN_TYPE","UNKNOWN_LAYER",1,3.0,0.0,0.0,0.0
"dHMtY2FuY2VsLXNlcnZpY2U=.1","POST:/api/v1/cancelservice/cancel/f3999962-d7a7-44c8-8ec2-36a42b75a69b","UNKNOWN_TYPE","UNKNOWN_LAYER",1,5.0,0.0,0.0,0.0
"dHMtY2FuY2VsLXNlcnZpY2U=.1","POST:/api/v1/cancelservice/cancel/fc555997-5cb1-4670-90d1-6d694bffee6b","UNKNOWN_TYPE","UNKNOWN_LAYER",1,4.0,0.0,0.0,0.0
"dHMtY2FuY2VsLXNlcnZpY2U=.1","POST:/api/v1/cancelservice/cancel/19fbed12-5aef-4663-989f-c1e8fc87e097","UNKNOWN_TYPE","UNKNOWN_LAYER",1,4.0,0.0,0.0,0.0
"dHMtZ2F0ZXdheS1zZXJ2aWNl.1","POST:/api/v1/cancelservice/cancel/83b544cc-5cef-4902-ab09-b759394d1550","UNKNOWN_TYPE","UNKNOWN_LAYER",1,1.0,0.0,0.0,0.0
"dHMtZ2F0ZXdheS1zZXJ2aWNl.1","POST:/api/v1/cancelservice/cancel/452195b0-9000-4fea-a215-76f97ab882bc","UNKNOWN_TYPE","UNKNOWN_LAYER",1,1.0,0.0,0.0,0.0
"dHMtZ2F0ZXdheS1zZXJ2aWNl.1","POST:/api/v1/cancelservice/cancel/75e40434-3547-4e06-9189-47f947eb96d2","UNKNOWN_TYPE","UNKNOWN_LAYER",1,1.0,0.0,0.0,0.0
"dHMtZ2F0ZXdheS1zZXJ2aWNl.1","POST:/api/v1/cancelservice/cancel/866e3ee7-b172-464f-8729-f2a532232793","UNKNOWN_TYPE","UNKNOWN_LAYER",1,1.0,0.0,0.0,0.0
"dHMtY2FuY2VsLXNlcnZpY2U=.1","POST:/api/v1/cancelservice/cancel/81498ad5-04f2-4db8-8d58-6bbf2e1c66c1","UNKNOWN_TYPE","UNKNOWN_LAYER",1,4.0,0.0,0.0,0.0
"dHMtY2FuY2VsLXNlcnZpY2U=.1","POST:/api/v1/cancelservice/cancel/85bf876e-54c4-4613-b0e5-b5761242a451","UNKNOWN_TYPE","UNKNOWN_LAYER",1,5.0,0.0,0.0,0.0
"dHMtY2FuY2VsLXNlcnZpY2U=.1","POST:/api/v1/cancelservice/cancel/67741f97-a6d7-4ce3-901e-270108d5080b","UNKNOWN_TYPE","UNKNOWN_LAYER",1,4.0,0.0,0.0,0.0
"dHMtY2FuY2VsLXNlcnZpY2U=.1","POST:/api/v1/cancelservice/cancel/b8e7462e-c5d9-4518-9e92-fcb5bab883f5","UNKNOWN_TYPE","UNKNOWN_LAYER",1,5.0,0.0,0.0,0.0
"dHMtZ2F0ZXdheS1zZXJ2aWNl.1","POST:/api/v1/cancelservice/cancel/2c916082-4e91-47bd-9838-fad545a49865","UNKNOWN_TYPE","UNKNOWN_LAYER",1,1.0,0.0,0.0,0.0
"dHMtZ2F0ZXdheS1zZXJ2aWNl.1","POST:/api/v1/cancelservice/cancel/e6fcdedc-433e-4e66-922b-8d082b961019","UNKNOWN_TYPE","UNKNOWN_LAYER",1,1.0,0.0,0.0,0.0
"dHMtZ2F0ZXdheS1zZXJ2aWNl.1","POST:/api/v1/cancelservice/cancel/3bffba6b-f6c4-43aa-b369-e2712105c616","UNKNOWN_TYPE","UNKNOWN_LAYER",1,1.0,0.0,0.0,0.0
"dHMtY2FuY2VsLXNlcnZpY2U=.1","POST:/api/v1/cancelservice/cancel/3bffba6b-f6c4-43aa-b369-e2712105c616","UNKNOWN_TYPE","UNKNOWN_LAYER",1,16.0,0.0,0.0,0.0
"dHMtY2FuY2VsLXNlcnZpY2U=.1","POST:/api/v1/cancelservice/cancel/52ad793a-6c72-4865-aafe-bca6c6c41c94","UNKNOWN_TYPE","UNKNOWN_LAYER",1,4.0,0.0,0.0,0.0
"dHMtY2FuY2VsLXNlcnZpY2U=.1","POST:/api/v1/cancelservice/cancel/e78dc5a8-02b7-42c3-a15c-773440748fd1","UNKNOWN_TYPE","UNKNOWN_LAYER",1,3.0,0.0,0.0,0.0
"dHMtZ2F0ZXdheS1zZXJ2aWNl.1","POST:/api/v1/cancelservice/cancel/e78dc5a8-02b7-42c3-a15c-773440748fd1","UNKNOWN_TYPE","UNKNOWN_LAYER",1,1.0,0.0,0.0,0.0
"dHMtZ2F0ZXdheS1zZXJ2aWNl.1","POST:/api/v1/cancelservice/cancel/64ab72ed-8c01-43f2-804b-5d887072a8bc","UNKNOWN_TYPE","UNKNOWN_LAYER",1,1.0,0.0,0.0,0.0
"dHMtZ2F0ZXdheS1zZXJ2aWNl.1","POST:/api/v1/cancelservice/cancel/5c308182-94a0-40cd-bdae-69e179a1a35c","UNKNOWN_TYPE","UNKNOWN_LAYER",1,1.0,0.0,0.0,0.0
"dHMtY2FuY2VsLXNlcnZpY2U=.1","POST:/api/v1/cancelservice/cancel/5c308182-94a0-40cd-bdae-69e179a1a35c","UNKNOWN_TYPE","UNKNOWN_LAYER",1,5.0,0.0,0.0,0.0
"dHMtZ2F0ZXdheS1zZXJ2aWNl.1","POST:/api/v1/cancelservice/cancel/aee6b96a-072b-4d06-8e8b-5f55096ce816","UNKNOWN_TYPE","UNKNOWN_LAYER",1,1.0,0.0,0.0,0.0
"dHMtY2FuY2VsLXNlcnZpY2U=.1","POST:/api/v1/cancelservice/cancel/d87b0d4c-80ce-4db3-8590-0d0b2b30d6a6","UNKNOWN_TYPE","UNKNOWN_LAYER",1,3.0,0.0,0.0,0.0
"dHMtZ2F0ZXdheS1zZXJ2aWNl.1","POST:/api/v1/cancelservice/cancel/d87b0d4c-80ce-4db3-8590-0d0b2b30d6a6","UNKNOWN_TYPE","UNKNOWN_LAYER",1,2.0,0.0,0.0,0.0
"dHMtY2FuY2VsLXNlcnZpY2U=.1","POST:/api/v1/cancelservice/cancel/fdde6046-6881-442c-8ca5-325c697c8bc5","UNKNOWN_TYPE","UNKNOWN_LAYER",1,5.0,0.0,0.0,0.0
"dHMtZ2F0ZXdheS1zZXJ2aWNl.1","POST:/api/v1/cancelservice/cancel/a4ab7bb2-9eaa-489d-9707-227106b3fb73","UNKNOWN_TYPE","UNKNOWN_LAYER",1,1.0,0.0,0.0,0.0
"dHMtZ2F0ZXdheS1zZXJ2aWNl.1","POST:/api/v1/cancelservice/cancel/c8464e28-db62-428f-879e-63b405d89e31","UNKNOWN_TYPE","UNKNOWN_LAYER",1,2.0,0.0,0.0,0.0
"dHMtZ2F0ZXdheS1zZXJ2aWNl.1","POST:/api/v1/cancelservice/cancel/5c3e6d30-fd9e-4084-ab84-ca98f5b4ab99","UNKNOWN_TYPE","UNKNOWN_LAYER",1,1.0,0.0,0.0,0.0
"dHMtY2FuY2VsLXNlcnZpY2U=.1","POST:/api/v1/cancelservice/cancel/219c0209-2f42-4f0e-be66-6fdec9896553","UNKNOWN_TYPE","UNKNOWN_LAYER",1,3.0,0.0,0.0,0.0
"dHMtY2FuY2VsLXNlcnZpY2U=.1","POST:/api/v1/cancelservice/cancel/498dbc8f-be56-48fb-ae3b-6e8a1e3aa6a9","UNKNOWN_TYPE","UNKNOWN_LAYER",1,4.0,0.0,0.0,0.0
"dHMtZ2F0ZXdheS1zZXJ2aWNl.1","POST:/api/v1/cancelservice/cancel/498dbc8f-be56-48fb-ae3b-6e8a1e3aa6a9","UNKNOWN_TYPE","UNKNOWN_LAYER",1,1.0,0.0,0.0,0.0
"dHMtZ2F0ZXdheS1zZXJ2aWNl.1","POST:/api/v1/cancelservice/cancel/1be67d44-0438-4ce8-ad20-38a12aeed2c1","UNKNOWN_TYPE","UNKNOWN_LAYER",1,1.0,0.0,0.0,0.0
"dHMtY2FuY2VsLXNlcnZpY2U=.1","POST:/api/v1/cancelservice/cancel/8219c3e5-6e0f-4e3f-99d3-d321a37b8da3","UNKNOWN_TYPE","UNKNOWN_LAYER",1,4.0,0.0,0.0,0.0
"dHMtZ2F0ZXdheS1zZXJ2aWNl.1","POST:/api/v1/cancelservice/cancel/2a90a87d-3148-4cd9-a99c-8f46a46d7857","UNKNOWN_TYPE","UNKNOWN_LAYER",1,2.0,0.0,0.0,0.0
"dHMtY2FuY2VsLXNlcnZpY2U=.1","POST:/api/v1/cancelservice/cancel/ef87ece7-635f-463a-91a1-25c91baac4a8","UNKNOWN_TYPE","UNKNOWN_LAYER",1,5.0,0.0,0.0,0.0
"dHMtZ2F0ZXdheS1zZXJ2aWNl.1","POST:/api/v1/cancelservice/cancel/a3cbab7a-eb98-43e4-a7fc-b204c93fa8f8","UNKNOWN_TYPE","UNKNOWN_LAYER",1,2.0,0.0,0.0,0.0
"dHMtZ2F0ZXdheS1zZXJ2aWNl.1","POST:/api/v1/cancelservice/cancel/97f273db-bfe8-49aa-ad74-1fb97b1ed7df","UNKNOWN_TYPE","UNKNOWN_LAYER",1,2.0,0.0,0.0,0.0
"dHMtZ2F0ZXdheS1zZXJ2aWNl.1","POST:/api/v1/cancelservice/cancel/3488416a-bef8-4437-9452-d978c899b7f4","UNKNOWN_TYPE","UNKNOWN_LAYER",1,1.0,0.0,0.0,0.0
"dHMtY2FuY2VsLXNlcnZpY2U=.1","POST:/api/v1/cancelservice/cancel/e2edbde7-58e3-44fa-82f8-0349711c2590","UNKNOWN_TYPE","UNKNOWN_LAYER",1,4.0,0.0,0.0,0.0
"dHMtY2FuY2VsLXNlcnZpY2U=.1","POST:/api/v1/cancelservice/cancel/dc925b89-d461-411e-ac8b-15d4bea2d728","UNKNOWN_TYPE","UNKNOWN_LAYER",1,8.0,0.0,0.0,0.0
"dHMtZ2F0ZXdheS1zZXJ2aWNl.1","POST:/api/v1/cancelservice/cancel/695cfde4-b9d4-414c-a8be-548db4166810","UNKNOWN_TYPE","UNKNOWN_LAYER",1,6.0,0.0,0.0,0.0
"dHMtY2FuY2VsLXNlcnZpY2U=.1","POST:/api/v1/cancelservice/cancel/7d2e6e22-22b4-452c-9abd-c7e6dfeb05e3","UNKNOWN_TYPE","UNKNOWN_LAYER",1,4.0,0.0,0.0,0.0
"dHMtZ2F0ZXdheS1zZXJ2aWNl.1","POST:/api/v1/cancelservice/cancel/c050c1a5-7f15-41ea-8d6f-3d734222a4e8","UNKNOWN_TYPE","UNKNOWN_LAYER",1,1.0,0.0,0.0,0.0
"dHMtY2FuY2VsLXNlcnZpY2U=.1","POST:/api/v1/cancelservice/cancel/c050c1a5-7f15-41ea-8d6f-3d734222a4e8","UNKNOWN_TYPE","UNKNOWN_LAYER",1,4.0,0.0,0.0,0.0
"dHMtZ2F0ZXdheS1zZXJ2aWNl.1","POST:/api/v1/cancelservice/cancel/415fe322-cc13-45f4-ae01-4813b2f90dce","UNKNOWN_TYPE","UNKNOWN_LAYER",1,1.0,0.0,0.0,0.0
"dHMtZ2F0ZXdheS1zZXJ2aWNl.1","POST:/api/v1/cancelservice/cancel/24c976c4-38df-4884-9602-f4536424e2e5","UNKNOWN_TYPE","UNKNOWN_LAYER",1,1.0,0.0,0.0,0.0
"dHMtY2FuY2VsLXNlcnZpY2U=.1","POST:/api/v1/cancelservice/cancel/567aaddf-03e6-4892-bd72-d62bfa75830d","UNKNOWN_TYPE","UNKNOWN_LAYER",1,4.0,0.0,0.0,0.0
"dHMtY2FuY2VsLXNlcnZpY2U=.1","POST:/api/v1/cancelservice/cancel/cf507ab6-f542-492b-a44e-9f64b5f529b8","UNKNOWN_TYPE","UNKNOWN_LAYER",1,3.0,0.0,0.0,0.0
"dHMtY2FuY2VsLXNlcnZpY2U=.1","POST:/api/v1/cancelservice/cancel/4ff0552f-f245-4885-bf56-71ca12b2be2d","UNKNOWN_TYPE","UNKNOWN_LAYER",1,3.0,0.0,0.0,0.0
"dHMtY2FuY2VsLXNlcnZpY2U=.1","POST:/api/v1/cancelservice/cancel/27f5f824-30ae-4c78-adfc-b446f9a548f0","UNKNOWN_TYPE","UNKNOWN_LAYER",1,4.0,0.0,0.0,0.0
"dHMtZ2F0ZXdheS1zZXJ2aWNl.1","POST:/api/v1/cancelservice/cancel/04354e07-f31d-4544-a778-e9f8ede2ccba","UNKNOWN_TYPE","UNKNOWN_LAYER",1,1.0,0.0,0.0,0.0
"dHMtY2FuY2VsLXNlcnZpY2U=.1","POST:/api/v1/cancelservice/cancel/9dca2ef2-6f05-4dec-81d5-7eff7a4543a9","UNKNOWN_TYPE","UNKNOWN_LAYER",1,4.0,0.0,0.0,0.0
"dHMtY2FuY2VsLXNlcnZpY2U=.1","POST:/api/v1/cancelservice/cancel/d91e598b-b54f-4b90-900d-adfcaf53236b","UNKNOWN_TYPE","UNKNOWN_LAYER",1,3.0,0.0,0.0,0.0
"dHMtY2FuY2VsLXNlcnZpY2U=.1","POST:/api/v1/cancelservice/cancel/1a09faa6-0247-4f70-923d-d92c91f63a65","UNKNOWN_TYPE","UNKNOWN_LAYER",1,3.0,0.0,0.0,0.0
"dHMtZ2F0ZXdheS1zZXJ2aWNl.1","POST:/api/v1/cancelservice/cancel/600501b3-57dc-4c7d-ae35-b59a78b51466","UNKNOWN_TYPE","UNKNOWN_LAYER",1,1.0,0.0,0.0,0.0
"dHMtY2FuY2VsLXNlcnZpY2U=.1","POST:/api/v1/cancelservice/cancel/600501b3-57dc-4c7d-ae35-b59a78b51466","UNKNOWN_TYPE","UNKNOWN_LAYER",1,4.0,0.0,0.0,0.0
"dHMtZ2F0ZXdheS1zZXJ2aWNl.1","POST:/api/v1/cancelservice/cancel/1fd2c3b3-59ff-4de8-8891-cda5167187a0","UNKNOWN_TYPE","UNKNOWN_LAYER",1,1.0,0.0,0.0,0.0
"dHMtZ2F0ZXdheS1zZXJ2aWNl.1","POST:/api/v1/cancelservice/cancel/dec764e0-2e0a-4825-8f37-a51f17af81a1","UNKNOWN_TYPE","UNKNOWN_LAYER",1,1.0,0.0,0.0,0.0
"dHMtY2FuY2VsLXNlcnZpY2U=.1","POST:/api/v1/cancelservice/cancel/629f4414-49f4-425b-bb18-5744314ea463","UNKNOWN_TYPE","UNKNOWN_LAYER",1,3.0,0.0,0.0,0.0
"dHMtY2FuY2VsLXNlcnZpY2U=.1","POST:/api/v1/cancelservice/cancel/faf8aa7c-1b09-4447-9d66-e8f17283971a","UNKNOWN_TYPE","UNKNOWN_LAYER",1,4.0,0.0,0.0,0.0
"dHMtZ2F0ZXdheS1zZXJ2aWNl.1","POST:/api/v1/cancelservice/cancel/0591d8e2-67eb-4440-b4ee-637a69bcc2d1","UNKNOWN_TYPE","UNKNOWN_LAYER",1,1.0,0.0,0.0,0.0
"dHMtY2FuY2VsLXNlcnZpY2U=.1","POST:/api/v1/cancelservice/cancel/28457f44-a0b7-49ca-b12d-fd812f9a6ada","UNKNOWN_TYPE","UNKNOWN_LAYER",1,3.0,0.0,0.0,0.0
"dHMtY2FuY2VsLXNlcnZpY2U=.1","POST:/api/v1/cancelservice/cancel/19b7023a-91ac-410b-b200-ab54ce32549b","UNKNOWN_TYPE","UNKNOWN_LAYER",1,15.0,0.0,0.0,0.0
"dHMtY2FuY2VsLXNlcnZpY2U=.1","POST:/api/v1/cancelservice/cancel/bb7daba2-6122-415b-9c89-8842a3a92041","UNKNOWN_TYPE","UNKNOWN_LAYER",1,3.0,0.0,0.0,0.0
"dHMtZ2F0ZXdheS1zZXJ2aWNl.1","POST:/api/v1/cancelservice/cancel/604929a5-3c1e-45c9-b681-19c6e4683b0d","UNKNOWN_TYPE","UNKNOWN_LAYER",1,1.0,0.0,0.0,0.0
"dHMtY2FuY2VsLXNlcnZpY2U=.1","POST:/api/v1/cancelservice/cancel/b9e9e2b2-a4ed-4e42-84d0-a7d9ecf63296","UNKNOWN_TYPE","UNKNOWN_LAYER",1,4.0,0.0,0.0,0.0
"dHMtY2FuY2VsLXNlcnZpY2U=.1","POST:/api/v1/cancelservice/cancel/a5beb4e6-3304-4294-901b-1be948998bec","UNKNOWN_TYPE","UNKNOWN_LAYER",1,4.0,0.0,0.0,0.0
"dHMtZ2F0ZXdheS1zZXJ2aWNl.1","POST:/api/v1/cancelservice/cancel/a5beb4e6-3304-4294-901b-1be948998bec","UNKNOWN_TYPE","UNKNOWN_LAYER",1,1.0,0.0,0.0,0.0
"dHMtZ2F0ZXdheS1zZXJ2aWNl.1","POST:/api/v1/cancelservice/cancel/83a2df4d-5d93-4542-b4ec-424227cc147d","UNKNOWN_TYPE","UNKNOWN_LAYER",1,1.0,0.0,0.0,0.0
"dHMtY2FuY2VsLXNlcnZpY2U=.1","POST:/api/v1/cancelservice/cancel/db46b664-2fd7-4568-a599-91fe6e708b7c","UNKNOWN_TYPE","UNKNOWN_LAYER",1,3.0,0.0,0.0,0.0
"dHMtY2FuY2VsLXNlcnZpY2U=.1","POST:/api/v1/cancelservice/cancel/e060298c-5a3c-4718-a9e8-5a6368c1b078","UNKNOWN_TYPE","UNKNOWN_LAYER",1,4.0,0.0,0.0,0.0
"dHMtZ2F0ZXdheS1zZXJ2aWNl.1","POST:/api/v1/cancelservice/cancel/f433fa3a-ce0b-4fd9-b968-0a7eeff56b26","UNKNOWN_TYPE","UNKNOWN_LAYER",1,1.0,0.0,0.0,0.0
"dHMtY2FuY2VsLXNlcnZpY2U=.1","POST:/api/v1/cancelservice/cancel/4b9474e6-b861-48f1-98b0-a551b909c6a6","UNKNOWN_TYPE","UNKNOWN_LAYER",1,4.0,0.0,0.0,0.0
"dHMtZ2F0ZXdheS1zZXJ2aWNl.1","POST:/api/v1/cancelservice/cancel/aa4a9e3f-6c89-4d32-87de-e88a0e56d2f4","UNKNOWN_TYPE","UNKNOWN_LAYER",1,1.0,0.0,0.0,0.0
"dHMtY2FuY2VsLXNlcnZpY2U=.1","POST:/api/v1/cancelservice/cancel/9f7b2251-10c1-4db3-9ae9-47acb032e4db","UNKNOWN_TYPE","UNKNOWN_LAYER",1,4.0,0.0,0.0,0.0
"dHMtY2FuY2VsLXNlcnZpY2U=.1","POST:/api/v1/cancelservice/cancel/1cd16e1d-8aa7-4f21-896b-8450ebad335e","UNKNOWN_TYPE","UNKNOWN_LAYER",1,3.0,0.0,0.0,0.0
"dHMtZ2F0ZXdheS1zZXJ2aWNl.1","POST:/api/v1/cancelservice/cancel/1d292bc0-0dc3-48bf-897c-14250c2c8adc","UNKNOWN_TYPE","UNKNOWN_LAYER",1,1.0,0.0,0.0,0.0
"dHMtY2FuY2VsLXNlcnZpY2U=.1","POST:/api/v1/cancelservice/cancel/870de11e-6a88-4fee-ab66-23ebb4962ac5","UNKNOWN_TYPE","UNKNOWN_LAYER",1,4.0,0.0,0.0,0.0
"dHMtZ2F0ZXdheS1zZXJ2aWNl.1","POST:/api/v1/cancelservice/cancel/919036e4-307d-494e-a1da-ed6c5b5d4183","UNKNOWN_TYPE","UNKNOWN_LAYER",1,1.0,0.0,0.0,0.0
"dHMtY2FuY2VsLXNlcnZpY2U=.1","POST:/api/v1/cancelservice/cancel/919036e4-307d-494e-a1da-ed6c5b5d4183","UNKNOWN_TYPE","UNKNOWN_LAYER",1,3.0,0.0,0.0,0.0
"dHMtY2FuY2VsLXNlcnZpY2U=.1","POST:/api/v1/cancelservice/cancel/a8333e90-af5a-439e-80e0-ddb52b93ba09","UNKNOWN_TYPE","UNKNOWN_LAYER",1,4.0,0.0,0.0,0.0
"dHMtZ2F0ZXdheS1zZXJ2aWNl.1","POST:/api/v1/cancelservice/cancel/652bee41-3ce7-4795-87b0-a83b17bddab3","UNKNOWN_TYPE","UNKNOWN_LAYER",1,1.0,0.0,0.0,0.0
"dHMtY2FuY2VsLXNlcnZpY2U=.1","POST:/api/v1/cancelservice/cancel/652bee41-3ce7-4795-87b0-a83b17bddab3","UNKNOWN_TYPE","UNKNOWN_LAYER",1,4.0,0.0,0.0,0.0
"dHMtZ2F0ZXdheS1zZXJ2aWNl.1","POST:/api/v1/cancelservice/cancel/238d570e-e0d0-4097-b1cb-bca5c95121dd","UNKNOWN_TYPE","UNKNOWN_LAYER",1,2.0,0.0,0.0,0.0
"dHMtY2FuY2VsLXNlcnZpY2U=.1","POST:/api/v1/cancelservice/cancel/238d570e-e0d0-4097-b1cb-bca5c95121dd","UNKNOWN_TYPE","UNKNOWN_LAYER",1,15.0,0.0,0.0,0.0
"dHMtY2FuY2VsLXNlcnZpY2U=.1","POST:/api/v1/cancelservice/cancel/b93aa394-e3ea-4ea7-bf0d-0cb33ced02fd","UNKNOWN_TYPE","UNKNOWN_LAYER",1,4.0,0.0,0.0,0.0
"dHMtY2FuY2VsLXNlcnZpY2U=.1","POST:/api/v1/cancelservice/cancel/8b8bb767-49c2-4dca-973b-aec947a2f418","UNKNOWN_TYPE","UNKNOWN_LAYER",1,3.0,0.0,0.0,0.0
"dHMtY2FuY2VsLXNlcnZpY2U=.1","POST:/api/v1/cancelservice/cancel/50a150ac-5d89-4874-9be8-42f51aaffde8","UNKNOWN_TYPE","UNKNOWN_LAYER",1,3.0,0.0,0.0,0.0
"dHMtY2FuY2VsLXNlcnZpY2U=.1","POST:/api/v1/cancelservice/cancel/abce1262-dbed-48ce-bb7c-6cf318e13a6d","UNKNOWN_TYPE","UNKNOWN_LAYER",1,4.0,0.0,0.0,0.0
"dHMtY2FuY2VsLXNlcnZpY2U=.1","POST:/api/v1/cancelservice/cancel/dd638d3d-094f-4ce4-b0d0-2cdf1bda9e06","UNKNOWN_TYPE","UNKNOWN_LAYER",1,6.0,0.0,0.0,0.0
"dHMtZ2F0ZXdheS1zZXJ2aWNl.1","POST:/api/v1/cancelservice/cancel/2f8d79ca-9759-499d-b5d2-8c1c49bfda58","UNKNOWN_TYPE","UNKNOWN_LAYER",1,1.0,0.0,0.0,0.0
"dHMtY2FuY2VsLXNlcnZpY2U=.1","POST:/api/v1/cancelservice/cancel/32abb3d0-966f-4f36-8403-64bad5051a15","UNKNOWN_TYPE","UNKNOWN_LAYER",1,3.0,0.0,0.0,0.0
"dHMtZ2F0ZXdheS1zZXJ2aWNl.1","POST:/api/v1/cancelservice/cancel/49016e0f-ae9e-4f3c-9e83-d83b01aa8eb9","UNKNOWN_TYPE","UNKNOWN_LAYER",1,1.0,0.0,0.0,0.0
"dHMtY2FuY2VsLXNlcnZpY2U=.1","POST:/api/v1/cancelservice/cancel/ae90c817-7b84-4244-8b01-9fcc62d2d8a4","UNKNOWN_TYPE","UNKNOWN_LAYER",1,4.0,0.0,0.0,0.0
"dHMtY2FuY2VsLXNlcnZpY2U=.1","POST:/api/v1/cancelservice/cancel/4d330c37-82d6-4501-8df6-95bfc04adbab","UNKNOWN_TYPE","UNKNOWN_LAYER",1,3.0,0.0,0.0,0.0
"dHMtZ2F0ZXdheS1zZXJ2aWNl.1","POST:/api/v1/cancelservice/cancel/3a37e2fb-883d-424f-9e45-c93295b35756","UNKNOWN_TYPE","UNKNOWN_LAYER",1,1.0,0.0,0.0,0.0
"dHMtZ2F0ZXdheS1zZXJ2aWNl.1","POST:/api/v1/cancelservice/cancel/ab8e4eff-3a23-4081-82d7-b3c8c32e594c","UNKNOWN_TYPE","UNKNOWN_LAYER",1,2.0,0.0,0.0,0.0
"dHMtY2FuY2VsLXNlcnZpY2U=.1","POST:/api/v1/cancelservice/cancel/d58a04d6-93b7-4ec6-ba75-09574d5d2089","UNKNOWN_TYPE","UNKNOWN_LAYER",1,4.0,0.0,0.0,0.0
"dHMtZ2F0ZXdheS1zZXJ2aWNl.1","POST:/api/v1/cancelservice/cancel/d5b0468a-8c29-4025-a178-6b75ef229194","UNKNOWN_TYPE","UNKNOWN_LAYER",1,1.0,0.0,0.0,0.0
"dHMtZ2F0ZXdheS1zZXJ2aWNl.1","POST:/api/v1/cancelservice/cancel/0f8235cd-2c88-4e87-aecc-193457d565ca","UNKNOWN_TYPE","UNKNOWN_LAYER",1,1.0,0.0,0.0,0.0
"dHMtZ2F0ZXdheS1zZXJ2aWNl.1","POST:/api/v1/cancelservice/cancel/8c31c9fb-0350-4dcd-9db7-8e216ece6b8d","UNKNOWN_TYPE","UNKNOWN_LAYER",1,1.0,0.0,0.0,0.0
"dHMtZ2F0ZXdheS1zZXJ2aWNl.1","POST:/api/v1/cancelservice/cancel/4b860cb4-58ae-4bcf-8649-04b0aa95b35f","UNKNOWN_TYPE","UNKNOWN_LAYER",1,1.0,0.0,0.0,0.0
"dHMtY2FuY2VsLXNlcnZpY2U=.1","POST:/api/v1/cancelservice/cancel/c6cfe17c-fae4-43cd-a07c-73431773045d","UNKNOWN_TYPE","UNKNOWN_LAYER",1,3.0,0.0,0.0,0.0
"dHMtY2FuY2VsLXNlcnZpY2U=.1","POST:/api/v1/cancelservice/cancel/1654000d-3f80-4194-8afe-7b04862b0d4a","UNKNOWN_TYPE","UNKNOWN_LAYER",1,4.0,0.0,0.0,0.0
"dHMtY2FuY2VsLXNlcnZpY2U=.1","POST:/api/v1/cancelservice/cancel/095c155b-ea76-4f7f-a3b1-353f6635b76e","UNKNOWN_TYPE","UNKNOWN_LAYER",1,3.0,0.0,0.0,0.0
"dHMtZ2F0ZXdheS1zZXJ2aWNl.1","POST:/api/v1/cancelservice/cancel/3dc5c90e-96ee-41a0-aa37-5531f2604890","UNKNOWN_TYPE","UNKNOWN_LAYER",1,0.0,0.0,0.0,0.0
"dHMtY2FuY2VsLXNlcnZpY2U=.1","POST:/api/v1/cancelservice/cancel/5e0a965f-7060-4404-9a3a-2249a217aefc","UNKNOWN_TYPE","UNKNOWN_LAYER",1,4.0,0.0,0.0,0.0
"dHMtZ2F0ZXdheS1zZXJ2aWNl.1","POST:/api/v1/cancelservice/cancel/32fa97d3-7a48-4a2c-b342-2a15ef4a19f6","UNKNOWN_TYPE","UNKNOWN_LAYER",1,1.0,0.0,0.0,0.0
"dHMtY2FuY2VsLXNlcnZpY2U=.1","POST:/api/v1/cancelservice/cancel/32fa97d3-7a48-4a2c-b342-2a15ef4a19f6","UNKNOWN_TYPE","UNKNOWN_LAYER",1,4.0,0.0,0.0,0.0
"dHMtZ2F0ZXdheS1zZXJ2aWNl.1","POST:/api/v1/cancelservice/cancel/cb95b872-25d2-42c6-8c11-3581db72f2cc","UNKNOWN_TYPE","UNKNOWN_LAYER",1,1.0,0.0,0.0,0.0
"dHMtZ2F0ZXdheS1zZXJ2aWNl.1","POST:/api/v1/cancelservice/cancel/7990e9cd-5ae5-45ac-89b0-9c14c36a180c","UNKNOWN_TYPE","UNKNOWN_LAYER",1,1.0,0.0,0.0,0.0
"dHMtZ2F0ZXdheS1zZXJ2aWNl.1","POST:/api/v1/cancelservice/cancel/bbff5f70-b0d2-4cc0-83ea-f59aac13ddfe","UNKNOWN_TYPE","UNKNOWN_LAYER",1,1.0,0.0,0.0,0.0
"dHMtY2FuY2VsLXNlcnZpY2U=.1","POST:/api/v1/cancelservice/cancel/bbff5f70-b0d2-4cc0-83ea-f59aac13ddfe","UNKNOWN_TYPE","UNKNOWN_LAYER",1,17.0,0.0,0.0,0.0
"dHMtY2FuY2VsLXNlcnZpY2U=.1","POST:/api/v1/cancelservice/cancel/34e92726-3100-4deb-b6ec-ce77ee1c1c95","UNKNOWN_TYPE","UNKNOWN_LAYER",1,4.0,0.0,0.0,0.0
"dHMtY2FuY2VsLXNlcnZpY2U=.1","POST:/api/v1/cancelservice/cancel/dd5058d7-6c20-4872-a9f7-82e5e00b8f89","UNKNOWN_TYPE","UNKNOWN_LAYER",1,3.0,0.0,0.0,0.0
"dHMtZ2F0ZXdheS1zZXJ2aWNl.1","POST:/api/v1/cancelservice/cancel/4e2c8368-ceec-4250-a36a-d467f2224440","UNKNOWN_TYPE","UNKNOWN_LAYER",1,1.0,0.0,0.0,0.0
"dHMtZ2F0ZXdheS1zZXJ2aWNl.1","POST:/api/v1/cancelservice/cancel/05d8330e-437a-49bf-ab1b-b812ea2d6b70","UNKNOWN_TYPE","UNKNOWN_LAYER",1,1.0,0.0,0.0,0.0
"dHMtY2FuY2VsLXNlcnZpY2U=.1","POST:/api/v1/cancelservice/cancel/3a1c0ab5-38f9-413e-8571-99efd13eb5d9","UNKNOWN_TYPE","UNKNOWN_LAYER",1,13.0,0.0,0.0,0.0
"dHMtY2FuY2VsLXNlcnZpY2U=.1","POST:/api/v1/cancelservice/cancel/8b767410-0769-45da-aed7-fabde1f3ceb1","UNKNOWN_TYPE","UNKNOWN_LAYER",1,3.0,0.0,0.0,0.0
"dHMtZ2F0ZXdheS1zZXJ2aWNl.1","POST:/api/v1/cancelservice/cancel/81e54fef-1199-4b7c-b927-ce70e2e83d59","UNKNOWN_TYPE","UNKNOWN_LAYER",1,1.0,0.0,0.0,0.0
"dHMtY2FuY2VsLXNlcnZpY2U=.1","POST:/api/v1/cancelservice/cancel/998fc249-7a01-404b-8d73-961a9da0794b","UNKNOWN_TYPE","UNKNOWN_LAYER",1,4.0,0.0,0.0,0.0
"dHMtY2FuY2VsLXNlcnZpY2U=.1","POST:/api/v1/cancelservice/cancel/dc9c3535-7d48-48a3-bdb9-2848ffe7c9b7","UNKNOWN_TYPE","UNKNOWN_LAYER",1,3.0,0.0,0.0,0.0
"dHMtZ2F0ZXdheS1zZXJ2aWNl.1","POST:/api/v1/cancelservice/cancel/cda6041b-b72d-4cc0-9b85-e49a7a0f7243","UNKNOWN_TYPE","UNKNOWN_LAYER",1,0.0,0.0,0.0,0.0
"dHMtZ2F0ZXdheS1zZXJ2aWNl.1","POST:/api/v1/cancelservice/cancel/fd4f11d0-38a2-4d50-9fe9-8b3a0ac85c98","UNKNOWN_TYPE","UNKNOWN_LAYER",1,1.0,0.0,0.0,0.0
"dHMtZ2F0ZXdheS1zZXJ2aWNl.1","POST:/api/v1/cancelservice/cancel/fe87f168-9b1d-4cd0-a5b5-77074ffb1ad7","UNKNOWN_TYPE","UNKNOWN_LAYER",1,1.0,0.0,0.0,0.0
"dHMtY2FuY2VsLXNlcnZpY2U=.1","POST:/api/v1/cancelservice/cancel/fe87f168-9b1d-4cd0-a5b5-77074ffb1ad7","UNKNOWN_TYPE","UNKNOWN_LAYER",1,4.0,0.0,0.0,0.0
"dHMtY2FuY2VsLXNlcnZpY2U=.1","POST:/api/v1/cancelservice/cancel/d9269ef5-5650-45a2-a17c-af2685af8132","UNKNOWN_TYPE","UNKNOWN_LAYER",1,3.0,0.0,0.0,0.0
"dHMtY2FuY2VsLXNlcnZpY2U=.1","POST:/api/v1/cancelservice/cancel/a8b710d8-45f4-4587-abee-e988d2cfde38","UNKNOWN_TYPE","UNKNOWN_LAYER",1,4.0,0.0,0.0,0.0
"dHMtY2FuY2VsLXNlcnZpY2U=.1","POST:/api/v1/cancelservice/cancel/31890979-baee-4237-b90a-e6028b0b03e5","UNKNOWN_TYPE","UNKNOWN_LAYER",1,3.0,0.0,0.0,0.0
"dHMtY2FuY2VsLXNlcnZpY2U=.1","POST:/api/v1/cancelservice/cancel/f39e951c-3fff-4993-9d74-ee39ea5b48e0","UNKNOWN_TYPE","UNKNOWN_LAYER",1,4.0,0.0,0.0,0.0
"dHMtZ2F0ZXdheS1zZXJ2aWNl.1","POST:/api/v1/cancelservice/cancel/0cefbb48-6a2d-46c3-ae6a-9574d45fccfa","UNKNOWN_TYPE","UNKNOWN_LAYER",1,1.0,0.0,0.0,0.0
"dHMtZ2F0ZXdheS1zZXJ2aWNl.1","POST:/api/v1/cancelservice/cancel/2eb3b5ae-048b-4418-8d68-2d1b1236b58d","UNKNOWN_TYPE","UNKNOWN_LAYER",1,0.0,0.0,0.0,0.0
"dHMtY2FuY2VsLXNlcnZpY2U=.1","POST:/api/v1/cancelservice/cancel/9bd3c40d-5e47-42bb-8b7b-bf32bbb6f276","UNKNOWN_TYPE","UNKNOWN_LAYER",1,4.0,0.0,0.0,0.0
"dHMtZ2F0ZXdheS1zZXJ2aWNl.1","POST:/api/v1/cancelservice/cancel/ae3585a0-0d63-454b-b90f-1a82f1b228a2","UNKNOWN_TYPE","UNKNOWN_LAYER",1,1.0,0.0,0.0,0.0
"dHMtY2FuY2VsLXNlcnZpY2U=.1","POST:/api/v1/cancelservice/cancel/f298b96e-cfc8-4c18-88bf-9bbe237faa2d","UNKNOWN_TYPE","UNKNOWN_LAYER",1,3.0,0.0,0.0,0.0
"dHMtY2FuY2VsLXNlcnZpY2U=.1","POST:/api/v1/cancelservice/cancel/1a971dee-0a1f-4f7e-956c-aa90f3d09e30","UNKNOWN_TYPE","UNKNOWN_LAYER",1,4.0,0.0,0.0,0.0
"dHMtZ2F0ZXdheS1zZXJ2aWNl.1","POST:/api/v1/cancelservice/cancel/26089190-3f26-4287-9673-4a8448441c35","UNKNOWN_TYPE","UNKNOWN_LAYER",1,1.0,0.0,0.0,0.0
"dHMtY2FuY2VsLXNlcnZpY2U=.1","POST:/api/v1/cancelservice/cancel/ee9c0080-4a92-4cae-949c-6496d647a76c","UNKNOWN_TYPE","UNKNOWN_LAYER",1,3.0,0.0,0.0,0.0
"dHMtZ2F0ZXdheS1zZXJ2aWNl.1","POST:/api/v1/cancelservice/cancel/eb165de3-ad3b-4874-b947-a14947675d89","UNKNOWN_TYPE","UNKNOWN_LAYER",1,1.0,0.0,0.0,0.0
"dHMtZ2F0ZXdheS1zZXJ2aWNl.1","POST:/api/v1/cancelservice/cancel/1f638774-d440-4fd9-935d-f52c33b2d3bb","UNKNOWN_TYPE","UNKNOWN_LAYER",1,0.0,0.0,0.0,0.0
"dHMtZ2F0ZXdheS1zZXJ2aWNl.1","POST:/api/v1/cancelservice/cancel/35741068-cd3b-41f3-ac94-8947b065ec2f","UNKNOWN_TYPE","UNKNOWN_LAYER",1,1.0,0.0,0.0,0.0
"dHMtY2FuY2VsLXNlcnZpY2U=.1","POST:/api/v1/cancelservice/cancel/d77e4efd-47aa-409d-b011-fe7155b0104a","UNKNOWN_TYPE","UNKNOWN_LAYER",1,4.0,0.0,0.0,0.0
"dHMtZ2F0ZXdheS1zZXJ2aWNl.1","POST:/api/v1/cancelservice/cancel/de9bb32c-1ddf-4d4f-9b21-c916446ec03e","UNKNOWN_TYPE","UNKNOWN_LAYER",1,1.0,0.0,0.0,0.0
"dHMtZ2F0ZXdheS1zZXJ2aWNl.1","POST:/api/v1/cancelservice/cancel/079ee30a-252e-4186-8399-827ca0bf28e1","UNKNOWN_TYPE","UNKNOWN_LAYER",1,2.0,0.0,0.0,0.0
"dHMtY2FuY2VsLXNlcnZpY2U=.1","POST:/api/v1/cancelservice/cancel/55b15004-b54d-41ed-9a9e-e7d7ce27c339","UNKNOWN_TYPE","UNKNOWN_LAYER",1,5.0,0.0,0.0,0.0
"dHMtY2FuY2VsLXNlcnZpY2U=.1","POST:/api/v1/cancelservice/cancel/6369ba8d-7d6e-4e7a-aa97-f9840a641faf","UNKNOWN_TYPE","UNKNOWN_LAYER",1,15.0,0.0,0.0,0.0
"dHMtY2FuY2VsLXNlcnZpY2U=.1","POST:/api/v1/cancelservice/cancel/5ff5a710-28f5-4e1a-9573-5d44ee78fe2d","UNKNOWN_TYPE","UNKNOWN_LAYER",1,4.0,0.0,0.0,0.0
"dHMtY2FuY2VsLXNlcnZpY2U=.1","POST:/api/v1/cancelservice/cancel/c1976214-8f5c-4ce2-bff6-ca27cc70e44f","UNKNOWN_TYPE","UNKNOWN_LAYER",1,4.0,0.0,0.0,0.0
"dHMtY2FuY2VsLXNlcnZpY2U=.1","POST:/api/v1/cancelservice/cancel/7773be87-1e92-4f65-8d83-31e2eb8a2ad6","UNKNOWN_TYPE","UNKNOWN_LAYER",1,4.0,0.0,0.0,0.0
"dHMtZ2F0ZXdheS1zZXJ2aWNl.1","POST:/api/v1/cancelservice/cancel/7773be87-1e92-4f65-8d83-31e2eb8a2ad6","UNKNOWN_TYPE","UNKNOWN_LAYER",1,1.0,0.0,0.0,0.0
"dHMtY2FuY2VsLXNlcnZpY2U=.1","POST:/api/v1/cancelservice/cancel/bf2dd399-f224-4fbb-9b5f-d72141d275e4","UNKNOWN_TYPE","UNKNOWN_LAYER",1,4.0,0.0,0.0,0.0
"dHMtY2FuY2VsLXNlcnZpY2U=.1","POST:/api/v1/cancelservice/cancel/299148cb-a73e-44d2-af60-811a49ca4520","UNKNOWN_TYPE","UNKNOWN_LAYER",1,5.0,0.0,0.0,0.0
"dHMtY2FuY2VsLXNlcnZpY2U=.1","POST:/api/v1/cancelservice/cancel/f9ff2c06-0ba5-4309-93e2-f86cc0d5d5a7","UNKNOWN_TYPE","UNKNOWN_LAYER",1,4.0,0.0,0.0,0.0
"dHMtZ2F0ZXdheS1zZXJ2aWNl.1","POST:/api/v1/cancelservice/cancel/62b650a9-8a55-441b-a230-6490a3bcf9d9","UNKNOWN_TYPE","UNKNOWN_LAYER",1,2.0,0.0,0.0,0.0
"dHMtY2FuY2VsLXNlcnZpY2U=.1","POST:/api/v1/cancelservice/cancel/ede3aef5-e1b6-42d7-82fd-68e0a05cf976","UNKNOWN_TYPE","UNKNOWN_LAYER",1,7.0,0.0,0.0,0.0
"dHMtZ2F0ZXdheS1zZXJ2aWNl.1","POST:/api/v1/cancelservice/cancel/ffd73ae1-582d-46e3-95ff-f05be14d18d5","UNKNOWN_TYPE","UNKNOWN_LAYER",1,2.0,0.0,0.0,0.0
"dHMtZ2F0ZXdheS1zZXJ2aWNl.1","POST:/api/v1/cancelservice/cancel/1af447d7-2bfa-4e6c-8c3d-386484f63b92","UNKNOWN_TYPE","UNKNOWN_LAYER",1,1.0,0.0,0.0,0.0
"dHMtY2FuY2VsLXNlcnZpY2U=.1","POST:/api/v1/cancelservice/cancel/d233fc47-a90c-42bc-85c2-cd89ac296f98","UNKNOWN_TYPE","UNKNOWN_LAYER",1,5.0,0.0,0.0,0.0
"dHMtZ2F0ZXdheS1zZXJ2aWNl.1","POST:/api/v1/cancelservice/cancel/e13bcfda-2ced-48f9-b00c-477486af538d","UNKNOWN_TYPE","UNKNOWN_LAYER",1,1.0,0.0,0.0,0.0
"dHMtY2FuY2VsLXNlcnZpY2U=.1","POST:/api/v1/cancelservice/cancel/2c5e0b65-4168-4bee-87e9-326cf14830ba","UNKNOWN_TYPE","UNKNOWN_LAYER",1,4.0,0.0,0.0,0.0
"dHMtZ2F0ZXdheS1zZXJ2aWNl.1","POST:/api/v1/cancelservice/cancel/7ff818e3-00de-4ea4-8ea2-cd993ac5da40","UNKNOWN_TYPE","UNKNOWN_LAYER",1,2.0,0.0,0.0,0.0
"dHMtY2FuY2VsLXNlcnZpY2U=.1","POST:/api/v1/cancelservice/cancel/13f1d6e6-49eb-4518-8e1c-baa002a2a2d1","UNKNOWN_TYPE","UNKNOWN_LAYER",1,7.0,0.0,0.0,0.0
"dHMtZ2F0ZXdheS1zZXJ2aWNl.1","POST:/api/v1/cancelservice/cancel/01d52839-2ecc-428d-8099-9761e4146001","UNKNOWN_TYPE","UNKNOWN_LAYER",1,2.0,0.0,0.0,0.0
"dHMtZ2F0ZXdheS1zZXJ2aWNl.1","POST:/api/v1/cancelservice/cancel/01a20184-ec22-45f3-9231-58d4128e78c5","UNKNOWN_TYPE","UNKNOWN_LAYER",1,2.0,0.0,0.0,0.0
"dHMtY2FuY2VsLXNlcnZpY2U=.1","POST:/api/v1/cancelservice/cancel/5828da8b-5525-4445-93a4-3cb94feab293","UNKNOWN_TYPE","UNKNOWN_LAYER",1,4.0,0.0,0.0,0.0
"dHMtY2FuY2VsLXNlcnZpY2U=.1","POST:/api/v1/cancelservice/cancel/00048602-a85b-4c2f-91e8-0fd39385752f","UNKNOWN_TYPE","UNKNOWN_LAYER",1,5.0,0.0,0.0,0.0
"dHMtZ2F0ZXdheS1zZXJ2aWNl.1","POST:/api/v1/cancelservice/cancel/cb274868-4854-4abb-a26f-13ad81dbd550","UNKNOWN_TYPE","UNKNOWN_LAYER",1,2.0,0.0,0.0,0.0
"dHMtY2FuY2VsLXNlcnZpY2U=.1","POST:/api/v1/cancelservice/cancel/cb274868-4854-4abb-a26f-13ad81dbd550","UNKNOWN_TYPE","UNKNOWN_LAYER",1,5.0,0.0,0.0,0.0
"dHMtY2FuY2VsLXNlcnZpY2U=.1","POST:/api/v1/cancelservice/cancel/20678c2a-0ce0-4f3c-9c54-f88a74104596","UNKNOWN_TYPE","UNKNOWN_LAYER",1,4.0,0.0,0.0,0.0
"dHMtZ2F0ZXdheS1zZXJ2aWNl.1","POST:/api/v1/cancelservice/cancel/d016c6a4-38fe-4fa9-abe3-0223ff6957ad","UNKNOWN_TYPE","UNKNOWN_LAYER",1,3.0,0.0,0.0,0.0
"dHMtZ2F0ZXdheS1zZXJ2aWNl.1","POST:/api/v1/cancelservice/cancel/0ab07837-8aa2-4902-ac03-22ce6f9dfd2a","UNKNOWN_TYPE","UNKNOWN_LAYER",1,1.0,0.0,0.0,0.0
"dHMtY2FuY2VsLXNlcnZpY2U=.1","POST:/api/v1/cancelservice/cancel/eb6b34f6-dcb8-429d-89cb-6178bc672c6e","UNKNOWN_TYPE","UNKNOWN_LAYER",1,4.0,0.0,0.0,0.0
"dHMtY2FuY2VsLXNlcnZpY2U=.1","POST:/api/v1/cancelservice/cancel/1744b274-de6a-4ba5-b19d-3a5d9bc2cdb8","UNKNOWN_TYPE","UNKNOWN_LAYER",1,5.0,0.0,0.0,0.0
"dHMtZ2F0ZXdheS1zZXJ2aWNl.1","POST:/api/v1/cancelservice/cancel/1744b274-de6a-4ba5-b19d-3a5d9bc2cdb8","UNKNOWN_TYPE","UNKNOWN_LAYER",1,2.0,0.0,0.0,0.0
"dHMtZ2F0ZXdheS1zZXJ2aWNl.1","POST:/api/v1/cancelservice/cancel/507a5467-66af-4c0a-ad44-aa53ff73f0a2","UNKNOWN_TYPE","UNKNOWN_LAYER",1,2.0,0.0,0.0,0.0
"dHMtY2FuY2VsLXNlcnZpY2U=.1","POST:/api/v1/cancelservice/cancel/507a5467-66af-4c0a-ad44-aa53ff73f0a2","UNKNOWN_TYPE","UNKNOWN_LAYER",1,6.0,0.0,0.0,0.0
"dHMtZ2F0ZXdheS1zZXJ2aWNl.1","POST:/api/v1/cancelservice/cancel/6581d7ad-b829-4357-978e-65f5b031a638","UNKNOWN_TYPE","UNKNOWN_LAYER",1,2.0,0.0,0.0,0.0
"dHMtY2FuY2VsLXNlcnZpY2U=.1","POST:/api/v1/cancelservice/cancel/c2815f2f-8c45-4226-ba66-1ec2b96831cc","UNKNOWN_TYPE","UNKNOWN_LAYER",1,5.0,0.0,0.0,0.0
"dHMtY2FuY2VsLXNlcnZpY2U=.1","POST:/api/v1/cancelservice/cancel/c16cac3e-e476-42ec-b943-274b95839941","UNKNOWN_TYPE","UNKNOWN_LAYER",1,5.0,0.0,0.0,0.0
"dHMtY2FuY2VsLXNlcnZpY2U=.1","POST:/api/v1/cancelservice/cancel/96c407ee-d1de-4e8b-b309-5859be4946f9","UNKNOWN_TYPE","UNKNOWN_LAYER",1,11.0,0.0,0.0,0.0
"dHMtY2FuY2VsLXNlcnZpY2U=.1","POST:/api/v1/cancelservice/cancel/703f7ab5-99b5-4af1-a6c7-5eca258625f1","UNKNOWN_TYPE","UNKNOWN_LAYER",1,5.0,0.0,0.0,0.0
"dHMtY2FuY2VsLXNlcnZpY2U=.1","POST:/api/v1/cancelservice/cancel/1d2a60e3-8a99-46c3-9a08-624b56ea1e73","UNKNOWN_TYPE","UNKNOWN_LAYER",1,6.0,0.0,0.0,0.0
"dHMtY2FuY2VsLXNlcnZpY2U=.1","POST:/api/v1/cancelservice/cancel/f2627560-e7c1-4da4-ac38-56e564191580","UNKNOWN_TYPE","UNKNOWN_LAYER",1,5.0,0.0,0.0,0.0
"dHMtY2FuY2VsLXNlcnZpY2U=.1","POST:/api/v1/cancelservice/cancel/7483a083-1d15-40ff-8ba0-b8003e8b17b1","UNKNOWN_TYPE","UNKNOWN_LAYER",1,17.0,0.0,0.0,0.0
"dHMtY2FuY2VsLXNlcnZpY2U=.1","POST:/api/v1/cancelservice/cancel/ac1bb2aa-c792-4125-81af-2173d9123105","UNKNOWN_TYPE","UNKNOWN_LAYER",1,4.0,0.0,0.0,0.0
"dHMtZ2F0ZXdheS1zZXJ2aWNl.1","POST:/api/v1/cancelservice/cancel/ac1bb2aa-c792-4125-81af-2173d9123105","UNKNOWN_TYPE","UNKNOWN_LAYER",1,3.0,0.0,0.0,0.0
"dHMtZ2F0ZXdheS1zZXJ2aWNl.1","POST:/api/v1/cancelservice/cancel/d85ca226-3704-4688-9867-63fae7f11518","UNKNOWN_TYPE","UNKNOWN_LAYER",1,1.0,0.0,0.0,0.0
"dHMtZ2F0ZXdheS1zZXJ2aWNl.1","POST:/api/v1/cancelservice/cancel/43c62440-ac91-43e3-807d-5aed211a5848","UNKNOWN_TYPE","UNKNOWN_LAYER",1,2.0,0.0,0.0,0.0
"dHMtY2FuY2VsLXNlcnZpY2U=.1","POST:/api/v1/cancelservice/cancel/43c62440-ac91-43e3-807d-5aed211a5848","UNKNOWN_TYPE","UNKNOWN_LAYER",1,5.0,0.0,0.0,0.0
"dHMtY2FuY2VsLXNlcnZpY2U=.1","POST:/api/v1/cancelservice/cancel/f930e006-e004-4b86-80a1-ebbd3e8c58f7","UNKNOWN_TYPE","UNKNOWN_LAYER",1,6.0,0.0,0.0,0.0
"dHMtZ2F0ZXdheS1zZXJ2aWNl.1","POST:/api/v1/cancelservice/cancel/4262d6e2-fdb4-456a-8682-382ae1a78dfd","UNKNOWN_TYPE","UNKNOWN_LAYER",1,1.0,0.0,0.0,0.0
"dHMtY2FuY2VsLXNlcnZpY2U=.1","POST:/api/v1/cancelservice/cancel/f3746c31-e643-4a26-8a5c-28c024d1e715","UNKNOWN_TYPE","UNKNOWN_LAYER",1,116.0,0.0,0.0,0.0
"dHMtY2FuY2VsLXNlcnZpY2U=.1","POST:/api/v1/cancelservice/cancel/a29e4d21-85c0-434e-b0ae-83f69e7c5e07","UNKNOWN_TYPE","UNKNOWN_LAYER",1,4.0,0.0,0.0,0.0
"dHMtZ2F0ZXdheS1zZXJ2aWNl.1","POST:/api/v1/cancelservice/cancel/2bc21215-75d7-4571-9426-212321b91519","UNKNOWN_TYPE","UNKNOWN_LAYER",1,2.0,0.0,0.0,0.0
"dHMtY2FuY2VsLXNlcnZpY2U=.1","POST:/api/v1/cancelservice/cancel/2bc21215-75d7-4571-9426-212321b91519","UNKNOWN_TYPE","UNKNOWN_LAYER",1,6.0,0.0,0.0,0.0
"dHMtZ2F0ZXdheS1zZXJ2aWNl.1","POST:/api/v1/cancelservice/cancel/93a24ad9-8f56-4d4f-a0f3-0031bc8d4732","UNKNOWN_TYPE","UNKNOWN_LAYER",1,2.0,0.0,0.0,0.0
"dHMtY2FuY2VsLXNlcnZpY2U=.1","POST:/api/v1/cancelservice/cancel/e71c6b88-7c2f-46e5-84dd-dfdec0c8c3e8","UNKNOWN_TYPE","UNKNOWN_LAYER",1,4.0,0.0,0.0,0.0
"dHMtZ2F0ZXdheS1zZXJ2aWNl.1","POST:/api/v1/cancelservice/cancel/e60cd27d-7cd0-492f-95d7-d54ebd907dbf","UNKNOWN_TYPE","UNKNOWN_LAYER",1,2.0,0.0,0.0,0.0
"dHMtY2FuY2VsLXNlcnZpY2U=.1","POST:/api/v1/cancelservice/cancel/e60cd27d-7cd0-492f-95d7-d54ebd907dbf","UNKNOWN_TYPE","UNKNOWN_LAYER",1,4.0,0.0,0.0,0.0
"dHMtZ2F0ZXdheS1zZXJ2aWNl.1","POST:/api/v1/cancelservice/cancel/f161d6f7-30c5-4489-b60c-1aed6531c5b2","UNKNOWN_TYPE","UNKNOWN_LAYER",1,2.0,0.0,0.0,0.0
"dHMtY2FuY2VsLXNlcnZpY2U=.1","POST:/api/v1/cancelservice/cancel/9cce6974-51e1-4b0e-a886-9567686921c5","UNKNOWN_TYPE","UNKNOWN_LAYER",1,5.0,0.0,0.0,0.0
"dHMtY2FuY2VsLXNlcnZpY2U=.1","POST:/api/v1/cancelservice/cancel/b08dfdcf-051e-4c1d-84f6-48494a50fa91","UNKNOWN_TYPE","UNKNOWN_LAYER",1,5.0,0.0,0.0,0.0
"dHMtY2FuY2VsLXNlcnZpY2U=.1","POST:/api/v1/cancelservice/cancel/35e5be54-7f02-4a5e-ad42-82a33e4d5616","UNKNOWN_TYPE","UNKNOWN_LAYER",1,7.0,0.0,0.0,0.0
"dHMtZ2F0ZXdheS1zZXJ2aWNl.1","POST:/api/v1/cancelservice/cancel/77ad55b1-95af-41ea-94b3-561a51f5ca9d","UNKNOWN_TYPE","UNKNOWN_LAYER",1,3.0,0.0,0.0,0.0
"dHMtZ2F0ZXdheS1zZXJ2aWNl.1","POST:/api/v1/cancelservice/cancel/a65fdf0f-5b9c-430f-81fd-f1dbed7e4282","UNKNOWN_TYPE","UNKNOWN_LAYER",1,1.0,0.0,0.0,0.0
"dHMtZ2F0ZXdheS1zZXJ2aWNl.1","POST:/api/v1/cancelservice/cancel/a7a17a2b-d9da-4fc8-ac7a-816da779732a","UNKNOWN_TYPE","UNKNOWN_LAYER",1,2.0,0.0,0.0,0.0
"dHMtY2FuY2VsLXNlcnZpY2U=.1","POST:/api/v1/cancelservice/cancel/61edddb8-3489-4c1b-b74b-6c786a59c75d","UNKNOWN_TYPE","UNKNOWN_LAYER",1,4.0,0.0,0.0,0.0
"dHMtY2FuY2VsLXNlcnZpY2U=.1","POST:/api/v1/cancelservice/cancel/144e491e-358e-4e99-b9b1-a892ba0a5441","UNKNOWN_TYPE","UNKNOWN_LAYER",1,4.0,0.0,0.0,0.0
"dHMtZ2F0ZXdheS1zZXJ2aWNl.1","POST:/api/v1/cancelservice/cancel/70086f2f-a070-4d46-a869-83455ece1ab4","UNKNOWN_TYPE","UNKNOWN_LAYER",1,2.0,0.0,0.0,0.0
"dHMtZ2F0ZXdheS1zZXJ2aWNl.1","POST:/api/v1/cancelservice/cancel/4d993056-e7ac-40d8-b4d7-4c6e511fe392","UNKNOWN_TYPE","UNKNOWN_LAYER",1,3.0,0.0,0.0,0.0
"dHMtZ2F0ZXdheS1zZXJ2aWNl.1","POST:/api/v1/cancelservice/cancel/fd566519-ecb8-4975-9012-5e46c1e2daec","UNKNOWN_TYPE","UNKNOWN_LAYER",1,2.0,0.0,0.0,0.0
"dHMtY2FuY2VsLXNlcnZpY2U=.1","POST:/api/v1/cancelservice/cancel/979a66b4-6d89-4f7b-963e-4a2566347133","UNKNOWN_TYPE","UNKNOWN_LAYER",1,7.0,0.0,0.0,0.0
"dHMtY2FuY2VsLXNlcnZpY2U=.1","POST:/api/v1/cancelservice/cancel/69d77882-1096-426b-ba72-94f6d3c27f9f","UNKNOWN_TYPE","UNKNOWN_LAYER",1,9.0,0.0,0.0,0.0
"dHMtZ2F0ZXdheS1zZXJ2aWNl.1","POST:/api/v1/cancelservice/cancel/6915f593-badf-4998-a98b-b20d44a97bc5","UNKNOWN_TYPE","UNKNOWN_LAYER",1,2.0,0.0,0.0,0.0
"dHMtY2FuY2VsLXNlcnZpY2U=.1","POST:/api/v1/cancelservice/cancel/a2e8b0e9-2fea-48f4-a8b5-3c2317a88a04","UNKNOWN_TYPE","UNKNOWN_LAYER",1,6.0,0.0,0.0,0.0
"dHMtY2FuY2VsLXNlcnZpY2U=.1","POST:/api/v1/cancelservice/cancel/07e515ef-6eeb-4af9-b303-3a25d8e8107b","UNKNOWN_TYPE","UNKNOWN_LAYER",1,6.0,0.0,0.0,0.0
"dHMtY2FuY2VsLXNlcnZpY2U=.1","POST:/api/v1/cancelservice/cancel/9e9954bb-4680-4140-9ea7-5896f0e07c4d","UNKNOWN_TYPE","UNKNOWN_LAYER",1,5.0,0.0,0.0,0.0
"dHMtZ2F0ZXdheS1zZXJ2aWNl.1","POST:/api/v1/cancelservice/cancel/b312c4da-a1a1-4c1f-8e8a-d720262dd2d7","UNKNOWN_TYPE","UNKNOWN_LAYER",1,2.0,0.0,0.0,0.0
"dHMtY2FuY2VsLXNlcnZpY2U=.1","POST:/api/v1/cancelservice/cancel/e46b9a13-b54b-4e80-9628-8ed89c792db2","UNKNOWN_TYPE","UNKNOWN_LAYER",1,6.0,0.0,0.0,0.0
"dHMtY2FuY2VsLXNlcnZpY2U=.1","POST:/api/v1/cancelservice/cancel/d98da265-9c86-4808-92ec-a7dfe90a0ae8","UNKNOWN_TYPE","UNKNOWN_LAYER",1,9.0,0.0,0.0,0.0
"dHMtZ2F0ZXdheS1zZXJ2aWNl.1","POST:/api/v1/cancelservice/cancel/733b74b9-7cde-4dc5-9da1-0d4213024422","UNKNOWN_TYPE","UNKNOWN_LAYER",1,1.0,0.0,0.0,0.0
"dHMtY2FuY2VsLXNlcnZpY2U=.1","POST:/api/v1/cancelservice/cancel/ec9dda3e-96ad-4b52-89e4-e6df2cd72c88","UNKNOWN_TYPE","UNKNOWN_LAYER",1,3.0,0.0,0.0,0.0
"dHMtY2FuY2VsLXNlcnZpY2U=.1","POST:/api/v1/cancelservice/cancel/dc2bb595-5f5a-43f2-897b-2cb005cfe222","UNKNOWN_TYPE","UNKNOWN_LAYER",1,16.0,0.0,0.0,0.0
"dHMtZ2F0ZXdheS1zZXJ2aWNl.1","POST:/api/v1/cancelservice/cancel/5227bdd5-171c-4d2a-b6c8-ddacd06ebef4","UNKNOWN_TYPE","UNKNOWN_LAYER",1,1.0,0.0,0.0,0.0
"dHMtY2FuY2VsLXNlcnZpY2U=.1","POST:/api/v1/cancelservice/cancel/de9e2cbb-1e8b-41da-b5c0-08a6b76233de","UNKNOWN_TYPE","UNKNOWN_LAYER",1,4.0,0.0,0.0,0.0
"dHMtY2FuY2VsLXNlcnZpY2U=.1","POST:/api/v1/cancelservice/cancel/4741d10e-df5c-4de7-9364-f792c95d8642","UNKNOWN_TYPE","UNKNOWN_LAYER",1,4.0,0.0,0.0,0.0
"dHMtY2FuY2VsLXNlcnZpY2U=.1","POST:/api/v1/cancelservice/cancel/e96469da-e40d-457e-917d-17a54df3bbbf","UNKNOWN_TYPE","UNKNOWN_LAYER",1,15.0,0.0,0.0,0.0
"dHMtY2FuY2VsLXNlcnZpY2U=.1","POST:/api/v1/cancelservice/cancel/ce16e7b8-75bb-4e9b-8d76-c6f345ec4b99","UNKNOWN_TYPE","UNKNOWN_LAYER",1,4.0,0.0,0.0,0.0
"dHMtY2FuY2VsLXNlcnZpY2U=.1","POST:/api/v1/cancelservice/cancel/10f5e1b0-4e52-4eba-9898-2828cfbc34c2","UNKNOWN_TYPE","UNKNOWN_LAYER",1,4.0,0.0,0.0,0.0
"dHMtY2FuY2VsLXNlcnZpY2U=.1","POST:/api/v1/cancelservice/cancel/87016ac7-98f3-4199-bc4a-a93a2a229cc6","UNKNOWN_TYPE","UNKNOWN_LAYER",1,3.0,0.0,0.0,0.0
"dHMtZ2F0ZXdheS1zZXJ2aWNl.1","POST:/api/v1/cancelservice/cancel/fac5a8c9-83da-4190-9265-6ecb81727482","UNKNOWN_TYPE","UNKNOWN_LAYER",1,1.0,0.0,0.0,0.0
"dHMtZ2F0ZXdheS1zZXJ2aWNl.1","POST:/api/v1/cancelservice/cancel/3b408a23-1355-4587-95a7-bad01a383b33","UNKNOWN_TYPE","UNKNOWN_LAYER",1,1.0,0.0,0.0,0.0
"dHMtY2FuY2VsLXNlcnZpY2U=.1","POST:/api/v1/cancelservice/cancel/3b408a23-1355-4587-95a7-bad01a383b33","UNKNOWN_TYPE","UNKNOWN_LAYER",1,3.0,0.0,0.0,0.0
"dHMtZ2F0ZXdheS1zZXJ2aWNl.1","POST:/api/v1/cancelservice/cancel/202a52a4-74ae-4f5f-880d-f96dc8d24583","UNKNOWN_TYPE","UNKNOWN_LAYER",1,1.0,0.0,0.0,0.0
"dHMtZ2F0ZXdheS1zZXJ2aWNl.1","POST:/api/v1/cancelservice/cancel/cd536d77-72f6-4918-a5a1-3cbc9e3f133b","UNKNOWN_TYPE","UNKNOWN_LAYER",1,1.0,0.0,0.0,0.0
"dHMtZ2F0ZXdheS1zZXJ2aWNl.1","POST:/api/v1/cancelservice/cancel/410e24eb-c899-4d32-8d1d-215f69df0cb1","UNKNOWN_TYPE","UNKNOWN_LAYER",1,1.0,0.0,0.0,0.0
"dHMtZ2F0ZXdheS1zZXJ2aWNl.1","POST:/api/v1/cancelservice/cancel/d75e9e47-1e0a-4335-8b0d-7c63111778d7","UNKNOWN_TYPE","UNKNOWN_LAYER",1,0.0,0.0,0.0,0.0
"dHMtY2FuY2VsLXNlcnZpY2U=.1","POST:/api/v1/cancelservice/cancel/8c014804-d58a-48a3-b38b-67b4b53f1496","UNKNOWN_TYPE","UNKNOWN_LAYER",1,4.0,0.0,0.0,0.0
"dHMtZ2F0ZXdheS1zZXJ2aWNl.1","POST:/api/v1/cancelservice/cancel/57a3216d-679b-4053-816a-90d9c3427972","UNKNOWN_TYPE","UNKNOWN_LAYER",1,1.0,0.0,0.0,0.0
"dHMtY2FuY2VsLXNlcnZpY2U=.1","POST:/api/v1/cancelservice/cancel/83866a6f-dcd6-482c-9b9e-fe8e277ec4e4","UNKNOWN_TYPE","UNKNOWN_LAYER",1,3.0,0.0,0.0,0.0
"dHMtZ2F0ZXdheS1zZXJ2aWNl.1","POST:/api/v1/cancelservice/cancel/e9db712a-52c5-451a-9798-41629dfdceb5","UNKNOWN_TYPE","UNKNOWN_LAYER",1,1.0,0.0,0.0,0.0
"dHMtY2FuY2VsLXNlcnZpY2U=.1","POST:/api/v1/cancelservice/cancel/e9db712a-52c5-451a-9798-41629dfdceb5","UNKNOWN_TYPE","UNKNOWN_LAYER",1,4.0,0.0,0.0,0.0
"dHMtY2FuY2VsLXNlcnZpY2U=.1","POST:/api/v1/cancelservice/cancel/4c2f269e-f578-4994-b1a1-359dd38a91a4","UNKNOWN_TYPE","UNKNOWN_LAYER",1,4.0,0.0,0.0,0.0
"dHMtZ2F0ZXdheS1zZXJ2aWNl.1","POST:/api/v1/cancelservice/cancel/c2450e40-d84d-48b7-adb2-23aa13006770","UNKNOWN_TYPE","UNKNOWN_LAYER",1,1.0,0.0,0.0,0.0
"dHMtY2FuY2VsLXNlcnZpY2U=.1","POST:/api/v1/cancelservice/cancel/fcfce499-a17c-4d0f-8add-dea4a2e94b06","UNKNOWN_TYPE","UNKNOWN_LAYER",1,3.0,0.0,0.0,0.0
"dHMtZ2F0ZXdheS1zZXJ2aWNl.1","POST:/api/v1/cancelservice/cancel/adb4adef-cf71-4ff2-939b-2c4792a54741","UNKNOWN_TYPE","UNKNOWN_LAYER",1,1.0,0.0,0.0,0.0
"dHMtZ2F0ZXdheS1zZXJ2aWNl.1","POST:/api/v1/cancelservice/cancel/10907704-774d-4ba1-a4f8-fc66c5bfcb70","UNKNOWN_TYPE","UNKNOWN_LAYER",1,0.0,0.0,0.0,0.0
"dHMtY2FuY2VsLXNlcnZpY2U=.1","POST:/api/v1/cancelservice/cancel/ada8493f-19ef-40f1-b898-5a4db7b72ca4","UNKNOWN_TYPE","UNKNOWN_LAYER",1,4.0,0.0,0.0,0.0
"dHMtZ2F0ZXdheS1zZXJ2aWNl.1","POST:/api/v1/cancelservice/cancel/d2f78a66-a46a-42d1-ad53-6291ce6978d5","UNKNOWN_TYPE","UNKNOWN_LAYER",1,0.0,0.0,0.0,0.0
"dHMtZ2F0ZXdheS1zZXJ2aWNl.1","POST:/api/v1/cancelservice/cancel/8f1e75e4-f5ee-4e96-b3a7-08b38ecd1ebe","UNKNOWN_TYPE","UNKNOWN_LAYER",1,1.0,0.0,0.0,0.0
"dHMtY2FuY2VsLXNlcnZpY2U=.1","POST:/api/v1/cancelservice/cancel/ac1b9771-8739-4151-a03a-937652f138d0","UNKNOWN_TYPE","UNKNOWN_LAYER",1,3.0,0.0,0.0,0.0
"dHMtY2FuY2VsLXNlcnZpY2U=.1","POST:/api/v1/cancelservice/cancel/9c739623-6793-46a5-b2d8-e200b70b4cfe","UNKNOWN_TYPE","UNKNOWN_LAYER",1,3.0,0.0,0.0,0.0
"dHMtZ2F0ZXdheS1zZXJ2aWNl.1","POST:/api/v1/cancelservice/cancel/ebc3b6cb-6ee0-452a-8bd3-836e4ec5aa61","UNKNOWN_TYPE","UNKNOWN_LAYER",1,1.0,0.0,0.0,0.0
"dHMtY2FuY2VsLXNlcnZpY2U=.1","POST:/api/v1/cancelservice/cancel/ebc3b6cb-6ee0-452a-8bd3-836e4ec5aa61","UNKNOWN_TYPE","UNKNOWN_LAYER",1,4.0,0.0,0.0,0.0
"dHMtY2FuY2VsLXNlcnZpY2U=.1","POST:/api/v1/cancelservice/cancel/88137b38-4a03-4e5a-8409-20f5d2e4a5c8","UNKNOWN_TYPE","UNKNOWN_LAYER",1,4.0,0.0,0.0,0.0
"dHMtY2FuY2VsLXNlcnZpY2U=.1","POST:/api/v1/cancelservice/cancel/8d5c8ac9-a80a-4bc9-ad6b-cf6aff088803","UNKNOWN_TYPE","UNKNOWN_LAYER",1,3.0,0.0,0.0,0.0
"dHMtZ2F0ZXdheS1zZXJ2aWNl.1","POST:/api/v1/cancelservice/cancel/1f6b62db-2b21-4493-a98f-2257d86ca276","UNKNOWN_TYPE","UNKNOWN_LAYER",1,1.0,0.0,0.0,0.0
"dHMtZ2F0ZXdheS1zZXJ2aWNl.1","POST:/api/v1/cancelservice/cancel/7bac5313-55e0-4f7d-9420-f4670fe24c91","UNKNOWN_TYPE","UNKNOWN_LAYER",1,1.0,0.0,0.0,0.0
"dHMtZ2F0ZXdheS1zZXJ2aWNl.1","POST:/api/v1/cancelservice/cancel/40cd0d9d-3cb5-4aba-a542-29888687c146","UNKNOWN_TYPE","UNKNOWN_LAYER",1,1.0,0.0,0.0,0.0
"dHMtZ2F0ZXdheS1zZXJ2aWNl.1","POST:/api/v1/cancelservice/cancel/b9dc1573-1599-468f-9327-ea89907f5308","UNKNOWN_TYPE","UNKNOWN_LAYER",1,1.0,0.0,0.0,0.0
"dHMtY2FuY2VsLXNlcnZpY2U=.1","POST:/api/v1/cancelservice/cancel/76e43a5e-bd43-498e-b573-dff8c046a363","UNKNOWN_TYPE","UNKNOWN_LAYER",1,4.0,0.0,0.0,0.0
"dHMtY2FuY2VsLXNlcnZpY2U=.1","POST:/api/v1/cancelservice/cancel/0daec725-05ef-4f2b-aba9-4707438b9556","UNKNOWN_TYPE","UNKNOWN_LAYER",1,4.0,0.0,0.0,0.0
"dHMtZ2F0ZXdheS1zZXJ2aWNl.1","POST:/api/v1/cancelservice/cancel/11a3e32e-462b-45c2-ad64-ca093a8d4e0e","UNKNOWN_TYPE","UNKNOWN_LAYER",1,1.0,0.0,0.0,0.0
"dHMtY2FuY2VsLXNlcnZpY2U=.1","POST:/api/v1/cancelservice/cancel/ad261026-5a92-4fb9-b20f-5f0c6636de63","UNKNOWN_TYPE","UNKNOWN_LAYER",1,4.0,0.0,0.0,0.0
"dHMtY2FuY2VsLXNlcnZpY2U=.1","POST:/api/v1/cancelservice/cancel/76b44ce9-e792-4708-b5f5-e26cedb513af","UNKNOWN_TYPE","UNKNOWN_LAYER",1,4.0,0.0,0.0,0.0
"dHMtZ2F0ZXdheS1zZXJ2aWNl.1","POST:/api/v1/cancelservice/cancel/98a19f61-4170-409d-be53-e8adaa915480","UNKNOWN_TYPE","UNKNOWN_LAYER",1,2.0,0.0,0.0,0.0
"dHMtY2FuY2VsLXNlcnZpY2U=.1","POST:/api/v1/cancelservice/cancel/b4865034-4d22-4c45-aec5-021e3fae168a","UNKNOWN_TYPE","UNKNOWN_LAYER",1,4.0,0.0,0.0,0.0
"dHMtZ2F0ZXdheS1zZXJ2aWNl.1","POST:/api/v1/cancelservice/cancel/522f1979-b929-42ea-8fa0-283c884b3d1e","UNKNOWN_TYPE","UNKNOWN_LAYER",1,1.0,0.0,0.0,0.0
"dHMtY2FuY2VsLXNlcnZpY2U=.1","POST:/api/v1/cancelservice/cancel/522f1979-b929-42ea-8fa0-283c884b3d1e","UNKNOWN_TYPE","UNKNOWN_LAYER",1,4.0,0.0,0.0,0.0
"dHMtZ2F0ZXdheS1zZXJ2aWNl.1","POST:/api/v1/cancelservice/cancel/d1cdb5a5-32bb-4dbc-ad7a-52d8242956aa","UNKNOWN_TYPE","UNKNOWN_LAYER",1,1.0,0.0,0.0,0.0
"dHMtY2FuY2VsLXNlcnZpY2U=.1","POST:/api/v1/cancelservice/cancel/776c75e6-81d3-4dce-ad28-a839540b69b7","UNKNOWN_TYPE","UNKNOWN_LAYER",1,4.0,0.0,0.0,0.0
"dHMtZ2F0ZXdheS1zZXJ2aWNl.1","POST:/api/v1/cancelservice/cancel/7ce73f7a-65af-4085-a0aa-a011e496892b","UNKNOWN_TYPE","UNKNOWN_LAYER",1,0.0,0.0,0.0,0.0
"dHMtY2FuY2VsLXNlcnZpY2U=.1","POST:/api/v1/cancelservice/cancel/7ce73f7a-65af-4085-a0aa-a011e496892b","UNKNOWN_TYPE","UNKNOWN_LAYER",1,3.0,0.0,0.0,0.0
"dHMtY2FuY2VsLXNlcnZpY2U=.1","POST:/api/v1/cancelservice/cancel/c6f31d05-3ba7-4b89-bae6-60992e52eb10","UNKNOWN_TYPE","UNKNOWN_LAYER",1,4.0,0.0,0.0,0.0
"dHMtY2FuY2VsLXNlcnZpY2U=.1","POST:/api/v1/cancelservice/cancel/d10c0068-9ecf-4bd6-80ad-6bd6a3aa8994","UNKNOWN_TYPE","UNKNOWN_LAYER",1,3.0,0.0,0.0,0.0
"dHMtY2FuY2VsLXNlcnZpY2U=.1","POST:/api/v1/cancelservice/cancel/4b65eda5-3766-4423-841c-202cc4f66506","UNKNOWN_TYPE","UNKNOWN_LAYER",1,3.0,0.0,0.0,0.0
"dHMtZ2F0ZXdheS1zZXJ2aWNl.1","POST:/api/v1/cancelservice/cancel/1375492a-ff96-472c-8718-68c2025aecac","UNKNOWN_TYPE","UNKNOWN_LAYER",1,1.0,0.0,0.0,0.0
"dHMtY2FuY2VsLXNlcnZpY2U=.1","POST:/api/v1/cancelservice/cancel/aed8905f-6f49-42cc-8c7a-8e6d0520e4ae","UNKNOWN_TYPE","UNKNOWN_LAYER",1,4.0,0.0,0.0,0.0
"dHMtY2FuY2VsLXNlcnZpY2U=.1","POST:/api/v1/cancelservice/cancel/43bcd911-1326-476c-93e0-4cbce04703cc","UNKNOWN_TYPE","UNKNOWN_LAYER",1,4.0,0.0,0.0,0.0
"dHMtY2FuY2VsLXNlcnZpY2U=.1","POST:/api/v1/cancelservice/cancel/4d2222ab-d78a-48b2-b462-de86088126fa","UNKNOWN_TYPE","UNKNOWN_LAYER",1,3.0,0.0,0.0,0.0
"dHMtY2FuY2VsLXNlcnZpY2U=.1","POST:/api/v1/cancelservice/cancel/4c408d43-bb90-4114-b4be-371988443b12","UNKNOWN_TYPE","UNKNOWN_LAYER",1,4.0,0.0,0.0,0.0
"dHMtZ2F0ZXdheS1zZXJ2aWNl.1","POST:/api/v1/cancelservice/cancel/3233ef65-d5c8-47fe-b680-bf7f99ccca15","UNKNOWN_TYPE","UNKNOWN_LAYER",1,1.0,0.0,0.0,0.0
"dHMtY2FuY2VsLXNlcnZpY2U=.1","POST:/api/v1/cancelservice/cancel/3233ef65-d5c8-47fe-b680-bf7f99ccca15","UNKNOWN_TYPE","UNKNOWN_LAYER",1,17.0,0.0,0.0,0.0
"dHMtY2FuY2VsLXNlcnZpY2U=.1","POST:/api/v1/cancelservice/cancel/61d1e095-7cf0-4816-9675-070a61493809","UNKNOWN_TYPE","UNKNOWN_LAYER",1,4.0,0.0,0.0,0.0
"dHMtY2FuY2VsLXNlcnZpY2U=.1","POST:/api/v1/cancelservice/cancel/efbe6ff0-bb4d-44e5-a2ef-571c351394ef","UNKNOWN_TYPE","UNKNOWN_LAYER",1,4.0,0.0,0.0,0.0
"dHMtZ2F0ZXdheS1zZXJ2aWNl.1","POST:/api/v1/cancelservice/cancel/efbe6ff0-bb4d-44e5-a2ef-571c351394ef","UNKNOWN_TYPE","UNKNOWN_LAYER",1,1.0,0.0,0.0,0.0
"dHMtY2FuY2VsLXNlcnZpY2U=.1","POST:/api/v1/cancelservice/cancel/dbd63004-f4ed-4089-bcd5-f67a14a3c261","UNKNOWN_TYPE","UNKNOWN_LAYER",1,4.0,0.0,0.0,0.0
"dHMtY2FuY2VsLXNlcnZpY2U=.1","POST:/api/v1/cancelservice/cancel/dca39d70-5a9b-45b0-9e4b-6109a8388c91","UNKNOWN_TYPE","UNKNOWN_LAYER",1,4.0,0.0,0.0,0.0
"dHMtY2FuY2VsLXNlcnZpY2U=.1","POST:/api/v1/cancelservice/cancel/af673545-cde8-4a8c-a34b-1b2fbbad9fdb","UNKNOWN_TYPE","UNKNOWN_LAYER",1,13.0,0.0,0.0,0.0
"dHMtZ2F0ZXdheS1zZXJ2aWNl.1","POST:/api/v1/cancelservice/cancel/5227ac9d-1721-4a2d-97b9-e74255e2b4be","UNKNOWN_TYPE","UNKNOWN_LAYER",1,1.0,0.0,0.0,0.0
"dHMtY2FuY2VsLXNlcnZpY2U=.1","POST:/api/v1/cancelservice/cancel/271047c2-aced-4e8c-afed-d6ddac112d09","UNKNOWN_TYPE","UNKNOWN_LAYER",1,4.0,0.0,0.0,0.0
"dHMtZ2F0ZXdheS1zZXJ2aWNl.1","POST:/api/v1/cancelservice/cancel/0caa4d56-8668-4ca0-b4fc-ab5551ff5d46","UNKNOWN_TYPE","UNKNOWN_LAYER",1,1.0,0.0,0.0,0.0
"dHMtY2FuY2VsLXNlcnZpY2U=.1","POST:/api/v1/cancelservice/cancel/1e4700c1-68ff-40e1-9c41-44fd23c8f569","UNKNOWN_TYPE","UNKNOWN_LAYER",1,4.0,0.0,0.0,0.0
"dHMtZ2F0ZXdheS1zZXJ2aWNl.1","POST:/api/v1/cancelservice/cancel/ff54b62e-5569-44aa-9d06-633d6c66fe51","UNKNOWN_TYPE","UNKNOWN_LAYER",1,0.0,0.0,0.0,0.0
"dHMtY2FuY2VsLXNlcnZpY2U=.1","POST:/api/v1/cancelservice/cancel/8103b3c8-e4fe-48fe-8aa0-479a52e1da2f","UNKNOWN_TYPE","UNKNOWN_LAYER",1,4.0,0.0,0.0,0.0
"dHMtY2FuY2VsLXNlcnZpY2U=.1","POST:/api/v1/cancelservice/cancel/72566268-31df-4191-9733-51ff0548b65a","UNKNOWN_TYPE","UNKNOWN_LAYER",1,3.0,0.0,0.0,0.0
"dHMtZ2F0ZXdheS1zZXJ2aWNl.1","POST:/api/v1/cancelservice/cancel/dca0c64a-65cb-4860-8e05-1ee7b8f26a66","UNKNOWN_TYPE","UNKNOWN_LAYER",1,1.0,0.0,0.0,0.0
"dHMtZ2F0ZXdheS1zZXJ2aWNl.1","POST:/api/v1/cancelservice/cancel/c2b557b2-a8df-45cb-99c8-067fae4900c3","UNKNOWN_TYPE","UNKNOWN_LAYER",1,1.0,0.0,0.0,0.0
"dHMtY2FuY2VsLXNlcnZpY2U=.1","POST:/api/v1/cancelservice/cancel/c2b557b2-a8df-45cb-99c8-067fae4900c3","UNKNOWN_TYPE","UNKNOWN_LAYER",1,4.0,0.0,0.0,0.0
"dHMtZ2F0ZXdheS1zZXJ2aWNl.1","POST:/api/v1/cancelservice/cancel/95e9e9f2-f2fb-4106-b67b-fd6f2389c416","UNKNOWN_TYPE","UNKNOWN_LAYER",1,3.0,0.0,0.0,0.0
"dHMtZ2F0ZXdheS1zZXJ2aWNl.1","POST:/api/v1/cancelservice/cancel/d38723c2-62ba-478f-a92b-8d0d3f2bccde","UNKNOWN_TYPE","UNKNOWN_LAYER",1,1.0,0.0,0.0,0.0
"dHMtZ2F0ZXdheS1zZXJ2aWNl.1","POST:/api/v1/cancelservice/cancel/ff62d366-9d3d-46b5-80ee-b3fdf5bd46fb","UNKNOWN_TYPE","UNKNOWN_LAYER",1,1.0,0.0,0.0,0.0
"dHMtY2FuY2VsLXNlcnZpY2U=.1","POST:/api/v1/cancelservice/cancel/ff62d366-9d3d-46b5-80ee-b3fdf5bd46fb","UNKNOWN_TYPE","UNKNOWN_LAYER",1,4.0,0.0,0.0,0.0
"dHMtZ2F0ZXdheS1zZXJ2aWNl.1","POST:/api/v1/cancelservice/cancel/1807e7ec-266b-4495-81b4-7e231d9e2934","UNKNOWN_TYPE","UNKNOWN_LAYER",1,1.0,0.0,0.0,0.0
"dHMtZ2F0ZXdheS1zZXJ2aWNl.1","POST:/api/v1/cancelservice/cancel/68a3eaf0-04f1-4580-b698-abf7cd328238","UNKNOWN_TYPE","UNKNOWN_LAYER",1,1.0,0.0,0.0,0.0
"dHMtZ2F0ZXdheS1zZXJ2aWNl.1","POST:/api/v1/cancelservice/cancel/05bfabd7-e13a-49b3-9b06-20393e96fb59","UNKNOWN_TYPE","UNKNOWN_LAYER",1,1.0,0.0,0.0,0.0
"dHMtY2FuY2VsLXNlcnZpY2U=.1","POST:/api/v1/cancelservice/cancel/bc0738c4-0473-4c2b-b0a8-fb2399894c0b","UNKNOWN_TYPE","UNKNOWN_LAYER",1,4.0,0.0,0.0,0.0
"dHMtZ2F0ZXdheS1zZXJ2aWNl.1","POST:/api/v1/cancelservice/cancel/65abd845-5b1d-4544-8a7f-e0903408f59e","UNKNOWN_TYPE","UNKNOWN_LAYER",1,1.0,0.0,0.0,0.0
"dHMtZ2F0ZXdheS1zZXJ2aWNl.1","POST:/api/v1/cancelservice/cancel/33249242-ebee-40db-8407-4e27e4df50ce","UNKNOWN_TYPE","UNKNOWN_LAYER",1,1.0,0.0,0.0,0.0
"dHMtZ2F0ZXdheS1zZXJ2aWNl.1","POST:/api/v1/cancelservice/cancel/a79f633c-71ed-4e9d-b667-a35655b95781","UNKNOWN_TYPE","UNKNOWN_LAYER",1,1.0,0.0,0.0,0.0
"dHMtZ2F0ZXdheS1zZXJ2aWNl.1","POST:/api/v1/cancelservice/cancel/be33a8bd-047c-421d-baa0-e51e07db6c3c","UNKNOWN_TYPE","UNKNOWN_LAYER",1,1.0,0.0,0.0,0.0
"dHMtZ2F0ZXdheS1zZXJ2aWNl.1","POST:/api/v1/cancelservice/cancel/c021406e-02ba-4e60-8466-75fb89c1ec46","UNKNOWN_TYPE","UNKNOWN_LAYER",1,1.0,0.0,0.0,0.0
"dHMtZ2F0ZXdheS1zZXJ2aWNl.1","POST:/api/v1/cancelservice/cancel/d95a7b51-f05c-4b02-94ec-1ce693cc3dee","UNKNOWN_TYPE","UNKNOWN_LAYER",1,1.0,0.0,0.0,0.0
"dHMtZ2F0ZXdheS1zZXJ2aWNl.1","POST:/api/v1/cancelservice/cancel/4a8a6570-3c54-4075-b40a-a2d065b95fd0","UNKNOWN_TYPE","UNKNOWN_LAYER",1,1.0,0.0,0.0,0.0
"dHMtY2FuY2VsLXNlcnZpY2U=.1","POST:/api/v1/cancelservice/cancel/4a8a6570-3c54-4075-b40a-a2d065b95fd0","UNKNOWN_TYPE","UNKNOWN_LAYER",1,4.0,0.0,0.0,0.0
"dHMtZ2F0ZXdheS1zZXJ2aWNl.1","POST:/api/v1/cancelservice/cancel/01512fe1-1663-485a-8782-cfb082b0ffcd","UNKNOWN_TYPE","UNKNOWN_LAYER",1,1.0,0.0,0.0,0.0
"dHMtZ2F0ZXdheS1zZXJ2aWNl.1","POST:/api/v1/cancelservice/cancel/68093e99-a87c-4123-88c4-8c64a81f08a1","UNKNOWN_TYPE","UNKNOWN_LAYER",1,1.0,0.0,0.0,0.0
"dHMtY2FuY2VsLXNlcnZpY2U=.1","POST:/api/v1/cancelservice/cancel/581ef961-39e5-42d7-8ccd-6056f10d6669","UNKNOWN_TYPE","UNKNOWN_LAYER",1,3.0,0.0,0.0,0.0
"dHMtZ2F0ZXdheS1zZXJ2aWNl.1","POST:/api/v1/cancelservice/cancel/8fcb1d8e-62e0-498f-9e24-41f433b81983","UNKNOWN_TYPE","UNKNOWN_LAYER",1,1.0,0.0,0.0,0.0
"dHMtY2FuY2VsLXNlcnZpY2U=.1","POST:/api/v1/cancelservice/cancel/2a85f901-3f12-4b69-b386-33b692ce18f2","UNKNOWN_TYPE","UNKNOWN_LAYER",1,4.0,0.0,0.0,0.0
"dHMtY2FuY2VsLXNlcnZpY2U=.1","POST:/api/v1/cancelservice/cancel/4d993056-e7ac-40d8-b4d7-4c6e511fe392","UNKNOWN_TYPE","UNKNOWN_LAYER",1,6.0,0.0,0.0,0.0
"dHMtY2FuY2VsLXNlcnZpY2U=.1","POST:/api/v1/cancelservice/cancel/e3156032-eefa-4f13-9f27-f6f62127c587","UNKNOWN_TYPE","UNKNOWN_LAYER",1,20.0,0.0,0.0,0.0
"dHMtZ2F0ZXdheS1zZXJ2aWNl.1","POST:/api/v1/cancelservice/cancel/0bc42475-1ba8-4f0d-9d0e-c3ff2753d87c","UNKNOWN_TYPE","UNKNOWN_LAYER",1,3.0,0.0,0.0,0.0
"dHMtY2FuY2VsLXNlcnZpY2U=.1","POST:/api/v1/cancelservice/cancel/3761ef05-c6b7-4038-b411-187b12050f41","UNKNOWN_TYPE","UNKNOWN_LAYER",1,7.0,0.0,0.0,0.0
"dHMtY2FuY2VsLXNlcnZpY2U=.1","POST:/api/v1/cancelservice/cancel/6915f593-badf-4998-a98b-b20d44a97bc5","UNKNOWN_TYPE","UNKNOWN_LAYER",1,7.0,0.0,0.0,0.0
"dHMtZ2F0ZXdheS1zZXJ2aWNl.1","POST:/api/v1/cancelservice/cancel/96c68446-5fdf-45b5-91cb-81ae2473157d","UNKNOWN_TYPE","UNKNOWN_LAYER",1,2.0,0.0,0.0,0.0
"dHMtY2FuY2VsLXNlcnZpY2U=.1","POST:/api/v1/cancelservice/cancel/0fde7e8e-f28f-4c45-bbdc-b8cea9d9edea","UNKNOWN_TYPE","UNKNOWN_LAYER",1,5.0,0.0,0.0,0.0
"dHMtY2FuY2VsLXNlcnZpY2U=.1","POST:/api/v1/cancelservice/cancel/e7eca4d9-c590-4c65-a2db-0286c0449474","UNKNOWN_TYPE","UNKNOWN_LAYER",1,11.0,0.0,0.0,0.0
"dHMtY2FuY2VsLXNlcnZpY2U=.1","POST:/api/v1/cancelservice/cancel/5fa9fab4-ca3c-4878-8206-5066b86e02cc","UNKNOWN_TYPE","UNKNOWN_LAYER",1,7.0,0.0,0.0,0.0
"dHMtY2FuY2VsLXNlcnZpY2U=.1","POST:/api/v1/cancelservice/cancel/a4991978-316c-4d1b-af19-649fce4936ce","UNKNOWN_TYPE","UNKNOWN_LAYER",1,9.0,0.0,0.0,0.0
"dHMtY2FuY2VsLXNlcnZpY2U=.1","POST:/api/v1/cancelservice/cancel/017aa89c-27ad-439a-a5c7-4432137f62ef","UNKNOWN_TYPE","UNKNOWN_LAYER",1,7.0,0.0,0.0,0.0
"dHMtY2FuY2VsLXNlcnZpY2U=.1","POST:/api/v1/cancelservice/cancel/7b030374-cf1c-4532-9b86-04549d305d8e","UNKNOWN_TYPE","UNKNOWN_LAYER",1,9.0,0.0,0.0,0.0
"dHMtZ2F0ZXdheS1zZXJ2aWNl.1","POST:/api/v1/cancelservice/cancel/6121092a-5346-4108-8dc5-011d9a38905c","UNKNOWN_TYPE","UNKNOWN_LAYER",1,3.0,0.0,0.0,0.0
"dHMtZ2F0ZXdheS1zZXJ2aWNl.1","POST:/api/v1/cancelservice/cancel/e0bc6d95-7bdf-4120-8e82-9e2799fdad6d","UNKNOWN_TYPE","UNKNOWN_LAYER",1,3.0,0.0,0.0,0.0
"dHMtY2FuY2VsLXNlcnZpY2U=.1","POST:/api/v1/cancelservice/cancel/7f422108-b68b-4bb8-b26c-9aa4e59b6bef","UNKNOWN_TYPE","UNKNOWN_LAYER",1,7.0,0.0,0.0,0.0
"dHMtZ2F0ZXdheS1zZXJ2aWNl.1","POST:/api/v1/cancelservice/cancel/ddf580e4-df1f-4c02-acd4-1deb4cdb252e","UNKNOWN_TYPE","UNKNOWN_LAYER",1,2.0,0.0,0.0,0.0
"dHMtY2FuY2VsLXNlcnZpY2U=.1","POST:/api/v1/cancelservice/cancel/ddf580e4-df1f-4c02-acd4-1deb4cdb252e","UNKNOWN_TYPE","UNKNOWN_LAYER",1,6.0,0.0,0.0,0.0
"dHMtZ2F0ZXdheS1zZXJ2aWNl.1","POST:/api/v1/cancelservice/cancel/94a764b9-6e65-45b5-91e8-8d8ddc37439f","UNKNOWN_TYPE","UNKNOWN_LAYER",1,2.0,0.0,0.0,0.0
"dHMtZ2F0ZXdheS1zZXJ2aWNl.1","POST:/api/v1/cancelservice/cancel/0b7c4efe-956e-43d5-9a36-4ccf3123c0db","UNKNOWN_TYPE","UNKNOWN_LAYER",1,2.0,0.0,0.0,0.0
"dHMtZ2F0ZXdheS1zZXJ2aWNl.1","POST:/api/v1/cancelservice/cancel/e46b9a13-b54b-4e80-9628-8ed89c792db2","UNKNOWN_TYPE","UNKNOWN_LAYER",1,2.0,0.0,0.0,0.0
"dHMtY2FuY2VsLXNlcnZpY2U=.1","POST:/api/v1/cancelservice/cancel/57e15b00-136b-441b-8b74-b85808ee5345","UNKNOWN_TYPE","UNKNOWN_LAYER",1,7.0,0.0,0.0,0.0
"dHMtZ2F0ZXdheS1zZXJ2aWNl.1","POST:/api/v1/cancelservice/cancel/ca02c65e-5dfc-451b-9d62-96d78c216147","UNKNOWN_TYPE","UNKNOWN_LAYER",1,2.0,0.0,0.0,0.0
"dHMtY2FuY2VsLXNlcnZpY2U=.1","POST:/api/v1/cancelservice/cancel/c35a0927-d369-4748-898e-ed5ec4970a4c","UNKNOWN_TYPE","UNKNOWN_LAYER",1,4.0,0.0,0.0,0.0
"dHMtY2FuY2VsLXNlcnZpY2U=.1","POST:/api/v1/cancelservice/cancel/fee2312a-2d91-4869-88c1-ba6961d279e0","UNKNOWN_TYPE","UNKNOWN_LAYER",1,5.0,0.0,0.0,0.0
"dHMtZ2F0ZXdheS1zZXJ2aWNl.1","POST:/api/v1/cancelservice/cancel/a09250cc-20cb-4055-85bf-20f1580cd4de","UNKNOWN_TYPE","UNKNOWN_LAYER",1,2.0,0.0,0.0,0.0
"dHMtZ2F0ZXdheS1zZXJ2aWNl.1","POST:/api/v1/cancelservice/cancel/87a8105b-2cd3-484b-9a17-f3b487349e2d","UNKNOWN_TYPE","UNKNOWN_LAYER",1,1.0,0.0,0.0,0.0
"dHMtY2FuY2VsLXNlcnZpY2U=.1","POST:/api/v1/cancelservice/cancel/a200d676-dd20-4d1e-80d4-2a78f2a956b7","UNKNOWN_TYPE","UNKNOWN_LAYER",1,6.0,0.0,0.0,0.0
"dHMtZ2F0ZXdheS1zZXJ2aWNl.1","POST:/api/v1/cancelservice/cancel/42544ee3-058d-4eeb-8491-58d2120dd01e","UNKNOWN_TYPE","UNKNOWN_LAYER",1,2.0,0.0,0.0,0.0
"dHMtY2FuY2VsLXNlcnZpY2U=.1","POST:/api/v1/cancelservice/cancel/42544ee3-058d-4eeb-8491-58d2120dd01e","UNKNOWN_TYPE","UNKNOWN_LAYER",1,5.0,0.0,0.0,0.0
"dHMtZ2F0ZXdheS1zZXJ2aWNl.1","POST:/api/v1/cancelservice/cancel/109218d2-f514-4ef4-ab2b-4f961fb94ad8","UNKNOWN_TYPE","UNKNOWN_LAYER",1,1.0,0.0,0.0,0.0
"dHMtZ2F0ZXdheS1zZXJ2aWNl.1","POST:/api/v1/cancelservice/cancel/adf6e604-bdf5-4d33-b146-91a7a0ff53e6","UNKNOWN_TYPE","UNKNOWN_LAYER",1,2.0,0.0,0.0,0.0
"dHMtY2FuY2VsLXNlcnZpY2U=.1","POST:/api/v1/cancelservice/cancel/adf6e604-bdf5-4d33-b146-91a7a0ff53e6","UNKNOWN_TYPE","UNKNOWN_LAYER",1,5.0,0.0,0.0,0.0
"dHMtY2FuY2VsLXNlcnZpY2U=.1","POST:/api/v1/cancelservice/cancel/6581d7ad-b829-4357-978e-65f5b031a638","UNKNOWN_TYPE","UNKNOWN_LAYER",1,5.0,0.0,0.0,0.0
"dHMtZ2F0ZXdheS1zZXJ2aWNl.1","POST:/api/v1/cancelservice/cancel/96c407ee-d1de-4e8b-b309-5859be4946f9","UNKNOWN_TYPE","UNKNOWN_LAYER",1,2.0,0.0,0.0,0.0
"dHMtZ2F0ZXdheS1zZXJ2aWNl.1","POST:/api/v1/cancelservice/cancel/29943782-4c99-4d05-97c0-3abb943e5feb","UNKNOWN_TYPE","UNKNOWN_LAYER",1,1.0,0.0,0.0,0.0
"dHMtZ2F0ZXdheS1zZXJ2aWNl.1","POST:/api/v1/cancelservice/cancel/3d0041b6-fd5d-4454-82e6-de58b79eaab1","UNKNOWN_TYPE","UNKNOWN_LAYER",1,2.0,0.0,0.0,0.0
"dHMtY2FuY2VsLXNlcnZpY2U=.1","POST:/api/v1/cancelservice/cancel/24ea3a3d-eef1-49e1-a167-b0c7eecc67a1","UNKNOWN_TYPE","UNKNOWN_LAYER",1,5.0,0.0,0.0,0.0
"dHMtY2FuY2VsLXNlcnZpY2U=.1","POST:/api/v1/cancelservice/cancel/7ff818e3-00de-4ea4-8ea2-cd993ac5da40","UNKNOWN_TYPE","UNKNOWN_LAYER",1,7.0,0.0,0.0,0.0
"dHMtY2FuY2VsLXNlcnZpY2U=.1","POST:/api/v1/cancelservice/cancel/01a20184-ec22-45f3-9231-58d4128e78c5","UNKNOWN_TYPE","UNKNOWN_LAYER",1,14.0,0.0,0.0,0.0
"dHMtZ2F0ZXdheS1zZXJ2aWNl.1","POST:/api/v1/cancelservice/cancel/2f935d24-84af-4efa-a2e3-177540637c5e","UNKNOWN_TYPE","UNKNOWN_LAYER",1,2.0,0.0,0.0,0.0
"dHMtY2FuY2VsLXNlcnZpY2U=.1","POST:/api/v1/cancelservice/cancel/2f935d24-84af-4efa-a2e3-177540637c5e","UNKNOWN_TYPE","UNKNOWN_LAYER",1,4.0,0.0,0.0,0.0
"dHMtZ2F0ZXdheS1zZXJ2aWNl.1","POST:/api/v1/cancelservice/cancel/20678c2a-0ce0-4f3c-9c54-f88a74104596","UNKNOWN_TYPE","UNKNOWN_LAYER",1,2.0,0.0,0.0,0.0
"dHMtY2FuY2VsLXNlcnZpY2U=.1","POST:/api/v1/cancelservice/cancel/83407c85-f6a5-4d3d-bd1c-41e297fccee5","UNKNOWN_TYPE","UNKNOWN_LAYER",1,5.0,0.0,0.0,0.0
"dHMtY2FuY2VsLXNlcnZpY2U=.1","POST:/api/v1/cancelservice/cancel/5819458f-8618-4f0a-9274-70108e98a732","UNKNOWN_TYPE","UNKNOWN_LAYER",1,4.0,0.0,0.0,0.0
"dHMtY2FuY2VsLXNlcnZpY2U=.1","POST:/api/v1/cancelservice/cancel/0ab07837-8aa2-4902-ac03-22ce6f9dfd2a","UNKNOWN_TYPE","UNKNOWN_LAYER",1,5.0,0.0,0.0,0.0
"dHMtZ2F0ZXdheS1zZXJ2aWNl.1","POST:/api/v1/cancelservice/cancel/eb6b34f6-dcb8-429d-89cb-6178bc672c6e","UNKNOWN_TYPE","UNKNOWN_LAYER",1,1.0,0.0,0.0,0.0
"dHMtZ2F0ZXdheS1zZXJ2aWNl.1","POST:/api/v1/cancelservice/cancel/4aa4b642-9771-4495-96e9-17cd05e5789c","UNKNOWN_TYPE","UNKNOWN_LAYER",1,2.0,0.0,0.0,0.0
"dHMtY2FuY2VsLXNlcnZpY2U=.1","POST:/api/v1/cancelservice/cancel/e6028c5f-e4d0-4c5a-b5e6-b942363b51f4","UNKNOWN_TYPE","UNKNOWN_LAYER",1,6.0,0.0,0.0,0.0
"dHMtY2FuY2VsLXNlcnZpY2U=.1","POST:/api/v1/cancelservice/cancel/d86cb267-2a77-4fd3-8ab0-17176f5acbe6","UNKNOWN_TYPE","UNKNOWN_LAYER",1,6.0,0.0,0.0,0.0
"dHMtZ2F0ZXdheS1zZXJ2aWNl.1","POST:/api/v1/cancelservice/cancel/75d37d0e-7804-4a55-9ad4-a01e1f0b41e2","UNKNOWN_TYPE","UNKNOWN_LAYER",1,2.0,0.0,0.0,0.0
"dHMtY2FuY2VsLXNlcnZpY2U=.1","POST:/api/v1/cancelservice/cancel/75d37d0e-7804-4a55-9ad4-a01e1f0b41e2","UNKNOWN_TYPE","UNKNOWN_LAYER",1,6.0,0.0,0.0,0.0
"dHMtZ2F0ZXdheS1zZXJ2aWNl.1","POST:/api/v1/cancelservice/cancel/c0e0e44e-b74b-4a9a-b764-af037dde13a9","UNKNOWN_TYPE","UNKNOWN_LAYER",1,2.0,0.0,0.0,0.0
"dHMtZ2F0ZXdheS1zZXJ2aWNl.1","POST:/api/v1/cancelservice/cancel/5984d82c-80df-4c05-b48d-c0f268371e20","UNKNOWN_TYPE","UNKNOWN_LAYER",1,2.0,0.0,0.0,0.0
"dHMtY2FuY2VsLXNlcnZpY2U=.1","POST:/api/v1/cancelservice/cancel/525d3fa4-443e-4a47-9d4e-fb1e9c4ac07a","UNKNOWN_TYPE","UNKNOWN_LAYER",1,7.0,0.0,0.0,0.0
"dHMtY2FuY2VsLXNlcnZpY2U=.1","POST:/api/v1/cancelservice/cancel/d1a9299c-3c7b-40b5-af46-453a7b96ee4f","UNKNOWN_TYPE","UNKNOWN_LAYER",1,7.0,0.0,0.0,0.0
"dHMtZ2F0ZXdheS1zZXJ2aWNl.1","POST:/api/v1/cancelservice/cancel/a328f750-fc07-420a-a9b0-4d0308ede8e7","UNKNOWN_TYPE","UNKNOWN_LAYER",1,1.0,0.0,0.0,0.0
"dHMtZ2F0ZXdheS1zZXJ2aWNl.1","POST:/api/v1/cancelservice/cancel/20ec49d2-3ea3-4d9b-9f21-dd644caa15ad","UNKNOWN_TYPE","UNKNOWN_LAYER",1,1.0,0.0,0.0,0.0
"dHMtY2FuY2VsLXNlcnZpY2U=.1","POST:/api/v1/cancelservice/cancel/e6fcdedc-433e-4e66-922b-8d082b961019","UNKNOWN_TYPE","UNKNOWN_LAYER",1,14.0,0.0,0.0,0.0
"dHMtY2FuY2VsLXNlcnZpY2U=.1","POST:/api/v1/cancelservice/cancel/7d9d9b33-7247-43b8-9e73-fc601640a4b7","UNKNOWN_TYPE","UNKNOWN_LAYER",1,4.0,0.0,0.0,0.0
"dHMtZ2F0ZXdheS1zZXJ2aWNl.1","POST:/api/v1/cancelservice/cancel/253a7029-db7e-4733-ac66-d50a252a5d95","UNKNOWN_TYPE","UNKNOWN_LAYER",1,1.0,0.0,0.0,0.0
"dHMtY2FuY2VsLXNlcnZpY2U=.1","POST:/api/v1/cancelservice/cancel/7145b317-9495-4cf1-a75f-440d8e147734","UNKNOWN_TYPE","UNKNOWN_LAYER",1,3.0,0.0,0.0,0.0
"dHMtY2FuY2VsLXNlcnZpY2U=.1","POST:/api/v1/cancelservice/cancel/64ab72ed-8c01-43f2-804b-5d887072a8bc","UNKNOWN_TYPE","UNKNOWN_LAYER",1,4.0,0.0,0.0,0.0
"dHMtZ2F0ZXdheS1zZXJ2aWNl.1","POST:/api/v1/cancelservice/cancel/2d566a0d-e7bd-450e-9d5d-e9c4eb179550","UNKNOWN_TYPE","UNKNOWN_LAYER",1,1.0,0.0,0.0,0.0
"dHMtZ2F0ZXdheS1zZXJ2aWNl.1","POST:/api/v1/cancelservice/cancel/c15ad26b-bbe3-497b-b942-30409a8ae114","UNKNOWN_TYPE","UNKNOWN_LAYER",1,1.0,0.0,0.0,0.0
"dHMtY2FuY2VsLXNlcnZpY2U=.1","POST:/api/v1/cancelservice/cancel/128d9799-1769-4f3f-9258-a08eed77c81c","UNKNOWN_TYPE","UNKNOWN_LAYER",1,3.0,0.0,0.0,0.0
"dHMtY2FuY2VsLXNlcnZpY2U=.1","POST:/api/v1/cancelservice/cancel/aee6b96a-072b-4d06-8e8b-5f55096ce816","UNKNOWN_TYPE","UNKNOWN_LAYER",1,4.0,0.0,0.0,0.0
"dHMtY2FuY2VsLXNlcnZpY2U=.1","POST:/api/v1/cancelservice/cancel/4f8fd4ab-20fd-4fbb-a0c3-7b38f5c30cb4","UNKNOWN_TYPE","UNKNOWN_LAYER",1,4.0,0.0,0.0,0.0
"dHMtZ2F0ZXdheS1zZXJ2aWNl.1","POST:/api/v1/cancelservice/cancel/0be92556-33af-48d2-b58d-6df9189f22fa","UNKNOWN_TYPE","UNKNOWN_LAYER",1,1.0,0.0,0.0,0.0
"dHMtZ2F0ZXdheS1zZXJ2aWNl.1","POST:/api/v1/cancelservice/cancel/c4eb6442-8efc-4f99-b518-80bb6a0d04a0","UNKNOWN_TYPE","UNKNOWN_LAYER",1,0.0,0.0,0.0,0.0
"dHMtZ2F0ZXdheS1zZXJ2aWNl.1","POST:/api/v1/cancelservice/cancel/a0306bec-4e6b-44e0-a1b1-7f491262601c","UNKNOWN_TYPE","UNKNOWN_LAYER",1,2.0,0.0,0.0,0.0
"dHMtY2FuY2VsLXNlcnZpY2U=.1","POST:/api/v1/cancelservice/cancel/c562956b-a04a-455e-b8d0-1ea76895bd92","UNKNOWN_TYPE","UNKNOWN_LAYER",1,4.0,0.0,0.0,0.0
"dHMtY2FuY2VsLXNlcnZpY2U=.1","POST:/api/v1/cancelservice/cancel/fac5a8c9-83da-4190-9265-6ecb81727482","UNKNOWN_TYPE","UNKNOWN_LAYER",1,13.0,0.0,0.0,0.0
"dHMtY2FuY2VsLXNlcnZpY2U=.1","POST:/api/v1/cancelservice/cancel/cd536d77-72f6-4918-a5a1-3cbc9e3f133b","UNKNOWN_TYPE","UNKNOWN_LAYER",1,3.0,0.0,0.0,0.0
"dHMtZ2F0ZXdheS1zZXJ2aWNl.1","POST:/api/v1/cancelservice/cancel/48897276-8eb2-466e-b0f3-13c3d580f35d","UNKNOWN_TYPE","UNKNOWN_LAYER",1,1.0,0.0,0.0,0.0
"dHMtY2FuY2VsLXNlcnZpY2U=.1","POST:/api/v1/cancelservice/cancel/48897276-8eb2-466e-b0f3-13c3d580f35d","UNKNOWN_TYPE","UNKNOWN_LAYER",1,4.0,0.0,0.0,0.0
"dHMtY2FuY2VsLXNlcnZpY2U=.1","POST:/api/v1/cancelservice/cancel/dd0b0448-41ee-4cb8-963c-f68b39b2555b","UNKNOWN_TYPE","UNKNOWN_LAYER",1,4.0,0.0,0.0,0.0
"dHMtZ2F0ZXdheS1zZXJ2aWNl.1","POST:/api/v1/cancelservice/cancel/349a1e3c-72a7-4e05-a604-d410a5f6ceca","UNKNOWN_TYPE","UNKNOWN_LAYER",1,1.0,0.0,0.0,0.0
"dHMtY2FuY2VsLXNlcnZpY2U=.1","POST:/api/v1/cancelservice/cancel/410e24eb-c899-4d32-8d1d-215f69df0cb1","UNKNOWN_TYPE","UNKNOWN_LAYER",1,4.0,0.0,0.0,0.0
"dHMtZ2F0ZXdheS1zZXJ2aWNl.1","POST:/api/v1/cancelservice/cancel/f5a169b1-6eaa-4391-bd2d-b1b021593ba0","UNKNOWN_TYPE","UNKNOWN_LAYER",1,1.0,0.0,0.0,0.0
"dHMtZ2F0ZXdheS1zZXJ2aWNl.1","POST:/api/v1/cancelservice/cancel/8c014804-d58a-48a3-b38b-67b4b53f1496","UNKNOWN_TYPE","UNKNOWN_LAYER",1,0.0,0.0,0.0,0.0
"dHMtZ2F0ZXdheS1zZXJ2aWNl.1","POST:/api/v1/cancelservice/cancel/eddf9945-3e7a-41e5-af88-01caba797cc4","UNKNOWN_TYPE","UNKNOWN_LAYER",1,1.0,0.0,0.0,0.0
"dHMtY2FuY2VsLXNlcnZpY2U=.1","POST:/api/v1/cancelservice/cancel/98a19f61-4170-409d-be53-e8adaa915480","UNKNOWN_TYPE","UNKNOWN_LAYER",1,4.0,0.0,0.0,0.0
"dHMtY2FuY2VsLXNlcnZpY2U=.1","POST:/api/v1/cancelservice/cancel/61d13599-fdff-4637-957a-edd0baa8a703","UNKNOWN_TYPE","UNKNOWN_LAYER",1,3.0,0.0,0.0,0.0
"dHMtZ2F0ZXdheS1zZXJ2aWNl.1","POST:/api/v1/cancelservice/cancel/c85d7f7e-314e-4909-964d-b0c077a6a613","UNKNOWN_TYPE","UNKNOWN_LAYER",1,1.0,0.0,0.0,0.0
"dHMtZ2F0ZXdheS1zZXJ2aWNl.1","POST:/api/v1/cancelservice/cancel/520851ad-9caa-494b-9db8-5a9fab5af4be","UNKNOWN_TYPE","UNKNOWN_LAYER",1,1.0,0.0,0.0,0.0
"dHMtY2FuY2VsLXNlcnZpY2U=.1","POST:/api/v1/cancelservice/cancel/553e01f2-bad9-4aee-9b6e-3f22ff7e2173","UNKNOWN_TYPE","UNKNOWN_LAYER",1,4.0,0.0,0.0,0.0
"dHMtZ2F0ZXdheS1zZXJ2aWNl.1","POST:/api/v1/cancelservice/cancel/2c759899-0250-407c-bbdc-81b185edfc5f","UNKNOWN_TYPE","UNKNOWN_LAYER",1,2.0,0.0,0.0,0.0
"dHMtY2FuY2VsLXNlcnZpY2U=.1","POST:/api/v1/cancelservice/cancel/2c759899-0250-407c-bbdc-81b185edfc5f","UNKNOWN_TYPE","UNKNOWN_LAYER",1,4.0,0.0,0.0,0.0
"dHMtZ2F0ZXdheS1zZXJ2aWNl.1","POST:/api/v1/cancelservice/cancel/22b2c715-44ae-47b6-afad-c74e070500c1","UNKNOWN_TYPE","UNKNOWN_LAYER",1,1.0,0.0,0.0,0.0
"dHMtY2FuY2VsLXNlcnZpY2U=.1","POST:/api/v1/cancelservice/cancel/2745e95e-d551-4557-8332-0445dcb5e268","UNKNOWN_TYPE","UNKNOWN_LAYER",1,3.0,0.0,0.0,0.0
"dHMtZ2F0ZXdheS1zZXJ2aWNl.1","POST:/api/v1/cancelservice/cancel/9fff0327-cdca-41f9-892f-8154acfb6c1b","UNKNOWN_TYPE","UNKNOWN_LAYER",1,1.0,0.0,0.0,0.0
"dHMtZ2F0ZXdheS1zZXJ2aWNl.1","POST:/api/v1/cancelservice/cancel/0fc62dd2-9950-4dc3-adae-089ef88acf84","UNKNOWN_TYPE","UNKNOWN_LAYER",1,1.0,0.0,0.0,0.0
"dHMtY2FuY2VsLXNlcnZpY2U=.1","POST:/api/v1/cancelservice/cancel/a0e2d87e-78f2-4af3-a516-a45d5182b697","UNKNOWN_TYPE","UNKNOWN_LAYER",1,4.0,0.0,0.0,0.0
"dHMtZ2F0ZXdheS1zZXJ2aWNl.1","POST:/api/v1/cancelservice/cancel/5efb2732-74bb-451a-9904-f88669c936d5","UNKNOWN_TYPE","UNKNOWN_LAYER",1,1.0,0.0,0.0,0.0
"dHMtY2FuY2VsLXNlcnZpY2U=.1","POST:/api/v1/cancelservice/cancel/c9edecdd-1669-437c-a177-7ca30ef88409","UNKNOWN_TYPE","UNKNOWN_LAYER",1,4.0,0.0,0.0,0.0
"dHMtY2FuY2VsLXNlcnZpY2U=.1","POST:/api/v1/cancelservice/cancel/07bafef4-86db-4884-9a6d-277346ad7311","UNKNOWN_TYPE","UNKNOWN_LAYER",1,4.0,0.0,0.0,0.0
"dHMtY2FuY2VsLXNlcnZpY2U=.1","POST:/api/v1/cancelservice/cancel/aee76d81-9294-4291-8d5a-c0f85aba9a29","UNKNOWN_TYPE","UNKNOWN_LAYER",1,4.0,0.0,0.0,0.0
"dHMtZ2F0ZXdheS1zZXJ2aWNl.1","POST:/api/v1/cancelservice/cancel/ad67f281-aa72-488e-ac06-f5ac6ee1d38a","UNKNOWN_TYPE","UNKNOWN_LAYER",1,1.0,0.0,0.0,0.0
"dHMtZ2F0ZXdheS1zZXJ2aWNl.1","POST:/api/v1/cancelservice/cancel/da1c90c1-e525-430c-b80e-922cf4cce5f1","UNKNOWN_TYPE","UNKNOWN_LAYER",1,1.0,0.0,0.0,0.0
"dHMtY2FuY2VsLXNlcnZpY2U=.1","POST:/api/v1/cancelservice/cancel/da1c90c1-e525-430c-b80e-922cf4cce5f1","UNKNOWN_TYPE","UNKNOWN_LAYER",1,3.0,0.0,0.0,0.0
"dHMtZ2F0ZXdheS1zZXJ2aWNl.1","POST:/api/v1/cancelservice/cancel/c6b6e5b9-0d35-478d-8ddf-5c0426db722b","UNKNOWN_TYPE","UNKNOWN_LAYER",1,1.0,0.0,0.0,0.0
"dHMtZ2F0ZXdheS1zZXJ2aWNl.1","POST:/api/v1/cancelservice/cancel/7e1d4073-5183-4202-a02c-f0840f672b09","UNKNOWN_TYPE","UNKNOWN_LAYER",1,1.0,0.0,0.0,0.0
"dHMtY2FuY2VsLXNlcnZpY2U=.1","POST:/api/v1/cancelservice/cancel/68e65fe4-de0b-4982-9ddc-5aa0a97b3f98","UNKNOWN_TYPE","UNKNOWN_LAYER",1,4.0,0.0,0.0,0.0
"dHMtZ2F0ZXdheS1zZXJ2aWNl.1","POST:/api/v1/cancelservice/cancel/02edb0fc-d8ac-4f3f-98ff-d97b5ee3ff1f","UNKNOWN_TYPE","UNKNOWN_LAYER",1,1.0,0.0,0.0,0.0
"dHMtZ2F0ZXdheS1zZXJ2aWNl.1","POST:/api/v1/cancelservice/cancel/152a41b8-8849-406e-b0a4-409b93d5c56c","UNKNOWN_TYPE","UNKNOWN_LAYER",1,1.0,0.0,0.0,0.0
"dHMtY2FuY2VsLXNlcnZpY2U=.1","POST:/api/v1/cancelservice/cancel/501d446b-4b0e-4815-b713-33a2ecbee4cb","UNKNOWN_TYPE","UNKNOWN_LAYER",1,5.0,0.0,0.0,0.0
"dHMtZ2F0ZXdheS1zZXJ2aWNl.1","POST:/api/v1/cancelservice/cancel/2dabd182-2702-45f6-b21a-7349b091a2c7","UNKNOWN_TYPE","UNKNOWN_LAYER",1,1.0,0.0,0.0,0.0
"dHMtY2FuY2VsLXNlcnZpY2U=.1","POST:/api/v1/cancelservice/cancel/142bb88c-2b85-4dfb-ba2d-42d00d16923e","UNKNOWN_TYPE","UNKNOWN_LAYER",1,4.0,0.0,0.0,0.0
"dHMtZ2F0ZXdheS1zZXJ2aWNl.1","POST:/api/v1/cancelservice/cancel/7a41acfa-8f28-4927-aded-64e3af16712e","UNKNOWN_TYPE","UNKNOWN_LAYER",1,1.0,0.0,0.0,0.0
"dHMtY2FuY2VsLXNlcnZpY2U=.1","POST:/api/v1/cancelservice/cancel/59a131a3-8421-48df-b5f8-5d4155789474","UNKNOWN_TYPE","UNKNOWN_LAYER",1,4.0,0.0,0.0,0.0
"dHMtY2FuY2VsLXNlcnZpY2U=.1","POST:/api/v1/cancelservice/cancel/452195b0-9000-4fea-a215-76f97ab882bc","UNKNOWN_TYPE","UNKNOWN_LAYER",1,4.0,0.0,0.0,0.0
"dHMtY2FuY2VsLXNlcnZpY2U=.1","POST:/api/v1/cancelservice/cancel/75e40434-3547-4e06-9189-47f947eb96d2","UNKNOWN_TYPE","UNKNOWN_LAYER",1,13.0,0.0,0.0,0.0
"dHMtZ2F0ZXdheS1zZXJ2aWNl.1","POST:/api/v1/cancelservice/cancel/72f3e8fd-dc54-4af4-8e16-d2ae76a1c51f","UNKNOWN_TYPE","UNKNOWN_LAYER",1,1.0,0.0,0.0,0.0
"dHMtZ2F0ZXdheS1zZXJ2aWNl.1","POST:/api/v1/cancelservice/cancel/af9e14d5-7d2b-47c8-a8ec-b0f4f242ff74","UNKNOWN_TYPE","UNKNOWN_LAYER",1,1.0,0.0,0.0,0.0
"dHMtZ2F0ZXdheS1zZXJ2aWNl.1","POST:/api/v1/cancelservice/cancel/b0fc57ea-629f-4e27-8a5f-47cafd740e00","UNKNOWN_TYPE","UNKNOWN_LAYER",1,1.0,0.0,0.0,0.0
"dHMtY2FuY2VsLXNlcnZpY2U=.1","POST:/api/v1/cancelservice/cancel/b0fc57ea-629f-4e27-8a5f-47cafd740e00","UNKNOWN_TYPE","UNKNOWN_LAYER",1,4.0,0.0,0.0,0.0
"dHMtZ2F0ZXdheS1zZXJ2aWNl.1","POST:/api/v1/cancelservice/cancel/21957e4d-bee9-44e0-bd3b-aa01865f0526","UNKNOWN_TYPE","UNKNOWN_LAYER",1,1.0,0.0,0.0,0.0
"dHMtY2FuY2VsLXNlcnZpY2U=.1","POST:/api/v1/cancelservice/cancel/dd65edfa-bf60-42c2-a123-18858cd3f3b3","UNKNOWN_TYPE","UNKNOWN_LAYER",1,4.0,0.0,0.0,0.0
"dHMtZ2F0ZXdheS1zZXJ2aWNl.1","POST:/api/v1/cancelservice/cancel/dd65edfa-bf60-42c2-a123-18858cd3f3b3","UNKNOWN_TYPE","UNKNOWN_LAYER",1,1.0,0.0,0.0,0.0
"dHMtZ2F0ZXdheS1zZXJ2aWNl.1","POST:/api/v1/cancelservice/cancel/136e9540-4821-4900-b2a8-4116f3ccb507","UNKNOWN_TYPE","UNKNOWN_LAYER",1,1.0,0.0,0.0,0.0
"dHMtY2FuY2VsLXNlcnZpY2U=.1","POST:/api/v1/cancelservice/cancel/c64ca9c9-8ae1-4c36-8f3d-d848346c2bec","UNKNOWN_TYPE","UNKNOWN_LAYER",1,6.0,0.0,0.0,0.0
"dHMtZ2F0ZXdheS1zZXJ2aWNl.1","POST:/api/v1/cancelservice/cancel/f370f906-94b9-4de8-aa38-b396ed81ae74","UNKNOWN_TYPE","UNKNOWN_LAYER",1,1.0,0.0,0.0,0.0
"dHMtZ2F0ZXdheS1zZXJ2aWNl.1","POST:/api/v1/cancelservice/cancel/9ab1cd58-4fe5-4fd9-9e58-26bdbe9d15a7","UNKNOWN_TYPE","UNKNOWN_LAYER",1,1.0,0.0,0.0,0.0
"dHMtY2FuY2VsLXNlcnZpY2U=.1","POST:/api/v1/cancelservice/cancel/9ab1cd58-4fe5-4fd9-9e58-26bdbe9d15a7","UNKNOWN_TYPE","UNKNOWN_LAYER",1,4.0,0.0,0.0,0.0
"dHMtZ2F0ZXdheS1zZXJ2aWNl.1","POST:/api/v1/cancelservice/cancel/6d0840f2-fb86-4a1c-8856-4d488d9d936e","UNKNOWN_TYPE","UNKNOWN_LAYER",1,1.0,0.0,0.0,0.0
"dHMtY2FuY2VsLXNlcnZpY2U=.1","POST:/api/v1/cancelservice/cancel/fefd31b2-2438-4f9d-ba0b-5413884e3d0e","UNKNOWN_TYPE","UNKNOWN_LAYER",1,3.0,0.0,0.0,0.0
"dHMtY2FuY2VsLXNlcnZpY2U=.1","POST:/api/v1/cancelservice/cancel/fa3be432-0495-4b35-987c-f692876c04e3","UNKNOWN_TYPE","UNKNOWN_LAYER",1,4.0,0.0,0.0,0.0
"dHMtY2FuY2VsLXNlcnZpY2U=.1","POST:/api/v1/cancelservice/cancel/629bfc0a-87c9-43b3-9746-0f934d5741d9","UNKNOWN_TYPE","UNKNOWN_LAYER",1,4.0,0.0,0.0,0.0
"dHMtZ2F0ZXdheS1zZXJ2aWNl.1","POST:/api/v1/cancelservice/cancel/96a7e5fa-ad56-4e65-9f59-b90fce0c795a","UNKNOWN_TYPE","UNKNOWN_LAYER",1,1.0,0.0,0.0,0.0
"dHMtY2FuY2VsLXNlcnZpY2U=.1","POST:/api/v1/cancelservice/cancel/37df6e19-608a-4e4c-bfdc-c18c21d0fb27","UNKNOWN_TYPE","UNKNOWN_LAYER",1,4.0,0.0,0.0,0.0
"dHMtZ2F0ZXdheS1zZXJ2aWNl.1","POST:/api/v1/cancelservice/cancel/1ebdf6d5-9420-47f7-9f97-8b2320a88557","UNKNOWN_TYPE","UNKNOWN_LAYER",1,1.0,0.0,0.0,0.0
"dHMtZ2F0ZXdheS1zZXJ2aWNl.1","POST:/api/v1/cancelservice/cancel/633c4604-0d0e-41d2-ad96-72c52dfa1a3a","UNKNOWN_TYPE","UNKNOWN_LAYER",1,1.0,0.0,0.0,0.0
"dHMtY2FuY2VsLXNlcnZpY2U=.1","POST:/api/v1/cancelservice/cancel/633c4604-0d0e-41d2-ad96-72c52dfa1a3a","UNKNOWN_TYPE","UNKNOWN_LAYER",1,16.0,0.0,0.0,0.0
"dHMtZ2F0ZXdheS1zZXJ2aWNl.1","POST:/api/v1/cancelservice/cancel/4c61f5b5-6eef-4c41-ad4d-2445132d43b9","UNKNOWN_TYPE","UNKNOWN_LAYER",1,2.0,0.0,0.0,0.0
"dHMtZ2F0ZXdheS1zZXJ2aWNl.1","POST:/api/v1/cancelservice/cancel/2aa3c22f-3d7f-40bc-9775-8b167a4e6eae","UNKNOWN_TYPE","UNKNOWN_LAYER",1,1.0,0.0,0.0,0.0
"dHMtZ2F0ZXdheS1zZXJ2aWNl.1","POST:/api/v1/cancelservice/cancel/d10c0068-9ecf-4bd6-80ad-6bd6a3aa8994","UNKNOWN_TYPE","UNKNOWN_LAYER",1,1.0,0.0,0.0,0.0
"dHMtY2FuY2VsLXNlcnZpY2U=.1","POST:/api/v1/cancelservice/cancel/e6f5d2ae-1a9d-4bdf-9804-4f0f7dd08538","UNKNOWN_TYPE","UNKNOWN_LAYER",1,4.0,0.0,0.0,0.0
"dHMtZ2F0ZXdheS1zZXJ2aWNl.1","POST:/api/v1/cancelservice/cancel/d73a4801-ef9a-4458-988b-6bfe18ab78a6","UNKNOWN_TYPE","UNKNOWN_LAYER",1,0.0,0.0,0.0,0.0
"dHMtZ2F0ZXdheS1zZXJ2aWNl.1","POST:/api/v1/cancelservice/cancel/33467b97-a18a-46ab-bf2f-14766a655210","UNKNOWN_TYPE","UNKNOWN_LAYER",1,1.0,0.0,0.0,0.0
"dHMtZ2F0ZXdheS1zZXJ2aWNl.1","POST:/api/v1/cancelservice/cancel/1239c4e1-c9bf-4096-bc2d-0834e14cf8eb","UNKNOWN_TYPE","UNKNOWN_LAYER",1,1.0,0.0,0.0,0.0
"dHMtY2FuY2VsLXNlcnZpY2U=.1","POST:/api/v1/cancelservice/cancel/9a9a5dc9-53ce-4fa7-9ed0-e9fcf0653820","UNKNOWN_TYPE","UNKNOWN_LAYER",1,3.0,0.0,0.0,0.0
"dHMtY2FuY2VsLXNlcnZpY2U=.1","POST:/api/v1/cancelservice/cancel/32e35dda-dd9f-45e6-8653-4ffceb5d9094","UNKNOWN_TYPE","UNKNOWN_LAYER",1,4.0,0.0,0.0,0.0
"dHMtZ2F0ZXdheS1zZXJ2aWNl.1","POST:/api/v1/cancelservice/cancel/97abf255-722b-4f49-acd5-b348c878d9a7","UNKNOWN_TYPE","UNKNOWN_LAYER",1,1.0,0.0,0.0,0.0
"dHMtZ2F0ZXdheS1zZXJ2aWNl.1","POST:/api/v1/cancelservice/cancel/b9b7db5e-ee0c-4be1-bb7d-68350e36ef52","UNKNOWN_TYPE","UNKNOWN_LAYER",1,1.0,0.0,0.0,0.0
"dHMtZ2F0ZXdheS1zZXJ2aWNl.1","POST:/api/v1/cancelservice/cancel/61d1e095-7cf0-4816-9675-070a61493809","UNKNOWN_TYPE","UNKNOWN_LAYER",1,1.0,0.0,0.0,0.0
"dHMtZ2F0ZXdheS1zZXJ2aWNl.1","POST:/api/v1/cancelservice/cancel/91fc3b45-5476-4e3e-875a-8c9e83c0b516","UNKNOWN_TYPE","UNKNOWN_LAYER",1,1.0,0.0,0.0,0.0
"dHMtY2FuY2VsLXNlcnZpY2U=.1","POST:/api/v1/cancelservice/cancel/91fc3b45-5476-4e3e-875a-8c9e83c0b516","UNKNOWN_TYPE","UNKNOWN_LAYER",1,5.0,0.0,0.0,0.0
"dHMtY2FuY2VsLXNlcnZpY2U=.1","POST:/api/v1/cancelservice/cancel/13eff9a8-a073-44f8-a165-687dcd1c1ad3","UNKNOWN_TYPE","UNKNOWN_LAYER",1,4.0,0.0,0.0,0.0
"dHMtY2FuY2VsLXNlcnZpY2U=.1","POST:/api/v1/cancelservice/cancel/0d0fd3a9-4072-4236-9869-740f7e38fc98","UNKNOWN_TYPE","UNKNOWN_LAYER",1,3.0,0.0,0.0,0.0
"dHMtZ2F0ZXdheS1zZXJ2aWNl.1","POST:/api/v1/cancelservice/cancel/3c0fbe79-dadb-4b91-a57a-109f96fa4e6d","UNKNOWN_TYPE","UNKNOWN_LAYER",1,1.0,0.0,0.0,0.0
"dHMtY2FuY2VsLXNlcnZpY2U=.1","POST:/api/v1/cancelservice/cancel/f5e008f5-678b-4d6a-a175-22ea917bd299","UNKNOWN_TYPE","UNKNOWN_LAYER",1,3.0,0.0,0.0,0.0
"dHMtY2FuY2VsLXNlcnZpY2U=.1","POST:/api/v1/cancelservice/cancel/40cd0d9d-3cb5-4aba-a542-29888687c146","UNKNOWN_TYPE","UNKNOWN_LAYER",1,4.0,0.0,0.0,0.0
"dHMtZ2F0ZXdheS1zZXJ2aWNl.1","POST:/api/v1/cancelservice/cancel/d5b02605-a9a4-425b-b9c2-342a44b495cf","UNKNOWN_TYPE","UNKNOWN_LAYER",1,1.0,0.0,0.0,0.0
"dHMtY2FuY2VsLXNlcnZpY2U=.1","POST:/api/v1/cancelservice/cancel/e601d0d8-5d8b-4379-b052-6711d4f3b56e","UNKNOWN_TYPE","UNKNOWN_LAYER",1,3.0,0.0,0.0,0.0
"dHMtZ2F0ZXdheS1zZXJ2aWNl.1","POST:/api/v1/cancelservice/cancel/88e09248-016c-4b8f-9698-2edd2c0a4db2","UNKNOWN_TYPE","UNKNOWN_LAYER",1,1.0,0.0,0.0,0.0
"dHMtZ2F0ZXdheS1zZXJ2aWNl.1","POST:/api/v1/cancelservice/cancel/76b44ce9-e792-4708-b5f5-e26cedb513af","UNKNOWN_TYPE","UNKNOWN_LAYER",1,1.0,0.0,0.0,0.0
"dHMtY2FuY2VsLXNlcnZpY2U=.1","POST:/api/v1/cancelservice/cancel/42204dd5-64ff-4de7-9621-3df37bd86017","UNKNOWN_TYPE","UNKNOWN_LAYER",1,3.0,0.0,0.0,0.0
"dHMtZ2F0ZXdheS1zZXJ2aWNl.1","POST:/api/v1/cancelservice/cancel/72566268-31df-4191-9733-51ff0548b65a","UNKNOWN_TYPE","UNKNOWN_LAYER",1,1.0,0.0,0.0,0.0
"dHMtY2FuY2VsLXNlcnZpY2U=.1","POST:/api/v1/cancelservice/cancel/8752603f-2d56-4444-bbcf-d18e1084ca6b","UNKNOWN_TYPE","UNKNOWN_LAYER",1,7.0,0.0,0.0,0.0
"dHMtZ2F0ZXdheS1zZXJ2aWNl.1","POST:/api/v1/cancelservice/cancel/386ad63c-61b8-4677-a857-fd07dfa138db","UNKNOWN_TYPE","UNKNOWN_LAYER",1,1.0,0.0,0.0,0.0
"dHMtY2FuY2VsLXNlcnZpY2U=.1","POST:/api/v1/cancelservice/cancel/b4c3306c-f695-4a43-8f45-e0489ccdcdab","UNKNOWN_TYPE","UNKNOWN_LAYER",1,4.0,0.0,0.0,0.0
"dHMtY2FuY2VsLXNlcnZpY2U=.1","POST:/api/v1/cancelservice/cancel/72ada413-c3b0-449c-b3e1-e40271756252","UNKNOWN_TYPE","UNKNOWN_LAYER",1,3.0,0.0,0.0,0.0
"dHMtY2FuY2VsLXNlcnZpY2U=.1","POST:/api/v1/cancelservice/cancel/b0575bca-3152-4af3-a1cf-a85d0aaee29b","UNKNOWN_TYPE","UNKNOWN_LAYER",1,3.0,0.0,0.0,0.0
"dHMtZ2F0ZXdheS1zZXJ2aWNl.1","POST:/api/v1/cancelservice/cancel/78ff711f-7301-44fd-9aac-9a93d2cf613a","UNKNOWN_TYPE","UNKNOWN_LAYER",1,1.0,0.0,0.0,0.0
"dHMtZ2F0ZXdheS1zZXJ2aWNl.1","POST:/api/v1/cancelservice/cancel/17f8f421-736c-4acc-bb20-71e83ccfcaba","UNKNOWN_TYPE","UNKNOWN_LAYER",1,1.0,0.0,0.0,0.0
"dHMtY2FuY2VsLXNlcnZpY2U=.1","POST:/api/v1/cancelservice/cancel/a4b77ea8-bc13-4fdc-8dd2-8487f663055a","UNKNOWN_TYPE","UNKNOWN_LAYER",1,3.0,0.0,0.0,0.0
"dHMtZ2F0ZXdheS1zZXJ2aWNl.1","POST:/api/v1/cancelservice/cancel/7f9979a7-7dbd-445c-8174-c4c5ec78be5f","UNKNOWN_TYPE","UNKNOWN_LAYER",1,2.0,0.0,0.0,0.0
"dHMtZ2F0ZXdheS1zZXJ2aWNl.1","POST:/api/v1/cancelservice/cancel/00c1409e-f0d1-4a1b-9df2-ace587b1e216","UNKNOWN_TYPE","UNKNOWN_LAYER",1,1.0,0.0,0.0,0.0
"dHMtZ2F0ZXdheS1zZXJ2aWNl.1","POST:/api/v1/cancelservice/cancel/569b42e1-63c3-4936-a895-149cdd394fe7","UNKNOWN_TYPE","UNKNOWN_LAYER",1,1.0,0.0,0.0,0.0
"dHMtY2FuY2VsLXNlcnZpY2U=.1","POST:/api/v1/cancelservice/cancel/7efddf62-46dd-422d-8101-88611c6bc7ea","UNKNOWN_TYPE","UNKNOWN_LAYER",1,26.0,0.0,0.0,0.0
"dHMtY2FuY2VsLXNlcnZpY2U=.1","POST:/api/v1/cancelservice/cancel/23c2f490-b096-4658-9278-e7b3448c2fcf","UNKNOWN_TYPE","UNKNOWN_LAYER",1,4.0,0.0,0.0,0.0
"dHMtY2FuY2VsLXNlcnZpY2U=.1","POST:/api/v1/cancelservice/cancel/98c11c13-eb2b-4ee0-8a2d-8f8a75434e8d","UNKNOWN_TYPE","UNKNOWN_LAYER",1,7.0,0.0,0.0,0.0
"dHMtZ2F0ZXdheS1zZXJ2aWNl.1","POST:/api/v1/cancelservice/cancel/c78214c1-8beb-415a-91fe-8c83cedf8e5a","UNKNOWN_TYPE","UNKNOWN_LAYER",1,1.0,0.0,0.0,0.0
"dHMtY2FuY2VsLXNlcnZpY2U=.1","POST:/api/v1/cancelservice/cancel/edbb68d2-0ca2-42b4-be62-07c9b52f58b0","UNKNOWN_TYPE","UNKNOWN_LAYER",1,4.0,0.0,0.0,0.0
"dHMtY2FuY2VsLXNlcnZpY2U=.1","POST:/api/v1/cancelservice/cancel/4183f394-df0c-4016-a49c-b49eb1bfe5c4","UNKNOWN_TYPE","UNKNOWN_LAYER",1,4.0,0.0,0.0,0.0
"dHMtY2FuY2VsLXNlcnZpY2U=.1","POST:/api/v1/cancelservice/cancel/b7bb8e4e-7106-41b9-a7ea-4312af5615ef","UNKNOWN_TYPE","UNKNOWN_LAYER",1,4.0,0.0,0.0,0.0
"dHMtZ2F0ZXdheS1zZXJ2aWNl.1","POST:/api/v1/cancelservice/cancel/b7bb8e4e-7106-41b9-a7ea-4312af5615ef","UNKNOWN_TYPE","UNKNOWN_LAYER",1,1.0,0.0,0.0,0.0
"dHMtZ2F0ZXdheS1zZXJ2aWNl.1","POST:/api/v1/cancelservice/cancel/bec51a67-cb1f-4f8b-b860-bb529bc47217","UNKNOWN_TYPE","UNKNOWN_LAYER",1,1.0,0.0,0.0,0.0
"dHMtY2FuY2VsLXNlcnZpY2U=.1","POST:/api/v1/cancelservice/cancel/00e3bf22-0eb3-4719-a864-3b8f750de52a","UNKNOWN_TYPE","UNKNOWN_LAYER",1,5.0,0.0,0.0,0.0
"dHMtY2FuY2VsLXNlcnZpY2U=.1","POST:/api/v1/cancelservice/cancel/de9bb32c-1ddf-4d4f-9b21-c916446ec03e","UNKNOWN_TYPE","UNKNOWN_LAYER",1,4.0,0.0,0.0,0.0
"dHMtY2FuY2VsLXNlcnZpY2U=.1","POST:/api/v1/cancelservice/cancel/ac24db0c-1d02-4fe3-a644-64c9b3bfb08e","UNKNOWN_TYPE","UNKNOWN_LAYER",1,4.0,0.0,0.0,0.0
"dHMtZ2F0ZXdheS1zZXJ2aWNl.1","POST:/api/v1/cancelservice/cancel/2e39755c-1cc0-4f39-b617-8e2126b0fb1c","UNKNOWN_TYPE","UNKNOWN_LAYER",1,1.0,0.0,0.0,0.0
"dHMtY2FuY2VsLXNlcnZpY2U=.1","POST:/api/v1/cancelservice/cancel/2e39755c-1cc0-4f39-b617-8e2126b0fb1c","UNKNOWN_TYPE","UNKNOWN_LAYER",1,4.0,0.0,0.0,0.0
"dHMtY2FuY2VsLXNlcnZpY2U=.1","POST:/api/v1/cancelservice/cancel/af04391d-247a-44aa-b09f-2f5482dc7ddf","UNKNOWN_TYPE","UNKNOWN_LAYER",1,6.0,0.0,0.0,0.0
"dHMtY2FuY2VsLXNlcnZpY2U=.1","POST:/api/v1/cancelservice/cancel/e7df1749-e8df-45b8-b8f1-232c8084318f","UNKNOWN_TYPE","UNKNOWN_LAYER",1,5.0,0.0,0.0,0.0
"dHMtY2FuY2VsLXNlcnZpY2U=.1","POST:/api/v1/cancelservice/cancel/24216e2c-f742-4d3e-b44d-ca91b546600c","UNKNOWN_TYPE","UNKNOWN_LAYER",1,4.0,0.0,0.0,0.0
"dHMtY2FuY2VsLXNlcnZpY2U=.1","POST:/api/v1/cancelservice/cancel/71fe6b03-0885-4f0f-a005-8128b1a475bc","UNKNOWN_TYPE","UNKNOWN_LAYER",1,4.0,0.0,0.0,0.0
"dHMtY2FuY2VsLXNlcnZpY2U=.1","POST:/api/v1/cancelservice/cancel/ee24c5d2-1d42-43ad-8bf5-8ffa2229f3e6","UNKNOWN_TYPE","UNKNOWN_LAYER",1,5.0,0.0,0.0,0.0
"dHMtZ2F0ZXdheS1zZXJ2aWNl.1","POST:/api/v1/cancelservice/cancel/c60f1a84-776d-49af-b1cf-01a201cb5d17","UNKNOWN_TYPE","UNKNOWN_LAYER",1,1.0,0.0,0.0,0.0
"dHMtZ2F0ZXdheS1zZXJ2aWNl.1","POST:/api/v1/cancelservice/cancel/b7865c8a-ed05-41a0-91a0-ae2949a283e1","UNKNOWN_TYPE","UNKNOWN_LAYER",1,1.0,0.0,0.0,0.0
"dHMtZ2F0ZXdheS1zZXJ2aWNl.1","POST:/api/v1/cancelservice/cancel/1adc86f5-934a-4a92-a0d4-8bccb9832a14","UNKNOWN_TYPE","UNKNOWN_LAYER",1,1.0,0.0,0.0,0.0
"dHMtZ2F0ZXdheS1zZXJ2aWNl.1","POST:/api/v1/cancelservice/cancel/bf2dd399-f224-4fbb-9b5f-d72141d275e4","UNKNOWN_TYPE","UNKNOWN_LAYER",1,2.0,0.0,0.0,0.0
"dHMtY2FuY2VsLXNlcnZpY2U=.1","POST:/api/v1/cancelservice/cancel/12fa26c6-d7da-40af-a796-f62a0df62b8b","UNKNOWN_TYPE","UNKNOWN_LAYER",1,4.0,0.0,0.0,0.0
"dHMtY2FuY2VsLXNlcnZpY2U=.1","POST:/api/v1/cancelservice/cancel/e2415b6c-975d-470c-95c9-e14a8baf0779","UNKNOWN_TYPE","UNKNOWN_LAYER",1,5.0,0.0,0.0,0.0
"dHMtZ2F0ZXdheS1zZXJ2aWNl.1","POST:/api/v1/cancelservice/cancel/621ce0fa-ccdd-4fc0-bed9-2208f703a754","UNKNOWN_TYPE","UNKNOWN_LAYER",1,2.0,0.0,0.0,0.0
"dHMtZ2F0ZXdheS1zZXJ2aWNl.1","POST:/api/v1/cancelservice/cancel/a29e4d21-85c0-434e-b0ae-83f69e7c5e07","UNKNOWN_TYPE","UNKNOWN_LAYER",1,1.0,0.0,0.0,0.0
"dHMtY2FuY2VsLXNlcnZpY2U=.1","POST:/api/v1/cancelservice/cancel/39b66ba8-d9c9-4041-82f5-1cb94b4c76a8","UNKNOWN_TYPE","UNKNOWN_LAYER",1,3.0,0.0,0.0,0.0
"dHMtZ2F0ZXdheS1zZXJ2aWNl.1","POST:/api/v1/cancelservice/cancel/db681e0d-5fa2-4909-9944-67f2a4269e5d","UNKNOWN_TYPE","UNKNOWN_LAYER",1,1.0,0.0,0.0,0.0
"dHMtY2FuY2VsLXNlcnZpY2U=.1","POST:/api/v1/cancelservice/cancel/db681e0d-5fa2-4909-9944-67f2a4269e5d","UNKNOWN_TYPE","UNKNOWN_LAYER",1,4.0,0.0,0.0,0.0
"dHMtZ2F0ZXdheS1zZXJ2aWNl.1","POST:/api/v1/cancelservice/cancel/35e5be54-7f02-4a5e-ad42-82a33e4d5616","UNKNOWN_TYPE","UNKNOWN_LAYER",1,3.0,0.0,0.0,0.0
"dHMtY2FuY2VsLXNlcnZpY2U=.1","POST:/api/v1/cancelservice/cancel/7e335160-0cfb-4999-a4a7-f4ee7a200429","UNKNOWN_TYPE","UNKNOWN_LAYER",1,10.0,0.0,0.0,0.0
"dHMtY2FuY2VsLXNlcnZpY2U=.1","POST:/api/v1/cancelservice/cancel/ed9f93fb-e534-4afc-83bf-86a4326f3812","UNKNOWN_TYPE","UNKNOWN_LAYER",1,4.0,0.0,0.0,0.0
"dHMtZ2F0ZXdheS1zZXJ2aWNl.1","POST:/api/v1/cancelservice/cancel/64ed4e0b-0756-474f-9d87-cefb7675cc76","UNKNOWN_TYPE","UNKNOWN_LAYER",1,1.0,0.0,0.0,0.0
"dHMtZ2F0ZXdheS1zZXJ2aWNl.1","POST:/api/v1/cancelservice/cancel/dcfa2209-a4e0-4e7e-a7b8-ce2e37681b5b","UNKNOWN_TYPE","UNKNOWN_LAYER",1,1.0,0.0,0.0,0.0
"dHMtY2FuY2VsLXNlcnZpY2U=.1","POST:/api/v1/cancelservice/cancel/dcfa2209-a4e0-4e7e-a7b8-ce2e37681b5b","UNKNOWN_TYPE","UNKNOWN_LAYER",1,4.0,0.0,0.0,0.0
"dHMtY2FuY2VsLXNlcnZpY2U=.1","POST:/api/v1/cancelservice/cancel/8808f5c9-db39-426f-9a1e-81affb270cca","UNKNOWN_TYPE","UNKNOWN_LAYER",1,5.0,0.0,0.0,0.0
"dHMtY2FuY2VsLXNlcnZpY2U=.1","POST:/api/v1/cancelservice/cancel/a5f2cb97-488b-4f7e-9738-225920cb81e2","UNKNOWN_TYPE","UNKNOWN_LAYER",1,5.0,0.0,0.0,0.0
"dHMtY2FuY2VsLXNlcnZpY2U=.1","POST:/api/v1/cancelservice/cancel/5b47fc80-86db-442a-8f27-3c313ac133ec","UNKNOWN_TYPE","UNKNOWN_LAYER",1,3.0,0.0,0.0,0.0
"dHMtY2FuY2VsLXNlcnZpY2U=.1","POST:/api/v1/cancelservice/cancel/5aedfcc5-3f3a-4cd9-b6c9-068717d21f41","UNKNOWN_TYPE","UNKNOWN_LAYER",1,4.0,0.0,0.0,0.0
"dHMtZ2F0ZXdheS1zZXJ2aWNl.1","POST:/api/v1/cancelservice/cancel/a879249a-d312-48a8-88ab-b7d37029c4b4","UNKNOWN_TYPE","UNKNOWN_LAYER",1,1.0,0.0,0.0,0.0
"dHMtY2FuY2VsLXNlcnZpY2U=.1","POST:/api/v1/cancelservice/cancel/f215cbfb-0677-473f-aee4-5fe72978554a","UNKNOWN_TYPE","UNKNOWN_LAYER",1,76.0,0.0,0.0,0.0
"dHMtY2FuY2VsLXNlcnZpY2U=.1","POST:/api/v1/cancelservice/cancel/0716889c-d79b-41a9-92e3-5b522d221cbf","UNKNOWN_TYPE","UNKNOWN_LAYER",1,4.0,0.0,0.0,0.0
"dHMtZ2F0ZXdheS1zZXJ2aWNl.1","POST:/api/v1/cancelservice/cancel/f808da92-816b-4958-a434-1fea0bdf3f5c","UNKNOWN_TYPE","UNKNOWN_LAYER",1,1.0,0.0,0.0,0.0
"dHMtY2FuY2VsLXNlcnZpY2U=.1","POST:/api/v1/cancelservice/cancel/040443d3-e119-465d-b5bd-90855c0546b5","UNKNOWN_TYPE","UNKNOWN_LAYER",1,4.0,0.0,0.0,0.0
"dHMtY2FuY2VsLXNlcnZpY2U=.1","POST:/api/v1/cancelservice/cancel/452b2358-ae63-425b-bf36-00b6e20eb3a3","UNKNOWN_TYPE","UNKNOWN_LAYER",1,4.0,0.0,0.0,0.0
"dHMtZ2F0ZXdheS1zZXJ2aWNl.1","POST:/api/v1/cancelservice/cancel/05320bb5-d997-4840-94d6-367e82f077ea","UNKNOWN_TYPE","UNKNOWN_LAYER",1,2.0,0.0,0.0,0.0
"dHMtY2FuY2VsLXNlcnZpY2U=.1","POST:/api/v1/cancelservice/cancel/e13bcfda-2ced-48f9-b00c-477486af538d","UNKNOWN_TYPE","UNKNOWN_LAYER",1,4.0,0.0,0.0,0.0
"dHMtZ2F0ZXdheS1zZXJ2aWNl.1","POST:/api/v1/cancelservice/cancel/0fd39e79-33e0-40cb-ae06-286e9e635135","UNKNOWN_TYPE","UNKNOWN_LAYER",1,2.0,0.0,0.0,0.0
"dHMtY2FuY2VsLXNlcnZpY2U=.1","POST:/api/v1/cancelservice/cancel/0fd39e79-33e0-40cb-ae06-286e9e635135","UNKNOWN_TYPE","UNKNOWN_LAYER",1,4.0,0.0,0.0,0.0
"dHMtZ2F0ZXdheS1zZXJ2aWNl.1","POST:/api/v1/cancelservice/cancel/c3446af3-03dd-4d44-8f63-b7c2787f2725","UNKNOWN_TYPE","UNKNOWN_LAYER",1,2.0,0.0,0.0,0.0
"dHMtY2FuY2VsLXNlcnZpY2U=.1","POST:/api/v1/cancelservice/cancel/c3446af3-03dd-4d44-8f63-b7c2787f2725","UNKNOWN_TYPE","UNKNOWN_LAYER",1,6.0,0.0,0.0,0.0
"dHMtZ2F0ZXdheS1zZXJ2aWNl.1","POST:/api/v1/cancelservice/cancel/c20db49e-f4a6-4311-a7d9-313aa24db5c7","UNKNOWN_TYPE","UNKNOWN_LAYER",1,1.0,0.0,0.0,0.0
"dHMtY2FuY2VsLXNlcnZpY2U=.1","POST:/api/v1/cancelservice/cancel/3cb31799-c38b-4d47-9d6e-cdba9831806e","UNKNOWN_TYPE","UNKNOWN_LAYER",1,4.0,0.0,0.0,0.0
"dHMtY2FuY2VsLXNlcnZpY2U=.1","POST:/api/v1/cancelservice/cancel/8b9fe183-a668-42b0-935c-53d53c8b0424","UNKNOWN_TYPE","UNKNOWN_LAYER",1,5.0,0.0,0.0,0.0
"dHMtY2FuY2VsLXNlcnZpY2U=.1","POST:/api/v1/cancelservice/cancel/3fd9af32-771c-436e-8979-b508eb27880e","UNKNOWN_TYPE","UNKNOWN_LAYER",1,4.0,0.0,0.0,0.0
"dHMtY2FuY2VsLXNlcnZpY2U=.1","POST:/api/v1/cancelservice/cancel/7062c69f-6212-4318-a0d7-80bc05c26081","UNKNOWN_TYPE","UNKNOWN_LAYER",1,4.0,0.0,0.0,0.0
"dHMtY2FuY2VsLXNlcnZpY2U=.1","POST:/api/v1/cancelservice/cancel/b32cd44c-a62d-41f9-8d50-d45e7e2dbc3f","UNKNOWN_TYPE","UNKNOWN_LAYER",1,3.0,0.0,0.0,0.0
"dHMtZ2F0ZXdheS1zZXJ2aWNl.1","POST:/api/v1/cancelservice/cancel/baa16e67-8e18-428a-80ff-45226d915735","UNKNOWN_TYPE","UNKNOWN_LAYER",1,1.0,0.0,0.0,0.0
"dHMtY2FuY2VsLXNlcnZpY2U=.1","POST:/api/v1/cancelservice/cancel/a5b713e5-0b5e-45d0-bfc2-81b91fec355f","UNKNOWN_TYPE","UNKNOWN_LAYER",1,4.0,0.0,0.0,0.0
"dHMtY2FuY2VsLXNlcnZpY2U=.1","POST:/api/v1/cancelservice/cancel/07e64e3f-9793-427b-abb0-2912320b9229","UNKNOWN_TYPE","UNKNOWN_LAYER",1,14.0,0.0,0.0,0.0
"dHMtZ2F0ZXdheS1zZXJ2aWNl.1","POST:/api/v1/cancelservice/cancel/2684db62-f082-4376-8a00-6b9976abee91","UNKNOWN_TYPE","UNKNOWN_LAYER",1,1.0,0.0,0.0,0.0
"dHMtY2FuY2VsLXNlcnZpY2U=.1","POST:/api/v1/cancelservice/cancel/a4ab7bb2-9eaa-489d-9707-227106b3fb73","UNKNOWN_TYPE","UNKNOWN_LAYER",1,4.0,0.0,0.0,0.0
"dHMtY2FuY2VsLXNlcnZpY2U=.1","POST:/api/v1/cancelservice/cancel/f748d57b-398f-45d1-a4a3-11a25e04fdf2","UNKNOWN_TYPE","UNKNOWN_LAYER",1,4.0,0.0,0.0,0.0
"dHMtY2FuY2VsLXNlcnZpY2U=.1","POST:/api/v1/cancelservice/cancel/3618be09-b704-4170-afea-65cb155b7ba2","UNKNOWN_TYPE","UNKNOWN_LAYER",1,4.0,0.0,0.0,0.0
"dHMtY2FuY2VsLXNlcnZpY2U=.1","POST:/api/v1/cancelservice/cancel/2a90a87d-3148-4cd9-a99c-8f46a46d7857","UNKNOWN_TYPE","UNKNOWN_LAYER",1,4.0,0.0,0.0,0.0
"dHMtY2FuY2VsLXNlcnZpY2U=.1","POST:/api/v1/cancelservice/cancel/ccd1aebb-d2c0-4315-a748-292fd21982ae","UNKNOWN_TYPE","UNKNOWN_LAYER",1,21.0,0.0,0.0,0.0
"dHMtZ2F0ZXdheS1zZXJ2aWNl.1","POST:/api/v1/cancelservice/cancel/04cea6c5-a31e-4e88-b423-beb37c26d1a1","UNKNOWN_TYPE","UNKNOWN_LAYER",1,3.0,0.0,0.0,0.0
"dHMtZ2F0ZXdheS1zZXJ2aWNl.1","POST:/api/v1/cancelservice/cancel/a7e1d55a-b1c7-4f7d-a386-85a439a953d4","UNKNOWN_TYPE","UNKNOWN_LAYER",1,2.0,0.0,0.0,0.0
"dHMtY2FuY2VsLXNlcnZpY2U=.1","POST:/api/v1/cancelservice/cancel/a7e1d55a-b1c7-4f7d-a386-85a439a953d4","UNKNOWN_TYPE","UNKNOWN_LAYER",1,5.0,0.0,0.0,0.0
"dHMtY2FuY2VsLXNlcnZpY2U=.1","POST:/api/v1/cancelservice/cancel/87c22ac3-8de8-4682-a3ca-1c598c538cdb","UNKNOWN_TYPE","UNKNOWN_LAYER",1,5.0,0.0,0.0,0.0
"dHMtZ2F0ZXdheS1zZXJ2aWNl.1","POST:/api/v1/cancelservice/cancel/144e491e-358e-4e99-b9b1-a892ba0a5441","UNKNOWN_TYPE","UNKNOWN_LAYER",1,2.0,0.0,0.0,0.0
"dHMtZ2F0ZXdheS1zZXJ2aWNl.1","POST:/api/v1/cancelservice/cancel/afcce230-7cb8-4eab-a92a-2adb79ac642f","UNKNOWN_TYPE","UNKNOWN_LAYER",1,2.0,0.0,0.0,0.0
"dHMtY2FuY2VsLXNlcnZpY2U=.1","POST:/api/v1/cancelservice/cancel/9fc2b5a1-bb0e-4379-9a67-698157431bcc","UNKNOWN_TYPE","UNKNOWN_LAYER",1,214.0,0.0,0.0,0.0
"dHMtY2FuY2VsLXNlcnZpY2U=.1","POST:/api/v1/cancelservice/cancel/4eb51de3-a916-4f31-8310-35dbe57f02ba","UNKNOWN_TYPE","UNKNOWN_LAYER",1,4.0,0.0,0.0,0.0
"dHMtZ2F0ZXdheS1zZXJ2aWNl.1","POST:/api/v1/cancelservice/cancel/82989173-446f-4890-9569-3a3f3a6a40ef","UNKNOWN_TYPE","UNKNOWN_LAYER",1,2.0,0.0,0.0,0.0
"dHMtY2FuY2VsLXNlcnZpY2U=.1","POST:/api/v1/cancelservice/cancel/3ca2c473-5514-46ba-8c88-e977b079e358","UNKNOWN_TYPE","UNKNOWN_LAYER",1,4.0,0.0,0.0,0.0
"dHMtY2FuY2VsLXNlcnZpY2U=.1","POST:/api/v1/cancelservice/cancel/ae0b71c9-61fb-4d54-8073-13fb2e53c69e","UNKNOWN_TYPE","UNKNOWN_LAYER",1,3.0,0.0,0.0,0.0
"dHMtZ2F0ZXdheS1zZXJ2aWNl.1","POST:/api/v1/cancelservice/cancel/32fcd75c-dbf5-404b-ab95-05f9c91ecc93","UNKNOWN_TYPE","UNKNOWN_LAYER",1,1.0,0.0,0.0,0.0
"dHMtZ2F0ZXdheS1zZXJ2aWNl.1","POST:/api/v1/cancelservice/cancel/df257a9a-858e-4bc5-a237-3b07d25a1456","UNKNOWN_TYPE","UNKNOWN_LAYER",1,1.0,0.0,0.0,0.0
"dHMtY2FuY2VsLXNlcnZpY2U=.1","POST:/api/v1/cancelservice/cancel/173dae2f-ca3c-455a-bf95-ae0fa9332a78","UNKNOWN_TYPE","UNKNOWN_LAYER",1,3.0,0.0,0.0,0.0
"dHMtZ2F0ZXdheS1zZXJ2aWNl.1","POST:/api/v1/cancelservice/cancel/173dae2f-ca3c-455a-bf95-ae0fa9332a78","UNKNOWN_TYPE","UNKNOWN_LAYER",1,1.0,0.0,0.0,0.0
"dHMtZ2F0ZXdheS1zZXJ2aWNl.1","POST:/api/v1/cancelservice/cancel/7fc50688-1c78-4723-8986-43cf30efca82","UNKNOWN_TYPE","UNKNOWN_LAYER",1,1.0,0.0,0.0,0.0
"dHMtY2FuY2VsLXNlcnZpY2U=.1","POST:/api/v1/cancelservice/cancel/fd4f11d0-38a2-4d50-9fe9-8b3a0ac85c98","UNKNOWN_TYPE","UNKNOWN_LAYER",1,3.0,0.0,0.0,0.0
"dHMtZ2F0ZXdheS1zZXJ2aWNl.1","POST:/api/v1/cancelservice/cancel/34c48fc3-eb04-4bba-95d0-3908da71381c","UNKNOWN_TYPE","UNKNOWN_LAYER",1,1.0,0.0,0.0,0.0
"dHMtZ2F0ZXdheS1zZXJ2aWNl.1","POST:/api/v1/cancelservice/cancel/21b09138-3273-48b5-a16f-9592d0c30031","UNKNOWN_TYPE","UNKNOWN_LAYER",1,1.0,0.0,0.0,0.0
"dHMtZ2F0ZXdheS1zZXJ2aWNl.1","POST:/api/v1/cancelservice/cancel/db7aa061-077a-44c9-9cb5-4e05bc0fc32d","UNKNOWN_TYPE","UNKNOWN_LAYER",1,1.0,0.0,0.0,0.0
"dHMtZ2F0ZXdheS1zZXJ2aWNl.1","POST:/api/v1/cancelservice/cancel/dbd5a030-f763-4fd8-bfeb-4b43e3ab7c8a","UNKNOWN_TYPE","UNKNOWN_LAYER",1,1.0,0.0,0.0,0.0
"dHMtY2FuY2VsLXNlcnZpY2U=.1","POST:/api/v1/cancelservice/cancel/2eb3b5ae-048b-4418-8d68-2d1b1236b58d","UNKNOWN_TYPE","UNKNOWN_LAYER",1,4.0,0.0,0.0,0.0
"dHMtY2FuY2VsLXNlcnZpY2U=.1","POST:/api/v1/cancelservice/cancel/da87c1c0-784f-4daa-83b7-e52cca148f25","UNKNOWN_TYPE","UNKNOWN_LAYER",1,4.0,0.0,0.0,0.0
"dHMtZ2F0ZXdheS1zZXJ2aWNl.1","POST:/api/v1/cancelservice/cancel/02398ab6-4edc-48a3-a2c8-e0a6739532fe","UNKNOWN_TYPE","UNKNOWN_LAYER",1,1.0,0.0,0.0,0.0
"dHMtY2FuY2VsLXNlcnZpY2U=.1","POST:/api/v1/cancelservice/cancel/a59574c7-2920-46a9-8343-7bef1ab01cfa","UNKNOWN_TYPE","UNKNOWN_LAYER",1,4.0,0.0,0.0,0.0
"dHMtY2FuY2VsLXNlcnZpY2U=.1","POST:/api/v1/cancelservice/cancel/733bd54d-fb3b-40f1-9355-100b53fd16d6","UNKNOWN_TYPE","UNKNOWN_LAYER",1,3.0,0.0,0.0,0.0
"dHMtZ2F0ZXdheS1zZXJ2aWNl.1","POST:/api/v1/cancelservice/cancel/10042c84-b207-43bb-a1ab-36a4ac1a2e9a","UNKNOWN_TYPE","UNKNOWN_LAYER",1,1.0,0.0,0.0,0.0
"dHMtZ2F0ZXdheS1zZXJ2aWNl.1","POST:/api/v1/cancelservice/cancel/de1d5245-7625-4a51-91fe-8565bd89ff17","UNKNOWN_TYPE","UNKNOWN_LAYER",1,1.0,0.0,0.0,0.0
"dHMtY2FuY2VsLXNlcnZpY2U=.1","POST:/api/v1/cancelservice/cancel/33ff3f61-1398-40be-b7e4-58109dc8da34","UNKNOWN_TYPE","UNKNOWN_LAYER",1,3.0,0.0,0.0,0.0
"dHMtZ2F0ZXdheS1zZXJ2aWNl.1","POST:/api/v1/cancelservice/cancel/33ff3f61-1398-40be-b7e4-58109dc8da34","UNKNOWN_TYPE","UNKNOWN_LAYER",1,1.0,0.0,0.0,0.0
"dHMtY2FuY2VsLXNlcnZpY2U=.1","POST:/api/v1/cancelservice/cancel/dc93b8fb-f19a-4181-a15c-f019652487ec","UNKNOWN_TYPE","UNKNOWN_LAYER",1,4.0,0.0,0.0,0.0
"dHMtZ2F0ZXdheS1zZXJ2aWNl.1","POST:/api/v1/cancelservice/cancel/dc93b8fb-f19a-4181-a15c-f019652487ec","UNKNOWN_TYPE","UNKNOWN_LAYER",1,1.0,0.0,0.0,0.0
"dHMtZ2F0ZXdheS1zZXJ2aWNl.1","POST:/api/v1/cancelservice/cancel/c7b33dfd-f484-43b8-9a10-47155a79de4e","UNKNOWN_TYPE","UNKNOWN_LAYER",1,1.0,0.0,0.0,0.0
"dHMtZ2F0ZXdheS1zZXJ2aWNl.1","POST:/api/v1/cancelservice/cancel/2630bcb8-8d60-483e-acdc-e2e18fba36d8","UNKNOWN_TYPE","UNKNOWN_LAYER",1,1.0,0.0,0.0,0.0
"dHMtY2FuY2VsLXNlcnZpY2U=.1","POST:/api/v1/cancelservice/cancel/2630bcb8-8d60-483e-acdc-e2e18fba36d8","UNKNOWN_TYPE","UNKNOWN_LAYER",1,3.0,0.0,0.0,0.0
"dHMtZ2F0ZXdheS1zZXJ2aWNl.1","POST:/api/v1/cancelservice/cancel/cbaa7ae5-0993-4962-abbe-227144199206","UNKNOWN_TYPE","UNKNOWN_LAYER",1,1.0,0.0,0.0,0.0
"dHMtZ2F0ZXdheS1zZXJ2aWNl.1","POST:/api/v1/cancelservice/cancel/c14aff33-7310-415e-b9d8-0a80a1cf9ce6","UNKNOWN_TYPE","UNKNOWN_LAYER",1,1.0,0.0,0.0,0.0
"dHMtY2FuY2VsLXNlcnZpY2U=.1","POST:/api/v1/cancelservice/cancel/c14aff33-7310-415e-b9d8-0a80a1cf9ce6","UNKNOWN_TYPE","UNKNOWN_LAYER",1,3.0,0.0,0.0,0.0
"dHMtZ2F0ZXdheS1zZXJ2aWNl.1","POST:/api/v1/cancelservice/cancel/76c149df-be34-418a-bc79-2cb33b5e11a3","UNKNOWN_TYPE","UNKNOWN_LAYER",1,1.0,0.0,0.0,0.0
"dHMtY2FuY2VsLXNlcnZpY2U=.1","POST:/api/v1/cancelservice/cancel/76c149df-be34-418a-bc79-2cb33b5e11a3","UNKNOWN_TYPE","UNKNOWN_LAYER",1,3.0,0.0,0.0,0.0
"dHMtZ2F0ZXdheS1zZXJ2aWNl.1","POST:/api/v1/cancelservice/cancel/3a86ee60-4578-4f63-af98-0418bfd2f82a","UNKNOWN_TYPE","UNKNOWN_LAYER",1,1.0,0.0,0.0,0.0
"dHMtY2FuY2VsLXNlcnZpY2U=.1","POST:/api/v1/cancelservice/cancel/3a86ee60-4578-4f63-af98-0418bfd2f82a","UNKNOWN_TYPE","UNKNOWN_LAYER",1,4.0,0.0,0.0,0.0
"dHMtZ2F0ZXdheS1zZXJ2aWNl.1","POST:/api/v1/cancelservice/cancel/e96469da-e40d-457e-917d-17a54df3bbbf","UNKNOWN_TYPE","UNKNOWN_LAYER",1,1.0,0.0,0.0,0.0
"dHMtZ2F0ZXdheS1zZXJ2aWNl.1","POST:/api/v1/cancelservice/cancel/f5abcb58-df11-478d-ae72-df1856213a20","UNKNOWN_TYPE","UNKNOWN_LAYER",1,1.0,0.0,0.0,0.0
"dHMtY2FuY2VsLXNlcnZpY2U=.1","POST:/api/v1/cancelservice/cancel/8733537c-fc5d-4f90-8644-4fbf8687a4bc","UNKNOWN_TYPE","UNKNOWN_LAYER",1,4.0,0.0,0.0,0.0
"dHMtY2FuY2VsLXNlcnZpY2U=.1","POST:/api/v1/cancelservice/cancel/10907704-774d-4ba1-a4f8-fc66c5bfcb70","UNKNOWN_TYPE","UNKNOWN_LAYER",1,4.0,0.0,0.0,0.0
"dHMtY2FuY2VsLXNlcnZpY2U=.1","POST:/api/v1/cancelservice/cancel/ffec6f77-44da-41a9-a9a3-20e290308e64","UNKNOWN_TYPE","UNKNOWN_LAYER",1,3.0,0.0,0.0,0.0
"dHMtZ2F0ZXdheS1zZXJ2aWNl.1","POST:/api/v1/cancelservice/cancel/34580f2e-30c8-484f-a510-d7721d86003a","UNKNOWN_TYPE","UNKNOWN_LAYER",1,0.0,0.0,0.0,0.0
"dHMtY2FuY2VsLXNlcnZpY2U=.1","POST:/api/v1/cancelservice/cancel/34580f2e-30c8-484f-a510-d7721d86003a","UNKNOWN_TYPE","UNKNOWN_LAYER",1,4.0,0.0,0.0,0.0
"dHMtZ2F0ZXdheS1zZXJ2aWNl.1","POST:/api/v1/cancelservice/cancel/ac1b9771-8739-4151-a03a-937652f138d0","UNKNOWN_TYPE","UNKNOWN_LAYER",1,1.0,0.0,0.0,0.0
"dHMtZ2F0ZXdheS1zZXJ2aWNl.1","POST:/api/v1/cancelservice/cancel/9c739623-6793-46a5-b2d8-e200b70b4cfe","UNKNOWN_TYPE","UNKNOWN_LAYER",1,0.0,0.0,0.0,0.0
"dHMtZ2F0ZXdheS1zZXJ2aWNl.1","POST:/api/v1/cancelservice/cancel/88137b38-4a03-4e5a-8409-20f5d2e4a5c8","UNKNOWN_TYPE","UNKNOWN_LAYER",1,1.0,0.0,0.0,0.0
"dHMtZ2F0ZXdheS1zZXJ2aWNl.1","POST:/api/v1/cancelservice/cancel/6a2fc11d-d196-4c45-b0db-9e5a252222bb","UNKNOWN_TYPE","UNKNOWN_LAYER",1,1.0,0.0,0.0,0.0
"dHMtY2FuY2VsLXNlcnZpY2U=.1","POST:/api/v1/cancelservice/cancel/05bfabd7-e13a-49b3-9b06-20393e96fb59","UNKNOWN_TYPE","UNKNOWN_LAYER",1,14.0,0.0,0.0,0.0
"dHMtZ2F0ZXdheS1zZXJ2aWNl.1","POST:/api/v1/cancelservice/cancel/60e7459b-cc59-4ea6-8a17-41c04bc38f7e","UNKNOWN_TYPE","UNKNOWN_LAYER",1,1.0,0.0,0.0,0.0
"dHMtY2FuY2VsLXNlcnZpY2U=.1","POST:/api/v1/cancelservice/cancel/f3060aff-a9f5-404c-8e9a-33847a3f375c","UNKNOWN_TYPE","UNKNOWN_LAYER",1,4.0,0.0,0.0,0.0
"dHMtZ2F0ZXdheS1zZXJ2aWNl.1","POST:/api/v1/cancelservice/cancel/18b04761-df98-40eb-b0eb-40d75fe63b8d","UNKNOWN_TYPE","UNKNOWN_LAYER",1,1.0,0.0,0.0,0.0
"dHMtY2FuY2VsLXNlcnZpY2U=.1","POST:/api/v1/cancelservice/cancel/33249242-ebee-40db-8407-4e27e4df50ce","UNKNOWN_TYPE","UNKNOWN_LAYER",1,4.0,0.0,0.0,0.0
"dHMtY2FuY2VsLXNlcnZpY2U=.1","POST:/api/v1/cancelservice/cancel/7362e854-27d1-4475-949c-bfde48d77c9a","UNKNOWN_TYPE","UNKNOWN_LAYER",1,3.0,0.0,0.0,0.0
"dHMtY2FuY2VsLXNlcnZpY2U=.1","POST:/api/v1/cancelservice/cancel/1d8ae19e-8f35-419d-a683-bb7f3ee3d28f","UNKNOWN_TYPE","UNKNOWN_LAYER",1,4.0,0.0,0.0,0.0
"dHMtY2FuY2VsLXNlcnZpY2U=.1","POST:/api/v1/cancelservice/cancel/2d6d6dd2-f655-4d8a-aa1e-7b2adfad5f38","UNKNOWN_TYPE","UNKNOWN_LAYER",1,4.0,0.0,0.0,0.0
"dHMtY2FuY2VsLXNlcnZpY2U=.1","POST:/api/v1/cancelservice/cancel/c179b25c-b53c-4423-8aaa-57b250c9d282","UNKNOWN_TYPE","UNKNOWN_LAYER",1,3.0,0.0,0.0,0.0
"dHMtZ2F0ZXdheS1zZXJ2aWNl.1","POST:/api/v1/cancelservice/cancel/b3fe801a-8172-46cd-b612-064cf33140af","UNKNOWN_TYPE","UNKNOWN_LAYER",1,1.0,0.0,0.0,0.0
"dHMtY2FuY2VsLXNlcnZpY2U=.1","POST:/api/v1/cancelservice/cancel/e7c4fb6e-09e9-45c2-a8a2-d208ad7f0073","UNKNOWN_TYPE","UNKNOWN_LAYER",1,3.0,0.0,0.0,0.0
"dHMtZ2F0ZXdheS1zZXJ2aWNl.1","POST:/api/v1/cancelservice/cancel/b28020da-a043-46f0-ba21-3fd6513bd2b9","UNKNOWN_TYPE","UNKNOWN_LAYER",1,0.0,0.0,0.0,0.0
"dHMtY2FuY2VsLXNlcnZpY2U=.1","POST:/api/v1/cancelservice/cancel/b28020da-a043-46f0-ba21-3fd6513bd2b9","UNKNOWN_TYPE","UNKNOWN_LAYER",1,3.0,0.0,0.0,0.0
"dHMtZ2F0ZXdheS1zZXJ2aWNl.1","POST:/api/v1/cancelservice/cancel/4b9474e6-b861-48f1-98b0-a551b909c6a6","UNKNOWN_TYPE","UNKNOWN_LAYER",1,1.0,0.0,0.0,0.0
"dHMtZ2F0ZXdheS1zZXJ2aWNl.1","POST:/api/v1/cancelservice/cancel/870de11e-6a88-4fee-ab66-23ebb4962ac5","UNKNOWN_TYPE","UNKNOWN_LAYER",1,1.0,0.0,0.0,0.0
"dHMtZ2F0ZXdheS1zZXJ2aWNl.1","POST:/api/v1/cancelservice/cancel/3a45df48-0dd4-40b2-8141-50ae2526221a","UNKNOWN_TYPE","UNKNOWN_LAYER",1,1.0,0.0,0.0,0.0
"dHMtZ2F0ZXdheS1zZXJ2aWNl.1","POST:/api/v1/cancelservice/cancel/7d2e6e22-22b4-452c-9abd-c7e6dfeb05e3","UNKNOWN_TYPE","UNKNOWN_LAYER",1,1.0,0.0,0.0,0.0
"dHMtY2FuY2VsLXNlcnZpY2U=.1","POST:/api/v1/cancelservice/cancel/415fe322-cc13-45f4-ae01-4813b2f90dce","UNKNOWN_TYPE","UNKNOWN_LAYER",1,4.0,0.0,0.0,0.0
"dHMtY2FuY2VsLXNlcnZpY2U=.1","POST:/api/v1/cancelservice/cancel/14441a2f-d027-40da-b5dd-a47c8b4d681c","UNKNOWN_TYPE","UNKNOWN_LAYER",1,13.0,0.0,0.0,0.0
"dHMtZ2F0ZXdheS1zZXJ2aWNl.1","POST:/api/v1/cancelservice/cancel/567aaddf-03e6-4892-bd72-d62bfa75830d","UNKNOWN_TYPE","UNKNOWN_LAYER",1,1.0,0.0,0.0,0.0
"dHMtZ2F0ZXdheS1zZXJ2aWNl.1","POST:/api/v1/cancelservice/cancel/26b2939a-ed03-4f8e-8dd2-2aa14e10ecb3","UNKNOWN_TYPE","UNKNOWN_LAYER",1,1.0,0.0,0.0,0.0
"dHMtY2FuY2VsLXNlcnZpY2U=.1","POST:/api/v1/cancelservice/cancel/fc861d8c-c168-44f9-ba4a-b02667017025","UNKNOWN_TYPE","UNKNOWN_LAYER",1,16.0,0.0,0.0,0.0
"dHMtY2FuY2VsLXNlcnZpY2U=.1","POST:/api/v1/cancelservice/cancel/635b7687-92f3-4ed7-af59-3e4fdd8ac96b","UNKNOWN_TYPE","UNKNOWN_LAYER",1,4.0,0.0,0.0,0.0
"dHMtY2FuY2VsLXNlcnZpY2U=.1","POST:/api/v1/cancelservice/cancel/cbf22afd-c999-4521-a9ff-6330b42de2ed","UNKNOWN_TYPE","UNKNOWN_LAYER",1,3.0,0.0,0.0,0.0
"dHMtZ2F0ZXdheS1zZXJ2aWNl.1","POST:/api/v1/cancelservice/cancel/38bb0f7b-8c1e-444d-a1d4-227e95b7e4fa","UNKNOWN_TYPE","UNKNOWN_LAYER",1,1.0,0.0,0.0,0.0
"dHMtZ2F0ZXdheS1zZXJ2aWNl.1","POST:/api/v1/cancelservice/cancel/0133af97-a6c9-4526-a858-d8611686ce77","UNKNOWN_TYPE","UNKNOWN_LAYER",1,1.0,0.0,0.0,0.0
"dHMtY2FuY2VsLXNlcnZpY2U=.1","POST:/api/v1/cancelservice/cancel/55bea46b-f891-4dd9-aa36-241cfedbd733","UNKNOWN_TYPE","UNKNOWN_LAYER",1,3.0,0.0,0.0,0.0
"dHMtZ2F0ZXdheS1zZXJ2aWNl.1","POST:/api/v1/cancelservice/cancel/5b0e5220-4d0b-4e5e-82e6-0335909e87f5","UNKNOWN_TYPE","UNKNOWN_LAYER",1,1.0,0.0,0.0,0.0
"dHMtZ2F0ZXdheS1zZXJ2aWNl.1","POST:/api/v1/cancelservice/cancel/894d4682-46bc-45bd-a378-8fd6fe644364","UNKNOWN_TYPE","UNKNOWN_LAYER",1,0.0,0.0,0.0,0.0
"dHMtZ2F0ZXdheS1zZXJ2aWNl.1","POST:/api/v1/cancelservice/cancel/a8333e90-af5a-439e-80e0-ddb52b93ba09","UNKNOWN_TYPE","UNKNOWN_LAYER",1,1.0,0.0,0.0,0.0
"dHMtZ2F0ZXdheS1zZXJ2aWNl.1","POST:/api/v1/cancelservice/cancel/b93aa394-e3ea-4ea7-bf0d-0cb33ced02fd","UNKNOWN_TYPE","UNKNOWN_LAYER",1,1.0,0.0,0.0,0.0
"dHMtY2FuY2VsLXNlcnZpY2U=.1","POST:/api/v1/cancelservice/cancel/177ee91e-c942-40af-ab31-29b1fbce56dc","UNKNOWN_TYPE","UNKNOWN_LAYER",1,3.0,0.0,0.0,0.0
"dHMtY2FuY2VsLXNlcnZpY2U=.1","POST:/api/v1/cancelservice/cancel/c5237837-8a2e-44b1-adbb-8d9d16e36ec4","UNKNOWN_TYPE","UNKNOWN_LAYER",1,3.0,0.0,0.0,0.0
"dHMtZ2F0ZXdheS1zZXJ2aWNl.1","POST:/api/v1/cancelservice/cancel/b37c4282-437f-4ce9-a132-9650bf47162c","UNKNOWN_TYPE","UNKNOWN_LAYER",1,1.0,0.0,0.0,0.0
"dHMtY2FuY2VsLXNlcnZpY2U=.1","POST:/api/v1/cancelservice/cancel/2f8d79ca-9759-499d-b5d2-8c1c49bfda58","UNKNOWN_TYPE","UNKNOWN_LAYER",1,4.0,0.0,0.0,0.0
"dHMtZ2F0ZXdheS1zZXJ2aWNl.1","POST:/api/v1/cancelservice/cancel/32abb3d0-966f-4f36-8403-64bad5051a15","UNKNOWN_TYPE","UNKNOWN_LAYER",1,1.0,0.0,0.0,0.0
"dHMtY2FuY2VsLXNlcnZpY2U=.1","POST:/api/v1/cancelservice/cancel/ab68a296-f83b-4cf9-9a10-810141d31d31","UNKNOWN_TYPE","UNKNOWN_LAYER",1,3.0,0.0,0.0,0.0
"dHMtZ2F0ZXdheS1zZXJ2aWNl.1","POST:/api/v1/cancelservice/cancel/bd4c98b5-5d94-4234-b7a9-db592437023f","UNKNOWN_TYPE","UNKNOWN_LAYER",1,1.0,0.0,0.0,0.0
"dHMtZ2F0ZXdheS1zZXJ2aWNl.1","POST:/api/v1/cancelservice/cancel/72f04a86-4c41-4347-bc3d-f4cb61871b4f","UNKNOWN_TYPE","UNKNOWN_LAYER",1,1.0,0.0,0.0,0.0
"dHMtY2FuY2VsLXNlcnZpY2U=.1","POST:/api/v1/cancelservice/cancel/c0cf2d45-c6fe-4d98-8804-40b823fe8520","UNKNOWN_TYPE","UNKNOWN_LAYER",1,15.0,0.0,0.0,0.0
"dHMtY2FuY2VsLXNlcnZpY2U=.1","POST:/api/v1/cancelservice/cancel/b7a6155d-6bd4-4333-8cd4-594bddbd93dd","UNKNOWN_TYPE","UNKNOWN_LAYER",1,4.0,0.0,0.0,0.0
"dHMtY2FuY2VsLXNlcnZpY2U=.1","POST:/api/v1/cancelservice/cancel/a8fc9442-6b6e-45f9-b236-3bba0ffca0db","UNKNOWN_TYPE","UNKNOWN_LAYER",1,4.0,0.0,0.0,0.0
"dHMtZ2F0ZXdheS1zZXJ2aWNl.1","POST:/api/v1/cancelservice/cancel/271047c2-aced-4e8c-afed-d6ddac112d09","UNKNOWN_TYPE","UNKNOWN_LAYER",1,1.0,0.0,0.0,0.0
"dHMtY2FuY2VsLXNlcnZpY2U=.1","POST:/api/v1/cancelservice/cancel/3d336d89-412c-480d-bd03-13a2a97d44b8","UNKNOWN_TYPE","UNKNOWN_LAYER",1,4.0,0.0,0.0,0.0
"dHMtZ2F0ZXdheS1zZXJ2aWNl.1","POST:/api/v1/cancelservice/cancel/1e4700c1-68ff-40e1-9c41-44fd23c8f569","UNKNOWN_TYPE","UNKNOWN_LAYER",1,1.0,0.0,0.0,0.0
"dHMtZ2F0ZXdheS1zZXJ2aWNl.1","POST:/api/v1/cancelservice/cancel/864afcd2-e9d0-4e7b-a79d-999ce2345b18","UNKNOWN_TYPE","UNKNOWN_LAYER",1,1.0,0.0,0.0,0.0
"dHMtY2FuY2VsLXNlcnZpY2U=.1","POST:/api/v1/cancelservice/cancel/44888a31-7b61-4ad0-bb17-80bae157d64a","UNKNOWN_TYPE","UNKNOWN_LAYER",1,3.0,0.0,0.0,0.0
"dHMtZ2F0ZXdheS1zZXJ2aWNl.1","POST:/api/v1/cancelservice/cancel/98498999-f52a-44ef-8034-b7712a0dc655","UNKNOWN_TYPE","UNKNOWN_LAYER",1,1.0,0.0,0.0,0.0
"dHMtZ2F0ZXdheS1zZXJ2aWNl.1","POST:/api/v1/cancelservice/cancel/8103b3c8-e4fe-48fe-8aa0-479a52e1da2f","UNKNOWN_TYPE","UNKNOWN_LAYER",1,1.0,0.0,0.0,0.0
"dHMtZ2F0ZXdheS1zZXJ2aWNl.1","POST:/api/v1/cancelservice/cancel/95e7045a-0da5-4b06-bafb-2d09c5647fab","UNKNOWN_TYPE","UNKNOWN_LAYER",1,1.0,0.0,0.0,0.0
"dHMtY2FuY2VsLXNlcnZpY2U=.1","POST:/api/v1/cancelservice/cancel/1bb2054e-3735-44bc-aaac-0af1f74480fb","UNKNOWN_TYPE","UNKNOWN_LAYER",1,4.0,0.0,0.0,0.0
"dHMtZ2F0ZXdheS1zZXJ2aWNl.1","POST:/api/v1/cancelservice/cancel/b00e2573-2e7f-4833-b3c7-11df700fb06e","UNKNOWN_TYPE","UNKNOWN_LAYER",1,1.0,0.0,0.0,0.0
"dHMtY2FuY2VsLXNlcnZpY2U=.1","POST:/api/v1/cancelservice/cancel/b00e2573-2e7f-4833-b3c7-11df700fb06e","UNKNOWN_TYPE","UNKNOWN_LAYER",1,3.0,0.0,0.0,0.0
"dHMtZ2F0ZXdheS1zZXJ2aWNl.1","POST:/api/v1/cancelservice/cancel/5f1deed3-1378-436a-8fe3-c07404d22252","UNKNOWN_TYPE","UNKNOWN_LAYER",1,1.0,0.0,0.0,0.0
"dHMtY2FuY2VsLXNlcnZpY2U=.1","POST:/api/v1/cancelservice/cancel/afee3fbe-f99f-43a3-9dde-ad4d540308df","UNKNOWN_TYPE","UNKNOWN_LAYER",1,3.0,0.0,0.0,0.0
"dHMtY2FuY2VsLXNlcnZpY2U=.1","POST:/api/v1/cancelservice/cancel/8fd1e1cb-0339-4367-8c37-75d002904709","UNKNOWN_TYPE","UNKNOWN_LAYER",1,3.0,0.0,0.0,0.0
"dHMtZ2F0ZXdheS1zZXJ2aWNl.1","POST:/api/v1/cancelservice/cancel/2b29117c-86d0-4592-a4c1-59cd54c50a78","UNKNOWN_TYPE","UNKNOWN_LAYER",1,0.0,0.0,0.0,0.0
"dHMtY2FuY2VsLXNlcnZpY2U=.1","POST:/api/v1/cancelservice/cancel/037e2a65-a7a3-4709-bf0a-b423e04312f2","UNKNOWN_TYPE","UNKNOWN_LAYER",1,3.0,0.0,0.0,0.0
"dHMtY2FuY2VsLXNlcnZpY2U=.1","POST:/api/v1/cancelservice/cancel/30933774-5812-4b38-9d39-b9de48c7fe2f","UNKNOWN_TYPE","UNKNOWN_LAYER",1,17.0,0.0,0.0,0.0
"dHMtZ2F0ZXdheS1zZXJ2aWNl.1","POST:/api/v1/cancelservice/cancel/87eb33ad-ecd1-41c3-8bfd-c015bc9367dc","UNKNOWN_TYPE","UNKNOWN_LAYER",1,1.0,0.0,0.0,0.0
"dHMtZ2F0ZXdheS1zZXJ2aWNl.1","POST:/api/v1/cancelservice/cancel/6f431b31-e016-40ea-a099-458a5ade5f4d","UNKNOWN_TYPE","UNKNOWN_LAYER",1,1.0,0.0,0.0,0.0
"dHMtY2FuY2VsLXNlcnZpY2U=.1","POST:/api/v1/cancelservice/cancel/70ab2e01-5e64-4342-b3eb-001fb7ccf6a0","UNKNOWN_TYPE","UNKNOWN_LAYER",1,4.0,0.0,0.0,0.0
"dHMtZ2F0ZXdheS1zZXJ2aWNl.1","POST:/api/v1/cancelservice/cancel/2214d414-be5d-456b-bd62-872ff18771f3","UNKNOWN_TYPE","UNKNOWN_LAYER",1,1.0,0.0,0.0,0.0
"dHMtZ2F0ZXdheS1zZXJ2aWNl.1","POST:/api/v1/cancelservice/cancel/710cac42-ddfc-4e73-8065-dfc79f192bd5","UNKNOWN_TYPE","UNKNOWN_LAYER",1,1.0,0.0,0.0,0.0
"dHMtY2FuY2VsLXNlcnZpY2U=.1","POST:/api/v1/cancelservice/cancel/1f638774-d440-4fd9-935d-f52c33b2d3bb","UNKNOWN_TYPE","UNKNOWN_LAYER",1,3.0,0.0,0.0,0.0
"dHMtZ2F0ZXdheS1zZXJ2aWNl.1","POST:/api/v1/cancelservice/cancel/fcfc5a04-acc9-4961-8980-9f80be2f0635","UNKNOWN_TYPE","UNKNOWN_LAYER",1,1.0,0.0,0.0,0.0
"dHMtY2FuY2VsLXNlcnZpY2U=.1","POST:/api/v1/cancelservice/cancel/dde24d34-81ca-499e-85f9-c8b1fbb46795","UNKNOWN_TYPE","UNKNOWN_LAYER",1,3.0,0.0,0.0,0.0
"dHMtZ2F0ZXdheS1zZXJ2aWNl.1","POST:/api/v1/cancelservice/cancel/dde24d34-81ca-499e-85f9-c8b1fbb46795","UNKNOWN_TYPE","UNKNOWN_LAYER",1,1.0,0.0,0.0,0.0
"dHMtZ2F0ZXdheS1zZXJ2aWNl.1","POST:/api/v1/cancelservice/cancel/d77e4efd-47aa-409d-b011-fe7155b0104a","UNKNOWN_TYPE","UNKNOWN_LAYER",1,1.0,0.0,0.0,0.0
"dHMtZ2F0ZXdheS1zZXJ2aWNl.1","POST:/api/v1/cancelservice/cancel/b0f357d2-d4e9-4c6f-8a5d-170ef9d0a5a4","UNKNOWN_TYPE","UNKNOWN_LAYER",1,1.0,0.0,0.0,0.0
"dHMtY2FuY2VsLXNlcnZpY2U=.1","POST:/api/v1/cancelservice/cancel/b0f357d2-d4e9-4c6f-8a5d-170ef9d0a5a4","UNKNOWN_TYPE","UNKNOWN_LAYER",1,3.0,0.0,0.0,0.0
"dHMtY2FuY2VsLXNlcnZpY2U=.1","POST:/api/v1/cancelservice/cancel/3a37e2fb-883d-424f-9e45-c93295b35756","UNKNOWN_TYPE","UNKNOWN_LAYER",1,4.0,0.0,0.0,0.0
"dHMtY2FuY2VsLXNlcnZpY2U=.1","POST:/api/v1/cancelservice/cancel/5e0e3f0e-7b31-4097-9ec4-725657190627","UNKNOWN_TYPE","UNKNOWN_LAYER",1,3.0,0.0,0.0,0.0
"dHMtZ2F0ZXdheS1zZXJ2aWNl.1","POST:/api/v1/cancelservice/cancel/a6532ebe-2335-4534-98fd-f36ffb87742b","UNKNOWN_TYPE","UNKNOWN_LAYER",1,1.0,0.0,0.0,0.0
"dHMtZ2F0ZXdheS1zZXJ2aWNl.1","POST:/api/v1/cancelservice/cancel/8444309f-3bf2-4a1c-82a0-f00d8d76064e","UNKNOWN_TYPE","UNKNOWN_LAYER",1,1.0,0.0,0.0,0.0
"dHMtZ2F0ZXdheS1zZXJ2aWNl.1","POST:/api/v1/cancelservice/cancel/ba7fb017-3780-4683-a1ef-f9edaf6a9809","UNKNOWN_TYPE","UNKNOWN_LAYER",1,0.0,0.0,0.0,0.0
"dHMtZ2F0ZXdheS1zZXJ2aWNl.1","POST:/api/v1/cancelservice/cancel/7e453e09-2767-426c-a41b-66799453c9c7","UNKNOWN_TYPE","UNKNOWN_LAYER",1,1.0,0.0,0.0,0.0
"dHMtY2FuY2VsLXNlcnZpY2U=.1","POST:/api/v1/cancelservice/cancel/37e9c23f-f4d7-42b6-8715-400794babb2c","UNKNOWN_TYPE","UNKNOWN_LAYER",1,3.0,0.0,0.0,0.0
"dHMtY2FuY2VsLXNlcnZpY2U=.1","POST:/api/v1/cancelservice/cancel/2677f4cf-1771-4c1c-8cc5-28bf63e75e92","UNKNOWN_TYPE","UNKNOWN_LAYER",1,4.0,0.0,0.0,0.0
"dHMtZ2F0ZXdheS1zZXJ2aWNl.1","POST:/api/v1/cancelservice/cancel/2677f4cf-1771-4c1c-8cc5-28bf63e75e92","UNKNOWN_TYPE","UNKNOWN_LAYER",1,1.0,0.0,0.0,0.0
"dHMtZ2F0ZXdheS1zZXJ2aWNl.1","POST:/api/v1/cancelservice/cancel/c6cfe17c-fae4-43cd-a07c-73431773045d","UNKNOWN_TYPE","UNKNOWN_LAYER",1,0.0,0.0,0.0,0.0
"dHMtZ2F0ZXdheS1zZXJ2aWNl.1","POST:/api/v1/cancelservice/cancel/05b21531-23d3-42f9-80d9-20ba6f4076ac","UNKNOWN_TYPE","UNKNOWN_LAYER",1,1.0,0.0,0.0,0.0
"dHMtY2FuY2VsLXNlcnZpY2U=.1","POST:/api/v1/cancelservice/cancel/39f48a24-aae7-42db-a5a3-25f489b318b7","UNKNOWN_TYPE","UNKNOWN_LAYER",1,3.0,0.0,0.0,0.0
"dHMtZ2F0ZXdheS1zZXJ2aWNl.1","POST:/api/v1/cancelservice/cancel/a3e42876-5d71-4576-a635-4f561e1e3b25","UNKNOWN_TYPE","UNKNOWN_LAYER",1,1.0,0.0,0.0,0.0
"dHMtZ2F0ZXdheS1zZXJ2aWNl.1","POST:/api/v1/cancelservice/cancel/250b3509-694f-4363-ba8c-bcaa168ba015","UNKNOWN_TYPE","UNKNOWN_LAYER",1,1.0,0.0,0.0,0.0
"dHMtY2FuY2VsLXNlcnZpY2U=.1","POST:/api/v1/cancelservice/cancel/dc321b35-6c8b-4b04-bf92-ba491e4c9111","UNKNOWN_TYPE","UNKNOWN_LAYER",1,3.0,0.0,0.0,0.0
"dHMtZ2F0ZXdheS1zZXJ2aWNl.1","POST:/api/v1/cancelservice/cancel/031d4eb2-4de1-4b41-bdfc-be1762974cfc","UNKNOWN_TYPE","UNKNOWN_LAYER",1,0.0,0.0,0.0,0.0
"dHMtZ2F0ZXdheS1zZXJ2aWNl.1","POST:/api/v1/cancelservice/cancel/8f8fd4fd-8aeb-4bdb-8644-bbc68e37e4a2","UNKNOWN_TYPE","UNKNOWN_LAYER",1,1.0,0.0,0.0,0.0
"dHMtY2FuY2VsLXNlcnZpY2U=.1","POST:/api/v1/cancelservice/cancel/c7c6cb93-9c37-461b-92b3-dff3edd5b34a","UNKNOWN_TYPE","UNKNOWN_LAYER",1,3.0,0.0,0.0,0.0
"dHMtZ2F0ZXdheS1zZXJ2aWNl.1","POST:/api/v1/cancelservice/cancel/c7c6cb93-9c37-461b-92b3-dff3edd5b34a","UNKNOWN_TYPE","UNKNOWN_LAYER",1,0.0,0.0,0.0,0.0
"dHMtY2FuY2VsLXNlcnZpY2U=.1","POST:/api/v1/cancelservice/cancel/d81754ef-2e7d-45d9-9447-c29611e783b3","UNKNOWN_TYPE","UNKNOWN_LAYER",1,4.0,0.0,0.0,0.0
"dHMtZ2F0ZXdheS1zZXJ2aWNl.1","POST:/api/v1/cancelservice/cancel/1bb4ad39-683a-41d1-ba4f-a89931855c4c","UNKNOWN_TYPE","UNKNOWN_LAYER",1,1.0,0.0,0.0,0.0
"dHMtY2FuY2VsLXNlcnZpY2U=.1","POST:/api/v1/cancelservice/cancel/1bb4ad39-683a-41d1-ba4f-a89931855c4c","UNKNOWN_TYPE","UNKNOWN_LAYER",1,3.0,0.0,0.0,0.0
"dHMtY2FuY2VsLXNlcnZpY2U=.1","POST:/api/v1/cancelservice/cancel/e2245d0d-35c6-4e8a-baf3-34670f412f52","UNKNOWN_TYPE","UNKNOWN_LAYER",1,3.0,0.0,0.0,0.0
"dHMtZ2F0ZXdheS1zZXJ2aWNl.1","POST:/api/v1/cancelservice/cancel/e2245d0d-35c6-4e8a-baf3-34670f412f52","UNKNOWN_TYPE","UNKNOWN_LAYER",1,1.0,0.0,0.0,0.0
"dHMtY2FuY2VsLXNlcnZpY2U=.1","POST:/api/v1/cancelservice/cancel/2572840f-081d-4a93-8794-1573581a9d2d","UNKNOWN_TYPE","UNKNOWN_LAYER",1,3.0,0.0,0.0,0.0
"dHMtY2FuY2VsLXNlcnZpY2U=.1","POST:/api/v1/cancelservice/cancel/1fd2c3b3-59ff-4de8-8891-cda5167187a0","UNKNOWN_TYPE","UNKNOWN_LAYER",1,14.0,0.0,0.0,0.0
"dHMtZ2F0ZXdheS1zZXJ2aWNl.1","POST:/api/v1/cancelservice/cancel/db948f47-bfc7-4917-bbe8-c7671d4e3a95","UNKNOWN_TYPE","UNKNOWN_LAYER",1,1.0,0.0,0.0,0.0
"dHMtY2FuY2VsLXNlcnZpY2U=.1","POST:/api/v1/cancelservice/cancel/1bfe1d67-c6bc-4a80-9b8c-bb7ac0ba1fb8","UNKNOWN_TYPE","UNKNOWN_LAYER",1,3.0,0.0,0.0,0.0
"dHMtY2FuY2VsLXNlcnZpY2U=.1","POST:/api/v1/cancelservice/cancel/c3418a22-291c-4145-849a-866018be0d1c","UNKNOWN_TYPE","UNKNOWN_LAYER",1,3.0,0.0,0.0,0.0
"dHMtZ2F0ZXdheS1zZXJ2aWNl.1","POST:/api/v1/cancelservice/cancel/6b0f9a2e-6ed6-4714-bcf5-d802128eefdc","UNKNOWN_TYPE","UNKNOWN_LAYER",1,1.0,0.0,0.0,0.0
"dHMtY2FuY2VsLXNlcnZpY2U=.1","POST:/api/v1/cancelservice/cancel/f098087b-ce9a-4f75-b512-e20d4e3a6311","UNKNOWN_TYPE","UNKNOWN_LAYER",1,3.0,0.0,0.0,0.0
"dHMtY2FuY2VsLXNlcnZpY2U=.1","POST:/api/v1/cancelservice/cancel/79bf165b-6725-4bab-b7db-095ba42a9635","UNKNOWN_TYPE","UNKNOWN_LAYER",1,4.0,0.0,0.0,0.0
"dHMtY2FuY2VsLXNlcnZpY2U=.1","POST:/api/v1/cancelservice/cancel/7e136359-b005-4691-8ca2-8ea528a2206c","UNKNOWN_TYPE","UNKNOWN_LAYER",1,3.0,0.0,0.0,0.0
"dHMtZ2F0ZXdheS1zZXJ2aWNl.1","POST:/api/v1/cancelservice/cancel/ffa143a0-89a8-4502-9f41-ff7adeababe8","UNKNOWN_TYPE","UNKNOWN_LAYER",1,1.0,0.0,0.0,0.0
"dHMtY2FuY2VsLXNlcnZpY2U=.1","POST:/api/v1/cancelservice/cancel/73afdb67-55d5-49a0-b38e-6ae98b9e772a","UNKNOWN_TYPE","UNKNOWN_LAYER",1,3.0,0.0,0.0,0.0
"dHMtZ2F0ZXdheS1zZXJ2aWNl.1","POST:/api/v1/cancelservice/cancel/d50f479b-9b27-4954-ad25-e3a6e03c50e2","UNKNOWN_TYPE","UNKNOWN_LAYER",1,1.0,0.0,0.0,0.0
"dHMtZ2F0ZXdheS1zZXJ2aWNl.1","POST:/api/v1/cancelservice/cancel/b5b593b0-ef64-4d70-a030-7ded68f6b265","UNKNOWN_TYPE","UNKNOWN_LAYER",1,1.0,0.0,0.0,0.0
"dHMtZ2F0ZXdheS1zZXJ2aWNl.1","POST:/api/v1/cancelservice/cancel/5b23fbb0-7b78-4d8d-8677-f1641ba811da","UNKNOWN_TYPE","UNKNOWN_LAYER",1,1.0,0.0,0.0,0.0
"dHMtY2FuY2VsLXNlcnZpY2U=.1","POST:/api/v1/cancelservice/cancel/0b7f51b8-4b11-4d26-9a3c-7405bf17692a","UNKNOWN_TYPE","UNKNOWN_LAYER",1,3.0,0.0,0.0,0.0
"dHMtY2FuY2VsLXNlcnZpY2U=.1","POST:/api/v1/cancelservice/cancel/68093e99-a87c-4123-88c4-8c64a81f08a1","UNKNOWN_TYPE","UNKNOWN_LAYER",1,3.0,0.0,0.0,0.0
"dHMtY2FuY2VsLXNlcnZpY2U=.1","POST:/api/v1/cancelservice/cancel/d0dfe5c7-577e-4122-b651-64f6b4b561a4","UNKNOWN_TYPE","UNKNOWN_LAYER",1,4.0,0.0,0.0,0.0
"dHMtZ2F0ZXdheS1zZXJ2aWNl.1","POST:/api/v1/cancelservice/cancel/d0dfe5c7-577e-4122-b651-64f6b4b561a4","UNKNOWN_TYPE","UNKNOWN_LAYER",1,1.0,0.0,0.0,0.0
"dHMtZ2F0ZXdheS1zZXJ2aWNl.1","POST:/api/v1/cancelservice/cancel/2a4076f0-fd7b-480f-887b-123434aae038","UNKNOWN_TYPE","UNKNOWN_LAYER",1,0.0,0.0,0.0,0.0
"dHMtZ2F0ZXdheS1zZXJ2aWNl.1","POST:/api/v1/cancelservice/cancel/92a86564-f1bb-4f3f-96c7-0aad4a31b44f","UNKNOWN_TYPE","UNKNOWN_LAYER",1,1.0,0.0,0.0,0.0
