2026-03-18 10:02:35.460  INFO 1 --- [io-12031-exec-9] order.service.OrderServiceImpl           : [create][Create Order][Ready to Create Order]
2026-03-18 10:02:35.493  INFO 1 --- [io-12031-exec-9] order.service.OrderServiceImpl           : [create][Order Create Success][Order Price][OrderId:57b59b8d-bc9d-4280-82c2-961515156205 , Price: 0.0]
2026-03-18 10:02:35.760  INFO 1 --- [io-12031-exec-1] order.controller.OrderController         : [createNewOrder][Create Order][from shanghai to taiyuan at 1970-01-02 18:17:36]
2026-03-18 10:02:35.760  INFO 1 --- [io-12031-exec-1] order.service.OrderServiceImpl           : [create][Create Order][Ready to Create Order]
2026-03-18 10:02:35.780  INFO 1 --- [io-12031-exec-1] order.service.OrderServiceImpl           : [create][Order Create Success][Order Price][OrderId:37a03cf5-dc1b-4060-9269-8cc15d21c127 , Price: 0.0]
2026-03-18 10:02:36.067  INFO 1 --- [io-12031-exec-3] order.controller.OrderController         : [createNewOrder][Create Order][from shanghai to taiyuan at 1970-01-02 18:17:36]
2026-03-18 10:02:36.067  INFO 1 --- [io-12031-exec-3] order.service.OrderServiceImpl           : [create][Create Order][Ready to Create Order]
2026-03-18 10:02:36.088  INFO 1 --- [io-12031-exec-3] order.service.OrderServiceImpl           : [create][Order Create Success][Order Price][OrderId:4d821e58-b86c-4d10-8173-70c52bfe5c5c , Price: 0.0]
2026-03-18 10:02:36.361  INFO 1 --- [io-12031-exec-2] order.controller.OrderController         : [createNewOrder][Create Order][from shanghai to taiyuan at 1970-01-02 18:17:36]
2026-03-18 10:02:36.361  INFO 1 --- [io-12031-exec-2] order.service.OrderServiceImpl           : [create][Create Order][Ready to Create Order]
2026-03-18 10:02:36.381  INFO 1 --- [io-12031-exec-2] order.service.OrderServiceImpl           : [create][Order Create Success][Order Price][OrderId:058de6cf-a8f2-4ba0-baf7-51b830c4cd76 , Price: 0.0]
2026-03-18 10:02:36.668  INFO 1 --- [io-12031-exec-5] order.controller.OrderController         : [createNewOrder][Create Order][from shanghai to taiyuan at 1970-01-02 18:17:36]
2026-03-18 10:02:36.668  INFO 1 --- [io-12031-exec-5] order.service.OrderServiceImpl           : [create][Create Order][Ready to Create Order]
2026-03-18 10:02:36.690  INFO 1 --- [io-12031-exec-5] order.service.OrderServiceImpl           : [create][Order Create Success][Order Price][OrderId:1c6cc100-aec3-4209-bf0e-02a3d8dfd757 , Price: 0.0]
2026-03-18 10:02:36.964  INFO 1 --- [io-12031-exec-4] order.controller.OrderController         : [createNewOrder][Create Order][from shanghai to taiyuan at 1970-01-02 18:17:36]
2026-03-18 10:02:36.965  INFO 1 --- [io-12031-exec-4] order.service.OrderServiceImpl           : [create][Create Order][Ready to Create Order]
2026-03-18 10:02:36.985  INFO 1 --- [io-12031-exec-4] order.service.OrderServiceImpl           : [create][Order Create Success][Order Price][OrderId:d2a8481f-c49c-460e-86d6-581332bf547b , Price: 0.0]
2026-03-18 10:02:37.266  INFO 1 --- [io-12031-exec-6] order.controller.OrderController         : [createNewOrder][Create Order][from shanghai to taiyuan at 1970-01-02 18:17:36]
2026-03-18 10:02:37.266  INFO 1 --- [io-12031-exec-6] order.service.OrderServiceImpl           : [create][Create Order][Ready to Create Order]
2026-03-18 10:02:37.285  INFO 1 --- [io-12031-exec-6] order.service.OrderServiceImpl           : [create][Order Create Success][Order Price][OrderId:caab8c01-e686-4c3f-9bf4-34408fa5ac5c , Price: 0.0]
2026-03-18 10:02:37.560  INFO 1 --- [io-12031-exec-7] order.controller.OrderController         : [createNewOrder][Create Order][from shanghai to taiyuan at 1970-01-02 18:17:36]
2026-03-18 10:02:37.560  INFO 1 --- [io-12031-exec-7] order.service.OrderServiceImpl           : [create][Create Order][Ready to Create Order]
2026-03-18 10:02:37.688  INFO 1 --- [io-12031-exec-7] order.service.OrderServiceImpl           : [create][Order Create Success][Order Price][OrderId:58661bac-e9e7-4fd3-b30f-a4f63701f811 , Price: 0.0]
2026-03-18 10:02:38.052  INFO 1 --- [io-12031-exec-8] order.controller.OrderController         : [createNewOrder][Create Order][from shanghai to taiyuan at 1970-01-02 18:17:36]
2026-03-18 10:02:38.052  INFO 1 --- [io-12031-exec-8] order.service.OrderServiceImpl           : [create][Create Order][Ready to Create Order]
2026-03-18 10:02:38.070  INFO 1 --- [io-12031-exec-8] order.service.OrderServiceImpl           : [create][Order Create Success][Order Price][OrderId:60c20ebb-8611-4c21-9181-abd6051d20a6 , Price: 0.0]
2026-03-18 10:02:38.356  INFO 1 --- [o-12031-exec-10] order.controller.OrderController         : [createNewOrder][Create Order][from shanghai to taiyuan at 1970-01-02 18:17:36]
2026-03-18 10:02:38.357  INFO 1 --- [o-12031-exec-10] order.service.OrderServiceImpl           : [create][Create Order][Ready to Create Order]
2026-03-18 10:02:38.377  INFO 1 --- [o-12031-exec-10] order.service.OrderServiceImpl           : [create][Order Create Success][Order Price][OrderId:eeb63275-014d-43af-85e2-130f2c7ac8fd , Price: 0.0]
2026-03-18 10:02:38.758  INFO 1 --- [io-12031-exec-9] order.controller.OrderController         : [createNewOrder][Create Order][from shanghai to taiyuan at 1970-01-02 18:17:36]
2026-03-18 10:02:38.758  INFO 1 --- [io-12031-exec-9] order.service.OrderServiceImpl           : [create][Create Order][Ready to Create Order]
2026-03-18 10:02:38.777  INFO 1 --- [io-12031-exec-9] order.service.OrderServiceImpl           : [create][Order Create Success][Order Price][OrderId:c2ae5bf9-bdc5-4416-ab5d-7ffb356e31c6 , Price: 0.0]
2026-03-18 10:02:39.058  INFO 1 --- [io-12031-exec-1] order.controller.OrderController         : [createNewOrder][Create Order][from shanghai to taiyuan at 1970-01-02 18:17:36]
2026-03-18 10:02:39.058  INFO 1 --- [io-12031-exec-1] order.service.OrderServiceImpl           : [create][Create Order][Ready to Create Order]
2026-03-18 10:02:39.077  INFO 1 --- [io-12031-exec-1] order.service.OrderServiceImpl           : [create][Order Create Success][Order Price][OrderId:670179e9-df3b-43ea-a1a3-844a0b301088 , Price: 0.0]
2026-03-18 10:02:39.358  INFO 1 --- [io-12031-exec-3] order.controller.OrderController         : [createNewOrder][Create Order][from shanghai to taiyuan at 1970-01-02 18:17:36]
2026-03-18 10:02:39.358  INFO 1 --- [io-12031-exec-3] order.service.OrderServiceImpl           : [create][Create Order][Ready to Create Order]
2026-03-18 10:02:39.377  INFO 1 --- [io-12031-exec-3] order.service.OrderServiceImpl           : [create][Order Create Success][Order Price][OrderId:0d5c0dc0-6188-4b8c-8ec4-6969ea96643d , Price: 0.0]
2026-03-18 10:02:39.656  INFO 1 --- [io-12031-exec-2] order.controller.OrderController         : [createNewOrder][Create Order][from shanghai to taiyuan at 1970-01-02 18:17:36]
2026-03-18 10:02:39.656  INFO 1 --- [io-12031-exec-2] order.service.OrderServiceImpl           : [create][Create Order][Ready to Create Order]
2026-03-18 10:02:39.681  INFO 1 --- [io-12031-exec-2] order.service.OrderServiceImpl           : [create][Order Create Success][Order Price][OrderId:3bf085c3-0c35-4b29-a06f-f193e67081dd , Price: 0.0]
2026-03-18 10:02:40.141  INFO 1 --- [io-12031-exec-5] order.controller.OrderController         : [createNewOrder][Create Order][from shanghai to taiyuan at 1970-01-02 18:17:36]
2026-03-18 10:02:40.141  INFO 1 --- [io-12031-exec-5] order.service.OrderServiceImpl           : [create][Create Order][Ready to Create Order]
2026-03-18 10:02:40.158  INFO 1 --- [io-12031-exec-5] order.service.OrderServiceImpl           : [create][Order Create Success][Order Price][OrderId:f3971915-e60d-492e-baa3-6a4f8aed11a9 , Price: 0.0]
2026-03-18 10:02:40.641  INFO 1 --- [io-12031-exec-4] order.controller.OrderController         : [createNewOrder][Create Order][from shanghai to taiyuan at 1970-01-02 18:17:36]
2026-03-18 10:02:40.641  INFO 1 --- [io-12031-exec-4] order.service.OrderServiceImpl           : [create][Create Order][Ready to Create Order]
2026-03-18 10:02:40.659  INFO 1 --- [io-12031-exec-4] order.service.OrderServiceImpl           : [create][Order Create Success][Order Price][OrderId:0f267607-6cf8-4207-87df-40c966cc99b6 , Price: 0.0]
2026-03-18 10:02:41.152  INFO 1 --- [io-12031-exec-6] order.controller.OrderController         : [createNewOrder][Create Order][from shanghai to taiyuan at 1970-01-02 18:17:36]
2026-03-18 10:02:41.152  INFO 1 --- [io-12031-exec-6] order.service.OrderServiceImpl           : [create][Create Order][Ready to Create Order]
2026-03-18 10:02:41.170  INFO 1 --- [io-12031-exec-6] order.service.OrderServiceImpl           : [create][Order Create Success][Order Price][OrderId:f84910ae-eba7-4573-8d1b-64ac5bd50e14 , Price: 0.0]
2026-03-18 10:02:41.648  INFO 1 --- [io-12031-exec-8] order.controller.OrderController         : [createNewOrder][Create Order][from shanghai to taiyuan at 1970-01-02 18:17:36]
2026-03-18 10:02:41.649  INFO 1 --- [io-12031-exec-8] order.service.OrderServiceImpl           : [create][Create Order][Ready to Create Order]
2026-03-18 10:02:41.667  INFO 1 --- [io-12031-exec-8] order.service.OrderServiceImpl           : [create][Order Create Success][Order Price][OrderId:29410940-b0bc-40c7-954e-9172b2be5dbc , Price: 0.0]
2026-03-18 10:02:42.359  INFO 1 --- [o-12031-exec-10] order.controller.OrderController         : [createNewOrder][Create Order][from shanghai to taiyuan at 1970-01-02 18:17:36]
2026-03-18 10:02:42.359  INFO 1 --- [o-12031-exec-10] order.service.OrderServiceImpl           : [create][Create Order][Ready to Create Order]
2026-03-18 10:02:42.377  INFO 1 --- [o-12031-exec-10] order.service.OrderServiceImpl           : [create][Order Create Success][Order Price][OrderId:4f5ddaed-2cb3-4afd-abc4-dc258220f95b , Price: 0.0]
2026-03-18 10:02:42.763  INFO 1 --- [io-12031-exec-9] order.controller.OrderController         : [createNewOrder][Create Order][from shanghai to taiyuan at 1970-01-02 18:17:36]
2026-03-18 10:02:42.763  INFO 1 --- [io-12031-exec-9] order.service.OrderServiceImpl           : [create][Create Order][Ready to Create Order]
2026-03-18 10:02:42.779  INFO 1 --- [io-12031-exec-9] order.service.OrderServiceImpl           : [create][Order Create Success][Order Price][OrderId:6c1340cc-a7d6-4a9e-b456-9bacf63df4ef , Price: 0.0]
2026-03-18 10:02:43.056  INFO 1 --- [io-12031-exec-1] order.controller.OrderController         : [createNewOrder][Create Order][from shanghai to taiyuan at 1970-01-02 18:17:36]
2026-03-18 10:02:43.056  INFO 1 --- [io-12031-exec-1] order.service.OrderServiceImpl           : [create][Create Order][Ready to Create Order]
2026-03-18 10:02:43.166  INFO 1 --- [io-12031-exec-1] order.service.OrderServiceImpl           : [create][Order Create Success][Order Price][OrderId:209df312-d6be-481a-99e7-9f581bc7b03a , Price: 0.0]
2026-03-18 10:02:43.448  INFO 1 --- [io-12031-exec-3] order.controller.OrderController         : [createNewOrder][Create Order][from shanghai to taiyuan at 1970-01-02 18:17:36]
2026-03-18 10:02:43.448  INFO 1 --- [io-12031-exec-3] order.service.OrderServiceImpl           : [create][Create Order][Ready to Create Order]
2026-03-18 10:02:43.466  INFO 1 --- [io-12031-exec-3] order.service.OrderServiceImpl           : [create][Order Create Success][Order Price][OrderId:e729b01f-ff7f-4bb5-8720-bb64b693b67e , Price: 0.0]
2026-03-18 10:02:43.751  INFO 1 --- [io-12031-exec-2] order.controller.OrderController         : [createNewOrder][Create Order][from shanghai to taiyuan at 1970-01-02 18:17:36]
2026-03-18 10:02:43.751  INFO 1 --- [io-12031-exec-2] order.service.OrderServiceImpl           : [create][Create Order][Ready to Create Order]
2026-03-18 10:02:43.769  INFO 1 --- [io-12031-exec-2] order.service.OrderServiceImpl           : [create][Order Create Success][Order Price][OrderId:edecfa65-f612-493c-9fea-a43e1e56a664 , Price: 0.0]
2026-03-18 10:02:44.039  INFO 1 --- [io-12031-exec-5] order.controller.OrderController         : [createNewOrder][Create Order][from shanghai to taiyuan at 1970-01-02 18:17:36]
2026-03-18 10:02:44.039  INFO 1 --- [io-12031-exec-5] order.service.OrderServiceImpl           : [create][Create Order][Ready to Create Order]
2026-03-18 10:02:44.055  INFO 1 --- [io-12031-exec-5] order.service.OrderServiceImpl           : [create][Order Create Success][Order Price][OrderId:b3cc7d03-74a6-4b7d-912a-76a26b6c4a3d , Price: 0.0]
2026-03-18 10:02:44.338  INFO 1 --- [io-12031-exec-4] order.controller.OrderController         : [createNewOrder][Create Order][from shanghai to taiyuan at 1970-01-02 18:17:36]
2026-03-18 10:02:44.338  INFO 1 --- [io-12031-exec-4] order.service.OrderServiceImpl           : [create][Create Order][Ready to Create Order]
2026-03-18 10:02:44.356  INFO 1 --- [io-12031-exec-4] order.service.OrderServiceImpl           : [create][Order Create Success][Order Price][OrderId:0eeb243a-9ca2-434f-a2c2-dbf68222dd08 , Price: 0.0]
2026-03-18 10:02:44.637  INFO 1 --- [io-12031-exec-6] order.controller.OrderController         : [createNewOrder][Create Order][from shanghai to taiyuan at 1970-01-02 18:17:36]
2026-03-18 10:02:44.637  INFO 1 --- [io-12031-exec-6] order.service.OrderServiceImpl           : [create][Create Order][Ready to Create Order]
2026-03-18 10:02:44.655  INFO 1 --- [io-12031-exec-6] order.service.OrderServiceImpl           : [create][Order Create Success][Order Price][OrderId:c4df6766-aa90-4960-b196-2f2a80d15bd3 , Price: 0.0]
2026-03-18 10:02:44.938  INFO 1 --- [io-12031-exec-7] order.controller.OrderController         : [createNewOrder][Create Order][from shanghai to taiyuan at 1970-01-02 18:17:36]
2026-03-18 10:02:44.938  INFO 1 --- [io-12031-exec-7] order.service.OrderServiceImpl           : [create][Create Order][Ready to Create Order]
2026-03-18 10:02:45.078  INFO 1 --- [io-12031-exec-7] order.service.OrderServiceImpl           : [create][Order Create Success][Order Price][OrderId:71499bb4-f17e-4360-9562-355eaa8089f3 , Price: 0.0]
2026-03-18 10:02:45.358  INFO 1 --- [io-12031-exec-8] order.controller.OrderController         : [createNewOrder][Create Order][from shanghai to taiyuan at 1970-01-02 18:17:36]
2026-03-18 10:02:45.358  INFO 1 --- [io-12031-exec-8] order.service.OrderServiceImpl           : [create][Create Order][Ready to Create Order]
2026-03-18 10:02:45.374  INFO 1 --- [io-12031-exec-8] order.service.OrderServiceImpl           : [create][Order Create Success][Order Price][OrderId:5b5bd767-cad3-4e7e-a679-f4ab54aa0409 , Price: 0.0]
2026-03-18 10:02:45.651  INFO 1 --- [o-12031-exec-10] order.controller.OrderController         : [createNewOrder][Create Order][from shanghai to taiyuan at 1970-01-02 18:17:36]
2026-03-18 10:02:45.651  INFO 1 --- [o-12031-exec-10] order.service.OrderServiceImpl           : [create][Create Order][Ready to Create Order]
2026-03-18 10:02:45.670  INFO 1 --- [o-12031-exec-10] order.service.OrderServiceImpl           : [create][Order Create Success][Order Price][OrderId:c716a5cb-eff3-4a36-8563-6257d414bb80 , Price: 0.0]
2026-03-18 10:02:45.953  INFO 1 --- [io-12031-exec-9] order.controller.OrderController         : [createNewOrder][Create Order][from shanghai to taiyuan at 1970-01-02 18:17:36]
2026-03-18 10:02:45.953  INFO 1 --- [io-12031-exec-9] order.service.OrderServiceImpl           : [create][Create Order][Ready to Create Order]
2026-03-18 10:02:45.968  INFO 1 --- [io-12031-exec-9] order.service.OrderServiceImpl           : [create][Order Create Success][Order Price][OrderId:dcbe8e01-f1a2-4dd8-bf76-735962a07568 , Price: 0.0]
2026-03-18 10:02:46.269  INFO 1 --- [io-12031-exec-1] order.controller.OrderController         : [createNewOrder][Create Order][from shanghai to taiyuan at 1970-01-02 18:17:36]
2026-03-18 10:02:46.269  INFO 1 --- [io-12031-exec-1] order.service.OrderServiceImpl           : [create][Create Order][Ready to Create Order]
2026-03-18 10:02:46.288  INFO 1 --- [io-12031-exec-1] order.service.OrderServiceImpl           : [create][Order Create Success][Order Price][OrderId:1b359c40-dc5a-4907-ad82-5ca81bf03993 , Price: 0.0]
2026-03-18 10:02:46.558  INFO 1 --- [io-12031-exec-3] order.controller.OrderController         : [createNewOrder][Create Order][from shanghai to taiyuan at 1970-01-02 18:17:36]
2026-03-18 10:02:46.558  INFO 1 --- [io-12031-exec-3] order.service.OrderServiceImpl           : [create][Create Order][Ready to Create Order]
2026-03-18 10:02:46.576  INFO 1 --- [io-12031-exec-3] order.service.OrderServiceImpl           : [create][Order Create Success][Order Price][OrderId:78fe06ec-526a-418f-a27d-95e4a3cf6bc5 , Price: 0.0]
2026-03-18 10:02:46.855  INFO 1 --- [io-12031-exec-2] order.controller.OrderController         : [createNewOrder][Create Order][from shanghai to taiyuan at 1970-01-02 18:17:36]
2026-03-18 10:02:46.855  INFO 1 --- [io-12031-exec-2] order.service.OrderServiceImpl           : [create][Create Order][Ready to Create Order]
2026-03-18 10:02:46.881  INFO 1 --- [io-12031-exec-2] order.service.OrderServiceImpl           : [create][Order Create Success][Order Price][OrderId:0b0fc4f6-fb0d-43f3-bb06-35cd360e4b60 , Price: 0.0]
2026-03-18 10:02:47.157  INFO 1 --- [io-12031-exec-5] order.controller.OrderController         : [createNewOrder][Create Order][from shanghai to taiyuan at 1970-01-02 18:17:36]
2026-03-18 10:02:47.157  INFO 1 --- [io-12031-exec-5] order.service.OrderServiceImpl           : [create][Create Order][Ready to Create Order]
2026-03-18 10:02:47.176  INFO 1 --- [io-12031-exec-5] order.service.OrderServiceImpl           : [create][Order Create Success][Order Price][OrderId:6eab8617-be28-45e7-b050-ecb5c989540f , Price: 0.0]
2026-03-18 10:02:47.453  INFO 1 --- [io-12031-exec-4] order.controller.OrderController         : [createNewOrder][Create Order][from shanghai to taiyuan at 1970-01-02 18:17:36]
2026-03-18 10:02:47.453  INFO 1 --- [io-12031-exec-4] order.service.OrderServiceImpl           : [create][Create Order][Ready to Create Order]
2026-03-18 10:02:47.471  INFO 1 --- [io-12031-exec-4] order.service.OrderServiceImpl           : [create][Order Create Success][Order Price][OrderId:fee27928-75d1-4600-94a7-25cbad8f7fbc , Price: 0.0]
2026-03-18 10:02:47.749  INFO 1 --- [io-12031-exec-6] order.controller.OrderController         : [createNewOrder][Create Order][from shanghai to taiyuan at 1970-01-02 18:17:36]
2026-03-18 10:02:47.749  INFO 1 --- [io-12031-exec-6] order.service.OrderServiceImpl           : [create][Create Order][Ready to Create Order]
2026-03-18 10:02:47.766  INFO 1 --- [io-12031-exec-6] order.service.OrderServiceImpl           : [create][Order Create Success][Order Price][OrderId:1583f2f1-199f-4196-bf96-20d452ed9b3a , Price: 0.0]
2026-03-18 10:02:48.049  INFO 1 --- [io-12031-exec-7] order.controller.OrderController         : [createNewOrder][Create Order][from shanghai to taiyuan at 1970-01-02 18:17:36]
2026-03-18 10:02:48.049  INFO 1 --- [io-12031-exec-7] order.service.OrderServiceImpl           : [create][Create Order][Ready to Create Order]
2026-03-18 10:02:48.066  INFO 1 --- [io-12031-exec-7] order.service.OrderServiceImpl           : [create][Order Create Success][Order Price][OrderId:4793bd53-5209-46f3-b410-13414279f396 , Price: 0.0]
2026-03-18 10:02:48.349  INFO 1 --- [io-12031-exec-8] order.controller.OrderController         : [createNewOrder][Create Order][from shanghai to taiyuan at 1970-01-02 18:17:36]
2026-03-18 10:02:48.349  INFO 1 --- [io-12031-exec-8] order.service.OrderServiceImpl           : [create][Create Order][Ready to Create Order]
2026-03-18 10:02:48.366  INFO 1 --- [io-12031-exec-8] order.service.OrderServiceImpl           : [create][Order Create Success][Order Price][OrderId:c2f16170-5059-4af3-8c73-bb986c213027 , Price: 0.0]
2026-03-18 10:02:48.640  INFO 1 --- [o-12031-exec-10] order.controller.OrderController         : [createNewOrder][Create Order][from shanghai to taiyuan at 1970-01-02 18:17:36]
2026-03-18 10:02:48.640  INFO 1 --- [o-12031-exec-10] order.service.OrderServiceImpl           : [create][Create Order][Ready to Create Order]
2026-03-18 10:02:48.685  INFO 1 --- [o-12031-exec-10] order.service.OrderServiceImpl           : [create][Order Create Success][Order Price][OrderId:3ac8259f-f68a-493c-9db4-b9274d801fd7 , Price: 0.0]
2026-03-18 10:02:48.960  INFO 1 --- [io-12031-exec-9] order.controller.OrderController         : [createNewOrder][Create Order][from shanghai to taiyuan at 1970-01-02 18:17:36]
2026-03-18 10:02:48.960  INFO 1 --- [io-12031-exec-9] order.service.OrderServiceImpl           : [create][Create Order][Ready to Create Order]
2026-03-18 10:02:48.982  INFO 1 --- [io-12031-exec-9] order.service.OrderServiceImpl           : [create][Order Create Success][Order Price][OrderId:156f57ea-e7a7-4239-8543-24722fca308c , Price: 0.0]
2026-03-18 10:02:49.261  INFO 1 --- [io-12031-exec-1] order.controller.OrderController         : [createNewOrder][Create Order][from shanghai to taiyuan at 1970-01-02 18:17:36]
2026-03-18 10:02:49.261  INFO 1 --- [io-12031-exec-1] order.service.OrderServiceImpl           : [create][Create Order][Ready to Create Order]
2026-03-18 10:02:49.279  INFO 1 --- [io-12031-exec-1] order.service.OrderServiceImpl           : [create][Order Create Success][Order Price][OrderId:963b133f-d5cd-4485-b978-4ab06c0041ef , Price: 0.0]
2026-03-18 10:02:49.555  INFO 1 --- [io-12031-exec-3] order.controller.OrderController         : [createNewOrder][Create Order][from shanghai to taiyuan at 1970-01-02 18:17:36]
2026-03-18 10:02:49.556  INFO 1 --- [io-12031-exec-3] order.service.OrderServiceImpl           : [create][Create Order][Ready to Create Order]
2026-03-18 10:02:49.572  INFO 1 --- [io-12031-exec-3] order.service.OrderServiceImpl           : [create][Order Create Success][Order Price][OrderId:849947ba-3d08-45f9-8f08-73c82d557646 , Price: 0.0]
2026-03-18 10:02:49.851  INFO 1 --- [io-12031-exec-2] order.controller.OrderController         : [createNewOrder][Create Order][from shanghai to taiyuan at 1970-01-02 18:17:36]
2026-03-18 10:02:49.851  INFO 1 --- [io-12031-exec-2] order.service.OrderServiceImpl           : [create][Create Order][Ready to Create Order]
2026-03-18 10:02:49.868  INFO 1 --- [io-12031-exec-2] order.service.OrderServiceImpl           : [create][Order Create Success][Order Price][OrderId:c7d7d7e2-d082-479a-ba42-9d5d882aa579 , Price: 0.0]
2026-03-18 10:02:50.159  INFO 1 --- [io-12031-exec-5] order.controller.OrderController         : [createNewOrder][Create Order][from shanghai to taiyuan at 1970-01-02 18:17:36]
2026-03-18 10:02:50.159  INFO 1 --- [io-12031-exec-5] order.service.OrderServiceImpl           : [create][Create Order][Ready to Create Order]
2026-03-18 10:02:50.179  INFO 1 --- [io-12031-exec-5] order.service.OrderServiceImpl           : [create][Order Create Success][Order Price][OrderId:68e8e75e-fca4-47df-b5ad-dffce10e7df3 , Price: 0.0]
2026-03-18 10:02:50.469  INFO 1 --- [io-12031-exec-4] order.controller.OrderController         : [createNewOrder][Create Order][from shanghai to taiyuan at 1970-01-02 18:17:36]
2026-03-18 10:02:50.469  INFO 1 --- [io-12031-exec-4] order.service.OrderServiceImpl           : [create][Create Order][Ready to Create Order]
2026-03-18 10:02:50.486  INFO 1 --- [io-12031-exec-4] order.service.OrderServiceImpl           : [create][Order Create Success][Order Price][OrderId:6f0b2dc6-960b-48b9-be4e-cf47219cbc1a , Price: 0.0]
2026-03-18 10:02:50.760  INFO 1 --- [io-12031-exec-6] order.controller.OrderController         : [createNewOrder][Create Order][from shanghai to taiyuan at 1970-01-02 18:17:36]
2026-03-18 10:02:50.760  INFO 1 --- [io-12031-exec-6] order.service.OrderServiceImpl           : [create][Create Order][Ready to Create Order]
2026-03-18 10:02:50.793  INFO 1 --- [io-12031-exec-6] order.service.OrderServiceImpl           : [create][Order Create Success][Order Price][OrderId:61564700-25d8-4698-8dd8-fc85aa651cb9 , Price: 0.0]
2026-03-18 10:02:51.056  INFO 1 --- [io-12031-exec-7] order.controller.OrderController         : [createNewOrder][Create Order][from shanghai to taiyuan at 1970-01-02 18:17:36]
2026-03-18 10:02:51.056  INFO 1 --- [io-12031-exec-7] order.service.OrderServiceImpl           : [create][Create Order][Ready to Create Order]
2026-03-18 10:02:51.075  INFO 1 --- [io-12031-exec-7] order.service.OrderServiceImpl           : [create][Order Create Success][Order Price][OrderId:1256d9f3-797a-4904-9343-845d15287d8c , Price: 0.0]
2026-03-18 10:02:51.356  INFO 1 --- [o-12031-exec-10] order.controller.OrderController         : [createNewOrder][Create Order][from shanghai to taiyuan at 1970-01-02 18:17:36]
2026-03-18 10:02:51.356  INFO 1 --- [o-12031-exec-10] order.service.OrderServiceImpl           : [create][Create Order][Ready to Create Order]
2026-03-18 10:02:51.373  INFO 1 --- [o-12031-exec-10] order.service.OrderServiceImpl           : [create][Order Create Success][Order Price][OrderId:d586f89e-d235-4090-90d1-b0fe941b5a0e , Price: 0.0]
2026-03-18 10:02:51.672  INFO 1 --- [io-12031-exec-9] order.controller.OrderController         : [createNewOrder][Create Order][from shanghai to taiyuan at 1970-01-02 18:17:36]
2026-03-18 10:02:51.672  INFO 1 --- [io-12031-exec-9] order.service.OrderServiceImpl           : [create][Create Order][Ready to Create Order]
2026-03-18 10:02:51.691  INFO 1 --- [io-12031-exec-9] order.service.OrderServiceImpl           : [create][Order Create Success][Order Price][OrderId:b24acb74-a443-4bb4-9897-96ceb09e46e8 , Price: 0.0]
2026-03-18 10:02:51.960  INFO 1 --- [io-12031-exec-1] order.controller.OrderController         : [createNewOrder][Create Order][from shanghai to taiyuan at 1970-01-02 18:17:36]
2026-03-18 10:02:51.960  INFO 1 --- [io-12031-exec-1] order.service.OrderServiceImpl           : [create][Create Order][Ready to Create Order]
2026-03-18 10:02:51.979  INFO 1 --- [io-12031-exec-1] order.service.OrderServiceImpl           : [create][Order Create Success][Order Price][OrderId:df0e4703-8cca-4a5b-9423-e3d54bf1fb37 , Price: 0.0]
2026-03-18 10:02:52.263  INFO 1 --- [io-12031-exec-3] order.controller.OrderController         : [createNewOrder][Create Order][from shanghai to taiyuan at 1970-01-02 18:17:36]
2026-03-18 10:02:52.263  INFO 1 --- [io-12031-exec-3] order.service.OrderServiceImpl           : [create][Create Order][Ready to Create Order]
2026-03-18 10:02:52.285  INFO 1 --- [io-12031-exec-3] order.service.OrderServiceImpl           : [create][Order Create Success][Order Price][OrderId:ec84944f-3f07-4885-955d-0c6059b185a2 , Price: 0.0]
2026-03-18 10:02:52.558  INFO 1 --- [io-12031-exec-2] order.controller.OrderController         : [createNewOrder][Create Order][from shanghai to taiyuan at 1970-01-02 18:17:36]
2026-03-18 10:02:52.558  INFO 1 --- [io-12031-exec-2] order.service.OrderServiceImpl           : [create][Create Order][Ready to Create Order]
2026-03-18 10:02:52.587  INFO 1 --- [io-12031-exec-2] order.service.OrderServiceImpl           : [create][Order Create Success][Order Price][OrderId:68e8d4e6-127f-4e93-8f28-f0d2e1e2467c , Price: 0.0]
2026-03-18 10:02:52.859  INFO 1 --- [io-12031-exec-5] order.controller.OrderController         : [createNewOrder][Create Order][from shanghai to taiyuan at 1970-01-02 18:17:36]
2026-03-18 10:02:52.859  INFO 1 --- [io-12031-exec-5] order.service.OrderServiceImpl           : [create][Create Order][Ready to Create Order]
2026-03-18 10:02:52.876  INFO 1 --- [io-12031-exec-5] order.service.OrderServiceImpl           : [create][Order Create Success][Order Price][OrderId:76dba669-eae5-4ea0-8632-a1bf1f2f4102 , Price: 0.0]
2026-03-18 10:02:53.152  INFO 1 --- [io-12031-exec-4] order.controller.OrderController         : [createNewOrder][Create Order][from shanghai to taiyuan at 1970-01-02 18:17:36]
2026-03-18 10:02:53.152  INFO 1 --- [io-12031-exec-4] order.service.OrderServiceImpl           : [create][Create Order][Ready to Create Order]
2026-03-18 10:02:53.170  INFO 1 --- [io-12031-exec-4] order.service.OrderServiceImpl           : [create][Order Create Success][Order Price][OrderId:2810b3aa-d73c-4490-8375-6b2aa024b4d1 , Price: 0.0]
2026-03-18 10:02:53.448  INFO 1 --- [io-12031-exec-6] order.controller.OrderController         : [createNewOrder][Create Order][from shanghai to taiyuan at 1970-01-02 18:17:36]
2026-03-18 10:02:53.448  INFO 1 --- [io-12031-exec-6] order.service.OrderServiceImpl           : [create][Create Order][Ready to Create Order]
2026-03-18 10:02:53.466  INFO 1 --- [io-12031-exec-6] order.service.OrderServiceImpl           : [create][Order Create Success][Order Price][OrderId:730a4733-7b2a-48cb-8686-7c5096c24ea3 , Price: 0.0]
2026-03-18 10:02:53.740  INFO 1 --- [io-12031-exec-7] order.controller.OrderController         : [createNewOrder][Create Order][from shanghai to taiyuan at 1970-01-02 18:17:36]
2026-03-18 10:02:53.741  INFO 1 --- [io-12031-exec-7] order.service.OrderServiceImpl           : [create][Create Order][Ready to Create Order]
2026-03-18 10:02:53.758  INFO 1 --- [io-12031-exec-7] order.service.OrderServiceImpl           : [create][Order Create Success][Order Price][OrderId:b4990d8d-afa1-4c0a-8792-7a60bd8baefe , Price: 0.0]
2026-03-18 10:02:54.038  INFO 1 --- [io-12031-exec-8] order.controller.OrderController         : [createNewOrder][Create Order][from shanghai to taiyuan at 1970-01-02 18:17:36]
2026-03-18 10:02:54.038  INFO 1 --- [io-12031-exec-8] order.service.OrderServiceImpl           : [create][Create Order][Ready to Create Order]
2026-03-18 10:02:54.056  INFO 1 --- [io-12031-exec-8] order.service.OrderServiceImpl           : [create][Order Create Success][Order Price][OrderId:26283281-fea5-46f3-a7cd-105b513c7245 , Price: 0.0]
2026-03-18 10:02:54.334  INFO 1 --- [o-12031-exec-10] order.controller.OrderController         : [createNewOrder][Create Order][from shanghai to taiyuan at 1970-01-02 18:17:36]
2026-03-18 10:02:54.334  INFO 1 --- [o-12031-exec-10] order.service.OrderServiceImpl           : [create][Create Order][Ready to Create Order]
2026-03-18 10:02:54.394  INFO 1 --- [o-12031-exec-10] order.service.OrderServiceImpl           : [create][Order Create Success][Order Price][OrderId:087ed274-4682-4392-9cd3-030eb453d25b , Price: 0.0]
2026-03-18 10:02:54.656  INFO 1 --- [io-12031-exec-9] order.controller.OrderController         : [createNewOrder][Create Order][from shanghai to taiyuan at 1970-01-02 18:17:36]
2026-03-18 10:02:54.656  INFO 1 --- [io-12031-exec-9] order.service.OrderServiceImpl           : [create][Create Order][Ready to Create Order]
2026-03-18 10:02:54.674  INFO 1 --- [io-12031-exec-9] order.service.OrderServiceImpl           : [create][Order Create Success][Order Price][OrderId:c64765f7-9f74-4c89-83c0-fed06d264a61 , Price: 0.0]
2026-03-18 10:02:54.954  INFO 1 --- [io-12031-exec-1] order.controller.OrderController         : [createNewOrder][Create Order][from shanghai to taiyuan at 1970-01-02 18:17:36]
2026-03-18 10:02:54.954  INFO 1 --- [io-12031-exec-1] order.service.OrderServiceImpl           : [create][Create Order][Ready to Create Order]
2026-03-18 10:02:54.972  INFO 1 --- [io-12031-exec-1] order.service.OrderServiceImpl           : [create][Order Create Success][Order Price][OrderId:b1885db0-7dc5-4125-9120-935cd2a15072 , Price: 0.0]
2026-03-18 10:02:55.259  INFO 1 --- [io-12031-exec-3] order.controller.OrderController         : [createNewOrder][Create Order][from shanghai to taiyuan at 1970-01-02 18:17:36]
2026-03-18 10:02:55.259  INFO 1 --- [io-12031-exec-3] order.service.OrderServiceImpl           : [create][Create Order][Ready to Create Order]
2026-03-18 10:02:55.280  INFO 1 --- [io-12031-exec-3] order.service.OrderServiceImpl           : [create][Order Create Success][Order Price][OrderId:4804ba8e-701a-42bc-9878-b9e63e5dcb83 , Price: 0.0]
2026-03-18 10:02:55.560  INFO 1 --- [io-12031-exec-2] order.controller.OrderController         : [createNewOrder][Create Order][from shanghai to taiyuan at 1970-01-02 18:17:36]
2026-03-18 10:02:55.560  INFO 1 --- [io-12031-exec-2] order.service.OrderServiceImpl           : [create][Create Order][Ready to Create Order]
2026-03-18 10:02:55.580  INFO 1 --- [io-12031-exec-2] order.service.OrderServiceImpl           : [create][Order Create Success][Order Price][OrderId:5fd89d42-38ac-487b-824c-8dd444a90888 , Price: 0.0]
2026-03-18 10:02:55.858  INFO 1 --- [io-12031-exec-5] order.controller.OrderController         : [createNewOrder][Create Order][from shanghai to taiyuan at 1970-01-02 18:17:36]
2026-03-18 10:02:55.858  INFO 1 --- [io-12031-exec-5] order.service.OrderServiceImpl           : [create][Create Order][Ready to Create Order]
2026-03-18 10:02:55.876  INFO 1 --- [io-12031-exec-5] order.service.OrderServiceImpl           : [create][Order Create Success][Order Price][OrderId:3649f8da-a9af-4bb8-a708-e551bd8faa62 , Price: 0.0]
2026-03-18 10:02:56.155  INFO 1 --- [io-12031-exec-4] order.controller.OrderController         : [createNewOrder][Create Order][from shanghai to taiyuan at 1970-01-02 18:17:36]
2026-03-18 10:02:56.155  INFO 1 --- [io-12031-exec-4] order.service.OrderServiceImpl           : [create][Create Order][Ready to Create Order]
2026-03-18 10:02:56.191  INFO 1 --- [io-12031-exec-4] order.service.OrderServiceImpl           : [create][Order Create Success][Order Price][OrderId:87fa9d7b-08fb-433c-b514-9c7b117acee1 , Price: 0.0]
2026-03-18 10:02:56.455  INFO 1 --- [io-12031-exec-6] order.controller.OrderController         : [createNewOrder][Create Order][from shanghai to taiyuan at 1970-01-02 18:17:36]
2026-03-18 10:02:56.455  INFO 1 --- [io-12031-exec-6] order.service.OrderServiceImpl           : [create][Create Order][Ready to Create Order]
2026-03-18 10:02:56.473  INFO 1 --- [io-12031-exec-6] order.service.OrderServiceImpl           : [create][Order Create Success][Order Price][OrderId:1d66d8f4-c6eb-4e58-b814-b22bdf361210 , Price: 0.0]
2026-03-18 10:02:56.748  INFO 1 --- [io-12031-exec-7] order.controller.OrderController         : [createNewOrder][Create Order][from shanghai to taiyuan at 1970-01-02 18:17:36]
2026-03-18 10:02:56.748  INFO 1 --- [io-12031-exec-7] order.service.OrderServiceImpl           : [create][Create Order][Ready to Create Order]
2026-03-18 10:02:56.766  INFO 1 --- [io-12031-exec-7] order.service.OrderServiceImpl           : [create][Order Create Success][Order Price][OrderId:4f5d41b4-6e76-445a-90ff-4481def1026c , Price: 0.0]
2026-03-18 10:02:57.043  INFO 1 --- [io-12031-exec-8] order.controller.OrderController         : [createNewOrder][Create Order][from shanghai to taiyuan at 1970-01-02 18:17:36]
2026-03-18 10:02:57.043  INFO 1 --- [io-12031-exec-8] order.service.OrderServiceImpl           : [create][Create Order][Ready to Create Order]
2026-03-18 10:02:57.060  INFO 1 --- [io-12031-exec-8] order.service.OrderServiceImpl           : [create][Order Create Success][Order Price][OrderId:9f8f42eb-f9a6-427f-ace2-e18303eefd94 , Price: 0.0]
2026-03-18 10:02:57.343  INFO 1 --- [o-12031-exec-10] order.controller.OrderController         : [createNewOrder][Create Order][from shanghai to taiyuan at 1970-01-02 18:17:36]
2026-03-18 10:02:57.343  INFO 1 --- [o-12031-exec-10] order.service.OrderServiceImpl           : [create][Create Order][Ready to Create Order]
2026-03-18 10:02:57.361  INFO 1 --- [o-12031-exec-10] order.service.OrderServiceImpl           : [create][Order Create Success][Order Price][OrderId:5d4c1810-0ac9-4884-aa8b-521f2c2b7f92 , Price: 0.0]
2026-03-18 10:02:57.638  INFO 1 --- [io-12031-exec-9] order.controller.OrderController         : [createNewOrder][Create Order][from shanghai to taiyuan at 1970-01-02 18:17:36]
2026-03-18 10:02:57.638  INFO 1 --- [io-12031-exec-9] order.service.OrderServiceImpl           : [create][Create Order][Ready to Create Order]
2026-03-18 10:02:57.656  INFO 1 --- [io-12031-exec-9] order.service.OrderServiceImpl           : [create][Order Create Success][Order Price][OrderId:05faeb6e-3bcf-41e4-9c85-c8dca0d1b142 , Price: 0.0]
2026-03-18 10:02:57.936  INFO 1 --- [io-12031-exec-1] order.controller.OrderController         : [createNewOrder][Create Order][from shanghai to taiyuan at 1970-01-02 18:17:36]
2026-03-18 10:02:57.936  INFO 1 --- [io-12031-exec-1] order.service.OrderServiceImpl           : [create][Create Order][Ready to Create Order]
2026-03-18 10:02:57.974  INFO 1 --- [io-12031-exec-1] order.service.OrderServiceImpl           : [create][Order Create Success][Order Price][OrderId:b06486a8-2686-4172-8813-e3b3a4c6d639 , Price: 0.0]
2026-03-18 10:02:58.263  INFO 1 --- [io-12031-exec-3] order.controller.OrderController         : [createNewOrder][Create Order][from shanghai to taiyuan at 1970-01-02 18:17:36]
2026-03-18 10:02:58.263  INFO 1 --- [io-12031-exec-3] order.service.OrderServiceImpl           : [create][Create Order][Ready to Create Order]
2026-03-18 10:02:58.284  INFO 1 --- [io-12031-exec-3] order.service.OrderServiceImpl           : [create][Order Create Success][Order Price][OrderId:6bb45801-4ad2-400c-8f59-2e996073ba68 , Price: 0.0]
2026-03-18 10:02:58.562  INFO 1 --- [io-12031-exec-2] order.controller.OrderController         : [createNewOrder][Create Order][from shanghai to taiyuan at 1970-01-02 18:17:36]
2026-03-18 10:02:58.562  INFO 1 --- [io-12031-exec-2] order.service.OrderServiceImpl           : [create][Create Order][Ready to Create Order]
2026-03-18 10:02:58.584  INFO 1 --- [io-12031-exec-2] order.service.OrderServiceImpl           : [create][Order Create Success][Order Price][OrderId:f0d62b62-4b12-472f-9b09-5706c54e343a , Price: 0.0]
2026-03-18 10:02:58.861  INFO 1 --- [io-12031-exec-5] order.controller.OrderController         : [createNewOrder][Create Order][from shanghai to taiyuan at 1970-01-02 18:17:36]
2026-03-18 10:02:58.862  INFO 1 --- [io-12031-exec-5] order.service.OrderServiceImpl           : [create][Create Order][Ready to Create Order]
2026-03-18 10:02:58.880  INFO 1 --- [io-12031-exec-5] order.service.OrderServiceImpl           : [create][Order Create Success][Order Price][OrderId:67f75c29-27b2-4717-8ffc-936bce66b4f6 , Price: 0.0]
2026-03-18 10:02:59.156  INFO 1 --- [io-12031-exec-4] order.controller.OrderController         : [createNewOrder][Create Order][from shanghai to taiyuan at 1970-01-02 18:17:36]
2026-03-18 10:02:59.156  INFO 1 --- [io-12031-exec-4] order.service.OrderServiceImpl           : [create][Create Order][Ready to Create Order]
2026-03-18 10:02:59.174  INFO 1 --- [io-12031-exec-4] order.service.OrderServiceImpl           : [create][Order Create Success][Order Price][OrderId:8efd2203-e4e1-42e7-8f06-840e91a18e35 , Price: 0.0]
2026-03-18 10:02:59.559  INFO 1 --- [io-12031-exec-6] order.controller.OrderController         : [createNewOrder][Create Order][from shanghai to taiyuan at 1970-01-02 18:17:36]
2026-03-18 10:02:59.559  INFO 1 --- [io-12031-exec-6] order.service.OrderServiceImpl           : [create][Create Order][Ready to Create Order]
2026-03-18 10:02:59.582  INFO 1 --- [io-12031-exec-6] order.service.OrderServiceImpl           : [create][Order Create Success][Order Price][OrderId:b1485d4a-81d6-48f6-97a6-908a585deedc , Price: 0.0]
2026-03-18 10:02:59.954  INFO 1 --- [io-12031-exec-7] order.controller.OrderController         : [createNewOrder][Create Order][from shanghai to taiyuan at 1970-01-02 18:17:36]
2026-03-18 10:02:59.954  INFO 1 --- [io-12031-exec-7] order.service.OrderServiceImpl           : [create][Create Order][Ready to Create Order]
2026-03-18 10:02:59.983  INFO 1 --- [io-12031-exec-7] order.service.OrderServiceImpl           : [create][Order Create Success][Order Price][OrderId:6f319518-77c8-4695-8f4a-2c5b439d2898 , Price: 0.0]
2026-03-18 10:03:00.264  INFO 1 --- [io-12031-exec-8] order.controller.OrderController         : [createNewOrder][Create Order][from shanghai to taiyuan at 1970-01-02 18:17:36]
2026-03-18 10:03:00.264  INFO 1 --- [io-12031-exec-8] order.service.OrderServiceImpl           : [create][Create Order][Ready to Create Order]
2026-03-18 10:03:00.285  INFO 1 --- [io-12031-exec-8] order.service.OrderServiceImpl           : [create][Order Create Success][Order Price][OrderId:4f20e9a6-0890-45b1-9403-6461c7182e80 , Price: 0.0]
2026-03-18 10:03:00.563  INFO 1 --- [o-12031-exec-10] order.controller.OrderController         : [createNewOrder][Create Order][from shanghai to taiyuan at 1970-01-02 18:17:36]
2026-03-18 10:03:00.563  INFO 1 --- [o-12031-exec-10] order.service.OrderServiceImpl           : [create][Create Order][Ready to Create Order]
2026-03-18 10:03:00.582  INFO 1 --- [o-12031-exec-10] order.service.OrderServiceImpl           : [create][Order Create Success][Order Price][OrderId:5f58bbd1-0577-4ecc-b0b5-ee7300e0a699 , Price: 0.0]
2026-03-18 10:03:00.866  INFO 1 --- [io-12031-exec-9] order.controller.OrderController         : [createNewOrder][Create Order][from shanghai to taiyuan at 1970-01-02 18:17:36]
2026-03-18 10:03:00.866  INFO 1 --- [io-12031-exec-9] order.service.OrderServiceImpl           : [create][Create Order][Ready to Create Order]
2026-03-18 10:03:00.884  INFO 1 --- [io-12031-exec-9] order.service.OrderServiceImpl           : [create][Order Create Success][Order Price][OrderId:ee5b20ca-f69c-496c-b532-79f9a3a0d9a2 , Price: 0.0]
2026-03-18 10:03:01.162  INFO 1 --- [io-12031-exec-1] order.controller.OrderController         : [createNewOrder][Create Order][from shanghai to taiyuan at 1970-01-02 18:17:36]
2026-03-18 10:03:01.163  INFO 1 --- [io-12031-exec-1] order.service.OrderServiceImpl           : [create][Create Order][Ready to Create Order]
2026-03-18 10:03:01.182  INFO 1 --- [io-12031-exec-1] order.service.OrderServiceImpl           : [create][Order Create Success][Order Price][OrderId:12c213ce-0524-44b4-93c2-52e0cc043366 , Price: 0.0]
2026-03-18 10:03:01.463  INFO 1 --- [io-12031-exec-2] order.controller.OrderController         : [createNewOrder][Create Order][from shanghai to taiyuan at 1970-01-02 18:17:36]
2026-03-18 10:03:01.463  INFO 1 --- [io-12031-exec-2] order.service.OrderServiceImpl           : [create][Create Order][Ready to Create Order]
2026-03-18 10:03:01.482  INFO 1 --- [io-12031-exec-2] order.service.OrderServiceImpl           : [create][Order Create Success][Order Price][OrderId:daff63d9-3bac-431e-810f-1c441463fadf , Price: 0.0]
2026-03-18 10:03:01.759  INFO 1 --- [io-12031-exec-5] order.controller.OrderController         : [createNewOrder][Create Order][from shanghai to taiyuan at 1970-01-02 18:17:36]
2026-03-18 10:03:01.759  INFO 1 --- [io-12031-exec-5] order.service.OrderServiceImpl           : [create][Create Order][Ready to Create Order]
2026-03-18 10:03:01.876  INFO 1 --- [io-12031-exec-5] order.service.OrderServiceImpl           : [create][Order Create Success][Order Price][OrderId:f31fdda1-8bab-4b64-821c-4af4bffedd15 , Price: 0.0]
2026-03-18 10:03:02.161  INFO 1 --- [io-12031-exec-4] order.controller.OrderController         : [createNewOrder][Create Order][from shanghai to taiyuan at 1970-01-02 18:17:36]
2026-03-18 10:03:02.161  INFO 1 --- [io-12031-exec-4] order.service.OrderServiceImpl           : [create][Create Order][Ready to Create Order]
2026-03-18 10:03:02.182  INFO 1 --- [io-12031-exec-4] order.service.OrderServiceImpl           : [create][Order Create Success][Order Price][OrderId:624c2741-c93f-46cf-9e7c-626efa61e26c , Price: 0.0]
2026-03-18 10:03:02.459  INFO 1 --- [io-12031-exec-6] order.controller.OrderController         : [createNewOrder][Create Order][from shanghai to taiyuan at 1970-01-02 18:17:36]
2026-03-18 10:03:02.459  INFO 1 --- [io-12031-exec-6] order.service.OrderServiceImpl           : [create][Create Order][Ready to Create Order]
2026-03-18 10:03:02.478  INFO 1 --- [io-12031-exec-6] order.service.OrderServiceImpl           : [create][Order Create Success][Order Price][OrderId:8f0f9ee6-3a2a-4e50-82d7-5e4a57bd4a9b , Price: 0.0]
2026-03-18 10:03:02.755  INFO 1 --- [io-12031-exec-7] order.controller.OrderController         : [createNewOrder][Create Order][from shanghai to taiyuan at 1970-01-02 18:17:36]
2026-03-18 10:03:02.755  INFO 1 --- [io-12031-exec-7] order.service.OrderServiceImpl           : [create][Create Order][Ready to Create Order]
2026-03-18 10:03:02.774  INFO 1 --- [io-12031-exec-7] order.service.OrderServiceImpl           : [create][Order Create Success][Order Price][OrderId:0bc8b943-bcd8-4bee-8c1b-0810fc2402be , Price: 0.0]
2026-03-18 10:03:03.056  INFO 1 --- [io-12031-exec-8] order.controller.OrderController         : [createNewOrder][Create Order][from shanghai to taiyuan at 1970-01-02 18:17:36]
2026-03-18 10:03:03.056  INFO 1 --- [io-12031-exec-8] order.service.OrderServiceImpl           : [create][Create Order][Ready to Create Order]
2026-03-18 10:03:03.073  INFO 1 --- [io-12031-exec-8] order.service.OrderServiceImpl           : [create][Order Create Success][Order Price][OrderId:c383fac1-50d1-4f18-a0aa-e6465949dbd0 , Price: 0.0]
2026-03-18 10:03:03.356  INFO 1 --- [o-12031-exec-10] order.controller.OrderController         : [createNewOrder][Create Order][from shanghai to taiyuan at 1970-01-02 18:17:36]
2026-03-18 10:03:03.356  INFO 1 --- [o-12031-exec-10] order.service.OrderServiceImpl           : [create][Create Order][Ready to Create Order]
2026-03-18 10:03:03.375  INFO 1 --- [o-12031-exec-10] order.service.OrderServiceImpl           : [create][Order Create Success][Order Price][OrderId:6094def0-8495-4ef5-a650-4562ec0cb464 , Price: 0.0]
2026-03-18 10:03:03.654  INFO 1 --- [io-12031-exec-9] order.controller.OrderController         : [createNewOrder][Create Order][from shanghai to taiyuan at 1970-01-02 18:17:36]
2026-03-18 10:03:03.654  INFO 1 --- [io-12031-exec-9] order.service.OrderServiceImpl           : [create][Create Order][Ready to Create Order]
2026-03-18 10:03:03.766  INFO 1 --- [io-12031-exec-9] order.service.OrderServiceImpl           : [create][Order Create Success][Order Price][OrderId:09bd1603-6345-4d14-8786-f222b6b4c0b9 , Price: 0.0]
2026-03-18 10:03:04.049  INFO 1 --- [io-12031-exec-1] order.controller.OrderController         : [createNewOrder][Create Order][from shanghai to taiyuan at 1970-01-02 18:17:36]
2026-03-18 10:03:04.049  INFO 1 --- [io-12031-exec-1] order.service.OrderServiceImpl           : [create][Create Order][Ready to Create Order]
2026-03-18 10:03:04.068  INFO 1 --- [io-12031-exec-1] order.service.OrderServiceImpl           : [create][Order Create Success][Order Price][OrderId:e69645ed-79da-4d01-845e-e26c741ef229 , Price: 0.0]
2026-03-18 10:03:04.346  INFO 1 --- [io-12031-exec-3] order.controller.OrderController         : [createNewOrder][Create Order][from shanghai to taiyuan at 1970-01-02 18:17:36]
2026-03-18 10:03:04.346  INFO 1 --- [io-12031-exec-3] order.service.OrderServiceImpl           : [create][Create Order][Ready to Create Order]
2026-03-18 10:03:04.366  INFO 1 --- [io-12031-exec-3] order.service.OrderServiceImpl           : [create][Order Create Success][Order Price][OrderId:c8279f82-c52b-40b7-a22c-5c716cffea2d , Price: 0.0]
2026-03-18 10:03:04.644  INFO 1 --- [io-12031-exec-2] order.controller.OrderController         : [createNewOrder][Create Order][from shanghai to taiyuan at 1970-01-02 18:17:36]
2026-03-18 10:03:04.644  INFO 1 --- [io-12031-exec-2] order.service.OrderServiceImpl           : [create][Create Order][Ready to Create Order]
2026-03-18 10:03:04.663  INFO 1 --- [io-12031-exec-2] order.service.OrderServiceImpl           : [create][Order Create Success][Order Price][OrderId:bbea3eb2-36f6-4959-81a4-1979d3014b7b , Price: 0.0]
2026-03-18 10:03:04.946  INFO 1 --- [io-12031-exec-5] order.controller.OrderController         : [createNewOrder][Create Order][from shanghai to taiyuan at 1970-01-02 18:17:36]
2026-03-18 10:03:04.946  INFO 1 --- [io-12031-exec-5] order.service.OrderServiceImpl           : [create][Create Order][Ready to Create Order]
2026-03-18 10:03:04.965  INFO 1 --- [io-12031-exec-5] order.service.OrderServiceImpl           : [create][Order Create Success][Order Price][OrderId:92b19a15-13a4-4dc0-b28c-8973c599d1ad , Price: 0.0]
2026-03-18 10:03:05.254  INFO 1 --- [io-12031-exec-4] order.controller.OrderController         : [createNewOrder][Create Order][from shanghai to taiyuan at 1970-01-02 18:17:36]
2026-03-18 10:03:05.254  INFO 1 --- [io-12031-exec-4] order.service.OrderServiceImpl           : [create][Create Order][Ready to Create Order]
2026-03-18 10:03:05.274  INFO 1 --- [io-12031-exec-4] order.service.OrderServiceImpl           : [create][Order Create Success][Order Price][OrderId:c1adb5eb-bba6-4a52-9c4f-01b8ad15f278 , Price: 0.0]
2026-03-18 10:03:05.556  INFO 1 --- [io-12031-exec-6] order.controller.OrderController         : [createNewOrder][Create Order][from shanghai to taiyuan at 1970-01-02 18:17:36]
2026-03-18 10:03:05.556  INFO 1 --- [io-12031-exec-6] order.service.OrderServiceImpl           : [create][Create Order][Ready to Create Order]
2026-03-18 10:03:05.586  INFO 1 --- [io-12031-exec-6] order.service.OrderServiceImpl           : [create][Order Create Success][Order Price][OrderId:ee76e79a-0487-4e62-a06e-d0c6f7e4d148 , Price: 0.0]
2026-03-18 10:03:05.859  INFO 1 --- [io-12031-exec-7] order.controller.OrderController         : [createNewOrder][Create Order][from shanghai to taiyuan at 1970-01-02 18:17:36]
2026-03-18 10:03:05.859  INFO 1 --- [io-12031-exec-7] order.service.OrderServiceImpl           : [create][Create Order][Ready to Create Order]
2026-03-18 10:03:05.877  INFO 1 --- [io-12031-exec-7] order.service.OrderServiceImpl           : [create][Order Create Success][Order Price][OrderId:66bf5eab-e040-4256-b20d-9a34dfd159f0 , Price: 0.0]
2026-03-18 10:03:06.163  INFO 1 --- [io-12031-exec-8] order.controller.OrderController         : [createNewOrder][Create Order][from shanghai to taiyuan at 1970-01-02 18:17:36]
2026-03-18 10:03:06.163  INFO 1 --- [io-12031-exec-8] order.service.OrderServiceImpl           : [create][Create Order][Ready to Create Order]
2026-03-18 10:03:06.180  INFO 1 --- [io-12031-exec-8] order.service.OrderServiceImpl           : [create][Order Create Success][Order Price][OrderId:3a05024a-6566-44ce-9063-e781af336ac4 , Price: 0.0]
2026-03-18 10:03:06.456  INFO 1 --- [o-12031-exec-10] order.controller.OrderController         : [createNewOrder][Create Order][from shanghai to taiyuan at 1970-01-02 18:17:36]
2026-03-18 10:03:06.456  INFO 1 --- [o-12031-exec-10] order.service.OrderServiceImpl           : [create][Create Order][Ready to Create Order]
2026-03-18 10:03:06.473  INFO 1 --- [o-12031-exec-10] order.service.OrderServiceImpl           : [create][Order Create Success][Order Price][OrderId:9596199b-0be7-49a6-b2ce-282b134514b6 , Price: 0.0]
2026-03-18 10:03:06.750  INFO 1 --- [io-12031-exec-9] order.controller.OrderController         : [createNewOrder][Create Order][from shanghai to taiyuan at 1970-01-02 18:17:36]
2026-03-18 10:03:06.750  INFO 1 --- [io-12031-exec-9] order.service.OrderServiceImpl           : [create][Create Order][Ready to Create Order]
2026-03-18 10:03:06.767  INFO 1 --- [io-12031-exec-9] order.service.OrderServiceImpl           : [create][Order Create Success][Order Price][OrderId:93395ccb-5fbe-42a5-bd49-6946dc9ed901 , Price: 0.0]
2026-03-18 10:03:07.041  INFO 1 --- [io-12031-exec-1] order.controller.OrderController         : [createNewOrder][Create Order][from shanghai to taiyuan at 1970-01-02 18:17:36]
2026-03-18 10:03:07.041  INFO 1 --- [io-12031-exec-1] order.service.OrderServiceImpl           : [create][Create Order][Ready to Create Order]
2026-03-18 10:03:07.060  INFO 1 --- [io-12031-exec-1] order.service.OrderServiceImpl           : [create][Order Create Success][Order Price][OrderId:d4f42297-f282-4791-963e-70b0edf3f172 , Price: 0.0]
2026-03-18 10:03:07.335  INFO 1 --- [io-12031-exec-3] order.controller.OrderController         : [createNewOrder][Create Order][from shanghai to taiyuan at 1970-01-02 18:17:36]
2026-03-18 10:03:07.335  INFO 1 --- [io-12031-exec-3] order.service.OrderServiceImpl           : [create][Create Order][Ready to Create Order]
2026-03-18 10:03:07.382  INFO 1 --- [io-12031-exec-3] order.service.OrderServiceImpl           : [create][Order Create Success][Order Price][OrderId:84288ac1-289d-4904-b23a-7aa8181f16f9 , Price: 0.0]
2026-03-18 10:03:07.659  INFO 1 --- [io-12031-exec-2] order.controller.OrderController         : [createNewOrder][Create Order][from shanghai to taiyuan at 1970-01-02 18:17:36]
2026-03-18 10:03:07.659  INFO 1 --- [io-12031-exec-2] order.service.OrderServiceImpl           : [create][Create Order][Ready to Create Order]
2026-03-18 10:03:07.677  INFO 1 --- [io-12031-exec-2] order.service.OrderServiceImpl           : [create][Order Create Success][Order Price][OrderId:905e7427-669b-4875-af52-9363e0dda1e7 , Price: 0.0]
2026-03-18 10:03:07.952  INFO 1 --- [io-12031-exec-5] order.controller.OrderController         : [createNewOrder][Create Order][from shanghai to taiyuan at 1970-01-02 18:17:36]
2026-03-18 10:03:07.952  INFO 1 --- [io-12031-exec-5] order.service.OrderServiceImpl           : [create][Create Order][Ready to Create Order]
2026-03-18 10:03:07.971  INFO 1 --- [io-12031-exec-5] order.service.OrderServiceImpl           : [create][Order Create Success][Order Price][OrderId:e70f3a2d-a753-42e1-b321-35af320e6e42 , Price: 0.0]
2026-03-18 10:03:08.252  INFO 1 --- [io-12031-exec-4] order.controller.OrderController         : [createNewOrder][Create Order][from shanghai to taiyuan at 1970-01-02 18:17:36]
2026-03-18 10:03:08.252  INFO 1 --- [io-12031-exec-4] order.service.OrderServiceImpl           : [create][Create Order][Ready to Create Order]
2026-03-18 10:03:08.270  INFO 1 --- [io-12031-exec-4] order.service.OrderServiceImpl           : [create][Order Create Success][Order Price][OrderId:4f3edf09-a940-4249-ba65-3e1ccdd2e87b , Price: 0.0]
2026-03-18 10:03:08.561  INFO 1 --- [io-12031-exec-6] order.controller.OrderController         : [createNewOrder][Create Order][from shanghai to taiyuan at 1970-01-02 18:17:36]
2026-03-18 10:03:08.561  INFO 1 --- [io-12031-exec-6] order.service.OrderServiceImpl           : [create][Create Order][Ready to Create Order]
2026-03-18 10:03:08.580  INFO 1 --- [io-12031-exec-6] order.service.OrderServiceImpl           : [create][Order Create Success][Order Price][OrderId:25ad39b4-2291-46fe-89d3-b4eaace08712 , Price: 0.0]
2026-03-18 10:03:08.864  INFO 1 --- [io-12031-exec-7] order.controller.OrderController         : [createNewOrder][Create Order][from shanghai to taiyuan at 1970-01-02 18:17:36]
2026-03-18 10:03:08.864  INFO 1 --- [io-12031-exec-7] order.service.OrderServiceImpl           : [create][Create Order][Ready to Create Order]
2026-03-18 10:03:08.882  INFO 1 --- [io-12031-exec-7] order.service.OrderServiceImpl           : [create][Order Create Success][Order Price][OrderId:dc47ade6-03c6-44f1-bb51-436d87bd40b0 , Price: 0.0]
2026-03-18 10:03:09.157  INFO 1 --- [io-12031-exec-8] order.controller.OrderController         : [createNewOrder][Create Order][from shanghai to taiyuan at 1970-01-02 18:17:36]
2026-03-18 10:03:09.157  INFO 1 --- [io-12031-exec-8] order.service.OrderServiceImpl           : [create][Create Order][Ready to Create Order]
2026-03-18 10:03:09.277  INFO 1 --- [io-12031-exec-8] order.service.OrderServiceImpl           : [create][Order Create Success][Order Price][OrderId:ab8c1c35-42c2-4b73-b902-e0cb0455881c , Price: 0.0]
2026-03-18 10:03:09.547  INFO 1 --- [o-12031-exec-10] order.controller.OrderController         : [createNewOrder][Create Order][from shanghai to taiyuan at 1970-01-02 18:17:36]
2026-03-18 10:03:09.548  INFO 1 --- [o-12031-exec-10] order.service.OrderServiceImpl           : [create][Create Order][Ready to Create Order]
2026-03-18 10:03:09.564  INFO 1 --- [o-12031-exec-10] order.service.OrderServiceImpl           : [create][Order Create Success][Order Price][OrderId:32c71d2b-9cf2-4131-9e97-b45e82eea4cc , Price: 0.0]
2026-03-18 10:03:09.842  INFO 1 --- [io-12031-exec-9] order.controller.OrderController         : [createNewOrder][Create Order][from shanghai to taiyuan at 1970-01-02 18:17:36]
2026-03-18 10:03:09.842  INFO 1 --- [io-12031-exec-9] order.service.OrderServiceImpl           : [create][Create Order][Ready to Create Order]
2026-03-18 10:03:09.862  INFO 1 --- [io-12031-exec-9] order.service.OrderServiceImpl           : [create][Order Create Success][Order Price][OrderId:ed81f5c2-c60d-4dc4-991a-deafecb18710 , Price: 0.0]
2026-03-18 10:03:10.139  INFO 1 --- [io-12031-exec-1] order.controller.OrderController         : [createNewOrder][Create Order][from shanghai to taiyuan at 1970-01-02 18:17:36]
2026-03-18 10:03:10.139  INFO 1 --- [io-12031-exec-1] order.service.OrderServiceImpl           : [create][Create Order][Ready to Create Order]
2026-03-18 10:03:10.155  INFO 1 --- [io-12031-exec-1] order.service.OrderServiceImpl           : [create][Order Create Success][Order Price][OrderId:0238f64b-7548-4358-86ae-db9077acf449 , Price: 0.0]
2026-03-18 10:03:10.434  INFO 1 --- [io-12031-exec-3] order.controller.OrderController         : [createNewOrder][Create Order][from shanghai to taiyuan at 1970-01-02 18:17:36]
2026-03-18 10:03:10.434  INFO 1 --- [io-12031-exec-3] order.service.OrderServiceImpl           : [create][Create Order][Ready to Create Order]
2026-03-18 10:03:10.453  INFO 1 --- [io-12031-exec-3] order.service.OrderServiceImpl           : [create][Order Create Success][Order Price][OrderId:0d2ff634-0243-42ad-b379-28c8cc26be71 , Price: 0.0]
2026-03-18 10:03:10.964  INFO 1 --- [io-12031-exec-2] order.controller.OrderController         : [createNewOrder][Create Order][from shanghai to taiyuan at 1970-01-02 18:17:36]
2026-03-18 10:03:10.965  INFO 1 --- [io-12031-exec-2] order.service.OrderServiceImpl           : [create][Create Order][Ready to Create Order]
2026-03-18 10:03:10.984  INFO 1 --- [io-12031-exec-2] order.service.OrderServiceImpl           : [create][Order Create Success][Order Price][OrderId:389506ec-276c-4156-8e9b-69bce9b9acac , Price: 0.0]
2026-03-18 10:03:11.259  INFO 1 --- [io-12031-exec-4] order.controller.OrderController         : [createNewOrder][Create Order][from shanghai to taiyuan at 1970-01-02 18:17:36]
2026-03-18 10:03:11.259  INFO 1 --- [io-12031-exec-4] order.service.OrderServiceImpl           : [create][Create Order][Ready to Create Order]
2026-03-18 10:03:11.382  INFO 1 --- [io-12031-exec-4] order.service.OrderServiceImpl           : [create][Order Create Success][Order Price][OrderId:c105d36e-de79-45bf-a8e6-c058ca4eb423 , Price: 0.0]
2026-03-18 10:03:11.659  INFO 1 --- [io-12031-exec-6] order.controller.OrderController         : [createNewOrder][Create Order][from shanghai to taiyuan at 1970-01-02 18:17:36]
2026-03-18 10:03:11.659  INFO 1 --- [io-12031-exec-6] order.service.OrderServiceImpl           : [create][Create Order][Ready to Create Order]
2026-03-18 10:03:11.676  INFO 1 --- [io-12031-exec-6] order.service.OrderServiceImpl           : [create][Order Create Success][Order Price][OrderId:498e2a75-b4d0-4dcc-af1a-52a356ba4cca , Price: 0.0]
2026-03-18 10:03:11.955  INFO 1 --- [io-12031-exec-7] order.controller.OrderController         : [createNewOrder][Create Order][from shanghai to taiyuan at 1970-01-02 18:17:36]
2026-03-18 10:03:11.956  INFO 1 --- [io-12031-exec-7] order.service.OrderServiceImpl           : [create][Create Order][Ready to Create Order]
2026-03-18 10:03:11.974  INFO 1 --- [io-12031-exec-7] order.service.OrderServiceImpl           : [create][Order Create Success][Order Price][OrderId:d3bc2f7b-02c3-405b-987b-b89209bcc642 , Price: 0.0]
2026-03-18 10:03:12.253  INFO 1 --- [io-12031-exec-8] order.controller.OrderController         : [createNewOrder][Create Order][from shanghai to taiyuan at 1970-01-02 18:17:36]
2026-03-18 10:03:12.253  INFO 1 --- [io-12031-exec-8] order.service.OrderServiceImpl           : [create][Create Order][Ready to Create Order]
2026-03-18 10:03:12.272  INFO 1 --- [io-12031-exec-8] order.service.OrderServiceImpl           : [create][Order Create Success][Order Price][OrderId:f194f3dc-7550-49db-88ca-5763daf5cacd , Price: 0.0]
2026-03-18 10:03:12.552  INFO 1 --- [o-12031-exec-10] order.controller.OrderController         : [createNewOrder][Create Order][from shanghai to taiyuan at 1970-01-02 18:17:36]
2026-03-18 10:03:12.552  INFO 1 --- [o-12031-exec-10] order.service.OrderServiceImpl           : [create][Create Order][Ready to Create Order]
2026-03-18 10:03:12.570  INFO 1 --- [o-12031-exec-10] order.service.OrderServiceImpl           : [create][Order Create Success][Order Price][OrderId:167b4043-a4ab-49d3-ab30-848a284eadd9 , Price: 0.0]
2026-03-18 10:03:12.849  INFO 1 --- [io-12031-exec-9] order.controller.OrderController         : [createNewOrder][Create Order][from shanghai to taiyuan at 1970-01-02 18:17:36]
2026-03-18 10:03:12.849  INFO 1 --- [io-12031-exec-9] order.service.OrderServiceImpl           : [create][Create Order][Ready to Create Order]
2026-03-18 10:03:12.868  INFO 1 --- [io-12031-exec-9] order.service.OrderServiceImpl           : [create][Order Create Success][Order Price][OrderId:aa0a2046-462f-4d48-bdd4-8c987a53cda5 , Price: 0.0]
2026-03-18 10:03:13.143  INFO 1 --- [io-12031-exec-1] order.controller.OrderController         : [createNewOrder][Create Order][from shanghai to taiyuan at 1970-01-02 18:17:36]
2026-03-18 10:03:13.143  INFO 1 --- [io-12031-exec-1] order.service.OrderServiceImpl           : [create][Create Order][Ready to Create Order]
2026-03-18 10:03:13.176  INFO 1 --- [io-12031-exec-1] order.service.OrderServiceImpl           : [create][Order Create Success][Order Price][OrderId:a0f8ec32-11fc-452c-959c-a6bc24d47e95 , Price: 0.0]
2026-03-18 10:03:13.462  INFO 1 --- [io-12031-exec-3] order.controller.OrderController         : [createNewOrder][Create Order][from shanghai to taiyuan at 1970-01-02 18:17:36]
2026-03-18 10:03:13.462  INFO 1 --- [io-12031-exec-3] order.service.OrderServiceImpl           : [create][Create Order][Ready to Create Order]
2026-03-18 10:03:13.482  INFO 1 --- [io-12031-exec-3] order.service.OrderServiceImpl           : [create][Order Create Success][Order Price][OrderId:f034b5a3-3eb8-4aa7-96d4-aa9ac4d1ba15 , Price: 0.0]
2026-03-18 10:03:13.758  INFO 1 --- [io-12031-exec-2] order.controller.OrderController         : [createNewOrder][Create Order][from shanghai to taiyuan at 1970-01-02 18:17:36]
2026-03-18 10:03:13.759  INFO 1 --- [io-12031-exec-2] order.service.OrderServiceImpl           : [create][Create Order][Ready to Create Order]
2026-03-18 10:03:13.778  INFO 1 --- [io-12031-exec-2] order.service.OrderServiceImpl           : [create][Order Create Success][Order Price][OrderId:4a72d50b-c596-4ec1-9c7b-ea9ae7001fb2 , Price: 0.0]
2026-03-18 10:03:14.050  INFO 1 --- [io-12031-exec-5] order.controller.OrderController         : [createNewOrder][Create Order][from shanghai to taiyuan at 1970-01-02 18:17:36]
2026-03-18 10:03:14.050  INFO 1 --- [io-12031-exec-5] order.service.OrderServiceImpl           : [create][Create Order][Ready to Create Order]
2026-03-18 10:03:14.068  INFO 1 --- [io-12031-exec-5] order.service.OrderServiceImpl           : [create][Order Create Success][Order Price][OrderId:892e4fc5-a195-4881-b66d-0f84389e98a2 , Price: 0.0]
2026-03-18 10:03:14.344  INFO 1 --- [io-12031-exec-4] order.controller.OrderController         : [createNewOrder][Create Order][from shanghai to taiyuan at 1970-01-02 18:17:36]
2026-03-18 10:03:14.344  INFO 1 --- [io-12031-exec-4] order.service.OrderServiceImpl           : [create][Create Order][Ready to Create Order]
2026-03-18 10:03:14.366  INFO 1 --- [io-12031-exec-4] order.service.OrderServiceImpl           : [create][Order Create Success][Order Price][OrderId:8e07f83c-5e1f-43b7-b32b-1037a93852c0 , Price: 0.0]
2026-03-18 10:03:14.646  INFO 1 --- [io-12031-exec-6] order.controller.OrderController         : [createNewOrder][Create Order][from shanghai to taiyuan at 1970-01-02 18:17:36]
2026-03-18 10:03:14.646  INFO 1 --- [io-12031-exec-6] order.service.OrderServiceImpl           : [create][Create Order][Ready to Create Order]
2026-03-18 10:03:14.665  INFO 1 --- [io-12031-exec-6] order.service.OrderServiceImpl           : [create][Order Create Success][Order Price][OrderId:4a92cd91-27cd-4833-a063-6c10ec6af1a4 , Price: 0.0]
2026-03-18 10:03:14.942  INFO 1 --- [io-12031-exec-7] order.controller.OrderController         : [createNewOrder][Create Order][from shanghai to taiyuan at 1970-01-02 18:17:36]
2026-03-18 10:03:14.942  INFO 1 --- [io-12031-exec-7] order.service.OrderServiceImpl           : [create][Create Order][Ready to Create Order]
2026-03-18 10:03:15.072  INFO 1 --- [io-12031-exec-7] order.service.OrderServiceImpl           : [create][Order Create Success][Order Price][OrderId:c33f951f-16e7-4385-858c-dc45d466b6b5 , Price: 0.0]
2026-03-18 10:03:15.342  INFO 1 --- [io-12031-exec-8] order.controller.OrderController         : [createNewOrder][Create Order][from shanghai to taiyuan at 1970-01-02 18:17:36]
2026-03-18 10:03:15.342  INFO 1 --- [io-12031-exec-8] order.service.OrderServiceImpl           : [create][Create Order][Ready to Create Order]
2026-03-18 10:03:15.362  INFO 1 --- [io-12031-exec-8] order.service.OrderServiceImpl           : [create][Order Create Success][Order Price][OrderId:73baabff-0f20-4669-a87f-3694eea4eacf , Price: 0.0]
2026-03-18 10:03:15.647  INFO 1 --- [o-12031-exec-10] order.controller.OrderController         : [createNewOrder][Create Order][from shanghai to taiyuan at 1970-01-02 18:17:36]
2026-03-18 10:03:15.647  INFO 1 --- [o-12031-exec-10] order.service.OrderServiceImpl           : [create][Create Order][Ready to Create Order]
2026-03-18 10:03:15.666  INFO 1 --- [o-12031-exec-10] order.service.OrderServiceImpl           : [create][Order Create Success][Order Price][OrderId:057b635d-4e22-401b-8617-96021959aed4 , Price: 0.0]
2026-03-18 10:03:15.938  INFO 1 --- [io-12031-exec-9] order.controller.OrderController         : [createNewOrder][Create Order][from shanghai to taiyuan at 1970-01-02 18:17:36]
2026-03-18 10:03:15.938  INFO 1 --- [io-12031-exec-9] order.service.OrderServiceImpl           : [create][Create Order][Ready to Create Order]
2026-03-18 10:03:15.956  INFO 1 --- [io-12031-exec-9] order.service.OrderServiceImpl           : [create][Order Create Success][Order Price][OrderId:ccbb8f4d-e366-49b7-b513-bbbaffb21a15 , Price: 0.0]
2026-03-18 10:03:16.236  INFO 1 --- [io-12031-exec-1] order.controller.OrderController         : [createNewOrder][Create Order][from shanghai to taiyuan at 1970-01-02 18:17:36]
2026-03-18 10:03:16.236  INFO 1 --- [io-12031-exec-1] order.service.OrderServiceImpl           : [create][Create Order][Ready to Create Order]
2026-03-18 10:03:16.254  INFO 1 --- [io-12031-exec-1] order.service.OrderServiceImpl           : [create][Order Create Success][Order Price][OrderId:cfcbcf01-eb2e-467b-b92d-d44e8ba17361 , Price: 0.0]
2026-03-18 10:03:16.539  INFO 1 --- [io-12031-exec-3] order.controller.OrderController         : [createNewOrder][Create Order][from shanghai to taiyuan at 1970-01-02 18:17:36]
2026-03-18 10:03:16.539  INFO 1 --- [io-12031-exec-3] order.service.OrderServiceImpl           : [create][Create Order][Ready to Create Order]
2026-03-18 10:03:16.561  INFO 1 --- [io-12031-exec-3] order.service.OrderServiceImpl           : [create][Order Create Success][Order Price][OrderId:0209d6b1-6bcd-412e-8aa0-ec19784d1347 , Price: 0.0]
2026-03-18 10:03:16.840  INFO 1 --- [io-12031-exec-2] order.controller.OrderController         : [createNewOrder][Create Order][from shanghai to taiyuan at 1970-01-02 18:17:36]
2026-03-18 10:03:16.840  INFO 1 --- [io-12031-exec-2] order.service.OrderServiceImpl           : [create][Create Order][Ready to Create Order]
2026-03-18 10:03:16.991  INFO 1 --- [io-12031-exec-2] order.service.OrderServiceImpl           : [create][Order Create Success][Order Price][OrderId:ea878c06-7cec-4a5d-8a2e-a5d7773c2ed6 , Price: 0.0]
2026-03-18 10:03:17.252  INFO 1 --- [io-12031-exec-5] order.controller.OrderController         : [createNewOrder][Create Order][from shanghai to taiyuan at 1970-01-02 18:17:36]
2026-03-18 10:03:17.252  INFO 1 --- [io-12031-exec-5] order.service.OrderServiceImpl           : [create][Create Order][Ready to Create Order]
2026-03-18 10:03:17.271  INFO 1 --- [io-12031-exec-5] order.service.OrderServiceImpl           : [create][Order Create Success][Order Price][OrderId:6da7c263-3e93-4fbe-ab4e-c5b9929cc5ed , Price: 0.0]
2026-03-18 10:03:17.552  INFO 1 --- [io-12031-exec-4] order.controller.OrderController         : [createNewOrder][Create Order][from shanghai to taiyuan at 1970-01-02 18:17:36]
2026-03-18 10:03:17.552  INFO 1 --- [io-12031-exec-4] order.service.OrderServiceImpl           : [create][Create Order][Ready to Create Order]
2026-03-18 10:03:17.570  INFO 1 --- [io-12031-exec-4] order.service.OrderServiceImpl           : [create][Order Create Success][Order Price][OrderId:ab88ed9c-fa63-40f6-96c1-a2a438bb1315 , Price: 0.0]
2026-03-18 10:03:17.841  INFO 1 --- [io-12031-exec-6] order.controller.OrderController         : [createNewOrder][Create Order][from shanghai to taiyuan at 1970-01-02 18:17:36]
2026-03-18 10:03:17.841  INFO 1 --- [io-12031-exec-6] order.service.OrderServiceImpl           : [create][Create Order][Ready to Create Order]
2026-03-18 10:03:17.861  INFO 1 --- [io-12031-exec-6] order.service.OrderServiceImpl           : [create][Order Create Success][Order Price][OrderId:42ae8012-62a1-473e-9afe-43acdcba724c , Price: 0.0]
2026-03-18 10:03:18.140  INFO 1 --- [io-12031-exec-7] order.controller.OrderController         : [createNewOrder][Create Order][from shanghai to taiyuan at 1970-01-02 18:17:36]
2026-03-18 10:03:18.140  INFO 1 --- [io-12031-exec-7] order.service.OrderServiceImpl           : [create][Create Order][Ready to Create Order]
2026-03-18 10:03:18.156  INFO 1 --- [io-12031-exec-7] order.service.OrderServiceImpl           : [create][Order Create Success][Order Price][OrderId:ae50bc82-74bd-4834-be74-b55364ca3464 , Price: 0.0]
2026-03-18 10:03:18.451  INFO 1 --- [io-12031-exec-8] order.controller.OrderController         : [createNewOrder][Create Order][from shanghai to taiyuan at 1970-01-02 18:17:36]
2026-03-18 10:03:18.451  INFO 1 --- [io-12031-exec-8] order.service.OrderServiceImpl           : [create][Create Order][Ready to Create Order]
2026-03-18 10:03:18.473  INFO 1 --- [io-12031-exec-8] order.service.OrderServiceImpl           : [create][Order Create Success][Order Price][OrderId:2d541749-baff-4cbf-9680-37ca7d0b70d8 , Price: 0.0]
2026-03-18 10:03:18.752  INFO 1 --- [o-12031-exec-10] order.controller.OrderController         : [createNewOrder][Create Order][from shanghai to taiyuan at 1970-01-02 18:17:36]
2026-03-18 10:03:18.752  INFO 1 --- [o-12031-exec-10] order.service.OrderServiceImpl           : [create][Create Order][Ready to Create Order]
2026-03-18 10:03:18.873  INFO 1 --- [o-12031-exec-10] order.service.OrderServiceImpl           : [create][Order Create Success][Order Price][OrderId:d273474f-101e-4dc4-89d8-3dfb4b89da96 , Price: 0.0]
2026-03-18 10:03:19.162  INFO 1 --- [io-12031-exec-9] order.controller.OrderController         : [createNewOrder][Create Order][from shanghai to taiyuan at 1970-01-02 18:17:36]
2026-03-18 10:03:19.162  INFO 1 --- [io-12031-exec-9] order.service.OrderServiceImpl           : [create][Create Order][Ready to Create Order]
2026-03-18 10:03:19.181  INFO 1 --- [io-12031-exec-9] order.service.OrderServiceImpl           : [create][Order Create Success][Order Price][OrderId:12abeb44-4387-4fe4-9cb3-d47307caae16 , Price: 0.0]
2026-03-18 10:03:19.456  INFO 1 --- [io-12031-exec-1] order.controller.OrderController         : [createNewOrder][Create Order][from shanghai to taiyuan at 1970-01-02 18:17:36]
2026-03-18 10:03:19.456  INFO 1 --- [io-12031-exec-1] order.service.OrderServiceImpl           : [create][Create Order][Ready to Create Order]
2026-03-18 10:03:19.475  INFO 1 --- [io-12031-exec-1] order.service.OrderServiceImpl           : [create][Order Create Success][Order Price][OrderId:4aa0b131-ca20-4fa6-b04a-51402c752e8c , Price: 0.0]
2026-03-18 10:03:19.748  INFO 1 --- [io-12031-exec-3] order.controller.OrderController         : [createNewOrder][Create Order][from shanghai to taiyuan at 1970-01-02 18:17:36]
2026-03-18 10:03:19.748  INFO 1 --- [io-12031-exec-3] order.service.OrderServiceImpl           : [create][Create Order][Ready to Create Order]
2026-03-18 10:03:19.766  INFO 1 --- [io-12031-exec-3] order.service.OrderServiceImpl           : [create][Order Create Success][Order Price][OrderId:bfaae016-286b-419e-a483-9c626748c49a , Price: 0.0]
2026-03-18 10:03:20.043  INFO 1 --- [io-12031-exec-2] order.controller.OrderController         : [createNewOrder][Create Order][from shanghai to taiyuan at 1970-01-02 18:17:36]
2026-03-18 10:03:20.044  INFO 1 --- [io-12031-exec-2] order.service.OrderServiceImpl           : [create][Create Order][Ready to Create Order]
2026-03-18 10:03:20.063  INFO 1 --- [io-12031-exec-2] order.service.OrderServiceImpl           : [create][Order Create Success][Order Price][OrderId:7b177008-fb6c-40e2-8551-d55b54244efd , Price: 0.0]
2026-03-18 10:03:20.343  INFO 1 --- [io-12031-exec-5] order.controller.OrderController         : [createNewOrder][Create Order][from shanghai to taiyuan at 1970-01-02 18:17:36]
2026-03-18 10:03:20.343  INFO 1 --- [io-12031-exec-5] order.service.OrderServiceImpl           : [create][Create Order][Ready to Create Order]
2026-03-18 10:03:20.369  INFO 1 --- [io-12031-exec-5] order.service.OrderServiceImpl           : [create][Order Create Success][Order Price][OrderId:dd640993-e2c2-44e2-8b62-fac004e691ec , Price: 0.0]
2026-03-18 10:03:20.653  INFO 1 --- [io-12031-exec-4] order.controller.OrderController         : [createNewOrder][Create Order][from shanghai to taiyuan at 1970-01-02 18:17:36]
2026-03-18 10:03:20.653  INFO 1 --- [io-12031-exec-4] order.service.OrderServiceImpl           : [create][Create Order][Ready to Create Order]
2026-03-18 10:03:20.773  INFO 1 --- [io-12031-exec-4] order.service.OrderServiceImpl           : [create][Order Create Success][Order Price][OrderId:da328c9b-2d33-4df2-9ecc-eb77afd1c5d8 , Price: 0.0]
2026-03-18 10:03:21.055  INFO 1 --- [io-12031-exec-6] order.controller.OrderController         : [createNewOrder][Create Order][from shanghai to taiyuan at 1970-01-02 18:17:36]
2026-03-18 10:03:21.055  INFO 1 --- [io-12031-exec-6] order.service.OrderServiceImpl           : [create][Create Order][Ready to Create Order]
2026-03-18 10:03:21.073  INFO 1 --- [io-12031-exec-6] order.service.OrderServiceImpl           : [create][Order Create Success][Order Price][OrderId:9287c87a-f57c-4ad8-937c-0a3ed92198b1 , Price: 0.0]
2026-03-18 10:03:21.349  INFO 1 --- [io-12031-exec-8] order.controller.OrderController         : [createNewOrder][Create Order][from shanghai to taiyuan at 1970-01-02 18:17:36]
2026-03-18 10:03:21.349  INFO 1 --- [io-12031-exec-8] order.service.OrderServiceImpl           : [create][Create Order][Ready to Create Order]
2026-03-18 10:03:21.368  INFO 1 --- [io-12031-exec-8] order.service.OrderServiceImpl           : [create][Order Create Success][Order Price][OrderId:00b08184-aafb-4231-8588-69b39722c787 , Price: 0.0]
2026-03-18 10:03:21.650  INFO 1 --- [o-12031-exec-10] order.controller.OrderController         : [createNewOrder][Create Order][from shanghai to taiyuan at 1970-01-02 18:17:36]
2026-03-18 10:03:21.650  INFO 1 --- [o-12031-exec-10] order.service.OrderServiceImpl           : [create][Create Order][Ready to Create Order]
2026-03-18 10:03:21.669  INFO 1 --- [o-12031-exec-10] order.service.OrderServiceImpl           : [create][Order Create Success][Order Price][OrderId:af0c0d06-9c50-4ca2-a14a-d9382687a12d , Price: 0.0]
2026-03-18 10:03:21.942  INFO 1 --- [io-12031-exec-9] order.controller.OrderController         : [createNewOrder][Create Order][from shanghai to taiyuan at 1970-01-02 18:17:36]
2026-03-18 10:03:21.942  INFO 1 --- [io-12031-exec-9] order.service.OrderServiceImpl           : [create][Create Order][Ready to Create Order]
2026-03-18 10:03:21.961  INFO 1 --- [io-12031-exec-9] order.service.OrderServiceImpl           : [create][Order Create Success][Order Price][OrderId:7c24e1a8-ea6c-4114-b1b3-89af405bcf7d , Price: 0.0]
2026-03-18 10:03:22.247  INFO 1 --- [io-12031-exec-1] order.controller.OrderController         : [createNewOrder][Create Order][from shanghai to taiyuan at 1970-01-02 18:17:36]
2026-03-18 10:03:22.247  INFO 1 --- [io-12031-exec-1] order.service.OrderServiceImpl           : [create][Create Order][Ready to Create Order]
2026-03-18 10:03:22.279  INFO 1 --- [io-12031-exec-1] order.service.OrderServiceImpl           : [create][Order Create Success][Order Price][OrderId:cbb8ea05-ce5e-457a-90e6-74665660e268 , Price: 0.0]
2026-03-18 10:03:22.564  INFO 1 --- [io-12031-exec-3] order.controller.OrderController         : [createNewOrder][Create Order][from shanghai to taiyuan at 1970-01-02 18:17:36]
2026-03-18 10:03:22.564  INFO 1 --- [io-12031-exec-3] order.service.OrderServiceImpl           : [create][Create Order][Ready to Create Order]
2026-03-18 10:03:22.583  INFO 1 --- [io-12031-exec-3] order.service.OrderServiceImpl           : [create][Order Create Success][Order Price][OrderId:71972c60-af13-4be0-a633-5b740b82fcde , Price: 0.0]
2026-03-18 10:03:22.859  INFO 1 --- [io-12031-exec-2] order.controller.OrderController         : [createNewOrder][Create Order][from shanghai to taiyuan at 1970-01-02 18:17:36]
2026-03-18 10:03:22.859  INFO 1 --- [io-12031-exec-2] order.service.OrderServiceImpl           : [create][Create Order][Ready to Create Order]
2026-03-18 10:03:22.877  INFO 1 --- [io-12031-exec-2] order.service.OrderServiceImpl           : [create][Order Create Success][Order Price][OrderId:d1029110-234c-478c-867c-f92a8efc1d77 , Price: 0.0]
2026-03-18 10:03:23.158  INFO 1 --- [io-12031-exec-5] order.controller.OrderController         : [createNewOrder][Create Order][from shanghai to taiyuan at 1970-01-02 18:17:36]
2026-03-18 10:03:23.158  INFO 1 --- [io-12031-exec-5] order.service.OrderServiceImpl           : [create][Create Order][Ready to Create Order]
2026-03-18 10:03:23.177  INFO 1 --- [io-12031-exec-5] order.service.OrderServiceImpl           : [create][Order Create Success][Order Price][OrderId:ad77d876-55d9-40ff-92ee-d178975cc719 , Price: 0.0]
2026-03-18 10:03:23.461  INFO 1 --- [io-12031-exec-4] order.controller.OrderController         : [createNewOrder][Create Order][from shanghai to taiyuan at 1970-01-02 18:17:36]
2026-03-18 10:03:23.461  INFO 1 --- [io-12031-exec-4] order.service.OrderServiceImpl           : [create][Create Order][Ready to Create Order]
2026-03-18 10:03:23.477  INFO 1 --- [io-12031-exec-4] order.service.OrderServiceImpl           : [create][Order Create Success][Order Price][OrderId:a1def93b-481f-4a60-a80d-a1370f41415f , Price: 0.0]
2026-03-18 10:03:23.759  INFO 1 --- [io-12031-exec-6] order.controller.OrderController         : [createNewOrder][Create Order][from shanghai to taiyuan at 1970-01-02 18:17:36]
2026-03-18 10:03:23.759  INFO 1 --- [io-12031-exec-6] order.service.OrderServiceImpl           : [create][Create Order][Ready to Create Order]
2026-03-18 10:03:23.777  INFO 1 --- [io-12031-exec-6] order.service.OrderServiceImpl           : [create][Order Create Success][Order Price][OrderId:eb420b77-1b8d-4640-b0cc-96824950b8db , Price: 0.0]
2026-03-18 10:03:24.057  INFO 1 --- [io-12031-exec-7] order.controller.OrderController         : [createNewOrder][Create Order][from shanghai to taiyuan at 1970-01-02 18:17:36]
2026-03-18 10:03:24.057  INFO 1 --- [io-12031-exec-7] order.service.OrderServiceImpl           : [create][Create Order][Ready to Create Order]
2026-03-18 10:03:24.187  INFO 1 --- [io-12031-exec-7] order.service.OrderServiceImpl           : [create][Order Create Success][Order Price][OrderId:d0dee120-5445-4d52-a052-68c5d637ffe1 , Price: 0.0]
2026-03-18 10:03:24.462  INFO 1 --- [io-12031-exec-8] order.controller.OrderController         : [createNewOrder][Create Order][from shanghai to taiyuan at 1970-01-02 18:17:36]
2026-03-18 10:03:24.462  INFO 1 --- [io-12031-exec-8] order.service.OrderServiceImpl           : [create][Create Order][Ready to Create Order]
2026-03-18 10:03:24.481  INFO 1 --- [io-12031-exec-8] order.service.OrderServiceImpl           : [create][Order Create Success][Order Price][OrderId:075fea65-4ebc-483b-bbfe-2a4a36937015 , Price: 0.0]
2026-03-18 10:03:24.760  INFO 1 --- [o-12031-exec-10] order.controller.OrderController         : [createNewOrder][Create Order][from shanghai to taiyuan at 1970-01-02 18:17:36]
2026-03-18 10:03:24.760  INFO 1 --- [o-12031-exec-10] order.service.OrderServiceImpl           : [create][Create Order][Ready to Create Order]
2026-03-18 10:03:24.779  INFO 1 --- [o-12031-exec-10] order.service.OrderServiceImpl           : [create][Order Create Success][Order Price][OrderId:df35e15c-d1d4-48a5-b7c9-a220d6f0ff64 , Price: 0.0]
2026-03-18 10:03:25.067  INFO 1 --- [io-12031-exec-9] order.controller.OrderController         : [createNewOrder][Create Order][from shanghai to taiyuan at 1970-01-02 18:17:36]
2026-03-18 10:03:25.067  INFO 1 --- [io-12031-exec-9] order.service.OrderServiceImpl           : [create][Create Order][Ready to Create Order]
2026-03-18 10:03:25.086  INFO 1 --- [io-12031-exec-9] order.service.OrderServiceImpl           : [create][Order Create Success][Order Price][OrderId:88afd4d6-fb06-4b6f-93a4-7a90232998a0 , Price: 0.0]
2026-03-18 10:03:25.368  INFO 1 --- [io-12031-exec-1] order.controller.OrderController         : [createNewOrder][Create Order][from shanghai to taiyuan at 1970-01-02 18:17:36]
2026-03-18 10:03:25.368  INFO 1 --- [io-12031-exec-1] order.service.OrderServiceImpl           : [create][Create Order][Ready to Create Order]
2026-03-18 10:03:25.388  INFO 1 --- [io-12031-exec-1] order.service.OrderServiceImpl           : [create][Order Create Success][Order Price][OrderId:c2fe978e-b5b9-46ad-b757-a145a9519109 , Price: 0.0]
2026-03-18 10:03:25.663  INFO 1 --- [io-12031-exec-3] order.controller.OrderController         : [createNewOrder][Create Order][from shanghai to taiyuan at 1970-01-02 18:17:36]
2026-03-18 10:03:25.663  INFO 1 --- [io-12031-exec-3] order.service.OrderServiceImpl           : [create][Create Order][Ready to Create Order]
2026-03-18 10:03:25.682  INFO 1 --- [io-12031-exec-3] order.service.OrderServiceImpl           : [create][Order Create Success][Order Price][OrderId:a29b2ba7-e257-401c-9c21-007318f921c5 , Price: 0.0]
2026-03-18 10:03:25.958  INFO 1 --- [io-12031-exec-2] order.controller.OrderController         : [createNewOrder][Create Order][from shanghai to taiyuan at 1970-01-02 18:17:36]
2026-03-18 10:03:25.959  INFO 1 --- [io-12031-exec-2] order.service.OrderServiceImpl           : [create][Create Order][Ready to Create Order]
2026-03-18 10:03:26.187  INFO 1 --- [io-12031-exec-2] order.service.OrderServiceImpl           : [create][Order Create Success][Order Price][OrderId:960d0b17-3377-4c38-9907-4ca39f0bb620 , Price: 0.0]
2026-03-18 10:03:26.464  INFO 1 --- [io-12031-exec-5] order.controller.OrderController         : [createNewOrder][Create Order][from shanghai to taiyuan at 1970-01-02 18:17:36]
2026-03-18 10:03:26.464  INFO 1 --- [io-12031-exec-5] order.service.OrderServiceImpl           : [create][Create Order][Ready to Create Order]
2026-03-18 10:03:26.484  INFO 1 --- [io-12031-exec-5] order.service.OrderServiceImpl           : [create][Order Create Success][Order Price][OrderId:e208fa48-0435-459c-b2ad-903edce76e08 , Price: 0.0]
2026-03-18 10:03:26.761  INFO 1 --- [io-12031-exec-4] order.controller.OrderController         : [createNewOrder][Create Order][from shanghai to taiyuan at 1970-01-02 18:17:36]
2026-03-18 10:03:26.761  INFO 1 --- [io-12031-exec-4] order.service.OrderServiceImpl           : [create][Create Order][Ready to Create Order]
2026-03-18 10:03:26.780  INFO 1 --- [io-12031-exec-4] order.service.OrderServiceImpl           : [create][Order Create Success][Order Price][OrderId:0d762a76-f80a-44fb-be3c-ead82fe1b1fe , Price: 0.0]
2026-03-18 10:03:27.051  INFO 1 --- [io-12031-exec-6] order.controller.OrderController         : [createNewOrder][Create Order][from shanghai to taiyuan at 1970-01-02 18:17:36]
2026-03-18 10:03:27.051  INFO 1 --- [io-12031-exec-6] order.service.OrderServiceImpl           : [create][Create Order][Ready to Create Order]
2026-03-18 10:03:27.069  INFO 1 --- [io-12031-exec-6] order.service.OrderServiceImpl           : [create][Order Create Success][Order Price][OrderId:113d2476-7cdd-4f8d-ad46-d44eda5670ca , Price: 0.0]
2026-03-18 10:03:27.343  INFO 1 --- [io-12031-exec-7] order.controller.OrderController         : [createNewOrder][Create Order][from shanghai to taiyuan at 1970-01-02 18:17:36]
2026-03-18 10:03:27.343  INFO 1 --- [io-12031-exec-7] order.service.OrderServiceImpl           : [create][Create Order][Ready to Create Order]
2026-03-18 10:03:27.361  INFO 1 --- [io-12031-exec-7] order.service.OrderServiceImpl           : [create][Order Create Success][Order Price][OrderId:b6913864-5c79-4d8b-9d97-4f62f2eddc4e , Price: 0.0]
2026-03-18 10:03:27.652  INFO 1 --- [io-12031-exec-8] order.controller.OrderController         : [createNewOrder][Create Order][from shanghai to taiyuan at 1970-01-02 18:17:36]
2026-03-18 10:03:27.652  INFO 1 --- [io-12031-exec-8] order.service.OrderServiceImpl           : [create][Create Order][Ready to Create Order]
2026-03-18 10:03:27.671  INFO 1 --- [io-12031-exec-8] order.service.OrderServiceImpl           : [create][Order Create Success][Order Price][OrderId:2d56914c-41b7-4eed-9366-fec8b50f5521 , Price: 0.0]
2026-03-18 10:03:27.957  INFO 1 --- [o-12031-exec-10] order.controller.OrderController         : [createNewOrder][Create Order][from shanghai to taiyuan at 1970-01-02 18:17:36]
2026-03-18 10:03:27.957  INFO 1 --- [o-12031-exec-10] order.service.OrderServiceImpl           : [create][Create Order][Ready to Create Order]
2026-03-18 10:03:27.982  INFO 1 --- [o-12031-exec-10] order.service.OrderServiceImpl           : [create][Order Create Success][Order Price][OrderId:eaaf8eab-8225-4ba0-a6ec-22124224abe6 , Price: 0.0]
2026-03-18 10:03:28.261  INFO 1 --- [io-12031-exec-9] order.controller.OrderController         : [createNewOrder][Create Order][from shanghai to taiyuan at 1970-01-02 18:17:36]
2026-03-18 10:03:28.261  INFO 1 --- [io-12031-exec-9] order.service.OrderServiceImpl           : [create][Create Order][Ready to Create Order]
2026-03-18 10:03:28.282  INFO 1 --- [io-12031-exec-9] order.service.OrderServiceImpl           : [create][Order Create Success][Order Price][OrderId:f5fdfe0e-9d4f-426f-8d99-89ae03146842 , Price: 0.0]
2026-03-18 10:03:28.562  INFO 1 --- [io-12031-exec-1] order.controller.OrderController         : [createNewOrder][Create Order][from shanghai to taiyuan at 1970-01-02 18:17:36]
2026-03-18 10:03:28.562  INFO 1 --- [io-12031-exec-1] order.service.OrderServiceImpl           : [create][Create Order][Ready to Create Order]
2026-03-18 10:03:28.585  INFO 1 --- [io-12031-exec-1] order.service.OrderServiceImpl           : [create][Order Create Success][Order Price][OrderId:bf44f406-b5c8-40e3-9b54-2b6e79a86f64 , Price: 0.0]
2026-03-18 10:03:28.863  INFO 1 --- [io-12031-exec-3] order.controller.OrderController         : [createNewOrder][Create Order][from shanghai to taiyuan at 1970-01-02 18:17:36]
2026-03-18 10:03:28.864  INFO 1 --- [io-12031-exec-3] order.service.OrderServiceImpl           : [create][Create Order][Ready to Create Order]
2026-03-18 10:03:28.881  INFO 1 --- [io-12031-exec-3] order.service.OrderServiceImpl           : [create][Order Create Success][Order Price][OrderId:8b640cbf-1398-4edd-8dc6-2b3ab1a02d13 , Price: 0.0]
2026-03-18 10:03:29.235  INFO 1 --- [io-12031-exec-2] order.controller.OrderController         : [createNewOrder][Create Order][from shanghai to taiyuan at 1970-01-02 18:17:36]
2026-03-18 10:03:29.235  INFO 1 --- [io-12031-exec-2] order.service.OrderServiceImpl           : [create][Create Order][Ready to Create Order]
2026-03-18 10:03:29.253  INFO 1 --- [io-12031-exec-2] order.service.OrderServiceImpl           : [create][Order Create Success][Order Price][OrderId:900b34e9-c9f6-4b2a-a462-99c96f906dc7 , Price: 0.0]
2026-03-18 10:03:29.538  INFO 1 --- [io-12031-exec-5] order.controller.OrderController         : [createNewOrder][Create Order][from shanghai to taiyuan at 1970-01-02 18:17:36]
2026-03-18 10:03:29.538  INFO 1 --- [io-12031-exec-5] order.service.OrderServiceImpl           : [create][Create Order][Ready to Create Order]
2026-03-18 10:03:29.556  INFO 1 --- [io-12031-exec-5] order.service.OrderServiceImpl           : [create][Order Create Success][Order Price][OrderId:dcda7dad-6798-45d4-8066-8402ebbfd799 , Price: 0.0]
2026-03-18 10:03:29.837  INFO 1 --- [io-12031-exec-4] order.controller.OrderController         : [createNewOrder][Create Order][from shanghai to taiyuan at 1970-01-02 18:17:36]
2026-03-18 10:03:29.837  INFO 1 --- [io-12031-exec-4] order.service.OrderServiceImpl           : [create][Create Order][Ready to Create Order]
2026-03-18 10:03:29.878  INFO 1 --- [io-12031-exec-4] order.service.OrderServiceImpl           : [create][Order Create Success][Order Price][OrderId:072c3bf3-a34a-48db-9ec7-6232baafc7d1 , Price: 0.0]
2026-03-18 10:03:30.155  INFO 1 --- [io-12031-exec-6] order.controller.OrderController         : [createNewOrder][Create Order][from shanghai to taiyuan at 1970-01-02 18:17:36]
2026-03-18 10:03:30.155  INFO 1 --- [io-12031-exec-6] order.service.OrderServiceImpl           : [create][Create Order][Ready to Create Order]
2026-03-18 10:03:30.175  INFO 1 --- [io-12031-exec-6] order.service.OrderServiceImpl           : [create][Order Create Success][Order Price][OrderId:69742ec1-202c-4aa5-8eb3-cc7c1563d9b1 , Price: 0.0]
2026-03-18 10:03:30.450  INFO 1 --- [io-12031-exec-7] order.controller.OrderController         : [createNewOrder][Create Order][from shanghai to taiyuan at 1970-01-02 18:17:36]
2026-03-18 10:03:30.450  INFO 1 --- [io-12031-exec-7] order.service.OrderServiceImpl           : [create][Create Order][Ready to Create Order]
2026-03-18 10:03:30.473  INFO 1 --- [io-12031-exec-7] order.service.OrderServiceImpl           : [create][Order Create Success][Order Price][OrderId:6728e3d2-03d4-4b0e-b01b-0fb3527ac8a4 , Price: 0.0]
2026-03-18 10:03:30.749  INFO 1 --- [io-12031-exec-8] order.controller.OrderController         : [createNewOrder][Create Order][from shanghai to taiyuan at 1970-01-02 18:17:36]
2026-03-18 10:03:30.749  INFO 1 --- [io-12031-exec-8] order.service.OrderServiceImpl           : [create][Create Order][Ready to Create Order]
2026-03-18 10:03:30.769  INFO 1 --- [io-12031-exec-8] order.service.OrderServiceImpl           : [create][Order Create Success][Order Price][OrderId:310f5595-2f81-4c16-abc9-3ba527c6d7f4 , Price: 0.0]
2026-03-18 10:03:31.052  INFO 1 --- [o-12031-exec-10] order.controller.OrderController         : [createNewOrder][Create Order][from shanghai to taiyuan at 1970-01-02 18:17:36]
2026-03-18 10:03:31.052  INFO 1 --- [o-12031-exec-10] order.service.OrderServiceImpl           : [create][Create Order][Ready to Create Order]
2026-03-18 10:03:31.069  INFO 1 --- [o-12031-exec-10] order.service.OrderServiceImpl           : [create][Order Create Success][Order Price][OrderId:ba06a9ab-2a29-4d4c-ae33-cd7659316f91 , Price: 0.0]
2026-03-18 10:03:31.344  INFO 1 --- [io-12031-exec-1] order.controller.OrderController         : [createNewOrder][Create Order][from shanghai to taiyuan at 1970-01-02 18:17:36]
2026-03-18 10:03:31.344  INFO 1 --- [io-12031-exec-1] order.service.OrderServiceImpl           : [create][Create Order][Ready to Create Order]
2026-03-18 10:03:31.378  INFO 1 --- [io-12031-exec-1] order.service.OrderServiceImpl           : [create][Order Create Success][Order Price][OrderId:dc9be50b-0292-404c-83a1-67ac8807b2bf , Price: 0.0]
2026-03-18 10:03:31.657  INFO 1 --- [io-12031-exec-3] order.controller.OrderController         : [createNewOrder][Create Order][from shanghai to taiyuan at 1970-01-02 18:17:36]
2026-03-18 10:03:31.657  INFO 1 --- [io-12031-exec-3] order.service.OrderServiceImpl           : [create][Create Order][Ready to Create Order]
2026-03-18 10:03:31.674  INFO 1 --- [io-12031-exec-3] order.service.OrderServiceImpl           : [create][Order Create Success][Order Price][OrderId:73357561-35eb-468e-8625-dfe1ea1097d7 , Price: 0.0]
2026-03-18 10:03:31.959  INFO 1 --- [io-12031-exec-2] order.controller.OrderController         : [createNewOrder][Create Order][from shanghai to taiyuan at 1970-01-02 18:17:36]
2026-03-18 10:03:31.959  INFO 1 --- [io-12031-exec-2] order.service.OrderServiceImpl           : [create][Create Order][Ready to Create Order]
2026-03-18 10:03:31.976  INFO 1 --- [io-12031-exec-2] order.service.OrderServiceImpl           : [create][Order Create Success][Order Price][OrderId:0bafa0af-4617-4ac3-8213-54e02c848262 , Price: 0.0]
2026-03-18 10:03:32.261  INFO 1 --- [io-12031-exec-5] order.controller.OrderController         : [createNewOrder][Create Order][from shanghai to taiyuan at 1970-01-02 18:17:36]
2026-03-18 10:03:32.261  INFO 1 --- [io-12031-exec-5] order.service.OrderServiceImpl           : [create][Create Order][Ready to Create Order]
2026-03-18 10:03:32.280  INFO 1 --- [io-12031-exec-5] order.service.OrderServiceImpl           : [create][Order Create Success][Order Price][OrderId:f5b7d855-22d0-4893-9b6b-5d4407b0d572 , Price: 0.0]
2026-03-18 10:03:32.562  INFO 1 --- [io-12031-exec-4] order.controller.OrderController         : [createNewOrder][Create Order][from shanghai to taiyuan at 1970-01-02 18:17:36]
2026-03-18 10:03:32.562  INFO 1 --- [io-12031-exec-4] order.service.OrderServiceImpl           : [create][Create Order][Ready to Create Order]
2026-03-18 10:03:32.581  INFO 1 --- [io-12031-exec-4] order.service.OrderServiceImpl           : [create][Order Create Success][Order Price][OrderId:524082c2-4aff-4097-829f-e33d24df8f55 , Price: 0.0]
2026-03-18 10:03:32.863  INFO 1 --- [io-12031-exec-6] order.controller.OrderController         : [createNewOrder][Create Order][from shanghai to taiyuan at 1970-01-02 18:17:36]
2026-03-18 10:03:32.863  INFO 1 --- [io-12031-exec-6] order.service.OrderServiceImpl           : [create][Create Order][Ready to Create Order]
2026-03-18 10:03:32.882  INFO 1 --- [io-12031-exec-6] order.service.OrderServiceImpl           : [create][Order Create Success][Order Price][OrderId:0478e2d2-09a4-4050-b464-4b8dcdfd6a91 , Price: 0.0]
2026-03-18 10:03:33.162  INFO 1 --- [io-12031-exec-7] order.controller.OrderController         : [createNewOrder][Create Order][from shanghai to taiyuan at 1970-01-02 18:17:36]
2026-03-18 10:03:33.162  INFO 1 --- [io-12031-exec-7] order.service.OrderServiceImpl           : [create][Create Order][Ready to Create Order]
2026-03-18 10:03:33.377  INFO 1 --- [io-12031-exec-7] order.service.OrderServiceImpl           : [create][Order Create Success][Order Price][OrderId:3ddf5040-1978-476f-b186-260f56bcb02a , Price: 0.0]
2026-03-18 10:03:33.657  INFO 1 --- [io-12031-exec-8] order.controller.OrderController         : [createNewOrder][Create Order][from shanghai to taiyuan at 1970-01-02 18:17:36]
2026-03-18 10:03:33.657  INFO 1 --- [io-12031-exec-8] order.service.OrderServiceImpl           : [create][Create Order][Ready to Create Order]
2026-03-18 10:03:33.675  INFO 1 --- [io-12031-exec-8] order.service.OrderServiceImpl           : [create][Order Create Success][Order Price][OrderId:978e3c2c-2937-49d1-a215-21d2cc291eb9 , Price: 0.0]
2026-03-18 10:03:33.950  INFO 1 --- [o-12031-exec-10] order.controller.OrderController         : [createNewOrder][Create Order][from shanghai to taiyuan at 1970-01-02 18:17:36]
2026-03-18 10:03:33.950  INFO 1 --- [o-12031-exec-10] order.service.OrderServiceImpl           : [create][Create Order][Ready to Create Order]
2026-03-18 10:03:33.969  INFO 1 --- [o-12031-exec-10] order.service.OrderServiceImpl           : [create][Order Create Success][Order Price][OrderId:98e0789c-3061-4e8a-9bb9-09720bef3e1b , Price: 0.0]
2026-03-18 10:03:34.252  INFO 1 --- [io-12031-exec-9] order.controller.OrderController         : [createNewOrder][Create Order][from shanghai to taiyuan at 1970-01-02 18:17:36]
2026-03-18 10:03:34.252  INFO 1 --- [io-12031-exec-9] order.service.OrderServiceImpl           : [create][Create Order][Ready to Create Order]
2026-03-18 10:03:34.273  INFO 1 --- [io-12031-exec-9] order.service.OrderServiceImpl           : [create][Order Create Success][Order Price][OrderId:a1fda7c4-3ba7-4d04-8e80-702634abf33b , Price: 0.0]
2026-03-18 10:03:34.561  INFO 1 --- [io-12031-exec-1] order.controller.OrderController         : [createNewOrder][Create Order][from shanghai to taiyuan at 1970-01-02 18:17:36]
2026-03-18 10:03:34.561  INFO 1 --- [io-12031-exec-1] order.service.OrderServiceImpl           : [create][Create Order][Ready to Create Order]
2026-03-18 10:03:34.579  INFO 1 --- [io-12031-exec-1] order.service.OrderServiceImpl           : [create][Order Create Success][Order Price][OrderId:5942fe22-66d6-4422-bbe8-f6ecf62326cd , Price: 0.0]
2026-03-18 10:03:34.858  INFO 1 --- [io-12031-exec-3] order.controller.OrderController         : [createNewOrder][Create Order][from shanghai to taiyuan at 1970-01-02 18:17:36]
2026-03-18 10:03:34.858  INFO 1 --- [io-12031-exec-3] order.service.OrderServiceImpl           : [create][Create Order][Ready to Create Order]
2026-03-18 10:03:34.877  INFO 1 --- [io-12031-exec-3] order.service.OrderServiceImpl           : [create][Order Create Success][Order Price][OrderId:da9eec1d-8f79-42d5-a75d-9323195c41e4 , Price: 0.0]
2026-03-18 10:03:35.159  INFO 1 --- [io-12031-exec-2] order.controller.OrderController         : [createNewOrder][Create Order][from shanghai to taiyuan at 1970-01-02 18:17:36]
2026-03-18 10:03:35.159  INFO 1 --- [io-12031-exec-2] order.service.OrderServiceImpl           : [create][Create Order][Ready to Create Order]
2026-03-18 10:03:35.186  INFO 1 --- [io-12031-exec-2] order.service.OrderServiceImpl           : [create][Order Create Success][Order Price][OrderId:c9243966-c95e-47ca-9495-89993c628a44 , Price: 0.0]
2026-03-18 10:03:35.464  INFO 1 --- [io-12031-exec-5] order.controller.OrderController         : [createNewOrder][Create Order][from shanghai to taiyuan at 1970-01-02 18:17:36]
2026-03-18 10:03:35.464  INFO 1 --- [io-12031-exec-5] order.service.OrderServiceImpl           : [create][Create Order][Ready to Create Order]
2026-03-18 10:03:35.484  INFO 1 --- [io-12031-exec-5] order.service.OrderServiceImpl           : [create][Order Create Success][Order Price][OrderId:1b022b33-f079-4369-be7a-3263161dbf92 , Price: 0.0]
2026-03-18 10:03:35.757  INFO 1 --- [io-12031-exec-4] order.controller.OrderController         : [createNewOrder][Create Order][from shanghai to taiyuan at 1970-01-02 18:17:36]
2026-03-18 10:03:35.757  INFO 1 --- [io-12031-exec-4] order.service.OrderServiceImpl           : [create][Create Order][Ready to Create Order]
2026-03-18 10:03:35.776  INFO 1 --- [io-12031-exec-4] order.service.OrderServiceImpl           : [create][Order Create Success][Order Price][OrderId:812882ff-e576-4ab6-b56e-8b5a65989339 , Price: 0.0]
2026-03-18 10:03:36.050  INFO 1 --- [io-12031-exec-6] order.controller.OrderController         : [createNewOrder][Create Order][from shanghai to taiyuan at 1970-01-02 18:17:36]
2026-03-18 10:03:36.050  INFO 1 --- [io-12031-exec-6] order.service.OrderServiceImpl           : [create][Create Order][Ready to Create Order]
2026-03-18 10:03:36.069  INFO 1 --- [io-12031-exec-6] order.service.OrderServiceImpl           : [create][Order Create Success][Order Price][OrderId:968cbcf3-3609-4e0b-974b-9bc12f1f4d45 , Price: 0.0]
2026-03-18 10:03:36.359  INFO 1 --- [io-12031-exec-7] order.controller.OrderController         : [createNewOrder][Create Order][from shanghai to taiyuan at 1970-01-02 18:17:36]
2026-03-18 10:03:36.359  INFO 1 --- [io-12031-exec-7] order.service.OrderServiceImpl           : [create][Create Order][Ready to Create Order]
2026-03-18 10:03:36.379  INFO 1 --- [io-12031-exec-7] order.service.OrderServiceImpl           : [create][Order Create Success][Order Price][OrderId:a63260f0-1c8e-40c1-8074-ba828f72e0bb , Price: 0.0]
2026-03-18 10:03:36.653  INFO 1 --- [io-12031-exec-8] order.controller.OrderController         : [createNewOrder][Create Order][from shanghai to taiyuan at 1970-01-02 18:17:36]
2026-03-18 10:03:36.653  INFO 1 --- [io-12031-exec-8] order.service.OrderServiceImpl           : [create][Create Order][Ready to Create Order]
2026-03-18 10:03:36.681  INFO 1 --- [io-12031-exec-8] order.service.OrderServiceImpl           : [create][Order Create Success][Order Price][OrderId:761d9332-e7b5-4695-ab96-33e6c3ec70b8 , Price: 0.0]
2026-03-18 10:03:36.960  INFO 1 --- [o-12031-exec-10] order.controller.OrderController         : [createNewOrder][Create Order][from shanghai to taiyuan at 1970-01-02 18:17:36]
2026-03-18 10:03:36.960  INFO 1 --- [o-12031-exec-10] order.service.OrderServiceImpl           : [create][Create Order][Ready to Create Order]
2026-03-18 10:03:36.980  INFO 1 --- [o-12031-exec-10] order.service.OrderServiceImpl           : [create][Order Create Success][Order Price][OrderId:ee532ace-b409-4f46-8686-e3bb7f749439 , Price: 0.0]
2026-03-18 10:03:37.259  INFO 1 --- [io-12031-exec-9] order.controller.OrderController         : [createNewOrder][Create Order][from shanghai to taiyuan at 1970-01-02 18:17:36]
2026-03-18 10:03:37.259  INFO 1 --- [io-12031-exec-9] order.service.OrderServiceImpl           : [create][Create Order][Ready to Create Order]
2026-03-18 10:03:37.281  INFO 1 --- [io-12031-exec-9] order.service.OrderServiceImpl           : [create][Order Create Success][Order Price][OrderId:4bf642b0-4f16-488d-b446-d6549b0aa31a , Price: 0.0]
2026-03-18 10:03:37.653  INFO 1 --- [io-12031-exec-1] order.controller.OrderController         : [createNewOrder][Create Order][from shanghai to taiyuan at 1970-01-02 18:17:36]
2026-03-18 10:03:37.653  INFO 1 --- [io-12031-exec-1] order.service.OrderServiceImpl           : [create][Create Order][Ready to Create Order]
2026-03-18 10:03:37.672  INFO 1 --- [io-12031-exec-1] order.service.OrderServiceImpl           : [create][Order Create Success][Order Price][OrderId:785f9e13-245a-4f0e-b02a-3a80125c05a3 , Price: 0.0]
2026-03-18 10:03:37.951  INFO 1 --- [io-12031-exec-3] order.controller.OrderController         : [createNewOrder][Create Order][from shanghai to taiyuan at 1970-01-02 18:17:36]
2026-03-18 10:03:37.951  INFO 1 --- [io-12031-exec-3] order.service.OrderServiceImpl           : [create][Create Order][Ready to Create Order]
2026-03-18 10:03:37.970  INFO 1 --- [io-12031-exec-3] order.service.OrderServiceImpl           : [create][Order Create Success][Order Price][OrderId:a170ea46-1b6a-4498-812e-a60340237f0a , Price: 0.0]
2026-03-18 10:03:38.252  INFO 1 --- [io-12031-exec-2] order.controller.OrderController         : [createNewOrder][Create Order][from shanghai to taiyuan at 1970-01-02 18:17:36]
2026-03-18 10:03:38.252  INFO 1 --- [io-12031-exec-2] order.service.OrderServiceImpl           : [create][Create Order][Ready to Create Order]
2026-03-18 10:03:38.273  INFO 1 --- [io-12031-exec-2] order.service.OrderServiceImpl           : [create][Order Create Success][Order Price][OrderId:e5d80618-6608-4986-9151-94fc643e3d7a , Price: 0.0]
2026-03-18 10:03:38.566  INFO 1 --- [io-12031-exec-5] order.controller.OrderController         : [createNewOrder][Create Order][from shanghai to taiyuan at 1970-01-02 18:17:36]
2026-03-18 10:03:38.566  INFO 1 --- [io-12031-exec-5] order.service.OrderServiceImpl           : [create][Create Order][Ready to Create Order]
2026-03-18 10:03:38.682  INFO 1 --- [io-12031-exec-5] order.service.OrderServiceImpl           : [create][Order Create Success][Order Price][OrderId:fac793aa-725a-4cdc-a379-e86dff98c15d , Price: 0.0]
2026-03-18 10:03:38.960  INFO 1 --- [io-12031-exec-4] order.controller.OrderController         : [createNewOrder][Create Order][from shanghai to taiyuan at 1970-01-02 18:17:36]
2026-03-18 10:03:38.960  INFO 1 --- [io-12031-exec-4] order.service.OrderServiceImpl           : [create][Create Order][Ready to Create Order]
2026-03-18 10:03:38.979  INFO 1 --- [io-12031-exec-4] order.service.OrderServiceImpl           : [create][Order Create Success][Order Price][OrderId:ad9c562c-3ad2-4d17-a5e6-bb41bef70d20 , Price: 0.0]
2026-03-18 10:03:39.261  INFO 1 --- [io-12031-exec-6] order.controller.OrderController         : [createNewOrder][Create Order][from shanghai to taiyuan at 1970-01-02 18:17:36]
2026-03-18 10:03:39.261  INFO 1 --- [io-12031-exec-6] order.service.OrderServiceImpl           : [create][Create Order][Ready to Create Order]
2026-03-18 10:03:39.283  INFO 1 --- [io-12031-exec-6] order.service.OrderServiceImpl           : [create][Order Create Success][Order Price][OrderId:02eb12ae-de5c-4824-9d9c-861749632bbf , Price: 0.0]
2026-03-18 10:03:39.576  INFO 1 --- [io-12031-exec-7] order.controller.OrderController         : [createNewOrder][Create Order][from shanghai to taiyuan at 1970-01-02 18:17:36]
2026-03-18 10:03:39.576  INFO 1 --- [io-12031-exec-7] order.service.OrderServiceImpl           : [create][Create Order][Ready to Create Order]
2026-03-18 10:03:39.595  INFO 1 --- [io-12031-exec-7] order.service.OrderServiceImpl           : [create][Order Create Success][Order Price][OrderId:6d9f1279-a4ef-40fa-8854-e598282fa419 , Price: 0.0]
2026-03-18 10:03:39.970  INFO 1 --- [io-12031-exec-8] order.controller.OrderController         : [createNewOrder][Create Order][from shanghai to taiyuan at 1970-01-02 18:17:36]
2026-03-18 10:03:39.970  INFO 1 --- [io-12031-exec-8] order.service.OrderServiceImpl           : [create][Create Order][Ready to Create Order]
2026-03-18 10:03:40.092  INFO 1 --- [io-12031-exec-8] order.service.OrderServiceImpl           : [create][Order Create Success][Order Price][OrderId:326012d1-b719-4507-a1a2-c90a0bbaf281 , Price: 0.0]
2026-03-18 10:03:40.441  INFO 1 --- [o-12031-exec-10] order.controller.OrderController         : [createNewOrder][Create Order][from shanghai to taiyuan at 1970-01-02 18:17:36]
2026-03-18 10:03:40.466  INFO 1 --- [o-12031-exec-10] order.service.OrderServiceImpl           : [create][Create Order][Ready to Create Order]
2026-03-18 10:03:40.489  INFO 1 --- [o-12031-exec-10] order.service.OrderServiceImpl           : [create][Order Create Success][Order Price][OrderId:1502b0de-a402-4e00-b386-f698fe39d3af , Price: 0.0]
2026-03-18 10:03:41.079  INFO 1 --- [io-12031-exec-9] order.controller.OrderController         : [createNewOrder][Create Order][from shanghai to taiyuan at 1970-01-02 18:17:36]
2026-03-18 10:03:41.079  INFO 1 --- [io-12031-exec-9] order.service.OrderServiceImpl           : [create][Create Order][Ready to Create Order]
2026-03-18 10:03:41.187  INFO 1 --- [io-12031-exec-9] order.service.OrderServiceImpl           : [create][Order Create Success][Order Price][OrderId:f3aebbd8-7364-4e12-b9e1-8417f17e9a09 , Price: 0.0]
2026-03-18 10:03:41.666  INFO 1 --- [io-12031-exec-3] order.controller.OrderController         : [createNewOrder][Create Order][from shanghai to taiyuan at 1970-01-02 18:17:36]
2026-03-18 10:03:41.666  INFO 1 --- [io-12031-exec-3] order.service.OrderServiceImpl           : [create][Create Order][Ready to Create Order]
2026-03-18 10:03:41.685  INFO 1 --- [io-12031-exec-3] order.service.OrderServiceImpl           : [create][Order Create Success][Order Price][OrderId:615168a4-ab1c-42b5-a010-0f12f4ef89d9 , Price: 0.0]
2026-03-18 10:03:42.142  INFO 1 --- [io-12031-exec-2] order.controller.OrderController         : [createNewOrder][Create Order][from shanghai to taiyuan at 1970-01-02 18:17:36]
2026-03-18 10:03:42.142  INFO 1 --- [io-12031-exec-2] order.service.OrderServiceImpl           : [create][Create Order][Ready to Create Order]
2026-03-18 10:03:42.185  INFO 1 --- [io-12031-exec-2] order.service.OrderServiceImpl           : [create][Order Create Success][Order Price][OrderId:8fc6a67d-f6f1-45e6-a4aa-77d205b54fcd , Price: 0.0]
2026-03-18 10:03:42.466  INFO 1 --- [io-12031-exec-5] order.controller.OrderController         : [createNewOrder][Create Order][from shanghai to taiyuan at 1970-01-02 18:17:36]
2026-03-18 10:03:42.466  INFO 1 --- [io-12031-exec-5] order.service.OrderServiceImpl           : [create][Create Order][Ready to Create Order]
2026-03-18 10:03:42.489  INFO 1 --- [io-12031-exec-5] order.service.OrderServiceImpl           : [create][Order Create Success][Order Price][OrderId:6944a962-73ce-4203-abf0-c2ed04ca16f1 , Price: 0.0]
2026-03-18 10:03:42.778  INFO 1 --- [io-12031-exec-4] order.controller.OrderController         : [createNewOrder][Create Order][from shanghai to taiyuan at 1970-01-02 18:17:36]
2026-03-18 10:03:42.778  INFO 1 --- [io-12031-exec-4] order.service.OrderServiceImpl           : [create][Create Order][Ready to Create Order]
2026-03-18 10:03:42.799  INFO 1 --- [io-12031-exec-4] order.service.OrderServiceImpl           : [create][Order Create Success][Order Price][OrderId:e0b4989d-0ef9-420a-89a1-26942063fa0a , Price: 0.0]
2026-03-18 10:03:43.061  INFO 1 --- [io-12031-exec-6] order.controller.OrderController         : [createNewOrder][Create Order][from shanghai to taiyuan at 1970-01-02 18:17:36]
2026-03-18 10:03:43.061  INFO 1 --- [io-12031-exec-6] order.service.OrderServiceImpl           : [create][Create Order][Ready to Create Order]
2026-03-18 10:03:43.189  INFO 1 --- [io-12031-exec-6] order.service.OrderServiceImpl           : [create][Order Create Success][Order Price][OrderId:832bb5a8-9447-4855-b1c3-3c64847c4a11 , Price: 0.0]
2026-03-18 10:03:43.457  INFO 1 --- [io-12031-exec-7] order.controller.OrderController         : [createNewOrder][Create Order][from shanghai to taiyuan at 1970-01-02 18:17:36]
2026-03-18 10:03:43.458  INFO 1 --- [io-12031-exec-7] order.service.OrderServiceImpl           : [create][Create Order][Ready to Create Order]
2026-03-18 10:03:43.478  INFO 1 --- [io-12031-exec-7] order.service.OrderServiceImpl           : [create][Order Create Success][Order Price][OrderId:49df9248-d1fd-4908-bb6f-2f93d5db0d58 , Price: 0.0]
2026-03-18 10:03:43.762  INFO 1 --- [io-12031-exec-8] order.controller.OrderController         : [createNewOrder][Create Order][from shanghai to taiyuan at 1970-01-02 18:17:36]
2026-03-18 10:03:43.762  INFO 1 --- [io-12031-exec-8] order.service.OrderServiceImpl           : [create][Create Order][Ready to Create Order]
2026-03-18 10:03:43.782  INFO 1 --- [io-12031-exec-8] order.service.OrderServiceImpl           : [create][Order Create Success][Order Price][OrderId:87bcde44-e53c-4494-a629-f3b61ada3fcb , Price: 0.0]
2026-03-18 10:03:44.057  INFO 1 --- [o-12031-exec-10] order.controller.OrderController         : [createNewOrder][Create Order][from shanghai to taiyuan at 1970-01-02 18:17:36]
2026-03-18 10:03:44.057  INFO 1 --- [o-12031-exec-10] order.service.OrderServiceImpl           : [create][Create Order][Ready to Create Order]
2026-03-18 10:03:44.077  INFO 1 --- [o-12031-exec-10] order.service.OrderServiceImpl           : [create][Order Create Success][Order Price][OrderId:50c0cfc3-ab3e-451b-bf05-54e0e7fe7b82 , Price: 0.0]
2026-03-18 10:03:44.362  INFO 1 --- [io-12031-exec-9] order.controller.OrderController         : [createNewOrder][Create Order][from shanghai to taiyuan at 1970-01-02 18:17:36]
2026-03-18 10:03:44.362  INFO 1 --- [io-12031-exec-9] order.service.OrderServiceImpl           : [create][Create Order][Ready to Create Order]
2026-03-18 10:03:44.382  INFO 1 --- [io-12031-exec-9] order.service.OrderServiceImpl           : [create][Order Create Success][Order Price][OrderId:8b21f9d2-2775-4973-864f-b90e49515291 , Price: 0.0]
2026-03-18 10:03:44.662  INFO 1 --- [io-12031-exec-1] order.controller.OrderController         : [createNewOrder][Create Order][from shanghai to taiyuan at 1970-01-02 18:17:36]
2026-03-18 10:03:44.662  INFO 1 --- [io-12031-exec-1] order.service.OrderServiceImpl           : [create][Create Order][Ready to Create Order]
2026-03-18 10:03:44.685  INFO 1 --- [io-12031-exec-1] order.service.OrderServiceImpl           : [create][Order Create Success][Order Price][OrderId:6b7a9feb-60a1-46da-819b-90d857c66e80 , Price: 0.0]
2026-03-18 10:03:44.962  INFO 1 --- [io-12031-exec-3] order.controller.OrderController         : [createNewOrder][Create Order][from shanghai to taiyuan at 1970-01-02 18:17:36]
2026-03-18 10:03:44.962  INFO 1 --- [io-12031-exec-3] order.service.OrderServiceImpl           : [create][Create Order][Ready to Create Order]
2026-03-18 10:03:45.086  INFO 1 --- [io-12031-exec-3] order.service.OrderServiceImpl           : [create][Order Create Success][Order Price][OrderId:8462b9f0-8efb-4cdd-b562-4f64161a9c8b , Price: 0.0]
2026-03-18 10:03:45.358  INFO 1 --- [io-12031-exec-2] order.controller.OrderController         : [createNewOrder][Create Order][from shanghai to taiyuan at 1970-01-02 18:17:36]
2026-03-18 10:03:45.358  INFO 1 --- [io-12031-exec-2] order.service.OrderServiceImpl           : [create][Create Order][Ready to Create Order]
2026-03-18 10:03:45.377  INFO 1 --- [io-12031-exec-2] order.service.OrderServiceImpl           : [create][Order Create Success][Order Price][OrderId:cd60ba81-374d-44f3-a59e-0a3d96be4e17 , Price: 0.0]
2026-03-18 10:03:45.660  INFO 1 --- [io-12031-exec-5] order.controller.OrderController         : [createNewOrder][Create Order][from shanghai to taiyuan at 1970-01-02 18:17:36]
2026-03-18 10:03:45.661  INFO 1 --- [io-12031-exec-5] order.service.OrderServiceImpl           : [create][Create Order][Ready to Create Order]
2026-03-18 10:03:45.679  INFO 1 --- [io-12031-exec-5] order.service.OrderServiceImpl           : [create][Order Create Success][Order Price][OrderId:432b222c-be48-4d0e-a738-476a18703937 , Price: 0.0]
2026-03-18 10:03:45.960  INFO 1 --- [io-12031-exec-4] order.controller.OrderController         : [createNewOrder][Create Order][from shanghai to taiyuan at 1970-01-02 18:17:36]
2026-03-18 10:03:45.960  INFO 1 --- [io-12031-exec-4] order.service.OrderServiceImpl           : [create][Create Order][Ready to Create Order]
2026-03-18 10:03:45.979  INFO 1 --- [io-12031-exec-4] order.service.OrderServiceImpl           : [create][Order Create Success][Order Price][OrderId:51e6ecda-2aef-467c-9c75-2aefb3de8700 , Price: 0.0]
2026-03-18 10:03:46.255  INFO 1 --- [io-12031-exec-6] order.controller.OrderController         : [createNewOrder][Create Order][from shanghai to taiyuan at 1970-01-02 18:17:36]
2026-03-18 10:03:46.255  INFO 1 --- [io-12031-exec-6] order.service.OrderServiceImpl           : [create][Create Order][Ready to Create Order]
2026-03-18 10:03:46.274  INFO 1 --- [io-12031-exec-6] order.service.OrderServiceImpl           : [create][Order Create Success][Order Price][OrderId:36c4b0d6-cd4a-4474-bd60-6e464877c043 , Price: 0.0]
2026-03-18 10:03:46.562  INFO 1 --- [io-12031-exec-7] order.controller.OrderController         : [createNewOrder][Create Order][from shanghai to taiyuan at 1970-01-02 18:17:36]
2026-03-18 10:03:46.562  INFO 1 --- [io-12031-exec-7] order.service.OrderServiceImpl           : [create][Create Order][Ready to Create Order]
2026-03-18 10:03:46.675  INFO 1 --- [io-12031-exec-7] order.service.OrderServiceImpl           : [create][Order Create Success][Order Price][OrderId:653b8238-7f6f-4606-beac-c8f6c7294af2 , Price: 0.0]
2026-03-18 10:03:46.947  INFO 1 --- [io-12031-exec-8] order.controller.OrderController         : [createNewOrder][Create Order][from shanghai to taiyuan at 1970-01-02 18:17:36]
2026-03-18 10:03:46.948  INFO 1 --- [io-12031-exec-8] order.service.OrderServiceImpl           : [create][Create Order][Ready to Create Order]
2026-03-18 10:03:46.966  INFO 1 --- [io-12031-exec-8] order.service.OrderServiceImpl           : [create][Order Create Success][Order Price][OrderId:672485dc-a4b5-4a8f-9ab8-136a435673ee , Price: 0.0]
2026-03-18 10:03:47.244  INFO 1 --- [o-12031-exec-10] order.controller.OrderController         : [createNewOrder][Create Order][from shanghai to taiyuan at 1970-01-02 18:17:36]
2026-03-18 10:03:47.244  INFO 1 --- [o-12031-exec-10] order.service.OrderServiceImpl           : [create][Create Order][Ready to Create Order]
2026-03-18 10:03:47.375  INFO 1 --- [o-12031-exec-10] order.service.OrderServiceImpl           : [create][Order Create Success][Order Price][OrderId:aeeecb45-f41e-4fae-a2e8-d5f7d61ec0c4 , Price: 0.0]
2026-03-18 10:03:47.656  INFO 1 --- [io-12031-exec-9] order.controller.OrderController         : [createNewOrder][Create Order][from shanghai to taiyuan at 1970-01-02 18:17:36]
2026-03-18 10:03:47.656  INFO 1 --- [io-12031-exec-9] order.service.OrderServiceImpl           : [create][Create Order][Ready to Create Order]
2026-03-18 10:03:47.682  INFO 1 --- [io-12031-exec-9] order.service.OrderServiceImpl           : [create][Order Create Success][Order Price][OrderId:ba2a2eb4-92a7-40e5-95ff-d2b297e359ca , Price: 0.0]
2026-03-18 10:03:47.957  INFO 1 --- [io-12031-exec-1] order.controller.OrderController         : [createNewOrder][Create Order][from shanghai to taiyuan at 1970-01-02 18:17:36]
2026-03-18 10:03:47.957  INFO 1 --- [io-12031-exec-1] order.service.OrderServiceImpl           : [create][Create Order][Ready to Create Order]
2026-03-18 10:03:47.985  INFO 1 --- [io-12031-exec-1] order.service.OrderServiceImpl           : [create][Order Create Success][Order Price][OrderId:133acfb0-a700-40a6-9fcd-637d3bf6e4e0 , Price: 0.0]
2026-03-18 10:03:48.258  INFO 1 --- [io-12031-exec-3] order.controller.OrderController         : [createNewOrder][Create Order][from shanghai to taiyuan at 1970-01-02 18:17:36]
2026-03-18 10:03:48.258  INFO 1 --- [io-12031-exec-3] order.service.OrderServiceImpl           : [create][Create Order][Ready to Create Order]
2026-03-18 10:03:48.285  INFO 1 --- [io-12031-exec-3] order.service.OrderServiceImpl           : [create][Order Create Success][Order Price][OrderId:73b13108-34ed-4515-9b08-add58870ebcd , Price: 0.0]
2026-03-18 10:03:48.560  INFO 1 --- [io-12031-exec-2] order.controller.OrderController         : [createNewOrder][Create Order][from shanghai to taiyuan at 1970-01-02 18:17:36]
2026-03-18 10:03:48.560  INFO 1 --- [io-12031-exec-2] order.service.OrderServiceImpl           : [create][Create Order][Ready to Create Order]
2026-03-18 10:03:48.685  INFO 1 --- [io-12031-exec-2] order.service.OrderServiceImpl           : [create][Order Create Success][Order Price][OrderId:bba88e63-8ef0-4737-a531-b1ed9afafa98 , Price: 0.0]
2026-03-18 10:03:48.957  INFO 1 --- [io-12031-exec-5] order.controller.OrderController         : [createNewOrder][Create Order][from shanghai to taiyuan at 1970-01-02 18:17:36]
2026-03-18 10:03:48.957  INFO 1 --- [io-12031-exec-5] order.service.OrderServiceImpl           : [create][Create Order][Ready to Create Order]
2026-03-18 10:03:48.977  INFO 1 --- [io-12031-exec-5] order.service.OrderServiceImpl           : [create][Order Create Success][Order Price][OrderId:72ddbb45-23de-4406-9fba-09ec80e12a96 , Price: 0.0]
2026-03-18 10:03:49.256  INFO 1 --- [io-12031-exec-4] order.controller.OrderController         : [createNewOrder][Create Order][from shanghai to taiyuan at 1970-01-02 18:17:36]
2026-03-18 10:03:49.256  INFO 1 --- [io-12031-exec-4] order.service.OrderServiceImpl           : [create][Create Order][Ready to Create Order]
2026-03-18 10:03:49.277  INFO 1 --- [io-12031-exec-4] order.service.OrderServiceImpl           : [create][Order Create Success][Order Price][OrderId:9e39267a-dd7d-4aa9-baea-56cb01d16698 , Price: 0.0]
2026-03-18 10:03:49.566  INFO 1 --- [io-12031-exec-6] order.controller.OrderController         : [createNewOrder][Create Order][from shanghai to taiyuan at 1970-01-02 18:17:36]
2026-03-18 10:03:49.566  INFO 1 --- [io-12031-exec-6] order.service.OrderServiceImpl           : [create][Create Order][Ready to Create Order]
2026-03-18 10:03:49.586  INFO 1 --- [io-12031-exec-6] order.service.OrderServiceImpl           : [create][Order Create Success][Order Price][OrderId:d7574239-3d0d-43e7-a423-35cf18c4281f , Price: 0.0]
2026-03-18 10:03:49.863  INFO 1 --- [io-12031-exec-7] order.controller.OrderController         : [createNewOrder][Create Order][from shanghai to taiyuan at 1970-01-02 18:17:36]
2026-03-18 10:03:49.863  INFO 1 --- [io-12031-exec-7] order.service.OrderServiceImpl           : [create][Create Order][Ready to Create Order]
2026-03-18 10:03:49.886  INFO 1 --- [io-12031-exec-7] order.service.OrderServiceImpl           : [create][Order Create Success][Order Price][OrderId:ed138906-d72e-40c1-ac56-7d934d5e6e13 , Price: 0.0]
2026-03-18 10:03:50.163  INFO 1 --- [io-12031-exec-8] order.controller.OrderController         : [createNewOrder][Create Order][from shanghai to taiyuan at 1970-01-02 18:17:36]
2026-03-18 10:03:50.163  INFO 1 --- [io-12031-exec-8] order.service.OrderServiceImpl           : [create][Create Order][Ready to Create Order]
2026-03-18 10:03:50.366  INFO 1 --- [io-12031-exec-8] order.service.OrderServiceImpl           : [create][Order Create Success][Order Price][OrderId:e92124f3-7f92-4884-8903-d37638cf82ca , Price: 0.0]
2026-03-18 10:03:50.653  INFO 1 --- [o-12031-exec-10] order.controller.OrderController         : [createNewOrder][Create Order][from shanghai to taiyuan at 1970-01-02 18:17:36]
2026-03-18 10:03:50.653  INFO 1 --- [o-12031-exec-10] order.service.OrderServiceImpl           : [create][Create Order][Ready to Create Order]
2026-03-18 10:03:50.671  INFO 1 --- [o-12031-exec-10] order.service.OrderServiceImpl           : [create][Order Create Success][Order Price][OrderId:e4b98bca-86d8-4ea4-ac99-ee142e7ee695 , Price: 0.0]
2026-03-18 10:03:50.951  INFO 1 --- [io-12031-exec-9] order.controller.OrderController         : [createNewOrder][Create Order][from shanghai to taiyuan at 1970-01-02 18:17:36]
2026-03-18 10:03:50.951  INFO 1 --- [io-12031-exec-9] order.service.OrderServiceImpl           : [create][Create Order][Ready to Create Order]
2026-03-18 10:03:50.972  INFO 1 --- [io-12031-exec-9] order.service.OrderServiceImpl           : [create][Order Create Success][Order Price][OrderId:5c0bae21-f546-4774-a0b0-7ce33afff056 , Price: 0.0]
2026-03-18 10:03:51.264  INFO 1 --- [io-12031-exec-3] order.controller.OrderController         : [createNewOrder][Create Order][from shanghai to taiyuan at 1970-01-02 18:17:36]
2026-03-18 10:03:51.264  INFO 1 --- [io-12031-exec-3] order.service.OrderServiceImpl           : [create][Create Order][Ready to Create Order]
2026-03-18 10:03:51.286  INFO 1 --- [io-12031-exec-3] order.service.OrderServiceImpl           : [create][Order Create Success][Order Price][OrderId:a230f697-355f-4962-b7eb-6e5998e9c0e0 , Price: 0.0]
2026-03-18 10:03:51.581  INFO 1 --- [io-12031-exec-2] order.controller.OrderController         : [createNewOrder][Create Order][from shanghai to taiyuan at 1970-01-02 18:17:36]
2026-03-18 10:03:51.581  INFO 1 --- [io-12031-exec-2] order.service.OrderServiceImpl           : [create][Create Order][Ready to Create Order]
2026-03-18 10:03:51.603  INFO 1 --- [io-12031-exec-2] order.service.OrderServiceImpl           : [create][Order Create Success][Order Price][OrderId:4955af21-6bf1-4724-8a1b-f619d24bc162 , Price: 0.0]
2026-03-18 10:03:51.862  INFO 1 --- [io-12031-exec-5] order.controller.OrderController         : [createNewOrder][Create Order][from shanghai to taiyuan at 1970-01-02 18:17:36]
2026-03-18 10:03:51.863  INFO 1 --- [io-12031-exec-5] order.service.OrderServiceImpl           : [create][Create Order][Ready to Create Order]
2026-03-18 10:03:51.883  INFO 1 --- [io-12031-exec-5] order.service.OrderServiceImpl           : [create][Order Create Success][Order Price][OrderId:495c60af-473d-4916-8192-9ffc9fbdbec2 , Price: 0.0]
2026-03-18 10:03:52.161  INFO 1 --- [io-12031-exec-4] order.controller.OrderController         : [createNewOrder][Create Order][from shanghai to taiyuan at 1970-01-02 18:17:36]
2026-03-18 10:03:52.161  INFO 1 --- [io-12031-exec-4] order.service.OrderServiceImpl           : [create][Create Order][Ready to Create Order]
2026-03-18 10:03:52.190  INFO 1 --- [io-12031-exec-4] order.service.OrderServiceImpl           : [create][Order Create Success][Order Price][OrderId:6eed800d-ca75-4dc7-b768-1b4ae219822e , Price: 0.0]
2026-03-18 10:03:52.461  INFO 1 --- [io-12031-exec-6] order.controller.OrderController         : [createNewOrder][Create Order][from shanghai to taiyuan at 1970-01-02 18:17:36]
2026-03-18 10:03:52.461  INFO 1 --- [io-12031-exec-6] order.service.OrderServiceImpl           : [create][Create Order][Ready to Create Order]
2026-03-18 10:03:52.481  INFO 1 --- [io-12031-exec-6] order.service.OrderServiceImpl           : [create][Order Create Success][Order Price][OrderId:4dcc8bef-0a30-464f-9745-40963af119de , Price: 0.0]
2026-03-18 10:03:52.755  INFO 1 --- [io-12031-exec-7] order.controller.OrderController         : [createNewOrder][Create Order][from shanghai to taiyuan at 1970-01-02 18:17:36]
2026-03-18 10:03:52.755  INFO 1 --- [io-12031-exec-7] order.service.OrderServiceImpl           : [create][Create Order][Ready to Create Order]
2026-03-18 10:03:52.774  INFO 1 --- [io-12031-exec-7] order.service.OrderServiceImpl           : [create][Order Create Success][Order Price][OrderId:c8f5f1f7-09d0-42b6-b6d0-fc295aad5edf , Price: 0.0]
2026-03-18 10:03:53.065  INFO 1 --- [io-12031-exec-8] order.controller.OrderController         : [createNewOrder][Create Order][from shanghai to taiyuan at 1970-01-02 18:17:36]
2026-03-18 10:03:53.065  INFO 1 --- [io-12031-exec-8] order.service.OrderServiceImpl           : [create][Create Order][Ready to Create Order]
2026-03-18 10:03:53.084  INFO 1 --- [io-12031-exec-8] order.service.OrderServiceImpl           : [create][Order Create Success][Order Price][OrderId:7fdf57a8-0876-4cfd-9c7c-c1af8b532d89 , Price: 0.0]
2026-03-18 10:03:53.360  INFO 1 --- [o-12031-exec-10] order.controller.OrderController         : [createNewOrder][Create Order][from shanghai to taiyuan at 1970-01-02 18:17:36]
2026-03-18 10:03:53.360  INFO 1 --- [o-12031-exec-10] order.service.OrderServiceImpl           : [create][Create Order][Ready to Create Order]
2026-03-18 10:03:53.379  INFO 1 --- [o-12031-exec-10] order.service.OrderServiceImpl           : [create][Order Create Success][Order Price][OrderId:c7e26905-76f2-4eb1-8037-d49e108b7e41 , Price: 0.0]
2026-03-18 10:03:53.652  INFO 1 --- [io-12031-exec-9] order.controller.OrderController         : [createNewOrder][Create Order][from shanghai to taiyuan at 1970-01-02 18:17:36]
2026-03-18 10:03:53.652  INFO 1 --- [io-12031-exec-9] order.service.OrderServiceImpl           : [create][Create Order][Ready to Create Order]
2026-03-18 10:03:53.687  INFO 1 --- [io-12031-exec-9] order.service.OrderServiceImpl           : [create][Order Create Success][Order Price][OrderId:1ef05205-5a43-4c88-bd3a-9156877cbd7a , Price: 0.0]
2026-03-18 10:03:53.957  INFO 1 --- [io-12031-exec-1] order.controller.OrderController         : [createNewOrder][Create Order][from shanghai to taiyuan at 1970-01-02 18:17:36]
2026-03-18 10:03:53.957  INFO 1 --- [io-12031-exec-1] order.service.OrderServiceImpl           : [create][Create Order][Ready to Create Order]
2026-03-18 10:03:53.977  INFO 1 --- [io-12031-exec-1] order.service.OrderServiceImpl           : [create][Order Create Success][Order Price][OrderId:c307d0f1-a126-48e2-896c-955166398904 , Price: 0.0]
2026-03-18 10:03:54.265  INFO 1 --- [io-12031-exec-3] order.controller.OrderController         : [createNewOrder][Create Order][from shanghai to taiyuan at 1970-01-02 18:17:36]
2026-03-18 10:03:54.265  INFO 1 --- [io-12031-exec-3] order.service.OrderServiceImpl           : [create][Create Order][Ready to Create Order]
2026-03-18 10:03:54.288  INFO 1 --- [io-12031-exec-3] order.service.OrderServiceImpl           : [create][Order Create Success][Order Price][OrderId:a22ae9b9-dcfb-4a0f-8d4f-92c52f400105 , Price: 0.0]
2026-03-18 10:03:54.562  INFO 1 --- [io-12031-exec-2] order.controller.OrderController         : [createNewOrder][Create Order][from shanghai to taiyuan at 1970-01-02 18:17:36]
2026-03-18 10:03:54.562  INFO 1 --- [io-12031-exec-2] order.service.OrderServiceImpl           : [create][Create Order][Ready to Create Order]
2026-03-18 10:03:54.580  INFO 1 --- [io-12031-exec-2] order.service.OrderServiceImpl           : [create][Order Create Success][Order Price][OrderId:9da5263e-49c8-4896-b189-a9372afedfd1 , Price: 0.0]
2026-03-18 10:03:54.860  INFO 1 --- [io-12031-exec-5] order.controller.OrderController         : [createNewOrder][Create Order][from shanghai to taiyuan at 1970-01-02 18:17:36]
2026-03-18 10:03:54.860  INFO 1 --- [io-12031-exec-5] order.service.OrderServiceImpl           : [create][Create Order][Ready to Create Order]
2026-03-18 10:03:54.880  INFO 1 --- [io-12031-exec-5] order.service.OrderServiceImpl           : [create][Order Create Success][Order Price][OrderId:3b2b8092-e5b7-4dab-810f-e01bfa4be7c1 , Price: 0.0]
2026-03-18 10:03:55.365  INFO 1 --- [io-12031-exec-4] order.controller.OrderController         : [createNewOrder][Create Order][from shanghai to taiyuan at 1970-01-02 18:17:36]
2026-03-18 10:03:55.365  INFO 1 --- [io-12031-exec-4] order.service.OrderServiceImpl           : [create][Create Order][Ready to Create Order]
2026-03-18 10:03:55.385  INFO 1 --- [io-12031-exec-4] order.service.OrderServiceImpl           : [create][Order Create Success][Order Price][OrderId:c8de7817-5aa6-4bb9-b898-05e543fef434 , Price: 0.0]
2026-03-18 10:03:55.752  INFO 1 --- [io-12031-exec-6] order.controller.OrderController         : [createNewOrder][Create Order][from shanghai to taiyuan at 1970-01-02 18:17:36]
2026-03-18 10:03:55.752  INFO 1 --- [io-12031-exec-6] order.service.OrderServiceImpl           : [create][Create Order][Ready to Create Order]
2026-03-18 10:03:55.774  INFO 1 --- [io-12031-exec-6] order.service.OrderServiceImpl           : [create][Order Create Success][Order Price][OrderId:fffccdf0-7ac4-4159-b323-76a91771902c , Price: 0.0]
2026-03-18 10:03:56.058  INFO 1 --- [io-12031-exec-7] order.controller.OrderController         : [createNewOrder][Create Order][from shanghai to taiyuan at 1970-01-02 18:17:36]
2026-03-18 10:03:56.058  INFO 1 --- [io-12031-exec-7] order.service.OrderServiceImpl           : [create][Create Order][Ready to Create Order]
2026-03-18 10:03:56.078  INFO 1 --- [io-12031-exec-7] order.service.OrderServiceImpl           : [create][Order Create Success][Order Price][OrderId:fc066c1d-57a6-4216-84f2-0e7358e8b3fb , Price: 0.0]
2026-03-18 10:03:56.363  INFO 1 --- [io-12031-exec-8] order.controller.OrderController         : [createNewOrder][Create Order][from shanghai to taiyuan at 1970-01-02 18:17:36]
2026-03-18 10:03:56.363  INFO 1 --- [io-12031-exec-8] order.service.OrderServiceImpl           : [create][Create Order][Ready to Create Order]
2026-03-18 10:03:56.383  INFO 1 --- [io-12031-exec-8] order.service.OrderServiceImpl           : [create][Order Create Success][Order Price][OrderId:dac00b82-da9d-41c7-876e-1e68057c75e5 , Price: 0.0]
2026-03-18 10:03:56.662  INFO 1 --- [o-12031-exec-10] order.controller.OrderController         : [createNewOrder][Create Order][from shanghai to taiyuan at 1970-01-02 18:17:36]
2026-03-18 10:03:56.662  INFO 1 --- [o-12031-exec-10] order.service.OrderServiceImpl           : [create][Create Order][Ready to Create Order]
2026-03-18 10:03:56.681  INFO 1 --- [o-12031-exec-10] order.service.OrderServiceImpl           : [create][Order Create Success][Order Price][OrderId:c260a57c-63f8-462c-8923-afc142332ca2 , Price: 0.0]
2026-03-18 10:03:56.954  INFO 1 --- [io-12031-exec-9] order.controller.OrderController         : [createNewOrder][Create Order][from shanghai to taiyuan at 1970-01-02 18:17:36]
2026-03-18 10:03:56.954  INFO 1 --- [io-12031-exec-9] order.service.OrderServiceImpl           : [create][Create Order][Ready to Create Order]
2026-03-18 10:03:56.972  INFO 1 --- [io-12031-exec-9] order.service.OrderServiceImpl           : [create][Order Create Success][Order Price][OrderId:c0d27be1-9e25-49f3-8b07-537e21dd7d86 , Price: 0.0]
2026-03-18 10:03:57.250  INFO 1 --- [io-12031-exec-1] order.controller.OrderController         : [createNewOrder][Create Order][from shanghai to taiyuan at 1970-01-02 18:17:36]
2026-03-18 10:03:57.251  INFO 1 --- [io-12031-exec-1] order.service.OrderServiceImpl           : [create][Create Order][Ready to Create Order]
2026-03-18 10:03:57.377  INFO 1 --- [io-12031-exec-1] order.service.OrderServiceImpl           : [create][Order Create Success][Order Price][OrderId:c4b364d4-2971-40d9-8055-6a53453c873a , Price: 0.0]
2026-03-18 10:03:57.651  INFO 1 --- [io-12031-exec-3] order.controller.OrderController         : [createNewOrder][Create Order][from shanghai to taiyuan at 1970-01-02 18:17:36]
2026-03-18 10:03:57.651  INFO 1 --- [io-12031-exec-3] order.service.OrderServiceImpl           : [create][Create Order][Ready to Create Order]
2026-03-18 10:03:57.671  INFO 1 --- [io-12031-exec-3] order.service.OrderServiceImpl           : [create][Order Create Success][Order Price][OrderId:674df936-3e2a-4b51-b984-297ab4f606d3 , Price: 0.0]
2026-03-18 10:03:57.951  INFO 1 --- [io-12031-exec-2] order.controller.OrderController         : [createNewOrder][Create Order][from shanghai to taiyuan at 1970-01-02 18:17:36]
2026-03-18 10:03:57.952  INFO 1 --- [io-12031-exec-2] order.service.OrderServiceImpl           : [create][Create Order][Ready to Create Order]
2026-03-18 10:03:57.972  INFO 1 --- [io-12031-exec-2] order.service.OrderServiceImpl           : [create][Order Create Success][Order Price][OrderId:d0f5f642-14dc-4070-8c70-232426e1ae0e , Price: 0.0]
2026-03-18 10:03:58.253  INFO 1 --- [io-12031-exec-5] order.controller.OrderController         : [createNewOrder][Create Order][from shanghai to taiyuan at 1970-01-02 18:17:36]
2026-03-18 10:03:58.253  INFO 1 --- [io-12031-exec-5] order.service.OrderServiceImpl           : [create][Create Order][Ready to Create Order]
2026-03-18 10:03:58.273  INFO 1 --- [io-12031-exec-5] order.service.OrderServiceImpl           : [create][Order Create Success][Order Price][OrderId:4dd76f9c-a1c4-4422-9905-ca085df532c8 , Price: 0.0]
2026-03-18 10:03:58.561  INFO 1 --- [io-12031-exec-4] order.controller.OrderController         : [createNewOrder][Create Order][from shanghai to taiyuan at 1970-01-02 18:17:36]
2026-03-18 10:03:58.561  INFO 1 --- [io-12031-exec-4] order.service.OrderServiceImpl           : [create][Create Order][Ready to Create Order]
2026-03-18 10:03:58.581  INFO 1 --- [io-12031-exec-4] order.service.OrderServiceImpl           : [create][Order Create Success][Order Price][OrderId:0edc498b-c28d-4584-943d-0ddd4f567038 , Price: 0.0]
2026-03-18 10:03:58.863  INFO 1 --- [io-12031-exec-6] order.controller.OrderController         : [createNewOrder][Create Order][from shanghai to taiyuan at 1970-01-02 18:17:36]
2026-03-18 10:03:58.863  INFO 1 --- [io-12031-exec-6] order.service.OrderServiceImpl           : [create][Create Order][Ready to Create Order]
2026-03-18 10:03:59.189  INFO 1 --- [io-12031-exec-6] order.service.OrderServiceImpl           : [create][Order Create Success][Order Price][OrderId:c475ecf5-6abe-410d-b9ff-5ac659619498 , Price: 0.0]
2026-03-18 10:03:59.461  INFO 1 --- [io-12031-exec-7] order.controller.OrderController         : [createNewOrder][Create Order][from shanghai to taiyuan at 1970-01-02 18:17:36]
2026-03-18 10:03:59.461  INFO 1 --- [io-12031-exec-7] order.service.OrderServiceImpl           : [create][Create Order][Ready to Create Order]
2026-03-18 10:03:59.481  INFO 1 --- [io-12031-exec-7] order.service.OrderServiceImpl           : [create][Order Create Success][Order Price][OrderId:fccc5789-f391-4a4e-986f-659e069cac97 , Price: 0.0]
2026-03-18 10:03:59.767  INFO 1 --- [io-12031-exec-8] order.controller.OrderController         : [createNewOrder][Create Order][from shanghai to taiyuan at 1970-01-02 18:17:36]
2026-03-18 10:03:59.767  INFO 1 --- [io-12031-exec-8] order.service.OrderServiceImpl           : [create][Create Order][Ready to Create Order]
2026-03-18 10:03:59.789  INFO 1 --- [io-12031-exec-8] order.service.OrderServiceImpl           : [create][Order Create Success][Order Price][OrderId:85f8e10f-9d5a-4036-8c54-4bf8d974cf92 , Price: 0.0]
2026-03-18 10:04:00.065  INFO 1 --- [o-12031-exec-10] order.controller.OrderController         : [createNewOrder][Create Order][from shanghai to taiyuan at 1970-01-02 18:17:36]
2026-03-18 10:04:00.065  INFO 1 --- [o-12031-exec-10] order.service.OrderServiceImpl           : [create][Create Order][Ready to Create Order]
2026-03-18 10:04:00.086  INFO 1 --- [o-12031-exec-10] order.service.OrderServiceImpl           : [create][Order Create Success][Order Price][OrderId:e9bbf222-8a41-4ef0-a10e-953b7934e49a , Price: 0.0]
2026-03-18 10:04:00.361  INFO 1 --- [io-12031-exec-9] order.controller.OrderController         : [createNewOrder][Create Order][from shanghai to taiyuan at 1970-01-02 18:17:36]
2026-03-18 10:04:00.361  INFO 1 --- [io-12031-exec-9] order.service.OrderServiceImpl           : [create][Create Order][Ready to Create Order]
2026-03-18 10:04:00.381  INFO 1 --- [io-12031-exec-9] order.service.OrderServiceImpl           : [create][Order Create Success][Order Price][OrderId:0b3a1f18-7a11-43c4-bc82-bef64c373a8c , Price: 0.0]
2026-03-18 10:04:00.658  INFO 1 --- [io-12031-exec-1] order.controller.OrderController         : [createNewOrder][Create Order][from shanghai to taiyuan at 1970-01-02 18:17:36]
2026-03-18 10:04:00.658  INFO 1 --- [io-12031-exec-1] order.service.OrderServiceImpl           : [create][Create Order][Ready to Create Order]
2026-03-18 10:04:00.677  INFO 1 --- [io-12031-exec-1] order.service.OrderServiceImpl           : [create][Order Create Success][Order Price][OrderId:38b7a4ab-4adb-45f3-9959-ae88444a269d , Price: 0.0]
2026-03-18 10:04:00.956  INFO 1 --- [io-12031-exec-3] order.controller.OrderController         : [createNewOrder][Create Order][from shanghai to taiyuan at 1970-01-02 18:17:36]
2026-03-18 10:04:00.956  INFO 1 --- [io-12031-exec-3] order.service.OrderServiceImpl           : [create][Create Order][Ready to Create Order]
2026-03-18 10:04:00.995  INFO 1 --- [io-12031-exec-3] order.service.OrderServiceImpl           : [create][Order Create Success][Order Price][OrderId:b0098898-a468-4ac5-8ecb-e9ec58a65f38 , Price: 0.0]
2026-03-18 10:04:01.261  INFO 1 --- [io-12031-exec-5] order.controller.OrderController         : [createNewOrder][Create Order][from shanghai to taiyuan at 1970-01-02 18:17:36]
2026-03-18 10:04:01.261  INFO 1 --- [io-12031-exec-5] order.service.OrderServiceImpl           : [create][Create Order][Ready to Create Order]
2026-03-18 10:04:01.284  INFO 1 --- [io-12031-exec-5] order.service.OrderServiceImpl           : [create][Order Create Success][Order Price][OrderId:ef4b6c31-2616-4724-8af3-05b8d4d8eb83 , Price: 0.0]
2026-03-18 10:04:01.574  INFO 1 --- [io-12031-exec-4] order.controller.OrderController         : [createNewOrder][Create Order][from shanghai to taiyuan at 1970-01-02 18:17:36]
2026-03-18 10:04:01.574  INFO 1 --- [io-12031-exec-4] order.service.OrderServiceImpl           : [create][Create Order][Ready to Create Order]
2026-03-18 10:04:01.592  INFO 1 --- [io-12031-exec-4] order.service.OrderServiceImpl           : [create][Order Create Success][Order Price][OrderId:d50a3e38-ddcf-484f-be11-6c70f2a4a72a , Price: 0.0]
2026-03-18 10:04:01.866  INFO 1 --- [io-12031-exec-6] order.controller.OrderController         : [createNewOrder][Create Order][from shanghai to taiyuan at 1970-01-02 18:17:36]
2026-03-18 10:04:01.866  INFO 1 --- [io-12031-exec-6] order.service.OrderServiceImpl           : [create][Create Order][Ready to Create Order]
2026-03-18 10:04:01.884  INFO 1 --- [io-12031-exec-6] order.service.OrderServiceImpl           : [create][Order Create Success][Order Price][OrderId:6a0c27d1-d8fd-4d54-b43d-8f71048ac4cf , Price: 0.0]
2026-03-18 10:04:02.163  INFO 1 --- [io-12031-exec-7] order.controller.OrderController         : [createNewOrder][Create Order][from shanghai to taiyuan at 1970-01-02 18:17:36]
2026-03-18 10:04:02.163  INFO 1 --- [io-12031-exec-7] order.service.OrderServiceImpl           : [create][Create Order][Ready to Create Order]
2026-03-18 10:04:02.182  INFO 1 --- [io-12031-exec-7] order.service.OrderServiceImpl           : [create][Order Create Success][Order Price][OrderId:e2a9f7e6-a7c3-4092-be64-d327720c354b , Price: 0.0]
2026-03-18 10:04:02.465  INFO 1 --- [io-12031-exec-8] order.controller.OrderController         : [createNewOrder][Create Order][from shanghai to taiyuan at 1970-01-02 18:17:36]
2026-03-18 10:04:02.465  INFO 1 --- [io-12031-exec-8] order.service.OrderServiceImpl           : [create][Create Order][Ready to Create Order]
2026-03-18 10:04:02.692  INFO 1 --- [io-12031-exec-8] order.service.OrderServiceImpl           : [create][Order Create Success][Order Price][OrderId:938099e0-bc22-4a65-9992-6a156e156dbe , Price: 0.0]
2026-03-18 10:04:02.968  INFO 1 --- [o-12031-exec-10] order.controller.OrderController         : [createNewOrder][Create Order][from shanghai to taiyuan at 1970-01-02 18:17:36]
2026-03-18 10:04:02.968  INFO 1 --- [o-12031-exec-10] order.service.OrderServiceImpl           : [create][Create Order][Ready to Create Order]
2026-03-18 10:04:02.990  INFO 1 --- [o-12031-exec-10] order.service.OrderServiceImpl           : [create][Order Create Success][Order Price][OrderId:dd249180-1cfb-4b3c-a0af-2748004c895f , Price: 0.0]
2026-03-18 10:04:03.260  INFO 1 --- [io-12031-exec-9] order.controller.OrderController         : [createNewOrder][Create Order][from shanghai to taiyuan at 1970-01-02 18:17:36]
2026-03-18 10:04:03.260  INFO 1 --- [io-12031-exec-9] order.service.OrderServiceImpl           : [create][Create Order][Ready to Create Order]
2026-03-18 10:04:03.280  INFO 1 --- [io-12031-exec-9] order.service.OrderServiceImpl           : [create][Order Create Success][Order Price][OrderId:6d4c8073-6b0a-45b5-9a69-126ada6c1f74 , Price: 0.0]
2026-03-18 10:04:03.559  INFO 1 --- [io-12031-exec-1] order.controller.OrderController         : [createNewOrder][Create Order][from shanghai to taiyuan at 1970-01-02 18:17:36]
2026-03-18 10:04:03.559  INFO 1 --- [io-12031-exec-1] order.service.OrderServiceImpl           : [create][Create Order][Ready to Create Order]
2026-03-18 10:04:03.578  INFO 1 --- [io-12031-exec-1] order.service.OrderServiceImpl           : [create][Order Create Success][Order Price][OrderId:e1bca653-b815-4879-85a7-24795767fccd , Price: 0.0]
2026-03-18 10:04:03.854  INFO 1 --- [io-12031-exec-3] order.controller.OrderController         : [createNewOrder][Create Order][from shanghai to taiyuan at 1970-01-02 18:17:36]
2026-03-18 10:04:03.854  INFO 1 --- [io-12031-exec-3] order.service.OrderServiceImpl           : [create][Create Order][Ready to Create Order]
2026-03-18 10:04:03.872  INFO 1 --- [io-12031-exec-3] order.service.OrderServiceImpl           : [create][Order Create Success][Order Price][OrderId:b8b9cf14-ae57-48c0-a90d-c744b66d68e6 , Price: 0.0]
2026-03-18 10:04:04.144  INFO 1 --- [io-12031-exec-2] order.controller.OrderController         : [createNewOrder][Create Order][from shanghai to taiyuan at 1970-01-02 18:17:36]
2026-03-18 10:04:04.145  INFO 1 --- [io-12031-exec-2] order.service.OrderServiceImpl           : [create][Create Order][Ready to Create Order]
2026-03-18 10:04:04.183  INFO 1 --- [io-12031-exec-2] order.service.OrderServiceImpl           : [create][Order Create Success][Order Price][OrderId:9e511a04-aea4-4b8d-acdc-2dd883129e96 , Price: 0.0]
2026-03-18 10:04:04.466  INFO 1 --- [io-12031-exec-5] order.controller.OrderController         : [createNewOrder][Create Order][from shanghai to taiyuan at 1970-01-02 18:17:36]
2026-03-18 10:04:04.466  INFO 1 --- [io-12031-exec-5] order.service.OrderServiceImpl           : [create][Create Order][Ready to Create Order]
2026-03-18 10:04:04.490  INFO 1 --- [io-12031-exec-5] order.service.OrderServiceImpl           : [create][Order Create Success][Order Price][OrderId:eeb4ee9a-2bd2-423e-8e72-6f1af7fe44b8 , Price: 0.0]
2026-03-18 10:04:04.760  INFO 1 --- [io-12031-exec-4] order.controller.OrderController         : [createNewOrder][Create Order][from shanghai to taiyuan at 1970-01-02 18:17:36]
2026-03-18 10:04:04.760  INFO 1 --- [io-12031-exec-4] order.service.OrderServiceImpl           : [create][Create Order][Ready to Create Order]
2026-03-18 10:04:04.780  INFO 1 --- [io-12031-exec-4] order.service.OrderServiceImpl           : [create][Order Create Success][Order Price][OrderId:6d5dbd5d-5b98-49b5-9b4f-9ff5866d0c7a , Price: 0.0]
2026-03-18 10:04:05.065  INFO 1 --- [io-12031-exec-6] order.controller.OrderController         : [createNewOrder][Create Order][from shanghai to taiyuan at 1970-01-02 18:17:36]
2026-03-18 10:04:05.065  INFO 1 --- [io-12031-exec-6] order.service.OrderServiceImpl           : [create][Create Order][Ready to Create Order]
2026-03-18 10:04:05.084  INFO 1 --- [io-12031-exec-6] order.service.OrderServiceImpl           : [create][Order Create Success][Order Price][OrderId:7651e240-eb52-4939-b29c-2717a29dbac1 , Price: 0.0]
2026-03-18 10:04:05.361  INFO 1 --- [io-12031-exec-7] order.controller.OrderController         : [createNewOrder][Create Order][from shanghai to taiyuan at 1970-01-02 18:17:36]
2026-03-18 10:04:05.361  INFO 1 --- [io-12031-exec-7] order.service.OrderServiceImpl           : [create][Create Order][Ready to Create Order]
2026-03-18 10:04:05.380  INFO 1 --- [io-12031-exec-7] order.service.OrderServiceImpl           : [create][Order Create Success][Order Price][OrderId:497f9d04-2603-4102-9737-6899d3fc7acb , Price: 0.0]
2026-03-18 10:04:05.668  INFO 1 --- [io-12031-exec-8] order.controller.OrderController         : [createNewOrder][Create Order][from shanghai to taiyuan at 1970-01-02 18:17:36]
2026-03-18 10:04:05.668  INFO 1 --- [io-12031-exec-8] order.service.OrderServiceImpl           : [create][Create Order][Ready to Create Order]
2026-03-18 10:04:05.783  INFO 1 --- [io-12031-exec-8] order.service.OrderServiceImpl           : [create][Order Create Success][Order Price][OrderId:383b0a57-5607-4696-b97d-130e82f2474c , Price: 0.0]
2026-03-18 10:04:06.058  INFO 1 --- [o-12031-exec-10] order.controller.OrderController         : [createNewOrder][Create Order][from shanghai to taiyuan at 1970-01-02 18:17:36]
2026-03-18 10:04:06.058  INFO 1 --- [o-12031-exec-10] order.service.OrderServiceImpl           : [create][Create Order][Ready to Create Order]
2026-03-18 10:04:06.076  INFO 1 --- [o-12031-exec-10] order.service.OrderServiceImpl           : [create][Order Create Success][Order Price][OrderId:6bda52d1-26ff-4d11-a8f1-eeeae951c436 , Price: 0.0]
2026-03-18 10:04:06.362  INFO 1 --- [io-12031-exec-9] order.controller.OrderController         : [createNewOrder][Create Order][from shanghai to taiyuan at 1970-01-02 18:17:36]
2026-03-18 10:04:06.362  INFO 1 --- [io-12031-exec-9] order.service.OrderServiceImpl           : [create][Create Order][Ready to Create Order]
2026-03-18 10:04:06.381  INFO 1 --- [io-12031-exec-9] order.service.OrderServiceImpl           : [create][Order Create Success][Order Price][OrderId:48728963-2a6d-4b5c-8e70-c52df48e5c3f , Price: 0.0]
2026-03-18 10:04:06.661  INFO 1 --- [io-12031-exec-1] order.controller.OrderController         : [createNewOrder][Create Order][from shanghai to taiyuan at 1970-01-02 18:17:36]
2026-03-18 10:04:06.661  INFO 1 --- [io-12031-exec-1] order.service.OrderServiceImpl           : [create][Create Order][Ready to Create Order]
2026-03-18 10:04:06.681  INFO 1 --- [io-12031-exec-1] order.service.OrderServiceImpl           : [create][Order Create Success][Order Price][OrderId:ecbee00c-e6d1-4bc7-b996-cd44c79bebeb , Price: 0.0]
2026-03-18 10:04:06.961  INFO 1 --- [io-12031-exec-3] order.controller.OrderController         : [createNewOrder][Create Order][from shanghai to taiyuan at 1970-01-02 18:17:36]
2026-03-18 10:04:06.961  INFO 1 --- [io-12031-exec-3] order.service.OrderServiceImpl           : [create][Create Order][Ready to Create Order]
2026-03-18 10:04:06.984  INFO 1 --- [io-12031-exec-3] order.service.OrderServiceImpl           : [create][Order Create Success][Order Price][OrderId:b9747274-519f-44e6-b5ef-52d0a421c83e , Price: 0.0]
2026-03-18 10:04:07.264  INFO 1 --- [io-12031-exec-2] order.controller.OrderController         : [createNewOrder][Create Order][from shanghai to taiyuan at 1970-01-02 18:17:36]
2026-03-18 10:04:07.265  INFO 1 --- [io-12031-exec-2] order.service.OrderServiceImpl           : [create][Create Order][Ready to Create Order]
2026-03-18 10:04:07.287  INFO 1 --- [io-12031-exec-2] order.service.OrderServiceImpl           : [create][Order Create Success][Order Price][OrderId:517b3a75-2990-49ee-bae5-9ff9496b6f80 , Price: 0.0]
2026-03-18 10:04:07.558  INFO 1 --- [io-12031-exec-5] order.controller.OrderController         : [createNewOrder][Create Order][from shanghai to taiyuan at 1970-01-02 18:17:36]
2026-03-18 10:04:07.558  INFO 1 --- [io-12031-exec-5] order.service.OrderServiceImpl           : [create][Create Order][Ready to Create Order]
2026-03-18 10:04:07.584  INFO 1 --- [io-12031-exec-5] order.service.OrderServiceImpl           : [create][Order Create Success][Order Price][OrderId:6792cc16-8c23-4878-b836-0eeac7bdc191 , Price: 0.0]
2026-03-18 10:04:07.858  INFO 1 --- [io-12031-exec-4] order.controller.OrderController         : [createNewOrder][Create Order][from shanghai to taiyuan at 1970-01-02 18:17:36]
2026-03-18 10:04:07.858  INFO 1 --- [io-12031-exec-4] order.service.OrderServiceImpl           : [create][Create Order][Ready to Create Order]
2026-03-18 10:04:07.877  INFO 1 --- [io-12031-exec-4] order.service.OrderServiceImpl           : [create][Order Create Success][Order Price][OrderId:9b6261db-1315-438c-bb74-d273913947bb , Price: 0.0]
2026-03-18 10:04:08.160  INFO 1 --- [io-12031-exec-6] order.controller.OrderController         : [createNewOrder][Create Order][from shanghai to taiyuan at 1970-01-02 18:17:36]
2026-03-18 10:04:08.160  INFO 1 --- [io-12031-exec-6] order.service.OrderServiceImpl           : [create][Create Order][Ready to Create Order]
2026-03-18 10:04:08.180  INFO 1 --- [io-12031-exec-6] order.service.OrderServiceImpl           : [create][Order Create Success][Order Price][OrderId:0b6d786e-4166-4dcf-8b50-dbbea8f6268a , Price: 0.0]
2026-03-18 10:04:08.466  INFO 1 --- [io-12031-exec-7] order.controller.OrderController         : [createNewOrder][Create Order][from shanghai to taiyuan at 1970-01-02 18:17:36]
2026-03-18 10:04:08.467  INFO 1 --- [io-12031-exec-7] order.service.OrderServiceImpl           : [create][Create Order][Ready to Create Order]
2026-03-18 10:04:08.487  INFO 1 --- [io-12031-exec-7] order.service.OrderServiceImpl           : [create][Order Create Success][Order Price][OrderId:e4ceac28-4789-4eeb-9ae1-5fa7b5dfeabd , Price: 0.0]
2026-03-18 10:04:08.767  INFO 1 --- [io-12031-exec-8] order.controller.OrderController         : [createNewOrder][Create Order][from shanghai to taiyuan at 1970-01-02 18:17:36]
2026-03-18 10:04:08.767  INFO 1 --- [io-12031-exec-8] order.service.OrderServiceImpl           : [create][Create Order][Ready to Create Order]
2026-03-18 10:04:08.787  INFO 1 --- [io-12031-exec-8] order.service.OrderServiceImpl           : [create][Order Create Success][Order Price][OrderId:cc802d94-69ed-4368-88b4-30d2024733c9 , Price: 0.0]
2026-03-18 10:04:09.058  INFO 1 --- [o-12031-exec-10] order.controller.OrderController         : [createNewOrder][Create Order][from shanghai to taiyuan at 1970-01-02 18:17:36]
2026-03-18 10:04:09.058  INFO 1 --- [o-12031-exec-10] order.service.OrderServiceImpl           : [create][Create Order][Ready to Create Order]
2026-03-18 10:04:09.084  INFO 1 --- [o-12031-exec-10] order.service.OrderServiceImpl           : [create][Order Create Success][Order Price][OrderId:7f51dc72-7458-4c0c-a229-d1f43474dcd0 , Price: 0.0]
2026-03-18 10:04:09.358  INFO 1 --- [io-12031-exec-9] order.controller.OrderController         : [createNewOrder][Create Order][from shanghai to taiyuan at 1970-01-02 18:17:36]
2026-03-18 10:04:09.358  INFO 1 --- [io-12031-exec-9] order.service.OrderServiceImpl           : [create][Create Order][Ready to Create Order]
2026-03-18 10:04:09.378  INFO 1 --- [io-12031-exec-9] order.service.OrderServiceImpl           : [create][Order Create Success][Order Price][OrderId:29bed6a9-461d-4875-995a-2d71596ed678 , Price: 0.0]
2026-03-18 10:04:09.653  INFO 1 --- [io-12031-exec-1] order.controller.OrderController         : [createNewOrder][Create Order][from shanghai to taiyuan at 1970-01-02 18:17:36]
2026-03-18 10:04:09.653  INFO 1 --- [io-12031-exec-1] order.service.OrderServiceImpl           : [create][Create Order][Ready to Create Order]
2026-03-18 10:04:09.673  INFO 1 --- [io-12031-exec-1] order.service.OrderServiceImpl           : [create][Order Create Success][Order Price][OrderId:eafa4dc8-accf-4463-bfb5-4079bbb802ef , Price: 0.0]
2026-03-18 10:04:09.951  INFO 1 --- [io-12031-exec-3] order.controller.OrderController         : [createNewOrder][Create Order][from shanghai to taiyuan at 1970-01-02 18:17:36]
2026-03-18 10:04:09.951  INFO 1 --- [io-12031-exec-3] order.service.OrderServiceImpl           : [create][Create Order][Ready to Create Order]
2026-03-18 10:04:09.976  INFO 1 --- [io-12031-exec-3] order.service.OrderServiceImpl           : [create][Order Create Success][Order Price][OrderId:1f4c2411-f8b1-42f3-a61c-4b7b62a2072f , Price: 0.0]
2026-03-18 10:04:10.261  INFO 1 --- [io-12031-exec-2] order.controller.OrderController         : [createNewOrder][Create Order][from shanghai to taiyuan at 1970-01-02 18:17:36]
2026-03-18 10:04:10.261  INFO 1 --- [io-12031-exec-2] order.service.OrderServiceImpl           : [create][Create Order][Ready to Create Order]
2026-03-18 10:04:10.284  INFO 1 --- [io-12031-exec-2] order.service.OrderServiceImpl           : [create][Order Create Success][Order Price][OrderId:e5cf75e0-578e-4fe9-92e5-4f99472c9091 , Price: 0.0]
2026-03-18 10:04:10.560  INFO 1 --- [io-12031-exec-5] order.controller.OrderController         : [createNewOrder][Create Order][from shanghai to taiyuan at 1970-01-02 18:17:36]
2026-03-18 10:04:10.561  INFO 1 --- [io-12031-exec-5] order.service.OrderServiceImpl           : [create][Create Order][Ready to Create Order]
2026-03-18 10:04:10.686  INFO 1 --- [io-12031-exec-5] order.service.OrderServiceImpl           : [create][Order Create Success][Order Price][OrderId:551e10c1-136a-4c08-b418-22c8674a8798 , Price: 0.0]
2026-03-18 10:04:10.962  INFO 1 --- [io-12031-exec-4] order.controller.OrderController         : [createNewOrder][Create Order][from shanghai to taiyuan at 1970-01-02 18:17:36]
2026-03-18 10:04:10.962  INFO 1 --- [io-12031-exec-4] order.service.OrderServiceImpl           : [create][Create Order][Ready to Create Order]
2026-03-18 10:04:10.984  INFO 1 --- [io-12031-exec-4] order.service.OrderServiceImpl           : [create][Order Create Success][Order Price][OrderId:fdb649c8-36af-4034-a2e9-118b8dce3f84 , Price: 0.0]
2026-03-18 10:04:11.261  INFO 1 --- [io-12031-exec-7] order.controller.OrderController         : [createNewOrder][Create Order][from shanghai to taiyuan at 1970-01-02 18:17:36]
2026-03-18 10:04:11.261  INFO 1 --- [io-12031-exec-7] order.service.OrderServiceImpl           : [create][Create Order][Ready to Create Order]
2026-03-18 10:04:11.281  INFO 1 --- [io-12031-exec-7] order.service.OrderServiceImpl           : [create][Order Create Success][Order Price][OrderId:01fbe10c-8a33-476a-a05f-27aa1e6b72d4 , Price: 0.0]
2026-03-18 10:04:11.584  INFO 1 --- [io-12031-exec-8] order.controller.OrderController         : [createNewOrder][Create Order][from shanghai to taiyuan at 1970-01-02 18:17:36]
2026-03-18 10:04:11.584  INFO 1 --- [io-12031-exec-8] order.service.OrderServiceImpl           : [create][Create Order][Ready to Create Order]
2026-03-18 10:04:11.606  INFO 1 --- [io-12031-exec-8] order.service.OrderServiceImpl           : [create][Order Create Success][Order Price][OrderId:c8ebd400-adb1-4d3c-9d7e-54098dc8fce0 , Price: 0.0]
2026-03-18 10:04:11.855  INFO 1 --- [o-12031-exec-10] order.controller.OrderController         : [createNewOrder][Create Order][from shanghai to taiyuan at 1970-01-02 18:17:36]
2026-03-18 10:04:11.855  INFO 1 --- [o-12031-exec-10] order.service.OrderServiceImpl           : [create][Create Order][Ready to Create Order]
2026-03-18 10:04:11.873  INFO 1 --- [o-12031-exec-10] order.service.OrderServiceImpl           : [create][Order Create Success][Order Price][OrderId:425ed82e-128a-4547-8055-265df45594e7 , Price: 0.0]
2026-03-18 10:04:12.155  INFO 1 --- [io-12031-exec-9] order.controller.OrderController         : [createNewOrder][Create Order][from shanghai to taiyuan at 1970-01-02 18:17:36]
2026-03-18 10:04:12.155  INFO 1 --- [io-12031-exec-9] order.service.OrderServiceImpl           : [create][Create Order][Ready to Create Order]
2026-03-18 10:04:12.283  INFO 1 --- [io-12031-exec-9] order.service.OrderServiceImpl           : [create][Order Create Success][Order Price][OrderId:889ab634-67a4-4675-ae0a-872454d721db , Price: 0.0]
2026-03-18 10:04:12.556  INFO 1 --- [io-12031-exec-1] order.controller.OrderController         : [createNewOrder][Create Order][from shanghai to taiyuan at 1970-01-02 18:17:36]
2026-03-18 10:04:12.556  INFO 1 --- [io-12031-exec-1] order.service.OrderServiceImpl           : [create][Create Order][Ready to Create Order]
2026-03-18 10:04:12.577  INFO 1 --- [io-12031-exec-1] order.service.OrderServiceImpl           : [create][Order Create Success][Order Price][OrderId:88c4a719-2f33-421c-831e-03107018c61e , Price: 0.0]
2026-03-18 10:04:12.864  INFO 1 --- [io-12031-exec-3] order.controller.OrderController         : [createNewOrder][Create Order][from shanghai to taiyuan at 1970-01-02 18:17:36]
2026-03-18 10:04:12.864  INFO 1 --- [io-12031-exec-3] order.service.OrderServiceImpl           : [create][Create Order][Ready to Create Order]
2026-03-18 10:04:12.887  INFO 1 --- [io-12031-exec-3] order.service.OrderServiceImpl           : [create][Order Create Success][Order Price][OrderId:4963e0b8-1091-4694-98a2-780f17ce48e6 , Price: 0.0]
2026-03-18 10:04:13.163  INFO 1 --- [io-12031-exec-2] order.controller.OrderController         : [createNewOrder][Create Order][from shanghai to taiyuan at 1970-01-02 18:17:36]
2026-03-18 10:04:13.163  INFO 1 --- [io-12031-exec-2] order.service.OrderServiceImpl           : [create][Create Order][Ready to Create Order]
2026-03-18 10:04:13.182  INFO 1 --- [io-12031-exec-2] order.service.OrderServiceImpl           : [create][Order Create Success][Order Price][OrderId:face82ac-ea67-42ee-8138-f0b4965a753c , Price: 0.0]
2026-03-18 10:04:13.466  INFO 1 --- [io-12031-exec-5] order.controller.OrderController         : [createNewOrder][Create Order][from shanghai to taiyuan at 1970-01-02 18:17:36]
2026-03-18 10:04:13.466  INFO 1 --- [io-12031-exec-5] order.service.OrderServiceImpl           : [create][Create Order][Ready to Create Order]
2026-03-18 10:04:13.488  INFO 1 --- [io-12031-exec-5] order.service.OrderServiceImpl           : [create][Order Create Success][Order Price][OrderId:b15cd5ec-452d-444d-b9fd-213a5987637e , Price: 0.0]
2026-03-18 10:04:13.762  INFO 1 --- [io-12031-exec-4] order.controller.OrderController         : [createNewOrder][Create Order][from shanghai to taiyuan at 1970-01-02 18:17:36]
2026-03-18 10:04:13.762  INFO 1 --- [io-12031-exec-4] order.service.OrderServiceImpl           : [create][Create Order][Ready to Create Order]
2026-03-18 10:04:13.876  INFO 1 --- [io-12031-exec-4] order.service.OrderServiceImpl           : [create][Order Create Success][Order Price][OrderId:acb5c5a7-51d2-49d6-b075-41a90dc95815 , Price: 0.0]
2026-03-18 10:04:14.163  INFO 1 --- [io-12031-exec-6] order.controller.OrderController         : [createNewOrder][Create Order][from shanghai to taiyuan at 1970-01-02 18:17:36]
2026-03-18 10:04:14.163  INFO 1 --- [io-12031-exec-6] order.service.OrderServiceImpl           : [create][Create Order][Ready to Create Order]
2026-03-18 10:04:14.186  INFO 1 --- [io-12031-exec-6] order.service.OrderServiceImpl           : [create][Order Create Success][Order Price][OrderId:cae48024-2f70-4bbb-8394-207647bc3795 , Price: 0.0]
2026-03-18 10:04:14.462  INFO 1 --- [io-12031-exec-7] order.controller.OrderController         : [createNewOrder][Create Order][from shanghai to taiyuan at 1970-01-02 18:17:36]
2026-03-18 10:04:14.462  INFO 1 --- [io-12031-exec-7] order.service.OrderServiceImpl           : [create][Create Order][Ready to Create Order]
2026-03-18 10:04:14.483  INFO 1 --- [io-12031-exec-7] order.service.OrderServiceImpl           : [create][Order Create Success][Order Price][OrderId:a35a0fbd-ad01-4aa2-b708-fdbff3b202a8 , Price: 0.0]
2026-03-18 10:04:14.763  INFO 1 --- [io-12031-exec-8] order.controller.OrderController         : [createNewOrder][Create Order][from shanghai to taiyuan at 1970-01-02 18:17:36]
2026-03-18 10:04:14.763  INFO 1 --- [io-12031-exec-8] order.service.OrderServiceImpl           : [create][Create Order][Ready to Create Order]
2026-03-18 10:04:14.786  INFO 1 --- [io-12031-exec-8] order.service.OrderServiceImpl           : [create][Order Create Success][Order Price][OrderId:f0cc6278-9f74-4442-9cb6-bd9e2fe0047d , Price: 0.0]
2026-03-18 10:04:15.081  INFO 1 --- [o-12031-exec-10] order.controller.OrderController         : [createNewOrder][Create Order][from shanghai to taiyuan at 1970-01-02 18:17:36]
2026-03-18 10:04:15.081  INFO 1 --- [o-12031-exec-10] order.service.OrderServiceImpl           : [create][Create Order][Ready to Create Order]
2026-03-18 10:04:15.101  INFO 1 --- [o-12031-exec-10] order.service.OrderServiceImpl           : [create][Order Create Success][Order Price][OrderId:3804e608-dc2b-4d0c-b055-77a525161ce9 , Price: 0.0]
2026-03-18 10:04:15.370  INFO 1 --- [io-12031-exec-9] order.controller.OrderController         : [createNewOrder][Create Order][from shanghai to taiyuan at 1970-01-02 18:17:36]
2026-03-18 10:04:15.370  INFO 1 --- [io-12031-exec-9] order.service.OrderServiceImpl           : [create][Create Order][Ready to Create Order]
2026-03-18 10:04:15.390  INFO 1 --- [io-12031-exec-9] order.service.OrderServiceImpl           : [create][Order Create Success][Order Price][OrderId:7df1b285-0070-49f4-a962-fa670f4b199d , Price: 0.0]
2026-03-18 10:04:15.662  INFO 1 --- [io-12031-exec-1] order.controller.OrderController         : [createNewOrder][Create Order][from shanghai to taiyuan at 1970-01-02 18:17:36]
2026-03-18 10:04:15.662  INFO 1 --- [io-12031-exec-1] order.service.OrderServiceImpl           : [create][Create Order][Ready to Create Order]
2026-03-18 10:04:15.773  INFO 1 --- [io-12031-exec-1] order.service.OrderServiceImpl           : [create][Order Create Success][Order Price][OrderId:9eef9c8c-6651-41b3-b54f-14c300d6396f , Price: 0.0]
2026-03-18 10:04:16.053  INFO 1 --- [io-12031-exec-3] order.controller.OrderController         : [createNewOrder][Create Order][from shanghai to taiyuan at 1970-01-02 18:17:36]
2026-03-18 10:04:16.053  INFO 1 --- [io-12031-exec-3] order.service.OrderServiceImpl           : [create][Create Order][Ready to Create Order]
2026-03-18 10:04:16.071  INFO 1 --- [io-12031-exec-3] order.service.OrderServiceImpl           : [create][Order Create Success][Order Price][OrderId:3b0851e9-f0e5-4475-b95d-c6c2617da56c , Price: 0.0]
2026-03-18 10:04:16.353  INFO 1 --- [io-12031-exec-2] order.controller.OrderController         : [createNewOrder][Create Order][from shanghai to taiyuan at 1970-01-02 18:17:36]
2026-03-18 10:04:16.353  INFO 1 --- [io-12031-exec-2] order.service.OrderServiceImpl           : [create][Create Order][Ready to Create Order]
2026-03-18 10:04:16.372  INFO 1 --- [io-12031-exec-2] order.service.OrderServiceImpl           : [create][Order Create Success][Order Price][OrderId:61ed0e36-86db-455a-8f6b-e23739a943f1 , Price: 0.0]
2026-03-18 10:04:16.675  INFO 1 --- [io-12031-exec-5] order.controller.OrderController         : [createNewOrder][Create Order][from shanghai to taiyuan at 1970-01-02 18:17:36]
2026-03-18 10:04:16.675  INFO 1 --- [io-12031-exec-5] order.service.OrderServiceImpl           : [create][Create Order][Ready to Create Order]
2026-03-18 10:04:16.704  INFO 1 --- [io-12031-exec-5] order.service.OrderServiceImpl           : [create][Order Create Success][Order Price][OrderId:6a528486-d7fb-45a7-9fb6-77a0f6c980c6 , Price: 0.0]
2026-03-18 10:04:16.960  INFO 1 --- [io-12031-exec-4] order.controller.OrderController         : [createNewOrder][Create Order][from shanghai to taiyuan at 1970-01-02 18:17:36]
2026-03-18 10:04:16.960  INFO 1 --- [io-12031-exec-4] order.service.OrderServiceImpl           : [create][Create Order][Ready to Create Order]
2026-03-18 10:04:16.982  INFO 1 --- [io-12031-exec-4] order.service.OrderServiceImpl           : [create][Order Create Success][Order Price][OrderId:74278c89-72d7-4305-adba-f2ced9a202e0 , Price: 0.0]
2026-03-18 10:04:17.268  INFO 1 --- [io-12031-exec-6] order.controller.OrderController         : [createNewOrder][Create Order][from shanghai to taiyuan at 1970-01-02 18:17:36]
2026-03-18 10:04:17.268  INFO 1 --- [io-12031-exec-6] order.service.OrderServiceImpl           : [create][Create Order][Ready to Create Order]
2026-03-18 10:04:17.395  INFO 1 --- [io-12031-exec-6] order.service.OrderServiceImpl           : [create][Order Create Success][Order Price][OrderId:c0e1d36b-835f-46ec-99a4-a51a9684860c , Price: 0.0]
2026-03-18 10:04:17.660  INFO 1 --- [io-12031-exec-7] order.controller.OrderController         : [createNewOrder][Create Order][from shanghai to taiyuan at 1970-01-02 18:17:36]
2026-03-18 10:04:17.661  INFO 1 --- [io-12031-exec-7] order.service.OrderServiceImpl           : [create][Create Order][Ready to Create Order]
2026-03-18 10:04:17.679  INFO 1 --- [io-12031-exec-7] order.service.OrderServiceImpl           : [create][Order Create Success][Order Price][OrderId:aed1afd8-0b7d-40d3-a6b7-918e88dceb04 , Price: 0.0]
2026-03-18 10:04:17.958  INFO 1 --- [io-12031-exec-8] order.controller.OrderController         : [createNewOrder][Create Order][from shanghai to taiyuan at 1970-01-02 18:17:36]
2026-03-18 10:04:17.958  INFO 1 --- [io-12031-exec-8] order.service.OrderServiceImpl           : [create][Create Order][Ready to Create Order]
2026-03-18 10:04:17.979  INFO 1 --- [io-12031-exec-8] order.service.OrderServiceImpl           : [create][Order Create Success][Order Price][OrderId:7d6c9c93-4d00-4571-a440-546706cda754 , Price: 0.0]
2026-03-18 10:04:18.263  INFO 1 --- [o-12031-exec-10] order.controller.OrderController         : [createNewOrder][Create Order][from shanghai to taiyuan at 1970-01-02 18:17:36]
2026-03-18 10:04:18.263  INFO 1 --- [o-12031-exec-10] order.service.OrderServiceImpl           : [create][Create Order][Ready to Create Order]
2026-03-18 10:04:18.286  INFO 1 --- [o-12031-exec-10] order.service.OrderServiceImpl           : [create][Order Create Success][Order Price][OrderId:44372e82-8440-4ac6-aa43-b4ecd2033b54 , Price: 0.0]
2026-03-18 10:04:18.555  INFO 1 --- [io-12031-exec-9] order.controller.OrderController         : [createNewOrder][Create Order][from shanghai to taiyuan at 1970-01-02 18:17:36]
2026-03-18 10:04:18.555  INFO 1 --- [io-12031-exec-9] order.service.OrderServiceImpl           : [create][Create Order][Ready to Create Order]
2026-03-18 10:04:18.574  INFO 1 --- [io-12031-exec-9] order.service.OrderServiceImpl           : [create][Order Create Success][Order Price][OrderId:ad757cd7-99b7-42c4-8c57-42a595beedfd , Price: 0.0]
2026-03-18 10:04:18.854  INFO 1 --- [io-12031-exec-1] order.controller.OrderController         : [createNewOrder][Create Order][from shanghai to taiyuan at 1970-01-02 18:17:36]
2026-03-18 10:04:18.854  INFO 1 --- [io-12031-exec-1] order.service.OrderServiceImpl           : [create][Create Order][Ready to Create Order]
2026-03-18 10:04:18.891  INFO 1 --- [io-12031-exec-1] order.service.OrderServiceImpl           : [create][Order Create Success][Order Price][OrderId:4537ade2-2085-4b5c-9ada-639200e1fb95 , Price: 0.0]
2026-03-18 10:04:19.159  INFO 1 --- [io-12031-exec-3] order.controller.OrderController         : [createNewOrder][Create Order][from shanghai to taiyuan at 1970-01-02 18:17:36]
2026-03-18 10:04:19.160  INFO 1 --- [io-12031-exec-3] order.service.OrderServiceImpl           : [create][Create Order][Ready to Create Order]
2026-03-18 10:04:19.180  INFO 1 --- [io-12031-exec-3] order.service.OrderServiceImpl           : [create][Order Create Success][Order Price][OrderId:ceec898c-029a-4584-8443-f84f9ea89e0f , Price: 0.0]
2026-03-18 10:04:19.456  INFO 1 --- [io-12031-exec-2] order.controller.OrderController         : [createNewOrder][Create Order][from shanghai to taiyuan at 1970-01-02 18:17:36]
2026-03-18 10:04:19.456  INFO 1 --- [io-12031-exec-2] order.service.OrderServiceImpl           : [create][Create Order][Ready to Create Order]
2026-03-18 10:04:19.476  INFO 1 --- [io-12031-exec-2] order.service.OrderServiceImpl           : [create][Order Create Success][Order Price][OrderId:e8cb835a-92d1-4b8c-b564-e41b468c559e , Price: 0.0]
2026-03-18 10:04:19.754  INFO 1 --- [io-12031-exec-5] order.controller.OrderController         : [createNewOrder][Create Order][from shanghai to taiyuan at 1970-01-02 18:17:36]
2026-03-18 10:04:19.755  INFO 1 --- [io-12031-exec-5] order.service.OrderServiceImpl           : [create][Create Order][Ready to Create Order]
2026-03-18 10:04:19.774  INFO 1 --- [io-12031-exec-5] order.service.OrderServiceImpl           : [create][Order Create Success][Order Price][OrderId:832a2d17-73f1-40d2-8199-bbdabb735500 , Price: 0.0]
2026-03-18 10:04:20.055  INFO 1 --- [io-12031-exec-4] order.controller.OrderController         : [createNewOrder][Create Order][from shanghai to taiyuan at 1970-01-02 18:17:36]
2026-03-18 10:04:20.055  INFO 1 --- [io-12031-exec-4] order.service.OrderServiceImpl           : [create][Create Order][Ready to Create Order]
2026-03-18 10:04:20.075  INFO 1 --- [io-12031-exec-4] order.service.OrderServiceImpl           : [create][Order Create Success][Order Price][OrderId:689f7176-1623-40ae-b4fc-bd50b3501b46 , Price: 0.0]
2026-03-18 10:04:20.358  INFO 1 --- [io-12031-exec-6] order.controller.OrderController         : [createNewOrder][Create Order][from shanghai to taiyuan at 1970-01-02 18:17:36]
2026-03-18 10:04:20.358  INFO 1 --- [io-12031-exec-6] order.service.OrderServiceImpl           : [create][Create Order][Ready to Create Order]
2026-03-18 10:04:20.387  INFO 1 --- [io-12031-exec-6] order.service.OrderServiceImpl           : [create][Order Create Success][Order Price][OrderId:01708799-db26-4a95-873a-9b3ef69a6dd9 , Price: 0.0]
2026-03-18 10:04:20.662  INFO 1 --- [io-12031-exec-7] order.controller.OrderController         : [createNewOrder][Create Order][from shanghai to taiyuan at 1970-01-02 18:17:36]
2026-03-18 10:04:20.662  INFO 1 --- [io-12031-exec-7] order.service.OrderServiceImpl           : [create][Create Order][Ready to Create Order]
2026-03-18 10:04:20.682  INFO 1 --- [io-12031-exec-7] order.service.OrderServiceImpl           : [create][Order Create Success][Order Price][OrderId:d49cde22-143a-4c1f-bf36-6c5b2f3f9252 , Price: 0.0]
2026-03-18 10:04:20.961  INFO 1 --- [io-12031-exec-8] order.controller.OrderController         : [createNewOrder][Create Order][from shanghai to taiyuan at 1970-01-02 18:17:36]
2026-03-18 10:04:20.961  INFO 1 --- [io-12031-exec-8] order.service.OrderServiceImpl           : [create][Create Order][Ready to Create Order]
2026-03-18 10:04:20.982  INFO 1 --- [io-12031-exec-8] order.service.OrderServiceImpl           : [create][Order Create Success][Order Price][OrderId:4159bb30-a264-4987-ad3a-a11b8cde4992 , Price: 0.0]
2026-03-18 10:04:21.261  INFO 1 --- [io-12031-exec-9] order.controller.OrderController         : [createNewOrder][Create Order][from shanghai to taiyuan at 1970-01-02 18:17:36]
2026-03-18 10:04:21.261  INFO 1 --- [io-12031-exec-9] order.service.OrderServiceImpl           : [create][Create Order][Ready to Create Order]
2026-03-18 10:04:21.280  INFO 1 --- [io-12031-exec-9] order.service.OrderServiceImpl           : [create][Order Create Success][Order Price][OrderId:c0358a49-eef9-488b-9854-566123c8f17a , Price: 0.0]
2026-03-18 10:04:21.553  INFO 1 --- [io-12031-exec-1] order.controller.OrderController         : [createNewOrder][Create Order][from shanghai to taiyuan at 1970-01-02 18:17:36]
2026-03-18 10:04:21.553  INFO 1 --- [io-12031-exec-1] order.service.OrderServiceImpl           : [create][Create Order][Ready to Create Order]
2026-03-18 10:04:21.577  INFO 1 --- [io-12031-exec-1] order.service.OrderServiceImpl           : [create][Order Create Success][Order Price][OrderId:71d83a7c-0b12-4c8d-951c-ec2204e7294a , Price: 0.0]
2026-03-18 10:04:21.848  INFO 1 --- [io-12031-exec-3] order.controller.OrderController         : [createNewOrder][Create Order][from shanghai to taiyuan at 1970-01-02 18:17:36]
2026-03-18 10:04:21.848  INFO 1 --- [io-12031-exec-3] order.service.OrderServiceImpl           : [create][Create Order][Ready to Create Order]
2026-03-18 10:04:21.881  INFO 1 --- [io-12031-exec-3] order.service.OrderServiceImpl           : [create][Order Create Success][Order Price][OrderId:23fc6008-28b7-4223-9393-c1eebae35608 , Price: 0.0]
2026-03-18 10:04:22.154  INFO 1 --- [io-12031-exec-2] order.controller.OrderController         : [createNewOrder][Create Order][from shanghai to taiyuan at 1970-01-02 18:17:36]
2026-03-18 10:04:22.154  INFO 1 --- [io-12031-exec-2] order.service.OrderServiceImpl           : [create][Create Order][Ready to Create Order]
2026-03-18 10:04:22.176  INFO 1 --- [io-12031-exec-2] order.service.OrderServiceImpl           : [create][Order Create Success][Order Price][OrderId:72e46fb6-374b-4844-9c1a-3144c8b11b2f , Price: 0.0]
2026-03-18 10:04:22.464  INFO 1 --- [io-12031-exec-5] order.controller.OrderController         : [createNewOrder][Create Order][from shanghai to taiyuan at 1970-01-02 18:17:36]
2026-03-18 10:04:22.465  INFO 1 --- [io-12031-exec-5] order.service.OrderServiceImpl           : [create][Create Order][Ready to Create Order]
2026-03-18 10:04:22.486  INFO 1 --- [io-12031-exec-5] order.service.OrderServiceImpl           : [create][Order Create Success][Order Price][OrderId:3a9b23f0-c73a-4396-a0b3-20ed0bccb239 , Price: 0.0]
2026-03-18 10:04:22.766  INFO 1 --- [io-12031-exec-4] order.controller.OrderController         : [createNewOrder][Create Order][from shanghai to taiyuan at 1970-01-02 18:17:36]
2026-03-18 10:04:22.766  INFO 1 --- [io-12031-exec-4] order.service.OrderServiceImpl           : [create][Create Order][Ready to Create Order]
2026-03-18 10:04:22.786  INFO 1 --- [io-12031-exec-4] order.service.OrderServiceImpl           : [create][Order Create Success][Order Price][OrderId:91617388-088c-49c4-a703-9e2e8ab9a78a , Price: 0.0]
2026-03-18 10:04:23.136  INFO 1 --- [io-12031-exec-6] order.controller.OrderController         : [createNewOrder][Create Order][from shanghai to taiyuan at 1970-01-02 18:17:36]
2026-03-18 10:04:23.136  INFO 1 --- [io-12031-exec-6] order.service.OrderServiceImpl           : [create][Create Order][Ready to Create Order]
2026-03-18 10:04:23.155  INFO 1 --- [io-12031-exec-6] order.service.OrderServiceImpl           : [create][Order Create Success][Order Price][OrderId:bec06b8c-8891-4094-a1d4-369ed9870a85 , Price: 0.0]
2026-03-18 10:04:23.381  INFO 1 --- [io-12031-exec-7] order.controller.OrderController         : [createNewOrder][Create Order][from shanghai to taiyuan at 1970-01-02 18:17:36]
2026-03-18 10:04:23.381  INFO 1 --- [io-12031-exec-7] order.service.OrderServiceImpl           : [create][Create Order][Ready to Create Order]
2026-03-18 10:04:23.689  INFO 1 --- [io-12031-exec-7] order.service.OrderServiceImpl           : [create][Order Create Success][Order Price][OrderId:cf6edbd5-16a3-498f-85ed-27f278a224ab , Price: 0.0]
2026-03-18 10:04:23.954  INFO 1 --- [io-12031-exec-8] order.controller.OrderController         : [createNewOrder][Create Order][from shanghai to taiyuan at 1970-01-02 18:17:36]
2026-03-18 10:04:23.954  INFO 1 --- [io-12031-exec-8] order.service.OrderServiceImpl           : [create][Create Order][Ready to Create Order]
2026-03-18 10:04:23.972  INFO 1 --- [io-12031-exec-8] order.service.OrderServiceImpl           : [create][Order Create Success][Order Price][OrderId:71d99d4e-cca4-405e-b574-298aae606de4 , Price: 0.0]
2026-03-18 10:04:24.240  INFO 1 --- [o-12031-exec-10] order.controller.OrderController         : [createNewOrder][Create Order][from shanghai to taiyuan at 1970-01-02 18:17:36]
2026-03-18 10:04:24.240  INFO 1 --- [o-12031-exec-10] order.service.OrderServiceImpl           : [create][Create Order][Ready to Create Order]
2026-03-18 10:04:24.261  INFO 1 --- [o-12031-exec-10] order.service.OrderServiceImpl           : [create][Order Create Success][Order Price][OrderId:49f25bc2-059d-4340-96f5-22057fa8ee1b , Price: 0.0]
2026-03-18 10:04:24.558  INFO 1 --- [io-12031-exec-9] order.controller.OrderController         : [createNewOrder][Create Order][from shanghai to taiyuan at 1970-01-02 18:17:36]
2026-03-18 10:04:24.558  INFO 1 --- [io-12031-exec-9] order.service.OrderServiceImpl           : [create][Create Order][Ready to Create Order]
2026-03-18 10:04:24.576  INFO 1 --- [io-12031-exec-9] order.service.OrderServiceImpl           : [create][Order Create Success][Order Price][OrderId:167b45f9-4c08-49fa-9871-d981bce3f2c6 , Price: 0.0]
2026-03-18 10:04:24.849  INFO 1 --- [io-12031-exec-1] order.controller.OrderController         : [createNewOrder][Create Order][from shanghai to taiyuan at 1970-01-02 18:17:36]
2026-03-18 10:04:24.849  INFO 1 --- [io-12031-exec-1] order.service.OrderServiceImpl           : [create][Create Order][Ready to Create Order]
2026-03-18 10:04:24.868  INFO 1 --- [io-12031-exec-1] order.service.OrderServiceImpl           : [create][Order Create Success][Order Price][OrderId:f62cb9df-c003-4672-ac7a-3045336b2e07 , Price: 0.0]
2026-03-18 10:04:25.142  INFO 1 --- [io-12031-exec-3] order.controller.OrderController         : [createNewOrder][Create Order][from shanghai to taiyuan at 1970-01-02 18:17:36]
2026-03-18 10:04:25.142  INFO 1 --- [io-12031-exec-3] order.service.OrderServiceImpl           : [create][Create Order][Ready to Create Order]
2026-03-18 10:04:25.274  INFO 1 --- [io-12031-exec-3] order.service.OrderServiceImpl           : [create][Order Create Success][Order Price][OrderId:8bdc2947-072f-4784-a69c-3ebbc11a21f5 , Price: 0.0]
2026-03-18 10:04:25.551  INFO 1 --- [io-12031-exec-2] order.controller.OrderController         : [createNewOrder][Create Order][from shanghai to taiyuan at 1970-01-02 18:17:36]
2026-03-18 10:04:25.551  INFO 1 --- [io-12031-exec-2] order.service.OrderServiceImpl           : [create][Create Order][Ready to Create Order]
2026-03-18 10:04:25.571  INFO 1 --- [io-12031-exec-2] order.service.OrderServiceImpl           : [create][Order Create Success][Order Price][OrderId:f1570f85-fd33-4358-a0f8-eb59bc11c4e3 , Price: 0.0]
2026-03-18 10:04:25.849  INFO 1 --- [io-12031-exec-5] order.controller.OrderController         : [createNewOrder][Create Order][from shanghai to taiyuan at 1970-01-02 18:17:36]
2026-03-18 10:04:25.849  INFO 1 --- [io-12031-exec-5] order.service.OrderServiceImpl           : [create][Create Order][Ready to Create Order]
2026-03-18 10:04:25.868  INFO 1 --- [io-12031-exec-5] order.service.OrderServiceImpl           : [create][Order Create Success][Order Price][OrderId:af1d8a77-554e-4039-b0d5-ec444b5e9d3d , Price: 0.0]
2026-03-18 10:04:26.143  INFO 1 --- [io-12031-exec-4] order.controller.OrderController         : [createNewOrder][Create Order][from shanghai to taiyuan at 1970-01-02 18:17:36]
2026-03-18 10:04:26.143  INFO 1 --- [io-12031-exec-4] order.service.OrderServiceImpl           : [create][Create Order][Ready to Create Order]
2026-03-18 10:04:26.164  INFO 1 --- [io-12031-exec-4] order.service.OrderServiceImpl           : [create][Order Create Success][Order Price][OrderId:74da1fca-1018-454b-9579-311aee4a941e , Price: 0.0]
2026-03-18 10:04:26.447  INFO 1 --- [io-12031-exec-6] order.controller.OrderController         : [createNewOrder][Create Order][from shanghai to taiyuan at 1970-01-02 18:17:36]
2026-03-18 10:04:26.447  INFO 1 --- [io-12031-exec-6] order.service.OrderServiceImpl           : [create][Create Order][Ready to Create Order]
2026-03-18 10:04:26.465  INFO 1 --- [io-12031-exec-6] order.service.OrderServiceImpl           : [create][Order Create Success][Order Price][OrderId:fe28f146-928f-44e6-b770-2b67a4ff15c2 , Price: 0.0]
2026-03-18 10:04:26.758  INFO 1 --- [io-12031-exec-7] order.controller.OrderController         : [createNewOrder][Create Order][from shanghai to taiyuan at 1970-01-02 18:17:36]
2026-03-18 10:04:26.758  INFO 1 --- [io-12031-exec-7] order.service.OrderServiceImpl           : [create][Create Order][Ready to Create Order]
2026-03-18 10:04:26.787  INFO 1 --- [io-12031-exec-7] order.service.OrderServiceImpl           : [create][Order Create Success][Order Price][OrderId:30083054-5eb9-4331-a9a1-607980e13220 , Price: 0.0]
2026-03-18 10:04:27.064  INFO 1 --- [io-12031-exec-8] order.controller.OrderController         : [createNewOrder][Create Order][from shanghai to taiyuan at 1970-01-02 18:17:36]
2026-03-18 10:04:27.064  INFO 1 --- [io-12031-exec-8] order.service.OrderServiceImpl           : [create][Create Order][Ready to Create Order]
2026-03-18 10:04:27.084  INFO 1 --- [io-12031-exec-8] order.service.OrderServiceImpl           : [create][Order Create Success][Order Price][OrderId:c0a351a0-1574-4adf-9e18-82dc08f864bf , Price: 0.0]
2026-03-18 10:04:27.358  INFO 1 --- [o-12031-exec-10] order.controller.OrderController         : [createNewOrder][Create Order][from shanghai to taiyuan at 1970-01-02 18:17:36]
2026-03-18 10:04:27.358  INFO 1 --- [o-12031-exec-10] order.service.OrderServiceImpl           : [create][Create Order][Ready to Create Order]
2026-03-18 10:04:27.379  INFO 1 --- [o-12031-exec-10] order.service.OrderServiceImpl           : [create][Order Create Success][Order Price][OrderId:abff5e9f-423d-4764-8959-5ddb8ad7b871 , Price: 0.0]
2026-03-18 10:04:27.646  INFO 1 --- [io-12031-exec-9] order.controller.OrderController         : [createNewOrder][Create Order][from shanghai to taiyuan at 1970-01-02 18:17:36]
2026-03-18 10:04:27.646  INFO 1 --- [io-12031-exec-9] order.service.OrderServiceImpl           : [create][Create Order][Ready to Create Order]
2026-03-18 10:04:27.663  INFO 1 --- [io-12031-exec-9] order.service.OrderServiceImpl           : [create][Order Create Success][Order Price][OrderId:e78f84e4-5977-4198-bf7d-6adf59d8b756 , Price: 0.0]
2026-03-18 10:04:27.941  INFO 1 --- [io-12031-exec-1] order.controller.OrderController         : [createNewOrder][Create Order][from shanghai to taiyuan at 1970-01-02 18:17:36]
2026-03-18 10:04:27.941  INFO 1 --- [io-12031-exec-1] order.service.OrderServiceImpl           : [create][Create Order][Ready to Create Order]
2026-03-18 10:04:27.961  INFO 1 --- [io-12031-exec-1] order.service.OrderServiceImpl           : [create][Order Create Success][Order Price][OrderId:1fedd07c-c6b5-484a-b25c-2fdf6da984da , Price: 0.0]
2026-03-18 10:04:28.248  INFO 1 --- [io-12031-exec-3] order.controller.OrderController         : [createNewOrder][Create Order][from shanghai to taiyuan at 1970-01-02 18:17:36]
2026-03-18 10:04:28.248  INFO 1 --- [io-12031-exec-3] order.service.OrderServiceImpl           : [create][Create Order][Ready to Create Order]
2026-03-18 10:04:28.376  INFO 1 --- [io-12031-exec-3] order.service.OrderServiceImpl           : [create][Order Create Success][Order Price][OrderId:8903c39e-49c5-4e5a-8e46-2c6f8f712783 , Price: 0.0]
2026-03-18 10:04:28.663  INFO 1 --- [io-12031-exec-2] order.controller.OrderController         : [createNewOrder][Create Order][from shanghai to taiyuan at 1970-01-02 18:17:36]
2026-03-18 10:04:28.663  INFO 1 --- [io-12031-exec-2] order.service.OrderServiceImpl           : [create][Create Order][Ready to Create Order]
2026-03-18 10:04:28.683  INFO 1 --- [io-12031-exec-2] order.service.OrderServiceImpl           : [create][Order Create Success][Order Price][OrderId:7c13510a-d5fc-4be8-a74c-0f6755bb8139 , Price: 0.0]
2026-03-18 10:04:28.959  INFO 1 --- [io-12031-exec-5] order.controller.OrderController         : [createNewOrder][Create Order][from shanghai to taiyuan at 1970-01-02 18:17:36]
2026-03-18 10:04:28.959  INFO 1 --- [io-12031-exec-5] order.service.OrderServiceImpl           : [create][Create Order][Ready to Create Order]
2026-03-18 10:04:28.978  INFO 1 --- [io-12031-exec-5] order.service.OrderServiceImpl           : [create][Order Create Success][Order Price][OrderId:661232df-5e14-452c-bd48-33f045efc645 , Price: 0.0]
2026-03-18 10:04:29.256  INFO 1 --- [io-12031-exec-4] order.controller.OrderController         : [createNewOrder][Create Order][from shanghai to taiyuan at 1970-01-02 18:17:36]
2026-03-18 10:04:29.256  INFO 1 --- [io-12031-exec-4] order.service.OrderServiceImpl           : [create][Create Order][Ready to Create Order]
2026-03-18 10:04:29.283  INFO 1 --- [io-12031-exec-4] order.service.OrderServiceImpl           : [create][Order Create Success][Order Price][OrderId:d419e05b-117f-41a7-8065-636e6b27881b , Price: 0.0]
2026-03-18 10:04:29.560  INFO 1 --- [io-12031-exec-6] order.controller.OrderController         : [createNewOrder][Create Order][from shanghai to taiyuan at 1970-01-02 18:17:36]
2026-03-18 10:04:29.560  INFO 1 --- [io-12031-exec-6] order.service.OrderServiceImpl           : [create][Create Order][Ready to Create Order]
2026-03-18 10:04:29.583  INFO 1 --- [io-12031-exec-6] order.service.OrderServiceImpl           : [create][Order Create Success][Order Price][OrderId:38aa693b-b2fb-4bf5-981a-e241f9dc422d , Price: 0.0]
2026-03-18 10:04:29.862  INFO 1 --- [io-12031-exec-7] order.controller.OrderController         : [createNewOrder][Create Order][from shanghai to taiyuan at 1970-01-02 18:17:36]
2026-03-18 10:04:29.862  INFO 1 --- [io-12031-exec-7] order.service.OrderServiceImpl           : [create][Create Order][Ready to Create Order]
2026-03-18 10:04:30.072  INFO 1 --- [io-12031-exec-7] order.service.OrderServiceImpl           : [create][Order Create Success][Order Price][OrderId:6c468cf1-b83c-4a2f-87a7-2dab39c26205 , Price: 0.0]
2026-03-18 10:04:30.360  INFO 1 --- [io-12031-exec-8] order.controller.OrderController         : [createNewOrder][Create Order][from shanghai to taiyuan at 1970-01-02 18:17:36]
2026-03-18 10:04:30.360  INFO 1 --- [io-12031-exec-8] order.service.OrderServiceImpl           : [create][Create Order][Ready to Create Order]
2026-03-18 10:04:30.380  INFO 1 --- [io-12031-exec-8] order.service.OrderServiceImpl           : [create][Order Create Success][Order Price][OrderId:7396a2ed-5105-45f7-a366-af7a565b2397 , Price: 0.0]
2026-03-18 10:04:30.662  INFO 1 --- [o-12031-exec-10] order.controller.OrderController         : [createNewOrder][Create Order][from shanghai to taiyuan at 1970-01-02 18:17:36]
2026-03-18 10:04:30.663  INFO 1 --- [o-12031-exec-10] order.service.OrderServiceImpl           : [create][Create Order][Ready to Create Order]
2026-03-18 10:04:30.683  INFO 1 --- [o-12031-exec-10] order.service.OrderServiceImpl           : [create][Order Create Success][Order Price][OrderId:59183665-7c20-4526-ab48-12268e4ac021 , Price: 0.0]
2026-03-18 10:04:30.962  INFO 1 --- [io-12031-exec-9] order.controller.OrderController         : [createNewOrder][Create Order][from shanghai to taiyuan at 1970-01-02 18:17:36]
2026-03-18 10:04:30.962  INFO 1 --- [io-12031-exec-9] order.service.OrderServiceImpl           : [create][Create Order][Ready to Create Order]
2026-03-18 10:04:30.984  INFO 1 --- [io-12031-exec-9] order.service.OrderServiceImpl           : [create][Order Create Success][Order Price][OrderId:6e148667-19e1-48bc-8dfa-85df6fa0ebc4 , Price: 0.0]
2026-03-18 10:04:31.267  INFO 1 --- [io-12031-exec-3] order.controller.OrderController         : [createNewOrder][Create Order][from shanghai to taiyuan at 1970-01-02 18:17:36]
2026-03-18 10:04:31.267  INFO 1 --- [io-12031-exec-3] order.service.OrderServiceImpl           : [create][Create Order][Ready to Create Order]
2026-03-18 10:04:31.288  INFO 1 --- [io-12031-exec-3] order.service.OrderServiceImpl           : [create][Order Create Success][Order Price][OrderId:a760ab8e-448c-407c-8185-ae30f002b6f4 , Price: 0.0]
2026-03-18 10:04:31.564  INFO 1 --- [io-12031-exec-2] order.controller.OrderController         : [createNewOrder][Create Order][from shanghai to taiyuan at 1970-01-02 18:17:36]
2026-03-18 10:04:31.564  INFO 1 --- [io-12031-exec-2] order.service.OrderServiceImpl           : [create][Create Order][Ready to Create Order]
2026-03-18 10:04:31.683  INFO 1 --- [io-12031-exec-2] order.service.OrderServiceImpl           : [create][Order Create Success][Order Price][OrderId:927a55f7-2859-40d4-9a20-cc94c33be053 , Price: 0.0]
2026-03-18 10:04:31.961  INFO 1 --- [io-12031-exec-5] order.controller.OrderController         : [createNewOrder][Create Order][from shanghai to taiyuan at 1970-01-02 18:17:36]
2026-03-18 10:04:31.961  INFO 1 --- [io-12031-exec-5] order.service.OrderServiceImpl           : [create][Create Order][Ready to Create Order]
2026-03-18 10:04:31.984  INFO 1 --- [io-12031-exec-5] order.service.OrderServiceImpl           : [create][Order Create Success][Order Price][OrderId:4aaf41bd-6f5e-45cf-8f71-bacbe39fbef0 , Price: 0.0]
2026-03-18 10:04:32.260  INFO 1 --- [io-12031-exec-4] order.controller.OrderController         : [createNewOrder][Create Order][from shanghai to taiyuan at 1970-01-02 18:17:36]
2026-03-18 10:04:32.260  INFO 1 --- [io-12031-exec-4] order.service.OrderServiceImpl           : [create][Create Order][Ready to Create Order]
2026-03-18 10:04:32.281  INFO 1 --- [io-12031-exec-4] order.service.OrderServiceImpl           : [create][Order Create Success][Order Price][OrderId:52f92114-acea-4d72-b1d3-4683573cbf5f , Price: 0.0]
2026-03-18 10:04:32.565  INFO 1 --- [io-12031-exec-6] order.controller.OrderController         : [createNewOrder][Create Order][from shanghai to taiyuan at 1970-01-02 18:17:36]
2026-03-18 10:04:32.565  INFO 1 --- [io-12031-exec-6] order.service.OrderServiceImpl           : [create][Create Order][Ready to Create Order]
2026-03-18 10:04:32.585  INFO 1 --- [io-12031-exec-6] order.service.OrderServiceImpl           : [create][Order Create Success][Order Price][OrderId:d57e8a66-7251-4909-94db-18934412ce4b , Price: 0.0]
2026-03-18 10:04:32.866  INFO 1 --- [io-12031-exec-7] order.controller.OrderController         : [createNewOrder][Create Order][from shanghai to taiyuan at 1970-01-02 18:17:36]
2026-03-18 10:04:32.866  INFO 1 --- [io-12031-exec-7] order.service.OrderServiceImpl           : [create][Create Order][Ready to Create Order]
2026-03-18 10:04:32.886  INFO 1 --- [io-12031-exec-7] order.service.OrderServiceImpl           : [create][Order Create Success][Order Price][OrderId:2e22bd0c-e6d5-44e5-9a70-bdf13635a451 , Price: 0.0]
2026-03-18 10:04:33.161  INFO 1 --- [io-12031-exec-8] order.controller.OrderController         : [createNewOrder][Create Order][from shanghai to taiyuan at 1970-01-02 18:17:36]
2026-03-18 10:04:33.161  INFO 1 --- [io-12031-exec-8] order.service.OrderServiceImpl           : [create][Create Order][Ready to Create Order]
2026-03-18 10:04:33.281  INFO 1 --- [io-12031-exec-8] order.service.OrderServiceImpl           : [create][Order Create Success][Order Price][OrderId:8e315eba-cd2e-47cd-af66-6c0d1a84e446 , Price: 0.0]
2026-03-18 10:04:33.570  INFO 1 --- [o-12031-exec-10] order.controller.OrderController         : [createNewOrder][Create Order][from shanghai to taiyuan at 1970-01-02 18:17:36]
2026-03-18 10:04:33.570  INFO 1 --- [o-12031-exec-10] order.service.OrderServiceImpl           : [create][Create Order][Ready to Create Order]
2026-03-18 10:04:33.590  INFO 1 --- [o-12031-exec-10] order.service.OrderServiceImpl           : [create][Order Create Success][Order Price][OrderId:e44d56f3-929a-4f5f-9cc0-2c127097dbc2 , Price: 0.0]
2026-03-18 10:04:33.857  INFO 1 --- [io-12031-exec-9] order.controller.OrderController         : [createNewOrder][Create Order][from shanghai to taiyuan at 1970-01-02 18:17:36]
2026-03-18 10:04:33.857  INFO 1 --- [io-12031-exec-9] order.service.OrderServiceImpl           : [create][Create Order][Ready to Create Order]
2026-03-18 10:04:33.875  INFO 1 --- [io-12031-exec-9] order.service.OrderServiceImpl           : [create][Order Create Success][Order Price][OrderId:09a0c11a-42b3-4b93-8017-7c78cf92eb70 , Price: 0.0]
2026-03-18 10:04:34.153  INFO 1 --- [io-12031-exec-1] order.controller.OrderController         : [createNewOrder][Create Order][from shanghai to taiyuan at 1970-01-02 18:17:36]
2026-03-18 10:04:34.153  INFO 1 --- [io-12031-exec-1] order.service.OrderServiceImpl           : [create][Create Order][Ready to Create Order]
2026-03-18 10:04:34.175  INFO 1 --- [io-12031-exec-1] order.service.OrderServiceImpl           : [create][Order Create Success][Order Price][OrderId:b68374c5-703d-44be-a974-92d4fcf90276 , Price: 0.0]
2026-03-18 10:04:34.461  INFO 1 --- [io-12031-exec-3] order.controller.OrderController         : [createNewOrder][Create Order][from shanghai to taiyuan at 1970-01-02 18:17:36]
2026-03-18 10:04:34.461  INFO 1 --- [io-12031-exec-3] order.service.OrderServiceImpl           : [create][Create Order][Ready to Create Order]
2026-03-18 10:04:34.482  INFO 1 --- [io-12031-exec-3] order.service.OrderServiceImpl           : [create][Order Create Success][Order Price][OrderId:377f55d5-ef69-4dc4-be5a-938814a672fc , Price: 0.0]
2026-03-18 10:04:34.762  INFO 1 --- [io-12031-exec-2] order.controller.OrderController         : [createNewOrder][Create Order][from shanghai to taiyuan at 1970-01-02 18:17:36]
2026-03-18 10:04:34.762  INFO 1 --- [io-12031-exec-2] order.service.OrderServiceImpl           : [create][Create Order][Ready to Create Order]
2026-03-18 10:04:34.799  INFO 1 --- [io-12031-exec-2] order.service.OrderServiceImpl           : [create][Order Create Success][Order Price][OrderId:e273fef0-1b01-46a5-a74b-1b112e647aee , Price: 0.0]
2026-03-18 10:04:35.059  INFO 1 --- [io-12031-exec-5] order.controller.OrderController         : [createNewOrder][Create Order][from shanghai to taiyuan at 1970-01-02 18:17:36]
2026-03-18 10:04:35.060  INFO 1 --- [io-12031-exec-5] order.service.OrderServiceImpl           : [create][Create Order][Ready to Create Order]
2026-03-18 10:04:35.080  INFO 1 --- [io-12031-exec-5] order.service.OrderServiceImpl           : [create][Order Create Success][Order Price][OrderId:cf3df91a-fd76-456d-9ae1-1edc5ba06b21 , Price: 0.0]
2026-03-18 10:04:35.543  INFO 1 --- [io-12031-exec-4] order.controller.OrderController         : [createNewOrder][Create Order][from shanghai to taiyuan at 1970-01-02 18:17:36]
2026-03-18 10:04:35.543  INFO 1 --- [io-12031-exec-4] order.service.OrderServiceImpl           : [create][Create Order][Ready to Create Order]
2026-03-18 10:04:35.562  INFO 1 --- [io-12031-exec-4] order.service.OrderServiceImpl           : [create][Order Create Success][Order Price][OrderId:045df92f-b0f7-4aa5-8f37-c0411c3e976a , Price: 0.0]
2026-03-18 10:04:35.911  INFO 1 --- [io-12031-exec-6] order.controller.OrderController         : [createNewOrder][Create Order][from shanghai to taiyuan at 1970-01-02 18:17:36]
2026-03-18 10:04:35.911  INFO 1 --- [io-12031-exec-6] order.service.OrderServiceImpl           : [create][Create Order][Ready to Create Order]
2026-03-18 10:04:35.930  INFO 1 --- [io-12031-exec-6] order.service.OrderServiceImpl           : [create][Order Create Success][Order Price][OrderId:2a89d1d3-ac69-4c66-9139-7e12ae6f480c , Price: 0.0]
2026-03-18 10:04:36.212  INFO 1 --- [io-12031-exec-7] order.controller.OrderController         : [createNewOrder][Create Order][from shanghai to taiyuan at 1970-01-02 18:17:36]
2026-03-18 10:04:36.212  INFO 1 --- [io-12031-exec-7] order.service.OrderServiceImpl           : [create][Create Order][Ready to Create Order]
2026-03-18 10:04:36.231  INFO 1 --- [io-12031-exec-7] order.service.OrderServiceImpl           : [create][Order Create Success][Order Price][OrderId:00789d7a-2a36-4fe7-8bff-b54a0a299d26 , Price: 0.0]
2026-03-18 10:04:36.659  INFO 1 --- [io-12031-exec-8] order.controller.OrderController         : [createNewOrder][Create Order][from shanghai to taiyuan at 1970-01-02 18:17:36]
2026-03-18 10:04:36.659  INFO 1 --- [io-12031-exec-8] order.service.OrderServiceImpl           : [create][Create Order][Ready to Create Order]
2026-03-18 10:04:36.693  INFO 1 --- [io-12031-exec-8] order.service.OrderServiceImpl           : [create][Order Create Success][Order Price][OrderId:0cce0d82-4596-48ea-9bd8-e8780f16cf93 , Price: 0.0]
2026-03-18 10:04:37.018  INFO 1 --- [o-12031-exec-10] order.controller.OrderController         : [createNewOrder][Create Order][from shanghai to taiyuan at 1970-01-02 18:17:36]
2026-03-18 10:04:37.018  INFO 1 --- [o-12031-exec-10] order.service.OrderServiceImpl           : [create][Create Order][Ready to Create Order]
2026-03-18 10:04:37.039  INFO 1 --- [o-12031-exec-10] order.service.OrderServiceImpl           : [create][Order Create Success][Order Price][OrderId:c40c0e49-a14a-423e-8e5b-e57c3549d897 , Price: 0.0]
2026-03-18 10:04:37.267  INFO 1 --- [io-12031-exec-9] order.controller.OrderController         : [createNewOrder][Create Order][from shanghai to taiyuan at 1970-01-02 18:17:36]
2026-03-18 10:04:37.267  INFO 1 --- [io-12031-exec-9] order.service.OrderServiceImpl           : [create][Create Order][Ready to Create Order]
2026-03-18 10:04:37.290  INFO 1 --- [io-12031-exec-9] order.service.OrderServiceImpl           : [create][Order Create Success][Order Price][OrderId:661829ae-f0f4-467e-9ce6-4f0eb02dc66e , Price: 0.0]
2026-03-18 10:04:37.555  INFO 1 --- [io-12031-exec-1] order.controller.OrderController         : [createNewOrder][Create Order][from shanghai to taiyuan at 1970-01-02 18:17:36]
2026-03-18 10:04:37.555  INFO 1 --- [io-12031-exec-1] order.service.OrderServiceImpl           : [create][Create Order][Ready to Create Order]
2026-03-18 10:04:37.576  INFO 1 --- [io-12031-exec-1] order.service.OrderServiceImpl           : [create][Order Create Success][Order Price][OrderId:3035f22f-759a-4c2f-bcd6-27684534f84a , Price: 0.0]
2026-03-18 10:04:37.858  INFO 1 --- [io-12031-exec-3] order.controller.OrderController         : [createNewOrder][Create Order][from shanghai to taiyuan at 1970-01-02 18:17:36]
2026-03-18 10:04:37.858  INFO 1 --- [io-12031-exec-3] order.service.OrderServiceImpl           : [create][Create Order][Ready to Create Order]
2026-03-18 10:04:37.878  INFO 1 --- [io-12031-exec-3] order.service.OrderServiceImpl           : [create][Order Create Success][Order Price][OrderId:24974c50-5245-4efb-bd1e-de8d4b2a3c48 , Price: 0.0]
2026-03-18 10:04:38.160  INFO 1 --- [io-12031-exec-2] order.controller.OrderController         : [createNewOrder][Create Order][from shanghai to taiyuan at 1970-01-02 18:17:36]
2026-03-18 10:04:38.160  INFO 1 --- [io-12031-exec-2] order.service.OrderServiceImpl           : [create][Create Order][Ready to Create Order]
2026-03-18 10:04:38.287  INFO 1 --- [io-12031-exec-2] order.service.OrderServiceImpl           : [create][Order Create Success][Order Price][OrderId:d62ce0e8-21e5-47cc-b299-0026ecb0f0c7 , Price: 0.0]
2026-03-18 10:04:38.558  INFO 1 --- [io-12031-exec-5] order.controller.OrderController         : [createNewOrder][Create Order][from shanghai to taiyuan at 1970-01-02 18:17:36]
2026-03-18 10:04:38.558  INFO 1 --- [io-12031-exec-5] order.service.OrderServiceImpl           : [create][Create Order][Ready to Create Order]
2026-03-18 10:04:38.579  INFO 1 --- [io-12031-exec-5] order.service.OrderServiceImpl           : [create][Order Create Success][Order Price][OrderId:4d5128e1-f45c-4059-b402-7089d198d13f , Price: 0.0]
2026-03-18 10:04:38.864  INFO 1 --- [io-12031-exec-4] order.controller.OrderController         : [createNewOrder][Create Order][from shanghai to taiyuan at 1970-01-02 18:17:36]
2026-03-18 10:04:38.864  INFO 1 --- [io-12031-exec-4] order.service.OrderServiceImpl           : [create][Create Order][Ready to Create Order]
2026-03-18 10:04:38.885  INFO 1 --- [io-12031-exec-4] order.service.OrderServiceImpl           : [create][Order Create Success][Order Price][OrderId:37302f5d-c9fc-4eb7-9c92-dde6afcefb43 , Price: 0.0]
2026-03-18 10:04:39.253  INFO 1 --- [io-12031-exec-6] order.controller.OrderController         : [createNewOrder][Create Order][from shanghai to taiyuan at 1970-01-02 18:17:36]
2026-03-18 10:04:39.253  INFO 1 --- [io-12031-exec-6] order.service.OrderServiceImpl           : [create][Create Order][Ready to Create Order]
2026-03-18 10:04:39.273  INFO 1 --- [io-12031-exec-6] order.service.OrderServiceImpl           : [create][Order Create Success][Order Price][OrderId:06cb63c1-11af-4017-85ba-0b89d9593f15 , Price: 0.0]
2026-03-18 10:04:39.548  INFO 1 --- [io-12031-exec-7] order.controller.OrderController         : [createNewOrder][Create Order][from shanghai to taiyuan at 1970-01-02 18:17:36]
2026-03-18 10:04:39.548  INFO 1 --- [io-12031-exec-7] order.service.OrderServiceImpl           : [create][Create Order][Ready to Create Order]
2026-03-18 10:04:39.568  INFO 1 --- [io-12031-exec-7] order.service.OrderServiceImpl           : [create][Order Create Success][Order Price][OrderId:fbca954e-9dde-4f5c-a444-2e10ec399b40 , Price: 0.0]
2026-03-18 10:04:39.873  INFO 1 --- [io-12031-exec-8] order.controller.OrderController         : [createNewOrder][Create Order][from shanghai to taiyuan at 1970-01-02 18:17:36]
2026-03-18 10:04:39.873  INFO 1 --- [io-12031-exec-8] order.service.OrderServiceImpl           : [create][Create Order][Ready to Create Order]
2026-03-18 10:04:40.072  INFO 1 --- [io-12031-exec-8] order.service.OrderServiceImpl           : [create][Order Create Success][Order Price][OrderId:809a2bcd-69d9-4ea6-b50c-650d8cf01ec1 , Price: 0.0]
2026-03-18 10:04:40.359  INFO 1 --- [o-12031-exec-10] order.controller.OrderController         : [createNewOrder][Create Order][from shanghai to taiyuan at 1970-01-02 18:17:36]
2026-03-18 10:04:40.359  INFO 1 --- [o-12031-exec-10] order.service.OrderServiceImpl           : [create][Create Order][Ready to Create Order]
2026-03-18 10:04:40.379  INFO 1 --- [o-12031-exec-10] order.service.OrderServiceImpl           : [create][Order Create Success][Order Price][OrderId:c1c39706-67eb-4a66-9b05-a7a86464f2d9 , Price: 0.0]
2026-03-18 10:04:40.661  INFO 1 --- [io-12031-exec-9] order.controller.OrderController         : [createNewOrder][Create Order][from shanghai to taiyuan at 1970-01-02 18:17:36]
2026-03-18 10:04:40.661  INFO 1 --- [io-12031-exec-9] order.service.OrderServiceImpl           : [create][Create Order][Ready to Create Order]
2026-03-18 10:04:40.681  INFO 1 --- [io-12031-exec-9] order.service.OrderServiceImpl           : [create][Order Create Success][Order Price][OrderId:6478bd84-a2dc-4aaa-a18d-1290cd308102 , Price: 0.0]
2026-03-18 10:04:40.963  INFO 1 --- [io-12031-exec-1] order.controller.OrderController         : [createNewOrder][Create Order][from shanghai to taiyuan at 1970-01-02 18:17:36]
2026-03-18 10:04:40.963  INFO 1 --- [io-12031-exec-1] order.service.OrderServiceImpl           : [create][Create Order][Ready to Create Order]
2026-03-18 10:04:40.985  INFO 1 --- [io-12031-exec-1] order.service.OrderServiceImpl           : [create][Order Create Success][Order Price][OrderId:8d3f9c12-72bb-4f75-b4f6-bd3332e5fa68 , Price: 0.0]
2026-03-18 10:04:41.263  INFO 1 --- [io-12031-exec-2] order.controller.OrderController         : [createNewOrder][Create Order][from shanghai to taiyuan at 1970-01-02 18:17:36]
2026-03-18 10:04:41.263  INFO 1 --- [io-12031-exec-2] order.service.OrderServiceImpl           : [create][Create Order][Ready to Create Order]
2026-03-18 10:04:41.286  INFO 1 --- [io-12031-exec-2] order.service.OrderServiceImpl           : [create][Order Create Success][Order Price][OrderId:47771289-2637-445d-a849-3c977e2a8604 , Price: 0.0]
2026-03-18 10:04:41.572  INFO 1 --- [io-12031-exec-5] order.controller.OrderController         : [createNewOrder][Create Order][from shanghai to taiyuan at 1970-01-02 18:17:36]
2026-03-18 10:04:41.572  INFO 1 --- [io-12031-exec-5] order.service.OrderServiceImpl           : [create][Create Order][Ready to Create Order]
2026-03-18 10:04:41.777  INFO 1 --- [io-12031-exec-5] order.service.OrderServiceImpl           : [create][Order Create Success][Order Price][OrderId:71ddf03b-e471-4c74-a6c5-2468d9849f3d , Price: 0.0]
2026-03-18 10:04:42.070  INFO 1 --- [io-12031-exec-4] order.controller.OrderController         : [createNewOrder][Create Order][from shanghai to taiyuan at 1970-01-02 18:17:36]
2026-03-18 10:04:42.070  INFO 1 --- [io-12031-exec-4] order.service.OrderServiceImpl           : [create][Create Order][Ready to Create Order]
2026-03-18 10:04:42.091  INFO 1 --- [io-12031-exec-4] order.service.OrderServiceImpl           : [create][Order Create Success][Order Price][OrderId:8b7adb66-586d-4dfa-8b77-c82af6d13715 , Price: 0.0]
2026-03-18 10:04:42.368  INFO 1 --- [io-12031-exec-6] order.controller.OrderController         : [createNewOrder][Create Order][from shanghai to taiyuan at 1970-01-02 18:17:36]
2026-03-18 10:04:42.369  INFO 1 --- [io-12031-exec-6] order.service.OrderServiceImpl           : [create][Create Order][Ready to Create Order]
2026-03-18 10:04:42.390  INFO 1 --- [io-12031-exec-6] order.service.OrderServiceImpl           : [create][Order Create Success][Order Price][OrderId:1fc37719-be99-4948-a487-ca1b91b4ff21 , Price: 0.0]
2026-03-18 10:04:42.665  INFO 1 --- [io-12031-exec-7] order.controller.OrderController         : [createNewOrder][Create Order][from shanghai to taiyuan at 1970-01-02 18:17:36]
2026-03-18 10:04:42.665  INFO 1 --- [io-12031-exec-7] order.service.OrderServiceImpl           : [create][Create Order][Ready to Create Order]
2026-03-18 10:04:42.685  INFO 1 --- [io-12031-exec-7] order.service.OrderServiceImpl           : [create][Order Create Success][Order Price][OrderId:642dc150-9be6-4800-9235-82fc2cfd6c1f , Price: 0.0]
2026-03-18 10:04:42.966  INFO 1 --- [io-12031-exec-8] order.controller.OrderController         : [createNewOrder][Create Order][from shanghai to taiyuan at 1970-01-02 18:17:36]
2026-03-18 10:04:42.966  INFO 1 --- [io-12031-exec-8] order.service.OrderServiceImpl           : [create][Create Order][Ready to Create Order]
2026-03-18 10:04:42.987  INFO 1 --- [io-12031-exec-8] order.service.OrderServiceImpl           : [create][Order Create Success][Order Price][OrderId:1d1afefa-9b0b-4e72-9260-45e6e9ce1c50 , Price: 0.0]
2026-03-18 10:04:43.320  INFO 1 --- [o-12031-exec-10] order.controller.OrderController         : [createNewOrder][Create Order][from shanghai to taiyuan at 1970-01-02 18:17:36]
2026-03-18 10:04:43.320  INFO 1 --- [o-12031-exec-10] order.service.OrderServiceImpl           : [create][Create Order][Ready to Create Order]
2026-03-18 10:04:43.592  INFO 1 --- [o-12031-exec-10] order.service.OrderServiceImpl           : [create][Order Create Success][Order Price][OrderId:edddbb5c-a7d4-40a0-9ba2-d084a693acdd , Price: 0.0]
2026-03-18 10:04:43.860  INFO 1 --- [io-12031-exec-9] order.controller.OrderController         : [createNewOrder][Create Order][from shanghai to taiyuan at 1970-01-02 18:17:36]
2026-03-18 10:04:43.860  INFO 1 --- [io-12031-exec-9] order.service.OrderServiceImpl           : [create][Create Order][Ready to Create Order]
2026-03-18 10:04:43.881  INFO 1 --- [io-12031-exec-9] order.service.OrderServiceImpl           : [create][Order Create Success][Order Price][OrderId:0bcad3eb-104c-4e77-9d88-a8fd349b221b , Price: 0.0]
2026-03-18 10:04:44.156  INFO 1 --- [io-12031-exec-1] order.controller.OrderController         : [createNewOrder][Create Order][from shanghai to taiyuan at 1970-01-02 18:17:36]
2026-03-18 10:04:44.156  INFO 1 --- [io-12031-exec-1] order.service.OrderServiceImpl           : [create][Create Order][Ready to Create Order]
2026-03-18 10:04:44.178  INFO 1 --- [io-12031-exec-1] order.service.OrderServiceImpl           : [create][Order Create Success][Order Price][OrderId:647e8c78-8667-4e3d-b3b6-e73004e0ccf6 , Price: 0.0]
2026-03-18 10:04:44.452  INFO 1 --- [io-12031-exec-3] order.controller.OrderController         : [createNewOrder][Create Order][from shanghai to taiyuan at 1970-01-02 18:17:36]
2026-03-18 10:04:44.452  INFO 1 --- [io-12031-exec-3] order.service.OrderServiceImpl           : [create][Create Order][Ready to Create Order]
2026-03-18 10:04:44.472  INFO 1 --- [io-12031-exec-3] order.service.OrderServiceImpl           : [create][Order Create Success][Order Price][OrderId:a1a04c17-98a8-4a03-842d-d9074cf49805 , Price: 0.0]
2026-03-18 10:04:44.747  INFO 1 --- [io-12031-exec-2] order.controller.OrderController         : [createNewOrder][Create Order][from shanghai to taiyuan at 1970-01-02 18:17:36]
2026-03-18 10:04:44.748  INFO 1 --- [io-12031-exec-2] order.service.OrderServiceImpl           : [create][Create Order][Ready to Create Order]
2026-03-18 10:04:44.770  INFO 1 --- [io-12031-exec-2] order.service.OrderServiceImpl           : [create][Order Create Success][Order Price][OrderId:ce9dc0a4-4e75-4f0f-bc7b-81d8ac3cad30 , Price: 0.0]
2026-03-18 10:04:45.056  INFO 1 --- [io-12031-exec-5] order.controller.OrderController         : [createNewOrder][Create Order][from shanghai to taiyuan at 1970-01-02 18:17:36]
2026-03-18 10:04:45.057  INFO 1 --- [io-12031-exec-5] order.service.OrderServiceImpl           : [create][Create Order][Ready to Create Order]
2026-03-18 10:04:45.086  INFO 1 --- [io-12031-exec-5] order.service.OrderServiceImpl           : [create][Order Create Success][Order Price][OrderId:710a6d4f-94cf-4ede-8b39-f39fec78cadb , Price: 0.0]
2026-03-18 10:04:45.370  INFO 1 --- [io-12031-exec-4] order.controller.OrderController         : [createNewOrder][Create Order][from shanghai to taiyuan at 1970-01-02 18:17:36]
2026-03-18 10:04:45.370  INFO 1 --- [io-12031-exec-4] order.service.OrderServiceImpl           : [create][Create Order][Ready to Create Order]
2026-03-18 10:04:45.390  INFO 1 --- [io-12031-exec-4] order.service.OrderServiceImpl           : [create][Order Create Success][Order Price][OrderId:ce18d024-b29b-4b8e-a9c6-6b3cdcabdef0 , Price: 0.0]
2026-03-18 10:04:45.656  INFO 1 --- [io-12031-exec-6] order.controller.OrderController         : [createNewOrder][Create Order][from shanghai to taiyuan at 1970-01-02 18:17:36]
2026-03-18 10:04:45.656  INFO 1 --- [io-12031-exec-6] order.service.OrderServiceImpl           : [create][Create Order][Ready to Create Order]
2026-03-18 10:04:45.675  INFO 1 --- [io-12031-exec-6] order.service.OrderServiceImpl           : [create][Order Create Success][Order Price][OrderId:163fd364-5d5b-4e82-a069-d00c93004288 , Price: 0.0]
2026-03-18 10:04:45.943  INFO 1 --- [io-12031-exec-7] order.controller.OrderController         : [createNewOrder][Create Order][from shanghai to taiyuan at 1970-01-02 18:17:36]
2026-03-18 10:04:45.943  INFO 1 --- [io-12031-exec-7] order.service.OrderServiceImpl           : [create][Create Order][Ready to Create Order]
2026-03-18 10:04:45.963  INFO 1 --- [io-12031-exec-7] order.service.OrderServiceImpl           : [create][Order Create Success][Order Price][OrderId:1ee12ba6-dff4-4298-a79d-9647a25c27c7 , Price: 0.0]
2026-03-18 10:04:46.241  INFO 1 --- [io-12031-exec-8] order.controller.OrderController         : [createNewOrder][Create Order][from shanghai to taiyuan at 1970-01-02 18:17:36]
2026-03-18 10:04:46.241  INFO 1 --- [io-12031-exec-8] order.service.OrderServiceImpl           : [create][Create Order][Ready to Create Order]
2026-03-18 10:04:46.260  INFO 1 --- [io-12031-exec-8] order.service.OrderServiceImpl           : [create][Order Create Success][Order Price][OrderId:01eaef53-95cf-4b96-898a-78fb3211918e , Price: 0.0]
2026-03-18 10:04:46.538  INFO 1 --- [o-12031-exec-10] order.controller.OrderController         : [createNewOrder][Create Order][from shanghai to taiyuan at 1970-01-02 18:17:36]
2026-03-18 10:04:46.538  INFO 1 --- [o-12031-exec-10] order.service.OrderServiceImpl           : [create][Create Order][Ready to Create Order]
2026-03-18 10:04:46.674  INFO 1 --- [o-12031-exec-10] order.service.OrderServiceImpl           : [create][Order Create Success][Order Price][OrderId:61024782-b12c-48a9-9877-2588f81c2d9e , Price: 0.0]
2026-03-18 10:04:46.953  INFO 1 --- [io-12031-exec-9] order.controller.OrderController         : [createNewOrder][Create Order][from shanghai to taiyuan at 1970-01-02 18:17:36]
2026-03-18 10:04:46.953  INFO 1 --- [io-12031-exec-9] order.service.OrderServiceImpl           : [create][Create Order][Ready to Create Order]
2026-03-18 10:04:46.980  INFO 1 --- [io-12031-exec-9] order.service.OrderServiceImpl           : [create][Order Create Success][Order Price][OrderId:1b97a093-3335-467f-9d00-17660e730b97 , Price: 0.0]
2026-03-18 10:04:47.261  INFO 1 --- [io-12031-exec-1] order.controller.OrderController         : [createNewOrder][Create Order][from shanghai to taiyuan at 1970-01-02 18:17:36]
2026-03-18 10:04:47.261  INFO 1 --- [io-12031-exec-1] order.service.OrderServiceImpl           : [create][Create Order][Ready to Create Order]
2026-03-18 10:04:47.284  INFO 1 --- [io-12031-exec-1] order.service.OrderServiceImpl           : [create][Order Create Success][Order Price][OrderId:78f8ae1b-19b1-4a43-b4d4-aae971d3f958 , Price: 0.0]
2026-03-18 10:04:47.557  INFO 1 --- [io-12031-exec-3] order.controller.OrderController         : [createNewOrder][Create Order][from shanghai to taiyuan at 1970-01-02 18:17:36]
2026-03-18 10:04:47.557  INFO 1 --- [io-12031-exec-3] order.service.OrderServiceImpl           : [create][Create Order][Ready to Create Order]
2026-03-18 10:04:47.578  INFO 1 --- [io-12031-exec-3] order.service.OrderServiceImpl           : [create][Order Create Success][Order Price][OrderId:c82e3a1e-0dab-4198-b4eb-6d2cb7155bda , Price: 0.0]
2026-03-18 10:04:47.935  INFO 1 --- [io-12031-exec-2] order.controller.OrderController         : [createNewOrder][Create Order][from shanghai to taiyuan at 1970-01-02 18:17:36]
2026-03-18 10:04:47.935  INFO 1 --- [io-12031-exec-2] order.service.OrderServiceImpl           : [create][Create Order][Ready to Create Order]
2026-03-18 10:04:47.955  INFO 1 --- [io-12031-exec-2] order.service.OrderServiceImpl           : [create][Order Create Success][Order Price][OrderId:13a7c130-b8e6-4525-ba16-5594d40f0450 , Price: 0.0]
2026-03-18 10:04:48.183  INFO 1 --- [io-12031-exec-5] order.controller.OrderController         : [createNewOrder][Create Order][from shanghai to taiyuan at 1970-01-02 18:17:36]
2026-03-18 10:04:48.183  INFO 1 --- [io-12031-exec-5] order.service.OrderServiceImpl           : [create][Create Order][Ready to Create Order]
2026-03-18 10:04:48.382  INFO 1 --- [io-12031-exec-5] order.service.OrderServiceImpl           : [create][Order Create Success][Order Price][OrderId:9e1b31e1-4dde-40ae-90ba-01b5ebb19527 , Price: 0.0]
2026-03-18 10:04:48.671  INFO 1 --- [io-12031-exec-4] order.controller.OrderController         : [createNewOrder][Create Order][from shanghai to taiyuan at 1970-01-02 18:17:36]
2026-03-18 10:04:48.671  INFO 1 --- [io-12031-exec-4] order.service.OrderServiceImpl           : [create][Create Order][Ready to Create Order]
2026-03-18 10:04:48.691  INFO 1 --- [io-12031-exec-4] order.service.OrderServiceImpl           : [create][Order Create Success][Order Price][OrderId:c0668b9c-3af6-4698-b45e-2a1a96119d71 , Price: 0.0]
2026-03-18 10:04:48.958  INFO 1 --- [io-12031-exec-6] order.controller.OrderController         : [createNewOrder][Create Order][from shanghai to taiyuan at 1970-01-02 18:17:36]
2026-03-18 10:04:48.958  INFO 1 --- [io-12031-exec-6] order.service.OrderServiceImpl           : [create][Create Order][Ready to Create Order]
2026-03-18 10:04:48.978  INFO 1 --- [io-12031-exec-6] order.service.OrderServiceImpl           : [create][Order Create Success][Order Price][OrderId:651ce8ba-04f0-45e6-aea4-58b415e2c706 , Price: 0.0]
2026-03-18 10:04:49.253  INFO 1 --- [io-12031-exec-7] order.controller.OrderController         : [createNewOrder][Create Order][from shanghai to taiyuan at 1970-01-02 18:17:36]
2026-03-18 10:04:49.253  INFO 1 --- [io-12031-exec-7] order.service.OrderServiceImpl           : [create][Create Order][Ready to Create Order]
2026-03-18 10:04:49.274  INFO 1 --- [io-12031-exec-7] order.service.OrderServiceImpl           : [create][Order Create Success][Order Price][OrderId:637076e7-9dcc-4364-b5f6-60f7288f3b1e , Price: 0.0]
2026-03-18 10:04:49.552  INFO 1 --- [io-12031-exec-8] order.controller.OrderController         : [createNewOrder][Create Order][from shanghai to taiyuan at 1970-01-02 18:17:36]
2026-03-18 10:04:49.552  INFO 1 --- [io-12031-exec-8] order.service.OrderServiceImpl           : [create][Create Order][Ready to Create Order]
2026-03-18 10:04:49.580  INFO 1 --- [io-12031-exec-8] order.service.OrderServiceImpl           : [create][Order Create Success][Order Price][OrderId:2a18ae08-0442-44df-8811-5a15f129abd5 , Price: 0.0]
2026-03-18 10:04:49.859  INFO 1 --- [o-12031-exec-10] order.controller.OrderController         : [createNewOrder][Create Order][from shanghai to taiyuan at 1970-01-02 18:17:36]
2026-03-18 10:04:49.859  INFO 1 --- [o-12031-exec-10] order.service.OrderServiceImpl           : [create][Create Order][Ready to Create Order]
2026-03-18 10:04:49.970  INFO 1 --- [o-12031-exec-10] order.service.OrderServiceImpl           : [create][Order Create Success][Order Price][OrderId:62d85e59-0c0d-40e8-aed0-46411c9dc15b , Price: 0.0]
2026-03-18 10:04:50.250  INFO 1 --- [io-12031-exec-9] order.controller.OrderController         : [createNewOrder][Create Order][from shanghai to taiyuan at 1970-01-02 18:17:36]
2026-03-18 10:04:50.250  INFO 1 --- [io-12031-exec-9] order.service.OrderServiceImpl           : [create][Create Order][Ready to Create Order]
2026-03-18 10:04:50.270  INFO 1 --- [io-12031-exec-9] order.service.OrderServiceImpl           : [create][Order Create Success][Order Price][OrderId:88940022-a5c8-436d-bb79-fadb55c7d30b , Price: 0.0]
2026-03-18 10:04:50.553  INFO 1 --- [io-12031-exec-1] order.controller.OrderController         : [createNewOrder][Create Order][from shanghai to taiyuan at 1970-01-02 18:17:36]
2026-03-18 10:04:50.553  INFO 1 --- [io-12031-exec-1] order.service.OrderServiceImpl           : [create][Create Order][Ready to Create Order]
2026-03-18 10:04:50.573  INFO 1 --- [io-12031-exec-1] order.service.OrderServiceImpl           : [create][Order Create Success][Order Price][OrderId:2c12cc9b-39a4-4216-b8ea-29324d55eed9 , Price: 0.0]
2026-03-18 10:04:50.854  INFO 1 --- [io-12031-exec-3] order.controller.OrderController         : [createNewOrder][Create Order][from shanghai to taiyuan at 1970-01-02 18:17:36]
2026-03-18 10:04:50.854  INFO 1 --- [io-12031-exec-3] order.service.OrderServiceImpl           : [create][Create Order][Ready to Create Order]
2026-03-18 10:04:50.874  INFO 1 --- [io-12031-exec-3] order.service.OrderServiceImpl           : [create][Order Create Success][Order Price][OrderId:2c39871f-52c7-4c78-a325-304188d7f544 , Price: 0.0]
2026-03-18 10:04:51.151  INFO 1 --- [io-12031-exec-2] order.controller.OrderController         : [createNewOrder][Create Order][from shanghai to taiyuan at 1970-01-02 18:17:36]
2026-03-18 10:04:51.151  INFO 1 --- [io-12031-exec-2] order.service.OrderServiceImpl           : [create][Create Order][Ready to Create Order]
2026-03-18 10:04:51.182  INFO 1 --- [io-12031-exec-2] order.service.OrderServiceImpl           : [create][Order Create Success][Order Price][OrderId:3f6f5ad2-d12e-4c72-992d-1a5ea99eec1d , Price: 0.0]
2026-03-18 10:04:51.460  INFO 1 --- [io-12031-exec-4] order.controller.OrderController         : [createNewOrder][Create Order][from shanghai to taiyuan at 1970-01-02 18:17:36]
2026-03-18 10:04:51.460  INFO 1 --- [io-12031-exec-4] order.service.OrderServiceImpl           : [create][Create Order][Ready to Create Order]
2026-03-18 10:04:51.480  INFO 1 --- [io-12031-exec-4] order.service.OrderServiceImpl           : [create][Order Create Success][Order Price][OrderId:ba69c8fb-4a65-4a58-afe1-0bb7a753c953 , Price: 0.0]
2026-03-18 10:04:51.751  INFO 1 --- [io-12031-exec-6] order.controller.OrderController         : [createNewOrder][Create Order][from shanghai to taiyuan at 1970-01-02 18:17:36]
2026-03-18 10:04:51.751  INFO 1 --- [io-12031-exec-6] order.service.OrderServiceImpl           : [create][Create Order][Ready to Create Order]
2026-03-18 10:04:51.772  INFO 1 --- [io-12031-exec-6] order.service.OrderServiceImpl           : [create][Order Create Success][Order Price][OrderId:5ac4858e-7868-4496-acac-f8f9cdf840f0 , Price: 0.0]
2026-03-18 10:04:52.040  INFO 1 --- [io-12031-exec-7] order.controller.OrderController         : [createNewOrder][Create Order][from shanghai to taiyuan at 1970-01-02 18:17:36]
2026-03-18 10:04:52.040  INFO 1 --- [io-12031-exec-7] order.service.OrderServiceImpl           : [create][Create Order][Ready to Create Order]
2026-03-18 10:04:52.060  INFO 1 --- [io-12031-exec-7] order.service.OrderServiceImpl           : [create][Order Create Success][Order Price][OrderId:052696c8-2484-44f8-9547-9051303ca13e , Price: 0.0]
2026-03-18 10:04:52.340  INFO 1 --- [io-12031-exec-8] order.controller.OrderController         : [createNewOrder][Create Order][from shanghai to taiyuan at 1970-01-02 18:17:36]
2026-03-18 10:04:52.340  INFO 1 --- [io-12031-exec-8] order.service.OrderServiceImpl           : [create][Create Order][Ready to Create Order]
2026-03-18 10:04:52.359  INFO 1 --- [io-12031-exec-8] order.service.OrderServiceImpl           : [create][Order Create Success][Order Price][OrderId:1003c05e-1a12-460d-96b7-24c37e295ee3 , Price: 0.0]
2026-03-18 10:04:52.636  INFO 1 --- [o-12031-exec-10] order.controller.OrderController         : [createNewOrder][Create Order][from shanghai to taiyuan at 1970-01-02 18:17:36]
2026-03-18 10:04:52.636  INFO 1 --- [o-12031-exec-10] order.service.OrderServiceImpl           : [create][Create Order][Ready to Create Order]
2026-03-18 10:04:52.777  INFO 1 --- [o-12031-exec-10] order.service.OrderServiceImpl           : [create][Order Create Success][Order Price][OrderId:450f5fc4-3112-4f3d-a5d7-d86d6ff40706 , Price: 0.0]
2026-03-18 10:04:53.054  INFO 1 --- [io-12031-exec-9] order.controller.OrderController         : [createNewOrder][Create Order][from shanghai to taiyuan at 1970-01-02 18:17:36]
2026-03-18 10:04:53.054  INFO 1 --- [io-12031-exec-9] order.service.OrderServiceImpl           : [create][Create Order][Ready to Create Order]
2026-03-18 10:04:53.074  INFO 1 --- [io-12031-exec-9] order.service.OrderServiceImpl           : [create][Order Create Success][Order Price][OrderId:4915732c-54e2-4acd-82f6-3252d216a909 , Price: 0.0]
2026-03-18 10:04:53.343  INFO 1 --- [io-12031-exec-1] order.controller.OrderController         : [createNewOrder][Create Order][from shanghai to taiyuan at 1970-01-02 18:17:36]
2026-03-18 10:04:53.343  INFO 1 --- [io-12031-exec-1] order.service.OrderServiceImpl           : [create][Create Order][Ready to Create Order]
2026-03-18 10:04:53.362  INFO 1 --- [io-12031-exec-1] order.service.OrderServiceImpl           : [create][Order Create Success][Order Price][OrderId:bc399ce1-35bd-44e0-8455-1a61d836c72c , Price: 0.0]
2026-03-18 10:04:53.637  INFO 1 --- [io-12031-exec-3] order.controller.OrderController         : [createNewOrder][Create Order][from shanghai to taiyuan at 1970-01-02 18:17:36]
2026-03-18 10:04:53.637  INFO 1 --- [io-12031-exec-3] order.service.OrderServiceImpl           : [create][Create Order][Ready to Create Order]
2026-03-18 10:04:53.658  INFO 1 --- [io-12031-exec-3] order.service.OrderServiceImpl           : [create][Order Create Success][Order Price][OrderId:ff8425c6-3da7-411b-af88-421914e7cfea , Price: 0.0]
2026-03-18 10:04:53.939  INFO 1 --- [io-12031-exec-2] order.controller.OrderController         : [createNewOrder][Create Order][from shanghai to taiyuan at 1970-01-02 18:17:36]
2026-03-18 10:04:53.939  INFO 1 --- [io-12031-exec-2] order.service.OrderServiceImpl           : [create][Create Order][Ready to Create Order]
2026-03-18 10:04:53.961  INFO 1 --- [io-12031-exec-2] order.service.OrderServiceImpl           : [create][Order Create Success][Order Price][OrderId:15b07309-c13d-4ca8-932a-6077413d8123 , Price: 0.0]
2026-03-18 10:04:54.260  INFO 1 --- [io-12031-exec-5] order.controller.OrderController         : [createNewOrder][Create Order][from shanghai to taiyuan at 1970-01-02 18:17:36]
2026-03-18 10:04:54.260  INFO 1 --- [io-12031-exec-5] order.service.OrderServiceImpl           : [create][Create Order][Ready to Create Order]
2026-03-18 10:04:54.491  INFO 1 --- [io-12031-exec-5] order.service.OrderServiceImpl           : [create][Order Create Success][Order Price][OrderId:7287c400-9e54-49ff-b39b-897c00ffd2f3 , Price: 0.0]
2026-03-18 10:04:54.762  INFO 1 --- [io-12031-exec-4] order.controller.OrderController         : [createNewOrder][Create Order][from shanghai to taiyuan at 1970-01-02 18:17:36]
2026-03-18 10:04:54.762  INFO 1 --- [io-12031-exec-4] order.service.OrderServiceImpl           : [create][Create Order][Ready to Create Order]
2026-03-18 10:04:54.786  INFO 1 --- [io-12031-exec-4] order.service.OrderServiceImpl           : [create][Order Create Success][Order Price][OrderId:980f79ec-94da-4c3f-9615-cf2633a65f4e , Price: 0.0]
2026-03-18 10:04:55.057  INFO 1 --- [io-12031-exec-6] order.controller.OrderController         : [createNewOrder][Create Order][from shanghai to taiyuan at 1970-01-02 18:17:36]
2026-03-18 10:04:55.057  INFO 1 --- [io-12031-exec-6] order.service.OrderServiceImpl           : [create][Create Order][Ready to Create Order]
2026-03-18 10:04:55.078  INFO 1 --- [io-12031-exec-6] order.service.OrderServiceImpl           : [create][Order Create Success][Order Price][OrderId:ceb8001c-0d28-47ac-a6ba-d093c1660077 , Price: 0.0]
2026-03-18 10:04:55.356  INFO 1 --- [io-12031-exec-7] order.controller.OrderController         : [createNewOrder][Create Order][from shanghai to taiyuan at 1970-01-02 18:17:36]
2026-03-18 10:04:55.356  INFO 1 --- [io-12031-exec-7] order.service.OrderServiceImpl           : [create][Create Order][Ready to Create Order]
2026-03-18 10:04:55.375  INFO 1 --- [io-12031-exec-7] order.service.OrderServiceImpl           : [create][Order Create Success][Order Price][OrderId:d61965ea-90da-4f8e-b07f-11bc3eb2c9d9 , Price: 0.0]
2026-03-18 10:04:55.660  INFO 1 --- [io-12031-exec-8] order.controller.OrderController         : [createNewOrder][Create Order][from shanghai to taiyuan at 1970-01-02 18:17:36]
2026-03-18 10:04:55.660  INFO 1 --- [io-12031-exec-8] order.service.OrderServiceImpl           : [create][Create Order][Ready to Create Order]
2026-03-18 10:04:55.681  INFO 1 --- [io-12031-exec-8] order.service.OrderServiceImpl           : [create][Order Create Success][Order Price][OrderId:531ca010-9c5f-42bd-be73-d91dfe7eb621 , Price: 0.0]
2026-03-18 10:04:55.955  INFO 1 --- [o-12031-exec-10] order.controller.OrderController         : [createNewOrder][Create Order][from shanghai to taiyuan at 1970-01-02 18:17:36]
2026-03-18 10:04:55.955  INFO 1 --- [o-12031-exec-10] order.service.OrderServiceImpl           : [create][Create Order][Ready to Create Order]
2026-03-18 10:04:55.983  INFO 1 --- [o-12031-exec-10] order.service.OrderServiceImpl           : [create][Order Create Success][Order Price][OrderId:31cc9e71-7842-400e-8b46-2dead2b6a895 , Price: 0.0]
2026-03-18 10:04:56.252  INFO 1 --- [io-12031-exec-9] order.controller.OrderController         : [createNewOrder][Create Order][from shanghai to taiyuan at 1970-01-02 18:17:36]
2026-03-18 10:04:56.252  INFO 1 --- [io-12031-exec-9] order.service.OrderServiceImpl           : [create][Create Order][Ready to Create Order]
2026-03-18 10:04:56.272  INFO 1 --- [io-12031-exec-9] order.service.OrderServiceImpl           : [create][Order Create Success][Order Price][OrderId:8afd6d54-b5db-4481-bb35-fa693e8a23e2 , Price: 0.0]
2026-03-18 10:04:56.550  INFO 1 --- [io-12031-exec-1] order.controller.OrderController         : [createNewOrder][Create Order][from shanghai to taiyuan at 1970-01-02 18:17:36]
2026-03-18 10:04:56.550  INFO 1 --- [io-12031-exec-1] order.service.OrderServiceImpl           : [create][Create Order][Ready to Create Order]
2026-03-18 10:04:56.570  INFO 1 --- [io-12031-exec-1] order.service.OrderServiceImpl           : [create][Order Create Success][Order Price][OrderId:9288987c-899c-4d26-a0fd-6a2a55a7940d , Price: 0.0]
2026-03-18 10:04:56.849  INFO 1 --- [io-12031-exec-3] order.controller.OrderController         : [createNewOrder][Create Order][from shanghai to taiyuan at 1970-01-02 18:17:36]
2026-03-18 10:04:56.849  INFO 1 --- [io-12031-exec-3] order.service.OrderServiceImpl           : [create][Create Order][Ready to Create Order]
2026-03-18 10:04:56.868  INFO 1 --- [io-12031-exec-3] order.service.OrderServiceImpl           : [create][Order Create Success][Order Price][OrderId:70f1074b-b9ab-4d9d-bcb3-269607f00d40 , Price: 0.0]
2026-03-18 10:04:57.135  INFO 1 --- [io-12031-exec-2] order.controller.OrderController         : [createNewOrder][Create Order][from shanghai to taiyuan at 1970-01-02 18:17:36]
2026-03-18 10:04:57.135  INFO 1 --- [io-12031-exec-2] order.service.OrderServiceImpl           : [create][Create Order][Ready to Create Order]
2026-03-18 10:04:57.155  INFO 1 --- [io-12031-exec-2] order.service.OrderServiceImpl           : [create][Order Create Success][Order Price][OrderId:60fc3631-f71e-46c4-bb48-0f252261f265 , Price: 0.0]
2026-03-18 10:04:57.376  INFO 1 --- [io-12031-exec-5] order.controller.OrderController         : [createNewOrder][Create Order][from shanghai to taiyuan at 1970-01-02 18:17:36]
2026-03-18 10:04:57.376  INFO 1 --- [io-12031-exec-5] order.service.OrderServiceImpl           : [create][Create Order][Ready to Create Order]
2026-03-18 10:04:57.588  INFO 1 --- [io-12031-exec-5] order.service.OrderServiceImpl           : [create][Order Create Success][Order Price][OrderId:0deff25a-c0cb-4d9c-acc2-849c99ea1de7 , Price: 0.0]
2026-03-18 10:04:57.855  INFO 1 --- [io-12031-exec-4] order.controller.OrderController         : [createNewOrder][Create Order][from shanghai to taiyuan at 1970-01-02 18:17:36]
2026-03-18 10:04:57.855  INFO 1 --- [io-12031-exec-4] order.service.OrderServiceImpl           : [create][Create Order][Ready to Create Order]
2026-03-18 10:04:57.876  INFO 1 --- [io-12031-exec-4] order.service.OrderServiceImpl           : [create][Order Create Success][Order Price][OrderId:e3823fb1-0db5-4eed-903b-eccb07091ff7 , Price: 0.0]
2026-03-18 10:04:58.155  INFO 1 --- [io-12031-exec-6] order.controller.OrderController         : [createNewOrder][Create Order][from shanghai to taiyuan at 1970-01-02 18:17:36]
2026-03-18 10:04:58.156  INFO 1 --- [io-12031-exec-6] order.service.OrderServiceImpl           : [create][Create Order][Ready to Create Order]
2026-03-18 10:04:58.176  INFO 1 --- [io-12031-exec-6] order.service.OrderServiceImpl           : [create][Order Create Success][Order Price][OrderId:eec99dbb-65df-404d-8003-a568a4ef79e0 , Price: 0.0]
2026-03-18 10:04:58.464  INFO 1 --- [io-12031-exec-7] order.controller.OrderController         : [createNewOrder][Create Order][from shanghai to taiyuan at 1970-01-02 18:17:36]
2026-03-18 10:04:58.464  INFO 1 --- [io-12031-exec-7] order.service.OrderServiceImpl           : [create][Create Order][Ready to Create Order]
2026-03-18 10:04:58.486  INFO 1 --- [io-12031-exec-7] order.service.OrderServiceImpl           : [create][Order Create Success][Order Price][OrderId:53b07c00-cbd4-42cb-b666-cda608e1e891 , Price: 0.0]
2026-03-18 10:04:58.766  INFO 1 --- [io-12031-exec-8] order.controller.OrderController         : [createNewOrder][Create Order][from shanghai to taiyuan at 1970-01-02 18:17:36]
2026-03-18 10:04:58.766  INFO 1 --- [io-12031-exec-8] order.service.OrderServiceImpl           : [create][Create Order][Ready to Create Order]
2026-03-18 10:04:58.967  INFO 1 --- [io-12031-exec-8] order.service.OrderServiceImpl           : [create][Order Create Success][Order Price][OrderId:c6fea75f-4983-4ce2-9199-d17224cd3ad9 , Price: 0.0]
2026-03-18 10:04:59.262  INFO 1 --- [o-12031-exec-10] order.controller.OrderController         : [createNewOrder][Create Order][from shanghai to taiyuan at 1970-01-02 18:17:36]
2026-03-18 10:04:59.262  INFO 1 --- [o-12031-exec-10] order.service.OrderServiceImpl           : [create][Create Order][Ready to Create Order]
2026-03-18 10:04:59.286  INFO 1 --- [o-12031-exec-10] order.service.OrderServiceImpl           : [create][Order Create Success][Order Price][OrderId:32e67b08-9e75-435d-949e-f803c6c04b5a , Price: 0.0]
2026-03-18 10:04:59.557  INFO 1 --- [io-12031-exec-9] order.controller.OrderController         : [createNewOrder][Create Order][from shanghai to taiyuan at 1970-01-02 18:17:36]
2026-03-18 10:04:59.557  INFO 1 --- [io-12031-exec-9] order.service.OrderServiceImpl           : [create][Create Order][Ready to Create Order]
2026-03-18 10:04:59.579  INFO 1 --- [io-12031-exec-9] order.service.OrderServiceImpl           : [create][Order Create Success][Order Price][OrderId:bc2fad99-e5f0-4b1b-99ee-dc941d3ce049 , Price: 0.0]
2026-03-18 10:04:59.865  INFO 1 --- [io-12031-exec-1] order.controller.OrderController         : [createNewOrder][Create Order][from shanghai to taiyuan at 1970-01-02 18:17:36]
2026-03-18 10:04:59.865  INFO 1 --- [io-12031-exec-1] order.service.OrderServiceImpl           : [create][Create Order][Ready to Create Order]
2026-03-18 10:04:59.886  INFO 1 --- [io-12031-exec-1] order.service.OrderServiceImpl           : [create][Order Create Success][Order Price][OrderId:f28f0845-dc40-4a99-bf24-69578722a013 , Price: 0.0]
2026-03-18 10:05:00.169  INFO 1 --- [io-12031-exec-3] order.controller.OrderController         : [createNewOrder][Create Order][from shanghai to taiyuan at 1970-01-02 18:17:36]
2026-03-18 10:05:00.169  INFO 1 --- [io-12031-exec-3] order.service.OrderServiceImpl           : [create][Create Order][Ready to Create Order]
2026-03-18 10:05:00.190  INFO 1 --- [io-12031-exec-3] order.service.OrderServiceImpl           : [create][Order Create Success][Order Price][OrderId:34032887-94e0-4649-a436-0af503592bf1 , Price: 0.0]
2026-03-18 10:05:00.647  INFO 1 --- [io-12031-exec-2] order.controller.OrderController         : [createNewOrder][Create Order][from shanghai to taiyuan at 1970-01-02 18:17:36]
2026-03-18 10:05:00.647  INFO 1 --- [io-12031-exec-2] order.service.OrderServiceImpl           : [create][Create Order][Ready to Create Order]
2026-03-18 10:05:00.790  INFO 1 --- [io-12031-exec-2] order.service.OrderServiceImpl           : [create][Order Create Success][Order Price][OrderId:4dad2d6f-e71d-4c83-b0f0-e68dc498faa9 , Price: 0.0]
2026-03-18 10:05:01.062  INFO 1 --- [io-12031-exec-5] order.controller.OrderController         : [createNewOrder][Create Order][from shanghai to taiyuan at 1970-01-02 18:17:36]
2026-03-18 10:05:01.062  INFO 1 --- [io-12031-exec-5] order.service.OrderServiceImpl           : [create][Create Order][Ready to Create Order]
2026-03-18 10:05:01.084  INFO 1 --- [io-12031-exec-5] order.service.OrderServiceImpl           : [create][Order Create Success][Order Price][OrderId:e1a2fca5-e270-49f2-9275-98ca2c9e7221 , Price: 0.0]
2026-03-18 10:05:01.363  INFO 1 --- [io-12031-exec-6] order.controller.OrderController         : [createNewOrder][Create Order][from shanghai to taiyuan at 1970-01-02 18:17:36]
2026-03-18 10:05:01.363  INFO 1 --- [io-12031-exec-6] order.service.OrderServiceImpl           : [create][Create Order][Ready to Create Order]
2026-03-18 10:05:01.385  INFO 1 --- [io-12031-exec-6] order.service.OrderServiceImpl           : [create][Order Create Success][Order Price][OrderId:b6c1742e-2bf0-4759-8ef2-6d1e71a54b95 , Price: 0.0]
2026-03-18 10:05:01.662  INFO 1 --- [io-12031-exec-7] order.controller.OrderController         : [createNewOrder][Create Order][from shanghai to taiyuan at 1970-01-02 18:17:36]
2026-03-18 10:05:01.662  INFO 1 --- [io-12031-exec-7] order.service.OrderServiceImpl           : [create][Create Order][Ready to Create Order]
2026-03-18 10:05:01.683  INFO 1 --- [io-12031-exec-7] order.service.OrderServiceImpl           : [create][Order Create Success][Order Price][OrderId:6a06ec77-654c-42b4-b6dc-b64609521c93 , Price: 0.0]
2026-03-18 10:05:01.964  INFO 1 --- [io-12031-exec-8] order.controller.OrderController         : [createNewOrder][Create Order][from shanghai to taiyuan at 1970-01-02 18:17:36]
2026-03-18 10:05:01.964  INFO 1 --- [io-12031-exec-8] order.service.OrderServiceImpl           : [create][Create Order][Ready to Create Order]
2026-03-18 10:05:01.983  INFO 1 --- [io-12031-exec-8] order.service.OrderServiceImpl           : [create][Order Create Success][Order Price][OrderId:5457e4cf-28fd-4279-b399-4bf80dd65764 , Price: 0.0]
2026-03-18 10:05:02.333  INFO 1 --- [o-12031-exec-10] order.controller.OrderController         : [createNewOrder][Create Order][from shanghai to taiyuan at 1970-01-02 18:17:36]
2026-03-18 10:05:02.333  INFO 1 --- [o-12031-exec-10] order.service.OrderServiceImpl           : [create][Create Order][Ready to Create Order]
2026-03-18 10:05:02.392  INFO 1 --- [o-12031-exec-10] order.service.OrderServiceImpl           : [create][Order Create Success][Order Price][OrderId:6cff303b-f5fd-4166-8c7f-a96cf1356798 , Price: 0.0]
2026-03-18 10:05:02.932  INFO 1 --- [io-12031-exec-9] order.controller.OrderController         : [createNewOrder][Create Order][from shanghai to taiyuan at 1970-01-02 18:17:36]
2026-03-18 10:05:02.932  INFO 1 --- [io-12031-exec-9] order.service.OrderServiceImpl           : [create][Create Order][Ready to Create Order]
2026-03-18 10:05:02.951  INFO 1 --- [io-12031-exec-9] order.service.OrderServiceImpl           : [create][Order Create Success][Order Price][OrderId:dc282254-5a18-4f83-b55f-6f62ab58cf61 , Price: 0.0]
2026-03-18 10:05:03.183  INFO 1 --- [io-12031-exec-1] order.controller.OrderController         : [createNewOrder][Create Order][from shanghai to taiyuan at 1970-01-02 18:17:36]
2026-03-18 10:05:03.184  INFO 1 --- [io-12031-exec-1] order.service.OrderServiceImpl           : [create][Create Order][Ready to Create Order]
2026-03-18 10:05:03.205  INFO 1 --- [io-12031-exec-1] order.service.OrderServiceImpl           : [create][Order Create Success][Order Price][OrderId:e6114004-418e-4ea2-8f72-4dcd35614c10 , Price: 0.0]
2026-03-18 10:05:03.469  INFO 1 --- [io-12031-exec-3] order.controller.OrderController         : [createNewOrder][Create Order][from shanghai to taiyuan at 1970-01-02 18:17:36]
2026-03-18 10:05:03.469  INFO 1 --- [io-12031-exec-3] order.service.OrderServiceImpl           : [create][Create Order][Ready to Create Order]
2026-03-18 10:05:03.490  INFO 1 --- [io-12031-exec-3] order.service.OrderServiceImpl           : [create][Order Create Success][Order Price][OrderId:bc2f133b-bb86-405b-aea1-cea95f85b6d7 , Price: 0.0]
2026-03-18 10:05:03.776  INFO 1 --- [io-12031-exec-2] order.controller.OrderController         : [createNewOrder][Create Order][from shanghai to taiyuan at 1970-01-02 18:17:36]
2026-03-18 10:05:03.776  INFO 1 --- [io-12031-exec-2] order.service.OrderServiceImpl           : [create][Create Order][Ready to Create Order]
2026-03-18 10:05:03.973  INFO 1 --- [io-12031-exec-2] order.service.OrderServiceImpl           : [create][Order Create Success][Order Price][OrderId:8c399add-66fb-424c-9222-1f7324a1b571 , Price: 0.0]
2026-03-18 10:05:04.261  INFO 1 --- [io-12031-exec-5] order.controller.OrderController         : [createNewOrder][Create Order][from shanghai to taiyuan at 1970-01-02 18:17:36]
2026-03-18 10:05:04.261  INFO 1 --- [io-12031-exec-5] order.service.OrderServiceImpl           : [create][Create Order][Ready to Create Order]
2026-03-18 10:05:04.284  INFO 1 --- [io-12031-exec-5] order.service.OrderServiceImpl           : [create][Order Create Success][Order Price][OrderId:ab64309c-1682-4be6-b3d6-55e89c89fc7d , Price: 0.0]
2026-03-18 10:05:04.560  INFO 1 --- [io-12031-exec-4] order.controller.OrderController         : [createNewOrder][Create Order][from shanghai to taiyuan at 1970-01-02 18:17:36]
2026-03-18 10:05:04.560  INFO 1 --- [io-12031-exec-4] order.service.OrderServiceImpl           : [create][Create Order][Ready to Create Order]
2026-03-18 10:05:04.580  INFO 1 --- [io-12031-exec-4] order.service.OrderServiceImpl           : [create][Order Create Success][Order Price][OrderId:e1c86c4a-a7cf-4381-8aa0-d5b0b019fff2 , Price: 0.0]
2026-03-18 10:05:04.860  INFO 1 --- [io-12031-exec-6] order.controller.OrderController         : [createNewOrder][Create Order][from shanghai to taiyuan at 1970-01-02 18:17:36]
2026-03-18 10:05:04.861  INFO 1 --- [io-12031-exec-6] order.service.OrderServiceImpl           : [create][Create Order][Ready to Create Order]
2026-03-18 10:05:04.882  INFO 1 --- [io-12031-exec-6] order.service.OrderServiceImpl           : [create][Order Create Success][Order Price][OrderId:9392051b-6d36-4a53-870f-d599192a0d28 , Price: 0.0]
2026-03-18 10:05:05.161  INFO 1 --- [io-12031-exec-7] order.controller.OrderController         : [createNewOrder][Create Order][from shanghai to taiyuan at 1970-01-02 18:17:36]
2026-03-18 10:05:05.162  INFO 1 --- [io-12031-exec-7] order.service.OrderServiceImpl           : [create][Create Order][Ready to Create Order]
2026-03-18 10:05:05.182  INFO 1 --- [io-12031-exec-7] order.service.OrderServiceImpl           : [create][Order Create Success][Order Price][OrderId:3183a07a-7723-49d9-8ea1-e99cecbf7e1a , Price: 0.0]
2026-03-18 10:05:05.464  INFO 1 --- [io-12031-exec-8] order.controller.OrderController         : [createNewOrder][Create Order][from shanghai to taiyuan at 1970-01-02 18:17:36]
2026-03-18 10:05:05.464  INFO 1 --- [io-12031-exec-8] order.service.OrderServiceImpl           : [create][Create Order][Ready to Create Order]
2026-03-18 10:05:05.586  INFO 1 --- [io-12031-exec-8] order.service.OrderServiceImpl           : [create][Order Create Success][Order Price][OrderId:0272e57e-6daa-4219-a2b9-0751212e4c80 , Price: 0.0]
2026-03-18 10:05:05.857  INFO 1 --- [o-12031-exec-10] order.controller.OrderController         : [createNewOrder][Create Order][from shanghai to taiyuan at 1970-01-02 18:17:36]
2026-03-18 10:05:05.857  INFO 1 --- [o-12031-exec-10] order.service.OrderServiceImpl           : [create][Create Order][Ready to Create Order]
2026-03-18 10:05:05.881  INFO 1 --- [o-12031-exec-10] order.service.OrderServiceImpl           : [create][Order Create Success][Order Price][OrderId:ed9b42bf-6c46-4754-99ec-7f53ab188299 , Price: 0.0]
2026-03-18 10:05:06.159  INFO 1 --- [io-12031-exec-9] order.controller.OrderController         : [createNewOrder][Create Order][from shanghai to taiyuan at 1970-01-02 18:17:36]
2026-03-18 10:05:06.159  INFO 1 --- [io-12031-exec-9] order.service.OrderServiceImpl           : [create][Create Order][Ready to Create Order]
2026-03-18 10:05:06.181  INFO 1 --- [io-12031-exec-9] order.service.OrderServiceImpl           : [create][Order Create Success][Order Price][OrderId:9e5789e2-2a04-4331-b3aa-94b6916e6e69 , Price: 0.0]
2026-03-18 10:05:06.458  INFO 1 --- [io-12031-exec-1] order.controller.OrderController         : [createNewOrder][Create Order][from shanghai to taiyuan at 1970-01-02 18:17:36]
2026-03-18 10:05:06.458  INFO 1 --- [io-12031-exec-1] order.service.OrderServiceImpl           : [create][Create Order][Ready to Create Order]
2026-03-18 10:05:06.480  INFO 1 --- [io-12031-exec-1] order.service.OrderServiceImpl           : [create][Order Create Success][Order Price][OrderId:9ea13765-e1e4-4a17-a4eb-6308970e0761 , Price: 0.0]
2026-03-18 10:05:06.762  INFO 1 --- [io-12031-exec-3] order.controller.OrderController         : [createNewOrder][Create Order][from shanghai to taiyuan at 1970-01-02 18:17:36]
2026-03-18 10:05:06.762  INFO 1 --- [io-12031-exec-3] order.service.OrderServiceImpl           : [create][Create Order][Ready to Create Order]
2026-03-18 10:05:06.786  INFO 1 --- [io-12031-exec-3] order.service.OrderServiceImpl           : [create][Order Create Success][Order Price][OrderId:e68c8474-bcde-454c-b9ce-4d23a5c609ca , Price: 0.0]
2026-03-18 10:05:07.057  INFO 1 --- [io-12031-exec-2] order.controller.OrderController         : [createNewOrder][Create Order][from shanghai to taiyuan at 1970-01-02 18:17:36]
2026-03-18 10:05:07.057  INFO 1 --- [io-12031-exec-2] order.service.OrderServiceImpl           : [create][Create Order][Ready to Create Order]
2026-03-18 10:05:07.092  INFO 1 --- [io-12031-exec-2] order.service.OrderServiceImpl           : [create][Order Create Success][Order Price][OrderId:966ff855-60d0-4cb4-aada-c99476182e8f , Price: 0.0]
2026-03-18 10:05:07.359  INFO 1 --- [io-12031-exec-5] order.controller.OrderController         : [createNewOrder][Create Order][from shanghai to taiyuan at 1970-01-02 18:17:36]
2026-03-18 10:05:07.360  INFO 1 --- [io-12031-exec-5] order.service.OrderServiceImpl           : [create][Create Order][Ready to Create Order]
2026-03-18 10:05:07.381  INFO 1 --- [io-12031-exec-5] order.service.OrderServiceImpl           : [create][Order Create Success][Order Price][OrderId:36a6cbb8-8dd0-4cbc-9d08-1526469443e7 , Price: 0.0]
2026-03-18 10:05:07.861  INFO 1 --- [io-12031-exec-4] order.controller.OrderController         : [createNewOrder][Create Order][from shanghai to taiyuan at 1970-01-02 18:17:36]
2026-03-18 10:05:07.861  INFO 1 --- [io-12031-exec-4] order.service.OrderServiceImpl           : [create][Create Order][Ready to Create Order]
2026-03-18 10:05:07.885  INFO 1 --- [io-12031-exec-4] order.service.OrderServiceImpl           : [create][Order Create Success][Order Price][OrderId:5f1ff16b-358c-4c84-8a67-3531e1de805e , Price: 0.0]
2026-03-18 10:05:08.156  INFO 1 --- [io-12031-exec-6] order.controller.OrderController         : [createNewOrder][Create Order][from shanghai to taiyuan at 1970-01-02 18:17:36]
2026-03-18 10:05:08.156  INFO 1 --- [io-12031-exec-6] order.service.OrderServiceImpl           : [create][Create Order][Ready to Create Order]
2026-03-18 10:05:08.176  INFO 1 --- [io-12031-exec-6] order.service.OrderServiceImpl           : [create][Order Create Success][Order Price][OrderId:d9f531a5-43d7-438c-8a65-ce90dafde21d , Price: 0.0]
2026-03-18 10:05:08.458  INFO 1 --- [io-12031-exec-7] order.controller.OrderController         : [createNewOrder][Create Order][from shanghai to taiyuan at 1970-01-02 18:17:36]
2026-03-18 10:05:08.458  INFO 1 --- [io-12031-exec-7] order.service.OrderServiceImpl           : [create][Create Order][Ready to Create Order]
2026-03-18 10:05:08.673  INFO 1 --- [io-12031-exec-7] order.service.OrderServiceImpl           : [create][Order Create Success][Order Price][OrderId:1cc15104-f1f0-49b3-8572-de7a44a9e5c8 , Price: 0.0]
2026-03-18 10:05:08.949  INFO 1 --- [io-12031-exec-8] order.controller.OrderController         : [createNewOrder][Create Order][from shanghai to taiyuan at 1970-01-02 18:17:36]
2026-03-18 10:05:08.949  INFO 1 --- [io-12031-exec-8] order.service.OrderServiceImpl           : [create][Create Order][Ready to Create Order]
2026-03-18 10:05:08.971  INFO 1 --- [io-12031-exec-8] order.service.OrderServiceImpl           : [create][Order Create Success][Order Price][OrderId:599ff050-aa05-47cf-968e-ac03b127d024 , Price: 0.0]
2026-03-18 10:05:09.256  INFO 1 --- [o-12031-exec-10] order.controller.OrderController         : [createNewOrder][Create Order][from shanghai to taiyuan at 1970-01-02 18:17:36]
2026-03-18 10:05:09.256  INFO 1 --- [o-12031-exec-10] order.service.OrderServiceImpl           : [create][Create Order][Ready to Create Order]
2026-03-18 10:05:09.276  INFO 1 --- [o-12031-exec-10] order.service.OrderServiceImpl           : [create][Order Create Success][Order Price][OrderId:e1d313af-da09-4fa0-bf35-4b35cc8334c0 , Price: 0.0]
2026-03-18 10:05:09.549  INFO 1 --- [io-12031-exec-9] order.controller.OrderController         : [createNewOrder][Create Order][from shanghai to taiyuan at 1970-01-02 18:17:36]
2026-03-18 10:05:09.549  INFO 1 --- [io-12031-exec-9] order.service.OrderServiceImpl           : [create][Create Order][Ready to Create Order]
2026-03-18 10:05:09.570  INFO 1 --- [io-12031-exec-9] order.service.OrderServiceImpl           : [create][Order Create Success][Order Price][OrderId:83688fc5-d7af-4a89-89e2-44a2ef8a3222 , Price: 0.0]
2026-03-18 10:05:09.846  INFO 1 --- [io-12031-exec-1] order.controller.OrderController         : [createNewOrder][Create Order][from shanghai to taiyuan at 1970-01-02 18:17:36]
2026-03-18 10:05:09.846  INFO 1 --- [io-12031-exec-1] order.service.OrderServiceImpl           : [create][Create Order][Ready to Create Order]
2026-03-18 10:05:09.867  INFO 1 --- [io-12031-exec-1] order.service.OrderServiceImpl           : [create][Order Create Success][Order Price][OrderId:0aba7cd4-64ca-4d57-a8f9-40002ee6f2f5 , Price: 0.0]
2026-03-18 10:05:10.152  INFO 1 --- [io-12031-exec-3] order.controller.OrderController         : [createNewOrder][Create Order][from shanghai to taiyuan at 1970-01-02 18:17:36]
2026-03-18 10:05:10.152  INFO 1 --- [io-12031-exec-3] order.service.OrderServiceImpl           : [create][Create Order][Ready to Create Order]
2026-03-18 10:05:10.187  INFO 1 --- [io-12031-exec-3] order.service.OrderServiceImpl           : [create][Order Create Success][Order Price][OrderId:55b955f8-9f34-482e-af1f-d67729328da3 , Price: 0.0]
2026-03-18 10:05:10.455  INFO 1 --- [io-12031-exec-2] order.controller.OrderController         : [createNewOrder][Create Order][from shanghai to taiyuan at 1970-01-02 18:17:36]
2026-03-18 10:05:10.455  INFO 1 --- [io-12031-exec-2] order.service.OrderServiceImpl           : [create][Create Order][Ready to Create Order]
2026-03-18 10:05:10.476  INFO 1 --- [io-12031-exec-2] order.service.OrderServiceImpl           : [create][Order Create Success][Order Price][OrderId:9a830cf2-1b92-486c-a040-69412ca7e185 , Price: 0.0]
2026-03-18 10:05:10.758  INFO 1 --- [io-12031-exec-5] order.controller.OrderController         : [createNewOrder][Create Order][from shanghai to taiyuan at 1970-01-02 18:17:36]
2026-03-18 10:05:10.758  INFO 1 --- [io-12031-exec-5] order.service.OrderServiceImpl           : [create][Create Order][Ready to Create Order]
2026-03-18 10:05:10.779  INFO 1 --- [io-12031-exec-5] order.service.OrderServiceImpl           : [create][Order Create Success][Order Price][OrderId:12a9db22-726b-4b92-943e-529ee392cbe5 , Price: 0.0]
2026-03-18 10:05:11.067  INFO 1 --- [io-12031-exec-4] order.controller.OrderController         : [createNewOrder][Create Order][from shanghai to taiyuan at 1970-01-02 18:17:36]
2026-03-18 10:05:11.067  INFO 1 --- [io-12031-exec-4] order.service.OrderServiceImpl           : [create][Create Order][Ready to Create Order]
2026-03-18 10:05:11.086  INFO 1 --- [io-12031-exec-4] order.service.OrderServiceImpl           : [create][Order Create Success][Order Price][OrderId:e266f4b9-ff34-4390-b8d2-dea73fd25c94 , Price: 0.0]
2026-03-18 10:05:11.358  INFO 1 --- [io-12031-exec-7] order.controller.OrderController         : [createNewOrder][Create Order][from shanghai to taiyuan at 1970-01-02 18:17:36]
2026-03-18 10:05:11.358  INFO 1 --- [io-12031-exec-7] order.service.OrderServiceImpl           : [create][Create Order][Ready to Create Order]
2026-03-18 10:05:11.479  INFO 1 --- [io-12031-exec-7] order.service.OrderServiceImpl           : [create][Order Create Success][Order Price][OrderId:abdbf98f-d7b4-41ee-ade4-5de0c779a741 , Price: 0.0]
2026-03-18 10:05:11.755  INFO 1 --- [io-12031-exec-8] order.controller.OrderController         : [createNewOrder][Create Order][from shanghai to taiyuan at 1970-01-02 18:17:36]
2026-03-18 10:05:11.755  INFO 1 --- [io-12031-exec-8] order.service.OrderServiceImpl           : [create][Create Order][Ready to Create Order]
2026-03-18 10:05:11.777  INFO 1 --- [io-12031-exec-8] order.service.OrderServiceImpl           : [create][Order Create Success][Order Price][OrderId:e5113a12-851c-4522-9036-fd37bb3a497f , Price: 0.0]
2026-03-18 10:05:12.057  INFO 1 --- [o-12031-exec-10] order.controller.OrderController         : [createNewOrder][Create Order][from shanghai to taiyuan at 1970-01-02 18:17:36]
2026-03-18 10:05:12.057  INFO 1 --- [o-12031-exec-10] order.service.OrderServiceImpl           : [create][Create Order][Ready to Create Order]
2026-03-18 10:05:12.078  INFO 1 --- [o-12031-exec-10] order.service.OrderServiceImpl           : [create][Order Create Success][Order Price][OrderId:e568182c-e0c4-4045-8910-df8118d3ff9d , Price: 0.0]
2026-03-18 10:05:12.349  INFO 1 --- [io-12031-exec-9] order.controller.OrderController         : [createNewOrder][Create Order][from shanghai to taiyuan at 1970-01-02 18:17:36]
2026-03-18 10:05:12.349  INFO 1 --- [io-12031-exec-9] order.service.OrderServiceImpl           : [create][Create Order][Ready to Create Order]
2026-03-18 10:05:12.370  INFO 1 --- [io-12031-exec-9] order.service.OrderServiceImpl           : [create][Order Create Success][Order Price][OrderId:baf3d028-bea0-4a03-862c-4453fa38e861 , Price: 0.0]
2026-03-18 10:05:12.647  INFO 1 --- [io-12031-exec-1] order.controller.OrderController         : [createNewOrder][Create Order][from shanghai to taiyuan at 1970-01-02 18:17:36]
2026-03-18 10:05:12.647  INFO 1 --- [io-12031-exec-1] order.service.OrderServiceImpl           : [create][Create Order][Ready to Create Order]
2026-03-18 10:05:12.667  INFO 1 --- [io-12031-exec-1] order.service.OrderServiceImpl           : [create][Order Create Success][Order Price][OrderId:23ae4925-6627-4e74-b698-a12bb8a00805 , Price: 0.0]
2026-03-18 10:05:13.063  INFO 1 --- [io-12031-exec-3] order.controller.OrderController         : [createNewOrder][Create Order][from shanghai to taiyuan at 1970-01-02 18:17:36]
2026-03-18 10:05:13.063  INFO 1 --- [io-12031-exec-3] order.service.OrderServiceImpl           : [create][Create Order][Ready to Create Order]
2026-03-18 10:05:13.192  INFO 1 --- [io-12031-exec-3] order.service.OrderServiceImpl           : [create][Order Create Success][Order Price][OrderId:806913cd-348e-41fd-a3af-f777ff8ebf3e , Price: 0.0]
2026-03-18 10:05:13.458  INFO 1 --- [io-12031-exec-2] order.controller.OrderController         : [createNewOrder][Create Order][from shanghai to taiyuan at 1970-01-02 18:17:36]
2026-03-18 10:05:13.458  INFO 1 --- [io-12031-exec-2] order.service.OrderServiceImpl           : [create][Create Order][Ready to Create Order]
2026-03-18 10:05:13.479  INFO 1 --- [io-12031-exec-2] order.service.OrderServiceImpl           : [create][Order Create Success][Order Price][OrderId:d43bda1f-7141-4da3-b11c-7068d61b6af7 , Price: 0.0]
2026-03-18 10:05:13.754  INFO 1 --- [io-12031-exec-5] order.controller.OrderController         : [createNewOrder][Create Order][from shanghai to taiyuan at 1970-01-02 18:17:36]
2026-03-18 10:05:13.754  INFO 1 --- [io-12031-exec-5] order.service.OrderServiceImpl           : [create][Create Order][Ready to Create Order]
2026-03-18 10:05:13.775  INFO 1 --- [io-12031-exec-5] order.service.OrderServiceImpl           : [create][Order Create Success][Order Price][OrderId:2dba0ad2-3105-4b66-ab52-2c93858c4dd8 , Price: 0.0]
2026-03-18 10:05:14.048  INFO 1 --- [io-12031-exec-4] order.controller.OrderController         : [createNewOrder][Create Order][from shanghai to taiyuan at 1970-01-02 18:17:36]
2026-03-18 10:05:14.048  INFO 1 --- [io-12031-exec-4] order.service.OrderServiceImpl           : [create][Create Order][Ready to Create Order]
2026-03-18 10:05:14.068  INFO 1 --- [io-12031-exec-4] order.service.OrderServiceImpl           : [create][Order Create Success][Order Price][OrderId:e425e0b4-8e8b-49bb-b1f1-47d7d13aadc0 , Price: 0.0]
2026-03-18 10:05:14.349  INFO 1 --- [io-12031-exec-6] order.controller.OrderController         : [createNewOrder][Create Order][from shanghai to taiyuan at 1970-01-02 18:17:36]
2026-03-18 10:05:14.349  INFO 1 --- [io-12031-exec-6] order.service.OrderServiceImpl           : [create][Create Order][Ready to Create Order]
2026-03-18 10:05:14.371  INFO 1 --- [io-12031-exec-6] order.service.OrderServiceImpl           : [create][Order Create Success][Order Price][OrderId:6984e2e8-0a47-4b02-9f02-73885ce0cc47 , Price: 0.0]
2026-03-18 10:05:14.648  INFO 1 --- [io-12031-exec-7] order.controller.OrderController         : [createNewOrder][Create Order][from shanghai to taiyuan at 1970-01-02 18:17:36]
2026-03-18 10:05:14.648  INFO 1 --- [io-12031-exec-7] order.service.OrderServiceImpl           : [create][Create Order][Ready to Create Order]
2026-03-18 10:05:14.693  INFO 1 --- [io-12031-exec-7] order.service.OrderServiceImpl           : [create][Order Create Success][Order Price][OrderId:e6fbf551-8063-4073-9ee6-31b99417c2a2 , Price: 0.0]
2026-03-18 10:05:14.958  INFO 1 --- [io-12031-exec-8] order.controller.OrderController         : [createNewOrder][Create Order][from shanghai to taiyuan at 1970-01-02 18:17:36]
2026-03-18 10:05:14.958  INFO 1 --- [io-12031-exec-8] order.service.OrderServiceImpl           : [create][Create Order][Ready to Create Order]
2026-03-18 10:05:14.981  INFO 1 --- [io-12031-exec-8] order.service.OrderServiceImpl           : [create][Order Create Success][Order Price][OrderId:64b2fea7-ebe8-4a01-8fe2-4eba8059945b , Price: 0.0]
2026-03-18 10:05:15.257  INFO 1 --- [o-12031-exec-10] order.controller.OrderController         : [createNewOrder][Create Order][from shanghai to taiyuan at 1970-01-02 18:17:36]
2026-03-18 10:05:15.257  INFO 1 --- [o-12031-exec-10] order.service.OrderServiceImpl           : [create][Create Order][Ready to Create Order]
2026-03-18 10:05:15.279  INFO 1 --- [o-12031-exec-10] order.service.OrderServiceImpl           : [create][Order Create Success][Order Price][OrderId:7b5541c6-50a1-4b60-a40e-f44f37d9de20 , Price: 0.0]
2026-03-18 10:05:15.551  INFO 1 --- [io-12031-exec-9] order.controller.OrderController         : [createNewOrder][Create Order][from shanghai to taiyuan at 1970-01-02 18:17:36]
2026-03-18 10:05:15.551  INFO 1 --- [io-12031-exec-9] order.service.OrderServiceImpl           : [create][Create Order][Ready to Create Order]
2026-03-18 10:05:15.570  INFO 1 --- [io-12031-exec-9] order.service.OrderServiceImpl           : [create][Order Create Success][Order Price][OrderId:95fb019a-835e-4f0b-a9cb-a88d86c9e14a , Price: 0.0]
2026-03-18 10:05:15.847  INFO 1 --- [io-12031-exec-1] order.controller.OrderController         : [createNewOrder][Create Order][from shanghai to taiyuan at 1970-01-02 18:17:36]
2026-03-18 10:05:15.847  INFO 1 --- [io-12031-exec-1] order.service.OrderServiceImpl           : [create][Create Order][Ready to Create Order]
2026-03-18 10:05:15.989  INFO 1 --- [io-12031-exec-1] order.service.OrderServiceImpl           : [create][Order Create Success][Order Price][OrderId:ca20e8f3-68ec-4bfa-a753-ce51f3e1d832 , Price: 0.0]
2026-03-18 10:05:16.254  INFO 1 --- [io-12031-exec-3] order.controller.OrderController         : [createNewOrder][Create Order][from shanghai to taiyuan at 1970-01-02 18:17:36]
2026-03-18 10:05:16.254  INFO 1 --- [io-12031-exec-3] order.service.OrderServiceImpl           : [create][Create Order][Ready to Create Order]
2026-03-18 10:05:16.276  INFO 1 --- [io-12031-exec-3] order.service.OrderServiceImpl           : [create][Order Create Success][Order Price][OrderId:d93711ef-93be-4a9a-aca9-b05164d0b710 , Price: 0.0]
2026-03-18 10:05:16.555  INFO 1 --- [io-12031-exec-2] order.controller.OrderController         : [createNewOrder][Create Order][from shanghai to taiyuan at 1970-01-02 18:17:36]
2026-03-18 10:05:16.555  INFO 1 --- [io-12031-exec-2] order.service.OrderServiceImpl           : [create][Create Order][Ready to Create Order]
2026-03-18 10:05:16.575  INFO 1 --- [io-12031-exec-2] order.service.OrderServiceImpl           : [create][Order Create Success][Order Price][OrderId:da1602bb-199d-460e-a4aa-b73e5d716d14 , Price: 0.0]
2026-03-18 10:05:16.857  INFO 1 --- [io-12031-exec-5] order.controller.OrderController         : [createNewOrder][Create Order][from shanghai to taiyuan at 1970-01-02 18:17:36]
2026-03-18 10:05:16.857  INFO 1 --- [io-12031-exec-5] order.service.OrderServiceImpl           : [create][Create Order][Ready to Create Order]
2026-03-18 10:05:16.877  INFO 1 --- [io-12031-exec-5] order.service.OrderServiceImpl           : [create][Order Create Success][Order Price][OrderId:8b7c3dc3-77da-4f06-a559-472d9bf1d37f , Price: 0.0]
2026-03-18 10:05:17.149  INFO 1 --- [io-12031-exec-4] order.controller.OrderController         : [createNewOrder][Create Order][from shanghai to taiyuan at 1970-01-02 18:17:36]
2026-03-18 10:05:17.149  INFO 1 --- [io-12031-exec-4] order.service.OrderServiceImpl           : [create][Create Order][Ready to Create Order]
2026-03-18 10:05:17.169  INFO 1 --- [io-12031-exec-4] order.service.OrderServiceImpl           : [create][Order Create Success][Order Price][OrderId:1b6587d1-d761-42cd-ae8b-0132337c6abc , Price: 0.0]
2026-03-18 10:05:17.446  INFO 1 --- [io-12031-exec-6] order.controller.OrderController         : [createNewOrder][Create Order][from shanghai to taiyuan at 1970-01-02 18:17:36]
2026-03-18 10:05:17.446  INFO 1 --- [io-12031-exec-6] order.service.OrderServiceImpl           : [create][Create Order][Ready to Create Order]
2026-03-18 10:05:17.493  INFO 1 --- [io-12031-exec-6] order.service.OrderServiceImpl           : [create][Order Create Success][Order Price][OrderId:18a1fcec-519e-481d-82ad-d3212a60142e , Price: 0.0]
2026-03-18 10:05:17.953  INFO 1 --- [io-12031-exec-7] order.controller.OrderController         : [createNewOrder][Create Order][from shanghai to taiyuan at 1970-01-02 18:17:36]
2026-03-18 10:05:17.953  INFO 1 --- [io-12031-exec-7] order.service.OrderServiceImpl           : [create][Create Order][Ready to Create Order]
2026-03-18 10:05:17.976  INFO 1 --- [io-12031-exec-7] order.service.OrderServiceImpl           : [create][Order Create Success][Order Price][OrderId:54e250e2-dbe3-463e-b196-8f4944452ffc , Price: 0.0]
2026-03-18 10:05:18.263  INFO 1 --- [io-12031-exec-8] order.controller.OrderController         : [createNewOrder][Create Order][from shanghai to taiyuan at 1970-01-02 18:17:36]
2026-03-18 10:05:18.264  INFO 1 --- [io-12031-exec-8] order.service.OrderServiceImpl           : [create][Create Order][Ready to Create Order]
2026-03-18 10:05:18.287  INFO 1 --- [io-12031-exec-8] order.service.OrderServiceImpl           : [create][Order Create Success][Order Price][OrderId:273959c4-e7e8-416e-8a02-77e421021b13 , Price: 0.0]
2026-03-18 10:05:18.558  INFO 1 --- [o-12031-exec-10] order.controller.OrderController         : [createNewOrder][Create Order][from shanghai to taiyuan at 1970-01-02 18:17:36]
2026-03-18 10:05:18.558  INFO 1 --- [o-12031-exec-10] order.service.OrderServiceImpl           : [create][Create Order][Ready to Create Order]
2026-03-18 10:05:18.579  INFO 1 --- [o-12031-exec-10] order.service.OrderServiceImpl           : [create][Order Create Success][Order Price][OrderId:89b41eb8-2336-42a6-9d5f-dcaeb67be610 , Price: 0.0]
2026-03-18 10:05:18.853  INFO 1 --- [io-12031-exec-9] order.controller.OrderController         : [createNewOrder][Create Order][from shanghai to taiyuan at 1970-01-02 18:17:36]
2026-03-18 10:05:18.853  INFO 1 --- [io-12031-exec-9] order.service.OrderServiceImpl           : [create][Create Order][Ready to Create Order]
2026-03-18 10:05:18.883  INFO 1 --- [io-12031-exec-9] order.service.OrderServiceImpl           : [create][Order Create Success][Order Price][OrderId:6d105980-5266-4731-b59d-9fc69523a42e , Price: 0.0]
2026-03-18 10:05:19.160  INFO 1 --- [io-12031-exec-1] order.controller.OrderController         : [createNewOrder][Create Order][from shanghai to taiyuan at 1970-01-02 18:17:36]
2026-03-18 10:05:19.160  INFO 1 --- [io-12031-exec-1] order.service.OrderServiceImpl           : [create][Create Order][Ready to Create Order]
2026-03-18 10:05:19.180  INFO 1 --- [io-12031-exec-1] order.service.OrderServiceImpl           : [create][Order Create Success][Order Price][OrderId:fc41d3d2-100f-40c4-a005-1a65d2864725 , Price: 0.0]
2026-03-18 10:05:19.455  INFO 1 --- [io-12031-exec-3] order.controller.OrderController         : [createNewOrder][Create Order][from shanghai to taiyuan at 1970-01-02 18:17:36]
2026-03-18 10:05:19.456  INFO 1 --- [io-12031-exec-3] order.service.OrderServiceImpl           : [create][Create Order][Ready to Create Order]
2026-03-18 10:05:19.475  INFO 1 --- [io-12031-exec-3] order.service.OrderServiceImpl           : [create][Order Create Success][Order Price][OrderId:4c95a468-2a7f-4a52-afaa-b32a5b5f04ab , Price: 0.0]
2026-03-18 10:05:19.752  INFO 1 --- [io-12031-exec-2] order.controller.OrderController         : [createNewOrder][Create Order][from shanghai to taiyuan at 1970-01-02 18:17:36]
2026-03-18 10:05:19.752  INFO 1 --- [io-12031-exec-2] order.service.OrderServiceImpl           : [create][Create Order][Ready to Create Order]
2026-03-18 10:05:19.773  INFO 1 --- [io-12031-exec-2] order.service.OrderServiceImpl           : [create][Order Create Success][Order Price][OrderId:c0a6e3f6-536c-4f36-b147-0d5f1c464186 , Price: 0.0]
2026-03-18 10:05:20.061  INFO 1 --- [io-12031-exec-5] order.controller.OrderController         : [createNewOrder][Create Order][from shanghai to taiyuan at 1970-01-02 18:17:36]
2026-03-18 10:05:20.061  INFO 1 --- [io-12031-exec-5] order.service.OrderServiceImpl           : [create][Create Order][Ready to Create Order]
2026-03-18 10:05:20.086  INFO 1 --- [io-12031-exec-5] order.service.OrderServiceImpl           : [create][Order Create Success][Order Price][OrderId:a29830e9-ecf3-44f8-8ab9-5278ad204c78 , Price: 0.0]
2026-03-18 10:05:20.358  INFO 1 --- [io-12031-exec-4] order.controller.OrderController         : [createNewOrder][Create Order][from shanghai to taiyuan at 1970-01-02 18:17:36]
2026-03-18 10:05:20.358  INFO 1 --- [io-12031-exec-4] order.service.OrderServiceImpl           : [create][Create Order][Ready to Create Order]
2026-03-18 10:05:20.588  INFO 1 --- [io-12031-exec-4] order.service.OrderServiceImpl           : [create][Order Create Success][Order Price][OrderId:20418acd-a6be-484d-95d8-e0ee928fd7a9 , Price: 0.0]
2026-03-18 10:05:20.872  INFO 1 --- [io-12031-exec-6] order.controller.OrderController         : [createNewOrder][Create Order][from shanghai to taiyuan at 1970-01-02 18:17:36]
2026-03-18 10:05:20.873  INFO 1 --- [io-12031-exec-6] order.service.OrderServiceImpl           : [create][Create Order][Ready to Create Order]
2026-03-18 10:05:20.893  INFO 1 --- [io-12031-exec-6] order.service.OrderServiceImpl           : [create][Order Create Success][Order Price][OrderId:7b74c376-b099-4ffa-9625-e9c647ad7b7c , Price: 0.0]
2026-03-18 10:05:21.158  INFO 1 --- [io-12031-exec-7] order.controller.OrderController         : [createNewOrder][Create Order][from shanghai to taiyuan at 1970-01-02 18:17:36]
2026-03-18 10:05:21.159  INFO 1 --- [io-12031-exec-7] order.service.OrderServiceImpl           : [create][Create Order][Ready to Create Order]
2026-03-18 10:05:21.180  INFO 1 --- [io-12031-exec-7] order.service.OrderServiceImpl           : [create][Order Create Success][Order Price][OrderId:3dd474d1-cc5a-4ccf-907e-ff165793682e , Price: 0.0]
2026-03-18 10:05:21.461  INFO 1 --- [o-12031-exec-10] order.controller.OrderController         : [createNewOrder][Create Order][from shanghai to taiyuan at 1970-01-02 18:17:36]
2026-03-18 10:05:21.461  INFO 1 --- [o-12031-exec-10] order.service.OrderServiceImpl           : [create][Create Order][Ready to Create Order]
2026-03-18 10:05:21.482  INFO 1 --- [o-12031-exec-10] order.service.OrderServiceImpl           : [create][Order Create Success][Order Price][OrderId:2ea6ed5e-8b59-475e-80d0-ccc00dedd036 , Price: 0.0]
2026-03-18 10:05:21.754  INFO 1 --- [io-12031-exec-9] order.controller.OrderController         : [createNewOrder][Create Order][from shanghai to taiyuan at 1970-01-02 18:17:36]
2026-03-18 10:05:21.754  INFO 1 --- [io-12031-exec-9] order.service.OrderServiceImpl           : [create][Create Order][Ready to Create Order]
2026-03-18 10:05:21.784  INFO 1 --- [io-12031-exec-9] order.service.OrderServiceImpl           : [create][Order Create Success][Order Price][OrderId:391aa581-991e-4846-bf70-1b75b14eb584 , Price: 0.0]
2026-03-18 10:05:22.056  INFO 1 --- [io-12031-exec-1] order.controller.OrderController         : [createNewOrder][Create Order][from shanghai to taiyuan at 1970-01-02 18:17:36]
2026-03-18 10:05:22.056  INFO 1 --- [io-12031-exec-1] order.service.OrderServiceImpl           : [create][Create Order][Ready to Create Order]
2026-03-18 10:05:22.075  INFO 1 --- [io-12031-exec-1] order.service.OrderServiceImpl           : [create][Order Create Success][Order Price][OrderId:298dcdb8-9bb1-42f6-8a11-cb92b1aae21d , Price: 0.0]
2026-03-18 10:05:22.357  INFO 1 --- [io-12031-exec-3] order.controller.OrderController         : [createNewOrder][Create Order][from shanghai to taiyuan at 1970-01-02 18:17:36]
2026-03-18 10:05:22.357  INFO 1 --- [io-12031-exec-3] order.service.OrderServiceImpl           : [create][Create Order][Ready to Create Order]
2026-03-18 10:05:22.378  INFO 1 --- [io-12031-exec-3] order.service.OrderServiceImpl           : [create][Order Create Success][Order Price][OrderId:9b1404b3-f935-46f8-8668-24d5cfe7a102 , Price: 0.0]
2026-03-18 10:05:22.651  INFO 1 --- [io-12031-exec-2] order.controller.OrderController         : [createNewOrder][Create Order][from shanghai to taiyuan at 1970-01-02 18:17:36]
2026-03-18 10:05:22.651  INFO 1 --- [io-12031-exec-2] order.service.OrderServiceImpl           : [create][Create Order][Ready to Create Order]
2026-03-18 10:05:22.671  INFO 1 --- [io-12031-exec-2] order.service.OrderServiceImpl           : [create][Order Create Success][Order Price][OrderId:a167ba85-10bd-4439-8b90-17fdc728dee4 , Price: 0.0]
2026-03-18 10:05:22.945  INFO 1 --- [io-12031-exec-5] order.controller.OrderController         : [createNewOrder][Create Order][from shanghai to taiyuan at 1970-01-02 18:17:36]
2026-03-18 10:05:22.945  INFO 1 --- [io-12031-exec-5] order.service.OrderServiceImpl           : [create][Create Order][Ready to Create Order]
2026-03-18 10:05:22.978  INFO 1 --- [io-12031-exec-5] order.service.OrderServiceImpl           : [create][Order Create Success][Order Price][OrderId:ee4b2cdf-bd67-41ff-85b0-bfa467c72078 , Price: 0.0]
2026-03-18 10:05:23.259  INFO 1 --- [io-12031-exec-4] order.controller.OrderController         : [createNewOrder][Create Order][from shanghai to taiyuan at 1970-01-02 18:17:36]
2026-03-18 10:05:23.259  INFO 1 --- [io-12031-exec-4] order.service.OrderServiceImpl           : [create][Create Order][Ready to Create Order]
2026-03-18 10:05:23.388  INFO 1 --- [io-12031-exec-4] order.service.OrderServiceImpl           : [create][Order Create Success][Order Price][OrderId:c383861f-45f6-4302-b968-d8474b3410f8 , Price: 0.0]
2026-03-18 10:05:23.667  INFO 1 --- [io-12031-exec-6] order.controller.OrderController         : [createNewOrder][Create Order][from shanghai to taiyuan at 1970-01-02 18:17:36]
2026-03-18 10:05:23.667  INFO 1 --- [io-12031-exec-6] order.service.OrderServiceImpl           : [create][Create Order][Ready to Create Order]
2026-03-18 10:05:23.687  INFO 1 --- [io-12031-exec-6] order.service.OrderServiceImpl           : [create][Order Create Success][Order Price][OrderId:be386a80-78a1-481b-a33a-03eebee23fee , Price: 0.0]
2026-03-18 10:05:23.960  INFO 1 --- [io-12031-exec-7] order.controller.OrderController         : [createNewOrder][Create Order][from shanghai to taiyuan at 1970-01-02 18:17:36]
2026-03-18 10:05:23.960  INFO 1 --- [io-12031-exec-7] order.service.OrderServiceImpl           : [create][Create Order][Ready to Create Order]
2026-03-18 10:05:23.984  INFO 1 --- [io-12031-exec-7] order.service.OrderServiceImpl           : [create][Order Create Success][Order Price][OrderId:78d0d1db-f860-4c25-828a-c50f6c248fff , Price: 0.0]
2026-03-18 10:05:24.260  INFO 1 --- [io-12031-exec-8] order.controller.OrderController         : [createNewOrder][Create Order][from shanghai to taiyuan at 1970-01-02 18:17:36]
2026-03-18 10:05:24.260  INFO 1 --- [io-12031-exec-8] order.service.OrderServiceImpl           : [create][Create Order][Ready to Create Order]
2026-03-18 10:05:24.283  INFO 1 --- [io-12031-exec-8] order.service.OrderServiceImpl           : [create][Order Create Success][Order Price][OrderId:b7c58013-4fb2-414f-afc1-16304f772658 , Price: 0.0]
2026-03-18 10:05:24.562  INFO 1 --- [o-12031-exec-10] order.controller.OrderController         : [createNewOrder][Create Order][from shanghai to taiyuan at 1970-01-02 18:17:36]
2026-03-18 10:05:24.562  INFO 1 --- [o-12031-exec-10] order.service.OrderServiceImpl           : [create][Create Order][Ready to Create Order]
2026-03-18 10:05:24.775  INFO 1 --- [o-12031-exec-10] order.service.OrderServiceImpl           : [create][Order Create Success][Order Price][OrderId:6878a4ab-0f9f-4247-94e9-c04d7243ef88 , Price: 0.0]
2026-03-18 10:05:25.056  INFO 1 --- [io-12031-exec-9] order.controller.OrderController         : [createNewOrder][Create Order][from shanghai to taiyuan at 1970-01-02 18:17:36]
2026-03-18 10:05:25.056  INFO 1 --- [io-12031-exec-9] order.service.OrderServiceImpl           : [create][Create Order][Ready to Create Order]
2026-03-18 10:05:25.077  INFO 1 --- [io-12031-exec-9] order.service.OrderServiceImpl           : [create][Order Create Success][Order Price][OrderId:439fbd08-547c-4ce9-a7ce-14e85aede429 , Price: 0.0]
2026-03-18 10:05:25.365  INFO 1 --- [io-12031-exec-1] order.controller.OrderController         : [createNewOrder][Create Order][from shanghai to taiyuan at 1970-01-02 18:17:36]
2026-03-18 10:05:25.365  INFO 1 --- [io-12031-exec-1] order.service.OrderServiceImpl           : [create][Create Order][Ready to Create Order]
2026-03-18 10:05:25.386  INFO 1 --- [io-12031-exec-1] order.service.OrderServiceImpl           : [create][Order Create Success][Order Price][OrderId:2b2e87ab-726c-474b-a0f2-16c5532060b1 , Price: 0.0]
2026-03-18 10:05:25.659  INFO 1 --- [io-12031-exec-3] order.controller.OrderController         : [createNewOrder][Create Order][from shanghai to taiyuan at 1970-01-02 18:17:36]
2026-03-18 10:05:25.659  INFO 1 --- [io-12031-exec-3] order.service.OrderServiceImpl           : [create][Create Order][Ready to Create Order]
2026-03-18 10:05:25.680  INFO 1 --- [io-12031-exec-3] order.service.OrderServiceImpl           : [create][Order Create Success][Order Price][OrderId:567fab24-7129-4c23-8c85-273388012b86 , Price: 0.0]
2026-03-18 10:05:25.954  INFO 1 --- [io-12031-exec-2] order.controller.OrderController         : [createNewOrder][Create Order][from shanghai to taiyuan at 1970-01-02 18:17:36]
2026-03-18 10:05:25.954  INFO 1 --- [io-12031-exec-2] order.service.OrderServiceImpl           : [create][Create Order][Ready to Create Order]
2026-03-18 10:05:25.976  INFO 1 --- [io-12031-exec-2] order.service.OrderServiceImpl           : [create][Order Create Success][Order Price][OrderId:8ed5a3ed-6033-40e0-9828-2fa165e5a298 , Price: 0.0]
2026-03-18 10:05:26.260  INFO 1 --- [io-12031-exec-5] order.controller.OrderController         : [createNewOrder][Create Order][from shanghai to taiyuan at 1970-01-02 18:17:36]
2026-03-18 10:05:26.260  INFO 1 --- [io-12031-exec-5] order.service.OrderServiceImpl           : [create][Create Order][Ready to Create Order]
2026-03-18 10:05:26.390  INFO 1 --- [io-12031-exec-5] order.service.OrderServiceImpl           : [create][Order Create Success][Order Price][OrderId:64b81747-18d0-491f-87cb-85dca106721b , Price: 0.0]
2026-03-18 10:05:26.661  INFO 1 --- [io-12031-exec-4] order.controller.OrderController         : [createNewOrder][Create Order][from shanghai to taiyuan at 1970-01-02 18:17:36]
2026-03-18 10:05:26.661  INFO 1 --- [io-12031-exec-4] order.service.OrderServiceImpl           : [create][Create Order][Ready to Create Order]
2026-03-18 10:05:26.683  INFO 1 --- [io-12031-exec-4] order.service.OrderServiceImpl           : [create][Order Create Success][Order Price][OrderId:eefd8580-8eeb-4ad9-bb0d-f2903935140a , Price: 0.0]
2026-03-18 10:05:26.953  INFO 1 --- [io-12031-exec-6] order.controller.OrderController         : [createNewOrder][Create Order][from shanghai to taiyuan at 1970-01-02 18:17:36]
2026-03-18 10:05:26.953  INFO 1 --- [io-12031-exec-6] order.service.OrderServiceImpl           : [create][Create Order][Ready to Create Order]
2026-03-18 10:05:26.973  INFO 1 --- [io-12031-exec-6] order.service.OrderServiceImpl           : [create][Order Create Success][Order Price][OrderId:7c28ede4-d69e-4d79-b30f-7059b95080b3 , Price: 0.0]
2026-03-18 10:05:27.257  INFO 1 --- [io-12031-exec-7] order.controller.OrderController         : [createNewOrder][Create Order][from shanghai to taiyuan at 1970-01-02 18:17:36]
2026-03-18 10:05:27.257  INFO 1 --- [io-12031-exec-7] order.service.OrderServiceImpl           : [create][Create Order][Ready to Create Order]
2026-03-18 10:05:27.279  INFO 1 --- [io-12031-exec-7] order.service.OrderServiceImpl           : [create][Order Create Success][Order Price][OrderId:412c6f98-3967-4928-847e-5aa150f0902e , Price: 0.0]
2026-03-18 10:05:27.552  INFO 1 --- [io-12031-exec-8] order.controller.OrderController         : [createNewOrder][Create Order][from shanghai to taiyuan at 1970-01-02 18:17:36]
2026-03-18 10:05:27.552  INFO 1 --- [io-12031-exec-8] order.service.OrderServiceImpl           : [create][Create Order][Ready to Create Order]
2026-03-18 10:05:27.581  INFO 1 --- [io-12031-exec-8] order.service.OrderServiceImpl           : [create][Order Create Success][Order Price][OrderId:73e9f3fb-fb7c-4001-b028-118a721a9e0c , Price: 0.0]
2026-03-18 10:05:27.856  INFO 1 --- [o-12031-exec-10] order.controller.OrderController         : [createNewOrder][Create Order][from shanghai to taiyuan at 1970-01-02 18:17:36]
2026-03-18 10:05:27.856  INFO 1 --- [o-12031-exec-10] order.service.OrderServiceImpl           : [create][Create Order][Ready to Create Order]
2026-03-18 10:05:27.879  INFO 1 --- [o-12031-exec-10] order.service.OrderServiceImpl           : [create][Order Create Success][Order Price][OrderId:1620fb66-942e-4ba7-aee1-958694cd6c37 , Price: 0.0]
2026-03-18 10:05:28.157  INFO 1 --- [io-12031-exec-9] order.controller.OrderController         : [createNewOrder][Create Order][from shanghai to taiyuan at 1970-01-02 18:17:36]
2026-03-18 10:05:28.157  INFO 1 --- [io-12031-exec-9] order.service.OrderServiceImpl           : [create][Create Order][Ready to Create Order]
2026-03-18 10:05:28.178  INFO 1 --- [io-12031-exec-9] order.service.OrderServiceImpl           : [create][Order Create Success][Order Price][OrderId:f935b5d9-7813-4be7-8114-2c5ce7f5fb6e , Price: 0.0]
2026-03-18 10:05:28.453  INFO 1 --- [io-12031-exec-1] order.controller.OrderController         : [createNewOrder][Create Order][from shanghai to taiyuan at 1970-01-02 18:17:36]
2026-03-18 10:05:28.454  INFO 1 --- [io-12031-exec-1] order.service.OrderServiceImpl           : [create][Create Order][Ready to Create Order]
2026-03-18 10:05:28.475  INFO 1 --- [io-12031-exec-1] order.service.OrderServiceImpl           : [create][Order Create Success][Order Price][OrderId:946aed45-2b64-4a51-8e93-45191ce8df0e , Price: 0.0]
2026-03-18 10:05:28.758  INFO 1 --- [io-12031-exec-3] order.controller.OrderController         : [createNewOrder][Create Order][from shanghai to taiyuan at 1970-01-02 18:17:36]
2026-03-18 10:05:28.758  INFO 1 --- [io-12031-exec-3] order.service.OrderServiceImpl           : [create][Create Order][Ready to Create Order]
2026-03-18 10:05:28.779  INFO 1 --- [io-12031-exec-3] order.service.OrderServiceImpl           : [create][Order Create Success][Order Price][OrderId:68eb82e9-7a55-4241-b64d-49877638d41e , Price: 0.0]
2026-03-18 10:05:29.068  INFO 1 --- [io-12031-exec-2] order.controller.OrderController         : [createNewOrder][Create Order][from shanghai to taiyuan at 1970-01-02 18:17:36]
2026-03-18 10:05:29.068  INFO 1 --- [io-12031-exec-2] order.service.OrderServiceImpl           : [create][Create Order][Ready to Create Order]
2026-03-18 10:05:29.192  INFO 1 --- [io-12031-exec-2] order.service.OrderServiceImpl           : [create][Order Create Success][Order Price][OrderId:e01a4e3b-4c9b-443b-8a38-a38b067d4524 , Price: 0.0]
2026-03-18 10:05:29.464  INFO 1 --- [io-12031-exec-5] order.controller.OrderController         : [createNewOrder][Create Order][from shanghai to taiyuan at 1970-01-02 18:17:36]
2026-03-18 10:05:29.464  INFO 1 --- [io-12031-exec-5] order.service.OrderServiceImpl           : [create][Create Order][Ready to Create Order]
2026-03-18 10:05:29.483  INFO 1 --- [io-12031-exec-5] order.service.OrderServiceImpl           : [create][Order Create Success][Order Price][OrderId:27036fb4-0c48-4e61-8c1f-3f291b6cbc0f , Price: 0.0]
2026-03-18 10:05:29.759  INFO 1 --- [io-12031-exec-4] order.controller.OrderController         : [createNewOrder][Create Order][from shanghai to taiyuan at 1970-01-02 18:17:36]
2026-03-18 10:05:29.759  INFO 1 --- [io-12031-exec-4] order.service.OrderServiceImpl           : [create][Create Order][Ready to Create Order]
2026-03-18 10:05:29.782  INFO 1 --- [io-12031-exec-4] order.service.OrderServiceImpl           : [create][Order Create Success][Order Price][OrderId:a69fc655-9641-439b-9d23-6eb4771208f5 , Price: 0.0]
2026-03-18 10:05:30.062  INFO 1 --- [io-12031-exec-6] order.controller.OrderController         : [createNewOrder][Create Order][from shanghai to taiyuan at 1970-01-02 18:17:36]
2026-03-18 10:05:30.062  INFO 1 --- [io-12031-exec-6] order.service.OrderServiceImpl           : [create][Create Order][Ready to Create Order]
2026-03-18 10:05:30.171  INFO 1 --- [io-12031-exec-6] order.service.OrderServiceImpl           : [create][Order Create Success][Order Price][OrderId:3d981d2e-23ad-46bd-8c2e-e2ecbc8d751f , Price: 0.0]
2026-03-18 10:05:30.457  INFO 1 --- [io-12031-exec-7] order.controller.OrderController         : [createNewOrder][Create Order][from shanghai to taiyuan at 1970-01-02 18:17:36]
2026-03-18 10:05:30.457  INFO 1 --- [io-12031-exec-7] order.service.OrderServiceImpl           : [create][Create Order][Ready to Create Order]
2026-03-18 10:05:30.574  INFO 1 --- [io-12031-exec-7] order.service.OrderServiceImpl           : [create][Order Create Success][Order Price][OrderId:a606dd4e-8b4f-4412-aa23-82ceed723495 , Price: 0.0]
2026-03-18 10:05:30.861  INFO 1 --- [io-12031-exec-8] order.controller.OrderController         : [createNewOrder][Create Order][from shanghai to taiyuan at 1970-01-02 18:17:36]
2026-03-18 10:05:30.861  INFO 1 --- [io-12031-exec-8] order.service.OrderServiceImpl           : [create][Create Order][Ready to Create Order]
2026-03-18 10:05:30.885  INFO 1 --- [io-12031-exec-8] order.service.OrderServiceImpl           : [create][Order Create Success][Order Price][OrderId:e6b10625-1d19-49c4-adae-f010885fedfe , Price: 0.0]
2026-03-18 10:05:31.164  INFO 1 --- [o-12031-exec-10] order.controller.OrderController         : [createNewOrder][Create Order][from shanghai to taiyuan at 1970-01-02 18:17:36]
2026-03-18 10:05:31.164  INFO 1 --- [o-12031-exec-10] order.service.OrderServiceImpl           : [create][Create Order][Ready to Create Order]
2026-03-18 10:05:31.189  INFO 1 --- [o-12031-exec-10] order.service.OrderServiceImpl           : [create][Order Create Success][Order Price][OrderId:a1136ecb-1d59-4717-80c7-fff6dbb3ea4d , Price: 0.0]
2026-03-18 10:05:31.460  INFO 1 --- [io-12031-exec-1] order.controller.OrderController         : [createNewOrder][Create Order][from shanghai to taiyuan at 1970-01-02 18:17:36]
2026-03-18 10:05:31.460  INFO 1 --- [io-12031-exec-1] order.service.OrderServiceImpl           : [create][Create Order][Ready to Create Order]
2026-03-18 10:05:31.484  INFO 1 --- [io-12031-exec-1] order.service.OrderServiceImpl           : [create][Order Create Success][Order Price][OrderId:07b76898-6a81-4b10-9992-2675c49d5fab , Price: 0.0]
2026-03-18 10:05:31.769  INFO 1 --- [io-12031-exec-3] order.controller.OrderController         : [createNewOrder][Create Order][from shanghai to taiyuan at 1970-01-02 18:17:36]
2026-03-18 10:05:31.769  INFO 1 --- [io-12031-exec-3] order.service.OrderServiceImpl           : [create][Create Order][Ready to Create Order]
2026-03-18 10:05:31.790  INFO 1 --- [io-12031-exec-3] order.service.OrderServiceImpl           : [create][Order Create Success][Order Price][OrderId:ac04701e-bb82-4fa6-ac86-6fc93f2d49f5 , Price: 0.0]
2026-03-18 10:05:32.074  INFO 1 --- [io-12031-exec-2] order.controller.OrderController         : [createNewOrder][Create Order][from shanghai to taiyuan at 1970-01-02 18:17:36]
2026-03-18 10:05:32.074  INFO 1 --- [io-12031-exec-2] order.service.OrderServiceImpl           : [create][Create Order][Ready to Create Order]
2026-03-18 10:05:32.190  INFO 1 --- [io-12031-exec-2] order.service.OrderServiceImpl           : [create][Order Create Success][Order Price][OrderId:960b60d2-03c9-4779-bbc2-3ffe4f6064bd , Price: 0.0]
2026-03-18 10:05:32.458  INFO 1 --- [io-12031-exec-5] order.controller.OrderController         : [createNewOrder][Create Order][from shanghai to taiyuan at 1970-01-02 18:17:36]
2026-03-18 10:05:32.458  INFO 1 --- [io-12031-exec-5] order.service.OrderServiceImpl           : [create][Create Order][Ready to Create Order]
2026-03-18 10:05:32.481  INFO 1 --- [io-12031-exec-5] order.service.OrderServiceImpl           : [create][Order Create Success][Order Price][OrderId:6f598044-1413-4cfc-a8d0-c12dc2529b4d , Price: 0.0]
2026-03-18 10:05:32.745  INFO 1 --- [io-12031-exec-4] order.controller.OrderController         : [createNewOrder][Create Order][from shanghai to taiyuan at 1970-01-02 18:17:36]
2026-03-18 10:05:32.745  INFO 1 --- [io-12031-exec-4] order.service.OrderServiceImpl           : [create][Create Order][Ready to Create Order]
2026-03-18 10:05:32.765  INFO 1 --- [io-12031-exec-4] order.service.OrderServiceImpl           : [create][Order Create Success][Order Price][OrderId:cc173476-2e0e-436e-a309-5d19fa128039 , Price: 0.0]
2026-03-18 10:05:33.033  INFO 1 --- [io-12031-exec-6] order.controller.OrderController         : [createNewOrder][Create Order][from shanghai to taiyuan at 1970-01-02 18:17:36]
2026-03-18 10:05:33.033  INFO 1 --- [io-12031-exec-6] order.service.OrderServiceImpl           : [create][Create Order][Ready to Create Order]
2026-03-18 10:05:33.052  INFO 1 --- [io-12031-exec-6] order.service.OrderServiceImpl           : [create][Order Create Success][Order Price][OrderId:cdde66ce-9129-47ac-be30-08be5a2d8a9d , Price: 0.0]
2026-03-18 10:05:33.332  INFO 1 --- [io-12031-exec-7] order.controller.OrderController         : [createNewOrder][Create Order][from shanghai to taiyuan at 1970-01-02 18:17:36]
2026-03-18 10:05:33.332  INFO 1 --- [io-12031-exec-7] order.service.OrderServiceImpl           : [create][Create Order][Ready to Create Order]
2026-03-18 10:05:33.475  INFO 1 --- [io-12031-exec-7] order.service.OrderServiceImpl           : [create][Order Create Success][Order Price][OrderId:d75e35ef-22ee-4f13-90c4-8ee6cfd6a0a6 , Price: 0.0]
2026-03-18 10:05:33.757  INFO 1 --- [io-12031-exec-8] order.controller.OrderController         : [createNewOrder][Create Order][from shanghai to taiyuan at 1970-01-02 18:17:36]
2026-03-18 10:05:33.757  INFO 1 --- [io-12031-exec-8] order.service.OrderServiceImpl           : [create][Create Order][Ready to Create Order]
2026-03-18 10:05:33.777  INFO 1 --- [io-12031-exec-8] order.service.OrderServiceImpl           : [create][Order Create Success][Order Price][OrderId:f19ad0d4-d150-4cb6-8266-8571407db2e0 , Price: 0.0]
2026-03-18 10:05:34.052  INFO 1 --- [o-12031-exec-10] order.controller.OrderController         : [createNewOrder][Create Order][from shanghai to taiyuan at 1970-01-02 18:17:36]
2026-03-18 10:05:34.052  INFO 1 --- [o-12031-exec-10] order.service.OrderServiceImpl           : [create][Create Order][Ready to Create Order]
2026-03-18 10:05:34.073  INFO 1 --- [o-12031-exec-10] order.service.OrderServiceImpl           : [create][Order Create Success][Order Price][OrderId:64bff67b-fe1f-4bb7-bd78-61d39912399b , Price: 0.0]
2026-03-18 10:05:34.557  INFO 1 --- [io-12031-exec-9] order.controller.OrderController         : [createNewOrder][Create Order][from shanghai to taiyuan at 1970-01-02 18:17:36]
2026-03-18 10:05:34.557  INFO 1 --- [io-12031-exec-9] order.service.OrderServiceImpl           : [create][Create Order][Ready to Create Order]
2026-03-18 10:05:34.579  INFO 1 --- [io-12031-exec-9] order.service.OrderServiceImpl           : [create][Order Create Success][Order Price][OrderId:adb80f99-523d-45db-be6e-c338a242fa60 , Price: 0.0]
2026-03-18 10:05:34.864  INFO 1 --- [io-12031-exec-1] order.controller.OrderController         : [createNewOrder][Create Order][from shanghai to taiyuan at 1970-01-02 18:17:36]
2026-03-18 10:05:34.864  INFO 1 --- [io-12031-exec-1] order.service.OrderServiceImpl           : [create][Create Order][Ready to Create Order]
2026-03-18 10:05:35.075  INFO 1 --- [io-12031-exec-1] order.service.OrderServiceImpl           : [create][Order Create Success][Order Price][OrderId:61ad0103-888a-4e5d-bf12-a300c9429ced , Price: 0.0]
2026-03-18 10:05:35.356  INFO 1 --- [io-12031-exec-3] order.controller.OrderController         : [createNewOrder][Create Order][from shanghai to taiyuan at 1970-01-02 18:17:36]
2026-03-18 10:05:35.356  INFO 1 --- [io-12031-exec-3] order.service.OrderServiceImpl           : [create][Create Order][Ready to Create Order]
2026-03-18 10:05:35.376  INFO 1 --- [io-12031-exec-3] order.service.OrderServiceImpl           : [create][Order Create Success][Order Price][OrderId:cef3f76b-160d-4d95-a13d-a9023cbdfb66 , Price: 0.0]
2026-03-18 10:05:35.654  INFO 1 --- [io-12031-exec-2] order.controller.OrderController         : [createNewOrder][Create Order][from shanghai to taiyuan at 1970-01-02 18:17:36]
2026-03-18 10:05:35.654  INFO 1 --- [io-12031-exec-2] order.service.OrderServiceImpl           : [create][Create Order][Ready to Create Order]
2026-03-18 10:05:35.675  INFO 1 --- [io-12031-exec-2] order.service.OrderServiceImpl           : [create][Order Create Success][Order Price][OrderId:cecc865d-b3a3-41fe-93c6-b350aa18d9f3 , Price: 0.0]
2026-03-18 10:05:35.947  INFO 1 --- [io-12031-exec-5] order.controller.OrderController         : [createNewOrder][Create Order][from shanghai to taiyuan at 1970-01-02 18:17:36]
2026-03-18 10:05:35.947  INFO 1 --- [io-12031-exec-5] order.service.OrderServiceImpl           : [create][Create Order][Ready to Create Order]
2026-03-18 10:05:35.967  INFO 1 --- [io-12031-exec-5] order.service.OrderServiceImpl           : [create][Order Create Success][Order Price][OrderId:4a68b050-96e0-4823-b236-959e56107f86 , Price: 0.0]
2026-03-18 10:05:36.238  INFO 1 --- [io-12031-exec-4] order.controller.OrderController         : [createNewOrder][Create Order][from shanghai to taiyuan at 1970-01-02 18:17:36]
2026-03-18 10:05:36.239  INFO 1 --- [io-12031-exec-4] order.service.OrderServiceImpl           : [create][Create Order][Ready to Create Order]
2026-03-18 10:05:36.259  INFO 1 --- [io-12031-exec-4] order.service.OrderServiceImpl           : [create][Order Create Success][Order Price][OrderId:d6321dc7-cbcd-45cf-b79f-554484a94842 , Price: 0.0]
2026-03-18 10:05:36.635  INFO 1 --- [io-12031-exec-6] order.controller.OrderController         : [createNewOrder][Create Order][from shanghai to taiyuan at 1970-01-02 18:17:36]
2026-03-18 10:05:36.635  INFO 1 --- [io-12031-exec-6] order.service.OrderServiceImpl           : [create][Create Order][Ready to Create Order]
2026-03-18 10:05:36.687  INFO 1 --- [io-12031-exec-6] order.service.OrderServiceImpl           : [create][Order Create Success][Order Price][OrderId:8810f52a-eb7d-4143-9f0c-30bfa14efc96 , Price: 0.0]
2026-03-18 10:05:36.958  INFO 1 --- [io-12031-exec-7] order.controller.OrderController         : [createNewOrder][Create Order][from shanghai to taiyuan at 1970-01-02 18:17:36]
2026-03-18 10:05:36.958  INFO 1 --- [io-12031-exec-7] order.service.OrderServiceImpl           : [create][Create Order][Ready to Create Order]
2026-03-18 10:05:36.979  INFO 1 --- [io-12031-exec-7] order.service.OrderServiceImpl           : [create][Order Create Success][Order Price][OrderId:5c3c5096-05ee-46d2-aa8a-2d74bd4bfcb0 , Price: 0.0]
2026-03-18 10:05:37.250  INFO 1 --- [io-12031-exec-8] order.controller.OrderController         : [createNewOrder][Create Order][from shanghai to taiyuan at 1970-01-02 18:17:36]
2026-03-18 10:05:37.250  INFO 1 --- [io-12031-exec-8] order.service.OrderServiceImpl           : [create][Create Order][Ready to Create Order]
2026-03-18 10:05:37.272  INFO 1 --- [io-12031-exec-8] order.service.OrderServiceImpl           : [create][Order Create Success][Order Price][OrderId:c09e0f1e-3877-42d1-b1f7-562ab1738b5b , Price: 0.0]
2026-03-18 10:05:37.549  INFO 1 --- [o-12031-exec-10] order.controller.OrderController         : [createNewOrder][Create Order][from shanghai to taiyuan at 1970-01-02 18:17:36]
2026-03-18 10:05:37.549  INFO 1 --- [o-12031-exec-10] order.service.OrderServiceImpl           : [create][Create Order][Ready to Create Order]
2026-03-18 10:05:37.569  INFO 1 --- [o-12031-exec-10] order.service.OrderServiceImpl           : [create][Order Create Success][Order Price][OrderId:fcf2d9ee-21db-4822-af82-d113221d3740 , Price: 0.0]
2026-03-18 10:05:37.842  INFO 1 --- [io-12031-exec-9] order.controller.OrderController         : [createNewOrder][Create Order][from shanghai to taiyuan at 1970-01-02 18:17:36]
2026-03-18 10:05:37.842  INFO 1 --- [io-12031-exec-9] order.service.OrderServiceImpl           : [create][Create Order][Ready to Create Order]
2026-03-18 10:05:37.975  INFO 1 --- [io-12031-exec-9] order.service.OrderServiceImpl           : [create][Order Create Success][Order Price][OrderId:0c895439-587e-4452-8d27-d20a375fb394 , Price: 0.0]
2026-03-18 10:05:38.248  INFO 1 --- [io-12031-exec-1] order.controller.OrderController         : [createNewOrder][Create Order][from shanghai to taiyuan at 1970-01-02 18:17:36]
2026-03-18 10:05:38.248  INFO 1 --- [io-12031-exec-1] order.service.OrderServiceImpl           : [create][Create Order][Ready to Create Order]
2026-03-18 10:05:38.270  INFO 1 --- [io-12031-exec-1] order.service.OrderServiceImpl           : [create][Order Create Success][Order Price][OrderId:2bd3dfaa-21d9-4510-8f6b-51ed96aeb83a , Price: 0.0]
2026-03-18 10:05:38.553  INFO 1 --- [io-12031-exec-3] order.controller.OrderController         : [createNewOrder][Create Order][from shanghai to taiyuan at 1970-01-02 18:17:36]
2026-03-18 10:05:38.553  INFO 1 --- [io-12031-exec-3] order.service.OrderServiceImpl           : [create][Create Order][Ready to Create Order]
2026-03-18 10:05:38.573  INFO 1 --- [io-12031-exec-3] order.service.OrderServiceImpl           : [create][Order Create Success][Order Price][OrderId:14a34443-b671-42bc-a8bf-3ea70dbde8b4 , Price: 0.0]
2026-03-18 10:05:38.847  INFO 1 --- [io-12031-exec-2] order.controller.OrderController         : [createNewOrder][Create Order][from shanghai to taiyuan at 1970-01-02 18:17:36]
2026-03-18 10:05:38.847  INFO 1 --- [io-12031-exec-2] order.service.OrderServiceImpl           : [create][Create Order][Ready to Create Order]
2026-03-18 10:05:38.868  INFO 1 --- [io-12031-exec-2] order.service.OrderServiceImpl           : [create][Order Create Success][Order Price][OrderId:5511922c-55d9-4cbb-b62e-3545cfdc1087 , Price: 0.0]
2026-03-18 10:05:39.141  INFO 1 --- [io-12031-exec-5] order.controller.OrderController         : [createNewOrder][Create Order][from shanghai to taiyuan at 1970-01-02 18:17:36]
2026-03-18 10:05:39.141  INFO 1 --- [io-12031-exec-5] order.service.OrderServiceImpl           : [create][Create Order][Ready to Create Order]
2026-03-18 10:05:39.162  INFO 1 --- [io-12031-exec-5] order.service.OrderServiceImpl           : [create][Order Create Success][Order Price][OrderId:8cecb009-aeac-48ad-afa1-b543b8e1e892 , Price: 0.0]
2026-03-18 10:05:39.445  INFO 1 --- [io-12031-exec-4] order.controller.OrderController         : [createNewOrder][Create Order][from shanghai to taiyuan at 1970-01-02 18:17:36]
2026-03-18 10:05:39.445  INFO 1 --- [io-12031-exec-4] order.service.OrderServiceImpl           : [create][Create Order][Ready to Create Order]
2026-03-18 10:05:39.487  INFO 1 --- [io-12031-exec-4] order.service.OrderServiceImpl           : [create][Order Create Success][Order Price][OrderId:b9e8ce65-11bf-4190-a40f-67707306fec1 , Price: 0.0]
2026-03-18 10:05:39.757  INFO 1 --- [io-12031-exec-6] order.controller.OrderController         : [createNewOrder][Create Order][from shanghai to taiyuan at 1970-01-02 18:17:36]
2026-03-18 10:05:39.757  INFO 1 --- [io-12031-exec-6] order.service.OrderServiceImpl           : [create][Create Order][Ready to Create Order]
2026-03-18 10:05:39.777  INFO 1 --- [io-12031-exec-6] order.service.OrderServiceImpl           : [create][Order Create Success][Order Price][OrderId:eaa30f13-d7fa-43c9-8d8d-8b9b4860dc53 , Price: 0.0]
2026-03-18 10:05:40.061  INFO 1 --- [io-12031-exec-7] order.controller.OrderController         : [createNewOrder][Create Order][from shanghai to taiyuan at 1970-01-02 18:17:36]
2026-03-18 10:05:40.061  INFO 1 --- [io-12031-exec-7] order.service.OrderServiceImpl           : [create][Create Order][Ready to Create Order]
2026-03-18 10:05:40.175  INFO 1 --- [io-12031-exec-7] order.service.OrderServiceImpl           : [create][Order Create Success][Order Price][OrderId:574377a7-ad02-48a0-ab4b-e5137cc0cbfd , Price: 0.0]
2026-03-18 10:05:40.454  INFO 1 --- [io-12031-exec-8] order.controller.OrderController         : [createNewOrder][Create Order][from shanghai to taiyuan at 1970-01-02 18:17:36]
2026-03-18 10:05:40.454  INFO 1 --- [io-12031-exec-8] order.service.OrderServiceImpl           : [create][Create Order][Ready to Create Order]
2026-03-18 10:05:40.479  INFO 1 --- [io-12031-exec-8] order.service.OrderServiceImpl           : [create][Order Create Success][Order Price][OrderId:8e549a24-1970-4077-86a2-8d3175fdf159 , Price: 0.0]
2026-03-18 10:05:40.757  INFO 1 --- [o-12031-exec-10] order.controller.OrderController         : [createNewOrder][Create Order][from shanghai to taiyuan at 1970-01-02 18:17:36]
2026-03-18 10:05:40.757  INFO 1 --- [o-12031-exec-10] order.service.OrderServiceImpl           : [create][Create Order][Ready to Create Order]
2026-03-18 10:05:40.874  INFO 1 --- [o-12031-exec-10] order.service.OrderServiceImpl           : [create][Order Create Success][Order Price][OrderId:9e5a05aa-0a6b-46f2-af4a-59d36a768ef8 , Price: 0.0]
2026-03-18 10:05:41.157  INFO 1 --- [io-12031-exec-9] order.controller.OrderController         : [createNewOrder][Create Order][from shanghai to taiyuan at 1970-01-02 18:17:36]
2026-03-18 10:05:41.157  INFO 1 --- [io-12031-exec-9] order.service.OrderServiceImpl           : [create][Create Order][Ready to Create Order]
2026-03-18 10:05:41.179  INFO 1 --- [io-12031-exec-9] order.service.OrderServiceImpl           : [create][Order Create Success][Order Price][OrderId:f95034c7-990e-4201-8f73-d33f58dfc530 , Price: 0.0]
2026-03-18 10:05:41.464  INFO 1 --- [io-12031-exec-3] order.controller.OrderController         : [createNewOrder][Create Order][from shanghai to taiyuan at 1970-01-02 18:17:36]
2026-03-18 10:05:41.464  INFO 1 --- [io-12031-exec-3] order.service.OrderServiceImpl           : [create][Create Order][Ready to Create Order]
2026-03-18 10:05:41.487  INFO 1 --- [io-12031-exec-3] order.service.OrderServiceImpl           : [create][Order Create Success][Order Price][OrderId:0afedaab-bf4f-465d-a4cf-54f8c6d5ba58 , Price: 0.0]
2026-03-18 10:05:41.758  INFO 1 --- [io-12031-exec-2] order.controller.OrderController         : [createNewOrder][Create Order][from shanghai to taiyuan at 1970-01-02 18:17:36]
2026-03-18 10:05:41.759  INFO 1 --- [io-12031-exec-2] order.service.OrderServiceImpl           : [create][Create Order][Ready to Create Order]
2026-03-18 10:05:41.779  INFO 1 --- [io-12031-exec-2] order.service.OrderServiceImpl           : [create][Order Create Success][Order Price][OrderId:23ef346e-f8e2-49ec-933e-fa8b33dd2419 , Price: 0.0]
2026-03-18 10:05:42.050  INFO 1 --- [io-12031-exec-5] order.controller.OrderController         : [createNewOrder][Create Order][from shanghai to taiyuan at 1970-01-02 18:17:36]
2026-03-18 10:05:42.050  INFO 1 --- [io-12031-exec-5] order.service.OrderServiceImpl           : [create][Create Order][Ready to Create Order]
2026-03-18 10:05:42.079  INFO 1 --- [io-12031-exec-5] order.service.OrderServiceImpl           : [create][Order Create Success][Order Price][OrderId:174e1e55-cac6-4b2f-b731-a28397e73d47 , Price: 0.0]
2026-03-18 10:05:42.354  INFO 1 --- [io-12031-exec-4] order.controller.OrderController         : [createNewOrder][Create Order][from shanghai to taiyuan at 1970-01-02 18:17:36]
2026-03-18 10:05:42.354  INFO 1 --- [io-12031-exec-4] order.service.OrderServiceImpl           : [create][Create Order][Ready to Create Order]
2026-03-18 10:05:42.376  INFO 1 --- [io-12031-exec-4] order.service.OrderServiceImpl           : [create][Order Create Success][Order Price][OrderId:e92069aa-246c-416e-9ec6-877698cca939 , Price: 0.0]
2026-03-18 10:05:42.647  INFO 1 --- [io-12031-exec-6] order.controller.OrderController         : [createNewOrder][Create Order][from shanghai to taiyuan at 1970-01-02 18:17:36]
2026-03-18 10:05:42.647  INFO 1 --- [io-12031-exec-6] order.service.OrderServiceImpl           : [create][Create Order][Ready to Create Order]
2026-03-18 10:05:42.669  INFO 1 --- [io-12031-exec-6] order.service.OrderServiceImpl           : [create][Order Create Success][Order Price][OrderId:c14977d9-95bd-427e-90d7-8ef59179ece5 , Price: 0.0]
2026-03-18 10:05:42.947  INFO 1 --- [io-12031-exec-7] order.controller.OrderController         : [createNewOrder][Create Order][from shanghai to taiyuan at 1970-01-02 18:17:36]
2026-03-18 10:05:42.947  INFO 1 --- [io-12031-exec-7] order.service.OrderServiceImpl           : [create][Create Order][Ready to Create Order]
2026-03-18 10:05:42.970  INFO 1 --- [io-12031-exec-7] order.service.OrderServiceImpl           : [create][Order Create Success][Order Price][OrderId:ce323851-6e0d-4403-ad95-88efdd62526c , Price: 0.0]
2026-03-18 10:05:43.246  INFO 1 --- [io-12031-exec-8] order.controller.OrderController         : [createNewOrder][Create Order][from shanghai to taiyuan at 1970-01-02 18:17:36]
2026-03-18 10:05:43.247  INFO 1 --- [io-12031-exec-8] order.service.OrderServiceImpl           : [create][Create Order][Ready to Create Order]
2026-03-18 10:05:43.269  INFO 1 --- [io-12031-exec-8] order.service.OrderServiceImpl           : [create][Order Create Success][Order Price][OrderId:266bc768-ffb1-46c5-b002-15be452ee919 , Price: 0.0]
2026-03-18 10:05:43.540  INFO 1 --- [o-12031-exec-10] order.controller.OrderController         : [createNewOrder][Create Order][from shanghai to taiyuan at 1970-01-02 18:17:36]
2026-03-18 10:05:43.540  INFO 1 --- [o-12031-exec-10] order.service.OrderServiceImpl           : [create][Create Order][Ready to Create Order]
2026-03-18 10:05:43.591  INFO 1 --- [o-12031-exec-10] order.service.OrderServiceImpl           : [create][Order Create Success][Order Price][OrderId:38a82b9c-f078-4d3d-b96e-e2840814a2a0 , Price: 0.0]
2026-03-18 10:05:43.857  INFO 1 --- [io-12031-exec-9] order.controller.OrderController         : [createNewOrder][Create Order][from shanghai to taiyuan at 1970-01-02 18:17:36]
2026-03-18 10:05:43.857  INFO 1 --- [io-12031-exec-9] order.service.OrderServiceImpl           : [create][Create Order][Ready to Create Order]
2026-03-18 10:05:43.877  INFO 1 --- [io-12031-exec-9] order.service.OrderServiceImpl           : [create][Order Create Success][Order Price][OrderId:23112a30-697a-4a6c-bf99-04ff978876a0 , Price: 0.0]
2026-03-18 10:05:44.150  INFO 1 --- [io-12031-exec-1] order.controller.OrderController         : [createNewOrder][Create Order][from shanghai to taiyuan at 1970-01-02 18:17:36]
2026-03-18 10:05:44.150  INFO 1 --- [io-12031-exec-1] order.service.OrderServiceImpl           : [create][Create Order][Ready to Create Order]
2026-03-18 10:05:44.172  INFO 1 --- [io-12031-exec-1] order.service.OrderServiceImpl           : [create][Order Create Success][Order Price][OrderId:e603857e-977b-4d39-80b2-3c2e03ed5775 , Price: 0.0]
2026-03-18 10:05:44.447  INFO 1 --- [io-12031-exec-3] order.controller.OrderController         : [createNewOrder][Create Order][from shanghai to taiyuan at 1970-01-02 18:17:36]
2026-03-18 10:05:44.447  INFO 1 --- [io-12031-exec-3] order.service.OrderServiceImpl           : [create][Create Order][Ready to Create Order]
2026-03-18 10:05:44.470  INFO 1 --- [io-12031-exec-3] order.service.OrderServiceImpl           : [create][Order Create Success][Order Price][OrderId:73955a19-4aa5-4be5-a818-d566f2bf88d5 , Price: 0.0]
2026-03-18 10:05:44.738  INFO 1 --- [io-12031-exec-2] order.controller.OrderController         : [createNewOrder][Create Order][from shanghai to taiyuan at 1970-01-02 18:17:36]
2026-03-18 10:05:44.738  INFO 1 --- [io-12031-exec-2] order.service.OrderServiceImpl           : [create][Create Order][Ready to Create Order]
2026-03-18 10:05:44.791  INFO 1 --- [io-12031-exec-2] order.service.OrderServiceImpl           : [create][Order Create Success][Order Price][OrderId:b0327818-8183-474c-8977-9a09aa4d1851 , Price: 0.0]
2026-03-18 10:05:45.053  INFO 1 --- [io-12031-exec-5] order.controller.OrderController         : [createNewOrder][Create Order][from shanghai to taiyuan at 1970-01-02 18:17:36]
2026-03-18 10:05:45.053  INFO 1 --- [io-12031-exec-5] order.service.OrderServiceImpl           : [create][Create Order][Ready to Create Order]
2026-03-18 10:05:45.074  INFO 1 --- [io-12031-exec-5] order.service.OrderServiceImpl           : [create][Order Create Success][Order Price][OrderId:d1fc5053-0858-4b3c-a2b6-16f6b8ed252d , Price: 0.0]
2026-03-18 10:05:45.453  INFO 1 --- [io-12031-exec-4] order.controller.OrderController         : [createNewOrder][Create Order][from shanghai to taiyuan at 1970-01-02 18:17:36]
2026-03-18 10:05:45.453  INFO 1 --- [io-12031-exec-4] order.service.OrderServiceImpl           : [create][Create Order][Ready to Create Order]
2026-03-18 10:05:45.476  INFO 1 --- [io-12031-exec-4] order.service.OrderServiceImpl           : [create][Order Create Success][Order Price][OrderId:eb71cb11-de5c-447c-bcd9-1355c45a7c7c , Price: 0.0]
2026-03-18 10:05:45.747  INFO 1 --- [io-12031-exec-6] order.controller.OrderController         : [createNewOrder][Create Order][from shanghai to taiyuan at 1970-01-02 18:17:36]
2026-03-18 10:05:45.747  INFO 1 --- [io-12031-exec-6] order.service.OrderServiceImpl           : [create][Create Order][Ready to Create Order]
2026-03-18 10:05:45.769  INFO 1 --- [io-12031-exec-6] order.service.OrderServiceImpl           : [create][Order Create Success][Order Price][OrderId:c1257278-7278-4af6-a00f-2b3f32438f86 , Price: 0.0]
2026-03-18 10:05:46.042  INFO 1 --- [io-12031-exec-7] order.controller.OrderController         : [createNewOrder][Create Order][from shanghai to taiyuan at 1970-01-02 18:17:36]
2026-03-18 10:05:46.042  INFO 1 --- [io-12031-exec-7] order.service.OrderServiceImpl           : [create][Create Order][Ready to Create Order]
2026-03-18 10:05:46.076  INFO 1 --- [io-12031-exec-7] order.service.OrderServiceImpl           : [create][Order Create Success][Order Price][OrderId:7fd98e40-b7bf-4a3a-9bd7-cf25a8b00d0a , Price: 0.0]
2026-03-18 10:05:46.349  INFO 1 --- [io-12031-exec-8] order.controller.OrderController         : [createNewOrder][Create Order][from shanghai to taiyuan at 1970-01-02 18:17:36]
2026-03-18 10:05:46.350  INFO 1 --- [io-12031-exec-8] order.service.OrderServiceImpl           : [create][Create Order][Ready to Create Order]
2026-03-18 10:05:46.371  INFO 1 --- [io-12031-exec-8] order.service.OrderServiceImpl           : [create][Order Create Success][Order Price][OrderId:573b56b1-c1b9-488e-9ea6-2dbdcc817758 , Price: 0.0]
2026-03-18 10:05:46.645  INFO 1 --- [o-12031-exec-10] order.controller.OrderController         : [createNewOrder][Create Order][from shanghai to taiyuan at 1970-01-02 18:17:36]
2026-03-18 10:05:46.645  INFO 1 --- [o-12031-exec-10] order.service.OrderServiceImpl           : [create][Create Order][Ready to Create Order]
2026-03-18 10:05:46.664  INFO 1 --- [o-12031-exec-10] order.service.OrderServiceImpl           : [create][Order Create Success][Order Price][OrderId:8bd55f85-d6fa-48cd-b5b5-d38927756fa9 , Price: 0.0]
2026-03-18 10:05:46.938  INFO 1 --- [io-12031-exec-9] order.controller.OrderController         : [createNewOrder][Create Order][from shanghai to taiyuan at 1970-01-02 18:17:36]
2026-03-18 10:05:46.938  INFO 1 --- [io-12031-exec-9] order.service.OrderServiceImpl           : [create][Create Order][Ready to Create Order]
2026-03-18 10:05:46.959  INFO 1 --- [io-12031-exec-9] order.service.OrderServiceImpl           : [create][Order Create Success][Order Price][OrderId:a015e47d-4041-4705-89d9-da088a54501c , Price: 0.0]
2026-03-18 10:05:47.238  INFO 1 --- [io-12031-exec-1] order.controller.OrderController         : [createNewOrder][Create Order][from shanghai to taiyuan at 1970-01-02 18:17:36]
2026-03-18 10:05:47.238  INFO 1 --- [io-12031-exec-1] order.service.OrderServiceImpl           : [create][Create Order][Ready to Create Order]
2026-03-18 10:05:47.258  INFO 1 --- [io-12031-exec-1] order.service.OrderServiceImpl           : [create][Order Create Success][Order Price][OrderId:1d495208-bcde-46a4-aaff-274a7887baf5 , Price: 0.0]
2026-03-18 10:05:47.535  INFO 1 --- [io-12031-exec-3] order.controller.OrderController         : [createNewOrder][Create Order][from shanghai to taiyuan at 1970-01-02 18:17:36]
2026-03-18 10:05:47.535  INFO 1 --- [io-12031-exec-3] order.service.OrderServiceImpl           : [create][Create Order][Ready to Create Order]
2026-03-18 10:05:47.584  INFO 1 --- [io-12031-exec-3] order.service.OrderServiceImpl           : [create][Order Create Success][Order Price][OrderId:b363c7c8-6b99-467f-885c-5c26fccbd64e , Price: 0.0]
2026-03-18 10:05:47.870  INFO 1 --- [io-12031-exec-2] order.controller.OrderController         : [createNewOrder][Create Order][from shanghai to taiyuan at 1970-01-02 18:17:36]
2026-03-18 10:05:47.870  INFO 1 --- [io-12031-exec-2] order.service.OrderServiceImpl           : [create][Create Order][Ready to Create Order]
2026-03-18 10:05:47.895  INFO 1 --- [io-12031-exec-2] order.service.OrderServiceImpl           : [create][Order Create Success][Order Price][OrderId:123e16ca-e8bd-43c6-8f5b-01b2f95f96ce , Price: 0.0]
2026-03-18 10:05:48.165  INFO 1 --- [io-12031-exec-5] order.controller.OrderController         : [createNewOrder][Create Order][from shanghai to taiyuan at 1970-01-02 18:17:36]
2026-03-18 10:05:48.165  INFO 1 --- [io-12031-exec-5] order.service.OrderServiceImpl           : [create][Create Order][Ready to Create Order]
2026-03-18 10:05:48.189  INFO 1 --- [io-12031-exec-5] order.service.OrderServiceImpl           : [create][Order Create Success][Order Price][OrderId:7602e4f2-4705-4137-b6d3-16033da59d02 , Price: 0.0]
2026-03-18 10:05:48.464  INFO 1 --- [io-12031-exec-4] order.controller.OrderController         : [createNewOrder][Create Order][from shanghai to taiyuan at 1970-01-02 18:17:36]
2026-03-18 10:05:48.464  INFO 1 --- [io-12031-exec-4] order.service.OrderServiceImpl           : [create][Create Order][Ready to Create Order]
2026-03-18 10:05:48.489  INFO 1 --- [io-12031-exec-4] order.service.OrderServiceImpl           : [create][Order Create Success][Order Price][OrderId:78805626-92ac-46a0-8db3-fb3ec5acf7b7 , Price: 0.0]
2026-03-18 10:05:48.769  INFO 1 --- [io-12031-exec-6] order.controller.OrderController         : [createNewOrder][Create Order][from shanghai to taiyuan at 1970-01-02 18:17:36]
2026-03-18 10:05:48.769  INFO 1 --- [io-12031-exec-6] order.service.OrderServiceImpl           : [create][Create Order][Ready to Create Order]
2026-03-18 10:05:48.988  INFO 1 --- [io-12031-exec-6] order.service.OrderServiceImpl           : [create][Order Create Success][Order Price][OrderId:6f3914ff-37dc-4c7f-b258-6d45ad410d37 , Price: 0.0]
2026-03-18 10:05:49.261  INFO 1 --- [io-12031-exec-7] order.controller.OrderController         : [createNewOrder][Create Order][from shanghai to taiyuan at 1970-01-02 18:17:36]
2026-03-18 10:05:49.262  INFO 1 --- [io-12031-exec-7] order.service.OrderServiceImpl           : [create][Create Order][Ready to Create Order]
2026-03-18 10:05:49.285  INFO 1 --- [io-12031-exec-7] order.service.OrderServiceImpl           : [create][Order Create Success][Order Price][OrderId:6e00b416-1016-4313-a604-1aac3c9fa353 , Price: 0.0]
2026-03-18 10:05:49.558  INFO 1 --- [io-12031-exec-8] order.controller.OrderController         : [createNewOrder][Create Order][from shanghai to taiyuan at 1970-01-02 18:17:36]
2026-03-18 10:05:49.558  INFO 1 --- [io-12031-exec-8] order.service.OrderServiceImpl           : [create][Create Order][Ready to Create Order]
2026-03-18 10:05:49.579  INFO 1 --- [io-12031-exec-8] order.service.OrderServiceImpl           : [create][Order Create Success][Order Price][OrderId:a3a5e73b-4c84-48be-898b-17a80f9917b8 , Price: 0.0]
2026-03-18 10:05:49.862  INFO 1 --- [o-12031-exec-10] order.controller.OrderController         : [createNewOrder][Create Order][from shanghai to taiyuan at 1970-01-02 18:17:36]
2026-03-18 10:05:49.862  INFO 1 --- [o-12031-exec-10] order.service.OrderServiceImpl           : [create][Create Order][Ready to Create Order]
2026-03-18 10:05:49.883  INFO 1 --- [o-12031-exec-10] order.service.OrderServiceImpl           : [create][Order Create Success][Order Price][OrderId:27b623ad-22f2-4826-b087-47987a07ba41 , Price: 0.0]
2026-03-18 10:05:50.172  INFO 1 --- [io-12031-exec-9] order.controller.OrderController         : [createNewOrder][Create Order][from shanghai to taiyuan at 1970-01-02 18:17:36]
2026-03-18 10:05:50.172  INFO 1 --- [io-12031-exec-9] order.service.OrderServiceImpl           : [create][Create Order][Ready to Create Order]
2026-03-18 10:05:50.288  INFO 1 --- [io-12031-exec-9] order.service.OrderServiceImpl           : [create][Order Create Success][Order Price][OrderId:dd54686b-1385-4cc0-a32e-857633bd055a , Price: 0.0]
2026-03-18 10:05:50.564  INFO 1 --- [io-12031-exec-1] order.controller.OrderController         : [createNewOrder][Create Order][from shanghai to taiyuan at 1970-01-02 18:17:36]
2026-03-18 10:05:50.564  INFO 1 --- [io-12031-exec-1] order.service.OrderServiceImpl           : [create][Create Order][Ready to Create Order]
2026-03-18 10:05:50.588  INFO 1 --- [io-12031-exec-1] order.service.OrderServiceImpl           : [create][Order Create Success][Order Price][OrderId:212cf89a-2a5b-4aca-8698-8176700ff0aa , Price: 0.0]
2026-03-18 10:05:50.858  INFO 1 --- [io-12031-exec-3] order.controller.OrderController         : [createNewOrder][Create Order][from shanghai to taiyuan at 1970-01-02 18:17:36]
2026-03-18 10:05:50.858  INFO 1 --- [io-12031-exec-3] order.service.OrderServiceImpl           : [create][Create Order][Ready to Create Order]
2026-03-18 10:05:50.884  INFO 1 --- [io-12031-exec-3] order.service.OrderServiceImpl           : [create][Order Create Success][Order Price][OrderId:9399ff17-9b71-4dcf-baa1-095cdf373aff , Price: 0.0]
2026-03-18 10:05:51.157  INFO 1 --- [io-12031-exec-2] order.controller.OrderController         : [createNewOrder][Create Order][from shanghai to taiyuan at 1970-01-02 18:17:36]
2026-03-18 10:05:51.157  INFO 1 --- [io-12031-exec-2] order.service.OrderServiceImpl           : [create][Create Order][Ready to Create Order]
2026-03-18 10:05:51.182  INFO 1 --- [io-12031-exec-2] order.service.OrderServiceImpl           : [create][Order Create Success][Order Price][OrderId:fd5c5846-9d6f-4798-a82d-912d207a3792 , Price: 0.0]
2026-03-18 10:05:51.458  INFO 1 --- [io-12031-exec-4] order.controller.OrderController         : [createNewOrder][Create Order][from shanghai to taiyuan at 1970-01-02 18:17:36]
2026-03-18 10:05:51.458  INFO 1 --- [io-12031-exec-4] order.service.OrderServiceImpl           : [create][Create Order][Ready to Create Order]
2026-03-18 10:05:51.481  INFO 1 --- [io-12031-exec-4] order.service.OrderServiceImpl           : [create][Order Create Success][Order Price][OrderId:22a096bc-4e06-41a3-8e80-8d81f249f748 , Price: 0.0]
2026-03-18 10:05:51.762  INFO 1 --- [io-12031-exec-6] order.controller.OrderController         : [createNewOrder][Create Order][from shanghai to taiyuan at 1970-01-02 18:17:36]
2026-03-18 10:05:51.762  INFO 1 --- [io-12031-exec-6] order.service.OrderServiceImpl           : [create][Create Order][Ready to Create Order]
2026-03-18 10:05:51.889  INFO 1 --- [io-12031-exec-6] order.service.OrderServiceImpl           : [create][Order Create Success][Order Price][OrderId:8046aca8-f880-4199-836f-84b1752600d4 , Price: 0.0]
2026-03-18 10:05:52.156  INFO 1 --- [io-12031-exec-7] order.controller.OrderController         : [createNewOrder][Create Order][from shanghai to taiyuan at 1970-01-02 18:17:36]
2026-03-18 10:05:52.156  INFO 1 --- [io-12031-exec-7] order.service.OrderServiceImpl           : [create][Create Order][Ready to Create Order]
2026-03-18 10:05:52.178  INFO 1 --- [io-12031-exec-7] order.service.OrderServiceImpl           : [create][Order Create Success][Order Price][OrderId:a27b7e65-c674-46a3-ba21-8cf2aca85212 , Price: 0.0]
2026-03-18 10:05:52.466  INFO 1 --- [io-12031-exec-8] order.controller.OrderController         : [createNewOrder][Create Order][from shanghai to taiyuan at 1970-01-02 18:17:36]
2026-03-18 10:05:52.466  INFO 1 --- [io-12031-exec-8] order.service.OrderServiceImpl           : [create][Create Order][Ready to Create Order]
2026-03-18 10:05:52.489  INFO 1 --- [io-12031-exec-8] order.service.OrderServiceImpl           : [create][Order Create Success][Order Price][OrderId:fc8522b0-76df-49ea-add5-1358c1292f2d , Price: 0.0]
2026-03-18 10:05:52.754  INFO 1 --- [o-12031-exec-10] order.controller.OrderController         : [createNewOrder][Create Order][from shanghai to taiyuan at 1970-01-02 18:17:36]
2026-03-18 10:05:52.754  INFO 1 --- [o-12031-exec-10] order.service.OrderServiceImpl           : [create][Create Order][Ready to Create Order]
2026-03-18 10:05:52.775  INFO 1 --- [o-12031-exec-10] order.service.OrderServiceImpl           : [create][Order Create Success][Order Price][OrderId:654eb82b-6b91-47c6-8737-8aed43d31c18 , Price: 0.0]
2026-03-18 10:05:53.054  INFO 1 --- [io-12031-exec-9] order.controller.OrderController         : [createNewOrder][Create Order][from shanghai to taiyuan at 1970-01-02 18:17:36]
2026-03-18 10:05:53.054  INFO 1 --- [io-12031-exec-9] order.service.OrderServiceImpl           : [create][Create Order][Ready to Create Order]
2026-03-18 10:05:53.176  INFO 1 --- [io-12031-exec-9] order.service.OrderServiceImpl           : [create][Order Create Success][Order Price][OrderId:d64cba00-62f4-4a10-b7a0-f37680c6df3c , Price: 0.0]
2026-03-18 10:05:53.453  INFO 1 --- [io-12031-exec-1] order.controller.OrderController         : [createNewOrder][Create Order][from shanghai to taiyuan at 1970-01-02 18:17:36]
2026-03-18 10:05:53.453  INFO 1 --- [io-12031-exec-1] order.service.OrderServiceImpl           : [create][Create Order][Ready to Create Order]
2026-03-18 10:05:53.476  INFO 1 --- [io-12031-exec-1] order.service.OrderServiceImpl           : [create][Order Create Success][Order Price][OrderId:54d594be-af3d-4942-9f18-004a2a3ff97c , Price: 0.0]
2026-03-18 10:05:53.748  INFO 1 --- [io-12031-exec-3] order.controller.OrderController         : [createNewOrder][Create Order][from shanghai to taiyuan at 1970-01-02 18:17:36]
2026-03-18 10:05:53.748  INFO 1 --- [io-12031-exec-3] order.service.OrderServiceImpl           : [create][Create Order][Ready to Create Order]
2026-03-18 10:05:53.782  INFO 1 --- [io-12031-exec-3] order.service.OrderServiceImpl           : [create][Order Create Success][Order Price][OrderId:2c6be3f1-5ecd-43e2-9d02-e22e8a83a7c9 , Price: 0.0]
2026-03-18 10:05:54.059  INFO 1 --- [io-12031-exec-2] order.controller.OrderController         : [createNewOrder][Create Order][from shanghai to taiyuan at 1970-01-02 18:17:36]
2026-03-18 10:05:54.059  INFO 1 --- [io-12031-exec-2] order.service.OrderServiceImpl           : [create][Create Order][Ready to Create Order]
2026-03-18 10:05:54.080  INFO 1 --- [io-12031-exec-2] order.service.OrderServiceImpl           : [create][Order Create Success][Order Price][OrderId:b8ce3b62-d018-41da-8cc9-67039890806c , Price: 0.0]
2026-03-18 10:05:54.358  INFO 1 --- [io-12031-exec-5] order.controller.OrderController         : [createNewOrder][Create Order][from shanghai to taiyuan at 1970-01-02 18:17:36]
2026-03-18 10:05:54.358  INFO 1 --- [io-12031-exec-5] order.service.OrderServiceImpl           : [create][Create Order][Ready to Create Order]
2026-03-18 10:05:54.472  INFO 1 --- [io-12031-exec-5] order.service.OrderServiceImpl           : [create][Order Create Success][Order Price][OrderId:44dab822-faec-4c0b-b726-10c94a7201cd , Price: 0.0]
2026-03-18 10:05:54.744  INFO 1 --- [io-12031-exec-4] order.controller.OrderController         : [createNewOrder][Create Order][from shanghai to taiyuan at 1970-01-02 18:17:36]
2026-03-18 10:05:54.744  INFO 1 --- [io-12031-exec-4] order.service.OrderServiceImpl           : [create][Create Order][Ready to Create Order]
2026-03-18 10:05:54.766  INFO 1 --- [io-12031-exec-4] order.service.OrderServiceImpl           : [create][Order Create Success][Order Price][OrderId:958e5797-aa4b-4ab2-8aa5-51d9da117ba1 , Price: 0.0]
2026-03-18 10:05:55.044  INFO 1 --- [io-12031-exec-6] order.controller.OrderController         : [createNewOrder][Create Order][from shanghai to taiyuan at 1970-01-02 18:17:36]
2026-03-18 10:05:55.044  INFO 1 --- [io-12031-exec-6] order.service.OrderServiceImpl           : [create][Create Order][Ready to Create Order]
2026-03-18 10:05:55.064  INFO 1 --- [io-12031-exec-6] order.service.OrderServiceImpl           : [create][Order Create Success][Order Price][OrderId:9e3dd9e0-47e0-48e9-9c31-b86b4f0dd323 , Price: 0.0]
2026-03-18 10:05:55.340  INFO 1 --- [io-12031-exec-7] order.controller.OrderController         : [createNewOrder][Create Order][from shanghai to taiyuan at 1970-01-02 18:17:36]
2026-03-18 10:05:55.340  INFO 1 --- [io-12031-exec-7] order.service.OrderServiceImpl           : [create][Create Order][Ready to Create Order]
2026-03-18 10:05:55.362  INFO 1 --- [io-12031-exec-7] order.service.OrderServiceImpl           : [create][Order Create Success][Order Price][OrderId:56648b76-4587-4259-b16e-e6507ae030a3 , Price: 0.0]
2026-03-18 10:05:55.640  INFO 1 --- [io-12031-exec-8] order.controller.OrderController         : [createNewOrder][Create Order][from shanghai to taiyuan at 1970-01-02 18:17:36]
2026-03-18 10:05:55.640  INFO 1 --- [io-12031-exec-8] order.service.OrderServiceImpl           : [create][Create Order][Ready to Create Order]
2026-03-18 10:05:55.660  INFO 1 --- [io-12031-exec-8] order.service.OrderServiceImpl           : [create][Order Create Success][Order Price][OrderId:786b1f03-de9e-4093-aeec-b3aa0f5fb179 , Price: 0.0]
2026-03-18 10:05:55.941  INFO 1 --- [o-12031-exec-10] order.controller.OrderController         : [createNewOrder][Create Order][from shanghai to taiyuan at 1970-01-02 18:17:36]
2026-03-18 10:05:55.941  INFO 1 --- [o-12031-exec-10] order.service.OrderServiceImpl           : [create][Create Order][Ready to Create Order]
2026-03-18 10:05:55.987  INFO 1 --- [o-12031-exec-10] order.service.OrderServiceImpl           : [create][Order Create Success][Order Price][OrderId:ec88665e-4fb1-4aa8-a29c-c59bb7e798dc , Price: 0.0]
2026-03-18 10:05:56.256  INFO 1 --- [io-12031-exec-9] order.controller.OrderController         : [createNewOrder][Create Order][from shanghai to taiyuan at 1970-01-02 18:17:36]
2026-03-18 10:05:56.256  INFO 1 --- [io-12031-exec-9] order.service.OrderServiceImpl           : [create][Create Order][Ready to Create Order]
2026-03-18 10:05:56.279  INFO 1 --- [io-12031-exec-9] order.service.OrderServiceImpl           : [create][Order Create Success][Order Price][OrderId:0eab0a76-7790-4e88-8fa7-70992cfdc44b , Price: 0.0]
2026-03-18 10:05:56.556  INFO 1 --- [io-12031-exec-1] order.controller.OrderController         : [createNewOrder][Create Order][from shanghai to taiyuan at 1970-01-02 18:17:36]
2026-03-18 10:05:56.556  INFO 1 --- [io-12031-exec-1] order.service.OrderServiceImpl           : [create][Create Order][Ready to Create Order]
2026-03-18 10:05:56.577  INFO 1 --- [io-12031-exec-1] order.service.OrderServiceImpl           : [create][Order Create Success][Order Price][OrderId:cbf97ac4-8c96-40bf-b950-46952a4a2ce1 , Price: 0.0]
2026-03-18 10:05:56.856  INFO 1 --- [io-12031-exec-3] order.controller.OrderController         : [createNewOrder][Create Order][from shanghai to taiyuan at 1970-01-02 18:17:36]
2026-03-18 10:05:56.856  INFO 1 --- [io-12031-exec-3] order.service.OrderServiceImpl           : [create][Create Order][Ready to Create Order]
2026-03-18 10:05:56.878  INFO 1 --- [io-12031-exec-3] order.service.OrderServiceImpl           : [create][Order Create Success][Order Price][OrderId:1b2fd3b0-807a-43e3-b71f-15be469beebe , Price: 0.0]
2026-03-18 10:05:57.154  INFO 1 --- [io-12031-exec-2] order.controller.OrderController         : [createNewOrder][Create Order][from shanghai to taiyuan at 1970-01-02 18:17:36]
2026-03-18 10:05:57.154  INFO 1 --- [io-12031-exec-2] order.service.OrderServiceImpl           : [create][Create Order][Ready to Create Order]
2026-03-18 10:05:57.185  INFO 1 --- [io-12031-exec-2] order.service.OrderServiceImpl           : [create][Order Create Success][Order Price][OrderId:252e1823-e300-4e69-af13-b5e4ed2c9450 , Price: 0.0]
2026-03-18 10:05:57.454  INFO 1 --- [io-12031-exec-5] order.controller.OrderController         : [createNewOrder][Create Order][from shanghai to taiyuan at 1970-01-02 18:17:36]
2026-03-18 10:05:57.454  INFO 1 --- [io-12031-exec-5] order.service.OrderServiceImpl           : [create][Create Order][Ready to Create Order]
2026-03-18 10:05:57.475  INFO 1 --- [io-12031-exec-5] order.service.OrderServiceImpl           : [create][Order Create Success][Order Price][OrderId:017773fe-a066-425f-9868-b9fc3ffd3947 , Price: 0.0]
2026-03-18 10:05:57.755  INFO 1 --- [io-12031-exec-4] order.controller.OrderController         : [createNewOrder][Create Order][from shanghai to taiyuan at 1970-01-02 18:17:36]
2026-03-18 10:05:57.755  INFO 1 --- [io-12031-exec-4] order.service.OrderServiceImpl           : [create][Create Order][Ready to Create Order]
2026-03-18 10:05:57.776  INFO 1 --- [io-12031-exec-4] order.service.OrderServiceImpl           : [create][Order Create Success][Order Price][OrderId:4f0a6d81-f6aa-4c95-830b-c4ee456f9935 , Price: 0.0]
2026-03-18 10:05:58.050  INFO 1 --- [io-12031-exec-6] order.controller.OrderController         : [createNewOrder][Create Order][from shanghai to taiyuan at 1970-01-02 18:17:36]
2026-03-18 10:05:58.050  INFO 1 --- [io-12031-exec-6] order.service.OrderServiceImpl           : [create][Create Order][Ready to Create Order]
2026-03-18 10:05:58.072  INFO 1 --- [io-12031-exec-6] order.service.OrderServiceImpl           : [create][Order Create Success][Order Price][OrderId:928282c9-226e-428c-b796-c91470577183 , Price: 0.0]
2026-03-18 10:05:58.349  INFO 1 --- [io-12031-exec-7] order.controller.OrderController         : [createNewOrder][Create Order][from shanghai to taiyuan at 1970-01-02 18:17:36]
2026-03-18 10:05:58.349  INFO 1 --- [io-12031-exec-7] order.service.OrderServiceImpl           : [create][Create Order][Ready to Create Order]
2026-03-18 10:05:58.386  INFO 1 --- [io-12031-exec-7] order.service.OrderServiceImpl           : [create][Order Create Success][Order Price][OrderId:0d00b5f2-965b-443d-b442-ce625fe217ec , Price: 0.0]
2026-03-18 10:05:58.659  INFO 1 --- [io-12031-exec-8] order.controller.OrderController         : [createNewOrder][Create Order][from shanghai to taiyuan at 1970-01-02 18:17:36]
2026-03-18 10:05:58.659  INFO 1 --- [io-12031-exec-8] order.service.OrderServiceImpl           : [create][Create Order][Ready to Create Order]
2026-03-18 10:05:58.680  INFO 1 --- [io-12031-exec-8] order.service.OrderServiceImpl           : [create][Order Create Success][Order Price][OrderId:9186cd49-14b8-44b3-982b-261a8ded34fb , Price: 0.0]
2026-03-18 10:05:58.955  INFO 1 --- [o-12031-exec-10] order.controller.OrderController         : [createNewOrder][Create Order][from shanghai to taiyuan at 1970-01-02 18:17:36]
2026-03-18 10:05:58.955  INFO 1 --- [o-12031-exec-10] order.service.OrderServiceImpl           : [create][Create Order][Ready to Create Order]
2026-03-18 10:05:58.978  INFO 1 --- [o-12031-exec-10] order.service.OrderServiceImpl           : [create][Order Create Success][Order Price][OrderId:5c600fc2-3c04-45fc-84f1-972289cf149d , Price: 0.0]
2026-03-18 10:05:59.251  INFO 1 --- [io-12031-exec-9] order.controller.OrderController         : [createNewOrder][Create Order][from shanghai to taiyuan at 1970-01-02 18:17:36]
2026-03-18 10:05:59.251  INFO 1 --- [io-12031-exec-9] order.service.OrderServiceImpl           : [create][Create Order][Ready to Create Order]
2026-03-18 10:05:59.275  INFO 1 --- [io-12031-exec-9] order.service.OrderServiceImpl           : [create][Order Create Success][Order Price][OrderId:4e7ff544-e251-4a36-815b-933c8c284978 , Price: 0.0]
2026-03-18 10:05:59.554  INFO 1 --- [io-12031-exec-1] order.controller.OrderController         : [createNewOrder][Create Order][from shanghai to taiyuan at 1970-01-02 18:17:36]
2026-03-18 10:05:59.554  INFO 1 --- [io-12031-exec-1] order.service.OrderServiceImpl           : [create][Create Order][Ready to Create Order]
2026-03-18 10:05:59.679  INFO 1 --- [io-12031-exec-1] order.service.OrderServiceImpl           : [create][Order Create Success][Order Price][OrderId:243213f6-073a-4448-9f7e-ed752119d175 , Price: 0.0]
2026-03-18 10:05:59.957  INFO 1 --- [io-12031-exec-3] order.controller.OrderController         : [createNewOrder][Create Order][from shanghai to taiyuan at 1970-01-02 18:17:36]
2026-03-18 10:05:59.957  INFO 1 --- [io-12031-exec-3] order.service.OrderServiceImpl           : [create][Create Order][Ready to Create Order]
2026-03-18 10:05:59.982  INFO 1 --- [io-12031-exec-3] order.service.OrderServiceImpl           : [create][Order Create Success][Order Price][OrderId:5fff81ea-1ff9-46fa-9fe3-6af4d6f6e2d0 , Price: 0.0]
2026-03-18 10:06:00.264  INFO 1 --- [io-12031-exec-2] order.controller.OrderController         : [createNewOrder][Create Order][from shanghai to taiyuan at 1970-01-02 18:17:36]
2026-03-18 10:06:00.264  INFO 1 --- [io-12031-exec-2] order.service.OrderServiceImpl           : [create][Create Order][Ready to Create Order]
2026-03-18 10:06:00.287  INFO 1 --- [io-12031-exec-2] order.service.OrderServiceImpl           : [create][Order Create Success][Order Price][OrderId:a6d54e65-31b5-44b2-9b5b-ccce72f64410 , Price: 0.0]
2026-03-18 10:06:00.559  INFO 1 --- [io-12031-exec-5] order.controller.OrderController         : [createNewOrder][Create Order][from shanghai to taiyuan at 1970-01-02 18:17:36]
2026-03-18 10:06:00.559  INFO 1 --- [io-12031-exec-5] order.service.OrderServiceImpl           : [create][Create Order][Ready to Create Order]
2026-03-18 10:06:00.581  INFO 1 --- [io-12031-exec-5] order.service.OrderServiceImpl           : [create][Order Create Success][Order Price][OrderId:ab38aec7-947c-49d0-b1d6-cdcf15a1915f , Price: 0.0]
2026-03-18 10:06:00.858  INFO 1 --- [io-12031-exec-4] order.controller.OrderController         : [createNewOrder][Create Order][from shanghai to taiyuan at 1970-01-02 18:17:36]
2026-03-18 10:06:00.858  INFO 1 --- [io-12031-exec-4] order.service.OrderServiceImpl           : [create][Create Order][Ready to Create Order]
2026-03-18 10:06:00.881  INFO 1 --- [io-12031-exec-4] order.service.OrderServiceImpl           : [create][Order Create Success][Order Price][OrderId:1c9344a2-0279-4ce7-863c-64b5519a1c84 , Price: 0.0]
2026-03-18 10:06:01.162  INFO 1 --- [io-12031-exec-6] order.controller.OrderController         : [createNewOrder][Create Order][from shanghai to taiyuan at 1970-01-02 18:17:36]
2026-03-18 10:06:01.162  INFO 1 --- [io-12031-exec-6] order.service.OrderServiceImpl           : [create][Create Order][Ready to Create Order]
2026-03-18 10:06:01.293  INFO 1 --- [io-12031-exec-6] order.service.OrderServiceImpl           : [create][Order Create Success][Order Price][OrderId:3789731b-7235-4866-ba24-63bbbae4109c , Price: 0.0]
2026-03-18 10:06:01.556  INFO 1 --- [io-12031-exec-8] order.controller.OrderController         : [createNewOrder][Create Order][from shanghai to taiyuan at 1970-01-02 18:17:36]
2026-03-18 10:06:01.556  INFO 1 --- [io-12031-exec-8] order.service.OrderServiceImpl           : [create][Create Order][Ready to Create Order]
2026-03-18 10:06:01.579  INFO 1 --- [io-12031-exec-8] order.service.OrderServiceImpl           : [create][Order Create Success][Order Price][OrderId:a34454b6-d473-45c1-8836-74e71dd818fd , Price: 0.0]
2026-03-18 10:06:01.859  INFO 1 --- [o-12031-exec-10] order.controller.OrderController         : [createNewOrder][Create Order][from shanghai to taiyuan at 1970-01-02 18:17:36]
2026-03-18 10:06:01.859  INFO 1 --- [o-12031-exec-10] order.service.OrderServiceImpl           : [create][Create Order][Ready to Create Order]
2026-03-18 10:06:01.880  INFO 1 --- [o-12031-exec-10] order.service.OrderServiceImpl           : [create][Order Create Success][Order Price][OrderId:26f343dd-26f4-4cc8-aff5-0ae478d2ab97 , Price: 0.0]
2026-03-18 10:06:02.163  INFO 1 --- [io-12031-exec-9] order.controller.OrderController         : [createNewOrder][Create Order][from shanghai to taiyuan at 1970-01-02 18:17:36]
2026-03-18 10:06:02.163  INFO 1 --- [io-12031-exec-9] order.service.OrderServiceImpl           : [create][Create Order][Ready to Create Order]
2026-03-18 10:06:02.186  INFO 1 --- [io-12031-exec-9] order.service.OrderServiceImpl           : [create][Order Create Success][Order Price][OrderId:973a551e-c9e0-440a-ae53-7df96ce7a4ba , Price: 0.0]
2026-03-18 10:06:02.465  INFO 1 --- [io-12031-exec-1] order.controller.OrderController         : [createNewOrder][Create Order][from shanghai to taiyuan at 1970-01-02 18:17:36]
2026-03-18 10:06:02.465  INFO 1 --- [io-12031-exec-1] order.service.OrderServiceImpl           : [create][Create Order][Ready to Create Order]
2026-03-18 10:06:02.588  INFO 1 --- [io-12031-exec-1] order.service.OrderServiceImpl           : [create][Order Create Success][Order Price][OrderId:28a08420-0f89-4202-b0a1-5d070101a3f2 , Price: 0.0]
2026-03-18 10:06:02.858  INFO 1 --- [io-12031-exec-3] order.controller.OrderController         : [createNewOrder][Create Order][from shanghai to taiyuan at 1970-01-02 18:17:36]
2026-03-18 10:06:02.858  INFO 1 --- [io-12031-exec-3] order.service.OrderServiceImpl           : [create][Create Order][Ready to Create Order]
2026-03-18 10:06:02.878  INFO 1 --- [io-12031-exec-3] order.service.OrderServiceImpl           : [create][Order Create Success][Order Price][OrderId:9862dbdc-f048-4a93-9dd8-caee8ca4617e , Price: 0.0]
2026-03-18 10:06:03.152  INFO 1 --- [io-12031-exec-2] order.controller.OrderController         : [createNewOrder][Create Order][from shanghai to taiyuan at 1970-01-02 18:17:36]
2026-03-18 10:06:03.152  INFO 1 --- [io-12031-exec-2] order.service.OrderServiceImpl           : [create][Create Order][Ready to Create Order]
2026-03-18 10:06:03.173  INFO 1 --- [io-12031-exec-2] order.service.OrderServiceImpl           : [create][Order Create Success][Order Price][OrderId:4c512422-5040-4652-ba7c-0eaa1e074760 , Price: 0.0]
2026-03-18 10:06:03.459  INFO 1 --- [io-12031-exec-5] order.controller.OrderController         : [createNewOrder][Create Order][from shanghai to taiyuan at 1970-01-02 18:17:36]
2026-03-18 10:06:03.459  INFO 1 --- [io-12031-exec-5] order.service.OrderServiceImpl           : [create][Create Order][Ready to Create Order]
2026-03-18 10:06:03.481  INFO 1 --- [io-12031-exec-5] order.service.OrderServiceImpl           : [create][Order Create Success][Order Price][OrderId:96eb2448-88aa-4fd7-8ff4-fa33b58007ff , Price: 0.0]
2026-03-18 10:06:03.763  INFO 1 --- [io-12031-exec-4] order.controller.OrderController         : [createNewOrder][Create Order][from shanghai to taiyuan at 1970-01-02 18:17:36]
2026-03-18 10:06:03.764  INFO 1 --- [io-12031-exec-4] order.service.OrderServiceImpl           : [create][Create Order][Ready to Create Order]
2026-03-18 10:06:03.875  INFO 1 --- [io-12031-exec-4] order.service.OrderServiceImpl           : [create][Order Create Success][Order Price][OrderId:55fa532d-93d7-4dda-96e5-bde271703251 , Price: 0.0]
2026-03-18 10:06:04.150  INFO 1 --- [io-12031-exec-7] order.controller.OrderController         : [createNewOrder][Create Order][from shanghai to taiyuan at 1970-01-02 18:17:36]
2026-03-18 10:06:04.150  INFO 1 --- [io-12031-exec-7] order.service.OrderServiceImpl           : [create][Create Order][Ready to Create Order]
2026-03-18 10:06:04.171  INFO 1 --- [io-12031-exec-7] order.service.OrderServiceImpl           : [create][Order Create Success][Order Price][OrderId:b9563528-89ee-4220-bc6b-efcbe9810a64 , Price: 0.0]
2026-03-18 10:06:04.451  INFO 1 --- [io-12031-exec-6] order.controller.OrderController         : [createNewOrder][Create Order][from shanghai to taiyuan at 1970-01-02 18:17:36]
2026-03-18 10:06:04.451  INFO 1 --- [io-12031-exec-6] order.service.OrderServiceImpl           : [create][Create Order][Ready to Create Order]
2026-03-18 10:06:04.477  INFO 1 --- [io-12031-exec-6] order.service.OrderServiceImpl           : [create][Order Create Success][Order Price][OrderId:d64ad042-72e4-4a95-92cf-abf23b7b89fe , Price: 0.0]
2026-03-18 10:06:04.764  INFO 1 --- [io-12031-exec-8] order.controller.OrderController         : [createNewOrder][Create Order][from shanghai to taiyuan at 1970-01-02 18:17:36]
2026-03-18 10:06:04.764  INFO 1 --- [io-12031-exec-8] order.service.OrderServiceImpl           : [create][Create Order][Ready to Create Order]
2026-03-18 10:06:04.789  INFO 1 --- [io-12031-exec-8] order.service.OrderServiceImpl           : [create][Order Create Success][Order Price][OrderId:aa1ca20a-dcdc-413b-aa67-12d63641c3d3 , Price: 0.0]
2026-03-18 10:06:05.058  INFO 1 --- [o-12031-exec-10] order.controller.OrderController         : [createNewOrder][Create Order][from shanghai to taiyuan at 1970-01-02 18:17:36]
2026-03-18 10:06:05.058  INFO 1 --- [o-12031-exec-10] order.service.OrderServiceImpl           : [create][Create Order][Ready to Create Order]
2026-03-18 10:06:05.187  INFO 1 --- [o-12031-exec-10] order.service.OrderServiceImpl           : [create][Order Create Success][Order Price][OrderId:92638dac-67cb-4aa3-9c04-cb3dc47a2ceb , Price: 0.0]
2026-03-18 10:06:05.460  INFO 1 --- [io-12031-exec-9] order.controller.OrderController         : [createNewOrder][Create Order][from shanghai to taiyuan at 1970-01-02 18:17:36]
2026-03-18 10:06:05.460  INFO 1 --- [io-12031-exec-9] order.service.OrderServiceImpl           : [create][Create Order][Ready to Create Order]
2026-03-18 10:06:05.483  INFO 1 --- [io-12031-exec-9] order.service.OrderServiceImpl           : [create][Order Create Success][Order Price][OrderId:eef40ca7-22c4-44d7-9283-930f120dfe4c , Price: 0.0]
2026-03-18 10:06:05.757  INFO 1 --- [io-12031-exec-1] order.controller.OrderController         : [createNewOrder][Create Order][from shanghai to taiyuan at 1970-01-02 18:17:36]
2026-03-18 10:06:05.757  INFO 1 --- [io-12031-exec-1] order.service.OrderServiceImpl           : [create][Create Order][Ready to Create Order]
2026-03-18 10:06:05.778  INFO 1 --- [io-12031-exec-1] order.service.OrderServiceImpl           : [create][Order Create Success][Order Price][OrderId:e474f0b3-7b96-4b1b-9678-5a1b72b310d2 , Price: 0.0]
2026-03-18 10:06:06.055  INFO 1 --- [io-12031-exec-3] order.controller.OrderController         : [createNewOrder][Create Order][from shanghai to taiyuan at 1970-01-02 18:17:36]
2026-03-18 10:06:06.055  INFO 1 --- [io-12031-exec-3] order.service.OrderServiceImpl           : [create][Create Order][Ready to Create Order]
2026-03-18 10:06:06.078  INFO 1 --- [io-12031-exec-3] order.service.OrderServiceImpl           : [create][Order Create Success][Order Price][OrderId:d467c710-cb8d-4d5f-a4fc-904002583f0c , Price: 0.0]
2026-03-18 10:06:06.460  INFO 1 --- [io-12031-exec-2] order.controller.OrderController         : [createNewOrder][Create Order][from shanghai to taiyuan at 1970-01-02 18:17:36]
2026-03-18 10:06:06.460  INFO 1 --- [io-12031-exec-2] order.service.OrderServiceImpl           : [create][Create Order][Ready to Create Order]
2026-03-18 10:06:06.483  INFO 1 --- [io-12031-exec-2] order.service.OrderServiceImpl           : [create][Order Create Success][Order Price][OrderId:393d2eab-b03a-4a57-9357-e01d140ea293 , Price: 0.0]
2026-03-18 10:06:06.760  INFO 1 --- [io-12031-exec-5] order.controller.OrderController         : [createNewOrder][Create Order][from shanghai to taiyuan at 1970-01-02 18:17:36]
2026-03-18 10:06:06.760  INFO 1 --- [io-12031-exec-5] order.service.OrderServiceImpl           : [create][Create Order][Ready to Create Order]
2026-03-18 10:06:06.790  INFO 1 --- [io-12031-exec-5] order.service.OrderServiceImpl           : [create][Order Create Success][Order Price][OrderId:a64e4098-eef3-4a45-bae9-7f2e80771a4c , Price: 0.0]
2026-03-18 10:06:07.055  INFO 1 --- [io-12031-exec-4] order.controller.OrderController         : [createNewOrder][Create Order][from shanghai to taiyuan at 1970-01-02 18:17:36]
2026-03-18 10:06:07.055  INFO 1 --- [io-12031-exec-4] order.service.OrderServiceImpl           : [create][Create Order][Ready to Create Order]
2026-03-18 10:06:07.078  INFO 1 --- [io-12031-exec-4] order.service.OrderServiceImpl           : [create][Order Create Success][Order Price][OrderId:90d75f02-ca7f-4f09-97d8-c7abb5e50fae , Price: 0.0]
2026-03-18 10:06:07.354  INFO 1 --- [io-12031-exec-7] order.controller.OrderController         : [createNewOrder][Create Order][from shanghai to taiyuan at 1970-01-02 18:17:36]
2026-03-18 10:06:07.354  INFO 1 --- [io-12031-exec-7] order.service.OrderServiceImpl           : [create][Create Order][Ready to Create Order]
2026-03-18 10:06:07.378  INFO 1 --- [io-12031-exec-7] order.service.OrderServiceImpl           : [create][Order Create Success][Order Price][OrderId:5631f679-c877-43d6-a00c-23b9b7093526 , Price: 0.0]
2026-03-18 10:06:07.649  INFO 1 --- [io-12031-exec-6] order.controller.OrderController         : [createNewOrder][Create Order][from shanghai to taiyuan at 1970-01-02 18:17:36]
2026-03-18 10:06:07.649  INFO 1 --- [io-12031-exec-6] order.service.OrderServiceImpl           : [create][Create Order][Ready to Create Order]
2026-03-18 10:06:07.670  INFO 1 --- [io-12031-exec-6] order.service.OrderServiceImpl           : [create][Order Create Success][Order Price][OrderId:0dc317c5-686c-4950-aba2-c934a3d98c52 , Price: 0.0]
2026-03-18 10:06:07.958  INFO 1 --- [io-12031-exec-8] order.controller.OrderController         : [createNewOrder][Create Order][from shanghai to taiyuan at 1970-01-02 18:17:36]
2026-03-18 10:06:07.958  INFO 1 --- [io-12031-exec-8] order.service.OrderServiceImpl           : [create][Create Order][Ready to Create Order]
2026-03-18 10:06:07.995  INFO 1 --- [io-12031-exec-8] order.service.OrderServiceImpl           : [create][Order Create Success][Order Price][OrderId:182998ce-884c-41e7-9875-621da297aba8 , Price: 0.0]
2026-03-18 10:06:08.262  INFO 1 --- [o-12031-exec-10] order.controller.OrderController         : [createNewOrder][Create Order][from shanghai to taiyuan at 1970-01-02 18:17:36]
2026-03-18 10:06:08.262  INFO 1 --- [o-12031-exec-10] order.service.OrderServiceImpl           : [create][Create Order][Ready to Create Order]
2026-03-18 10:06:08.286  INFO 1 --- [o-12031-exec-10] order.service.OrderServiceImpl           : [create][Order Create Success][Order Price][OrderId:9520bf33-a2ee-46ec-a7ff-187c8d2d5e6a , Price: 0.0]
2026-03-18 10:06:08.562  INFO 1 --- [io-12031-exec-9] order.controller.OrderController         : [createNewOrder][Create Order][from shanghai to taiyuan at 1970-01-02 18:17:36]
2026-03-18 10:06:08.562  INFO 1 --- [io-12031-exec-9] order.service.OrderServiceImpl           : [create][Create Order][Ready to Create Order]
2026-03-18 10:06:08.584  INFO 1 --- [io-12031-exec-9] order.service.OrderServiceImpl           : [create][Order Create Success][Order Price][OrderId:3c4754e2-3c1a-49c5-a62c-5520d4bcf7ce , Price: 0.0]
2026-03-18 10:06:08.862  INFO 1 --- [io-12031-exec-1] order.controller.OrderController         : [createNewOrder][Create Order][from shanghai to taiyuan at 1970-01-02 18:17:36]
2026-03-18 10:06:08.862  INFO 1 --- [io-12031-exec-1] order.service.OrderServiceImpl           : [create][Create Order][Ready to Create Order]
2026-03-18 10:06:08.884  INFO 1 --- [io-12031-exec-1] order.service.OrderServiceImpl           : [create][Order Create Success][Order Price][OrderId:ec80cf27-6a79-42ee-877d-c4189842dccc , Price: 0.0]
2026-03-18 10:06:09.165  INFO 1 --- [io-12031-exec-3] order.controller.OrderController         : [createNewOrder][Create Order][from shanghai to taiyuan at 1970-01-02 18:17:36]
2026-03-18 10:06:09.165  INFO 1 --- [io-12031-exec-3] order.service.OrderServiceImpl           : [create][Create Order][Ready to Create Order]
2026-03-18 10:06:09.391  INFO 1 --- [io-12031-exec-3] order.service.OrderServiceImpl           : [create][Order Create Success][Order Price][OrderId:04a6f31f-f9bc-409b-9ab6-e00c438e9626 , Price: 0.0]
2026-03-18 10:06:09.659  INFO 1 --- [io-12031-exec-2] order.controller.OrderController         : [createNewOrder][Create Order][from shanghai to taiyuan at 1970-01-02 18:17:36]
2026-03-18 10:06:09.659  INFO 1 --- [io-12031-exec-2] order.service.OrderServiceImpl           : [create][Create Order][Ready to Create Order]
2026-03-18 10:06:09.682  INFO 1 --- [io-12031-exec-2] order.service.OrderServiceImpl           : [create][Order Create Success][Order Price][OrderId:dbacee41-b1e8-44de-93a0-62c5cb6a8f1e , Price: 0.0]
2026-03-18 10:06:09.962  INFO 1 --- [io-12031-exec-5] order.controller.OrderController         : [createNewOrder][Create Order][from shanghai to taiyuan at 1970-01-02 18:17:36]
2026-03-18 10:06:09.962  INFO 1 --- [io-12031-exec-5] order.service.OrderServiceImpl           : [create][Create Order][Ready to Create Order]
2026-03-18 10:06:09.989  INFO 1 --- [io-12031-exec-5] order.service.OrderServiceImpl           : [create][Order Create Success][Order Price][OrderId:3331ce7e-4eb4-4b79-b10b-f52e7b3bff72 , Price: 0.0]
2026-03-18 10:06:10.265  INFO 1 --- [io-12031-exec-4] order.controller.OrderController         : [createNewOrder][Create Order][from shanghai to taiyuan at 1970-01-02 18:17:36]
2026-03-18 10:06:10.265  INFO 1 --- [io-12031-exec-4] order.service.OrderServiceImpl           : [create][Create Order][Ready to Create Order]
2026-03-18 10:06:10.468  INFO 1 --- [io-12031-exec-4] order.service.OrderServiceImpl           : [create][Order Create Success][Order Price][OrderId:ece93c28-2b91-4679-a245-6c6636a5c1fc , Price: 0.0]
2026-03-18 10:06:10.749  INFO 1 --- [io-12031-exec-7] order.controller.OrderController         : [createNewOrder][Create Order][from shanghai to taiyuan at 1970-01-02 18:17:36]
2026-03-18 10:06:10.749  INFO 1 --- [io-12031-exec-7] order.service.OrderServiceImpl           : [create][Create Order][Ready to Create Order]
2026-03-18 10:06:10.878  INFO 1 --- [io-12031-exec-7] order.service.OrderServiceImpl           : [create][Order Create Success][Order Price][OrderId:01e1ca0c-f154-4267-b018-b31c15097ed4 , Price: 0.0]
2026-03-18 10:06:11.154  INFO 1 --- [io-12031-exec-6] order.controller.OrderController         : [createNewOrder][Create Order][from shanghai to taiyuan at 1970-01-02 18:17:36]
2026-03-18 10:06:11.154  INFO 1 --- [io-12031-exec-6] order.service.OrderServiceImpl           : [create][Create Order][Ready to Create Order]
2026-03-18 10:06:11.175  INFO 1 --- [io-12031-exec-6] order.service.OrderServiceImpl           : [create][Order Create Success][Order Price][OrderId:0a3b08e1-d668-44ba-b0a3-debcfa4286a3 , Price: 0.0]
2026-03-18 11:48:51.582  INFO 1 --- [io-12031-exec-4] order.controller.OrderController         : [createNewOrder][Create Order][from shanghai to taiyuan at 1970-01-02 18:17:36]
2026-03-18 11:48:51.582  INFO 1 --- [io-12031-exec-4] order.service.OrderServiceImpl           : [create][Create Order][Ready to Create Order]
2026-03-18 11:48:51.694  INFO 1 --- [io-12031-exec-4] order.service.OrderServiceImpl           : [create][Order Create Success][Order Price][OrderId:c8396dec-1299-4069-a349-843b0ff5c8e1 , Price: 0.0]
2026-03-18 11:48:51.957  INFO 1 --- [io-12031-exec-7] order.controller.OrderController         : [createNewOrder][Create Order][from shanghai to taiyuan at 1970-01-02 18:17:36]
2026-03-18 11:48:51.957  INFO 1 --- [io-12031-exec-7] order.service.OrderServiceImpl           : [create][Create Order][Ready to Create Order]
2026-03-18 11:48:51.979  INFO 1 --- [io-12031-exec-7] order.service.OrderServiceImpl           : [create][Order Create Success][Order Price][OrderId:f26beff1-8f0d-4cbc-bdf1-9290ea62eb24 , Price: 0.0]
2026-03-18 11:48:52.258  INFO 1 --- [io-12031-exec-6] order.controller.OrderController         : [createNewOrder][Create Order][from shanghai to taiyuan at 1970-01-02 18:17:36]
2026-03-18 11:48:52.258  INFO 1 --- [io-12031-exec-6] order.service.OrderServiceImpl           : [create][Create Order][Ready to Create Order]
2026-03-18 11:48:52.282  INFO 1 --- [io-12031-exec-6] order.service.OrderServiceImpl           : [create][Order Create Success][Order Price][OrderId:75b7750b-9de3-4b5c-989f-27f17281ba21 , Price: 0.0]
2026-03-18 11:48:52.557  INFO 1 --- [io-12031-exec-8] order.controller.OrderController         : [createNewOrder][Create Order][from shanghai to taiyuan at 1970-01-02 18:17:36]
2026-03-18 11:48:52.557  INFO 1 --- [io-12031-exec-8] order.service.OrderServiceImpl           : [create][Create Order][Ready to Create Order]
2026-03-18 11:48:52.578  INFO 1 --- [io-12031-exec-8] order.service.OrderServiceImpl           : [create][Order Create Success][Order Price][OrderId:26186e5e-1a6c-450e-825e-4c5c0affb643 , Price: 0.0]
2026-03-18 11:48:52.847  INFO 1 --- [o-12031-exec-10] order.controller.OrderController         : [createNewOrder][Create Order][from shanghai to taiyuan at 1970-01-02 18:17:36]
2026-03-18 11:48:52.847  INFO 1 --- [o-12031-exec-10] order.service.OrderServiceImpl           : [create][Create Order][Ready to Create Order]
2026-03-18 11:48:52.974  INFO 1 --- [o-12031-exec-10] order.service.OrderServiceImpl           : [create][Order Create Success][Order Price][OrderId:6d5510ed-fe6b-448f-a479-cbc51dcb8767 , Price: 0.0]
2026-03-18 11:48:53.257  INFO 1 --- [io-12031-exec-9] order.controller.OrderController         : [createNewOrder][Create Order][from shanghai to taiyuan at 1970-01-02 18:17:36]
2026-03-18 11:48:53.257  INFO 1 --- [io-12031-exec-9] order.service.OrderServiceImpl           : [create][Create Order][Ready to Create Order]
2026-03-18 11:48:53.280  INFO 1 --- [io-12031-exec-9] order.service.OrderServiceImpl           : [create][Order Create Success][Order Price][OrderId:b36a1f4c-0dec-46db-8805-3ef5e89f494b , Price: 0.0]
2026-03-18 11:48:53.556  INFO 1 --- [io-12031-exec-1] order.controller.OrderController         : [createNewOrder][Create Order][from shanghai to taiyuan at 1970-01-02 18:17:36]
2026-03-18 11:48:53.556  INFO 1 --- [io-12031-exec-1] order.service.OrderServiceImpl           : [create][Create Order][Ready to Create Order]
2026-03-18 11:48:53.578  INFO 1 --- [io-12031-exec-1] order.service.OrderServiceImpl           : [create][Order Create Success][Order Price][OrderId:0d0d9c24-f5cf-4867-b5df-a20f582366e9 , Price: 0.0]
2026-03-18 11:48:53.851  INFO 1 --- [io-12031-exec-3] order.controller.OrderController         : [createNewOrder][Create Order][from shanghai to taiyuan at 1970-01-02 18:17:36]
2026-03-18 11:48:53.851  INFO 1 --- [io-12031-exec-3] order.service.OrderServiceImpl           : [create][Create Order][Ready to Create Order]
2026-03-18 11:48:53.872  INFO 1 --- [io-12031-exec-3] order.service.OrderServiceImpl           : [create][Order Create Success][Order Price][OrderId:2bb8cc96-f9b0-4637-8859-0b837f12b129 , Price: 0.0]
2026-03-18 11:48:54.148  INFO 1 --- [io-12031-exec-2] order.controller.OrderController         : [createNewOrder][Create Order][from shanghai to taiyuan at 1970-01-02 18:17:36]
2026-03-18 11:48:54.148  INFO 1 --- [io-12031-exec-2] order.service.OrderServiceImpl           : [create][Create Order][Ready to Create Order]
2026-03-18 11:48:54.186  INFO 1 --- [io-12031-exec-2] order.service.OrderServiceImpl           : [create][Order Create Success][Order Price][OrderId:2d734cb5-3aee-419e-a558-7cdf1da43784 , Price: 0.0]
2026-03-18 11:48:54.458  INFO 1 --- [io-12031-exec-5] order.controller.OrderController         : [createNewOrder][Create Order][from shanghai to taiyuan at 1970-01-02 18:17:36]
2026-03-18 11:48:54.458  INFO 1 --- [io-12031-exec-5] order.service.OrderServiceImpl           : [create][Create Order][Ready to Create Order]
2026-03-18 11:48:54.480  INFO 1 --- [io-12031-exec-5] order.service.OrderServiceImpl           : [create][Order Create Success][Order Price][OrderId:0735350b-031e-430d-8376-dd106a5fdcf7 , Price: 0.0]
2026-03-18 11:48:54.754  INFO 1 --- [io-12031-exec-4] order.controller.OrderController         : [createNewOrder][Create Order][from shanghai to taiyuan at 1970-01-02 18:17:36]
2026-03-18 11:48:54.754  INFO 1 --- [io-12031-exec-4] order.service.OrderServiceImpl           : [create][Create Order][Ready to Create Order]
2026-03-18 11:48:54.774  INFO 1 --- [io-12031-exec-4] order.service.OrderServiceImpl           : [create][Order Create Success][Order Price][OrderId:068a1791-ace1-44a3-a3cf-467334360d1f , Price: 0.0]
2026-03-18 11:48:55.050  INFO 1 --- [io-12031-exec-7] order.controller.OrderController         : [createNewOrder][Create Order][from shanghai to taiyuan at 1970-01-02 18:17:36]
2026-03-18 11:48:55.050  INFO 1 --- [io-12031-exec-7] order.service.OrderServiceImpl           : [create][Create Order][Ready to Create Order]
2026-03-18 11:48:55.070  INFO 1 --- [io-12031-exec-7] order.service.OrderServiceImpl           : [create][Order Create Success][Order Price][OrderId:e443067b-3e11-4366-830b-71ec68df27b3 , Price: 0.0]
2026-03-18 11:48:55.340  INFO 1 --- [io-12031-exec-6] order.controller.OrderController         : [createNewOrder][Create Order][from shanghai to taiyuan at 1970-01-02 18:17:36]
2026-03-18 11:48:55.340  INFO 1 --- [io-12031-exec-6] order.service.OrderServiceImpl           : [create][Create Order][Ready to Create Order]
2026-03-18 11:48:55.392  INFO 1 --- [io-12031-exec-6] order.service.OrderServiceImpl           : [create][Order Create Success][Order Price][OrderId:097fcf12-3972-4d00-a3a9-ff39932bf9c0 , Price: 0.0]
2026-03-18 11:48:55.656  INFO 1 --- [io-12031-exec-8] order.controller.OrderController         : [createNewOrder][Create Order][from shanghai to taiyuan at 1970-01-02 18:17:36]
2026-03-18 11:48:55.656  INFO 1 --- [io-12031-exec-8] order.service.OrderServiceImpl           : [create][Create Order][Ready to Create Order]
2026-03-18 11:48:55.678  INFO 1 --- [io-12031-exec-8] order.service.OrderServiceImpl           : [create][Order Create Success][Order Price][OrderId:53e29566-c061-42e3-a84d-cb0112c446a2 , Price: 0.0]
2026-03-18 11:48:55.947  INFO 1 --- [o-12031-exec-10] order.controller.OrderController         : [createNewOrder][Create Order][from shanghai to taiyuan at 1970-01-02 18:17:36]
2026-03-18 11:48:55.947  INFO 1 --- [o-12031-exec-10] order.service.OrderServiceImpl           : [create][Create Order][Ready to Create Order]
2026-03-18 11:48:55.968  INFO 1 --- [o-12031-exec-10] order.service.OrderServiceImpl           : [create][Order Create Success][Order Price][OrderId:ec3837ed-cdff-4c86-bfdb-d8545258cfcc , Price: 0.0]
2026-03-18 11:48:56.246  INFO 1 --- [io-12031-exec-9] order.controller.OrderController         : [createNewOrder][Create Order][from shanghai to taiyuan at 1970-01-02 18:17:36]
2026-03-18 11:48:56.246  INFO 1 --- [io-12031-exec-9] order.service.OrderServiceImpl           : [create][Create Order][Ready to Create Order]
2026-03-18 11:48:56.266  INFO 1 --- [io-12031-exec-9] order.service.OrderServiceImpl           : [create][Order Create Success][Order Price][OrderId:05f1bbb2-3e0b-4d7b-aa60-f737609d3352 , Price: 0.0]
2026-03-18 11:48:56.529  INFO 1 --- [io-12031-exec-1] order.controller.OrderController         : [createNewOrder][Create Order][from shanghai to taiyuan at 1970-01-02 18:17:36]
2026-03-18 11:48:56.529  INFO 1 --- [io-12031-exec-1] order.service.OrderServiceImpl           : [create][Create Order][Ready to Create Order]
2026-03-18 11:48:56.581  INFO 1 --- [io-12031-exec-1] order.service.OrderServiceImpl           : [create][Order Create Success][Order Price][OrderId:02eaebf9-90a1-4e42-898e-ea2badadf58e , Price: 0.0]
2026-03-18 11:48:56.851  INFO 1 --- [io-12031-exec-3] order.controller.OrderController         : [createNewOrder][Create Order][from shanghai to taiyuan at 1970-01-02 18:17:36]
2026-03-18 11:48:56.851  INFO 1 --- [io-12031-exec-3] order.service.OrderServiceImpl           : [create][Create Order][Ready to Create Order]
2026-03-18 11:48:56.873  INFO 1 --- [io-12031-exec-3] order.service.OrderServiceImpl           : [create][Order Create Success][Order Price][OrderId:60dd64e9-c084-45d7-8404-7484358e61c6 , Price: 0.0]
2026-03-18 11:48:57.148  INFO 1 --- [io-12031-exec-2] order.controller.OrderController         : [createNewOrder][Create Order][from shanghai to taiyuan at 1970-01-02 18:17:36]
2026-03-18 11:48:57.148  INFO 1 --- [io-12031-exec-2] order.service.OrderServiceImpl           : [create][Create Order][Ready to Create Order]
2026-03-18 11:48:57.172  INFO 1 --- [io-12031-exec-2] order.service.OrderServiceImpl           : [create][Order Create Success][Order Price][OrderId:cc6c32b9-ea0d-4ef8-91fe-e0f99c5fc6cf , Price: 0.0]
2026-03-18 11:48:57.562  INFO 1 --- [io-12031-exec-5] order.controller.OrderController         : [createNewOrder][Create Order][from shanghai to taiyuan at 1970-01-02 18:17:36]
2026-03-18 11:48:57.562  INFO 1 --- [io-12031-exec-5] order.service.OrderServiceImpl           : [create][Create Order][Ready to Create Order]
2026-03-18 11:48:57.584  INFO 1 --- [io-12031-exec-5] order.service.OrderServiceImpl           : [create][Order Create Success][Order Price][OrderId:ea480048-9dbc-487d-8858-f72ed4d45fcd , Price: 0.0]
2026-03-18 11:48:57.856  INFO 1 --- [io-12031-exec-4] order.controller.OrderController         : [createNewOrder][Create Order][from shanghai to taiyuan at 1970-01-02 18:17:36]
2026-03-18 11:48:57.856  INFO 1 --- [io-12031-exec-4] order.service.OrderServiceImpl           : [create][Create Order][Ready to Create Order]
2026-03-18 11:48:57.991  INFO 1 --- [io-12031-exec-4] order.service.OrderServiceImpl           : [create][Order Create Success][Order Price][OrderId:606410b3-f76f-46a7-b88a-20ec015ec4c3 , Price: 0.0]
2026-03-18 11:48:58.256  INFO 1 --- [io-12031-exec-7] order.controller.OrderController         : [createNewOrder][Create Order][from shanghai to taiyuan at 1970-01-02 18:17:36]
2026-03-18 11:48:58.256  INFO 1 --- [io-12031-exec-7] order.service.OrderServiceImpl           : [create][Create Order][Ready to Create Order]
2026-03-18 11:48:58.280  INFO 1 --- [io-12031-exec-7] order.service.OrderServiceImpl           : [create][Order Create Success][Order Price][OrderId:ac782be0-9ca7-4e5d-a530-f3c9fffceef9 , Price: 0.0]
2026-03-18 11:48:58.660  INFO 1 --- [io-12031-exec-6] order.controller.OrderController         : [createNewOrder][Create Order][from shanghai to taiyuan at 1970-01-02 18:17:36]
2026-03-18 11:48:58.660  INFO 1 --- [io-12031-exec-6] order.service.OrderServiceImpl           : [create][Create Order][Ready to Create Order]
2026-03-18 11:48:58.687  INFO 1 --- [io-12031-exec-6] order.service.OrderServiceImpl           : [create][Order Create Success][Order Price][OrderId:6af5890c-df96-453d-ab68-5d581d09069f , Price: 0.0]
2026-03-18 11:48:58.955  INFO 1 --- [io-12031-exec-8] order.controller.OrderController         : [createNewOrder][Create Order][from shanghai to taiyuan at 1970-01-02 18:17:36]
2026-03-18 11:48:58.955  INFO 1 --- [io-12031-exec-8] order.service.OrderServiceImpl           : [create][Create Order][Ready to Create Order]
2026-03-18 11:48:58.977  INFO 1 --- [io-12031-exec-8] order.service.OrderServiceImpl           : [create][Order Create Success][Order Price][OrderId:49b5af57-7180-47fc-88aa-35333840b727 , Price: 0.0]
2026-03-18 11:48:59.250  INFO 1 --- [o-12031-exec-10] order.controller.OrderController         : [createNewOrder][Create Order][from shanghai to taiyuan at 1970-01-02 18:17:36]
2026-03-18 11:48:59.250  INFO 1 --- [o-12031-exec-10] order.service.OrderServiceImpl           : [create][Create Order][Ready to Create Order]
2026-03-18 11:48:59.289  INFO 1 --- [o-12031-exec-10] order.service.OrderServiceImpl           : [create][Order Create Success][Order Price][OrderId:a082cab1-3647-40b9-877a-07214a890147 , Price: 0.0]
2026-03-18 11:48:59.556  INFO 1 --- [io-12031-exec-9] order.controller.OrderController         : [createNewOrder][Create Order][from shanghai to taiyuan at 1970-01-02 18:17:36]
2026-03-18 11:48:59.556  INFO 1 --- [io-12031-exec-9] order.service.OrderServiceImpl           : [create][Create Order][Ready to Create Order]
2026-03-18 11:48:59.581  INFO 1 --- [io-12031-exec-9] order.service.OrderServiceImpl           : [create][Order Create Success][Order Price][OrderId:6b40ce27-3ed1-4954-8903-26fa078eccec , Price: 0.0]
2026-03-18 11:48:59.858  INFO 1 --- [io-12031-exec-1] order.controller.OrderController         : [createNewOrder][Create Order][from shanghai to taiyuan at 1970-01-02 18:17:36]
2026-03-18 11:48:59.858  INFO 1 --- [io-12031-exec-1] order.service.OrderServiceImpl           : [create][Create Order][Ready to Create Order]
2026-03-18 11:48:59.878  INFO 1 --- [io-12031-exec-1] order.service.OrderServiceImpl           : [create][Order Create Success][Order Price][OrderId:0b29791d-7d52-43bc-8467-ec394c2c7efe , Price: 0.0]
2026-03-18 11:49:00.160  INFO 1 --- [io-12031-exec-3] order.controller.OrderController         : [createNewOrder][Create Order][from shanghai to taiyuan at 1970-01-02 18:17:36]
2026-03-18 11:49:00.160  INFO 1 --- [io-12031-exec-3] order.service.OrderServiceImpl           : [create][Create Order][Ready to Create Order]
2026-03-18 11:49:00.183  INFO 1 --- [io-12031-exec-3] order.service.OrderServiceImpl           : [create][Order Create Success][Order Price][OrderId:7388e25b-40a2-46ed-b690-b1a5168347c6 , Price: 0.0]
2026-03-18 11:49:00.461  INFO 1 --- [io-12031-exec-2] order.controller.OrderController         : [createNewOrder][Create Order][from shanghai to taiyuan at 1970-01-02 18:17:36]
2026-03-18 11:49:00.461  INFO 1 --- [io-12031-exec-2] order.service.OrderServiceImpl           : [create][Create Order][Ready to Create Order]
2026-03-18 11:49:00.589  INFO 1 --- [io-12031-exec-2] order.service.OrderServiceImpl           : [create][Order Create Success][Order Price][OrderId:8ab8b9fa-18f2-45d9-bd06-7eed3f835150 , Price: 0.0]
2026-03-18 11:49:00.858  INFO 1 --- [io-12031-exec-5] order.controller.OrderController         : [createNewOrder][Create Order][from shanghai to taiyuan at 1970-01-02 18:17:36]
2026-03-18 11:49:00.858  INFO 1 --- [io-12031-exec-5] order.service.OrderServiceImpl           : [create][Create Order][Ready to Create Order]
2026-03-18 11:49:00.879  INFO 1 --- [io-12031-exec-5] order.service.OrderServiceImpl           : [create][Order Create Success][Order Price][OrderId:2a2d070d-9537-4cc7-b372-bf9e5d5fb4eb , Price: 0.0]
2026-03-18 11:49:01.157  INFO 1 --- [io-12031-exec-4] order.controller.OrderController         : [createNewOrder][Create Order][from shanghai to taiyuan at 1970-01-02 18:17:36]
2026-03-18 11:49:01.157  INFO 1 --- [io-12031-exec-4] order.service.OrderServiceImpl           : [create][Create Order][Ready to Create Order]
2026-03-18 11:49:01.181  INFO 1 --- [io-12031-exec-4] order.service.OrderServiceImpl           : [create][Order Create Success][Order Price][OrderId:17fa48a6-a42e-4f17-a1ac-36d6a04a4e7f , Price: 0.0]
2026-03-18 11:49:01.458  INFO 1 --- [io-12031-exec-6] order.controller.OrderController         : [createNewOrder][Create Order][from shanghai to taiyuan at 1970-01-02 18:17:36]
2026-03-18 11:49:01.458  INFO 1 --- [io-12031-exec-6] order.service.OrderServiceImpl           : [create][Create Order][Ready to Create Order]
2026-03-18 11:49:01.479  INFO 1 --- [io-12031-exec-6] order.service.OrderServiceImpl           : [create][Order Create Success][Order Price][OrderId:90cc529b-464d-47c0-9980-8d5bd3fd42b2 , Price: 0.0]
2026-03-18 11:49:01.755  INFO 1 --- [io-12031-exec-8] order.controller.OrderController         : [createNewOrder][Create Order][from shanghai to taiyuan at 1970-01-02 18:17:36]
2026-03-18 11:49:01.755  INFO 1 --- [io-12031-exec-8] order.service.OrderServiceImpl           : [create][Create Order][Ready to Create Order]
2026-03-18 11:49:01.786  INFO 1 --- [io-12031-exec-8] order.service.OrderServiceImpl           : [create][Order Create Success][Order Price][OrderId:5195299c-bf91-4a8d-92b3-2690640abeb3 , Price: 0.0]
2026-03-18 11:49:02.057  INFO 1 --- [o-12031-exec-10] order.controller.OrderController         : [createNewOrder][Create Order][from shanghai to taiyuan at 1970-01-02 18:17:36]
2026-03-18 11:49:02.057  INFO 1 --- [o-12031-exec-10] order.service.OrderServiceImpl           : [create][Create Order][Ready to Create Order]
2026-03-18 11:49:02.079  INFO 1 --- [o-12031-exec-10] order.service.OrderServiceImpl           : [create][Order Create Success][Order Price][OrderId:c9ea14e2-479c-43cf-85ac-3632163151ca , Price: 0.0]
2026-03-18 11:49:02.358  INFO 1 --- [io-12031-exec-9] order.controller.OrderController         : [createNewOrder][Create Order][from shanghai to taiyuan at 1970-01-02 18:17:36]
2026-03-18 11:49:02.358  INFO 1 --- [io-12031-exec-9] order.service.OrderServiceImpl           : [create][Create Order][Ready to Create Order]
2026-03-18 11:49:02.381  INFO 1 --- [io-12031-exec-9] order.service.OrderServiceImpl           : [create][Order Create Success][Order Price][OrderId:5e5eb2d1-ea2d-4726-9148-5027942bb0ac , Price: 0.0]
2026-03-18 11:49:02.654  INFO 1 --- [io-12031-exec-1] order.controller.OrderController         : [createNewOrder][Create Order][from shanghai to taiyuan at 1970-01-02 18:17:36]
2026-03-18 11:49:02.654  INFO 1 --- [io-12031-exec-1] order.service.OrderServiceImpl           : [create][Create Order][Ready to Create Order]
2026-03-18 11:49:02.674  INFO 1 --- [io-12031-exec-1] order.service.OrderServiceImpl           : [create][Order Create Success][Order Price][OrderId:96695a84-e1ab-481f-8fa8-43349c0ad188 , Price: 0.0]
2026-03-18 11:49:02.949  INFO 1 --- [io-12031-exec-3] order.controller.OrderController         : [createNewOrder][Create Order][from shanghai to taiyuan at 1970-01-02 18:17:36]
2026-03-18 11:49:02.949  INFO 1 --- [io-12031-exec-3] order.service.OrderServiceImpl           : [create][Create Order][Ready to Create Order]
2026-03-18 11:49:02.988  INFO 1 --- [io-12031-exec-3] order.service.OrderServiceImpl           : [create][Order Create Success][Order Price][OrderId:3536f7d9-4af8-44c2-b915-2f9fbb1f6b7a , Price: 0.0]
2026-03-18 11:49:03.254  INFO 1 --- [io-12031-exec-2] order.controller.OrderController         : [createNewOrder][Create Order][from shanghai to taiyuan at 1970-01-02 18:17:36]
2026-03-18 11:49:03.254  INFO 1 --- [io-12031-exec-2] order.service.OrderServiceImpl           : [create][Create Order][Ready to Create Order]
2026-03-18 11:49:03.276  INFO 1 --- [io-12031-exec-2] order.service.OrderServiceImpl           : [create][Order Create Success][Order Price][OrderId:d9e3d145-2213-416d-abcc-a21a7dd6f4e3 , Price: 0.0]
2026-03-18 11:49:03.549  INFO 1 --- [io-12031-exec-5] order.controller.OrderController         : [createNewOrder][Create Order][from shanghai to taiyuan at 1970-01-02 18:17:36]
2026-03-18 11:49:03.549  INFO 1 --- [io-12031-exec-5] order.service.OrderServiceImpl           : [create][Create Order][Ready to Create Order]
2026-03-18 11:49:03.570  INFO 1 --- [io-12031-exec-5] order.service.OrderServiceImpl           : [create][Order Create Success][Order Price][OrderId:aa54994c-bc99-44c7-b8c6-012ea8aa3b0d , Price: 0.0]
2026-03-18 11:49:03.841  INFO 1 --- [io-12031-exec-4] order.controller.OrderController         : [createNewOrder][Create Order][from shanghai to taiyuan at 1970-01-02 18:17:36]
2026-03-18 11:49:03.841  INFO 1 --- [io-12031-exec-4] order.service.OrderServiceImpl           : [create][Create Order][Ready to Create Order]
2026-03-18 11:49:03.861  INFO 1 --- [io-12031-exec-4] order.service.OrderServiceImpl           : [create][Order Create Success][Order Price][OrderId:c9501ba0-945f-48a4-88b0-30b85fc69c24 , Price: 0.0]
2026-03-18 11:49:04.132  INFO 1 --- [io-12031-exec-7] order.controller.OrderController         : [createNewOrder][Create Order][from shanghai to taiyuan at 1970-01-02 18:17:36]
2026-03-18 11:49:04.132  INFO 1 --- [io-12031-exec-7] order.service.OrderServiceImpl           : [create][Create Order][Ready to Create Order]
2026-03-18 11:49:04.191  INFO 1 --- [io-12031-exec-7] order.service.OrderServiceImpl           : [create][Order Create Success][Order Price][OrderId:b6f18f2a-1dac-44f2-b4e4-3f4f0cc93971 , Price: 0.0]
2026-03-18 11:49:04.466  INFO 1 --- [io-12031-exec-6] order.controller.OrderController         : [createNewOrder][Create Order][from shanghai to taiyuan at 1970-01-02 18:17:36]
2026-03-18 11:49:04.466  INFO 1 --- [io-12031-exec-6] order.service.OrderServiceImpl           : [create][Create Order][Ready to Create Order]
2026-03-18 11:49:04.488  INFO 1 --- [io-12031-exec-6] order.service.OrderServiceImpl           : [create][Order Create Success][Order Price][OrderId:cd3acaac-8e84-4723-8155-cbc818064a0d , Price: 0.0]
2026-03-18 11:49:04.754  INFO 1 --- [io-12031-exec-8] order.controller.OrderController         : [createNewOrder][Create Order][from shanghai to taiyuan at 1970-01-02 18:17:36]
2026-03-18 11:49:04.754  INFO 1 --- [io-12031-exec-8] order.service.OrderServiceImpl           : [create][Create Order][Ready to Create Order]
2026-03-18 11:49:04.776  INFO 1 --- [io-12031-exec-8] order.service.OrderServiceImpl           : [create][Order Create Success][Order Price][OrderId:1d0061a4-a57b-44ff-b0c1-4515fe2290e1 , Price: 0.0]
2026-03-18 11:49:05.053  INFO 1 --- [o-12031-exec-10] order.controller.OrderController         : [createNewOrder][Create Order][from shanghai to taiyuan at 1970-01-02 18:17:36]
2026-03-18 11:49:05.054  INFO 1 --- [o-12031-exec-10] order.service.OrderServiceImpl           : [create][Create Order][Ready to Create Order]
2026-03-18 11:49:05.075  INFO 1 --- [o-12031-exec-10] order.service.OrderServiceImpl           : [create][Order Create Success][Order Price][OrderId:67b5574a-2fea-4219-a6af-f8b3f83a609b , Price: 0.0]
2026-03-18 11:49:05.348  INFO 1 --- [io-12031-exec-9] order.controller.OrderController         : [createNewOrder][Create Order][from shanghai to taiyuan at 1970-01-02 18:17:36]
2026-03-18 11:49:05.349  INFO 1 --- [io-12031-exec-9] order.service.OrderServiceImpl           : [create][Create Order][Ready to Create Order]
2026-03-18 11:49:05.383  INFO 1 --- [io-12031-exec-9] order.service.OrderServiceImpl           : [create][Order Create Success][Order Price][OrderId:490fc480-a020-4ca7-a440-07fd0579dd78 , Price: 0.0]
2026-03-18 11:49:05.656  INFO 1 --- [io-12031-exec-1] order.controller.OrderController         : [createNewOrder][Create Order][from shanghai to taiyuan at 1970-01-02 18:17:36]
2026-03-18 11:49:05.656  INFO 1 --- [io-12031-exec-1] order.service.OrderServiceImpl           : [create][Create Order][Ready to Create Order]
2026-03-18 11:49:05.678  INFO 1 --- [io-12031-exec-1] order.service.OrderServiceImpl           : [create][Order Create Success][Order Price][OrderId:f734f9fd-4f36-4c64-9ed7-80f85cc9a7b9 , Price: 0.0]
2026-03-18 11:49:05.953  INFO 1 --- [io-12031-exec-3] order.controller.OrderController         : [createNewOrder][Create Order][from shanghai to taiyuan at 1970-01-02 18:17:36]
2026-03-18 11:49:05.953  INFO 1 --- [io-12031-exec-3] order.service.OrderServiceImpl           : [create][Create Order][Ready to Create Order]
2026-03-18 11:49:05.976  INFO 1 --- [io-12031-exec-3] order.service.OrderServiceImpl           : [create][Order Create Success][Order Price][OrderId:61b5c102-692c-432d-bf61-81ac4a0cbd47 , Price: 0.0]
2026-03-18 11:49:06.255  INFO 1 --- [io-12031-exec-2] order.controller.OrderController         : [createNewOrder][Create Order][from shanghai to taiyuan at 1970-01-02 18:17:36]
2026-03-18 11:49:06.255  INFO 1 --- [io-12031-exec-2] order.service.OrderServiceImpl           : [create][Create Order][Ready to Create Order]
2026-03-18 11:49:06.277  INFO 1 --- [io-12031-exec-2] order.service.OrderServiceImpl           : [create][Order Create Success][Order Price][OrderId:6fd774a5-bc60-4b93-8c10-6aa0848d0821 , Price: 0.0]
2026-03-18 11:49:06.549  INFO 1 --- [io-12031-exec-5] order.controller.OrderController         : [createNewOrder][Create Order][from shanghai to taiyuan at 1970-01-02 18:17:36]
2026-03-18 11:49:06.549  INFO 1 --- [io-12031-exec-5] order.service.OrderServiceImpl           : [create][Create Order][Ready to Create Order]
2026-03-18 11:49:06.589  INFO 1 --- [io-12031-exec-5] order.service.OrderServiceImpl           : [create][Order Create Success][Order Price][OrderId:a60e5194-9fbc-4e34-aebc-c9633e919dc7 , Price: 0.0]
2026-03-18 11:49:06.854  INFO 1 --- [io-12031-exec-4] order.controller.OrderController         : [createNewOrder][Create Order][from shanghai to taiyuan at 1970-01-02 18:17:36]
2026-03-18 11:49:06.854  INFO 1 --- [io-12031-exec-4] order.service.OrderServiceImpl           : [create][Create Order][Ready to Create Order]
2026-03-18 11:49:06.875  INFO 1 --- [io-12031-exec-4] order.service.OrderServiceImpl           : [create][Order Create Success][Order Price][OrderId:1d4a6425-2d1c-4930-bc9a-f16792240adb , Price: 0.0]
2026-03-18 11:49:07.144  INFO 1 --- [io-12031-exec-7] order.controller.OrderController         : [createNewOrder][Create Order][from shanghai to taiyuan at 1970-01-02 18:17:36]
2026-03-18 11:49:07.144  INFO 1 --- [io-12031-exec-7] order.service.OrderServiceImpl           : [create][Create Order][Ready to Create Order]
2026-03-18 11:49:07.166  INFO 1 --- [io-12031-exec-7] order.service.OrderServiceImpl           : [create][Order Create Success][Order Price][OrderId:97cb55f7-3167-465f-8735-783a4924be59 , Price: 0.0]
2026-03-18 11:49:07.461  INFO 1 --- [io-12031-exec-6] order.controller.OrderController         : [createNewOrder][Create Order][from shanghai to taiyuan at 1970-01-02 18:17:36]
2026-03-18 11:49:07.461  INFO 1 --- [io-12031-exec-6] order.service.OrderServiceImpl           : [create][Create Order][Ready to Create Order]
2026-03-18 11:49:07.485  INFO 1 --- [io-12031-exec-6] order.service.OrderServiceImpl           : [create][Order Create Success][Order Price][OrderId:85682da2-fc2e-46e3-bf6a-4ed24f81f57f , Price: 0.0]
2026-03-18 11:49:07.754  INFO 1 --- [io-12031-exec-8] order.controller.OrderController         : [createNewOrder][Create Order][from shanghai to taiyuan at 1970-01-02 18:17:36]
2026-03-18 11:49:07.755  INFO 1 --- [io-12031-exec-8] order.service.OrderServiceImpl           : [create][Create Order][Ready to Create Order]
2026-03-18 11:49:07.786  INFO 1 --- [io-12031-exec-8] order.service.OrderServiceImpl           : [create][Order Create Success][Order Price][OrderId:101e0bc1-5b5a-4866-856a-7cf87ad20632 , Price: 0.0]
2026-03-18 11:49:08.059  INFO 1 --- [o-12031-exec-10] order.controller.OrderController         : [createNewOrder][Create Order][from shanghai to taiyuan at 1970-01-02 18:17:36]
2026-03-18 11:49:08.059  INFO 1 --- [o-12031-exec-10] order.service.OrderServiceImpl           : [create][Create Order][Ready to Create Order]
2026-03-18 11:49:08.081  INFO 1 --- [o-12031-exec-10] order.service.OrderServiceImpl           : [create][Order Create Success][Order Price][OrderId:2edd3ce9-1f70-42a5-bcbd-40f2bbf8c229 , Price: 0.0]
2026-03-18 11:49:08.358  INFO 1 --- [io-12031-exec-9] order.controller.OrderController         : [createNewOrder][Create Order][from shanghai to taiyuan at 1970-01-02 18:17:36]
2026-03-18 11:49:08.358  INFO 1 --- [io-12031-exec-9] order.service.OrderServiceImpl           : [create][Create Order][Ready to Create Order]
2026-03-18 11:49:08.381  INFO 1 --- [io-12031-exec-9] order.service.OrderServiceImpl           : [create][Order Create Success][Order Price][OrderId:068325cc-abc2-4c21-83dc-626baf934c79 , Price: 0.0]
2026-03-18 11:49:08.657  INFO 1 --- [io-12031-exec-1] order.controller.OrderController         : [createNewOrder][Create Order][from shanghai to taiyuan at 1970-01-02 18:17:36]
2026-03-18 11:49:08.657  INFO 1 --- [io-12031-exec-1] order.service.OrderServiceImpl           : [create][Create Order][Ready to Create Order]
2026-03-18 11:49:08.681  INFO 1 --- [io-12031-exec-1] order.service.OrderServiceImpl           : [create][Order Create Success][Order Price][OrderId:278e0516-2861-4c49-a00a-395fc0f48d23 , Price: 0.0]
2026-03-18 11:49:08.951  INFO 1 --- [io-12031-exec-3] order.controller.OrderController         : [createNewOrder][Create Order][from shanghai to taiyuan at 1970-01-02 18:17:36]
2026-03-18 11:49:08.951  INFO 1 --- [io-12031-exec-3] order.service.OrderServiceImpl           : [create][Create Order][Ready to Create Order]
2026-03-18 11:49:08.984  INFO 1 --- [io-12031-exec-3] order.service.OrderServiceImpl           : [create][Order Create Success][Order Price][OrderId:12b22f7d-69a6-45b8-8e7b-65bddb19cc67 , Price: 0.0]
2026-03-18 11:49:09.252  INFO 1 --- [io-12031-exec-2] order.controller.OrderController         : [createNewOrder][Create Order][from shanghai to taiyuan at 1970-01-02 18:17:36]
2026-03-18 11:49:09.252  INFO 1 --- [io-12031-exec-2] order.service.OrderServiceImpl           : [create][Create Order][Ready to Create Order]
2026-03-18 11:49:09.275  INFO 1 --- [io-12031-exec-2] order.service.OrderServiceImpl           : [create][Order Create Success][Order Price][OrderId:df32cffd-6aee-4d4c-ba74-0cc19e9a1483 , Price: 0.0]
2026-03-18 11:49:09.556  INFO 1 --- [io-12031-exec-5] order.controller.OrderController         : [createNewOrder][Create Order][from shanghai to taiyuan at 1970-01-02 18:17:36]
2026-03-18 11:49:09.556  INFO 1 --- [io-12031-exec-5] order.service.OrderServiceImpl           : [create][Create Order][Ready to Create Order]
2026-03-18 11:49:09.579  INFO 1 --- [io-12031-exec-5] order.service.OrderServiceImpl           : [create][Order Create Success][Order Price][OrderId:6caf7d8d-5835-4960-8d50-c7eea1831260 , Price: 0.0]
2026-03-18 11:49:09.854  INFO 1 --- [io-12031-exec-4] order.controller.OrderController         : [createNewOrder][Create Order][from shanghai to taiyuan at 1970-01-02 18:17:36]
2026-03-18 11:49:09.854  INFO 1 --- [io-12031-exec-4] order.service.OrderServiceImpl           : [create][Create Order][Ready to Create Order]
2026-03-18 11:49:09.878  INFO 1 --- [io-12031-exec-4] order.service.OrderServiceImpl           : [create][Order Create Success][Order Price][OrderId:1a0e5545-f689-4734-8dc1-f02f083f98a7 , Price: 0.0]
2026-03-18 11:49:10.159  INFO 1 --- [io-12031-exec-7] order.controller.OrderController         : [createNewOrder][Create Order][from shanghai to taiyuan at 1970-01-02 18:17:36]
2026-03-18 11:49:10.159  INFO 1 --- [io-12031-exec-7] order.service.OrderServiceImpl           : [create][Create Order][Ready to Create Order]
2026-03-18 11:49:10.278  INFO 1 --- [io-12031-exec-7] order.service.OrderServiceImpl           : [create][Order Create Success][Order Price][OrderId:8314b61d-9bcd-45c3-93ca-1cb7aa5e3a2d , Price: 0.0]
2026-03-18 11:49:10.636  INFO 1 --- [io-12031-exec-6] order.controller.OrderController         : [createNewOrder][Create Order][from shanghai to taiyuan at 1970-01-02 18:17:36]
2026-03-18 11:49:10.637  INFO 1 --- [io-12031-exec-6] order.service.OrderServiceImpl           : [create][Create Order][Ready to Create Order]
2026-03-18 11:49:10.658  INFO 1 --- [io-12031-exec-6] order.service.OrderServiceImpl           : [create][Order Create Success][Order Price][OrderId:c613bffc-7d74-4f8f-acd5-fb33ef602b5e , Price: 0.0]
2026-03-18 11:49:10.882  INFO 1 --- [io-12031-exec-8] order.controller.OrderController         : [createNewOrder][Create Order][from shanghai to taiyuan at 1970-01-02 18:17:36]
2026-03-18 11:49:10.882  INFO 1 --- [io-12031-exec-8] order.service.OrderServiceImpl           : [create][Create Order][Ready to Create Order]
2026-03-18 11:49:10.904  INFO 1 --- [io-12031-exec-8] order.service.OrderServiceImpl           : [create][Order Create Success][Order Price][OrderId:7ab9685b-3be5-4234-befd-8b0432e530ea , Price: 0.0]
2026-03-18 11:49:11.158  INFO 1 --- [o-12031-exec-10] order.controller.OrderController         : [createNewOrder][Create Order][from shanghai to taiyuan at 1970-01-02 18:17:36]
2026-03-18 11:49:11.158  INFO 1 --- [o-12031-exec-10] order.service.OrderServiceImpl           : [create][Create Order][Ready to Create Order]
2026-03-18 11:49:11.180  INFO 1 --- [o-12031-exec-10] order.service.OrderServiceImpl           : [create][Order Create Success][Order Price][OrderId:d2fe346d-afd1-493a-a9c6-d1e13ce90a3e , Price: 0.0]
2026-03-18 11:49:11.455  INFO 1 --- [io-12031-exec-1] order.controller.OrderController         : [createNewOrder][Create Order][from shanghai to taiyuan at 1970-01-02 18:17:36]
2026-03-18 11:49:11.455  INFO 1 --- [io-12031-exec-1] order.service.OrderServiceImpl           : [create][Create Order][Ready to Create Order]
2026-03-18 11:49:11.491  INFO 1 --- [io-12031-exec-1] order.service.OrderServiceImpl           : [create][Order Create Success][Order Price][OrderId:95e942e1-d02b-45b1-89a2-39dafa3596e9 , Price: 0.0]
2026-03-18 11:49:11.755  INFO 1 --- [io-12031-exec-3] order.controller.OrderController         : [createNewOrder][Create Order][from shanghai to taiyuan at 1970-01-02 18:17:36]
2026-03-18 11:49:11.755  INFO 1 --- [io-12031-exec-3] order.service.OrderServiceImpl           : [create][Create Order][Ready to Create Order]
2026-03-18 11:49:11.778  INFO 1 --- [io-12031-exec-3] order.service.OrderServiceImpl           : [create][Order Create Success][Order Price][OrderId:5185dfff-22ab-460b-a9f7-5f6f65f8c630 , Price: 0.0]
2026-03-18 11:49:12.047  INFO 1 --- [io-12031-exec-2] order.controller.OrderController         : [createNewOrder][Create Order][from shanghai to taiyuan at 1970-01-02 18:17:36]
2026-03-18 11:49:12.047  INFO 1 --- [io-12031-exec-2] order.service.OrderServiceImpl           : [create][Create Order][Ready to Create Order]
2026-03-18 11:49:12.070  INFO 1 --- [io-12031-exec-2] order.service.OrderServiceImpl           : [create][Order Create Success][Order Price][OrderId:fe29de11-4d69-453a-a9f3-6fbe85a7a194 , Price: 0.0]
2026-03-18 11:49:12.342  INFO 1 --- [io-12031-exec-5] order.controller.OrderController         : [createNewOrder][Create Order][from shanghai to taiyuan at 1970-01-02 18:17:36]
2026-03-18 11:49:12.342  INFO 1 --- [io-12031-exec-5] order.service.OrderServiceImpl           : [create][Create Order][Ready to Create Order]
2026-03-18 11:49:12.365  INFO 1 --- [io-12031-exec-5] order.service.OrderServiceImpl           : [create][Order Create Success][Order Price][OrderId:d811b027-0bac-4dff-b282-a8287e8fd8fd , Price: 0.0]
2026-03-18 11:49:12.638  INFO 1 --- [io-12031-exec-4] order.controller.OrderController         : [createNewOrder][Create Order][from shanghai to taiyuan at 1970-01-02 18:17:36]
2026-03-18 11:49:12.638  INFO 1 --- [io-12031-exec-4] order.service.OrderServiceImpl           : [create][Create Order][Ready to Create Order]
2026-03-18 11:49:12.696  INFO 1 --- [io-12031-exec-4] order.service.OrderServiceImpl           : [create][Order Create Success][Order Price][OrderId:f69faf8c-d118-4dae-abdf-3d859af99395 , Price: 0.0]
2026-03-18 11:49:12.954  INFO 1 --- [io-12031-exec-7] order.controller.OrderController         : [createNewOrder][Create Order][from shanghai to taiyuan at 1970-01-02 18:17:36]
2026-03-18 11:49:12.954  INFO 1 --- [io-12031-exec-7] order.service.OrderServiceImpl           : [create][Create Order][Ready to Create Order]
2026-03-18 11:49:12.976  INFO 1 --- [io-12031-exec-7] order.service.OrderServiceImpl           : [create][Order Create Success][Order Price][OrderId:655edd2d-8bd6-4f72-9688-b317b5d9cd10 , Price: 0.0]
2026-03-18 11:49:13.248  INFO 1 --- [io-12031-exec-6] order.controller.OrderController         : [createNewOrder][Create Order][from shanghai to taiyuan at 1970-01-02 18:17:36]
2026-03-18 11:49:13.248  INFO 1 --- [io-12031-exec-6] order.service.OrderServiceImpl           : [create][Create Order][Ready to Create Order]
2026-03-18 11:49:13.269  INFO 1 --- [io-12031-exec-6] order.service.OrderServiceImpl           : [create][Order Create Success][Order Price][OrderId:a98c02d1-3206-4ec5-884b-5ec56257ffee , Price: 0.0]
2026-03-18 11:49:13.544  INFO 1 --- [io-12031-exec-8] order.controller.OrderController         : [createNewOrder][Create Order][from shanghai to taiyuan at 1970-01-02 18:17:36]
2026-03-18 11:49:13.544  INFO 1 --- [io-12031-exec-8] order.service.OrderServiceImpl           : [create][Create Order][Ready to Create Order]
2026-03-18 11:49:13.567  INFO 1 --- [io-12031-exec-8] order.service.OrderServiceImpl           : [create][Order Create Success][Order Price][OrderId:22efd9d8-38f8-4959-b5fa-1ffe66293377 , Price: 0.0]
2026-03-18 11:49:13.839  INFO 1 --- [o-12031-exec-10] order.controller.OrderController         : [createNewOrder][Create Order][from shanghai to taiyuan at 1970-01-02 18:17:36]
2026-03-18 11:49:13.839  INFO 1 --- [o-12031-exec-10] order.service.OrderServiceImpl           : [create][Create Order][Ready to Create Order]
2026-03-18 11:49:13.888  INFO 1 --- [o-12031-exec-10] order.service.OrderServiceImpl           : [create][Order Create Success][Order Price][OrderId:4cd6fba3-c59b-4a5a-9a86-e125ec99114f , Price: 0.0]
2026-03-18 11:49:14.156  INFO 1 --- [io-12031-exec-9] order.controller.OrderController         : [createNewOrder][Create Order][from shanghai to taiyuan at 1970-01-02 18:17:36]
2026-03-18 11:49:14.156  INFO 1 --- [io-12031-exec-9] order.service.OrderServiceImpl           : [create][Create Order][Ready to Create Order]
2026-03-18 11:49:14.179  INFO 1 --- [io-12031-exec-9] order.service.OrderServiceImpl           : [create][Order Create Success][Order Price][OrderId:3a0bacad-9390-47e0-b1cf-8b71f9c10ff5 , Price: 0.0]
2026-03-18 11:49:14.459  INFO 1 --- [io-12031-exec-1] order.controller.OrderController         : [createNewOrder][Create Order][from shanghai to taiyuan at 1970-01-02 18:17:36]
2026-03-18 11:49:14.460  INFO 1 --- [io-12031-exec-1] order.service.OrderServiceImpl           : [create][Create Order][Ready to Create Order]
2026-03-18 11:49:14.483  INFO 1 --- [io-12031-exec-1] order.service.OrderServiceImpl           : [create][Order Create Success][Order Price][OrderId:16b6e303-5a1c-4167-aed2-44c693015239 , Price: 0.0]
2026-03-18 11:49:14.760  INFO 1 --- [io-12031-exec-3] order.controller.OrderController         : [createNewOrder][Create Order][from shanghai to taiyuan at 1970-01-02 18:17:36]
2026-03-18 11:49:14.760  INFO 1 --- [io-12031-exec-3] order.service.OrderServiceImpl           : [create][Create Order][Ready to Create Order]
2026-03-18 11:49:14.783  INFO 1 --- [io-12031-exec-3] order.service.OrderServiceImpl           : [create][Order Create Success][Order Price][OrderId:332d7fef-6e0e-42c8-9317-b5d109b94867 , Price: 0.0]
2026-03-18 11:49:15.062  INFO 1 --- [io-12031-exec-2] order.controller.OrderController         : [createNewOrder][Create Order][from shanghai to taiyuan at 1970-01-02 18:17:36]
2026-03-18 11:49:15.062  INFO 1 --- [io-12031-exec-2] order.service.OrderServiceImpl           : [create][Create Order][Ready to Create Order]
2026-03-18 11:49:15.197  INFO 1 --- [io-12031-exec-2] order.service.OrderServiceImpl           : [create][Order Create Success][Order Price][OrderId:639c1587-23ec-4e77-aa7a-fb22496ba8bd , Price: 0.0]
2026-03-18 11:49:15.459  INFO 1 --- [io-12031-exec-5] order.controller.OrderController         : [createNewOrder][Create Order][from shanghai to taiyuan at 1970-01-02 18:17:36]
2026-03-18 11:49:15.459  INFO 1 --- [io-12031-exec-5] order.service.OrderServiceImpl           : [create][Create Order][Ready to Create Order]
2026-03-18 11:49:15.482  INFO 1 --- [io-12031-exec-5] order.service.OrderServiceImpl           : [create][Order Create Success][Order Price][OrderId:01b0b34a-3565-41d0-a804-2dbe2a3b8963 , Price: 0.0]
2026-03-18 11:49:15.756  INFO 1 --- [io-12031-exec-4] order.controller.OrderController         : [createNewOrder][Create Order][from shanghai to taiyuan at 1970-01-02 18:17:36]
2026-03-18 11:49:15.756  INFO 1 --- [io-12031-exec-4] order.service.OrderServiceImpl           : [create][Create Order][Ready to Create Order]
2026-03-18 11:49:15.779  INFO 1 --- [io-12031-exec-4] order.service.OrderServiceImpl           : [create][Order Create Success][Order Price][OrderId:7b01e72f-844e-421a-9e9f-baf22d828608 , Price: 0.0]
2026-03-18 11:49:16.056  INFO 1 --- [io-12031-exec-7] order.controller.OrderController         : [createNewOrder][Create Order][from shanghai to taiyuan at 1970-01-02 18:17:36]
2026-03-18 11:49:16.056  INFO 1 --- [io-12031-exec-7] order.service.OrderServiceImpl           : [create][Create Order][Ready to Create Order]
2026-03-18 11:49:16.078  INFO 1 --- [io-12031-exec-7] order.service.OrderServiceImpl           : [create][Order Create Success][Order Price][OrderId:92dae2e5-a1b0-456b-a18f-69a4bde7e179 , Price: 0.0]
2026-03-18 11:49:16.365  INFO 1 --- [io-12031-exec-6] order.controller.OrderController         : [createNewOrder][Create Order][from shanghai to taiyuan at 1970-01-02 18:17:36]
2026-03-18 11:49:16.365  INFO 1 --- [io-12031-exec-6] order.service.OrderServiceImpl           : [create][Create Order][Ready to Create Order]
2026-03-18 11:49:16.387  INFO 1 --- [io-12031-exec-6] order.service.OrderServiceImpl           : [create][Order Create Success][Order Price][OrderId:88c83acc-f6d1-4eb0-a2ad-7ad77e3e8d9b , Price: 0.0]
2026-03-18 11:49:16.663  INFO 1 --- [io-12031-exec-8] order.controller.OrderController         : [createNewOrder][Create Order][from shanghai to taiyuan at 1970-01-02 18:17:36]
2026-03-18 11:49:16.663  INFO 1 --- [io-12031-exec-8] order.service.OrderServiceImpl           : [create][Create Order][Ready to Create Order]
2026-03-18 11:49:16.774  INFO 1 --- [io-12031-exec-8] order.service.OrderServiceImpl           : [create][Order Create Success][Order Price][OrderId:35859ba2-a55f-4445-9ad7-0d47b64f04f7 , Price: 0.0]
2026-03-18 11:49:17.048  INFO 1 --- [o-12031-exec-10] order.controller.OrderController         : [createNewOrder][Create Order][from shanghai to taiyuan at 1970-01-02 18:17:36]
2026-03-18 11:49:17.048  INFO 1 --- [o-12031-exec-10] order.service.OrderServiceImpl           : [create][Create Order][Ready to Create Order]
2026-03-18 11:49:17.068  INFO 1 --- [o-12031-exec-10] order.service.OrderServiceImpl           : [create][Order Create Success][Order Price][OrderId:4abe7e89-c4ac-4f22-a1ca-93a17916bee6 , Price: 0.0]
2026-03-18 11:49:17.341  INFO 1 --- [io-12031-exec-9] order.controller.OrderController         : [createNewOrder][Create Order][from shanghai to taiyuan at 1970-01-02 18:17:36]
2026-03-18 11:49:17.341  INFO 1 --- [io-12031-exec-9] order.service.OrderServiceImpl           : [create][Create Order][Ready to Create Order]
2026-03-18 11:49:17.384  INFO 1 --- [io-12031-exec-9] order.service.OrderServiceImpl           : [create][Order Create Success][Order Price][OrderId:582d7b05-3fbb-4270-a4bb-3247f931d0eb , Price: 0.0]
2026-03-18 11:49:17.868  INFO 1 --- [io-12031-exec-1] order.controller.OrderController         : [createNewOrder][Create Order][from shanghai to taiyuan at 1970-01-02 18:17:36]
2026-03-18 11:49:17.868  INFO 1 --- [io-12031-exec-1] order.service.OrderServiceImpl           : [create][Create Order][Ready to Create Order]
2026-03-18 11:49:17.892  INFO 1 --- [io-12031-exec-1] order.service.OrderServiceImpl           : [create][Order Create Success][Order Price][OrderId:8c7d8e2c-708f-4802-8a38-ce1e50121f0b , Price: 0.0]
2026-03-18 11:49:18.161  INFO 1 --- [io-12031-exec-3] order.controller.OrderController         : [createNewOrder][Create Order][from shanghai to taiyuan at 1970-01-02 18:17:36]
2026-03-18 11:49:18.161  INFO 1 --- [io-12031-exec-3] order.service.OrderServiceImpl           : [create][Create Order][Ready to Create Order]
2026-03-18 11:49:18.184  INFO 1 --- [io-12031-exec-3] order.service.OrderServiceImpl           : [create][Order Create Success][Order Price][OrderId:4bc57c70-1ba0-498e-b6a8-77930e65d71e , Price: 0.0]
2026-03-18 11:49:18.461  INFO 1 --- [io-12031-exec-2] order.controller.OrderController         : [createNewOrder][Create Order][from shanghai to taiyuan at 1970-01-02 18:17:36]
2026-03-18 11:49:18.461  INFO 1 --- [io-12031-exec-2] order.service.OrderServiceImpl           : [create][Create Order][Ready to Create Order]
2026-03-18 11:49:18.485  INFO 1 --- [io-12031-exec-2] order.service.OrderServiceImpl           : [create][Order Create Success][Order Price][OrderId:df025915-0f4f-44aa-9459-468532c8242b , Price: 0.0]
2026-03-18 11:49:18.756  INFO 1 --- [io-12031-exec-5] order.controller.OrderController         : [createNewOrder][Create Order][from shanghai to taiyuan at 1970-01-02 18:17:36]
2026-03-18 11:49:18.756  INFO 1 --- [io-12031-exec-5] order.service.OrderServiceImpl           : [create][Create Order][Ready to Create Order]
2026-03-18 11:49:18.876  INFO 1 --- [io-12031-exec-5] order.service.OrderServiceImpl           : [create][Order Create Success][Order Price][OrderId:f6e60284-29a0-4def-9c5f-cda45c686b70 , Price: 0.0]
2026-03-18 11:49:19.159  INFO 1 --- [io-12031-exec-4] order.controller.OrderController         : [createNewOrder][Create Order][from shanghai to taiyuan at 1970-01-02 18:17:36]
2026-03-18 11:49:19.159  INFO 1 --- [io-12031-exec-4] order.service.OrderServiceImpl           : [create][Create Order][Ready to Create Order]
2026-03-18 11:49:19.184  INFO 1 --- [io-12031-exec-4] order.service.OrderServiceImpl           : [create][Order Create Success][Order Price][OrderId:6cc91c74-c03f-474c-8d0b-d82807847250 , Price: 0.0]
2026-03-18 11:49:19.460  INFO 1 --- [io-12031-exec-7] order.controller.OrderController         : [createNewOrder][Create Order][from shanghai to taiyuan at 1970-01-02 18:17:36]
2026-03-18 11:49:19.460  INFO 1 --- [io-12031-exec-7] order.service.OrderServiceImpl           : [create][Create Order][Ready to Create Order]
2026-03-18 11:49:19.482  INFO 1 --- [io-12031-exec-7] order.service.OrderServiceImpl           : [create][Order Create Success][Order Price][OrderId:b51ce05b-a563-43ca-b2f0-3521e7019e0e , Price: 0.0]
2026-03-18 11:49:19.760  INFO 1 --- [io-12031-exec-6] order.controller.OrderController         : [createNewOrder][Create Order][from shanghai to taiyuan at 1970-01-02 18:17:36]
2026-03-18 11:49:19.760  INFO 1 --- [io-12031-exec-6] order.service.OrderServiceImpl           : [create][Create Order][Ready to Create Order]
2026-03-18 11:49:19.783  INFO 1 --- [io-12031-exec-6] order.service.OrderServiceImpl           : [create][Order Create Success][Order Price][OrderId:61518577-6b20-49c5-b779-e01e270bb6ba , Price: 0.0]
2026-03-18 11:49:20.059  INFO 1 --- [io-12031-exec-8] order.controller.OrderController         : [createNewOrder][Create Order][from shanghai to taiyuan at 1970-01-02 18:17:36]
2026-03-18 11:49:20.059  INFO 1 --- [io-12031-exec-8] order.service.OrderServiceImpl           : [create][Create Order][Ready to Create Order]
2026-03-18 11:49:20.175  INFO 1 --- [io-12031-exec-8] order.service.OrderServiceImpl           : [create][Order Create Success][Order Price][OrderId:ffc64764-3422-4331-8826-0a2bff9c45a7 , Price: 0.0]
2026-03-18 11:49:20.457  INFO 1 --- [o-12031-exec-10] order.controller.OrderController         : [createNewOrder][Create Order][from shanghai to taiyuan at 1970-01-02 18:17:36]
2026-03-18 11:49:20.457  INFO 1 --- [o-12031-exec-10] order.service.OrderServiceImpl           : [create][Create Order][Ready to Create Order]
2026-03-18 11:49:20.480  INFO 1 --- [o-12031-exec-10] order.service.OrderServiceImpl           : [create][Order Create Success][Order Price][OrderId:7377f3b3-f0cb-4c1b-a4e7-264d6e0dde39 , Price: 0.0]
2026-03-18 11:49:20.760  INFO 1 --- [io-12031-exec-9] order.controller.OrderController         : [createNewOrder][Create Order][from shanghai to taiyuan at 1970-01-02 18:17:36]
2026-03-18 11:49:20.760  INFO 1 --- [io-12031-exec-9] order.service.OrderServiceImpl           : [create][Create Order][Ready to Create Order]
2026-03-18 11:49:20.787  INFO 1 --- [io-12031-exec-9] order.service.OrderServiceImpl           : [create][Order Create Success][Order Price][OrderId:eb6bad8b-2a51-4a47-a003-c2229c1493a8 , Price: 0.0]
2026-03-18 11:49:21.065  INFO 1 --- [io-12031-exec-1] order.controller.OrderController         : [createNewOrder][Create Order][from shanghai to taiyuan at 1970-01-02 18:17:36]
2026-03-18 11:49:21.065  INFO 1 --- [io-12031-exec-1] order.service.OrderServiceImpl           : [create][Create Order][Ready to Create Order]
2026-03-18 11:49:21.088  INFO 1 --- [io-12031-exec-1] order.service.OrderServiceImpl           : [create][Order Create Success][Order Price][OrderId:8ce3472f-8bb3-4bd5-ac9d-6fe86c01bb53 , Price: 0.0]
2026-03-18 11:49:21.355  INFO 1 --- [io-12031-exec-2] order.controller.OrderController         : [createNewOrder][Create Order][from shanghai to taiyuan at 1970-01-02 18:17:36]
2026-03-18 11:49:21.355  INFO 1 --- [io-12031-exec-2] order.service.OrderServiceImpl           : [create][Create Order][Ready to Create Order]
2026-03-18 11:49:21.386  INFO 1 --- [io-12031-exec-2] order.service.OrderServiceImpl           : [create][Order Create Success][Order Price][OrderId:4d4d9a58-d3a6-4361-8276-60e24e7b908b , Price: 0.0]
2026-03-18 11:49:21.657  INFO 1 --- [io-12031-exec-5] order.controller.OrderController         : [createNewOrder][Create Order][from shanghai to taiyuan at 1970-01-02 18:17:36]
2026-03-18 11:49:21.657  INFO 1 --- [io-12031-exec-5] order.service.OrderServiceImpl           : [create][Create Order][Ready to Create Order]
2026-03-18 11:49:21.677  INFO 1 --- [io-12031-exec-5] order.service.OrderServiceImpl           : [create][Order Create Success][Order Price][OrderId:66925737-7531-4a19-b435-e186390f21da , Price: 0.0]
2026-03-18 11:49:21.947  INFO 1 --- [io-12031-exec-4] order.controller.OrderController         : [createNewOrder][Create Order][from shanghai to taiyuan at 1970-01-02 18:17:36]
2026-03-18 11:49:21.947  INFO 1 --- [io-12031-exec-4] order.service.OrderServiceImpl           : [create][Create Order][Ready to Create Order]
2026-03-18 11:49:21.969  INFO 1 --- [io-12031-exec-4] order.service.OrderServiceImpl           : [create][Order Create Success][Order Price][OrderId:21824270-f9ef-411b-b960-eb86f55fbf8e , Price: 0.0]
2026-03-18 11:49:22.237  INFO 1 --- [io-12031-exec-7] order.controller.OrderController         : [createNewOrder][Create Order][from shanghai to taiyuan at 1970-01-02 18:17:36]
2026-03-18 11:49:22.237  INFO 1 --- [io-12031-exec-7] order.service.OrderServiceImpl           : [create][Create Order][Ready to Create Order]
2026-03-18 11:49:22.260  INFO 1 --- [io-12031-exec-7] order.service.OrderServiceImpl           : [create][Order Create Success][Order Price][OrderId:076e98f9-390f-44f0-a731-a71208da0a08 , Price: 0.0]
2026-03-18 11:49:22.540  INFO 1 --- [io-12031-exec-6] order.controller.OrderController         : [createNewOrder][Create Order][from shanghai to taiyuan at 1970-01-02 18:17:36]
2026-03-18 11:49:22.540  INFO 1 --- [io-12031-exec-6] order.service.OrderServiceImpl           : [create][Create Order][Ready to Create Order]
2026-03-18 11:49:22.594  INFO 1 --- [io-12031-exec-6] order.service.OrderServiceImpl           : [create][Order Create Success][Order Price][OrderId:dc07ef51-0ba9-47ec-acc0-7f608022db96 , Price: 0.0]
2026-03-18 11:49:22.859  INFO 1 --- [io-12031-exec-8] order.controller.OrderController         : [createNewOrder][Create Order][from shanghai to taiyuan at 1970-01-02 18:17:36]
2026-03-18 11:49:22.859  INFO 1 --- [io-12031-exec-8] order.service.OrderServiceImpl           : [create][Create Order][Ready to Create Order]
2026-03-18 11:49:22.882  INFO 1 --- [io-12031-exec-8] order.service.OrderServiceImpl           : [create][Order Create Success][Order Price][OrderId:3b56ad6c-6530-4492-8e96-71ac29e49e96 , Price: 0.0]
2026-03-18 11:49:23.157  INFO 1 --- [o-12031-exec-10] order.controller.OrderController         : [createNewOrder][Create Order][from shanghai to taiyuan at 1970-01-02 18:17:36]
2026-03-18 11:49:23.157  INFO 1 --- [o-12031-exec-10] order.service.OrderServiceImpl           : [create][Create Order][Ready to Create Order]
2026-03-18 11:49:23.180  INFO 1 --- [o-12031-exec-10] order.service.OrderServiceImpl           : [create][Order Create Success][Order Price][OrderId:25043686-afd6-47e3-beca-5075dfe98d94 , Price: 0.0]
2026-03-18 11:49:23.451  INFO 1 --- [io-12031-exec-9] order.controller.OrderController         : [createNewOrder][Create Order][from shanghai to taiyuan at 1970-01-02 18:17:36]
2026-03-18 11:49:23.451  INFO 1 --- [io-12031-exec-9] order.service.OrderServiceImpl           : [create][Create Order][Ready to Create Order]
2026-03-18 11:49:23.473  INFO 1 --- [io-12031-exec-9] order.service.OrderServiceImpl           : [create][Order Create Success][Order Price][OrderId:c28b8081-6433-4649-b423-fcbae28739aa , Price: 0.0]
2026-03-18 11:49:23.748  INFO 1 --- [io-12031-exec-1] order.controller.OrderController         : [createNewOrder][Create Order][from shanghai to taiyuan at 1970-01-02 18:17:36]
2026-03-18 11:49:23.748  INFO 1 --- [io-12031-exec-1] order.service.OrderServiceImpl           : [create][Create Order][Ready to Create Order]
2026-03-18 11:49:23.784  INFO 1 --- [io-12031-exec-1] order.service.OrderServiceImpl           : [create][Order Create Success][Order Price][OrderId:2057867a-4a4d-40e9-b302-2bb9ad891acb , Price: 0.0]
2026-03-18 11:49:24.058  INFO 1 --- [io-12031-exec-3] order.controller.OrderController         : [createNewOrder][Create Order][from shanghai to taiyuan at 1970-01-02 18:17:36]
2026-03-18 11:49:24.058  INFO 1 --- [io-12031-exec-3] order.service.OrderServiceImpl           : [create][Create Order][Ready to Create Order]
2026-03-18 11:49:24.081  INFO 1 --- [io-12031-exec-3] order.service.OrderServiceImpl           : [create][Order Create Success][Order Price][OrderId:6e8d4c29-1122-4299-889d-e1b1df8d27d2 , Price: 0.0]
2026-03-18 11:49:24.359  INFO 1 --- [io-12031-exec-2] order.controller.OrderController         : [createNewOrder][Create Order][from shanghai to taiyuan at 1970-01-02 18:17:36]
2026-03-18 11:49:24.359  INFO 1 --- [io-12031-exec-2] order.service.OrderServiceImpl           : [create][Create Order][Ready to Create Order]
2026-03-18 11:49:24.379  INFO 1 --- [io-12031-exec-2] order.service.OrderServiceImpl           : [create][Order Create Success][Order Price][OrderId:430533c2-f251-4884-a615-5e8ee9cd0c10 , Price: 0.0]
2026-03-18 11:49:24.649  INFO 1 --- [io-12031-exec-5] order.controller.OrderController         : [createNewOrder][Create Order][from shanghai to taiyuan at 1970-01-02 18:17:36]
2026-03-18 11:49:24.649  INFO 1 --- [io-12031-exec-5] order.service.OrderServiceImpl           : [create][Create Order][Ready to Create Order]
2026-03-18 11:49:24.673  INFO 1 --- [io-12031-exec-5] order.service.OrderServiceImpl           : [create][Order Create Success][Order Price][OrderId:2d49e016-9de4-46da-805c-1d7fa1ce76c3 , Price: 0.0]
2026-03-18 11:49:24.954  INFO 1 --- [io-12031-exec-4] order.controller.OrderController         : [createNewOrder][Create Order][from shanghai to taiyuan at 1970-01-02 18:17:36]
2026-03-18 11:49:24.954  INFO 1 --- [io-12031-exec-4] order.service.OrderServiceImpl           : [create][Create Order][Ready to Create Order]
2026-03-18 11:49:25.094  INFO 1 --- [io-12031-exec-4] order.service.OrderServiceImpl           : [create][Order Create Success][Order Price][OrderId:0919d93b-9be3-4c86-a1bd-bb86946de51a , Price: 0.0]
2026-03-18 11:49:25.360  INFO 1 --- [io-12031-exec-7] order.controller.OrderController         : [createNewOrder][Create Order][from shanghai to taiyuan at 1970-01-02 18:17:36]
2026-03-18 11:49:25.360  INFO 1 --- [io-12031-exec-7] order.service.OrderServiceImpl           : [create][Create Order][Ready to Create Order]
2026-03-18 11:49:25.383  INFO 1 --- [io-12031-exec-7] order.service.OrderServiceImpl           : [create][Order Create Success][Order Price][OrderId:278d11df-3cb0-49e2-9973-cb516d74eacc , Price: 0.0]
2026-03-18 11:49:25.658  INFO 1 --- [io-12031-exec-6] order.controller.OrderController         : [createNewOrder][Create Order][from shanghai to taiyuan at 1970-01-02 18:17:36]
2026-03-18 11:49:25.659  INFO 1 --- [io-12031-exec-6] order.service.OrderServiceImpl           : [create][Create Order][Ready to Create Order]
2026-03-18 11:49:25.681  INFO 1 --- [io-12031-exec-6] order.service.OrderServiceImpl           : [create][Order Create Success][Order Price][OrderId:9f72d3a1-66e7-4312-8621-503baf4acd46 , Price: 0.0]
2026-03-18 11:49:25.946  INFO 1 --- [io-12031-exec-8] order.controller.OrderController         : [createNewOrder][Create Order][from shanghai to taiyuan at 1970-01-02 18:17:36]
2026-03-18 11:49:25.946  INFO 1 --- [io-12031-exec-8] order.service.OrderServiceImpl           : [create][Create Order][Ready to Create Order]
2026-03-18 11:49:25.985  INFO 1 --- [io-12031-exec-8] order.service.OrderServiceImpl           : [create][Order Create Success][Order Price][OrderId:9de318d3-43c5-47f6-a9ac-982a77605c66 , Price: 0.0]
2026-03-18 11:49:26.257  INFO 1 --- [o-12031-exec-10] order.controller.OrderController         : [createNewOrder][Create Order][from shanghai to taiyuan at 1970-01-02 18:17:36]
2026-03-18 11:49:26.257  INFO 1 --- [o-12031-exec-10] order.service.OrderServiceImpl           : [create][Create Order][Ready to Create Order]
2026-03-18 11:49:26.281  INFO 1 --- [o-12031-exec-10] order.service.OrderServiceImpl           : [create][Order Create Success][Order Price][OrderId:a656f729-cdb9-474d-8c16-2916520495d5 , Price: 0.0]
2026-03-18 11:49:26.555  INFO 1 --- [io-12031-exec-9] order.controller.OrderController         : [createNewOrder][Create Order][from shanghai to taiyuan at 1970-01-02 18:17:36]
2026-03-18 11:49:26.555  INFO 1 --- [io-12031-exec-9] order.service.OrderServiceImpl           : [create][Create Order][Ready to Create Order]
2026-03-18 11:49:26.577  INFO 1 --- [io-12031-exec-9] order.service.OrderServiceImpl           : [create][Order Create Success][Order Price][OrderId:c0efd431-f583-4568-8b41-2f90bcdebc2b , Price: 0.0]
2026-03-18 11:49:26.844  INFO 1 --- [io-12031-exec-1] order.controller.OrderController         : [createNewOrder][Create Order][from shanghai to taiyuan at 1970-01-02 18:17:36]
2026-03-18 11:49:26.844  INFO 1 --- [io-12031-exec-1] order.service.OrderServiceImpl           : [create][Create Order][Ready to Create Order]
2026-03-18 11:49:26.866  INFO 1 --- [io-12031-exec-1] order.service.OrderServiceImpl           : [create][Order Create Success][Order Price][OrderId:86d37600-8881-4795-97c8-ecd613ce333e , Price: 0.0]
2026-03-18 11:49:27.139  INFO 1 --- [io-12031-exec-3] order.controller.OrderController         : [createNewOrder][Create Order][from shanghai to taiyuan at 1970-01-02 18:17:36]
2026-03-18 11:49:27.139  INFO 1 --- [io-12031-exec-3] order.service.OrderServiceImpl           : [create][Create Order][Ready to Create Order]
2026-03-18 11:49:27.287  INFO 1 --- [io-12031-exec-3] order.service.OrderServiceImpl           : [create][Order Create Success][Order Price][OrderId:fda83b68-8a5d-4936-a118-32e160de9a6e , Price: 0.0]
2026-03-18 11:49:27.554  INFO 1 --- [io-12031-exec-2] order.controller.OrderController         : [createNewOrder][Create Order][from shanghai to taiyuan at 1970-01-02 18:17:36]
2026-03-18 11:49:27.554  INFO 1 --- [io-12031-exec-2] order.service.OrderServiceImpl           : [create][Create Order][Ready to Create Order]
2026-03-18 11:49:27.576  INFO 1 --- [io-12031-exec-2] order.service.OrderServiceImpl           : [create][Order Create Success][Order Price][OrderId:21a16737-9994-4dd2-989b-154ff93e309b , Price: 0.0]
2026-03-18 11:49:27.870  INFO 1 --- [io-12031-exec-5] order.controller.OrderController         : [createNewOrder][Create Order][from shanghai to taiyuan at 1970-01-02 18:17:36]
2026-03-18 11:49:27.870  INFO 1 --- [io-12031-exec-5] order.service.OrderServiceImpl           : [create][Create Order][Ready to Create Order]
2026-03-18 11:49:27.892  INFO 1 --- [io-12031-exec-5] order.service.OrderServiceImpl           : [create][Order Create Success][Order Price][OrderId:9e3a833a-23cd-4be1-a284-24c050b8270c , Price: 0.0]
2026-03-18 11:49:28.152  INFO 1 --- [io-12031-exec-4] order.controller.OrderController         : [createNewOrder][Create Order][from shanghai to taiyuan at 1970-01-02 18:17:36]
2026-03-18 11:49:28.152  INFO 1 --- [io-12031-exec-4] order.service.OrderServiceImpl           : [create][Create Order][Ready to Create Order]
2026-03-18 11:49:28.173  INFO 1 --- [io-12031-exec-4] order.service.OrderServiceImpl           : [create][Order Create Success][Order Price][OrderId:32ee5b33-28de-425d-a453-67e70b38d5ae , Price: 0.0]
2026-03-18 11:49:28.466  INFO 1 --- [io-12031-exec-7] order.controller.OrderController         : [createNewOrder][Create Order][from shanghai to taiyuan at 1970-01-02 18:17:36]
2026-03-18 11:49:28.466  INFO 1 --- [io-12031-exec-7] order.service.OrderServiceImpl           : [create][Create Order][Ready to Create Order]
2026-03-18 11:49:28.590  INFO 1 --- [io-12031-exec-7] order.service.OrderServiceImpl           : [create][Order Create Success][Order Price][OrderId:0f76f15a-ade6-4ea2-b5f3-54cb8e9e8a47 , Price: 0.0]
2026-03-18 11:49:28.857  INFO 1 --- [io-12031-exec-6] order.controller.OrderController         : [createNewOrder][Create Order][from shanghai to taiyuan at 1970-01-02 18:17:36]
2026-03-18 11:49:28.857  INFO 1 --- [io-12031-exec-6] order.service.OrderServiceImpl           : [create][Create Order][Ready to Create Order]
2026-03-18 11:49:28.880  INFO 1 --- [io-12031-exec-6] order.service.OrderServiceImpl           : [create][Order Create Success][Order Price][OrderId:f269fd39-112c-4f61-9063-cd16c42d1488 , Price: 0.0]
2026-03-18 11:49:29.157  INFO 1 --- [io-12031-exec-8] order.controller.OrderController         : [createNewOrder][Create Order][from shanghai to taiyuan at 1970-01-02 18:17:36]
2026-03-18 11:49:29.157  INFO 1 --- [io-12031-exec-8] order.service.OrderServiceImpl           : [create][Create Order][Ready to Create Order]
2026-03-18 11:49:29.180  INFO 1 --- [io-12031-exec-8] order.service.OrderServiceImpl           : [create][Order Create Success][Order Price][OrderId:e2e450eb-2d0c-41c3-a980-f9138b7f55f7 , Price: 0.0]
2026-03-18 11:49:29.454  INFO 1 --- [o-12031-exec-10] order.controller.OrderController         : [createNewOrder][Create Order][from shanghai to taiyuan at 1970-01-02 18:17:36]
2026-03-18 11:49:29.454  INFO 1 --- [o-12031-exec-10] order.service.OrderServiceImpl           : [create][Create Order][Ready to Create Order]
2026-03-18 11:49:29.476  INFO 1 --- [o-12031-exec-10] order.service.OrderServiceImpl           : [create][Order Create Success][Order Price][OrderId:5f51968e-cb1b-42d5-831c-a5fe00897048 , Price: 0.0]
2026-03-18 11:49:29.756  INFO 1 --- [io-12031-exec-9] order.controller.OrderController         : [createNewOrder][Create Order][from shanghai to taiyuan at 1970-01-02 18:17:36]
2026-03-18 11:49:29.757  INFO 1 --- [io-12031-exec-9] order.service.OrderServiceImpl           : [create][Create Order][Ready to Create Order]
2026-03-18 11:49:29.889  INFO 1 --- [io-12031-exec-9] order.service.OrderServiceImpl           : [create][Order Create Success][Order Price][OrderId:a1956a19-9b32-49a8-b25b-95ba3d11df86 , Price: 0.0]
2026-03-18 11:49:30.166  INFO 1 --- [io-12031-exec-1] order.controller.OrderController         : [createNewOrder][Create Order][from shanghai to taiyuan at 1970-01-02 18:17:36]
2026-03-18 11:49:30.166  INFO 1 --- [io-12031-exec-1] order.service.OrderServiceImpl           : [create][Create Order][Ready to Create Order]
2026-03-18 11:49:30.189  INFO 1 --- [io-12031-exec-1] order.service.OrderServiceImpl           : [create][Order Create Success][Order Price][OrderId:97653498-9f28-46eb-bc9f-bad8b3c54f59 , Price: 0.0]
2026-03-18 11:49:30.459  INFO 1 --- [io-12031-exec-3] order.controller.OrderController         : [createNewOrder][Create Order][from shanghai to taiyuan at 1970-01-02 18:17:36]
2026-03-18 11:49:30.459  INFO 1 --- [io-12031-exec-3] order.service.OrderServiceImpl           : [create][Create Order][Ready to Create Order]
2026-03-18 11:49:30.483  INFO 1 --- [io-12031-exec-3] order.service.OrderServiceImpl           : [create][Order Create Success][Order Price][OrderId:e86cc460-23e3-4b64-82a9-2db99e80cf78 , Price: 0.0]
2026-03-18 11:49:30.754  INFO 1 --- [io-12031-exec-2] order.controller.OrderController         : [createNewOrder][Create Order][from shanghai to taiyuan at 1970-01-02 18:17:36]
2026-03-18 11:49:30.754  INFO 1 --- [io-12031-exec-2] order.service.OrderServiceImpl           : [create][Create Order][Ready to Create Order]
2026-03-18 11:49:30.775  INFO 1 --- [io-12031-exec-2] order.service.OrderServiceImpl           : [create][Order Create Success][Order Price][OrderId:031be3c1-e18e-4818-a950-6ac0222cd874 , Price: 0.0]
2026-03-18 11:49:31.049  INFO 1 --- [io-12031-exec-5] order.controller.OrderController         : [createNewOrder][Create Order][from shanghai to taiyuan at 1970-01-02 18:17:36]
2026-03-18 11:49:31.050  INFO 1 --- [io-12031-exec-5] order.service.OrderServiceImpl           : [create][Create Order][Ready to Create Order]
2026-03-18 11:49:31.085  INFO 1 --- [io-12031-exec-5] order.service.OrderServiceImpl           : [create][Order Create Success][Order Price][OrderId:5b40abe5-90c6-465d-9219-5addce3ec764 , Price: 0.0]
2026-03-18 11:49:31.355  INFO 1 --- [io-12031-exec-7] order.controller.OrderController         : [createNewOrder][Create Order][from shanghai to taiyuan at 1970-01-02 18:17:36]
2026-03-18 11:49:31.355  INFO 1 --- [io-12031-exec-7] order.service.OrderServiceImpl           : [create][Create Order][Ready to Create Order]
2026-03-18 11:49:31.378  INFO 1 --- [io-12031-exec-7] order.service.OrderServiceImpl           : [create][Order Create Success][Order Price][OrderId:c3b9a20e-09ea-4b03-a2d2-16f131c42324 , Price: 0.0]
2026-03-18 11:49:31.655  INFO 1 --- [io-12031-exec-6] order.controller.OrderController         : [createNewOrder][Create Order][from shanghai to taiyuan at 1970-01-02 18:17:36]
2026-03-18 11:49:31.655  INFO 1 --- [io-12031-exec-6] order.service.OrderServiceImpl           : [create][Create Order][Ready to Create Order]
2026-03-18 11:49:31.678  INFO 1 --- [io-12031-exec-6] order.service.OrderServiceImpl           : [create][Order Create Success][Order Price][OrderId:04c14e1e-d061-4d45-b236-12b17cf51f6b , Price: 0.0]
2026-03-18 11:49:31.966  INFO 1 --- [io-12031-exec-8] order.controller.OrderController         : [createNewOrder][Create Order][from shanghai to taiyuan at 1970-01-02 18:17:36]
2026-03-18 11:49:31.967  INFO 1 --- [io-12031-exec-8] order.service.OrderServiceImpl           : [create][Create Order][Ready to Create Order]
2026-03-18 11:49:31.989  INFO 1 --- [io-12031-exec-8] order.service.OrderServiceImpl           : [create][Order Create Success][Order Price][OrderId:716b36eb-f565-4fed-8937-078652b2828a , Price: 0.0]
2026-03-18 11:49:32.256  INFO 1 --- [o-12031-exec-10] order.controller.OrderController         : [createNewOrder][Create Order][from shanghai to taiyuan at 1970-01-02 18:17:36]
2026-03-18 11:49:32.257  INFO 1 --- [o-12031-exec-10] order.service.OrderServiceImpl           : [create][Create Order][Ready to Create Order]
2026-03-18 11:49:32.397  INFO 1 --- [o-12031-exec-10] order.service.OrderServiceImpl           : [create][Order Create Success][Order Price][OrderId:f5cd19aa-2fd1-4245-9b23-64210333ffd1 , Price: 0.0]
2026-03-18 11:49:32.655  INFO 1 --- [io-12031-exec-9] order.controller.OrderController         : [createNewOrder][Create Order][from shanghai to taiyuan at 1970-01-02 18:17:36]
2026-03-18 11:49:32.655  INFO 1 --- [io-12031-exec-9] order.service.OrderServiceImpl           : [create][Create Order][Ready to Create Order]
2026-03-18 11:49:32.679  INFO 1 --- [io-12031-exec-9] order.service.OrderServiceImpl           : [create][Order Create Success][Order Price][OrderId:f4104375-8661-407c-a9fb-e8edfbd6acf0 , Price: 0.0]
2026-03-18 11:49:32.946  INFO 1 --- [io-12031-exec-1] order.controller.OrderController         : [createNewOrder][Create Order][from shanghai to taiyuan at 1970-01-02 18:17:36]
2026-03-18 11:49:32.946  INFO 1 --- [io-12031-exec-1] order.service.OrderServiceImpl           : [create][Create Order][Ready to Create Order]
2026-03-18 11:49:32.972  INFO 1 --- [io-12031-exec-1] order.service.OrderServiceImpl           : [create][Order Create Success][Order Price][OrderId:9700e6db-da20-40a4-ab2d-c4e1ba37b446 , Price: 0.0]
2026-03-18 11:49:33.455  INFO 1 --- [io-12031-exec-3] order.controller.OrderController         : [createNewOrder][Create Order][from shanghai to taiyuan at 1970-01-02 18:17:36]
2026-03-18 11:49:33.455  INFO 1 --- [io-12031-exec-3] order.service.OrderServiceImpl           : [create][Create Order][Ready to Create Order]
2026-03-18 11:49:33.667  INFO 1 --- [io-12031-exec-3] order.service.OrderServiceImpl           : [create][Order Create Success][Order Price][OrderId:fab6ec59-f383-424f-a2d3-0c1cd8882d02 , Price: 0.0]
2026-03-18 11:49:33.979  INFO 1 --- [io-12031-exec-2] order.controller.OrderController         : [createNewOrder][Create Order][from shanghai to taiyuan at 1970-01-02 18:17:36]
2026-03-18 11:49:33.979  INFO 1 --- [io-12031-exec-2] order.service.OrderServiceImpl           : [create][Create Order][Ready to Create Order]
2026-03-18 11:49:34.073  INFO 1 --- [io-12031-exec-2] order.service.OrderServiceImpl           : [create][Order Create Success][Order Price][OrderId:d4e8128a-da1c-4430-bab8-b157a5b38834 , Price: 0.0]
2026-03-18 11:49:34.366  INFO 1 --- [io-12031-exec-5] order.controller.OrderController         : [createNewOrder][Create Order][from shanghai to taiyuan at 1970-01-02 18:17:36]
2026-03-18 11:49:34.366  INFO 1 --- [io-12031-exec-5] order.service.OrderServiceImpl           : [create][Create Order][Ready to Create Order]
2026-03-18 11:49:34.389  INFO 1 --- [io-12031-exec-5] order.service.OrderServiceImpl           : [create][Order Create Success][Order Price][OrderId:28ea4370-5220-462d-88b8-9c29c7e24216 , Price: 0.0]
2026-03-18 11:49:34.653  INFO 1 --- [io-12031-exec-4] order.controller.OrderController         : [createNewOrder][Create Order][from shanghai to taiyuan at 1970-01-02 18:17:36]
2026-03-18 11:49:34.653  INFO 1 --- [io-12031-exec-4] order.service.OrderServiceImpl           : [create][Create Order][Ready to Create Order]
2026-03-18 11:49:34.675  INFO 1 --- [io-12031-exec-4] order.service.OrderServiceImpl           : [create][Order Create Success][Order Price][OrderId:7c7eb0af-ea52-4004-bca3-13c52b4b700f , Price: 0.0]
2026-03-18 11:49:34.957  INFO 1 --- [io-12031-exec-7] order.controller.OrderController         : [createNewOrder][Create Order][from shanghai to taiyuan at 1970-01-02 18:17:36]
2026-03-18 11:49:34.957  INFO 1 --- [io-12031-exec-7] order.service.OrderServiceImpl           : [create][Create Order][Ready to Create Order]
2026-03-18 11:49:35.083  INFO 1 --- [io-12031-exec-7] order.service.OrderServiceImpl           : [create][Order Create Success][Order Price][OrderId:87c90929-709f-42a2-a5ae-fa1b6cf943c4 , Price: 0.0]
2026-03-18 11:49:35.358  INFO 1 --- [io-12031-exec-6] order.controller.OrderController         : [createNewOrder][Create Order][from shanghai to taiyuan at 1970-01-02 18:17:36]
2026-03-18 11:49:35.358  INFO 1 --- [io-12031-exec-6] order.service.OrderServiceImpl           : [create][Create Order][Ready to Create Order]
2026-03-18 11:49:35.381  INFO 1 --- [io-12031-exec-6] order.service.OrderServiceImpl           : [create][Order Create Success][Order Price][OrderId:1eefacdb-5660-49d1-ab7d-5620649b7903 , Price: 0.0]
2026-03-18 11:49:35.651  INFO 1 --- [io-12031-exec-8] order.controller.OrderController         : [createNewOrder][Create Order][from shanghai to taiyuan at 1970-01-02 18:17:36]
2026-03-18 11:49:35.651  INFO 1 --- [io-12031-exec-8] order.service.OrderServiceImpl           : [create][Create Order][Ready to Create Order]
2026-03-18 11:49:35.672  INFO 1 --- [io-12031-exec-8] order.service.OrderServiceImpl           : [create][Order Create Success][Order Price][OrderId:e175c5fc-d348-4130-b46b-715a0ab0d844 , Price: 0.0]
2026-03-18 11:49:35.943  INFO 1 --- [o-12031-exec-10] order.controller.OrderController         : [createNewOrder][Create Order][from shanghai to taiyuan at 1970-01-02 18:17:36]
2026-03-18 11:49:35.943  INFO 1 --- [o-12031-exec-10] order.service.OrderServiceImpl           : [create][Create Order][Ready to Create Order]
2026-03-18 11:49:35.968  INFO 1 --- [o-12031-exec-10] order.service.OrderServiceImpl           : [create][Order Create Success][Order Price][OrderId:42f7a98a-f83b-4cff-9036-7c54cc773d19 , Price: 0.0]
2026-03-18 11:49:36.352  INFO 1 --- [io-12031-exec-9] order.controller.OrderController         : [createNewOrder][Create Order][from shanghai to taiyuan at 1970-01-02 18:17:36]
2026-03-18 11:49:36.352  INFO 1 --- [io-12031-exec-9] order.service.OrderServiceImpl           : [create][Create Order][Ready to Create Order]
2026-03-18 11:49:36.385  INFO 1 --- [io-12031-exec-9] order.service.OrderServiceImpl           : [create][Order Create Success][Order Price][OrderId:b2d6d49d-52ec-4199-b8c1-d894825ddce9 , Price: 0.0]
2026-03-18 11:49:36.658  INFO 1 --- [io-12031-exec-1] order.controller.OrderController         : [createNewOrder][Create Order][from shanghai to taiyuan at 1970-01-02 18:17:36]
2026-03-18 11:49:36.658  INFO 1 --- [io-12031-exec-1] order.service.OrderServiceImpl           : [create][Create Order][Ready to Create Order]
2026-03-18 11:49:36.679  INFO 1 --- [io-12031-exec-1] order.service.OrderServiceImpl           : [create][Order Create Success][Order Price][OrderId:6e1465f8-6f4b-46d1-a487-bdfe15d53b18 , Price: 0.0]
2026-03-18 11:49:36.944  INFO 1 --- [io-12031-exec-3] order.controller.OrderController         : [createNewOrder][Create Order][from shanghai to taiyuan at 1970-01-02 18:17:36]
2026-03-18 11:49:36.944  INFO 1 --- [io-12031-exec-3] order.service.OrderServiceImpl           : [create][Create Order][Ready to Create Order]
2026-03-18 11:49:36.968  INFO 1 --- [io-12031-exec-3] order.service.OrderServiceImpl           : [create][Order Create Success][Order Price][OrderId:04b240bb-33e3-4162-91fd-22a89d0235ed , Price: 0.0]
2026-03-18 11:49:37.252  INFO 1 --- [io-12031-exec-2] order.controller.OrderController         : [createNewOrder][Create Order][from shanghai to taiyuan at 1970-01-02 18:17:36]
2026-03-18 11:49:37.252  INFO 1 --- [io-12031-exec-2] order.service.OrderServiceImpl           : [create][Create Order][Ready to Create Order]
2026-03-18 11:49:37.275  INFO 1 --- [io-12031-exec-2] order.service.OrderServiceImpl           : [create][Order Create Success][Order Price][OrderId:ba86788c-11ac-46db-869c-f8d3d26885bf , Price: 0.0]
2026-03-18 11:49:37.543  INFO 1 --- [io-12031-exec-5] order.controller.OrderController         : [createNewOrder][Create Order][from shanghai to taiyuan at 1970-01-02 18:17:36]
2026-03-18 11:49:37.543  INFO 1 --- [io-12031-exec-5] order.service.OrderServiceImpl           : [create][Create Order][Ready to Create Order]
2026-03-18 11:49:37.584  INFO 1 --- [io-12031-exec-5] order.service.OrderServiceImpl           : [create][Order Create Success][Order Price][OrderId:f6c175fe-6d32-4de2-bba2-08b0edc57679 , Price: 0.0]
2026-03-18 11:49:37.851  INFO 1 --- [io-12031-exec-4] order.controller.OrderController         : [createNewOrder][Create Order][from shanghai to taiyuan at 1970-01-02 18:17:36]
2026-03-18 11:49:37.851  INFO 1 --- [io-12031-exec-4] order.service.OrderServiceImpl           : [create][Create Order][Ready to Create Order]
2026-03-18 11:49:37.873  INFO 1 --- [io-12031-exec-4] order.service.OrderServiceImpl           : [create][Order Create Success][Order Price][OrderId:687be94a-4dce-47cb-83d6-d08a5ac84b6e , Price: 0.0]
2026-03-18 11:49:38.153  INFO 1 --- [io-12031-exec-7] order.controller.OrderController         : [createNewOrder][Create Order][from shanghai to taiyuan at 1970-01-02 18:17:36]
2026-03-18 11:49:38.153  INFO 1 --- [io-12031-exec-7] order.service.OrderServiceImpl           : [create][Create Order][Ready to Create Order]
2026-03-18 11:49:38.270  INFO 1 --- [io-12031-exec-7] order.service.OrderServiceImpl           : [create][Order Create Success][Order Price][OrderId:c93cb46b-c3bd-4595-8bda-03032b8c50c1 , Price: 0.0]
2026-03-18 11:49:38.578  INFO 1 --- [io-12031-exec-6] order.controller.OrderController         : [createNewOrder][Create Order][from shanghai to taiyuan at 1970-01-02 18:17:36]
2026-03-18 11:49:38.578  INFO 1 --- [io-12031-exec-6] order.service.OrderServiceImpl           : [create][Create Order][Ready to Create Order]
2026-03-18 11:49:38.682  INFO 1 --- [io-12031-exec-6] order.service.OrderServiceImpl           : [create][Order Create Success][Order Price][OrderId:6ce8e791-222a-4cd1-a59a-f5c97aaf1fa1 , Price: 0.0]
2026-03-18 11:49:39.036  INFO 1 --- [io-12031-exec-8] order.controller.OrderController         : [createNewOrder][Create Order][from shanghai to taiyuan at 1970-01-02 18:17:36]
2026-03-18 11:49:39.036  INFO 1 --- [io-12031-exec-8] order.service.OrderServiceImpl           : [create][Create Order][Ready to Create Order]
2026-03-18 11:49:39.059  INFO 1 --- [io-12031-exec-8] order.service.OrderServiceImpl           : [create][Order Create Success][Order Price][OrderId:649ee8a8-e3ed-457d-9691-a819da1ccd87 , Price: 0.0]
2026-03-18 11:49:39.347  INFO 1 --- [o-12031-exec-10] order.controller.OrderController         : [createNewOrder][Create Order][from shanghai to taiyuan at 1970-01-02 18:17:36]
2026-03-18 11:49:39.347  INFO 1 --- [o-12031-exec-10] order.service.OrderServiceImpl           : [create][Create Order][Ready to Create Order]
2026-03-18 11:49:39.368  INFO 1 --- [o-12031-exec-10] order.service.OrderServiceImpl           : [create][Order Create Success][Order Price][OrderId:523a5271-1142-4b77-a21f-537ac8fcb4fb , Price: 0.0]
2026-03-18 11:49:39.654  INFO 1 --- [io-12031-exec-9] order.controller.OrderController         : [createNewOrder][Create Order][from shanghai to taiyuan at 1970-01-02 18:17:36]
2026-03-18 11:49:39.654  INFO 1 --- [io-12031-exec-9] order.service.OrderServiceImpl           : [create][Create Order][Ready to Create Order]
2026-03-18 11:49:39.675  INFO 1 --- [io-12031-exec-9] order.service.OrderServiceImpl           : [create][Order Create Success][Order Price][OrderId:e4252dc5-9c84-4adb-9563-45f47ffce6e8 , Price: 0.0]
2026-03-18 11:49:39.948  INFO 1 --- [io-12031-exec-1] order.controller.OrderController         : [createNewOrder][Create Order][from shanghai to taiyuan at 1970-01-02 18:17:36]
2026-03-18 11:49:39.948  INFO 1 --- [io-12031-exec-1] order.service.OrderServiceImpl           : [create][Create Order][Ready to Create Order]
2026-03-18 11:49:40.083  INFO 1 --- [io-12031-exec-1] order.service.OrderServiceImpl           : [create][Order Create Success][Order Price][OrderId:c748ff61-2aa4-4710-b520-205b43ad884d , Price: 0.0]
2026-03-18 11:49:40.361  INFO 1 --- [io-12031-exec-3] order.controller.OrderController         : [createNewOrder][Create Order][from shanghai to taiyuan at 1970-01-02 18:17:36]
2026-03-18 11:49:40.361  INFO 1 --- [io-12031-exec-3] order.service.OrderServiceImpl           : [create][Create Order][Ready to Create Order]
2026-03-18 11:49:40.385  INFO 1 --- [io-12031-exec-3] order.service.OrderServiceImpl           : [create][Order Create Success][Order Price][OrderId:49c93a47-78a5-4ab7-8017-a4347a4e9e44 , Price: 0.0]
2026-03-18 11:49:40.659  INFO 1 --- [io-12031-exec-2] order.controller.OrderController         : [createNewOrder][Create Order][from shanghai to taiyuan at 1970-01-02 18:17:36]
2026-03-18 11:49:40.659  INFO 1 --- [io-12031-exec-2] order.service.OrderServiceImpl           : [create][Create Order][Ready to Create Order]
2026-03-18 11:49:40.682  INFO 1 --- [io-12031-exec-2] order.service.OrderServiceImpl           : [create][Order Create Success][Order Price][OrderId:dee44046-d770-4ed2-9287-f7bf43789f3a , Price: 0.0]
2026-03-18 11:49:40.959  INFO 1 --- [io-12031-exec-5] order.controller.OrderController         : [createNewOrder][Create Order][from shanghai to taiyuan at 1970-01-02 18:17:36]
2026-03-18 11:49:40.959  INFO 1 --- [io-12031-exec-5] order.service.OrderServiceImpl           : [create][Create Order][Ready to Create Order]
2026-03-18 11:49:40.982  INFO 1 --- [io-12031-exec-5] order.service.OrderServiceImpl           : [create][Order Create Success][Order Price][OrderId:8113702c-622a-4e0a-b689-262a148fb49d , Price: 0.0]
2026-03-18 11:49:41.254  INFO 1 --- [io-12031-exec-7] order.controller.OrderController         : [createNewOrder][Create Order][from shanghai to taiyuan at 1970-01-02 18:17:36]
2026-03-18 11:49:41.254  INFO 1 --- [io-12031-exec-7] order.service.OrderServiceImpl           : [create][Create Order][Ready to Create Order]
2026-03-18 11:49:41.285  INFO 1 --- [io-12031-exec-7] order.service.OrderServiceImpl           : [create][Order Create Success][Order Price][OrderId:20b8468c-af50-45ea-b17a-36ad58a49510 , Price: 0.0]
2026-03-18 11:49:41.556  INFO 1 --- [io-12031-exec-6] order.controller.OrderController         : [createNewOrder][Create Order][from shanghai to taiyuan at 1970-01-02 18:17:36]
2026-03-18 11:49:41.556  INFO 1 --- [io-12031-exec-6] order.service.OrderServiceImpl           : [create][Create Order][Ready to Create Order]
2026-03-18 11:49:41.584  INFO 1 --- [io-12031-exec-6] order.service.OrderServiceImpl           : [create][Order Create Success][Order Price][OrderId:c6418fb1-0629-48d7-8541-c30fb3476bc3 , Price: 0.0]
2026-03-18 11:49:41.855  INFO 1 --- [io-12031-exec-8] order.controller.OrderController         : [createNewOrder][Create Order][from shanghai to taiyuan at 1970-01-02 18:17:36]
2026-03-18 11:49:41.855  INFO 1 --- [io-12031-exec-8] order.service.OrderServiceImpl           : [create][Create Order][Ready to Create Order]
2026-03-18 11:49:41.877  INFO 1 --- [io-12031-exec-8] order.service.OrderServiceImpl           : [create][Order Create Success][Order Price][OrderId:6cca1cb4-955b-42ef-b1dd-4c6fddf45a56 , Price: 0.0]
2026-03-18 11:49:42.146  INFO 1 --- [o-12031-exec-10] order.controller.OrderController         : [createNewOrder][Create Order][from shanghai to taiyuan at 1970-01-02 18:17:36]
2026-03-18 11:49:42.146  INFO 1 --- [o-12031-exec-10] order.service.OrderServiceImpl           : [create][Create Order][Ready to Create Order]
2026-03-18 11:49:42.170  INFO 1 --- [o-12031-exec-10] order.service.OrderServiceImpl           : [create][Order Create Success][Order Price][OrderId:ea4c0c0b-f128-4ec2-9a59-d189ed2528b0 , Price: 0.0]
2026-03-18 11:49:42.442  INFO 1 --- [io-12031-exec-9] order.controller.OrderController         : [createNewOrder][Create Order][from shanghai to taiyuan at 1970-01-02 18:17:36]
2026-03-18 11:49:42.442  INFO 1 --- [io-12031-exec-9] order.service.OrderServiceImpl           : [create][Create Order][Ready to Create Order]
2026-03-18 11:49:42.495  INFO 1 --- [io-12031-exec-9] order.service.OrderServiceImpl           : [create][Order Create Success][Order Price][OrderId:8306b92f-cb39-49f3-ba52-c5f119f1f92d , Price: 0.0]
2026-03-18 11:49:42.755  INFO 1 --- [io-12031-exec-1] order.controller.OrderController         : [createNewOrder][Create Order][from shanghai to taiyuan at 1970-01-02 18:17:36]
2026-03-18 11:49:42.755  INFO 1 --- [io-12031-exec-1] order.service.OrderServiceImpl           : [create][Create Order][Ready to Create Order]
2026-03-18 11:49:42.776  INFO 1 --- [io-12031-exec-1] order.service.OrderServiceImpl           : [create][Order Create Success][Order Price][OrderId:899d2633-25ed-4c1c-8c35-ccc7a1afb9ea , Price: 0.0]
2026-03-18 11:49:43.049  INFO 1 --- [io-12031-exec-3] order.controller.OrderController         : [createNewOrder][Create Order][from shanghai to taiyuan at 1970-01-02 18:17:36]
2026-03-18 11:49:43.049  INFO 1 --- [io-12031-exec-3] order.service.OrderServiceImpl           : [create][Create Order][Ready to Create Order]
2026-03-18 11:49:43.072  INFO 1 --- [io-12031-exec-3] order.service.OrderServiceImpl           : [create][Order Create Success][Order Price][OrderId:d59327dd-cf2d-405c-a36d-28441f0b1657 , Price: 0.0]
2026-03-18 11:49:43.345  INFO 1 --- [io-12031-exec-2] order.controller.OrderController         : [createNewOrder][Create Order][from shanghai to taiyuan at 1970-01-02 18:17:36]
2026-03-18 11:49:43.345  INFO 1 --- [io-12031-exec-2] order.service.OrderServiceImpl           : [create][Create Order][Ready to Create Order]
2026-03-18 11:49:43.368  INFO 1 --- [io-12031-exec-2] order.service.OrderServiceImpl           : [create][Order Create Success][Order Price][OrderId:63830bcb-035f-4711-88af-b34a6c2f9e37 , Price: 0.0]
2026-03-18 11:49:43.642  INFO 1 --- [io-12031-exec-5] order.controller.OrderController         : [createNewOrder][Create Order][from shanghai to taiyuan at 1970-01-02 18:17:36]
2026-03-18 11:49:43.642  INFO 1 --- [io-12031-exec-5] order.service.OrderServiceImpl           : [create][Create Order][Ready to Create Order]
2026-03-18 11:49:43.695  INFO 1 --- [io-12031-exec-5] order.service.OrderServiceImpl           : [create][Order Create Success][Order Price][OrderId:5e979c4d-c16c-4799-9910-bba8330153e1 , Price: 0.0]
2026-03-18 11:49:43.955  INFO 1 --- [io-12031-exec-4] order.controller.OrderController         : [createNewOrder][Create Order][from shanghai to taiyuan at 1970-01-02 18:17:36]
2026-03-18 11:49:43.955  INFO 1 --- [io-12031-exec-4] order.service.OrderServiceImpl           : [create][Create Order][Ready to Create Order]
2026-03-18 11:49:43.977  INFO 1 --- [io-12031-exec-4] order.service.OrderServiceImpl           : [create][Order Create Success][Order Price][OrderId:73daf3eb-d19a-4553-8e97-6b8b6365b185 , Price: 0.0]
2026-03-18 11:49:44.247  INFO 1 --- [io-12031-exec-7] order.controller.OrderController         : [createNewOrder][Create Order][from shanghai to taiyuan at 1970-01-02 18:17:36]
2026-03-18 11:49:44.247  INFO 1 --- [io-12031-exec-7] order.service.OrderServiceImpl           : [create][Create Order][Ready to Create Order]
2026-03-18 11:49:44.269  INFO 1 --- [io-12031-exec-7] order.service.OrderServiceImpl           : [create][Order Create Success][Order Price][OrderId:fa900765-c9ff-43c4-a995-c6ee5703159c , Price: 0.0]
2026-03-18 11:49:44.548  INFO 1 --- [io-12031-exec-6] order.controller.OrderController         : [createNewOrder][Create Order][from shanghai to taiyuan at 1970-01-02 18:17:36]
2026-03-18 11:49:44.548  INFO 1 --- [io-12031-exec-6] order.service.OrderServiceImpl           : [create][Create Order][Ready to Create Order]
2026-03-18 11:49:44.580  INFO 1 --- [io-12031-exec-6] order.service.OrderServiceImpl           : [create][Order Create Success][Order Price][OrderId:3d7a7f66-cc66-40d5-93ae-25a1b59cff6d , Price: 0.0]
2026-03-18 11:49:44.857  INFO 1 --- [io-12031-exec-8] order.controller.OrderController         : [createNewOrder][Create Order][from shanghai to taiyuan at 1970-01-02 18:17:36]
2026-03-18 11:49:44.857  INFO 1 --- [io-12031-exec-8] order.service.OrderServiceImpl           : [create][Create Order][Ready to Create Order]
2026-03-18 11:49:44.879  INFO 1 --- [io-12031-exec-8] order.service.OrderServiceImpl           : [create][Order Create Success][Order Price][OrderId:2bf90f7c-4869-4b55-afc6-335c860e9dc0 , Price: 0.0]
2026-03-18 11:49:45.158  INFO 1 --- [o-12031-exec-10] order.controller.OrderController         : [createNewOrder][Create Order][from shanghai to taiyuan at 1970-01-02 18:17:36]
2026-03-18 11:49:45.158  INFO 1 --- [o-12031-exec-10] order.service.OrderServiceImpl           : [create][Create Order][Ready to Create Order]
2026-03-18 11:49:45.184  INFO 1 --- [o-12031-exec-10] order.service.OrderServiceImpl           : [create][Order Create Success][Order Price][OrderId:cc11b129-e263-4559-b999-ad62a506edf7 , Price: 0.0]
2026-03-18 11:49:45.458  INFO 1 --- [io-12031-exec-9] order.controller.OrderController         : [createNewOrder][Create Order][from shanghai to taiyuan at 1970-01-02 18:17:36]
2026-03-18 11:49:45.458  INFO 1 --- [io-12031-exec-9] order.service.OrderServiceImpl           : [create][Create Order][Ready to Create Order]
2026-03-18 11:49:45.481  INFO 1 --- [io-12031-exec-9] order.service.OrderServiceImpl           : [create][Order Create Success][Order Price][OrderId:d971105e-bd02-479d-a756-f7e80bea1ac1 , Price: 0.0]
2026-03-18 11:49:45.753  INFO 1 --- [io-12031-exec-1] order.controller.OrderController         : [createNewOrder][Create Order][from shanghai to taiyuan at 1970-01-02 18:17:36]
2026-03-18 11:49:45.753  INFO 1 --- [io-12031-exec-1] order.service.OrderServiceImpl           : [create][Create Order][Ready to Create Order]
2026-03-18 11:49:45.977  INFO 1 --- [io-12031-exec-1] order.service.OrderServiceImpl           : [create][Order Create Success][Order Price][OrderId:ec03e6f6-0bbc-467d-ab71-2e5e558cab10 , Price: 0.0]
2026-03-18 11:49:46.260  INFO 1 --- [io-12031-exec-3] order.controller.OrderController         : [createNewOrder][Create Order][from shanghai to taiyuan at 1970-01-02 18:17:36]
2026-03-18 11:49:46.260  INFO 1 --- [io-12031-exec-3] order.service.OrderServiceImpl           : [create][Create Order][Ready to Create Order]
2026-03-18 11:49:46.286  INFO 1 --- [io-12031-exec-3] order.service.OrderServiceImpl           : [create][Order Create Success][Order Price][OrderId:6108c2e1-344f-4b4a-bc70-1a25d70efd7a , Price: 0.0]
2026-03-18 11:49:47.037  INFO 1 --- [io-12031-exec-2] order.controller.OrderController         : [createNewOrder][Create Order][from shanghai to taiyuan at 1970-01-02 18:17:36]
2026-03-18 11:49:47.037  INFO 1 --- [io-12031-exec-2] order.service.OrderServiceImpl           : [create][Create Order][Ready to Create Order]
2026-03-18 11:49:47.060  INFO 1 --- [io-12031-exec-2] order.service.OrderServiceImpl           : [create][Order Create Success][Order Price][OrderId:c1675ba1-aa6d-4a0d-aced-5f5ca3523b16 , Price: 0.0]
2026-03-18 11:49:47.336  INFO 1 --- [io-12031-exec-5] order.controller.OrderController         : [createNewOrder][Create Order][from shanghai to taiyuan at 1970-01-02 18:17:36]
2026-03-18 11:49:47.336  INFO 1 --- [io-12031-exec-5] order.service.OrderServiceImpl           : [create][Create Order][Ready to Create Order]
2026-03-18 11:49:47.362  INFO 1 --- [io-12031-exec-5] order.service.OrderServiceImpl           : [create][Order Create Success][Order Price][OrderId:b783aa5b-bec0-492f-8f26-5be3e322a6aa , Price: 0.0]
2026-03-18 11:49:47.672  INFO 1 --- [io-12031-exec-4] order.controller.OrderController         : [createNewOrder][Create Order][from shanghai to taiyuan at 1970-01-02 18:17:36]
2026-03-18 11:49:47.672  INFO 1 --- [io-12031-exec-4] order.service.OrderServiceImpl           : [create][Create Order][Ready to Create Order]
2026-03-18 11:49:47.884  INFO 1 --- [io-12031-exec-4] order.service.OrderServiceImpl           : [create][Order Create Success][Order Price][OrderId:8a8de403-2e9d-4818-a50f-4a0b8f1fc76d , Price: 0.0]
2026-03-18 11:49:48.156  INFO 1 --- [io-12031-exec-7] order.controller.OrderController         : [createNewOrder][Create Order][from shanghai to taiyuan at 1970-01-02 18:17:36]
2026-03-18 11:49:48.156  INFO 1 --- [io-12031-exec-7] order.service.OrderServiceImpl           : [create][Create Order][Ready to Create Order]
2026-03-18 11:49:48.178  INFO 1 --- [io-12031-exec-7] order.service.OrderServiceImpl           : [create][Order Create Success][Order Price][OrderId:2fa2b62b-bfd4-4ed2-85ae-bf07d0695ef0 , Price: 0.0]
2026-03-18 11:49:48.460  INFO 1 --- [io-12031-exec-6] order.controller.OrderController         : [createNewOrder][Create Order][from shanghai to taiyuan at 1970-01-02 18:17:36]
2026-03-18 11:49:48.460  INFO 1 --- [io-12031-exec-6] order.service.OrderServiceImpl           : [create][Create Order][Ready to Create Order]
2026-03-18 11:49:48.484  INFO 1 --- [io-12031-exec-6] order.service.OrderServiceImpl           : [create][Order Create Success][Order Price][OrderId:71adbb58-b02e-4f9a-adee-4b9fb0ef6046 , Price: 0.0]
2026-03-18 11:49:48.762  INFO 1 --- [io-12031-exec-8] order.controller.OrderController         : [createNewOrder][Create Order][from shanghai to taiyuan at 1970-01-02 18:17:36]
2026-03-18 11:49:48.762  INFO 1 --- [io-12031-exec-8] order.service.OrderServiceImpl           : [create][Create Order][Ready to Create Order]
2026-03-18 11:49:48.785  INFO 1 --- [io-12031-exec-8] order.service.OrderServiceImpl           : [create][Order Create Success][Order Price][OrderId:7dcaedd5-9811-4d8a-8b96-962b4014a063 , Price: 0.0]
2026-03-18 11:49:49.069  INFO 1 --- [o-12031-exec-10] order.controller.OrderController         : [createNewOrder][Create Order][from shanghai to taiyuan at 1970-01-02 18:17:36]
2026-03-18 11:49:49.069  INFO 1 --- [o-12031-exec-10] order.service.OrderServiceImpl           : [create][Create Order][Ready to Create Order]
2026-03-18 11:49:49.277  INFO 1 --- [o-12031-exec-10] order.service.OrderServiceImpl           : [create][Order Create Success][Order Price][OrderId:6c23191b-04ee-485e-84c3-08bde02c0deb , Price: 0.0]
2026-03-18 11:49:49.556  INFO 1 --- [io-12031-exec-9] order.controller.OrderController         : [createNewOrder][Create Order][from shanghai to taiyuan at 1970-01-02 18:17:36]
2026-03-18 11:49:49.556  INFO 1 --- [io-12031-exec-9] order.service.OrderServiceImpl           : [create][Create Order][Ready to Create Order]
2026-03-18 11:49:49.580  INFO 1 --- [io-12031-exec-9] order.service.OrderServiceImpl           : [create][Order Create Success][Order Price][OrderId:a9d6ef59-4134-41b0-99f4-fa9b5a07331f , Price: 0.0]
2026-03-18 11:49:49.852  INFO 1 --- [io-12031-exec-1] order.controller.OrderController         : [createNewOrder][Create Order][from shanghai to taiyuan at 1970-01-02 18:17:36]
2026-03-18 11:49:49.852  INFO 1 --- [io-12031-exec-1] order.service.OrderServiceImpl           : [create][Create Order][Ready to Create Order]
2026-03-18 11:49:49.876  INFO 1 --- [io-12031-exec-1] order.service.OrderServiceImpl           : [create][Order Create Success][Order Price][OrderId:4822b037-9426-42b9-bffa-9b82d901849b , Price: 0.0]
2026-03-18 11:49:50.159  INFO 1 --- [io-12031-exec-3] order.controller.OrderController         : [createNewOrder][Create Order][from shanghai to taiyuan at 1970-01-02 18:17:36]
2026-03-18 11:49:50.159  INFO 1 --- [io-12031-exec-3] order.service.OrderServiceImpl           : [create][Create Order][Ready to Create Order]
2026-03-18 11:49:50.183  INFO 1 --- [io-12031-exec-3] order.service.OrderServiceImpl           : [create][Order Create Success][Order Price][OrderId:3078005b-5fb1-4aea-8630-454ff3acadc1 , Price: 0.0]
2026-03-18 11:49:50.455  INFO 1 --- [io-12031-exec-2] order.controller.OrderController         : [createNewOrder][Create Order][from shanghai to taiyuan at 1970-01-02 18:17:36]
2026-03-18 11:49:50.455  INFO 1 --- [io-12031-exec-2] order.service.OrderServiceImpl           : [create][Create Order][Ready to Create Order]
2026-03-18 11:49:50.496  INFO 1 --- [io-12031-exec-2] order.service.OrderServiceImpl           : [create][Order Create Success][Order Price][OrderId:2617b92c-667b-46d1-9e01-460673d33b4c , Price: 0.0]
2026-03-18 11:49:50.758  INFO 1 --- [io-12031-exec-5] order.controller.OrderController         : [createNewOrder][Create Order][from shanghai to taiyuan at 1970-01-02 18:17:36]
2026-03-18 11:49:50.758  INFO 1 --- [io-12031-exec-5] order.service.OrderServiceImpl           : [create][Create Order][Ready to Create Order]
2026-03-18 11:49:50.782  INFO 1 --- [io-12031-exec-5] order.service.OrderServiceImpl           : [create][Order Create Success][Order Price][OrderId:5ddd97b9-4dcf-4e5c-b4ec-47fadb1e2f91 , Price: 0.0]
2026-03-18 11:49:51.063  INFO 1 --- [io-12031-exec-4] order.controller.OrderController         : [createNewOrder][Create Order][from shanghai to taiyuan at 1970-01-02 18:17:36]
2026-03-18 11:49:51.063  INFO 1 --- [io-12031-exec-4] order.service.OrderServiceImpl           : [create][Create Order][Ready to Create Order]
2026-03-18 11:49:51.090  INFO 1 --- [io-12031-exec-4] order.service.OrderServiceImpl           : [create][Order Create Success][Order Price][OrderId:756768cc-b654-4ae5-90a8-b84fd4ca424d , Price: 0.0]
2026-03-18 11:49:51.358  INFO 1 --- [io-12031-exec-6] order.controller.OrderController         : [createNewOrder][Create Order][from shanghai to taiyuan at 1970-01-02 18:17:36]
2026-03-18 11:49:51.358  INFO 1 --- [io-12031-exec-6] order.service.OrderServiceImpl           : [create][Create Order][Ready to Create Order]
2026-03-18 11:49:51.482  INFO 1 --- [io-12031-exec-6] order.service.OrderServiceImpl           : [create][Order Create Success][Order Price][OrderId:57aa5a9d-7c23-44d5-a695-85a9b388f37e , Price: 0.0]
2026-03-18 11:49:51.758  INFO 1 --- [io-12031-exec-8] order.controller.OrderController         : [createNewOrder][Create Order][from shanghai to taiyuan at 1970-01-02 18:17:36]
2026-03-18 11:49:51.758  INFO 1 --- [io-12031-exec-8] order.service.OrderServiceImpl           : [create][Create Order][Ready to Create Order]
2026-03-18 11:49:51.780  INFO 1 --- [io-12031-exec-8] order.service.OrderServiceImpl           : [create][Order Create Success][Order Price][OrderId:508d3ddc-6560-419c-8080-7ccd5310332c , Price: 0.0]
2026-03-18 11:49:52.057  INFO 1 --- [o-12031-exec-10] order.controller.OrderController         : [createNewOrder][Create Order][from shanghai to taiyuan at 1970-01-02 18:17:36]
2026-03-18 11:49:52.057  INFO 1 --- [o-12031-exec-10] order.service.OrderServiceImpl           : [create][Create Order][Ready to Create Order]
2026-03-18 11:49:52.080  INFO 1 --- [o-12031-exec-10] order.service.OrderServiceImpl           : [create][Order Create Success][Order Price][OrderId:405a5208-6cc2-4c9a-83ab-c8b41dcbb80d , Price: 0.0]
2026-03-18 11:49:52.357  INFO 1 --- [io-12031-exec-9] order.controller.OrderController         : [createNewOrder][Create Order][from shanghai to taiyuan at 1970-01-02 18:17:36]
2026-03-18 11:49:52.357  INFO 1 --- [io-12031-exec-9] order.service.OrderServiceImpl           : [create][Create Order][Ready to Create Order]
2026-03-18 11:49:52.381  INFO 1 --- [io-12031-exec-9] order.service.OrderServiceImpl           : [create][Order Create Success][Order Price][OrderId:96556f20-63b5-40f4-ac5b-d4b31f73eb4a , Price: 0.0]
2026-03-18 11:49:52.646  INFO 1 --- [io-12031-exec-1] order.controller.OrderController         : [createNewOrder][Create Order][from shanghai to taiyuan at 1970-01-02 18:17:36]
2026-03-18 11:49:52.646  INFO 1 --- [io-12031-exec-1] order.service.OrderServiceImpl           : [create][Create Order][Ready to Create Order]
2026-03-18 11:49:52.689  INFO 1 --- [io-12031-exec-1] order.service.OrderServiceImpl           : [create][Order Create Success][Order Price][OrderId:4177e42f-d0f6-4aa0-b35f-ce1ec6ad12c9 , Price: 0.0]
2026-03-18 11:49:52.957  INFO 1 --- [io-12031-exec-3] order.controller.OrderController         : [createNewOrder][Create Order][from shanghai to taiyuan at 1970-01-02 18:17:36]
2026-03-18 11:49:52.957  INFO 1 --- [io-12031-exec-3] order.service.OrderServiceImpl           : [create][Create Order][Ready to Create Order]
2026-03-18 11:49:52.980  INFO 1 --- [io-12031-exec-3] order.service.OrderServiceImpl           : [create][Order Create Success][Order Price][OrderId:50426a1f-86f7-45ab-a9d5-988313bf2d83 , Price: 0.0]
2026-03-18 11:49:53.259  INFO 1 --- [io-12031-exec-2] order.controller.OrderController         : [createNewOrder][Create Order][from shanghai to taiyuan at 1970-01-02 18:17:36]
2026-03-18 11:49:53.259  INFO 1 --- [io-12031-exec-2] order.service.OrderServiceImpl           : [create][Create Order][Ready to Create Order]
2026-03-18 11:49:53.282  INFO 1 --- [io-12031-exec-2] order.service.OrderServiceImpl           : [create][Order Create Success][Order Price][OrderId:0219be39-7cf0-4d76-9997-228c0b0044cc , Price: 0.0]
2026-03-18 11:49:53.557  INFO 1 --- [io-12031-exec-5] order.controller.OrderController         : [createNewOrder][Create Order][from shanghai to taiyuan at 1970-01-02 18:17:36]
2026-03-18 11:49:53.557  INFO 1 --- [io-12031-exec-5] order.service.OrderServiceImpl           : [create][Create Order][Ready to Create Order]
2026-03-18 11:49:53.581  INFO 1 --- [io-12031-exec-5] order.service.OrderServiceImpl           : [create][Order Create Success][Order Price][OrderId:cd06bae4-6310-4971-9e3f-94600ab9bcc6 , Price: 0.0]
2026-03-18 11:49:53.847  INFO 1 --- [io-12031-exec-4] order.controller.OrderController         : [createNewOrder][Create Order][from shanghai to taiyuan at 1970-01-02 18:17:36]
2026-03-18 11:49:53.847  INFO 1 --- [io-12031-exec-4] order.service.OrderServiceImpl           : [create][Create Order][Ready to Create Order]
2026-03-18 11:49:53.882  INFO 1 --- [io-12031-exec-4] order.service.OrderServiceImpl           : [create][Order Create Success][Order Price][OrderId:f8bc3a22-90d3-4b68-9fde-5d0941a18bc2 , Price: 0.0]
2026-03-18 11:49:54.148  INFO 1 --- [io-12031-exec-7] order.controller.OrderController         : [createNewOrder][Create Order][from shanghai to taiyuan at 1970-01-02 18:17:36]
2026-03-18 11:49:54.148  INFO 1 --- [io-12031-exec-7] order.service.OrderServiceImpl           : [create][Create Order][Ready to Create Order]
2026-03-18 11:49:54.171  INFO 1 --- [io-12031-exec-7] order.service.OrderServiceImpl           : [create][Order Create Success][Order Price][OrderId:1c057a6c-454c-48f8-9115-3e899e6d43d0 , Price: 0.0]
2026-03-18 11:49:54.438  INFO 1 --- [io-12031-exec-6] order.controller.OrderController         : [createNewOrder][Create Order][from shanghai to taiyuan at 1970-01-02 18:17:36]
2026-03-18 11:49:54.439  INFO 1 --- [io-12031-exec-6] order.service.OrderServiceImpl           : [create][Create Order][Ready to Create Order]
2026-03-18 11:49:54.462  INFO 1 --- [io-12031-exec-6] order.service.OrderServiceImpl           : [create][Order Create Success][Order Price][OrderId:6777c153-dc76-4ec3-8a6c-ff45d94c6080 , Price: 0.0]
2026-03-18 11:49:54.741  INFO 1 --- [io-12031-exec-8] order.controller.OrderController         : [createNewOrder][Create Order][from shanghai to taiyuan at 1970-01-02 18:17:36]
2026-03-18 11:49:54.741  INFO 1 --- [io-12031-exec-8] order.service.OrderServiceImpl           : [create][Create Order][Ready to Create Order]
2026-03-18 11:49:54.765  INFO 1 --- [io-12031-exec-8] order.service.OrderServiceImpl           : [create][Order Create Success][Order Price][OrderId:fb8f0eef-26a7-4d36-bcf1-47624e6e7cba , Price: 0.0]
2026-03-18 11:49:55.043  INFO 1 --- [o-12031-exec-10] order.controller.OrderController         : [createNewOrder][Create Order][from shanghai to taiyuan at 1970-01-02 18:17:36]
2026-03-18 11:49:55.043  INFO 1 --- [o-12031-exec-10] order.service.OrderServiceImpl           : [create][Create Order][Ready to Create Order]
2026-03-18 11:49:55.091  INFO 1 --- [o-12031-exec-10] order.service.OrderServiceImpl           : [create][Order Create Success][Order Price][OrderId:0f83a274-f230-4d4d-abca-5e96c2ade685 , Price: 0.0]
2026-03-18 11:49:55.354  INFO 1 --- [io-12031-exec-9] order.controller.OrderController         : [createNewOrder][Create Order][from shanghai to taiyuan at 1970-01-02 18:17:36]
2026-03-18 11:49:55.354  INFO 1 --- [io-12031-exec-9] order.service.OrderServiceImpl           : [create][Create Order][Ready to Create Order]
2026-03-18 11:49:55.380  INFO 1 --- [io-12031-exec-9] order.service.OrderServiceImpl           : [create][Order Create Success][Order Price][OrderId:a528af45-0239-4945-bc3f-22cede45d4c5 , Price: 0.0]
2026-03-18 11:49:55.666  INFO 1 --- [io-12031-exec-1] order.controller.OrderController         : [createNewOrder][Create Order][from shanghai to taiyuan at 1970-01-02 18:17:36]
2026-03-18 11:49:55.666  INFO 1 --- [io-12031-exec-1] order.service.OrderServiceImpl           : [create][Create Order][Ready to Create Order]
2026-03-18 11:49:55.689  INFO 1 --- [io-12031-exec-1] order.service.OrderServiceImpl           : [create][Order Create Success][Order Price][OrderId:f7a7f508-f3a0-4bef-bd0b-38d88ea89231 , Price: 0.0]
2026-03-18 11:49:55.962  INFO 1 --- [io-12031-exec-3] order.controller.OrderController         : [createNewOrder][Create Order][from shanghai to taiyuan at 1970-01-02 18:17:36]
2026-03-18 11:49:55.962  INFO 1 --- [io-12031-exec-3] order.service.OrderServiceImpl           : [create][Create Order][Ready to Create Order]
2026-03-18 11:49:56.082  INFO 1 --- [io-12031-exec-3] order.service.OrderServiceImpl           : [create][Order Create Success][Order Price][OrderId:05efd2c8-3d10-4735-8974-5f144bff0839 , Price: 0.0]
2026-03-18 11:49:56.358  INFO 1 --- [io-12031-exec-2] order.controller.OrderController         : [createNewOrder][Create Order][from shanghai to taiyuan at 1970-01-02 18:17:36]
2026-03-18 11:49:56.358  INFO 1 --- [io-12031-exec-2] order.service.OrderServiceImpl           : [create][Create Order][Ready to Create Order]
2026-03-18 11:49:56.381  INFO 1 --- [io-12031-exec-2] order.service.OrderServiceImpl           : [create][Order Create Success][Order Price][OrderId:f10044e3-ac56-4c0a-b258-aeee60ea6eee , Price: 0.0]
2026-03-18 11:49:56.654  INFO 1 --- [io-12031-exec-5] order.controller.OrderController         : [createNewOrder][Create Order][from shanghai to taiyuan at 1970-01-02 18:17:36]
2026-03-18 11:49:56.655  INFO 1 --- [io-12031-exec-5] order.service.OrderServiceImpl           : [create][Create Order][Ready to Create Order]
2026-03-18 11:49:56.679  INFO 1 --- [io-12031-exec-5] order.service.OrderServiceImpl           : [create][Order Create Success][Order Price][OrderId:3789ead3-c749-48f4-9089-9f4c77a0cb3d , Price: 0.0]
2026-03-18 11:49:56.952  INFO 1 --- [io-12031-exec-4] order.controller.OrderController         : [createNewOrder][Create Order][from shanghai to taiyuan at 1970-01-02 18:17:36]
2026-03-18 11:49:56.952  INFO 1 --- [io-12031-exec-4] order.service.OrderServiceImpl           : [create][Create Order][Ready to Create Order]
2026-03-18 11:49:56.976  INFO 1 --- [io-12031-exec-4] order.service.OrderServiceImpl           : [create][Order Create Success][Order Price][OrderId:a4c2f546-d1e4-4076-8f56-207294bc1f9e , Price: 0.0]
2026-03-18 11:49:57.253  INFO 1 --- [io-12031-exec-7] order.controller.OrderController         : [createNewOrder][Create Order][from shanghai to taiyuan at 1970-01-02 18:17:36]
2026-03-18 11:49:57.253  INFO 1 --- [io-12031-exec-7] order.service.OrderServiceImpl           : [create][Create Order][Ready to Create Order]
2026-03-18 11:49:57.285  INFO 1 --- [io-12031-exec-7] order.service.OrderServiceImpl           : [create][Order Create Success][Order Price][OrderId:72e9856e-f1ac-4a19-9ba9-e1b6c98fba53 , Price: 0.0]
2026-03-18 11:49:57.558  INFO 1 --- [io-12031-exec-6] order.controller.OrderController         : [createNewOrder][Create Order][from shanghai to taiyuan at 1970-01-02 18:17:36]
2026-03-18 11:49:57.558  INFO 1 --- [io-12031-exec-6] order.service.OrderServiceImpl           : [create][Create Order][Ready to Create Order]
2026-03-18 11:49:57.582  INFO 1 --- [io-12031-exec-6] order.service.OrderServiceImpl           : [create][Order Create Success][Order Price][OrderId:c2252277-2bf7-4384-829c-96121bbb3027 , Price: 0.0]
2026-03-18 11:49:57.869  INFO 1 --- [io-12031-exec-8] order.controller.OrderController         : [createNewOrder][Create Order][from shanghai to taiyuan at 1970-01-02 18:17:36]
2026-03-18 11:49:57.869  INFO 1 --- [io-12031-exec-8] order.service.OrderServiceImpl           : [create][Create Order][Ready to Create Order]
2026-03-18 11:49:57.892  INFO 1 --- [io-12031-exec-8] order.service.OrderServiceImpl           : [create][Order Create Success][Order Price][OrderId:80daa213-9b38-47c5-af73-68ee802fe6b8 , Price: 0.0]
2026-03-18 11:49:58.155  INFO 1 --- [o-12031-exec-10] order.controller.OrderController         : [createNewOrder][Create Order][from shanghai to taiyuan at 1970-01-02 18:17:36]
2026-03-18 11:49:58.155  INFO 1 --- [o-12031-exec-10] order.service.OrderServiceImpl           : [create][Create Order][Ready to Create Order]
2026-03-18 11:49:58.178  INFO 1 --- [o-12031-exec-10] order.service.OrderServiceImpl           : [create][Order Create Success][Order Price][OrderId:647f395f-fb98-440d-94b8-fcb104682a12 , Price: 0.0]
2026-03-18 11:49:58.459  INFO 1 --- [io-12031-exec-9] order.controller.OrderController         : [createNewOrder][Create Order][from shanghai to taiyuan at 1970-01-02 18:17:36]
2026-03-18 11:49:58.459  INFO 1 --- [io-12031-exec-9] order.service.OrderServiceImpl           : [create][Create Order][Ready to Create Order]
2026-03-18 11:49:58.595  INFO 1 --- [io-12031-exec-9] order.service.OrderServiceImpl           : [create][Order Create Success][Order Price][OrderId:36b7e1ba-c520-4e3f-9b40-7858a6fb0a82 , Price: 0.0]
2026-03-18 11:49:58.857  INFO 1 --- [io-12031-exec-1] order.controller.OrderController         : [createNewOrder][Create Order][from shanghai to taiyuan at 1970-01-02 18:17:36]
2026-03-18 11:49:58.857  INFO 1 --- [io-12031-exec-1] order.service.OrderServiceImpl           : [create][Create Order][Ready to Create Order]
2026-03-18 11:49:58.880  INFO 1 --- [io-12031-exec-1] order.service.OrderServiceImpl           : [create][Order Create Success][Order Price][OrderId:04f07326-6f97-4e35-97d1-65664405239b , Price: 0.0]
2026-03-18 11:49:59.143  INFO 1 --- [io-12031-exec-3] order.controller.OrderController         : [createNewOrder][Create Order][from shanghai to taiyuan at 1970-01-02 18:17:36]
2026-03-18 11:49:59.143  INFO 1 --- [io-12031-exec-3] order.service.OrderServiceImpl           : [create][Create Order][Ready to Create Order]
2026-03-18 11:49:59.165  INFO 1 --- [io-12031-exec-3] order.service.OrderServiceImpl           : [create][Order Create Success][Order Price][OrderId:b860b3d3-095f-48bb-97bf-d8bd92aeb5a1 , Price: 0.0]
2026-03-18 11:49:59.440  INFO 1 --- [io-12031-exec-2] order.controller.OrderController         : [createNewOrder][Create Order][from shanghai to taiyuan at 1970-01-02 18:17:36]
2026-03-18 11:49:59.440  INFO 1 --- [io-12031-exec-2] order.service.OrderServiceImpl           : [create][Create Order][Ready to Create Order]
2026-03-18 11:49:59.463  INFO 1 --- [io-12031-exec-2] order.service.OrderServiceImpl           : [create][Order Create Success][Order Price][OrderId:ec5a4827-d059-4bae-9608-b4907ee98361 , Price: 0.0]
2026-03-18 11:49:59.777  INFO 1 --- [io-12031-exec-5] order.controller.OrderController         : [createNewOrder][Create Order][from shanghai to taiyuan at 1970-01-02 18:17:36]
2026-03-18 11:49:59.777  INFO 1 --- [io-12031-exec-5] order.service.OrderServiceImpl           : [create][Create Order][Ready to Create Order]
2026-03-18 11:49:59.877  INFO 1 --- [io-12031-exec-5] order.service.OrderServiceImpl           : [create][Order Create Success][Order Price][OrderId:eefbac6d-46ed-4a7f-94d0-3bbc88b07bbe , Price: 0.0]
2026-03-18 11:50:00.156  INFO 1 --- [io-12031-exec-4] order.controller.OrderController         : [createNewOrder][Create Order][from shanghai to taiyuan at 1970-01-02 18:17:36]
2026-03-18 11:50:00.156  INFO 1 --- [io-12031-exec-4] order.service.OrderServiceImpl           : [create][Create Order][Ready to Create Order]
2026-03-18 11:50:00.179  INFO 1 --- [io-12031-exec-4] order.service.OrderServiceImpl           : [create][Order Create Success][Order Price][OrderId:11cf5e33-536d-4a0c-84a3-730147fc4fc0 , Price: 0.0]
2026-03-18 11:50:00.454  INFO 1 --- [io-12031-exec-7] order.controller.OrderController         : [createNewOrder][Create Order][from shanghai to taiyuan at 1970-01-02 18:17:36]
2026-03-18 11:50:00.454  INFO 1 --- [io-12031-exec-7] order.service.OrderServiceImpl           : [create][Create Order][Ready to Create Order]
2026-03-18 11:50:00.566  INFO 1 --- [io-12031-exec-7] order.service.OrderServiceImpl           : [create][Order Create Success][Order Price][OrderId:2378875c-2b92-4198-be4c-cc7d8a386a48 , Price: 0.0]
2026-03-18 11:50:00.843  INFO 1 --- [io-12031-exec-6] order.controller.OrderController         : [createNewOrder][Create Order][from shanghai to taiyuan at 1970-01-02 18:17:36]
2026-03-18 11:50:00.843  INFO 1 --- [io-12031-exec-6] order.service.OrderServiceImpl           : [create][Create Order][Ready to Create Order]
2026-03-18 11:50:01.166  INFO 1 --- [io-12031-exec-6] order.service.OrderServiceImpl           : [create][Order Create Success][Order Price][OrderId:7d6fdab8-843a-4584-b481-9f3c7c01411f , Price: 0.0]
2026-03-18 11:50:01.440  INFO 1 --- [o-12031-exec-10] order.controller.OrderController         : [createNewOrder][Create Order][from shanghai to taiyuan at 1970-01-02 18:17:36]
2026-03-18 11:50:01.440  INFO 1 --- [o-12031-exec-10] order.service.OrderServiceImpl           : [create][Create Order][Ready to Create Order]
2026-03-18 11:50:01.486  INFO 1 --- [o-12031-exec-10] order.service.OrderServiceImpl           : [create][Order Create Success][Order Price][OrderId:b1209d38-796d-485e-9052-b3b3242391dc , Price: 0.0]
2026-03-18 11:50:01.760  INFO 1 --- [io-12031-exec-9] order.controller.OrderController         : [createNewOrder][Create Order][from shanghai to taiyuan at 1970-01-02 18:17:36]
2026-03-18 11:50:01.760  INFO 1 --- [io-12031-exec-9] order.service.OrderServiceImpl           : [create][Create Order][Ready to Create Order]
2026-03-18 11:50:01.785  INFO 1 --- [io-12031-exec-9] order.service.OrderServiceImpl           : [create][Order Create Success][Order Price][OrderId:4c02c5ca-45b3-4f87-b84a-88ac77587a85 , Price: 0.0]
2026-03-18 11:50:02.058  INFO 1 --- [io-12031-exec-1] order.controller.OrderController         : [createNewOrder][Create Order][from shanghai to taiyuan at 1970-01-02 18:17:36]
2026-03-18 11:50:02.058  INFO 1 --- [io-12031-exec-1] order.service.OrderServiceImpl           : [create][Create Order][Ready to Create Order]
2026-03-18 11:50:02.082  INFO 1 --- [io-12031-exec-1] order.service.OrderServiceImpl           : [create][Order Create Success][Order Price][OrderId:cb5057ae-b3b4-4ebc-9a71-7c1dffda2254 , Price: 0.0]
2026-03-18 11:50:02.366  INFO 1 --- [io-12031-exec-3] order.controller.OrderController         : [createNewOrder][Create Order][from shanghai to taiyuan at 1970-01-02 18:17:36]
2026-03-18 11:50:02.366  INFO 1 --- [io-12031-exec-3] order.service.OrderServiceImpl           : [create][Create Order][Ready to Create Order]
2026-03-18 11:50:02.493  INFO 1 --- [io-12031-exec-3] order.service.OrderServiceImpl           : [create][Order Create Success][Order Price][OrderId:0ac9e0f2-d06e-4daf-9681-5c95bcece67b , Price: 0.0]
2026-03-18 11:50:02.758  INFO 1 --- [io-12031-exec-2] order.controller.OrderController         : [createNewOrder][Create Order][from shanghai to taiyuan at 1970-01-02 18:17:36]
2026-03-18 11:50:02.758  INFO 1 --- [io-12031-exec-2] order.service.OrderServiceImpl           : [create][Create Order][Ready to Create Order]
2026-03-18 11:50:02.779  INFO 1 --- [io-12031-exec-2] order.service.OrderServiceImpl           : [create][Order Create Success][Order Price][OrderId:29740d58-cabb-402f-a293-c6ed0f1d0399 , Price: 0.0]
2026-03-18 11:50:03.052  INFO 1 --- [io-12031-exec-5] order.controller.OrderController         : [createNewOrder][Create Order][from shanghai to taiyuan at 1970-01-02 18:17:36]
2026-03-18 11:50:03.052  INFO 1 --- [io-12031-exec-5] order.service.OrderServiceImpl           : [create][Create Order][Ready to Create Order]
2026-03-18 11:50:03.076  INFO 1 --- [io-12031-exec-5] order.service.OrderServiceImpl           : [create][Order Create Success][Order Price][OrderId:122ac2ee-3b73-4f29-a38e-54a91b470249 , Price: 0.0]
2026-03-18 11:50:03.347  INFO 1 --- [io-12031-exec-4] order.controller.OrderController         : [createNewOrder][Create Order][from shanghai to taiyuan at 1970-01-02 18:17:36]
2026-03-18 11:50:03.347  INFO 1 --- [io-12031-exec-4] order.service.OrderServiceImpl           : [create][Create Order][Ready to Create Order]
2026-03-18 11:50:03.369  INFO 1 --- [io-12031-exec-4] order.service.OrderServiceImpl           : [create][Order Create Success][Order Price][OrderId:533fe8a4-5d59-4074-a8b4-f8e34940dc6c , Price: 0.0]
2026-03-18 11:50:03.640  INFO 1 --- [io-12031-exec-7] order.controller.OrderController         : [createNewOrder][Create Order][from shanghai to taiyuan at 1970-01-02 18:17:36]
2026-03-18 11:50:03.640  INFO 1 --- [io-12031-exec-7] order.service.OrderServiceImpl           : [create][Create Order][Ready to Create Order]
2026-03-18 11:50:03.691  INFO 1 --- [io-12031-exec-7] order.service.OrderServiceImpl           : [create][Order Create Success][Order Price][OrderId:b0829f7f-a6a0-498d-999f-8ed6c26d88f0 , Price: 0.0]
2026-03-18 11:50:03.958  INFO 1 --- [io-12031-exec-6] order.controller.OrderController         : [createNewOrder][Create Order][from shanghai to taiyuan at 1970-01-02 18:17:36]
2026-03-18 11:50:03.958  INFO 1 --- [io-12031-exec-6] order.service.OrderServiceImpl           : [create][Create Order][Ready to Create Order]
2026-03-18 11:50:03.983  INFO 1 --- [io-12031-exec-6] order.service.OrderServiceImpl           : [create][Order Create Success][Order Price][OrderId:4c7d49c0-91ec-48cb-8892-4ece829b6cfc , Price: 0.0]
2026-03-18 11:50:04.256  INFO 1 --- [io-12031-exec-8] order.controller.OrderController         : [createNewOrder][Create Order][from shanghai to taiyuan at 1970-01-02 18:17:36]
2026-03-18 11:50:04.256  INFO 1 --- [io-12031-exec-8] order.service.OrderServiceImpl           : [create][Create Order][Ready to Create Order]
2026-03-18 11:50:04.279  INFO 1 --- [io-12031-exec-8] order.service.OrderServiceImpl           : [create][Order Create Success][Order Price][OrderId:37d2473e-6404-4ab8-a347-9e5d910eb50a , Price: 0.0]
2026-03-18 11:50:04.558  INFO 1 --- [o-12031-exec-10] order.controller.OrderController         : [createNewOrder][Create Order][from shanghai to taiyuan at 1970-01-02 18:17:36]
2026-03-18 11:50:04.558  INFO 1 --- [o-12031-exec-10] order.service.OrderServiceImpl           : [create][Create Order][Ready to Create Order]
2026-03-18 11:50:04.673  INFO 1 --- [o-12031-exec-10] order.service.OrderServiceImpl           : [create][Order Create Success][Order Price][OrderId:63a4dbbd-3c9c-409c-b2bc-f01212481cd2 , Price: 0.0]
2026-03-18 11:50:04.953  INFO 1 --- [io-12031-exec-9] order.controller.OrderController         : [createNewOrder][Create Order][from shanghai to taiyuan at 1970-01-02 18:17:36]
2026-03-18 11:50:04.953  INFO 1 --- [io-12031-exec-9] order.service.OrderServiceImpl           : [create][Create Order][Ready to Create Order]
2026-03-18 11:50:04.976  INFO 1 --- [io-12031-exec-9] order.service.OrderServiceImpl           : [create][Order Create Success][Order Price][OrderId:2a82a3a7-6c6c-497b-857e-0d68e98b4ddc , Price: 0.0]
2026-03-18 11:50:05.263  INFO 1 --- [io-12031-exec-1] order.controller.OrderController         : [createNewOrder][Create Order][from shanghai to taiyuan at 1970-01-02 18:17:36]
2026-03-18 11:50:05.263  INFO 1 --- [io-12031-exec-1] order.service.OrderServiceImpl           : [create][Create Order][Ready to Create Order]
2026-03-18 11:50:05.289  INFO 1 --- [io-12031-exec-1] order.service.OrderServiceImpl           : [create][Order Create Success][Order Price][OrderId:04fd3827-62b3-47d2-9ed2-cd3948c5c4fd , Price: 0.0]
2026-03-18 11:50:05.571  INFO 1 --- [io-12031-exec-3] order.controller.OrderController         : [createNewOrder][Create Order][from shanghai to taiyuan at 1970-01-02 18:17:36]
2026-03-18 11:50:05.572  INFO 1 --- [io-12031-exec-3] order.service.OrderServiceImpl           : [create][Create Order][Ready to Create Order]
2026-03-18 11:50:05.595  INFO 1 --- [io-12031-exec-3] order.service.OrderServiceImpl           : [create][Order Create Success][Order Price][OrderId:82359981-2786-4cb0-9ca9-dd55f8ab90a3 , Price: 0.0]
2026-03-18 11:50:05.858  INFO 1 --- [io-12031-exec-2] order.controller.OrderController         : [createNewOrder][Create Order][from shanghai to taiyuan at 1970-01-02 18:17:36]
2026-03-18 11:50:05.858  INFO 1 --- [io-12031-exec-2] order.service.OrderServiceImpl           : [create][Create Order][Ready to Create Order]
2026-03-18 11:50:05.997  INFO 1 --- [io-12031-exec-2] order.service.OrderServiceImpl           : [create][Order Create Success][Order Price][OrderId:74a72433-1895-4d39-bcf8-9835edef2398 , Price: 0.0]
2026-03-18 11:50:06.259  INFO 1 --- [io-12031-exec-5] order.controller.OrderController         : [createNewOrder][Create Order][from shanghai to taiyuan at 1970-01-02 18:17:36]
2026-03-18 11:50:06.259  INFO 1 --- [io-12031-exec-5] order.service.OrderServiceImpl           : [create][Create Order][Ready to Create Order]
2026-03-18 11:50:06.283  INFO 1 --- [io-12031-exec-5] order.service.OrderServiceImpl           : [create][Order Create Success][Order Price][OrderId:04026556-1f73-4e87-b532-212b7e45a012 , Price: 0.0]
2026-03-18 11:50:06.559  INFO 1 --- [io-12031-exec-4] order.controller.OrderController         : [createNewOrder][Create Order][from shanghai to taiyuan at 1970-01-02 18:17:36]
2026-03-18 11:50:06.559  INFO 1 --- [io-12031-exec-4] order.service.OrderServiceImpl           : [create][Create Order][Ready to Create Order]
2026-03-18 11:50:06.582  INFO 1 --- [io-12031-exec-4] order.service.OrderServiceImpl           : [create][Order Create Success][Order Price][OrderId:a4915746-a54c-4bbd-ac85-25078bae9c7b , Price: 0.0]
2026-03-18 11:50:06.856  INFO 1 --- [io-12031-exec-7] order.controller.OrderController         : [createNewOrder][Create Order][from shanghai to taiyuan at 1970-01-02 18:17:36]
2026-03-18 11:50:06.856  INFO 1 --- [io-12031-exec-7] order.service.OrderServiceImpl           : [create][Create Order][Ready to Create Order]
2026-03-18 11:50:06.878  INFO 1 --- [io-12031-exec-7] order.service.OrderServiceImpl           : [create][Order Create Success][Order Price][OrderId:b02944a3-c133-4767-a9dc-b5dfba082fd5 , Price: 0.0]
2026-03-18 11:50:07.155  INFO 1 --- [io-12031-exec-6] order.controller.OrderController         : [createNewOrder][Create Order][from shanghai to taiyuan at 1970-01-02 18:17:36]
2026-03-18 11:50:07.155  INFO 1 --- [io-12031-exec-6] order.service.OrderServiceImpl           : [create][Create Order][Ready to Create Order]
2026-03-18 11:50:07.275  INFO 1 --- [io-12031-exec-6] order.service.OrderServiceImpl           : [create][Order Create Success][Order Price][OrderId:10691558-2531-4925-ba0a-73dda7ff742e , Price: 0.0]
2026-03-18 11:50:07.546  INFO 1 --- [io-12031-exec-8] order.controller.OrderController         : [createNewOrder][Create Order][from shanghai to taiyuan at 1970-01-02 18:17:36]
2026-03-18 11:50:07.546  INFO 1 --- [io-12031-exec-8] order.service.OrderServiceImpl           : [create][Create Order][Ready to Create Order]
2026-03-18 11:50:07.570  INFO 1 --- [io-12031-exec-8] order.service.OrderServiceImpl           : [create][Order Create Success][Order Price][OrderId:1dc5bda7-ff30-4c2d-9c76-4d89b5f0e1db , Price: 0.0]
2026-03-18 11:50:07.840  INFO 1 --- [o-12031-exec-10] order.controller.OrderController         : [createNewOrder][Create Order][from shanghai to taiyuan at 1970-01-02 18:17:36]
2026-03-18 11:50:07.840  INFO 1 --- [o-12031-exec-10] order.service.OrderServiceImpl           : [create][Create Order][Ready to Create Order]
2026-03-18 11:50:07.863  INFO 1 --- [o-12031-exec-10] order.service.OrderServiceImpl           : [create][Order Create Success][Order Price][OrderId:812abfc6-95fc-47bd-9fad-7e35f4d3872a , Price: 0.0]
2026-03-18 11:50:08.134  INFO 1 --- [io-12031-exec-9] order.controller.OrderController         : [createNewOrder][Create Order][from shanghai to taiyuan at 1970-01-02 18:17:36]
2026-03-18 11:50:08.134  INFO 1 --- [io-12031-exec-9] order.service.OrderServiceImpl           : [create][Create Order][Ready to Create Order]
2026-03-18 11:50:08.266  INFO 1 --- [io-12031-exec-9] order.service.OrderServiceImpl           : [create][Order Create Success][Order Price][OrderId:46f1bbbf-8a5e-45a1-9d4c-0afcc5978b36 , Price: 0.0]
2026-03-18 11:50:08.549  INFO 1 --- [io-12031-exec-1] order.controller.OrderController         : [createNewOrder][Create Order][from shanghai to taiyuan at 1970-01-02 18:17:36]
2026-03-18 11:50:08.549  INFO 1 --- [io-12031-exec-1] order.service.OrderServiceImpl           : [create][Create Order][Ready to Create Order]
2026-03-18 11:50:08.572  INFO 1 --- [io-12031-exec-1] order.service.OrderServiceImpl           : [create][Order Create Success][Order Price][OrderId:bb2c991e-7f2c-4cf1-989e-ac7645b527bd , Price: 0.0]
2026-03-18 11:50:08.851  INFO 1 --- [io-12031-exec-3] order.controller.OrderController         : [createNewOrder][Create Order][from shanghai to taiyuan at 1970-01-02 18:17:36]
2026-03-18 11:50:08.851  INFO 1 --- [io-12031-exec-3] order.service.OrderServiceImpl           : [create][Create Order][Ready to Create Order]
2026-03-18 11:50:08.874  INFO 1 --- [io-12031-exec-3] order.service.OrderServiceImpl           : [create][Order Create Success][Order Price][OrderId:c08b2ff7-03b7-48a0-9622-d8daf6080e81 , Price: 0.0]
2026-03-18 11:50:09.155  INFO 1 --- [io-12031-exec-2] order.controller.OrderController         : [createNewOrder][Create Order][from shanghai to taiyuan at 1970-01-02 18:17:36]
2026-03-18 11:50:09.155  INFO 1 --- [io-12031-exec-2] order.service.OrderServiceImpl           : [create][Create Order][Ready to Create Order]
2026-03-18 11:50:09.178  INFO 1 --- [io-12031-exec-2] order.service.OrderServiceImpl           : [create][Order Create Success][Order Price][OrderId:daecf8ab-333d-4b20-b1e9-3f0d7d6aa483 , Price: 0.0]
2026-03-18 11:50:09.455  INFO 1 --- [io-12031-exec-5] order.controller.OrderController         : [createNewOrder][Create Order][from shanghai to taiyuan at 1970-01-02 18:17:36]
2026-03-18 11:50:09.455  INFO 1 --- [io-12031-exec-5] order.service.OrderServiceImpl           : [create][Create Order][Ready to Create Order]
2026-03-18 11:50:09.491  INFO 1 --- [io-12031-exec-5] order.service.OrderServiceImpl           : [create][Order Create Success][Order Price][OrderId:53e22576-5f01-48c3-a399-47e47a9ab778 , Price: 0.0]
2026-03-18 11:50:09.756  INFO 1 --- [io-12031-exec-4] order.controller.OrderController         : [createNewOrder][Create Order][from shanghai to taiyuan at 1970-01-02 18:17:36]
2026-03-18 11:50:09.756  INFO 1 --- [io-12031-exec-4] order.service.OrderServiceImpl           : [create][Create Order][Ready to Create Order]
2026-03-18 11:50:09.970  INFO 1 --- [io-12031-exec-4] order.service.OrderServiceImpl           : [create][Order Create Success][Order Price][OrderId:b51cc0cd-b263-4904-90b9-41b2d8d63335 , Price: 0.0]
2026-03-18 11:50:10.251  INFO 1 --- [io-12031-exec-7] order.controller.OrderController         : [createNewOrder][Create Order][from shanghai to taiyuan at 1970-01-02 18:17:36]
2026-03-18 11:50:10.251  INFO 1 --- [io-12031-exec-7] order.service.OrderServiceImpl           : [create][Create Order][Ready to Create Order]
2026-03-18 11:50:10.273  INFO 1 --- [io-12031-exec-7] order.service.OrderServiceImpl           : [create][Order Create Success][Order Price][OrderId:e56a1e63-2b4e-46dc-96af-45b16455b2d4 , Price: 0.0]
2026-03-18 11:50:10.550  INFO 1 --- [io-12031-exec-6] order.controller.OrderController         : [createNewOrder][Create Order][from shanghai to taiyuan at 1970-01-02 18:17:36]
2026-03-18 11:50:10.550  INFO 1 --- [io-12031-exec-6] order.service.OrderServiceImpl           : [create][Create Order][Ready to Create Order]
2026-03-18 11:50:10.572  INFO 1 --- [io-12031-exec-6] order.service.OrderServiceImpl           : [create][Order Create Success][Order Price][OrderId:df669b01-f2dc-450c-a5d3-e8592f9610a6 , Price: 0.0]
2026-03-18 11:50:10.849  INFO 1 --- [io-12031-exec-8] order.controller.OrderController         : [createNewOrder][Create Order][from shanghai to taiyuan at 1970-01-02 18:17:36]
2026-03-18 11:50:10.849  INFO 1 --- [io-12031-exec-8] order.service.OrderServiceImpl           : [create][Create Order][Ready to Create Order]
2026-03-18 11:50:10.971  INFO 1 --- [io-12031-exec-8] order.service.OrderServiceImpl           : [create][Order Create Success][Order Price][OrderId:4b047ebd-5bc0-46ef-a2c8-07b01af2c111 , Price: 0.0]
2026-03-18 11:50:11.258  INFO 1 --- [io-12031-exec-9] order.controller.OrderController         : [createNewOrder][Create Order][from shanghai to taiyuan at 1970-01-02 18:17:36]
2026-03-18 11:50:11.258  INFO 1 --- [io-12031-exec-9] order.service.OrderServiceImpl           : [create][Create Order][Ready to Create Order]
2026-03-18 11:50:11.282  INFO 1 --- [io-12031-exec-9] order.service.OrderServiceImpl           : [create][Order Create Success][Order Price][OrderId:b7a8aad4-5209-4886-9ddf-faab7a0d901e , Price: 0.0]
2026-03-18 11:50:11.559  INFO 1 --- [io-12031-exec-1] order.controller.OrderController         : [createNewOrder][Create Order][from shanghai to taiyuan at 1970-01-02 18:17:36]
2026-03-18 11:50:11.559  INFO 1 --- [io-12031-exec-1] order.service.OrderServiceImpl           : [create][Create Order][Ready to Create Order]
2026-03-18 11:50:11.583  INFO 1 --- [io-12031-exec-1] order.service.OrderServiceImpl           : [create][Order Create Success][Order Price][OrderId:5ddab317-85c1-433a-b8f7-bffb34fadf2e , Price: 0.0]
2026-03-18 11:50:11.855  INFO 1 --- [io-12031-exec-3] order.controller.OrderController         : [createNewOrder][Create Order][from shanghai to taiyuan at 1970-01-02 18:17:36]
2026-03-18 11:50:11.855  INFO 1 --- [io-12031-exec-3] order.service.OrderServiceImpl           : [create][Create Order][Ready to Create Order]
2026-03-18 11:50:11.988  INFO 1 --- [io-12031-exec-3] order.service.OrderServiceImpl           : [create][Order Create Success][Order Price][OrderId:c1c6ad38-353f-4454-806b-08a2c3b26da6 , Price: 0.0]
2026-03-18 11:50:12.255  INFO 1 --- [io-12031-exec-2] order.controller.OrderController         : [createNewOrder][Create Order][from shanghai to taiyuan at 1970-01-02 18:17:36]
2026-03-18 11:50:12.255  INFO 1 --- [io-12031-exec-2] order.service.OrderServiceImpl           : [create][Create Order][Ready to Create Order]
2026-03-18 11:50:12.277  INFO 1 --- [io-12031-exec-2] order.service.OrderServiceImpl           : [create][Order Create Success][Order Price][OrderId:62382035-dc62-4a80-8439-2cbc5ab55f68 , Price: 0.0]
2026-03-18 11:50:12.555  INFO 1 --- [io-12031-exec-5] order.controller.OrderController         : [createNewOrder][Create Order][from shanghai to taiyuan at 1970-01-02 18:17:36]
2026-03-18 11:50:12.555  INFO 1 --- [io-12031-exec-5] order.service.OrderServiceImpl           : [create][Create Order][Ready to Create Order]
2026-03-18 11:50:12.579  INFO 1 --- [io-12031-exec-5] order.service.OrderServiceImpl           : [create][Order Create Success][Order Price][OrderId:b753be69-d1a8-4974-b1a8-8de0194837fc , Price: 0.0]
2026-03-18 11:50:12.857  INFO 1 --- [io-12031-exec-4] order.controller.OrderController         : [createNewOrder][Create Order][from shanghai to taiyuan at 1970-01-02 18:17:36]
2026-03-18 11:50:12.857  INFO 1 --- [io-12031-exec-4] order.service.OrderServiceImpl           : [create][Create Order][Ready to Create Order]
2026-03-18 11:50:12.881  INFO 1 --- [io-12031-exec-4] order.service.OrderServiceImpl           : [create][Order Create Success][Order Price][OrderId:af1a00d8-b83e-4698-a19a-51ed5e67cdfb , Price: 0.0]
2026-03-18 11:50:13.147  INFO 1 --- [io-12031-exec-7] order.controller.OrderController         : [createNewOrder][Create Order][from shanghai to taiyuan at 1970-01-02 18:17:36]
2026-03-18 11:50:13.147  INFO 1 --- [io-12031-exec-7] order.service.OrderServiceImpl           : [create][Create Order][Ready to Create Order]
2026-03-18 11:50:13.184  INFO 1 --- [io-12031-exec-7] order.service.OrderServiceImpl           : [create][Order Create Success][Order Price][OrderId:d11f7eee-bb1e-469d-9235-a7d348b2b9c0 , Price: 0.0]
2026-03-18 11:50:13.458  INFO 1 --- [io-12031-exec-6] order.controller.OrderController         : [createNewOrder][Create Order][from shanghai to taiyuan at 1970-01-02 18:17:36]
2026-03-18 11:50:13.458  INFO 1 --- [io-12031-exec-6] order.service.OrderServiceImpl           : [create][Create Order][Ready to Create Order]
2026-03-18 11:50:13.482  INFO 1 --- [io-12031-exec-6] order.service.OrderServiceImpl           : [create][Order Create Success][Order Price][OrderId:5b5a8c4b-6fa1-4572-9b7d-74de85e7936c , Price: 0.0]
2026-03-18 11:50:13.758  INFO 1 --- [io-12031-exec-8] order.controller.OrderController         : [createNewOrder][Create Order][from shanghai to taiyuan at 1970-01-02 18:17:36]
2026-03-18 11:50:13.758  INFO 1 --- [io-12031-exec-8] order.service.OrderServiceImpl           : [create][Create Order][Ready to Create Order]
2026-03-18 11:50:13.781  INFO 1 --- [io-12031-exec-8] order.service.OrderServiceImpl           : [create][Order Create Success][Order Price][OrderId:ffed929f-c22d-4755-bc82-2d5d2070fce6 , Price: 0.0]
2026-03-18 11:50:14.060  INFO 1 --- [o-12031-exec-10] order.controller.OrderController         : [createNewOrder][Create Order][from shanghai to taiyuan at 1970-01-02 18:17:36]
2026-03-18 11:50:14.060  INFO 1 --- [o-12031-exec-10] order.service.OrderServiceImpl           : [create][Create Order][Ready to Create Order]
2026-03-18 11:50:14.084  INFO 1 --- [o-12031-exec-10] order.service.OrderServiceImpl           : [create][Order Create Success][Order Price][OrderId:abb5a5dc-ad4d-4c59-a266-38faa57d8777 , Price: 0.0]
2026-03-18 11:50:14.360  INFO 1 --- [io-12031-exec-9] order.controller.OrderController         : [createNewOrder][Create Order][from shanghai to taiyuan at 1970-01-02 18:17:36]
2026-03-18 11:50:14.360  INFO 1 --- [io-12031-exec-9] order.service.OrderServiceImpl           : [create][Create Order][Ready to Create Order]
2026-03-18 11:50:14.394  INFO 1 --- [io-12031-exec-9] order.service.OrderServiceImpl           : [create][Order Create Success][Order Price][OrderId:729f6ccd-6417-421a-952b-10cb1c96ddd4 , Price: 0.0]
2026-03-18 11:50:14.656  INFO 1 --- [io-12031-exec-1] order.controller.OrderController         : [createNewOrder][Create Order][from shanghai to taiyuan at 1970-01-02 18:17:36]
2026-03-18 11:50:14.656  INFO 1 --- [io-12031-exec-1] order.service.OrderServiceImpl           : [create][Create Order][Ready to Create Order]
2026-03-18 11:50:14.681  INFO 1 --- [io-12031-exec-1] order.service.OrderServiceImpl           : [create][Order Create Success][Order Price][OrderId:2c2f2f74-1f5a-4c8a-89b8-779643c249ba , Price: 0.0]
2026-03-18 11:50:14.954  INFO 1 --- [io-12031-exec-3] order.controller.OrderController         : [createNewOrder][Create Order][from shanghai to taiyuan at 1970-01-02 18:17:36]
2026-03-18 11:50:14.954  INFO 1 --- [io-12031-exec-3] order.service.OrderServiceImpl           : [create][Create Order][Ready to Create Order]
2026-03-18 11:50:14.980  INFO 1 --- [io-12031-exec-3] order.service.OrderServiceImpl           : [create][Order Create Success][Order Price][OrderId:c5cd70bf-3199-49de-ad37-8b7c99163d74 , Price: 0.0]
2026-03-18 11:50:15.260  INFO 1 --- [io-12031-exec-2] order.controller.OrderController         : [createNewOrder][Create Order][from shanghai to taiyuan at 1970-01-02 18:17:36]
2026-03-18 11:50:15.260  INFO 1 --- [io-12031-exec-2] order.service.OrderServiceImpl           : [create][Create Order][Ready to Create Order]
2026-03-18 11:50:15.475  INFO 1 --- [io-12031-exec-2] order.service.OrderServiceImpl           : [create][Order Create Success][Order Price][OrderId:f44081c9-6260-4fd5-9aa5-24e96703d416 , Price: 0.0]
2026-03-18 11:50:15.752  INFO 1 --- [io-12031-exec-5] order.controller.OrderController         : [createNewOrder][Create Order][from shanghai to taiyuan at 1970-01-02 18:17:36]
2026-03-18 11:50:15.752  INFO 1 --- [io-12031-exec-5] order.service.OrderServiceImpl           : [create][Create Order][Ready to Create Order]
2026-03-18 11:50:15.776  INFO 1 --- [io-12031-exec-5] order.service.OrderServiceImpl           : [create][Order Create Success][Order Price][OrderId:196333a4-704e-44f9-82ee-574f0a71ea5f , Price: 0.0]
2026-03-18 11:50:16.054  INFO 1 --- [io-12031-exec-4] order.controller.OrderController         : [createNewOrder][Create Order][from shanghai to taiyuan at 1970-01-02 18:17:36]
2026-03-18 11:50:16.054  INFO 1 --- [io-12031-exec-4] order.service.OrderServiceImpl           : [create][Create Order][Ready to Create Order]
2026-03-18 11:50:16.082  INFO 1 --- [io-12031-exec-4] order.service.OrderServiceImpl           : [create][Order Create Success][Order Price][OrderId:6081caf7-7c31-4e0d-9783-886fe10f2678 , Price: 0.0]
2026-03-18 11:50:16.361  INFO 1 --- [io-12031-exec-7] order.controller.OrderController         : [createNewOrder][Create Order][from shanghai to taiyuan at 1970-01-02 18:17:36]
2026-03-18 11:50:16.361  INFO 1 --- [io-12031-exec-7] order.service.OrderServiceImpl           : [create][Create Order][Ready to Create Order]
2026-03-18 11:50:16.387  INFO 1 --- [io-12031-exec-7] order.service.OrderServiceImpl           : [create][Order Create Success][Order Price][OrderId:40020926-2a14-48f3-b4c5-e506183a2955 , Price: 0.0]
2026-03-18 11:50:16.663  INFO 1 --- [io-12031-exec-6] order.controller.OrderController         : [createNewOrder][Create Order][from shanghai to taiyuan at 1970-01-02 18:17:36]
2026-03-18 11:50:16.663  INFO 1 --- [io-12031-exec-6] order.service.OrderServiceImpl           : [create][Create Order][Ready to Create Order]
2026-03-18 11:50:16.779  INFO 1 --- [io-12031-exec-6] order.service.OrderServiceImpl           : [create][Order Create Success][Order Price][OrderId:04a9cfde-536e-414e-80eb-d05094bee61a , Price: 0.0]
2026-03-18 11:50:17.055  INFO 1 --- [io-12031-exec-8] order.controller.OrderController         : [createNewOrder][Create Order][from shanghai to taiyuan at 1970-01-02 18:17:36]
2026-03-18 11:50:17.055  INFO 1 --- [io-12031-exec-8] order.service.OrderServiceImpl           : [create][Create Order][Ready to Create Order]
2026-03-18 11:50:17.078  INFO 1 --- [io-12031-exec-8] order.service.OrderServiceImpl           : [create][Order Create Success][Order Price][OrderId:8b747779-2f79-4ec4-bff6-fe916fd8f07e , Price: 0.0]
2026-03-18 11:50:17.351  INFO 1 --- [o-12031-exec-10] order.controller.OrderController         : [createNewOrder][Create Order][from shanghai to taiyuan at 1970-01-02 18:17:36]
2026-03-18 11:50:17.351  INFO 1 --- [o-12031-exec-10] order.service.OrderServiceImpl           : [create][Create Order][Ready to Create Order]
2026-03-18 11:50:17.375  INFO 1 --- [o-12031-exec-10] order.service.OrderServiceImpl           : [create][Order Create Success][Order Price][OrderId:2d516553-8f01-4ad6-984b-e53b7ae993c9 , Price: 0.0]
2026-03-18 11:50:17.648  INFO 1 --- [io-12031-exec-9] order.controller.OrderController         : [createNewOrder][Create Order][from shanghai to taiyuan at 1970-01-02 18:17:36]
2026-03-18 11:50:17.648  INFO 1 --- [io-12031-exec-9] order.service.OrderServiceImpl           : [create][Create Order][Ready to Create Order]
2026-03-18 11:50:17.679  INFO 1 --- [io-12031-exec-9] order.service.OrderServiceImpl           : [create][Order Create Success][Order Price][OrderId:5562ce96-ef91-44bd-96d5-6f62de4d9dc9 , Price: 0.0]
2026-03-18 11:50:17.945  INFO 1 --- [io-12031-exec-1] order.controller.OrderController         : [createNewOrder][Create Order][from shanghai to taiyuan at 1970-01-02 18:17:36]
2026-03-18 11:50:17.945  INFO 1 --- [io-12031-exec-1] order.service.OrderServiceImpl           : [create][Create Order][Ready to Create Order]
2026-03-18 11:50:17.967  INFO 1 --- [io-12031-exec-1] order.service.OrderServiceImpl           : [create][Order Create Success][Order Price][OrderId:9d3e859d-4ef8-4770-bd47-630600c50c21 , Price: 0.0]
2026-03-18 11:50:18.253  INFO 1 --- [io-12031-exec-3] order.controller.OrderController         : [createNewOrder][Create Order][from shanghai to taiyuan at 1970-01-02 18:17:36]
2026-03-18 11:50:18.253  INFO 1 --- [io-12031-exec-3] order.service.OrderServiceImpl           : [create][Create Order][Ready to Create Order]
2026-03-18 11:50:18.275  INFO 1 --- [io-12031-exec-3] order.service.OrderServiceImpl           : [create][Order Create Success][Order Price][OrderId:c9fa1ba5-321b-4e14-b662-153b9eec2bb8 , Price: 0.0]
2026-03-18 11:50:18.556  INFO 1 --- [io-12031-exec-2] order.controller.OrderController         : [createNewOrder][Create Order][from shanghai to taiyuan at 1970-01-02 18:17:36]
2026-03-18 11:50:18.556  INFO 1 --- [io-12031-exec-2] order.service.OrderServiceImpl           : [create][Create Order][Ready to Create Order]
2026-03-18 11:50:18.581  INFO 1 --- [io-12031-exec-2] order.service.OrderServiceImpl           : [create][Order Create Success][Order Price][OrderId:3aafbf15-f87b-42aa-9ed0-307bf7b18cb6 , Price: 0.0]
2026-03-18 11:50:18.860  INFO 1 --- [io-12031-exec-5] order.controller.OrderController         : [createNewOrder][Create Order][from shanghai to taiyuan at 1970-01-02 18:17:36]
2026-03-18 11:50:18.860  INFO 1 --- [io-12031-exec-5] order.service.OrderServiceImpl           : [create][Create Order][Ready to Create Order]
2026-03-18 11:50:18.978  INFO 1 --- [io-12031-exec-5] order.service.OrderServiceImpl           : [create][Order Create Success][Order Price][OrderId:4cc54071-df2b-4af6-8408-0942b4e173e5 , Price: 0.0]
2026-03-18 11:50:19.247  INFO 1 --- [io-12031-exec-4] order.controller.OrderController         : [createNewOrder][Create Order][from shanghai to taiyuan at 1970-01-02 18:17:36]
2026-03-18 11:50:19.247  INFO 1 --- [io-12031-exec-4] order.service.OrderServiceImpl           : [create][Create Order][Ready to Create Order]
2026-03-18 11:50:19.269  INFO 1 --- [io-12031-exec-4] order.service.OrderServiceImpl           : [create][Order Create Success][Order Price][OrderId:bdb32cdd-2e6f-41ca-94d7-9e94d1687f35 , Price: 0.0]
2026-03-18 11:50:19.551  INFO 1 --- [io-12031-exec-7] order.controller.OrderController         : [createNewOrder][Create Order][from shanghai to taiyuan at 1970-01-02 18:17:36]
2026-03-18 11:50:19.551  INFO 1 --- [io-12031-exec-7] order.service.OrderServiceImpl           : [create][Create Order][Ready to Create Order]
2026-03-18 11:50:19.573  INFO 1 --- [io-12031-exec-7] order.service.OrderServiceImpl           : [create][Order Create Success][Order Price][OrderId:773b9a75-acdf-4aab-9a05-09b881966793 , Price: 0.0]
2026-03-18 11:50:19.852  INFO 1 --- [io-12031-exec-6] order.controller.OrderController         : [createNewOrder][Create Order][from shanghai to taiyuan at 1970-01-02 18:17:36]
2026-03-18 11:50:19.852  INFO 1 --- [io-12031-exec-6] order.service.OrderServiceImpl           : [create][Create Order][Ready to Create Order]
2026-03-18 11:50:19.878  INFO 1 --- [io-12031-exec-6] order.service.OrderServiceImpl           : [create][Order Create Success][Order Price][OrderId:422a0468-dea7-4be1-bf26-a472dcd011c0 , Price: 0.0]
2026-03-18 11:50:20.159  INFO 1 --- [io-12031-exec-8] order.controller.OrderController         : [createNewOrder][Create Order][from shanghai to taiyuan at 1970-01-02 18:17:36]
2026-03-18 11:50:20.159  INFO 1 --- [io-12031-exec-8] order.service.OrderServiceImpl           : [create][Create Order][Ready to Create Order]
2026-03-18 11:50:20.190  INFO 1 --- [io-12031-exec-8] order.service.OrderServiceImpl           : [create][Order Create Success][Order Price][OrderId:de677094-fac8-4837-a1fc-29f21c3b5d38 , Price: 0.0]
2026-03-18 11:50:20.457  INFO 1 --- [o-12031-exec-10] order.controller.OrderController         : [createNewOrder][Create Order][from shanghai to taiyuan at 1970-01-02 18:17:36]
2026-03-18 11:50:20.457  INFO 1 --- [o-12031-exec-10] order.service.OrderServiceImpl           : [create][Create Order][Ready to Create Order]
2026-03-18 11:50:20.479  INFO 1 --- [o-12031-exec-10] order.service.OrderServiceImpl           : [create][Order Create Success][Order Price][OrderId:74bf9f6f-cf21-451b-9b78-ace8c67d4597 , Price: 0.0]
2026-03-18 11:50:20.755  INFO 1 --- [io-12031-exec-9] order.controller.OrderController         : [createNewOrder][Create Order][from shanghai to taiyuan at 1970-01-02 18:17:36]
2026-03-18 11:50:20.755  INFO 1 --- [io-12031-exec-9] order.service.OrderServiceImpl           : [create][Create Order][Ready to Create Order]
2026-03-18 11:50:20.779  INFO 1 --- [io-12031-exec-9] order.service.OrderServiceImpl           : [create][Order Create Success][Order Price][OrderId:37284b69-b369-4055-a0ae-40df3ece7cae , Price: 0.0]
2026-03-18 11:50:21.052  INFO 1 --- [io-12031-exec-1] order.controller.OrderController         : [createNewOrder][Create Order][from shanghai to taiyuan at 1970-01-02 18:17:36]
2026-03-18 11:50:21.052  INFO 1 --- [io-12031-exec-1] order.service.OrderServiceImpl           : [create][Create Order][Ready to Create Order]
2026-03-18 11:50:21.088  INFO 1 --- [io-12031-exec-1] order.service.OrderServiceImpl           : [create][Order Create Success][Order Price][OrderId:b6e66094-a26e-4102-b6c0-34d407f019b5 , Price: 0.0]
2026-03-18 11:50:21.356  INFO 1 --- [io-12031-exec-2] order.controller.OrderController         : [createNewOrder][Create Order][from shanghai to taiyuan at 1970-01-02 18:17:36]
2026-03-18 11:50:21.356  INFO 1 --- [io-12031-exec-2] order.service.OrderServiceImpl           : [create][Create Order][Ready to Create Order]
2026-03-18 11:50:21.381  INFO 1 --- [io-12031-exec-2] order.service.OrderServiceImpl           : [create][Order Create Success][Order Price][OrderId:cc69669d-7baf-4f61-9796-0801ea76b940 , Price: 0.0]
2026-03-18 11:50:21.655  INFO 1 --- [io-12031-exec-5] order.controller.OrderController         : [createNewOrder][Create Order][from shanghai to taiyuan at 1970-01-02 18:17:36]
2026-03-18 11:50:21.655  INFO 1 --- [io-12031-exec-5] order.service.OrderServiceImpl           : [create][Create Order][Ready to Create Order]
2026-03-18 11:50:21.680  INFO 1 --- [io-12031-exec-5] order.service.OrderServiceImpl           : [create][Order Create Success][Order Price][OrderId:45558b97-80ab-4fb0-93b3-89e07f0a407b , Price: 0.0]
2026-03-18 11:50:21.945  INFO 1 --- [io-12031-exec-4] order.controller.OrderController         : [createNewOrder][Create Order][from shanghai to taiyuan at 1970-01-02 18:17:36]
2026-03-18 11:50:21.945  INFO 1 --- [io-12031-exec-4] order.service.OrderServiceImpl           : [create][Create Order][Ready to Create Order]
2026-03-18 11:50:21.968  INFO 1 --- [io-12031-exec-4] order.service.OrderServiceImpl           : [create][Order Create Success][Order Price][OrderId:2299e0b9-7d38-45d6-a8be-35a926598851 , Price: 0.0]
2026-03-18 11:50:22.243  INFO 1 --- [io-12031-exec-7] order.controller.OrderController         : [createNewOrder][Create Order][from shanghai to taiyuan at 1970-01-02 18:17:36]
2026-03-18 11:50:22.243  INFO 1 --- [io-12031-exec-7] order.service.OrderServiceImpl           : [create][Create Order][Ready to Create Order]
2026-03-18 11:50:22.284  INFO 1 --- [io-12031-exec-7] order.service.OrderServiceImpl           : [create][Order Create Success][Order Price][OrderId:9afa3f9d-64ee-4d4b-be05-5747f73bccc0 , Price: 0.0]
2026-03-18 11:50:22.555  INFO 1 --- [io-12031-exec-6] order.controller.OrderController         : [createNewOrder][Create Order][from shanghai to taiyuan at 1970-01-02 18:17:36]
2026-03-18 11:50:22.555  INFO 1 --- [io-12031-exec-6] order.service.OrderServiceImpl           : [create][Create Order][Ready to Create Order]
2026-03-18 11:50:22.577  INFO 1 --- [io-12031-exec-6] order.service.OrderServiceImpl           : [create][Order Create Success][Order Price][OrderId:23c43c75-737e-47ab-bbc9-3221bdd0020b , Price: 0.0]
2026-03-18 11:50:22.852  INFO 1 --- [io-12031-exec-8] order.controller.OrderController         : [createNewOrder][Create Order][from shanghai to taiyuan at 1970-01-02 18:17:36]
2026-03-18 11:50:22.852  INFO 1 --- [io-12031-exec-8] order.service.OrderServiceImpl           : [create][Create Order][Ready to Create Order]
2026-03-18 11:50:22.874  INFO 1 --- [io-12031-exec-8] order.service.OrderServiceImpl           : [create][Order Create Success][Order Price][OrderId:a7318897-8f46-4cff-ba0e-84115a5ddf69 , Price: 0.0]
2026-03-18 11:50:23.145  INFO 1 --- [o-12031-exec-10] order.controller.OrderController         : [createNewOrder][Create Order][from shanghai to taiyuan at 1970-01-02 18:17:36]
2026-03-18 11:50:23.145  INFO 1 --- [o-12031-exec-10] order.service.OrderServiceImpl           : [create][Create Order][Ready to Create Order]
2026-03-18 11:50:23.188  INFO 1 --- [o-12031-exec-10] order.service.OrderServiceImpl           : [create][Order Create Success][Order Price][OrderId:f7d62568-f503-4581-a164-4eebab09cf23 , Price: 0.0]
2026-03-18 11:50:23.456  INFO 1 --- [io-12031-exec-9] order.controller.OrderController         : [createNewOrder][Create Order][from shanghai to taiyuan at 1970-01-02 18:17:36]
2026-03-18 11:50:23.456  INFO 1 --- [io-12031-exec-9] order.service.OrderServiceImpl           : [create][Create Order][Ready to Create Order]
2026-03-18 11:50:23.481  INFO 1 --- [io-12031-exec-9] order.service.OrderServiceImpl           : [create][Order Create Success][Order Price][OrderId:445647c8-3a19-4328-9f2e-a3ce75b0f4fd , Price: 0.0]
2026-03-18 11:50:23.746  INFO 1 --- [io-12031-exec-1] order.controller.OrderController         : [createNewOrder][Create Order][from shanghai to taiyuan at 1970-01-02 18:17:36]
2026-03-18 11:50:23.746  INFO 1 --- [io-12031-exec-1] order.service.OrderServiceImpl           : [create][Create Order][Ready to Create Order]
2026-03-18 11:50:23.767  INFO 1 --- [io-12031-exec-1] order.service.OrderServiceImpl           : [create][Order Create Success][Order Price][OrderId:c2a5a1c0-18c9-4e14-a6f9-fe96ee086487 , Price: 0.0]
2026-03-18 11:50:24.041  INFO 1 --- [io-12031-exec-3] order.controller.OrderController         : [createNewOrder][Create Order][from shanghai to taiyuan at 1970-01-02 18:17:36]
2026-03-18 11:50:24.041  INFO 1 --- [io-12031-exec-3] order.service.OrderServiceImpl           : [create][Create Order][Ready to Create Order]
2026-03-18 11:50:24.064  INFO 1 --- [io-12031-exec-3] order.service.OrderServiceImpl           : [create][Order Create Success][Order Price][OrderId:60aaa0ea-17b9-4b93-82bc-051cb8d171a1 , Price: 0.0]
2026-03-18 11:50:24.333  INFO 1 --- [io-12031-exec-2] order.controller.OrderController         : [createNewOrder][Create Order][from shanghai to taiyuan at 1970-01-02 18:17:36]
2026-03-18 11:50:24.333  INFO 1 --- [io-12031-exec-2] order.service.OrderServiceImpl           : [create][Create Order][Ready to Create Order]
2026-03-18 11:50:24.479  INFO 1 --- [io-12031-exec-2] order.service.OrderServiceImpl           : [create][Order Create Success][Order Price][OrderId:68136c31-6916-4947-82ca-62f46052bdb3 , Price: 0.0]
2026-03-18 11:50:24.753  INFO 1 --- [io-12031-exec-5] order.controller.OrderController         : [createNewOrder][Create Order][from shanghai to taiyuan at 1970-01-02 18:17:36]
2026-03-18 11:50:24.753  INFO 1 --- [io-12031-exec-5] order.service.OrderServiceImpl           : [create][Create Order][Ready to Create Order]
2026-03-18 11:50:24.778  INFO 1 --- [io-12031-exec-5] order.service.OrderServiceImpl           : [create][Order Create Success][Order Price][OrderId:9d3aecba-3909-4449-a536-2b3c85f6eddf , Price: 0.0]
2026-03-18 11:50:25.050  INFO 1 --- [io-12031-exec-4] order.controller.OrderController         : [createNewOrder][Create Order][from shanghai to taiyuan at 1970-01-02 18:17:36]
2026-03-18 11:50:25.050  INFO 1 --- [io-12031-exec-4] order.service.OrderServiceImpl           : [create][Create Order][Ready to Create Order]
2026-03-18 11:50:25.074  INFO 1 --- [io-12031-exec-4] order.service.OrderServiceImpl           : [create][Order Create Success][Order Price][OrderId:7d0df7bd-b369-48e6-b113-a2beeed357c4 , Price: 0.0]
2026-03-18 11:50:25.344  INFO 1 --- [io-12031-exec-7] order.controller.OrderController         : [createNewOrder][Create Order][from shanghai to taiyuan at 1970-01-02 18:17:36]
2026-03-18 11:50:25.344  INFO 1 --- [io-12031-exec-7] order.service.OrderServiceImpl           : [create][Create Order][Ready to Create Order]
2026-03-18 11:50:25.380  INFO 1 --- [io-12031-exec-7] order.service.OrderServiceImpl           : [create][Order Create Success][Order Price][OrderId:ae11d9df-4d08-4089-93a9-a4c6438feb30 , Price: 0.0]
2026-03-18 11:50:25.657  INFO 1 --- [io-12031-exec-6] order.controller.OrderController         : [createNewOrder][Create Order][from shanghai to taiyuan at 1970-01-02 18:17:36]
2026-03-18 11:50:25.657  INFO 1 --- [io-12031-exec-6] order.service.OrderServiceImpl           : [create][Create Order][Ready to Create Order]
2026-03-18 11:50:25.681  INFO 1 --- [io-12031-exec-6] order.service.OrderServiceImpl           : [create][Order Create Success][Order Price][OrderId:8c4f374d-4e7c-488f-b0fb-04be852c5187 , Price: 0.0]
2026-03-18 11:50:25.957  INFO 1 --- [io-12031-exec-8] order.controller.OrderController         : [createNewOrder][Create Order][from shanghai to taiyuan at 1970-01-02 18:17:36]
2026-03-18 11:50:25.957  INFO 1 --- [io-12031-exec-8] order.service.OrderServiceImpl           : [create][Create Order][Ready to Create Order]
2026-03-18 11:50:25.982  INFO 1 --- [io-12031-exec-8] order.service.OrderServiceImpl           : [create][Order Create Success][Order Price][OrderId:892e2e8b-aa3d-47f1-b88d-1ecc464a3c9e , Price: 0.0]
2026-03-18 11:50:26.259  INFO 1 --- [o-12031-exec-10] order.controller.OrderController         : [createNewOrder][Create Order][from shanghai to taiyuan at 1970-01-02 18:17:36]
2026-03-18 11:50:26.259  INFO 1 --- [o-12031-exec-10] order.service.OrderServiceImpl           : [create][Create Order][Ready to Create Order]
2026-03-18 11:50:26.284  INFO 1 --- [o-12031-exec-10] order.service.OrderServiceImpl           : [create][Order Create Success][Order Price][OrderId:e264c1fd-554d-4d60-bfac-bfd895dd5e69 , Price: 0.0]
2026-03-18 11:50:26.558  INFO 1 --- [io-12031-exec-9] order.controller.OrderController         : [createNewOrder][Create Order][from shanghai to taiyuan at 1970-01-02 18:17:36]
2026-03-18 11:50:26.558  INFO 1 --- [io-12031-exec-9] order.service.OrderServiceImpl           : [create][Create Order][Ready to Create Order]
2026-03-18 11:50:26.690  INFO 1 --- [io-12031-exec-9] order.service.OrderServiceImpl           : [create][Order Create Success][Order Price][OrderId:8d0bb6c7-01f6-4c93-aa47-84ccd49647cc , Price: 0.0]
2026-03-18 11:50:26.955  INFO 1 --- [io-12031-exec-1] order.controller.OrderController         : [createNewOrder][Create Order][from shanghai to taiyuan at 1970-01-02 18:17:36]
2026-03-18 11:50:26.955  INFO 1 --- [io-12031-exec-1] order.service.OrderServiceImpl           : [create][Create Order][Ready to Create Order]
2026-03-18 11:50:26.978  INFO 1 --- [io-12031-exec-1] order.service.OrderServiceImpl           : [create][Order Create Success][Order Price][OrderId:485b6a95-4ea7-4f07-8f59-5aef1e3f39ae , Price: 0.0]
2026-03-18 11:50:27.249  INFO 1 --- [io-12031-exec-3] order.controller.OrderController         : [createNewOrder][Create Order][from shanghai to taiyuan at 1970-01-02 18:17:36]
2026-03-18 11:50:27.249  INFO 1 --- [io-12031-exec-3] order.service.OrderServiceImpl           : [create][Create Order][Ready to Create Order]
2026-03-18 11:50:27.272  INFO 1 --- [io-12031-exec-3] order.service.OrderServiceImpl           : [create][Order Create Success][Order Price][OrderId:c1ec9acb-5b74-40e0-9b76-f604876d98ff , Price: 0.0]
2026-03-18 11:50:27.547  INFO 1 --- [io-12031-exec-2] order.controller.OrderController         : [createNewOrder][Create Order][from shanghai to taiyuan at 1970-01-02 18:17:36]
2026-03-18 11:50:27.547  INFO 1 --- [io-12031-exec-2] order.service.OrderServiceImpl           : [create][Create Order][Ready to Create Order]
2026-03-18 11:50:27.577  INFO 1 --- [io-12031-exec-2] order.service.OrderServiceImpl           : [create][Order Create Success][Order Price][OrderId:f3c2bd53-b745-4b10-9a73-5d7ea1fb1ed4 , Price: 0.0]
2026-03-18 11:50:27.858  INFO 1 --- [io-12031-exec-5] order.controller.OrderController         : [createNewOrder][Create Order][from shanghai to taiyuan at 1970-01-02 18:17:36]
2026-03-18 11:50:27.858  INFO 1 --- [io-12031-exec-5] order.service.OrderServiceImpl           : [create][Create Order][Ready to Create Order]
2026-03-18 11:50:27.882  INFO 1 --- [io-12031-exec-5] order.service.OrderServiceImpl           : [create][Order Create Success][Order Price][OrderId:d63863e2-6e83-4d02-8915-a1e53d06ac8c , Price: 0.0]
2026-03-18 11:50:28.159  INFO 1 --- [io-12031-exec-4] order.controller.OrderController         : [createNewOrder][Create Order][from shanghai to taiyuan at 1970-01-02 18:17:36]
2026-03-18 11:50:28.159  INFO 1 --- [io-12031-exec-4] order.service.OrderServiceImpl           : [create][Create Order][Ready to Create Order]
2026-03-18 11:50:28.183  INFO 1 --- [io-12031-exec-4] order.service.OrderServiceImpl           : [create][Order Create Success][Order Price][OrderId:22968892-08df-4e22-a0ca-65e484223907 , Price: 0.0]
2026-03-18 11:50:28.459  INFO 1 --- [io-12031-exec-7] order.controller.OrderController         : [createNewOrder][Create Order][from shanghai to taiyuan at 1970-01-02 18:17:36]
2026-03-18 11:50:28.459  INFO 1 --- [io-12031-exec-7] order.service.OrderServiceImpl           : [create][Create Order][Ready to Create Order]
2026-03-18 11:50:28.483  INFO 1 --- [io-12031-exec-7] order.service.OrderServiceImpl           : [create][Order Create Success][Order Price][OrderId:71149939-7657-4e08-93c3-4482807073b9 , Price: 0.0]
2026-03-18 11:50:28.760  INFO 1 --- [io-12031-exec-6] order.controller.OrderController         : [createNewOrder][Create Order][from shanghai to taiyuan at 1970-01-02 18:17:36]
2026-03-18 11:50:28.760  INFO 1 --- [io-12031-exec-6] order.service.OrderServiceImpl           : [create][Create Order][Ready to Create Order]
2026-03-18 11:50:28.891  INFO 1 --- [io-12031-exec-6] order.service.OrderServiceImpl           : [create][Order Create Success][Order Price][OrderId:c6b71474-bb91-4057-84b8-cb52cc592d26 , Price: 0.0]
2026-03-18 11:50:29.157  INFO 1 --- [io-12031-exec-8] order.controller.OrderController         : [createNewOrder][Create Order][from shanghai to taiyuan at 1970-01-02 18:17:36]
2026-03-18 11:50:29.158  INFO 1 --- [io-12031-exec-8] order.service.OrderServiceImpl           : [create][Create Order][Ready to Create Order]
2026-03-18 11:50:29.181  INFO 1 --- [io-12031-exec-8] order.service.OrderServiceImpl           : [create][Order Create Success][Order Price][OrderId:51e009eb-953d-4562-b3a7-471cb41f0f06 , Price: 0.0]
2026-03-18 11:50:29.456  INFO 1 --- [o-12031-exec-10] order.controller.OrderController         : [createNewOrder][Create Order][from shanghai to taiyuan at 1970-01-02 18:17:36]
2026-03-18 11:50:29.456  INFO 1 --- [o-12031-exec-10] order.service.OrderServiceImpl           : [create][Create Order][Ready to Create Order]
2026-03-18 11:50:29.480  INFO 1 --- [o-12031-exec-10] order.service.OrderServiceImpl           : [create][Order Create Success][Order Price][OrderId:3c2b2ec5-56a4-49b0-8cb4-cf0e174fee50 , Price: 0.0]
2026-03-18 11:50:29.756  INFO 1 --- [io-12031-exec-9] order.controller.OrderController         : [createNewOrder][Create Order][from shanghai to taiyuan at 1970-01-02 18:17:36]
2026-03-18 11:50:29.756  INFO 1 --- [io-12031-exec-9] order.service.OrderServiceImpl           : [create][Create Order][Ready to Create Order]
2026-03-18 11:50:29.779  INFO 1 --- [io-12031-exec-9] order.service.OrderServiceImpl           : [create][Order Create Success][Order Price][OrderId:3e8141aa-419c-4c37-a787-751443953bbd , Price: 0.0]
2026-03-18 11:50:30.062  INFO 1 --- [io-12031-exec-1] order.controller.OrderController         : [createNewOrder][Create Order][from shanghai to taiyuan at 1970-01-02 18:17:36]
2026-03-18 11:50:30.062  INFO 1 --- [io-12031-exec-1] order.service.OrderServiceImpl           : [create][Create Order][Ready to Create Order]
2026-03-18 11:50:30.175  INFO 1 --- [io-12031-exec-1] order.service.OrderServiceImpl           : [create][Order Create Success][Order Price][OrderId:f40e2fbe-5b84-49ea-b85c-9609c2dbc0b5 , Price: 0.0]
2026-03-18 11:50:30.447  INFO 1 --- [io-12031-exec-3] order.controller.OrderController         : [createNewOrder][Create Order][from shanghai to taiyuan at 1970-01-02 18:17:36]
2026-03-18 11:50:30.447  INFO 1 --- [io-12031-exec-3] order.service.OrderServiceImpl           : [create][Create Order][Ready to Create Order]
2026-03-18 11:50:30.472  INFO 1 --- [io-12031-exec-3] order.service.OrderServiceImpl           : [create][Order Create Success][Order Price][OrderId:821a7e7b-be90-43ce-be88-377e6248ec22 , Price: 0.0]
2026-03-18 11:50:30.750  INFO 1 --- [io-12031-exec-2] order.controller.OrderController         : [createNewOrder][Create Order][from shanghai to taiyuan at 1970-01-02 18:17:36]
2026-03-18 11:50:30.750  INFO 1 --- [io-12031-exec-2] order.service.OrderServiceImpl           : [create][Create Order][Ready to Create Order]
2026-03-18 11:50:30.771  INFO 1 --- [io-12031-exec-2] order.service.OrderServiceImpl           : [create][Order Create Success][Order Price][OrderId:661ab1c2-ac9c-47a9-bdc3-abcdec0b9d10 , Price: 0.0]
2026-03-18 11:50:31.052  INFO 1 --- [io-12031-exec-5] order.controller.OrderController         : [createNewOrder][Create Order][from shanghai to taiyuan at 1970-01-02 18:17:36]
2026-03-18 11:50:31.052  INFO 1 --- [io-12031-exec-5] order.service.OrderServiceImpl           : [create][Create Order][Ready to Create Order]
2026-03-18 11:50:31.084  INFO 1 --- [io-12031-exec-5] order.service.OrderServiceImpl           : [create][Order Create Success][Order Price][OrderId:12b51a27-296b-474e-88b9-0e77cf56b890 , Price: 0.0]
2026-03-18 11:50:31.355  INFO 1 --- [io-12031-exec-7] order.controller.OrderController         : [createNewOrder][Create Order][from shanghai to taiyuan at 1970-01-02 18:17:36]
2026-03-18 11:50:31.356  INFO 1 --- [io-12031-exec-7] order.service.OrderServiceImpl           : [create][Create Order][Ready to Create Order]
2026-03-18 11:50:31.380  INFO 1 --- [io-12031-exec-7] order.service.OrderServiceImpl           : [create][Order Create Success][Order Price][OrderId:034e1c3b-93dc-4c3b-83e6-d9d3b643bf61 , Price: 0.0]
2026-03-18 11:50:31.669  INFO 1 --- [io-12031-exec-6] order.controller.OrderController         : [createNewOrder][Create Order][from shanghai to taiyuan at 1970-01-02 18:17:36]
2026-03-18 11:50:31.669  INFO 1 --- [io-12031-exec-6] order.service.OrderServiceImpl           : [create][Create Order][Ready to Create Order]
2026-03-18 11:50:31.693  INFO 1 --- [io-12031-exec-6] order.service.OrderServiceImpl           : [create][Order Create Success][Order Price][OrderId:111a2394-00fd-4b67-9306-8fad611e11e8 , Price: 0.0]
2026-03-18 11:50:31.955  INFO 1 --- [io-12031-exec-8] order.controller.OrderController         : [createNewOrder][Create Order][from shanghai to taiyuan at 1970-01-02 18:17:36]
2026-03-18 11:50:31.955  INFO 1 --- [io-12031-exec-8] order.service.OrderServiceImpl           : [create][Create Order][Ready to Create Order]
2026-03-18 11:50:31.979  INFO 1 --- [io-12031-exec-8] order.service.OrderServiceImpl           : [create][Order Create Success][Order Price][OrderId:f29c42b8-934d-421a-ae26-5f354f8337cc , Price: 0.0]
2026-03-18 11:50:32.252  INFO 1 --- [o-12031-exec-10] order.controller.OrderController         : [createNewOrder][Create Order][from shanghai to taiyuan at 1970-01-02 18:17:36]
2026-03-18 11:50:32.252  INFO 1 --- [o-12031-exec-10] order.service.OrderServiceImpl           : [create][Create Order][Ready to Create Order]
2026-03-18 11:50:32.290  INFO 1 --- [o-12031-exec-10] order.service.OrderServiceImpl           : [create][Order Create Success][Order Price][OrderId:eed69cea-af19-43ab-aeca-98628601c44b , Price: 0.0]
2026-03-18 11:50:32.559  INFO 1 --- [io-12031-exec-9] order.controller.OrderController         : [createNewOrder][Create Order][from shanghai to taiyuan at 1970-01-02 18:17:36]
2026-03-18 11:50:32.559  INFO 1 --- [io-12031-exec-9] order.service.OrderServiceImpl           : [create][Create Order][Ready to Create Order]
2026-03-18 11:50:32.583  INFO 1 --- [io-12031-exec-9] order.service.OrderServiceImpl           : [create][Order Create Success][Order Price][OrderId:79e5839c-cbc8-4d0b-8a72-4d5196efab1c , Price: 0.0]
2026-03-18 11:50:32.857  INFO 1 --- [io-12031-exec-1] order.controller.OrderController         : [createNewOrder][Create Order][from shanghai to taiyuan at 1970-01-02 18:17:36]
2026-03-18 11:50:32.857  INFO 1 --- [io-12031-exec-1] order.service.OrderServiceImpl           : [create][Create Order][Ready to Create Order]
2026-03-18 11:50:32.883  INFO 1 --- [io-12031-exec-1] order.service.OrderServiceImpl           : [create][Order Create Success][Order Price][OrderId:d507755f-9a70-45e2-a78d-3ec4eb51ccb6 , Price: 0.0]
2026-03-18 11:50:33.161  INFO 1 --- [io-12031-exec-3] order.controller.OrderController         : [createNewOrder][Create Order][from shanghai to taiyuan at 1970-01-02 18:17:36]
2026-03-18 11:50:33.161  INFO 1 --- [io-12031-exec-3] order.service.OrderServiceImpl           : [create][Create Order][Ready to Create Order]
2026-03-18 11:50:33.366  INFO 1 --- [io-12031-exec-3] order.service.OrderServiceImpl           : [create][Order Create Success][Order Price][OrderId:9b0118d4-d90d-4777-a4aa-260923208e5f , Price: 0.0]
2026-03-18 11:50:33.641  INFO 1 --- [io-12031-exec-2] order.controller.OrderController         : [createNewOrder][Create Order][from shanghai to taiyuan at 1970-01-02 18:17:36]
2026-03-18 11:50:33.641  INFO 1 --- [io-12031-exec-2] order.service.OrderServiceImpl           : [create][Create Order][Ready to Create Order]
2026-03-18 11:50:33.663  INFO 1 --- [io-12031-exec-2] order.service.OrderServiceImpl           : [create][Order Create Success][Order Price][OrderId:e4c085b1-e089-482e-91f9-ad0e93162953 , Price: 0.0]
2026-03-18 11:50:33.936  INFO 1 --- [io-12031-exec-5] order.controller.OrderController         : [createNewOrder][Create Order][from shanghai to taiyuan at 1970-01-02 18:17:36]
2026-03-18 11:50:33.936  INFO 1 --- [io-12031-exec-5] order.service.OrderServiceImpl           : [create][Create Order][Ready to Create Order]
2026-03-18 11:50:33.960  INFO 1 --- [io-12031-exec-5] order.service.OrderServiceImpl           : [create][Order Create Success][Order Price][OrderId:56bad517-5b5e-4712-82bd-f08e216afde5 , Price: 0.0]
2026-03-18 11:50:34.236  INFO 1 --- [io-12031-exec-4] order.controller.OrderController         : [createNewOrder][Create Order][from shanghai to taiyuan at 1970-01-02 18:17:36]
2026-03-18 11:50:34.236  INFO 1 --- [io-12031-exec-4] order.service.OrderServiceImpl           : [create][Create Order][Ready to Create Order]
2026-03-18 11:50:34.260  INFO 1 --- [io-12031-exec-4] order.service.OrderServiceImpl           : [create][Order Create Success][Order Price][OrderId:2125621a-ab7d-432a-90e4-a8fe681796bf , Price: 0.0]
2026-03-18 11:50:34.630  INFO 1 --- [io-12031-exec-7] order.controller.OrderController         : [createNewOrder][Create Order][from shanghai to taiyuan at 1970-01-02 18:17:36]
2026-03-18 11:50:34.630  INFO 1 --- [io-12031-exec-7] order.service.OrderServiceImpl           : [create][Create Order][Ready to Create Order]
2026-03-18 11:50:34.771  INFO 1 --- [io-12031-exec-7] order.service.OrderServiceImpl           : [create][Order Create Success][Order Price][OrderId:6962f56f-1624-457c-bf60-3f7d31a5a600 , Price: 0.0]
2026-03-18 11:50:35.056  INFO 1 --- [io-12031-exec-6] order.controller.OrderController         : [createNewOrder][Create Order][from shanghai to taiyuan at 1970-01-02 18:17:36]
2026-03-18 11:50:35.057  INFO 1 --- [io-12031-exec-6] order.service.OrderServiceImpl           : [create][Create Order][Ready to Create Order]
2026-03-18 11:50:35.081  INFO 1 --- [io-12031-exec-6] order.service.OrderServiceImpl           : [create][Order Create Success][Order Price][OrderId:cb35e046-16fa-4931-82e4-7cb161b37c6b , Price: 0.0]
2026-03-18 11:50:35.355  INFO 1 --- [io-12031-exec-8] order.controller.OrderController         : [createNewOrder][Create Order][from shanghai to taiyuan at 1970-01-02 18:17:36]
2026-03-18 11:50:35.355  INFO 1 --- [io-12031-exec-8] order.service.OrderServiceImpl           : [create][Create Order][Ready to Create Order]
2026-03-18 11:50:35.380  INFO 1 --- [io-12031-exec-8] order.service.OrderServiceImpl           : [create][Order Create Success][Order Price][OrderId:98f4cbea-0b36-49f1-a764-0cd416321a5a , Price: 0.0]
2026-03-18 11:50:35.657  INFO 1 --- [o-12031-exec-10] order.controller.OrderController         : [createNewOrder][Create Order][from shanghai to taiyuan at 1970-01-02 18:17:36]
2026-03-18 11:50:35.657  INFO 1 --- [o-12031-exec-10] order.service.OrderServiceImpl           : [create][Create Order][Ready to Create Order]
2026-03-18 11:50:35.791  INFO 1 --- [o-12031-exec-10] order.service.OrderServiceImpl           : [create][Order Create Success][Order Price][OrderId:128e737e-0763-4514-8e7a-551f2d4c5417 , Price: 0.0]
2026-03-18 11:50:36.061  INFO 1 --- [io-12031-exec-9] order.controller.OrderController         : [createNewOrder][Create Order][from shanghai to taiyuan at 1970-01-02 18:17:36]
2026-03-18 11:50:36.061  INFO 1 --- [io-12031-exec-9] order.service.OrderServiceImpl           : [create][Create Order][Ready to Create Order]
2026-03-18 11:50:36.088  INFO 1 --- [io-12031-exec-9] order.service.OrderServiceImpl           : [create][Order Create Success][Order Price][OrderId:8144bf97-e3a2-482d-800c-e5a53d9f66b0 , Price: 0.0]
2026-03-18 11:50:36.359  INFO 1 --- [io-12031-exec-1] order.controller.OrderController         : [createNewOrder][Create Order][from shanghai to taiyuan at 1970-01-02 18:17:36]
2026-03-18 11:50:36.359  INFO 1 --- [io-12031-exec-1] order.service.OrderServiceImpl           : [create][Create Order][Ready to Create Order]
2026-03-18 11:50:36.385  INFO 1 --- [io-12031-exec-1] order.service.OrderServiceImpl           : [create][Order Create Success][Order Price][OrderId:b050c525-f8f7-4a7b-9131-4aa5808a1f9a , Price: 0.0]
2026-03-18 11:50:36.662  INFO 1 --- [io-12031-exec-3] order.controller.OrderController         : [createNewOrder][Create Order][from shanghai to taiyuan at 1970-01-02 18:17:36]
2026-03-18 11:50:36.662  INFO 1 --- [io-12031-exec-3] order.service.OrderServiceImpl           : [create][Create Order][Ready to Create Order]
2026-03-18 11:50:36.686  INFO 1 --- [io-12031-exec-3] order.service.OrderServiceImpl           : [create][Order Create Success][Order Price][OrderId:71d7581e-f053-4f0b-94ad-cbd455ed8536 , Price: 0.0]
2026-03-18 11:50:36.956  INFO 1 --- [io-12031-exec-2] order.controller.OrderController         : [createNewOrder][Create Order][from shanghai to taiyuan at 1970-01-02 18:17:36]
2026-03-18 11:50:36.956  INFO 1 --- [io-12031-exec-2] order.service.OrderServiceImpl           : [create][Create Order][Ready to Create Order]
2026-03-18 11:50:36.989  INFO 1 --- [io-12031-exec-2] order.service.OrderServiceImpl           : [create][Order Create Success][Order Price][OrderId:d65a02f1-d934-494a-ab66-4f6340ddb5a1 , Price: 0.0]
2026-03-18 11:50:37.253  INFO 1 --- [io-12031-exec-5] order.controller.OrderController         : [createNewOrder][Create Order][from shanghai to taiyuan at 1970-01-02 18:17:36]
2026-03-18 11:50:37.253  INFO 1 --- [io-12031-exec-5] order.service.OrderServiceImpl           : [create][Create Order][Ready to Create Order]
2026-03-18 11:50:37.279  INFO 1 --- [io-12031-exec-5] order.service.OrderServiceImpl           : [create][Order Create Success][Order Price][OrderId:a0ea4132-0f86-4428-8e77-527348f4df68 , Price: 0.0]
2026-03-18 11:50:37.547  INFO 1 --- [io-12031-exec-4] order.controller.OrderController         : [createNewOrder][Create Order][from shanghai to taiyuan at 1970-01-02 18:17:36]
2026-03-18 11:50:37.547  INFO 1 --- [io-12031-exec-4] order.service.OrderServiceImpl           : [create][Create Order][Ready to Create Order]
2026-03-18 11:50:37.571  INFO 1 --- [io-12031-exec-4] order.service.OrderServiceImpl           : [create][Order Create Success][Order Price][OrderId:650b4ef4-b763-43be-a36a-1caf9fa33621 , Price: 0.0]
2026-03-18 11:50:37.849  INFO 1 --- [io-12031-exec-7] order.controller.OrderController         : [createNewOrder][Create Order][from shanghai to taiyuan at 1970-01-02 18:17:36]
2026-03-18 11:50:37.849  INFO 1 --- [io-12031-exec-7] order.service.OrderServiceImpl           : [create][Create Order][Ready to Create Order]
2026-03-18 11:50:37.882  INFO 1 --- [io-12031-exec-7] order.service.OrderServiceImpl           : [create][Order Create Success][Order Price][OrderId:4e0c552a-1e09-42c2-8f72-7088e4f6a375 , Price: 0.0]
2026-03-18 11:50:38.156  INFO 1 --- [io-12031-exec-6] order.controller.OrderController         : [createNewOrder][Create Order][from shanghai to taiyuan at 1970-01-02 18:17:36]
2026-03-18 11:50:38.156  INFO 1 --- [io-12031-exec-6] order.service.OrderServiceImpl           : [create][Create Order][Ready to Create Order]
2026-03-18 11:50:38.180  INFO 1 --- [io-12031-exec-6] order.service.OrderServiceImpl           : [create][Order Create Success][Order Price][OrderId:09028795-9a81-45a7-8e2f-26c25c1e12e7 , Price: 0.0]
2026-03-18 11:50:38.456  INFO 1 --- [io-12031-exec-8] order.controller.OrderController         : [createNewOrder][Create Order][from shanghai to taiyuan at 1970-01-02 18:17:36]
2026-03-18 11:50:38.456  INFO 1 --- [io-12031-exec-8] order.service.OrderServiceImpl           : [create][Create Order][Ready to Create Order]
2026-03-18 11:50:38.481  INFO 1 --- [io-12031-exec-8] order.service.OrderServiceImpl           : [create][Order Create Success][Order Price][OrderId:953faea2-92ba-4829-9c89-06310269ee73 , Price: 0.0]
2026-03-18 11:50:38.753  INFO 1 --- [o-12031-exec-10] order.controller.OrderController         : [createNewOrder][Create Order][from shanghai to taiyuan at 1970-01-02 18:17:36]
2026-03-18 11:50:38.753  INFO 1 --- [o-12031-exec-10] order.service.OrderServiceImpl           : [create][Create Order][Ready to Create Order]
2026-03-18 11:50:38.778  INFO 1 --- [o-12031-exec-10] order.service.OrderServiceImpl           : [create][Order Create Success][Order Price][OrderId:b7798e46-bd1e-4c09-a731-498ea968a89a , Price: 0.0]
2026-03-18 11:50:39.052  INFO 1 --- [io-12031-exec-9] order.controller.OrderController         : [createNewOrder][Create Order][from shanghai to taiyuan at 1970-01-02 18:17:36]
2026-03-18 11:50:39.052  INFO 1 --- [io-12031-exec-9] order.service.OrderServiceImpl           : [create][Create Order][Ready to Create Order]
2026-03-18 11:50:39.166  INFO 1 --- [io-12031-exec-9] order.service.OrderServiceImpl           : [create][Order Create Success][Order Price][OrderId:683c22e6-46e3-4e51-8fd7-df26998028cc , Price: 0.0]
2026-03-18 11:50:39.442  INFO 1 --- [io-12031-exec-1] order.controller.OrderController         : [createNewOrder][Create Order][from shanghai to taiyuan at 1970-01-02 18:17:36]
2026-03-18 11:50:39.442  INFO 1 --- [io-12031-exec-1] order.service.OrderServiceImpl           : [create][Create Order][Ready to Create Order]
2026-03-18 11:50:39.466  INFO 1 --- [io-12031-exec-1] order.service.OrderServiceImpl           : [create][Order Create Success][Order Price][OrderId:cf778154-c57d-4bf1-8fa9-5963c43b1bc3 , Price: 0.0]
2026-03-18 11:50:39.752  INFO 1 --- [io-12031-exec-3] order.controller.OrderController         : [createNewOrder][Create Order][from shanghai to taiyuan at 1970-01-02 18:17:36]
2026-03-18 11:50:39.752  INFO 1 --- [io-12031-exec-3] order.service.OrderServiceImpl           : [create][Create Order][Ready to Create Order]
2026-03-18 11:50:39.778  INFO 1 --- [io-12031-exec-3] order.service.OrderServiceImpl           : [create][Order Create Success][Order Price][OrderId:023c0615-f3de-4dff-a678-7f0d09535637 , Price: 0.0]
2026-03-18 11:50:40.060  INFO 1 --- [io-12031-exec-2] order.controller.OrderController         : [createNewOrder][Create Order][from shanghai to taiyuan at 1970-01-02 18:17:36]
2026-03-18 11:50:40.060  INFO 1 --- [io-12031-exec-2] order.service.OrderServiceImpl           : [create][Create Order][Ready to Create Order]
2026-03-18 11:50:40.187  INFO 1 --- [io-12031-exec-2] order.service.OrderServiceImpl           : [create][Order Create Success][Order Price][OrderId:3a8dc940-b898-4c59-a203-d783e95b7b7a , Price: 0.0]
2026-03-18 11:50:40.454  INFO 1 --- [io-12031-exec-5] order.controller.OrderController         : [createNewOrder][Create Order][from shanghai to taiyuan at 1970-01-02 18:17:36]
2026-03-18 11:50:40.455  INFO 1 --- [io-12031-exec-5] order.service.OrderServiceImpl           : [create][Create Order][Ready to Create Order]
2026-03-18 11:50:40.478  INFO 1 --- [io-12031-exec-5] order.service.OrderServiceImpl           : [create][Order Create Success][Order Price][OrderId:e20265dd-b6eb-4e6c-a850-ef6a0f3f3fba , Price: 0.0]
2026-03-18 11:50:40.858  INFO 1 --- [io-12031-exec-4] order.controller.OrderController         : [createNewOrder][Create Order][from shanghai to taiyuan at 1970-01-02 18:17:36]
2026-03-18 11:50:40.858  INFO 1 --- [io-12031-exec-4] order.service.OrderServiceImpl           : [create][Create Order][Ready to Create Order]
2026-03-18 11:50:40.886  INFO 1 --- [io-12031-exec-4] order.service.OrderServiceImpl           : [create][Order Create Success][Order Price][OrderId:9c63f6ac-4647-48ba-b541-f21486ac5e69 , Price: 0.0]
2026-03-18 11:50:41.345  INFO 1 --- [io-12031-exec-6] order.controller.OrderController         : [createNewOrder][Create Order][from shanghai to taiyuan at 1970-01-02 18:17:36]
2026-03-18 11:50:41.345  INFO 1 --- [io-12031-exec-6] order.service.OrderServiceImpl           : [create][Create Order][Ready to Create Order]
2026-03-18 11:50:41.388  INFO 1 --- [io-12031-exec-6] order.service.OrderServiceImpl           : [create][Order Create Success][Order Price][OrderId:fe0a1807-2a48-445f-bf01-9c3d3af4e5e7 , Price: 0.0]
2026-03-18 11:50:41.774  INFO 1 --- [io-12031-exec-8] order.controller.OrderController         : [createNewOrder][Create Order][from shanghai to taiyuan at 1970-01-02 18:17:36]
2026-03-18 11:50:41.774  INFO 1 --- [io-12031-exec-8] order.service.OrderServiceImpl           : [create][Create Order][Ready to Create Order]
2026-03-18 11:50:41.979  INFO 1 --- [io-12031-exec-8] order.service.OrderServiceImpl           : [create][Order Create Success][Order Price][OrderId:c581aca2-466e-476d-b728-52e7f20e2769 , Price: 0.0]
2026-03-18 11:50:42.259  INFO 1 --- [o-12031-exec-10] order.controller.OrderController         : [createNewOrder][Create Order][from shanghai to taiyuan at 1970-01-02 18:17:36]
2026-03-18 11:50:42.259  INFO 1 --- [o-12031-exec-10] order.service.OrderServiceImpl           : [create][Create Order][Ready to Create Order]
2026-03-18 11:50:42.289  INFO 1 --- [o-12031-exec-10] order.service.OrderServiceImpl           : [create][Order Create Success][Order Price][OrderId:8348c06e-b60a-4242-8866-f29891adb4b6 , Price: 0.0]
2026-03-18 11:50:42.654  INFO 1 --- [io-12031-exec-9] order.controller.OrderController         : [createNewOrder][Create Order][from shanghai to taiyuan at 1970-01-02 18:17:36]
2026-03-18 11:50:42.654  INFO 1 --- [io-12031-exec-9] order.service.OrderServiceImpl           : [create][Create Order][Ready to Create Order]
2026-03-18 11:50:42.677  INFO 1 --- [io-12031-exec-9] order.service.OrderServiceImpl           : [create][Order Create Success][Order Price][OrderId:449989bb-cc11-4745-b899-36e9f6c2c5bf , Price: 0.0]
2026-03-18 11:50:42.949  INFO 1 --- [io-12031-exec-1] order.controller.OrderController         : [createNewOrder][Create Order][from shanghai to taiyuan at 1970-01-02 18:17:36]
2026-03-18 11:50:42.949  INFO 1 --- [io-12031-exec-1] order.service.OrderServiceImpl           : [create][Create Order][Ready to Create Order]
2026-03-18 11:50:42.985  INFO 1 --- [io-12031-exec-1] order.service.OrderServiceImpl           : [create][Order Create Success][Order Price][OrderId:e84dfe73-920c-4ada-bb08-a53ec1c7236b , Price: 0.0]
2026-03-18 11:50:43.253  INFO 1 --- [io-12031-exec-3] order.controller.OrderController         : [createNewOrder][Create Order][from shanghai to taiyuan at 1970-01-02 18:17:36]
2026-03-18 11:50:43.253  INFO 1 --- [io-12031-exec-3] order.service.OrderServiceImpl           : [create][Create Order][Ready to Create Order]
2026-03-18 11:50:43.278  INFO 1 --- [io-12031-exec-3] order.service.OrderServiceImpl           : [create][Order Create Success][Order Price][OrderId:729518e9-6345-43c6-91cf-460695f1c0a4 , Price: 0.0]
2026-03-18 11:50:43.550  INFO 1 --- [io-12031-exec-2] order.controller.OrderController         : [createNewOrder][Create Order][from shanghai to taiyuan at 1970-01-02 18:17:36]
2026-03-18 11:50:43.550  INFO 1 --- [io-12031-exec-2] order.service.OrderServiceImpl           : [create][Create Order][Ready to Create Order]
2026-03-18 11:50:43.575  INFO 1 --- [io-12031-exec-2] order.service.OrderServiceImpl           : [create][Order Create Success][Order Price][OrderId:ad1ae8ef-f01e-4ff1-ba25-62ce9d35fdaf , Price: 0.0]
2026-03-18 11:50:43.851  INFO 1 --- [io-12031-exec-5] order.controller.OrderController         : [createNewOrder][Create Order][from shanghai to taiyuan at 1970-01-02 18:17:36]
2026-03-18 11:50:43.851  INFO 1 --- [io-12031-exec-5] order.service.OrderServiceImpl           : [create][Create Order][Ready to Create Order]
2026-03-18 11:50:43.873  INFO 1 --- [io-12031-exec-5] order.service.OrderServiceImpl           : [create][Order Create Success][Order Price][OrderId:a7b6cd49-d6f9-4264-9bca-bc628dfd7bc3 , Price: 0.0]
2026-03-18 11:50:44.149  INFO 1 --- [io-12031-exec-4] order.controller.OrderController         : [createNewOrder][Create Order][from shanghai to taiyuan at 1970-01-02 18:17:36]
2026-03-18 11:50:44.149  INFO 1 --- [io-12031-exec-4] order.service.OrderServiceImpl           : [create][Create Order][Ready to Create Order]
2026-03-18 11:50:44.272  INFO 1 --- [io-12031-exec-4] order.service.OrderServiceImpl           : [create][Order Create Success][Order Price][OrderId:eff2efce-54f6-4316-a892-4daac1e3b4b3 , Price: 0.0]
2026-03-18 11:50:44.549  INFO 1 --- [io-12031-exec-7] order.controller.OrderController         : [createNewOrder][Create Order][from shanghai to taiyuan at 1970-01-02 18:17:36]
2026-03-18 11:50:44.549  INFO 1 --- [io-12031-exec-7] order.service.OrderServiceImpl           : [create][Create Order][Ready to Create Order]
2026-03-18 11:50:44.575  INFO 1 --- [io-12031-exec-7] order.service.OrderServiceImpl           : [create][Order Create Success][Order Price][OrderId:1ef4e611-8e66-4962-a5b3-6c92633f3302 , Price: 0.0]
2026-03-18 11:50:44.845  INFO 1 --- [io-12031-exec-6] order.controller.OrderController         : [createNewOrder][Create Order][from shanghai to taiyuan at 1970-01-02 18:17:36]
2026-03-18 11:50:44.845  INFO 1 --- [io-12031-exec-6] order.service.OrderServiceImpl           : [create][Create Order][Ready to Create Order]
2026-03-18 11:50:44.872  INFO 1 --- [io-12031-exec-6] order.service.OrderServiceImpl           : [create][Order Create Success][Order Price][OrderId:0ea6351f-313d-4d02-a892-ccde550b5436 , Price: 0.0]
2026-03-18 11:50:45.157  INFO 1 --- [io-12031-exec-8] order.controller.OrderController         : [createNewOrder][Create Order][from shanghai to taiyuan at 1970-01-02 18:17:36]
2026-03-18 11:50:45.157  INFO 1 --- [io-12031-exec-8] order.service.OrderServiceImpl           : [create][Create Order][Ready to Create Order]
2026-03-18 11:50:45.389  INFO 1 --- [io-12031-exec-8] order.service.OrderServiceImpl           : [create][Order Create Success][Order Price][OrderId:23fc6ccf-1868-4ead-97df-07f00f21dfb8 , Price: 0.0]
2026-03-18 11:50:45.655  INFO 1 --- [o-12031-exec-10] order.controller.OrderController         : [createNewOrder][Create Order][from shanghai to taiyuan at 1970-01-02 18:17:36]
2026-03-18 11:50:45.655  INFO 1 --- [o-12031-exec-10] order.service.OrderServiceImpl           : [create][Create Order][Ready to Create Order]
2026-03-18 11:50:45.678  INFO 1 --- [o-12031-exec-10] order.service.OrderServiceImpl           : [create][Order Create Success][Order Price][OrderId:2f830956-b0bd-4947-aa6b-10a95c722d23 , Price: 0.0]
2026-03-18 11:50:45.952  INFO 1 --- [io-12031-exec-9] order.controller.OrderController         : [createNewOrder][Create Order][from shanghai to taiyuan at 1970-01-02 18:17:36]
2026-03-18 11:50:45.952  INFO 1 --- [io-12031-exec-9] order.service.OrderServiceImpl           : [create][Create Order][Ready to Create Order]
2026-03-18 11:50:45.976  INFO 1 --- [io-12031-exec-9] order.service.OrderServiceImpl           : [create][Order Create Success][Order Price][OrderId:ed376434-de2e-42f2-905b-42bfa488e1ca , Price: 0.0]
2026-03-18 11:50:46.275  INFO 1 --- [io-12031-exec-1] order.controller.OrderController         : [createNewOrder][Create Order][from shanghai to taiyuan at 1970-01-02 18:17:36]
2026-03-18 11:50:46.275  INFO 1 --- [io-12031-exec-1] order.service.OrderServiceImpl           : [create][Create Order][Ready to Create Order]
2026-03-18 11:50:46.301  INFO 1 --- [io-12031-exec-1] order.service.OrderServiceImpl           : [create][Order Create Success][Order Price][OrderId:494c9fae-474a-413c-83f8-5339b9bd8b6f , Price: 0.0]
2026-03-18 11:50:46.571  INFO 1 --- [io-12031-exec-3] order.controller.OrderController         : [createNewOrder][Create Order][from shanghai to taiyuan at 1970-01-02 18:17:36]
2026-03-18 11:50:46.571  INFO 1 --- [io-12031-exec-3] order.service.OrderServiceImpl           : [create][Create Order][Ready to Create Order]
2026-03-18 11:50:46.678  INFO 1 --- [io-12031-exec-3] order.service.OrderServiceImpl           : [create][Order Create Success][Order Price][OrderId:0abb082b-6369-43af-a062-9fe7d90d34d1 , Price: 0.0]
2026-03-18 11:50:46.950  INFO 1 --- [io-12031-exec-2] order.controller.OrderController         : [createNewOrder][Create Order][from shanghai to taiyuan at 1970-01-02 18:17:36]
2026-03-18 11:50:46.950  INFO 1 --- [io-12031-exec-2] order.service.OrderServiceImpl           : [create][Create Order][Ready to Create Order]
2026-03-18 11:50:46.975  INFO 1 --- [io-12031-exec-2] order.service.OrderServiceImpl           : [create][Order Create Success][Order Price][OrderId:7e8d4114-a73e-4e4d-a013-28a570e1c1ed , Price: 0.0]
2026-03-18 11:50:47.248  INFO 1 --- [io-12031-exec-5] order.controller.OrderController         : [createNewOrder][Create Order][from shanghai to taiyuan at 1970-01-02 18:17:36]
2026-03-18 11:50:47.248  INFO 1 --- [io-12031-exec-5] order.service.OrderServiceImpl           : [create][Create Order][Ready to Create Order]
2026-03-18 11:50:47.274  INFO 1 --- [io-12031-exec-5] order.service.OrderServiceImpl           : [create][Order Create Success][Order Price][OrderId:552bb7ce-126c-46bb-8cde-301587f5ff7c , Price: 0.0]
2026-03-18 11:50:47.550  INFO 1 --- [io-12031-exec-4] order.controller.OrderController         : [createNewOrder][Create Order][from shanghai to taiyuan at 1970-01-02 18:17:36]
2026-03-18 11:50:47.551  INFO 1 --- [io-12031-exec-4] order.service.OrderServiceImpl           : [create][Create Order][Ready to Create Order]
2026-03-18 11:50:47.586  INFO 1 --- [io-12031-exec-4] order.service.OrderServiceImpl           : [create][Order Create Success][Order Price][OrderId:cf1afd24-7699-432a-a94f-755e62574586 , Price: 0.0]
2026-03-18 11:50:47.859  INFO 1 --- [io-12031-exec-7] order.controller.OrderController         : [createNewOrder][Create Order][from shanghai to taiyuan at 1970-01-02 18:17:36]
2026-03-18 11:50:47.859  INFO 1 --- [io-12031-exec-7] order.service.OrderServiceImpl           : [create][Create Order][Ready to Create Order]
2026-03-18 11:50:47.884  INFO 1 --- [io-12031-exec-7] order.service.OrderServiceImpl           : [create][Order Create Success][Order Price][OrderId:c068a0f7-cad1-4f42-a6f4-243b66220151 , Price: 0.0]
2026-03-18 11:50:48.158  INFO 1 --- [io-12031-exec-6] order.controller.OrderController         : [createNewOrder][Create Order][from shanghai to taiyuan at 1970-01-02 18:17:36]
2026-03-18 11:50:48.158  INFO 1 --- [io-12031-exec-6] order.service.OrderServiceImpl           : [create][Create Order][Ready to Create Order]
2026-03-18 11:50:48.182  INFO 1 --- [io-12031-exec-6] order.service.OrderServiceImpl           : [create][Order Create Success][Order Price][OrderId:b751bbb9-20f3-469e-825b-5e27d97cddc8 , Price: 0.0]
2026-03-18 11:50:48.459  INFO 1 --- [io-12031-exec-8] order.controller.OrderController         : [createNewOrder][Create Order][from shanghai to taiyuan at 1970-01-02 18:17:36]
2026-03-18 11:50:48.459  INFO 1 --- [io-12031-exec-8] order.service.OrderServiceImpl           : [create][Create Order][Ready to Create Order]
2026-03-18 11:50:48.484  INFO 1 --- [io-12031-exec-8] order.service.OrderServiceImpl           : [create][Order Create Success][Order Price][OrderId:7b90e742-be6b-46e1-8bf7-ac3f8007dc0b , Price: 0.0]
2026-03-18 11:50:48.756  INFO 1 --- [o-12031-exec-10] order.controller.OrderController         : [createNewOrder][Create Order][from shanghai to taiyuan at 1970-01-02 18:17:36]
2026-03-18 11:50:48.756  INFO 1 --- [o-12031-exec-10] order.service.OrderServiceImpl           : [create][Create Order][Ready to Create Order]
2026-03-18 11:50:48.897  INFO 1 --- [o-12031-exec-10] order.service.OrderServiceImpl           : [create][Order Create Success][Order Price][OrderId:3580eb21-4c33-46dc-a6fa-29199547b3c2 , Price: 0.0]
2026-03-18 11:50:49.156  INFO 1 --- [io-12031-exec-9] order.controller.OrderController         : [createNewOrder][Create Order][from shanghai to taiyuan at 1970-01-02 18:17:36]
2026-03-18 11:50:49.156  INFO 1 --- [io-12031-exec-9] order.service.OrderServiceImpl           : [create][Create Order][Ready to Create Order]
2026-03-18 11:50:49.180  INFO 1 --- [io-12031-exec-9] order.service.OrderServiceImpl           : [create][Order Create Success][Order Price][OrderId:65db6232-ac41-467e-846a-4842474369b7 , Price: 0.0]
2026-03-18 11:50:49.451  INFO 1 --- [io-12031-exec-1] order.controller.OrderController         : [createNewOrder][Create Order][from shanghai to taiyuan at 1970-01-02 18:17:36]
2026-03-18 11:50:49.451  INFO 1 --- [io-12031-exec-1] order.service.OrderServiceImpl           : [create][Create Order][Ready to Create Order]
2026-03-18 11:50:49.475  INFO 1 --- [io-12031-exec-1] order.service.OrderServiceImpl           : [create][Order Create Success][Order Price][OrderId:ed68172d-e7c7-4ee7-9277-14022a217db6 , Price: 0.0]
2026-03-18 11:50:49.759  INFO 1 --- [io-12031-exec-3] order.controller.OrderController         : [createNewOrder][Create Order][from shanghai to taiyuan at 1970-01-02 18:17:36]
2026-03-18 11:50:49.759  INFO 1 --- [io-12031-exec-3] order.service.OrderServiceImpl           : [create][Create Order][Ready to Create Order]
2026-03-18 11:50:49.885  INFO 1 --- [io-12031-exec-3] order.service.OrderServiceImpl           : [create][Order Create Success][Order Price][OrderId:a472236a-bc72-4980-b401-403e15eb8851 , Price: 0.0]
2026-03-18 11:50:50.159  INFO 1 --- [io-12031-exec-2] order.controller.OrderController         : [createNewOrder][Create Order][from shanghai to taiyuan at 1970-01-02 18:17:36]
2026-03-18 11:50:50.159  INFO 1 --- [io-12031-exec-2] order.service.OrderServiceImpl           : [create][Create Order][Ready to Create Order]
2026-03-18 11:50:50.184  INFO 1 --- [io-12031-exec-2] order.service.OrderServiceImpl           : [create][Order Create Success][Order Price][OrderId:45b52f36-e722-428b-bc30-c4b6b97f26f2 , Price: 0.0]
2026-03-18 11:50:50.452  INFO 1 --- [io-12031-exec-5] order.controller.OrderController         : [createNewOrder][Create Order][from shanghai to taiyuan at 1970-01-02 18:17:36]
2026-03-18 11:50:50.452  INFO 1 --- [io-12031-exec-5] order.service.OrderServiceImpl           : [create][Create Order][Ready to Create Order]
2026-03-18 11:50:50.478  INFO 1 --- [io-12031-exec-5] order.service.OrderServiceImpl           : [create][Order Create Success][Order Price][OrderId:188a18f7-7e30-4c9b-a030-e0673f39d1f6 , Price: 0.0]
2026-03-18 11:50:50.753  INFO 1 --- [io-12031-exec-4] order.controller.OrderController         : [createNewOrder][Create Order][from shanghai to taiyuan at 1970-01-02 18:17:36]
2026-03-18 11:50:50.753  INFO 1 --- [io-12031-exec-4] order.service.OrderServiceImpl           : [create][Create Order][Ready to Create Order]
2026-03-18 11:50:50.875  INFO 1 --- [io-12031-exec-4] order.service.OrderServiceImpl           : [create][Order Create Success][Order Price][OrderId:3a99bfa3-3bb2-462c-a78f-da72ad78f345 , Price: 0.0]
2026-03-18 11:50:51.155  INFO 1 --- [io-12031-exec-7] order.controller.OrderController         : [createNewOrder][Create Order][from shanghai to taiyuan at 1970-01-02 18:17:36]
2026-03-18 11:50:51.155  INFO 1 --- [io-12031-exec-7] order.service.OrderServiceImpl           : [create][Create Order][Ready to Create Order]
2026-03-18 11:50:51.182  INFO 1 --- [io-12031-exec-7] order.service.OrderServiceImpl           : [create][Order Create Success][Order Price][OrderId:df8c70ab-4b70-4e17-bd32-2ede44a7a58f , Price: 0.0]
2026-03-18 11:50:51.456  INFO 1 --- [io-12031-exec-8] order.controller.OrderController         : [createNewOrder][Create Order][from shanghai to taiyuan at 1970-01-02 18:17:36]
2026-03-18 11:50:51.456  INFO 1 --- [io-12031-exec-8] order.service.OrderServiceImpl           : [create][Create Order][Ready to Create Order]
2026-03-18 11:50:51.481  INFO 1 --- [io-12031-exec-8] order.service.OrderServiceImpl           : [create][Order Create Success][Order Price][OrderId:bc641d17-c305-4e29-9b61-dd239f973202 , Price: 0.0]
2026-03-18 11:50:51.750  INFO 1 --- [o-12031-exec-10] order.controller.OrderController         : [createNewOrder][Create Order][from shanghai to taiyuan at 1970-01-02 18:17:36]
2026-03-18 11:50:51.750  INFO 1 --- [o-12031-exec-10] order.service.OrderServiceImpl           : [create][Create Order][Ready to Create Order]
2026-03-18 11:50:51.775  INFO 1 --- [o-12031-exec-10] order.service.OrderServiceImpl           : [create][Order Create Success][Order Price][OrderId:e0a8441e-d5d2-4950-a0c8-56568c0026fe , Price: 0.0]
2026-03-18 11:50:52.048  INFO 1 --- [io-12031-exec-9] order.controller.OrderController         : [createNewOrder][Create Order][from shanghai to taiyuan at 1970-01-02 18:17:36]
2026-03-18 11:50:52.048  INFO 1 --- [io-12031-exec-9] order.service.OrderServiceImpl           : [create][Create Order][Ready to Create Order]
2026-03-18 11:50:52.099  INFO 1 --- [io-12031-exec-9] order.service.OrderServiceImpl           : [create][Order Create Success][Order Price][OrderId:5cff973e-5444-437d-b876-1d0da3b27655 , Price: 0.0]
2026-03-18 11:50:52.357  INFO 1 --- [io-12031-exec-1] order.controller.OrderController         : [createNewOrder][Create Order][from shanghai to taiyuan at 1970-01-02 18:17:36]
2026-03-18 11:50:52.357  INFO 1 --- [io-12031-exec-1] order.service.OrderServiceImpl           : [create][Create Order][Ready to Create Order]
2026-03-18 11:50:52.381  INFO 1 --- [io-12031-exec-1] order.service.OrderServiceImpl           : [create][Order Create Success][Order Price][OrderId:49a1d453-d702-473d-95e9-87cd60b8fc96 , Price: 0.0]
2026-03-18 11:50:52.655  INFO 1 --- [io-12031-exec-3] order.controller.OrderController         : [createNewOrder][Create Order][from shanghai to taiyuan at 1970-01-02 18:17:36]
2026-03-18 11:50:52.655  INFO 1 --- [io-12031-exec-3] order.service.OrderServiceImpl           : [create][Create Order][Ready to Create Order]
2026-03-18 11:50:52.677  INFO 1 --- [io-12031-exec-3] order.service.OrderServiceImpl           : [create][Order Create Success][Order Price][OrderId:2389902d-2782-4489-b5ea-9b817c7471bd , Price: 0.0]
2026-03-18 11:50:52.948  INFO 1 --- [io-12031-exec-2] order.controller.OrderController         : [createNewOrder][Create Order][from shanghai to taiyuan at 1970-01-02 18:17:36]
2026-03-18 11:50:52.948  INFO 1 --- [io-12031-exec-2] order.service.OrderServiceImpl           : [create][Create Order][Ready to Create Order]
2026-03-18 11:50:52.990  INFO 1 --- [io-12031-exec-2] order.service.OrderServiceImpl           : [create][Order Create Success][Order Price][OrderId:85f2a5de-ce7e-41e2-ae3b-dfdaf888aaa7 , Price: 0.0]
2026-03-18 11:50:53.253  INFO 1 --- [io-12031-exec-5] order.controller.OrderController         : [createNewOrder][Create Order][from shanghai to taiyuan at 1970-01-02 18:17:36]
2026-03-18 11:50:53.253  INFO 1 --- [io-12031-exec-5] order.service.OrderServiceImpl           : [create][Create Order][Ready to Create Order]
2026-03-18 11:50:53.280  INFO 1 --- [io-12031-exec-5] order.service.OrderServiceImpl           : [create][Order Create Success][Order Price][OrderId:66f81e7c-411e-49a7-a7d1-71d3a423798e , Price: 0.0]
2026-03-18 11:50:53.546  INFO 1 --- [io-12031-exec-4] order.controller.OrderController         : [createNewOrder][Create Order][from shanghai to taiyuan at 1970-01-02 18:17:36]
2026-03-18 11:50:53.546  INFO 1 --- [io-12031-exec-4] order.service.OrderServiceImpl           : [create][Create Order][Ready to Create Order]
2026-03-18 11:50:53.569  INFO 1 --- [io-12031-exec-4] order.service.OrderServiceImpl           : [create][Order Create Success][Order Price][OrderId:28265f42-1093-43da-a73d-5ac60c625d0a , Price: 0.0]
2026-03-18 11:50:53.838  INFO 1 --- [io-12031-exec-7] order.controller.OrderController         : [createNewOrder][Create Order][from shanghai to taiyuan at 1970-01-02 18:17:36]
2026-03-18 11:50:53.838  INFO 1 --- [io-12031-exec-7] order.service.OrderServiceImpl           : [create][Create Order][Ready to Create Order]
2026-03-18 11:50:53.862  INFO 1 --- [io-12031-exec-7] order.service.OrderServiceImpl           : [create][Order Create Success][Order Price][OrderId:62f8cd35-b75c-49c7-a006-674ac2e67345 , Price: 0.0]
2026-03-18 11:50:54.129  INFO 1 --- [io-12031-exec-6] order.controller.OrderController         : [createNewOrder][Create Order][from shanghai to taiyuan at 1970-01-02 18:17:36]
2026-03-18 11:50:54.129  INFO 1 --- [io-12031-exec-6] order.service.OrderServiceImpl           : [create][Create Order][Ready to Create Order]
2026-03-18 11:50:54.184  INFO 1 --- [io-12031-exec-6] order.service.OrderServiceImpl           : [create][Order Create Success][Order Price][OrderId:771641b0-f892-417a-871a-fce332890981 , Price: 0.0]
2026-03-18 11:50:54.454  INFO 1 --- [io-12031-exec-8] order.controller.OrderController         : [createNewOrder][Create Order][from shanghai to taiyuan at 1970-01-02 18:17:36]
2026-03-18 11:50:54.455  INFO 1 --- [io-12031-exec-8] order.service.OrderServiceImpl           : [create][Create Order][Ready to Create Order]
2026-03-18 11:50:54.479  INFO 1 --- [io-12031-exec-8] order.service.OrderServiceImpl           : [create][Order Create Success][Order Price][OrderId:52a58c25-192e-4741-b93a-87bd10027cf4 , Price: 0.0]
2026-03-18 11:50:54.746  INFO 1 --- [o-12031-exec-10] order.controller.OrderController         : [createNewOrder][Create Order][from shanghai to taiyuan at 1970-01-02 18:17:36]
2026-03-18 11:50:54.746  INFO 1 --- [o-12031-exec-10] order.service.OrderServiceImpl           : [create][Create Order][Ready to Create Order]
2026-03-18 11:50:54.772  INFO 1 --- [o-12031-exec-10] order.service.OrderServiceImpl           : [create][Order Create Success][Order Price][OrderId:30e866d6-1976-497f-a2c5-703177e2c2ef , Price: 0.0]
2026-03-18 11:50:55.049  INFO 1 --- [io-12031-exec-9] order.controller.OrderController         : [createNewOrder][Create Order][from shanghai to taiyuan at 1970-01-02 18:17:36]
2026-03-18 11:50:55.049  INFO 1 --- [io-12031-exec-9] order.service.OrderServiceImpl           : [create][Create Order][Ready to Create Order]
2026-03-18 11:50:55.190  INFO 1 --- [io-12031-exec-9] order.service.OrderServiceImpl           : [create][Order Create Success][Order Price][OrderId:d338502e-57a1-447b-981b-c71a6b992c81 , Price: 0.0]
2026-03-18 11:50:55.453  INFO 1 --- [io-12031-exec-1] order.controller.OrderController         : [createNewOrder][Create Order][from shanghai to taiyuan at 1970-01-02 18:17:36]
2026-03-18 11:50:55.453  INFO 1 --- [io-12031-exec-1] order.service.OrderServiceImpl           : [create][Create Order][Ready to Create Order]
2026-03-18 11:50:55.477  INFO 1 --- [io-12031-exec-1] order.service.OrderServiceImpl           : [create][Order Create Success][Order Price][OrderId:bc3f04d7-7076-4f3e-8771-5f96c109ff7b , Price: 0.0]
2026-03-18 11:50:55.744  INFO 1 --- [io-12031-exec-3] order.controller.OrderController         : [createNewOrder][Create Order][from shanghai to taiyuan at 1970-01-02 18:17:36]
2026-03-18 11:50:55.744  INFO 1 --- [io-12031-exec-3] order.service.OrderServiceImpl           : [create][Create Order][Ready to Create Order]
2026-03-18 11:50:55.768  INFO 1 --- [io-12031-exec-3] order.service.OrderServiceImpl           : [create][Order Create Success][Order Price][OrderId:644fdfa9-d2db-45a2-9790-e97ebc20124c , Price: 0.0]
2026-03-18 11:50:56.045  INFO 1 --- [io-12031-exec-2] order.controller.OrderController         : [createNewOrder][Create Order][from shanghai to taiyuan at 1970-01-02 18:17:36]
2026-03-18 11:50:56.045  INFO 1 --- [io-12031-exec-2] order.service.OrderServiceImpl           : [create][Create Order][Ready to Create Order]
2026-03-18 11:50:56.086  INFO 1 --- [io-12031-exec-2] order.service.OrderServiceImpl           : [create][Order Create Success][Order Price][OrderId:828658a6-e4eb-4e54-9db1-1d2bebd6fe8d , Price: 0.0]
2026-03-18 11:50:56.356  INFO 1 --- [io-12031-exec-5] order.controller.OrderController         : [createNewOrder][Create Order][from shanghai to taiyuan at 1970-01-02 18:17:36]
2026-03-18 11:50:56.356  INFO 1 --- [io-12031-exec-5] order.service.OrderServiceImpl           : [create][Create Order][Ready to Create Order]
2026-03-18 11:50:56.380  INFO 1 --- [io-12031-exec-5] order.service.OrderServiceImpl           : [create][Order Create Success][Order Price][OrderId:e89af4d0-84bb-4c1d-b956-f334072509cc , Price: 0.0]
2026-03-18 11:50:56.655  INFO 1 --- [io-12031-exec-4] order.controller.OrderController         : [createNewOrder][Create Order][from shanghai to taiyuan at 1970-01-02 18:17:36]
2026-03-18 11:50:56.655  INFO 1 --- [io-12031-exec-4] order.service.OrderServiceImpl           : [create][Create Order][Ready to Create Order]
2026-03-18 11:50:56.678  INFO 1 --- [io-12031-exec-4] order.service.OrderServiceImpl           : [create][Order Create Success][Order Price][OrderId:db0871c9-a539-497e-bf9e-5861aee9f289 , Price: 0.0]
2026-03-18 11:50:56.951  INFO 1 --- [io-12031-exec-7] order.controller.OrderController         : [createNewOrder][Create Order][from shanghai to taiyuan at 1970-01-02 18:17:36]
2026-03-18 11:50:56.951  INFO 1 --- [io-12031-exec-7] order.service.OrderServiceImpl           : [create][Create Order][Ready to Create Order]
2026-03-18 11:50:56.974  INFO 1 --- [io-12031-exec-7] order.service.OrderServiceImpl           : [create][Order Create Success][Order Price][OrderId:b3e7e6ca-024d-4ce4-8495-3103d142bda8 , Price: 0.0]
2026-03-18 11:50:57.248  INFO 1 --- [io-12031-exec-6] order.controller.OrderController         : [createNewOrder][Create Order][from shanghai to taiyuan at 1970-01-02 18:17:36]
2026-03-18 11:50:57.248  INFO 1 --- [io-12031-exec-6] order.service.OrderServiceImpl           : [create][Create Order][Ready to Create Order]
2026-03-18 11:50:57.286  INFO 1 --- [io-12031-exec-6] order.service.OrderServiceImpl           : [create][Order Create Success][Order Price][OrderId:681f086b-948f-48cc-ac15-a024700d66b2 , Price: 0.0]
2026-03-18 11:50:57.555  INFO 1 --- [io-12031-exec-8] order.controller.OrderController         : [createNewOrder][Create Order][from shanghai to taiyuan at 1970-01-02 18:17:36]
2026-03-18 11:50:57.555  INFO 1 --- [io-12031-exec-8] order.service.OrderServiceImpl           : [create][Create Order][Ready to Create Order]
2026-03-18 11:50:57.579  INFO 1 --- [io-12031-exec-8] order.service.OrderServiceImpl           : [create][Order Create Success][Order Price][OrderId:5f34debb-80b8-4764-bfec-18a32b13703f , Price: 0.0]
2026-03-18 11:50:57.853  INFO 1 --- [o-12031-exec-10] order.controller.OrderController         : [createNewOrder][Create Order][from shanghai to taiyuan at 1970-01-02 18:17:36]
2026-03-18 11:50:57.853  INFO 1 --- [o-12031-exec-10] order.service.OrderServiceImpl           : [create][Create Order][Ready to Create Order]
2026-03-18 11:50:57.876  INFO 1 --- [o-12031-exec-10] order.service.OrderServiceImpl           : [create][Order Create Success][Order Price][OrderId:0b1fc8c1-4289-43a3-90e4-1f56ccb8c204 , Price: 0.0]
2026-03-18 11:50:58.147  INFO 1 --- [io-12031-exec-9] order.controller.OrderController         : [createNewOrder][Create Order][from shanghai to taiyuan at 1970-01-02 18:17:36]
2026-03-18 11:50:58.147  INFO 1 --- [io-12031-exec-9] order.service.OrderServiceImpl           : [create][Create Order][Ready to Create Order]
2026-03-18 11:50:58.187  INFO 1 --- [io-12031-exec-9] order.service.OrderServiceImpl           : [create][Order Create Success][Order Price][OrderId:cee4de7f-0ce1-471d-b839-1784d7a902e4 , Price: 0.0]
2026-03-18 11:50:58.459  INFO 1 --- [io-12031-exec-1] order.controller.OrderController         : [createNewOrder][Create Order][from shanghai to taiyuan at 1970-01-02 18:17:36]
2026-03-18 11:50:58.459  INFO 1 --- [io-12031-exec-1] order.service.OrderServiceImpl           : [create][Create Order][Ready to Create Order]
2026-03-18 11:50:58.485  INFO 1 --- [io-12031-exec-1] order.service.OrderServiceImpl           : [create][Order Create Success][Order Price][OrderId:471f8b07-623e-4f0d-a592-9a59f24bee74 , Price: 0.0]
2026-03-18 11:50:58.756  INFO 1 --- [io-12031-exec-3] order.controller.OrderController         : [createNewOrder][Create Order][from shanghai to taiyuan at 1970-01-02 18:17:36]
2026-03-18 11:50:58.756  INFO 1 --- [io-12031-exec-3] order.service.OrderServiceImpl           : [create][Create Order][Ready to Create Order]
2026-03-18 11:50:58.782  INFO 1 --- [io-12031-exec-3] order.service.OrderServiceImpl           : [create][Order Create Success][Order Price][OrderId:f500c7fe-0f6e-4c9d-9ea5-49a4b16c30e2 , Price: 0.0]
2026-03-18 11:50:59.058  INFO 1 --- [io-12031-exec-2] order.controller.OrderController         : [createNewOrder][Create Order][from shanghai to taiyuan at 1970-01-02 18:17:36]
2026-03-18 11:50:59.058  INFO 1 --- [io-12031-exec-2] order.service.OrderServiceImpl           : [create][Create Order][Ready to Create Order]
2026-03-18 11:50:59.088  INFO 1 --- [io-12031-exec-2] order.service.OrderServiceImpl           : [create][Order Create Success][Order Price][OrderId:ff714db5-8a0a-46a0-bc24-0a9ef8d63da8 , Price: 0.0]
2026-03-18 11:50:59.361  INFO 1 --- [io-12031-exec-5] order.controller.OrderController         : [createNewOrder][Create Order][from shanghai to taiyuan at 1970-01-02 18:17:36]
2026-03-18 11:50:59.361  INFO 1 --- [io-12031-exec-5] order.service.OrderServiceImpl           : [create][Create Order][Ready to Create Order]
2026-03-18 11:50:59.394  INFO 1 --- [io-12031-exec-5] order.service.OrderServiceImpl           : [create][Order Create Success][Order Price][OrderId:99490568-cea8-43d3-afef-4f25ee082b8a , Price: 0.0]
2026-03-18 11:50:59.668  INFO 1 --- [io-12031-exec-4] order.controller.OrderController         : [createNewOrder][Create Order][from shanghai to taiyuan at 1970-01-02 18:17:36]
2026-03-18 11:50:59.668  INFO 1 --- [io-12031-exec-4] order.service.OrderServiceImpl           : [create][Create Order][Ready to Create Order]
2026-03-18 11:50:59.694  INFO 1 --- [io-12031-exec-4] order.service.OrderServiceImpl           : [create][Order Create Success][Order Price][OrderId:7c207a33-a01f-4d22-963b-c0eb71e3344f , Price: 0.0]
2026-03-18 11:50:59.956  INFO 1 --- [io-12031-exec-7] order.controller.OrderController         : [createNewOrder][Create Order][from shanghai to taiyuan at 1970-01-02 18:17:36]
2026-03-18 11:50:59.957  INFO 1 --- [io-12031-exec-7] order.service.OrderServiceImpl           : [create][Create Order][Ready to Create Order]
2026-03-18 11:50:59.982  INFO 1 --- [io-12031-exec-7] order.service.OrderServiceImpl           : [create][Order Create Success][Order Price][OrderId:43008314-9f64-4444-9a4a-2b2ad9d9c9f4 , Price: 0.0]
2026-03-18 11:51:00.262  INFO 1 --- [io-12031-exec-6] order.controller.OrderController         : [createNewOrder][Create Order][from shanghai to taiyuan at 1970-01-02 18:17:36]
2026-03-18 11:51:00.262  INFO 1 --- [io-12031-exec-6] order.service.OrderServiceImpl           : [create][Create Order][Ready to Create Order]
2026-03-18 11:51:00.475  INFO 1 --- [io-12031-exec-6] order.service.OrderServiceImpl           : [create][Order Create Success][Order Price][OrderId:0de511d3-7ad3-4048-b0e3-63dd448839ad , Price: 0.0]
2026-03-18 11:51:00.757  INFO 1 --- [io-12031-exec-8] order.controller.OrderController         : [createNewOrder][Create Order][from shanghai to taiyuan at 1970-01-02 18:17:36]
2026-03-18 11:51:00.757  INFO 1 --- [io-12031-exec-8] order.service.OrderServiceImpl           : [create][Create Order][Ready to Create Order]
2026-03-18 11:51:00.780  INFO 1 --- [io-12031-exec-8] order.service.OrderServiceImpl           : [create][Order Create Success][Order Price][OrderId:c1359e64-e714-4d30-8be7-64bbd8448f9c , Price: 0.0]
2026-03-18 11:51:01.050  INFO 1 --- [o-12031-exec-10] order.controller.OrderController         : [createNewOrder][Create Order][from shanghai to taiyuan at 1970-01-02 18:17:36]
2026-03-18 11:51:01.050  INFO 1 --- [o-12031-exec-10] order.service.OrderServiceImpl           : [create][Create Order][Ready to Create Order]
2026-03-18 11:51:01.075  INFO 1 --- [o-12031-exec-10] order.service.OrderServiceImpl           : [create][Order Create Success][Order Price][OrderId:989bb2d2-9fc7-41e9-898f-f76078ba8763 , Price: 0.0]
2026-03-18 11:51:01.345  INFO 1 --- [io-12031-exec-1] order.controller.OrderController         : [createNewOrder][Create Order][from shanghai to taiyuan at 1970-01-02 18:17:36]
2026-03-18 11:51:01.345  INFO 1 --- [io-12031-exec-1] order.service.OrderServiceImpl           : [create][Create Order][Ready to Create Order]
2026-03-18 11:51:01.390  INFO 1 --- [io-12031-exec-1] order.service.OrderServiceImpl           : [create][Order Create Success][Order Price][OrderId:0ff4f58c-7d21-43ce-86ae-30851b55eaa0 , Price: 0.0]
2026-03-18 11:51:01.653  INFO 1 --- [io-12031-exec-3] order.controller.OrderController         : [createNewOrder][Create Order][from shanghai to taiyuan at 1970-01-02 18:17:36]
2026-03-18 11:51:01.653  INFO 1 --- [io-12031-exec-3] order.service.OrderServiceImpl           : [create][Create Order][Ready to Create Order]
2026-03-18 11:51:01.675  INFO 1 --- [io-12031-exec-3] order.service.OrderServiceImpl           : [create][Order Create Success][Order Price][OrderId:4bceb0ed-78ff-4853-877c-9e60bafd78a5 , Price: 0.0]
2026-03-18 11:51:01.939  INFO 1 --- [io-12031-exec-2] order.controller.OrderController         : [createNewOrder][Create Order][from shanghai to taiyuan at 1970-01-02 18:17:36]
2026-03-18 11:51:01.939  INFO 1 --- [io-12031-exec-2] order.service.OrderServiceImpl           : [create][Create Order][Ready to Create Order]
2026-03-18 11:51:01.962  INFO 1 --- [io-12031-exec-2] order.service.OrderServiceImpl           : [create][Order Create Success][Order Price][OrderId:2c5c85e1-62cb-4193-a9d5-c42cdbec46a7 , Price: 0.0]
2026-03-18 11:51:02.232  INFO 1 --- [io-12031-exec-5] order.controller.OrderController         : [createNewOrder][Create Order][from shanghai to taiyuan at 1970-01-02 18:17:36]
2026-03-18 11:51:02.233  INFO 1 --- [io-12031-exec-5] order.service.OrderServiceImpl           : [create][Create Order][Ready to Create Order]
2026-03-18 11:51:02.258  INFO 1 --- [io-12031-exec-5] order.service.OrderServiceImpl           : [create][Order Create Success][Order Price][OrderId:0fdd9cc4-ab4f-4393-8b85-9f34a0b9f805 , Price: 0.0]
2026-03-18 11:51:02.534  INFO 1 --- [io-12031-exec-4] order.controller.OrderController         : [createNewOrder][Create Order][from shanghai to taiyuan at 1970-01-02 18:17:36]
2026-03-18 11:51:02.534  INFO 1 --- [io-12031-exec-4] order.service.OrderServiceImpl           : [create][Create Order][Ready to Create Order]
2026-03-18 11:51:02.596  INFO 1 --- [io-12031-exec-4] order.service.OrderServiceImpl           : [create][Order Create Success][Order Price][OrderId:ae78f006-47b5-4db2-9c10-b11d01253621 , Price: 0.0]
2026-03-18 11:51:02.858  INFO 1 --- [io-12031-exec-7] order.controller.OrderController         : [createNewOrder][Create Order][from shanghai to taiyuan at 1970-01-02 18:17:36]
2026-03-18 11:51:02.858  INFO 1 --- [io-12031-exec-7] order.service.OrderServiceImpl           : [create][Create Order][Ready to Create Order]
2026-03-18 11:51:02.881  INFO 1 --- [io-12031-exec-7] order.service.OrderServiceImpl           : [create][Order Create Success][Order Price][OrderId:610b8028-8439-48f8-9b00-d88f7507849d , Price: 0.0]
2026-03-18 11:51:03.155  INFO 1 --- [io-12031-exec-6] order.controller.OrderController         : [createNewOrder][Create Order][from shanghai to taiyuan at 1970-01-02 18:17:36]
2026-03-18 11:51:03.155  INFO 1 --- [io-12031-exec-6] order.service.OrderServiceImpl           : [create][Create Order][Ready to Create Order]
2026-03-18 11:51:03.181  INFO 1 --- [io-12031-exec-6] order.service.OrderServiceImpl           : [create][Order Create Success][Order Price][OrderId:b757dbdb-0e04-4090-8c44-b7a5dfeefaf4 , Price: 0.0]
2026-03-18 11:51:03.458  INFO 1 --- [io-12031-exec-8] order.controller.OrderController         : [createNewOrder][Create Order][from shanghai to taiyuan at 1970-01-02 18:17:36]
2026-03-18 11:51:03.458  INFO 1 --- [io-12031-exec-8] order.service.OrderServiceImpl           : [create][Create Order][Ready to Create Order]
2026-03-18 11:51:03.673  INFO 1 --- [io-12031-exec-8] order.service.OrderServiceImpl           : [create][Order Create Success][Order Price][OrderId:871137a3-0a84-45e3-b87e-7ae376a590f9 , Price: 0.0]
2026-03-18 11:51:03.948  INFO 1 --- [o-12031-exec-10] order.controller.OrderController         : [createNewOrder][Create Order][from shanghai to taiyuan at 1970-01-02 18:17:36]
2026-03-18 11:51:03.948  INFO 1 --- [o-12031-exec-10] order.service.OrderServiceImpl           : [create][Create Order][Ready to Create Order]
2026-03-18 11:51:03.973  INFO 1 --- [o-12031-exec-10] order.service.OrderServiceImpl           : [create][Order Create Success][Order Price][OrderId:25f4841d-419d-4127-af11-914ea1d84530 , Price: 0.0]
2026-03-18 11:51:04.250  INFO 1 --- [io-12031-exec-9] order.controller.OrderController         : [createNewOrder][Create Order][from shanghai to taiyuan at 1970-01-02 18:17:36]
2026-03-18 11:51:04.251  INFO 1 --- [io-12031-exec-9] order.service.OrderServiceImpl           : [create][Create Order][Ready to Create Order]
2026-03-18 11:51:04.275  INFO 1 --- [io-12031-exec-9] order.service.OrderServiceImpl           : [create][Order Create Success][Order Price][OrderId:73ac0a4d-6317-4a5a-a2d8-53b20003b0f2 , Price: 0.0]
2026-03-18 11:51:04.542  INFO 1 --- [io-12031-exec-1] order.controller.OrderController         : [createNewOrder][Create Order][from shanghai to taiyuan at 1970-01-02 18:17:36]
2026-03-18 11:51:04.542  INFO 1 --- [io-12031-exec-1] order.service.OrderServiceImpl           : [create][Create Order][Ready to Create Order]
2026-03-18 11:51:04.580  INFO 1 --- [io-12031-exec-1] order.service.OrderServiceImpl           : [create][Order Create Success][Order Price][OrderId:fa14ad02-8aa9-4b3b-b37d-fe7faa0c8121 , Price: 0.0]
2026-03-18 11:51:04.846  INFO 1 --- [io-12031-exec-3] order.controller.OrderController         : [createNewOrder][Create Order][from shanghai to taiyuan at 1970-01-02 18:17:36]
2026-03-18 11:51:04.846  INFO 1 --- [io-12031-exec-3] order.service.OrderServiceImpl           : [create][Create Order][Ready to Create Order]
2026-03-18 11:51:04.872  INFO 1 --- [io-12031-exec-3] order.service.OrderServiceImpl           : [create][Order Create Success][Order Price][OrderId:fbe62b02-21ad-4339-963a-f222671921d7 , Price: 0.0]
2026-03-18 11:51:05.147  INFO 1 --- [io-12031-exec-2] order.controller.OrderController         : [createNewOrder][Create Order][from shanghai to taiyuan at 1970-01-02 18:17:36]
2026-03-18 11:51:05.147  INFO 1 --- [io-12031-exec-2] order.service.OrderServiceImpl           : [create][Create Order][Ready to Create Order]
2026-03-18 11:51:05.171  INFO 1 --- [io-12031-exec-2] order.service.OrderServiceImpl           : [create][Order Create Success][Order Price][OrderId:ba618688-181f-48a4-ba3a-75b5920adf12 , Price: 0.0]
2026-03-18 11:51:05.439  INFO 1 --- [io-12031-exec-5] order.controller.OrderController         : [createNewOrder][Create Order][from shanghai to taiyuan at 1970-01-02 18:17:36]
2026-03-18 11:51:05.440  INFO 1 --- [io-12031-exec-5] order.service.OrderServiceImpl           : [create][Create Order][Ready to Create Order]
2026-03-18 11:51:05.465  INFO 1 --- [io-12031-exec-5] order.service.OrderServiceImpl           : [create][Order Create Success][Order Price][OrderId:179c8787-55cf-43f3-8853-fe016efb24fc , Price: 0.0]
2026-03-18 11:51:05.740  INFO 1 --- [io-12031-exec-4] order.controller.OrderController         : [createNewOrder][Create Order][from shanghai to taiyuan at 1970-01-02 18:17:36]
2026-03-18 11:51:05.740  INFO 1 --- [io-12031-exec-4] order.service.OrderServiceImpl           : [create][Create Order][Ready to Create Order]
2026-03-18 11:51:05.789  INFO 1 --- [io-12031-exec-4] order.service.OrderServiceImpl           : [create][Order Create Success][Order Price][OrderId:92c4144d-2fcd-4ba8-bd3a-fb9d3f351bd4 , Price: 0.0]
2026-03-18 11:51:06.061  INFO 1 --- [io-12031-exec-7] order.controller.OrderController         : [createNewOrder][Create Order][from shanghai to taiyuan at 1970-01-02 18:17:36]
2026-03-18 11:51:06.061  INFO 1 --- [io-12031-exec-7] order.service.OrderServiceImpl           : [create][Create Order][Ready to Create Order]
2026-03-18 11:51:06.088  INFO 1 --- [io-12031-exec-7] order.service.OrderServiceImpl           : [create][Order Create Success][Order Price][OrderId:9ca85f2d-2a5b-4f28-844c-c9e16c5c6d80 , Price: 0.0]
2026-03-18 11:51:06.361  INFO 1 --- [io-12031-exec-6] order.controller.OrderController         : [createNewOrder][Create Order][from shanghai to taiyuan at 1970-01-02 18:17:36]
2026-03-18 11:51:06.361  INFO 1 --- [io-12031-exec-6] order.service.OrderServiceImpl           : [create][Create Order][Ready to Create Order]
2026-03-18 11:51:06.387  INFO 1 --- [io-12031-exec-6] order.service.OrderServiceImpl           : [create][Order Create Success][Order Price][OrderId:6463b5db-7523-4e66-9a54-5f0bbe2e4aa2 , Price: 0.0]
2026-03-18 11:51:06.656  INFO 1 --- [io-12031-exec-8] order.controller.OrderController         : [createNewOrder][Create Order][from shanghai to taiyuan at 1970-01-02 18:17:36]
2026-03-18 11:51:06.656  INFO 1 --- [io-12031-exec-8] order.service.OrderServiceImpl           : [create][Create Order][Ready to Create Order]
2026-03-18 11:51:06.771  INFO 1 --- [io-12031-exec-8] order.service.OrderServiceImpl           : [create][Order Create Success][Order Price][OrderId:f82c84d9-8ddc-446c-911b-ac5b1f9dbd24 , Price: 0.0]
2026-03-18 11:51:07.049  INFO 1 --- [o-12031-exec-10] order.controller.OrderController         : [createNewOrder][Create Order][from shanghai to taiyuan at 1970-01-02 18:17:36]
2026-03-18 11:51:07.049  INFO 1 --- [o-12031-exec-10] order.service.OrderServiceImpl           : [create][Create Order][Ready to Create Order]
2026-03-18 11:51:07.074  INFO 1 --- [o-12031-exec-10] order.service.OrderServiceImpl           : [create][Order Create Success][Order Price][OrderId:fc03045c-47ed-4dd2-9364-3c9b5ca20e0b , Price: 0.0]
2026-03-18 11:51:07.351  INFO 1 --- [io-12031-exec-9] order.controller.OrderController         : [createNewOrder][Create Order][from shanghai to taiyuan at 1970-01-02 18:17:36]
2026-03-18 11:51:07.351  INFO 1 --- [io-12031-exec-9] order.service.OrderServiceImpl           : [create][Create Order][Ready to Create Order]
2026-03-18 11:51:07.376  INFO 1 --- [io-12031-exec-9] order.service.OrderServiceImpl           : [create][Order Create Success][Order Price][OrderId:af86ae26-29b7-4a45-83a7-5bac7b154cea , Price: 0.0]
2026-03-18 11:51:07.648  INFO 1 --- [io-12031-exec-1] order.controller.OrderController         : [createNewOrder][Create Order][from shanghai to taiyuan at 1970-01-02 18:17:36]
2026-03-18 11:51:07.648  INFO 1 --- [io-12031-exec-1] order.service.OrderServiceImpl           : [create][Create Order][Ready to Create Order]
2026-03-18 11:51:07.681  INFO 1 --- [io-12031-exec-1] order.service.OrderServiceImpl           : [create][Order Create Success][Order Price][OrderId:beac32b3-6714-4ed5-9844-0fdc30ed48a2 , Price: 0.0]
2026-03-18 11:51:07.957  INFO 1 --- [io-12031-exec-3] order.controller.OrderController         : [createNewOrder][Create Order][from shanghai to taiyuan at 1970-01-02 18:17:36]
2026-03-18 11:51:07.957  INFO 1 --- [io-12031-exec-3] order.service.OrderServiceImpl           : [create][Create Order][Ready to Create Order]
2026-03-18 11:51:07.983  INFO 1 --- [io-12031-exec-3] order.service.OrderServiceImpl           : [create][Order Create Success][Order Price][OrderId:790556ab-9a25-42ee-837c-0da2eb5a9e30 , Price: 0.0]
2026-03-18 11:51:08.255  INFO 1 --- [io-12031-exec-2] order.controller.OrderController         : [createNewOrder][Create Order][from shanghai to taiyuan at 1970-01-02 18:17:36]
2026-03-18 11:51:08.255  INFO 1 --- [io-12031-exec-2] order.service.OrderServiceImpl           : [create][Create Order][Ready to Create Order]
2026-03-18 11:51:08.281  INFO 1 --- [io-12031-exec-2] order.service.OrderServiceImpl           : [create][Order Create Success][Order Price][OrderId:e232ff10-0e04-4fcd-9d9a-43ce81412545 , Price: 0.0]
2026-03-18 11:51:08.560  INFO 1 --- [io-12031-exec-5] order.controller.OrderController         : [createNewOrder][Create Order][from shanghai to taiyuan at 1970-01-02 18:17:36]
2026-03-18 11:51:08.560  INFO 1 --- [io-12031-exec-5] order.service.OrderServiceImpl           : [create][Create Order][Ready to Create Order]
2026-03-18 11:51:08.585  INFO 1 --- [io-12031-exec-5] order.service.OrderServiceImpl           : [create][Order Create Success][Order Price][OrderId:df984cfb-fc03-4b02-addd-97042fe68743 , Price: 0.0]
2026-03-18 11:51:08.853  INFO 1 --- [io-12031-exec-4] order.controller.OrderController         : [createNewOrder][Create Order][from shanghai to taiyuan at 1970-01-02 18:17:36]
2026-03-18 11:51:08.853  INFO 1 --- [io-12031-exec-4] order.service.OrderServiceImpl           : [create][Create Order][Ready to Create Order]
2026-03-18 11:51:08.975  INFO 1 --- [io-12031-exec-4] order.service.OrderServiceImpl           : [create][Order Create Success][Order Price][OrderId:f70962cd-500f-43f0-9a73-a835b114d45d , Price: 0.0]
2026-03-18 11:51:09.247  INFO 1 --- [io-12031-exec-7] order.controller.OrderController         : [createNewOrder][Create Order][from shanghai to taiyuan at 1970-01-02 18:17:36]
2026-03-18 11:51:09.247  INFO 1 --- [io-12031-exec-7] order.service.OrderServiceImpl           : [create][Create Order][Ready to Create Order]
2026-03-18 11:51:09.272  INFO 1 --- [io-12031-exec-7] order.service.OrderServiceImpl           : [create][Order Create Success][Order Price][OrderId:d32e4be0-35e7-427f-8b80-befb411ed311 , Price: 0.0]
2026-03-18 11:51:09.539  INFO 1 --- [io-12031-exec-6] order.controller.OrderController         : [createNewOrder][Create Order][from shanghai to taiyuan at 1970-01-02 18:17:36]
2026-03-18 11:51:09.539  INFO 1 --- [io-12031-exec-6] order.service.OrderServiceImpl           : [create][Create Order][Ready to Create Order]
2026-03-18 11:51:09.562  INFO 1 --- [io-12031-exec-6] order.service.OrderServiceImpl           : [create][Order Create Success][Order Price][OrderId:254491d0-ff98-4390-9263-5fdb527ba40d , Price: 0.0]
2026-03-18 11:51:09.848  INFO 1 --- [io-12031-exec-8] order.controller.OrderController         : [createNewOrder][Create Order][from shanghai to taiyuan at 1970-01-02 18:17:36]
2026-03-18 11:51:09.848  INFO 1 --- [io-12031-exec-8] order.service.OrderServiceImpl           : [create][Create Order][Ready to Create Order]
2026-03-18 11:51:09.972  INFO 1 --- [io-12031-exec-8] order.service.OrderServiceImpl           : [create][Order Create Success][Order Price][OrderId:945cbfd2-e7f9-4fe9-bd71-5e3329309614 , Price: 0.0]
2026-03-18 11:51:10.248  INFO 1 --- [o-12031-exec-10] order.controller.OrderController         : [createNewOrder][Create Order][from shanghai to taiyuan at 1970-01-02 18:17:36]
2026-03-18 11:51:10.248  INFO 1 --- [o-12031-exec-10] order.service.OrderServiceImpl           : [create][Create Order][Ready to Create Order]
2026-03-18 11:51:10.272  INFO 1 --- [o-12031-exec-10] order.service.OrderServiceImpl           : [create][Order Create Success][Order Price][OrderId:9bf0b513-9218-4105-a70a-050e60abbd81 , Price: 0.0]
2026-03-18 11:51:10.542  INFO 1 --- [io-12031-exec-9] order.controller.OrderController         : [createNewOrder][Create Order][from shanghai to taiyuan at 1970-01-02 18:17:36]
2026-03-18 11:51:10.542  INFO 1 --- [io-12031-exec-9] order.service.OrderServiceImpl           : [create][Create Order][Ready to Create Order]
2026-03-18 11:51:10.567  INFO 1 --- [io-12031-exec-9] order.service.OrderServiceImpl           : [create][Order Create Success][Order Price][OrderId:98634ec5-0530-4e1b-a29b-f8439d9ddbdd , Price: 0.0]
2026-03-18 11:51:10.835  INFO 1 --- [io-12031-exec-1] order.controller.OrderController         : [createNewOrder][Create Order][from shanghai to taiyuan at 1970-01-02 18:17:36]
2026-03-18 11:51:10.835  INFO 1 --- [io-12031-exec-1] order.service.OrderServiceImpl           : [create][Create Order][Ready to Create Order]
2026-03-18 11:51:10.885  INFO 1 --- [io-12031-exec-1] order.service.OrderServiceImpl           : [create][Order Create Success][Order Price][OrderId:23190406-0576-4727-8657-916834a407e3 , Price: 0.0]
2026-03-18 11:51:11.156  INFO 1 --- [io-12031-exec-3] order.controller.OrderController         : [createNewOrder][Create Order][from shanghai to taiyuan at 1970-01-02 18:17:36]
2026-03-18 11:51:11.156  INFO 1 --- [io-12031-exec-3] order.service.OrderServiceImpl           : [create][Create Order][Ready to Create Order]
2026-03-18 11:51:11.179  INFO 1 --- [io-12031-exec-3] order.service.OrderServiceImpl           : [create][Order Create Success][Order Price][OrderId:8a2a3a41-5764-43e9-9980-f0304c3b82bb , Price: 0.0]
2026-03-18 11:51:11.455  INFO 1 --- [io-12031-exec-5] order.controller.OrderController         : [createNewOrder][Create Order][from shanghai to taiyuan at 1970-01-02 18:17:36]
2026-03-18 11:51:11.455  INFO 1 --- [io-12031-exec-5] order.service.OrderServiceImpl           : [create][Create Order][Ready to Create Order]
2026-03-18 11:51:11.479  INFO 1 --- [io-12031-exec-5] order.service.OrderServiceImpl           : [create][Order Create Success][Order Price][OrderId:8cf4dc53-2735-492b-bad3-d0644da5bb98 , Price: 0.0]
2026-03-18 11:51:11.753  INFO 1 --- [io-12031-exec-4] order.controller.OrderController         : [createNewOrder][Create Order][from shanghai to taiyuan at 1970-01-02 18:17:36]
2026-03-18 11:51:11.753  INFO 1 --- [io-12031-exec-4] order.service.OrderServiceImpl           : [create][Create Order][Ready to Create Order]
2026-03-18 11:51:11.777  INFO 1 --- [io-12031-exec-4] order.service.OrderServiceImpl           : [create][Order Create Success][Order Price][OrderId:8e5181b4-ea18-4dc2-bf7d-356934f55e70 , Price: 0.0]
2026-03-18 11:51:12.051  INFO 1 --- [io-12031-exec-7] order.controller.OrderController         : [createNewOrder][Create Order][from shanghai to taiyuan at 1970-01-02 18:17:36]
2026-03-18 11:51:12.051  INFO 1 --- [io-12031-exec-7] order.service.OrderServiceImpl           : [create][Create Order][Ready to Create Order]
2026-03-18 11:51:12.091  INFO 1 --- [io-12031-exec-7] order.service.OrderServiceImpl           : [create][Order Create Success][Order Price][OrderId:08f64ba5-8855-419e-b2b1-2e51e8e07547 , Price: 0.0]
2026-03-18 11:51:12.358  INFO 1 --- [io-12031-exec-6] order.controller.OrderController         : [createNewOrder][Create Order][from shanghai to taiyuan at 1970-01-02 18:17:36]
2026-03-18 11:51:12.358  INFO 1 --- [io-12031-exec-6] order.service.OrderServiceImpl           : [create][Create Order][Ready to Create Order]
2026-03-18 11:51:12.382  INFO 1 --- [io-12031-exec-6] order.service.OrderServiceImpl           : [create][Order Create Success][Order Price][OrderId:5d825e97-6880-4f98-a820-c58937bc29c4 , Price: 0.0]
2026-03-18 11:51:12.657  INFO 1 --- [io-12031-exec-8] order.controller.OrderController         : [createNewOrder][Create Order][from shanghai to taiyuan at 1970-01-02 18:17:36]
2026-03-18 11:51:12.657  INFO 1 --- [io-12031-exec-8] order.service.OrderServiceImpl           : [create][Create Order][Ready to Create Order]
2026-03-18 11:51:12.681  INFO 1 --- [io-12031-exec-8] order.service.OrderServiceImpl           : [create][Order Create Success][Order Price][OrderId:fde89bf0-812c-4dd2-a020-af9f81b8e7fe , Price: 0.0]
2026-03-18 11:51:12.948  INFO 1 --- [o-12031-exec-10] order.controller.OrderController         : [createNewOrder][Create Order][from shanghai to taiyuan at 1970-01-02 18:17:36]
2026-03-18 11:51:12.948  INFO 1 --- [o-12031-exec-10] order.service.OrderServiceImpl           : [create][Create Order][Ready to Create Order]
2026-03-18 11:51:12.991  INFO 1 --- [o-12031-exec-10] order.service.OrderServiceImpl           : [create][Order Create Success][Order Price][OrderId:4a533987-6f50-4bfd-a7e6-2900653ccee5 , Price: 0.0]
2026-03-18 11:51:13.260  INFO 1 --- [io-12031-exec-9] order.controller.OrderController         : [createNewOrder][Create Order][from shanghai to taiyuan at 1970-01-02 18:17:36]
2026-03-18 11:51:13.260  INFO 1 --- [io-12031-exec-9] order.service.OrderServiceImpl           : [create][Create Order][Ready to Create Order]
2026-03-18 11:51:13.284  INFO 1 --- [io-12031-exec-9] order.service.OrderServiceImpl           : [create][Order Create Success][Order Price][OrderId:32057cce-aed0-49df-b01c-f098c4bbfd53 , Price: 0.0]
2026-03-18 11:51:13.557  INFO 1 --- [io-12031-exec-1] order.controller.OrderController         : [createNewOrder][Create Order][from shanghai to taiyuan at 1970-01-02 18:17:36]
2026-03-18 11:51:13.557  INFO 1 --- [io-12031-exec-1] order.service.OrderServiceImpl           : [create][Create Order][Ready to Create Order]
2026-03-18 11:51:13.582  INFO 1 --- [io-12031-exec-1] order.service.OrderServiceImpl           : [create][Order Create Success][Order Price][OrderId:d01363c1-2371-4a86-bff9-67f420f38979 , Price: 0.0]
2026-03-18 11:51:13.853  INFO 1 --- [io-12031-exec-3] order.controller.OrderController         : [createNewOrder][Create Order][from shanghai to taiyuan at 1970-01-02 18:17:36]
2026-03-18 11:51:13.853  INFO 1 --- [io-12031-exec-3] order.service.OrderServiceImpl           : [create][Create Order][Ready to Create Order]
2026-03-18 11:51:13.987  INFO 1 --- [io-12031-exec-3] order.service.OrderServiceImpl           : [create][Order Create Success][Order Price][OrderId:3f7aec2a-9192-400e-ae36-97003190845b , Price: 0.0]
2026-03-18 11:51:14.256  INFO 1 --- [io-12031-exec-2] order.controller.OrderController         : [createNewOrder][Create Order][from shanghai to taiyuan at 1970-01-02 18:17:36]
2026-03-18 11:51:14.256  INFO 1 --- [io-12031-exec-2] order.service.OrderServiceImpl           : [create][Create Order][Ready to Create Order]
2026-03-18 11:51:14.281  INFO 1 --- [io-12031-exec-2] order.service.OrderServiceImpl           : [create][Order Create Success][Order Price][OrderId:15827df0-95d4-4195-aecf-11730b1c9dff , Price: 0.0]
2026-03-18 11:51:14.557  INFO 1 --- [io-12031-exec-5] order.controller.OrderController         : [createNewOrder][Create Order][from shanghai to taiyuan at 1970-01-02 18:17:36]
2026-03-18 11:51:14.557  INFO 1 --- [io-12031-exec-5] order.service.OrderServiceImpl           : [create][Create Order][Ready to Create Order]
2026-03-18 11:51:14.583  INFO 1 --- [io-12031-exec-5] order.service.OrderServiceImpl           : [create][Order Create Success][Order Price][OrderId:2a684b06-ae2a-4b22-ae01-880c74b71dab , Price: 0.0]
2026-03-18 11:51:14.856  INFO 1 --- [io-12031-exec-4] order.controller.OrderController         : [createNewOrder][Create Order][from shanghai to taiyuan at 1970-01-02 18:17:36]
2026-03-18 11:51:14.856  INFO 1 --- [io-12031-exec-4] order.service.OrderServiceImpl           : [create][Create Order][Ready to Create Order]
2026-03-18 11:51:14.881  INFO 1 --- [io-12031-exec-4] order.service.OrderServiceImpl           : [create][Order Create Success][Order Price][OrderId:b370aa01-e028-4330-be59-749a66488e0c , Price: 0.0]
2026-03-18 11:51:15.152  INFO 1 --- [io-12031-exec-7] order.controller.OrderController         : [createNewOrder][Create Order][from shanghai to taiyuan at 1970-01-02 18:17:36]
2026-03-18 11:51:15.152  INFO 1 --- [io-12031-exec-7] order.service.OrderServiceImpl           : [create][Create Order][Ready to Create Order]
2026-03-18 11:51:15.199  INFO 1 --- [io-12031-exec-7] order.service.OrderServiceImpl           : [create][Order Create Success][Order Price][OrderId:c497cf16-2ddc-4ba9-bb6c-b85d734f5730 , Price: 0.0]
2026-03-18 11:51:15.454  INFO 1 --- [io-12031-exec-6] order.controller.OrderController         : [createNewOrder][Create Order][from shanghai to taiyuan at 1970-01-02 18:17:36]
2026-03-18 11:51:15.454  INFO 1 --- [io-12031-exec-6] order.service.OrderServiceImpl           : [create][Create Order][Ready to Create Order]
2026-03-18 11:51:15.480  INFO 1 --- [io-12031-exec-6] order.service.OrderServiceImpl           : [create][Order Create Success][Order Price][OrderId:c18f3cc2-5519-4732-afe9-ceaca984d575 , Price: 0.0]
2026-03-18 11:51:15.751  INFO 1 --- [io-12031-exec-8] order.controller.OrderController         : [createNewOrder][Create Order][from shanghai to taiyuan at 1970-01-02 18:17:36]
2026-03-18 11:51:15.751  INFO 1 --- [io-12031-exec-8] order.service.OrderServiceImpl           : [create][Create Order][Ready to Create Order]
2026-03-18 11:51:15.776  INFO 1 --- [io-12031-exec-8] order.service.OrderServiceImpl           : [create][Order Create Success][Order Price][OrderId:1b457574-d676-4d6a-b8dd-4d90287828dd , Price: 0.0]
2026-03-18 11:51:16.051  INFO 1 --- [o-12031-exec-10] order.controller.OrderController         : [createNewOrder][Create Order][from shanghai to taiyuan at 1970-01-02 18:17:36]
2026-03-18 11:51:16.051  INFO 1 --- [o-12031-exec-10] order.service.OrderServiceImpl           : [create][Create Order][Ready to Create Order]
2026-03-18 11:51:16.088  INFO 1 --- [o-12031-exec-10] order.service.OrderServiceImpl           : [create][Order Create Success][Order Price][OrderId:ca84d051-b06b-4e07-ba81-c583e2f9ae2a , Price: 0.0]
2026-03-18 11:51:16.358  INFO 1 --- [io-12031-exec-9] order.controller.OrderController         : [createNewOrder][Create Order][from shanghai to taiyuan at 1970-01-02 18:17:36]
2026-03-18 11:51:16.358  INFO 1 --- [io-12031-exec-9] order.service.OrderServiceImpl           : [create][Create Order][Ready to Create Order]
2026-03-18 11:51:16.382  INFO 1 --- [io-12031-exec-9] order.service.OrderServiceImpl           : [create][Order Create Success][Order Price][OrderId:d042b055-560f-4d14-ac18-4949bf4cc858 , Price: 0.0]
2026-03-18 11:51:16.664  INFO 1 --- [io-12031-exec-1] order.controller.OrderController         : [createNewOrder][Create Order][from shanghai to taiyuan at 1970-01-02 18:17:36]
2026-03-18 11:51:16.664  INFO 1 --- [io-12031-exec-1] order.service.OrderServiceImpl           : [create][Create Order][Ready to Create Order]
2026-03-18 11:51:16.688  INFO 1 --- [io-12031-exec-1] order.service.OrderServiceImpl           : [create][Order Create Success][Order Price][OrderId:69d70846-c1e3-4dda-8570-0c9899155cb5 , Price: 0.0]
2026-03-18 11:51:16.954  INFO 1 --- [io-12031-exec-3] order.controller.OrderController         : [createNewOrder][Create Order][from shanghai to taiyuan at 1970-01-02 18:17:36]
2026-03-18 11:51:16.954  INFO 1 --- [io-12031-exec-3] order.service.OrderServiceImpl           : [create][Create Order][Ready to Create Order]
2026-03-18 11:51:17.073  INFO 1 --- [io-12031-exec-3] order.service.OrderServiceImpl           : [create][Order Create Success][Order Price][OrderId:1eb8fd6e-fbd0-4e12-820e-e8879db5a655 , Price: 0.0]
2026-03-18 11:51:17.350  INFO 1 --- [io-12031-exec-2] order.controller.OrderController         : [createNewOrder][Create Order][from shanghai to taiyuan at 1970-01-02 18:17:36]
2026-03-18 11:51:17.350  INFO 1 --- [io-12031-exec-2] order.service.OrderServiceImpl           : [create][Create Order][Ready to Create Order]
2026-03-18 11:51:17.373  INFO 1 --- [io-12031-exec-2] order.service.OrderServiceImpl           : [create][Order Create Success][Order Price][OrderId:c486aeca-c363-45d8-9d32-ff82ac88db9f , Price: 0.0]
2026-03-18 11:51:17.648  INFO 1 --- [io-12031-exec-5] order.controller.OrderController         : [createNewOrder][Create Order][from shanghai to taiyuan at 1970-01-02 18:17:36]
2026-03-18 11:51:17.648  INFO 1 --- [io-12031-exec-5] order.service.OrderServiceImpl           : [create][Create Order][Ready to Create Order]
2026-03-18 11:51:17.672  INFO 1 --- [io-12031-exec-5] order.service.OrderServiceImpl           : [create][Order Create Success][Order Price][OrderId:91b4989a-b18e-4712-a4fb-4eae45a0b9b5 , Price: 0.0]
2026-03-18 11:51:17.938  INFO 1 --- [io-12031-exec-4] order.controller.OrderController         : [createNewOrder][Create Order][from shanghai to taiyuan at 1970-01-02 18:17:36]
2026-03-18 11:51:17.938  INFO 1 --- [io-12031-exec-4] order.service.OrderServiceImpl           : [create][Create Order][Ready to Create Order]
2026-03-18 11:51:17.965  INFO 1 --- [io-12031-exec-4] order.service.OrderServiceImpl           : [create][Order Create Success][Order Price][OrderId:6ac014be-0c1a-4ea9-8d0d-dc04f493bebd , Price: 0.0]
2026-03-18 11:51:18.240  INFO 1 --- [io-12031-exec-7] order.controller.OrderController         : [createNewOrder][Create Order][from shanghai to taiyuan at 1970-01-02 18:17:36]
2026-03-18 11:51:18.240  INFO 1 --- [io-12031-exec-7] order.service.OrderServiceImpl           : [create][Create Order][Ready to Create Order]
2026-03-18 11:51:18.278  INFO 1 --- [io-12031-exec-7] order.service.OrderServiceImpl           : [create][Order Create Success][Order Price][OrderId:c6e902d2-1195-4286-8b2c-f1774f243475 , Price: 0.0]
2026-03-18 11:51:18.555  INFO 1 --- [io-12031-exec-6] order.controller.OrderController         : [createNewOrder][Create Order][from shanghai to taiyuan at 1970-01-02 18:17:36]
2026-03-18 11:51:18.555  INFO 1 --- [io-12031-exec-6] order.service.OrderServiceImpl           : [create][Create Order][Ready to Create Order]
2026-03-18 11:51:18.581  INFO 1 --- [io-12031-exec-6] order.service.OrderServiceImpl           : [create][Order Create Success][Order Price][OrderId:615e925b-6a7f-415c-820f-27b5dc138df6 , Price: 0.0]
2026-03-18 11:51:18.853  INFO 1 --- [io-12031-exec-8] order.controller.OrderController         : [createNewOrder][Create Order][from shanghai to taiyuan at 1970-01-02 18:17:36]
2026-03-18 11:51:18.853  INFO 1 --- [io-12031-exec-8] order.service.OrderServiceImpl           : [create][Create Order][Ready to Create Order]
2026-03-18 11:51:18.877  INFO 1 --- [io-12031-exec-8] order.service.OrderServiceImpl           : [create][Order Create Success][Order Price][OrderId:d5b5f5c4-ec80-408d-af4b-728d6cba3435 , Price: 0.0]
2026-03-18 11:51:19.151  INFO 1 --- [o-12031-exec-10] order.controller.OrderController         : [createNewOrder][Create Order][from shanghai to taiyuan at 1970-01-02 18:17:36]
2026-03-18 11:51:19.151  INFO 1 --- [o-12031-exec-10] order.service.OrderServiceImpl           : [create][Create Order][Ready to Create Order]
2026-03-18 11:51:19.193  INFO 1 --- [o-12031-exec-10] order.service.OrderServiceImpl           : [create][Order Create Success][Order Price][OrderId:a75135f5-fa4a-44d1-bba3-04e27f0a1ea7 , Price: 0.0]
2026-03-18 11:51:19.454  INFO 1 --- [io-12031-exec-9] order.controller.OrderController         : [createNewOrder][Create Order][from shanghai to taiyuan at 1970-01-02 18:17:36]
2026-03-18 11:51:19.454  INFO 1 --- [io-12031-exec-9] order.service.OrderServiceImpl           : [create][Create Order][Ready to Create Order]
2026-03-18 11:51:19.478  INFO 1 --- [io-12031-exec-9] order.service.OrderServiceImpl           : [create][Order Create Success][Order Price][OrderId:96e558cb-dc4e-457e-9e2c-2964bccc026a , Price: 0.0]
2026-03-18 11:51:19.752  INFO 1 --- [io-12031-exec-1] order.controller.OrderController         : [createNewOrder][Create Order][from shanghai to taiyuan at 1970-01-02 18:17:36]
2026-03-18 11:51:19.752  INFO 1 --- [io-12031-exec-1] order.service.OrderServiceImpl           : [create][Create Order][Ready to Create Order]
2026-03-18 11:51:19.778  INFO 1 --- [io-12031-exec-1] order.service.OrderServiceImpl           : [create][Order Create Success][Order Price][OrderId:2ad75ef3-c78b-4414-a4c2-809cebfb0d56 , Price: 0.0]
2026-03-18 11:51:20.060  INFO 1 --- [io-12031-exec-3] order.controller.OrderController         : [createNewOrder][Create Order][from shanghai to taiyuan at 1970-01-02 18:17:36]
2026-03-18 11:51:20.060  INFO 1 --- [io-12031-exec-3] order.service.OrderServiceImpl           : [create][Create Order][Ready to Create Order]
2026-03-18 11:51:20.189  INFO 1 --- [io-12031-exec-3] order.service.OrderServiceImpl           : [create][Order Create Success][Order Price][OrderId:37d88f14-ff1f-4fa2-9782-1f4d2663c555 , Price: 0.0]
2026-03-18 11:51:20.453  INFO 1 --- [io-12031-exec-2] order.controller.OrderController         : [createNewOrder][Create Order][from shanghai to taiyuan at 1970-01-02 18:17:36]
2026-03-18 11:51:20.453  INFO 1 --- [io-12031-exec-2] order.service.OrderServiceImpl           : [create][Create Order][Ready to Create Order]
2026-03-18 11:51:20.478  INFO 1 --- [io-12031-exec-2] order.service.OrderServiceImpl           : [create][Order Create Success][Order Price][OrderId:299dd999-abe1-4cd7-b725-c3ae09631fa0 , Price: 0.0]
2026-03-18 11:51:20.753  INFO 1 --- [io-12031-exec-5] order.controller.OrderController         : [createNewOrder][Create Order][from shanghai to taiyuan at 1970-01-02 18:17:36]
2026-03-18 11:51:20.753  INFO 1 --- [io-12031-exec-5] order.service.OrderServiceImpl           : [create][Create Order][Ready to Create Order]
2026-03-18 11:51:20.778  INFO 1 --- [io-12031-exec-5] order.service.OrderServiceImpl           : [create][Order Create Success][Order Price][OrderId:c3b1a735-3011-42c5-9914-df873aa5e448 , Price: 0.0]
2026-03-18 11:51:21.050  INFO 1 --- [io-12031-exec-4] order.controller.OrderController         : [createNewOrder][Create Order][from shanghai to taiyuan at 1970-01-02 18:17:36]
2026-03-18 11:51:21.051  INFO 1 --- [io-12031-exec-4] order.service.OrderServiceImpl           : [create][Create Order][Ready to Create Order]
2026-03-18 11:51:21.091  INFO 1 --- [io-12031-exec-4] order.service.OrderServiceImpl           : [create][Order Create Success][Order Price][OrderId:7195871b-e99e-426a-9a57-b1a27a7c96eb , Price: 0.0]
2026-03-18 11:51:21.356  INFO 1 --- [io-12031-exec-6] order.controller.OrderController         : [createNewOrder][Create Order][from shanghai to taiyuan at 1970-01-02 18:17:36]
2026-03-18 11:51:21.356  INFO 1 --- [io-12031-exec-6] order.service.OrderServiceImpl           : [create][Create Order][Ready to Create Order]
2026-03-18 11:51:21.470  INFO 1 --- [io-12031-exec-6] order.service.OrderServiceImpl           : [create][Order Create Success][Order Price][OrderId:36bfd1fd-7355-45fa-8d70-8be27c67621e , Price: 0.0]
2026-03-18 11:51:21.742  INFO 1 --- [io-12031-exec-8] order.controller.OrderController         : [createNewOrder][Create Order][from shanghai to taiyuan at 1970-01-02 18:17:36]
2026-03-18 11:51:21.742  INFO 1 --- [io-12031-exec-8] order.service.OrderServiceImpl           : [create][Create Order][Ready to Create Order]
2026-03-18 11:51:21.766  INFO 1 --- [io-12031-exec-8] order.service.OrderServiceImpl           : [create][Order Create Success][Order Price][OrderId:92afbca0-5c18-4923-961f-1c5914748470 , Price: 0.0]
2026-03-18 11:51:22.033  INFO 1 --- [o-12031-exec-10] order.controller.OrderController         : [createNewOrder][Create Order][from shanghai to taiyuan at 1970-01-02 18:17:36]
2026-03-18 11:51:22.033  INFO 1 --- [o-12031-exec-10] order.service.OrderServiceImpl           : [create][Create Order][Ready to Create Order]
2026-03-18 11:51:22.058  INFO 1 --- [o-12031-exec-10] order.service.OrderServiceImpl           : [create][Order Create Success][Order Price][OrderId:530da3bc-eb68-4c6a-9741-f266f3897269 , Price: 0.0]
2026-03-18 11:51:22.336  INFO 1 --- [io-12031-exec-9] order.controller.OrderController         : [createNewOrder][Create Order][from shanghai to taiyuan at 1970-01-02 18:17:36]
2026-03-18 11:51:22.336  INFO 1 --- [io-12031-exec-9] order.service.OrderServiceImpl           : [create][Create Order][Ready to Create Order]
2026-03-18 11:51:22.394  INFO 1 --- [io-12031-exec-9] order.service.OrderServiceImpl           : [create][Order Create Success][Order Price][OrderId:384a28fb-fe00-49c3-86e9-d9d71db26eb7 , Price: 0.0]
2026-03-18 11:51:22.656  INFO 1 --- [io-12031-exec-1] order.controller.OrderController         : [createNewOrder][Create Order][from shanghai to taiyuan at 1970-01-02 18:17:36]
2026-03-18 11:51:22.656  INFO 1 --- [io-12031-exec-1] order.service.OrderServiceImpl           : [create][Create Order][Ready to Create Order]
2026-03-18 11:51:22.681  INFO 1 --- [io-12031-exec-1] order.service.OrderServiceImpl           : [create][Order Create Success][Order Price][OrderId:94009013-64ea-4db5-b702-9201cb27a115 , Price: 0.0]
2026-03-18 11:51:22.946  INFO 1 --- [io-12031-exec-3] order.controller.OrderController         : [createNewOrder][Create Order][from shanghai to taiyuan at 1970-01-02 18:17:36]
2026-03-18 11:51:22.947  INFO 1 --- [io-12031-exec-3] order.service.OrderServiceImpl           : [create][Create Order][Ready to Create Order]
2026-03-18 11:51:22.971  INFO 1 --- [io-12031-exec-3] order.service.OrderServiceImpl           : [create][Order Create Success][Order Price][OrderId:6da9e99e-df77-4d0b-a913-64c664ee3d84 , Price: 0.0]
2026-03-18 11:51:23.242  INFO 1 --- [io-12031-exec-2] order.controller.OrderController         : [createNewOrder][Create Order][from shanghai to taiyuan at 1970-01-02 18:17:36]
2026-03-18 11:51:23.242  INFO 1 --- [io-12031-exec-2] order.service.OrderServiceImpl           : [create][Create Order][Ready to Create Order]
2026-03-18 11:51:23.281  INFO 1 --- [io-12031-exec-2] order.service.OrderServiceImpl           : [create][Order Create Success][Order Price][OrderId:35049105-ca15-40d0-be44-7ca8254aab35 , Price: 0.0]
2026-03-18 11:51:23.554  INFO 1 --- [io-12031-exec-5] order.controller.OrderController         : [createNewOrder][Create Order][from shanghai to taiyuan at 1970-01-02 18:17:36]
2026-03-18 11:51:23.554  INFO 1 --- [io-12031-exec-5] order.service.OrderServiceImpl           : [create][Create Order][Ready to Create Order]
2026-03-18 11:51:23.577  INFO 1 --- [io-12031-exec-5] order.service.OrderServiceImpl           : [create][Order Create Success][Order Price][OrderId:8ffd0b11-0a00-4aa7-a2d2-ba10215581ef , Price: 0.0]
2026-03-18 11:51:23.846  INFO 1 --- [io-12031-exec-4] order.controller.OrderController         : [createNewOrder][Create Order][from shanghai to taiyuan at 1970-01-02 18:17:36]
2026-03-18 11:51:23.846  INFO 1 --- [io-12031-exec-4] order.service.OrderServiceImpl           : [create][Create Order][Ready to Create Order]
2026-03-18 11:51:23.870  INFO 1 --- [io-12031-exec-4] order.service.OrderServiceImpl           : [create][Order Create Success][Order Price][OrderId:fad56ade-2ba2-45c9-845f-8b9d7bf01b98 , Price: 0.0]
2026-03-18 11:51:24.142  INFO 1 --- [io-12031-exec-7] order.controller.OrderController         : [createNewOrder][Create Order][from shanghai to taiyuan at 1970-01-02 18:17:36]
2026-03-18 11:51:24.143  INFO 1 --- [io-12031-exec-7] order.service.OrderServiceImpl           : [create][Create Order][Ready to Create Order]
2026-03-18 11:51:24.180  INFO 1 --- [io-12031-exec-7] order.service.OrderServiceImpl           : [create][Order Create Success][Order Price][OrderId:c36240ed-2dc9-49c4-b967-860705c4b23c , Price: 0.0]
2026-03-18 11:51:24.452  INFO 1 --- [io-12031-exec-6] order.controller.OrderController         : [createNewOrder][Create Order][from shanghai to taiyuan at 1970-01-02 18:17:36]
2026-03-18 11:51:24.452  INFO 1 --- [io-12031-exec-6] order.service.OrderServiceImpl           : [create][Create Order][Ready to Create Order]
2026-03-18 11:51:24.477  INFO 1 --- [io-12031-exec-6] order.service.OrderServiceImpl           : [create][Order Create Success][Order Price][OrderId:87b8fc1a-b094-4f0b-beb3-246ac7b2a2e9 , Price: 0.0]
2026-03-18 11:51:24.746  INFO 1 --- [io-12031-exec-8] order.controller.OrderController         : [createNewOrder][Create Order][from shanghai to taiyuan at 1970-01-02 18:17:36]
2026-03-18 11:51:24.746  INFO 1 --- [io-12031-exec-8] order.service.OrderServiceImpl           : [create][Create Order][Ready to Create Order]
2026-03-18 11:51:24.772  INFO 1 --- [io-12031-exec-8] order.service.OrderServiceImpl           : [create][Order Create Success][Order Price][OrderId:df0003a9-2b1c-46d8-89bd-fce698a563fe , Price: 0.0]
2026-03-18 11:51:25.050  INFO 1 --- [o-12031-exec-10] order.controller.OrderController         : [createNewOrder][Create Order][from shanghai to taiyuan at 1970-01-02 18:17:36]
2026-03-18 11:51:25.050  INFO 1 --- [o-12031-exec-10] order.service.OrderServiceImpl           : [create][Create Order][Ready to Create Order]
2026-03-18 11:51:25.076  INFO 1 --- [o-12031-exec-10] order.service.OrderServiceImpl           : [create][Order Create Success][Order Price][OrderId:2175bdf0-d210-45c5-bc69-80ab62babf28 , Price: 0.0]
2026-03-18 11:51:25.353  INFO 1 --- [io-12031-exec-9] order.controller.OrderController         : [createNewOrder][Create Order][from shanghai to taiyuan at 1970-01-02 18:17:36]
2026-03-18 11:51:25.353  INFO 1 --- [io-12031-exec-9] order.service.OrderServiceImpl           : [create][Create Order][Ready to Create Order]
2026-03-18 11:51:25.391  INFO 1 --- [io-12031-exec-9] order.service.OrderServiceImpl           : [create][Order Create Success][Order Price][OrderId:59ca6b54-077d-4a12-b3f8-d8600e077d3d , Price: 0.0]
2026-03-18 11:51:25.662  INFO 1 --- [io-12031-exec-1] order.controller.OrderController         : [createNewOrder][Create Order][from shanghai to taiyuan at 1970-01-02 18:17:36]
2026-03-18 11:51:25.662  INFO 1 --- [io-12031-exec-1] order.service.OrderServiceImpl           : [create][Create Order][Ready to Create Order]
2026-03-18 11:51:25.687  INFO 1 --- [io-12031-exec-1] order.service.OrderServiceImpl           : [create][Order Create Success][Order Price][OrderId:bcef00ec-0d77-40a4-be85-00c78830145c , Price: 0.0]
2026-03-18 11:51:25.954  INFO 1 --- [io-12031-exec-3] order.controller.OrderController         : [createNewOrder][Create Order][from shanghai to taiyuan at 1970-01-02 18:17:36]
2026-03-18 11:51:25.954  INFO 1 --- [io-12031-exec-3] order.service.OrderServiceImpl           : [create][Create Order][Ready to Create Order]
2026-03-18 11:51:25.980  INFO 1 --- [io-12031-exec-3] order.service.OrderServiceImpl           : [create][Order Create Success][Order Price][OrderId:ef2eb02b-c5f1-46ea-ad7d-ab03e66f17c7 , Price: 0.0]
2026-03-18 11:51:26.255  INFO 1 --- [io-12031-exec-2] order.controller.OrderController         : [createNewOrder][Create Order][from shanghai to taiyuan at 1970-01-02 18:17:36]
2026-03-18 11:51:26.255  INFO 1 --- [io-12031-exec-2] order.service.OrderServiceImpl           : [create][Create Order][Ready to Create Order]
2026-03-18 11:51:26.291  INFO 1 --- [io-12031-exec-2] order.service.OrderServiceImpl           : [create][Order Create Success][Order Price][OrderId:cfcd6867-4497-4e76-a0d0-ccf2160527a7 , Price: 0.0]
2026-03-18 11:51:26.560  INFO 1 --- [io-12031-exec-5] order.controller.OrderController         : [createNewOrder][Create Order][from shanghai to taiyuan at 1970-01-02 18:17:36]
2026-03-18 11:51:26.560  INFO 1 --- [io-12031-exec-5] order.service.OrderServiceImpl           : [create][Create Order][Ready to Create Order]
2026-03-18 11:51:26.586  INFO 1 --- [io-12031-exec-5] order.service.OrderServiceImpl           : [create][Order Create Success][Order Price][OrderId:3dbcae3b-fd37-409f-a82b-c9aa6fc04899 , Price: 0.0]
2026-03-18 11:51:26.856  INFO 1 --- [io-12031-exec-4] order.controller.OrderController         : [createNewOrder][Create Order][from shanghai to taiyuan at 1970-01-02 18:17:36]
2026-03-18 11:51:26.856  INFO 1 --- [io-12031-exec-4] order.service.OrderServiceImpl           : [create][Create Order][Ready to Create Order]
2026-03-18 11:51:26.883  INFO 1 --- [io-12031-exec-4] order.service.OrderServiceImpl           : [create][Order Create Success][Order Price][OrderId:f5906907-9684-4ba2-9d84-6f3be355dcec , Price: 0.0]
2026-03-18 11:51:27.158  INFO 1 --- [io-12031-exec-7] order.controller.OrderController         : [createNewOrder][Create Order][from shanghai to taiyuan at 1970-01-02 18:17:36]
2026-03-18 11:51:27.158  INFO 1 --- [io-12031-exec-7] order.service.OrderServiceImpl           : [create][Create Order][Ready to Create Order]
2026-03-18 11:51:27.292  INFO 1 --- [io-12031-exec-7] order.service.OrderServiceImpl           : [create][Order Create Success][Order Price][OrderId:aa5661c5-4e5e-4c0b-9a57-668f1a9d7c99 , Price: 0.0]
2026-03-18 11:51:27.558  INFO 1 --- [io-12031-exec-6] order.controller.OrderController         : [createNewOrder][Create Order][from shanghai to taiyuan at 1970-01-02 18:17:36]
2026-03-18 11:51:27.558  INFO 1 --- [io-12031-exec-6] order.service.OrderServiceImpl           : [create][Create Order][Ready to Create Order]
2026-03-18 11:51:27.589  INFO 1 --- [io-12031-exec-6] order.service.OrderServiceImpl           : [create][Order Create Success][Order Price][OrderId:d63ce838-9183-4b66-9117-8e51beb6fdab , Price: 0.0]
2026-03-18 11:51:27.855  INFO 1 --- [io-12031-exec-8] order.controller.OrderController         : [createNewOrder][Create Order][from shanghai to taiyuan at 1970-01-02 18:17:36]
2026-03-18 11:51:27.855  INFO 1 --- [io-12031-exec-8] order.service.OrderServiceImpl           : [create][Create Order][Ready to Create Order]
2026-03-18 11:51:27.878  INFO 1 --- [io-12031-exec-8] order.service.OrderServiceImpl           : [create][Order Create Success][Order Price][OrderId:f20c36dc-8d18-4a65-83a3-89fd56ddecd6 , Price: 0.0]
2026-03-18 11:51:28.147  INFO 1 --- [o-12031-exec-10] order.controller.OrderController         : [createNewOrder][Create Order][from shanghai to taiyuan at 1970-01-02 18:17:36]
2026-03-18 11:51:28.147  INFO 1 --- [o-12031-exec-10] order.service.OrderServiceImpl           : [create][Create Order][Ready to Create Order]
2026-03-18 11:51:28.178  INFO 1 --- [o-12031-exec-10] order.service.OrderServiceImpl           : [create][Order Create Success][Order Price][OrderId:79310bb6-0314-4da3-bbc6-2f9e7532b68b , Price: 0.0]
2026-03-18 11:51:28.451  INFO 1 --- [io-12031-exec-9] order.controller.OrderController         : [createNewOrder][Create Order][from shanghai to taiyuan at 1970-01-02 18:17:36]
2026-03-18 11:51:28.451  INFO 1 --- [io-12031-exec-9] order.service.OrderServiceImpl           : [create][Create Order][Ready to Create Order]
2026-03-18 11:51:28.475  INFO 1 --- [io-12031-exec-9] order.service.OrderServiceImpl           : [create][Order Create Success][Order Price][OrderId:b32c7c5e-9333-42f7-b7b4-9f52131844cc , Price: 0.0]
2026-03-18 11:51:28.751  INFO 1 --- [io-12031-exec-1] order.controller.OrderController         : [createNewOrder][Create Order][from shanghai to taiyuan at 1970-01-02 18:17:36]
2026-03-18 11:51:28.751  INFO 1 --- [io-12031-exec-1] order.service.OrderServiceImpl           : [create][Create Order][Ready to Create Order]
2026-03-18 11:51:28.775  INFO 1 --- [io-12031-exec-1] order.service.OrderServiceImpl           : [create][Order Create Success][Order Price][OrderId:7c64b79f-a157-45dc-bc08-3d0f1a055474 , Price: 0.0]
2026-03-18 11:51:29.051  INFO 1 --- [io-12031-exec-3] order.controller.OrderController         : [createNewOrder][Create Order][from shanghai to taiyuan at 1970-01-02 18:17:36]
2026-03-18 11:51:29.051  INFO 1 --- [io-12031-exec-3] order.service.OrderServiceImpl           : [create][Create Order][Ready to Create Order]
2026-03-18 11:51:29.075  INFO 1 --- [io-12031-exec-3] order.service.OrderServiceImpl           : [create][Order Create Success][Order Price][OrderId:d5d2ad18-14bc-438e-8d0c-ebbfb41f9ea2 , Price: 0.0]
2026-03-18 11:51:29.351  INFO 1 --- [io-12031-exec-2] order.controller.OrderController         : [createNewOrder][Create Order][from shanghai to taiyuan at 1970-01-02 18:17:36]
2026-03-18 11:51:29.351  INFO 1 --- [io-12031-exec-2] order.service.OrderServiceImpl           : [create][Create Order][Ready to Create Order]
2026-03-18 11:51:29.484  INFO 1 --- [io-12031-exec-2] order.service.OrderServiceImpl           : [create][Order Create Success][Order Price][OrderId:5be44f3f-2110-4b5d-acdc-ead61286dfb6 , Price: 0.0]
2026-03-18 11:51:29.756  INFO 1 --- [io-12031-exec-5] order.controller.OrderController         : [createNewOrder][Create Order][from shanghai to taiyuan at 1970-01-02 18:17:36]
2026-03-18 11:51:29.756  INFO 1 --- [io-12031-exec-5] order.service.OrderServiceImpl           : [create][Create Order][Ready to Create Order]
2026-03-18 11:51:29.780  INFO 1 --- [io-12031-exec-5] order.service.OrderServiceImpl           : [create][Order Create Success][Order Price][OrderId:85c6bc5b-e199-4e31-a2f7-1df80fac1ab0 , Price: 0.0]
2026-03-18 11:51:30.056  INFO 1 --- [io-12031-exec-4] order.controller.OrderController         : [createNewOrder][Create Order][from shanghai to taiyuan at 1970-01-02 18:17:36]
2026-03-18 11:51:30.056  INFO 1 --- [io-12031-exec-4] order.service.OrderServiceImpl           : [create][Create Order][Ready to Create Order]
2026-03-18 11:51:30.082  INFO 1 --- [io-12031-exec-4] order.service.OrderServiceImpl           : [create][Order Create Success][Order Price][OrderId:352ab837-98e5-4cc5-acaf-07168a4ae597 , Price: 0.0]
2026-03-18 11:51:30.351  INFO 1 --- [io-12031-exec-7] order.controller.OrderController         : [createNewOrder][Create Order][from shanghai to taiyuan at 1970-01-02 18:17:36]
2026-03-18 11:51:30.351  INFO 1 --- [io-12031-exec-7] order.service.OrderServiceImpl           : [create][Create Order][Ready to Create Order]
2026-03-18 11:51:30.476  INFO 1 --- [io-12031-exec-7] order.service.OrderServiceImpl           : [create][Order Create Success][Order Price][OrderId:3dc38ea6-c053-4eff-b911-3026d2192366 , Price: 0.0]
2026-03-18 11:51:30.747  INFO 1 --- [io-12031-exec-6] order.controller.OrderController         : [createNewOrder][Create Order][from shanghai to taiyuan at 1970-01-02 18:17:36]
2026-03-18 11:51:30.747  INFO 1 --- [io-12031-exec-6] order.service.OrderServiceImpl           : [create][Create Order][Ready to Create Order]
2026-03-18 11:51:30.772  INFO 1 --- [io-12031-exec-6] order.service.OrderServiceImpl           : [create][Order Create Success][Order Price][OrderId:3e8fdb00-1e7d-4ce8-8bda-d8fb1dcf5ea6 , Price: 0.0]
2026-03-18 11:51:31.042  INFO 1 --- [io-12031-exec-8] order.controller.OrderController         : [createNewOrder][Create Order][from shanghai to taiyuan at 1970-01-02 18:17:36]
2026-03-18 11:51:31.042  INFO 1 --- [io-12031-exec-8] order.service.OrderServiceImpl           : [create][Create Order][Ready to Create Order]
2026-03-18 11:51:31.067  INFO 1 --- [io-12031-exec-8] order.service.OrderServiceImpl           : [create][Order Create Success][Order Price][OrderId:831c7513-9c95-4328-8032-e81f1a814920 , Price: 0.0]
2026-03-18 11:51:31.342  INFO 1 --- [io-12031-exec-9] order.controller.OrderController         : [createNewOrder][Create Order][from shanghai to taiyuan at 1970-01-02 18:17:36]
2026-03-18 11:51:31.342  INFO 1 --- [io-12031-exec-9] order.service.OrderServiceImpl           : [create][Create Order][Ready to Create Order]
2026-03-18 11:51:31.391  INFO 1 --- [io-12031-exec-9] order.service.OrderServiceImpl           : [create][Order Create Success][Order Price][OrderId:ccd74c3f-c764-41bc-b378-051e57c2d27d , Price: 0.0]
2026-03-18 11:51:31.665  INFO 1 --- [io-12031-exec-1] order.controller.OrderController         : [createNewOrder][Create Order][from shanghai to taiyuan at 1970-01-02 18:17:36]
2026-03-18 11:51:31.665  INFO 1 --- [io-12031-exec-1] order.service.OrderServiceImpl           : [create][Create Order][Ready to Create Order]
2026-03-18 11:51:31.690  INFO 1 --- [io-12031-exec-1] order.service.OrderServiceImpl           : [create][Order Create Success][Order Price][OrderId:b955f12c-51c9-43b9-9823-267bd09d2f70 , Price: 0.0]
2026-03-18 11:51:31.952  INFO 1 --- [io-12031-exec-3] order.controller.OrderController         : [createNewOrder][Create Order][from shanghai to taiyuan at 1970-01-02 18:17:36]
2026-03-18 11:51:31.952  INFO 1 --- [io-12031-exec-3] order.service.OrderServiceImpl           : [create][Create Order][Ready to Create Order]
2026-03-18 11:51:31.976  INFO 1 --- [io-12031-exec-3] order.service.OrderServiceImpl           : [create][Order Create Success][Order Price][OrderId:8b8ec77c-02bd-4ed7-99e2-8cfadc37d64e , Price: 0.0]
2026-03-18 11:51:32.247  INFO 1 --- [io-12031-exec-2] order.controller.OrderController         : [createNewOrder][Create Order][from shanghai to taiyuan at 1970-01-02 18:17:36]
2026-03-18 11:51:32.247  INFO 1 --- [io-12031-exec-2] order.service.OrderServiceImpl           : [create][Create Order][Ready to Create Order]
2026-03-18 11:51:32.279  INFO 1 --- [io-12031-exec-2] order.service.OrderServiceImpl           : [create][Order Create Success][Order Price][OrderId:f3fb9dd0-f09f-41fd-957b-d971ddbcd9d7 , Price: 0.0]
2026-03-18 11:51:32.554  INFO 1 --- [io-12031-exec-5] order.controller.OrderController         : [createNewOrder][Create Order][from shanghai to taiyuan at 1970-01-02 18:17:36]
2026-03-18 11:51:32.554  INFO 1 --- [io-12031-exec-5] order.service.OrderServiceImpl           : [create][Create Order][Ready to Create Order]
2026-03-18 11:51:32.579  INFO 1 --- [io-12031-exec-5] order.service.OrderServiceImpl           : [create][Order Create Success][Order Price][OrderId:53b0835e-b7cc-4578-966d-b8b04d47c913 , Price: 0.0]
2026-03-18 11:51:32.850  INFO 1 --- [io-12031-exec-4] order.controller.OrderController         : [createNewOrder][Create Order][from shanghai to taiyuan at 1970-01-02 18:17:36]
2026-03-18 11:51:32.850  INFO 1 --- [io-12031-exec-4] order.service.OrderServiceImpl           : [create][Create Order][Ready to Create Order]
2026-03-18 11:51:32.874  INFO 1 --- [io-12031-exec-4] order.service.OrderServiceImpl           : [create][Order Create Success][Order Price][OrderId:512b5ecc-d963-4ae3-a148-9f320d4977e3 , Price: 0.0]
2026-03-18 11:51:33.149  INFO 1 --- [io-12031-exec-7] order.controller.OrderController         : [createNewOrder][Create Order][from shanghai to taiyuan at 1970-01-02 18:17:36]
2026-03-18 11:51:33.149  INFO 1 --- [io-12031-exec-7] order.service.OrderServiceImpl           : [create][Create Order][Ready to Create Order]
2026-03-18 11:51:33.175  INFO 1 --- [io-12031-exec-7] order.service.OrderServiceImpl           : [create][Order Create Success][Order Price][OrderId:960df2e9-ce96-44e6-b20d-27a8f28104f8 , Price: 0.0]
2026-03-18 11:51:33.450  INFO 1 --- [io-12031-exec-6] order.controller.OrderController         : [createNewOrder][Create Order][from shanghai to taiyuan at 1970-01-02 18:17:36]
2026-03-18 11:51:33.450  INFO 1 --- [io-12031-exec-6] order.service.OrderServiceImpl           : [create][Create Order][Ready to Create Order]
2026-03-18 11:51:33.573  INFO 1 --- [io-12031-exec-6] order.service.OrderServiceImpl           : [create][Order Create Success][Order Price][OrderId:adf1c3e4-c604-43bd-a543-1f0949afd1e4 , Price: 0.0]
2026-03-18 11:51:33.851  INFO 1 --- [io-12031-exec-8] order.controller.OrderController         : [createNewOrder][Create Order][from shanghai to taiyuan at 1970-01-02 18:17:36]
2026-03-18 11:51:33.851  INFO 1 --- [io-12031-exec-8] order.service.OrderServiceImpl           : [create][Create Order][Ready to Create Order]
2026-03-18 11:51:33.875  INFO 1 --- [io-12031-exec-8] order.service.OrderServiceImpl           : [create][Order Create Success][Order Price][OrderId:59348fd1-7fa0-4048-9697-8820fd08eb1d , Price: 0.0]
2026-03-18 11:51:34.156  INFO 1 --- [o-12031-exec-10] order.controller.OrderController         : [createNewOrder][Create Order][from shanghai to taiyuan at 1970-01-02 18:17:36]
2026-03-18 11:51:34.156  INFO 1 --- [o-12031-exec-10] order.service.OrderServiceImpl           : [create][Create Order][Ready to Create Order]
2026-03-18 11:51:34.181  INFO 1 --- [o-12031-exec-10] order.service.OrderServiceImpl           : [create][Order Create Success][Order Price][OrderId:59d5dde4-1652-43f4-8405-50bf54422271 , Price: 0.0]
2026-03-18 11:51:34.458  INFO 1 --- [io-12031-exec-9] order.controller.OrderController         : [createNewOrder][Create Order][from shanghai to taiyuan at 1970-01-02 18:17:36]
2026-03-18 11:51:34.458  INFO 1 --- [io-12031-exec-9] order.service.OrderServiceImpl           : [create][Create Order][Ready to Create Order]
2026-03-18 11:51:34.671  INFO 1 --- [io-12031-exec-9] order.service.OrderServiceImpl           : [create][Order Create Success][Order Price][OrderId:2b4175cf-4f9c-4dbf-85bf-fe62c6b6ad95 , Price: 0.0]
2026-03-18 11:51:34.944  INFO 1 --- [io-12031-exec-1] order.controller.OrderController         : [createNewOrder][Create Order][from shanghai to taiyuan at 1970-01-02 18:17:36]
2026-03-18 11:51:34.944  INFO 1 --- [io-12031-exec-1] order.service.OrderServiceImpl           : [create][Create Order][Ready to Create Order]
2026-03-18 11:51:34.969  INFO 1 --- [io-12031-exec-1] order.service.OrderServiceImpl           : [create][Order Create Success][Order Price][OrderId:24ab3d77-15e1-444c-9037-8ef6ec952e97 , Price: 0.0]
2026-03-18 11:51:35.239  INFO 1 --- [io-12031-exec-3] order.controller.OrderController         : [createNewOrder][Create Order][from shanghai to taiyuan at 1970-01-02 18:17:36]
2026-03-18 11:51:35.239  INFO 1 --- [io-12031-exec-3] order.service.OrderServiceImpl           : [create][Create Order][Ready to Create Order]
2026-03-18 11:51:35.263  INFO 1 --- [io-12031-exec-3] order.service.OrderServiceImpl           : [create][Order Create Success][Order Price][OrderId:3e190ade-1331-4288-8983-fa06799e5562 , Price: 0.0]
2026-03-18 11:51:35.534  INFO 1 --- [io-12031-exec-2] order.controller.OrderController         : [createNewOrder][Create Order][from shanghai to taiyuan at 1970-01-02 18:17:36]
2026-03-18 11:51:35.534  INFO 1 --- [io-12031-exec-2] order.service.OrderServiceImpl           : [create][Create Order][Ready to Create Order]
2026-03-18 11:51:35.585  INFO 1 --- [io-12031-exec-2] order.service.OrderServiceImpl           : [create][Order Create Success][Order Price][OrderId:28700f4e-9de5-45ab-84ac-c54962aa205b , Price: 0.0]
2026-03-18 11:51:35.857  INFO 1 --- [io-12031-exec-5] order.controller.OrderController         : [createNewOrder][Create Order][from shanghai to taiyuan at 1970-01-02 18:17:36]
2026-03-18 11:51:35.857  INFO 1 --- [io-12031-exec-5] order.service.OrderServiceImpl           : [create][Create Order][Ready to Create Order]
2026-03-18 11:51:35.883  INFO 1 --- [io-12031-exec-5] order.service.OrderServiceImpl           : [create][Order Create Success][Order Price][OrderId:c70e2ff0-6b50-4a32-95d5-16965ec1028c , Price: 0.0]
2026-03-18 11:51:36.158  INFO 1 --- [io-12031-exec-4] order.controller.OrderController         : [createNewOrder][Create Order][from shanghai to taiyuan at 1970-01-02 18:17:36]
2026-03-18 11:51:36.158  INFO 1 --- [io-12031-exec-4] order.service.OrderServiceImpl           : [create][Create Order][Ready to Create Order]
2026-03-18 11:51:36.190  INFO 1 --- [io-12031-exec-4] order.service.OrderServiceImpl           : [create][Order Create Success][Order Price][OrderId:3076ba35-445d-4840-87e4-ebeac2807183 , Price: 0.0]
2026-03-18 11:51:36.461  INFO 1 --- [io-12031-exec-7] order.controller.OrderController         : [createNewOrder][Create Order][from shanghai to taiyuan at 1970-01-02 18:17:36]
2026-03-18 11:51:36.461  INFO 1 --- [io-12031-exec-7] order.service.OrderServiceImpl           : [create][Create Order][Ready to Create Order]
2026-03-18 11:51:36.675  INFO 1 --- [io-12031-exec-7] order.service.OrderServiceImpl           : [create][Order Create Success][Order Price][OrderId:cddd9d5f-1c3c-49d7-ab1b-9f089b36fe71 , Price: 0.0]
2026-03-18 11:51:36.957  INFO 1 --- [io-12031-exec-6] order.controller.OrderController         : [createNewOrder][Create Order][from shanghai to taiyuan at 1970-01-02 18:17:36]
2026-03-18 11:51:36.957  INFO 1 --- [io-12031-exec-6] order.service.OrderServiceImpl           : [create][Create Order][Ready to Create Order]
2026-03-18 11:51:36.982  INFO 1 --- [io-12031-exec-6] order.service.OrderServiceImpl           : [create][Order Create Success][Order Price][OrderId:64208301-6cb6-4530-85a9-4f1c6c71bfcb , Price: 0.0]
2026-03-18 11:51:37.254  INFO 1 --- [io-12031-exec-8] order.controller.OrderController         : [createNewOrder][Create Order][from shanghai to taiyuan at 1970-01-02 18:17:36]
2026-03-18 11:51:37.254  INFO 1 --- [io-12031-exec-8] order.service.OrderServiceImpl           : [create][Create Order][Ready to Create Order]
2026-03-18 11:51:37.281  INFO 1 --- [io-12031-exec-8] order.service.OrderServiceImpl           : [create][Order Create Success][Order Price][OrderId:80e4e48a-fbfa-408b-beb1-215baea5c09b , Price: 0.0]
2026-03-18 11:51:37.555  INFO 1 --- [o-12031-exec-10] order.controller.OrderController         : [createNewOrder][Create Order][from shanghai to taiyuan at 1970-01-02 18:17:36]
2026-03-18 11:51:37.555  INFO 1 --- [o-12031-exec-10] order.service.OrderServiceImpl           : [create][Create Order][Ready to Create Order]
2026-03-18 11:51:37.579  INFO 1 --- [o-12031-exec-10] order.service.OrderServiceImpl           : [create][Order Create Success][Order Price][OrderId:3c2a230e-f4ee-4a82-9ab7-2f71e112a93c , Price: 0.0]
2026-03-18 11:51:37.860  INFO 1 --- [io-12031-exec-9] order.controller.OrderController         : [createNewOrder][Create Order][from shanghai to taiyuan at 1970-01-02 18:17:36]
2026-03-18 11:51:37.860  INFO 1 --- [io-12031-exec-9] order.service.OrderServiceImpl           : [create][Create Order][Ready to Create Order]
2026-03-18 11:51:37.892  INFO 1 --- [io-12031-exec-9] order.service.OrderServiceImpl           : [create][Order Create Success][Order Price][OrderId:cb9a93d2-b4df-434c-84c7-8214dc8f5d67 , Price: 0.0]
2026-03-18 11:51:38.156  INFO 1 --- [io-12031-exec-1] order.controller.OrderController         : [createNewOrder][Create Order][from shanghai to taiyuan at 1970-01-02 18:17:36]
2026-03-18 11:51:38.156  INFO 1 --- [io-12031-exec-1] order.service.OrderServiceImpl           : [create][Create Order][Ready to Create Order]
2026-03-18 11:51:38.182  INFO 1 --- [io-12031-exec-1] order.service.OrderServiceImpl           : [create][Order Create Success][Order Price][OrderId:03b9e25f-29c7-4780-9b25-ee88bfe199a5 , Price: 0.0]
2026-03-18 11:51:38.447  INFO 1 --- [io-12031-exec-3] order.controller.OrderController         : [createNewOrder][Create Order][from shanghai to taiyuan at 1970-01-02 18:17:36]
2026-03-18 11:51:38.447  INFO 1 --- [io-12031-exec-3] order.service.OrderServiceImpl           : [create][Create Order][Ready to Create Order]
2026-03-18 11:51:38.473  INFO 1 --- [io-12031-exec-3] order.service.OrderServiceImpl           : [create][Order Create Success][Order Price][OrderId:184a395a-8d23-4d5b-8570-84022a2318b7 , Price: 0.0]
2026-03-18 11:51:38.748  INFO 1 --- [io-12031-exec-2] order.controller.OrderController         : [createNewOrder][Create Order][from shanghai to taiyuan at 1970-01-02 18:17:36]
2026-03-18 11:51:38.748  INFO 1 --- [io-12031-exec-2] order.service.OrderServiceImpl           : [create][Create Order][Ready to Create Order]
2026-03-18 11:51:38.788  INFO 1 --- [io-12031-exec-2] order.service.OrderServiceImpl           : [create][Order Create Success][Order Price][OrderId:3489daf1-f9e1-4074-b396-c5f6951cfe8f , Price: 0.0]
2026-03-18 11:51:39.060  INFO 1 --- [io-12031-exec-5] order.controller.OrderController         : [createNewOrder][Create Order][from shanghai to taiyuan at 1970-01-02 18:17:36]
2026-03-18 11:51:39.060  INFO 1 --- [io-12031-exec-5] order.service.OrderServiceImpl           : [create][Create Order][Ready to Create Order]
2026-03-18 11:51:39.085  INFO 1 --- [io-12031-exec-5] order.service.OrderServiceImpl           : [create][Order Create Success][Order Price][OrderId:f9374fc3-a1ce-4cb2-9b0d-f34e4ef96f61 , Price: 0.0]
2026-03-18 11:51:39.353  INFO 1 --- [io-12031-exec-4] order.controller.OrderController         : [createNewOrder][Create Order][from shanghai to taiyuan at 1970-01-02 18:17:36]
2026-03-18 11:51:39.353  INFO 1 --- [io-12031-exec-4] order.service.OrderServiceImpl           : [create][Create Order][Ready to Create Order]
2026-03-18 11:51:39.378  INFO 1 --- [io-12031-exec-4] order.service.OrderServiceImpl           : [create][Order Create Success][Order Price][OrderId:89ceeecb-8632-4c24-a6bb-47177c79ead8 , Price: 0.0]
2026-03-18 11:51:39.653  INFO 1 --- [io-12031-exec-7] order.controller.OrderController         : [createNewOrder][Create Order][from shanghai to taiyuan at 1970-01-02 18:17:36]
2026-03-18 11:51:39.653  INFO 1 --- [io-12031-exec-7] order.service.OrderServiceImpl           : [create][Create Order][Ready to Create Order]
2026-03-18 11:51:39.686  INFO 1 --- [io-12031-exec-7] order.service.OrderServiceImpl           : [create][Order Create Success][Order Price][OrderId:b24d1922-e7c4-409d-928d-f520d7c914e0 , Price: 0.0]
2026-03-18 11:51:39.953  INFO 1 --- [io-12031-exec-6] order.controller.OrderController         : [createNewOrder][Create Order][from shanghai to taiyuan at 1970-01-02 18:17:36]
2026-03-18 11:51:39.953  INFO 1 --- [io-12031-exec-6] order.service.OrderServiceImpl           : [create][Create Order][Ready to Create Order]
2026-03-18 11:51:39.979  INFO 1 --- [io-12031-exec-6] order.service.OrderServiceImpl           : [create][Order Create Success][Order Price][OrderId:1bbdc759-904a-4a57-80bb-aadfdfa6c6e0 , Price: 0.0]
2026-03-18 11:51:40.256  INFO 1 --- [io-12031-exec-8] order.controller.OrderController         : [createNewOrder][Create Order][from shanghai to taiyuan at 1970-01-02 18:17:36]
2026-03-18 11:51:40.256  INFO 1 --- [io-12031-exec-8] order.service.OrderServiceImpl           : [create][Create Order][Ready to Create Order]
2026-03-18 11:51:40.281  INFO 1 --- [io-12031-exec-8] order.service.OrderServiceImpl           : [create][Order Create Success][Order Price][OrderId:789ec88c-dacb-4f67-8489-99e7f2ecd1b0 , Price: 0.0]
2026-03-18 11:51:40.553  INFO 1 --- [o-12031-exec-10] order.controller.OrderController         : [createNewOrder][Create Order][from shanghai to taiyuan at 1970-01-02 18:17:36]
2026-03-18 11:51:40.553  INFO 1 --- [o-12031-exec-10] order.service.OrderServiceImpl           : [create][Create Order][Ready to Create Order]
2026-03-18 11:51:40.678  INFO 1 --- [o-12031-exec-10] order.service.OrderServiceImpl           : [create][Order Create Success][Order Price][OrderId:a7dd3d96-5b9a-482a-bf3f-99df2aa8d4f7 , Price: 0.0]
2026-03-18 11:51:40.973  INFO 1 --- [io-12031-exec-9] order.controller.OrderController         : [createNewOrder][Create Order][from shanghai to taiyuan at 1970-01-02 18:17:36]
2026-03-18 11:51:40.973  INFO 1 --- [io-12031-exec-9] order.service.OrderServiceImpl           : [create][Create Order][Ready to Create Order]
2026-03-18 11:51:40.998  INFO 1 --- [io-12031-exec-9] order.service.OrderServiceImpl           : [create][Order Create Success][Order Price][OrderId:1a97db64-3026-46fe-8506-a210e119e10d , Price: 0.0]
2026-03-18 11:51:41.258  INFO 1 --- [io-12031-exec-3] order.controller.OrderController         : [createNewOrder][Create Order][from shanghai to taiyuan at 1970-01-02 18:17:36]
2026-03-18 11:51:41.258  INFO 1 --- [io-12031-exec-3] order.service.OrderServiceImpl           : [create][Create Order][Ready to Create Order]
2026-03-18 11:51:41.283  INFO 1 --- [io-12031-exec-3] order.service.OrderServiceImpl           : [create][Order Create Success][Order Price][OrderId:986a84ff-0228-4a72-b5ac-4c8f33adcaec , Price: 0.0]
2026-03-18 11:51:41.555  INFO 1 --- [io-12031-exec-2] order.controller.OrderController         : [createNewOrder][Create Order][from shanghai to taiyuan at 1970-01-02 18:17:36]
2026-03-18 11:51:41.555  INFO 1 --- [io-12031-exec-2] order.service.OrderServiceImpl           : [create][Create Order][Ready to Create Order]
2026-03-18 11:51:41.687  INFO 1 --- [io-12031-exec-2] order.service.OrderServiceImpl           : [create][Order Create Success][Order Price][OrderId:16f34ee4-209f-46c8-97b1-b035621e75a4 , Price: 0.0]
2026-03-18 11:51:41.953  INFO 1 --- [io-12031-exec-5] order.controller.OrderController         : [createNewOrder][Create Order][from shanghai to taiyuan at 1970-01-02 18:17:36]
2026-03-18 11:51:41.953  INFO 1 --- [io-12031-exec-5] order.service.OrderServiceImpl           : [create][Create Order][Ready to Create Order]
2026-03-18 11:51:41.977  INFO 1 --- [io-12031-exec-5] order.service.OrderServiceImpl           : [create][Order Create Success][Order Price][OrderId:84261f28-2a59-4d5f-b2d7-932c01caa8db , Price: 0.0]
2026-03-18 11:51:42.247  INFO 1 --- [io-12031-exec-4] order.controller.OrderController         : [createNewOrder][Create Order][from shanghai to taiyuan at 1970-01-02 18:17:36]
2026-03-18 11:51:42.247  INFO 1 --- [io-12031-exec-4] order.service.OrderServiceImpl           : [create][Create Order][Ready to Create Order]
2026-03-18 11:51:42.274  INFO 1 --- [io-12031-exec-4] order.service.OrderServiceImpl           : [create][Order Create Success][Order Price][OrderId:10fb10ae-5dbb-4080-9ca0-a7a3064fca94 , Price: 0.0]
2026-03-18 11:51:42.554  INFO 1 --- [io-12031-exec-7] order.controller.OrderController         : [createNewOrder][Create Order][from shanghai to taiyuan at 1970-01-02 18:17:36]
2026-03-18 11:51:42.554  INFO 1 --- [io-12031-exec-7] order.service.OrderServiceImpl           : [create][Create Order][Ready to Create Order]
2026-03-18 11:51:42.580  INFO 1 --- [io-12031-exec-7] order.service.OrderServiceImpl           : [create][Order Create Success][Order Price][OrderId:15db6da6-81cb-4653-b171-e54dba7f28dd , Price: 0.0]
2026-03-18 11:51:42.852  INFO 1 --- [io-12031-exec-6] order.controller.OrderController         : [createNewOrder][Create Order][from shanghai to taiyuan at 1970-01-02 18:17:36]
2026-03-18 11:51:42.852  INFO 1 --- [io-12031-exec-6] order.service.OrderServiceImpl           : [create][Create Order][Ready to Create Order]
2026-03-18 11:51:42.889  INFO 1 --- [io-12031-exec-6] order.service.OrderServiceImpl           : [create][Order Create Success][Order Price][OrderId:b06102c3-aa58-4ea9-8bae-7fcb7bea6153 , Price: 0.0]
2026-03-18 11:51:43.154  INFO 1 --- [io-12031-exec-8] order.controller.OrderController         : [createNewOrder][Create Order][from shanghai to taiyuan at 1970-01-02 18:17:36]
2026-03-18 11:51:43.154  INFO 1 --- [io-12031-exec-8] order.service.OrderServiceImpl           : [create][Create Order][Ready to Create Order]
2026-03-18 11:51:43.181  INFO 1 --- [io-12031-exec-8] order.service.OrderServiceImpl           : [create][Order Create Success][Order Price][OrderId:e67f79a7-d193-43c5-9643-8c0fc0fd165b , Price: 0.0]
2026-03-18 11:51:43.449  INFO 1 --- [o-12031-exec-10] order.controller.OrderController         : [createNewOrder][Create Order][from shanghai to taiyuan at 1970-01-02 18:17:36]
2026-03-18 11:51:43.449  INFO 1 --- [o-12031-exec-10] order.service.OrderServiceImpl           : [create][Create Order][Ready to Create Order]
2026-03-18 11:51:43.478  INFO 1 --- [o-12031-exec-10] order.service.OrderServiceImpl           : [create][Order Create Success][Order Price][OrderId:449aa266-65c0-43a6-a929-87a4d409904b , Price: 0.0]
2026-03-18 11:51:43.753  INFO 1 --- [io-12031-exec-9] order.controller.OrderController         : [createNewOrder][Create Order][from shanghai to taiyuan at 1970-01-02 18:17:36]
2026-03-18 11:51:43.753  INFO 1 --- [io-12031-exec-9] order.service.OrderServiceImpl           : [create][Create Order][Ready to Create Order]
2026-03-18 11:51:43.788  INFO 1 --- [io-12031-exec-9] order.service.OrderServiceImpl           : [create][Order Create Success][Order Price][OrderId:44870202-dee2-4499-ac90-fe1d77026778 , Price: 0.0]
2026-03-18 11:51:44.059  INFO 1 --- [io-12031-exec-1] order.controller.OrderController         : [createNewOrder][Create Order][from shanghai to taiyuan at 1970-01-02 18:17:36]
2026-03-18 11:51:44.059  INFO 1 --- [io-12031-exec-1] order.service.OrderServiceImpl           : [create][Create Order][Ready to Create Order]
2026-03-18 11:51:44.083  INFO 1 --- [io-12031-exec-1] order.service.OrderServiceImpl           : [create][Order Create Success][Order Price][OrderId:b86b45fa-765e-4bab-8a49-e240a93ef4de , Price: 0.0]
2026-03-18 11:51:44.360  INFO 1 --- [io-12031-exec-3] order.controller.OrderController         : [createNewOrder][Create Order][from shanghai to taiyuan at 1970-01-02 18:17:36]
2026-03-18 11:51:44.360  INFO 1 --- [io-12031-exec-3] order.service.OrderServiceImpl           : [create][Create Order][Ready to Create Order]
2026-03-18 11:51:44.385  INFO 1 --- [io-12031-exec-3] order.service.OrderServiceImpl           : [create][Order Create Success][Order Price][OrderId:3ce064e2-852d-40ca-9f3c-96a138dff1c1 , Price: 0.0]
2026-03-18 11:51:44.658  INFO 1 --- [io-12031-exec-2] order.controller.OrderController         : [createNewOrder][Create Order][from shanghai to taiyuan at 1970-01-02 18:17:36]
2026-03-18 11:51:44.658  INFO 1 --- [io-12031-exec-2] order.service.OrderServiceImpl           : [create][Create Order][Ready to Create Order]
2026-03-18 11:51:44.866  INFO 1 --- [io-12031-exec-2] order.service.OrderServiceImpl           : [create][Order Create Success][Order Price][OrderId:88559371-ce68-4cf6-8247-07c1dfffaa3d , Price: 0.0]
2026-03-18 11:51:45.139  INFO 1 --- [io-12031-exec-5] order.controller.OrderController         : [createNewOrder][Create Order][from shanghai to taiyuan at 1970-01-02 18:17:36]
2026-03-18 11:51:45.139  INFO 1 --- [io-12031-exec-5] order.service.OrderServiceImpl           : [create][Create Order][Ready to Create Order]
2026-03-18 11:51:45.162  INFO 1 --- [io-12031-exec-5] order.service.OrderServiceImpl           : [create][Order Create Success][Order Price][OrderId:52dbe057-dc7b-46cb-b93f-c5d99ed95715 , Price: 0.0]
2026-03-18 11:51:45.544  INFO 1 --- [io-12031-exec-4] order.controller.OrderController         : [createNewOrder][Create Order][from shanghai to taiyuan at 1970-01-02 18:17:36]
2026-03-18 11:51:45.545  INFO 1 --- [io-12031-exec-4] order.service.OrderServiceImpl           : [create][Create Order][Ready to Create Order]
2026-03-18 11:51:45.570  INFO 1 --- [io-12031-exec-4] order.service.OrderServiceImpl           : [create][Order Create Success][Order Price][OrderId:3384b88c-92e8-44a0-8984-b0754bf06209 , Price: 0.0]
2026-03-18 11:51:45.836  INFO 1 --- [io-12031-exec-7] order.controller.OrderController         : [createNewOrder][Create Order][from shanghai to taiyuan at 1970-01-02 18:17:36]
2026-03-18 11:51:45.836  INFO 1 --- [io-12031-exec-7] order.service.OrderServiceImpl           : [create][Create Order][Ready to Create Order]
2026-03-18 11:51:45.885  INFO 1 --- [io-12031-exec-7] order.service.OrderServiceImpl           : [create][Order Create Success][Order Price][OrderId:f1fcc760-9632-439f-9e05-60411bde08ba , Price: 0.0]
2026-03-18 11:51:46.157  INFO 1 --- [io-12031-exec-6] order.controller.OrderController         : [createNewOrder][Create Order][from shanghai to taiyuan at 1970-01-02 18:17:36]
2026-03-18 11:51:46.157  INFO 1 --- [io-12031-exec-6] order.service.OrderServiceImpl           : [create][Create Order][Ready to Create Order]
2026-03-18 11:51:46.182  INFO 1 --- [io-12031-exec-6] order.service.OrderServiceImpl           : [create][Order Create Success][Order Price][OrderId:6b03d7f5-1b66-4dea-aaf0-5812b3fc0813 , Price: 0.0]
2026-03-18 11:51:46.450  INFO 1 --- [io-12031-exec-8] order.controller.OrderController         : [createNewOrder][Create Order][from shanghai to taiyuan at 1970-01-02 18:17:36]
2026-03-18 11:51:46.450  INFO 1 --- [io-12031-exec-8] order.service.OrderServiceImpl           : [create][Create Order][Ready to Create Order]
2026-03-18 11:51:46.475  INFO 1 --- [io-12031-exec-8] order.service.OrderServiceImpl           : [create][Order Create Success][Order Price][OrderId:4269c439-fc2c-4a2c-97a6-e1d0f5fa9a37 , Price: 0.0]
2026-03-18 11:51:46.747  INFO 1 --- [o-12031-exec-10] order.controller.OrderController         : [createNewOrder][Create Order][from shanghai to taiyuan at 1970-01-02 18:17:36]
2026-03-18 11:51:46.748  INFO 1 --- [o-12031-exec-10] order.service.OrderServiceImpl           : [create][Create Order][Ready to Create Order]
2026-03-18 11:51:46.787  INFO 1 --- [o-12031-exec-10] order.service.OrderServiceImpl           : [create][Order Create Success][Order Price][OrderId:bdb3f7db-37cf-4840-b2ab-daa57fa87c2b , Price: 0.0]
2026-03-18 11:51:47.056  INFO 1 --- [io-12031-exec-9] order.controller.OrderController         : [createNewOrder][Create Order][from shanghai to taiyuan at 1970-01-02 18:17:36]
2026-03-18 11:51:47.056  INFO 1 --- [io-12031-exec-9] order.service.OrderServiceImpl           : [create][Create Order][Ready to Create Order]
2026-03-18 11:51:47.081  INFO 1 --- [io-12031-exec-9] order.service.OrderServiceImpl           : [create][Order Create Success][Order Price][OrderId:c0b8a820-8582-435f-96d7-7abaef1cc262 , Price: 0.0]
2026-03-18 11:51:47.355  INFO 1 --- [io-12031-exec-1] order.controller.OrderController         : [createNewOrder][Create Order][from shanghai to taiyuan at 1970-01-02 18:17:36]
2026-03-18 11:51:47.355  INFO 1 --- [io-12031-exec-1] order.service.OrderServiceImpl           : [create][Create Order][Ready to Create Order]
2026-03-18 11:51:47.382  INFO 1 --- [io-12031-exec-1] order.service.OrderServiceImpl           : [create][Order Create Success][Order Price][OrderId:10eabb8e-7fc9-43ad-94aa-9938f94cdf9b , Price: 0.0]
2026-03-18 11:51:47.658  INFO 1 --- [io-12031-exec-3] order.controller.OrderController         : [createNewOrder][Create Order][from shanghai to taiyuan at 1970-01-02 18:17:36]
2026-03-18 11:51:47.658  INFO 1 --- [io-12031-exec-3] order.service.OrderServiceImpl           : [create][Create Order][Ready to Create Order]
2026-03-18 11:51:47.881  INFO 1 --- [io-12031-exec-3] order.service.OrderServiceImpl           : [create][Order Create Success][Order Price][OrderId:17ca3073-76dc-4160-8315-de6aa645d700 , Price: 0.0]
2026-03-18 11:51:48.154  INFO 1 --- [io-12031-exec-2] order.controller.OrderController         : [createNewOrder][Create Order][from shanghai to taiyuan at 1970-01-02 18:17:36]
2026-03-18 11:51:48.154  INFO 1 --- [io-12031-exec-2] order.service.OrderServiceImpl           : [create][Create Order][Ready to Create Order]
2026-03-18 11:51:48.179  INFO 1 --- [io-12031-exec-2] order.service.OrderServiceImpl           : [create][Order Create Success][Order Price][OrderId:edc8d8e3-9584-4c24-acb6-84ac53bbe970 , Price: 0.0]
2026-03-18 11:51:48.450  INFO 1 --- [io-12031-exec-5] order.controller.OrderController         : [createNewOrder][Create Order][from shanghai to taiyuan at 1970-01-02 18:17:36]
2026-03-18 11:51:48.450  INFO 1 --- [io-12031-exec-5] order.service.OrderServiceImpl           : [create][Create Order][Ready to Create Order]
2026-03-18 11:51:48.478  INFO 1 --- [io-12031-exec-5] order.service.OrderServiceImpl           : [create][Order Create Success][Order Price][OrderId:517e145d-fe23-4342-81a8-9e0b3ffef8ee , Price: 0.0]
2026-03-18 11:51:48.754  INFO 1 --- [io-12031-exec-4] order.controller.OrderController         : [createNewOrder][Create Order][from shanghai to taiyuan at 1970-01-02 18:17:36]
2026-03-18 11:51:48.754  INFO 1 --- [io-12031-exec-4] order.service.OrderServiceImpl           : [create][Create Order][Ready to Create Order]
2026-03-18 11:51:48.779  INFO 1 --- [io-12031-exec-4] order.service.OrderServiceImpl           : [create][Order Create Success][Order Price][OrderId:1ce458b0-ca0a-466f-a3ff-7300452f0c2b , Price: 0.0]
2026-03-18 11:51:49.047  INFO 1 --- [io-12031-exec-7] order.controller.OrderController         : [createNewOrder][Create Order][from shanghai to taiyuan at 1970-01-02 18:17:36]
2026-03-18 11:51:49.047  INFO 1 --- [io-12031-exec-7] order.service.OrderServiceImpl           : [create][Create Order][Ready to Create Order]
2026-03-18 11:51:49.176  INFO 1 --- [io-12031-exec-7] order.service.OrderServiceImpl           : [create][Order Create Success][Order Price][OrderId:e4dda229-0e45-4bea-a934-b83a6dab0dc2 , Price: 0.0]
2026-03-18 11:51:49.448  INFO 1 --- [io-12031-exec-6] order.controller.OrderController         : [createNewOrder][Create Order][from shanghai to taiyuan at 1970-01-02 18:17:36]
2026-03-18 11:51:49.448  INFO 1 --- [io-12031-exec-6] order.service.OrderServiceImpl           : [create][Create Order][Ready to Create Order]
2026-03-18 11:51:49.474  INFO 1 --- [io-12031-exec-6] order.service.OrderServiceImpl           : [create][Order Create Success][Order Price][OrderId:55528f8e-d1e2-49be-8e2b-b745909cf0ad , Price: 0.0]
2026-03-18 11:51:49.748  INFO 1 --- [io-12031-exec-8] order.controller.OrderController         : [createNewOrder][Create Order][from shanghai to taiyuan at 1970-01-02 18:17:36]
2026-03-18 11:51:49.748  INFO 1 --- [io-12031-exec-8] order.service.OrderServiceImpl           : [create][Create Order][Ready to Create Order]
2026-03-18 11:51:49.774  INFO 1 --- [io-12031-exec-8] order.service.OrderServiceImpl           : [create][Order Create Success][Order Price][OrderId:3bc68d84-c3bb-4521-b1e3-69113c95123c , Price: 0.0]
2026-03-18 11:51:50.042  INFO 1 --- [o-12031-exec-10] order.controller.OrderController         : [createNewOrder][Create Order][from shanghai to taiyuan at 1970-01-02 18:17:36]
2026-03-18 11:51:50.042  INFO 1 --- [o-12031-exec-10] order.service.OrderServiceImpl           : [create][Create Order][Ready to Create Order]
2026-03-18 11:51:50.172  INFO 1 --- [o-12031-exec-10] order.service.OrderServiceImpl           : [create][Order Create Success][Order Price][OrderId:a956ddcd-9cf1-4bb7-a6e6-8ed829e0dadb , Price: 0.0]
2026-03-18 11:51:50.444  INFO 1 --- [io-12031-exec-9] order.controller.OrderController         : [createNewOrder][Create Order][from shanghai to taiyuan at 1970-01-02 18:17:36]
2026-03-18 11:51:50.444  INFO 1 --- [io-12031-exec-9] order.service.OrderServiceImpl           : [create][Create Order][Ready to Create Order]
2026-03-18 11:51:50.469  INFO 1 --- [io-12031-exec-9] order.service.OrderServiceImpl           : [create][Order Create Success][Order Price][OrderId:a2d4f0eb-0ca0-4bd2-9133-33050360664b , Price: 0.0]
2026-03-18 11:51:50.748  INFO 1 --- [io-12031-exec-1] order.controller.OrderController         : [createNewOrder][Create Order][from shanghai to taiyuan at 1970-01-02 18:17:36]
2026-03-18 11:51:50.748  INFO 1 --- [io-12031-exec-1] order.service.OrderServiceImpl           : [create][Create Order][Ready to Create Order]
2026-03-18 11:51:50.774  INFO 1 --- [io-12031-exec-1] order.service.OrderServiceImpl           : [create][Order Create Success][Order Price][OrderId:ce96e096-89e4-4c49-b304-0c0fae004a4c , Price: 0.0]
2026-03-18 11:51:51.052  INFO 1 --- [io-12031-exec-3] order.controller.OrderController         : [createNewOrder][Create Order][from shanghai to taiyuan at 1970-01-02 18:17:36]
2026-03-18 11:51:51.052  INFO 1 --- [io-12031-exec-3] order.service.OrderServiceImpl           : [create][Create Order][Ready to Create Order]
2026-03-18 11:51:51.090  INFO 1 --- [io-12031-exec-3] order.service.OrderServiceImpl           : [create][Order Create Success][Order Price][OrderId:1548dc30-32cb-4973-9993-3e6babf777a5 , Price: 0.0]
2026-03-18 11:51:51.367  INFO 1 --- [io-12031-exec-5] order.controller.OrderController         : [createNewOrder][Create Order][from shanghai to taiyuan at 1970-01-02 18:17:36]
2026-03-18 11:51:51.367  INFO 1 --- [io-12031-exec-5] order.service.OrderServiceImpl           : [create][Create Order][Ready to Create Order]
2026-03-18 11:51:51.394  INFO 1 --- [io-12031-exec-5] order.service.OrderServiceImpl           : [create][Order Create Success][Order Price][OrderId:b8230da3-94fe-4d39-b3da-961801b37d39 , Price: 0.0]
2026-03-18 11:51:51.656  INFO 1 --- [io-12031-exec-4] order.controller.OrderController         : [createNewOrder][Create Order][from shanghai to taiyuan at 1970-01-02 18:17:36]
2026-03-18 11:51:51.656  INFO 1 --- [io-12031-exec-4] order.service.OrderServiceImpl           : [create][Create Order][Ready to Create Order]
2026-03-18 11:51:51.681  INFO 1 --- [io-12031-exec-4] order.service.OrderServiceImpl           : [create][Order Create Success][Order Price][OrderId:b497d1ef-8e6a-4234-a39f-990224ed1ed1 , Price: 0.0]
2026-03-18 11:51:51.948  INFO 1 --- [io-12031-exec-7] order.controller.OrderController         : [createNewOrder][Create Order][from shanghai to taiyuan at 1970-01-02 18:17:36]
2026-03-18 11:51:51.949  INFO 1 --- [io-12031-exec-7] order.service.OrderServiceImpl           : [create][Create Order][Ready to Create Order]
2026-03-18 11:51:51.987  INFO 1 --- [io-12031-exec-7] order.service.OrderServiceImpl           : [create][Order Create Success][Order Price][OrderId:2e199ec8-d745-478b-82bf-f32d1f171606 , Price: 0.0]
2026-03-18 11:51:52.258  INFO 1 --- [io-12031-exec-6] order.controller.OrderController         : [createNewOrder][Create Order][from shanghai to taiyuan at 1970-01-02 18:17:36]
2026-03-18 11:51:52.258  INFO 1 --- [io-12031-exec-6] order.service.OrderServiceImpl           : [create][Create Order][Ready to Create Order]
2026-03-18 11:51:52.284  INFO 1 --- [io-12031-exec-6] order.service.OrderServiceImpl           : [create][Order Create Success][Order Price][OrderId:51d51a8a-a836-4c72-a64a-ef7c4c60a165 , Price: 0.0]
2026-03-18 11:51:52.554  INFO 1 --- [io-12031-exec-8] order.controller.OrderController         : [createNewOrder][Create Order][from shanghai to taiyuan at 1970-01-02 18:17:36]
2026-03-18 11:51:52.554  INFO 1 --- [io-12031-exec-8] order.service.OrderServiceImpl           : [create][Create Order][Ready to Create Order]
2026-03-18 11:51:52.580  INFO 1 --- [io-12031-exec-8] order.service.OrderServiceImpl           : [create][Order Create Success][Order Price][OrderId:d0b65405-25de-41bc-980c-de408a2a2d46 , Price: 0.0]
2026-03-18 11:51:52.852  INFO 1 --- [o-12031-exec-10] order.controller.OrderController         : [createNewOrder][Create Order][from shanghai to taiyuan at 1970-01-02 18:17:36]
2026-03-18 11:51:52.852  INFO 1 --- [o-12031-exec-10] order.service.OrderServiceImpl           : [create][Create Order][Ready to Create Order]
2026-03-18 11:51:52.886  INFO 1 --- [o-12031-exec-10] order.service.OrderServiceImpl           : [create][Order Create Success][Order Price][OrderId:5b90ffad-4ba7-4551-951a-11ca02a42ce8 , Price: 0.0]
2026-03-18 11:51:53.155  INFO 1 --- [io-12031-exec-9] order.controller.OrderController         : [createNewOrder][Create Order][from shanghai to taiyuan at 1970-01-02 18:17:36]
2026-03-18 11:51:53.155  INFO 1 --- [io-12031-exec-9] order.service.OrderServiceImpl           : [create][Create Order][Ready to Create Order]
2026-03-18 11:51:53.184  INFO 1 --- [io-12031-exec-9] order.service.OrderServiceImpl           : [create][Order Create Success][Order Price][OrderId:e20a3549-5950-4afa-887a-532c107bb6d6 , Price: 0.0]
2026-03-18 11:51:53.458  INFO 1 --- [io-12031-exec-1] order.controller.OrderController         : [createNewOrder][Create Order][from shanghai to taiyuan at 1970-01-02 18:17:36]
2026-03-18 11:51:53.458  INFO 1 --- [io-12031-exec-1] order.service.OrderServiceImpl           : [create][Create Order][Ready to Create Order]
2026-03-18 11:51:53.483  INFO 1 --- [io-12031-exec-1] order.service.OrderServiceImpl           : [create][Order Create Success][Order Price][OrderId:8dfce5b9-d1bf-48f7-ac13-950e1df0a23c , Price: 0.0]
2026-03-18 11:51:53.751  INFO 1 --- [io-12031-exec-3] order.controller.OrderController         : [createNewOrder][Create Order][from shanghai to taiyuan at 1970-01-02 18:17:36]
2026-03-18 11:51:53.751  INFO 1 --- [io-12031-exec-3] order.service.OrderServiceImpl           : [create][Create Order][Ready to Create Order]
2026-03-18 11:51:53.784  INFO 1 --- [io-12031-exec-3] order.service.OrderServiceImpl           : [create][Order Create Success][Order Price][OrderId:75fdf1a2-0f4c-461a-9c8f-9bcd0dff4265 , Price: 0.0]
2026-03-18 11:51:54.063  INFO 1 --- [io-12031-exec-2] order.controller.OrderController         : [createNewOrder][Create Order][from shanghai to taiyuan at 1970-01-02 18:17:36]
2026-03-18 11:51:54.063  INFO 1 --- [io-12031-exec-2] order.service.OrderServiceImpl           : [create][Create Order][Ready to Create Order]
2026-03-18 11:51:54.089  INFO 1 --- [io-12031-exec-2] order.service.OrderServiceImpl           : [create][Order Create Success][Order Price][OrderId:2296bce8-61d6-4bf3-8130-640c21cfd148 , Price: 0.0]
2026-03-18 11:51:54.353  INFO 1 --- [io-12031-exec-5] order.controller.OrderController         : [createNewOrder][Create Order][from shanghai to taiyuan at 1970-01-02 18:17:36]
2026-03-18 11:51:54.353  INFO 1 --- [io-12031-exec-5] order.service.OrderServiceImpl           : [create][Create Order][Ready to Create Order]
2026-03-18 11:51:54.379  INFO 1 --- [io-12031-exec-5] order.service.OrderServiceImpl           : [create][Order Create Success][Order Price][OrderId:9c59f0be-2ca0-49de-8f4a-402aa3f6aff2 , Price: 0.0]
2026-03-18 11:51:54.662  INFO 1 --- [io-12031-exec-4] order.controller.OrderController         : [createNewOrder][Create Order][from shanghai to taiyuan at 1970-01-02 18:17:36]
2026-03-18 11:51:54.662  INFO 1 --- [io-12031-exec-4] order.service.OrderServiceImpl           : [create][Create Order][Ready to Create Order]
2026-03-18 11:51:54.783  INFO 1 --- [io-12031-exec-4] order.service.OrderServiceImpl           : [create][Order Create Success][Order Price][OrderId:d89cf464-18b7-4c0e-b6c1-98fc341b09b4 , Price: 0.0]
2026-03-18 11:51:55.054  INFO 1 --- [io-12031-exec-7] order.controller.OrderController         : [createNewOrder][Create Order][from shanghai to taiyuan at 1970-01-02 18:17:36]
2026-03-18 11:51:55.054  INFO 1 --- [io-12031-exec-7] order.service.OrderServiceImpl           : [create][Create Order][Ready to Create Order]
2026-03-18 11:51:55.078  INFO 1 --- [io-12031-exec-7] order.service.OrderServiceImpl           : [create][Order Create Success][Order Price][OrderId:bb5ecb05-3386-4512-81f3-356cd948b29d , Price: 0.0]
2026-03-18 11:51:55.346  INFO 1 --- [io-12031-exec-6] order.controller.OrderController         : [createNewOrder][Create Order][from shanghai to taiyuan at 1970-01-02 18:17:36]
2026-03-18 11:51:55.346  INFO 1 --- [io-12031-exec-6] order.service.OrderServiceImpl           : [create][Create Order][Ready to Create Order]
2026-03-18 11:51:55.372  INFO 1 --- [io-12031-exec-6] order.service.OrderServiceImpl           : [create][Order Create Success][Order Price][OrderId:b0add678-7c2a-4cab-ba5f-ccb6a3509a83 , Price: 0.0]
2026-03-18 11:51:55.639  INFO 1 --- [io-12031-exec-8] order.controller.OrderController         : [createNewOrder][Create Order][from shanghai to taiyuan at 1970-01-02 18:17:36]
2026-03-18 11:51:55.639  INFO 1 --- [io-12031-exec-8] order.service.OrderServiceImpl           : [create][Create Order][Ready to Create Order]
2026-03-18 11:51:55.663  INFO 1 --- [io-12031-exec-8] order.service.OrderServiceImpl           : [create][Order Create Success][Order Price][OrderId:32ac661e-527e-42eb-9ac8-bc51fcf32ac3 , Price: 0.0]
2026-03-18 11:51:55.930  INFO 1 --- [o-12031-exec-10] order.controller.OrderController         : [createNewOrder][Create Order][from shanghai to taiyuan at 1970-01-02 18:17:36]
2026-03-18 11:51:55.930  INFO 1 --- [o-12031-exec-10] order.service.OrderServiceImpl           : [create][Create Order][Ready to Create Order]
2026-03-18 11:51:56.083  INFO 1 --- [o-12031-exec-10] order.service.OrderServiceImpl           : [create][Order Create Success][Order Price][OrderId:115236ff-77d0-45cb-92f1-fd501f5c04c1 , Price: 0.0]
2026-03-18 11:51:56.354  INFO 1 --- [io-12031-exec-9] order.controller.OrderController         : [createNewOrder][Create Order][from shanghai to taiyuan at 1970-01-02 18:17:36]
2026-03-18 11:51:56.354  INFO 1 --- [io-12031-exec-9] order.service.OrderServiceImpl           : [create][Create Order][Ready to Create Order]
2026-03-18 11:51:56.379  INFO 1 --- [io-12031-exec-9] order.service.OrderServiceImpl           : [create][Order Create Success][Order Price][OrderId:41b4f5b9-d989-4c99-b676-706f0f3aec12 , Price: 0.0]
2026-03-18 11:51:56.650  INFO 1 --- [io-12031-exec-1] order.controller.OrderController         : [createNewOrder][Create Order][from shanghai to taiyuan at 1970-01-02 18:17:36]
2026-03-18 11:51:56.650  INFO 1 --- [io-12031-exec-1] order.service.OrderServiceImpl           : [create][Create Order][Ready to Create Order]
2026-03-18 11:51:56.675  INFO 1 --- [io-12031-exec-1] order.service.OrderServiceImpl           : [create][Order Create Success][Order Price][OrderId:b1b7f4aa-affe-438d-bedf-a6a509021859 , Price: 0.0]
2026-03-18 11:51:56.945  INFO 1 --- [io-12031-exec-3] order.controller.OrderController         : [createNewOrder][Create Order][from shanghai to taiyuan at 1970-01-02 18:17:36]
2026-03-18 11:51:56.945  INFO 1 --- [io-12031-exec-3] order.service.OrderServiceImpl           : [create][Create Order][Ready to Create Order]
2026-03-18 11:51:56.983  INFO 1 --- [io-12031-exec-3] order.service.OrderServiceImpl           : [create][Order Create Success][Order Price][OrderId:3a1de7c1-6a44-42f7-bc86-1a6f0cc8e374 , Price: 0.0]
2026-03-18 11:51:57.253  INFO 1 --- [io-12031-exec-2] order.controller.OrderController         : [createNewOrder][Create Order][from shanghai to taiyuan at 1970-01-02 18:17:36]
2026-03-18 11:51:57.253  INFO 1 --- [io-12031-exec-2] order.service.OrderServiceImpl           : [create][Create Order][Ready to Create Order]
2026-03-18 11:51:57.280  INFO 1 --- [io-12031-exec-2] order.service.OrderServiceImpl           : [create][Order Create Success][Order Price][OrderId:58037756-aab3-4a4d-b985-5c5b15cfc981 , Price: 0.0]
2026-03-18 11:51:57.553  INFO 1 --- [io-12031-exec-5] order.controller.OrderController         : [createNewOrder][Create Order][from shanghai to taiyuan at 1970-01-02 18:17:36]
2026-03-18 11:51:57.553  INFO 1 --- [io-12031-exec-5] order.service.OrderServiceImpl           : [create][Create Order][Ready to Create Order]
2026-03-18 11:51:57.581  INFO 1 --- [io-12031-exec-5] order.service.OrderServiceImpl           : [create][Order Create Success][Order Price][OrderId:fc29ade7-fd7d-4a01-a8b2-2ca4a395e241 , Price: 0.0]
2026-03-18 11:51:57.853  INFO 1 --- [io-12031-exec-4] order.controller.OrderController         : [createNewOrder][Create Order][from shanghai to taiyuan at 1970-01-02 18:17:36]
2026-03-18 11:51:57.853  INFO 1 --- [io-12031-exec-4] order.service.OrderServiceImpl           : [create][Create Order][Ready to Create Order]
2026-03-18 11:51:57.972  INFO 1 --- [io-12031-exec-4] order.service.OrderServiceImpl           : [create][Order Create Success][Order Price][OrderId:27cd1bdf-884c-4144-bb94-daa23becf997 , Price: 0.0]
2026-03-18 11:51:58.255  INFO 1 --- [io-12031-exec-7] order.controller.OrderController         : [createNewOrder][Create Order][from shanghai to taiyuan at 1970-01-02 18:17:36]
2026-03-18 11:51:58.255  INFO 1 --- [io-12031-exec-7] order.service.OrderServiceImpl           : [create][Create Order][Ready to Create Order]
2026-03-18 11:51:58.280  INFO 1 --- [io-12031-exec-7] order.service.OrderServiceImpl           : [create][Order Create Success][Order Price][OrderId:8c1c56eb-c314-4199-8250-4ba94791d88d , Price: 0.0]
2026-03-18 11:51:58.552  INFO 1 --- [io-12031-exec-6] order.controller.OrderController         : [createNewOrder][Create Order][from shanghai to taiyuan at 1970-01-02 18:17:36]
2026-03-18 11:51:58.552  INFO 1 --- [io-12031-exec-6] order.service.OrderServiceImpl           : [create][Create Order][Ready to Create Order]
2026-03-18 11:51:58.577  INFO 1 --- [io-12031-exec-6] order.service.OrderServiceImpl           : [create][Order Create Success][Order Price][OrderId:49961d01-ab50-4ffe-9928-ad427d2cd560 , Price: 0.0]
2026-03-18 11:51:58.855  INFO 1 --- [io-12031-exec-8] order.controller.OrderController         : [createNewOrder][Create Order][from shanghai to taiyuan at 1970-01-02 18:17:36]
2026-03-18 11:51:58.855  INFO 1 --- [io-12031-exec-8] order.service.OrderServiceImpl           : [create][Create Order][Ready to Create Order]
2026-03-18 11:51:58.888  INFO 1 --- [io-12031-exec-8] order.service.OrderServiceImpl           : [create][Order Create Success][Order Price][OrderId:59036970-6293-4517-9d4f-db2619bd8f31 , Price: 0.0]
2026-03-18 11:51:59.158  INFO 1 --- [o-12031-exec-10] order.controller.OrderController         : [createNewOrder][Create Order][from shanghai to taiyuan at 1970-01-02 18:17:36]
2026-03-18 11:51:59.158  INFO 1 --- [o-12031-exec-10] order.service.OrderServiceImpl           : [create][Create Order][Ready to Create Order]
2026-03-18 11:51:59.185  INFO 1 --- [o-12031-exec-10] order.service.OrderServiceImpl           : [create][Order Create Success][Order Price][OrderId:19518a20-0d99-420d-b0bf-56044c055154 , Price: 0.0]
2026-03-18 11:51:59.455  INFO 1 --- [io-12031-exec-9] order.controller.OrderController         : [createNewOrder][Create Order][from shanghai to taiyuan at 1970-01-02 18:17:36]
2026-03-18 11:51:59.455  INFO 1 --- [io-12031-exec-9] order.service.OrderServiceImpl           : [create][Create Order][Ready to Create Order]
2026-03-18 11:51:59.480  INFO 1 --- [io-12031-exec-9] order.service.OrderServiceImpl           : [create][Order Create Success][Order Price][OrderId:c6f3f077-3c19-49d6-a7c2-75c886500b38 , Price: 0.0]
2026-03-18 11:51:59.755  INFO 1 --- [io-12031-exec-1] order.controller.OrderController         : [createNewOrder][Create Order][from shanghai to taiyuan at 1970-01-02 18:17:36]
2026-03-18 11:51:59.756  INFO 1 --- [io-12031-exec-1] order.service.OrderServiceImpl           : [create][Create Order][Ready to Create Order]
2026-03-18 11:51:59.967  INFO 1 --- [io-12031-exec-1] order.service.OrderServiceImpl           : [create][Order Create Success][Order Price][OrderId:a411f4cc-9c26-4e45-a6b3-4d534cdccd7e , Price: 0.0]
2026-03-18 11:52:00.257  INFO 1 --- [io-12031-exec-3] order.controller.OrderController         : [createNewOrder][Create Order][from shanghai to taiyuan at 1970-01-02 18:17:36]
2026-03-18 11:52:00.257  INFO 1 --- [io-12031-exec-3] order.service.OrderServiceImpl           : [create][Create Order][Ready to Create Order]
2026-03-18 11:52:00.283  INFO 1 --- [io-12031-exec-3] order.service.OrderServiceImpl           : [create][Order Create Success][Order Price][OrderId:1dd6c511-2147-44f1-8d7c-62f162617420 , Price: 0.0]
2026-03-18 11:52:00.557  INFO 1 --- [io-12031-exec-2] order.controller.OrderController         : [createNewOrder][Create Order][from shanghai to taiyuan at 1970-01-02 18:17:36]
2026-03-18 11:52:00.557  INFO 1 --- [io-12031-exec-2] order.service.OrderServiceImpl           : [create][Create Order][Ready to Create Order]
2026-03-18 11:52:00.584  INFO 1 --- [io-12031-exec-2] order.service.OrderServiceImpl           : [create][Order Create Success][Order Price][OrderId:831221a3-e71a-40a1-8a28-0d222af9849e , Price: 0.0]
2026-03-18 11:52:00.857  INFO 1 --- [io-12031-exec-5] order.controller.OrderController         : [createNewOrder][Create Order][from shanghai to taiyuan at 1970-01-02 18:17:36]
2026-03-18 11:52:00.857  INFO 1 --- [io-12031-exec-5] order.service.OrderServiceImpl           : [create][Create Order][Ready to Create Order]
2026-03-18 11:52:00.976  INFO 1 --- [io-12031-exec-5] order.service.OrderServiceImpl           : [create][Order Create Success][Order Price][OrderId:db0e7eb5-7d48-404f-8328-1dd7eb8b99f4 , Price: 0.0]
2026-03-18 11:52:01.254  INFO 1 --- [io-12031-exec-7] order.controller.OrderController         : [createNewOrder][Create Order][from shanghai to taiyuan at 1970-01-02 18:17:36]
2026-03-18 11:52:01.254  INFO 1 --- [io-12031-exec-7] order.service.OrderServiceImpl           : [create][Create Order][Ready to Create Order]
2026-03-18 11:52:01.279  INFO 1 --- [io-12031-exec-7] order.service.OrderServiceImpl           : [create][Order Create Success][Order Price][OrderId:f34e983c-a37c-4b1a-8679-c5286692612c , Price: 0.0]
2026-03-18 11:52:01.552  INFO 1 --- [io-12031-exec-6] order.controller.OrderController         : [createNewOrder][Create Order][from shanghai to taiyuan at 1970-01-02 18:17:36]
2026-03-18 11:52:01.552  INFO 1 --- [io-12031-exec-6] order.service.OrderServiceImpl           : [create][Create Order][Ready to Create Order]
2026-03-18 11:52:01.577  INFO 1 --- [io-12031-exec-6] order.service.OrderServiceImpl           : [create][Order Create Success][Order Price][OrderId:3892a802-1ecc-4dc3-bbd8-b1f16fe12950 , Price: 0.0]
2026-03-18 11:52:01.850  INFO 1 --- [io-12031-exec-8] order.controller.OrderController         : [createNewOrder][Create Order][from shanghai to taiyuan at 1970-01-02 18:17:36]
2026-03-18 11:52:01.850  INFO 1 --- [io-12031-exec-8] order.service.OrderServiceImpl           : [create][Create Order][Ready to Create Order]
2026-03-18 11:52:01.883  INFO 1 --- [io-12031-exec-8] order.service.OrderServiceImpl           : [create][Order Create Success][Order Price][OrderId:9c24092c-870e-46ca-805f-2c6de5112cda , Price: 0.0]
2026-03-18 11:52:02.156  INFO 1 --- [o-12031-exec-10] order.controller.OrderController         : [createNewOrder][Create Order][from shanghai to taiyuan at 1970-01-02 18:17:36]
2026-03-18 11:52:02.156  INFO 1 --- [o-12031-exec-10] order.service.OrderServiceImpl           : [create][Create Order][Ready to Create Order]
2026-03-18 11:52:02.182  INFO 1 --- [o-12031-exec-10] order.service.OrderServiceImpl           : [create][Order Create Success][Order Price][OrderId:ed76c42d-2bcc-4d6b-8bd2-35631da4263e , Price: 0.0]
2026-03-18 11:52:02.448  INFO 1 --- [io-12031-exec-9] order.controller.OrderController         : [createNewOrder][Create Order][from shanghai to taiyuan at 1970-01-02 18:17:36]
2026-03-18 11:52:02.448  INFO 1 --- [io-12031-exec-9] order.service.OrderServiceImpl           : [create][Create Order][Ready to Create Order]
2026-03-18 11:52:02.474  INFO 1 --- [io-12031-exec-9] order.service.OrderServiceImpl           : [create][Order Create Success][Order Price][OrderId:9faaf5d9-bb91-42a2-bc8e-cd940227ac2c , Price: 0.0]
2026-03-18 11:52:02.741  INFO 1 --- [io-12031-exec-1] order.controller.OrderController         : [createNewOrder][Create Order][from shanghai to taiyuan at 1970-01-02 18:17:36]
2026-03-18 11:52:02.741  INFO 1 --- [io-12031-exec-1] order.service.OrderServiceImpl           : [create][Create Order][Ready to Create Order]
2026-03-18 11:52:02.786  INFO 1 --- [io-12031-exec-1] order.service.OrderServiceImpl           : [create][Order Create Success][Order Price][OrderId:258de545-a762-47fc-9abd-0023dc025215 , Price: 0.0]
2026-03-18 11:52:03.055  INFO 1 --- [io-12031-exec-3] order.controller.OrderController         : [createNewOrder][Create Order][from shanghai to taiyuan at 1970-01-02 18:17:36]
2026-03-18 11:52:03.055  INFO 1 --- [io-12031-exec-3] order.service.OrderServiceImpl           : [create][Create Order][Ready to Create Order]
2026-03-18 11:52:03.080  INFO 1 --- [io-12031-exec-3] order.service.OrderServiceImpl           : [create][Order Create Success][Order Price][OrderId:4a572953-f804-414d-aa60-52e1685d371c , Price: 0.0]
2026-03-18 11:52:03.349  INFO 1 --- [io-12031-exec-2] order.controller.OrderController         : [createNewOrder][Create Order][from shanghai to taiyuan at 1970-01-02 18:17:36]
2026-03-18 11:52:03.349  INFO 1 --- [io-12031-exec-2] order.service.OrderServiceImpl           : [create][Create Order][Ready to Create Order]
2026-03-18 11:52:03.375  INFO 1 --- [io-12031-exec-2] order.service.OrderServiceImpl           : [create][Order Create Success][Order Price][OrderId:ac45a29a-4474-4e54-9c30-caf3c6e3e1c9 , Price: 0.0]
2026-03-18 11:52:03.662  INFO 1 --- [io-12031-exec-5] order.controller.OrderController         : [createNewOrder][Create Order][from shanghai to taiyuan at 1970-01-02 18:17:36]
2026-03-18 11:52:03.662  INFO 1 --- [io-12031-exec-5] order.service.OrderServiceImpl           : [create][Create Order][Ready to Create Order]
2026-03-18 11:52:03.694  INFO 1 --- [io-12031-exec-5] order.service.OrderServiceImpl           : [create][Order Create Success][Order Price][OrderId:37407a14-9be7-4c1b-96fc-9028b2c72129 , Price: 0.0]
2026-03-18 11:52:03.953  INFO 1 --- [io-12031-exec-4] order.controller.OrderController         : [createNewOrder][Create Order][from shanghai to taiyuan at 1970-01-02 18:17:36]
2026-03-18 11:52:03.953  INFO 1 --- [io-12031-exec-4] order.service.OrderServiceImpl           : [create][Create Order][Ready to Create Order]
2026-03-18 11:52:03.977  INFO 1 --- [io-12031-exec-4] order.service.OrderServiceImpl           : [create][Order Create Success][Order Price][OrderId:aa1b38aa-165e-41c2-9f64-5ef3c21787e8 , Price: 0.0]
2026-03-18 11:52:04.254  INFO 1 --- [io-12031-exec-7] order.controller.OrderController         : [createNewOrder][Create Order][from shanghai to taiyuan at 1970-01-02 18:17:36]
2026-03-18 11:52:04.254  INFO 1 --- [io-12031-exec-7] order.service.OrderServiceImpl           : [create][Create Order][Ready to Create Order]
2026-03-18 11:52:04.281  INFO 1 --- [io-12031-exec-7] order.service.OrderServiceImpl           : [create][Order Create Success][Order Price][OrderId:1fd60b38-dc1b-4303-b0e6-a463eb7fe252 , Price: 0.0]
2026-03-18 11:52:04.556  INFO 1 --- [io-12031-exec-6] order.controller.OrderController         : [createNewOrder][Create Order][from shanghai to taiyuan at 1970-01-02 18:17:36]
2026-03-18 11:52:04.556  INFO 1 --- [io-12031-exec-6] order.service.OrderServiceImpl           : [create][Create Order][Ready to Create Order]
2026-03-18 11:52:04.583  INFO 1 --- [io-12031-exec-6] order.service.OrderServiceImpl           : [create][Order Create Success][Order Price][OrderId:d4ff0a2e-cd6f-4de4-b8b4-69a976e6c3be , Price: 0.0]
2026-03-18 11:52:04.852  INFO 1 --- [io-12031-exec-8] order.controller.OrderController         : [createNewOrder][Create Order][from shanghai to taiyuan at 1970-01-02 18:17:36]
2026-03-18 11:52:04.852  INFO 1 --- [io-12031-exec-8] order.service.OrderServiceImpl           : [create][Create Order][Ready to Create Order]
2026-03-18 11:52:04.992  INFO 1 --- [io-12031-exec-8] order.service.OrderServiceImpl           : [create][Order Create Success][Order Price][OrderId:911e28d1-4e1a-4815-aa05-32cfc5edd984 , Price: 0.0]
2026-03-18 11:52:05.256  INFO 1 --- [o-12031-exec-10] order.controller.OrderController         : [createNewOrder][Create Order][from shanghai to taiyuan at 1970-01-02 18:17:36]
2026-03-18 11:52:05.256  INFO 1 --- [o-12031-exec-10] order.service.OrderServiceImpl           : [create][Create Order][Ready to Create Order]
2026-03-18 11:52:05.283  INFO 1 --- [o-12031-exec-10] order.service.OrderServiceImpl           : [create][Order Create Success][Order Price][OrderId:7ff90977-815d-41e0-81f4-eccbfe38c1fa , Price: 0.0]
2026-03-18 11:52:05.556  INFO 1 --- [io-12031-exec-9] order.controller.OrderController         : [createNewOrder][Create Order][from shanghai to taiyuan at 1970-01-02 18:17:36]
2026-03-18 11:52:05.556  INFO 1 --- [io-12031-exec-9] order.service.OrderServiceImpl           : [create][Create Order][Ready to Create Order]
2026-03-18 11:52:05.581  INFO 1 --- [io-12031-exec-9] order.service.OrderServiceImpl           : [create][Order Create Success][Order Price][OrderId:e6f66f07-cdcb-43ad-8f7e-089a6d9fa8d9 , Price: 0.0]
2026-03-18 11:52:05.848  INFO 1 --- [io-12031-exec-1] order.controller.OrderController         : [createNewOrder][Create Order][from shanghai to taiyuan at 1970-01-02 18:17:36]
2026-03-18 11:52:05.848  INFO 1 --- [io-12031-exec-1] order.service.OrderServiceImpl           : [create][Create Order][Ready to Create Order]
2026-03-18 11:52:05.887  INFO 1 --- [io-12031-exec-1] order.service.OrderServiceImpl           : [create][Order Create Success][Order Price][OrderId:9576dc1f-602d-4514-8d4e-c187164e3799 , Price: 0.0]
2026-03-18 11:52:06.159  INFO 1 --- [io-12031-exec-3] order.controller.OrderController         : [createNewOrder][Create Order][from shanghai to taiyuan at 1970-01-02 18:17:36]
2026-03-18 11:52:06.159  INFO 1 --- [io-12031-exec-3] order.service.OrderServiceImpl           : [create][Create Order][Ready to Create Order]
2026-03-18 11:52:06.187  INFO 1 --- [io-12031-exec-3] order.service.OrderServiceImpl           : [create][Order Create Success][Order Price][OrderId:fd80d608-064d-4bcb-bf40-af9a0d98b715 , Price: 0.0]
2026-03-18 11:52:06.459  INFO 1 --- [io-12031-exec-2] order.controller.OrderController         : [createNewOrder][Create Order][from shanghai to taiyuan at 1970-01-02 18:17:36]
2026-03-18 11:52:06.459  INFO 1 --- [io-12031-exec-2] order.service.OrderServiceImpl           : [create][Create Order][Ready to Create Order]
2026-03-18 11:52:06.486  INFO 1 --- [io-12031-exec-2] order.service.OrderServiceImpl           : [create][Order Create Success][Order Price][OrderId:646d2413-f041-4ce7-a378-bf7db9ce41d2 , Price: 0.0]
2026-03-18 11:52:06.755  INFO 1 --- [io-12031-exec-5] order.controller.OrderController         : [createNewOrder][Create Order][from shanghai to taiyuan at 1970-01-02 18:17:36]
2026-03-18 11:52:06.755  INFO 1 --- [io-12031-exec-5] order.service.OrderServiceImpl           : [create][Create Order][Ready to Create Order]
2026-03-18 11:52:06.793  INFO 1 --- [io-12031-exec-5] order.service.OrderServiceImpl           : [create][Order Create Success][Order Price][OrderId:717457ac-3d37-4061-9584-9b0ffa7c6ed5 , Price: 0.0]
2026-03-18 11:52:07.052  INFO 1 --- [io-12031-exec-4] order.controller.OrderController         : [createNewOrder][Create Order][from shanghai to taiyuan at 1970-01-02 18:17:36]
2026-03-18 11:52:07.052  INFO 1 --- [io-12031-exec-4] order.service.OrderServiceImpl           : [create][Create Order][Ready to Create Order]
2026-03-18 11:52:07.076  INFO 1 --- [io-12031-exec-4] order.service.OrderServiceImpl           : [create][Order Create Success][Order Price][OrderId:35c6ad7a-e914-4be0-977f-c8f0f0463f6e , Price: 0.0]
2026-03-18 11:52:07.340  INFO 1 --- [io-12031-exec-7] order.controller.OrderController         : [createNewOrder][Create Order][from shanghai to taiyuan at 1970-01-02 18:17:36]
2026-03-18 11:52:07.340  INFO 1 --- [io-12031-exec-7] order.service.OrderServiceImpl           : [create][Create Order][Ready to Create Order]
2026-03-18 11:52:07.366  INFO 1 --- [io-12031-exec-7] order.service.OrderServiceImpl           : [create][Order Create Success][Order Price][OrderId:83988074-4c58-4931-9bbe-bb96e01d8d56 , Price: 0.0]
2026-03-18 11:52:07.638  INFO 1 --- [io-12031-exec-6] order.controller.OrderController         : [createNewOrder][Create Order][from shanghai to taiyuan at 1970-01-02 18:17:36]
2026-03-18 11:52:07.638  INFO 1 --- [io-12031-exec-6] order.service.OrderServiceImpl           : [create][Create Order][Ready to Create Order]
2026-03-18 11:52:07.688  INFO 1 --- [io-12031-exec-6] order.service.OrderServiceImpl           : [create][Order Create Success][Order Price][OrderId:965b4edb-7e3c-46f1-8954-22b5be529d63 , Price: 0.0]
2026-03-18 11:52:07.952  INFO 1 --- [io-12031-exec-8] order.controller.OrderController         : [createNewOrder][Create Order][from shanghai to taiyuan at 1970-01-02 18:17:36]
2026-03-18 11:52:07.952  INFO 1 --- [io-12031-exec-8] order.service.OrderServiceImpl           : [create][Create Order][Ready to Create Order]
2026-03-18 11:52:07.977  INFO 1 --- [io-12031-exec-8] order.service.OrderServiceImpl           : [create][Order Create Success][Order Price][OrderId:a0e1f264-75c6-4cdb-847d-1c291315eba2 , Price: 0.0]
2026-03-18 11:52:08.250  INFO 1 --- [o-12031-exec-10] order.controller.OrderController         : [createNewOrder][Create Order][from shanghai to taiyuan at 1970-01-02 18:17:36]
2026-03-18 11:52:08.250  INFO 1 --- [o-12031-exec-10] order.service.OrderServiceImpl           : [create][Create Order][Ready to Create Order]
2026-03-18 11:52:08.279  INFO 1 --- [o-12031-exec-10] order.service.OrderServiceImpl           : [create][Order Create Success][Order Price][OrderId:52a56861-ce6c-40aa-a887-718e70a3be32 , Price: 0.0]
2026-03-18 11:52:08.561  INFO 1 --- [io-12031-exec-9] order.controller.OrderController         : [createNewOrder][Create Order][from shanghai to taiyuan at 1970-01-02 18:17:36]
2026-03-18 11:52:08.561  INFO 1 --- [io-12031-exec-9] order.service.OrderServiceImpl           : [create][Create Order][Ready to Create Order]
2026-03-18 11:52:08.594  INFO 1 --- [io-12031-exec-9] order.service.OrderServiceImpl           : [create][Order Create Success][Order Price][OrderId:c1c74332-2c7c-4d46-93f2-0cd332c1290f , Price: 0.0]
2026-03-18 11:52:08.860  INFO 1 --- [io-12031-exec-1] order.controller.OrderController         : [createNewOrder][Create Order][from shanghai to taiyuan at 1970-01-02 18:17:36]
2026-03-18 11:52:08.860  INFO 1 --- [io-12031-exec-1] order.service.OrderServiceImpl           : [create][Create Order][Ready to Create Order]
2026-03-18 11:52:08.887  INFO 1 --- [io-12031-exec-1] order.service.OrderServiceImpl           : [create][Order Create Success][Order Price][OrderId:343fa58c-e6a9-4092-b3e3-696f1494938a , Price: 0.0]
2026-03-18 11:52:09.154  INFO 1 --- [io-12031-exec-3] order.controller.OrderController         : [createNewOrder][Create Order][from shanghai to taiyuan at 1970-01-02 18:17:36]
2026-03-18 11:52:09.154  INFO 1 --- [io-12031-exec-3] order.service.OrderServiceImpl           : [create][Create Order][Ready to Create Order]
2026-03-18 11:52:09.183  INFO 1 --- [io-12031-exec-3] order.service.OrderServiceImpl           : [create][Order Create Success][Order Price][OrderId:296570d2-10a2-43a4-88f2-3ab302ca5468 , Price: 0.0]
2026-03-18 11:52:09.461  INFO 1 --- [io-12031-exec-2] order.controller.OrderController         : [createNewOrder][Create Order][from shanghai to taiyuan at 1970-01-02 18:17:36]
2026-03-18 11:52:09.461  INFO 1 --- [io-12031-exec-2] order.service.OrderServiceImpl           : [create][Create Order][Ready to Create Order]
2026-03-18 11:52:09.566  INFO 1 --- [io-12031-exec-2] order.service.OrderServiceImpl           : [create][Order Create Success][Order Price][OrderId:dae0dc1f-30f7-4a64-ab98-29c5ebd51262 , Price: 0.0]
2026-03-18 11:52:09.861  INFO 1 --- [io-12031-exec-5] order.controller.OrderController         : [createNewOrder][Create Order][from shanghai to taiyuan at 1970-01-02 18:17:36]
2026-03-18 11:52:09.861  INFO 1 --- [io-12031-exec-5] order.service.OrderServiceImpl           : [create][Create Order][Ready to Create Order]
2026-03-18 11:52:09.888  INFO 1 --- [io-12031-exec-5] order.service.OrderServiceImpl           : [create][Order Create Success][Order Price][OrderId:b93deef5-0cbd-4dc3-b342-57d710bca750 , Price: 0.0]
2026-03-18 11:52:10.160  INFO 1 --- [io-12031-exec-4] order.controller.OrderController         : [createNewOrder][Create Order][from shanghai to taiyuan at 1970-01-02 18:17:36]
2026-03-18 11:52:10.160  INFO 1 --- [io-12031-exec-4] order.service.OrderServiceImpl           : [create][Create Order][Ready to Create Order]
2026-03-18 11:52:10.191  INFO 1 --- [io-12031-exec-4] order.service.OrderServiceImpl           : [create][Order Create Success][Order Price][OrderId:f0cc3d0e-b0a0-4619-b817-5be46fde0abd , Price: 0.0]
2026-03-18 11:52:10.458  INFO 1 --- [io-12031-exec-7] order.controller.OrderController         : [createNewOrder][Create Order][from shanghai to taiyuan at 1970-01-02 18:17:36]
2026-03-18 11:52:10.458  INFO 1 --- [io-12031-exec-7] order.service.OrderServiceImpl           : [create][Create Order][Ready to Create Order]
2026-03-18 11:52:10.571  INFO 1 --- [io-12031-exec-7] order.service.OrderServiceImpl           : [create][Order Create Success][Order Price][OrderId:85d9da28-ad5d-42a8-af68-01768696e3f6 , Price: 0.0]
2026-03-18 11:52:10.852  INFO 1 --- [io-12031-exec-6] order.controller.OrderController         : [createNewOrder][Create Order][from shanghai to taiyuan at 1970-01-02 18:17:36]
2026-03-18 11:52:10.852  INFO 1 --- [io-12031-exec-6] order.service.OrderServiceImpl           : [create][Create Order][Ready to Create Order]
2026-03-18 11:52:10.879  INFO 1 --- [io-12031-exec-6] order.service.OrderServiceImpl           : [create][Order Create Success][Order Price][OrderId:efa04058-3d5c-495a-bb7f-0f451815d522 , Price: 0.0]
2026-03-18 11:52:11.160  INFO 1 --- [io-12031-exec-8] order.controller.OrderController         : [createNewOrder][Create Order][from shanghai to taiyuan at 1970-01-02 18:17:36]
2026-03-18 11:52:11.160  INFO 1 --- [io-12031-exec-8] order.service.OrderServiceImpl           : [create][Create Order][Ready to Create Order]
2026-03-18 11:52:11.186  INFO 1 --- [io-12031-exec-8] order.service.OrderServiceImpl           : [create][Order Create Success][Order Price][OrderId:fb8e98e2-d155-4d30-8346-758118f93fa0 , Price: 0.0]
2026-03-18 11:52:11.454  INFO 1 --- [io-12031-exec-9] order.controller.OrderController         : [createNewOrder][Create Order][from shanghai to taiyuan at 1970-01-02 18:17:36]
2026-03-18 11:52:11.454  INFO 1 --- [io-12031-exec-9] order.service.OrderServiceImpl           : [create][Create Order][Ready to Create Order]
2026-03-18 11:52:11.480  INFO 1 --- [io-12031-exec-9] order.service.OrderServiceImpl           : [create][Order Create Success][Order Price][OrderId:3fe87223-41f1-4359-aedb-aabd94b46e86 , Price: 0.0]
2026-03-18 11:52:11.752  INFO 1 --- [io-12031-exec-1] order.controller.OrderController         : [createNewOrder][Create Order][from shanghai to taiyuan at 1970-01-02 18:17:36]
2026-03-18 11:52:11.752  INFO 1 --- [io-12031-exec-1] order.service.OrderServiceImpl           : [create][Create Order][Ready to Create Order]
2026-03-18 11:52:11.777  INFO 1 --- [io-12031-exec-1] order.service.OrderServiceImpl           : [create][Order Create Success][Order Price][OrderId:5845bf5d-23b9-4884-85a8-a24ece03e6a7 , Price: 0.0]
2026-03-18 11:52:12.051  INFO 1 --- [io-12031-exec-3] order.controller.OrderController         : [createNewOrder][Create Order][from shanghai to taiyuan at 1970-01-02 18:17:36]
2026-03-18 11:52:12.051  INFO 1 --- [io-12031-exec-3] order.service.OrderServiceImpl           : [create][Create Order][Ready to Create Order]
2026-03-18 11:52:12.182  INFO 1 --- [io-12031-exec-3] order.service.OrderServiceImpl           : [create][Order Create Success][Order Price][OrderId:2c7a4177-2512-4f59-b301-50fb7acefa3a , Price: 0.0]
2026-03-18 11:52:12.453  INFO 1 --- [io-12031-exec-2] order.controller.OrderController         : [createNewOrder][Create Order][from shanghai to taiyuan at 1970-01-02 18:17:36]
2026-03-18 11:52:12.453  INFO 1 --- [io-12031-exec-2] order.service.OrderServiceImpl           : [create][Create Order][Ready to Create Order]
2026-03-18 11:52:12.483  INFO 1 --- [io-12031-exec-2] order.service.OrderServiceImpl           : [create][Order Create Success][Order Price][OrderId:fcf36dcc-cbb1-43e7-8130-7dc702b525cf , Price: 0.0]
2026-03-18 11:52:12.756  INFO 1 --- [io-12031-exec-5] order.controller.OrderController         : [createNewOrder][Create Order][from shanghai to taiyuan at 1970-01-02 18:17:36]
2026-03-18 11:52:12.756  INFO 1 --- [io-12031-exec-5] order.service.OrderServiceImpl           : [create][Create Order][Ready to Create Order]
2026-03-18 11:52:12.782  INFO 1 --- [io-12031-exec-5] order.service.OrderServiceImpl           : [create][Order Create Success][Order Price][OrderId:4c69bf25-ac57-4d13-824f-cadafb2e19e9 , Price: 0.0]
2026-03-18 11:52:13.051  INFO 1 --- [io-12031-exec-4] order.controller.OrderController         : [createNewOrder][Create Order][from shanghai to taiyuan at 1970-01-02 18:17:36]
2026-03-18 11:52:13.051  INFO 1 --- [io-12031-exec-4] order.service.OrderServiceImpl           : [create][Create Order][Ready to Create Order]
2026-03-18 11:52:13.079  INFO 1 --- [io-12031-exec-4] order.service.OrderServiceImpl           : [create][Order Create Success][Order Price][OrderId:11a83128-d0dc-4551-b8be-44c48246d5ec , Price: 0.0]
2026-03-18 11:52:13.349  INFO 1 --- [io-12031-exec-7] order.controller.OrderController         : [createNewOrder][Create Order][from shanghai to taiyuan at 1970-01-02 18:17:36]
2026-03-18 11:52:13.349  INFO 1 --- [io-12031-exec-7] order.service.OrderServiceImpl           : [create][Create Order][Ready to Create Order]
2026-03-18 11:52:13.479  INFO 1 --- [io-12031-exec-7] order.service.OrderServiceImpl           : [create][Order Create Success][Order Price][OrderId:15d90943-fd40-4f36-a44f-9969427ca981 , Price: 0.0]
2026-03-18 11:52:13.761  INFO 1 --- [io-12031-exec-6] order.controller.OrderController         : [createNewOrder][Create Order][from shanghai to taiyuan at 1970-01-02 18:17:36]
2026-03-18 11:52:13.762  INFO 1 --- [io-12031-exec-6] order.service.OrderServiceImpl           : [create][Create Order][Ready to Create Order]
2026-03-18 11:52:13.788  INFO 1 --- [io-12031-exec-6] order.service.OrderServiceImpl           : [create][Order Create Success][Order Price][OrderId:ea19781c-132a-4a9c-b748-cdf600bb5ae4 , Price: 0.0]
2026-03-18 11:52:14.055  INFO 1 --- [io-12031-exec-8] order.controller.OrderController         : [createNewOrder][Create Order][from shanghai to taiyuan at 1970-01-02 18:17:36]
2026-03-18 11:52:14.055  INFO 1 --- [io-12031-exec-8] order.service.OrderServiceImpl           : [create][Create Order][Ready to Create Order]
2026-03-18 11:52:14.080  INFO 1 --- [io-12031-exec-8] order.service.OrderServiceImpl           : [create][Order Create Success][Order Price][OrderId:1a3670ad-9426-46cc-8918-ae242c7aaf7f , Price: 0.0]
2026-03-18 11:52:14.358  INFO 1 --- [o-12031-exec-10] order.controller.OrderController         : [createNewOrder][Create Order][from shanghai to taiyuan at 1970-01-02 18:17:36]
2026-03-18 11:52:14.358  INFO 1 --- [o-12031-exec-10] order.service.OrderServiceImpl           : [create][Create Order][Ready to Create Order]
2026-03-18 11:52:14.393  INFO 1 --- [o-12031-exec-10] order.service.OrderServiceImpl           : [create][Order Create Success][Order Price][OrderId:de64719b-d44d-4e6b-86ec-20cf3975545a , Price: 0.0]
2026-03-18 11:52:14.655  INFO 1 --- [io-12031-exec-9] order.controller.OrderController         : [createNewOrder][Create Order][from shanghai to taiyuan at 1970-01-02 18:17:36]
2026-03-18 11:52:14.655  INFO 1 --- [io-12031-exec-9] order.service.OrderServiceImpl           : [create][Create Order][Ready to Create Order]
2026-03-18 11:52:14.679  INFO 1 --- [io-12031-exec-9] order.service.OrderServiceImpl           : [create][Order Create Success][Order Price][OrderId:043bc1be-1ac4-4383-a613-25dc63ac0b49 , Price: 0.0]
2026-03-18 11:52:14.948  INFO 1 --- [io-12031-exec-1] order.controller.OrderController         : [createNewOrder][Create Order][from shanghai to taiyuan at 1970-01-02 18:17:36]
2026-03-18 11:52:14.948  INFO 1 --- [io-12031-exec-1] order.service.OrderServiceImpl           : [create][Create Order][Ready to Create Order]
2026-03-18 11:52:14.974  INFO 1 --- [io-12031-exec-1] order.service.OrderServiceImpl           : [create][Order Create Success][Order Price][OrderId:0c1f93b2-eee9-4b3d-95f3-4628c647dd79 , Price: 0.0]
2026-03-18 11:52:15.251  INFO 1 --- [io-12031-exec-3] order.controller.OrderController         : [createNewOrder][Create Order][from shanghai to taiyuan at 1970-01-02 18:17:36]
2026-03-18 11:52:15.251  INFO 1 --- [io-12031-exec-3] order.service.OrderServiceImpl           : [create][Create Order][Ready to Create Order]
2026-03-18 11:52:15.399  INFO 1 --- [io-12031-exec-3] order.service.OrderServiceImpl           : [create][Order Create Success][Order Price][OrderId:f640aede-0b42-4ddd-90ab-6f5750bc0824 , Price: 0.0]
2026-03-18 11:52:15.659  INFO 1 --- [io-12031-exec-2] order.controller.OrderController         : [createNewOrder][Create Order][from shanghai to taiyuan at 1970-01-02 18:17:36]
2026-03-18 11:52:15.659  INFO 1 --- [io-12031-exec-2] order.service.OrderServiceImpl           : [create][Create Order][Ready to Create Order]
2026-03-18 11:52:15.684  INFO 1 --- [io-12031-exec-2] order.service.OrderServiceImpl           : [create][Order Create Success][Order Price][OrderId:9dc6e4b4-617b-4421-bcb0-cbe66fa24f80 , Price: 0.0]
2026-03-18 11:52:15.960  INFO 1 --- [io-12031-exec-5] order.controller.OrderController         : [createNewOrder][Create Order][from shanghai to taiyuan at 1970-01-02 18:17:36]
2026-03-18 11:52:15.960  INFO 1 --- [io-12031-exec-5] order.service.OrderServiceImpl           : [create][Create Order][Ready to Create Order]
2026-03-18 11:52:15.987  INFO 1 --- [io-12031-exec-5] order.service.OrderServiceImpl           : [create][Order Create Success][Order Price][OrderId:161249c1-eebe-4efc-8548-97312a74a392 , Price: 0.0]
2026-03-18 11:52:16.255  INFO 1 --- [io-12031-exec-4] order.controller.OrderController         : [createNewOrder][Create Order][from shanghai to taiyuan at 1970-01-02 18:17:36]
2026-03-18 11:52:16.255  INFO 1 --- [io-12031-exec-4] order.service.OrderServiceImpl           : [create][Create Order][Ready to Create Order]
2026-03-18 11:52:16.296  INFO 1 --- [io-12031-exec-4] order.service.OrderServiceImpl           : [create][Order Create Success][Order Price][OrderId:21cf8347-6f1b-4d25-95fc-56beb2d96164 , Price: 0.0]
2026-03-18 11:52:16.564  INFO 1 --- [io-12031-exec-7] order.controller.OrderController         : [createNewOrder][Create Order][from shanghai to taiyuan at 1970-01-02 18:17:36]
2026-03-18 11:52:16.564  INFO 1 --- [io-12031-exec-7] order.service.OrderServiceImpl           : [create][Create Order][Ready to Create Order]
2026-03-18 11:52:16.593  INFO 1 --- [io-12031-exec-7] order.service.OrderServiceImpl           : [create][Order Create Success][Order Price][OrderId:20ef1469-19c6-4b37-9241-238785cc8f20 , Price: 0.0]
2026-03-18 11:52:16.860  INFO 1 --- [io-12031-exec-6] order.controller.OrderController         : [createNewOrder][Create Order][from shanghai to taiyuan at 1970-01-02 18:17:36]
2026-03-18 11:52:16.860  INFO 1 --- [io-12031-exec-6] order.service.OrderServiceImpl           : [create][Create Order][Ready to Create Order]
2026-03-18 11:52:16.884  INFO 1 --- [io-12031-exec-6] order.service.OrderServiceImpl           : [create][Order Create Success][Order Price][OrderId:330f35d1-8138-4659-a174-5d9ef99156ac , Price: 0.0]
2026-03-18 11:52:17.157  INFO 1 --- [io-12031-exec-8] order.controller.OrderController         : [createNewOrder][Create Order][from shanghai to taiyuan at 1970-01-02 18:17:36]
2026-03-18 11:52:17.157  INFO 1 --- [io-12031-exec-8] order.service.OrderServiceImpl           : [create][Create Order][Ready to Create Order]
2026-03-18 11:52:17.194  INFO 1 --- [io-12031-exec-8] order.service.OrderServiceImpl           : [create][Order Create Success][Order Price][OrderId:01b79580-23ed-48b3-bb94-01cca72d90d6 , Price: 0.0]
2026-03-18 11:52:17.462  INFO 1 --- [o-12031-exec-10] order.controller.OrderController         : [createNewOrder][Create Order][from shanghai to taiyuan at 1970-01-02 18:17:36]
2026-03-18 11:52:17.462  INFO 1 --- [o-12031-exec-10] order.service.OrderServiceImpl           : [create][Create Order][Ready to Create Order]
2026-03-18 11:52:17.489  INFO 1 --- [o-12031-exec-10] order.service.OrderServiceImpl           : [create][Order Create Success][Order Price][OrderId:cb27613a-616f-4e0f-9dc1-77f06702e53b , Price: 0.0]
2026-03-18 11:52:17.756  INFO 1 --- [io-12031-exec-9] order.controller.OrderController         : [createNewOrder][Create Order][from shanghai to taiyuan at 1970-01-02 18:17:36]
2026-03-18 11:52:17.756  INFO 1 --- [io-12031-exec-9] order.service.OrderServiceImpl           : [create][Create Order][Ready to Create Order]
2026-03-18 11:52:17.780  INFO 1 --- [io-12031-exec-9] order.service.OrderServiceImpl           : [create][Order Create Success][Order Price][OrderId:504860f7-d3ac-4694-8fa4-c92fce362ca2 , Price: 0.0]
2026-03-18 11:52:18.057  INFO 1 --- [io-12031-exec-1] order.controller.OrderController         : [createNewOrder][Create Order][from shanghai to taiyuan at 1970-01-02 18:17:36]
2026-03-18 11:52:18.057  INFO 1 --- [io-12031-exec-1] order.service.OrderServiceImpl           : [create][Create Order][Ready to Create Order]
2026-03-18 11:52:18.093  INFO 1 --- [io-12031-exec-1] order.service.OrderServiceImpl           : [create][Order Create Success][Order Price][OrderId:69f4c045-1277-4d70-81be-7d9682d4c75d , Price: 0.0]
2026-03-18 11:52:18.356  INFO 1 --- [io-12031-exec-3] order.controller.OrderController         : [createNewOrder][Create Order][from shanghai to taiyuan at 1970-01-02 18:17:36]
2026-03-18 11:52:18.356  INFO 1 --- [io-12031-exec-3] order.service.OrderServiceImpl           : [create][Create Order][Ready to Create Order]
2026-03-18 11:52:18.385  INFO 1 --- [io-12031-exec-3] order.service.OrderServiceImpl           : [create][Order Create Success][Order Price][OrderId:d0aafb75-6669-4576-8a6c-bab519a9355b , Price: 0.0]
2026-03-18 11:52:18.660  INFO 1 --- [io-12031-exec-2] order.controller.OrderController         : [createNewOrder][Create Order][from shanghai to taiyuan at 1970-01-02 18:17:36]
2026-03-18 11:52:18.660  INFO 1 --- [io-12031-exec-2] order.service.OrderServiceImpl           : [create][Create Order][Ready to Create Order]
2026-03-18 11:52:18.686  INFO 1 --- [io-12031-exec-2] order.service.OrderServiceImpl           : [create][Order Create Success][Order Price][OrderId:e0acf0e8-62cd-4004-9aa7-4eb2729cb5a8 , Price: 0.0]
2026-03-18 11:52:18.955  INFO 1 --- [io-12031-exec-5] order.controller.OrderController         : [createNewOrder][Create Order][from shanghai to taiyuan at 1970-01-02 18:17:36]
2026-03-18 11:52:18.955  INFO 1 --- [io-12031-exec-5] order.service.OrderServiceImpl           : [create][Create Order][Ready to Create Order]
2026-03-18 11:52:18.993  INFO 1 --- [io-12031-exec-5] order.service.OrderServiceImpl           : [create][Order Create Success][Order Price][OrderId:5a771fb9-e725-424a-b34d-69cffc65d61d , Price: 0.0]
2026-03-18 11:52:19.255  INFO 1 --- [io-12031-exec-4] order.controller.OrderController         : [createNewOrder][Create Order][from shanghai to taiyuan at 1970-01-02 18:17:36]
2026-03-18 11:52:19.255  INFO 1 --- [io-12031-exec-4] order.service.OrderServiceImpl           : [create][Create Order][Ready to Create Order]
2026-03-18 11:52:19.280  INFO 1 --- [io-12031-exec-4] order.service.OrderServiceImpl           : [create][Order Create Success][Order Price][OrderId:a1929df5-426a-42d4-b1af-74a44ab10326 , Price: 0.0]
2026-03-18 11:52:19.558  INFO 1 --- [io-12031-exec-7] order.controller.OrderController         : [createNewOrder][Create Order][from shanghai to taiyuan at 1970-01-02 18:17:36]
2026-03-18 11:52:19.558  INFO 1 --- [io-12031-exec-7] order.service.OrderServiceImpl           : [create][Create Order][Ready to Create Order]
2026-03-18 11:52:19.583  INFO 1 --- [io-12031-exec-7] order.service.OrderServiceImpl           : [create][Order Create Success][Order Price][OrderId:ea9d423c-af22-4432-86c3-aeff3f53b7fc , Price: 0.0]
2026-03-18 11:52:19.854  INFO 1 --- [io-12031-exec-6] order.controller.OrderController         : [createNewOrder][Create Order][from shanghai to taiyuan at 1970-01-02 18:17:36]
2026-03-18 11:52:19.854  INFO 1 --- [io-12031-exec-6] order.service.OrderServiceImpl           : [create][Create Order][Ready to Create Order]
2026-03-18 11:52:19.886  INFO 1 --- [io-12031-exec-6] order.service.OrderServiceImpl           : [create][Order Create Success][Order Price][OrderId:ca1ca7dd-c937-48cf-91a8-e785c5a90548 , Price: 0.0]
2026-03-18 11:52:20.157  INFO 1 --- [io-12031-exec-8] order.controller.OrderController         : [createNewOrder][Create Order][from shanghai to taiyuan at 1970-01-02 18:17:36]
2026-03-18 11:52:20.157  INFO 1 --- [io-12031-exec-8] order.service.OrderServiceImpl           : [create][Create Order][Ready to Create Order]
2026-03-18 11:52:20.181  INFO 1 --- [io-12031-exec-8] order.service.OrderServiceImpl           : [create][Order Create Success][Order Price][OrderId:4110332f-71ba-49c3-9f39-21c8b370bb24 , Price: 0.0]
2026-03-18 11:52:20.454  INFO 1 --- [o-12031-exec-10] order.controller.OrderController         : [createNewOrder][Create Order][from shanghai to taiyuan at 1970-01-02 18:17:36]
2026-03-18 11:52:20.454  INFO 1 --- [o-12031-exec-10] order.service.OrderServiceImpl           : [create][Create Order][Ready to Create Order]
2026-03-18 11:52:20.480  INFO 1 --- [o-12031-exec-10] order.service.OrderServiceImpl           : [create][Order Create Success][Order Price][OrderId:b71ac7e7-283a-4933-9c32-15f0dfdec07e , Price: 0.0]
2026-03-18 11:52:20.753  INFO 1 --- [io-12031-exec-9] order.controller.OrderController         : [createNewOrder][Create Order][from shanghai to taiyuan at 1970-01-02 18:17:36]
2026-03-18 11:52:20.753  INFO 1 --- [io-12031-exec-9] order.service.OrderServiceImpl           : [create][Create Order][Ready to Create Order]
2026-03-18 11:52:20.973  INFO 1 --- [io-12031-exec-9] order.service.OrderServiceImpl           : [create][Order Create Success][Order Price][OrderId:e1463f93-6d6b-4a05-9454-dee1d7283e9f , Price: 0.0]
2026-03-18 11:52:21.253  INFO 1 --- [io-12031-exec-3] order.controller.OrderController         : [createNewOrder][Create Order][from shanghai to taiyuan at 1970-01-02 18:17:36]
2026-03-18 11:52:21.253  INFO 1 --- [io-12031-exec-3] order.service.OrderServiceImpl           : [create][Create Order][Ready to Create Order]
2026-03-18 11:52:21.370  INFO 1 --- [io-12031-exec-3] order.service.OrderServiceImpl           : [create][Order Create Success][Order Price][OrderId:b1595ca3-02e5-4b73-82fc-9a99fc47d7a8 , Price: 0.0]
2026-03-18 11:52:21.652  INFO 1 --- [io-12031-exec-2] order.controller.OrderController         : [createNewOrder][Create Order][from shanghai to taiyuan at 1970-01-02 18:17:36]
2026-03-18 11:52:21.652  INFO 1 --- [io-12031-exec-2] order.service.OrderServiceImpl           : [create][Create Order][Ready to Create Order]
2026-03-18 11:52:21.678  INFO 1 --- [io-12031-exec-2] order.service.OrderServiceImpl           : [create][Order Create Success][Order Price][OrderId:39925d1d-e335-4880-975e-b2373b06853f , Price: 0.0]
2026-03-18 11:52:21.947  INFO 1 --- [io-12031-exec-5] order.controller.OrderController         : [createNewOrder][Create Order][from shanghai to taiyuan at 1970-01-02 18:17:36]
2026-03-18 11:52:21.947  INFO 1 --- [io-12031-exec-5] order.service.OrderServiceImpl           : [create][Create Order][Ready to Create Order]
2026-03-18 11:52:21.982  INFO 1 --- [io-12031-exec-5] order.service.OrderServiceImpl           : [create][Order Create Success][Order Price][OrderId:2def062f-d6b1-45fb-ae0c-4bb6de59f5ed , Price: 0.0]
2026-03-18 11:52:22.256  INFO 1 --- [io-12031-exec-4] order.controller.OrderController         : [createNewOrder][Create Order][from shanghai to taiyuan at 1970-01-02 18:17:36]
2026-03-18 11:52:22.256  INFO 1 --- [io-12031-exec-4] order.service.OrderServiceImpl           : [create][Create Order][Ready to Create Order]
2026-03-18 11:52:22.282  INFO 1 --- [io-12031-exec-4] order.service.OrderServiceImpl           : [create][Order Create Success][Order Price][OrderId:6a1d8930-bc74-4c6a-b20e-b12072c3c9ef , Price: 0.0]
2026-03-18 11:52:22.552  INFO 1 --- [io-12031-exec-7] order.controller.OrderController         : [createNewOrder][Create Order][from shanghai to taiyuan at 1970-01-02 18:17:36]
2026-03-18 11:52:22.552  INFO 1 --- [io-12031-exec-7] order.service.OrderServiceImpl           : [create][Create Order][Ready to Create Order]
2026-03-18 11:52:22.578  INFO 1 --- [io-12031-exec-7] order.service.OrderServiceImpl           : [create][Order Create Success][Order Price][OrderId:c9374812-cc0d-4f8c-93fa-4bdac43ada49 , Price: 0.0]
2026-03-18 11:52:22.846  INFO 1 --- [io-12031-exec-6] order.controller.OrderController         : [createNewOrder][Create Order][from shanghai to taiyuan at 1970-01-02 18:17:36]
2026-03-18 11:52:22.846  INFO 1 --- [io-12031-exec-6] order.service.OrderServiceImpl           : [create][Create Order][Ready to Create Order]
2026-03-18 11:52:22.880  INFO 1 --- [io-12031-exec-6] order.service.OrderServiceImpl           : [create][Order Create Success][Order Price][OrderId:a55f82d2-a023-404f-94b9-2242e9fdfc92 , Price: 0.0]
2026-03-18 11:52:23.147  INFO 1 --- [io-12031-exec-8] order.controller.OrderController         : [createNewOrder][Create Order][from shanghai to taiyuan at 1970-01-02 18:17:36]
2026-03-18 11:52:23.147  INFO 1 --- [io-12031-exec-8] order.service.OrderServiceImpl           : [create][Create Order][Ready to Create Order]
2026-03-18 11:52:23.173  INFO 1 --- [io-12031-exec-8] order.service.OrderServiceImpl           : [create][Order Create Success][Order Price][OrderId:596c9e11-681c-4bcf-adda-694e3c0bc775 , Price: 0.0]
2026-03-18 11:52:23.445  INFO 1 --- [o-12031-exec-10] order.controller.OrderController         : [createNewOrder][Create Order][from shanghai to taiyuan at 1970-01-02 18:17:36]
2026-03-18 11:52:23.445  INFO 1 --- [o-12031-exec-10] order.service.OrderServiceImpl           : [create][Create Order][Ready to Create Order]
2026-03-18 11:52:23.472  INFO 1 --- [o-12031-exec-10] order.service.OrderServiceImpl           : [create][Order Create Success][Order Price][OrderId:6a6e6529-8a6b-4f24-921a-ee67ef1f6487 , Price: 0.0]
2026-03-18 11:52:23.747  INFO 1 --- [io-12031-exec-9] order.controller.OrderController         : [createNewOrder][Create Order][from shanghai to taiyuan at 1970-01-02 18:17:36]
2026-03-18 11:52:23.747  INFO 1 --- [io-12031-exec-9] order.service.OrderServiceImpl           : [create][Create Order][Ready to Create Order]
2026-03-18 11:52:24.066  INFO 1 --- [io-12031-exec-9] order.service.OrderServiceImpl           : [create][Order Create Success][Order Price][OrderId:08a25d74-64ce-4965-b47c-7a4ffcc4c43b , Price: 0.0]
2026-03-18 11:52:24.339  INFO 1 --- [io-12031-exec-1] order.controller.OrderController         : [createNewOrder][Create Order][from shanghai to taiyuan at 1970-01-02 18:17:36]
2026-03-18 11:52:24.339  INFO 1 --- [io-12031-exec-1] order.service.OrderServiceImpl           : [create][Create Order][Ready to Create Order]
2026-03-18 11:52:24.364  INFO 1 --- [io-12031-exec-1] order.service.OrderServiceImpl           : [create][Order Create Success][Order Price][OrderId:22ea8b1e-ddae-4281-9d5f-375ff7227b1d , Price: 0.0]
2026-03-18 11:52:24.633  INFO 1 --- [io-12031-exec-3] order.controller.OrderController         : [createNewOrder][Create Order][from shanghai to taiyuan at 1970-01-02 18:17:36]
2026-03-18 11:52:24.633  INFO 1 --- [io-12031-exec-3] order.service.OrderServiceImpl           : [create][Create Order][Ready to Create Order]
2026-03-18 11:52:24.660  INFO 1 --- [io-12031-exec-3] order.service.OrderServiceImpl           : [create][Order Create Success][Order Price][OrderId:549e099f-1f11-4935-81fc-06bd5299c010 , Price: 0.0]
2026-03-18 11:52:24.933  INFO 1 --- [io-12031-exec-2] order.controller.OrderController         : [createNewOrder][Create Order][from shanghai to taiyuan at 1970-01-02 18:17:36]
2026-03-18 11:52:24.933  INFO 1 --- [io-12031-exec-2] order.service.OrderServiceImpl           : [create][Create Order][Ready to Create Order]
2026-03-18 11:52:24.989  INFO 1 --- [io-12031-exec-2] order.service.OrderServiceImpl           : [create][Order Create Success][Order Price][OrderId:28c0c2c5-717e-4d4e-90e6-a8232c905cf5 , Price: 0.0]
2026-03-18 11:52:25.258  INFO 1 --- [io-12031-exec-5] order.controller.OrderController         : [createNewOrder][Create Order][from shanghai to taiyuan at 1970-01-02 18:17:36]
2026-03-18 11:52:25.259  INFO 1 --- [io-12031-exec-5] order.service.OrderServiceImpl           : [create][Create Order][Ready to Create Order]
2026-03-18 11:52:25.288  INFO 1 --- [io-12031-exec-5] order.service.OrderServiceImpl           : [create][Order Create Success][Order Price][OrderId:cca705c4-b11f-4887-9f58-ed401fd908b8 , Price: 0.0]
2026-03-18 11:52:25.564  INFO 1 --- [io-12031-exec-4] order.controller.OrderController         : [createNewOrder][Create Order][from shanghai to taiyuan at 1970-01-02 18:17:36]
2026-03-18 11:52:25.564  INFO 1 --- [io-12031-exec-4] order.service.OrderServiceImpl           : [create][Create Order][Ready to Create Order]
2026-03-18 11:52:25.593  INFO 1 --- [io-12031-exec-4] order.service.OrderServiceImpl           : [create][Order Create Success][Order Price][OrderId:f87d6b89-a942-4e6f-b5f1-d5fb6b054082 , Price: 0.0]
2026-03-18 11:52:25.858  INFO 1 --- [io-12031-exec-7] order.controller.OrderController         : [createNewOrder][Create Order][from shanghai to taiyuan at 1970-01-02 18:17:36]
2026-03-18 11:52:25.858  INFO 1 --- [io-12031-exec-7] order.service.OrderServiceImpl           : [create][Create Order][Ready to Create Order]
2026-03-18 11:52:26.079  INFO 1 --- [io-12031-exec-7] order.service.OrderServiceImpl           : [create][Order Create Success][Order Price][OrderId:02628915-4b2f-4faf-9da5-b7799572f4ac , Price: 0.0]
2026-03-18 11:52:26.361  INFO 1 --- [io-12031-exec-6] order.controller.OrderController         : [createNewOrder][Create Order][from shanghai to taiyuan at 1970-01-02 18:17:36]
2026-03-18 11:52:26.361  INFO 1 --- [io-12031-exec-6] order.service.OrderServiceImpl           : [create][Create Order][Ready to Create Order]
2026-03-18 11:52:26.387  INFO 1 --- [io-12031-exec-6] order.service.OrderServiceImpl           : [create][Order Create Success][Order Price][OrderId:87af7ba1-3756-4dc6-9074-4e90023e8303 , Price: 0.0]
2026-03-18 11:52:26.667  INFO 1 --- [io-12031-exec-8] order.controller.OrderController         : [createNewOrder][Create Order][from shanghai to taiyuan at 1970-01-02 18:17:36]
2026-03-18 11:52:26.667  INFO 1 --- [io-12031-exec-8] order.service.OrderServiceImpl           : [create][Create Order][Ready to Create Order]
2026-03-18 11:52:26.692  INFO 1 --- [io-12031-exec-8] order.service.OrderServiceImpl           : [create][Order Create Success][Order Price][OrderId:bf13100f-950a-44db-b558-e2b01dbc331d , Price: 0.0]
2026-03-18 11:52:26.955  INFO 1 --- [o-12031-exec-10] order.controller.OrderController         : [createNewOrder][Create Order][from shanghai to taiyuan at 1970-01-02 18:17:36]
2026-03-18 11:52:26.955  INFO 1 --- [o-12031-exec-10] order.service.OrderServiceImpl           : [create][Create Order][Ready to Create Order]
2026-03-18 11:52:27.177  INFO 1 --- [o-12031-exec-10] order.service.OrderServiceImpl           : [create][Order Create Success][Order Price][OrderId:b44de775-752a-4b1f-9d47-22508f431af2 , Price: 0.0]
2026-03-18 11:52:27.452  INFO 1 --- [io-12031-exec-9] order.controller.OrderController         : [createNewOrder][Create Order][from shanghai to taiyuan at 1970-01-02 18:17:36]
2026-03-18 11:52:27.452  INFO 1 --- [io-12031-exec-9] order.service.OrderServiceImpl           : [create][Create Order][Ready to Create Order]
2026-03-18 11:52:27.480  INFO 1 --- [io-12031-exec-9] order.service.OrderServiceImpl           : [create][Order Create Success][Order Price][OrderId:19b30c26-008e-406d-b74b-d1b94db3504a , Price: 0.0]
2026-03-18 11:52:27.754  INFO 1 --- [io-12031-exec-1] order.controller.OrderController         : [createNewOrder][Create Order][from shanghai to taiyuan at 1970-01-02 18:17:36]
2026-03-18 11:52:27.754  INFO 1 --- [io-12031-exec-1] order.service.OrderServiceImpl           : [create][Create Order][Ready to Create Order]
2026-03-18 11:52:27.777  INFO 1 --- [io-12031-exec-1] order.service.OrderServiceImpl           : [create][Order Create Success][Order Price][OrderId:4a3f5ed1-c0b8-4fbc-bae7-7fb8d57562c8 , Price: 0.0]
2026-03-18 11:52:28.053  INFO 1 --- [io-12031-exec-3] order.controller.OrderController         : [createNewOrder][Create Order][from shanghai to taiyuan at 1970-01-02 18:17:36]
2026-03-18 11:52:28.053  INFO 1 --- [io-12031-exec-3] order.service.OrderServiceImpl           : [create][Create Order][Ready to Create Order]
2026-03-18 11:52:28.172  INFO 1 --- [io-12031-exec-3] order.service.OrderServiceImpl           : [create][Order Create Success][Order Price][OrderId:ec837528-a715-4dd8-828f-dc2fa390788a , Price: 0.0]
2026-03-18 11:52:28.457  INFO 1 --- [io-12031-exec-2] order.controller.OrderController         : [createNewOrder][Create Order][from shanghai to taiyuan at 1970-01-02 18:17:36]
2026-03-18 11:52:28.457  INFO 1 --- [io-12031-exec-2] order.service.OrderServiceImpl           : [create][Create Order][Ready to Create Order]
2026-03-18 11:52:28.485  INFO 1 --- [io-12031-exec-2] order.service.OrderServiceImpl           : [create][Order Create Success][Order Price][OrderId:ab8048ba-ce69-4138-8fc4-95d4b8445825 , Price: 0.0]
2026-03-18 11:52:28.852  INFO 1 --- [io-12031-exec-5] order.controller.OrderController         : [createNewOrder][Create Order][from shanghai to taiyuan at 1970-01-02 18:17:36]
2026-03-18 11:52:28.852  INFO 1 --- [io-12031-exec-5] order.service.OrderServiceImpl           : [create][Create Order][Ready to Create Order]
2026-03-18 11:52:28.881  INFO 1 --- [io-12031-exec-5] order.service.OrderServiceImpl           : [create][Order Create Success][Order Price][OrderId:b169f497-d171-49bf-8569-5c5851849dd5 , Price: 0.0]
2026-03-18 11:52:29.161  INFO 1 --- [io-12031-exec-4] order.controller.OrderController         : [createNewOrder][Create Order][from shanghai to taiyuan at 1970-01-02 18:17:36]
2026-03-18 11:52:29.161  INFO 1 --- [io-12031-exec-4] order.service.OrderServiceImpl           : [create][Create Order][Ready to Create Order]
2026-03-18 11:52:29.386  INFO 1 --- [io-12031-exec-4] order.service.OrderServiceImpl           : [create][Order Create Success][Order Price][OrderId:84fd9c5d-88a3-49fb-9803-34861915b7e9 , Price: 0.0]
2026-03-18 11:52:29.659  INFO 1 --- [io-12031-exec-7] order.controller.OrderController         : [createNewOrder][Create Order][from shanghai to taiyuan at 1970-01-02 18:17:36]
2026-03-18 11:52:29.659  INFO 1 --- [io-12031-exec-7] order.service.OrderServiceImpl           : [create][Create Order][Ready to Create Order]
2026-03-18 11:52:29.685  INFO 1 --- [io-12031-exec-7] order.service.OrderServiceImpl           : [create][Order Create Success][Order Price][OrderId:631e2f8f-8039-4702-9f64-d1ad339842e3 , Price: 0.0]
2026-03-18 11:52:29.956  INFO 1 --- [io-12031-exec-6] order.controller.OrderController         : [createNewOrder][Create Order][from shanghai to taiyuan at 1970-01-02 18:17:36]
2026-03-18 11:52:29.956  INFO 1 --- [io-12031-exec-6] order.service.OrderServiceImpl           : [create][Create Order][Ready to Create Order]
2026-03-18 11:52:30.071  INFO 1 --- [io-12031-exec-6] order.service.OrderServiceImpl           : [create][Order Create Success][Order Price][OrderId:f319263c-77cd-4c18-9680-b8a924f268b8 , Price: 0.0]
2026-03-18 11:52:30.348  INFO 1 --- [io-12031-exec-8] order.controller.OrderController         : [createNewOrder][Create Order][from shanghai to taiyuan at 1970-01-02 18:17:36]
2026-03-18 11:52:30.349  INFO 1 --- [io-12031-exec-8] order.service.OrderServiceImpl           : [create][Create Order][Ready to Create Order]
2026-03-18 11:52:30.487  INFO 1 --- [io-12031-exec-8] order.service.OrderServiceImpl           : [create][Order Create Success][Order Price][OrderId:3cd6136b-6080-44a9-adcf-b28f32fc44cf , Price: 0.0]
2026-03-18 11:52:30.755  INFO 1 --- [o-12031-exec-10] order.controller.OrderController         : [createNewOrder][Create Order][from shanghai to taiyuan at 1970-01-02 18:17:36]
2026-03-18 11:52:30.755  INFO 1 --- [o-12031-exec-10] order.service.OrderServiceImpl           : [create][Create Order][Ready to Create Order]
2026-03-18 11:52:30.781  INFO 1 --- [o-12031-exec-10] order.service.OrderServiceImpl           : [create][Order Create Success][Order Price][OrderId:2792da07-b9b5-4007-9773-f2533a0483c4 , Price: 0.0]
2026-03-18 11:52:31.077  INFO 1 --- [io-12031-exec-9] order.controller.OrderController         : [createNewOrder][Create Order][from shanghai to taiyuan at 1970-01-02 18:17:36]
2026-03-18 11:52:31.077  INFO 1 --- [io-12031-exec-9] order.service.OrderServiceImpl           : [create][Create Order][Ready to Create Order]
2026-03-18 11:52:31.101  INFO 1 --- [io-12031-exec-9] order.service.OrderServiceImpl           : [create][Order Create Success][Order Price][OrderId:f3bae32d-9808-478c-a31b-7ee528b38c22 , Price: 0.0]
2026-03-18 11:52:31.359  INFO 1 --- [io-12031-exec-3] order.controller.OrderController         : [createNewOrder][Create Order][from shanghai to taiyuan at 1970-01-02 18:17:36]
2026-03-18 11:52:31.360  INFO 1 --- [io-12031-exec-3] order.service.OrderServiceImpl           : [create][Create Order][Ready to Create Order]
2026-03-18 11:52:31.492  INFO 1 --- [io-12031-exec-3] order.service.OrderServiceImpl           : [create][Order Create Success][Order Price][OrderId:3d4c6905-e887-4ee5-ab39-653949886cc3 , Price: 0.0]
2026-03-18 11:52:32.038  INFO 1 --- [io-12031-exec-2] order.controller.OrderController         : [createNewOrder][Create Order][from shanghai to taiyuan at 1970-01-02 18:17:36]
2026-03-18 11:52:32.038  INFO 1 --- [io-12031-exec-2] order.service.OrderServiceImpl           : [create][Create Order][Ready to Create Order]
2026-03-18 11:52:32.078  INFO 1 --- [io-12031-exec-2] order.service.OrderServiceImpl           : [create][Order Create Success][Order Price][OrderId:4ec4c2b0-ed2c-445e-a90c-166eb774e98c , Price: 0.0]
2026-03-18 11:52:32.539  INFO 1 --- [io-12031-exec-5] order.controller.OrderController         : [createNewOrder][Create Order][from shanghai to taiyuan at 1970-01-02 18:17:36]
2026-03-18 11:52:32.539  INFO 1 --- [io-12031-exec-5] order.service.OrderServiceImpl           : [create][Create Order][Ready to Create Order]
2026-03-18 11:52:32.591  INFO 1 --- [io-12031-exec-5] order.service.OrderServiceImpl           : [create][Order Create Success][Order Price][OrderId:913f272a-13ea-4a47-ae47-f0a36430559f , Price: 0.0]
2026-03-18 11:52:33.030  INFO 1 --- [io-12031-exec-4] order.controller.OrderController         : [createNewOrder][Create Order][from shanghai to taiyuan at 1970-01-02 18:17:36]
2026-03-18 11:52:33.030  INFO 1 --- [io-12031-exec-4] order.service.OrderServiceImpl           : [create][Create Order][Ready to Create Order]
2026-03-18 11:52:33.186  INFO 1 --- [io-12031-exec-4] order.service.OrderServiceImpl           : [create][Order Create Success][Order Price][OrderId:d7df4d08-eed7-48ad-8e25-cb9223ba5d70 , Price: 0.0]
2026-03-18 11:52:33.534  INFO 1 --- [io-12031-exec-7] order.controller.OrderController         : [createNewOrder][Create Order][from shanghai to taiyuan at 1970-01-02 18:17:36]
2026-03-18 11:52:33.534  INFO 1 --- [io-12031-exec-7] order.service.OrderServiceImpl           : [create][Create Order][Ready to Create Order]
2026-03-18 11:52:33.557  INFO 1 --- [io-12031-exec-7] order.service.OrderServiceImpl           : [create][Order Create Success][Order Price][OrderId:b183ffdc-e806-49a9-bdda-db4f5c537714 , Price: 0.0]
2026-03-18 11:52:33.784  INFO 1 --- [io-12031-exec-6] order.controller.OrderController         : [createNewOrder][Create Order][from shanghai to taiyuan at 1970-01-02 18:17:36]
2026-03-18 11:52:33.785  INFO 1 --- [io-12031-exec-6] order.service.OrderServiceImpl           : [create][Create Order][Ready to Create Order]
2026-03-18 11:52:33.809  INFO 1 --- [io-12031-exec-6] order.service.OrderServiceImpl           : [create][Order Create Success][Order Price][OrderId:a0695075-ae4e-477d-a799-c45b6a94f95d , Price: 0.0]
2026-03-18 11:52:34.052  INFO 1 --- [io-12031-exec-8] order.controller.OrderController         : [createNewOrder][Create Order][from shanghai to taiyuan at 1970-01-02 18:17:36]
2026-03-18 11:52:34.052  INFO 1 --- [io-12031-exec-8] order.service.OrderServiceImpl           : [create][Create Order][Ready to Create Order]
2026-03-18 11:52:34.092  INFO 1 --- [io-12031-exec-8] order.service.OrderServiceImpl           : [create][Order Create Success][Order Price][OrderId:f2895d60-fdf6-4259-aeb5-afac2a610c13 , Price: 0.0]
2026-03-18 11:52:34.351  INFO 1 --- [o-12031-exec-10] order.controller.OrderController         : [createNewOrder][Create Order][from shanghai to taiyuan at 1970-01-02 18:17:36]
2026-03-18 11:52:34.351  INFO 1 --- [o-12031-exec-10] order.service.OrderServiceImpl           : [create][Create Order][Ready to Create Order]
2026-03-18 11:52:34.379  INFO 1 --- [o-12031-exec-10] order.service.OrderServiceImpl           : [create][Order Create Success][Order Price][OrderId:87f27f0d-c589-4c8e-9080-5e381dd5b9de , Price: 0.0]
2026-03-18 11:52:34.651  INFO 1 --- [io-12031-exec-9] order.controller.OrderController         : [createNewOrder][Create Order][from shanghai to taiyuan at 1970-01-02 18:17:36]
2026-03-18 11:52:34.651  INFO 1 --- [io-12031-exec-9] order.service.OrderServiceImpl           : [create][Create Order][Ready to Create Order]
2026-03-18 11:52:34.676  INFO 1 --- [io-12031-exec-9] order.service.OrderServiceImpl           : [create][Order Create Success][Order Price][OrderId:7c970ef2-e7a7-420a-97c0-c65eed39dcf7 , Price: 0.0]
2026-03-18 11:52:34.947  INFO 1 --- [io-12031-exec-1] order.controller.OrderController         : [createNewOrder][Create Order][from shanghai to taiyuan at 1970-01-02 18:17:36]
2026-03-18 11:52:34.947  INFO 1 --- [io-12031-exec-1] order.service.OrderServiceImpl           : [create][Create Order][Ready to Create Order]
2026-03-18 11:52:34.986  INFO 1 --- [io-12031-exec-1] order.service.OrderServiceImpl           : [create][Order Create Success][Order Price][OrderId:161fd76c-7711-4392-a526-bb1214a090ac , Price: 0.0]
2026-03-18 11:52:35.255  INFO 1 --- [io-12031-exec-3] order.controller.OrderController         : [createNewOrder][Create Order][from shanghai to taiyuan at 1970-01-02 18:17:36]
2026-03-18 11:52:35.255  INFO 1 --- [io-12031-exec-3] order.service.OrderServiceImpl           : [create][Create Order][Ready to Create Order]
2026-03-18 11:52:35.286  INFO 1 --- [io-12031-exec-3] order.service.OrderServiceImpl           : [create][Order Create Success][Order Price][OrderId:9efb92f4-6b7b-46df-aee5-48acee45e35f , Price: 0.0]
2026-03-18 11:52:35.666  INFO 1 --- [io-12031-exec-2] order.controller.OrderController         : [createNewOrder][Create Order][from shanghai to taiyuan at 1970-01-02 18:17:36]
2026-03-18 11:52:35.666  INFO 1 --- [io-12031-exec-2] order.service.OrderServiceImpl           : [create][Create Order][Ready to Create Order]
2026-03-18 11:52:35.692  INFO 1 --- [io-12031-exec-2] order.service.OrderServiceImpl           : [create][Order Create Success][Order Price][OrderId:e3dc9de5-b25a-476e-a47b-43dc95365577 , Price: 0.0]
2026-03-18 11:52:35.959  INFO 1 --- [io-12031-exec-5] order.controller.OrderController         : [createNewOrder][Create Order][from shanghai to taiyuan at 1970-01-02 18:17:36]
2026-03-18 11:52:35.959  INFO 1 --- [io-12031-exec-5] order.service.OrderServiceImpl           : [create][Create Order][Ready to Create Order]
2026-03-18 11:52:36.276  INFO 1 --- [io-12031-exec-5] order.service.OrderServiceImpl           : [create][Order Create Success][Order Price][OrderId:a261d15d-fe1d-4e12-b691-57b7631b14b1 , Price: 0.0]
2026-03-18 11:52:36.557  INFO 1 --- [io-12031-exec-4] order.controller.OrderController         : [createNewOrder][Create Order][from shanghai to taiyuan at 1970-01-02 18:17:36]
2026-03-18 11:52:36.557  INFO 1 --- [io-12031-exec-4] order.service.OrderServiceImpl           : [create][Create Order][Ready to Create Order]
2026-03-18 11:52:36.592  INFO 1 --- [io-12031-exec-4] order.service.OrderServiceImpl           : [create][Order Create Success][Order Price][OrderId:b5e51122-c9e0-47c9-8d79-f61e4e629d5f , Price: 0.0]
2026-03-18 11:52:36.948  INFO 1 --- [io-12031-exec-7] order.controller.OrderController         : [createNewOrder][Create Order][from shanghai to taiyuan at 1970-01-02 18:17:36]
2026-03-18 11:52:36.948  INFO 1 --- [io-12031-exec-7] order.service.OrderServiceImpl           : [create][Create Order][Ready to Create Order]
2026-03-18 11:52:36.990  INFO 1 --- [io-12031-exec-7] order.service.OrderServiceImpl           : [create][Order Create Success][Order Price][OrderId:d7031037-a64b-4805-87f9-90e3f72d5c26 , Price: 0.0]
2026-03-18 11:52:37.263  INFO 1 --- [io-12031-exec-6] order.controller.OrderController         : [createNewOrder][Create Order][from shanghai to taiyuan at 1970-01-02 18:17:36]
2026-03-18 11:52:37.263  INFO 1 --- [io-12031-exec-6] order.service.OrderServiceImpl           : [create][Create Order][Ready to Create Order]
2026-03-18 11:52:37.487  INFO 1 --- [io-12031-exec-6] order.service.OrderServiceImpl           : [create][Order Create Success][Order Price][OrderId:dc2d30a5-97ad-4ad2-85a6-d7b7635d4ec9 , Price: 0.0]
2026-03-18 11:52:37.769  INFO 1 --- [io-12031-exec-8] order.controller.OrderController         : [createNewOrder][Create Order][from shanghai to taiyuan at 1970-01-02 18:17:36]
2026-03-18 11:52:37.769  INFO 1 --- [io-12031-exec-8] order.service.OrderServiceImpl           : [create][Create Order][Ready to Create Order]
2026-03-18 11:52:37.796  INFO 1 --- [io-12031-exec-8] order.service.OrderServiceImpl           : [create][Order Create Success][Order Price][OrderId:12eeee04-322e-4c1d-baa4-04a7cd7d2240 , Price: 0.0]
2026-03-18 11:52:38.065  INFO 1 --- [o-12031-exec-10] order.controller.OrderController         : [createNewOrder][Create Order][from shanghai to taiyuan at 1970-01-02 18:17:36]
2026-03-18 11:52:38.065  INFO 1 --- [o-12031-exec-10] order.service.OrderServiceImpl           : [create][Create Order][Ready to Create Order]
2026-03-18 11:52:38.095  INFO 1 --- [o-12031-exec-10] order.service.OrderServiceImpl           : [create][Order Create Success][Order Price][OrderId:8a7f490b-feba-4553-a583-232e854b7f3b , Price: 0.0]
2026-03-18 11:52:38.364  INFO 1 --- [io-12031-exec-9] order.controller.OrderController         : [createNewOrder][Create Order][from shanghai to taiyuan at 1970-01-02 18:17:36]
2026-03-18 11:52:38.364  INFO 1 --- [io-12031-exec-9] order.service.OrderServiceImpl           : [create][Create Order][Ready to Create Order]
2026-03-18 11:52:38.596  INFO 1 --- [io-12031-exec-9] order.service.OrderServiceImpl           : [create][Order Create Success][Order Price][OrderId:d5af2417-42f3-4df4-9671-b166aad7ca3d , Price: 0.0]
2026-03-18 11:52:38.856  INFO 1 --- [io-12031-exec-1] order.controller.OrderController         : [createNewOrder][Create Order][from shanghai to taiyuan at 1970-01-02 18:17:36]
2026-03-18 11:52:38.856  INFO 1 --- [io-12031-exec-1] order.service.OrderServiceImpl           : [create][Create Order][Ready to Create Order]
2026-03-18 11:52:38.883  INFO 1 --- [io-12031-exec-1] order.service.OrderServiceImpl           : [create][Order Create Success][Order Price][OrderId:77a4ee43-b435-4564-83a8-a27ae626aa15 , Price: 0.0]
2026-03-18 11:52:39.161  INFO 1 --- [io-12031-exec-3] order.controller.OrderController         : [createNewOrder][Create Order][from shanghai to taiyuan at 1970-01-02 18:17:36]
2026-03-18 11:52:39.161  INFO 1 --- [io-12031-exec-3] order.service.OrderServiceImpl           : [create][Create Order][Ready to Create Order]
2026-03-18 11:52:39.188  INFO 1 --- [io-12031-exec-3] order.service.OrderServiceImpl           : [create][Order Create Success][Order Price][OrderId:68702639-3fca-4af7-bd09-9df2394c08e0 , Price: 0.0]
2026-03-18 11:52:39.456  INFO 1 --- [io-12031-exec-2] order.controller.OrderController         : [createNewOrder][Create Order][from shanghai to taiyuan at 1970-01-02 18:17:36]
2026-03-18 11:52:39.456  INFO 1 --- [io-12031-exec-2] order.service.OrderServiceImpl           : [create][Create Order][Ready to Create Order]
2026-03-18 11:52:39.490  INFO 1 --- [io-12031-exec-2] order.service.OrderServiceImpl           : [create][Order Create Success][Order Price][OrderId:c2aad9f1-7699-4fdf-a9bc-0a077563b051 , Price: 0.0]
2026-03-18 11:52:39.753  INFO 1 --- [io-12031-exec-5] order.controller.OrderController         : [createNewOrder][Create Order][from shanghai to taiyuan at 1970-01-02 18:17:36]
2026-03-18 11:52:39.753  INFO 1 --- [io-12031-exec-5] order.service.OrderServiceImpl           : [create][Create Order][Ready to Create Order]
2026-03-18 11:52:39.780  INFO 1 --- [io-12031-exec-5] order.service.OrderServiceImpl           : [create][Order Create Success][Order Price][OrderId:90fa3391-77db-410c-a632-c2169a8173ea , Price: 0.0]
2026-03-18 11:52:40.063  INFO 1 --- [io-12031-exec-4] order.controller.OrderController         : [createNewOrder][Create Order][from shanghai to taiyuan at 1970-01-02 18:17:36]
2026-03-18 11:52:40.063  INFO 1 --- [io-12031-exec-4] order.service.OrderServiceImpl           : [create][Create Order][Ready to Create Order]
2026-03-18 11:52:40.093  INFO 1 --- [io-12031-exec-4] order.service.OrderServiceImpl           : [create][Order Create Success][Order Price][OrderId:6796f219-f781-437e-a2de-ebc2b7ebdbea , Price: 0.0]
2026-03-18 11:52:40.354  INFO 1 --- [io-12031-exec-7] order.controller.OrderController         : [createNewOrder][Create Order][from shanghai to taiyuan at 1970-01-02 18:17:36]
2026-03-18 11:52:40.354  INFO 1 --- [io-12031-exec-7] order.service.OrderServiceImpl           : [create][Create Order][Ready to Create Order]
2026-03-18 11:52:40.392  INFO 1 --- [io-12031-exec-7] order.service.OrderServiceImpl           : [create][Order Create Success][Order Price][OrderId:e69d6b2c-0f05-4e97-a862-d2c71583bd5a , Price: 0.0]
2026-03-18 11:52:40.656  INFO 1 --- [io-12031-exec-6] order.controller.OrderController         : [createNewOrder][Create Order][from shanghai to taiyuan at 1970-01-02 18:17:36]
2026-03-18 11:52:40.656  INFO 1 --- [io-12031-exec-6] order.service.OrderServiceImpl           : [create][Create Order][Ready to Create Order]
2026-03-18 11:52:40.682  INFO 1 --- [io-12031-exec-6] order.service.OrderServiceImpl           : [create][Order Create Success][Order Price][OrderId:98f1914c-2586-46e8-9af9-51ede74c2382 , Price: 0.0]
2026-03-18 11:52:40.954  INFO 1 --- [io-12031-exec-8] order.controller.OrderController         : [createNewOrder][Create Order][from shanghai to taiyuan at 1970-01-02 18:17:36]
2026-03-18 11:52:40.954  INFO 1 --- [io-12031-exec-8] order.service.OrderServiceImpl           : [create][Create Order][Ready to Create Order]
2026-03-18 11:52:40.982  INFO 1 --- [io-12031-exec-8] order.service.OrderServiceImpl           : [create][Order Create Success][Order Price][OrderId:38db5ee2-84a5-434a-839b-845608fa6223 , Price: 0.0]
2026-03-18 11:52:41.254  INFO 1 --- [io-12031-exec-9] order.controller.OrderController         : [createNewOrder][Create Order][from shanghai to taiyuan at 1970-01-02 18:17:36]
2026-03-18 11:52:41.254  INFO 1 --- [io-12031-exec-9] order.service.OrderServiceImpl           : [create][Create Order][Ready to Create Order]
2026-03-18 11:52:41.289  INFO 1 --- [io-12031-exec-9] order.service.OrderServiceImpl           : [create][Order Create Success][Order Price][OrderId:a8c04af5-a228-464d-95a2-2ab8dbd9306a , Price: 0.0]
2026-03-18 11:52:41.557  INFO 1 --- [io-12031-exec-1] order.controller.OrderController         : [createNewOrder][Create Order][from shanghai to taiyuan at 1970-01-02 18:17:36]
2026-03-18 11:52:41.557  INFO 1 --- [io-12031-exec-1] order.service.OrderServiceImpl           : [create][Create Order][Ready to Create Order]
2026-03-18 11:52:41.583  INFO 1 --- [io-12031-exec-1] order.service.OrderServiceImpl           : [create][Order Create Success][Order Price][OrderId:f0c63e6f-122f-4ffb-855e-8a2d1f6ea5b9 , Price: 0.0]
2026-03-18 11:52:41.853  INFO 1 --- [io-12031-exec-3] order.controller.OrderController         : [createNewOrder][Create Order][from shanghai to taiyuan at 1970-01-02 18:17:36]
2026-03-18 11:52:41.853  INFO 1 --- [io-12031-exec-3] order.service.OrderServiceImpl           : [create][Create Order][Ready to Create Order]
2026-03-18 11:52:41.879  INFO 1 --- [io-12031-exec-3] order.service.OrderServiceImpl           : [create][Order Create Success][Order Price][OrderId:d62c84c5-4047-4d41-8d7c-a3f4f4bf1a76 , Price: 0.0]
2026-03-18 11:52:42.149  INFO 1 --- [io-12031-exec-2] order.controller.OrderController         : [createNewOrder][Create Order][from shanghai to taiyuan at 1970-01-02 18:17:36]
2026-03-18 11:52:42.149  INFO 1 --- [io-12031-exec-2] order.service.OrderServiceImpl           : [create][Create Order][Ready to Create Order]
2026-03-18 11:52:42.195  INFO 1 --- [io-12031-exec-2] order.service.OrderServiceImpl           : [create][Order Create Success][Order Price][OrderId:4fc8c7d6-76bd-46ed-abd7-726f50e40182 , Price: 0.0]
2026-03-18 11:52:42.457  INFO 1 --- [io-12031-exec-5] order.controller.OrderController         : [createNewOrder][Create Order][from shanghai to taiyuan at 1970-01-02 18:17:36]
2026-03-18 11:52:42.457  INFO 1 --- [io-12031-exec-5] order.service.OrderServiceImpl           : [create][Create Order][Ready to Create Order]
2026-03-18 11:52:42.484  INFO 1 --- [io-12031-exec-5] order.service.OrderServiceImpl           : [create][Order Create Success][Order Price][OrderId:020d6347-bb63-4b8a-bbdb-90ccefef0af1 , Price: 0.0]
2026-03-18 11:52:42.757  INFO 1 --- [io-12031-exec-4] order.controller.OrderController         : [createNewOrder][Create Order][from shanghai to taiyuan at 1970-01-02 18:17:36]
2026-03-18 11:52:42.757  INFO 1 --- [io-12031-exec-4] order.service.OrderServiceImpl           : [create][Create Order][Ready to Create Order]
2026-03-18 11:52:42.781  INFO 1 --- [io-12031-exec-4] order.service.OrderServiceImpl           : [create][Order Create Success][Order Price][OrderId:22bdf858-3e2d-4289-a128-83c5b93b2db0 , Price: 0.0]
2026-03-18 11:52:43.058  INFO 1 --- [io-12031-exec-7] order.controller.OrderController         : [createNewOrder][Create Order][from shanghai to taiyuan at 1970-01-02 18:17:36]
2026-03-18 11:52:43.058  INFO 1 --- [io-12031-exec-7] order.service.OrderServiceImpl           : [create][Create Order][Ready to Create Order]
2026-03-18 11:52:43.276  INFO 1 --- [io-12031-exec-7] order.service.OrderServiceImpl           : [create][Order Create Success][Order Price][OrderId:fabc070a-c3d0-476e-943e-ffa01d38cb77 , Price: 0.0]
2026-03-18 11:52:43.551  INFO 1 --- [io-12031-exec-6] order.controller.OrderController         : [createNewOrder][Create Order][from shanghai to taiyuan at 1970-01-02 18:17:36]
2026-03-18 11:52:43.551  INFO 1 --- [io-12031-exec-6] order.service.OrderServiceImpl           : [create][Create Order][Ready to Create Order]
2026-03-18 11:52:43.577  INFO 1 --- [io-12031-exec-6] order.service.OrderServiceImpl           : [create][Order Create Success][Order Price][OrderId:5480d143-0247-43de-911f-40f439786fd6 , Price: 0.0]
2026-03-18 11:52:43.845  INFO 1 --- [io-12031-exec-8] order.controller.OrderController         : [createNewOrder][Create Order][from shanghai to taiyuan at 1970-01-02 18:17:36]
2026-03-18 11:52:43.845  INFO 1 --- [io-12031-exec-8] order.service.OrderServiceImpl           : [create][Create Order][Ready to Create Order]
2026-03-18 11:52:43.871  INFO 1 --- [io-12031-exec-8] order.service.OrderServiceImpl           : [create][Order Create Success][Order Price][OrderId:76c2ddec-24aa-43af-a2cb-dc0ba220e79d , Price: 0.0]
2026-03-18 11:52:44.140  INFO 1 --- [o-12031-exec-10] order.controller.OrderController         : [createNewOrder][Create Order][from shanghai to taiyuan at 1970-01-02 18:17:36]
2026-03-18 11:52:44.140  INFO 1 --- [o-12031-exec-10] order.service.OrderServiceImpl           : [create][Create Order][Ready to Create Order]
2026-03-18 11:52:44.275  INFO 1 --- [o-12031-exec-10] order.service.OrderServiceImpl           : [create][Order Create Success][Order Price][OrderId:f812ecd8-0bf6-4851-b5f8-147594faea61 , Price: 0.0]
2026-03-18 11:52:44.549  INFO 1 --- [io-12031-exec-9] order.controller.OrderController         : [createNewOrder][Create Order][from shanghai to taiyuan at 1970-01-02 18:17:36]
2026-03-18 11:52:44.549  INFO 1 --- [io-12031-exec-9] order.service.OrderServiceImpl           : [create][Create Order][Ready to Create Order]
2026-03-18 11:52:44.575  INFO 1 --- [io-12031-exec-9] order.service.OrderServiceImpl           : [create][Order Create Success][Order Price][OrderId:b564b8a7-5d34-4702-a8c3-296aba94fb93 , Price: 0.0]
2026-03-18 11:52:44.848  INFO 1 --- [io-12031-exec-1] order.controller.OrderController         : [createNewOrder][Create Order][from shanghai to taiyuan at 1970-01-02 18:17:36]
2026-03-18 11:52:44.848  INFO 1 --- [io-12031-exec-1] order.service.OrderServiceImpl           : [create][Create Order][Ready to Create Order]
2026-03-18 11:52:44.875  INFO 1 --- [io-12031-exec-1] order.service.OrderServiceImpl           : [create][Order Create Success][Order Price][OrderId:59bcfa22-8cce-49fa-b038-421afd3e2928 , Price: 0.0]
2026-03-18 11:52:45.149  INFO 1 --- [io-12031-exec-3] order.controller.OrderController         : [createNewOrder][Create Order][from shanghai to taiyuan at 1970-01-02 18:17:36]
2026-03-18 11:52:45.149  INFO 1 --- [io-12031-exec-3] order.service.OrderServiceImpl           : [create][Create Order][Ready to Create Order]
2026-03-18 11:52:45.186  INFO 1 --- [io-12031-exec-3] order.service.OrderServiceImpl           : [create][Order Create Success][Order Price][OrderId:7dced49f-c0d3-4c7c-bed1-0a6287405373 , Price: 0.0]
2026-03-18 11:52:45.460  INFO 1 --- [io-12031-exec-2] order.controller.OrderController         : [createNewOrder][Create Order][from shanghai to taiyuan at 1970-01-02 18:17:36]
2026-03-18 11:52:45.460  INFO 1 --- [io-12031-exec-2] order.service.OrderServiceImpl           : [create][Create Order][Ready to Create Order]
2026-03-18 11:52:45.487  INFO 1 --- [io-12031-exec-2] order.service.OrderServiceImpl           : [create][Order Create Success][Order Price][OrderId:4a1708f3-112b-46d0-a58b-d2702968f4c3 , Price: 0.0]
2026-03-18 11:52:45.755  INFO 1 --- [io-12031-exec-5] order.controller.OrderController         : [createNewOrder][Create Order][from shanghai to taiyuan at 1970-01-02 18:17:36]
2026-03-18 11:52:45.756  INFO 1 --- [io-12031-exec-5] order.service.OrderServiceImpl           : [create][Create Order][Ready to Create Order]
2026-03-18 11:52:45.782  INFO 1 --- [io-12031-exec-5] order.service.OrderServiceImpl           : [create][Order Create Success][Order Price][OrderId:f14147d9-8c23-4ba7-ab8e-e5cdfb8547c0 , Price: 0.0]
2026-03-18 11:52:46.057  INFO 1 --- [io-12031-exec-4] order.controller.OrderController         : [createNewOrder][Create Order][from shanghai to taiyuan at 1970-01-02 18:17:36]
2026-03-18 11:52:46.057  INFO 1 --- [io-12031-exec-4] order.service.OrderServiceImpl           : [create][Create Order][Ready to Create Order]
2026-03-18 11:52:46.184  INFO 1 --- [io-12031-exec-4] order.service.OrderServiceImpl           : [create][Order Create Success][Order Price][OrderId:de3a42a6-286f-4fc3-ab2b-c8dffb3ff66f , Price: 0.0]
2026-03-18 11:52:46.451  INFO 1 --- [io-12031-exec-7] order.controller.OrderController         : [createNewOrder][Create Order][from shanghai to taiyuan at 1970-01-02 18:17:36]
2026-03-18 11:52:46.451  INFO 1 --- [io-12031-exec-7] order.service.OrderServiceImpl           : [create][Create Order][Ready to Create Order]
2026-03-18 11:52:46.478  INFO 1 --- [io-12031-exec-7] order.service.OrderServiceImpl           : [create][Order Create Success][Order Price][OrderId:0432d853-ae96-43ae-ba53-ad8132f97d5f , Price: 0.0]
2026-03-18 11:52:46.748  INFO 1 --- [io-12031-exec-6] order.controller.OrderController         : [createNewOrder][Create Order][from shanghai to taiyuan at 1970-01-02 18:17:36]
2026-03-18 11:52:46.749  INFO 1 --- [io-12031-exec-6] order.service.OrderServiceImpl           : [create][Create Order][Ready to Create Order]
2026-03-18 11:52:46.776  INFO 1 --- [io-12031-exec-6] order.service.OrderServiceImpl           : [create][Order Create Success][Order Price][OrderId:b9fb483a-ce3e-4537-86d9-4cbde23e57a4 , Price: 0.0]
2026-03-18 11:52:47.048  INFO 1 --- [io-12031-exec-8] order.controller.OrderController         : [createNewOrder][Create Order][from shanghai to taiyuan at 1970-01-02 18:17:36]
2026-03-18 11:52:47.049  INFO 1 --- [io-12031-exec-8] order.service.OrderServiceImpl           : [create][Create Order][Ready to Create Order]
2026-03-18 11:52:47.083  INFO 1 --- [io-12031-exec-8] order.service.OrderServiceImpl           : [create][Order Create Success][Order Price][OrderId:bb41e157-6d01-45c4-bbb5-ce93258b4e74 , Price: 0.0]
2026-03-18 11:52:47.372  INFO 1 --- [o-12031-exec-10] order.controller.OrderController         : [createNewOrder][Create Order][from shanghai to taiyuan at 1970-01-02 18:17:36]
2026-03-18 11:52:47.372  INFO 1 --- [o-12031-exec-10] order.service.OrderServiceImpl           : [create][Create Order][Ready to Create Order]
2026-03-18 11:52:47.398  INFO 1 --- [o-12031-exec-10] order.service.OrderServiceImpl           : [create][Order Create Success][Order Price][OrderId:1ffff46d-4aae-4b31-9ede-aca787b0eb72 , Price: 0.0]
2026-03-18 11:52:47.659  INFO 1 --- [io-12031-exec-9] order.controller.OrderController         : [createNewOrder][Create Order][from shanghai to taiyuan at 1970-01-02 18:17:36]
2026-03-18 11:52:47.659  INFO 1 --- [io-12031-exec-9] order.service.OrderServiceImpl           : [create][Create Order][Ready to Create Order]
2026-03-18 11:52:47.684  INFO 1 --- [io-12031-exec-9] order.service.OrderServiceImpl           : [create][Order Create Success][Order Price][OrderId:93b36f39-bad5-4685-a4bb-72c7d59e1e03 , Price: 0.0]
2026-03-18 11:52:47.952  INFO 1 --- [io-12031-exec-1] order.controller.OrderController         : [createNewOrder][Create Order][from shanghai to taiyuan at 1970-01-02 18:17:36]
2026-03-18 11:52:47.952  INFO 1 --- [io-12031-exec-1] order.service.OrderServiceImpl           : [create][Create Order][Ready to Create Order]
2026-03-18 11:52:47.990  INFO 1 --- [io-12031-exec-1] order.service.OrderServiceImpl           : [create][Order Create Success][Order Price][OrderId:ebd06b91-bef2-421b-b019-8210e4f0310d , Price: 0.0]
2026-03-18 11:52:48.257  INFO 1 --- [io-12031-exec-3] order.controller.OrderController         : [createNewOrder][Create Order][from shanghai to taiyuan at 1970-01-02 18:17:36]
2026-03-18 11:52:48.257  INFO 1 --- [io-12031-exec-3] order.service.OrderServiceImpl           : [create][Create Order][Ready to Create Order]
2026-03-18 11:52:48.284  INFO 1 --- [io-12031-exec-3] order.service.OrderServiceImpl           : [create][Order Create Success][Order Price][OrderId:8b2872f1-329a-4cd8-8f01-dd33561e573d , Price: 0.0]
2026-03-18 11:52:48.549  INFO 1 --- [io-12031-exec-2] order.controller.OrderController         : [createNewOrder][Create Order][from shanghai to taiyuan at 1970-01-02 18:17:36]
2026-03-18 11:52:48.549  INFO 1 --- [io-12031-exec-2] order.service.OrderServiceImpl           : [create][Create Order][Ready to Create Order]
2026-03-18 11:52:48.578  INFO 1 --- [io-12031-exec-2] order.service.OrderServiceImpl           : [create][Order Create Success][Order Price][OrderId:66190061-e69c-4abf-954b-313d7c5dd4a7 , Price: 0.0]
2026-03-18 11:52:48.847  INFO 1 --- [io-12031-exec-5] order.controller.OrderController         : [createNewOrder][Create Order][from shanghai to taiyuan at 1970-01-02 18:17:36]
2026-03-18 11:52:48.847  INFO 1 --- [io-12031-exec-5] order.service.OrderServiceImpl           : [create][Create Order][Ready to Create Order]
2026-03-18 11:52:48.890  INFO 1 --- [io-12031-exec-5] order.service.OrderServiceImpl           : [create][Order Create Success][Order Price][OrderId:60ada1c4-edbe-4fec-99f3-c6a73ee4cbd0 , Price: 0.0]
2026-03-18 11:52:49.154  INFO 1 --- [io-12031-exec-4] order.controller.OrderController         : [createNewOrder][Create Order][from shanghai to taiyuan at 1970-01-02 18:17:36]
2026-03-18 11:52:49.154  INFO 1 --- [io-12031-exec-4] order.service.OrderServiceImpl           : [create][Create Order][Ready to Create Order]
2026-03-18 11:52:49.181  INFO 1 --- [io-12031-exec-4] order.service.OrderServiceImpl           : [create][Order Create Success][Order Price][OrderId:c54ccb52-5b71-4edf-b8dd-4a6ff6e01d09 , Price: 0.0]
2026-03-18 11:52:49.460  INFO 1 --- [io-12031-exec-7] order.controller.OrderController         : [createNewOrder][Create Order][from shanghai to taiyuan at 1970-01-02 18:17:36]
2026-03-18 11:52:49.460  INFO 1 --- [io-12031-exec-7] order.service.OrderServiceImpl           : [create][Create Order][Ready to Create Order]
2026-03-18 11:52:49.487  INFO 1 --- [io-12031-exec-7] order.service.OrderServiceImpl           : [create][Order Create Success][Order Price][OrderId:d370207a-1fca-4a1e-98b5-3b89449e8a52 , Price: 0.0]
2026-03-18 11:52:49.750  INFO 1 --- [io-12031-exec-6] order.controller.OrderController         : [createNewOrder][Create Order][from shanghai to taiyuan at 1970-01-02 18:17:36]
2026-03-18 11:52:49.750  INFO 1 --- [io-12031-exec-6] order.service.OrderServiceImpl           : [create][Create Order][Ready to Create Order]
2026-03-18 11:52:49.786  INFO 1 --- [io-12031-exec-6] order.service.OrderServiceImpl           : [create][Order Create Success][Order Price][OrderId:fd4df455-be38-4acf-80df-8024686cd0f8 , Price: 0.0]
2026-03-18 11:52:50.057  INFO 1 --- [io-12031-exec-8] order.controller.OrderController         : [createNewOrder][Create Order][from shanghai to taiyuan at 1970-01-02 18:17:36]
2026-03-18 11:52:50.057  INFO 1 --- [io-12031-exec-8] order.service.OrderServiceImpl           : [create][Create Order][Ready to Create Order]
2026-03-18 11:52:50.085  INFO 1 --- [io-12031-exec-8] order.service.OrderServiceImpl           : [create][Order Create Success][Order Price][OrderId:de4b2953-4f98-424d-95f0-23e8e4da659b , Price: 0.0]
2026-03-18 11:52:50.531  INFO 1 --- [o-12031-exec-10] order.controller.OrderController         : [createNewOrder][Create Order][from shanghai to taiyuan at 1970-01-02 18:17:36]
2026-03-18 11:52:50.531  INFO 1 --- [o-12031-exec-10] order.service.OrderServiceImpl           : [create][Create Order][Ready to Create Order]
2026-03-18 11:52:50.558  INFO 1 --- [o-12031-exec-10] order.service.OrderServiceImpl           : [create][Order Create Success][Order Price][OrderId:5af4f555-cf18-452d-85a4-eebb13db975d , Price: 0.0]
2026-03-18 11:52:50.832  INFO 1 --- [io-12031-exec-9] order.controller.OrderController         : [createNewOrder][Create Order][from shanghai to taiyuan at 1970-01-02 18:17:36]
2026-03-18 11:52:50.832  INFO 1 --- [io-12031-exec-9] order.service.OrderServiceImpl           : [create][Create Order][Ready to Create Order]
2026-03-18 11:52:50.890  INFO 1 --- [io-12031-exec-9] order.service.OrderServiceImpl           : [create][Order Create Success][Order Price][OrderId:73e793e4-bb3d-40d4-b984-54e098987ac3 , Price: 0.0]
2026-03-18 11:52:51.157  INFO 1 --- [io-12031-exec-1] order.controller.OrderController         : [createNewOrder][Create Order][from shanghai to taiyuan at 1970-01-02 18:17:36]
2026-03-18 11:52:51.157  INFO 1 --- [io-12031-exec-1] order.service.OrderServiceImpl           : [create][Create Order][Ready to Create Order]
2026-03-18 11:52:51.183  INFO 1 --- [io-12031-exec-1] order.service.OrderServiceImpl           : [create][Order Create Success][Order Price][OrderId:f006ca11-e7cf-45b4-b95d-57ea4d99383f , Price: 0.0]
2026-03-18 11:52:51.453  INFO 1 --- [io-12031-exec-2] order.controller.OrderController         : [createNewOrder][Create Order][from shanghai to taiyuan at 1970-01-02 18:17:36]
2026-03-18 11:52:51.453  INFO 1 --- [io-12031-exec-2] order.service.OrderServiceImpl           : [create][Create Order][Ready to Create Order]
2026-03-18 11:52:51.480  INFO 1 --- [io-12031-exec-2] order.service.OrderServiceImpl           : [create][Order Create Success][Order Price][OrderId:aa8774d9-3d29-44b3-b747-41a3a422f776 , Price: 0.0]
2026-03-18 11:52:51.756  INFO 1 --- [io-12031-exec-5] order.controller.OrderController         : [createNewOrder][Create Order][from shanghai to taiyuan at 1970-01-02 18:17:36]
2026-03-18 11:52:51.756  INFO 1 --- [io-12031-exec-5] order.service.OrderServiceImpl           : [create][Create Order][Ready to Create Order]
2026-03-18 11:52:51.995  INFO 1 --- [io-12031-exec-5] order.service.OrderServiceImpl           : [create][Order Create Success][Order Price][OrderId:6813e799-71a6-4347-980c-0b18e7d05487 , Price: 0.0]
2026-03-18 11:52:52.256  INFO 1 --- [io-12031-exec-4] order.controller.OrderController         : [createNewOrder][Create Order][from shanghai to taiyuan at 1970-01-02 18:17:36]
2026-03-18 11:52:52.256  INFO 1 --- [io-12031-exec-4] order.service.OrderServiceImpl           : [create][Create Order][Ready to Create Order]
2026-03-18 11:52:52.284  INFO 1 --- [io-12031-exec-4] order.service.OrderServiceImpl           : [create][Order Create Success][Order Price][OrderId:9d75592d-fd2e-402f-82f1-64f12841ca7a , Price: 0.0]
2026-03-18 11:52:52.553  INFO 1 --- [io-12031-exec-7] order.controller.OrderController         : [createNewOrder][Create Order][from shanghai to taiyuan at 1970-01-02 18:17:36]
2026-03-18 11:52:52.553  INFO 1 --- [io-12031-exec-7] order.service.OrderServiceImpl           : [create][Create Order][Ready to Create Order]
2026-03-18 11:52:52.579  INFO 1 --- [io-12031-exec-7] order.service.OrderServiceImpl           : [create][Order Create Success][Order Price][OrderId:713cf86c-de50-4de9-a06e-2ff6d0f45fa5 , Price: 0.0]
2026-03-18 11:52:52.844  INFO 1 --- [io-12031-exec-6] order.controller.OrderController         : [createNewOrder][Create Order][from shanghai to taiyuan at 1970-01-02 18:17:36]
2026-03-18 11:52:52.844  INFO 1 --- [io-12031-exec-6] order.service.OrderServiceImpl           : [create][Create Order][Ready to Create Order]
2026-03-18 11:52:52.887  INFO 1 --- [io-12031-exec-6] order.service.OrderServiceImpl           : [create][Order Create Success][Order Price][OrderId:29f68e4e-6ea1-43a1-a076-9957bfc5634a , Price: 0.0]
2026-03-18 11:52:53.165  INFO 1 --- [io-12031-exec-8] order.controller.OrderController         : [createNewOrder][Create Order][from shanghai to taiyuan at 1970-01-02 18:17:36]
2026-03-18 11:52:53.165  INFO 1 --- [io-12031-exec-8] order.service.OrderServiceImpl           : [create][Create Order][Ready to Create Order]
2026-03-18 11:52:53.266  INFO 1 --- [io-12031-exec-8] order.service.OrderServiceImpl           : [create][Order Create Success][Order Price][OrderId:f6140dde-ffa4-4197-ad7c-7456fbe356de , Price: 0.0]
2026-03-18 11:52:53.543  INFO 1 --- [o-12031-exec-10] order.controller.OrderController         : [createNewOrder][Create Order][from shanghai to taiyuan at 1970-01-02 18:17:36]
2026-03-18 11:52:53.543  INFO 1 --- [o-12031-exec-10] order.service.OrderServiceImpl           : [create][Create Order][Ready to Create Order]
2026-03-18 11:52:53.569  INFO 1 --- [o-12031-exec-10] order.service.OrderServiceImpl           : [create][Order Create Success][Order Price][OrderId:778b2f13-18e5-4697-b28f-c7c457a19412 , Price: 0.0]
2026-03-18 11:52:53.842  INFO 1 --- [io-12031-exec-9] order.controller.OrderController         : [createNewOrder][Create Order][from shanghai to taiyuan at 1970-01-02 18:17:36]
2026-03-18 11:52:53.843  INFO 1 --- [io-12031-exec-9] order.service.OrderServiceImpl           : [create][Create Order][Ready to Create Order]
2026-03-18 11:52:53.981  INFO 1 --- [io-12031-exec-9] order.service.OrderServiceImpl           : [create][Order Create Success][Order Price][OrderId:60c56c52-c67e-4d27-a19f-e505062cfcf9 , Price: 0.0]
2026-03-18 11:52:54.259  INFO 1 --- [io-12031-exec-1] order.controller.OrderController         : [createNewOrder][Create Order][from shanghai to taiyuan at 1970-01-02 18:17:36]
2026-03-18 11:52:54.259  INFO 1 --- [io-12031-exec-1] order.service.OrderServiceImpl           : [create][Create Order][Ready to Create Order]
2026-03-18 11:52:54.287  INFO 1 --- [io-12031-exec-1] order.service.OrderServiceImpl           : [create][Order Create Success][Order Price][OrderId:42cd57dc-0939-4e4d-bcc6-a46d749575cc , Price: 0.0]
2026-03-18 11:52:54.557  INFO 1 --- [io-12031-exec-3] order.controller.OrderController         : [createNewOrder][Create Order][from shanghai to taiyuan at 1970-01-02 18:17:36]
2026-03-18 11:52:54.558  INFO 1 --- [io-12031-exec-3] order.service.OrderServiceImpl           : [create][Create Order][Ready to Create Order]
2026-03-18 11:52:54.584  INFO 1 --- [io-12031-exec-3] order.service.OrderServiceImpl           : [create][Order Create Success][Order Price][OrderId:1c15568a-5792-45f7-b66d-2d8294e8aa48 , Price: 0.0]
2026-03-18 11:52:54.852  INFO 1 --- [io-12031-exec-2] order.controller.OrderController         : [createNewOrder][Create Order][from shanghai to taiyuan at 1970-01-02 18:17:36]
2026-03-18 11:52:54.852  INFO 1 --- [io-12031-exec-2] order.service.OrderServiceImpl           : [create][Create Order][Ready to Create Order]
2026-03-18 11:52:54.966  INFO 1 --- [io-12031-exec-2] order.service.OrderServiceImpl           : [create][Order Create Success][Order Price][OrderId:00e98c93-8cc5-498c-85cc-8288b5881050 , Price: 0.0]
2026-03-18 11:52:55.231  INFO 1 --- [io-12031-exec-5] order.controller.OrderController         : [createNewOrder][Create Order][from shanghai to taiyuan at 1970-01-02 18:17:36]
2026-03-18 11:52:55.231  INFO 1 --- [io-12031-exec-5] order.service.OrderServiceImpl           : [create][Create Order][Ready to Create Order]
2026-03-18 11:52:55.258  INFO 1 --- [io-12031-exec-5] order.service.OrderServiceImpl           : [create][Order Create Success][Order Price][OrderId:358d868b-cf19-4d68-a9a1-617f2761f212 , Price: 0.0]
2026-03-18 11:52:55.532  INFO 1 --- [io-12031-exec-4] order.controller.OrderController         : [createNewOrder][Create Order][from shanghai to taiyuan at 1970-01-02 18:17:36]
2026-03-18 11:52:55.532  INFO 1 --- [io-12031-exec-4] order.service.OrderServiceImpl           : [create][Create Order][Ready to Create Order]
2026-03-18 11:52:55.557  INFO 1 --- [io-12031-exec-4] order.service.OrderServiceImpl           : [create][Order Create Success][Order Price][OrderId:d40a8215-8efc-4864-89fd-a51ad820a4f7 , Price: 0.0]
2026-03-18 11:52:55.842  INFO 1 --- [io-12031-exec-7] order.controller.OrderController         : [createNewOrder][Create Order][from shanghai to taiyuan at 1970-01-02 18:17:36]
2026-03-18 11:52:55.842  INFO 1 --- [io-12031-exec-7] order.service.OrderServiceImpl           : [create][Create Order][Ready to Create Order]
2026-03-18 11:52:55.894  INFO 1 --- [io-12031-exec-7] order.service.OrderServiceImpl           : [create][Order Create Success][Order Price][OrderId:fbd66ee9-f344-46f4-b348-b1b0215776d2 , Price: 0.0]
2026-03-18 11:52:56.159  INFO 1 --- [io-12031-exec-6] order.controller.OrderController         : [createNewOrder][Create Order][from shanghai to taiyuan at 1970-01-02 18:17:36]
2026-03-18 11:52:56.159  INFO 1 --- [io-12031-exec-6] order.service.OrderServiceImpl           : [create][Create Order][Ready to Create Order]
2026-03-18 11:52:56.185  INFO 1 --- [io-12031-exec-6] order.service.OrderServiceImpl           : [create][Order Create Success][Order Price][OrderId:e7435834-60be-4384-ac68-a20ebf6154cd , Price: 0.0]
2026-03-18 11:52:56.458  INFO 1 --- [io-12031-exec-8] order.controller.OrderController         : [createNewOrder][Create Order][from shanghai to taiyuan at 1970-01-02 18:17:36]
2026-03-18 11:52:56.458  INFO 1 --- [io-12031-exec-8] order.service.OrderServiceImpl           : [create][Create Order][Ready to Create Order]
2026-03-18 11:52:56.485  INFO 1 --- [io-12031-exec-8] order.service.OrderServiceImpl           : [create][Order Create Success][Order Price][OrderId:1098b883-166a-49d4-93ec-0d54e2927444 , Price: 0.0]
2026-03-18 11:52:56.757  INFO 1 --- [o-12031-exec-10] order.controller.OrderController         : [createNewOrder][Create Order][from shanghai to taiyuan at 1970-01-02 18:17:36]
2026-03-18 11:52:56.757  INFO 1 --- [o-12031-exec-10] order.service.OrderServiceImpl           : [create][Create Order][Ready to Create Order]
2026-03-18 11:52:56.881  INFO 1 --- [o-12031-exec-10] order.service.OrderServiceImpl           : [create][Order Create Success][Order Price][OrderId:7cb52734-ef35-48bf-8b86-662b80902e4d , Price: 0.0]
2026-03-18 11:52:57.152  INFO 1 --- [io-12031-exec-9] order.controller.OrderController         : [createNewOrder][Create Order][from shanghai to taiyuan at 1970-01-02 18:17:36]
2026-03-18 11:52:57.152  INFO 1 --- [io-12031-exec-9] order.service.OrderServiceImpl           : [create][Create Order][Ready to Create Order]
2026-03-18 11:52:57.179  INFO 1 --- [io-12031-exec-9] order.service.OrderServiceImpl           : [create][Order Create Success][Order Price][OrderId:1e55ab85-9a75-484a-9da8-3f7e7adf0aa0 , Price: 0.0]
2026-03-18 11:52:57.446  INFO 1 --- [io-12031-exec-1] order.controller.OrderController         : [createNewOrder][Create Order][from shanghai to taiyuan at 1970-01-02 18:17:36]
2026-03-18 11:52:57.446  INFO 1 --- [io-12031-exec-1] order.service.OrderServiceImpl           : [create][Create Order][Ready to Create Order]
2026-03-18 11:52:57.473  INFO 1 --- [io-12031-exec-1] order.service.OrderServiceImpl           : [create][Order Create Success][Order Price][OrderId:e27d01d1-ddfe-40ce-8a6b-ff7cff99df04 , Price: 0.0]
2026-03-18 11:52:57.739  INFO 1 --- [io-12031-exec-3] order.controller.OrderController         : [createNewOrder][Create Order][from shanghai to taiyuan at 1970-01-02 18:17:36]
2026-03-18 11:52:57.739  INFO 1 --- [io-12031-exec-3] order.service.OrderServiceImpl           : [create][Create Order][Ready to Create Order]
2026-03-18 11:52:57.793  INFO 1 --- [io-12031-exec-3] order.service.OrderServiceImpl           : [create][Order Create Success][Order Price][OrderId:0feba4bc-acf5-4b71-8613-d9db2d7f3ed7 , Price: 0.0]
2026-03-18 11:52:58.055  INFO 1 --- [io-12031-exec-2] order.controller.OrderController         : [createNewOrder][Create Order][from shanghai to taiyuan at 1970-01-02 18:17:36]
2026-03-18 11:52:58.055  INFO 1 --- [io-12031-exec-2] order.service.OrderServiceImpl           : [create][Create Order][Ready to Create Order]
2026-03-18 11:52:58.082  INFO 1 --- [io-12031-exec-2] order.service.OrderServiceImpl           : [create][Order Create Success][Order Price][OrderId:9058a1ba-47ed-4a73-a9a4-118fe4c8a097 , Price: 0.0]
2026-03-18 11:52:58.349  INFO 1 --- [io-12031-exec-5] order.controller.OrderController         : [createNewOrder][Create Order][from shanghai to taiyuan at 1970-01-02 18:17:36]
2026-03-18 11:52:58.349  INFO 1 --- [io-12031-exec-5] order.service.OrderServiceImpl           : [create][Create Order][Ready to Create Order]
2026-03-18 11:52:58.374  INFO 1 --- [io-12031-exec-5] order.service.OrderServiceImpl           : [create][Order Create Success][Order Price][OrderId:18b889d8-b737-4282-aa85-90f4a5a761d2 , Price: 0.0]
2026-03-18 11:52:58.657  INFO 1 --- [io-12031-exec-4] order.controller.OrderController         : [createNewOrder][Create Order][from shanghai to taiyuan at 1970-01-02 18:17:36]
2026-03-18 11:52:58.657  INFO 1 --- [io-12031-exec-4] order.service.OrderServiceImpl           : [create][Create Order][Ready to Create Order]
2026-03-18 11:52:58.692  INFO 1 --- [io-12031-exec-4] order.service.OrderServiceImpl           : [create][Order Create Success][Order Price][OrderId:ba11d3fb-a4c0-4de9-a99f-06fe8ed5242f , Price: 0.0]
2026-03-18 11:52:58.956  INFO 1 --- [io-12031-exec-7] order.controller.OrderController         : [createNewOrder][Create Order][from shanghai to taiyuan at 1970-01-02 18:17:36]
2026-03-18 11:52:58.956  INFO 1 --- [io-12031-exec-7] order.service.OrderServiceImpl           : [create][Create Order][Ready to Create Order]
2026-03-18 11:52:58.983  INFO 1 --- [io-12031-exec-7] order.service.OrderServiceImpl           : [create][Order Create Success][Order Price][OrderId:a70c8f2a-51c9-43d8-b373-d5a25b126097 , Price: 0.0]
2026-03-18 11:52:59.258  INFO 1 --- [io-12031-exec-6] order.controller.OrderController         : [createNewOrder][Create Order][from shanghai to taiyuan at 1970-01-02 18:17:36]
2026-03-18 11:52:59.258  INFO 1 --- [io-12031-exec-6] order.service.OrderServiceImpl           : [create][Create Order][Ready to Create Order]
2026-03-18 11:52:59.287  INFO 1 --- [io-12031-exec-6] order.service.OrderServiceImpl           : [create][Order Create Success][Order Price][OrderId:90ed3710-e1b2-4438-b817-26c1e3d493c4 , Price: 0.0]
2026-03-18 11:52:59.560  INFO 1 --- [io-12031-exec-8] order.controller.OrderController         : [createNewOrder][Create Order][from shanghai to taiyuan at 1970-01-02 18:17:36]
2026-03-18 11:52:59.560  INFO 1 --- [io-12031-exec-8] order.service.OrderServiceImpl           : [create][Create Order][Ready to Create Order]
2026-03-18 11:52:59.777  INFO 1 --- [io-12031-exec-8] order.service.OrderServiceImpl           : [create][Order Create Success][Order Price][OrderId:8b68e6e0-f83e-4aa4-a1d8-054e110f93d7 , Price: 0.0]
2026-03-18 11:53:00.062  INFO 1 --- [o-12031-exec-10] order.controller.OrderController         : [createNewOrder][Create Order][from shanghai to taiyuan at 1970-01-02 18:17:36]
2026-03-18 11:53:00.062  INFO 1 --- [o-12031-exec-10] order.service.OrderServiceImpl           : [create][Create Order][Ready to Create Order]
2026-03-18 11:53:00.170  INFO 1 --- [o-12031-exec-10] order.service.OrderServiceImpl           : [create][Order Create Success][Order Price][OrderId:e5ce3792-8f50-462c-ad3f-f67c7273f355 , Price: 0.0]
2026-03-18 11:53:00.440  INFO 1 --- [io-12031-exec-9] order.controller.OrderController         : [createNewOrder][Create Order][from shanghai to taiyuan at 1970-01-02 18:17:36]
2026-03-18 11:53:00.440  INFO 1 --- [io-12031-exec-9] order.service.OrderServiceImpl           : [create][Create Order][Ready to Create Order]
2026-03-18 11:53:00.466  INFO 1 --- [io-12031-exec-9] order.service.OrderServiceImpl           : [create][Order Create Success][Order Price][OrderId:d00ccd46-a87b-4e2b-8af1-c340bdd0df73 , Price: 0.0]
2026-03-18 11:53:00.741  INFO 1 --- [io-12031-exec-1] order.controller.OrderController         : [createNewOrder][Create Order][from shanghai to taiyuan at 1970-01-02 18:17:36]
2026-03-18 11:53:00.741  INFO 1 --- [io-12031-exec-1] order.service.OrderServiceImpl           : [create][Create Order][Ready to Create Order]
2026-03-18 11:53:00.877  INFO 1 --- [io-12031-exec-1] order.service.OrderServiceImpl           : [create][Order Create Success][Order Price][OrderId:07f1dd50-4690-46ef-a544-f748e0683dbc , Price: 0.0]
2026-03-18 11:53:01.144  INFO 1 --- [io-12031-exec-3] order.controller.OrderController         : [createNewOrder][Create Order][from shanghai to taiyuan at 1970-01-02 18:17:36]
2026-03-18 11:53:01.144  INFO 1 --- [io-12031-exec-3] order.service.OrderServiceImpl           : [create][Create Order][Ready to Create Order]
2026-03-18 11:53:01.170  INFO 1 --- [io-12031-exec-3] order.service.OrderServiceImpl           : [create][Order Create Success][Order Price][OrderId:64c5ddfb-b8d5-47f7-863e-cb4f689090be , Price: 0.0]
2026-03-18 11:53:01.443  INFO 1 --- [io-12031-exec-5] order.controller.OrderController         : [createNewOrder][Create Order][from shanghai to taiyuan at 1970-01-02 18:17:36]
2026-03-18 11:53:01.443  INFO 1 --- [io-12031-exec-5] order.service.OrderServiceImpl           : [create][Create Order][Ready to Create Order]
2026-03-18 11:53:01.471  INFO 1 --- [io-12031-exec-5] order.service.OrderServiceImpl           : [create][Order Create Success][Order Price][OrderId:d47aba46-95cc-4f51-88d9-e334dfa81e40 , Price: 0.0]
2026-03-18 11:53:01.741  INFO 1 --- [io-12031-exec-4] order.controller.OrderController         : [createNewOrder][Create Order][from shanghai to taiyuan at 1970-01-02 18:17:36]
2026-03-18 11:53:01.741  INFO 1 --- [io-12031-exec-4] order.service.OrderServiceImpl           : [create][Create Order][Ready to Create Order]
2026-03-18 11:53:01.874  INFO 1 --- [io-12031-exec-4] order.service.OrderServiceImpl           : [create][Order Create Success][Order Price][OrderId:d420f355-427d-4fa9-95c4-e55a5718fa0c , Price: 0.0]
2026-03-18 11:53:02.151  INFO 1 --- [io-12031-exec-7] order.controller.OrderController         : [createNewOrder][Create Order][from shanghai to taiyuan at 1970-01-02 18:17:36]
2026-03-18 11:53:02.151  INFO 1 --- [io-12031-exec-7] order.service.OrderServiceImpl           : [create][Create Order][Ready to Create Order]
2026-03-18 11:53:02.177  INFO 1 --- [io-12031-exec-7] order.service.OrderServiceImpl           : [create][Order Create Success][Order Price][OrderId:40ede780-1e21-47dc-8be1-73f3977db6b3 , Price: 0.0]
2026-03-18 11:53:02.453  INFO 1 --- [io-12031-exec-6] order.controller.OrderController         : [createNewOrder][Create Order][from shanghai to taiyuan at 1970-01-02 18:17:36]
2026-03-18 11:53:02.453  INFO 1 --- [io-12031-exec-6] order.service.OrderServiceImpl           : [create][Create Order][Ready to Create Order]
2026-03-18 11:53:02.480  INFO 1 --- [io-12031-exec-6] order.service.OrderServiceImpl           : [create][Order Create Success][Order Price][OrderId:4962effd-6cd2-42ce-8682-79e514b072b3 , Price: 0.0]
2026-03-18 11:53:02.747  INFO 1 --- [io-12031-exec-8] order.controller.OrderController         : [createNewOrder][Create Order][from shanghai to taiyuan at 1970-01-02 18:17:36]
2026-03-18 11:53:02.747  INFO 1 --- [io-12031-exec-8] order.service.OrderServiceImpl           : [create][Create Order][Ready to Create Order]
2026-03-18 11:53:02.786  INFO 1 --- [io-12031-exec-8] order.service.OrderServiceImpl           : [create][Order Create Success][Order Price][OrderId:1e3e99a0-ac30-42e9-af15-14105a68536f , Price: 0.0]
2026-03-18 11:53:03.055  INFO 1 --- [o-12031-exec-10] order.controller.OrderController         : [createNewOrder][Create Order][from shanghai to taiyuan at 1970-01-02 18:17:36]
2026-03-18 11:53:03.055  INFO 1 --- [o-12031-exec-10] order.service.OrderServiceImpl           : [create][Create Order][Ready to Create Order]
2026-03-18 11:53:03.081  INFO 1 --- [o-12031-exec-10] order.service.OrderServiceImpl           : [create][Order Create Success][Order Price][OrderId:f63cd60f-d55f-41d7-b898-5bf669fa0dcc , Price: 0.0]
2026-03-18 11:53:03.347  INFO 1 --- [io-12031-exec-9] order.controller.OrderController         : [createNewOrder][Create Order][from shanghai to taiyuan at 1970-01-02 18:17:36]
2026-03-18 11:53:03.347  INFO 1 --- [io-12031-exec-9] order.service.OrderServiceImpl           : [create][Create Order][Ready to Create Order]
2026-03-18 11:53:03.372  INFO 1 --- [io-12031-exec-9] order.service.OrderServiceImpl           : [create][Order Create Success][Order Price][OrderId:7d2334d9-582e-4ddb-a91f-e615cd86183a , Price: 0.0]
2026-03-18 11:53:03.643  INFO 1 --- [io-12031-exec-1] order.controller.OrderController         : [createNewOrder][Create Order][from shanghai to taiyuan at 1970-01-02 18:17:36]
2026-03-18 11:53:03.643  INFO 1 --- [io-12031-exec-1] order.service.OrderServiceImpl           : [create][Create Order][Ready to Create Order]
2026-03-18 11:53:03.696  INFO 1 --- [io-12031-exec-1] order.service.OrderServiceImpl           : [create][Order Create Success][Order Price][OrderId:dc5bcb40-0c04-4009-ba58-3c6fe7b236c4 , Price: 0.0]
2026-03-18 11:53:03.955  INFO 1 --- [io-12031-exec-3] order.controller.OrderController         : [createNewOrder][Create Order][from shanghai to taiyuan at 1970-01-02 18:17:36]
2026-03-18 11:53:03.955  INFO 1 --- [io-12031-exec-3] order.service.OrderServiceImpl           : [create][Create Order][Ready to Create Order]
2026-03-18 11:53:03.980  INFO 1 --- [io-12031-exec-3] order.service.OrderServiceImpl           : [create][Order Create Success][Order Price][OrderId:80fe6f88-7df1-4c58-826c-46a7792ade38 , Price: 0.0]
2026-03-18 11:53:04.245  INFO 1 --- [io-12031-exec-2] order.controller.OrderController         : [createNewOrder][Create Order][from shanghai to taiyuan at 1970-01-02 18:17:36]
2026-03-18 11:53:04.245  INFO 1 --- [io-12031-exec-2] order.service.OrderServiceImpl           : [create][Create Order][Ready to Create Order]
2026-03-18 11:53:04.273  INFO 1 --- [io-12031-exec-2] order.service.OrderServiceImpl           : [create][Order Create Success][Order Price][OrderId:d5066301-a227-4b06-a227-e943761a8fa2 , Price: 0.0]
2026-03-18 11:53:04.543  INFO 1 --- [io-12031-exec-5] order.controller.OrderController         : [createNewOrder][Create Order][from shanghai to taiyuan at 1970-01-02 18:17:36]
2026-03-18 11:53:04.543  INFO 1 --- [io-12031-exec-5] order.service.OrderServiceImpl           : [create][Create Order][Ready to Create Order]
2026-03-18 11:53:04.595  INFO 1 --- [io-12031-exec-5] order.service.OrderServiceImpl           : [create][Order Create Success][Order Price][OrderId:74d4e4c9-ae37-4cab-9ec3-3d0c0083cbed , Price: 0.0]
2026-03-18 11:53:04.853  INFO 1 --- [io-12031-exec-4] order.controller.OrderController         : [createNewOrder][Create Order][from shanghai to taiyuan at 1970-01-02 18:17:36]
2026-03-18 11:53:04.853  INFO 1 --- [io-12031-exec-4] order.service.OrderServiceImpl           : [create][Create Order][Ready to Create Order]
2026-03-18 11:53:04.879  INFO 1 --- [io-12031-exec-4] order.service.OrderServiceImpl           : [create][Order Create Success][Order Price][OrderId:409ab2fd-2d39-4777-a5df-abd40b2bbab5 , Price: 0.0]
2026-03-18 11:53:05.149  INFO 1 --- [io-12031-exec-7] order.controller.OrderController         : [createNewOrder][Create Order][from shanghai to taiyuan at 1970-01-02 18:17:36]
2026-03-18 11:53:05.149  INFO 1 --- [io-12031-exec-7] order.service.OrderServiceImpl           : [create][Create Order][Ready to Create Order]
2026-03-18 11:53:05.176  INFO 1 --- [io-12031-exec-7] order.service.OrderServiceImpl           : [create][Order Create Success][Order Price][OrderId:9f1e8612-6b5e-4855-94f4-4d80bd98c8c7 , Price: 0.0]
2026-03-18 11:53:05.456  INFO 1 --- [io-12031-exec-6] order.controller.OrderController         : [createNewOrder][Create Order][from shanghai to taiyuan at 1970-01-02 18:17:36]
2026-03-18 11:53:05.456  INFO 1 --- [io-12031-exec-6] order.service.OrderServiceImpl           : [create][Create Order][Ready to Create Order]
2026-03-18 11:53:05.494  INFO 1 --- [io-12031-exec-6] order.service.OrderServiceImpl           : [create][Order Create Success][Order Price][OrderId:5b9eb0df-b5ee-474b-8308-93cb8447dc8d , Price: 0.0]
2026-03-18 11:53:05.756  INFO 1 --- [io-12031-exec-8] order.controller.OrderController         : [createNewOrder][Create Order][from shanghai to taiyuan at 1970-01-02 18:17:36]
2026-03-18 11:53:05.756  INFO 1 --- [io-12031-exec-8] order.service.OrderServiceImpl           : [create][Create Order][Ready to Create Order]
2026-03-18 11:53:05.781  INFO 1 --- [io-12031-exec-8] order.service.OrderServiceImpl           : [create][Order Create Success][Order Price][OrderId:3c39c18d-e877-4be4-833c-f993f4a8a3e4 , Price: 0.0]
2026-03-18 11:53:06.058  INFO 1 --- [o-12031-exec-10] order.controller.OrderController         : [createNewOrder][Create Order][from shanghai to taiyuan at 1970-01-02 18:17:36]
2026-03-18 11:53:06.058  INFO 1 --- [o-12031-exec-10] order.service.OrderServiceImpl           : [create][Create Order][Ready to Create Order]
2026-03-18 11:53:06.089  INFO 1 --- [o-12031-exec-10] order.service.OrderServiceImpl           : [create][Order Create Success][Order Price][OrderId:1a0a5b2d-ed8b-4ad5-a7cf-5ae9a764e398 , Price: 0.0]
2026-03-18 11:53:06.353  INFO 1 --- [io-12031-exec-9] order.controller.OrderController         : [createNewOrder][Create Order][from shanghai to taiyuan at 1970-01-02 18:17:36]
2026-03-18 11:53:06.353  INFO 1 --- [io-12031-exec-9] order.service.OrderServiceImpl           : [create][Create Order][Ready to Create Order]
2026-03-18 11:53:06.388  INFO 1 --- [io-12031-exec-9] order.service.OrderServiceImpl           : [create][Order Create Success][Order Price][OrderId:3449f25e-5634-4c60-b067-e8d254e2b94a , Price: 0.0]
2026-03-18 11:53:06.654  INFO 1 --- [io-12031-exec-1] order.controller.OrderController         : [createNewOrder][Create Order][from shanghai to taiyuan at 1970-01-02 18:17:36]
2026-03-18 11:53:06.654  INFO 1 --- [io-12031-exec-1] order.service.OrderServiceImpl           : [create][Create Order][Ready to Create Order]
2026-03-18 11:53:06.680  INFO 1 --- [io-12031-exec-1] order.service.OrderServiceImpl           : [create][Order Create Success][Order Price][OrderId:f954df68-a0ab-4453-adce-f60a67c826ad , Price: 0.0]
2026-03-18 11:53:06.952  INFO 1 --- [io-12031-exec-3] order.controller.OrderController         : [createNewOrder][Create Order][from shanghai to taiyuan at 1970-01-02 18:17:36]
2026-03-18 11:53:06.952  INFO 1 --- [io-12031-exec-3] order.service.OrderServiceImpl           : [create][Create Order][Ready to Create Order]
2026-03-18 11:53:06.980  INFO 1 --- [io-12031-exec-3] order.service.OrderServiceImpl           : [create][Order Create Success][Order Price][OrderId:d669d362-a9e1-4e9e-b05a-b197a2b278e3 , Price: 0.0]
2026-03-18 11:53:07.248  INFO 1 --- [io-12031-exec-2] order.controller.OrderController         : [createNewOrder][Create Order][from shanghai to taiyuan at 1970-01-02 18:17:36]
2026-03-18 11:53:07.248  INFO 1 --- [io-12031-exec-2] order.service.OrderServiceImpl           : [create][Create Order][Ready to Create Order]
2026-03-18 11:53:07.287  INFO 1 --- [io-12031-exec-2] order.service.OrderServiceImpl           : [create][Order Create Success][Order Price][OrderId:e6a3c33b-7c19-4b66-a4e1-d0fe7d238084 , Price: 0.0]
2026-03-18 11:53:07.557  INFO 1 --- [io-12031-exec-5] order.controller.OrderController         : [createNewOrder][Create Order][from shanghai to taiyuan at 1970-01-02 18:17:36]
2026-03-18 11:53:07.557  INFO 1 --- [io-12031-exec-5] order.service.OrderServiceImpl           : [create][Create Order][Ready to Create Order]
2026-03-18 11:53:07.584  INFO 1 --- [io-12031-exec-5] order.service.OrderServiceImpl           : [create][Order Create Success][Order Price][OrderId:7009ac88-62bf-4fac-b004-ba686a3e4236 , Price: 0.0]
2026-03-18 11:53:07.848  INFO 1 --- [io-12031-exec-4] order.controller.OrderController         : [createNewOrder][Create Order][from shanghai to taiyuan at 1970-01-02 18:17:36]
2026-03-18 11:53:07.848  INFO 1 --- [io-12031-exec-4] order.service.OrderServiceImpl           : [create][Create Order][Ready to Create Order]
2026-03-18 11:53:07.873  INFO 1 --- [io-12031-exec-4] order.service.OrderServiceImpl           : [create][Order Create Success][Order Price][OrderId:790514dc-211c-4a8b-84d1-508aabb711d5 , Price: 0.0]
2026-03-18 11:53:08.140  INFO 1 --- [io-12031-exec-7] order.controller.OrderController         : [createNewOrder][Create Order][from shanghai to taiyuan at 1970-01-02 18:17:36]
2026-03-18 11:53:08.140  INFO 1 --- [io-12031-exec-7] order.service.OrderServiceImpl           : [create][Create Order][Ready to Create Order]
2026-03-18 11:53:08.184  INFO 1 --- [io-12031-exec-7] order.service.OrderServiceImpl           : [create][Order Create Success][Order Price][OrderId:657969e9-5388-4cde-895e-01ebec8ee790 , Price: 0.0]
2026-03-18 11:53:08.452  INFO 1 --- [io-12031-exec-6] order.controller.OrderController         : [createNewOrder][Create Order][from shanghai to taiyuan at 1970-01-02 18:17:36]
2026-03-18 11:53:08.452  INFO 1 --- [io-12031-exec-6] order.service.OrderServiceImpl           : [create][Create Order][Ready to Create Order]
2026-03-18 11:53:08.478  INFO 1 --- [io-12031-exec-6] order.service.OrderServiceImpl           : [create][Order Create Success][Order Price][OrderId:bca4083d-0dae-458b-84bc-0f379f9bdacc , Price: 0.0]
2026-03-18 11:53:08.750  INFO 1 --- [io-12031-exec-8] order.controller.OrderController         : [createNewOrder][Create Order][from shanghai to taiyuan at 1970-01-02 18:17:36]
2026-03-18 11:53:08.750  INFO 1 --- [io-12031-exec-8] order.service.OrderServiceImpl           : [create][Create Order][Ready to Create Order]
2026-03-18 11:53:08.776  INFO 1 --- [io-12031-exec-8] order.service.OrderServiceImpl           : [create][Order Create Success][Order Price][OrderId:6108606a-9c59-43d0-a472-9275cb404430 , Price: 0.0]
2026-03-18 11:53:09.056  INFO 1 --- [o-12031-exec-10] order.controller.OrderController         : [createNewOrder][Create Order][from shanghai to taiyuan at 1970-01-02 18:17:36]
2026-03-18 11:53:09.056  INFO 1 --- [o-12031-exec-10] order.service.OrderServiceImpl           : [create][Create Order][Ready to Create Order]
2026-03-18 11:53:09.191  INFO 1 --- [o-12031-exec-10] order.service.OrderServiceImpl           : [create][Order Create Success][Order Price][OrderId:6401dc03-ffad-4c5f-a184-c5648f5ca756 , Price: 0.0]
2026-03-18 11:53:09.460  INFO 1 --- [io-12031-exec-9] order.controller.OrderController         : [createNewOrder][Create Order][from shanghai to taiyuan at 1970-01-02 18:17:36]
2026-03-18 11:53:09.460  INFO 1 --- [io-12031-exec-9] order.service.OrderServiceImpl           : [create][Create Order][Ready to Create Order]
2026-03-18 11:53:09.489  INFO 1 --- [io-12031-exec-9] order.service.OrderServiceImpl           : [create][Order Create Success][Order Price][OrderId:93948c8c-2e63-4677-9bfa-f9d89429b464 , Price: 0.0]
2026-03-18 11:53:09.756  INFO 1 --- [io-12031-exec-1] order.controller.OrderController         : [createNewOrder][Create Order][from shanghai to taiyuan at 1970-01-02 18:17:36]
2026-03-18 11:53:09.756  INFO 1 --- [io-12031-exec-1] order.service.OrderServiceImpl           : [create][Create Order][Ready to Create Order]
2026-03-18 11:53:09.787  INFO 1 --- [io-12031-exec-1] order.service.OrderServiceImpl           : [create][Order Create Success][Order Price][OrderId:016fea14-1412-4023-b400-fecc0ce31e2b , Price: 0.0]
2026-03-18 11:53:10.059  INFO 1 --- [io-12031-exec-3] order.controller.OrderController         : [createNewOrder][Create Order][from shanghai to taiyuan at 1970-01-02 18:17:36]
2026-03-18 11:53:10.059  INFO 1 --- [io-12031-exec-3] order.service.OrderServiceImpl           : [create][Create Order][Ready to Create Order]
2026-03-18 11:53:10.184  INFO 1 --- [io-12031-exec-3] order.service.OrderServiceImpl           : [create][Order Create Success][Order Price][OrderId:33f56f3f-9fa9-4837-ad92-5f8368aaa1f9 , Price: 0.0]
2026-03-18 11:53:10.456  INFO 1 --- [io-12031-exec-2] order.controller.OrderController         : [createNewOrder][Create Order][from shanghai to taiyuan at 1970-01-02 18:17:36]
2026-03-18 11:53:10.456  INFO 1 --- [io-12031-exec-2] order.service.OrderServiceImpl           : [create][Create Order][Ready to Create Order]
2026-03-18 11:53:10.569  INFO 1 --- [io-12031-exec-2] order.service.OrderServiceImpl           : [create][Order Create Success][Order Price][OrderId:4ca4b839-9749-4bfd-9693-19881b2b5d6e , Price: 0.0]
2026-03-18 11:53:10.843  INFO 1 --- [io-12031-exec-5] order.controller.OrderController         : [createNewOrder][Create Order][from shanghai to taiyuan at 1970-01-02 18:17:36]
2026-03-18 11:53:10.844  INFO 1 --- [io-12031-exec-5] order.service.OrderServiceImpl           : [create][Create Order][Ready to Create Order]
2026-03-18 11:53:10.870  INFO 1 --- [io-12031-exec-5] order.service.OrderServiceImpl           : [create][Order Create Success][Order Price][OrderId:047043d1-db7b-4a51-96dc-ecbebb46bb28 , Price: 0.0]
2026-03-18 11:53:11.143  INFO 1 --- [io-12031-exec-4] order.controller.OrderController         : [createNewOrder][Create Order][from shanghai to taiyuan at 1970-01-02 18:17:36]
2026-03-18 11:53:11.143  INFO 1 --- [io-12031-exec-4] order.service.OrderServiceImpl           : [create][Create Order][Ready to Create Order]
2026-03-18 11:53:11.291  INFO 1 --- [io-12031-exec-4] order.service.OrderServiceImpl           : [create][Order Create Success][Order Price][OrderId:a35cf807-d078-4e54-8528-3170cae05745 , Price: 0.0]
2026-03-18 11:53:11.558  INFO 1 --- [io-12031-exec-6] order.controller.OrderController         : [createNewOrder][Create Order][from shanghai to taiyuan at 1970-01-02 18:17:36]
2026-03-18 11:53:11.558  INFO 1 --- [io-12031-exec-6] order.service.OrderServiceImpl           : [create][Create Order][Ready to Create Order]
2026-03-18 11:53:11.585  INFO 1 --- [io-12031-exec-6] order.service.OrderServiceImpl           : [create][Order Create Success][Order Price][OrderId:a1c809b2-8ca5-4f1a-8cd2-1008321d6167 , Price: 0.0]
2026-03-18 11:53:11.869  INFO 1 --- [io-12031-exec-8] order.controller.OrderController         : [createNewOrder][Create Order][from shanghai to taiyuan at 1970-01-02 18:17:36]
2026-03-18 11:53:11.869  INFO 1 --- [io-12031-exec-8] order.service.OrderServiceImpl           : [create][Create Order][Ready to Create Order]
2026-03-18 11:53:11.895  INFO 1 --- [io-12031-exec-8] order.service.OrderServiceImpl           : [create][Order Create Success][Order Price][OrderId:204dd969-a0a6-4d6c-bb9f-c4795a2998b6 , Price: 0.0]
2026-03-18 11:53:12.156  INFO 1 --- [o-12031-exec-10] order.controller.OrderController         : [createNewOrder][Create Order][from shanghai to taiyuan at 1970-01-02 18:17:36]
2026-03-18 11:53:12.156  INFO 1 --- [o-12031-exec-10] order.service.OrderServiceImpl           : [create][Create Order][Ready to Create Order]
2026-03-18 11:53:12.388  INFO 1 --- [o-12031-exec-10] order.service.OrderServiceImpl           : [create][Order Create Success][Order Price][OrderId:3cbfe623-4123-460e-97ea-4c36cc18b6f7 , Price: 0.0]
2026-03-18 11:53:12.659  INFO 1 --- [io-12031-exec-9] order.controller.OrderController         : [createNewOrder][Create Order][from shanghai to taiyuan at 1970-01-02 18:17:36]
2026-03-18 11:53:12.659  INFO 1 --- [io-12031-exec-9] order.service.OrderServiceImpl           : [create][Create Order][Ready to Create Order]
2026-03-18 11:53:12.685  INFO 1 --- [io-12031-exec-9] order.service.OrderServiceImpl           : [create][Order Create Success][Order Price][OrderId:8fe99857-54a6-4817-a318-a81d6bbd66a2 , Price: 0.0]
2026-03-18 11:53:12.957  INFO 1 --- [io-12031-exec-1] order.controller.OrderController         : [createNewOrder][Create Order][from shanghai to taiyuan at 1970-01-02 18:17:36]
2026-03-18 11:53:12.957  INFO 1 --- [io-12031-exec-1] order.service.OrderServiceImpl           : [create][Create Order][Ready to Create Order]
2026-03-18 11:53:12.984  INFO 1 --- [io-12031-exec-1] order.service.OrderServiceImpl           : [create][Order Create Success][Order Price][OrderId:f46d8193-08bc-42ec-95ae-69cc4d0cd46f , Price: 0.0]
2026-03-18 11:53:13.259  INFO 1 --- [io-12031-exec-3] order.controller.OrderController         : [createNewOrder][Create Order][from shanghai to taiyuan at 1970-01-02 18:17:36]
2026-03-18 11:53:13.259  INFO 1 --- [io-12031-exec-3] order.service.OrderServiceImpl           : [create][Create Order][Ready to Create Order]
2026-03-18 11:53:13.480  INFO 1 --- [io-12031-exec-3] order.service.OrderServiceImpl           : [create][Order Create Success][Order Price][OrderId:2ce1af0a-f75f-46b9-a4cf-c9bd48d4fe63 , Price: 0.0]
2026-03-18 11:53:13.755  INFO 1 --- [io-12031-exec-2] order.controller.OrderController         : [createNewOrder][Create Order][from shanghai to taiyuan at 1970-01-02 18:17:36]
2026-03-18 11:53:13.755  INFO 1 --- [io-12031-exec-2] order.service.OrderServiceImpl           : [create][Create Order][Ready to Create Order]
2026-03-18 11:53:13.785  INFO 1 --- [io-12031-exec-2] order.service.OrderServiceImpl           : [create][Order Create Success][Order Price][OrderId:3f8c55bf-af4b-494d-bf33-889a24ffd421 , Price: 0.0]
2026-03-18 11:53:14.060  INFO 1 --- [io-12031-exec-5] order.controller.OrderController         : [createNewOrder][Create Order][from shanghai to taiyuan at 1970-01-02 18:17:36]
2026-03-18 11:53:14.060  INFO 1 --- [io-12031-exec-5] order.service.OrderServiceImpl           : [create][Create Order][Ready to Create Order]
2026-03-18 11:53:14.090  INFO 1 --- [io-12031-exec-5] order.service.OrderServiceImpl           : [create][Order Create Success][Order Price][OrderId:b7b3717b-940c-4dc0-9830-75a28bfea501 , Price: 0.0]
2026-03-18 11:53:14.357  INFO 1 --- [io-12031-exec-7] order.controller.OrderController         : [createNewOrder][Create Order][from shanghai to taiyuan at 1970-01-02 18:17:36]
2026-03-18 11:53:14.357  INFO 1 --- [io-12031-exec-7] order.service.OrderServiceImpl           : [create][Create Order][Ready to Create Order]
2026-03-18 11:53:14.396  INFO 1 --- [io-12031-exec-7] order.service.OrderServiceImpl           : [create][Order Create Success][Order Price][OrderId:cbd0764f-9235-4529-941e-3ed40e15ba8b , Price: 0.0]
2026-03-18 11:53:14.748  INFO 1 --- [io-12031-exec-4] order.controller.OrderController         : [createNewOrder][Create Order][from shanghai to taiyuan at 1970-01-02 18:17:36]
2026-03-18 11:53:14.748  INFO 1 --- [io-12031-exec-4] order.service.OrderServiceImpl           : [create][Create Order][Ready to Create Order]
2026-03-18 11:53:14.776  INFO 1 --- [io-12031-exec-4] order.service.OrderServiceImpl           : [create][Order Create Success][Order Price][OrderId:eaa2da77-2ae0-4ca6-a2a8-64a7fd38326e , Price: 0.0]
2026-03-18 11:53:15.055  INFO 1 --- [io-12031-exec-6] order.controller.OrderController         : [createNewOrder][Create Order][from shanghai to taiyuan at 1970-01-02 18:17:36]
2026-03-18 11:53:15.055  INFO 1 --- [io-12031-exec-6] order.service.OrderServiceImpl           : [create][Create Order][Ready to Create Order]
2026-03-18 11:53:15.081  INFO 1 --- [io-12031-exec-6] order.service.OrderServiceImpl           : [create][Order Create Success][Order Price][OrderId:a0947c22-f5e8-420c-a3a4-d6e34b371b51 , Price: 0.0]
2026-03-18 11:53:15.352  INFO 1 --- [io-12031-exec-8] order.controller.OrderController         : [createNewOrder][Create Order][from shanghai to taiyuan at 1970-01-02 18:17:36]
2026-03-18 11:53:15.352  INFO 1 --- [io-12031-exec-8] order.service.OrderServiceImpl           : [create][Create Order][Ready to Create Order]
2026-03-18 11:53:15.387  INFO 1 --- [io-12031-exec-8] order.service.OrderServiceImpl           : [create][Order Create Success][Order Price][OrderId:2342ec4b-de74-4062-a9c0-2faca6db4b6e , Price: 0.0]
2026-03-18 11:53:15.656  INFO 1 --- [o-12031-exec-10] order.controller.OrderController         : [createNewOrder][Create Order][from shanghai to taiyuan at 1970-01-02 18:17:36]
2026-03-18 11:53:15.656  INFO 1 --- [o-12031-exec-10] order.service.OrderServiceImpl           : [create][Create Order][Ready to Create Order]
2026-03-18 11:53:15.685  INFO 1 --- [o-12031-exec-10] order.service.OrderServiceImpl           : [create][Order Create Success][Order Price][OrderId:529162ac-9521-4072-976e-c333c69b9bf1 , Price: 0.0]
2026-03-18 11:53:15.955  INFO 1 --- [io-12031-exec-9] order.controller.OrderController         : [createNewOrder][Create Order][from shanghai to taiyuan at 1970-01-02 18:17:36]
2026-03-18 11:53:15.955  INFO 1 --- [io-12031-exec-9] order.service.OrderServiceImpl           : [create][Create Order][Ready to Create Order]
2026-03-18 11:53:15.984  INFO 1 --- [io-12031-exec-9] order.service.OrderServiceImpl           : [create][Order Create Success][Order Price][OrderId:6dacd20c-edc0-470f-b2ff-53866e2f7fd0 , Price: 0.0]
2026-03-18 11:53:16.257  INFO 1 --- [io-12031-exec-1] order.controller.OrderController         : [createNewOrder][Create Order][from shanghai to taiyuan at 1970-01-02 18:17:36]
2026-03-18 11:53:16.257  INFO 1 --- [io-12031-exec-1] order.service.OrderServiceImpl           : [create][Create Order][Ready to Create Order]
2026-03-18 11:53:16.481  INFO 1 --- [io-12031-exec-1] order.service.OrderServiceImpl           : [create][Order Create Success][Order Price][OrderId:27f06278-33db-4ff2-bb66-8f3a5a8a49df , Price: 0.0]
2026-03-18 11:53:16.758  INFO 1 --- [io-12031-exec-3] order.controller.OrderController         : [createNewOrder][Create Order][from shanghai to taiyuan at 1970-01-02 18:17:36]
2026-03-18 11:53:16.758  INFO 1 --- [io-12031-exec-3] order.service.OrderServiceImpl           : [create][Create Order][Ready to Create Order]
2026-03-18 11:53:16.787  INFO 1 --- [io-12031-exec-3] order.service.OrderServiceImpl           : [create][Order Create Success][Order Price][OrderId:5b0e3537-7685-4bc7-a955-d1721a13aac1 , Price: 0.0]
2026-03-18 11:53:17.052  INFO 1 --- [io-12031-exec-2] order.controller.OrderController         : [createNewOrder][Create Order][from shanghai to taiyuan at 1970-01-02 18:17:36]
2026-03-18 11:53:17.052  INFO 1 --- [io-12031-exec-2] order.service.OrderServiceImpl           : [create][Create Order][Ready to Create Order]
2026-03-18 11:53:17.079  INFO 1 --- [io-12031-exec-2] order.service.OrderServiceImpl           : [create][Order Create Success][Order Price][OrderId:0db907cc-ca93-417f-8b5d-7abb4408044d , Price: 0.0]
2026-03-18 11:53:17.343  INFO 1 --- [io-12031-exec-5] order.controller.OrderController         : [createNewOrder][Create Order][from shanghai to taiyuan at 1970-01-02 18:17:36]
2026-03-18 11:53:17.343  INFO 1 --- [io-12031-exec-5] order.service.OrderServiceImpl           : [create][Create Order][Ready to Create Order]
2026-03-18 11:53:17.476  INFO 1 --- [io-12031-exec-5] order.service.OrderServiceImpl           : [create][Order Create Success][Order Price][OrderId:fc3e982e-4659-4e96-8c38-1fdf6a3b298e , Price: 0.0]
2026-03-18 11:53:17.751  INFO 1 --- [io-12031-exec-7] order.controller.OrderController         : [createNewOrder][Create Order][from shanghai to taiyuan at 1970-01-02 18:17:36]
2026-03-18 11:53:17.751  INFO 1 --- [io-12031-exec-7] order.service.OrderServiceImpl           : [create][Create Order][Ready to Create Order]
2026-03-18 11:53:17.779  INFO 1 --- [io-12031-exec-7] order.service.OrderServiceImpl           : [create][Order Create Success][Order Price][OrderId:9e3a2ef0-3e76-40f8-8486-9300451299bd , Price: 0.0]
2026-03-18 11:53:18.060  INFO 1 --- [io-12031-exec-4] order.controller.OrderController         : [createNewOrder][Create Order][from shanghai to taiyuan at 1970-01-02 18:17:36]
2026-03-18 11:53:18.060  INFO 1 --- [io-12031-exec-4] order.service.OrderServiceImpl           : [create][Create Order][Ready to Create Order]
2026-03-18 11:53:18.088  INFO 1 --- [io-12031-exec-4] order.service.OrderServiceImpl           : [create][Order Create Success][Order Price][OrderId:1cb75230-c364-492a-9f96-95571693a3ca , Price: 0.0]
2026-03-18 11:53:18.357  INFO 1 --- [io-12031-exec-6] order.controller.OrderController         : [createNewOrder][Create Order][from shanghai to taiyuan at 1970-01-02 18:17:36]
2026-03-18 11:53:18.357  INFO 1 --- [io-12031-exec-6] order.service.OrderServiceImpl           : [create][Create Order][Ready to Create Order]
2026-03-18 11:53:18.671  INFO 1 --- [io-12031-exec-6] order.service.OrderServiceImpl           : [create][Order Create Success][Order Price][OrderId:a9fbe0e4-07cb-4660-9089-7a3bca091e3b , Price: 0.0]
2026-03-18 11:53:18.947  INFO 1 --- [io-12031-exec-8] order.controller.OrderController         : [createNewOrder][Create Order][from shanghai to taiyuan at 1970-01-02 18:17:36]
2026-03-18 11:53:18.947  INFO 1 --- [io-12031-exec-8] order.service.OrderServiceImpl           : [create][Create Order][Ready to Create Order]
2026-03-18 11:53:18.975  INFO 1 --- [io-12031-exec-8] order.service.OrderServiceImpl           : [create][Order Create Success][Order Price][OrderId:e85aa514-6f26-44ab-ba50-8b92e6c54137 , Price: 0.0]
2026-03-18 11:53:19.250  INFO 1 --- [o-12031-exec-10] order.controller.OrderController         : [createNewOrder][Create Order][from shanghai to taiyuan at 1970-01-02 18:17:36]
2026-03-18 11:53:19.250  INFO 1 --- [o-12031-exec-10] order.service.OrderServiceImpl           : [create][Create Order][Ready to Create Order]
2026-03-18 11:53:19.278  INFO 1 --- [o-12031-exec-10] order.service.OrderServiceImpl           : [create][Order Create Success][Order Price][OrderId:e6f77284-13a2-4db8-812c-8112b06a7627 , Price: 0.0]
2026-03-18 11:53:19.544  INFO 1 --- [io-12031-exec-9] order.controller.OrderController         : [createNewOrder][Create Order][from shanghai to taiyuan at 1970-01-02 18:17:36]
2026-03-18 11:53:19.544  INFO 1 --- [io-12031-exec-9] order.service.OrderServiceImpl           : [create][Create Order][Ready to Create Order]
2026-03-18 11:53:19.588  INFO 1 --- [io-12031-exec-9] order.service.OrderServiceImpl           : [create][Order Create Success][Order Price][OrderId:12267d73-e30a-4d77-8d1e-7fcd7d33fd96 , Price: 0.0]
2026-03-18 11:53:19.910  INFO 1 --- [io-12031-exec-1] order.controller.OrderController         : [createNewOrder][Create Order][from shanghai to taiyuan at 1970-01-02 18:17:36]
2026-03-18 11:53:19.910  INFO 1 --- [io-12031-exec-1] order.service.OrderServiceImpl           : [create][Create Order][Ready to Create Order]
2026-03-18 11:53:19.937  INFO 1 --- [io-12031-exec-1] order.service.OrderServiceImpl           : [create][Order Create Success][Order Price][OrderId:5de84efc-c01f-454c-89fe-a6dc6a2396ad , Price: 0.0]
2026-03-18 11:53:20.216  INFO 1 --- [io-12031-exec-3] order.controller.OrderController         : [createNewOrder][Create Order][from shanghai to taiyuan at 1970-01-02 18:17:36]
2026-03-18 11:53:20.216  INFO 1 --- [io-12031-exec-3] order.service.OrderServiceImpl           : [create][Create Order][Ready to Create Order]
2026-03-18 11:53:20.244  INFO 1 --- [io-12031-exec-3] order.service.OrderServiceImpl           : [create][Order Create Success][Order Price][OrderId:f41bf26d-2f0b-44cb-bbcb-2cc55c340d60 , Price: 0.0]
2026-03-18 11:53:20.511  INFO 1 --- [io-12031-exec-2] order.controller.OrderController         : [createNewOrder][Create Order][from shanghai to taiyuan at 1970-01-02 18:17:36]
2026-03-18 11:53:20.511  INFO 1 --- [io-12031-exec-2] order.service.OrderServiceImpl           : [create][Create Order][Ready to Create Order]
2026-03-18 11:53:20.677  INFO 1 --- [io-12031-exec-2] order.service.OrderServiceImpl           : [create][Order Create Success][Order Price][OrderId:75f159f2-66a7-4095-88d6-b4d0d5db09de , Price: 0.0]
2026-03-18 11:53:20.947  INFO 1 --- [io-12031-exec-5] order.controller.OrderController         : [createNewOrder][Create Order][from shanghai to taiyuan at 1970-01-02 18:17:36]
2026-03-18 11:53:20.947  INFO 1 --- [io-12031-exec-5] order.service.OrderServiceImpl           : [create][Create Order][Ready to Create Order]
2026-03-18 11:53:20.975  INFO 1 --- [io-12031-exec-5] order.service.OrderServiceImpl           : [create][Order Create Success][Order Price][OrderId:a198efb1-ca84-40fe-82bc-f83149dfe696 , Price: 0.0]
2026-03-18 11:53:21.268  INFO 1 --- [io-12031-exec-4] order.controller.OrderController         : [createNewOrder][Create Order][from shanghai to taiyuan at 1970-01-02 18:17:36]
2026-03-18 11:53:21.268  INFO 1 --- [io-12031-exec-4] order.service.OrderServiceImpl           : [create][Create Order][Ready to Create Order]
2026-03-18 11:53:21.298  INFO 1 --- [io-12031-exec-4] order.service.OrderServiceImpl           : [create][Order Create Success][Order Price][OrderId:15b726f2-d441-4657-a016-f23f1b0af67c , Price: 0.0]
2026-03-18 11:53:21.558  INFO 1 --- [io-12031-exec-6] order.controller.OrderController         : [createNewOrder][Create Order][from shanghai to taiyuan at 1970-01-02 18:17:36]
2026-03-18 11:53:21.558  INFO 1 --- [io-12031-exec-6] order.service.OrderServiceImpl           : [create][Create Order][Ready to Create Order]
2026-03-18 11:53:21.777  INFO 1 --- [io-12031-exec-6] order.service.OrderServiceImpl           : [create][Order Create Success][Order Price][OrderId:63978328-9c30-4aa3-a5ed-bebc9a64365e , Price: 0.0]
2026-03-18 11:53:22.050  INFO 1 --- [io-12031-exec-8] order.controller.OrderController         : [createNewOrder][Create Order][from shanghai to taiyuan at 1970-01-02 18:17:36]
2026-03-18 11:53:22.050  INFO 1 --- [io-12031-exec-8] order.service.OrderServiceImpl           : [create][Create Order][Ready to Create Order]
2026-03-18 11:53:22.077  INFO 1 --- [io-12031-exec-8] order.service.OrderServiceImpl           : [create][Order Create Success][Order Price][OrderId:b953dd4e-5f85-47d9-b435-765c8bd8a1cc , Price: 0.0]
2026-03-18 11:53:22.349  INFO 1 --- [o-12031-exec-10] order.controller.OrderController         : [createNewOrder][Create Order][from shanghai to taiyuan at 1970-01-02 18:17:36]
2026-03-18 11:53:22.349  INFO 1 --- [o-12031-exec-10] order.service.OrderServiceImpl           : [create][Create Order][Ready to Create Order]
2026-03-18 11:53:22.376  INFO 1 --- [o-12031-exec-10] order.service.OrderServiceImpl           : [create][Order Create Success][Order Price][OrderId:0ff7dc0c-a72b-41ca-975e-e1adabcf85d1 , Price: 0.0]
2026-03-18 11:53:22.650  INFO 1 --- [io-12031-exec-9] order.controller.OrderController         : [createNewOrder][Create Order][from shanghai to taiyuan at 1970-01-02 18:17:36]
2026-03-18 11:53:22.650  INFO 1 --- [io-12031-exec-9] order.service.OrderServiceImpl           : [create][Create Order][Ready to Create Order]
2026-03-18 11:53:22.778  INFO 1 --- [io-12031-exec-9] order.service.OrderServiceImpl           : [create][Order Create Success][Order Price][OrderId:f21620f4-e402-4cb6-bb44-9edb19e4d877 , Price: 0.0]
2026-03-18 11:53:23.046  INFO 1 --- [io-12031-exec-1] order.controller.OrderController         : [createNewOrder][Create Order][from shanghai to taiyuan at 1970-01-02 18:17:36]
2026-03-18 11:53:23.046  INFO 1 --- [io-12031-exec-1] order.service.OrderServiceImpl           : [create][Create Order][Ready to Create Order]
2026-03-18 11:53:23.073  INFO 1 --- [io-12031-exec-1] order.service.OrderServiceImpl           : [create][Order Create Success][Order Price][OrderId:2a9197a7-e697-4ae4-a19e-d3162098034d , Price: 0.0]
2026-03-18 11:53:23.339  INFO 1 --- [io-12031-exec-3] order.controller.OrderController         : [createNewOrder][Create Order][from shanghai to taiyuan at 1970-01-02 18:17:36]
2026-03-18 11:53:23.339  INFO 1 --- [io-12031-exec-3] order.service.OrderServiceImpl           : [create][Create Order][Ready to Create Order]
2026-03-18 11:53:23.367  INFO 1 --- [io-12031-exec-3] order.service.OrderServiceImpl           : [create][Order Create Success][Order Price][OrderId:10242be4-be48-4295-9825-cc3c05ae9094 , Price: 0.0]
2026-03-18 11:53:23.642  INFO 1 --- [io-12031-exec-2] order.controller.OrderController         : [createNewOrder][Create Order][from shanghai to taiyuan at 1970-01-02 18:17:36]
2026-03-18 11:53:23.642  INFO 1 --- [io-12031-exec-2] order.service.OrderServiceImpl           : [create][Create Order][Ready to Create Order]
2026-03-18 11:53:23.689  INFO 1 --- [io-12031-exec-2] order.service.OrderServiceImpl           : [create][Order Create Success][Order Price][OrderId:321fa2e7-0f03-4730-b673-c69588135c77 , Price: 0.0]
2026-03-18 11:53:23.958  INFO 1 --- [io-12031-exec-5] order.controller.OrderController         : [createNewOrder][Create Order][from shanghai to taiyuan at 1970-01-02 18:17:36]
2026-03-18 11:53:23.958  INFO 1 --- [io-12031-exec-5] order.service.OrderServiceImpl           : [create][Create Order][Ready to Create Order]
2026-03-18 11:53:23.987  INFO 1 --- [io-12031-exec-5] order.service.OrderServiceImpl           : [create][Order Create Success][Order Price][OrderId:582ac3f2-6826-4bf9-9ca9-c26b885b9d57 , Price: 0.0]
2026-03-18 11:53:24.257  INFO 1 --- [io-12031-exec-7] order.controller.OrderController         : [createNewOrder][Create Order][from shanghai to taiyuan at 1970-01-02 18:17:36]
2026-03-18 11:53:24.257  INFO 1 --- [io-12031-exec-7] order.service.OrderServiceImpl           : [create][Create Order][Ready to Create Order]
2026-03-18 11:53:24.287  INFO 1 --- [io-12031-exec-7] order.service.OrderServiceImpl           : [create][Order Create Success][Order Price][OrderId:0fd3bbce-cdea-4d18-a922-bbd85bf21cc4 , Price: 0.0]
2026-03-18 11:53:24.556  INFO 1 --- [io-12031-exec-4] order.controller.OrderController         : [createNewOrder][Create Order][from shanghai to taiyuan at 1970-01-02 18:17:36]
2026-03-18 11:53:24.556  INFO 1 --- [io-12031-exec-4] order.service.OrderServiceImpl           : [create][Create Order][Ready to Create Order]
2026-03-18 11:53:24.593  INFO 1 --- [io-12031-exec-4] order.service.OrderServiceImpl           : [create][Order Create Success][Order Price][OrderId:aa1243e6-b609-4db9-9c7f-5c95259b4ede , Price: 0.0]
2026-03-18 11:53:24.859  INFO 1 --- [io-12031-exec-6] order.controller.OrderController         : [createNewOrder][Create Order][from shanghai to taiyuan at 1970-01-02 18:17:36]
2026-03-18 11:53:24.859  INFO 1 --- [io-12031-exec-6] order.service.OrderServiceImpl           : [create][Create Order][Ready to Create Order]
2026-03-18 11:53:24.889  INFO 1 --- [io-12031-exec-6] order.service.OrderServiceImpl           : [create][Order Create Success][Order Price][OrderId:40652754-cf41-4f5e-a511-8931cf06f028 , Price: 0.0]
2026-03-18 11:53:25.154  INFO 1 --- [io-12031-exec-8] order.controller.OrderController         : [createNewOrder][Create Order][from shanghai to taiyuan at 1970-01-02 18:17:36]
2026-03-18 11:53:25.154  INFO 1 --- [io-12031-exec-8] order.service.OrderServiceImpl           : [create][Create Order][Ready to Create Order]
2026-03-18 11:53:25.183  INFO 1 --- [io-12031-exec-8] order.service.OrderServiceImpl           : [create][Order Create Success][Order Price][OrderId:b90fce58-e9aa-494f-a08d-e772f1ac17db , Price: 0.0]
2026-03-18 11:53:25.457  INFO 1 --- [o-12031-exec-10] order.controller.OrderController         : [createNewOrder][Create Order][from shanghai to taiyuan at 1970-01-02 18:17:36]
2026-03-18 11:53:25.457  INFO 1 --- [o-12031-exec-10] order.service.OrderServiceImpl           : [create][Create Order][Ready to Create Order]
2026-03-18 11:53:25.495  INFO 1 --- [o-12031-exec-10] order.service.OrderServiceImpl           : [create][Order Create Success][Order Price][OrderId:3574bd15-fc16-4bb9-9687-f57e0d55d895 , Price: 0.0]
2026-03-18 11:53:25.754  INFO 1 --- [io-12031-exec-9] order.controller.OrderController         : [createNewOrder][Create Order][from shanghai to taiyuan at 1970-01-02 18:17:36]
2026-03-18 11:53:25.754  INFO 1 --- [io-12031-exec-9] order.service.OrderServiceImpl           : [create][Create Order][Ready to Create Order]
2026-03-18 11:53:25.780  INFO 1 --- [io-12031-exec-9] order.service.OrderServiceImpl           : [create][Order Create Success][Order Price][OrderId:82989f66-0a76-430a-abe0-7850217112c6 , Price: 0.0]
2026-03-18 11:53:26.061  INFO 1 --- [io-12031-exec-1] order.controller.OrderController         : [createNewOrder][Create Order][from shanghai to taiyuan at 1970-01-02 18:17:36]
2026-03-18 11:53:26.061  INFO 1 --- [io-12031-exec-1] order.service.OrderServiceImpl           : [create][Create Order][Ready to Create Order]
2026-03-18 11:53:26.095  INFO 1 --- [io-12031-exec-1] order.service.OrderServiceImpl           : [create][Order Create Success][Order Price][OrderId:4deee24a-7b46-480d-a1fc-f4709a6bdb54 , Price: 0.0]
2026-03-18 11:53:26.359  INFO 1 --- [io-12031-exec-3] order.controller.OrderController         : [createNewOrder][Create Order][from shanghai to taiyuan at 1970-01-02 18:17:36]
2026-03-18 11:53:26.359  INFO 1 --- [io-12031-exec-3] order.service.OrderServiceImpl           : [create][Create Order][Ready to Create Order]
2026-03-18 11:53:26.399  INFO 1 --- [io-12031-exec-3] order.service.OrderServiceImpl           : [create][Order Create Success][Order Price][OrderId:e14e1af2-e07a-429a-99cc-24508a3ba452 , Price: 0.0]
2026-03-18 11:53:26.660  INFO 1 --- [io-12031-exec-2] order.controller.OrderController         : [createNewOrder][Create Order][from shanghai to taiyuan at 1970-01-02 18:17:36]
2026-03-18 11:53:26.660  INFO 1 --- [io-12031-exec-2] order.service.OrderServiceImpl           : [create][Create Order][Ready to Create Order]
2026-03-18 11:53:26.688  INFO 1 --- [io-12031-exec-2] order.service.OrderServiceImpl           : [create][Order Create Success][Order Price][OrderId:2050eb9b-a8f6-45a0-9db2-e4af3850be5a , Price: 0.0]
2026-03-18 11:53:26.956  INFO 1 --- [io-12031-exec-5] order.controller.OrderController         : [createNewOrder][Create Order][from shanghai to taiyuan at 1970-01-02 18:17:36]
2026-03-18 11:53:26.956  INFO 1 --- [io-12031-exec-5] order.service.OrderServiceImpl           : [create][Create Order][Ready to Create Order]
2026-03-18 11:53:27.082  INFO 1 --- [io-12031-exec-5] order.service.OrderServiceImpl           : [create][Order Create Success][Order Price][OrderId:fe707b2c-9b44-48a3-b048-11246d39ed76 , Price: 0.0]
2026-03-18 11:53:27.353  INFO 1 --- [io-12031-exec-7] order.controller.OrderController         : [createNewOrder][Create Order][from shanghai to taiyuan at 1970-01-02 18:17:36]
2026-03-18 11:53:27.353  INFO 1 --- [io-12031-exec-7] order.service.OrderServiceImpl           : [create][Create Order][Ready to Create Order]
2026-03-18 11:53:27.380  INFO 1 --- [io-12031-exec-7] order.service.OrderServiceImpl           : [create][Order Create Success][Order Price][OrderId:55451a36-4562-4dcc-8f30-7e9b2341ed10 , Price: 0.0]
2026-03-18 11:53:27.657  INFO 1 --- [io-12031-exec-4] order.controller.OrderController         : [createNewOrder][Create Order][from shanghai to taiyuan at 1970-01-02 18:17:36]
2026-03-18 11:53:27.657  INFO 1 --- [io-12031-exec-4] order.service.OrderServiceImpl           : [create][Create Order][Ready to Create Order]
2026-03-18 11:53:27.684  INFO 1 --- [io-12031-exec-4] order.service.OrderServiceImpl           : [create][Order Create Success][Order Price][OrderId:f2dfabbd-a5b4-4683-8488-8cab4528b153 , Price: 0.0]
2026-03-18 11:53:27.955  INFO 1 --- [io-12031-exec-6] order.controller.OrderController         : [createNewOrder][Create Order][from shanghai to taiyuan at 1970-01-02 18:17:36]
2026-03-18 11:53:27.955  INFO 1 --- [io-12031-exec-6] order.service.OrderServiceImpl           : [create][Create Order][Ready to Create Order]
2026-03-18 11:53:28.083  INFO 1 --- [io-12031-exec-6] order.service.OrderServiceImpl           : [create][Order Create Success][Order Price][OrderId:4dbbd141-3699-4d6a-84e8-8ecfde225f24 , Price: 0.0]
2026-03-18 11:53:28.360  INFO 1 --- [io-12031-exec-8] order.controller.OrderController         : [createNewOrder][Create Order][from shanghai to taiyuan at 1970-01-02 18:17:36]
2026-03-18 11:53:28.360  INFO 1 --- [io-12031-exec-8] order.service.OrderServiceImpl           : [create][Create Order][Ready to Create Order]
2026-03-18 11:53:28.388  INFO 1 --- [io-12031-exec-8] order.service.OrderServiceImpl           : [create][Order Create Success][Order Price][OrderId:7122b595-ef27-4b8f-ae15-17b1c656e94f , Price: 0.0]
2026-03-18 11:53:28.657  INFO 1 --- [o-12031-exec-10] order.controller.OrderController         : [createNewOrder][Create Order][from shanghai to taiyuan at 1970-01-02 18:17:36]
2026-03-18 11:53:28.658  INFO 1 --- [o-12031-exec-10] order.service.OrderServiceImpl           : [create][Create Order][Ready to Create Order]
2026-03-18 11:53:28.685  INFO 1 --- [o-12031-exec-10] order.service.OrderServiceImpl           : [create][Order Create Success][Order Price][OrderId:a365489a-4647-47aa-9c05-f32778535162 , Price: 0.0]
2026-03-18 11:53:28.955  INFO 1 --- [io-12031-exec-9] order.controller.OrderController         : [createNewOrder][Create Order][from shanghai to taiyuan at 1970-01-02 18:17:36]
2026-03-18 11:53:28.955  INFO 1 --- [io-12031-exec-9] order.service.OrderServiceImpl           : [create][Create Order][Ready to Create Order]
2026-03-18 11:53:29.185  INFO 1 --- [io-12031-exec-9] order.service.OrderServiceImpl           : [create][Order Create Success][Order Price][OrderId:fb0e38c7-c46a-4b32-9198-850142c0fedf , Price: 0.0]
2026-03-18 11:53:29.458  INFO 1 --- [io-12031-exec-1] order.controller.OrderController         : [createNewOrder][Create Order][from shanghai to taiyuan at 1970-01-02 18:17:36]
2026-03-18 11:53:29.459  INFO 1 --- [io-12031-exec-1] order.service.OrderServiceImpl           : [create][Create Order][Ready to Create Order]
2026-03-18 11:53:29.488  INFO 1 --- [io-12031-exec-1] order.service.OrderServiceImpl           : [create][Order Create Success][Order Price][OrderId:efeec959-9715-447d-9693-52ab50b78f7d , Price: 0.0]
2026-03-18 11:53:29.760  INFO 1 --- [io-12031-exec-3] order.controller.OrderController         : [createNewOrder][Create Order][from shanghai to taiyuan at 1970-01-02 18:17:36]
2026-03-18 11:53:29.760  INFO 1 --- [io-12031-exec-3] order.service.OrderServiceImpl           : [create][Create Order][Ready to Create Order]
2026-03-18 11:53:29.789  INFO 1 --- [io-12031-exec-3] order.service.OrderServiceImpl           : [create][Order Create Success][Order Price][OrderId:651a4528-b1c8-46ef-ade8-5c0ea0bb0215 , Price: 0.0]
2026-03-18 11:53:30.059  INFO 1 --- [io-12031-exec-2] order.controller.OrderController         : [createNewOrder][Create Order][from shanghai to taiyuan at 1970-01-02 18:17:36]
2026-03-18 11:53:30.059  INFO 1 --- [io-12031-exec-2] order.service.OrderServiceImpl           : [create][Create Order][Ready to Create Order]
2026-03-18 11:53:30.270  INFO 1 --- [io-12031-exec-2] order.service.OrderServiceImpl           : [create][Order Create Success][Order Price][OrderId:88f3468b-8634-4764-9fe8-0088e24e6d17 , Price: 0.0]
2026-03-18 11:53:30.551  INFO 1 --- [io-12031-exec-5] order.controller.OrderController         : [createNewOrder][Create Order][from shanghai to taiyuan at 1970-01-02 18:17:36]
2026-03-18 11:53:30.551  INFO 1 --- [io-12031-exec-5] order.service.OrderServiceImpl           : [create][Create Order][Ready to Create Order]
2026-03-18 11:53:30.586  INFO 1 --- [io-12031-exec-5] order.service.OrderServiceImpl           : [create][Order Create Success][Order Price][OrderId:f376242b-9eda-41cf-bc36-8e5b12a00db1 , Price: 0.0]
2026-03-18 11:53:30.852  INFO 1 --- [io-12031-exec-7] order.controller.OrderController         : [createNewOrder][Create Order][from shanghai to taiyuan at 1970-01-02 18:17:36]
2026-03-18 11:53:30.852  INFO 1 --- [io-12031-exec-7] order.service.OrderServiceImpl           : [create][Create Order][Ready to Create Order]
2026-03-18 11:53:30.879  INFO 1 --- [io-12031-exec-7] order.service.OrderServiceImpl           : [create][Order Create Success][Order Price][OrderId:f5e67f5c-c1de-4944-8000-b08e3428215d , Price: 0.0]
2026-03-18 11:53:31.155  INFO 1 --- [io-12031-exec-4] order.controller.OrderController         : [createNewOrder][Create Order][from shanghai to taiyuan at 1970-01-02 18:17:36]
2026-03-18 11:53:31.155  INFO 1 --- [io-12031-exec-4] order.service.OrderServiceImpl           : [create][Create Order][Ready to Create Order]
2026-03-18 11:53:31.193  INFO 1 --- [io-12031-exec-4] order.service.OrderServiceImpl           : [create][Order Create Success][Order Price][OrderId:ed9ea205-0714-4b9d-b5a2-6909a5afdfcd , Price: 0.0]
2026-03-18 11:53:31.453  INFO 1 --- [io-12031-exec-8] order.controller.OrderController         : [createNewOrder][Create Order][from shanghai to taiyuan at 1970-01-02 18:17:36]
2026-03-18 11:53:31.453  INFO 1 --- [io-12031-exec-8] order.service.OrderServiceImpl           : [create][Create Order][Ready to Create Order]
2026-03-18 11:53:31.480  INFO 1 --- [io-12031-exec-8] order.service.OrderServiceImpl           : [create][Order Create Success][Order Price][OrderId:731ab374-5902-4aad-8479-bd5270879ddb , Price: 0.0]
2026-03-18 11:53:31.746  INFO 1 --- [o-12031-exec-10] order.controller.OrderController         : [createNewOrder][Create Order][from shanghai to taiyuan at 1970-01-02 18:17:36]
2026-03-18 11:53:31.746  INFO 1 --- [o-12031-exec-10] order.service.OrderServiceImpl           : [create][Create Order][Ready to Create Order]
2026-03-18 11:53:31.773  INFO 1 --- [o-12031-exec-10] order.service.OrderServiceImpl           : [create][Order Create Success][Order Price][OrderId:8f249bec-55ed-456e-8558-9a8b1140b87a , Price: 0.0]
2026-03-18 11:53:32.036  INFO 1 --- [io-12031-exec-9] order.controller.OrderController         : [createNewOrder][Create Order][from shanghai to taiyuan at 1970-01-02 18:17:36]
2026-03-18 11:53:32.036  INFO 1 --- [io-12031-exec-9] order.service.OrderServiceImpl           : [create][Create Order][Ready to Create Order]
2026-03-18 11:53:32.099  INFO 1 --- [io-12031-exec-9] order.service.OrderServiceImpl           : [create][Order Create Success][Order Price][OrderId:14bbf13f-623a-4d93-8990-4085c68207b2 , Price: 0.0]
2026-03-18 11:53:32.355  INFO 1 --- [io-12031-exec-1] order.controller.OrderController         : [createNewOrder][Create Order][from shanghai to taiyuan at 1970-01-02 18:17:36]
2026-03-18 11:53:32.355  INFO 1 --- [io-12031-exec-1] order.service.OrderServiceImpl           : [create][Create Order][Ready to Create Order]
2026-03-18 11:53:32.382  INFO 1 --- [io-12031-exec-1] order.service.OrderServiceImpl           : [create][Order Create Success][Order Price][OrderId:1e1e3424-93f4-421d-adf4-e35bcdee4a31 , Price: 0.0]
2026-03-18 11:53:32.646  INFO 1 --- [io-12031-exec-3] order.controller.OrderController         : [createNewOrder][Create Order][from shanghai to taiyuan at 1970-01-02 18:17:36]
2026-03-18 11:53:32.646  INFO 1 --- [io-12031-exec-3] order.service.OrderServiceImpl           : [create][Create Order][Ready to Create Order]
2026-03-18 11:53:32.680  INFO 1 --- [io-12031-exec-3] order.service.OrderServiceImpl           : [create][Order Create Success][Order Price][OrderId:db9bc303-3a9c-460a-b56d-e45f1b27a6e8 , Price: 0.0]
2026-03-18 11:53:32.948  INFO 1 --- [io-12031-exec-2] order.controller.OrderController         : [createNewOrder][Create Order][from shanghai to taiyuan at 1970-01-02 18:17:36]
2026-03-18 11:53:32.948  INFO 1 --- [io-12031-exec-2] order.service.OrderServiceImpl           : [create][Create Order][Ready to Create Order]
2026-03-18 11:53:32.975  INFO 1 --- [io-12031-exec-2] order.service.OrderServiceImpl           : [create][Order Create Success][Order Price][OrderId:e0313abb-214e-483a-9be1-966dca27a46e , Price: 0.0]
2026-03-18 11:53:33.257  INFO 1 --- [io-12031-exec-5] order.controller.OrderController         : [createNewOrder][Create Order][from shanghai to taiyuan at 1970-01-02 18:17:36]
2026-03-18 11:53:33.257  INFO 1 --- [io-12031-exec-5] order.service.OrderServiceImpl           : [create][Create Order][Ready to Create Order]
2026-03-18 11:53:33.282  INFO 1 --- [io-12031-exec-5] order.service.OrderServiceImpl           : [create][Order Create Success][Order Price][OrderId:b8b3d75f-898a-4c88-a18b-f6daa782e8e9 , Price: 0.0]
2026-03-18 11:53:33.547  INFO 1 --- [io-12031-exec-7] order.controller.OrderController         : [createNewOrder][Create Order][from shanghai to taiyuan at 1970-01-02 18:17:36]
2026-03-18 11:53:33.547  INFO 1 --- [io-12031-exec-7] order.service.OrderServiceImpl           : [create][Create Order][Ready to Create Order]
2026-03-18 11:53:33.591  INFO 1 --- [io-12031-exec-7] order.service.OrderServiceImpl           : [create][Order Create Success][Order Price][OrderId:c17105d1-0332-44f8-b7f3-f0e39e9eb3f6 , Price: 0.0]
2026-03-18 11:53:33.854  INFO 1 --- [io-12031-exec-4] order.controller.OrderController         : [createNewOrder][Create Order][from shanghai to taiyuan at 1970-01-02 18:17:36]
2026-03-18 11:53:33.854  INFO 1 --- [io-12031-exec-4] order.service.OrderServiceImpl           : [create][Create Order][Ready to Create Order]
2026-03-18 11:53:33.882  INFO 1 --- [io-12031-exec-4] order.service.OrderServiceImpl           : [create][Order Create Success][Order Price][OrderId:3698dcc9-f841-4b79-a9b6-f089a466b889 , Price: 0.0]
2026-03-18 11:53:34.155  INFO 1 --- [io-12031-exec-6] order.controller.OrderController         : [createNewOrder][Create Order][from shanghai to taiyuan at 1970-01-02 18:17:36]
2026-03-18 11:53:34.155  INFO 1 --- [io-12031-exec-6] order.service.OrderServiceImpl           : [create][Create Order][Ready to Create Order]
2026-03-18 11:53:34.184  INFO 1 --- [io-12031-exec-6] order.service.OrderServiceImpl           : [create][Order Create Success][Order Price][OrderId:427a6312-a67a-499d-bffb-2a1dce5786ff , Price: 0.0]
2026-03-18 11:53:34.460  INFO 1 --- [io-12031-exec-8] order.controller.OrderController         : [createNewOrder][Create Order][from shanghai to taiyuan at 1970-01-02 18:17:36]
2026-03-18 11:53:34.460  INFO 1 --- [io-12031-exec-8] order.service.OrderServiceImpl           : [create][Create Order][Ready to Create Order]
2026-03-18 11:53:34.597  INFO 1 --- [io-12031-exec-8] order.service.OrderServiceImpl           : [create][Order Create Success][Order Price][OrderId:2d7db3ba-408e-40a9-ab96-7346ad9f6488 , Price: 0.0]
2026-03-18 11:53:34.865  INFO 1 --- [o-12031-exec-10] order.controller.OrderController         : [createNewOrder][Create Order][from shanghai to taiyuan at 1970-01-02 18:17:36]
2026-03-18 11:53:34.865  INFO 1 --- [o-12031-exec-10] order.service.OrderServiceImpl           : [create][Create Order][Ready to Create Order]
2026-03-18 11:53:34.895  INFO 1 --- [o-12031-exec-10] order.service.OrderServiceImpl           : [create][Order Create Success][Order Price][OrderId:908378bc-8545-46e9-96eb-3e1b7f846929 , Price: 0.0]
2026-03-18 11:53:35.175  INFO 1 --- [io-12031-exec-9] order.controller.OrderController         : [createNewOrder][Create Order][from shanghai to taiyuan at 1970-01-02 18:17:36]
2026-03-18 11:53:35.175  INFO 1 --- [io-12031-exec-9] order.service.OrderServiceImpl           : [create][Create Order][Ready to Create Order]
2026-03-18 11:53:35.205  INFO 1 --- [io-12031-exec-9] order.service.OrderServiceImpl           : [create][Order Create Success][Order Price][OrderId:97e19c17-7b48-458b-aa38-22d24aa3bde0 , Price: 0.0]
2026-03-18 11:53:35.457  INFO 1 --- [io-12031-exec-1] order.controller.OrderController         : [createNewOrder][Create Order][from shanghai to taiyuan at 1970-01-02 18:17:36]
2026-03-18 11:53:35.457  INFO 1 --- [io-12031-exec-1] order.service.OrderServiceImpl           : [create][Create Order][Ready to Create Order]
2026-03-18 11:53:35.497  INFO 1 --- [io-12031-exec-1] order.service.OrderServiceImpl           : [create][Order Create Success][Order Price][OrderId:865c6ae6-df5c-4581-b7d6-2929bfdc03c6 , Price: 0.0]
2026-03-18 11:53:35.755  INFO 1 --- [io-12031-exec-3] order.controller.OrderController         : [createNewOrder][Create Order][from shanghai to taiyuan at 1970-01-02 18:17:36]
2026-03-18 11:53:35.756  INFO 1 --- [io-12031-exec-3] order.service.OrderServiceImpl           : [create][Create Order][Ready to Create Order]
2026-03-18 11:53:35.782  INFO 1 --- [io-12031-exec-3] order.service.OrderServiceImpl           : [create][Order Create Success][Order Price][OrderId:e1de9e06-8143-46b3-8f83-8c060584b32c , Price: 0.0]
2026-03-18 11:53:36.046  INFO 1 --- [io-12031-exec-2] order.controller.OrderController         : [createNewOrder][Create Order][from shanghai to taiyuan at 1970-01-02 18:17:36]
2026-03-18 11:53:36.046  INFO 1 --- [io-12031-exec-2] order.service.OrderServiceImpl           : [create][Create Order][Ready to Create Order]
2026-03-18 11:53:36.077  INFO 1 --- [io-12031-exec-2] order.service.OrderServiceImpl           : [create][Order Create Success][Order Price][OrderId:5a9e60f7-ac12-4eee-a852-2b164f2cb679 , Price: 0.0]
2026-03-18 11:53:36.356  INFO 1 --- [io-12031-exec-5] order.controller.OrderController         : [createNewOrder][Create Order][from shanghai to taiyuan at 1970-01-02 18:17:36]
2026-03-18 11:53:36.356  INFO 1 --- [io-12031-exec-5] order.service.OrderServiceImpl           : [create][Create Order][Ready to Create Order]
2026-03-18 11:53:36.386  INFO 1 --- [io-12031-exec-5] order.service.OrderServiceImpl           : [create][Order Create Success][Order Price][OrderId:ae4662a7-b45e-4106-a279-c3ff9e32a789 , Price: 0.0]
2026-03-18 11:53:36.655  INFO 1 --- [io-12031-exec-7] order.controller.OrderController         : [createNewOrder][Create Order][from shanghai to taiyuan at 1970-01-02 18:17:36]
2026-03-18 11:53:36.656  INFO 1 --- [io-12031-exec-7] order.service.OrderServiceImpl           : [create][Create Order][Ready to Create Order]
2026-03-18 11:53:36.684  INFO 1 --- [io-12031-exec-7] order.service.OrderServiceImpl           : [create][Order Create Success][Order Price][OrderId:bda786ce-1d6c-45c5-99f0-cb3cbcf90b64 , Price: 0.0]
2026-03-18 11:53:36.956  INFO 1 --- [io-12031-exec-4] order.controller.OrderController         : [createNewOrder][Create Order][from shanghai to taiyuan at 1970-01-02 18:17:36]
2026-03-18 11:53:36.956  INFO 1 --- [io-12031-exec-4] order.service.OrderServiceImpl           : [create][Create Order][Ready to Create Order]
2026-03-18 11:53:37.092  INFO 1 --- [io-12031-exec-4] order.service.OrderServiceImpl           : [create][Order Create Success][Order Price][OrderId:7798d131-2f2a-4001-a33f-511f48f94442 , Price: 0.0]
2026-03-18 11:53:37.357  INFO 1 --- [io-12031-exec-6] order.controller.OrderController         : [createNewOrder][Create Order][from shanghai to taiyuan at 1970-01-02 18:17:36]
2026-03-18 11:53:37.357  INFO 1 --- [io-12031-exec-6] order.service.OrderServiceImpl           : [create][Create Order][Ready to Create Order]
2026-03-18 11:53:37.384  INFO 1 --- [io-12031-exec-6] order.service.OrderServiceImpl           : [create][Order Create Success][Order Price][OrderId:0ad5c627-f52a-4d1f-ba48-d5ff509e86e7 , Price: 0.0]
2026-03-18 11:53:37.654  INFO 1 --- [io-12031-exec-8] order.controller.OrderController         : [createNewOrder][Create Order][from shanghai to taiyuan at 1970-01-02 18:17:36]
2026-03-18 11:53:37.654  INFO 1 --- [io-12031-exec-8] order.service.OrderServiceImpl           : [create][Create Order][Ready to Create Order]
2026-03-18 11:53:37.681  INFO 1 --- [io-12031-exec-8] order.service.OrderServiceImpl           : [create][Order Create Success][Order Price][OrderId:d24d96df-0bb5-46c8-9178-45e7abc1d9c7 , Price: 0.0]
2026-03-18 11:53:37.952  INFO 1 --- [o-12031-exec-10] order.controller.OrderController         : [createNewOrder][Create Order][from shanghai to taiyuan at 1970-01-02 18:17:36]
2026-03-18 11:53:37.952  INFO 1 --- [o-12031-exec-10] order.service.OrderServiceImpl           : [create][Create Order][Ready to Create Order]
2026-03-18 11:53:37.988  INFO 1 --- [o-12031-exec-10] order.service.OrderServiceImpl           : [create][Order Create Success][Order Price][OrderId:be5421ad-4799-4af5-9979-c49edc5dbbfb , Price: 0.0]
2026-03-18 11:53:38.250  INFO 1 --- [io-12031-exec-9] order.controller.OrderController         : [createNewOrder][Create Order][from shanghai to taiyuan at 1970-01-02 18:17:36]
2026-03-18 11:53:38.250  INFO 1 --- [io-12031-exec-9] order.service.OrderServiceImpl           : [create][Create Order][Ready to Create Order]
2026-03-18 11:53:38.277  INFO 1 --- [io-12031-exec-9] order.service.OrderServiceImpl           : [create][Order Create Success][Order Price][OrderId:40912e91-a470-49c3-b126-7684057fe378 , Price: 0.0]
2026-03-18 11:53:38.548  INFO 1 --- [io-12031-exec-1] order.controller.OrderController         : [createNewOrder][Create Order][from shanghai to taiyuan at 1970-01-02 18:17:36]
2026-03-18 11:53:38.548  INFO 1 --- [io-12031-exec-1] order.service.OrderServiceImpl           : [create][Create Order][Ready to Create Order]
2026-03-18 11:53:38.575  INFO 1 --- [io-12031-exec-1] order.service.OrderServiceImpl           : [create][Order Create Success][Order Price][OrderId:8c3d6860-6a65-4f55-b4b4-8e18033711fe , Price: 0.0]
2026-03-18 11:53:38.847  INFO 1 --- [io-12031-exec-3] order.controller.OrderController         : [createNewOrder][Create Order][from shanghai to taiyuan at 1970-01-02 18:17:36]
2026-03-18 11:53:38.847  INFO 1 --- [io-12031-exec-3] order.service.OrderServiceImpl           : [create][Create Order][Ready to Create Order]
2026-03-18 11:53:38.984  INFO 1 --- [io-12031-exec-3] order.service.OrderServiceImpl           : [create][Order Create Success][Order Price][OrderId:3773561b-8776-49d0-9977-c45b4febc53d , Price: 0.0]
2026-03-18 11:53:39.256  INFO 1 --- [io-12031-exec-2] order.controller.OrderController         : [createNewOrder][Create Order][from shanghai to taiyuan at 1970-01-02 18:17:36]
2026-03-18 11:53:39.256  INFO 1 --- [io-12031-exec-2] order.service.OrderServiceImpl           : [create][Create Order][Ready to Create Order]
2026-03-18 11:53:39.284  INFO 1 --- [io-12031-exec-2] order.service.OrderServiceImpl           : [create][Order Create Success][Order Price][OrderId:40b9c87b-5626-4848-b6b4-4232a2e7b32e , Price: 0.0]
2026-03-18 11:53:39.552  INFO 1 --- [io-12031-exec-5] order.controller.OrderController         : [createNewOrder][Create Order][from shanghai to taiyuan at 1970-01-02 18:17:36]
2026-03-18 11:53:39.552  INFO 1 --- [io-12031-exec-5] order.service.OrderServiceImpl           : [create][Create Order][Ready to Create Order]
2026-03-18 11:53:39.679  INFO 1 --- [io-12031-exec-5] order.service.OrderServiceImpl           : [create][Order Create Success][Order Price][OrderId:e2847840-b8e2-421a-8ea2-de2cefc5d3d9 , Price: 0.0]
2026-03-18 11:53:39.954  INFO 1 --- [io-12031-exec-7] order.controller.OrderController         : [createNewOrder][Create Order][from shanghai to taiyuan at 1970-01-02 18:17:36]
2026-03-18 11:53:39.954  INFO 1 --- [io-12031-exec-7] order.service.OrderServiceImpl           : [create][Create Order][Ready to Create Order]
2026-03-18 11:53:39.984  INFO 1 --- [io-12031-exec-7] order.service.OrderServiceImpl           : [create][Order Create Success][Order Price][OrderId:2b602d82-058a-4467-8f3e-26ba19c95ce7 , Price: 0.0]
2026-03-18 11:53:40.252  INFO 1 --- [io-12031-exec-4] order.controller.OrderController         : [createNewOrder][Create Order][from shanghai to taiyuan at 1970-01-02 18:17:36]
2026-03-18 11:53:40.253  INFO 1 --- [io-12031-exec-4] order.service.OrderServiceImpl           : [create][Create Order][Ready to Create Order]
2026-03-18 11:53:40.296  INFO 1 --- [io-12031-exec-4] order.service.OrderServiceImpl           : [create][Order Create Success][Order Price][OrderId:2d311727-7165-4cbb-a4c4-f138f29e3093 , Price: 0.0]
2026-03-18 11:53:40.554  INFO 1 --- [io-12031-exec-6] order.controller.OrderController         : [createNewOrder][Create Order][from shanghai to taiyuan at 1970-01-02 18:17:36]
2026-03-18 11:53:40.554  INFO 1 --- [io-12031-exec-6] order.service.OrderServiceImpl           : [create][Create Order][Ready to Create Order]
2026-03-18 11:53:40.692  INFO 1 --- [io-12031-exec-6] order.service.OrderServiceImpl           : [create][Order Create Success][Order Price][OrderId:98e3af20-2e01-40f9-9ee7-abc3e752a58a , Price: 0.0]
2026-03-18 11:53:40.958  INFO 1 --- [io-12031-exec-8] order.controller.OrderController         : [createNewOrder][Create Order][from shanghai to taiyuan at 1970-01-02 18:17:36]
2026-03-18 11:53:40.958  INFO 1 --- [io-12031-exec-8] order.service.OrderServiceImpl           : [create][Create Order][Ready to Create Order]
2026-03-18 11:53:40.987  INFO 1 --- [io-12031-exec-8] order.service.OrderServiceImpl           : [create][Order Create Success][Order Price][OrderId:4359d74a-a539-4805-9237-ed38997139d5 , Price: 0.0]
2026-03-18 11:53:41.257  INFO 1 --- [io-12031-exec-9] order.controller.OrderController         : [createNewOrder][Create Order][from shanghai to taiyuan at 1970-01-02 18:17:36]
2026-03-18 11:53:41.257  INFO 1 --- [io-12031-exec-9] order.service.OrderServiceImpl           : [create][Create Order][Ready to Create Order]
2026-03-18 11:53:41.284  INFO 1 --- [io-12031-exec-9] order.service.OrderServiceImpl           : [create][Order Create Success][Order Price][OrderId:d5faa0c5-e0bd-4aa1-86e4-393b1c4fead3 , Price: 0.0]
2026-03-18 11:53:41.551  INFO 1 --- [io-12031-exec-1] order.controller.OrderController         : [createNewOrder][Create Order][from shanghai to taiyuan at 1970-01-02 18:17:36]
2026-03-18 11:53:41.551  INFO 1 --- [io-12031-exec-1] order.service.OrderServiceImpl           : [create][Create Order][Ready to Create Order]
2026-03-18 11:53:41.596  INFO 1 --- [io-12031-exec-1] order.service.OrderServiceImpl           : [create][Order Create Success][Order Price][OrderId:9d1398a3-19e8-49fc-9a2f-2dbb2fa6f4a8 , Price: 0.0]
2026-03-18 11:53:41.853  INFO 1 --- [io-12031-exec-3] order.controller.OrderController         : [createNewOrder][Create Order][from shanghai to taiyuan at 1970-01-02 18:17:36]
2026-03-18 11:53:41.853  INFO 1 --- [io-12031-exec-3] order.service.OrderServiceImpl           : [create][Create Order][Ready to Create Order]
2026-03-18 11:53:41.878  INFO 1 --- [io-12031-exec-3] order.service.OrderServiceImpl           : [create][Order Create Success][Order Price][OrderId:d29e25cd-959a-4acb-973d-32871ef48549 , Price: 0.0]
2026-03-18 11:53:42.155  INFO 1 --- [io-12031-exec-2] order.controller.OrderController         : [createNewOrder][Create Order][from shanghai to taiyuan at 1970-01-02 18:17:36]
2026-03-18 11:53:42.155  INFO 1 --- [io-12031-exec-2] order.service.OrderServiceImpl           : [create][Create Order][Ready to Create Order]
2026-03-18 11:53:42.182  INFO 1 --- [io-12031-exec-2] order.service.OrderServiceImpl           : [create][Order Create Success][Order Price][OrderId:05c9ee2b-7b12-46a0-8960-57644b21c89f , Price: 0.0]
2026-03-18 11:53:42.453  INFO 1 --- [io-12031-exec-5] order.controller.OrderController         : [createNewOrder][Create Order][from shanghai to taiyuan at 1970-01-02 18:17:36]
2026-03-18 11:53:42.453  INFO 1 --- [io-12031-exec-5] order.service.OrderServiceImpl           : [create][Create Order][Ready to Create Order]
2026-03-18 11:53:42.578  INFO 1 --- [io-12031-exec-5] order.service.OrderServiceImpl           : [create][Order Create Success][Order Price][OrderId:2f135bf4-ce2c-423e-948f-e6036c2fb299 , Price: 0.0]
2026-03-18 11:53:42.855  INFO 1 --- [io-12031-exec-7] order.controller.OrderController         : [createNewOrder][Create Order][from shanghai to taiyuan at 1970-01-02 18:17:36]
2026-03-18 11:53:42.855  INFO 1 --- [io-12031-exec-7] order.service.OrderServiceImpl           : [create][Create Order][Ready to Create Order]
2026-03-18 11:53:42.882  INFO 1 --- [io-12031-exec-7] order.service.OrderServiceImpl           : [create][Order Create Success][Order Price][OrderId:ff405d95-ced6-450d-a2c1-01e73f1288f8 , Price: 0.0]
2026-03-18 11:53:43.153  INFO 1 --- [io-12031-exec-4] order.controller.OrderController         : [createNewOrder][Create Order][from shanghai to taiyuan at 1970-01-02 18:17:36]
2026-03-18 11:53:43.153  INFO 1 --- [io-12031-exec-4] order.service.OrderServiceImpl           : [create][Create Order][Ready to Create Order]
2026-03-18 11:53:43.193  INFO 1 --- [io-12031-exec-4] order.service.OrderServiceImpl           : [create][Order Create Success][Order Price][OrderId:068ab709-b23c-41aa-9b21-ab158bbadd82 , Price: 0.0]
2026-03-18 11:53:43.456  INFO 1 --- [io-12031-exec-6] order.controller.OrderController         : [createNewOrder][Create Order][from shanghai to taiyuan at 1970-01-02 18:17:36]
2026-03-18 11:53:43.456  INFO 1 --- [io-12031-exec-6] order.service.OrderServiceImpl           : [create][Create Order][Ready to Create Order]
2026-03-18 11:53:43.483  INFO 1 --- [io-12031-exec-6] order.service.OrderServiceImpl           : [create][Order Create Success][Order Price][OrderId:5187ca27-fb47-4d69-9c2b-45d9613fa6db , Price: 0.0]
2026-03-18 11:53:43.773  INFO 1 --- [io-12031-exec-8] order.controller.OrderController         : [createNewOrder][Create Order][from shanghai to taiyuan at 1970-01-02 18:17:36]
2026-03-18 11:53:43.773  INFO 1 --- [io-12031-exec-8] order.service.OrderServiceImpl           : [create][Create Order][Ready to Create Order]
2026-03-18 11:53:43.799  INFO 1 --- [io-12031-exec-8] order.service.OrderServiceImpl           : [create][Order Create Success][Order Price][OrderId:29ad57de-2084-4686-9abf-ca0bdb7f226c , Price: 0.0]
2026-03-18 11:53:44.051  INFO 1 --- [o-12031-exec-10] order.controller.OrderController         : [createNewOrder][Create Order][from shanghai to taiyuan at 1970-01-02 18:17:36]
2026-03-18 11:53:44.051  INFO 1 --- [o-12031-exec-10] order.service.OrderServiceImpl           : [create][Create Order][Ready to Create Order]
2026-03-18 11:53:44.096  INFO 1 --- [o-12031-exec-10] order.service.OrderServiceImpl           : [create][Order Create Success][Order Price][OrderId:440dd5fc-f1ec-43f0-aa60-0e74d7360ed4 , Price: 0.0]
2026-03-18 11:53:44.355  INFO 1 --- [io-12031-exec-9] order.controller.OrderController         : [createNewOrder][Create Order][from shanghai to taiyuan at 1970-01-02 18:17:36]
2026-03-18 11:53:44.355  INFO 1 --- [io-12031-exec-9] order.service.OrderServiceImpl           : [create][Create Order][Ready to Create Order]
2026-03-18 11:53:44.383  INFO 1 --- [io-12031-exec-9] order.service.OrderServiceImpl           : [create][Order Create Success][Order Price][OrderId:9c7f15c8-c163-4767-b48d-dcf48196f1d6 , Price: 0.0]
2026-03-18 11:53:44.656  INFO 1 --- [io-12031-exec-1] order.controller.OrderController         : [createNewOrder][Create Order][from shanghai to taiyuan at 1970-01-02 18:17:36]
2026-03-18 11:53:44.656  INFO 1 --- [io-12031-exec-1] order.service.OrderServiceImpl           : [create][Create Order][Ready to Create Order]
2026-03-18 11:53:44.686  INFO 1 --- [io-12031-exec-1] order.service.OrderServiceImpl           : [create][Order Create Success][Order Price][OrderId:6394f495-17ec-4d51-a833-795b06fa9842 , Price: 0.0]
2026-03-18 11:53:44.957  INFO 1 --- [io-12031-exec-3] order.controller.OrderController         : [createNewOrder][Create Order][from shanghai to taiyuan at 1970-01-02 18:17:36]
2026-03-18 11:53:44.957  INFO 1 --- [io-12031-exec-3] order.service.OrderServiceImpl           : [create][Create Order][Ready to Create Order]
2026-03-18 11:53:45.084  INFO 1 --- [io-12031-exec-3] order.service.OrderServiceImpl           : [create][Order Create Success][Order Price][OrderId:c714e798-17dc-4efa-99c5-5bdd0b3bbb73 , Price: 0.0]
2026-03-18 11:53:45.354  INFO 1 --- [io-12031-exec-2] order.controller.OrderController         : [createNewOrder][Create Order][from shanghai to taiyuan at 1970-01-02 18:17:36]
2026-03-18 11:53:45.354  INFO 1 --- [io-12031-exec-2] order.service.OrderServiceImpl           : [create][Create Order][Ready to Create Order]
2026-03-18 11:53:45.382  INFO 1 --- [io-12031-exec-2] order.service.OrderServiceImpl           : [create][Order Create Success][Order Price][OrderId:7916040e-3aed-4954-a9ae-8a4656bed8d9 , Price: 0.0]
2026-03-18 11:53:45.661  INFO 1 --- [io-12031-exec-5] order.controller.OrderController         : [createNewOrder][Create Order][from shanghai to taiyuan at 1970-01-02 18:17:36]
2026-03-18 11:53:45.661  INFO 1 --- [io-12031-exec-5] order.service.OrderServiceImpl           : [create][Create Order][Ready to Create Order]
2026-03-18 11:53:45.784  INFO 1 --- [io-12031-exec-5] order.service.OrderServiceImpl           : [create][Order Create Success][Order Price][OrderId:cd791bfb-dc91-43c1-9176-78f3ac3b4711 , Price: 0.0]
2026-03-18 11:53:46.057  INFO 1 --- [io-12031-exec-7] order.controller.OrderController         : [createNewOrder][Create Order][from shanghai to taiyuan at 1970-01-02 18:17:36]
2026-03-18 11:53:46.057  INFO 1 --- [io-12031-exec-7] order.service.OrderServiceImpl           : [create][Create Order][Ready to Create Order]
2026-03-18 11:53:46.086  INFO 1 --- [io-12031-exec-7] order.service.OrderServiceImpl           : [create][Order Create Success][Order Price][OrderId:ebc3ef94-143f-48e7-9908-97134186c954 , Price: 0.0]
2026-03-18 11:53:46.360  INFO 1 --- [io-12031-exec-4] order.controller.OrderController         : [createNewOrder][Create Order][from shanghai to taiyuan at 1970-01-02 18:17:36]
2026-03-18 11:53:46.360  INFO 1 --- [io-12031-exec-4] order.service.OrderServiceImpl           : [create][Create Order][Ready to Create Order]
2026-03-18 11:53:46.388  INFO 1 --- [io-12031-exec-4] order.service.OrderServiceImpl           : [create][Order Create Success][Order Price][OrderId:143f54a6-5af6-4669-904c-dcce8a01d2b8 , Price: 0.0]
2026-03-18 11:53:46.655  INFO 1 --- [io-12031-exec-6] order.controller.OrderController         : [createNewOrder][Create Order][from shanghai to taiyuan at 1970-01-02 18:17:36]
2026-03-18 11:53:46.655  INFO 1 --- [io-12031-exec-6] order.service.OrderServiceImpl           : [create][Create Order][Ready to Create Order]
2026-03-18 11:53:46.690  INFO 1 --- [io-12031-exec-6] order.service.OrderServiceImpl           : [create][Order Create Success][Order Price][OrderId:d16b4995-f784-4695-ba1b-7d3365614a91 , Price: 0.0]
2026-03-18 11:53:46.954  INFO 1 --- [io-12031-exec-8] order.controller.OrderController         : [createNewOrder][Create Order][from shanghai to taiyuan at 1970-01-02 18:17:36]
2026-03-18 11:53:46.954  INFO 1 --- [io-12031-exec-8] order.service.OrderServiceImpl           : [create][Create Order][Ready to Create Order]
2026-03-18 11:53:46.979  INFO 1 --- [io-12031-exec-8] order.service.OrderServiceImpl           : [create][Order Create Success][Order Price][OrderId:71a085ec-21c8-4264-999e-96866b99d5a6 , Price: 0.0]
2026-03-18 11:53:47.248  INFO 1 --- [o-12031-exec-10] order.controller.OrderController         : [createNewOrder][Create Order][from shanghai to taiyuan at 1970-01-02 18:17:36]
2026-03-18 11:53:47.248  INFO 1 --- [o-12031-exec-10] order.service.OrderServiceImpl           : [create][Create Order][Ready to Create Order]
2026-03-18 11:53:47.278  INFO 1 --- [o-12031-exec-10] order.service.OrderServiceImpl           : [create][Order Create Success][Order Price][OrderId:e0b13d67-f1e5-4d3d-8dc6-d0da734e7b07 , Price: 0.0]
2026-03-18 11:53:47.553  INFO 1 --- [io-12031-exec-9] order.controller.OrderController         : [createNewOrder][Create Order][from shanghai to taiyuan at 1970-01-02 18:17:36]
2026-03-18 11:53:47.553  INFO 1 --- [io-12031-exec-9] order.service.OrderServiceImpl           : [create][Create Order][Ready to Create Order]
2026-03-18 11:53:47.593  INFO 1 --- [io-12031-exec-9] order.service.OrderServiceImpl           : [create][Order Create Success][Order Price][OrderId:6e21091a-d75c-4bce-977b-d54b35d46ebd , Price: 0.0]
2026-03-18 11:53:47.856  INFO 1 --- [io-12031-exec-1] order.controller.OrderController         : [createNewOrder][Create Order][from shanghai to taiyuan at 1970-01-02 18:17:36]
2026-03-18 11:53:47.856  INFO 1 --- [io-12031-exec-1] order.service.OrderServiceImpl           : [create][Create Order][Ready to Create Order]
2026-03-18 11:53:47.883  INFO 1 --- [io-12031-exec-1] order.service.OrderServiceImpl           : [create][Order Create Success][Order Price][OrderId:11e4939c-b662-4a4b-af60-6cbc35892085 , Price: 0.0]
2026-03-18 11:53:48.159  INFO 1 --- [io-12031-exec-3] order.controller.OrderController         : [createNewOrder][Create Order][from shanghai to taiyuan at 1970-01-02 18:17:36]
2026-03-18 11:53:48.159  INFO 1 --- [io-12031-exec-3] order.service.OrderServiceImpl           : [create][Create Order][Ready to Create Order]
2026-03-18 11:53:48.283  INFO 1 --- [io-12031-exec-3] order.service.OrderServiceImpl           : [create][Order Create Success][Order Price][OrderId:2c1dbe7c-615b-43bf-9709-12484a423109 , Price: 0.0]
2026-03-18 11:53:48.553  INFO 1 --- [io-12031-exec-2] order.controller.OrderController         : [createNewOrder][Create Order][from shanghai to taiyuan at 1970-01-02 18:17:36]
2026-03-18 11:53:48.553  INFO 1 --- [io-12031-exec-2] order.service.OrderServiceImpl           : [create][Create Order][Ready to Create Order]
2026-03-18 11:53:48.579  INFO 1 --- [io-12031-exec-2] order.service.OrderServiceImpl           : [create][Order Create Success][Order Price][OrderId:d5d27576-509e-4532-b68c-00a51d2bcb7b , Price: 0.0]
2026-03-18 11:53:48.847  INFO 1 --- [io-12031-exec-5] order.controller.OrderController         : [createNewOrder][Create Order][from shanghai to taiyuan at 1970-01-02 18:17:36]
2026-03-18 11:53:48.847  INFO 1 --- [io-12031-exec-5] order.service.OrderServiceImpl           : [create][Create Order][Ready to Create Order]
2026-03-18 11:53:48.874  INFO 1 --- [io-12031-exec-5] order.service.OrderServiceImpl           : [create][Order Create Success][Order Price][OrderId:6650d8a4-591f-4a27-a54c-75b934f54a8b , Price: 0.0]
2026-03-18 11:53:49.145  INFO 1 --- [io-12031-exec-7] order.controller.OrderController         : [createNewOrder][Create Order][from shanghai to taiyuan at 1970-01-02 18:17:36]
2026-03-18 11:53:49.145  INFO 1 --- [io-12031-exec-7] order.service.OrderServiceImpl           : [create][Create Order][Ready to Create Order]
2026-03-18 11:53:49.281  INFO 1 --- [io-12031-exec-7] order.service.OrderServiceImpl           : [create][Order Create Success][Order Price][OrderId:3dbb2019-0bb8-4e0a-92e2-fadda381e5e0 , Price: 0.0]
2026-03-18 11:53:49.548  INFO 1 --- [io-12031-exec-4] order.controller.OrderController         : [createNewOrder][Create Order][from shanghai to taiyuan at 1970-01-02 18:17:36]
2026-03-18 11:53:49.548  INFO 1 --- [io-12031-exec-4] order.service.OrderServiceImpl           : [create][Create Order][Ready to Create Order]
2026-03-18 11:53:49.575  INFO 1 --- [io-12031-exec-4] order.service.OrderServiceImpl           : [create][Order Create Success][Order Price][OrderId:39a252f6-155f-4060-b22a-20304fdcd369 , Price: 0.0]
2026-03-18 11:53:49.858  INFO 1 --- [io-12031-exec-6] order.controller.OrderController         : [createNewOrder][Create Order][from shanghai to taiyuan at 1970-01-02 18:17:36]
2026-03-18 11:53:49.858  INFO 1 --- [io-12031-exec-6] order.service.OrderServiceImpl           : [create][Create Order][Ready to Create Order]
2026-03-18 11:53:49.889  INFO 1 --- [io-12031-exec-6] order.service.OrderServiceImpl           : [create][Order Create Success][Order Price][OrderId:a50eaa83-20d0-400d-8ab4-9dc1fe2890aa , Price: 0.0]
2026-03-18 11:53:50.161  INFO 1 --- [io-12031-exec-8] order.controller.OrderController         : [createNewOrder][Create Order][from shanghai to taiyuan at 1970-01-02 18:17:36]
2026-03-18 11:53:50.161  INFO 1 --- [io-12031-exec-8] order.service.OrderServiceImpl           : [create][Create Order][Ready to Create Order]
2026-03-18 11:53:50.294  INFO 1 --- [io-12031-exec-8] order.service.OrderServiceImpl           : [create][Order Create Success][Order Price][OrderId:a5563752-0756-4042-845a-1e4cc7c003a2 , Price: 0.0]
2026-03-18 11:53:50.555  INFO 1 --- [o-12031-exec-10] order.controller.OrderController         : [createNewOrder][Create Order][from shanghai to taiyuan at 1970-01-02 18:17:36]
2026-03-18 11:53:50.555  INFO 1 --- [o-12031-exec-10] order.service.OrderServiceImpl           : [create][Create Order][Ready to Create Order]
2026-03-18 11:53:50.583  INFO 1 --- [o-12031-exec-10] order.service.OrderServiceImpl           : [create][Order Create Success][Order Price][OrderId:214772df-b712-4ffb-8cc8-978e8d3dc3d9 , Price: 0.0]
2026-03-18 11:53:50.853  INFO 1 --- [io-12031-exec-9] order.controller.OrderController         : [createNewOrder][Create Order][from shanghai to taiyuan at 1970-01-02 18:17:36]
2026-03-18 11:53:50.854  INFO 1 --- [io-12031-exec-9] order.service.OrderServiceImpl           : [create][Create Order][Ready to Create Order]
2026-03-18 11:53:50.988  INFO 1 --- [io-12031-exec-9] order.service.OrderServiceImpl           : [create][Order Create Success][Order Price][OrderId:9b25b8c6-2ed3-4bb8-b921-bfd785caeb27 , Price: 0.0]
2026-03-18 11:53:51.255  INFO 1 --- [io-12031-exec-3] order.controller.OrderController         : [createNewOrder][Create Order][from shanghai to taiyuan at 1970-01-02 18:17:36]
2026-03-18 11:53:51.255  INFO 1 --- [io-12031-exec-3] order.service.OrderServiceImpl           : [create][Create Order][Ready to Create Order]
2026-03-18 11:53:51.284  INFO 1 --- [io-12031-exec-3] order.service.OrderServiceImpl           : [create][Order Create Success][Order Price][OrderId:9a0bf44b-8dd6-4123-aad4-29fd3e45d536 , Price: 0.0]
2026-03-18 11:53:51.557  INFO 1 --- [io-12031-exec-2] order.controller.OrderController         : [createNewOrder][Create Order][from shanghai to taiyuan at 1970-01-02 18:17:36]
2026-03-18 11:53:51.557  INFO 1 --- [io-12031-exec-2] order.service.OrderServiceImpl           : [create][Create Order][Ready to Create Order]
2026-03-18 11:53:51.583  INFO 1 --- [io-12031-exec-2] order.service.OrderServiceImpl           : [create][Order Create Success][Order Price][OrderId:29b2b261-a260-49d7-8f52-f7ff826017e2 , Price: 0.0]
2026-03-18 11:53:51.956  INFO 1 --- [io-12031-exec-5] order.controller.OrderController         : [createNewOrder][Create Order][from shanghai to taiyuan at 1970-01-02 18:17:36]
2026-03-18 11:53:51.956  INFO 1 --- [io-12031-exec-5] order.service.OrderServiceImpl           : [create][Create Order][Ready to Create Order]
2026-03-18 11:53:52.166  INFO 1 --- [io-12031-exec-5] order.service.OrderServiceImpl           : [create][Order Create Success][Order Price][OrderId:ca3625f3-a67c-49f6-90b8-8f36eee03943 , Price: 0.0]
2026-03-18 11:53:52.441  INFO 1 --- [io-12031-exec-7] order.controller.OrderController         : [createNewOrder][Create Order][from shanghai to taiyuan at 1970-01-02 18:17:36]
2026-03-18 11:53:52.441  INFO 1 --- [io-12031-exec-7] order.service.OrderServiceImpl           : [create][Create Order][Ready to Create Order]
2026-03-18 11:53:52.468  INFO 1 --- [io-12031-exec-7] order.service.OrderServiceImpl           : [create][Order Create Success][Order Price][OrderId:e4bf356b-c560-4e86-919c-8175e4529cc1 , Price: 0.0]
2026-03-18 11:53:52.739  INFO 1 --- [io-12031-exec-4] order.controller.OrderController         : [createNewOrder][Create Order][from shanghai to taiyuan at 1970-01-02 18:17:36]
2026-03-18 11:53:52.739  INFO 1 --- [io-12031-exec-4] order.service.OrderServiceImpl           : [create][Create Order][Ready to Create Order]
2026-03-18 11:53:52.765  INFO 1 --- [io-12031-exec-4] order.service.OrderServiceImpl           : [create][Order Create Success][Order Price][OrderId:78157469-d974-49ba-a310-c5033c1da80e , Price: 0.0]
2026-03-18 11:53:53.041  INFO 1 --- [io-12031-exec-6] order.controller.OrderController         : [createNewOrder][Create Order][from shanghai to taiyuan at 1970-01-02 18:17:36]
2026-03-18 11:53:53.041  INFO 1 --- [io-12031-exec-6] order.service.OrderServiceImpl           : [create][Create Order][Ready to Create Order]
2026-03-18 11:53:53.172  INFO 1 --- [io-12031-exec-6] order.service.OrderServiceImpl           : [create][Order Create Success][Order Price][OrderId:f8517e32-3f7c-4690-869a-f3b6089ca24f , Price: 0.0]
2026-03-18 11:53:53.448  INFO 1 --- [io-12031-exec-8] order.controller.OrderController         : [createNewOrder][Create Order][from shanghai to taiyuan at 1970-01-02 18:17:36]
2026-03-18 11:53:53.448  INFO 1 --- [io-12031-exec-8] order.service.OrderServiceImpl           : [create][Create Order][Ready to Create Order]
2026-03-18 11:53:53.476  INFO 1 --- [io-12031-exec-8] order.service.OrderServiceImpl           : [create][Order Create Success][Order Price][OrderId:1e6941a6-3242-45db-b3a0-19e7a56524e3 , Price: 0.0]
2026-03-18 11:53:53.747  INFO 1 --- [o-12031-exec-10] order.controller.OrderController         : [createNewOrder][Create Order][from shanghai to taiyuan at 1970-01-02 18:17:36]
2026-03-18 11:53:53.747  INFO 1 --- [o-12031-exec-10] order.service.OrderServiceImpl           : [create][Create Order][Ready to Create Order]
2026-03-18 11:53:53.783  INFO 1 --- [o-12031-exec-10] order.service.OrderServiceImpl           : [create][Order Create Success][Order Price][OrderId:c81eef2c-b714-45f4-90e7-0cbebc79825f , Price: 0.0]
2026-03-18 11:53:54.049  INFO 1 --- [io-12031-exec-9] order.controller.OrderController         : [createNewOrder][Create Order][from shanghai to taiyuan at 1970-01-02 18:17:36]
2026-03-18 11:53:54.049  INFO 1 --- [io-12031-exec-9] order.service.OrderServiceImpl           : [create][Create Order][Ready to Create Order]
2026-03-18 11:53:54.076  INFO 1 --- [io-12031-exec-9] order.service.OrderServiceImpl           : [create][Order Create Success][Order Price][OrderId:8b1c422b-24e7-4c4d-9d4a-8faa7e4b36ce , Price: 0.0]
2026-03-18 11:53:54.346  INFO 1 --- [io-12031-exec-1] order.controller.OrderController         : [createNewOrder][Create Order][from shanghai to taiyuan at 1970-01-02 18:17:36]
2026-03-18 11:53:54.346  INFO 1 --- [io-12031-exec-1] order.service.OrderServiceImpl           : [create][Create Order][Ready to Create Order]
2026-03-18 11:53:54.378  INFO 1 --- [io-12031-exec-1] order.service.OrderServiceImpl           : [create][Order Create Success][Order Price][OrderId:063f016d-ac32-43cc-af2b-fe8818f7ae8a , Price: 0.0]
2026-03-18 11:53:54.658  INFO 1 --- [io-12031-exec-3] order.controller.OrderController         : [createNewOrder][Create Order][from shanghai to taiyuan at 1970-01-02 18:17:36]
2026-03-18 11:53:54.658  INFO 1 --- [io-12031-exec-3] order.service.OrderServiceImpl           : [create][Create Order][Ready to Create Order]
2026-03-18 11:53:54.881  INFO 1 --- [io-12031-exec-3] order.service.OrderServiceImpl           : [create][Order Create Success][Order Price][OrderId:7b6ee4e1-7fa3-44ef-a970-d6c21b02b82d , Price: 0.0]
2026-03-18 11:53:55.154  INFO 1 --- [io-12031-exec-2] order.controller.OrderController         : [createNewOrder][Create Order][from shanghai to taiyuan at 1970-01-02 18:17:36]
2026-03-18 11:53:55.154  INFO 1 --- [io-12031-exec-2] order.service.OrderServiceImpl           : [create][Create Order][Ready to Create Order]
2026-03-18 11:53:55.183  INFO 1 --- [io-12031-exec-2] order.service.OrderServiceImpl           : [create][Order Create Success][Order Price][OrderId:1dca1abc-1b15-4990-b655-c6887c2cc52d , Price: 0.0]
2026-03-18 11:53:55.446  INFO 1 --- [io-12031-exec-5] order.controller.OrderController         : [createNewOrder][Create Order][from shanghai to taiyuan at 1970-01-02 18:17:36]
2026-03-18 11:53:55.446  INFO 1 --- [io-12031-exec-5] order.service.OrderServiceImpl           : [create][Create Order][Ready to Create Order]
2026-03-18 11:53:55.475  INFO 1 --- [io-12031-exec-5] order.service.OrderServiceImpl           : [create][Order Create Success][Order Price][OrderId:6e22d85b-b85e-414a-8d0d-5b86730bd266 , Price: 0.0]
2026-03-18 11:53:55.746  INFO 1 --- [io-12031-exec-7] order.controller.OrderController         : [createNewOrder][Create Order][from shanghai to taiyuan at 1970-01-02 18:17:36]
2026-03-18 11:53:55.746  INFO 1 --- [io-12031-exec-7] order.service.OrderServiceImpl           : [create][Create Order][Ready to Create Order]
2026-03-18 11:53:55.880  INFO 1 --- [io-12031-exec-7] order.service.OrderServiceImpl           : [create][Order Create Success][Order Price][OrderId:ec00fd38-f57f-44cc-a548-bcc6335ae02a , Price: 0.0]
2026-03-18 11:53:56.151  INFO 1 --- [io-12031-exec-4] order.controller.OrderController         : [createNewOrder][Create Order][from shanghai to taiyuan at 1970-01-02 18:17:36]
2026-03-18 11:53:56.151  INFO 1 --- [io-12031-exec-4] order.service.OrderServiceImpl           : [create][Create Order][Ready to Create Order]
2026-03-18 11:53:56.179  INFO 1 --- [io-12031-exec-4] order.service.OrderServiceImpl           : [create][Order Create Success][Order Price][OrderId:e929f5d6-4c78-4d4f-a0f2-f53ce4481e17 , Price: 0.0]
2026-03-18 11:53:56.456  INFO 1 --- [io-12031-exec-6] order.controller.OrderController         : [createNewOrder][Create Order][from shanghai to taiyuan at 1970-01-02 18:17:36]
2026-03-18 11:53:56.456  INFO 1 --- [io-12031-exec-6] order.service.OrderServiceImpl           : [create][Create Order][Ready to Create Order]
2026-03-18 11:53:56.582  INFO 1 --- [io-12031-exec-6] order.service.OrderServiceImpl           : [create][Order Create Success][Order Price][OrderId:be9c5987-d04f-4906-b680-71d96e1a54cb , Price: 0.0]
2026-03-18 11:53:56.852  INFO 1 --- [io-12031-exec-8] order.controller.OrderController         : [createNewOrder][Create Order][from shanghai to taiyuan at 1970-01-02 18:17:36]
2026-03-18 11:53:56.852  INFO 1 --- [io-12031-exec-8] order.service.OrderServiceImpl           : [create][Create Order][Ready to Create Order]
2026-03-18 11:53:56.880  INFO 1 --- [io-12031-exec-8] order.service.OrderServiceImpl           : [create][Order Create Success][Order Price][OrderId:81cc43bb-a22c-4210-acf2-2a9fe42394f3 , Price: 0.0]
2026-03-18 11:53:57.154  INFO 1 --- [o-12031-exec-10] order.controller.OrderController         : [createNewOrder][Create Order][from shanghai to taiyuan at 1970-01-02 18:17:36]
2026-03-18 11:53:57.154  INFO 1 --- [o-12031-exec-10] order.service.OrderServiceImpl           : [create][Create Order][Ready to Create Order]
2026-03-18 11:53:57.179  INFO 1 --- [o-12031-exec-10] order.service.OrderServiceImpl           : [create][Order Create Success][Order Price][OrderId:069fa764-44a2-4311-b2cb-e1cd8755140f , Price: 0.0]
2026-03-18 11:53:57.448  INFO 1 --- [io-12031-exec-9] order.controller.OrderController         : [createNewOrder][Create Order][from shanghai to taiyuan at 1970-01-02 18:17:36]
2026-03-18 11:53:57.448  INFO 1 --- [io-12031-exec-9] order.service.OrderServiceImpl           : [create][Create Order][Ready to Create Order]
2026-03-18 11:53:57.587  INFO 1 --- [io-12031-exec-9] order.service.OrderServiceImpl           : [create][Order Create Success][Order Price][OrderId:d98ea7f2-8826-492d-a0fd-2400376cd7e6 , Price: 0.0]
2026-03-18 11:53:57.858  INFO 1 --- [io-12031-exec-1] order.controller.OrderController         : [createNewOrder][Create Order][from shanghai to taiyuan at 1970-01-02 18:17:36]
2026-03-18 11:53:57.858  INFO 1 --- [io-12031-exec-1] order.service.OrderServiceImpl           : [create][Create Order][Ready to Create Order]
2026-03-18 11:53:57.885  INFO 1 --- [io-12031-exec-1] order.service.OrderServiceImpl           : [create][Order Create Success][Order Price][OrderId:bbe3ab2e-cb38-4bdd-8dbb-494471468916 , Price: 0.0]
2026-03-18 11:53:58.155  INFO 1 --- [io-12031-exec-3] order.controller.OrderController         : [createNewOrder][Create Order][from shanghai to taiyuan at 1970-01-02 18:17:36]
2026-03-18 11:53:58.155  INFO 1 --- [io-12031-exec-3] order.service.OrderServiceImpl           : [create][Create Order][Ready to Create Order]
2026-03-18 11:53:58.182  INFO 1 --- [io-12031-exec-3] order.service.OrderServiceImpl           : [create][Order Create Success][Order Price][OrderId:b972c529-42ee-4d6c-a660-fc9b81caf159 , Price: 0.0]
2026-03-18 11:53:58.449  INFO 1 --- [io-12031-exec-2] order.controller.OrderController         : [createNewOrder][Create Order][from shanghai to taiyuan at 1970-01-02 18:17:36]
2026-03-18 11:53:58.449  INFO 1 --- [io-12031-exec-2] order.service.OrderServiceImpl           : [create][Create Order][Ready to Create Order]
2026-03-18 11:53:58.493  INFO 1 --- [io-12031-exec-2] order.service.OrderServiceImpl           : [create][Order Create Success][Order Price][OrderId:b6ed0bfb-e6b8-4810-aa66-87e05d7820e8 , Price: 0.0]
2026-03-18 11:53:58.753  INFO 1 --- [io-12031-exec-5] order.controller.OrderController         : [createNewOrder][Create Order][from shanghai to taiyuan at 1970-01-02 18:17:36]
2026-03-18 11:53:58.753  INFO 1 --- [io-12031-exec-5] order.service.OrderServiceImpl           : [create][Create Order][Ready to Create Order]
2026-03-18 11:53:58.783  INFO 1 --- [io-12031-exec-5] order.service.OrderServiceImpl           : [create][Order Create Success][Order Price][OrderId:cd277f6b-f97d-4a4b-a060-59247291a5e5 , Price: 0.0]
2026-03-18 11:53:59.051  INFO 1 --- [io-12031-exec-7] order.controller.OrderController         : [createNewOrder][Create Order][from shanghai to taiyuan at 1970-01-02 18:17:36]
2026-03-18 11:53:59.051  INFO 1 --- [io-12031-exec-7] order.service.OrderServiceImpl           : [create][Create Order][Ready to Create Order]
2026-03-18 11:53:59.182  INFO 1 --- [io-12031-exec-7] order.service.OrderServiceImpl           : [create][Order Create Success][Order Price][OrderId:018610aa-5609-420d-88c5-9ee8f42098f7 , Price: 0.0]
2026-03-18 11:53:59.456  INFO 1 --- [io-12031-exec-4] order.controller.OrderController         : [createNewOrder][Create Order][from shanghai to taiyuan at 1970-01-02 18:17:36]
2026-03-18 11:53:59.456  INFO 1 --- [io-12031-exec-4] order.service.OrderServiceImpl           : [create][Create Order][Ready to Create Order]
2026-03-18 11:53:59.486  INFO 1 --- [io-12031-exec-4] order.service.OrderServiceImpl           : [create][Order Create Success][Order Price][OrderId:e327ad37-49e1-4c45-9fca-2d0cd21ce3bd , Price: 0.0]
2026-03-18 11:53:59.760  INFO 1 --- [io-12031-exec-6] order.controller.OrderController         : [createNewOrder][Create Order][from shanghai to taiyuan at 1970-01-02 18:17:36]
2026-03-18 11:53:59.760  INFO 1 --- [io-12031-exec-6] order.service.OrderServiceImpl           : [create][Create Order][Ready to Create Order]
2026-03-18 11:53:59.794  INFO 1 --- [io-12031-exec-6] order.service.OrderServiceImpl           : [create][Order Create Success][Order Price][OrderId:f21c4f49-87f2-4c87-b474-0f9c04220613 , Price: 0.0]
2026-03-18 11:54:00.058  INFO 1 --- [io-12031-exec-8] order.controller.OrderController         : [createNewOrder][Create Order][from shanghai to taiyuan at 1970-01-02 18:17:36]
2026-03-18 11:54:00.058  INFO 1 --- [io-12031-exec-8] order.service.OrderServiceImpl           : [create][Create Order][Ready to Create Order]
2026-03-18 11:54:00.180  INFO 1 --- [io-12031-exec-8] order.service.OrderServiceImpl           : [create][Order Create Success][Order Price][OrderId:f7ce3d10-9bb6-4f66-906a-b44a38180847 , Price: 0.0]
2026-03-18 11:54:00.451  INFO 1 --- [o-12031-exec-10] order.controller.OrderController         : [createNewOrder][Create Order][from shanghai to taiyuan at 1970-01-02 18:17:36]
2026-03-18 11:54:00.451  INFO 1 --- [o-12031-exec-10] order.service.OrderServiceImpl           : [create][Create Order][Ready to Create Order]
2026-03-18 11:54:00.479  INFO 1 --- [o-12031-exec-10] order.service.OrderServiceImpl           : [create][Order Create Success][Order Price][OrderId:b6dcfa9e-ab37-471b-9f7d-c59c9cff4164 , Price: 0.0]
2026-03-18 11:54:00.761  INFO 1 --- [io-12031-exec-9] order.controller.OrderController         : [createNewOrder][Create Order][from shanghai to taiyuan at 1970-01-02 18:17:36]
2026-03-18 11:54:00.761  INFO 1 --- [io-12031-exec-9] order.service.OrderServiceImpl           : [create][Create Order][Ready to Create Order]
2026-03-18 11:54:00.789  INFO 1 --- [io-12031-exec-9] order.service.OrderServiceImpl           : [create][Order Create Success][Order Price][OrderId:47df6c44-82c0-4021-a58d-a3f8008d9ab9 , Price: 0.0]
2026-03-18 11:54:01.061  INFO 1 --- [io-12031-exec-1] order.controller.OrderController         : [createNewOrder][Create Order][from shanghai to taiyuan at 1970-01-02 18:17:36]
2026-03-18 11:54:01.061  INFO 1 --- [io-12031-exec-1] order.service.OrderServiceImpl           : [create][Create Order][Ready to Create Order]
2026-03-18 11:54:01.272  INFO 1 --- [io-12031-exec-1] order.service.OrderServiceImpl           : [create][Order Create Success][Order Price][OrderId:0c424aa7-d53a-4a9d-a90b-eb6b1705e6dc , Price: 0.0]
2026-03-18 11:54:01.549  INFO 1 --- [io-12031-exec-2] order.controller.OrderController         : [createNewOrder][Create Order][from shanghai to taiyuan at 1970-01-02 18:17:36]
2026-03-18 11:54:01.549  INFO 1 --- [io-12031-exec-2] order.service.OrderServiceImpl           : [create][Create Order][Ready to Create Order]
2026-03-18 11:54:01.576  INFO 1 --- [io-12031-exec-2] order.service.OrderServiceImpl           : [create][Order Create Success][Order Price][OrderId:8fbcb8c7-c102-4171-b868-5f6175506ad9 , Price: 0.0]
2026-03-18 11:54:01.838  INFO 1 --- [io-12031-exec-5] order.controller.OrderController         : [createNewOrder][Create Order][from shanghai to taiyuan at 1970-01-02 18:17:36]
2026-03-18 11:54:01.838  INFO 1 --- [io-12031-exec-5] order.service.OrderServiceImpl           : [create][Create Order][Ready to Create Order]
2026-03-18 11:54:01.883  INFO 1 --- [io-12031-exec-5] order.service.OrderServiceImpl           : [create][Order Create Success][Order Price][OrderId:35895a90-2dcc-4a08-9b7e-cc72bed1f564 , Price: 0.0]
2026-03-18 11:54:02.159  INFO 1 --- [io-12031-exec-7] order.controller.OrderController         : [createNewOrder][Create Order][from shanghai to taiyuan at 1970-01-02 18:17:36]
2026-03-18 11:54:02.159  INFO 1 --- [io-12031-exec-7] order.service.OrderServiceImpl           : [create][Create Order][Ready to Create Order]
2026-03-18 11:54:02.186  INFO 1 --- [io-12031-exec-7] order.service.OrderServiceImpl           : [create][Order Create Success][Order Price][OrderId:fc3119d3-084d-4f86-914a-c68165a8699e , Price: 0.0]
2026-03-18 11:54:02.456  INFO 1 --- [io-12031-exec-4] order.controller.OrderController         : [createNewOrder][Create Order][from shanghai to taiyuan at 1970-01-02 18:17:36]
2026-03-18 11:54:02.456  INFO 1 --- [io-12031-exec-4] order.service.OrderServiceImpl           : [create][Create Order][Ready to Create Order]
2026-03-18 11:54:02.483  INFO 1 --- [io-12031-exec-4] order.service.OrderServiceImpl           : [create][Order Create Success][Order Price][OrderId:1a58012a-759d-4528-bf26-87ff45508d7f , Price: 0.0]
2026-03-18 11:54:02.752  INFO 1 --- [io-12031-exec-6] order.controller.OrderController         : [createNewOrder][Create Order][from shanghai to taiyuan at 1970-01-02 18:17:36]
2026-03-18 11:54:02.753  INFO 1 --- [io-12031-exec-6] order.service.OrderServiceImpl           : [create][Create Order][Ready to Create Order]
2026-03-18 11:54:02.790  INFO 1 --- [io-12031-exec-6] order.service.OrderServiceImpl           : [create][Order Create Success][Order Price][OrderId:3c8ba9c6-3414-40fd-8724-391354f0af3e , Price: 0.0]
2026-03-18 11:54:03.051  INFO 1 --- [io-12031-exec-8] order.controller.OrderController         : [createNewOrder][Create Order][from shanghai to taiyuan at 1970-01-02 18:17:36]
2026-03-18 11:54:03.051  INFO 1 --- [io-12031-exec-8] order.service.OrderServiceImpl           : [create][Create Order][Ready to Create Order]
2026-03-18 11:54:03.078  INFO 1 --- [io-12031-exec-8] order.service.OrderServiceImpl           : [create][Order Create Success][Order Price][OrderId:f106a6ec-2fef-4283-b66a-9326963bdb0a , Price: 0.0]
2026-03-18 11:54:03.352  INFO 1 --- [o-12031-exec-10] order.controller.OrderController         : [createNewOrder][Create Order][from shanghai to taiyuan at 1970-01-02 18:17:36]
2026-03-18 11:54:03.352  INFO 1 --- [o-12031-exec-10] order.service.OrderServiceImpl           : [create][Create Order][Ready to Create Order]
2026-03-18 11:54:03.381  INFO 1 --- [o-12031-exec-10] order.service.OrderServiceImpl           : [create][Order Create Success][Order Price][OrderId:39a15e7a-72fb-4f9f-9311-347246e2aec4 , Price: 0.0]
2026-03-18 11:54:03.654  INFO 1 --- [io-12031-exec-9] order.controller.OrderController         : [createNewOrder][Create Order][from shanghai to taiyuan at 1970-01-02 18:17:36]
2026-03-18 11:54:03.654  INFO 1 --- [io-12031-exec-9] order.service.OrderServiceImpl           : [create][Create Order][Ready to Create Order]
2026-03-18 11:54:03.694  INFO 1 --- [io-12031-exec-9] order.service.OrderServiceImpl           : [create][Order Create Success][Order Price][OrderId:6bf4cdab-57b2-49a1-bb77-ecbb347dd6a1 , Price: 0.0]
2026-03-18 11:54:03.956  INFO 1 --- [io-12031-exec-3] order.controller.OrderController         : [createNewOrder][Create Order][from shanghai to taiyuan at 1970-01-02 18:17:36]
2026-03-18 11:54:03.956  INFO 1 --- [io-12031-exec-3] order.service.OrderServiceImpl           : [create][Create Order][Ready to Create Order]
2026-03-18 11:54:03.985  INFO 1 --- [io-12031-exec-3] order.service.OrderServiceImpl           : [create][Order Create Success][Order Price][OrderId:a5cfbb68-5705-45c1-b2ce-e94533bae72d , Price: 0.0]
2026-03-18 11:54:04.253  INFO 1 --- [io-12031-exec-1] order.controller.OrderController         : [createNewOrder][Create Order][from shanghai to taiyuan at 1970-01-02 18:17:36]
2026-03-18 11:54:04.253  INFO 1 --- [io-12031-exec-1] order.service.OrderServiceImpl           : [create][Create Order][Ready to Create Order]
2026-03-18 11:54:04.376  INFO 1 --- [io-12031-exec-1] order.service.OrderServiceImpl           : [create][Order Create Success][Order Price][OrderId:edd8bb88-63d5-4df2-a75a-ce8bbd381bc0 , Price: 0.0]
2026-03-18 11:54:04.645  INFO 1 --- [io-12031-exec-2] order.controller.OrderController         : [createNewOrder][Create Order][from shanghai to taiyuan at 1970-01-02 18:17:36]
2026-03-18 11:54:04.645  INFO 1 --- [io-12031-exec-2] order.service.OrderServiceImpl           : [create][Create Order][Ready to Create Order]
2026-03-18 11:54:04.674  INFO 1 --- [io-12031-exec-2] order.service.OrderServiceImpl           : [create][Order Create Success][Order Price][OrderId:c396be28-9050-4c71-8388-4f39d044fe7a , Price: 0.0]
2026-03-18 11:54:04.945  INFO 1 --- [io-12031-exec-5] order.controller.OrderController         : [createNewOrder][Create Order][from shanghai to taiyuan at 1970-01-02 18:17:36]
2026-03-18 11:54:04.945  INFO 1 --- [io-12031-exec-5] order.service.OrderServiceImpl           : [create][Create Order][Ready to Create Order]
2026-03-18 11:54:04.974  INFO 1 --- [io-12031-exec-5] order.service.OrderServiceImpl           : [create][Order Create Success][Order Price][OrderId:e120b777-ed81-45db-b573-2cf9394664c5 , Price: 0.0]
2026-03-18 11:54:05.246  INFO 1 --- [io-12031-exec-7] order.controller.OrderController         : [createNewOrder][Create Order][from shanghai to taiyuan at 1970-01-02 18:17:36]
2026-03-18 11:54:05.246  INFO 1 --- [io-12031-exec-7] order.service.OrderServiceImpl           : [create][Create Order][Ready to Create Order]
2026-03-18 11:54:05.294  INFO 1 --- [io-12031-exec-7] order.service.OrderServiceImpl           : [create][Order Create Success][Order Price][OrderId:572ff9ef-1f03-4e50-a5ca-94d71f8aa4a5 , Price: 0.0]
2026-03-18 11:54:05.551  INFO 1 --- [io-12031-exec-4] order.controller.OrderController         : [createNewOrder][Create Order][from shanghai to taiyuan at 1970-01-02 18:17:36]
2026-03-18 11:54:05.551  INFO 1 --- [io-12031-exec-4] order.service.OrderServiceImpl           : [create][Create Order][Ready to Create Order]
2026-03-18 11:54:05.579  INFO 1 --- [io-12031-exec-4] order.service.OrderServiceImpl           : [create][Order Create Success][Order Price][OrderId:ce8a2de7-0165-4241-9021-46ea77c57c72 , Price: 0.0]
2026-03-18 11:54:05.848  INFO 1 --- [io-12031-exec-6] order.controller.OrderController         : [createNewOrder][Create Order][from shanghai to taiyuan at 1970-01-02 18:17:36]
2026-03-18 11:54:05.848  INFO 1 --- [io-12031-exec-6] order.service.OrderServiceImpl           : [create][Create Order][Ready to Create Order]
2026-03-18 11:54:05.876  INFO 1 --- [io-12031-exec-6] order.service.OrderServiceImpl           : [create][Order Create Success][Order Price][OrderId:91e6763e-264b-4dff-a448-848c6696c871 , Price: 0.0]
2026-03-18 11:54:06.156  INFO 1 --- [io-12031-exec-8] order.controller.OrderController         : [createNewOrder][Create Order][from shanghai to taiyuan at 1970-01-02 18:17:36]
2026-03-18 11:54:06.156  INFO 1 --- [io-12031-exec-8] order.service.OrderServiceImpl           : [create][Create Order][Ready to Create Order]
2026-03-18 11:54:06.184  INFO 1 --- [io-12031-exec-8] order.service.OrderServiceImpl           : [create][Order Create Success][Order Price][OrderId:361cbb04-5405-4311-bb2d-84ae83fabcf1 , Price: 0.0]
2026-03-18 11:54:06.458  INFO 1 --- [o-12031-exec-10] order.controller.OrderController         : [createNewOrder][Create Order][from shanghai to taiyuan at 1970-01-02 18:17:36]
2026-03-18 11:54:06.459  INFO 1 --- [o-12031-exec-10] order.service.OrderServiceImpl           : [create][Create Order][Ready to Create Order]
2026-03-18 11:54:06.487  INFO 1 --- [o-12031-exec-10] order.service.OrderServiceImpl           : [create][Order Create Success][Order Price][OrderId:52c62c20-09f6-40c9-b22a-495de31a4ddd , Price: 0.0]
2026-03-18 11:54:06.751  INFO 1 --- [io-12031-exec-9] order.controller.OrderController         : [createNewOrder][Create Order][from shanghai to taiyuan at 1970-01-02 18:17:36]
2026-03-18 11:54:06.751  INFO 1 --- [io-12031-exec-9] order.service.OrderServiceImpl           : [create][Create Order][Ready to Create Order]
2026-03-18 11:54:06.787  INFO 1 --- [io-12031-exec-9] order.service.OrderServiceImpl           : [create][Order Create Success][Order Price][OrderId:a00f23b7-edbb-4071-906b-55fa1186a46f , Price: 0.0]
2026-03-18 11:54:07.054  INFO 1 --- [io-12031-exec-3] order.controller.OrderController         : [createNewOrder][Create Order][from shanghai to taiyuan at 1970-01-02 18:17:36]
2026-03-18 11:54:07.054  INFO 1 --- [io-12031-exec-3] order.service.OrderServiceImpl           : [create][Create Order][Ready to Create Order]
2026-03-18 11:54:07.082  INFO 1 --- [io-12031-exec-3] order.service.OrderServiceImpl           : [create][Order Create Success][Order Price][OrderId:92688fab-2469-4b56-bce3-576e9495d94e , Price: 0.0]
2026-03-18 11:54:07.355  INFO 1 --- [io-12031-exec-1] order.controller.OrderController         : [createNewOrder][Create Order][from shanghai to taiyuan at 1970-01-02 18:17:36]
2026-03-18 11:54:07.355  INFO 1 --- [io-12031-exec-1] order.service.OrderServiceImpl           : [create][Create Order][Ready to Create Order]
2026-03-18 11:54:07.384  INFO 1 --- [io-12031-exec-1] order.service.OrderServiceImpl           : [create][Order Create Success][Order Price][OrderId:fd58e053-6d56-4623-b364-377ce57e2b6b , Price: 0.0]
2026-03-18 11:54:07.653  INFO 1 --- [io-12031-exec-2] order.controller.OrderController         : [createNewOrder][Create Order][from shanghai to taiyuan at 1970-01-02 18:17:36]
2026-03-18 11:54:07.653  INFO 1 --- [io-12031-exec-2] order.service.OrderServiceImpl           : [create][Create Order][Ready to Create Order]
2026-03-18 11:54:07.696  INFO 1 --- [io-12031-exec-2] order.service.OrderServiceImpl           : [create][Order Create Success][Order Price][OrderId:d8a7268c-0a0d-47c6-997a-f72da3a82827 , Price: 0.0]
2026-03-18 11:54:07.953  INFO 1 --- [io-12031-exec-5] order.controller.OrderController         : [createNewOrder][Create Order][from shanghai to taiyuan at 1970-01-02 18:17:36]
2026-03-18 11:54:07.953  INFO 1 --- [io-12031-exec-5] order.service.OrderServiceImpl           : [create][Create Order][Ready to Create Order]
2026-03-18 11:54:07.981  INFO 1 --- [io-12031-exec-5] order.service.OrderServiceImpl           : [create][Order Create Success][Order Price][OrderId:c6ee4c4b-35b4-4b53-b757-d3842b08950e , Price: 0.0]
2026-03-18 11:54:08.255  INFO 1 --- [io-12031-exec-7] order.controller.OrderController         : [createNewOrder][Create Order][from shanghai to taiyuan at 1970-01-02 18:17:36]
2026-03-18 11:54:08.255  INFO 1 --- [io-12031-exec-7] order.service.OrderServiceImpl           : [create][Create Order][Ready to Create Order]
2026-03-18 11:54:08.390  INFO 1 --- [io-12031-exec-7] order.service.OrderServiceImpl           : [create][Order Create Success][Order Price][OrderId:3f6b2caa-a5ed-4993-aa27-9f8f7ce4533f , Price: 0.0]
2026-03-18 11:54:08.653  INFO 1 --- [io-12031-exec-4] order.controller.OrderController         : [createNewOrder][Create Order][from shanghai to taiyuan at 1970-01-02 18:17:36]
2026-03-18 11:54:08.653  INFO 1 --- [io-12031-exec-4] order.service.OrderServiceImpl           : [create][Create Order][Ready to Create Order]
2026-03-18 11:54:08.681  INFO 1 --- [io-12031-exec-4] order.service.OrderServiceImpl           : [create][Order Create Success][Order Price][OrderId:d278e18c-1f23-45c0-9f9c-779ae05223b6 , Price: 0.0]
2026-03-18 11:54:08.946  INFO 1 --- [io-12031-exec-6] order.controller.OrderController         : [createNewOrder][Create Order][from shanghai to taiyuan at 1970-01-02 18:17:36]
2026-03-18 11:54:08.946  INFO 1 --- [io-12031-exec-6] order.service.OrderServiceImpl           : [create][Create Order][Ready to Create Order]
2026-03-18 11:54:08.974  INFO 1 --- [io-12031-exec-6] order.service.OrderServiceImpl           : [create][Order Create Success][Order Price][OrderId:31892e4f-fc84-41d2-ac00-1b62bae79d62 , Price: 0.0]
2026-03-18 11:54:09.247  INFO 1 --- [io-12031-exec-8] order.controller.OrderController         : [createNewOrder][Create Order][from shanghai to taiyuan at 1970-01-02 18:17:36]
2026-03-18 11:54:09.247  INFO 1 --- [io-12031-exec-8] order.service.OrderServiceImpl           : [create][Create Order][Ready to Create Order]
2026-03-18 11:54:09.292  INFO 1 --- [io-12031-exec-8] order.service.OrderServiceImpl           : [create][Order Create Success][Order Price][OrderId:a871c196-1917-4305-8f32-2aa2af99a237 , Price: 0.0]
2026-03-18 11:54:09.555  INFO 1 --- [o-12031-exec-10] order.controller.OrderController         : [createNewOrder][Create Order][from shanghai to taiyuan at 1970-01-02 18:17:36]
2026-03-18 11:54:09.556  INFO 1 --- [o-12031-exec-10] order.service.OrderServiceImpl           : [create][Create Order][Ready to Create Order]
2026-03-18 11:54:09.583  INFO 1 --- [o-12031-exec-10] order.service.OrderServiceImpl           : [create][Order Create Success][Order Price][OrderId:63f9663c-3d77-470a-a1e9-1b8a38037a87 , Price: 0.0]
2026-03-18 11:54:09.858  INFO 1 --- [io-12031-exec-9] order.controller.OrderController         : [createNewOrder][Create Order][from shanghai to taiyuan at 1970-01-02 18:17:36]
2026-03-18 11:54:09.858  INFO 1 --- [io-12031-exec-9] order.service.OrderServiceImpl           : [create][Create Order][Ready to Create Order]
2026-03-18 11:54:09.887  INFO 1 --- [io-12031-exec-9] order.service.OrderServiceImpl           : [create][Order Create Success][Order Price][OrderId:a745871c-287e-4750-8914-7e135fa8466d , Price: 0.0]
2026-03-18 11:54:10.154  INFO 1 --- [io-12031-exec-3] order.controller.OrderController         : [createNewOrder][Create Order][from shanghai to taiyuan at 1970-01-02 18:17:36]
2026-03-18 11:54:10.154  INFO 1 --- [io-12031-exec-3] order.service.OrderServiceImpl           : [create][Create Order][Ready to Create Order]
2026-03-18 11:54:10.195  INFO 1 --- [io-12031-exec-3] order.service.OrderServiceImpl           : [create][Order Create Success][Order Price][OrderId:17c39ed3-73c6-4e67-836c-00013ac2b3a4 , Price: 0.0]
2026-03-18 11:54:10.455  INFO 1 --- [io-12031-exec-1] order.controller.OrderController         : [createNewOrder][Create Order][from shanghai to taiyuan at 1970-01-02 18:17:36]
2026-03-18 11:54:10.455  INFO 1 --- [io-12031-exec-1] order.service.OrderServiceImpl           : [create][Create Order][Ready to Create Order]
2026-03-18 11:54:10.483  INFO 1 --- [io-12031-exec-1] order.service.OrderServiceImpl           : [create][Order Create Success][Order Price][OrderId:81c0086b-4ad5-41b0-89e1-5b449dbdeb0d , Price: 0.0]
2026-03-18 11:54:10.768  INFO 1 --- [io-12031-exec-2] order.controller.OrderController         : [createNewOrder][Create Order][from shanghai to taiyuan at 1970-01-02 18:17:36]
2026-03-18 11:54:10.768  INFO 1 --- [io-12031-exec-2] order.service.OrderServiceImpl           : [create][Create Order][Ready to Create Order]
2026-03-18 11:54:10.976  INFO 1 --- [io-12031-exec-2] order.service.OrderServiceImpl           : [create][Order Create Success][Order Price][OrderId:d3d0fde6-c43d-4417-bcec-431b2e77767a , Price: 0.0]
2026-03-18 11:54:11.253  INFO 1 --- [io-12031-exec-7] order.controller.OrderController         : [createNewOrder][Create Order][from shanghai to taiyuan at 1970-01-02 18:17:36]
2026-03-18 11:54:11.253  INFO 1 --- [io-12031-exec-7] order.service.OrderServiceImpl           : [create][Create Order][Ready to Create Order]
2026-03-18 11:54:11.287  INFO 1 --- [io-12031-exec-7] order.service.OrderServiceImpl           : [create][Order Create Success][Order Price][OrderId:857478ca-2bb6-49cf-98a4-23eeb3a500be , Price: 0.0]
2026-03-18 11:54:11.556  INFO 1 --- [io-12031-exec-4] order.controller.OrderController         : [createNewOrder][Create Order][from shanghai to taiyuan at 1970-01-02 18:17:36]
2026-03-18 11:54:11.556  INFO 1 --- [io-12031-exec-4] order.service.OrderServiceImpl           : [create][Create Order][Ready to Create Order]
2026-03-18 11:54:11.585  INFO 1 --- [io-12031-exec-4] order.service.OrderServiceImpl           : [create][Order Create Success][Order Price][OrderId:3d456097-296f-4bd2-b3d5-b7a8c6b63fce , Price: 0.0]
2026-03-18 11:54:11.853  INFO 1 --- [io-12031-exec-6] order.controller.OrderController         : [createNewOrder][Create Order][from shanghai to taiyuan at 1970-01-02 18:17:36]
2026-03-18 11:54:11.853  INFO 1 --- [io-12031-exec-6] order.service.OrderServiceImpl           : [create][Create Order][Ready to Create Order]
2026-03-18 11:54:11.890  INFO 1 --- [io-12031-exec-6] order.service.OrderServiceImpl           : [create][Order Create Success][Order Price][OrderId:ab471e33-1192-440c-a689-2ae2aadd08e7 , Price: 0.0]
2026-03-18 11:54:12.154  INFO 1 --- [io-12031-exec-8] order.controller.OrderController         : [createNewOrder][Create Order][from shanghai to taiyuan at 1970-01-02 18:17:36]
2026-03-18 11:54:12.154  INFO 1 --- [io-12031-exec-8] order.service.OrderServiceImpl           : [create][Create Order][Ready to Create Order]
2026-03-18 11:54:12.182  INFO 1 --- [io-12031-exec-8] order.service.OrderServiceImpl           : [create][Order Create Success][Order Price][OrderId:819eaf16-c190-4a32-b695-acaea5bac332 , Price: 0.0]
2026-03-18 11:54:12.454  INFO 1 --- [o-12031-exec-10] order.controller.OrderController         : [createNewOrder][Create Order][from shanghai to taiyuan at 1970-01-02 18:17:36]
2026-03-18 11:54:12.454  INFO 1 --- [o-12031-exec-10] order.service.OrderServiceImpl           : [create][Create Order][Ready to Create Order]
2026-03-18 11:54:12.588  INFO 1 --- [o-12031-exec-10] order.service.OrderServiceImpl           : [create][Order Create Success][Order Price][OrderId:45b72e4c-c7ab-4f83-9e7d-b5311feece49 , Price: 0.0]
2026-03-18 11:54:12.855  INFO 1 --- [io-12031-exec-9] order.controller.OrderController         : [createNewOrder][Create Order][from shanghai to taiyuan at 1970-01-02 18:17:36]
2026-03-18 11:54:12.855  INFO 1 --- [io-12031-exec-9] order.service.OrderServiceImpl           : [create][Create Order][Ready to Create Order]
2026-03-18 11:54:12.882  INFO 1 --- [io-12031-exec-9] order.service.OrderServiceImpl           : [create][Order Create Success][Order Price][OrderId:1f0ef33c-b010-49df-a5da-19c7bd862b5c , Price: 0.0]
2026-03-18 11:54:13.154  INFO 1 --- [io-12031-exec-3] order.controller.OrderController         : [createNewOrder][Create Order][from shanghai to taiyuan at 1970-01-02 18:17:36]
2026-03-18 11:54:13.154  INFO 1 --- [io-12031-exec-3] order.service.OrderServiceImpl           : [create][Create Order][Ready to Create Order]
2026-03-18 11:54:13.183  INFO 1 --- [io-12031-exec-3] order.service.OrderServiceImpl           : [create][Order Create Success][Order Price][OrderId:fde21283-48d5-4348-9c3f-50f624b8c67f , Price: 0.0]
2026-03-18 11:54:13.450  INFO 1 --- [io-12031-exec-1] order.controller.OrderController         : [createNewOrder][Create Order][from shanghai to taiyuan at 1970-01-02 18:17:36]
2026-03-18 11:54:13.450  INFO 1 --- [io-12031-exec-1] order.service.OrderServiceImpl           : [create][Create Order][Ready to Create Order]
2026-03-18 11:54:13.579  INFO 1 --- [io-12031-exec-1] order.service.OrderServiceImpl           : [create][Order Create Success][Order Price][OrderId:8dee2562-335a-41d2-aba8-4bb67a7de4bb , Price: 0.0]
2026-03-18 11:54:13.847  INFO 1 --- [io-12031-exec-2] order.controller.OrderController         : [createNewOrder][Create Order][from shanghai to taiyuan at 1970-01-02 18:17:36]
2026-03-18 11:54:13.847  INFO 1 --- [io-12031-exec-2] order.service.OrderServiceImpl           : [create][Create Order][Ready to Create Order]
2026-03-18 11:54:13.875  INFO 1 --- [io-12031-exec-2] order.service.OrderServiceImpl           : [create][Order Create Success][Order Price][OrderId:db175ea8-a582-44c1-a2cf-b50691ce936b , Price: 0.0]
2026-03-18 11:54:14.145  INFO 1 --- [io-12031-exec-5] order.controller.OrderController         : [createNewOrder][Create Order][from shanghai to taiyuan at 1970-01-02 18:17:36]
2026-03-18 11:54:14.145  INFO 1 --- [io-12031-exec-5] order.service.OrderServiceImpl           : [create][Create Order][Ready to Create Order]
2026-03-18 11:54:14.172  INFO 1 --- [io-12031-exec-5] order.service.OrderServiceImpl           : [create][Order Create Success][Order Price][OrderId:5beeb28a-1602-4f9e-8748-359930b3287a , Price: 0.0]
2026-03-18 11:54:14.447  INFO 1 --- [io-12031-exec-7] order.controller.OrderController         : [createNewOrder][Create Order][from shanghai to taiyuan at 1970-01-02 18:17:36]
2026-03-18 11:54:14.447  INFO 1 --- [io-12031-exec-7] order.service.OrderServiceImpl           : [create][Create Order][Ready to Create Order]
2026-03-18 11:54:14.684  INFO 1 --- [io-12031-exec-7] order.service.OrderServiceImpl           : [create][Order Create Success][Order Price][OrderId:52f263f3-d721-4e70-b051-32fcb4736a60 , Price: 0.0]
2026-03-18 11:54:14.955  INFO 1 --- [io-12031-exec-4] order.controller.OrderController         : [createNewOrder][Create Order][from shanghai to taiyuan at 1970-01-02 18:17:36]
2026-03-18 11:54:14.955  INFO 1 --- [io-12031-exec-4] order.service.OrderServiceImpl           : [create][Create Order][Ready to Create Order]
2026-03-18 11:54:14.983  INFO 1 --- [io-12031-exec-4] order.service.OrderServiceImpl           : [create][Order Create Success][Order Price][OrderId:5be258d7-72e0-42f0-986d-9fee5f94cff1 , Price: 0.0]
